# File generated by ImageToStl.com - Free Image and 3D model conversion tools

mtllib teach_link8.mtl

o obj1
v -0.00865 -0.0135 0.02525
v -0.00865 -0.0135 0.00275
v -0.0035 -0.0135 0.02525
v -0.0035 -0.0135 0.00275
v -0.02581744 -0.00616548 0.02644763
v -0.02625661 -0.0068326 0.02663905
v -0.026096 -0.00694083 0.02643801
v -0.02478784 -0.00575232 0.02629318
v -0.02521736 -0.00561087 0.02653043
v -0.02518387 -0.00595954 0.02622449
v -0.02552838 -0.0058646 0.02645498
v -0.02555304 -0.00624131 0.0262258
v -0.0258644 -0.00657783 0.02629983
v -0.02521736 -0.00561087 0.00146957
v -0.02478784 -0.00575232 0.00170682
v -0.02552838 -0.0058646 0.00154502
v -0.02518387 -0.00595954 0.00177551
v -0.02581744 -0.00616548 0.00155237
v -0.026096 -0.00694083 0.001562
v -0.02625661 -0.0068326 0.00136095
v -0.0258644 -0.00657783 0.00170017
v -0.02555304 -0.00624131 0.0017742
v -0.02590917 -0.00707246 0.02589924
v -0.02588046 -0.00705728 0.02569024
v -0.02557892 -0.00663274 0.02564674
v -0.0243638 -0.00591447 0.0259328
v -0.02484759 -0.00604734 0.02589599
v -0.02530328 -0.00629741 0.02591286
v -0.02568321 -0.00664525 0.02598441
v -0.02595439 -0.00705257 0.02610111
v -0.02414904 -0.00599616 0.02555913
v -0.02466557 -0.00607299 0.02557757
v -0.02516076 -0.00629058 0.02560767
v -0.02590917 -0.00707246 0.00210075
v -0.02595431 -0.00705262 0.00189916
v -0.02568312 -0.00664528 0.00201582
v -0.02530314 -0.00629743 0.00208736
v -0.02484741 -0.00604739 0.00210425
v -0.02436357 -0.00591456 0.00206747
v -0.02588046 -0.00705728 0.00230976
v -0.02557892 -0.00663274 0.00235326
v -0.02516076 -0.00629058 0.00239233
v -0.02466557 -0.00607299 0.00242243
v -0.02414904 -0.00599616 0.00244087
v -0.02632334 -0.00713558 0.00134493
v -0.02629185 -0.00736404 0.00152417
v -0.02632334 -0.00755267 0.00174494
v -0.02641024 -0.00768118 0.00197819
v -0.0267318 -0.00699662 0.00101891
v -0.02672248 -0.00731507 0.00108045
v -0.02668978 -0.0075976 0.00128091
v -0.02672248 -0.00780957 0.0015549
v -0.02680967 -0.00792158 0.00185068
v -0.02728735 -0.00708782 0.00082882
v -0.0272395 -0.00743573 0.00090316
v -0.02722108 -0.00775869 0.00111322
v -0.0272395 -0.00798184 0.00142727
v -0.02728735 -0.00807041 0.00177183
v -0.02632334 -0.00713558 0.02665508
v -0.02629185 -0.00736404 0.02647584
v -0.02632334 -0.00755267 0.02625507
v -0.02641024 -0.00768118 0.02602181
v -0.02680967 -0.00792158 0.02614932
v -0.02672248 -0.00780957 0.0264451
v -0.02668978 -0.0075976 0.02671909
v -0.02672248 -0.00731507 0.02691955
v -0.02676736 -0.00700523 0.02699902
v -0.02728735 -0.00807041 0.02622817
v -0.0272395 -0.00798184 0.02657273
v -0.02722108 -0.00775869 0.02688678
v -0.0272395 -0.00743573 0.02709684
v -0.02728735 -0.00708782 0.02717118
v -0.02411088 -0.006 0.02546095
v -0.02463751 -0.00607062 0.02544896
v -0.02514447 -0.00628794 0.0254374
v -0.02557278 -0.00663554 0.02542765
v -0.02588045 -0.00706885 0.02542064
v -0.02727536 -0.00831862 0.018
v -0.02727536 -0.00831862 0.01
v -0.02684093 -0.00818306 0.018
v -0.02684093 -0.00818306 0.01
v -0.02641185 -0.00792468 0.018
v -0.02641185 -0.00792468 0.01
v -0.02607719 -0.00758944 0.018
v -0.02607719 -0.00758944 0.01
v -0.02582718 -0.00717701 0.018
v -0.02582718 -0.00717701 0.01
v -0.02411088 -0.006 0.00253905
v -0.02463751 -0.00607062 0.00255105
v -0.02514447 -0.00628794 0.0025626
v -0.02557278 -0.00663554 0.00257235
v -0.02588045 -0.00706885 0.00257936
v -0.02645632 -0.00787798 0.00583666
v -0.02728329 -0.00830719 0.00840292
v -0.02732698 -0.00824766 0.0058482
v -0.02688239 -0.00811994 0.00582798
v -0.02746279 -0.00809413 0.0017553
v -0.0358095 -0.0125 0.01
v -0.0358095 -0.0125 0.01214955
v -0.03642527 -0.01287083 0.01214955
v -0.03642527 -0.01287083 0.01
v -0.03713237 -0.013 0.01214955
v -0.03713237 -0.013 0.01
v -0.0358095 -0.0125 0.01585046
v -0.0358095 -0.0125 0.018
v -0.03642527 -0.01287083 0.018
v -0.03642527 -0.01287083 0.01585046
v -0.03713237 -0.013 0.018
v -0.03713237 -0.013 0.01585046
v -0.03431281 -0.01131502 0.018
v -0.03580166 -0.01249309 0.01400002
v -0.03336623 -0.01068795 0.018
v -0.03431281 -0.01131502 0.01
v -0.02756242 -0.00837578 0.01
v -0.02756242 -0.00837578 0.018
v -0.0299404 -0.00904249 0.01
v -0.0299404 -0.00904249 0.018
v -0.03020458 -0.00913886 0.01
v -0.03020458 -0.00913886 0.018
v -0.03220474 -0.01002842 0.01
v -0.03220474 -0.01002842 0.018
v -0.03336623 -0.01068795 0.01
v -0.02688239 -0.00811994 0.02217202
v -0.02645632 -0.00787798 0.02216334
v -0.02728329 -0.00830719 0.01959708
v -0.02732698 -0.00824766 0.0221518
v -0.02746279 -0.00809413 0.0262447
v -0.02400435 -0.006 0.018
v -0.02475034 -0.00614433 0.018
v -0.02508925 -0.00631982 0.018
v -0.02538866 -0.0065565 0.018
v -0.02400435 -0.006 0.01
v -0.02475034 -0.00614433 0.01
v -0.02508925 -0.00631982 0.01
v -0.02538866 -0.0065565 0.01
v 0.00883078 -0.00798079 0.02444509
v 0.00877388 -0.00792388 0.02463268
v 0.00865 -0.0078 0.02485
v 0.00877388 -0.00792388 0.00336732
v 0.00883078 -0.00798079 0.00355491
v 0.00865 -0.0078 0.00315
v 0.00885 -0.008 0.00375
v 0.00885 -0.008 0.02425
v -0.00871352 -0.00786352 0.02475432
v -0.00881593 -0.00796593 0.02450882
v -0.00885 -0.008 0.02425
v -0.00881593 -0.00796593 0.00349118
v -0.00871603 -0.00786602 0.00325
v -0.00885 -0.008 0.00375
v -0.00865 -0.0078 0.00315
v -0.00865 -0.0078 0.02485
v -0.0264947 -0.00562415 0.00109163
v -0.02674202 -0.00594658 0.00101365
v -0.02728735 -0.005 0.00082882
v -0.02621911 -0.00531553 0.00109
v -0.02737686 -0.00709936 0.0008124
v -0.02735889 -0.00745445 0.00088243
v -0.02736854 -0.00778354 0.00109145
v -0.02740675 -0.00800857 0.00140765
v -0.03225367 -0.01002842 0.00882435
v -0.03435445 -0.01131502 0.00899952
v -0.02962494 -0.00836689 0.00134742
v -0.0287986 -0.00837578 0.00329699
v -0.02803174 -0.00837578 0.00582652
v -0.0276274 -0.00837578 0.00843862
v -0.04199796 -0.0125 0.00039763
v -0.0410423 -0.01216513 0.00044072
v -0.04127852 -0.0125 0.00075767
v -0.03894889 -0.01133635 0.00054337
v -0.04003189 -0.0125 0.0015612
v -0.03584597 -0.0125 0.00912388
v -0.03461354 -0.01131502 0.00732577
v -0.03607284 -0.0125 0.00765818
v -0.03510492 -0.01131502 0.00570494
v -0.03650314 -0.0125 0.00623882
v -0.03581886 -0.01131502 0.00416909
v -0.03712834 -0.0125 0.00489388
v -0.03674124 -0.01131502 0.00274861
v -0.03793607 -0.0125 0.00364997
v -0.03785381 -0.01131502 0.0014716
v -0.03891034 -0.0125 0.0025317
v -0.02999716 -0.00904249 0.00863621
v -0.03035033 -0.00904249 0.00635466
v -0.03102015 -0.00904249 0.00414525
v -0.03199335 -0.00904249 0.00205167
v -0.03176496 -0.00880665 0.0010373
v -0.03388795 -0.00940351 0.0008177
v -0.03255812 -0.01002842 0.00685757
v -0.03313553 -0.01002842 0.00495296
v -0.03397446 -0.01002842 0.00314822
v -0.03505833 -0.01002842 0.00147904
v -0.03600158 -0.0101456 0.00068325
v -0.03649543 -0.01287083 0.00882179
v -0.03688611 -0.01287083 0.0070103
v -0.03760663 -0.01287083 0.00530297
v -0.03863189 -0.01287083 0.00375928
v -0.04144436 -0.01287083 0.00137038
v -0.04313916 -0.01290613 0.00071387
v -0.04261712 -0.01277592 0.00057243
v -0.03992616 -0.01287083 0.00243302
v -0.041794 -0.013 0.001985
v -0.04336292 -0.013 0.00127728
v -0.04434616 -0.013 0.001
v -0.04427585 -0.0129998 0.00098556
v -0.04379056 -0.01298407 0.00087744
v -0.04038393 -0.013 0.00297195
v -0.03918183 -0.013 0.00420376
v -0.0382296 -0.013 0.0056375
v -0.03756039 -0.013 0.00722323
v -0.03719753 -0.013 0.00890571
v -0.04101618 -0.013 0.00460367
v -0.04283834 -0.013 0.00315055
v -0.04489068 -0.013 0.00204614
v -0.04710723 -0.013 0.00132594
v -0.04941676 -0.013 0.00101309
v -0.05 -0.013 0.001
v -0.0382874 -0.013 0.00835951
v -0.03746849 -0.013 0.01054152
v -0.03948278 -0.013 0.00635879
v -0.03650925 -0.01289764 0.01308213
v -0.03653438 -0.01290354 0.01400002
v -0.03650925 -0.01289764 0.01491789
v -0.03731512 -0.01298668 0.01308827
v -0.03737099 -0.01297697 0.01400002
v -0.03731512 -0.01298668 0.01491174
v -0.03727928 -0.01299158 0.01516452
v -0.05 -0.012 -0
v -0.05 -0.0125 0.00013397
v -0.05167137 -0.0125 0.00023507
v -0.05 -0.01286603 0.0005
v -0.05162724 -0.01286603 0.00059843
v -0.05156698 -0.013 0.00109478
v -0.05311111 -0.013 0.00137776
v -0.05323077 -0.01286603 0.00089229
v -0.05460986 -0.013 0.00184479
v -0.05478717 -0.01286603 0.00137728
v -0.0560414 -0.013 0.00248907
v -0.05627377 -0.01286603 0.00204634
v -0.05738484 -0.013 0.00330121
v -0.05766888 -0.01286603 0.00288972
v -0.0586206 -0.013 0.00426936
v -0.05895216 -0.01286603 0.00389511
v -0.05973064 -0.013 0.00537941
v -0.0601049 -0.01286603 0.00504784
v -0.06069879 -0.013 0.00661516
v -0.06111028 -0.01286603 0.00633113
v -0.06151093 -0.013 0.0079586
v -0.06195366 -0.01286603 0.00772624
v -0.06215521 -0.013 0.00939014
v -0.06262272 -0.01286603 0.00921283
v -0.06262224 -0.013 0.0108889
v -0.06310772 -0.01286603 0.01076924
v -0.06290522 -0.013 0.01243302
v -0.06340158 -0.01286603 0.01237275
v -0.063 -0.013 0.014
v -0.06350001 -0.01286603 0.014
v -0.06290522 -0.013 0.01556698
v -0.06340158 -0.01286603 0.01562725
v -0.06262224 -0.013 0.0171111
v -0.06310772 -0.01286603 0.01723076
v -0.06215521 -0.013 0.01860986
v -0.06262272 -0.01286603 0.01878717
v -0.06151093 -0.013 0.0200414
v -0.06195366 -0.01286603 0.02027377
v -0.06069879 -0.013 0.02138484
v -0.06111028 -0.01286603 0.02166887
v -0.05973064 -0.013 0.0226206
v -0.0601049 -0.01286603 0.02295216
v -0.0586206 -0.013 0.02373064
v -0.05895216 -0.01286603 0.0241049
v -0.05738484 -0.013 0.02469879
v -0.05766888 -0.01286603 0.02511028
v -0.0560414 -0.013 0.02551093
v -0.05627377 -0.01286603 0.02595366
v -0.05460986 -0.013 0.02615521
v -0.05478717 -0.01286603 0.02662272
v -0.05311111 -0.013 0.02662225
v -0.05323077 -0.01286603 0.02710772
v -0.05156698 -0.013 0.02690522
v -0.05162724 -0.01286603 0.02740157
v -0.05 -0.013 0.027
v -0.05 -0.01286603 0.0275
v -0.05331836 -0.0125 0.0005369
v -0.05491696 -0.0125 0.00103504
v -0.05644387 -0.0125 0.00172224
v -0.0578768 -0.0125 0.00258849
v -0.05919488 -0.0125 0.00362113
v -0.06037887 -0.0125 0.00480512
v -0.06141152 -0.0125 0.0061232
v -0.06227776 -0.0125 0.00755614
v -0.06296497 -0.0125 0.00908304
v -0.06346311 -0.0125 0.01068164
v -0.06376494 -0.0125 0.01232864
v -0.06386603 -0.0125 0.014
v -0.06376494 -0.0125 0.01567136
v -0.06346311 -0.0125 0.01731836
v -0.06296497 -0.0125 0.01891696
v -0.06227776 -0.0125 0.02044387
v -0.06141152 -0.0125 0.0218768
v -0.06037887 -0.0125 0.02319488
v -0.05919488 -0.0125 0.02437887
v -0.0578768 -0.0125 0.02541151
v -0.05644387 -0.0125 0.02627776
v -0.05491696 -0.0125 0.02696496
v -0.05331836 -0.0125 0.02746311
v -0.05167137 -0.0125 0.02776493
v -0.05 -0.0125 0.02786602
v -0.05168751 -0.012 0.00010208
v -0.05335042 -0.012 0.00040681
v -0.05496447 -0.012 0.00090977
v -0.05650613 -0.012 0.00160362
v -0.05795291 -0.012 0.00247823
v -0.05928372 -0.012 0.00352085
v -0.06047915 -0.012 0.00471628
v -0.06152177 -0.012 0.00604709
v -0.06239639 -0.012 0.00749388
v -0.06309023 -0.012 0.00903553
v -0.06359319 -0.012 0.01064958
v -0.06389792 -0.012 0.01231249
v -0.064 -0.012 0.014
v -0.06389792 -0.012 0.01568752
v -0.06359319 -0.012 0.01735042
v -0.06309023 -0.012 0.01896447
v -0.06239639 -0.012 0.02050612
v -0.06152177 -0.012 0.02195291
v -0.06047915 -0.012 0.02328372
v -0.05928372 -0.012 0.02447915
v -0.05795291 -0.012 0.02552178
v -0.05650613 -0.012 0.02639639
v -0.05496447 -0.012 0.02709023
v -0.05335042 -0.012 0.02759319
v -0.05168751 -0.012 0.02789793
v -0.05 -0.012 0.028
v -0.03746849 -0.013 0.01745848
v -0.0382874 -0.013 0.01964049
v -0.04434616 -0.013 0.027
v -0.04941676 -0.013 0.02698691
v -0.03948278 -0.013 0.02164121
v -0.03918183 -0.013 0.02379624
v -0.04101618 -0.013 0.02339634
v -0.04038393 -0.013 0.02502805
v -0.04283834 -0.013 0.02484945
v -0.03719753 -0.013 0.01909429
v -0.03756039 -0.013 0.02077677
v -0.0382296 -0.013 0.0223625
v -0.04710723 -0.013 0.02667406
v -0.04489068 -0.013 0.02595386
v -0.04336292 -0.013 0.02672272
v -0.041794 -0.013 0.026015
v -0.04127852 -0.0125 0.02724233
v -0.04144436 -0.01287083 0.02662962
v -0.03992616 -0.01287083 0.02556698
v -0.04199796 -0.0125 0.02760237
v -0.04261095 -0.01277391 0.02742928
v -0.04320813 -0.01291821 0.02726803
v -0.03793607 -0.0125 0.02435003
v -0.03891034 -0.0125 0.0254683
v -0.04003189 -0.0125 0.0264388
v -0.03863189 -0.01287083 0.02424072
v -0.03760663 -0.01287083 0.02269703
v -0.03712834 -0.0125 0.02310612
v -0.03688611 -0.01287083 0.0209897
v -0.03650314 -0.0125 0.02176118
v -0.03649543 -0.01287083 0.01917821
v -0.03584597 -0.0125 0.01887612
v -0.03607284 -0.0125 0.02034182
v -0.04378649 -0.01298378 0.02712353
v -0.03045547 -0.00851786 0.02678376
v -0.03199335 -0.00904249 0.02594833
v -0.03102015 -0.00904249 0.02385476
v -0.03388191 -0.00940196 0.02718159
v -0.03505833 -0.01002842 0.02652096
v -0.03397446 -0.01002842 0.02485178
v -0.03894889 -0.01133635 0.02745663
v -0.03785381 -0.01131502 0.0265284
v -0.03600158 -0.0101456 0.02731675
v -0.02999716 -0.00904249 0.01936379
v -0.0287986 -0.00837578 0.02470301
v -0.02803174 -0.00837578 0.02217349
v -0.0276274 -0.00837578 0.01956139
v -0.03225367 -0.01002842 0.01917565
v -0.03435445 -0.01131502 0.01900049
v -0.03461354 -0.01131502 0.02067423
v -0.03510492 -0.01131502 0.02229506
v -0.03581886 -0.01131502 0.02383091
v -0.03674124 -0.01131502 0.0252514
v -0.0410423 -0.01216513 0.02755929
v -0.03174494 -0.00880177 0.02696021
v -0.02960604 -0.00836378 0.02664942
v -0.03035033 -0.00904249 0.02164534
v -0.03313553 -0.01002842 0.02304704
v -0.03255812 -0.01002842 0.02114243
v -0.02740675 -0.00800857 0.02659235
v -0.02736854 -0.00778354 0.02690855
v -0.02735889 -0.00745445 0.02711757
v -0.02737686 -0.00709936 0.0271876
v -0.02728735 -0.005 0.02717118
v -0.02674366 -0.00594367 0.02698718
v -0.02649705 -0.00562228 0.02690953
v -0.02622238 -0.00531456 0.02691101
v 0.019 -0.008 0.01275
v 0.019 -0.008 0.01284783
v 0.01854711 -0.008 0.01175
v 0.0155856 -0.008 0.00959834
v 0.01748323 -0.008 0.00774987
v 0.01729503 -0.008 0.01035942
v 0.01831492 -0.008 0.00930585
v 0.01882707 -0.008 0.01099419
v 0.01175581 -0.008 0.00392293
v 0.01344415 -0.008 0.00443508
v 0.0137144 -0.008 0.00959834
v 0.01500013 -0.008 0.00526677
v 0.01636396 -0.008 0.00638604
v 0.01281969 -0.008 0.01811096
v 0.01 -0.008 0.02425
v 0.01130585 -0.008 0.01701109
v 0.01465 -0.008 0.0185
v 0.01344415 -0.008 0.02356492
v 0.01175581 -0.008 0.02407707
v 0.01648032 -0.008 0.01811096
v 0.01636396 -0.008 0.02161396
v 0.01500013 -0.008 0.02273323
v 0.01017465 -0.008 0.01352962
v 0.01037025 -0.008 0.01539058
v 0.01 -0.008 0.00375
v 0.01200497 -0.008 0.01035942
v 0.01075289 -0.008 0.01175
v 0.019 -0.008 0.01515217
v 0.019 -0.008 0.01525
v 0.01892976 -0.008 0.01539058
v 0.01882707 -0.008 0.01700581
v 0.01799415 -0.008 0.01701109
v 0.01831492 -0.008 0.01869415
v 0.01748323 -0.008 0.02025013
v -0.01065 -0.008 0.02425
v -0.01065 -0.008 0.00375
v -0.01065 -0.006 0.00375
v -0.01065 -0.006 0.02425
v -0.01306323 -0.006 0.00375
v -0.01306323 -0.006 0.02425
v -0.01685597 -0.006 0.00360878
v -0.01685597 -0.006 0.02439122
v -0.02121994 -0.006 0.0030935
v -0.02121994 -0.006 0.0249065
v -0.02470838 -0.005 0.001375
v -0.02472942 -0.00541536 0.00146286
v -0.02959656 -0.00826789 0.00101338
v -0.02959427 -0.00804316 0.00071439
v -0.0296213 -0.00772668 0.00051687
v -0.03192867 -0.00785146 0.00019618
v -0.03049457 -0.00753618 0.00034442
v -0.02966971 -0.00738727 0.00044869
v -0.0317644 -0.00869604 0.00072023
v -0.03391426 -0.00928298 0.00052179
v -0.03179507 -0.00847412 0.00044194
v -0.03397397 -0.00906619 0.00026807
v -0.0318541 -0.00817273 0.00025941
v -0.03405967 -0.00878221 0.00010392
v -0.03624233 -0.00954306 4.595E-05
v -0.03613665 -0.00980756 0.0001886
v -0.03605296 -0.01001698 0.00041358
v -0.03415569 -0.00848146 4.828E-05
v -0.03635352 -0.0092648 -0
v -0.04205162 -0.01235269 0.00023283
v -0.04227119 -0.01175 -0
v -0.03930643 -0.0105217 -0
v -0.04219383 -0.01196234 2.587E-05
v -0.03919966 -0.01076497 3.594E-05
v -0.04211856 -0.01216895 0.00010491
v -0.03909695 -0.01099899 0.00014659
v -0.03901049 -0.01119599 0.00032342
v -0.04268629 -0.01241347 0.00015514
v -0.04379401 -0.01288208 0.0005448
v -0.04434616 -0.01286603 0.0005
v -0.04434616 -0.01292979 0.00063191
v -0.04330491 -0.01195966 -0
v -0.04327578 -0.01226951 4.966E-05
v -0.04264544 -0.01262753 0.00034188
v -0.04324823 -0.01256268 0.00020429
v -0.04322694 -0.01278914 0.00044694
v -0.04434616 -0.012 -0
v -0.04434616 -0.0125 0.00013397
v -0.04434616 -0.01270711 0.00029289
v -0.05919379 -0.01289367 0.02203237
v -0.0576118 -0.01289367 0.0235449
v -0.04443245 -0.01079162 0.02243447
v -0.04449103 -0.01 0.02234573
v -0.04308937 -0.01 0.02122795
v -0.05761079 -0.01079162 0.02064934
v -0.05753072 -0.01 0.02057939
v -0.0562349 -0.01 0.02181832
v -0.05 -0.01 0.024
v -0.04954658 -0.01079162 0.02409615
v -0.05134233 -0.01 0.0239095
v -0.05135661 -0.01079162 0.02401486
v -0.05281733 -0.01 0.02359493
v -0.05312303 -0.01079162 0.02361169
v -0.05309017 -0.01 0.02351057
v -0.05478908 -0.01079162 0.02289959
v -0.05473869 -0.01 0.02280596
v -0.05540641 -0.01 0.02241254
v -0.0563012 -0.01079162 0.02190145
v -0.05989822 -0.01 0.01542315
v -0.0598393 -0.01 0.01578557
v -0.05994392 -0.01079162 0.01580456
v -0.05936235 -0.01 0.01751375
v -0.0594619 -0.01079162 0.01755111
v -0.05909633 -0.01 0.01815415
v -0.05867577 -0.01079162 0.01918353
v -0.05858449 -0.01 0.019129
v -0.0575575 -0.01 0.02054861
v -0.06 -0.01 0.014
v -0.06010633 -0.01079162 0.014
v -0.05989822 -0.01 0.01257685
v -0.05994392 -0.01079162 0.01219545
v -0.0598393 -0.01 0.01221443
v -0.0594619 -0.01079162 0.01044889
v -0.05936235 -0.01 0.01048625
v -0.0563012 -0.01079162 0.00609856
v -0.05753072 -0.01 0.00742061
v -0.05761079 -0.01079162 0.00735066
v -0.0575575 -0.01 0.00745139
v -0.05867577 -0.01079162 0.00881647
v -0.05858449 -0.01 0.00887101
v -0.05909633 -0.01 0.00984585
v -0.05281733 -0.01 0.00440507
v -0.05309017 -0.01 0.00448943
v -0.05312303 -0.01079162 0.00438831
v -0.05473869 -0.01 0.00519404
v -0.05478908 -0.01079162 0.00510041
v -0.05540641 -0.01 0.00558747
v -0.0562349 -0.01 0.00618169
v -0.05134233 -0.01 0.0040905
v -0.05135661 -0.01079162 0.00398514
v -0.05 -0.01 0.004
v -0.04954658 -0.01079162 0.00390385
v -0.04955136 -0.01 0.00401007
v -0.04775113 -0.01079162 0.00414706
v -0.0477748 -0.01 0.00425072
v -0.04301589 -0.01079162 0.0066952
v -0.04449103 -0.01 0.00565427
v -0.04443245 -0.01079162 0.00556553
v -0.04459359 -0.01 0.00558747
v -0.04602796 -0.01079162 0.00470695
v -0.04606975 -0.01 0.00480472
v -0.04718268 -0.01 0.00440507
v -0.04090368 -0.01 0.00984585
v -0.04099031 -0.01 0.00966116
v -0.04089452 -0.01079162 0.00961503
v -0.04190983 -0.01 0.00812215
v -0.04182381 -0.01079162 0.00805965
v -0.04244251 -0.01 0.00745139
v -0.04308937 -0.01 0.00677205
v -0.04036037 -0.01 0.01133963
v -0.04025787 -0.01079162 0.01131135
v -0.04010179 -0.01 0.01257685
v -0.03993436 -0.01079162 0.01309408
v -0.04004026 -0.01 0.01310361
v -0.03993436 -0.01079162 0.01490592
v -0.04004026 -0.01 0.01489639
v -0.04244251 -0.01 0.02054861
v -0.04190983 -0.01 0.01987785
v -0.04182381 -0.01079162 0.01994035
v -0.04099031 -0.01 0.01833884
v -0.04089452 -0.01079162 0.01838497
v -0.04090368 -0.01 0.01815415
v -0.04025787 -0.01079162 0.01668866
v -0.04036037 -0.01 0.01666037
v -0.04010179 -0.01 0.01542315
v -0.04301589 -0.01079162 0.0213048
v -0.04955136 -0.01 0.02398993
v -0.0477748 -0.01 0.02374928
v -0.04775113 -0.01079162 0.02385294
v -0.04718268 -0.01 0.02359493
v -0.04602796 -0.01079162 0.02329305
v -0.04606975 -0.01 0.02319528
v -0.04459359 -0.01 0.02241254
v -0.04945227 -0.01289367 0.00180391
v -0.05163877 -0.01289367 0.00190211
v -0.0537726 -0.01289367 0.00238914
v -0.05578517 -0.01289367 0.00324935
v -0.05919379 -0.01289367 0.00596763
v -0.0576118 -0.01289367 0.0044551
v -0.06142991 -0.01289367 0.00971028
v -0.06048027 -0.01289367 0.00773833
v -0.06201219 -0.01289367 0.01617989
v -0.06220838 -0.01289367 0.014
v -0.06201219 -0.01289367 0.01182011
v -0.06142991 -0.01289367 0.01828972
v -0.06048027 -0.01289367 0.02026167
v -0.05578517 -0.01289367 0.02475065
v -0.0537726 -0.01289367 0.02561086
v -0.03823158 -0.01289367 0.01724788
v -0.03900063 -0.01289367 0.01929702
v -0.04012322 -0.01289367 0.02117591
v -0.04156325 -0.01289367 0.02282416
v -0.04327444 -0.01289367 0.02418879
v -0.0452018 -0.01289367 0.02522594
v -0.04728338 -0.01289367 0.02590229
v -0.04945227 -0.01289367 0.02619609
v -0.05163877 -0.01289367 0.02609789
v -0.03784076 -0.01289367 0.01509435
v -0.04728338 -0.01289367 0.00209771
v -0.0452018 -0.01289367 0.00277405
v -0.04327444 -0.01289367 0.00381121
v -0.04156325 -0.01289367 0.00517585
v -0.04012322 -0.01289367 0.00682409
v -0.03900063 -0.01289367 0.00870298
v -0.03823158 -0.01289367 0.01075212
v -0.03784076 -0.01289367 0.01290565
v -0.06037608 -0.01172502 0.01211702
v -0.05987312 -0.01172502 0.01029456
v -0.05905282 -0.01172502 0.0085912
v -0.05794155 -0.01172502 0.00706167
v -0.05657505 -0.01172502 0.00575516
v -0.05499721 -0.01172502 0.00471363
v -0.05325876 -0.01172502 0.00397059
v -0.05141556 -0.01172502 0.00354989
v -0.04952688 -0.01172502 0.00346507
v -0.0476534 -0.01172502 0.00371885
v -0.04585534 -0.01172502 0.00430307
v -0.04419049 -0.01172502 0.00519897
v -0.04271237 -0.01172502 0.00637773
v -0.04146848 -0.01172502 0.00780148
v -0.04049879 -0.01172502 0.00942446
v -0.03983448 -0.01172502 0.01119449
v -0.03949691 -0.01172502 0.01305471
v -0.03949691 -0.01172502 0.0149453
v -0.03983448 -0.01172502 0.01680551
v -0.04049879 -0.01172502 0.01857555
v -0.04146848 -0.01172502 0.02019852
v -0.04271237 -0.01172502 0.02162227
v -0.04419049 -0.01172502 0.02280104
v -0.04585534 -0.01172502 0.02369693
v -0.0476534 -0.01172502 0.02428115
v -0.04952688 -0.01172502 0.02453493
v -0.05141556 -0.01172502 0.02445011
v -0.05325876 -0.01172502 0.02402942
v -0.05499721 -0.01172502 0.02328637
v -0.05657505 -0.01172502 0.02224484
v -0.05794155 -0.01172502 0.02093833
v -0.05905282 -0.01172502 0.01940881
v -0.05987312 -0.01172502 0.01770544
v -0.06037608 -0.01172502 0.01588298
v -0.06054555 -0.01172502 0.014
v -0.0610938 -0.01245445 0.01198677
v -0.06055603 -0.01245445 0.01003825
v -0.059679 -0.01245445 0.00821707
v -0.05849087 -0.01245445 0.00658175
v -0.05702984 -0.01245445 0.00518486
v -0.05534286 -0.01245445 0.0040713
v -0.05348416 -0.01245445 0.00327685
v -0.05151348 -0.01245445 0.00282706
v -0.04949415 -0.01245445 0.00273637
v -0.04749108 -0.01245445 0.0030077
v -0.04556865 -0.01245445 0.00363234
v -0.04378865 -0.01245445 0.0045902
v -0.04220828 -0.01245445 0.0058505
v -0.04087835 -0.01245445 0.00737273
v -0.03984159 -0.01245445 0.00910797
v -0.03913134 -0.01245445 0.01100044
v -0.03877041 -0.01245445 0.01298932
v -0.03877041 -0.01245445 0.01501068
v -0.03913134 -0.01245445 0.01699956
v -0.03984159 -0.01245445 0.01889203
v -0.04087835 -0.01245445 0.02062727
v -0.04220828 -0.01245445 0.0221495
v -0.04378865 -0.01245445 0.0234098
v -0.04556865 -0.01245445 0.02436766
v -0.04749108 -0.01245445 0.0249923
v -0.04949415 -0.01245445 0.02526363
v -0.05151348 -0.01245445 0.02517295
v -0.05348416 -0.01245445 0.02472315
v -0.05534286 -0.01245445 0.0239287
v -0.05702984 -0.01245445 0.02281514
v -0.05849087 -0.01245445 0.02141825
v -0.059679 -0.01245445 0.01978293
v -0.06055603 -0.01245445 0.01796175
v -0.0610938 -0.01245445 0.01601323
v -0.06127499 -0.01245445 0.014
v -0.05 -0.001 -0
v -0.05168751 -0.001 0.00010208
v -0.05335042 -0.001 0.00040681
v -0.05496447 -0.001 0.00090977
v -0.05650613 -0.001 0.00160362
v -0.05795291 -0.001 0.00247823
v -0.05928372 -0.001 0.00352085
v -0.06047915 -0.001 0.00471628
v -0.06152177 -0.001 0.00604709
v -0.06239639 -0.001 0.00749388
v -0.06309023 -0.001 0.00903553
v -0.06359319 -0.001 0.01064958
v -0.06389792 -0.001 0.01231249
v -0.064 -0.001 0.014
v -0.06389792 -0.001 0.01568752
v -0.06359319 -0.001 0.01735042
v -0.06309023 -0.001 0.01896447
v -0.06239639 -0.001 0.02050612
v -0.06152177 -0.001 0.02195291
v -0.06047915 -0.001 0.02328372
v -0.05928372 -0.001 0.02447915
v -0.05795291 -0.001 0.02552178
v -0.05650613 -0.001 0.02639639
v -0.05496447 -0.001 0.02709023
v -0.05335042 -0.001 0.02759319
v -0.05168751 -0.001 0.02789793
v -0.05 -0.001 0.028
v -0.04434616 -0.012 0.028
v -0.04434616 -0.0125 0.02786602
v -0.04434616 -0.01270711 0.02770711
v -0.04434616 -0.01286603 0.0275
v -0.04434616 -0.01292979 0.0273681
v -0.04322049 -0.01278777 0.02755421
v -0.04378997 -0.01288158 0.02745587
v -0.04227119 -0.01175 0.028
v -0.04329909 -0.01195911 0.028
v -0.04219383 -0.01196234 0.02797413
v -0.04326974 -0.01226855 0.02795047
v -0.04268057 -0.01241156 0.02784536
v -0.04324197 -0.01256137 0.02779625
v -0.04263949 -0.01262542 0.02765921
v -0.04205162 -0.01235269 0.02776717
v -0.04211856 -0.01216895 0.02789509
v -0.03901049 -0.01119599 0.02767658
v -0.03930643 -0.0105217 0.028
v -0.03919966 -0.01076497 0.02796407
v -0.03909695 -0.01099899 0.02785342
v -0.03635352 -0.0092648 0.028
v -0.03624233 -0.00954306 0.02795405
v -0.03613665 -0.00980756 0.0278114
v -0.03605296 -0.01001698 0.02758642
v -0.03049459 -0.0075362 0.02765557
v -0.0319076 -0.00784632 0.02780195
v -0.03183325 -0.00816776 0.02773865
v -0.02957742 -0.00826488 0.02698359
v -0.03414935 -0.00847983 0.0279512
v -0.03405349 -0.00878067 0.02789554
v -0.0339679 -0.0090647 0.02773134
v -0.03390824 -0.00928149 0.02747755
v -0.0317745 -0.0084693 0.02755597
v -0.03174412 -0.00869126 0.02727746
v -0.02964972 -0.00738399 0.02754859
v -0.02960155 -0.00772354 0.02748039
v -0.02957483 -0.00804014 0.02728275
v -0.02470838 -0.005 0.026625
v -0.02472942 -0.00541536 0.02653714
v -0.01892625 -0.005 0.02559494
v -0.02106001 -0.005 0.02589363
v -0.02106989 -0.00534612 0.02583261
v -0.02116459 -0.00593819 0.02524816
v -0.02110685 -0.00570711 0.02560451
v -0.01306323 -0.005 0.02525
v -0.0167816 -0.005 0.02538846
v -0.01306323 -0.00534612 0.02518819
v -0.0167862 -0.00534612 0.02532682
v -0.01306323 -0.0055 0.02511602
v -0.01680338 -0.00570711 0.02509637
v -0.01683023 -0.00593819 0.02473638
v -0.01306323 -0.00586603 0.02475
v -0.01306323 -0.00570711 0.02495711
v -0.01306323 -0.00593819 0.02459612
v 0.01 -0.00792388 0.02463268
v 0.01 -0.00770711 0.02495711
v 0.00865 -0.00770711 0.02495711
v 0.01 -0.00738268 0.02517388
v 0.00865 -0.00738268 0.02517388
v 0.01 -0.007 0.02525
v 0.00865 -0.007 0.02525
v -0.00865 -0.007 0.02525
v -0.01065 -0.007 0.02525
v -0.01065 -0.0075 0.02511602
v -0.01065 -0.00786602 0.02475
v -0.00865 -0.0075 0.02511602
v -0.01065 -0.00586603 0.02475
v -0.01065 -0.0055 0.02511602
v -0.01065 -0.005 0.02525
v 0.01193605 -0.00738268 0.0249832
v 0.01189376 -0.00770711 0.02477059
v 0.01371475 -0.00770711 0.0242182
v 0.01183047 -0.00792388 0.0244524
v 0.0135906 -0.00792388 0.02391847
v 0.0192024 -0.00792388 0.01708047
v 0.01866847 -0.00792388 0.0188406
v 0.01780142 -0.00792388 0.02046274
v 0.01663456 -0.00792388 0.02188456
v 0.01521274 -0.00792388 0.02305142
v 0.01539298 -0.00770711 0.02332117
v 0.01686396 -0.00770711 0.02211396
v 0.01807116 -0.00770711 0.02064298
v 0.0189682 -0.00770711 0.01896475
v 0.01952059 -0.00770711 0.01714376
v 0.01938268 -0.00792388 0.01525
v 0.0195 -0.00786602 0.01525
v 0.01970711 -0.00770711 0.01525
v 0.01986603 -0.0075 0.01525
v 0.0137977 -0.00738268 0.02441847
v 0.01551341 -0.00738268 0.02350141
v 0.01701725 -0.00738268 0.02226724
v 0.0182514 -0.00738268 0.02076341
v 0.01916847 -0.00738268 0.0190477
v 0.0197332 -0.00738268 0.01718605
v 0.01992388 -0.00738268 0.01525
v 0.0119509 -0.007 0.02505785
v 0.01866026 -0.007 0.02025
v 0.0183147 -0.007 0.0208057
v 0.01707107 -0.007 0.02232107
v 0.0155557 -0.007 0.0235647
v 0.015 -0.007 0.02391025
v 0.01382683 -0.007 0.0244888
v 0.01258819 -0.007 0.02490926
v 0.0192388 -0.007 0.01907684
v 0.01965926 -0.007 0.01783819
v 0.01980785 -0.007 0.01720091
v 0.02 -0.007 0.01525
v 0.0195 -0.00786602 0.01275
v 0.01970711 -0.00770711 0.01275
v 0.01986603 -0.0075 0.01275
v 0.01992388 -0.00738268 0.01275
v 0.02 -0.007 0.01275
v 0.01938268 -0.00792388 0.01275
v 0.01258819 -0.007 0.00309074
v 0.01382683 -0.007 0.0035112
v 0.0137977 -0.00738268 0.00358153
v 0.01965926 -0.007 0.01016181
v 0.01980785 -0.007 0.0107991
v 0.0197332 -0.00738268 0.01081395
v 0.0192024 -0.00792388 0.01091953
v 0.01866847 -0.00792388 0.0091594
v 0.01780142 -0.00792388 0.00753726
v 0.01663456 -0.00792388 0.00611544
v 0.01521274 -0.00792388 0.00494858
v 0.0135906 -0.00792388 0.00408153
v 0.01952059 -0.00770711 0.01085624
v 0.0189682 -0.00770711 0.00903525
v 0.01807116 -0.00770711 0.00735702
v 0.01686396 -0.00770711 0.00588604
v 0.01539298 -0.00770711 0.00467884
v 0.01371475 -0.00770711 0.0037818
v 0.01916847 -0.00738268 0.0089523
v 0.0182514 -0.00738268 0.00723659
v 0.01701725 -0.00738268 0.00573276
v 0.01551341 -0.00738268 0.0044986
v 0.0192388 -0.007 0.00892317
v 0.01866026 -0.007 0.00775
v 0.0183147 -0.007 0.0071943
v 0.01707107 -0.007 0.00567893
v 0.0155557 -0.007 0.0044353
v 0.015 -0.007 0.00408975
v 0.0119509 -0.007 0.00294215
v 0.01193605 -0.00738268 0.00301681
v 0.01189376 -0.00770711 0.00322941
v 0.01183047 -0.00792388 0.0035476
v 0.01 -0.00792388 0.00336732
v 0.01 -0.00770711 0.00304289
v 0.01 -0.00738268 0.00282612
v 0.01 -0.007 0.00275
v -0.01065 -0.0055 0.00288397
v -0.01065 -0.005 0.00275
v -0.01065 -0.007 0.00275
v -0.01065 -0.00586603 0.00325
v -0.01065 -0.0075 0.00288397
v -0.01065 -0.00786602 0.00325
v -0.00865 -0.0075 0.00288397
v -0.00865 -0.007 0.00275
v 0.00865 -0.00770711 0.00304289
v 0.00865 -0.00738268 0.00282612
v 0.00865 -0.007 0.00275
v -0.01306323 -0.00593819 0.00340388
v -0.01306323 -0.00586603 0.00325
v -0.01306323 -0.00570711 0.00304289
v -0.01306323 -0.005 0.00275
v -0.01306323 -0.00534612 0.00281181
v -0.01306323 -0.0055 0.00288397
v -0.01892625 -0.005 0.00240506
v -0.0167816 -0.005 0.00261155
v -0.0167862 -0.00534612 0.00267318
v -0.02116459 -0.00593819 0.00275184
v -0.01683023 -0.00593819 0.00326362
v -0.01680338 -0.00570711 0.00290363
v -0.02106001 -0.005 0.00210637
v -0.02110685 -0.00570711 0.0023955
v -0.02106989 -0.00534612 0.00216739
v -0.02470838 -0.001 0.001375
v -0.0275843 -0.001 0.000775
v -0.0304905 -0.001 0.00034494
v -0.03341694 -0.001 8.631E-05
v -0.03635352 -0.001 -0
v -0.04010179 -0.003 0.01257685
v -0.04 -0.003 0.014
v -0.04010179 -0.003 0.01542315
v -0.04016071 -0.003 0.01578557
v -0.04063765 -0.003 0.01751375
v -0.04090368 -0.003 0.01815415
v -0.04141551 -0.003 0.019129
v -0.04246929 -0.003 0.02057939
v -0.04246929 -0.003 0.00742061
v -0.04141551 -0.003 0.00887101
v -0.04090368 -0.003 0.00984585
v -0.04063765 -0.003 0.01048625
v -0.04016071 -0.003 0.01221443
v -0.05691063 -0.003 0.00677205
v -0.05550897 -0.003 0.00565427
v -0.05540641 -0.003 0.00558747
v -0.05393025 -0.003 0.00480472
v -0.05281733 -0.003 0.00440507
v -0.05222521 -0.003 0.00425072
v -0.05044865 -0.003 0.00401007
v -0.05 -0.003 0.004
v -0.04865767 -0.003 0.0040905
v -0.04718268 -0.003 0.00440507
v -0.04690984 -0.003 0.00448943
v -0.04526131 -0.003 0.00519404
v -0.04459359 -0.003 0.00558747
v -0.04376511 -0.003 0.00618169
v -0.0575575 -0.003 0.00745139
v -0.05809017 -0.003 0.00812215
v -0.05900969 -0.003 0.00966116
v -0.05909633 -0.003 0.00984585
v -0.05963963 -0.003 0.01133963
v -0.05989822 -0.003 0.01257685
v -0.05995975 -0.003 0.01310361
v -0.05995975 -0.003 0.01489639
v -0.05989822 -0.003 0.01542315
v -0.05963963 -0.003 0.01666037
v -0.05909633 -0.003 0.01815415
v -0.05900969 -0.003 0.01833884
v -0.05809017 -0.003 0.01987785
v -0.0575575 -0.003 0.02054861
v -0.05691063 -0.003 0.02122795
v -0.05550897 -0.003 0.02234573
v -0.05540641 -0.003 0.02241254
v -0.05393025 -0.003 0.02319528
v -0.05281733 -0.003 0.02359493
v -0.05222521 -0.003 0.02374928
v -0.05044865 -0.003 0.02398993
v -0.05 -0.003 0.024
v -0.04865767 -0.003 0.0239095
v -0.04718268 -0.003 0.02359493
v -0.04690984 -0.003 0.02351057
v -0.04526131 -0.003 0.02280596
v -0.04459359 -0.003 0.02241254
v -0.04376511 -0.003 0.02181832
v -0.05 -0.0005 0.02786602
v -0.05167137 -0.0005 0.02776493
v -0.05 -0.00013397 0.0275
v -0.05162724 -0.00013397 0.02740157
v -0.05 0 0.027
v -0.05156698 0 0.02690522
v -0.05311111 0 0.02662225
v -0.05323077 -0.00013397 0.02710772
v -0.05460986 0 0.02615521
v -0.05478717 -0.00013397 0.02662272
v -0.0560414 0 0.02551093
v -0.05627377 -0.00013397 0.02595366
v -0.05738484 0 0.02469879
v -0.05766888 -0.00013397 0.02511028
v -0.0586206 0 0.02373064
v -0.05895216 -0.00013397 0.0241049
v -0.05973064 0 0.0226206
v -0.0601049 -0.00013397 0.02295216
v -0.06069879 0 0.02138484
v -0.06111028 -0.00013397 0.02166887
v -0.06151093 0 0.0200414
v -0.06195366 -0.00013397 0.02027377
v -0.06215521 0 0.01860986
v -0.06262272 -0.00013397 0.01878717
v -0.06262224 0 0.0171111
v -0.06310772 -0.00013397 0.01723076
v -0.06290522 0 0.01556698
v -0.06340158 -0.00013397 0.01562725
v -0.063 0 0.014
v -0.06350001 -0.00013397 0.014
v -0.06290522 0 0.01243302
v -0.06340158 -0.00013397 0.01237275
v -0.06262224 0 0.0108889
v -0.06310772 -0.00013397 0.01076924
v -0.06215521 0 0.00939014
v -0.06262272 -0.00013397 0.00921283
v -0.06151093 0 0.0079586
v -0.06195366 -0.00013397 0.00772624
v -0.06069879 0 0.00661516
v -0.06111028 -0.00013397 0.00633113
v -0.05973064 0 0.00537941
v -0.0601049 -0.00013397 0.00504784
v -0.0586206 0 0.00426936
v -0.05895216 -0.00013397 0.00389511
v -0.05738484 0 0.00330121
v -0.05766888 -0.00013397 0.00288972
v -0.0560414 0 0.00248907
v -0.05627377 -0.00013397 0.00204634
v -0.05460986 0 0.00184479
v -0.05478717 -0.00013397 0.00137728
v -0.05311111 0 0.00137776
v -0.05323077 -0.00013397 0.00089229
v -0.05156698 0 0.00109478
v -0.05162724 -0.00013397 0.00059843
v -0.05 0 0.001
v -0.05 -0.00013397 0.0005
v -0.05331836 -0.0005 0.02746311
v -0.05491696 -0.0005 0.02696496
v -0.05644387 -0.0005 0.02627776
v -0.0578768 -0.0005 0.02541151
v -0.05919488 -0.0005 0.02437887
v -0.06037887 -0.0005 0.02319488
v -0.06141152 -0.0005 0.0218768
v -0.06227776 -0.0005 0.02044387
v -0.06296497 -0.0005 0.01891696
v -0.06346311 -0.0005 0.01731836
v -0.06376494 -0.0005 0.01567136
v -0.06386603 -0.0005 0.014
v -0.06376494 -0.0005 0.01232864
v -0.06346311 -0.0005 0.01068164
v -0.06296497 -0.0005 0.00908304
v -0.06227776 -0.0005 0.00755614
v -0.06141152 -0.0005 0.0061232
v -0.06037887 -0.0005 0.00480512
v -0.05919488 -0.0005 0.00362113
v -0.0578768 -0.0005 0.00258849
v -0.05644387 -0.0005 0.00172224
v -0.05491696 -0.0005 0.00103504
v -0.05331836 -0.0005 0.0005369
v -0.05167137 -0.0005 0.00023507
v -0.05 -0.0005 0.00013397
v -0.03635352 -0.001 0.028
v -0.0304905 -0.001 0.02765506
v -0.0275843 -0.001 0.027225
v -0.02470838 -0.001 0.026625
v -0.03341694 -0.001 0.02791369
v -0.01306323 -0.001 0.02525
v -0.01697692 -0.001 0.0254034
v -0.01892625 -0.001 0.02559494
v -0.02086659 -0.001 0.02586268
v 0.01 -0.001 0.02525
v 0.0035 -0.01 0.02525
v 0.0035 -0.0135 0.02525
v 0.00865 -0.0135 0.02525
v -0.0035 -0.01 0.02525
v 0.01130526 -0.001 0.02516445
v 0.01258819 -0.001 0.02490926
v 0.01382683 -0.001 0.0244888
v 0.015 -0.001 0.02391025
v 0.01608761 -0.001 0.02318354
v 0.01707107 -0.001 0.02232107
v 0.01793353 -0.001 0.02133762
v 0.01866026 -0.001 0.02025
v 0.0192388 -0.001 0.01907684
v 0.01965926 -0.001 0.01783819
v 0.01991445 -0.001 0.01655526
v 0.02 -0.001 0.01525
v 0.02 -0.001 0.01275
v 0.01991445 -0.001 0.01144474
v 0.01965926 -0.001 0.01016181
v 0.0192388 -0.001 0.00892317
v 0.01866026 -0.001 0.00775
v 0.01793353 -0.001 0.00666239
v 0.01707107 -0.001 0.00567893
v 0.01608761 -0.001 0.00481647
v 0.015 -0.001 0.00408975
v 0.01382683 -0.001 0.0035112
v 0.01258819 -0.001 0.00309074
v 0.01130526 -0.001 0.00283555
v 0.01 -0.001 0.00275
v -0.01306323 -0.001 0.00275
v -0.0035 -0.01 0.00275
v 0.00865 -0.0135 0.00275
v 0.0035 -0.0135 0.00275
v 0.0035 -0.01 0.00275
v -0.01697692 -0.001 0.0025966
v -0.01892625 -0.001 0.00240506
v -0.02086659 -0.001 0.00213732
v 0.006 0 0.0168
v 0.006 -0.007 0.0168
v 0.0066 0 0.01696077
v 0.0066 -0.007 0.01696077
v 0.00703923 0 0.0174
v 0.00703923 -0.007 0.0174
v 0.0072 0 0.018
v 0.0072 -0.007 0.018
v 0.00703923 0 0.0186
v 0.00703923 -0.007 0.0186
v 0.0066 0 0.01903923
v 0.0066 -0.007 0.01903923
v 0.006 0 0.0192
v 0.006 -0.007 0.0192
v 0.0054 0 0.01903923
v 0.0054 -0.007 0.01903923
v 0.00496077 0 0.0186
v 0.00496077 -0.007 0.0186
v 0.0048 0 0.018
v 0.0048 -0.007 0.018
v 0.00496077 0 0.0174
v 0.00496077 -0.007 0.0174
v 0.0054 0 0.01696077
v 0.0054 -0.007 0.01696077
v -0.006 0 0.0088
v -0.006 -0.007 0.0088
v -0.0054 0 0.00896077
v -0.0054 -0.007 0.00896077
v -0.00496077 0 0.0094
v -0.00496077 -0.007 0.0094
v -0.0048 0 0.01
v -0.0048 -0.007 0.01
v -0.00496077 0 0.0106
v -0.00496077 -0.007 0.0106
v -0.0054 0 0.01103923
v -0.0054 -0.007 0.01103923
v -0.006 0 0.0112
v -0.006 -0.007 0.0112
v -0.0066 0 0.01103923
v -0.0066 -0.007 0.01103923
v -0.00703923 0 0.0106
v -0.00703923 -0.007 0.0106
v -0.0072 0 0.01
v -0.0072 -0.007 0.01
v -0.00703923 0 0.0094
v -0.00703923 -0.007 0.0094
v -0.0066 0 0.00896077
v -0.0066 -0.007 0.00896077
v -0.006 0 0.0168
v -0.006 -0.007 0.0168
v -0.0054 0 0.01696077
v -0.0054 -0.007 0.01696077
v -0.00496077 0 0.0174
v -0.00496077 -0.007 0.0174
v -0.0048 0 0.018
v -0.0048 -0.007 0.018
v -0.00496077 0 0.0186
v -0.00496077 -0.007 0.0186
v -0.0054 0 0.01903923
v -0.0054 -0.007 0.01903923
v -0.006 0 0.0192
v -0.006 -0.007 0.0192
v -0.0066 0 0.01903923
v -0.0066 -0.007 0.01903923
v -0.00703923 0 0.0186
v -0.00703923 -0.007 0.0186
v -0.0072 0 0.018
v -0.0072 -0.007 0.018
v -0.00703923 0 0.0174
v -0.00703923 -0.007 0.0174
v -0.0066 0 0.01696077
v -0.0066 -0.007 0.01696077
v 0.006 0 0.0088
v 0.006 -0.007 0.0088
v 0.0066 0 0.00896077
v 0.0066 -0.007 0.00896077
v 0.00703923 0 0.0094
v 0.00703923 -0.007 0.0094
v 0.0072 0 0.01
v 0.0072 -0.007 0.01
v 0.00703923 0 0.0106
v 0.00703923 -0.007 0.0106
v 0.0066 0 0.01103923
v 0.0066 -0.007 0.01103923
v 0.006 0 0.0112
v 0.006 -0.007 0.0112
v 0.0054 0 0.01103923
v 0.0054 -0.007 0.01103923
v 0.00496077 0 0.0106
v 0.00496077 -0.007 0.0106
v 0.0048 0 0.01
v 0.0048 -0.007 0.01
v 0.00496077 0 0.0094
v 0.00496077 -0.007 0.0094
v 0.0054 0 0.00896077
v 0.0054 -0.007 0.00896077
v -0.03635352 -0.0005 0.00013397
v -0.03342481 -0.0005 0.00022005
v -0.03635352 -0.00013397 0.0005
v -0.0334463 -0.00013397 0.00058545
v -0.03635352 0 0.001
v -0.03347567 0 0.00108458
v -0.03060776 0 0.00133804
v -0.03054913 -0.00013397 0.00084149
v -0.02775968 0 0.0017595
v -0.02767199 -0.00013397 0.00126725
v -0.02494128 0 0.0023475
v -0.02482482 -0.00013397 0.00186125
v -0.03050621 -0.0005 0.00047799
v -0.0276078 -0.0005 0.0009069
v -0.02473958 -0.0005 0.00150529
v -0.06053039 -0.00123664 0.01494775
v -0.06010599 -0.00207295 0.01490956
v -0.06010599 -0.00207295 0.01309044
v -0.05225788 -0.00207295 0.00410757
v -0.0570121 -0.00207295 0.00666592
v -0.05978117 -0.00207295 0.01130057
v -0.05820896 -0.00207295 0.01996416
v -0.04001624 -0.00207295 0.01581179
v -0.04050019 -0.00207295 0.01756534
v -0.04128947 -0.00207295 0.0192043
v -0.04235872 -0.00207295 0.02067599
v -0.04519174 -0.00207295 0.02293525
v -0.04367356 -0.00207295 0.02193311
v -0.04686446 -0.00207295 0.02365021
v -0.04863796 -0.00207295 0.024055
v -0.05045524 -0.00207295 0.02413662
v -0.05558986 -0.00207295 0.02246827
v -0.05914198 -0.00207295 0.00959746
v -0.05820896 -0.00207295 0.00803584
v -0.04686446 -0.00207295 0.00434979
v -0.04863796 -0.00207295 0.003945
v -0.04519174 -0.00207295 0.00506475
v -0.04367356 -0.00207295 0.00606689
v -0.04235872 -0.00207295 0.00732401
v -0.04050019 -0.00207295 0.01043466
v -0.04128947 -0.00207295 0.0087957
v -0.04001624 -0.00207295 0.01218821
v -0.03985317 -0.00207295 0.014
v -0.05047436 -0.00123664 0.0245623
v -0.04858076 -0.00123664 0.02447726
v -0.05978117 -0.00207295 0.01669943
v -0.06019193 -0.00123664 0.01681279
v -0.06083171 -0.00057295 0.01698936
v -0.04673278 -0.00123664 0.02405547
v -0.04498981 -0.00123664 0.02331049
v -0.04340787 -0.00123664 0.02226627
v -0.04203782 -0.00123664 0.02095635
v -0.04092367 -0.00123664 0.01942286
v -0.04010124 -0.00123664 0.01771507
v -0.03959696 -0.00123664 0.01588788
v -0.03942705 -0.00123664 0.014
v -0.03959696 -0.00123664 0.01211213
v -0.04010124 -0.00123664 0.01028493
v -0.04092367 -0.00123664 0.00857714
v -0.04203782 -0.00123664 0.00704365
v -0.04340787 -0.00123664 0.00573374
v -0.04498981 -0.00123664 0.00468951
v -0.04673278 -0.00123664 0.00394453
v -0.04858076 -0.00123664 0.00352274
v -0.05050413 -0.00057295 0.02522533
v -0.04849167 -0.00057295 0.02513495
v -0.05914198 -0.00207295 0.01840254
v -0.0595259 -0.00123664 0.01858743
v -0.06012387 -0.00057295 0.0188754
v -0.06087736 -0.00014683 0.01923826
v -0.04652769 -0.00057295 0.02468668
v -0.04467531 -0.00057295 0.02389494
v -0.04299407 -0.00057295 0.02278516
v -0.041538 -0.00057295 0.02139302
v -0.04035392 -0.00057295 0.01976327
v -0.03947986 -0.00057295 0.01794827
v -0.03894394 -0.00057295 0.01600638
v -0.03876336 -0.00057295 0.014
v -0.03894394 -0.00057295 0.01199362
v -0.03947986 -0.00057295 0.01005173
v -0.04035392 -0.00057295 0.00823673
v -0.041538 -0.00057295 0.00660698
v -0.04299407 -0.00057295 0.00521484
v -0.04467531 -0.00057295 0.00410506
v -0.04652769 -0.00057295 0.00331332
v -0.04849167 -0.00057295 0.00286505
v -0.05054165 -0.00014683 0.02606079
v -0.04837941 -0.00014683 0.02596369
v -0.05225788 -0.00207295 0.02389243
v -0.05398796 -0.00207295 0.02333029
v -0.0523527 -0.00123664 0.02430786
v -0.05415544 -0.00123664 0.02372212
v -0.05250039 -0.00057295 0.02495492
v -0.05441628 -0.00057295 0.02433241
v -0.05268648 -0.00014683 0.02577025
v -0.05474497 -0.00014683 0.02510141
v -0.05460986 0 0.02615521
v -0.05582461 -0.00123664 0.0228239
v -0.05619024 -0.00057295 0.0233778
v -0.05665096 -0.00014683 0.02407576
v -0.0570121 -0.00207295 0.02133408
v -0.05730657 -0.00123664 0.02164208
v -0.05776523 -0.00057295 0.02212179
v -0.05834317 -0.00014683 0.02272627
v -0.0585537 -0.00123664 0.02021462
v -0.05909064 -0.00057295 0.02060473
v -0.05976722 -0.00014683 0.0210963
v -0.06151093 0 0.0200414
v -0.06215521 0 0.01860986
v -0.05909064 -0.00057295 0.00739527
v -0.05976722 -0.00014683 0.0069037
v -0.06087736 -0.00014683 0.00876174
v -0.05834317 -0.00014683 0.00527373
v -0.05776523 -0.00057295 0.00587821
v -0.05730657 -0.00123664 0.00635793
v -0.0560414 0 0.00248907
v -0.05738484 0 0.00330121
v -0.05665096 -0.00014683 0.00392424
v -0.05619024 -0.00057295 0.0046222
v -0.05582461 -0.00123664 0.0051761
v -0.05558986 -0.00207295 0.00553173
v -0.05398796 -0.00207295 0.00466971
v -0.05415544 -0.00123664 0.00427788
v -0.0523527 -0.00123664 0.00369214
v -0.05441628 -0.00057295 0.00366759
v -0.05250039 -0.00057295 0.00304508
v -0.05474497 -0.00014683 0.00289859
v -0.05268648 -0.00014683 0.00222975
v -0.05045524 -0.00207295 0.00386339
v -0.05047436 -0.00123664 0.0034377
v -0.05050413 -0.00057295 0.00277467
v -0.05054165 -0.00014683 0.00193921
v -0.04626926 -0.00014683 0.02548206
v -0.04427901 -0.00014683 0.02463138
v -0.04247264 -0.00014683 0.02343901
v -0.04090821 -0.00014683 0.02194326
v -0.03963599 -0.00014683 0.02019221
v -0.03869689 -0.00014683 0.01824213
v -0.03812107 -0.00014683 0.01615571
v -0.03792705 -0.00014683 0.014
v -0.03812107 -0.00014683 0.01184429
v -0.03869689 -0.00014683 0.00975787
v -0.03963599 -0.00014683 0.00780779
v -0.04090821 -0.00014683 0.00605674
v -0.04247264 -0.00014683 0.00456099
v -0.04427901 -0.00014683 0.00336862
v -0.04626926 -0.00014683 0.00251794
v -0.04837941 -0.00014683 0.00203631
v -0.05311111 0 0.02662225
v -0.05156698 0 0.02690522
v -0.06069879 0 0.02138484
v -0.05973064 0 0.0226206
v -0.0586206 0 0.02373064
v -0.05738484 0 0.02469879
v -0.0560414 0 0.02551093
v -0.06053039 -0.00123664 0.01305225
v -0.06119141 -0.00057295 0.01500725
v -0.06163788 -0.00014683 0.01721185
v -0.06262224 0 0.0171111
v -0.06019193 -0.00123664 0.01118721
v -0.06119141 -0.00057295 0.01299276
v -0.06202435 -0.00014683 0.01508221
v -0.06290522 0 0.01556698
v -0.06202435 -0.00014683 0.01291779
v -0.06290522 0 0.01243302
v -0.063 0 0.014
v -0.0595259 -0.00123664 0.00941257
v -0.06083171 -0.00057295 0.01101064
v -0.0585537 -0.00123664 0.00778538
v -0.06012387 -0.00057295 0.0091246
v -0.06163788 -0.00014683 0.01078815
v -0.06262224 0 0.0108889
v -0.06215521 0 0.00939014
v -0.0586206 0 0.00426936
v -0.05973064 0 0.00537941
v -0.06069879 0 0.00661516
v -0.06151093 0 0.0079586
v -0.04825497 0 0.00111765
v -0.05156698 0 0.00109478
v -0.05311111 0 0.00137776
v -0.05460986 0 0.00184479
v -0.04825497 0 0.02688235
v -0.04598278 0 0.02636373
v -0.04383971 0 0.02544774
v -0.04189464 0 0.02416381
v -0.04021007 0 0.02255321
v -0.03884017 0 0.02066769
v -0.03782895 0 0.01856787
v -0.03720892 0 0.01632124
v -0.037 0 0.014
v -0.03720892 0 0.01167876
v -0.03782895 0 0.00943213
v -0.03884017 0 0.00733231
v -0.04021007 0 0.0054468
v -0.04189464 0 0.00383619
v -0.04383971 0 0.00255226
v -0.04598278 0 0.00163627
v -0.03635352 -0.0005 0.02786602
v -0.03635352 -0.00013397 0.0275
v -0.03635352 0 0.027
v -0.02477659 -0.00029289 0.02634016
v -0.02482482 -0.00013397 0.02613875
v -0.02767199 -0.00013397 0.02673275
v -0.02494128 0 0.0256525
v -0.02775968 0 0.0262405
v -0.02473958 -0.0005 0.02649471
v -0.0276078 -0.0005 0.02709311
v -0.03060776 0 0.02666196
v -0.03054913 -0.00013397 0.02715851
v -0.03347567 0 0.02691542
v -0.0334463 -0.00013397 0.02741455
v -0.03050621 -0.0005 0.02752201
v -0.03342481 -0.0005 0.02777995
v -0.01306323 -0.00013397 0.02475
v -0.01306323 -7.612E-05 0.02463268
v -0.01702523 -7.612E-05 0.02478798
v -0.01306323 -0.0005 0.02511602
v -0.01306323 -0.00029289 0.02495711
v -0.01699984 -0.00029289 0.02511141
v -0.02087846 -0.00061732 0.02578749
v -0.01698287 -0.00061732 0.02532752
v -0.01306323 -0.00061732 0.02517388
v -0.0209123 -0.00029289 0.02557337
v -0.02096293 -7.612E-05 0.02525293
v -0.02102265 0 0.02487493
v -0.01705519 0 0.02440647
v -0.01306323 0 0.02425
v 0.01 0 0.02425
v 0.01 -0.00013397 0.02475
v 0.01 -0.0005 0.02511602
v 0.01986603 -0.0005 0.01525
v 0.01978162 -0.0005 0.01653778
v 0.0195 -0.00013397 0.01525
v 0.01941873 -0.00013397 0.01649
v 0.019 0 0.01525
v 0.01892301 0 0.01642474
v 0.01869333 0 0.01757937
v 0.0191763 -0.00013397 0.01770878
v 0.01831492 0 0.01869415
v 0.01877686 -0.00013397 0.0188855
v 0.01779423 0 0.01975
v 0.01822724 -0.00013397 0.02
v 0.01714018 0 0.02072885
v 0.01753686 -0.00013397 0.02103323
v 0.01636396 0 0.02161396
v 0.01671751 -0.00013397 0.02196752
v 0.01547885 0 0.02239018
v 0.01578323 -0.00013397 0.02278686
v 0.0145 0 0.02304423
v 0.01475 -0.00013397 0.02347724
v 0.01344415 0 0.02356492
v 0.01363549 -0.00013397 0.02402686
v 0.01232937 0 0.02394333
v 0.01245878 -0.00013397 0.0244263
v 0.01117474 0 0.024173
v 0.01124 -0.00013397 0.02466873
v 0.01952985 -0.0005 0.01780352
v 0.01911502 -0.0005 0.01902556
v 0.01854423 -0.0005 0.02018301
v 0.01782724 -0.0005 0.02125606
v 0.01697633 -0.0005 0.02222634
v 0.01600606 -0.0005 0.02307725
v 0.01493301 -0.0005 0.02379423
v 0.01377557 -0.0005 0.02436502
v 0.01255351 -0.0005 0.02477985
v 0.01128778 -0.0005 0.02503162
v 0.01986603 -0.0005 0.01275
v 0.0195 -0.00013397 0.01275
v 0.019 0 0.01275
v 0.01 -0.0005 0.00288397
v 0.01128778 -0.0005 0.00296838
v 0.01 -0.00013397 0.00325
v 0.01124 -0.00013397 0.00333127
v 0.01 0 0.00375
v 0.01117474 0 0.003827
v 0.01232937 0 0.00405667
v 0.01245878 -0.00013397 0.0035737
v 0.01344415 0 0.00443508
v 0.01363549 -0.00013397 0.00397314
v 0.0145 0 0.00495577
v 0.01475 -0.00013397 0.00452276
v 0.01547885 0 0.00560982
v 0.01578323 -0.00013397 0.00521314
v 0.01636396 0 0.00638604
v 0.01671751 -0.00013397 0.00603249
v 0.01714018 0 0.00727115
v 0.01753686 -0.00013397 0.00696677
v 0.01779423 0 0.00825
v 0.01822724 -0.00013397 0.008
v 0.01831492 0 0.00930585
v 0.01877686 -0.00013397 0.00911451
v 0.01869333 0 0.01042063
v 0.0191763 -0.00013397 0.01029122
v 0.01892301 0 0.01157526
v 0.01941873 -0.00013397 0.01151
v 0.01255351 -0.0005 0.00322015
v 0.01377557 -0.0005 0.00363498
v 0.01493301 -0.0005 0.00420577
v 0.01600606 -0.0005 0.00492276
v 0.01697633 -0.0005 0.00577367
v 0.01782724 -0.0005 0.00674394
v 0.01854423 -0.0005 0.00781699
v 0.01911502 -0.0005 0.00897444
v 0.01952985 -0.0005 0.01019648
v 0.01978162 -0.0005 0.01146223
v -0.01306323 0 0.00375
v -0.01306323 -0.00013397 0.00325
v -0.01306323 -0.0005 0.00288397
v -0.02088749 -0.0005 0.00226966
v -0.0169874 -0.0005 0.00273016
v -0.01701605 -0.00013397 0.00309506
v -0.01705519 0 0.00359353
v -0.02094462 -0.00013397 0.0026312
v -0.02102265 0 0.00312507
v 0.01344415 0 0.00443508
v 0.0145 0 0.00495577
v 0.01547885 0 0.00560982
v 0.01869333 0 0.01757937
v 0.01892301 0 0.01642474
v 0.01714018 0 0.02072885
v 0.01779423 0 0.01975
v 0.01831492 0 0.01869415
v 0.01117474 0 0.024173
v 0.01232937 0 0.02394333
v 0.01344415 0 0.02356492
v 0.01892301 0 0.01157526
v 0.0145 0 0.02304423
v 0.01547885 0 0.02239018
v 0.01636396 0 0.02161396
v 0.01869333 0 0.01042063
v 0.01831492 0 0.00930585
v 0.01779423 0 0.00825
v 0.01714018 0 0.00727115
v 0.01636396 0 0.00638604
v -0.01705519 0 0.02440647
v 0.01117474 0 0.003827
v 0.01232937 0 0.00405667
v -0.02102265 0 0.02487493
v -0.02775968 0 0.0262405
v -0.03347567 0 0.02691542
v -0.03060776 0 0.02666196
v -0.03884017 0 0.02066769
v -0.04021007 0 0.02255321
v -0.04189464 0 0.02416381
v -0.04383971 0 0.02544774
v -0.04825497 0 0.00111765
v -0.04598278 0 0.00163627
v -0.04383971 0 0.00255226
v -0.03782895 0 0.01856787
v -0.03720892 0 0.01632124
v -0.04598278 0 0.02636373
v -0.04825497 0 0.02688235
v -0.04189464 0 0.00383619
v -0.04021007 0 0.0054468
v -0.03347567 0 0.00108458
v -0.03884017 0 0.00733231
v -0.03060776 0 0.00133804
v -0.01705519 0 0.00359353
v -0.03782895 0 0.00943213
v -0.03720892 0 0.01167876
v -0.037 0 0.014
v -0.02102265 0 0.00312507
v -0.02775968 0 0.0017595
v 0.006 -0.007 0.01
v -0.006 -0.007 0.018
v -0.006 -0.007 0.01
v 0.006 -0.007 0.018
v 0.01912535 -0.008 0.01352962
v 0.01465 -0.012 0.0095
v 0.0155856 -0.012 0.00959834
v 0.01465 -0.012 0.014
v 0.01075289 -0.012 0.01175
v 0.01200497 -0.012 0.01035942
v 0.0137144 -0.012 0.00959834
v 0.01130585 -0.012 0.01701109
v 0.01037025 -0.012 0.01539058
v 0.01017465 -0.012 0.01352962
v 0.01648032 -0.012 0.01811096
v 0.01465 -0.012 0.0185
v 0.01281969 -0.012 0.01811096
v 0.01912535 -0.012 0.01352962
v 0.01892976 -0.012 0.01539058
v 0.01799415 -0.012 0.01701109
v 0.01729503 -0.012 0.01035942
v 0.01854711 -0.012 0.01175
v 0.01573253 -0.008 0.013375
v 0.015275 -0.008 0.01291747
v 0.01465 -0.008 0.014
v 0.01465 -0.008 0.01275
v 0.014025 -0.008 0.01291747
v 0.015275 -0.008 0.01508253
v 0.01573253 -0.008 0.014625
v 0.0159 -0.008 0.014
v 0.01356747 -0.008 0.014625
v 0.014025 -0.008 0.01508253
v 0.01465 -0.008 0.01525
v 0.01356747 -0.008 0.013375
v 0.0134 -0.008 0.014
v 0.01356747 -0.002 0.013375
v 0.014025 -0.002 0.01291747
v 0.01465 -0.002 0.014
v 0.01465 -0.002 0.01275
v 0.015275 -0.002 0.01291747
v 0.014025 -0.002 0.01508253
v 0.01356747 -0.002 0.014625
v 0.0134 -0.002 0.014
v 0.01573253 -0.002 0.014625
v 0.015275 -0.002 0.01508253
v 0.01465 -0.002 0.01525
v 0.01573253 -0.002 0.013375
v 0.0159 -0.002 0.014
vn 0 -1 0
vn 0.68421 -0.2543 0.68352
vn 0.20281 -0.63475 0.74562
vn 0.31918 -0.60753 0.72734
vn 0.38306 -0.49827 0.77781
vn 0.47964 -0.47876 0.73535
vn 0.54653 -0.33702 0.76663
vn 0.78124 -0.28755 0.55405
vn 0.25701 -0.5511 -0.79387
vn 0.25196 -0.70224 -0.66587
vn 0.42027 -0.42338 -0.80257
vn 0.71145 -0.19717 -0.67451
vn 0.72837 -0.30318 -0.61446
vn 0.54653 -0.33702 -0.76663
vn 0.43124 -0.56174 -0.70603
vn 0.81664 -0.57282 0.07056
vn 0.17711 -0.80265 0.56955
vn 0.31732 -0.78351 0.53424
vn 0.40265 -0.69343 0.59752
vn 0.51507 -0.67237 0.53162
vn 0.60634 -0.54272 0.58122
vn 0.68582 -0.52327 0.5058
vn 0.77171 -0.36444 0.52119
vn 0.81786 -0.34712 0.45892
vn 0.15089 -0.9441 0.29311
vn 0.24337 -0.94574 0.21529
vn 0.39914 -0.86711 0.298
vn 0.4768 -0.85512 0.20353
vn 0.6241 -0.73132 0.27509
vn 0.68235 -0.70735 0.18455
vn 0.8374 -0.49085 0.24046
vn 0.83871 -0.49069 0.23621
vn 0.8387 -0.49075 -0.23611
vn 0.79285 -0.39493 -0.46413
vn 0.79497 -0.30834 -0.52244
vn 0.63634 -0.59386 -0.49234
vn 0.64821 -0.46752 -0.60104
vn 0.43483 -0.75991 -0.48317
vn 0.46716 -0.6091 -0.6409
vn 0.20573 -0.87226 -0.44365
vn 0.26688 -0.72174 -0.63865
vn 0.81664 -0.57282 -0.07056
vn 0.8374 -0.49091 -0.24035
vn 0.63364 -0.75525 -0.16761
vn 0.67429 -0.67494 -0.29966
vn 0.4051 -0.89852 -0.16896
vn 0.46331 -0.82209 -0.33092
vn 0.15086 -0.97475 -0.16464
vn 0.22644 -0.9163 -0.33033
vn 0.74009 -0.12808 -0.6602
vn 0.78862 -0.40247 -0.46486
vn 0.81763 -0.28138 -0.5023
vn 0.78633 -0.57242 -0.23242
vn 0.82091 -0.48668 -0.29873
vn 0.77788 -0.6254 -0.06142
vn 0.7758 -0.62838 -0.05717
vn 0.60888 -0.13329 -0.78198
vn 0.57637 -0.08394 -0.81287
vn 0.62451 -0.4026 -0.66926
vn 0.63965 -0.41795 -0.64511
vn 0.63685 -0.64471 -0.42281
vn 0.62493 -0.63532 -0.45368
vn 0.58045 -0.80334 -0.13311
vn 0.55502 -0.79849 -0.23315
vn 0.34213 -0.1511 -0.92742
vn 0.35452 -0.1674 -0.91994
vn 0.38286 -0.48826 -0.78423
vn 0.39494 -0.50079 -0.77021
vn 0.39364 -0.76009 -0.51702
vn 0.38299 -0.75218 -0.53624
vn 0.35176 -0.91724 -0.18692
vn 0.32535 -0.91209 -0.24949
vn 0.74009 -0.12807 0.6602
vn 0.78245 -0.31403 0.53774
vn 0.82168 -0.33932 0.45794
vn 0.80789 -0.5 0.31196
vn 0.81533 -0.52926 0.23477
vn 0.77639 -0.62771 0.05658
vn 0.77663 -0.62698 0.06113
vn 0.54481 -0.82472 0.15171
vn 0.59688 -0.7757 0.20499
vn 0.62443 -0.65207 0.42998
vn 0.63973 -0.62704 0.44449
vn 0.63679 -0.39581 0.66169
vn 0.62502 -0.42669 0.65367
vn 0.5855 -0.1208 0.80162
vn 0.59363 -0.08843 0.79986
vn 0.32083 -0.92711 0.19376
vn 0.35913 -0.90294 0.23607
vn 0.38279 -0.76353 0.52009
vn 0.39502 -0.74881 0.5322
vn 0.39358 -0.48536 0.78072
vn 0.38307 -0.50464 0.77369
vn 0.3517 -0.14908 0.92417
vn 0.33548 -0.18816 0.92306
vn 0.13037 -0.98744 0.08928
vn 0.14759 -0.98895 0.01396
vn 0.39176 -0.91751 0.06856
vn 0.40342 -0.91469 0.0244
vn 0.62876 -0.77611 0.04811
vn 0.63457 -0.77237 0.02764
vn 0.81476 -0.57901 0.03022
vn 0.81622 -0.57721 0.0248
vn 0.29786 -0.95461 0
vn 0.51587 -0.85667 0
vn 0.70772 -0.70649 0
vn 0.85515 -0.51838 0
vn 0.14981 -0.98397 -0.0967
vn 0.13266 -0.9911 -0.01067
vn 0.40491 -0.91156 -0.07154
vn 0.39345 -0.91905 -0.02338
vn 0.63524 -0.77077 -0.04881
vn 0.62953 -0.77648 -0.02755
vn 0.81636 -0.57675 -0.03023
vn 0.81492 -0.57904 -0.02487
vn 0.51581 -0.85657 -0.01512
vn 0.27487 -0.9611 -0.0271
vn 0.76912 -0.63852 -0.02742
vn 0.70763 -0.70641 -0.01548
vn 0.52309 -0.85164 -0.03291
vn 0.3035 -0.95191 -0.04192
vn 0.27425 -0.96086 -0.03911
vn 0.1377 -0.9896 -0.04169
vn 0.29785 -0.95458 -0.00831
vn 0.32837 -0.94439 -0.01755
vn 0.49401 -0.86927 -0.01806
vn 0.49404 -0.86859 -0.0384
vn 0.75941 -0.65016 -0.02409
vn 0.76781 -0.64021 -0.02456
vn 0.85507 -0.51833 -0.01369
vn 0.51589 -0.85665 0
vn 0.1797 -0.98372 0
vn 0.62074 -0.78402 0
vn 0.621 -0.78381 -0.0003
vn 0.55183 -0.833 0.03994
vn 0.1953 -0.98074 0
vn 0.26996 -0.96287 0
vn 0.34273 -0.93944 0
vn 0.40637 -0.91371 0
vn 0.49378 -0.86959 0
vn 0.55227 -0.83366 0
vn 0.60516 -0.79605 -0.00921
vn 0.621 -0.78381 0.0003
vn 0.76912 -0.63852 0.02742
vn 0.76334 -0.64582 0.01489
vn 0.3035 -0.95191 0.04192
vn 0.49405 -0.86876 0.03429
vn 0.524 -0.85091 0.03714
vn 0.85478 -0.51816 0.02956
vn 0.75941 -0.65016 0.02409
vn 0.70763 -0.70641 0.01548
vn 0.49398 -0.86934 0.01503
vn 0.51578 -0.85653 0.01808
vn 0.29785 -0.95458 0.00831
vn 0.32837 -0.94439 0.01755
vn 0.27487 -0.9611 0.0271
vn 0.27425 -0.96086 0.03911
vn 0.1377 -0.9896 0.04169
vn 0.18996 -0.98179 0.00271
vn 0.13272 -0.99112 0.0078
vn 0.45982 -0.88801 0.00182
vn 0.39386 -0.91914 0.00686
vn 0.62011 -0.78448 0.00797
vn 0.63003 -0.77653 0.00735
vn 0.81657 -0.57707 0.0141
vn 0.81517 -0.57904 0.01429
vn 0.18996 -0.98179 0
vn 0.45982 -0.88801 0
vn 0.62013 -0.7845 0
vn 0.81665 -0.57713 0
vn 0.81657 -0.57707 -0.01427
vn 0.81518 -0.57904 -0.01404
vn 0.62011 -0.78448 -0.00702
vn 0.63002 -0.77654 -0.00801
vn 0.45981 -0.88799 -0.00722
vn 0.39394 -0.91913 -0.00313
vn 0.18995 -0.98177 -0.00684
vn 0.13286 -0.99113 -0.0019
vn -0.70712 -0.7071 -1E-05
vn -0.70712 -0.7071 1E-05
vn -0.70711 -0.7071 0
vn -0.70711 -0.7071 0
vn -0.70711 -0.7071 -0
vn 0.70712 -0.70709 -1E-05
vn 0.70712 -0.70709 1E-05
vn 0.70711 -0.7071 0
vn 0.70711 -0.7071 0
vn 0.70711 -0.7071 -0
vn 0.30945 -0.0074 -0.95089
vn 0.18598 -0.1712 -0.96752
vn 0.48921 -0.07266 -0.86914
vn 0.47076 -0.15087 -0.86926
vn 0.32948 -0.33809 -0.88155
vn 0.34008 -0.30839 -0.88839
vn 0.18352 -0.48003 -0.85784
vn 0.19986 -0.17982 -0.96318
vn 0.19553 -0.17913 -0.9642
vn 0.22497 -0.52711 -0.81948
vn 0.2102 -0.52461 -0.82499
vn 0.21706 -0.80751 -0.54846
vn 0.19441 -0.80496 -0.56058
vn 0.1781 -0.96178 -0.20798
vn 0.15139 -0.96222 -0.22632
vn 0.40631 -0.91358 -0.01691
vn 0.55213 -0.83344 -0.02298
vn 0.13649 -0.98868 -0.06236
vn 0.15917 -0.98635 -0.04228
vn 0.18022 -0.98211 -0.05464
vn 0.17957 -0.9834 -0.02599
vn 0.19241 -0.98086 -0.02978
vn 0.19467 -0.98084 -0.00798
vn 0.1953 -0.98071 -0.00813
vn 0.2919 -0.75799 -0.5833
vn 0.32874 -0.76111 -0.55914
vn 0.3402 -0.77827 -0.52779
vn 0.62053 -0.78376 -0.02582
vn 0.62053 -0.78376 -0.02583
vn 0.61436 -0.78327 -0.0951
vn 0.61437 -0.78327 -0.0951
vn 0.59494 -0.78327 -0.18036
vn 0.59494 -0.78327 -0.18037
vn 0.56375 -0.78327 -0.26206
vn 0.56375 -0.78327 -0.26206
vn 0.5214 -0.78327 -0.33857
vn 0.5214 -0.78327 -0.33857
vn 0.46874 -0.78327 -0.40838
vn 0.46874 -0.78327 -0.40838
vn 0.26994 -0.96281 -0.01123
vn 0.26994 -0.96281 -0.01123
vn 0.26739 -0.9627 -0.04139
vn 0.26739 -0.9627 -0.04139
vn 0.25894 -0.9627 -0.0785
vn 0.25894 -0.9627 -0.0785
vn 0.24725 -0.96278 -0.10919
vn 0.24156 -0.96387 -0.11229
vn 0.22225 -0.95951 -0.17304
vn 0.28228 -0.94648 -0.1565
vn 0.34269 -0.93934 -0.01426
vn 0.4001 -0.91646 -0.00391
vn 0.39534 -0.91649 -0.0612
vn 0.39534 -0.91649 -0.0612
vn 0.38284 -0.91649 -0.11606
vn 0.38284 -0.91649 -0.11606
vn 0.36277 -0.91649 -0.16863
vn 0.36277 -0.91649 -0.16863
vn 0.32658 -0.91588 -0.23346
vn 0.35409 -0.90651 -0.22993
vn 0.33445 -0.90492 -0.26318
vn 0.49367 -0.86941 -0.02055
vn 0.52324 -0.85201 0.01719
vn 0.51576 -0.85301 -0.07984
vn 0.51576 -0.85301 -0.07984
vn 0.49945 -0.85301 -0.15142
vn 0.49945 -0.85301 -0.15142
vn 0.47327 -0.85301 -0.22
vn 0.47327 -0.85301 -0.22
vn 0.43771 -0.85301 -0.28423
vn 0.43771 -0.85301 -0.28423
vn 0.39433 -0.85305 -0.34178
vn 0.39304 -0.85338 -0.34243
vn 0.35905 -0.84122 -0.40426
vn 0.41065 -0.78344 -0.46646
vn 0.40472 -0.78578 -0.46771
vn 0.51565 -0.85625 -0.03071
vn 0.50306 -0.864 -0.02094
vn 0.52232 -0.84891 -0.08085
vn 0.47971 -0.87131 -0.10346
vn 0.50906 -0.84679 -0.15433
vn 0.45507 -0.8695 -0.19205
vn 0.47323 -0.85303 -0.21998
vn 0.42519 -0.85992 -0.28239
vn 0.41895 -0.8663 -0.27204
vn 0.1452 -0.93465 -0.32457
vn 0.39811 -0.84924 -0.34684
vn 0.35135 -0.8712 -0.34287
vn 0.34818 -0.84669 -0.40236
vn 0.28296 -0.86977 -0.40427
vn 0.28317 -0.85253 -0.43932
vn 0.23972 -0.85795 -0.45437
vn 0.24034 -0.84356 -0.48025
vn 0.06298 -0.9882 -0.13962
vn 0.00166 -0.99998 -0.0059
vn 0.01897 -0.99801 -0.06006
vn 0.08536 -0.98775 -0.13066
vn 0.08241 -0.98369 -0.15986
vn 0.10348 -0.98358 -0.14785
vn 0.10348 -0.98358 -0.14785
vn 0.12916 -0.98358 -0.12604
vn 0.12916 -0.98358 -0.12604
vn 0.15033 -0.98358 -0.09984
vn 0.15033 -0.98358 -0.09984
vn 0.16626 -0.98358 -0.07017
vn 0.16626 -0.98358 -0.07017
vn 0.17641 -0.98358 -0.03805
vn 0.17641 -0.98358 -0.03805
vn 0.17969 -0.98366 -0.0107
vn 0.17969 -0.98366 -0.0107
vn 0.51577 -0.85645 0.02183
vn 0.49521 -0.86877 0.00115
vn 0.4887 -0.87242 0.00777
vn 0.51589 -0.85665 -0.00101
vn 0.47868 -0.87781 -0.01787
vn 0.4887 -0.87242 -0.00777
vn 0.17949 -0.98255 0.04888
vn 0.10966 -0.99379 -0.0187
vn 0.10993 -0.99379 0.01732
vn 0.08744 -0.99616 -0.00401
vn 0.08743 -0.99604 -0.01596
vn 0.1098 -0.99395 0.00338
vn 0.11002 -0.99332 -0.03484
vn 0.12648 -0.99182 0.01712
vn 0.17947 -0.98247 -0.0505
vn -0.05833 -0.25838 -0.96428
vn -0.04273 -0.70646 -0.70646
vn -0.01565 -0.96581 -0.25879
vn -0.01565 -0.96581 -0.25879
vn -0.04673 -0.96581 -0.25501
vn -0.04673 -0.96581 -0.25501
vn -0.07713 -0.96581 -0.24752
vn -0.07713 -0.96581 -0.24752
vn -0.1064 -0.96581 -0.23642
vn -0.1064 -0.96581 -0.23642
vn -0.13412 -0.96581 -0.22187
vn -0.13412 -0.96581 -0.22187
vn -0.15989 -0.96581 -0.20408
vn -0.15989 -0.96581 -0.20408
vn -0.18332 -0.96581 -0.18332
vn -0.18332 -0.96581 -0.18332
vn -0.20408 -0.96581 -0.15989
vn -0.20409 -0.96581 -0.15989
vn -0.22187 -0.96581 -0.13413
vn -0.22187 -0.96581 -0.13413
vn -0.23642 -0.96581 -0.1064
vn -0.23642 -0.96581 -0.1064
vn -0.24752 -0.96581 -0.07713
vn -0.24752 -0.96581 -0.07713
vn -0.25501 -0.96581 -0.04673
vn -0.25501 -0.96581 -0.04673
vn -0.25878 -0.96581 -0.01565
vn -0.25878 -0.96581 -0.01565
vn -0.25878 -0.96581 0.01565
vn -0.25878 -0.96581 0.01565
vn -0.25501 -0.96581 0.04673
vn -0.25501 -0.96581 0.04673
vn -0.24752 -0.96581 0.07713
vn -0.24752 -0.96581 0.07713
vn -0.23642 -0.96581 0.1064
vn -0.23642 -0.96581 0.1064
vn -0.22187 -0.96581 0.13413
vn -0.22187 -0.96581 0.13413
vn -0.20409 -0.96581 0.15989
vn -0.20408 -0.96581 0.15989
vn -0.18332 -0.96581 0.18332
vn -0.18332 -0.96581 0.18332
vn -0.15989 -0.96581 0.20408
vn -0.15989 -0.96581 0.20408
vn -0.13412 -0.96581 0.22187
vn -0.13412 -0.96581 0.22187
vn -0.1064 -0.96581 0.23642
vn -0.1064 -0.96581 0.23642
vn -0.07713 -0.96581 0.24752
vn -0.07713 -0.96581 0.24752
vn -0.04673 -0.96581 0.25501
vn -0.04673 -0.96581 0.25501
vn -0.01565 -0.96581 0.25879
vn -0.01565 -0.96581 0.25878
vn -0.04273 -0.70646 -0.70646
vn -0.12758 -0.70646 -0.69616
vn -0.12758 -0.70646 -0.69616
vn -0.21056 -0.70646 -0.67571
vn -0.21056 -0.70646 -0.67571
vn -0.29047 -0.70646 -0.6454
vn -0.29047 -0.70646 -0.6454
vn -0.36615 -0.70646 -0.60568
vn -0.36615 -0.70646 -0.60568
vn -0.43649 -0.70646 -0.55713
vn -0.43649 -0.70646 -0.55713
vn -0.50046 -0.70646 -0.50046
vn -0.50046 -0.70646 -0.50046
vn -0.55713 -0.70646 -0.43648
vn -0.55713 -0.70646 -0.43648
vn -0.60568 -0.70646 -0.36615
vn -0.60568 -0.70646 -0.36615
vn -0.6454 -0.70646 -0.29047
vn -0.64539 -0.70647 -0.29047
vn -0.6757 -0.70647 -0.21056
vn -0.6757 -0.70646 -0.21056
vn -0.69616 -0.70646 -0.12758
vn -0.69616 -0.70646 -0.12758
vn -0.70646 -0.70646 -0.04273
vn -0.70646 -0.70646 -0.04273
vn -0.70646 -0.70646 0.04273
vn -0.70646 -0.70646 0.04273
vn -0.69616 -0.70646 0.12758
vn -0.69616 -0.70646 0.12758
vn -0.6757 -0.70646 0.21056
vn -0.6757 -0.70647 0.21056
vn -0.64539 -0.70647 0.29047
vn -0.6454 -0.70646 0.29047
vn -0.60568 -0.70646 0.36615
vn -0.60568 -0.70646 0.36615
vn -0.55713 -0.70646 0.43648
vn -0.55713 -0.70646 0.43649
vn -0.50046 -0.70646 0.50046
vn -0.50046 -0.70646 0.50046
vn -0.43649 -0.70646 0.55713
vn -0.43649 -0.70646 0.55713
vn -0.36615 -0.70646 0.60569
vn -0.36615 -0.70646 0.60568
vn -0.29047 -0.70646 0.6454
vn -0.29047 -0.70646 0.6454
vn -0.21056 -0.70646 0.67571
vn -0.21056 -0.70646 0.67571
vn -0.12758 -0.70646 0.69616
vn -0.12757 -0.70646 0.69616
vn -0.04273 -0.70646 0.70646
vn -0.04273 -0.70646 0.70646
vn -0.05833 -0.25838 -0.96428
vn -0.17413 -0.25838 -0.95022
vn -0.17413 -0.25838 -0.95022
vn -0.2874 -0.25838 -0.9223
vn -0.2874 -0.25838 -0.9223
vn -0.39648 -0.25838 -0.88094
vn -0.39648 -0.25838 -0.88094
vn -0.49977 -0.25838 -0.82672
vn -0.49977 -0.25838 -0.82672
vn -0.59578 -0.25838 -0.76045
vn -0.59578 -0.25838 -0.76045
vn -0.6831 -0.25838 -0.6831
vn -0.6831 -0.25838 -0.6831
vn -0.76045 -0.25838 -0.59578
vn -0.76046 -0.25837 -0.59578
vn -0.82672 -0.25837 -0.49977
vn -0.82672 -0.25838 -0.49977
vn -0.88093 -0.25838 -0.39648
vn -0.88093 -0.25838 -0.39648
vn -0.9223 -0.25838 -0.2874
vn -0.92231 -0.25836 -0.2874
vn -0.95022 -0.25836 -0.17414
vn -0.95023 -0.25836 -0.17413
vn -0.96429 -0.25836 -0.05833
vn -0.96428 -0.25837 -0.05833
vn -0.96428 -0.25837 0.05833
vn -0.96429 -0.25836 0.05833
vn -0.95023 -0.25836 0.17414
vn -0.95022 -0.25836 0.17413
vn -0.92231 -0.25836 0.2874
vn -0.9223 -0.25837 0.2874
vn -0.88094 -0.25837 0.39648
vn -0.88094 -0.25838 0.39648
vn -0.82672 -0.25838 0.49977
vn -0.82672 -0.25837 0.49977
vn -0.76046 -0.25837 0.59578
vn -0.76046 -0.25838 0.59578
vn -0.6831 -0.25838 0.6831
vn -0.6831 -0.25838 0.68309
vn -0.59578 -0.25838 0.76045
vn -0.59578 -0.25838 0.76045
vn -0.49977 -0.25838 0.82672
vn -0.49977 -0.25838 0.82672
vn -0.39648 -0.25838 0.88094
vn -0.39648 -0.25838 0.88093
vn -0.2874 -0.25838 0.9223
vn -0.2874 -0.25837 0.9223
vn -0.17413 -0.25837 0.95022
vn -0.17413 -0.25838 0.95022
vn -0.05833 -0.25838 0.96428
vn -0.05833 -0.25838 0.96428
vn 0.30254 -0.84949 0.43224
vn 0.22913 -0.85899 0.45786
vn 0.2483 -0.84966 0.46522
vn 0.1405 -0.93742 0.31858
vn 0.35253 -0.88396 0.30714
vn 0.34818 -0.84669 0.40236
vn 0.26071 -0.8766 0.40448
vn 0.38821 -0.8401 0.37884
vn 0.41758 -0.86528 0.27734
vn 0.4285 -0.85963 0.27825
vn 0.48454 -0.85053 0.20448
vn 0.43788 -0.87569 0.20355
vn 0.5323 -0.83874 0.1148
vn 0.46026 -0.88492 0.07124
vn 0.50906 -0.84679 0.15433
vn 0.51578 -0.85645 0.02147
vn 0.50615 -0.86192 0.03014
vn 0.17969 -0.98366 0.0107
vn 0.17969 -0.98366 0.0107
vn 0.17641 -0.98358 0.03805
vn 0.17641 -0.98358 0.03805
vn 0.16627 -0.98358 0.07017
vn 0.16626 -0.98358 0.07017
vn 0.15033 -0.98358 0.09984
vn 0.15033 -0.98358 0.09984
vn 0.12916 -0.98358 0.12604
vn 0.12915 -0.98358 0.12604
vn 0.10348 -0.98358 0.14785
vn 0.10348 -0.98358 0.14785
vn 0.08397 -0.98371 0.15897
vn 0.05935 -0.98953 0.13156
vn 0.08077 -0.98882 0.12537
vn 0.01623 -0.99821 0.05754
vn 0.26085 -0.95773 0.12126
vn 0.3538 -0.90667 0.22974
vn 0.35905 -0.84122 0.40426
vn 0.34269 -0.93934 0.01426
vn 0.15416 -0.98694 0.04673
vn 0.17997 -0.98274 0.04284
vn 0.17962 -0.98334 0.0278
vn 0.19279 -0.98089 0.02615
vn 0.19466 -0.98084 0.0081
vn 0.1953 -0.98071 0.00798
vn 0.40636 -0.91371 0.00277
vn 0.55144 -0.83241 -0.05488
vn 0.61436 -0.78327 0.0951
vn 0.61437 -0.78327 0.0951
vn 0.59494 -0.78327 0.18037
vn 0.59494 -0.78327 0.18037
vn 0.56375 -0.78327 0.26206
vn 0.56375 -0.78327 0.26206
vn 0.5214 -0.78327 0.33857
vn 0.5214 -0.78327 0.33857
vn 0.46874 -0.78327 0.40838
vn 0.2919 -0.75799 0.5833
vn 0.35067 -0.76227 0.54403
vn 0.33386 -0.77723 0.53334
vn 0.40472 -0.78578 0.46771
vn 0.41065 -0.78344 0.46646
vn 0.46874 -0.78327 0.40838
vn 0.39304 -0.85338 0.34243
vn 0.28541 -0.92831 0.23828
vn 0.19758 -0.97084 0.1358
vn 0.13622 -0.9887 0.0626
vn 0.24748 -0.96279 0.1086
vn 0.25894 -0.9627 0.0785
vn 0.25894 -0.9627 0.0785
vn 0.26739 -0.9627 0.04139
vn 0.26739 -0.9627 0.04139
vn 0.26994 -0.96281 0.01123
vn 0.26994 -0.96281 0.01123
vn 0.23405 -0.9572 0.17025
vn 0.38708 -0.91389 0.12238
vn 0.36277 -0.91649 0.16863
vn 0.36277 -0.91649 0.16863
vn 0.38284 -0.91649 0.11606
vn 0.38284 -0.91649 0.11606
vn 0.39534 -0.91649 0.0612
vn 0.39534 -0.91649 0.0612
vn 0.39916 -0.91673 0.01661
vn 0.49367 -0.86941 0.02055
vn 0.33428 -0.90505 0.26296
vn 0.39433 -0.85305 0.34178
vn 0.43771 -0.85301 0.28423
vn 0.43771 -0.85301 0.28423
vn 0.47327 -0.85301 0.22
vn 0.47327 -0.85301 0.22
vn 0.49945 -0.85301 0.15142
vn 0.49945 -0.85301 0.15142
vn 0.51576 -0.85301 0.07984
vn 0.51576 -0.85301 0.07984
vn 0.52084 -0.85338 0.02168
vn 0.62053 -0.78376 0.02582
vn 0.62053 -0.78376 0.02583
vn 0.15058 -0.96531 0.21329
vn 0.17917 -0.95856 0.22151
vn 0.19435 -0.81014 0.55308
vn 0.21732 -0.80165 0.55689
vn 0.21049 -0.52854 0.8224
vn 0.22475 -0.52226 0.82264
vn 0.19565 -0.1802 0.96398
vn 0.19975 -0.17838 0.96347
vn 0.30906 -0.00737 0.95101
vn 0.18598 -0.17066 0.96762
vn 0.43096 -0.11442 0.89509
vn 0.50964 -0.08998 0.85567
vn 0.34822 -0.31506 0.88288
vn 0.32131 -0.33037 0.88748
vn 0.18338 -0.47991 0.85794
vn 0.20598 -0.10771 -0.97261
vn 0.22383 -0.21253 -0.95117
vn 0.18192 -0.48343 -0.85627
vn 0.22846 -0.59661 -0.76933
vn 0.58383 0.00162 -0.81188
vn 0.32397 -0.00158 -0.94607
vn 0.321 0 -0.94708
vn 0.16146 -0.96401 -0.21122
vn 0.16073 -0.94995 -0.26789
vn 0.19546 -0.81002 -0.55286
vn 0.19135 -0.78531 -0.58879
vn 0.20137 -0.52938 -0.82414
vn 0.19661 -0.507 -0.83923
vn 0.17812 -0.18169 -0.96709
vn 0.14567 -0.20783 -0.96726
vn 0.15426 -0.17339 -0.9727
vn 0.17516 -0.16982 -0.96978
vn 0.28693 -0.90465 -0.31509
vn 0.27601 -0.88132 -0.38353
vn 0.25946 -0.74093 -0.61943
vn 0.24519 -0.7078 -0.66249
vn 0.19839 -0.47901 -0.8551
vn 0.18573 -0.44914 -0.87394
vn 0.16839 -0.41493 -0.89413
vn 0.18605 -0.44904 -0.87393
vn 0.25218 -0.65975 -0.70791
vn 0.27323 -0.69864 -0.66125
vn 0.30936 -0.83407 -0.45675
vn 0.32775 -0.86443 -0.38125
vn 0.23025 -0.93817 -0.25849
vn 0.22507 -0.92009 -0.32058
vn 0.23258 -0.77831 -0.58321
vn 0.22391 -0.74982 -0.6226
vn 0.20286 -0.50593 -0.83838
vn 0.19452 -0.47997 -0.85544
vn 0.14433 -0.15874 -0.97671
vn 0.11494 -0.16609 -0.97939
vn 0.10709 -0.14772 -0.98322
vn 0.08065 -0.15638 -0.9844
vn 0.06992 -0.13528 -0.98834
vn 0.26712 -0.67364 -0.6891
vn 0.04357 -0.10517 -0.9935
vn 0.05263 -0.12329 -0.99097
vn 0.12841 -0.31319 -0.94097
vn 0.15442 -0.36613 -0.91766
vn 0.20776 -0.50678 -0.83667
vn 0.24573 -0.58557 -0.77248
vn 0.26732 -0.64687 -0.71421
vn 0.32608 -0.75284 -0.57176
vn 0.35179 -0.81709 -0.45673
vn 0.3188 -0.75598 -0.57172
vn 0.2801 -0.64849 -0.70782
vn 0.2465 -0.58524 -0.77249
vn 0.17811 -0.41101 -0.89406
vn 0.15439 -0.36614 -0.91766
vn 0.06076 -0.13895 -0.98843
vn 0.0525 -0.12334 -0.99097
vn 0.15279 -0.52655 -0.8363
vn -0.03422 -0.95561 -0.29263
vn 0.00913 -0.90029 -0.43519
vn 0.05229 -0.97759 -0.20392
vn -0.03562 -0.98167 -0.18725
vn 0.03149 -0.15529 -0.98737
vn 0.01134 -0.11686 -0.99308
vn 0.15349 -0.6328 -0.75895
vn 0.1968 -0.69829 -0.68823
vn 0.20685 -0.81093 -0.54736
vn 0.0738 -0.33276 -0.94012
vn 0.07617 -0.3673 -0.92698
vn 0.04543 -0.4627 -0.88535
vn 0.10418 -0.64244 -0.75922
vn 0.07806 -0.72541 -0.68388
vn 0.13067 -0.82629 -0.54788
vn 0.10765 -0.89707 -0.42857
vn 0.01003 -0.25881 -0.96588
vn -0.04277 -0.16203 -0.98586
vn 0.06844 -0.60733 -0.79149
vn -0.00988 -0.46723 -0.88408
vn 0.05515 -0.79214 -0.60784
vn 0.01778 -0.73017 -0.68303
vn 0.02597 -0.79567 -0.60518
vn 0.07549 -0.90392 -0.42099
vn 0.04063 -0.95517 -0.29327
vn 0 -0.25882 -0.96593
vn 0 -0.25882 -0.96593
vn 0 -0.60876 -0.79335
vn -0.00603 -0.70709 -0.7071
vn -0 -0.98229 -0.18737
vn -0.00485 -0.96591 -0.25881
vn 0 -0.90033 -0.43521
vn -0 -0.79335 -0.60876
vn 0.09148 -0.9912 -0.09568
vn -0.61798 -0.1326 -0.77493
vn 0.68496 -0.13259 -0.71641
vn 0.06704 -0.08238 -0.99434
vn 0.04447 -0.13259 -0.99017
vn 0.20673 -0.13275 -0.96935
vn 0.22127 -0.10597 -0.96944
vn 0.29277 -0.1331 -0.94687
vn 0.38955 -0.13259 -0.91141
vn 0.38956 -0.1326 -0.91141
vn 0.50313 -0.13302 -0.85391
vn 0.58222 -0.04541 -0.81176
vn 0.54603 -0.13259 -0.8272
vn 0.68496 -0.1326 -0.71641
vn 0.97826 -0.1331 -0.15904
vn 0.95545 -0.13259 -0.26369
vn 0.95545 -0.1326 -0.26369
vn 0.91528 -0.13305 -0.38021
vn 0.89769 -0.08524 -0.4323
vn 0.87752 -0.13293 -0.46074
vn 0.80187 -0.1326 -0.5826
vn 0.80354 -0.12806 -0.58131
vn 0.74766 -0.13312 -0.6506
vn 0.99326 -0.09156 -0.07104
vn 0.98718 -0.13259 -0.08885
vn 0.98862 -0.13279 0.07071
vn 0.99096 -0.10018 0.08919
vn 0.97826 -0.1331 0.15904
vn 0.95545 -0.13259 0.26369
vn 0.95545 -0.1326 0.26369
vn 0.68496 -0.13259 0.71641
vn 0.7477 -0.13312 0.65056
vn 0.80234 -0.12819 0.58294
vn 0.80306 -0.13262 0.58095
vn 0.89301 -0.1326 0.43005
vn 0.88406 -0.05467 0.46417
vn 0.91528 -0.13305 0.38021
vn 0.29278 -0.13311 0.94687
vn 0.38955 -0.1326 0.91141
vn 0.38955 -0.1326 0.91141
vn 0.50313 -0.13302 0.85391
vn 0.54897 -0.08358 0.83165
vn 0.57765 -0.13295 0.80539
vn 0.68496 -0.1326 0.71641
vn 0.20752 -0.10074 0.97303
vn 0.22056 -0.13259 0.96632
vn 0.06667 -0.13283 0.98889
vn 0.04466 -0.09521 0.99446
vn -0.02224 -0.13309 0.99085
vn -0.13305 -0.1326 0.9822
vn -0.13305 -0.1326 0.9822
vn -0.61798 -0.1326 0.77493
vn -0.54094 -0.13312 0.83046
vn -0.47045 -0.11999 0.87423
vn -0.46433 -0.13266 0.87567
vn -0.30629 -0.1326 0.94266
vn -0.33728 -0.06393 0.93923
vn -0.25 -0.13306 0.95906
vn -0.89729 -0.13311 0.42089
vn -0.85087 -0.13259 0.50837
vn -0.85087 -0.13259 0.50837
vn -0.77614 -0.133 0.61637
vn -0.75049 -0.08275 0.65568
vn -0.71777 -0.13298 0.68346
vn -0.61798 -0.1326 0.77493
vn -0.93408 -0.10987 0.33974
vn -0.92797 -0.1326 0.34827
vn -0.97017 -0.13286 0.20277
vn -0.97984 -0.09106 0.17781
vn -0.98441 -0.13307 0.11498
vn -0.99117 -0.13259 0
vn -0.99117 -0.13259 0
vn -0.77614 -0.133 -0.61637
vn -0.85087 -0.13259 -0.50837
vn -0.85087 -0.13259 -0.50837
vn -0.89729 -0.13311 -0.4209
vn -0.93028 -0.11257 -0.34914
vn -0.93146 -0.13271 -0.33878
vn -0.97524 -0.1326 -0.17698
vn -0.97623 -0.07316 -0.20404
vn -0.98441 -0.13307 -0.11498
vn -0.72373 -0.03613 -0.68914
vn -0.74642 -0.1326 -0.65213
vn -0.61798 -0.1326 -0.77493
vn -0.02223 -0.13309 -0.99085
vn -0.13305 -0.13259 -0.9822
vn -0.13305 -0.1326 -0.9822
vn -0.25 -0.13306 -0.95906
vn -0.30783 -0.08773 -0.94739
vn -0.33497 -0.13289 -0.93281
vn -0.46968 -0.13259 -0.87282
vn -0.46514 -0.11899 -0.8772
vn -0.54093 -0.13312 -0.83046
vn 0.00762 -0.992 0.12601
vn 0.00589 -0.99135 0.13109
vn 0.02431 -0.99086 0.13266
vn 0.02798 -0.99206 0.1226
vn 0.04076 -0.99057 0.1308
vn 0.04996 -0.99189 0.1169
vn 0.08767 -0.99192 0.09169
vn 0.08454 -0.99056 0.1079
vn 0.06934 -0.99205 0.10505
vn 0.0696 -0.99091 0.11513
vn 0.05417 -0.99125 0.12037
vn 0.11407 -0.99195 0.05494
vn 0.11735 -0.99055 0.07094
vn 0.10196 -0.99203 0.07408
vn 0.10561 -0.99096 0.08274
vn 0.09367 -0.99119 0.09367
vn 0.13311 -0.99103 -0.01198
vn 0.13312 -0.99107 0.00805
vn 0.12588 -0.99198 0.01133
vn 0.13491 -0.99055 0.02472
vn 0.12165 -0.99201 0.03357
vn 0.12771 -0.99101 0.0398
vn 0.12122 -0.99113 0.05455
vn 0.11722 -0.99243 -0.03653
vn 0.13491 -0.99055 -0.02472
vn 0.12327 -0.99235 -0.00746
vn 0.12949 -0.99094 -0.03574
vn 0.11982 -0.99112 -0.0577
vn 0.11326 -0.99226 -0.05097
vn 0.10926 -0.99084 -0.07938
vn 0.09607 -0.99252 -0.07527
vn 0.11735 -0.99055 -0.07094
vn 0.06275 -0.99262 -0.10381
vn 0.08454 -0.99056 -0.1079
vn 0.08831 -0.99217 -0.08831
vn 0.07482 -0.99074 -0.11334
vn 0.05179 -0.99128 -0.12118
vn 0.05154 -0.99208 -0.11451
vn -0.12513 -0.99103 -0.04696
vn -0.11473 -0.99103 -0.06855
vn -0.11473 -0.99103 -0.06855
vn -0.10065 -0.99103 -0.08793
vn -0.10065 -0.99103 -0.08793
vn -0.08333 -0.99103 -0.10449
vn -0.08333 -0.99103 -0.10449
vn -0.06333 -0.99103 -0.11769
vn -0.06333 -0.99103 -0.11769
vn -0.0413 -0.99103 -0.12711
vn -0.0413 -0.99103 -0.12711
vn -0.01794 -0.99103 -0.13244
vn -0.01794 -0.99103 -0.13244
vn -0.00299 -0.9911 -0.13312
vn 0.00572 -0.99185 -0.12729
vn 0.00794 -0.99132 -0.13127
vn 0.0304 -0.99063 -0.13317
vn 0.02173 -0.99271 -0.11858
vn 0.04076 -0.99057 -0.1308
vn -0.17242 -0.98501 0.00536
vn -0.17479 -0.98428 0.02535
vn -0.12473 -0.99193 -0.02263
vn -0.13056 -0.99106 -0.02729
vn -0.12513 -0.99103 -0.04696
vn -0.00299 -0.9911 0.13312
vn -0.01794 -0.99103 0.13244
vn -0.01794 -0.99103 0.13244
vn -0.0413 -0.99103 0.12711
vn -0.0413 -0.99103 0.12711
vn -0.06333 -0.99103 0.11769
vn -0.06333 -0.99103 0.11769
vn -0.08333 -0.99103 0.10449
vn -0.08333 -0.99103 0.10449
vn -0.10065 -0.99103 0.08793
vn -0.10065 -0.99103 0.08793
vn -0.11473 -0.99103 0.06855
vn -0.11473 -0.99103 0.06855
vn -0.12513 -0.99103 0.04696
vn -0.12513 -0.99103 0.04696
vn -0.13056 -0.99106 0.02729
vn -0.12473 -0.99193 0.02263
vn -0.1679 -0.98563 -0.0187
vn -0.17423 -0.9847 0
vn -0.17517 -0.98454 -0.00025
vn -0.17417 -0.98472 0.00019
vn 0.90184 -0.42437 0.08117
vn 0.87286 -0.42437 0.24089
vn 0.87286 -0.42437 0.24089
vn 0.81582 -0.42437 0.39288
vn 0.81582 -0.42437 0.39288
vn 0.73255 -0.42437 0.53223
vn 0.73255 -0.42437 0.53223
vn 0.62575 -0.42437 0.65448
vn 0.62575 -0.42438 0.65448
vn 0.49883 -0.42438 0.75569
vn 0.49883 -0.42437 0.75569
vn 0.35588 -0.42437 0.83262
vn 0.35588 -0.42437 0.83262
vn 0.20149 -0.42437 0.88278
vn 0.20149 -0.42437 0.88278
vn 0.04062 -0.42437 0.90457
vn 0.04062 -0.42437 0.90457
vn -0.12155 -0.42437 0.89729
vn -0.12155 -0.42437 0.89729
vn -0.27981 -0.42437 0.86117
vn -0.27981 -0.42437 0.86117
vn -0.42908 -0.42437 0.79737
vn -0.42908 -0.42437 0.79737
vn -0.56456 -0.42437 0.70794
vn -0.56456 -0.42437 0.70794
vn -0.6819 -0.42437 0.59576
vn -0.6819 -0.42437 0.59576
vn -0.77732 -0.42437 0.46443
vn -0.77731 -0.42437 0.46442
vn -0.84775 -0.42437 0.31817
vn -0.84775 -0.42437 0.31817
vn -0.89094 -0.42437 0.16168
vn -0.89094 -0.42437 0.16168
vn -0.90549 -0.42437 0
vn -0.90549 -0.42437 0
vn -0.89094 -0.42437 -0.16168
vn -0.89094 -0.42437 -0.16168
vn -0.84775 -0.42437 -0.31817
vn -0.84775 -0.42438 -0.31817
vn -0.77731 -0.42438 -0.46442
vn -0.77732 -0.42437 -0.46442
vn -0.6819 -0.42437 -0.59576
vn -0.6819 -0.42437 -0.59576
vn -0.56456 -0.42437 -0.70794
vn -0.56456 -0.42437 -0.70794
vn -0.42908 -0.42437 -0.79737
vn -0.42908 -0.42437 -0.79737
vn -0.27981 -0.42437 -0.86117
vn -0.27981 -0.42437 -0.86117
vn -0.12155 -0.42437 -0.89729
vn -0.12155 -0.42438 -0.89729
vn 0.04063 -0.42438 -0.90457
vn 0.04062 -0.42437 -0.90458
vn 0.20149 -0.42437 -0.88279
vn 0.20149 -0.42438 -0.88278
vn 0.35588 -0.42438 -0.83262
vn 0.35588 -0.42437 -0.83262
vn 0.49883 -0.42437 -0.75569
vn 0.49883 -0.42437 -0.7557
vn 0.62575 -0.42437 -0.65448
vn 0.62575 -0.42438 -0.65448
vn 0.73255 -0.42437 -0.53223
vn 0.73255 -0.42437 -0.53223
vn 0.81582 -0.42437 -0.39288
vn 0.81582 -0.42437 -0.39288
vn 0.87286 -0.42437 -0.24089
vn 0.87286 -0.42437 -0.24089
vn 0.90184 -0.42437 -0.08117
vn 0.90184 -0.42437 -0.08117
vn 0.90184 -0.42437 0.08117
vn 0.70568 -0.70568 0.06351
vn 0.683 -0.70568 0.1885
vn 0.683 -0.70568 0.1885
vn 0.63837 -0.70568 0.30742
vn 0.63836 -0.70568 0.30742
vn 0.57321 -0.70568 0.41647
vn 0.57321 -0.70568 0.41647
vn 0.48964 -0.70568 0.51212
vn 0.48964 -0.70568 0.51212
vn 0.39033 -0.70568 0.59132
vn 0.39033 -0.70568 0.59132
vn 0.27847 -0.70568 0.65152
vn 0.27847 -0.70568 0.65151
vn 0.15766 -0.70568 0.69077
vn 0.15766 -0.70568 0.69077
vn 0.03179 -0.70568 0.70782
vn 0.03179 -0.70568 0.70782
vn -0.09511 -0.70568 0.70212
vn -0.09511 -0.70568 0.70212
vn -0.21895 -0.70568 0.67385
vn -0.21895 -0.70568 0.67385
vn -0.33575 -0.70568 0.62393
vn -0.33575 -0.70568 0.62393
vn -0.44176 -0.70568 0.55395
vn -0.44176 -0.70568 0.55395
vn -0.53357 -0.70568 0.46617
vn -0.53357 -0.70568 0.46617
vn -0.60824 -0.70568 0.36341
vn -0.60824 -0.70568 0.36341
vn -0.66335 -0.70568 0.24896
vn -0.66335 -0.70568 0.24896
vn -0.69715 -0.70568 0.12651
vn -0.69714 -0.70568 0.12651
vn -0.70853 -0.70568 0
vn -0.70853 -0.70568 0
vn -0.69714 -0.70568 -0.12651
vn -0.69715 -0.70568 -0.12651
vn -0.66335 -0.70568 -0.24896
vn -0.66335 -0.70568 -0.24896
vn -0.60824 -0.70568 -0.36341
vn -0.60824 -0.70568 -0.36341
vn -0.53357 -0.70568 -0.46617
vn -0.53357 -0.70568 -0.46617
vn -0.44176 -0.70568 -0.55395
vn -0.44176 -0.70568 -0.55395
vn -0.33575 -0.70568 -0.62393
vn -0.33575 -0.70568 -0.62393
vn -0.21895 -0.70568 -0.67385
vn -0.21895 -0.70568 -0.67385
vn -0.09511 -0.70568 -0.70212
vn -0.09511 -0.70568 -0.70212
vn 0.03179 -0.70568 -0.70782
vn 0.03179 -0.70568 -0.70782
vn 0.15766 -0.70568 -0.69077
vn 0.15766 -0.70568 -0.69077
vn 0.27847 -0.70568 -0.65151
vn 0.27847 -0.70568 -0.65152
vn 0.39033 -0.70568 -0.59132
vn 0.39033 -0.70568 -0.59132
vn 0.48964 -0.70568 -0.51212
vn 0.48964 -0.70568 -0.51212
vn 0.57321 -0.70568 -0.41647
vn 0.57321 -0.70568 -0.41647
vn 0.63837 -0.70568 -0.30742
vn 0.63837 -0.70568 -0.30742
vn 0.683 -0.70568 -0.1885
vn 0.683 -0.70568 -0.1885
vn 0.70568 -0.70568 -0.06351
vn 0.70568 -0.70568 -0.06351
vn 0.70568 -0.70568 0.06351
vn 0.42547 -0.90416 0.03829
vn 0.41179 -0.90416 0.11365
vn 0.41179 -0.90416 0.11365
vn 0.38488 -0.90416 0.18535
vn 0.38488 -0.90416 0.18535
vn 0.3456 -0.90416 0.25109
vn 0.3456 -0.90416 0.25109
vn 0.29521 -0.90416 0.30877
vn 0.29521 -0.90416 0.30877
vn 0.23534 -0.90416 0.35652
vn 0.23534 -0.90416 0.35652
vn 0.1679 -0.90416 0.39281
vn 0.16789 -0.90416 0.39281
vn 0.09506 -0.90416 0.41648
vn 0.09506 -0.90416 0.41648
vn 0.01917 -0.90416 0.42676
vn 0.01917 -0.90416 0.42676
vn -0.05734 -0.90416 0.42332
vn -0.05734 -0.90416 0.42332
vn -0.13201 -0.90416 0.40628
vn -0.13201 -0.90416 0.40628
vn -0.20243 -0.90416 0.37618
vn -0.20243 -0.90416 0.37618
vn -0.26635 -0.90416 0.33399
vn -0.26635 -0.90416 0.33399
vn -0.3217 -0.90416 0.28106
vn -0.3217 -0.90416 0.28106
vn -0.36672 -0.90416 0.2191
vn -0.36672 -0.90416 0.2191
vn -0.39995 -0.90416 0.1501
vn -0.39995 -0.90416 0.1501
vn -0.42032 -0.90416 0.07628
vn -0.42032 -0.90416 0.07628
vn -0.42719 -0.90416 0
vn -0.42719 -0.90416 0
vn -0.42032 -0.90416 -0.07628
vn -0.42032 -0.90416 -0.07628
vn -0.39995 -0.90416 -0.1501
vn -0.39995 -0.90416 -0.1501
vn -0.36672 -0.90416 -0.2191
vn -0.36672 -0.90416 -0.2191
vn -0.3217 -0.90416 -0.28106
vn -0.3217 -0.90416 -0.28106
vn -0.26635 -0.90416 -0.33399
vn -0.26635 -0.90416 -0.33399
vn -0.20243 -0.90416 -0.37618
vn -0.20243 -0.90416 -0.37618
vn -0.13201 -0.90416 -0.40628
vn -0.13201 -0.90416 -0.40628
vn -0.05734 -0.90416 -0.42332
vn -0.05734 -0.90416 -0.42332
vn 0.01917 -0.90416 -0.42676
vn 0.01917 -0.90416 -0.42676
vn 0.09506 -0.90416 -0.41648
vn 0.09506 -0.90416 -0.41648
vn 0.1679 -0.90416 -0.39281
vn 0.1679 -0.90416 -0.39281
vn 0.23534 -0.90416 -0.35652
vn 0.23534 -0.90416 -0.35652
vn 0.29521 -0.90416 -0.30877
vn 0.29521 -0.90416 -0.30877
vn 0.3456 -0.90416 -0.25109
vn 0.3456 -0.90416 -0.25109
vn 0.38488 -0.90416 -0.18535
vn 0.38488 -0.90416 -0.18535
vn 0.41179 -0.90416 -0.11365
vn 0.41179 -0.90416 -0.11365
vn 0.42547 -0.90416 -0.03829
vn 0.42547 -0.90416 -0.03829
vn 0.42547 -0.90416 0.03829
vn -0.06038 -0 -0.99818
vn -0.06038 -0 -0.99818
vn -0.18025 -0 -0.98362
vn -0.2975 -0 -0.95472
vn -0.41041 -0 -0.9119
vn -0.51734 -0 -0.85578
vn -0.61672 -0 -0.78718
vn -0.70711 -0 -0.70711
vn -0.78718 -0 -0.61672
vn -0.85578 -0 -0.51734
vn -0.9119 -0 -0.41041
vn -0.95472 -0 -0.2975
vn -0.98362 -0 -0.18025
vn -0.99818 -0 -0.06038
vn -0.99818 0 0.06038
vn -0.98362 0 0.18025
vn -0.95472 0 0.2975
vn -0.9119 0 0.41041
vn -0.85578 0 0.51734
vn -0.78718 0 0.61672
vn -0.70711 0 0.70711
vn -0.61672 0 0.78718
vn -0.51734 0 0.85578
vn -0.41041 0 0.9119
vn -0.2975 0 0.95472
vn -0.18026 0 0.98362
vn -0.06038 0 0.99818
vn 0 -0.25882 0.96593
vn 0 -0.60875 0.79336
vn -0.00603 -0.70709 0.7071
vn 0 -0.79335 0.60876
vn 0 -0.90033 0.43521
vn -0.00485 -0.96592 0.25881
vn 0 -0.98229 0.18737
vn -0.00047 -0.90994 0.41475
vn 0.10587 -0.95014 0.2933
vn -0.03707 -0.95528 0.29338
vn 0.02292 -0.11267 0.99337
vn 0.02266 -0.15592 0.98751
vn 0.08028 -0.35408 0.93176
vn 0.04583 -0.46209 0.88565
vn 0.10469 -0.64144 0.76
vn 0.07872 -0.72456 0.6847
vn 0.13134 -0.82526 0.54927
vn 0.10584 -0.90308 0.41622
vn 0.20696 -0.80995 0.54877
vn 0.19745 -0.69808 0.68825
vn 0.15358 -0.63182 0.75975
vn 0.15323 -0.5264 0.83631
vn 0.06223 -0.33675 0.93954
vn 0.00615 -0.15749 0.9875
vn -0.02012 -0.25877 0.96573
vn 0.0302 -0.46353 0.88557
vn 0.01629 -0.60867 0.79325
vn 0.04081 -0.7279 0.68447
vn 0.02583 -0.79309 0.60856
vn 0.02597 -0.79415 0.60716
vn 0.00936 -0.90029 0.43519
vn 0.05549 -0.98078 0.18708
vn 0.32608 -0.75284 0.57176
vn 0.05131 -0.12386 0.99097
vn 0.04516 -0.10458 0.99349
vn 0.15023 -0.36795 0.91763
vn 0.13351 -0.3113 0.94089
vn 0.23857 -0.58864 0.77239
vn 0.21642 -0.50348 0.83646
vn 0.26731 -0.64687 0.71422
vn 0.26712 -0.67364 0.6891
vn 0.05938 -0.1395 0.98844
vn 0.05404 -0.12266 0.99098
vn 0.1736 -0.41284 0.89411
vn 0.15949 -0.36391 0.91768
vn 0.27233 -0.65169 0.70791
vn 0.25532 -0.5814 0.77252
vn 0.34139 -0.82144 0.45683
vn 0.33051 -0.7509 0.57176
vn 0.13657 -0.16088 0.97748
vn 0.21206 -0.94187 0.26059
vn 0.07783 -0.15734 0.98447
vn 0.07309 -0.134 0.98828
vn 0.18044 -0.45096 0.87411
vn 0.17432 -0.41255 0.8941
vn 0.26474 -0.7016 0.66156
vn 0.26099 -0.65627 0.70795
vn 0.11238 -0.16688 0.97955
vn 0.10999 -0.14682 0.98303
vn 0.19312 -0.4806 0.85541
vn 0.1913 -0.44741 0.87363
vn 0.25135 -0.74338 0.61985
vn 0.25356 -0.70526 0.66205
vn 0.23478 -0.95559 0.17814
vn 0.15441 -0.17347 0.97266
vn 0.15025 -0.19086 0.97005
vn 0.198 -0.50698 0.83891
vn 0.19963 -0.47898 0.85482
vn 0.22472 -0.78001 0.58403
vn 0.23157 -0.74831 0.62162
vn 0.22453 -0.92041 0.32004
vn 0.27673 -0.90769 0.31548
vn 0.28634 -0.87827 0.38295
vn 0.31711 -0.86823 0.3816
vn 0.32028 -0.82989 0.45684
vn 0.17642 -0.18184 0.96737
vn 0.17719 -0.16959 0.96945
vn 0.19702 -0.52976 0.82495
vn 0.20112 -0.50645 0.83848
vn 0.1883 -0.81077 0.55425
vn 0.19853 -0.78443 0.58758
vn 0.15234 -0.96511 0.21296
vn 0.16966 -0.94884 0.26629
vn 0.57694 -0.00377 0.81678
vn 0.32566 0.00328 0.94548
vn 0.31429 0 0.94933
vn 0.20599 -0.10709 0.97268
vn 0.22384 -0.21254 0.95117
vn 0.18183 -0.48321 0.85641
vn 0.22847 -0.59661 0.76933
vn 0.13647 -0.17576 0.97493
vn 0.0081 -0.99908 0.04222
vn 0.03705 -0.98439 0.17208
vn 0.04357 -0.97048 0.2372
vn 0.10691 -0.84203 0.52873
vn 0.10568 -0.85439 0.50878
vn 0.1613 -0.53894 0.82676
vn 0.16254 -0.59698 0.78562
vn 0.18931 -0.17571 0.96607
vn 0.19207 -0.2124 0.95812
vn 0.03663 -0.17568 0.98377
vn 0.03663 -0.17568 0.98377
vn 0.03369 -0.42435 0.90487
vn 0.02541 -0.53876 0.84207
vn 0.01418 -0.84193 0.53939
vn 0.02266 -0.79315 0.6086
vn 0.02953 -0.60849 0.79301
vn 0.00655 -0.98441 0.17579
vn 0.00655 -0.98441 0.17579
vn 0.01581 -0.90527 0.42454
vn 0.09435 -0.17575 0.9799
vn 0.11715 -0.04425 0.99213
vn 0.09879 -0.53878 0.83663
vn 0.09879 -0.53878 0.83664
vn 0.06326 -0.84199 0.53577
vn 0.06326 -0.84199 0.53577
vn 0.02063 -0.9844 0.17474
vn 0.02063 -0.9844 0.17474
vn 0 -0.99518 0.09802
vn 0.01643 -0.98065 0.19506
vn 0 -0.95694 0.29029
vn 0 -0.86876 0.49523
vn 0.01313 -0.8314 0.55552
vn 0 -0.75546 0.6552
vn 0 -0.55557 0.83147
vn 0 -0.19509 0.98079
vn 0 -0.96593 0.25882
vn -0.03617 -0.99017 0.13512
vn 0.00034 -0.92297 0.38487
vn -0.00015 -0.83309 0.55314
vn -0.01201 -0.70705 0.70706
vn 0 -0.66347 0.74821
vn 0 -0.98443 0.1758
vn 0.01238 -0.96585 0.2588
vn 0 -0.90538 0.42459
vn 0 -0.79335 0.60876
vn 0.01412 -0.70703 0.70704
vn 0 -0.4246 0.90538
vn 0.01238 -0.2588 0.96585
vn 0 -0.1758 0.98443
vn 0.24172 -0.55372 0.79685
vn 0.16181 -0.83023 0.53342
vn 0.19505 -0.9806 0.01921
vn 0.18756 -0.9806 0.0569
vn 0.18756 -0.9806 0.0569
vn 0.17286 -0.9806 0.09239
vn 0.17286 -0.9806 0.09239
vn 0.15151 -0.9806 0.12434
vn 0.15151 -0.9806 0.12434
vn 0.12434 -0.9806 0.15151
vn 0.12434 -0.9806 0.15151
vn 0.09239 -0.9806 0.17286
vn 0.09239 -0.9806 0.17286
vn 0.0569 -0.9806 0.18756
vn 0.05689 -0.9806 0.18756
vn 0.16181 -0.83023 0.53342
vn 0.26277 -0.83023 0.4916
vn 0.26277 -0.83023 0.4916
vn 0.35363 -0.83023 0.43089
vn 0.35363 -0.83023 0.4309
vn 0.4309 -0.83023 0.35363
vn 0.4309 -0.83023 0.35363
vn 0.49161 -0.83023 0.26277
vn 0.4916 -0.83023 0.26277
vn 0.53342 -0.83023 0.16181
vn 0.53342 -0.83023 0.16181
vn 0.19506 -0.9806 0.01921
vn 0.44187 -0.89602 0.04352
vn 0.5532 -0.83061 0.06369
vn 0.60767 -0.79193 0.05985
vn 0.79094 -0.60692 0.0779
vn 0.24172 -0.55371 0.79685
vn 0.39254 -0.55371 0.73438
vn 0.39254 -0.55371 0.73438
vn 0.52826 -0.55371 0.64369
vn 0.52826 -0.55372 0.64369
vn 0.64369 -0.55372 0.52826
vn 0.64369 -0.55372 0.52826
vn 0.73438 -0.55372 0.39253
vn 0.73438 -0.55372 0.39253
vn 0.79685 -0.55372 0.24172
vn 0.79685 -0.55372 0.24172
vn 0.82754 -0.55409 0.09035
vn 0.8934 -0.44057 0.08799
vn 0.01921 -0.9806 0.19505
vn 0.01921 -0.9806 0.19505
vn 0.05464 -0.83023 0.55474
vn 0.05464 -0.83023 0.55474
vn 0.08162 -0.55371 0.8287
vn 0.08162 -0.55372 0.8287
vn 0.09615 -0.19419 0.97624
vn 0.09615 -0.19418 0.97624
vn 0.8329 -0.19499 0.51793
vn 0.75829 -0.19419 0.62232
vn 0.7583 -0.19418 0.62232
vn 0.62232 -0.19419 0.7583
vn 0.62232 -0.19419 0.7583
vn 0.51793 -0.19499 0.8329
vn 0.45028 -0.29592 0.84242
vn 0.43383 -0.19469 0.87971
vn 0.28476 -0.19419 0.93872
vn 0.30197 -0.34272 0.88958
vn 0.22271 -0.19498 0.95519
vn 0.84255 -0.34273 0.4155
vn 0.86513 -0.19419 0.46242
vn 0.92881 -0.19469 0.31529
vn 0.91408 -0.29592 0.27728
vn 0.95518 -0.19499 0.22272
vn 0.97624 -0.19419 0.09615
vn 0.97624 -0.19419 0.09615
vn 0.60876 -0.79335 0
vn 0.79335 -0.60877 0
vn 0.89687 -0.44229 0
vn 0.98079 -0.19509 0
vn 0.19509 -0.98079 0
vn 0.30774 -0.62403 0.71825
vn 0.25882 -0.96593 0
vn 0.25882 -0.96593 0
vn 0.30774 -0.62403 -0.71825
vn 0.31529 -0.19469 -0.92881
vn 0.95518 -0.19499 -0.22272
vn 0.44187 -0.89602 -0.04352
vn 0.19506 -0.9806 -0.01921
vn 0.19505 -0.9806 -0.01921
vn 0.18756 -0.9806 -0.0569
vn 0.18756 -0.9806 -0.0569
vn 0.17286 -0.9806 -0.09239
vn 0.17286 -0.9806 -0.09239
vn 0.15151 -0.9806 -0.12434
vn 0.15151 -0.9806 -0.12434
vn 0.12434 -0.9806 -0.15151
vn 0.12434 -0.9806 -0.15151
vn 0.09239 -0.9806 -0.17286
vn 0.09239 -0.9806 -0.17286
vn 0.79094 -0.60692 -0.0779
vn 0.60767 -0.79193 -0.05985
vn 0.5532 -0.83061 -0.06369
vn 0.53342 -0.83023 -0.16181
vn 0.53342 -0.83023 -0.16181
vn 0.4916 -0.83023 -0.26277
vn 0.49161 -0.83023 -0.26277
vn 0.4309 -0.83023 -0.35363
vn 0.4309 -0.83023 -0.35363
vn 0.35363 -0.83023 -0.4309
vn 0.35363 -0.83023 -0.43089
vn 0.26277 -0.83023 -0.4916
vn 0.26277 -0.83023 -0.4916
vn 0.82754 -0.5541 -0.09035
vn 0.79685 -0.55372 -0.24172
vn 0.79685 -0.55372 -0.24172
vn 0.73438 -0.55372 -0.39253
vn 0.73438 -0.55372 -0.39254
vn 0.64369 -0.55372 -0.52826
vn 0.64369 -0.55372 -0.52826
vn 0.52826 -0.55372 -0.64369
vn 0.52826 -0.55372 -0.64369
vn 0.39253 -0.55372 -0.73438
vn 0.39254 -0.55371 -0.73438
vn 0.97624 -0.19419 -0.09615
vn 0.97624 -0.19419 -0.09615
vn 0.8934 -0.44057 -0.08799
vn 0.88958 -0.34272 -0.30197
vn 0.93872 -0.19419 -0.28476
vn 0.87971 -0.19469 -0.43383
vn 0.84242 -0.29592 -0.45029
vn 0.8329 -0.195 -0.51793
vn 0.7583 -0.19419 -0.62232
vn 0.7583 -0.19418 -0.62232
vn 0.62232 -0.19418 -0.7583
vn 0.62232 -0.19419 -0.7583
vn 0.46242 -0.19419 -0.86513
vn 0.4155 -0.34272 -0.84255
vn 0.51793 -0.19499 -0.8329
vn 0.22272 -0.19499 -0.95518
vn 0.27728 -0.29592 -0.91408
vn 0.24172 -0.55372 -0.79685
vn 0.24172 -0.55372 -0.79685
vn 0.16181 -0.83023 -0.53342
vn 0.16181 -0.83023 -0.53342
vn 0.0569 -0.9806 -0.18756
vn 0.0569 -0.9806 -0.18756
vn 0.01921 -0.9806 -0.19505
vn 0.01921 -0.9806 -0.19506
vn 0.05464 -0.83023 -0.55474
vn 0.05464 -0.83023 -0.55474
vn 0.08162 -0.55372 -0.8287
vn 0.08162 -0.55372 -0.8287
vn 0.09615 -0.19419 -0.97624
vn 0.09615 -0.19419 -0.97624
vn -1 0 -0
vn -0 -0.99145 -0.13052
vn -0.01858 -0.96576 -0.25878
vn 0 -0.92388 -0.38269
vn -0 -0.83451 -0.55099
vn -0.01201 -0.70706 -0.70706
vn 0 -0.66347 -0.7482
vn -0 -0.25882 -0.96593
vn 0 -0.86876 -0.49523
vn 0.01313 -0.8314 -0.55552
vn -0 -0.98079 -0.19509
vn 0.03217 -0.99436 -0.10111
vn -0 -0.95694 -0.29028
vn 0 -0.75546 -0.6552
vn -0 -0.55557 -0.83147
vn -0 -0.19509 -0.98079
vn 0 -0.98443 -0.17579
vn 0.01238 -0.96585 -0.2588
vn 0 -0.90538 -0.4246
vn -0 -0.79335 -0.60876
vn 0.01412 -0.70704 -0.70704
vn 0 -0.1758 -0.98443
vn 0.01238 -0.2588 -0.96585
vn 0 -0.4246 -0.90538
vn 0 -0.60876 -0.79335
vn 0.09434 -0.17576 -0.9799
vn 0.03313 -0.98441 -0.17272
vn 0.02445 -0.99852 -0.04855
vn 0.02007 -0.84205 -0.53903
vn 0.00655 -0.98441 -0.17579
vn 0.00655 -0.98441 -0.17579
vn 0.01581 -0.90527 -0.42454
vn 0.013 -0.79329 -0.60871
vn 0.03663 -0.17568 -0.98377
vn 0.03663 -0.17568 -0.98377
vn 0.03134 -0.53887 -0.8418
vn 0.01875 -0.42452 -0.90522
vn 0.02953 -0.6085 -0.79301
vn 0.19207 -0.2124 -0.95812
vn 0.04356 -0.97051 -0.2371
vn 0.10175 -0.85697 -0.50523
vn 0.10919 -0.84199 -0.52833
vn 0.15463 -0.59684 -0.78732
vn 0.16908 -0.53881 -0.82529
vn 0.18931 -0.1757 -0.96607
vn 0.13647 -0.17576 -0.97493
vn 0.11715 -0.04425 -0.99213
vn 0.09879 -0.53878 -0.83663
vn 0.09879 -0.53878 -0.83663
vn 0.06326 -0.84199 -0.53577
vn 0.06326 -0.84199 -0.53577
vn 0.02063 -0.9844 -0.17474
vn 0.02063 -0.9844 -0.17474
vn 0.18043 0 -0.98359
vn 0.20423 0 -0.97892
vn 0.20718 0.00222 -0.9783
vn 0.14639 -0.00244 -0.98922
vn 0.15095 0.0013 -0.98854
vn 0.15618 0.00403 -0.98772
vn 0.12541 0 -0.9921
vn 0.08803 2E-05 -0.99612
vn 0.10149 0.00609 -0.99482
vn 0.02938 -0.00965 -0.99952
vn 0.06287 0.01203 -0.99795
vn 0.02196 -0 -0.99976
vn 0 -0 -1
vn 0 -0 -1
vn 0 -0 -1
vn 0 -0 -1
vn 0 -0 -1
vn 0 -0 -1
vn -0.97885 0 0.20459
vn -0.99325 0 0.11601
vn -0.99745 -0.0034 0.07134
vn -0.99998 0.00575 0
vn -0.99745 -0.0034 -0.07134
vn -0.99325 -0 -0.11601
vn -0.98704 -0 -0.16047
vn -0.97885 0.00235 -0.20459
vn -0.96395 -0.00575 -0.26603
vn -0.93976 0.00444 -0.3418
vn -0.92349 0 -0.38362
vn -0.90534 -0 -0.42468
vn -0.88538 -0.00131 -0.46486
vn -0.85844 0.00575 -0.51289
vn -0.809 -0.00575 -0.58778
vn -0.809 -0.00575 0.58778
vn -0.85844 0.00575 0.51289
vn -0.88538 -0.00131 0.46486
vn -0.90535 0 0.42467
vn -0.92349 0 0.38362
vn -0.93976 0.00444 0.3418
vn -0.96395 -0.00575 0.26603
vn -0.98701 0.0081 0.16047
vn 0.7544 -0.00601 0.65639
vn 0.69105 0.00575 0.72278
vn 0.62348 -0.00575 0.78182
vn 0.58282 0.00078 0.8126
vn 0.54577 0 0.83794
vn 0.50764 0 0.86157
vn 0.46846 -0.00497 0.88347
vn 0.39302 0.00575 0.91951
vn 0.33797 -0.00183 0.94115
vn 0.2954 0 0.95537
vn 0.25224 0 0.96766
vn 0.20858 0.00392 0.978
vn 0.13423 -0.00575 0.99093
vn 0.06727 0.00288 0.99773
vn 0.02244 0 0.99975
vn -0.02244 0 0.99975
vn -0.06727 -0.00288 0.99773
vn -0.13423 0.00575 0.99093
vn -0.20858 -0.00392 0.978
vn -0.25224 0 0.96766
vn -0.29541 0 0.95537
vn -0.33797 0.00183 0.94116
vn -0.39302 -0.00575 0.91951
vn -0.46847 0.00497 0.88347
vn -0.50764 0 0.86157
vn -0.54579 0 0.83792
vn -0.58282 -0.00078 0.8126
vn -0.62348 0.00575 0.78182
vn -0.69105 -0.00575 0.72278
vn -0.7242 0.00026 0.68959
vn -0.7831 -0.00026 0.6219
vn 0.7242 0 0.68959
vn 0.7831 -0 0.62189
vn 0.8102 0.00549 0.58612
vn 0.85843 -0.00575 0.51289
vn 0.88538 0.00131 0.46486
vn 0.90535 -0 0.42467
vn 0.92349 -0 0.38362
vn 0.93976 -0.00444 0.3418
vn 0.96395 0.00575 0.26604
vn 0.98701 -0.0081 0.16046
vn 0.97885 0 0.20459
vn 0.99325 -0 0.11601
vn 0.99745 0.0034 0.07134
vn 0.99998 -0.00575 0
vn 0.99745 0.0034 -0.07134
vn 0.99325 0 -0.11601
vn 0.98704 0 -0.16046
vn 0.97885 -0.00235 -0.20459
vn 0.96395 0.00575 -0.26604
vn 0.93976 -0.00444 -0.3418
vn 0.92349 0 -0.38362
vn 0.90534 0 -0.42468
vn 0.88538 0.00131 -0.46486
vn 0.85843 -0.00575 -0.51289
vn 0.8102 0.00549 -0.58612
vn 0.78311 0 -0.62189
vn 0.75438 0 -0.65644
vn 0.7242 -0.00026 -0.68959
vn 0.69105 0.00575 -0.72278
vn 0.62348 -0.00575 -0.78182
vn 0.58282 0.00078 -0.8126
vn 0.54576 0 -0.83794
vn 0.50764 0 -0.86157
vn 0.46846 -0.00497 -0.88347
vn 0.39302 0.00575 -0.91951
vn 0.29539 -0.00758 -0.95535
vn 0.33797 0 -0.94116
vn 0.25224 0 -0.96766
vn 0.20858 0.00392 -0.978
vn 0.13423 -0.00575 -0.99093
vn 0.06727 0.00288 -0.99773
vn 0.02243 0 -0.99975
vn -0.02243 0 -0.99975
vn -0.06727 -0.00288 -0.99773
vn -0.13423 0.00575 -0.99093
vn -0.20858 -0.00392 -0.978
vn -0.25224 0 -0.96766
vn -0.2954 0 -0.95537
vn -0.33797 0.00183 -0.94116
vn -0.39302 -0.00575 -0.91951
vn -0.46847 0.00497 -0.88347
vn -0.50764 0 -0.86157
vn -0.54579 0 -0.83792
vn -0.58282 -0.00078 -0.8126
vn -0.62348 0.00575 -0.78182
vn -0.69105 -0.00575 -0.72278
vn -0.7242 0.00026 -0.68959
vn -0.7831 -0.00026 -0.6219
vn -0.05833 0.25838 0.96428
vn -0.04273 0.70646 0.70646
vn -0.01565 0.96581 0.25879
vn -0.01565 0.96581 0.25879
vn -0.04673 0.96581 0.25502
vn -0.04673 0.96581 0.25501
vn -0.07713 0.96581 0.24752
vn -0.07713 0.96581 0.24752
vn -0.1064 0.96581 0.23642
vn -0.1064 0.96581 0.23642
vn -0.13413 0.96581 0.22187
vn -0.13412 0.96581 0.22187
vn -0.15989 0.96581 0.20408
vn -0.15989 0.96581 0.20409
vn -0.18332 0.96581 0.18332
vn -0.18332 0.96581 0.18332
vn -0.20408 0.96581 0.15989
vn -0.20409 0.96581 0.15989
vn -0.22187 0.96581 0.13413
vn -0.22187 0.96581 0.13413
vn -0.23642 0.96581 0.1064
vn -0.23642 0.96581 0.1064
vn -0.24752 0.96581 0.07713
vn -0.24752 0.96581 0.07713
vn -0.25501 0.96581 0.04673
vn -0.25501 0.96581 0.04673
vn -0.25879 0.96581 0.01565
vn -0.25878 0.96581 0.01565
vn -0.25878 0.96581 -0.01565
vn -0.25879 0.96581 -0.01565
vn -0.25501 0.96581 -0.04673
vn -0.25501 0.96581 -0.04673
vn -0.24752 0.96581 -0.07713
vn -0.24752 0.96581 -0.07713
vn -0.23642 0.96581 -0.1064
vn -0.23642 0.96581 -0.1064
vn -0.22187 0.96581 -0.13413
vn -0.22187 0.96581 -0.13413
vn -0.20409 0.96581 -0.15989
vn -0.20409 0.96581 -0.15989
vn -0.18332 0.96581 -0.18332
vn -0.18332 0.96581 -0.18332
vn -0.15989 0.96581 -0.20409
vn -0.15989 0.96581 -0.20408
vn -0.13412 0.96581 -0.22187
vn -0.13413 0.96581 -0.22187
vn -0.1064 0.96581 -0.23642
vn -0.1064 0.96581 -0.23642
vn -0.07713 0.96581 -0.24752
vn -0.07713 0.96581 -0.24752
vn -0.04673 0.96581 -0.25501
vn -0.04673 0.96581 -0.25501
vn -0.01565 0.96581 -0.25879
vn -0.01565 0.96581 -0.25879
vn -0.04273 0.70646 0.70646
vn -0.12758 0.70646 0.69616
vn -0.12757 0.70646 0.69616
vn -0.21056 0.70646 0.67571
vn -0.21056 0.70646 0.67571
vn -0.29047 0.70646 0.6454
vn -0.29047 0.70646 0.6454
vn -0.36615 0.70646 0.60568
vn -0.36615 0.70646 0.60568
vn -0.43649 0.70646 0.55713
vn -0.43648 0.70646 0.55713
vn -0.50046 0.70646 0.50046
vn -0.50046 0.70646 0.50046
vn -0.55713 0.70646 0.43648
vn -0.55713 0.70647 0.43648
vn -0.60568 0.70647 0.36615
vn -0.60568 0.70646 0.36615
vn -0.6454 0.70646 0.29047
vn -0.64539 0.70647 0.29047
vn -0.6757 0.70647 0.21056
vn -0.6757 0.70646 0.21056
vn -0.69616 0.70646 0.12758
vn -0.69616 0.70646 0.12758
vn -0.70646 0.70646 0.04273
vn -0.70646 0.70646 0.04273
vn -0.70646 0.70646 -0.04273
vn -0.70646 0.70646 -0.04273
vn -0.69616 0.70646 -0.12758
vn -0.69616 0.70646 -0.12758
vn -0.6757 0.70646 -0.21056
vn -0.6757 0.70647 -0.21056
vn -0.64539 0.70647 -0.29047
vn -0.64539 0.70646 -0.29047
vn -0.60568 0.70646 -0.36615
vn -0.60568 0.70647 -0.36614
vn -0.55713 0.70647 -0.43648
vn -0.55713 0.70646 -0.43648
vn -0.50046 0.70646 -0.50046
vn -0.50046 0.70646 -0.50046
vn -0.43649 0.70646 -0.55713
vn -0.43649 0.70646 -0.55713
vn -0.36615 0.70646 -0.60568
vn -0.36615 0.70646 -0.60568
vn -0.29047 0.70646 -0.6454
vn -0.29047 0.70646 -0.6454
vn -0.21056 0.70646 -0.67571
vn -0.21056 0.70646 -0.67571
vn -0.12758 0.70646 -0.69616
vn -0.12758 0.70646 -0.69616
vn -0.04273 0.70646 -0.70646
vn -0.04273 0.70646 -0.70646
vn -0.05833 0.25838 0.96428
vn -0.17413 0.25838 0.95022
vn -0.17414 0.25837 0.95022
vn -0.2874 0.25837 0.9223
vn -0.2874 0.25838 0.9223
vn -0.39648 0.25838 0.88093
vn -0.39648 0.25838 0.88094
vn -0.49977 0.25838 0.82672
vn -0.49977 0.25838 0.82672
vn -0.59578 0.25838 0.76045
vn -0.59578 0.25838 0.76045
vn -0.6831 0.25838 0.6831
vn -0.6831 0.25838 0.6831
vn -0.76045 0.25838 0.59578
vn -0.76046 0.25837 0.59578
vn -0.82672 0.25837 0.49977
vn -0.82672 0.25838 0.49977
vn -0.88093 0.25838 0.39648
vn -0.88094 0.25837 0.39648
vn -0.9223 0.25837 0.2874
vn -0.92231 0.25836 0.2874
vn -0.95022 0.25836 0.17414
vn -0.95023 0.25836 0.17413
vn -0.96429 0.25836 0.05833
vn -0.96428 0.25837 0.05833
vn -0.96428 0.25837 -0.05833
vn -0.96429 0.25836 -0.05833
vn -0.95023 0.25836 -0.17414
vn -0.95022 0.25836 -0.17413
vn -0.92231 0.25836 -0.2874
vn -0.9223 0.25838 -0.2874
vn -0.88093 0.25838 -0.39648
vn -0.88093 0.25838 -0.39648
vn -0.82672 0.25838 -0.49977
vn -0.82672 0.25837 -0.49977
vn -0.76046 0.25837 -0.59578
vn -0.76046 0.25838 -0.59578
vn -0.6831 0.25838 -0.6831
vn -0.6831 0.25838 -0.68309
vn -0.59578 0.25838 -0.76045
vn -0.59578 0.25838 -0.76045
vn -0.49977 0.25838 -0.82672
vn -0.49977 0.25838 -0.82672
vn -0.39648 0.25838 -0.88094
vn -0.39648 0.25838 -0.88094
vn -0.2874 0.25838 -0.9223
vn -0.2874 0.25838 -0.9223
vn -0.17413 0.25838 -0.95022
vn -0.17413 0.25838 -0.95022
vn -0.05833 0.25838 -0.96428
vn -0.05833 0.25838 -0.96428
vn 0 0 1
vn 0.18045 0 0.98358
vn 0.15673 0.00104 0.98764
vn 0.12562 -0 0.99208
vn 0.15401 0.00381 0.98806
vn 0.14638 -0.00244 0.98922
vn 0.20718 0.00222 0.9783
vn 0.20423 0 0.97892
vn 0.10304 1E-05 0.99468
vn 0.08803 0.00315 0.99611
vn 0.06687 -0.00154 0.99776
vn 0.02938 0.00214 0.99957
vn 0.02213 0 0.99975
vn 0.03721 -0 0.99931
vn 0.03917 -0.00182 0.99923
vn 0.09584 0.00096 0.9954
vn 0.09779 -0 0.99521
vn 0.13863 -0 0.99034
vn 0.13669 0.00106 0.99061
vn 0.19656 -0.00192 0.98049
vn 0.19463 -0 0.98088
vn 0.0654 0 0.99786
vn 0.09802 -0.00713 0.99516
vn 0.19509 0.00357 0.98078
vn 0.22707 0 0.97388
vn 0.32144 0 0.94693
vn 0.44229 0 0.89687
vn 0.52807 0 0.8492
vn 0.55557 0.00357 0.83146
vn 0.63438 -0.00713 0.77299
vn 0.65935 0 0.75184
vn 0.75184 0 0.65935
vn 0.77299 -0.00713 0.63438
vn 0.83146 0.00357 0.55557
vn 0.8492 0 0.52807
vn 0.89687 0 0.44229
vn 0.94693 0 0.32144
vn 0.97388 0 0.22708
vn 0.98078 0.00357 0.19509
vn 0.99516 -0.00713 0.09801
vn 0.99786 0 0.0654
vn 1 0 0
vn 0.99786 0 -0.0654
vn 0.99516 -0.00713 -0.09801
vn 0.98078 0.00357 -0.19509
vn 0.97388 0 -0.22708
vn 0.94693 0 -0.32144
vn 0.89687 0 -0.44229
vn 0.8492 0 -0.52807
vn 0.83146 0.00357 -0.55557
vn 0.77299 -0.00713 -0.63438
vn 0.75184 0 -0.65935
vn 0.65935 0 -0.75184
vn 0.63438 -0.00713 -0.77299
vn 0.55557 0.00357 -0.83146
vn 0.52807 0 -0.8492
vn 0.44229 0 -0.89687
vn 0.32144 0 -0.94693
vn 0.22708 0 -0.97388
vn 0.19509 0.00357 -0.98078
vn 0.09801 -0.00713 -0.99516
vn 0.0654 0 -0.99786
vn 0 0 -1
vn 0.03917 0 -0.99923
vn 0.03721 -0.00192 -0.99931
vn 0.09779 0.00106 -0.99521
vn 0.09584 0 -0.9954
vn 0.13669 0 -0.99061
vn 0.13863 0.00096 -0.99034
vn 0.19463 -0.00182 -0.98087
vn 0.19656 0 -0.98049
vn -0.25882 0 0.96593
vn -0.70711 0 0.70711
vn -0.96593 0 0.25882
vn -0.96593 -0 -0.25882
vn -0.70711 -0 -0.70711
vn -0.25882 -0 -0.96593
vn 0.25882 0 -0.96593
vn 0.7071 0 -0.70711
vn 0.96593 0 -0.25882
vn 0.96593 0 0.25882
vn 0.70711 0 0.70711
vn 0.25882 0 0.96593
vn -0.25882 0 0.96593
vn -0.70711 0 0.70711
vn -0.96593 0 0.25882
vn -0.96593 -0 -0.25882
vn -0.70711 -0 -0.70711
vn -0.25882 -0 -0.96593
vn 0.25882 0 -0.96593
vn 0.70711 0 -0.70711
vn 0.96593 0 -0.25882
vn 0.96593 0 0.25882
vn 0.70711 0 0.70711
vn 0.25882 0 0.96593
vn -0.25882 0 0.96593
vn -0.70711 0 0.70711
vn -0.96593 -0 -0.25882
vn -0.7071 -0 -0.70711
vn -0.25882 -0 -0.96593
vn 0.25882 0 -0.96593
vn 0.70711 0 -0.70711
vn 0.96593 0 -0.25882
vn 0.70711 0 0.70711
vn 0.25882 0 0.96593
vn -0.25882 0 0.96593
vn -0.70711 0 0.70711
vn -0.96593 -0 -0.25882
vn -0.70711 -0 -0.70711
vn -0.25882 -0 -0.96593
vn 0.25882 0 -0.96593
vn 0.70711 0 -0.70711
vn 0.96593 0 -0.25882
vn 0.70711 0 0.70711
vn 0.25882 0 0.96593
vn 0.02838 0.25871 -0.96554
vn 0.02078 0.70695 -0.70695
vn 0.00761 0.9659 -0.25881
vn 0.00761 0.9659 -0.25881
vn 0.02279 0.9659 -0.25792
vn 0.02279 0.9659 -0.25792
vn 0.0379 0.9659 -0.25613
vn 0.0379 0.9659 -0.25613
vn 0.05288 0.9659 -0.25347
vn 0.05288 0.9659 -0.25347
vn 0.02078 0.70695 -0.70695
vn 0.06226 0.70695 -0.70451
vn 0.06226 0.70695 -0.70451
vn 0.10353 0.70695 -0.69964
vn 0.10353 0.70695 -0.69964
vn 0.14444 0.70695 -0.69235
vn 0.14444 0.70695 -0.69235
vn 0.02838 0.25871 -0.96554
vn 0.08504 0.25871 -0.9622
vn 0.08504 0.25871 -0.9622
vn 0.1414 0.25871 -0.95555
vn 0.1414 0.25872 -0.95555
vn 0.19728 0.25872 -0.94559
vn 0.19728 0.25871 -0.94559
vn 0 0.25882 -0.96593
vn 0 0.25882 -0.96593
vn 0 0.70711 -0.70711
vn 0 0.96593 -0.25882
vn 0.89174 0.45254 0
vn 0.24914 0.15636 0.95576
vn 0.61588 0.15582 0.77228
vn 0.7153 0.15627 0.68112
vn 0.96685 0.15613 0.20208
vn 0.77348 0.1563 -0.61425
vn -0.95219 0.15582 -0.26279
vn -0.95219 0.15582 -0.26279
vn -0.91213 0.15634 -0.3789
vn -0.89491 0.11578 -0.43097
vn -0.68262 0.15582 -0.71397
vn -0.79913 0.15582 -0.58061
vn -0.79913 0.15582 -0.58061
vn -0.87452 0.1562 -0.45916
vn -0.58087 0.08186 -0.80987
vn -0.54417 0.15582 -0.82438
vn -0.68262 0.15582 -0.71397
vn -0.5014 0.15632 -0.85098
vn -0.38822 0.15582 -0.9083
vn -0.38822 0.15582 -0.9083
vn -0.29177 0.15642 -0.94361
vn -0.22053 0.13332 -0.96623
vn -0.20602 0.156 -0.96603
vn -0.04432 0.15582 -0.98679
vn -0.06683 0.11327 -0.99131
vn 0.02216 0.1564 -0.98745
vn 0.46357 0.1443 -0.87423
vn 0.72222 0.07396 -0.6877
vn 0.97339 0.10544 -0.20345
vn 0.98103 0.15638 -0.11459
vn 0.98779 0.15582 0
vn 0.98779 0.15582 0
vn 0.98103 0.15638 0.11459
vn 0.93096 0.13658 0.3386
vn 0.8942 0.15643 0.41945
vn 0.84796 0.15582 0.50664
vn 0.77348 0.1563 0.61425
vn 0.33636 0.0976 0.93666
vn -0.20684 0.12883 0.96986
vn -0.2198 0.15582 0.96302
vn -0.06644 0.15609 0.98551
vn -0.29177 0.15642 0.94361
vn -0.38822 0.15582 0.9083
vn -0.38822 0.15582 0.9083
vn -0.5014 0.15632 0.85098
vn -0.54728 0.11437 0.8291
vn -0.79914 0.15582 0.58061
vn -0.68262 0.15582 0.71397
vn -0.68262 0.15582 0.71397
vn -0.57567 0.15623 0.80262
vn -0.88181 0.08974 0.46299
vn -0.88996 0.15582 0.42858
vn -0.79913 0.15582 0.58061
vn -0.91213 0.15634 0.37891
vn -0.95219 0.15582 0.26279
vn -0.95219 0.15582 0.26279
vn -0.97489 0.15641 0.1585
vn -0.98773 0.12841 0.0889
vn -0.98523 0.15604 0.07046
vn -0.98381 0.15582 -0.08854
vn -0.99012 0.12105 -0.07081
vn -0.97489 0.15641 -0.1585
vn -0.04001 0.45254 -0.89085
vn 0.92827 0.15595 -0.33762
vn 0.97191 0.15582 -0.17638
vn 0.87741 0.45254 -0.15923
vn 0.87741 0.45254 -0.15923
vn 0.69714 0.70568 -0.12651
vn -0.04001 0.45254 -0.89085
vn -0.19843 0.45254 -0.86939
vn -0.19843 0.45254 -0.86939
vn -0.35048 0.45254 -0.81999
vn -0.35048 0.45254 -0.81999
vn -0.49126 0.45254 -0.74423
vn -0.49126 0.45254 -0.74422
vn -0.61625 0.45254 -0.64455
vn -0.61625 0.45254 -0.64455
vn -0.72144 0.45254 -0.52416
vn -0.72144 0.45254 -0.52416
vn -0.80344 0.45253 -0.38691
vn -0.80344 0.45254 -0.38691
vn -0.85961 0.45254 -0.23724
vn -0.85961 0.45254 -0.23724
vn -0.88815 0.45254 -0.07994
vn -0.88815 0.45254 -0.07994
vn -0.88815 0.45254 0.07994
vn -0.88815 0.45254 0.07994
vn -0.85961 0.45254 0.23724
vn -0.85961 0.45254 0.23724
vn -0.80344 0.45254 0.38691
vn -0.80344 0.45254 0.38691
vn -0.72144 0.45254 0.52416
vn -0.72144 0.45254 0.52416
vn -0.61625 0.45254 0.64455
vn -0.61625 0.45254 0.64455
vn -0.49126 0.45254 0.74423
vn -0.49126 0.45254 0.74423
vn -0.35048 0.45254 0.81998
vn -0.35048 0.45254 0.81998
vn -0.19843 0.45254 0.86939
vn -0.19843 0.45254 0.86939
vn -0.03179 0.70568 -0.70782
vn 0.8942 0.15643 -0.41945
vn 0.92716 0.1389 -0.34797
vn 0.83488 0.45254 -0.31334
vn 0.83488 0.45254 -0.31334
vn 0.66335 0.70568 -0.24896
vn 0.66335 0.70568 -0.24896
vn 0.4264 0.89026 -0.16003
vn -0.03179 0.70568 -0.70782
vn -0.15766 0.70568 -0.69077
vn -0.15766 0.70568 -0.69077
vn -0.27847 0.70568 -0.65151
vn -0.27847 0.70568 -0.65151
vn -0.39033 0.70568 -0.59132
vn -0.39033 0.70568 -0.59132
vn -0.48964 0.70568 -0.51213
vn -0.48964 0.70568 -0.51212
vn -0.57321 0.70568 -0.41646
vn -0.57321 0.70568 -0.41646
vn -0.63836 0.70568 -0.30742
vn -0.63836 0.70568 -0.30742
vn -0.683 0.70568 -0.18849
vn -0.683 0.70568 -0.1885
vn -0.70568 0.70568 -0.06351
vn -0.70568 0.70568 -0.06351
vn -0.70568 0.70568 0.06351
vn -0.70568 0.70568 0.06351
vn -0.683 0.70568 0.1885
vn -0.683 0.70568 0.1885
vn -0.63836 0.70568 0.30742
vn -0.63836 0.70568 0.30742
vn -0.57321 0.70568 0.41646
vn -0.57321 0.70568 0.41646
vn -0.48964 0.70568 0.51212
vn -0.48964 0.70568 0.51212
vn -0.39033 0.70568 0.59132
vn -0.39033 0.70568 0.59132
vn -0.27847 0.70568 0.65151
vn -0.27847 0.70568 0.65151
vn -0.15766 0.70568 0.69077
vn -0.15766 0.70568 0.69077
vn -0.02043 0.89026 -0.45499
vn 0.24914 0.15636 -0.95576
vn 0.30686 0.11789 -0.94442
vn 0.27557 0.45254 -0.8481
vn 0.27556 0.45254 -0.8481
vn 0.21895 0.70568 -0.67385
vn 0.21895 0.70568 -0.67385
vn 0.14074 0.89026 -0.43316
vn 0.14074 0.89026 -0.43315
vn 0.0467 0.98852 -0.14372
vn 0.33382 0.15617 -0.92961
vn 0.46808 0.15582 -0.86984
vn 0.42257 0.45254 -0.78527
vn 0.42257 0.45254 -0.78527
vn 0.33575 0.70568 -0.62393
vn 0.33575 0.70568 -0.62393
vn 0.21582 0.89026 -0.40106
vn 0.21582 0.89026 -0.40106
vn 0.55599 0.45254 -0.69719
vn 0.55599 0.45254 -0.69719
vn 0.44176 0.70568 -0.55395
vn 0.44176 0.70568 -0.55395
vn 0.28396 0.89026 -0.35608
vn 0.28397 0.89026 -0.35608
vn 0.84796 0.15582 -0.50664
vn 0.84796 0.15582 -0.50663
vn 0.76552 0.45254 -0.45738
vn 0.76552 0.45254 -0.45738
vn 0.60824 0.70568 -0.3634
vn 0.60824 0.70568 -0.3634
vn 0.39098 0.89026 -0.2336
vn 0.39098 0.89026 -0.2336
vn 0.13034 0.98841 -0.07788
vn 0.14567 0.98716 -0.06556
vn 0.39098 0.89026 0.2336
vn 0.34298 0.89026 0.29966
vn 0.34298 0.89026 0.29966
vn 0.53357 0.70568 0.46617
vn 0.08216 0.98731 0.1359
vn 0.09576 0.98814 0.12008
vn 0.28397 0.89026 0.35608
vn 0.28397 0.89026 0.35608
vn 0.44176 0.70568 0.55395
vn 0.44176 0.70568 0.55395
vn 0.556 0.45254 0.69719
vn 0.46274 0.1559 0.87268
vn 0.30524 0.15582 0.93944
vn 0.27556 0.45254 0.8481
vn 0.27556 0.45254 0.8481
vn 0.21895 0.70568 0.67385
vn 0.21895 0.70568 0.67385
vn 0.14074 0.89026 0.43315
vn 0.14074 0.89026 0.43316
vn 0.13259 0.15582 0.97885
vn 0.13259 0.15582 0.97885
vn 0.1197 0.45254 0.88367
vn 0.1197 0.45254 0.88367
vn 0.09511 0.70568 0.70212
vn 0.09511 0.70568 0.70212
vn 0.06114 0.89026 0.45132
vn 0.06114 0.89026 0.45132
vn -0.02043 0.89026 -0.45499
vn -0.10135 0.89026 -0.44403
vn -0.10135 0.89026 -0.44403
vn -0.179 0.89026 -0.41879
vn -0.179 0.89026 -0.4188
vn -0.2509 0.89026 -0.38011
vn -0.2509 0.89026 -0.3801
vn -0.31474 0.89026 -0.32919
vn -0.31474 0.89026 -0.32919
vn -0.36846 0.89026 -0.2677
vn -0.36846 0.89026 -0.26771
vn -0.41034 0.89026 -0.19761
vn -0.41034 0.89026 -0.19761
vn -0.43903 0.89026 -0.12116
vn -0.43903 0.89026 -0.12117
vn -0.45361 0.89026 -0.04083
vn -0.45361 0.89026 -0.04083
vn -0.45361 0.89026 0.04083
vn -0.45361 0.89026 0.04083
vn -0.43903 0.89026 0.12117
vn -0.43903 0.89026 0.12117
vn -0.41034 0.89026 0.19761
vn -0.41034 0.89026 0.19761
vn -0.36846 0.89026 0.2677
vn -0.36846 0.89026 0.2677
vn -0.31474 0.89026 0.32919
vn -0.31474 0.89026 0.32919
vn -0.2509 0.89026 0.3801
vn -0.2509 0.89026 0.3801
vn -0.179 0.89026 0.4188
vn -0.179 0.89026 0.4188
vn -0.10135 0.89026 0.44403
vn -0.10135 0.89026 0.44403
vn 0.0258 0.98971 -0.14077
vn 0.00967 0.98709 -0.15989
vn -0.00677 0.98856 -0.15064
vn 0.13259 0.15582 -0.97885
vn 0.13259 0.15582 -0.97885
vn 0.1197 0.45254 -0.88367
vn 0.1197 0.45254 -0.88368
vn 0.09511 0.70568 -0.70212
vn 0.09511 0.70568 -0.70212
vn 0.06114 0.89026 -0.45132
vn 0.06114 0.89026 -0.45132
vn 0.02158 0.98699 -0.15934
vn 0.04593 0.98801 -0.14738
vn 0.11141 0.98993 -0.08728
vn 0.11308 0.98713 -0.11308
vn 0.09444 0.98846 -0.11842
vn 0.09488 0.98809 -0.1211
vn 0.0766 0.98685 -0.14234
vn 0.07363 0.98982 -0.1218
vn 0.06569 0.98711 -0.14596
vn 0.53904 0.15643 -0.82762
vn 0.61588 0.15582 -0.77228
vn 0.61587 0.15582 -0.77228
vn 0.74387 0.15582 -0.6499
vn 0.67155 0.45254 -0.58671
vn 0.67155 0.45254 -0.58671
vn 0.53357 0.70568 -0.46617
vn 0.53357 0.70568 -0.46617
vn 0.34298 0.89026 -0.29966
vn 0.34298 0.89026 -0.29966
vn 0.1224 0.9867 -0.10694
vn 0.13119 0.98818 -0.07931
vn 0.97674 0.1207 0.17725
vn 0.87741 0.45254 0.15923
vn 0.89174 0.45254 0
vn 0.70853 0.70568 0
vn 0.69715 0.70568 -0.12651
vn 0.44813 0.89026 -0.08132
vn 0.4264 0.89026 -0.16003
vn 0.15303 0.98655 -0.05743
vn 0.13435 0.99005 -0.04186
vn 0.9248 0.15582 0.34708
vn 0.83488 0.45254 0.31333
vn 0.87741 0.45254 0.15923
vn 0.69715 0.70568 0.12651
vn 0.70853 0.70568 0
vn 0.45545 0.89026 0
vn 0.44813 0.89026 -0.08132
vn 0.14979 0.98834 -0.02718
vn 0.15023 0.98827 -0.02753
vn 0.15925 0.98719 0.00963
vn 0.84796 0.15582 0.50663
vn 0.76552 0.45254 0.45738
vn 0.83488 0.45254 0.31334
vn 0.66335 0.70568 0.24896
vn 0.69714 0.70568 0.12651
vn 0.44813 0.89026 0.08132
vn 0.45545 0.89026 0
vn 0.14882 0.98886 0
vn 0.15925 0.98719 -0.00963
vn 0.74819 0.11367 0.65367
vn 0.67155 0.45254 0.58671
vn 0.76552 0.45254 0.45737
vn 0.60824 0.70568 0.3634
vn 0.66335 0.70568 0.24896
vn 0.4264 0.89026 0.16003
vn 0.44813 0.89026 0.08132
vn 0.1502 0.98828 0.02726
vn 0.14965 0.98836 0.02743
vn 0.61587 0.15582 0.77228
vn 0.55599 0.45254 0.6972
vn 0.67155 0.45253 0.58672
vn 0.53357 0.70568 0.46617
vn 0.60824 0.70568 0.3634
vn 0.39098 0.89026 0.2336
vn 0.4264 0.89026 0.16003
vn 0.13934 0.98886 0.0523
vn 0.15211 0.98723 0.0474
vn 0.09308 0.98855 0.11881
vn 0.11308 0.98713 0.11308
vn 0.11211 0.98886 0.09794
vn 0.12522 0.98727 0.09811
vn 0.13143 0.98821 0.07853
vn 0.12969 0.98845 0.0784
vn 0.14567 0.98716 0.06556
vn 0.53905 0.15643 0.82762
vn 0.46885 0.14516 0.87127
vn 0.42257 0.45254 0.78527
vn 0.42257 0.45254 0.78527
vn 0.33575 0.70568 0.62393
vn 0.33575 0.70568 0.62393
vn 0.21582 0.89026 0.40106
vn 0.21582 0.89026 0.40106
vn 0.07057 0.98885 0.13114
vn -0.01003 0.98882 0.1488
vn 0.00967 0.98709 0.15989
vn 0.02 0.98884 0.14766
vn 0.02857 0.98736 0.15592
vn 0.04762 0.98806 0.14655
vn 0.04471 0.98864 0.14348
vn 0.06569 0.98711 0.14596
vn -0.01055 0.98763 -0.15643
vn -0.03495 0.98759 -0.15311
vn -0.03495 0.98759 -0.15311
vn -0.06173 0.98759 -0.14441
vn -0.06173 0.98759 -0.14441
vn -0.08652 0.98759 -0.13107
vn -0.08652 0.98759 -0.13107
vn -0.10853 0.98759 -0.11352
vn -0.10853 0.98759 -0.11352
vn -0.12706 0.98759 -0.09231
vn -0.12706 0.98759 -0.09231
vn -0.1415 0.98759 -0.06814
vn -0.1415 0.98759 -0.06814
vn -0.15139 0.98759 -0.04178
vn -0.15139 0.98759 -0.04178
vn -0.15642 0.98759 -0.01408
vn -0.15642 0.98759 -0.01408
vn -0.15642 0.98759 0.01408
vn -0.15642 0.98759 0.01408
vn -0.15139 0.98759 0.04178
vn -0.15139 0.98759 0.04178
vn -0.1415 0.98759 0.06814
vn -0.1415 0.98759 0.06814
vn -0.12706 0.98759 0.09231
vn -0.12706 0.98759 0.09231
vn -0.10853 0.98759 0.11352
vn -0.10853 0.98759 0.11352
vn -0.08652 0.98759 0.13107
vn -0.08652 0.98759 0.13107
vn -0.06172 0.98759 0.14441
vn -0.06172 0.98759 0.14441
vn -0.03495 0.98759 0.15311
vn -0.03495 0.98759 0.15311
vn -0.00705 0.98759 0.15689
vn -0.02043 0.89026 0.45499
vn -0.02043 0.89026 0.45499
vn -0.03179 0.70568 0.70782
vn -0.03179 0.70568 0.70782
vn -0.04001 0.45254 0.89085
vn -0.04001 0.45254 0.89085
vn -0.04452 0.12421 0.99126
vn 0.02216 0.1564 0.98745
vn -0 0.25882 0.96592
vn -0 0.7071 0.70711
vn -0 0.96593 0.25882
vn 0.12436 0.79323 0.59609
vn 0.05288 0.9659 0.25347
vn 0.19728 0.25872 0.94559
vn 0.16205 0.60859 0.77676
vn 0.05288 0.9659 0.25347
vn 0.0379 0.9659 0.25613
vn 0.0379 0.9659 0.25613
vn 0.02279 0.9659 0.25792
vn 0.02279 0.9659 0.25792
vn 0.00761 0.9659 0.25881
vn 0.00761 0.9659 0.25881
vn 0.13298 0.70708 0.69452
vn 0.10353 0.70695 0.69964
vn 0.10353 0.70695 0.69964
vn 0.06226 0.70695 0.70451
vn 0.06226 0.70695 0.70451
vn 0.02078 0.70695 0.70695
vn 0.02078 0.70695 0.70696
vn 0.19728 0.25872 0.94559
vn 0.1414 0.25872 0.95555
vn 0.1414 0.25871 0.95555
vn 0.08504 0.25871 0.9622
vn 0.08504 0.25871 0.9622
vn 0.02838 0.25871 0.96554
vn 0.02838 0.25872 0.96554
vn 0.01733 0.89674 0.44222
vn 0.03108 0.60846 0.79298
vn 0.18164 0.25857 0.94876
vn 0.1909 0.19495 0.96206
vn 0.13406 0.19505 0.97159
vn 0.11669 0.09803 0.98832
vn 0.09591 0.19505 0.97609
vn 0.03842 0.19494 0.98006
vn 0.03842 0.19495 0.98006
vn 0.15446 0.60846 0.7784
vn 0.16614 0.55519 0.81496
vn 0.09752 0.55528 0.82593
vn 0.09752 0.55528 0.82593
vn 0.03257 0.55528 0.83103
vn 0.02221 0.44219 0.89665
vn 0.12482 0.79323 0.59599
vn 0.10819 0.83127 0.54524
vn 0.06518 0.83127 0.55203
vn 0.06518 0.83127 0.55203
vn 0.02177 0.83127 0.55544
vn 0.01742 0.79323 0.60867
vn 0.05041 0.96588 0.25405
vn 0.02954 0.98078 0.19284
vn 0.02289 0.98076 0.19389
vn 0.02289 0.98076 0.19389
vn 0.00765 0.98076 0.19508
vn 0.00765 0.98076 0.19508
vn -0 0.98079 0.19509
vn 0.00111 0.96593 0.25882
vn 0 0.89687 0.44229
vn 0 0.79335 0.60876
vn 0.00148 0.7071 0.70711
vn -0 0.19509 0.98079
vn 0.00111 0.25882 0.96592
vn 0 0.4423 0.89687
vn -0 0.60875 0.79336
vn 0.964 0.2583 0.06318
vn 0.70635 0.70635 0.0463
vn 0.25878 0.96579 0.01696
vn 0.25878 0.96579 0.01696
vn 0.25435 0.96579 0.05059
vn 0.25435 0.96579 0.05059
vn 0.24557 0.96579 0.08336
vn 0.24557 0.96579 0.08336
vn 0.23259 0.96579 0.1147
vn 0.23259 0.96579 0.1147
vn 0.21563 0.96579 0.14408
vn 0.21563 0.96579 0.14408
vn 0.19498 0.96579 0.17099
vn 0.19498 0.96579 0.17099
vn 0.17099 0.96579 0.19498
vn 0.17099 0.96579 0.19498
vn 0.14408 0.96579 0.21563
vn 0.14408 0.96579 0.21563
vn 0.1147 0.96579 0.23259
vn 0.1147 0.96579 0.23259
vn 0.08336 0.96579 0.24558
vn 0.08336 0.96579 0.24557
vn 0.05059 0.96579 0.25435
vn 0.05059 0.96579 0.25435
vn 0.01696 0.96579 0.25878
vn 0.01696 0.96579 0.25878
vn 0.70635 0.70635 0.0463
vn 0.69426 0.70635 0.1381
vn 0.69426 0.70635 0.1381
vn 0.6703 0.70635 0.22753
vn 0.6703 0.70635 0.22754
vn 0.63487 0.70635 0.31308
vn 0.63486 0.70635 0.31308
vn 0.58857 0.70635 0.39327
vn 0.58857 0.70635 0.39327
vn 0.5322 0.70635 0.46673
vn 0.5322 0.70635 0.46673
vn 0.46673 0.70635 0.5322
vn 0.46673 0.70635 0.5322
vn 0.39327 0.70635 0.58857
vn 0.39327 0.70635 0.58857
vn 0.31308 0.70635 0.63487
vn 0.31308 0.70635 0.63486
vn 0.22754 0.70635 0.6703
vn 0.22753 0.70635 0.6703
vn 0.1381 0.70635 0.69426
vn 0.1381 0.70635 0.69426
vn 0.0463 0.70635 0.70635
vn 0.0463 0.70635 0.70635
vn 0.964 0.2583 0.06318
vn 0.9475 0.2583 0.18847
vn 0.9475 0.2583 0.18847
vn 0.9148 0.2583 0.31053
vn 0.91479 0.25831 0.31053
vn 0.86644 0.25831 0.42728
vn 0.86644 0.2583 0.42728
vn 0.80325 0.2583 0.53672
vn 0.80325 0.2583 0.53672
vn 0.72633 0.2583 0.63697
vn 0.72633 0.2583 0.63697
vn 0.63697 0.2583 0.72633
vn 0.63697 0.2583 0.72633
vn 0.53672 0.2583 0.80325
vn 0.53672 0.2583 0.80325
vn 0.42728 0.2583 0.86644
vn 0.42728 0.2583 0.86644
vn 0.31053 0.2583 0.9148
vn 0.31053 0.25831 0.91479
vn 0.18847 0.25831 0.9475
vn 0.18847 0.2583 0.9475
vn 0.06318 0.2583 0.964
vn 0.06318 0.25831 0.96399
vn 0.96593 0.25882 0
vn 0.70711 0.70711 0
vn 0.25882 0.96593 0
vn 0.06318 0.2583 -0.964
vn 0.0463 0.70635 -0.70635
vn 0.01696 0.96579 -0.25878
vn 0.01696 0.96579 -0.25878
vn 0.05059 0.96579 -0.25435
vn 0.05059 0.96579 -0.25435
vn 0.08336 0.96579 -0.24557
vn 0.08336 0.96579 -0.24557
vn 0.1147 0.96579 -0.23259
vn 0.1147 0.96579 -0.23259
vn 0.14408 0.96579 -0.21563
vn 0.14408 0.96579 -0.21563
vn 0.17099 0.96579 -0.19498
vn 0.17099 0.96579 -0.19498
vn 0.19498 0.96579 -0.17099
vn 0.19498 0.96579 -0.17099
vn 0.21563 0.96579 -0.14408
vn 0.21563 0.96579 -0.14408
vn 0.23259 0.96579 -0.1147
vn 0.23259 0.96579 -0.1147
vn 0.24557 0.96579 -0.08336
vn 0.24557 0.96579 -0.08336
vn 0.25435 0.96579 -0.05059
vn 0.25435 0.96579 -0.05059
vn 0.25878 0.96579 -0.01696
vn 0.25878 0.96579 -0.01696
vn 0.0463 0.70635 -0.70635
vn 0.1381 0.70635 -0.69426
vn 0.1381 0.70635 -0.69426
vn 0.22754 0.70635 -0.6703
vn 0.22754 0.70635 -0.6703
vn 0.31308 0.70635 -0.63486
vn 0.31308 0.70635 -0.63486
vn 0.39327 0.70635 -0.58857
vn 0.39327 0.70635 -0.58857
vn 0.46673 0.70635 -0.5322
vn 0.46673 0.70635 -0.5322
vn 0.5322 0.70635 -0.46673
vn 0.5322 0.70635 -0.46673
vn 0.58857 0.70635 -0.39327
vn 0.58857 0.70635 -0.39327
vn 0.63486 0.70635 -0.31308
vn 0.63486 0.70635 -0.31308
vn 0.6703 0.70635 -0.22754
vn 0.6703 0.70635 -0.22754
vn 0.69426 0.70635 -0.1381
vn 0.69426 0.70635 -0.1381
vn 0.70635 0.70635 -0.0463
vn 0.70635 0.70635 -0.0463
vn 0.06318 0.2583 -0.964
vn 0.18847 0.2583 -0.9475
vn 0.18847 0.2583 -0.9475
vn 0.31053 0.2583 -0.9148
vn 0.31053 0.2583 -0.9148
vn 0.42728 0.2583 -0.86644
vn 0.42728 0.2583 -0.86644
vn 0.53672 0.2583 -0.80325
vn 0.53672 0.2583 -0.80325
vn 0.63697 0.2583 -0.72633
vn 0.63697 0.2583 -0.72633
vn 0.72633 0.2583 -0.63697
vn 0.72633 0.2583 -0.63697
vn 0.80325 0.2583 -0.53672
vn 0.80325 0.2583 -0.53672
vn 0.86644 0.2583 -0.42728
vn 0.86644 0.25831 -0.42728
vn 0.91479 0.25831 -0.31053
vn 0.9148 0.2583 -0.31053
vn 0.9475 0.2583 -0.18847
vn 0.9475 0.2583 -0.18847
vn 0.964 0.2583 -0.06318
vn 0.964 0.2583 -0.06318
vn 0 0.96593 -0.25882
vn 0 0.70711 -0.70711
vn 0 0.25882 -0.96593
vn 0.13203 0.25877 -0.95687
vn 0.03783 0.25863 -0.96523
vn 0.03783 0.25863 -0.96523
vn 0.02771 0.70684 -0.70684
vn 0.02771 0.70684 -0.70684
vn 0.01014 0.96588 -0.25881
vn 0.01014 0.96588 -0.25881
vn 0.09445 0.25877 -0.96131
vn 0.11518 0.18762 -0.97547
vn 0.08295 0.70684 -0.7025
vn 0.08295 0.70684 -0.7025
vn 0.03037 0.96588 -0.25722
vn 0.03037 0.96588 -0.25722
vn 0.18801 0.25863 -0.9475
vn 0.18801 0.25863 -0.9475
vn 0.13768 0.70684 -0.69385
vn 0.13768 0.70683 -0.69385
vn 0.05041 0.96588 -0.25405
vn 0.05041 0.96588 -0.25405
vn 0 1 -0
vn 0 1 -0
vn -0 1 -0
vn 0 1 -0
vn 0 1 -0
vn -0 1 -0
vn -0 1 -0
vn 0 1 -0
vn 0 1 -0
vn 0 1 -0
vn 0 1 -0
vn 0 1 -0
vn -0 1 -0
vn -0 1 -0
vn 0 1 -0
vn -0 1 -0
vn -0 1 -0
vn -0 1 -0
vn -0 1 -0
vn 0 1 -0
vn -0 1 -0
vn 0 1 -0
vn -0 1 -0
vn -0 1 -0
vn -0 1 -0
vn -0 1 -0
vn -0 1 -0
vn 0 1 -0
vn 0 1 -0
vn 0 1 -0
vn -0 1 -0
vn 0 1 -0
vn -0 1 -0
vn -0 1 -0
vn 0 1 -0
vn 0 1 -0
vn -0 1 -0
vn -0 1 -0
vn -0 1 -0
vn -0 1 -0
vn 0 1 -0
vn 0 1 -0
vn -0 1 -0
vn 0 1 -0
vn 0 1 -0
vn 0 1 -0
vn -0 1 -0
vn 0 1 -0
vn -0 1 -0
vn 0 1 -0
vn -0 1 -0
vn 0 1 -0
vn -0 1 -0
vn -0 1 -0
vn -0 1 -0
vn 0 1 -0
vn 0 1 -0
vn -0 1 -0
vn 0 1 -0
vn 0 1 -0
vn -0 1 -0
vn -0 1 -0
vn 0 1 -0
vn 0 1 -0
vn -0 1 -0
vn 0 1 -0
vn -0 1 -0
vn -0 1 -0
vn 0 1 -0
vn 0 1 -0
vn 0 1 -0
vn 0 1 -0
vn -0 1 -0
vn -0 1 -0
vn 0 1 -0
vn 0 1 -0
vn 0 1 -0
vn 0 1 -0
vn -0 1 -0
vn 0 1 -0
vn 0 1 -0
vn -0 1 -0
vn 0 1 -0
vn -0 1 -0
vn -0 1 -0
vn 0 1 -0
vn 0 1 -0
vn 0 1 -0
vn 0 1 -0
vn 0 1 -0
vn -0 1 -0
vn 0 1 -0
vn 0 1 -0
vn -0 1 -0
vn 0 1 -0
vn -0 1 -0
vn 0 1 -0
vn -0 1 -0
vn -0 1 -0
vn -0 1 -0
vn 0 1 -0
vn -0 1 -0
vn -0 1 -0
vn 0 1 -0
vn -0 1 -0
vn 0 1 -0
vn -0 1 -0
vn -0 1 -0
vn 0 1 -0
vn 0 1 -0
vn -0 1 -0
vn 0 1 0
vn 0 0.02458 -0.9997
vn 0.10453 0 -0.99452
vn 0.40674 0 -0.91355
vn 0.74314 0 -0.66913
vn 0.92443 0 -0.38135
vn 0.95081 -0.02286 -0.30894
vn 0.98352 0 -0.18082
vn 0.99703 -0 0.07702
vn 0.99446 -0.01123 0.10452
vn -0.10453 0 -0.99452
vn -0.40674 -0 -0.91355
vn -0.74315 -0 -0.66913
vn -0.95106 -0 -0.30902
vn -0.99452 0 0.10453
vn -0.86603 0 0.5
vn -0.58779 0 0.80902
vn -0.20791 0 0.97815
vn 0.20791 0 0.97815
vn 0.58779 0 0.80902
vn 0.86603 0 0.5
vn 0.95923 0 0.28264
vn -0.25882 0 0.96593
vn -0.70711 0 0.70711
vn -0.96593 0 0.25882
vn -0.96593 -0 -0.25882
vn -0.70711 -0 -0.70711
vn -0.25882 -0 -0.96593
vn 0.25882 0 -0.96593
vn 0.70711 0 -0.70711
vn 0.96593 0 -0.25882
vn 0.96593 0 0.25882
vn 0.70711 0 0.70711
vn 0.25882 0 0.96593
usemtl mat2
f 3//1 2//1 4//1
f 5//2 6//2 7//2
f 8//3 9//3 10//3
f 10//4 9//4 11//4
f 10//5 11//5 12//5
f 12//6 11//6 5//6
f 12//7 5//7 13//7
f 13//8 5//8 7//8
f 14//9 15//9 16//9
f 16//10 15//10 17//10
f 16//11 17//11 18//11
f 19//12 20//12 21//12
f 21//13 20//13 18//13
f 21//14 18//14 22//14
f 22//15 18//15 17//15
f 23//16 24//16 25//16
f 26//17 8//17 27//17
f 27//18 8//18 10//18
f 27//19 10//19 28//19
f 28//20 10//20 12//20
f 28//21 12//21 29//21
f 29//22 12//22 13//22
f 29//23 13//23 30//23
f 30//24 13//24 7//24
f 31//25 26//25 32//25
f 32//26 26//26 27//26
f 32//27 27//27 33//27
f 33//28 27//28 28//28
f 33//29 28//29 25//29
f 25//30 28//30 29//30
f 25//31 29//31 23//31
f 23//32 29//32 30//32
f 34//33 35//33 36//33
f 35//34 19//34 36//34
f 36//35 19//35 21//35
f 36//36 21//36 37//36
f 37//37 21//37 22//37
f 37//38 22//38 38//38
f 38//39 22//39 17//39
f 38//40 17//40 39//40
f 39//41 17//41 15//41
f 40//42 34//42 41//42
f 41//43 34//43 36//43
f 41//44 36//44 42//44
f 42//45 36//45 37//45
f 42//46 37//46 43//46
f 43//47 37//47 38//47
f 43//48 38//48 44//48
f 44//49 38//49 39//49
f 20//50 19//50 45//50
f 45//51 19//51 35//51
f 45//52 35//52 46//52
f 46//53 35//53 34//53
f 46//54 34//54 47//54
f 47//55 34//55 40//55
f 47//56 40//56 48//56
f 49//57 20//57 50//57
f 50//58 20//58 45//58
f 50//59 45//59 51//59
f 51//60 45//60 46//60
f 51//61 46//61 52//61
f 52//62 46//62 47//62
f 52//63 47//63 53//63
f 53//64 47//64 48//64
f 54//65 49//65 55//65
f 55//66 49//66 50//66
f 55//67 50//67 56//67
f 56//68 50//68 51//68
f 56//69 51//69 57//69
f 57//70 51//70 52//70
f 57//71 52//71 58//71
f 58//72 52//72 53//72
f 6//73 59//73 7//73
f 7//74 59//74 60//74
f 7//75 60//75 30//75
f 30//76 60//76 61//76
f 30//77 61//77 23//77
f 23//78 61//78 62//78
f 23//79 62//79 24//79
f 63//80 62//80 64//80
f 64//81 62//81 61//81
f 64//82 61//82 65//82
f 65//83 61//83 60//83
f 65//84 60//84 66//84
f 66//85 60//85 59//85
f 66//86 59//86 67//86
f 67//87 59//87 6//87
f 68//88 63//88 69//88
f 69//89 63//89 64//89
f 69//90 64//90 70//90
f 70//91 64//91 65//91
f 70//92 65//92 71//92
f 71//93 65//93 66//93
f 71//94 66//94 72//94
f 72//95 66//95 67//95
f 73//96 31//96 74//96
f 74//97 31//97 32//97
f 74//98 32//98 75//98
f 75//99 32//99 33//99
f 75//100 33//100 76//100
f 76//101 33//101 25//101
f 76//102 25//102 77//102
f 77//103 25//103 24//103
f 78//104 79//104 80//104
f 80//104 79//104 81//104
f 80//105 81//105 82//105
f 82//105 81//105 83//105
f 82//106 83//106 84//106
f 84//106 83//106 85//106
f 84//107 85//107 86//107
f 86//107 85//107 87//107
f 44//108 88//108 43//108
f 43//109 88//109 89//109
f 43//110 89//110 42//110
f 42//111 89//111 90//111
f 42//112 90//112 41//112
f 41//113 90//113 91//113
f 41//114 91//114 40//114
f 40//115 91//115 92//115
f 93//116 83//116 81//116
f 94//117 95//117 96//117
f 48//118 40//118 92//118
f 83//119 93//119 85//119
f 96//120 53//120 48//120
f 53//121 96//121 58//121
f 58//122 96//122 95//122
f 58//123 95//123 97//123
f 79//124 94//124 81//124
f 81//125 94//125 96//125
f 81//126 96//126 93//126
f 93//127 96//127 48//127
f 93//128 48//128 85//128
f 85//129 48//129 92//129
f 85//130 92//130 87//130
f 98//131 99//131 100//131
f 98//131 100//131 101//131
f 101//132 100//132 102//132
f 101//132 102//132 103//132
f 104//131 105//131 106//131
f 104//131 106//131 107//131
f 107//132 106//132 108//132
f 107//132 108//132 109//132
f 105//133 104//133 110//133
f 110//134 104//134 111//134
f 110//135 111//135 112//135
f 99//133 98//133 113//133
f 79//136 78//136 114//136
f 114//136 78//136 115//136
f 114//137 115//137 116//137
f 116//137 115//137 117//137
f 116//138 117//138 118//138
f 118//138 117//138 119//138
f 118//139 119//139 120//139
f 120//139 119//139 121//139
f 120//140 121//140 122//140
f 122//140 121//140 112//140
f 122//141 112//141 113//141
f 113//142 112//142 111//142
f 113//143 111//143 99//143
f 77//144 24//144 62//144
f 77//145 62//145 86//145
f 68//146 123//146 63//146
f 63//147 123//147 124//147
f 63//148 124//148 62//148
f 86//149 62//149 84//149
f 84//150 62//150 124//150
f 84//151 124//151 82//151
f 82//152 124//152 123//152
f 82//153 123//153 80//153
f 78//154 80//154 125//154
f 125//155 80//155 123//155
f 125//156 123//156 126//156
f 126//157 123//157 68//157
f 126//158 68//158 127//158
f 128//159 73//159 129//159
f 129//160 73//160 74//160
f 129//161 74//161 130//161
f 130//162 74//162 75//162
f 130//163 75//163 131//163
f 131//164 75//164 76//164
f 131//165 76//165 86//165
f 86//166 76//166 77//166
f 132//167 128//167 133//167
f 133//167 128//167 129//167
f 133//168 129//168 134//168
f 134//168 129//168 130//168
f 134//169 130//169 135//169
f 135//169 130//169 131//169
f 135//170 131//170 87//170
f 87//170 131//170 86//170
f 87//171 92//171 135//171
f 135//172 92//172 91//172
f 135//173 91//173 134//173
f 134//174 91//174 90//174
f 134//175 90//175 133//175
f 133//176 90//176 89//176
f 133//177 89//177 132//177
f 132//178 89//178 88//178
f 136//179 137//179 138//179
f 139//180 140//180 141//180
f 141//181 140//181 142//181
f 141//182 142//182 138//182
f 138//182 142//182 143//182
f 138//183 143//183 136//183
f 144//184 145//184 146//184
f 147//185 148//185 149//185
f 149//186 148//186 150//186
f 149//187 150//187 146//187
f 146//187 150//187 151//187
f 146//188 151//188 144//188
f 152//189 153//189 154//189
f 155//190 152//190 154//190
f 20//191 153//191 18//191
f 18//192 153//192 152//192
f 18//193 152//193 16//193
f 16//194 152//194 155//194
f 16//195 155//195 14//195
f 156//196 54//196 157//196
f 157//197 54//197 55//197
f 157//198 55//198 158//198
f 158//199 55//199 56//199
f 158//200 56//200 159//200
f 159//201 56//201 57//201
f 159//202 57//202 97//202
f 97//203 57//203 58//203
f 118//204 120//204 160//204
f 122//205 113//205 161//205
f 162//206 97//206 163//206
f 163//207 97//207 95//207
f 163//208 95//208 164//208
f 164//209 95//209 94//209
f 164//210 94//210 165//210
f 165//211 94//211 79//211
f 165//212 79//212 114//212
f 166//213 167//213 168//213
f 168//214 167//214 169//214
f 168//215 169//215 170//215
f 113//216 98//216 161//216
f 161//217 98//217 171//217
f 161//218 171//218 172//218
f 172//219 171//219 173//219
f 172//220 173//220 174//220
f 174//221 173//221 175//221
f 174//222 175//222 176//222
f 176//223 175//223 177//223
f 176//224 177//224 178//224
f 178//225 177//225 179//225
f 178//226 179//226 180//226
f 180//227 179//227 181//227
f 114//228 116//228 165//228
f 165//229 116//229 182//229
f 165//230 182//230 164//230
f 164//231 182//231 183//231
f 164//232 183//232 163//232
f 163//233 183//233 184//233
f 163//234 184//234 162//234
f 162//235 184//235 185//235
f 162//236 185//236 186//236
f 186//237 185//237 187//237
f 116//238 118//238 182//238
f 182//239 118//239 160//239
f 182//240 160//240 183//240
f 183//241 160//241 188//241
f 183//242 188//242 184//242
f 184//243 188//243 189//243
f 184//244 189//244 185//244
f 185//245 189//245 190//245
f 185//246 190//246 187//246
f 187//247 190//247 191//247
f 187//248 191//248 192//248
f 120//249 122//249 160//249
f 160//250 122//250 161//250
f 160//251 161//251 188//251
f 188//252 161//252 172//252
f 188//253 172//253 189//253
f 189//254 172//254 174//254
f 189//255 174//255 190//255
f 190//256 174//256 176//256
f 190//257 176//257 191//257
f 191//258 176//258 178//258
f 191//259 178//259 192//259
f 192//260 178//260 180//260
f 192//261 180//261 169//261
f 169//262 180//262 181//262
f 169//263 181//263 170//263
f 101//264 193//264 98//264
f 98//265 193//265 171//265
f 171//266 193//266 173//266
f 173//267 193//267 194//267
f 173//268 194//268 175//268
f 175//269 194//269 195//269
f 175//270 195//270 177//270
f 177//271 195//271 196//271
f 177//272 196//272 179//272
f 197//273 198//273 199//273
f 179//274 196//274 181//274
f 181//275 196//275 200//275
f 181//276 200//276 170//276
f 170//277 200//277 197//277
f 170//278 197//278 168//278
f 168//279 197//279 199//279
f 168//280 199//280 166//280
f 201//281 202//281 198//281
f 203//282 204//282 202//282
f 202//283 204//283 205//283
f 202//284 205//284 198//284
f 198//285 197//285 201//285
f 201//286 197//286 200//286
f 201//287 200//287 206//287
f 206//288 200//288 196//288
f 206//289 196//289 207//289
f 207//290 196//290 195//290
f 207//291 195//291 208//291
f 208//292 195//292 194//292
f 208//293 194//293 209//293
f 209//294 194//294 193//294
f 209//295 193//295 210//295
f 210//296 193//296 101//296
f 210//297 101//297 103//297
f 211//1 212//1 201//1
f 213//1 214//1 203//1
f 203//1 214//1 215//1
f 203//1 215//1 216//1
f 213//1 203//1 212//1
f 212//1 203//1 202//1
f 212//1 202//1 201//1
f 217//1 210//1 218//1
f 218//1 210//1 103//1
f 218//1 103//1 102//1
f 201//1 206//1 211//1
f 211//1 206//1 207//1
f 211//1 207//1 219//1
f 219//1 207//1 208//1
f 219//1 208//1 217//1
f 217//1 208//1 209//1
f 217//1 209//1 210//1
f 100//298 99//298 220//298
f 220//299 99//299 111//299
f 220//300 111//300 221//300
f 104//301 107//301 111//301
f 111//302 107//302 222//302
f 111//303 222//303 221//303
f 102//304 100//304 223//304
f 223//305 100//305 220//305
f 223//306 220//306 224//306
f 224//307 220//307 221//307
f 224//308 221//308 225//308
f 225//309 221//309 222//309
f 225//310 222//310 226//310
f 226//311 222//311 107//311
f 226//312 107//312 109//312
f 227//313 228//313 229//313
f 228//314 230//314 231//314
f 230//315 216//315 232//315
f 230//316 232//316 231//316
f 231//317 232//317 233//317
f 231//318 233//318 234//318
f 234//319 233//319 235//319
f 234//320 235//320 236//320
f 236//321 235//321 237//321
f 236//322 237//322 238//322
f 238//323 237//323 239//323
f 238//324 239//324 240//324
f 240//325 239//325 241//325
f 240//326 241//326 242//326
f 242//327 241//327 243//327
f 242//328 243//328 244//328
f 244//329 243//329 245//329
f 244//330 245//330 246//330
f 246//331 245//331 247//331
f 246//332 247//332 248//332
f 248//333 247//333 249//333
f 248//334 249//334 250//334
f 250//335 249//335 251//335
f 250//336 251//336 252//336
f 252//337 251//337 253//337
f 252//338 253//338 254//338
f 254//339 253//339 255//339
f 254//340 255//340 256//340
f 256//341 255//341 257//341
f 256//342 257//342 258//342
f 258//343 257//343 259//343
f 258//344 259//344 260//344
f 260//345 259//345 261//345
f 260//346 261//346 262//346
f 262//347 261//347 263//347
f 262//348 263//348 264//348
f 264//349 263//349 265//349
f 264//350 265//350 266//350
f 266//351 265//351 267//351
f 266//352 267//352 268//352
f 268//353 267//353 269//353
f 268//354 269//354 270//354
f 270//355 269//355 271//355
f 270//356 271//356 272//356
f 272//357 271//357 273//357
f 272//358 273//358 274//358
f 274//359 273//359 275//359
f 274//360 275//360 276//360
f 276//361 275//361 277//361
f 276//362 277//362 278//362
f 278//363 277//363 279//363
f 278//364 279//364 280//364
f 280//365 279//365 281//365
f 280//366 281//366 282//366
f 228//367 231//367 229//367
f 229//368 231//368 234//368
f 229//369 234//369 283//369
f 283//370 234//370 236//370
f 283//371 236//371 284//371
f 284//372 236//372 238//372
f 284//373 238//373 285//373
f 285//374 238//374 240//374
f 285//375 240//375 286//375
f 286//376 240//376 242//376
f 286//377 242//377 287//377
f 287//378 242//378 244//378
f 287//379 244//379 288//379
f 288//380 244//380 246//380
f 288//381 246//381 289//381
f 289//382 246//382 248//382
f 289//383 248//383 290//383
f 290//384 248//384 250//384
f 290//385 250//385 291//385
f 291//386 250//386 252//386
f 291//387 252//387 292//387
f 292//388 252//388 254//388
f 292//389 254//389 293//389
f 293//390 254//390 256//390
f 293//391 256//391 294//391
f 294//392 256//392 258//392
f 294//393 258//393 295//393
f 295//394 258//394 260//394
f 295//395 260//395 296//395
f 296//396 260//396 262//396
f 296//397 262//397 297//397
f 297//398 262//398 264//398
f 297//399 264//399 298//399
f 298//400 264//400 266//400
f 298//401 266//401 299//401
f 299//402 266//402 268//402
f 299//403 268//403 300//403
f 300//404 268//404 270//404
f 300//405 270//405 301//405
f 301//406 270//406 272//406
f 301//407 272//407 302//407
f 302//408 272//408 274//408
f 302//409 274//409 303//409
f 303//410 274//410 276//410
f 303//411 276//411 304//411
f 304//412 276//412 278//412
f 304//413 278//413 305//413
f 305//414 278//414 280//414
f 305//415 280//415 306//415
f 306//416 280//416 282//416
f 306//417 282//417 307//417
f 227//418 229//418 308//418
f 308//419 229//419 283//419
f 308//420 283//420 309//420
f 309//421 283//421 284//421
f 309//422 284//422 310//422
f 310//423 284//423 285//423
f 310//424 285//424 311//424
f 311//425 285//425 286//425
f 311//426 286//426 312//426
f 312//427 286//427 287//427
f 312//428 287//428 313//428
f 313//429 287//429 288//429
f 313//430 288//430 314//430
f 314//431 288//431 289//431
f 314//432 289//432 315//432
f 315//433 289//433 290//433
f 315//434 290//434 316//434
f 316//435 290//435 291//435
f 316//436 291//436 317//436
f 317//437 291//437 292//437
f 317//438 292//438 318//438
f 318//439 292//439 293//439
f 318//440 293//440 319//440
f 319//441 293//441 294//441
f 319//442 294//442 320//442
f 320//443 294//443 295//443
f 320//444 295//444 321//444
f 321//445 295//445 296//445
f 321//446 296//446 322//446
f 322//447 296//447 297//447
f 322//448 297//448 323//448
f 323//449 297//449 298//449
f 323//450 298//450 324//450
f 324//451 298//451 299//451
f 324//452 299//452 325//452
f 325//453 299//453 300//453
f 325//454 300//454 326//454
f 326//455 300//455 301//455
f 326//456 301//456 327//456
f 327//457 301//457 302//457
f 327//458 302//458 328//458
f 328//459 302//459 303//459
f 328//460 303//460 329//460
f 329//461 303//461 304//461
f 329//462 304//462 330//462
f 330//463 304//463 305//463
f 330//464 305//464 331//464
f 331//465 305//465 306//465
f 331//466 306//466 332//466
f 332//467 306//467 307//467
f 332//468 307//468 333//468
f 334//1 109//1 108//1
f 334//1 108//1 335//1
f 336//1 281//1 337//1
f 338//1 339//1 340//1
f 340//1 339//1 341//1
f 340//1 341//1 342//1
f 108//1 343//1 335//1
f 335//1 343//1 344//1
f 335//1 344//1 338//1
f 338//1 344//1 345//1
f 338//1 345//1 339//1
f 337//1 346//1 336//1
f 336//1 346//1 347//1
f 336//1 347//1 348//1
f 348//1 347//1 342//1
f 348//1 342//1 349//1
f 349//1 342//1 341//1
f 350//469 351//469 352//469
f 350//470 353//470 351//470
f 351//471 353//471 354//471
f 351//472 354//472 355//472
f 356//473 357//473 352//473
f 352//474 357//474 358//474
f 352//475 358//475 350//475
f 352//476 359//476 356//476
f 356//477 359//477 360//477
f 356//478 360//478 361//478
f 361//479 360//479 362//479
f 361//480 362//480 363//480
f 364//481 365//481 362//481
f 362//482 365//482 366//482
f 362//483 366//483 363//483
f 105//484 365//484 106//484
f 106//485 365//485 364//485
f 106//486 364//486 108//486
f 108//487 364//487 343//487
f 343//488 364//488 362//488
f 343//489 362//489 344//489
f 344//490 362//490 360//490
f 344//491 360//491 345//491
f 345//492 360//492 359//492
f 345//493 359//493 339//493
f 339//494 359//494 352//494
f 339//495 352//495 341//495
f 341//496 352//496 351//496
f 341//497 351//497 349//497
f 349//498 351//498 355//498
f 349//499 355//499 348//499
f 348//500 355//500 367//500
f 348//501 367//501 336//501
f 368//502 369//502 370//502
f 371//503 372//503 373//503
f 374//504 375//504 376//504
f 119//505 117//505 377//505
f 127//506 378//506 379//506
f 127//507 379//507 126//507
f 126//508 379//508 380//508
f 126//509 380//509 125//509
f 125//510 380//510 115//510
f 125//511 115//511 78//511
f 119//512 377//512 121//512
f 110//513 112//513 381//513
f 365//514 382//514 366//514
f 366//515 382//515 383//515
f 366//516 383//516 363//516
f 363//517 383//517 384//517
f 363//518 384//518 361//518
f 361//519 384//519 385//519
f 361//520 385//520 356//520
f 356//521 385//521 386//521
f 356//522 386//522 357//522
f 353//523 350//523 387//523
f 387//524 350//524 358//524
f 387//525 358//525 374//525
f 374//526 358//526 357//526
f 374//527 357//527 375//527
f 375//528 357//528 386//528
f 375//529 386//529 376//529
f 371//530 373//530 388//530
f 368//531 370//531 389//531
f 127//532 389//532 378//532
f 378//533 389//533 370//533
f 378//534 370//534 379//534
f 379//535 370//535 390//535
f 379//536 390//536 380//536
f 380//537 390//537 377//537
f 380//538 377//538 115//538
f 115//539 377//539 117//539
f 368//540 388//540 369//540
f 369//541 388//541 373//541
f 369//542 373//542 370//542
f 370//543 373//543 391//543
f 370//544 391//544 390//544
f 390//545 391//545 392//545
f 390//546 392//546 377//546
f 377//547 392//547 381//547
f 377//548 381//548 121//548
f 121//549 381//549 112//549
f 371//550 376//550 372//550
f 372//551 376//551 386//551
f 372//552 386//552 373//552
f 373//553 386//553 385//553
f 373//554 385//554 391//554
f 391//555 385//555 384//555
f 391//556 384//556 392//556
f 392//557 384//557 383//557
f 392//558 383//558 381//558
f 381//559 383//559 382//559
f 381//560 382//560 110//560
f 110//561 382//561 365//561
f 110//562 365//562 105//562
f 127//563 68//563 393//563
f 393//564 68//564 69//564
f 393//565 69//565 394//565
f 394//566 69//566 70//566
f 394//567 70//567 395//567
f 395//568 70//568 71//568
f 395//569 71//569 396//569
f 396//570 71//570 72//570
f 397//571 398//571 399//571
f 400//572 397//572 399//572
f 398//573 6//573 399//573
f 399//574 6//574 5//574
f 399//575 5//575 400//575
f 400//576 5//576 11//576
f 400//577 11//577 9//577
f 401//1 402//1 403//1
f 404//1 405//1 406//1
f 406//1 405//1 407//1
f 406//1 407//1 403//1
f 403//1 407//1 408//1
f 403//1 408//1 401//1
f 409//1 410//1 411//1
f 411//1 410//1 412//1
f 411//1 412//1 404//1
f 404//1 412//1 413//1
f 404//1 413//1 405//1
f 414//1 415//1 416//1
f 416//1 415//1 143//1
f 417//1 418//1 414//1
f 414//1 418//1 419//1
f 414//1 419//1 415//1
f 420//1 421//1 417//1
f 417//1 421//1 422//1
f 417//1 422//1 418//1
f 142//1 423//1 143//1
f 143//1 423//1 424//1
f 143//1 424//1 416//1
f 409//1 411//1 425//1
f 425//1 411//1 426//1
f 425//1 426//1 142//1
f 142//1 426//1 427//1
f 142//1 427//1 423//1
f 428//1 429//1 430//1
f 430//1 429//1 431//1
f 430//1 431//1 432//1
f 432//1 431//1 433//1
f 432//1 433//1 420//1
f 420//1 433//1 434//1
f 420//1 434//1 421//1
f 435//1 436//1 146//1
f 146//1 436//1 149//1
f 437//1 438//1 439//1
f 439//1 438//1 440//1
f 439//1 440//1 441//1
f 441//1 440//1 442//1
f 441//1 442//1 443//1
f 443//1 442//1 444//1
f 443//1 444//1 88//1
f 73//1 128//1 444//1
f 444//1 128//1 132//1
f 444//1 132//1 88//1
f 154//578 445//578 155//578
f 155//579 445//579 446//579
f 155//580 446//580 14//580
f 14//581 446//581 15//581
f 20//582 49//582 153//582
f 153//583 49//583 54//583
f 153//584 54//584 154//584
f 97//585 162//585 159//585
f 159//586 162//586 447//586
f 159//587 447//587 158//587
f 158//588 447//588 448//588
f 158//589 448//589 157//589
f 157//590 448//590 449//590
f 157//591 449//591 156//591
f 450//592 451//592 449//592
f 449//593 451//593 452//593
f 449//594 452//594 156//594
f 186//595 187//595 453//595
f 453//596 187//596 454//596
f 453//597 454//597 455//597
f 455//598 454//598 456//598
f 455//599 456//599 457//599
f 457//600 456//600 458//600
f 459//601 458//601 460//601
f 460//602 458//602 456//602
f 460//603 456//603 461//603
f 461//604 456//604 454//604
f 461//605 454//605 192//605
f 192//606 454//606 187//606
f 162//607 186//607 447//607
f 447//608 186//608 453//608
f 447//609 453//609 448//609
f 448//610 453//610 455//610
f 448//611 455//611 449//611
f 449//612 455//612 457//612
f 449//613 457//613 450//613
f 450//614 457//614 458//614
f 450//615 458//615 462//615
f 462//616 458//616 459//616
f 462//617 459//617 463//617
f 167//618 166//618 464//618
f 465//619 466//619 467//619
f 467//620 466//620 468//620
f 467//621 468//621 469//621
f 469//622 468//622 470//622
f 469//623 470//623 464//623
f 464//624 470//624 471//624
f 464//625 471//625 167//625
f 167//626 471//626 169//626
f 192//627 169//627 461//627
f 461//628 169//628 471//628
f 461//629 471//629 460//629
f 460//630 471//630 470//630
f 460//631 470//631 459//631
f 459//632 470//632 468//632
f 459//633 468//633 463//633
f 463//634 468//634 466//634
f 472//635 469//635 464//635
f 473//636 205//636 204//636
f 474//637 473//637 475//637
f 475//638 473//638 204//638
f 475//639 204//639 203//639
f 476//640 465//640 477//640
f 477//641 465//641 467//641
f 472//642 464//642 478//642
f 478//643 464//643 166//643
f 478//644 166//644 199//644
f 467//645 469//645 477//645
f 477//646 469//646 472//646
f 477//647 472//647 479//647
f 479//648 472//648 478//648
f 479//649 478//649 480//649
f 480//650 478//650 199//650
f 480//651 199//651 198//651
f 481//652 476//652 482//652
f 482//653 476//653 477//653
f 482//654 477//654 483//654
f 483//655 477//655 479//655
f 483//656 479//656 474//656
f 474//657 479//657 480//657
f 474//658 480//658 473//658
f 473//659 480//659 198//659
f 473//660 198//660 205//660
f 227//661 481//661 482//661
f 227//662 482//662 228//662
f 228//663 482//663 483//663
f 228//664 483//664 230//664
f 203//665 216//665 475//665
f 475//666 216//666 230//666
f 475//667 230//667 474//667
f 474//668 230//668 483//668
f 267//669 484//669 485//669
f 486//670 487//670 488//670
f 489//671 490//671 491//671
f 492//672 493//672 494//672
f 494//673 493//673 495//673
f 494//674 495//674 496//674
f 496//675 495//675 497//675
f 496//676 497//676 498//676
f 498//677 497//677 499//677
f 498//678 499//678 500//678
f 500//679 499//679 501//679
f 501//680 499//680 491//680
f 491//681 499//681 502//681
f 491//682 502//682 489//682
f 503//683 504//683 505//683
f 505//684 504//684 506//684
f 505//685 506//685 507//685
f 507//686 506//686 508//686
f 507//687 508//687 509//687
f 509//688 508//688 510//688
f 509//689 510//689 489//689
f 489//690 510//690 511//690
f 489//691 511//691 490//691
f 503//692 505//692 512//692
f 512//693 505//693 513//693
f 512//694 513//694 514//694
f 514//695 513//695 515//695
f 514//696 515//696 516//696
f 516//697 515//697 517//697
f 516//698 517//698 518//698
f 519//699 520//699 521//699
f 521//700 520//700 522//700
f 521//701 522//701 523//701
f 523//702 522//702 524//702
f 523//703 524//703 517//703
f 517//704 524//704 525//704
f 517//705 525//705 518//705
f 526//706 527//706 528//706
f 528//707 527//707 529//707
f 528//708 529//708 530//708
f 530//709 529//709 531//709
f 530//710 531//710 519//710
f 519//711 531//711 532//711
f 519//712 532//712 520//712
f 526//713 528//713 533//713
f 533//714 528//714 534//714
f 533//715 534//715 535//715
f 535//716 534//716 536//716
f 535//717 536//717 537//717
f 537//718 536//718 538//718
f 537//719 538//719 539//719
f 540//720 541//720 542//720
f 542//721 541//721 543//721
f 542//722 543//722 544//722
f 544//723 543//723 545//723
f 544//724 545//724 538//724
f 538//725 545//725 546//725
f 538//726 546//726 539//726
f 547//727 548//727 549//727
f 549//728 548//728 550//728
f 549//729 550//729 551//729
f 551//730 550//730 552//730
f 551//731 552//731 540//731
f 540//732 552//732 553//732
f 540//733 553//733 541//733
f 547//734 549//734 554//734
f 554//735 549//735 555//735
f 554//736 555//736 556//736
f 556//737 555//737 557//737
f 556//738 557//738 558//738
f 558//739 557//739 559//739
f 558//740 559//740 560//740
f 561//741 562//741 563//741
f 563//742 562//742 564//742
f 563//743 564//743 565//743
f 565//744 564//744 566//744
f 565//745 566//745 567//745
f 567//746 566//746 568//746
f 567//747 568//747 559//747
f 559//748 568//748 569//748
f 559//749 569//749 560//749
f 561//750 563//750 488//750
f 488//751 563//751 570//751
f 488//752 570//752 486//752
f 492//753 571//753 493//753
f 493//754 571//754 572//754
f 493//755 572//755 573//755
f 573//756 572//756 574//756
f 573//757 574//757 575//757
f 575//758 574//758 576//758
f 575//759 576//759 486//759
f 486//760 576//760 577//760
f 486//761 577//761 487//761
f 216//762 578//762 232//762
f 232//763 578//763 579//763
f 232//764 579//764 233//764
f 233//765 579//765 580//765
f 233//766 580//766 235//766
f 235//767 580//767 581//767
f 582//768 241//768 583//768
f 583//769 241//769 239//769
f 583//770 239//770 581//770
f 581//771 239//771 237//771
f 581//772 237//772 235//772
f 584//773 247//773 585//773
f 585//774 247//774 245//774
f 585//775 245//775 582//775
f 582//776 245//776 243//776
f 582//777 243//777 241//777
f 586//778 255//778 587//778
f 587//779 255//779 253//779
f 587//780 253//780 588//780
f 588//781 253//781 251//781
f 588//782 251//782 584//782
f 584//783 251//783 249//783
f 584//784 249//784 247//784
f 261//785 259//785 586//785
f 586//786 259//786 257//786
f 586//787 257//787 255//787
f 586//788 589//788 261//788
f 261//789 589//789 590//789
f 261//790 590//790 263//790
f 484//791 267//791 590//791
f 590//792 267//792 265//792
f 590//793 265//793 263//793
f 273//794 271//794 485//794
f 485//795 271//795 269//795
f 485//796 269//796 267//796
f 485//797 591//797 273//797
f 273//798 591//798 592//798
f 273//799 592//799 275//799
f 593//800 335//800 594//800
f 594//801 335//801 338//801
f 594//802 338//802 595//802
f 595//803 338//803 340//803
f 595//804 340//804 596//804
f 596//805 340//805 342//805
f 596//806 342//806 597//806
f 597//807 342//807 347//807
f 597//808 347//808 598//808
f 598//809 347//809 346//809
f 598//810 346//810 599//810
f 599//811 346//811 337//811
f 599//812 337//812 600//812
f 600//813 337//813 281//813
f 600//814 281//814 601//814
f 601//815 281//815 279//815
f 601//816 279//816 592//816
f 592//817 279//817 277//817
f 592//818 277//818 275//818
f 225//819 226//819 602//819
f 602//820 226//820 109//820
f 602//821 109//821 593//821
f 593//822 109//822 334//822
f 593//823 334//823 335//823
f 216//824 215//824 578//824
f 578//825 215//825 214//825
f 578//826 214//826 603//826
f 603//827 214//827 213//827
f 603//828 213//828 604//828
f 604//829 213//829 212//829
f 604//830 212//830 605//830
f 605//831 212//831 211//831
f 605//832 211//832 606//832
f 606//833 211//833 219//833
f 606//834 219//834 607//834
f 607//835 219//835 217//835
f 607//836 217//836 608//836
f 608//837 217//837 218//837
f 608//838 218//838 609//838
f 609//839 218//839 102//839
f 609//840 102//840 610//840
f 610//841 102//841 223//841
f 610//842 223//842 602//842
f 602//843 223//843 224//843
f 602//844 224//844 225//844
f 513//845 611//845 515//845
f 515//846 611//846 612//846
f 515//847 612//847 517//847
f 517//848 612//848 613//848
f 517//849 613//849 523//849
f 523//850 613//850 614//850
f 523//851 614//851 521//851
f 521//852 614//852 615//852
f 521//853 615//853 519//853
f 519//854 615//854 616//854
f 519//855 616//855 530//855
f 530//856 616//856 617//856
f 530//857 617//857 528//857
f 528//858 617//858 618//858
f 528//859 618//859 534//859
f 534//860 618//860 619//860
f 534//861 619//861 536//861
f 536//862 619//862 620//862
f 536//863 620//863 538//863
f 538//864 620//864 621//864
f 538//865 621//865 544//865
f 544//866 621//866 622//866
f 544//867 622//867 542//867
f 542//868 622//868 623//868
f 542//869 623//869 540//869
f 540//870 623//870 624//870
f 540//871 624//871 551//871
f 551//872 624//872 625//872
f 551//873 625//873 549//873
f 549//874 625//874 626//874
f 549//875 626//875 555//875
f 555//876 626//876 627//876
f 555//877 627//877 557//877
f 557//878 627//878 628//878
f 557//879 628//879 559//879
f 559//880 628//880 629//880
f 559//881 629//881 567//881
f 567//882 629//882 630//882
f 567//883 630//883 565//883
f 565//884 630//884 631//884
f 565//885 631//885 563//885
f 563//886 631//886 632//886
f 563//887 632//887 570//887
f 570//888 632//888 633//888
f 570//889 633//889 486//889
f 486//890 633//890 634//890
f 486//891 634//891 575//891
f 575//892 634//892 635//892
f 575//893 635//893 573//893
f 573//894 635//894 636//894
f 573//895 636//895 493//895
f 493//896 636//896 637//896
f 493//897 637//897 495//897
f 495//898 637//898 638//898
f 495//899 638//899 497//899
f 497//900 638//900 639//900
f 497//901 639//901 499//901
f 499//902 639//902 640//902
f 499//903 640//903 502//903
f 502//904 640//904 641//904
f 502//905 641//905 489//905
f 489//906 641//906 642//906
f 489//907 642//907 509//907
f 509//908 642//908 643//908
f 509//909 643//909 507//909
f 507//910 643//910 644//910
f 507//911 644//911 505//911
f 505//912 644//912 645//912
f 505//913 645//913 513//913
f 513//914 645//914 611//914
f 645//915 646//915 611//915
f 611//916 646//916 647//916
f 611//917 647//917 612//917
f 612//918 647//918 648//918
f 612//919 648//919 613//919
f 613//920 648//920 649//920
f 613//921 649//921 614//921
f 614//922 649//922 650//922
f 614//923 650//923 615//923
f 615//924 650//924 651//924
f 615//925 651//925 616//925
f 616//926 651//926 652//926
f 616//927 652//927 617//927
f 617//928 652//928 653//928
f 617//929 653//929 618//929
f 618//930 653//930 654//930
f 618//931 654//931 619//931
f 619//932 654//932 655//932
f 619//933 655//933 620//933
f 620//934 655//934 656//934
f 620//935 656//935 621//935
f 621//936 656//936 657//936
f 621//937 657//937 622//937
f 622//938 657//938 658//938
f 622//939 658//939 623//939
f 623//940 658//940 659//940
f 623//941 659//941 624//941
f 624//942 659//942 660//942
f 624//943 660//943 625//943
f 625//944 660//944 661//944
f 625//945 661//945 626//945
f 626//946 661//946 662//946
f 626//947 662//947 627//947
f 627//948 662//948 663//948
f 627//949 663//949 628//949
f 628//950 663//950 664//950
f 628//951 664//951 629//951
f 629//952 664//952 665//952
f 629//953 665//953 630//953
f 630//954 665//954 666//954
f 630//955 666//955 631//955
f 631//956 666//956 667//956
f 631//957 667//957 632//957
f 632//958 667//958 668//958
f 632//959 668//959 633//959
f 633//960 668//960 669//960
f 633//961 669//961 634//961
f 634//962 669//962 670//962
f 634//963 670//963 635//963
f 635//964 670//964 671//964
f 635//965 671//965 636//965
f 636//966 671//966 672//966
f 636//967 672//967 637//967
f 637//968 672//968 673//968
f 637//969 673//969 638//969
f 638//970 673//970 674//970
f 638//971 674//971 639//971
f 639//972 674//972 675//972
f 639//973 675//973 640//973
f 640//974 675//974 676//974
f 640//975 676//975 641//975
f 641//976 676//976 677//976
f 641//977 677//977 642//977
f 642//978 677//978 678//978
f 642//979 678//979 643//979
f 643//980 678//980 679//980
f 643//981 679//981 644//981
f 644//982 679//982 680//982
f 644//983 680//983 645//983
f 645//984 680//984 646//984
f 680//985 588//985 646//985
f 646//986 588//986 584//986
f 646//987 584//987 647//987
f 647//988 584//988 585//988
f 647//989 585//989 648//989
f 648//990 585//990 582//990
f 648//991 582//991 649//991
f 649//992 582//992 583//992
f 649//993 583//993 650//993
f 650//994 583//994 581//994
f 650//995 581//995 651//995
f 651//996 581//996 580//996
f 651//997 580//997 652//997
f 652//998 580//998 579//998
f 652//999 579//999 653//999
f 653//1000 579//1000 578//1000
f 653//1001 578//1001 654//1001
f 654//1002 578//1002 603//1002
f 654//1003 603//1003 655//1003
f 655//1004 603//1004 604//1004
f 655//1005 604//1005 656//1005
f 656//1006 604//1006 605//1006
f 656//1007 605//1007 657//1007
f 657//1008 605//1008 606//1008
f 657//1009 606//1009 658//1009
f 658//1010 606//1010 607//1010
f 658//1011 607//1011 659//1011
f 659//1012 607//1012 608//1012
f 659//1013 608//1013 660//1013
f 660//1014 608//1014 609//1014
f 660//1015 609//1015 661//1015
f 661//1016 609//1016 610//1016
f 661//1017 610//1017 662//1017
f 662//1018 610//1018 602//1018
f 662//1019 602//1019 663//1019
f 663//1020 602//1020 593//1020
f 663//1021 593//1021 664//1021
f 664//1022 593//1022 594//1022
f 664//1023 594//1023 665//1023
f 665//1024 594//1024 595//1024
f 665//1025 595//1025 666//1025
f 666//1026 595//1026 596//1026
f 666//1027 596//1027 667//1027
f 667//1028 596//1028 597//1028
f 667//1029 597//1029 668//1029
f 668//1030 597//1030 598//1030
f 668//1031 598//1031 669//1031
f 669//1032 598//1032 599//1032
f 669//1033 599//1033 670//1033
f 670//1034 599//1034 600//1034
f 670//1035 600//1035 671//1035
f 671//1036 600//1036 601//1036
f 671//1037 601//1037 672//1037
f 672//1038 601//1038 592//1038
f 672//1039 592//1039 673//1039
f 673//1040 592//1040 591//1040
f 673//1041 591//1041 674//1041
f 674//1042 591//1042 485//1042
f 674//1043 485//1043 675//1043
f 675//1044 485//1044 484//1044
f 675//1045 484//1045 676//1045
f 676//1046 484//1046 590//1046
f 676//1047 590//1047 677//1047
f 677//1048 590//1048 589//1048
f 677//1049 589//1049 678//1049
f 678//1050 589//1050 586//1050
f 678//1051 586//1051 679//1051
f 679//1052 586//1052 587//1052
f 679//1053 587//1053 680//1053
f 680//1054 587//1054 588//1054
f 681//1055 227//1055 682//1055
f 682//1056 227//1056 308//1056
f 682//1057 308//1057 683//1057
f 683//1057 308//1057 309//1057
f 683//1058 309//1058 684//1058
f 684//1058 309//1058 310//1058
f 684//1059 310//1059 685//1059
f 685//1059 310//1059 311//1059
f 685//1060 311//1060 686//1060
f 686//1060 311//1060 312//1060
f 686//1061 312//1061 687//1061
f 687//1061 312//1061 313//1061
f 687//1062 313//1062 688//1062
f 688//1062 313//1062 314//1062
f 688//1063 314//1063 689//1063
f 689//1063 314//1063 315//1063
f 689//1064 315//1064 690//1064
f 690//1064 315//1064 316//1064
f 690//1065 316//1065 691//1065
f 691//1065 316//1065 317//1065
f 691//1066 317//1066 692//1066
f 692//1066 317//1066 318//1066
f 692//1067 318//1067 693//1067
f 693//1067 318//1067 319//1067
f 693//1068 319//1068 694//1068
f 694//1068 319//1068 320//1068
f 694//1069 320//1069 695//1069
f 695//1069 320//1069 321//1069
f 695//1070 321//1070 696//1070
f 696//1070 321//1070 322//1070
f 696//1071 322//1071 697//1071
f 697//1071 322//1071 323//1071
f 697//1072 323//1072 698//1072
f 698//1072 323//1072 324//1072
f 698//1073 324//1073 699//1073
f 699//1073 324//1073 325//1073
f 699//1074 325//1074 700//1074
f 700//1074 325//1074 326//1074
f 700//1075 326//1075 701//1075
f 701//1075 326//1075 327//1075
f 701//1076 327//1076 702//1076
f 702//1076 327//1076 328//1076
f 702//1077 328//1077 703//1077
f 703//1077 328//1077 329//1077
f 703//1078 329//1078 704//1078
f 704//1078 329//1078 330//1078
f 704//1079 330//1079 705//1079
f 705//1079 330//1079 331//1079
f 705//1080 331//1080 706//1080
f 706//1080 331//1080 332//1080
f 706//1081 332//1081 707//1081
f 707//1081 332//1081 333//1081
f 333//1082 307//1082 708//1082
f 708//1082 307//1082 709//1082
f 709//1083 307//1083 710//1083
f 710//1084 307//1084 282//1084
f 710//1085 282//1085 711//1085
f 711//1086 282//1086 712//1086
f 712//1087 282//1087 281//1087
f 712//1088 281//1088 336//1088
f 355//1089 713//1089 367//1089
f 367//1090 713//1090 714//1090
f 367//1091 714//1091 336//1091
f 715//1092 716//1092 717//1092
f 717//1093 716//1093 718//1093
f 717//1094 718//1094 719//1094
f 719//1095 718//1095 720//1095
f 719//1096 720//1096 721//1096
f 721//1097 720//1097 713//1097
f 721//1098 713//1098 354//1098
f 354//1099 713//1099 355//1099
f 354//1100 353//1100 721//1100
f 721//1101 353//1101 722//1101
f 721//1102 722//1102 719//1102
f 719//1103 722//1103 723//1103
f 719//1104 723//1104 717//1104
f 716//1105 708//1105 718//1105
f 718//1106 708//1106 709//1106
f 718//1107 709//1107 720//1107
f 720//1108 709//1108 710//1108
f 720//1109 710//1109 713//1109
f 713//1110 710//1110 711//1110
f 713//1111 711//1111 714//1111
f 714//1112 711//1112 712//1112
f 714//1113 712//1113 336//1113
f 387//1114 374//1114 724//1114
f 725//1115 715//1115 726//1115
f 726//1116 715//1116 717//1116
f 726//1117 717//1117 727//1117
f 727//1118 717//1118 723//1118
f 727//1119 723//1119 724//1119
f 724//1120 723//1120 722//1120
f 724//1121 722//1121 387//1121
f 387//1122 722//1122 353//1122
f 728//1123 725//1123 729//1123
f 729//1124 725//1124 726//1124
f 729//1125 726//1125 730//1125
f 730//1126 726//1126 727//1126
f 730//1127 727//1127 731//1127
f 731//1128 727//1128 724//1128
f 731//1129 724//1129 376//1129
f 376//1130 724//1130 374//1130
f 732//1131 733//1131 734//1131
f 368//1132 389//1132 735//1132
f 736//1133 728//1133 737//1133
f 737//1134 728//1134 729//1134
f 737//1135 729//1135 738//1135
f 738//1136 729//1136 730//1136
f 738//1137 730//1137 739//1137
f 739//1138 730//1138 731//1138
f 733//1139 736//1139 734//1139
f 734//1140 736//1140 737//1140
f 734//1141 737//1141 740//1141
f 740//1142 737//1142 738//1142
f 740//1143 738//1143 741//1143
f 741//1144 738//1144 739//1144
f 368//1145 735//1145 388//1145
f 742//1146 732//1146 743//1146
f 743//1147 732//1147 734//1147
f 743//1148 734//1148 744//1148
f 744//1149 734//1149 740//1149
f 744//1150 740//1150 735//1150
f 735//1151 740//1151 741//1151
f 735//1152 741//1152 388//1152
f 388//1153 741//1153 739//1153
f 388//1154 739//1154 371//1154
f 371//1155 739//1155 731//1155
f 371//1156 731//1156 376//1156
f 396//1157 742//1157 395//1157
f 395//1158 742//1158 743//1158
f 395//1159 743//1159 394//1159
f 394//1160 743//1160 744//1160
f 394//1161 744//1161 393//1161
f 393//1162 744//1162 735//1162
f 393//1163 735//1163 127//1163
f 127//1164 735//1164 389//1164
f 6//1165 398//1165 67//1165
f 67//1166 398//1166 397//1166
f 67//1167 397//1167 72//1167
f 745//1168 397//1168 400//1168
f 745//1169 400//1169 746//1169
f 746//1170 400//1170 9//1170
f 746//1171 9//1171 8//1171
f 747//1172 748//1172 749//1172
f 73//1173 444//1173 31//1173
f 31//1174 444//1174 750//1174
f 31//1175 750//1175 26//1175
f 26//1176 750//1176 751//1176
f 26//1177 751//1177 8//1177
f 8//1178 751//1178 749//1178
f 8//1179 749//1179 746//1179
f 746//1180 749//1180 748//1180
f 746//1181 748//1181 745//1181
f 752//1182 753//1182 754//1182
f 754//1183 753//1183 755//1183
f 754//1184 755//1184 756//1184
f 756//1185 755//1185 757//1185
f 758//1186 759//1186 757//1186
f 757//1187 759//1187 760//1187
f 757//1188 760//1188 756//1188
f 442//1189 440//1189 758//1189
f 758//1190 440//1190 761//1190
f 758//1191 761//1191 759//1191
f 753//1192 747//1192 755//1192
f 755//1193 747//1193 749//1193
f 755//1194 749//1194 757//1194
f 757//1195 749//1195 751//1195
f 757//1196 751//1196 758//1196
f 758//1197 751//1197 750//1197
f 758//1198 750//1198 442//1198
f 442//1199 750//1199 444//1199
f 143//1200 415//1200 136//1200
f 136//1201 415//1201 762//1201
f 136//1202 762//1202 137//1202
f 137//1203 762//1203 138//1203
f 138//1204 762//1204 763//1204
f 138//1205 763//1205 764//1205
f 764//1206 763//1206 765//1206
f 764//1206 765//1206 766//1206
f 766//1207 765//1207 767//1207
f 766//1207 767//1207 768//1207
f 769//1082 770//1082 771//1082
f 435//1208 146//1208 772//1208
f 772//1209 146//1209 145//1209
f 145//1210 144//1210 772//1210
f 772//1211 144//1211 151//1211
f 772//1212 151//1212 771//1212
f 771//1213 151//1213 773//1213
f 771//1082 773//1082 769//1082
f 440//1214 438//1214 761//1214
f 761//1215 438//1215 774//1215
f 761//1216 774//1216 759//1216
f 759//1217 774//1217 760//1217
f 760//1218 774//1218 775//1218
f 760//1083 775//1083 756//1083
f 756//1219 775//1219 754//1219
f 754//1220 775//1220 776//1220
f 754//1221 776//1221 752//1221
f 777//1222 778//1222 779//1222
f 778//1223 780//1223 781//1223
f 429//1224 782//1224 431//1224
f 431//1225 782//1225 783//1225
f 431//1226 783//1226 433//1226
f 433//1227 783//1227 784//1227
f 433//1228 784//1228 434//1228
f 434//1229 784//1229 785//1229
f 434//1230 785//1230 421//1230
f 421//1231 785//1231 786//1231
f 421//1232 786//1232 422//1232
f 422//1233 786//1233 781//1233
f 422//1234 781//1234 418//1234
f 418//1235 781//1235 780//1235
f 418//1236 780//1236 419//1236
f 778//1237 781//1237 779//1237
f 779//1238 781//1238 786//1238
f 779//1239 786//1239 787//1239
f 787//1240 786//1240 785//1240
f 787//1241 785//1241 788//1241
f 788//1242 785//1242 784//1242
f 788//1243 784//1243 789//1243
f 789//1244 784//1244 783//1244
f 789//1245 783//1245 790//1245
f 790//1246 783//1246 782//1246
f 790//1247 782//1247 791//1247
f 429//1248 792//1248 782//1248
f 782//1249 792//1249 793//1249
f 782//1250 793//1250 791//1250
f 791//1251 793//1251 794//1251
f 791//1252 794//1252 795//1252
f 777//1253 779//1253 796//1253
f 796//1254 779//1254 787//1254
f 796//1255 787//1255 797//1255
f 797//1256 787//1256 788//1256
f 797//1257 788//1257 798//1257
f 798//1258 788//1258 789//1258
f 798//1259 789//1259 799//1259
f 799//1260 789//1260 790//1260
f 799//1261 790//1261 800//1261
f 800//1262 790//1262 791//1262
f 800//1263 791//1263 801//1263
f 801//1264 791//1264 795//1264
f 801//1265 795//1265 802//1265
f 415//1266 419//1266 762//1266
f 762//1267 419//1267 780//1267
f 762//1268 780//1268 763//1268
f 763//1269 780//1269 778//1269
f 763//1270 778//1270 765//1270
f 765//1271 778//1271 777//1271
f 765//1272 777//1272 767//1272
f 767//1273 777//1273 803//1273
f 804//1274 805//1274 799//1274
f 799//1275 805//1275 806//1275
f 799//1276 806//1276 798//1276
f 798//1277 806//1277 807//1277
f 798//1278 807//1278 797//1278
f 797//1279 807//1279 808//1279
f 797//1280 808//1280 796//1280
f 796//1281 808//1281 809//1281
f 796//1282 809//1282 777//1282
f 777//1283 809//1283 810//1283
f 777//1284 810//1284 803//1284
f 804//1285 799//1285 811//1285
f 811//1286 799//1286 800//1286
f 811//1287 800//1287 812//1287
f 812//1288 800//1288 801//1288
f 812//1289 801//1289 813//1289
f 813//1290 801//1290 802//1290
f 813//1291 802//1291 814//1291
f 793//1292 815//1292 794//1292
f 794//1292 815//1292 816//1292
f 794//1293 816//1293 795//1293
f 795//1293 816//1293 817//1293
f 795//1294 817//1294 802//1294
f 802//1294 817//1294 818//1294
f 802//1295 818//1295 814//1295
f 814//1295 818//1295 819//1295
f 792//1296 429//1296 428//1296
f 401//1296 820//1296 402//1296
f 402//1297 820//1297 815//1297
f 402//1298 815//1298 428//1298
f 428//1299 815//1299 793//1299
f 428//1300 793//1300 792//1300
f 821//1301 822//1301 823//1301
f 824//1302 825//1302 826//1302
f 815//1303 820//1303 827//1303
f 820//1304 401//1304 408//1304
f 820//1305 408//1305 827//1305
f 827//1306 408//1306 407//1306
f 827//1307 407//1307 828//1307
f 828//1308 407//1308 405//1308
f 828//1309 405//1309 829//1309
f 829//1310 405//1310 413//1310
f 829//1311 413//1311 830//1311
f 830//1312 413//1312 412//1312
f 830//1313 412//1313 831//1313
f 831//1314 412//1314 410//1314
f 831//1315 410//1315 832//1315
f 817//1316 816//1316 833//1316
f 833//1317 816//1317 815//1317
f 815//1318 827//1318 833//1318
f 833//1319 827//1319 828//1319
f 833//1320 828//1320 834//1320
f 834//1321 828//1321 829//1321
f 834//1322 829//1322 835//1322
f 835//1323 829//1323 830//1323
f 835//1324 830//1324 836//1324
f 836//1325 830//1325 831//1325
f 836//1326 831//1326 837//1326
f 837//1327 831//1327 832//1327
f 837//1328 832//1328 838//1328
f 817//1329 833//1329 826//1329
f 826//1330 833//1330 834//1330
f 826//1331 834//1331 839//1331
f 839//1332 834//1332 835//1332
f 839//1333 835//1333 840//1333
f 840//1334 835//1334 836//1334
f 840//1335 836//1335 841//1335
f 841//1336 836//1336 837//1336
f 841//1337 837//1337 842//1337
f 842//1338 837//1338 838//1338
f 842//1339 838//1339 823//1339
f 825//1340 819//1340 826//1340
f 826//1341 819//1341 818//1341
f 826//1342 818//1342 817//1342
f 824//1343 826//1343 843//1343
f 843//1344 826//1344 839//1344
f 843//1345 839//1345 844//1345
f 844//1346 839//1346 840//1346
f 844//1347 840//1347 845//1347
f 845//1348 840//1348 841//1348
f 845//1349 841//1349 846//1349
f 846//1350 841//1350 842//1350
f 846//1351 842//1351 847//1351
f 823//1352 822//1352 842//1352
f 842//1353 822//1353 848//1353
f 842//1354 848//1354 847//1354
f 849//1355 821//1355 850//1355
f 850//1356 821//1356 823//1356
f 850//1357 823//1357 851//1357
f 851//1358 823//1358 838//1358
f 851//1359 838//1359 852//1359
f 852//1360 838//1360 832//1360
f 852//1361 832//1361 409//1361
f 409//1362 832//1362 410//1362
f 409//1363 425//1363 852//1363
f 852//1364 425//1364 853//1364
f 852//1365 853//1365 851//1365
f 851//1366 853//1366 854//1366
f 851//1367 854//1367 850//1367
f 850//1368 854//1368 855//1368
f 850//1369 855//1369 849//1369
f 849//1370 855//1370 856//1370
f 857//1371 858//1371 859//1371
f 857//1371 859//1371 860//1371
f 860//1371 859//1371 437//1371
f 437//1371 859//1371 861//1371
f 437//1371 861//1371 862//1371
f 776//1371 775//1371 770//1371
f 770//1371 775//1371 774//1371
f 770//1371 774//1371 771//1371
f 771//1371 774//1371 438//1371
f 862//1371 436//1371 437//1371
f 437//1371 436//1371 435//1371
f 437//1371 435//1371 438//1371
f 438//1371 435//1371 772//1371
f 438//1371 772//1371 771//1371
f 149//1372 436//1372 147//1372
f 147//1373 436//1373 862//1373
f 147//1374 862//1374 148//1374
f 148//1375 862//1375 150//1375
f 150//1376 862//1376 861//1376
f 150//1377 861//1377 863//1377
f 863//1378 861//1378 859//1378
f 863//1378 859//1378 864//1378
f 139//1379 141//1379 853//1379
f 853//1380 141//1380 854//1380
f 425//1381 142//1381 853//1381
f 853//1382 142//1382 140//1382
f 853//1383 140//1383 139//1383
f 141//1384 865//1384 854//1384
f 854//1385 865//1385 866//1385
f 854//1385 866//1385 855//1385
f 855//1386 866//1386 867//1386
f 855//1386 867//1386 856//1386
f 439//1387 868//1387 437//1387
f 437//1388 868//1388 860//1388
f 868//1389 869//1389 860//1389
f 860//1390 869//1390 870//1390
f 860//1391 870//1391 857//1391
f 871//1392 858//1392 872//1392
f 872//1393 858//1393 857//1393
f 872//1394 857//1394 873//1394
f 873//1395 857//1395 870//1395
f 874//1396 875//1396 876//1396
f 443//1397 88//1397 877//1397
f 877//1398 88//1398 44//1398
f 878//1399 879//1399 870//1399
f 439//1400 441//1400 868//1400
f 868//1401 441//1401 878//1401
f 868//1402 878//1402 869//1402
f 869//1403 878//1403 870//1403
f 875//1404 871//1404 876//1404
f 876//1405 871//1405 872//1405
f 876//1406 872//1406 879//1406
f 879//1407 872//1407 873//1407
f 879//1408 873//1408 870//1408
f 446//1409 445//1409 880//1409
f 44//1410 39//1410 877//1410
f 877//1411 39//1411 15//1411
f 877//1412 15//1412 881//1412
f 881//1413 15//1413 446//1413
f 881//1414 446//1414 882//1414
f 882//1415 446//1415 880//1415
f 880//1416 874//1416 882//1416
f 882//1417 874//1417 876//1417
f 882//1418 876//1418 881//1418
f 881//1419 876//1419 879//1419
f 881//1420 879//1420 877//1420
f 877//1421 879//1421 878//1421
f 877//1422 878//1422 443//1422
f 443//1423 878//1423 441//1423
f 154//1424 54//1424 156//1424
f 883//1425 445//1425 884//1425
f 884//1426 445//1426 154//1426
f 884//1427 154//1427 885//1427
f 885//1428 154//1428 156//1428
f 156//1429 452//1429 885//1429
f 885//1430 452//1430 451//1430
f 885//1431 451//1431 886//1431
f 886//1432 451//1432 450//1432
f 886//1433 450//1433 887//1433
f 887//1434 450//1434 462//1434
f 887//1435 462//1435 463//1435
f 481//1436 227//1436 681//1436
f 887//1437 463//1437 681//1437
f 681//1438 463//1438 466//1438
f 466//1439 465//1439 681//1439
f 681//1440 465//1440 476//1440
f 681//1441 476//1441 481//1441
f 554//1442 556//1442 888//1442
f 888//1443 556//1443 558//1443
f 888//1444 558//1444 889//1444
f 889//1445 558//1445 560//1445
f 889//1446 560//1446 890//1446
f 890//1447 560//1447 569//1447
f 890//1448 569//1448 891//1448
f 891//1449 569//1449 568//1449
f 891//1450 568//1450 892//1450
f 892//1451 568//1451 566//1451
f 892//1452 566//1452 893//1452
f 893//1453 566//1453 564//1453
f 893//1454 564//1454 894//1454
f 894//1455 564//1455 562//1455
f 894//1456 562//1456 895//1456
f 896//1457 550//1457 897//1457
f 897//1458 550//1458 548//1458
f 897//1459 548//1459 898//1459
f 898//1460 548//1460 547//1460
f 898//1461 547//1461 899//1461
f 899//1462 547//1462 554//1462
f 899//1463 554//1463 900//1463
f 900//1464 554//1464 888//1464
f 522//1465 520//1465 901//1465
f 901//1466 520//1466 532//1466
f 901//1467 532//1467 902//1467
f 902//1468 532//1468 531//1468
f 902//1469 531//1469 903//1469
f 903//1470 531//1470 529//1470
f 903//1471 529//1471 904//1471
f 904//1472 529//1472 527//1472
f 904//1473 527//1473 905//1473
f 905//1474 527//1474 526//1474
f 905//1475 526//1475 906//1475
f 906//1476 526//1476 533//1476
f 906//1477 533//1477 907//1477
f 907//1478 533//1478 535//1478
f 907//1479 535//1479 908//1479
f 908//1480 535//1480 537//1480
f 908//1481 537//1481 909//1481
f 909//1482 537//1482 539//1482
f 909//1483 539//1483 910//1483
f 910//1484 539//1484 546//1484
f 910//1485 546//1485 911//1485
f 911//1486 546//1486 545//1486
f 911//1487 545//1487 912//1487
f 912//1488 545//1488 543//1488
f 912//1489 543//1489 913//1489
f 913//1490 543//1490 541//1490
f 913//1491 541//1491 914//1491
f 914//1492 541//1492 553//1492
f 914//1493 553//1493 896//1493
f 896//1494 553//1494 552//1494
f 896//1495 552//1495 550//1495
f 901//1496 915//1496 522//1496
f 522//1497 915//1497 916//1497
f 522//1498 916//1498 524//1498
f 524//1499 916//1499 917//1499
f 524//1500 917//1500 525//1500
f 525//1501 917//1501 918//1501
f 525//1502 918//1502 518//1502
f 518//1503 918//1503 919//1503
f 518//1504 919//1504 516//1504
f 516//1505 919//1505 514//1505
f 919//1506 920//1506 514//1506
f 514//1507 920//1507 921//1507
f 514//1508 921//1508 512//1508
f 512//1509 921//1509 922//1509
f 512//1510 922//1510 503//1510
f 503//1511 922//1511 923//1511
f 503//1512 923//1512 504//1512
f 504//1513 923//1513 924//1513
f 504//1514 924//1514 506//1514
f 506//1515 924//1515 925//1515
f 506//1516 925//1516 508//1516
f 508//1517 925//1517 926//1517
f 508//1518 926//1518 510//1518
f 510//1519 926//1519 927//1519
f 510//1520 927//1520 511//1520
f 511//1521 927//1521 928//1521
f 511//1522 928//1522 490//1522
f 490//1523 928//1523 929//1523
f 490//1524 929//1524 491//1524
f 491//1525 929//1525 930//1525
f 491//1526 930//1526 501//1526
f 501//1527 930//1527 931//1527
f 501//1528 931//1528 500//1528
f 500//1529 931//1529 932//1529
f 500//1530 932//1530 498//1530
f 498//1531 932//1531 496//1531
f 932//1532 933//1532 496//1532
f 496//1533 933//1533 934//1533
f 496//1534 934//1534 494//1534
f 494//1535 934//1535 935//1535
f 494//1536 935//1536 492//1536
f 492//1537 935//1537 936//1537
f 492//1538 936//1538 571//1538
f 571//1539 936//1539 937//1539
f 571//1540 937//1540 572//1540
f 572//1541 937//1541 938//1541
f 572//1542 938//1542 574//1542
f 574//1543 938//1543 939//1543
f 574//1544 939//1544 576//1544
f 576//1545 939//1545 940//1545
f 576//1546 940//1546 577//1546
f 577//1547 940//1547 941//1547
f 577//1548 941//1548 487//1548
f 487//1549 941//1549 942//1549
f 487//1550 942//1550 488//1550
f 488//1551 942//1551 895//1551
f 488//1552 895//1552 561//1552
f 561//1553 895//1553 562//1553
f 707//1554 943//1554 944//1554
f 943//1555 945//1555 946//1555
f 945//1556 947//1556 948//1556
f 945//1557 948//1557 946//1557
f 946//1558 948//1558 949//1558
f 946//1559 949//1559 950//1559
f 950//1560 949//1560 951//1560
f 950//1561 951//1561 952//1561
f 952//1562 951//1562 953//1562
f 952//1563 953//1563 954//1563
f 954//1564 953//1564 955//1564
f 954//1565 955//1565 956//1565
f 956//1566 955//1566 957//1566
f 956//1567 957//1567 958//1567
f 958//1568 957//1568 959//1568
f 958//1569 959//1569 960//1569
f 960//1570 959//1570 961//1570
f 960//1571 961//1571 962//1571
f 962//1572 961//1572 963//1572
f 962//1573 963//1573 964//1573
f 964//1574 963//1574 965//1574
f 964//1575 965//1575 966//1575
f 966//1576 965//1576 967//1576
f 966//1577 967//1577 968//1577
f 968//1578 967//1578 969//1578
f 968//1579 969//1579 970//1579
f 970//1580 969//1580 971//1580
f 970//1581 971//1581 972//1581
f 972//1582 971//1582 973//1582
f 972//1583 973//1583 974//1583
f 974//1584 973//1584 975//1584
f 974//1585 975//1585 976//1585
f 976//1586 975//1586 977//1586
f 976//1587 977//1587 978//1587
f 978//1588 977//1588 979//1588
f 978//1589 979//1589 980//1589
f 980//1590 979//1590 981//1590
f 980//1591 981//1591 982//1591
f 982//1592 981//1592 983//1592
f 982//1593 983//1593 984//1593
f 984//1594 983//1594 985//1594
f 984//1595 985//1595 986//1595
f 986//1596 985//1596 987//1596
f 986//1597 987//1597 988//1597
f 988//1598 987//1598 989//1598
f 988//1599 989//1599 990//1599
f 990//1600 989//1600 991//1600
f 990//1601 991//1601 992//1601
f 992//1602 991//1602 993//1602
f 992//1603 993//1603 994//1603
f 994//1604 993//1604 995//1604
f 994//1605 995//1605 996//1605
f 996//1606 995//1606 997//1606
f 996//1607 997//1607 998//1607
f 943//1608 946//1608 944//1608
f 944//1609 946//1609 950//1609
f 944//1610 950//1610 999//1610
f 999//1611 950//1611 952//1611
f 999//1612 952//1612 1000//1612
f 1000//1613 952//1613 954//1613
f 1000//1614 954//1614 1001//1614
f 1001//1615 954//1615 956//1615
f 1001//1616 956//1616 1002//1616
f 1002//1617 956//1617 958//1617
f 1002//1618 958//1618 1003//1618
f 1003//1619 958//1619 960//1619
f 1003//1620 960//1620 1004//1620
f 1004//1621 960//1621 962//1621
f 1004//1622 962//1622 1005//1622
f 1005//1623 962//1623 964//1623
f 1005//1624 964//1624 1006//1624
f 1006//1625 964//1625 966//1625
f 1006//1626 966//1626 1007//1626
f 1007//1627 966//1627 968//1627
f 1007//1628 968//1628 1008//1628
f 1008//1629 968//1629 970//1629
f 1008//1630 970//1630 1009//1630
f 1009//1631 970//1631 972//1631
f 1009//1632 972//1632 1010//1632
f 1010//1633 972//1633 974//1633
f 1010//1634 974//1634 1011//1634
f 1011//1635 974//1635 976//1635
f 1011//1636 976//1636 1012//1636
f 1012//1637 976//1637 978//1637
f 1012//1638 978//1638 1013//1638
f 1013//1639 978//1639 980//1639
f 1013//1640 980//1640 1014//1640
f 1014//1641 980//1641 982//1641
f 1014//1642 982//1642 1015//1642
f 1015//1643 982//1643 984//1643
f 1015//1644 984//1644 1016//1644
f 1016//1645 984//1645 986//1645
f 1016//1646 986//1646 1017//1646
f 1017//1647 986//1647 988//1647
f 1017//1648 988//1648 1018//1648
f 1018//1649 988//1649 990//1649
f 1018//1650 990//1650 1019//1650
f 1019//1651 990//1651 992//1651
f 1019//1652 992//1652 1020//1652
f 1020//1653 992//1653 994//1653
f 1020//1654 994//1654 1021//1654
f 1021//1655 994//1655 996//1655
f 1021//1656 996//1656 1022//1656
f 1022//1657 996//1657 998//1657
f 1022//1658 998//1658 1023//1658
f 707//1659 944//1659 706//1659
f 706//1660 944//1660 999//1660
f 706//1661 999//1661 705//1661
f 705//1662 999//1662 1000//1662
f 705//1663 1000//1663 704//1663
f 704//1664 1000//1664 1001//1664
f 704//1665 1001//1665 703//1665
f 703//1666 1001//1666 1002//1666
f 703//1667 1002//1667 702//1667
f 702//1668 1002//1668 1003//1668
f 702//1669 1003//1669 701//1669
f 701//1670 1003//1670 1004//1670
f 701//1671 1004//1671 700//1671
f 700//1672 1004//1672 1005//1672
f 700//1673 1005//1673 699//1673
f 699//1674 1005//1674 1006//1674
f 699//1675 1006//1675 698//1675
f 698//1676 1006//1676 1007//1676
f 698//1677 1007//1677 697//1677
f 697//1678 1007//1678 1008//1678
f 697//1679 1008//1679 696//1679
f 696//1680 1008//1680 1009//1680
f 696//1681 1009//1681 695//1681
f 695//1682 1009//1682 1010//1682
f 695//1683 1010//1683 694//1683
f 694//1684 1010//1684 1011//1684
f 694//1685 1011//1685 693//1685
f 693//1686 1011//1686 1012//1686
f 693//1687 1012//1687 692//1687
f 692//1688 1012//1688 1013//1688
f 692//1689 1013//1689 691//1689
f 691//1690 1013//1690 1014//1690
f 691//1691 1014//1691 690//1691
f 690//1692 1014//1692 1015//1692
f 690//1693 1015//1693 689//1693
f 689//1694 1015//1694 1016//1694
f 689//1695 1016//1695 688//1695
f 688//1696 1016//1696 1017//1696
f 688//1697 1017//1697 687//1697
f 687//1698 1017//1698 1018//1698
f 687//1699 1018//1699 686//1699
f 686//1700 1018//1700 1019//1700
f 686//1701 1019//1701 685//1701
f 685//1702 1019//1702 1020//1702
f 685//1703 1020//1703 684//1703
f 684//1704 1020//1704 1021//1704
f 684//1705 1021//1705 683//1705
f 683//1706 1021//1706 1022//1706
f 683//1707 1022//1707 682//1707
f 682//1708 1022//1708 1023//1708
f 682//1709 1023//1709 681//1709
f 333//1710 708//1710 707//1710
f 707//1710 708//1710 716//1710
f 728//1710 1024//1710 725//1710
f 725//1710 1024//1710 707//1710
f 725//1710 707//1710 715//1710
f 715//1710 707//1710 716//1710
f 396//1711 72//1711 397//1711
f 396//1712 397//1712 742//1712
f 732//1713 742//1713 1025//1713
f 1025//1714 742//1714 397//1714
f 1025//1715 397//1715 1026//1715
f 1026//1716 397//1716 745//1716
f 1026//1717 745//1717 1027//1717
f 732//1718 1025//1718 733//1718
f 733//1719 1025//1719 1028//1719
f 733//1720 1028//1720 736//1720
f 736//1721 1028//1721 1024//1721
f 736//1722 1024//1722 728//1722
f 752//1723 1029//1723 753//1723
f 753//1724 1029//1724 1030//1724
f 753//1725 1030//1725 747//1725
f 747//1726 1030//1726 1031//1726
f 747//1727 1031//1727 748//1727
f 748//1728 1031//1728 1032//1728
f 748//1729 1032//1729 745//1729
f 745//1730 1032//1730 1027//1730
f 768//1710 767//1710 1033//1710
f 769//1710 1//1710 3//1710
f 1034//1710 1035//1710 1036//1710
f 3//1710 1037//1710 769//1710
f 769//1710 1037//1710 776//1710
f 769//1710 776//1710 770//1710
f 752//1710 776//1710 1029//1710
f 1029//1710 776//1710 1037//1710
f 1029//1710 1037//1710 1033//1710
f 1033//1710 1037//1710 1034//1710
f 1033//1710 1034//1710 768//1710
f 768//1710 1034//1710 1036//1710
f 1033//1731 767//1731 1038//1731
f 1038//1732 767//1732 803//1732
f 1038//1733 803//1733 1039//1733
f 1039//1734 803//1734 810//1734
f 1039//1735 810//1735 1040//1735
f 1040//1735 810//1735 809//1735
f 1040//1736 809//1736 1041//1736
f 809//1736 808//1736 1041//1736
f 1041//1737 808//1737 807//1737
f 1041//1738 807//1738 1042//1738
f 1042//1739 807//1739 806//1739
f 1042//1740 806//1740 1043//1740
f 1043//1741 806//1741 1044//1741
f 1044//1742 806//1742 805//1742
f 1044//1743 805//1743 1045//1743
f 1045//1744 805//1744 804//1744
f 1045//1745 804//1745 1046//1745
f 1046//1745 804//1745 811//1745
f 1046//1746 811//1746 1047//1746
f 811//1746 812//1746 1047//1746
f 1047//1747 812//1747 813//1747
f 1047//1748 813//1748 1048//1748
f 1048//1749 813//1749 814//1749
f 1048//1750 814//1750 1049//1750
f 1049//1751 814//1751 1050//1751
f 1050//1751 814//1751 819//1751
f 1050//1752 819//1752 1051//1752
f 1051//1753 819//1753 825//1753
f 1051//1754 825//1754 1052//1754
f 1052//1755 825//1755 824//1755
f 1052//1756 824//1756 1053//1756
f 1053//1756 824//1756 843//1756
f 1053//1757 843//1757 1054//1757
f 843//1757 844//1757 1054//1757
f 1054//1758 844//1758 845//1758
f 1054//1759 845//1759 1055//1759
f 1055//1760 845//1760 846//1760
f 1055//1761 846//1761 1056//1761
f 1056//1762 846//1762 1057//1762
f 1057//1763 846//1763 847//1763
f 1057//1764 847//1764 1058//1764
f 1058//1765 847//1765 848//1765
f 1058//1766 848//1766 1059//1766
f 1059//1766 848//1766 822//1766
f 1059//1767 822//1767 1060//1767
f 822//1767 821//1767 1060//1767
f 1060//1768 821//1768 849//1768
f 1060//1769 849//1769 1061//1769
f 1061//1770 849//1770 856//1770
f 1061//1771 856//1771 1062//1771
f 858//1772 871//1772 1063//1772
f 1063//1772 1062//1772 867//1772
f 867//1772 1062//1772 856//1772
f 4//1772 2//1772 1064//1772
f 1064//1772 2//1772 864//1772
f 1065//1772 1066//1772 867//1772
f 867//1772 1066//1772 1067//1772
f 867//1772 1067//1772 1063//1772
f 1063//1772 1067//1772 1064//1772
f 1063//1772 1064//1772 858//1772
f 858//1772 1064//1772 864//1772
f 858//1772 864//1772 859//1772
f 1063//1773 871//1773 1068//1773
f 1068//1774 871//1774 875//1774
f 1068//1775 875//1775 1069//1775
f 1069//1776 875//1776 874//1776
f 1069//1777 874//1777 1070//1777
f 1070//1778 874//1778 880//1778
f 1070//1779 880//1779 883//1779
f 883//1780 880//1780 445//1780
f 1071//1781 1072//1781 1073//1781
f 1073//1781 1072//1781 1074//1781
f 1073//1782 1074//1782 1075//1782
f 1075//1782 1074//1782 1076//1782
f 1075//1783 1076//1783 1077//1783
f 1077//1783 1076//1783 1078//1783
f 1077//1784 1078//1784 1079//1784
f 1079//1784 1078//1784 1080//1784
f 1079//1785 1080//1785 1081//1785
f 1081//1785 1080//1785 1082//1785
f 1081//1786 1082//1786 1083//1786
f 1083//1786 1082//1786 1084//1786
f 1083//1787 1084//1787 1085//1787
f 1085//1787 1084//1787 1086//1787
f 1085//1788 1086//1788 1087//1788
f 1087//1788 1086//1788 1088//1788
f 1087//1789 1088//1789 1089//1789
f 1089//1789 1088//1789 1090//1789
f 1089//1790 1090//1790 1091//1790
f 1091//1790 1090//1790 1092//1790
f 1091//1791 1092//1791 1093//1791
f 1093//1791 1092//1791 1094//1791
f 1093//1792 1094//1792 1071//1792
f 1071//1792 1094//1792 1072//1792
f 1095//1793 1096//1793 1097//1793
f 1097//1793 1096//1793 1098//1793
f 1097//1794 1098//1794 1099//1794
f 1099//1794 1098//1794 1100//1794
f 1099//1795 1100//1795 1101//1795
f 1101//1795 1100//1795 1102//1795
f 1101//1796 1102//1796 1103//1796
f 1103//1796 1102//1796 1104//1796
f 1103//1797 1104//1797 1105//1797
f 1105//1797 1104//1797 1106//1797
f 1105//1798 1106//1798 1107//1798
f 1107//1798 1106//1798 1108//1798
f 1107//1799 1108//1799 1109//1799
f 1109//1799 1108//1799 1110//1799
f 1109//1800 1110//1800 1111//1800
f 1111//1800 1110//1800 1112//1800
f 1111//1801 1112//1801 1113//1801
f 1113//1801 1112//1801 1114//1801
f 1113//1802 1114//1802 1115//1802
f 1115//1802 1114//1802 1116//1802
f 1115//1803 1116//1803 1117//1803
f 1117//1803 1116//1803 1118//1803
f 1117//1804 1118//1804 1095//1804
f 1095//1804 1118//1804 1096//1804
f 1119//1805 1120//1805 1121//1805
f 1121//1805 1120//1805 1122//1805
f 1121//1806 1122//1806 1123//1806
f 1123//1806 1122//1806 1124//1806
f 1123//1795 1124//1795 1125//1795
f 1125//1795 1124//1795 1126//1795
f 1125//1807 1126//1807 1127//1807
f 1127//1807 1126//1807 1128//1807
f 1127//1808 1128//1808 1129//1808
f 1129//1808 1128//1808 1130//1808
f 1129//1809 1130//1809 1131//1809
f 1131//1809 1130//1809 1132//1809
f 1131//1810 1132//1810 1133//1810
f 1133//1810 1132//1810 1134//1810
f 1133//1811 1134//1811 1135//1811
f 1135//1811 1134//1811 1136//1811
f 1135//1812 1136//1812 1137//1812
f 1137//1812 1136//1812 1138//1812
f 1137//1802 1138//1802 1139//1802
f 1139//1802 1138//1802 1140//1802
f 1139//1813 1140//1813 1141//1813
f 1141//1813 1140//1813 1142//1813
f 1141//1814 1142//1814 1119//1814
f 1119//1814 1142//1814 1120//1814
f 1143//1815 1144//1815 1145//1815
f 1145//1815 1144//1815 1146//1815
f 1145//1816 1146//1816 1147//1816
f 1147//1816 1146//1816 1148//1816
f 1147//1783 1148//1783 1149//1783
f 1149//1783 1148//1783 1150//1783
f 1149//1817 1150//1817 1151//1817
f 1151//1817 1150//1817 1152//1817
f 1151//1818 1152//1818 1153//1818
f 1153//1818 1152//1818 1154//1818
f 1153//1819 1154//1819 1155//1819
f 1155//1819 1154//1819 1156//1819
f 1155//1820 1156//1820 1157//1820
f 1157//1820 1156//1820 1158//1820
f 1157//1821 1158//1821 1159//1821
f 1159//1821 1158//1821 1160//1821
f 1159//1822 1160//1822 1161//1822
f 1161//1822 1160//1822 1162//1822
f 1161//1790 1162//1790 1163//1790
f 1163//1790 1162//1790 1164//1790
f 1163//1823 1164//1823 1165//1823
f 1165//1823 1164//1823 1166//1823
f 1165//1824 1166//1824 1143//1824
f 1143//1824 1166//1824 1144//1824
f 887//1825 1167//1825 1168//1825
f 1167//1826 1169//1826 1170//1826
f 1169//1827 1171//1827 1172//1827
f 1169//1828 1172//1828 1170//1828
f 1170//1829 1172//1829 1173//1829
f 1170//1830 1173//1830 1174//1830
f 1174//1831 1173//1831 1175//1831
f 1174//1832 1175//1832 1176//1832
f 1176//1833 1175//1833 1177//1833
f 1176//1834 1177//1834 1178//1834
f 1167//1835 1170//1835 1168//1835
f 1168//1836 1170//1836 1174//1836
f 1168//1837 1174//1837 1179//1837
f 1179//1838 1174//1838 1176//1838
f 1179//1839 1176//1839 1180//1839
f 1180//1840 1176//1840 1178//1840
f 1180//1841 1178//1841 1181//1841
f 887//1842 1168//1842 886//1842
f 886//1843 1168//1843 1179//1843
f 886//1844 1179//1844 885//1844
f 885//1845 1179//1845 1180//1845
f 885//1846 1180//1846 884//1846
f 884//1847 1180//1847 1181//1847
f 884//1848 1181//1848 883//1848
f 887//1849 681//1849 1023//1849
f 887//1850 1023//1850 1167//1850
f 1167//1851 1023//1851 998//1851
f 1167//1851 998//1851 1169//1851
f 1169//1852 998//1852 997//1852
f 1169//1852 997//1852 1171//1852
f 1182//1853 1183//1853 1184//1853
f 905//1854 906//1854 1185//1854
f 1186//1855 901//1855 902//1855
f 901//1856 1186//1856 915//1856
f 920//1857 919//1857 1187//1857
f 928//1858 927//1858 1188//1858
f 1189//1859 891//1859 892//1859
f 1189//1860 892//1860 1190//1860
f 1190//1861 892//1861 893//1861
f 1190//1862 893//1862 1191//1862
f 942//1863 1192//1863 895//1863
f 895//1864 1192//1864 1191//1864
f 895//1865 1191//1865 894//1865
f 894//1866 1191//1866 893//1866
f 941//1867 1193//1867 942//1867
f 942//1868 1193//1868 1194//1868
f 942//1869 1194//1869 1192//1869
f 941//1870 940//1870 1193//1870
f 1193//1871 940//1871 939//1871
f 1193//1872 939//1872 1195//1872
f 1195//1873 939//1873 938//1873
f 1195//1874 938//1874 1196//1874
f 1196//1875 938//1875 937//1875
f 1196//1876 937//1876 1197//1876
f 1197//1877 937//1877 936//1877
f 1197//1878 936//1878 935//1878
f 932//1879 931//1879 1198//1879
f 928//1880 1188//1880 929//1880
f 924//1881 923//1881 1183//1881
f 923//1882 922//1882 1183//1882
f 1183//1883 922//1883 921//1883
f 1183//1884 921//1884 1184//1884
f 1184//1885 921//1885 920//1885
f 919//1886 918//1886 1199//1886
f 1199//1887 918//1887 917//1887
f 1199//1888 917//1888 916//1888
f 1200//1889 916//1889 915//1889
f 905//1890 1185//1890 904//1890
f 910//1891 1201//1891 909//1891
f 909//1892 1201//1892 1202//1892
f 909//1893 1202//1893 908//1893
f 910//1894 911//1894 1201//1894
f 1201//1895 911//1895 912//1895
f 1201//1896 912//1896 1203//1896
f 1203//1897 912//1897 913//1897
f 1203//1898 913//1898 1204//1898
f 897//1899 1205//1899 896//1899
f 896//1900 1205//1900 1204//1900
f 896//1901 1204//1901 914//1901
f 914//1902 1204//1902 913//1902
f 898//1903 1206//1903 897//1903
f 897//1904 1206//1904 1207//1904
f 897//1905 1207//1905 1205//1905
f 898//1906 899//1906 1206//1906
f 1206//1907 899//1907 900//1907
f 1206//1908 900//1908 1208//1908
f 1208//1909 900//1909 888//1909
f 1208//1910 888//1910 1209//1910
f 1209//1911 888//1911 889//1911
f 1209//1912 889//1912 1189//1912
f 1189//1913 889//1913 890//1913
f 1189//1914 890//1914 891//1914
f 1197//1915 1210//1915 1211//1915
f 925//1916 924//1916 1212//1916
f 1212//1917 924//1917 1183//1917
f 1212//1918 1183//1918 1213//1918
f 1213//1919 1183//1919 1182//1919
f 1213//1920 1182//1920 1214//1920
f 1197//1921 1211//1921 1196//1921
f 1196//1922 1211//1922 1215//1922
f 1196//1923 1215//1923 1195//1923
f 1195//1924 1215//1924 1216//1924
f 1195//1925 1216//1925 1193//1925
f 1193//1926 1216//1926 1217//1926
f 1193//1927 1217//1927 1194//1927
f 1194//1928 1217//1928 1218//1928
f 1194//1929 1218//1929 1192//1929
f 1192//1930 1218//1930 1219//1930
f 1192//1931 1219//1931 1191//1931
f 1191//1932 1219//1932 1220//1932
f 1191//1933 1220//1933 1190//1933
f 1190//1934 1220//1934 1221//1934
f 1190//1935 1221//1935 1189//1935
f 1189//1936 1221//1936 1222//1936
f 1189//1937 1222//1937 1209//1937
f 1209//1938 1222//1938 1223//1938
f 1209//1939 1223//1939 1208//1939
f 1208//1940 1223//1940 1224//1940
f 1208//1941 1224//1941 1206//1941
f 1206//1942 1224//1942 1225//1942
f 1206//1943 1225//1943 1207//1943
f 1207//1944 1225//1944 1226//1944
f 1207//1945 1226//1945 1205//1945
f 1205//1946 1226//1946 1227//1946
f 1205//1947 1227//1947 1204//1947
f 1204//1948 1227//1948 1228//1948
f 1204//1949 1228//1949 1203//1949
f 1203//1950 1228//1950 1229//1950
f 1203//1951 1229//1951 1201//1951
f 1201//1952 1229//1952 1230//1952
f 1201//1953 1230//1953 1202//1953
f 1210//1954 1231//1954 1232//1954
f 926//1955 925//1955 1233//1955
f 1233//1956 925//1956 1212//1956
f 1233//1957 1212//1957 1234//1957
f 1234//1958 1212//1958 1213//1958
f 1234//1959 1213//1959 1235//1959
f 1235//1960 1213//1960 1214//1960
f 1235//1961 1214//1961 1236//1961
f 1210//1962 1232//1962 1211//1962
f 1211//1963 1232//1963 1237//1963
f 1211//1964 1237//1964 1215//1964
f 1215//1965 1237//1965 1238//1965
f 1215//1966 1238//1966 1216//1966
f 1216//1967 1238//1967 1239//1967
f 1216//1968 1239//1968 1217//1968
f 1217//1969 1239//1969 1240//1969
f 1217//1970 1240//1970 1218//1970
f 1218//1971 1240//1971 1241//1971
f 1218//1972 1241//1972 1219//1972
f 1219//1973 1241//1973 1242//1973
f 1219//1974 1242//1974 1220//1974
f 1220//1975 1242//1975 1243//1975
f 1220//1976 1243//1976 1221//1976
f 1221//1977 1243//1977 1244//1977
f 1221//1978 1244//1978 1222//1978
f 1222//1979 1244//1979 1245//1979
f 1222//1980 1245//1980 1223//1980
f 1223//1981 1245//1981 1246//1981
f 1223//1982 1246//1982 1224//1982
f 1224//1983 1246//1983 1247//1983
f 1224//1984 1247//1984 1225//1984
f 1225//1985 1247//1985 1248//1985
f 1225//1986 1248//1986 1226//1986
f 1226//1987 1248//1987 1249//1987
f 1226//1988 1249//1988 1227//1988
f 1227//1989 1249//1989 1250//1989
f 1227//1990 1250//1990 1228//1990
f 1228//1991 1250//1991 1251//1991
f 1228//1992 1251//1992 1229//1992
f 1229//1993 1251//1993 1252//1993
f 1229//1994 1252//1994 1230//1994
f 1231//1995 1253//1995 1254//1995
f 934//1996 933//1996 1255//1996
f 1255//1997 933//1997 1256//1997
f 1255//1998 1256//1998 1257//1998
f 1257//1999 1256//1999 1258//1999
f 1257//2000 1258//2000 1259//2000
f 1259//2001 1258//2001 1260//2001
f 1259//2002 1260//2002 1261//2002
f 1261//2003 1260//2003 1262//2003
f 1261//2004 1262//2004 1263//2004
f 933//2005 932//2005 1256//2005
f 1256//2006 932//2006 1198//2006
f 1256//2007 1198//2007 1258//2007
f 1258//2008 1198//2008 1264//2008
f 1258//2009 1264//2009 1260//2009
f 1260//2010 1264//2010 1265//2010
f 1260//2011 1265//2011 1262//2011
f 1262//2012 1265//2012 1266//2012
f 1198//2013 1267//2013 1264//2013
f 1264//2014 1267//2014 1268//2014
f 1264//2015 1268//2015 1265//2015
f 1265//2016 1268//2016 1269//2016
f 1265//2017 1269//2017 1266//2017
f 1266//2018 1269//2018 1270//2018
f 927//2019 926//2019 1188//2019
f 1188//2020 926//2020 1233//2020
f 1188//2021 1233//2021 1271//2021
f 1271//2022 1233//2022 1234//2022
f 1271//2023 1234//2023 1272//2023
f 1272//2024 1234//2024 1235//2024
f 1272//2025 1235//2025 1273//2025
f 1273//2026 1235//2026 1236//2026
f 1273//2027 1236//2027 1274//2027
f 1274//2028 1236//2028 1275//2028
f 1276//2029 1277//2029 1278//2029
f 1279//2030 1277//2030 1280//2030
f 1280//2031 1277//2031 1276//2031
f 1280//2032 1276//2032 1281//2032
f 1282//2033 1283//2033 1284//2033
f 1284//2034 1283//2034 1279//2034
f 1284//2035 1279//2035 1285//2035
f 1285//2036 1279//2036 1280//2036
f 1285//2037 1280//2037 1286//2037
f 1286//2038 1280//2038 1281//2038
f 1286//2039 1281//2039 1287//2039
f 903//2040 904//2040 1288//2040
f 1288//2041 904//2041 1185//2041
f 1288//2042 1185//2042 1289//2042
f 1289//2043 1185//2043 1290//2043
f 1289//2044 1290//2044 1291//2044
f 1291//2045 1290//2045 1292//2045
f 1291//2046 1292//2046 1293//2046
f 1293//2047 1292//2047 1294//2047
f 906//2048 907//2048 1185//2048
f 1185//2049 907//2049 1295//2049
f 1185//2050 1295//2050 1290//2050
f 1290//2051 1295//2051 1296//2051
f 1290//2052 1296//2052 1292//2052
f 1292//2053 1296//2053 1297//2053
f 1292//2054 1297//2054 1294//2054
f 1294//2055 1297//2055 1298//2055
f 1231//2056 1254//2056 1232//2056
f 1232//2057 1254//2057 1299//2057
f 1232//2058 1299//2058 1237//2058
f 1237//2059 1299//2059 1300//2059
f 1237//2060 1300//2060 1238//2060
f 1238//2061 1300//2061 1301//2061
f 1238//2062 1301//2062 1239//2062
f 1239//2063 1301//2063 1302//2063
f 1239//2064 1302//2064 1240//2064
f 1240//2065 1302//2065 1303//2065
f 1240//2066 1303//2066 1241//2066
f 1241//2067 1303//2067 1304//2067
f 1241//2068 1304//2068 1242//2068
f 1242//2069 1304//2069 1305//2069
f 1242//2070 1305//2070 1243//2070
f 1243//2071 1305//2071 1306//2071
f 1243//2072 1306//2072 1244//2072
f 1244//2073 1306//2073 1307//2073
f 1244//2074 1307//2074 1245//2074
f 1245//2075 1307//2075 1308//2075
f 1245//2076 1308//2076 1246//2076
f 1246//2077 1308//2077 1309//2077
f 1246//2078 1309//2078 1247//2078
f 1247//2079 1309//2079 1310//2079
f 1247//2080 1310//2080 1248//2080
f 1248//2081 1310//2081 1311//2081
f 1248//2082 1311//2082 1249//2082
f 1249//2083 1311//2083 1312//2083
f 1249//2084 1312//2084 1250//2084
f 1250//2085 1312//2085 1313//2085
f 1250//2086 1313//2086 1251//2086
f 1251//2087 1313//2087 1314//2087
f 1251//2088 1314//2088 1252//2088
f 1315//2089 1316//2089 1253//2089
f 1253//2090 1316//2090 947//2090
f 1253//2091 947//2091 1254//2091
f 935//2092 934//2092 1197//2092
f 1197//2093 934//2093 1255//2093
f 1197//2094 1255//2094 1210//2094
f 1210//2095 1255//2095 1257//2095
f 1210//2096 1257//2096 1231//2096
f 1231//2097 1257//2097 1259//2097
f 1231//2098 1259//2098 1253//2098
f 1253//2099 1259//2099 1261//2099
f 1253//2100 1261//2100 1315//2100
f 1315//2101 1261//2101 1263//2101
f 1317//2102 1318//2102 1270//2102
f 1270//2103 1318//2103 1319//2103
f 1270//2104 1319//2104 1266//2104
f 1266//2105 1319//2105 1320//2105
f 1266//2106 1320//2106 1262//2106
f 1262//2107 1320//2107 1321//2107
f 1262//2108 1321//2108 1263//2108
f 931//2109 930//2109 1198//2109
f 1198//2110 930//2110 929//2110
f 1198//2111 929//2111 1267//2111
f 1267//2112 929//2112 1188//2112
f 1267//2113 1188//2113 1268//2113
f 1268//2114 1188//2114 1271//2114
f 1268//2115 1271//2115 1269//2115
f 1269//2116 1271//2116 1272//2116
f 1269//2117 1272//2117 1270//2117
f 1270//2118 1272//2118 1273//2118
f 1270//2119 1273//2119 1317//2119
f 1317//2120 1273//2120 1274//2120
f 920//2121 1187//2121 1184//2121
f 1184//2122 1187//2122 1322//2122
f 1184//2123 1322//2123 1182//2123
f 1182//2124 1322//2124 1323//2124
f 1182//2125 1323//2125 1214//2125
f 1214//2126 1323//2126 1324//2126
f 1214//2127 1324//2127 1236//2127
f 1236//2128 1324//2128 1325//2128
f 1236//2129 1325//2129 1275//2129
f 919//2130 1199//2130 1187//2130
f 1187//2131 1199//2131 1326//2131
f 1187//2132 1326//2132 1322//2132
f 1322//2133 1326//2133 1327//2133
f 1322//2134 1327//2134 1323//2134
f 1323//2135 1327//2135 1328//2135
f 1323//2136 1328//2136 1324//2136
f 1324//2137 1328//2137 1329//2137
f 1324//2138 1329//2138 1325//2138
f 1330//2139 1331//2139 1332//2139
f 916//2140 1200//2140 1199//2140
f 1199//2141 1200//2141 1333//2141
f 1199//2142 1333//2142 1326//2142
f 1326//2143 1333//2143 1334//2143
f 1326//2144 1334//2144 1327//2144
f 1327//2145 1334//2145 1330//2145
f 1327//2146 1330//2146 1328//2146
f 1328//2147 1330//2147 1332//2147
f 1328//2148 1332//2148 1329//2148
f 915//2149 1186//2149 1200//2149
f 1200//2150 1186//2150 1335//2150
f 1200//2151 1335//2151 1333//2151
f 1333//2152 1335//2152 1336//2152
f 1333//2153 1336//2153 1334//2153
f 1334//2154 1336//2154 1337//2154
f 1334//2155 1337//2155 1330//2155
f 1330//2156 1337//2156 1338//2156
f 1330//2157 1338//2157 1331//2157
f 902//2158 1287//2158 1186//2158
f 1186//2159 1287//2159 1281//2159
f 1186//2160 1281//2160 1335//2160
f 1335//2161 1281//2161 1276//2161
f 1335//2162 1276//2162 1336//2162
f 1336//2163 1276//2163 1278//2163
f 1336//2164 1278//2164 1337//2164
f 1337//2165 1278//2165 1339//2165
f 1337//2166 1339//2166 1338//2166
f 1283//2167 1340//2167 1279//2167
f 1279//2168 1340//2168 1341//2168
f 1279//2169 1341//2169 1277//2169
f 1277//2170 1341//2170 1342//2170
f 1277//2171 1342//2171 1278//2171
f 1278//2172 1342//2172 1343//2172
f 1278//2173 1343//2173 1339//2173
f 902//2174 903//2174 1287//2174
f 1287//2175 903//2175 1288//2175
f 1287//2176 1288//2176 1286//2176
f 1286//2177 1288//2177 1289//2177
f 1286//2178 1289//2178 1285//2178
f 1285//2179 1289//2179 1291//2179
f 1285//2180 1291//2180 1284//2180
f 1284//2181 1291//2181 1293//2181
f 1284//2182 1293//2182 1282//2182
f 1344//2183 997//2183 1298//2183
f 1298//2184 997//2184 1345//2184
f 1298//2185 1345//2185 1294//2185
f 1294//2186 1345//2186 1346//2186
f 1294//2187 1346//2187 1293//2187
f 1293//2188 1346//2188 1347//2188
f 1293//2189 1347//2189 1282//2189
f 947//2190 1348//2190 1254//2190
f 1254//2191 1348//2191 1349//2191
f 1254//2192 1349//2192 1299//2192
f 1299//2193 1349//2193 1350//2193
f 1299//2194 1350//2194 1300//2194
f 1300//2195 1350//2195 1351//2195
f 1300//2196 1351//2196 1301//2196
f 1301//2197 1351//2197 1352//2197
f 1301//2198 1352//2198 1302//2198
f 1302//2199 1352//2199 1353//2199
f 1302//2200 1353//2200 1303//2200
f 1303//2201 1353//2201 1354//2201
f 1303//2202 1354//2202 1304//2202
f 1304//2203 1354//2203 1355//2203
f 1304//2204 1355//2204 1305//2204
f 1305//2205 1355//2205 1356//2205
f 1305//2206 1356//2206 1306//2206
f 1306//2207 1356//2207 1357//2207
f 1306//2208 1357//2208 1307//2208
f 1307//2209 1357//2209 1358//2209
f 1307//2210 1358//2210 1308//2210
f 1308//2211 1358//2211 1359//2211
f 1308//2212 1359//2212 1309//2212
f 1309//2213 1359//2213 1360//2213
f 1309//2214 1360//2214 1310//2214
f 1310//2215 1360//2215 1361//2215
f 1310//2216 1361//2216 1311//2216
f 1311//2217 1361//2217 1362//2217
f 1311//2218 1362//2218 1312//2218
f 1312//2219 1362//2219 1363//2219
f 1312//2220 1363//2220 1313//2220
f 1313//2221 1363//2221 1344//2221
f 1313//2222 1344//2222 1314//2222
f 1314//2223 1344//2223 1298//2223
f 1314//2224 1298//2224 1252//2224
f 1252//2225 1298//2225 1297//2225
f 1252//2226 1297//2226 1230//2226
f 1230//2227 1297//2227 1296//2227
f 1230//2228 1296//2228 1202//2228
f 1202//2229 1296//2229 1295//2229
f 1202//2230 1295//2230 908//2230
f 908//2231 1295//2231 907//2231
f 707//2232 1024//2232 1364//2232
f 707//2232 1364//2232 943//2232
f 943//2233 1364//2233 1365//2233
f 943//2233 1365//2233 945//2233
f 945//2234 1365//2234 1366//2234
f 945//2234 1366//2234 947//2234
f 1367//2235 1368//2235 1369//2235
f 1368//2236 1370//2236 1371//2236
f 1027//2237 1372//2237 1373//2237
f 1373//2238 1372//2238 1367//2238
f 1368//2239 1371//2239 1369//2239
f 1369//2240 1371//2240 1374//2240
f 1369//2241 1374//2241 1375//2241
f 1375//2242 1374//2242 1376//2242
f 1375//2243 1376//2243 1377//2243
f 1377//2244 1376//2244 1366//2244
f 1377//2245 1366//2245 1365//2245
f 1367//2246 1369//2246 1373//2246
f 1373//2247 1369//2247 1375//2247
f 1373//2248 1375//2248 1378//2248
f 1378//2249 1375//2249 1377//2249
f 1378//2250 1377//2250 1379//2250
f 1379//2251 1377//2251 1365//2251
f 1379//2252 1365//2252 1364//2252
f 1027//2253 1373//2253 1026//2253
f 1026//2254 1373//2254 1378//2254
f 1026//2255 1378//2255 1025//2255
f 1025//2256 1378//2256 1379//2256
f 1025//2257 1379//2257 1028//2257
f 1028//2258 1379//2258 1364//2258
f 1028//2259 1364//2259 1024//2259
f 1380//2260 1381//2260 1382//2260
f 1383//2261 1384//2261 1385//2261
f 1386//2262 1372//2262 1027//2262
f 1027//2263 1032//2263 1386//2263
f 1386//2264 1032//2264 1031//2264
f 1386//2265 1031//2265 1387//2265
f 1031//2266 1030//2266 1387//2266
f 1387//2267 1030//2267 1029//2267
f 1387//2268 1029//2268 1388//2268
f 1389//2269 1367//2269 1372//2269
f 1372//2270 1386//2270 1389//2270
f 1389//2271 1386//2271 1387//2271
f 1389//2272 1387//2272 1385//2272
f 1385//2273 1387//2273 1388//2273
f 1385//2274 1388//2274 1383//2274
f 1390//2275 1368//2275 1367//2275
f 1367//2276 1389//2276 1390//2276
f 1390//2277 1389//2277 1385//2277
f 1390//2278 1385//2278 1382//2278
f 1382//2279 1385//2279 1384//2279
f 1382//2280 1384//2280 1380//2280
f 1391//2281 1370//2281 1368//2281
f 1368//2282 1390//2282 1391//2282
f 1391//2283 1390//2283 1382//2283
f 1391//2284 1382//2284 1392//2284
f 1392//2285 1382//2285 1381//2285
f 1392//2286 1381//2286 1393//2286
f 1393//2287 1381//2287 1394//2287
f 1394//2288 1381//2288 1395//2288
f 1381//2289 1380//2289 1395//2289
f 1395//2290 1380//2290 1384//2290
f 1395//2291 1384//2291 1396//2291
f 1029//2292 1033//2292 1388//2292
f 1388//2293 1033//2293 1396//2293
f 1388//2294 1396//2294 1383//2294
f 1383//2295 1396//2295 1384//2295
f 1049//2296 1397//2296 1398//2296
f 1397//2297 1399//2297 1400//2297
f 1399//2298 1401//2298 1402//2298
f 1399//2299 1402//2299 1400//2299
f 1400//2300 1402//2300 1403//2300
f 1400//2301 1403//2301 1404//2301
f 1404//2302 1403//2302 1405//2302
f 1404//2303 1405//2303 1406//2303
f 1406//2304 1405//2304 1407//2304
f 1406//2305 1407//2305 1408//2305
f 1408//2306 1407//2306 1409//2306
f 1408//2307 1409//2307 1410//2307
f 1410//2308 1409//2308 1411//2308
f 1410//2309 1411//2309 1412//2309
f 1412//2310 1411//2310 1413//2310
f 1412//2311 1413//2311 1414//2311
f 1414//2312 1413//2312 1415//2312
f 1414//2313 1415//2313 1416//2313
f 1416//2314 1415//2314 1417//2314
f 1416//2315 1417//2315 1418//2315
f 1418//2316 1417//2316 1419//2316
f 1418//2317 1419//2317 1420//2317
f 1420//2318 1419//2318 1421//2318
f 1420//2319 1421//2319 1422//2319
f 1422//2320 1421//2320 1394//2320
f 1422//2321 1394//2321 1395//2321
f 1397//2322 1400//2322 1398//2322
f 1398//2323 1400//2323 1404//2323
f 1398//2324 1404//2324 1423//2324
f 1423//2325 1404//2325 1406//2325
f 1423//2326 1406//2326 1424//2326
f 1424//2327 1406//2327 1408//2327
f 1424//2328 1408//2328 1425//2328
f 1425//2329 1408//2329 1410//2329
f 1425//2330 1410//2330 1426//2330
f 1426//2331 1410//2331 1412//2331
f 1426//2332 1412//2332 1427//2332
f 1427//2333 1412//2333 1414//2333
f 1427//2334 1414//2334 1428//2334
f 1428//2335 1414//2335 1416//2335
f 1428//2336 1416//2336 1429//2336
f 1429//2337 1416//2337 1418//2337
f 1429//2338 1418//2338 1430//2338
f 1430//2339 1418//2339 1420//2339
f 1430//2340 1420//2340 1431//2340
f 1431//2341 1420//2341 1422//2341
f 1431//2342 1422//2342 1432//2342
f 1432//2343 1422//2343 1395//2343
f 1432//2344 1395//2344 1396//2344
f 1049//2345 1398//2345 1048//2345
f 1048//2346 1398//2346 1423//2346
f 1048//2347 1423//2347 1047//2347
f 1047//2348 1423//2348 1424//2348
f 1047//2349 1424//2349 1046//2349
f 1046//2350 1424//2350 1425//2350
f 1046//2351 1425//2351 1045//2351
f 1045//2352 1425//2352 1426//2352
f 1045//2353 1426//2353 1044//2353
f 1044//2354 1426//2354 1427//2354
f 1044//2355 1427//2355 1043//2355
f 1043//2356 1427//2356 1428//2356
f 1043//2357 1428//2357 1042//2357
f 1042//2358 1428//2358 1429//2358
f 1042//2359 1429//2359 1041//2359
f 1041//2360 1429//2360 1430//2360
f 1041//2361 1430//2361 1040//2361
f 1040//2362 1430//2362 1431//2362
f 1040//2363 1431//2363 1039//2363
f 1039//2364 1431//2364 1432//2364
f 1039//2365 1432//2365 1038//2365
f 1038//2366 1432//2366 1396//2366
f 1038//2367 1396//2367 1033//2367
f 1049//2368 1050//2368 1433//2368
f 1049//2368 1433//2368 1397//2368
f 1397//2369 1433//2369 1434//2369
f 1397//2369 1434//2369 1399//2369
f 1399//2370 1434//2370 1435//2370
f 1399//2370 1435//2370 1401//2370
f 1062//2371 1436//2371 1437//2371
f 1436//2372 1438//2372 1439//2372
f 1438//2373 1440//2373 1441//2373
f 1438//2374 1441//2374 1439//2374
f 1439//2375 1441//2375 1442//2375
f 1439//2376 1442//2376 1443//2376
f 1443//2377 1442//2377 1444//2377
f 1443//2378 1444//2378 1445//2378
f 1445//2379 1444//2379 1446//2379
f 1445//2380 1446//2380 1447//2380
f 1447//2381 1446//2381 1448//2381
f 1447//2382 1448//2382 1449//2382
f 1449//2383 1448//2383 1450//2383
f 1449//2384 1450//2384 1451//2384
f 1451//2385 1450//2385 1452//2385
f 1451//2386 1452//2386 1453//2386
f 1453//2387 1452//2387 1454//2387
f 1453//2388 1454//2388 1455//2388
f 1455//2389 1454//2389 1456//2389
f 1455//2390 1456//2390 1457//2390
f 1457//2391 1456//2391 1458//2391
f 1457//2392 1458//2392 1459//2392
f 1459//2393 1458//2393 1460//2393
f 1459//2394 1460//2394 1461//2394
f 1461//2395 1460//2395 1435//2395
f 1461//2396 1435//2396 1434//2396
f 1436//2397 1439//2397 1437//2397
f 1437//2398 1439//2398 1443//2398
f 1437//2399 1443//2399 1462//2399
f 1462//2400 1443//2400 1445//2400
f 1462//2401 1445//2401 1463//2401
f 1463//2402 1445//2402 1447//2402
f 1463//2403 1447//2403 1464//2403
f 1464//2404 1447//2404 1449//2404
f 1464//2405 1449//2405 1465//2405
f 1465//2406 1449//2406 1451//2406
f 1465//2407 1451//2407 1466//2407
f 1466//2408 1451//2408 1453//2408
f 1466//2409 1453//2409 1467//2409
f 1467//2410 1453//2410 1455//2410
f 1467//2411 1455//2411 1468//2411
f 1468//2412 1455//2412 1457//2412
f 1468//2413 1457//2413 1469//2413
f 1469//2414 1457//2414 1459//2414
f 1469//2415 1459//2415 1470//2415
f 1470//2416 1459//2416 1461//2416
f 1470//2417 1461//2417 1471//2417
f 1471//2418 1461//2418 1434//2418
f 1471//2419 1434//2419 1433//2419
f 1062//2420 1437//2420 1061//2420
f 1061//2421 1437//2421 1462//2421
f 1061//2422 1462//2422 1060//2422
f 1060//2423 1462//2423 1463//2423
f 1060//2424 1463//2424 1059//2424
f 1059//2425 1463//2425 1464//2425
f 1059//2426 1464//2426 1058//2426
f 1058//2427 1464//2427 1465//2427
f 1058//2428 1465//2428 1057//2428
f 1057//2429 1465//2429 1466//2429
f 1057//2430 1466//2430 1056//2430
f 1056//2431 1466//2431 1467//2431
f 1056//2432 1467//2432 1055//2432
f 1055//2433 1467//2433 1468//2433
f 1055//2434 1468//2434 1054//2434
f 1054//2435 1468//2435 1469//2435
f 1054//2436 1469//2436 1053//2436
f 1053//2437 1469//2437 1470//2437
f 1053//2438 1470//2438 1052//2438
f 1052//2439 1470//2439 1471//2439
f 1052//2440 1471//2440 1051//2440
f 1051//2441 1471//2441 1433//2441
f 1051//2442 1433//2442 1050//2442
f 1472//2443 1440//2443 1438//2443
f 1472//2443 1438//2443 1473//2443
f 1473//2444 1438//2444 1436//2444
f 1473//2444 1436//2444 1474//2444
f 1474//2445 1436//2445 1062//2445
f 1474//2445 1062//2445 1063//2445
f 1069//2446 1070//2446 1475//2446
f 1063//2447 1068//2447 1474//2447
f 1474//2448 1068//2448 1476//2448
f 1474//2449 1476//2449 1473//2449
f 1473//2450 1476//2450 1477//2450
f 1473//2451 1477//2451 1472//2451
f 1472//2452 1477//2452 1478//2452
f 1068//2453 1069//2453 1476//2453
f 1476//2454 1069//2454 1475//2454
f 1476//2455 1475//2455 1477//2455
f 1477//2456 1475//2456 1479//2456
f 1477//2457 1479//2457 1478//2457
f 1478//2458 1479//2458 1480//2458
f 1070//2459 883//2459 1475//2459
f 1475//2460 883//2460 1181//2460
f 1475//2461 1181//2461 1479//2461
f 1479//2462 1181//2462 1178//2462
f 1479//2463 1178//2463 1480//2463
f 1480//2464 1178//2464 1177//2464
f 1472//2465 1163//2465 1165//2465
f 1155//2466 1089//2466 1091//2466
f 1079//2467 1081//2467 1394//2467
f 1101//2468 1103//2468 1119//2468
f 1119//2469 1103//2469 1105//2469
f 1119//2470 1105//2470 1141//2470
f 1141//2471 1105//2471 1107//2471
f 1115//2472 1117//2472 1472//2472
f 1472//2473 1165//2473 1440//2473
f 1481//2474 1073//2474 1482//2474
f 1482//2475 1073//2475 1075//2475
f 1482//2476 1075//2476 1483//2476
f 1484//2477 1485//2477 1077//2477
f 1077//2478 1485//2478 1075//2478
f 1486//2479 1487//2479 1077//2479
f 1077//2480 1487//2480 1488//2480
f 1077//2481 1488//2481 1484//2481
f 1394//2482 1489//2482 1079//2482
f 1079//2483 1489//2483 1490//2483
f 1079//2484 1490//2484 1491//2484
f 1485//2485 1401//2485 1075//2485
f 1075//2486 1401//2486 1435//2486
f 1075//2487 1435//2487 1492//2487
f 1491//2488 1493//2488 1079//2488
f 1079//2489 1493//2489 1494//2489
f 1079//2490 1494//2490 1077//2490
f 1077//2491 1494//2491 1495//2491
f 1077//2492 1495//2492 1486//2492
f 1109//2493 1137//2493 1107//2493
f 1107//2494 1137//2494 1139//2494
f 1107//2495 1139//2495 1141//2495
f 1147//2496 1149//2496 1481//2496
f 1481//2497 1149//2497 1151//2497
f 1481//2498 1151//2498 1073//2498
f 1073//2499 1151//2499 1153//2499
f 1073//2500 1153//2500 1071//2500
f 1071//2501 1153//2501 1155//2501
f 1071//2502 1155//2502 1093//2502
f 1093//2503 1155//2503 1091//2503
f 1492//2504 1496//2504 1075//2504
f 1075//2505 1496//2505 1497//2505
f 1075//2506 1497//2506 1498//2506
f 1498//2507 1499//2507 1075//2507
f 1075//2508 1499//2508 1500//2508
f 1075//2509 1500//2509 1483//2509
f 1135//2510 1501//2510 1133//2510
f 1133//2511 1501//2511 1393//2511
f 1133//2512 1393//2512 1131//2512
f 1131//2513 1393//2513 1129//2513
f 1129//2514 1393//2514 1394//2514
f 1129//2515 1394//2515 1127//2515
f 1165//2516 1143//2516 1440//2516
f 1440//2517 1143//2517 1145//2517
f 1440//2518 1145//2518 1502//2518
f 1502//2519 1145//2519 1147//2519
f 1502//2520 1147//2520 1503//2520
f 1503//2521 1147//2521 1481//2521
f 1135//2522 1137//2522 1501//2522
f 1501//2523 1137//2523 1109//2523
f 1501//2524 1109//2524 1504//2524
f 1504//2525 1109//2525 1111//2525
f 1504//2526 1111//2526 1370//2526
f 1370//2527 1111//2527 1505//2527
f 1123//2528 1157//2528 1121//2528
f 1121//2529 1157//2529 1159//2529
f 1117//2530 1095//2530 1472//2530
f 1472//2531 1095//2531 1097//2531
f 1472//2532 1097//2532 1163//2532
f 1163//2533 1097//2533 1099//2533
f 1163//2534 1099//2534 1161//2534
f 1161//2535 1099//2535 1101//2535
f 1161//2536 1101//2536 1159//2536
f 1159//2537 1101//2537 1119//2537
f 1159//2505 1119//2505 1121//2505
f 1081//2538 1083//2538 1394//2538
f 1394//2509 1083//2509 1085//2509
f 1394//2539 1085//2539 1127//2539
f 1127//2540 1085//2540 1087//2540
f 1127//2541 1087//2541 1125//2541
f 1125//2542 1087//2542 1089//2542
f 1125//2542 1089//2542 1123//2542
f 1123//2543 1089//2543 1155//2543
f 1123//2544 1155//2544 1157//2544
f 1366//2545 1506//2545 1111//2545
f 1111//2546 1506//2546 1507//2546
f 1111//2547 1507//2547 1505//2547
f 1508//2548 1509//2548 1366//2548
f 1366//2549 1509//2549 1510//2549
f 1366//2550 1510//2550 1511//2550
f 997//2551 1512//2551 1171//2551
f 1171//2552 1512//2552 1513//2552
f 1171//2553 1513//2553 1514//2553
f 1508//2554 1366//2554 1515//2554
f 1515//2555 1366//2555 1111//2555
f 1515//2556 1111//2556 1516//2556
f 1511//2557 1517//2557 1366//2557
f 1366//2558 1517//2558 1518//2558
f 1366//2559 1518//2559 947//2559
f 1514//2560 1519//2560 1171//2560
f 1171//2561 1519//2561 1520//2561
f 1171//2562 1520//2562 1521//2562
f 1521//2563 1520//2563 1522//2563
f 1521//2564 1522//2564 1523//2564
f 1472//2565 1524//2565 1115//2565
f 1115//2566 1524//2566 1525//2566
f 1115//2567 1525//2567 1113//2567
f 1113//2568 1525//2568 1526//2568
f 1113//2569 1526//2569 1111//2569
f 1111//2570 1526//2570 1527//2570
f 1111//2571 1527//2571 1516//2571
f 1524//2572 1528//2572 1525//2572
f 1525//2473 1528//2473 1177//2473
f 1525//2573 1177//2573 1522//2573
f 1522//2574 1177//2574 1529//2574
f 1522//2575 1529//2575 1523//2575
f 1148//2576 1146//2576 1530//2576
f 1530//2576 1146//2576 1144//2576
f 1530//2576 1144//2576 1166//2576
f 1154//2576 1152//2576 1530//2576
f 1530//2576 1152//2576 1150//2576
f 1530//2576 1150//2576 1148//2576
f 1160//2576 1158//2576 1530//2576
f 1530//2576 1158//2576 1156//2576
f 1530//2576 1156//2576 1154//2576
f 1166//2576 1164//2576 1530//2576
f 1530//2576 1164//2576 1162//2576
f 1530//2576 1162//2576 1160//2576
f 1124//2576 1122//2576 1531//2576
f 1531//2576 1122//2576 1120//2576
f 1531//2576 1120//2576 1142//2576
f 1130//2576 1128//2576 1531//2576
f 1531//2576 1128//2576 1126//2576
f 1531//2576 1126//2576 1124//2576
f 1136//2576 1134//2576 1531//2576
f 1531//2576 1134//2576 1132//2576
f 1531//2576 1132//2576 1130//2576
f 1142//2576 1140//2576 1531//2576
f 1531//2576 1140//2576 1138//2576
f 1531//2576 1138//2576 1136//2576
f 1100//2576 1098//2576 1532//2576
f 1532//2576 1098//2576 1096//2576
f 1532//2576 1096//2576 1118//2576
f 1106//2576 1104//2576 1532//2576
f 1532//2576 1104//2576 1102//2576
f 1532//2576 1102//2576 1100//2576
f 1112//2576 1110//2576 1532//2576
f 1532//2576 1110//2576 1108//2576
f 1532//2576 1108//2576 1106//2576
f 1118//2576 1116//2576 1532//2576
f 1532//2576 1116//2576 1114//2576
f 1532//2576 1114//2576 1112//2576
f 1076//2576 1074//2576 1533//2576
f 1533//2576 1074//2576 1072//2576
f 1533//2576 1072//2576 1094//2576
f 1082//2576 1080//2576 1533//2576
f 1533//2576 1080//2576 1078//2576
f 1533//2576 1078//2576 1076//2576
f 1088//2576 1086//2576 1533//2576
f 1533//2576 1086//2576 1084//2576
f 1533//2576 1084//2576 1082//2576
f 1094//2576 1092//2576 1533//2576
f 1533//2576 1092//2576 1090//2576
f 1533//2576 1090//2576 1088//2576
f 863//1371 864//1371 2//1371
f 769//1371 773//1371 1//1371
f 1//1371 773//1371 151//1371
f 1//1371 151//1371 2//1371
f 2//1371 151//1371 150//1371
f 2//1371 150//1371 863//1371
f 766//1751 768//1751 1036//1751
f 1065//1751 867//1751 866//1751
f 766//1751 1036//1751 764//1751
f 866//1751 865//1751 1065//1751
f 1065//1751 865//1751 141//1751
f 1065//1751 141//1751 1036//1751
f 1036//1751 141//1751 138//1751
f 1036//1751 138//1751 764//1751
f 1065//1 1036//1 1066//1
f 1066//1 1036//1 1035//1
f 428//2576 1534//2576 402//2576
f 1535//1 1536//1 1537//1
f 1538//1 1539//1 1537//1
f 1537//1 1539//1 1540//1
f 1537//1 1540//1 1535//1
f 1541//1 1542//1 1537//1
f 1537//1 1542//1 1543//1
f 1537//1 1543//1 1538//1
f 1544//1 1545//1 1537//1
f 1537//1 1545//1 1546//1
f 1537//1 1546//1 1541//1
f 1547//1 1548//1 1537//1
f 1537//1 1548//1 1549//1
f 1537//1 1549//1 1544//1
f 1536//1 1550//1 1537//1
f 1537//1 1550//1 1551//1
f 1537//1 1551//1 1547//1
f 411//2577 404//2577 1535//2577
f 1535//2578 404//2578 1536//2578
f 1536//2579 404//2579 406//2579
f 1536//2579 406//2579 1550//2579
f 1550//2580 406//2580 403//2580
f 1550//2580 403//2580 1551//2580
f 1551//2581 403//2581 402//2581
f 1551//2582 402//2582 1547//2582
f 402//2583 1534//2583 1547//2583
f 1547//2584 1534//2584 428//2584
f 1547//2585 428//2585 1548//2585
f 1535//2586 1540//2586 411//2586
f 411//2587 1540//2587 1539//2587
f 411//2587 1539//2587 426//2587
f 426//2588 1539//2588 1538//2588
f 426//2588 1538//2588 427//2588
f 427//2589 1538//2589 1543//2589
f 427//2589 1543//2589 423//2589
f 423//2590 1543//2590 1542//2590
f 423//2590 1542//2590 424//2590
f 424//2591 1542//2591 1541//2591
f 424//2591 1541//2591 416//2591
f 416//2592 1541//2592 1546//2592
f 416//2592 1546//2592 414//2592
f 414//2593 1546//2593 1545//2593
f 414//2593 1545//2593 417//2593
f 417//2594 1545//2594 1544//2594
f 417//2594 1544//2594 420//2594
f 420//2595 1544//2595 1549//2595
f 420//2595 1549//2595 432//2595
f 432//2596 1549//2596 1548//2596
f 432//2596 1548//2596 430//2596
f 430//2597 1548//2597 428//2597
f 1064//1 1067//1 1037//1
f 1037//1 1067//1 1034//1
f 1064//1751 1037//1751 4//1751
f 4//1751 1037//1751 3//1751
f 1066//1371 1035//1371 1067//1371
f 1067//1371 1035//1371 1034//1371
f 1552//2576 1553//2576 1554//2576
f 1554//2576 1553//2576 1555//2576
f 1554//2576 1555//2576 1556//2576
f 1557//2576 1558//2576 1554//2576
f 1554//2576 1558//2576 1559//2576
f 1554//2576 1559//2576 1552//2576
f 1560//2576 1561//2576 1554//2576
f 1554//2576 1561//2576 1562//2576
f 1554//2576 1562//2576 1557//2576
f 1556//2576 1563//2576 1554//2576
f 1554//2576 1563//2576 1564//2576
f 1554//2576 1564//2576 1560//2576
f 1565//1 1566//1 1567//1
f 1567//1 1566//1 1568//1
f 1567//1 1568//1 1569//1
f 1570//1 1571//1 1567//1
f 1567//1 1571//1 1572//1
f 1567//1 1572//1 1565//1
f 1573//1 1574//1 1567//1
f 1567//1 1574//1 1575//1
f 1567//1 1575//1 1570//1
f 1569//1 1576//1 1567//1
f 1567//1 1576//1 1577//1
f 1567//1 1577//1 1573//1
f 1568//2598 1555//2598 1569//2598
f 1569//2598 1555//2598 1553//2598
f 1569//2599 1553//2599 1576//2599
f 1576//2599 1553//2599 1552//2599
f 1576//2600 1552//2600 1577//2600
f 1577//2600 1552//2600 1559//2600
f 1577//2601 1559//2601 1573//2601
f 1573//2601 1559//2601 1558//2601
f 1573//2602 1558//2602 1574//2602
f 1574//2602 1558//2602 1557//2602
f 1574//2603 1557//2603 1575//2603
f 1575//2603 1557//2603 1562//2603
f 1575//2604 1562//2604 1570//2604
f 1570//2604 1562//2604 1561//2604
f 1570//2605 1561//2605 1571//2605
f 1571//2605 1561//2605 1560//2605
f 1571//2606 1560//2606 1572//2606
f 1572//2606 1560//2606 1564//2606
f 1572//2607 1564//2607 1565//2607
f 1565//2607 1564//2607 1563//2607
f 1565//2608 1563//2608 1566//2608
f 1566//2608 1563//2608 1556//2608
f 1566//2609 1556//2609 1568//2609
f 1568//2609 1556//2609 1555//2609
usemtl mat1
f 1//1 2//1 3//1
# Vertices: 1577, normals: 2609, texture coordinates: 0, faces: 3002

