# File generated by ImageToStl.com - Free Image and 3D model conversion tools

mtllib teach_link7.mtl

o obj1
v -0.00865 -0.0135 0.02525
v -0.00865 -0.0135 0.00275
v -0.0035 -0.0135 0.02525
v -0.0035 -0.0135 0.00275
v -0.01045371 -0.00792363 0.02462232
v -0.01045356 -0.00792979 0.02460711
v -0.01 -0.00792388 0.02463268
v -0.01045 -0.008 0.02423874
v -0.01 -0.008 0.02425
v -0.01045665 -0.00770707 0.0249464
v -0.01 -0.00770711 0.02495711
v -0.01045854 -0.00738287 0.0251632
v -0.01 -0.00738268 0.02517388
v -0.01045859 -0.0073681 0.02516919
v -0.01 -0.007 0.02525
v -0.01045918 -0.007 0.02523945
v -0.01045918 -0.007 0.00276055
v -0.01 -0.007 0.00275
v -0.01 -0.0075 0.00288397
v -0.01045853 -0.00738369 0.00283714
v -0.01 -0.00770711 0.00304289
v -0.01045665 -0.00770757 0.00305411
v -0.01 -0.00786602 0.00325
v -0.0104537 -0.00792397 0.00337851
v -0.01 -0.008 0.00375
v -0.01045 -0.008 0.00376126
v -0.01065 -0.007 0.02503967
v -0.01065 -0.0073063 0.02497864
v -0.01065 -0.00756565 0.02480513
v -0.01065 -0.0077389 0.02454575
v -0.01065 -0.0078 0.02423874
v -0.01065 -0.0078 0.00376126
v -0.01065 -0.007 0.00296034
v -0.01065 -0.00730696 0.00302163
v -0.01065 -0.00756606 0.00319528
v -0.01065 -0.00773917 0.00345491
v -0.00885 -0.008 0.02425
v -0.00885 -0.008 0.00375
v 0.03581952 -0.01254545 0.018
v 0.03581952 -0.01254545 0.01551858
v 0.0364148 -0.01288294 0.01551858
v 0.0364148 -0.01288294 0.018
v 0.037089 -0.013 0.01551858
v 0.037089 -0.013 0.018
v 0.03581952 -0.01254545 0.01248142
v 0.03581952 -0.01254545 0.01
v 0.0364148 -0.01288294 0.01
v 0.0364148 -0.01288294 0.01248142
v 0.037089 -0.013 0.01
v 0.037089 -0.013 0.01248142
v -0.01065 -0.0058204 0.0032003
v -0.01065 -0.00558474 0.00296034
v -0.01065 -0.00586604 0.00327229
v -0.01065 -0.00558474 0.02503967
v -0.01065 -0.00577997 0.02485385
v -0.01065 -0.00586604 0.0247277
v -0.01065 -0.00594343 0.02455891
v -0.01065 -0.006 0.0242265
v -0.01065 -0.006 0.0037735
v -0.01065 -0.00596338 0.00350469
v 0.03435117 -0.01144803 0.01
v 0.03581555 -0.01254219 0.014
v 0.03328618 -0.0107737 0.01
v 0.03435117 -0.01144803 0.018
v 0.02312476 -0.008 0.018
v 0.02312476 -0.008 0.01
v 0.02495598 -0.00808401 0.018
v 0.02495598 -0.00808401 0.01
v 0.02620694 -0.00823892 0.018
v 0.02620694 -0.00823892 0.01
v 0.02744566 -0.00847233 0.018
v 0.02744566 -0.00847233 0.01
v 0.02986676 -0.00917062 0.018
v 0.02986676 -0.00917062 0.01
v 0.03218084 -0.0101678 0.018
v 0.03218084 -0.0101678 0.01
v 0.03328618 -0.0107737 0.018
v -0.00877388 -0.00792388 0.02463268
v -0.00883078 -0.00798079 0.02444509
v -0.00865 -0.0078 0.02485
v -0.00865 -0.0078 0.00315
v -0.00871352 -0.00786352 0.00324568
v -0.00881593 -0.00796593 0.00349118
v 0.00871352 -0.00786352 0.00324568
v 0.00881593 -0.00796593 0.00349118
v 0.00885 -0.008 0.00375
v 0.00881593 -0.00796593 0.02450882
v 0.00871603 -0.00786602 0.02475
v 0.00885 -0.008 0.02425
v 0.00865 -0.0078 0.02485
v 0.00865 -0.0078 0.00315
v 0.0249193 -0.00800545 0.02566036
v 0.02437586 -0.008 0.02552049
v 0.02431473 -0.008 0.02533941
v 0.02749051 -0.00847233 0.01930147
v 0.03437964 -0.01144803 0.01882615
v 0.04196665 -0.01254545 0.02757708
v 0.04118996 -0.01229037 0.02754439
v 0.04138132 -0.01254545 0.02728667
v 0.03956685 -0.01169203 0.0274706
v 0.0402512 -0.01254545 0.02658643
v 0.03921829 -0.01254545 0.02574942
v 0.03584451 -0.01254545 0.01872508
v 0.03457905 -0.01144803 0.02032776
v 0.03601953 -0.01254545 0.02004298
v 0.03496603 -0.01144803 0.02179229
v 0.03635916 -0.01254545 0.02132834
v 0.03553438 -0.01144803 0.02319641
v 0.03685799 -0.01254545 0.02256069
v 0.03627507 -0.01144803 0.02451777
v 0.03750806 -0.01254545 0.02372039
v 0.03717629 -0.01144803 0.02573531
v 0.03829902 -0.01254545 0.02478898
v 0.03822369 -0.01144803 0.02682963
v 0.03894451 -0.01144856 0.02744162
v 0.02772325 -0.00820085 0.02631453
v 0.02605213 -0.00808401 0.02476081
v 0.02536225 -0.00808401 0.02214987
v 0.0235658 -0.008 0.02250502
v 0.02500673 -0.00808401 0.01947284
v 0.02317986 -0.008 0.01959888
v 0.02780466 -0.00847233 0.02166702
v 0.02841428 -0.00847233 0.02397416
v 0.02930963 -0.00847233 0.02618615
v 0.03050634 -0.00866175 0.02680001
v 0.02990586 -0.00917062 0.01913482
v 0.03017979 -0.00917062 0.02119747
v 0.03071135 -0.00917062 0.02320919
v 0.03149205 -0.00917062 0.02513794
v 0.03250948 -0.00917062 0.02695299
v 0.03326317 -0.00936884 0.02712851
v 0.03221445 -0.0101678 0.01897554
v 0.03244994 -0.0101678 0.02074867
v 0.03290688 -0.0101678 0.02247803
v 0.03357801 -0.0101678 0.02413606
v 0.03445263 -0.0101678 0.02569634
v 0.03551682 -0.0101678 0.02713404
v 0.03600753 -0.01029886 0.02731139
v 0.03893612 -0.01144525 0.02744123
v 0.03686262 -0.01288294 0.02094973
v 0.0375632 -0.01288294 0.02263772
v 0.04318778 -0.013 0.02670686
v 0.0441555 -0.013 0.027
v 0.04363587 -0.01298421 0.02712121
v 0.04309823 -0.01292264 0.02725984
v 0.04291488 -0.01288813 0.02730939
v 0.04164701 -0.013 0.02597998
v 0.03715254 -0.013 0.01908317
v 0.03648296 -0.01288294 0.019162
v 0.03856102 -0.01288294 0.02416888
v 0.03982234 -0.01288294 0.02549145
v 0.03750644 -0.013 0.02074963
v 0.0381595 -0.013 0.02232311
v 0.03908963 -0.013 0.02375041
v 0.04026539 -0.013 0.02498326
v 0.04130451 -0.01288294 0.0265607
v 0.04254171 -0.01279062 0.02741287
v 0.04941676 -0.013 0.02698691
v 0.05 -0.013 0.027
v 0.0382874 -0.013 0.01964049
v 0.03746849 -0.013 0.01745848
v 0.04101618 -0.013 0.02339634
v 0.04283834 -0.013 0.02484945
v 0.04489068 -0.013 0.02595386
v 0.04710723 -0.013 0.02667406
v 0.03948278 -0.013 0.02164121
v 0.0372539 -0.01298924 0.014
v 0.03649103 -0.01290629 0.014
v 0.05 -0.012 0.028
v 0.05 -0.0125 0.02786602
v 0.05167137 -0.0125 0.02776493
v 0.05 -0.01286603 0.0275
v 0.05162724 -0.01286603 0.02740157
v 0.05156698 -0.013 0.02690522
v 0.05311111 -0.013 0.02662225
v 0.05323077 -0.01286603 0.02710772
v 0.05460986 -0.013 0.02615521
v 0.05478717 -0.01286603 0.02662272
v 0.0560414 -0.013 0.02551093
v 0.05627377 -0.01286603 0.02595366
v 0.05738484 -0.013 0.02469879
v 0.05766888 -0.01286603 0.02511028
v 0.0586206 -0.013 0.02373064
v 0.05895216 -0.01286603 0.0241049
v 0.05973064 -0.013 0.0226206
v 0.0601049 -0.01286603 0.02295216
v 0.06069879 -0.013 0.02138484
v 0.06111028 -0.01286603 0.02166887
v 0.06151093 -0.013 0.0200414
v 0.06195366 -0.01286603 0.02027377
v 0.06215521 -0.013 0.01860986
v 0.06262272 -0.01286603 0.01878717
v 0.06262224 -0.013 0.0171111
v 0.06310772 -0.01286603 0.01723076
v 0.06290522 -0.013 0.01556698
v 0.06340158 -0.01286603 0.01562725
v 0.063 -0.013 0.014
v 0.06350001 -0.01286603 0.014
v 0.06290522 -0.013 0.01243302
v 0.06340158 -0.01286603 0.01237275
v 0.06262224 -0.013 0.0108889
v 0.06310772 -0.01286603 0.01076924
v 0.06215521 -0.013 0.00939014
v 0.06262272 -0.01286603 0.00921283
v 0.06151093 -0.013 0.0079586
v 0.06195366 -0.01286603 0.00772624
v 0.06069879 -0.013 0.00661516
v 0.06111028 -0.01286603 0.00633113
v 0.05973064 -0.013 0.00537941
v 0.0601049 -0.01286603 0.00504784
v 0.0586206 -0.013 0.00426936
v 0.05895216 -0.01286603 0.00389511
v 0.05738484 -0.013 0.00330121
v 0.05766888 -0.01286603 0.00288972
v 0.0560414 -0.013 0.00248907
v 0.05627377 -0.01286603 0.00204634
v 0.05460986 -0.013 0.00184479
v 0.05478717 -0.01286603 0.00137728
v 0.05311111 -0.013 0.00137776
v 0.05323077 -0.01286603 0.00089229
v 0.05156698 -0.013 0.00109478
v 0.05162724 -0.01286603 0.00059843
v 0.05 -0.013 0.001
v 0.05 -0.01286603 0.0005
v 0.05331836 -0.0125 0.02746311
v 0.05491696 -0.0125 0.02696496
v 0.05644387 -0.0125 0.02627776
v 0.0578768 -0.0125 0.02541151
v 0.05919488 -0.0125 0.02437887
v 0.06037887 -0.0125 0.02319488
v 0.06141152 -0.0125 0.0218768
v 0.06227776 -0.0125 0.02044387
v 0.06296497 -0.0125 0.01891696
v 0.06346311 -0.0125 0.01731836
v 0.06376494 -0.0125 0.01567136
v 0.06386603 -0.0125 0.014
v 0.06376494 -0.0125 0.01232864
v 0.06346311 -0.0125 0.01068164
v 0.06296497 -0.0125 0.00908304
v 0.06227776 -0.0125 0.00755614
v 0.06141152 -0.0125 0.0061232
v 0.06037887 -0.0125 0.00480512
v 0.05919488 -0.0125 0.00362113
v 0.0578768 -0.0125 0.00258849
v 0.05644387 -0.0125 0.00172224
v 0.05491696 -0.0125 0.00103504
v 0.05331836 -0.0125 0.0005369
v 0.05167137 -0.0125 0.00023507
v 0.05 -0.0125 0.00013397
v 0.05168751 -0.012 0.02789793
v 0.05335042 -0.012 0.02759319
v 0.05496447 -0.012 0.02709023
v 0.05650613 -0.012 0.02639639
v 0.05795291 -0.012 0.02552178
v 0.05928372 -0.012 0.02447915
v 0.06047915 -0.012 0.02328372
v 0.06152177 -0.012 0.02195291
v 0.06239639 -0.012 0.02050612
v 0.06309023 -0.012 0.01896447
v 0.06359319 -0.012 0.01735042
v 0.06389792 -0.012 0.01568752
v 0.064 -0.012 0.014
v 0.06389792 -0.012 0.01231249
v 0.06359319 -0.012 0.01064958
v 0.06309023 -0.012 0.00903553
v 0.06239639 -0.012 0.00749388
v 0.06152177 -0.012 0.00604709
v 0.06047915 -0.012 0.00471628
v 0.05928372 -0.012 0.00352085
v 0.05795291 -0.012 0.00247823
v 0.05650613 -0.012 0.00160362
v 0.05496447 -0.012 0.00090977
v 0.05335042 -0.012 0.00040681
v 0.05168751 -0.012 0.00010208
v 0.05 -0.012 0
v 0.03746849 -0.013 0.01054152
v 0.0441555 -0.013 0.001
v 0.04941676 -0.013 0.00101309
v 0.03948278 -0.013 0.00635879
v 0.03908963 -0.013 0.00424959
v 0.04101618 -0.013 0.00460367
v 0.04026539 -0.013 0.00301674
v 0.04283834 -0.013 0.00315055
v 0.0382874 -0.013 0.00835951
v 0.03715254 -0.013 0.00891683
v 0.03750644 -0.013 0.00725037
v 0.0381595 -0.013 0.00567689
v 0.04710723 -0.013 0.00132594
v 0.04489068 -0.013 0.00204614
v 0.04318778 -0.013 0.00129314
v 0.04164701 -0.013 0.00202002
v 0.03648296 -0.01288294 0.008838
v 0.03686262 -0.01288294 0.00705027
v 0.0375632 -0.01288294 0.00536229
v 0.03856102 -0.01288294 0.00383112
v 0.03982234 -0.01288294 0.00250855
v 0.0436317 -0.0129839 0.00087776
v 0.04309165 -0.01292154 0.0007384
v 0.04130451 -0.01288294 0.0014393
v 0.04253577 -0.01278874 0.00058546
v 0.04196665 -0.01254545 0.00042292
v 0.03921829 -0.01254545 0.00225058
v 0.0402512 -0.01254545 0.00141357
v 0.04138132 -0.01254545 0.00071333
v 0.03829902 -0.01254545 0.00321103
v 0.03750806 -0.01254545 0.00427961
v 0.03685799 -0.01254545 0.00543931
v 0.03635916 -0.01254545 0.00667166
v 0.03601953 -0.01254545 0.00795702
v 0.03584451 -0.01254545 0.00927493
v 0.03221445 -0.0101678 0.00902447
v 0.02769472 -0.00819728 0.00169118
v 0.02930963 -0.00847233 0.00181385
v 0.02841428 -0.00847233 0.00402584
v 0.03047044 -0.00865416 0.00120525
v 0.03250948 -0.00917062 0.00104702
v 0.03149205 -0.00917062 0.00286207
v 0.03325109 -0.00936449 0.00087282
v 0.03551682 -0.0101678 0.00086596
v 0.03445263 -0.0101678 0.00230366
v 0.03600753 -0.01029886 0.00068861
v 0.03822369 -0.01144803 0.00117037
v 0.03717629 -0.01144803 0.0022647
v 0.03627507 -0.01144803 0.00348223
v 0.03553438 -0.01144803 0.00480359
v 0.03496603 -0.01144803 0.00620771
v 0.03457905 -0.01144803 0.00767225
v 0.03437964 -0.01144803 0.00917385
v 0.04118996 -0.01229037 0.00045561
v 0.03956685 -0.01169203 0.0005294
v 0.03894451 -0.01144856 0.00055838
v 0.03893612 -0.01144525 0.00055877
v 0.02431473 -0.008 0.0026606
v 0.02437586 -0.008 0.00247951
v 0.02605213 -0.00808401 0.00323919
v 0.0249193 -0.00800545 0.00233965
v 0.0235658 -0.008 0.00549498
v 0.02536225 -0.00808401 0.00585013
v 0.02317986 -0.008 0.00840112
v 0.02500673 -0.00808401 0.00852716
v 0.02780466 -0.00847233 0.00633298
v 0.02749051 -0.00847233 0.00869853
v 0.03071135 -0.00917062 0.00479081
v 0.03017979 -0.00917062 0.00680253
v 0.02990586 -0.00917062 0.00886518
v 0.03357801 -0.0101678 0.00386395
v 0.03290688 -0.0101678 0.00552197
v 0.03244994 -0.0101678 0.00725133
v 0.02415404 -0.007 0.00150442
v 0.02470838 -0.00700572 0.001375
v 0.02418376 -0.0075 0.00163506
v 0.02471754 -0.00737114 0.00144395
v 0.02421901 -0.00770711 0.00179002
v 0.02476219 -0.00770817 0.00165866
v 0.02426495 -0.00786602 0.00199197
v 0.02483579 -0.00793162 0.00198476
v -0.019 -0.006 0.01525
v -0.019 -0.006 0.01275
v -0.01133865 -0.006 0.00385011
v -0.01133865 -0.006 0.02414989
v -0.01232937 -0.006 0.02394333
v -0.01892301 -0.006 0.01642474
v -0.01869333 -0.006 0.01757937
v -0.01344415 -0.006 0.02356492
v -0.0145 -0.006 0.02304423
v -0.01547885 -0.006 0.02239018
v -0.01636396 -0.006 0.02161396
v -0.01714018 -0.006 0.02072885
v -0.01779423 -0.006 0.01975
v -0.01831492 -0.006 0.01869415
v -0.01232937 -0.006 0.00405667
v -0.01892301 -0.006 0.01157526
v -0.01869333 -0.006 0.01042063
v -0.01831492 -0.006 0.00930585
v -0.01779423 -0.006 0.00825
v -0.01714018 -0.006 0.00727115
v -0.01636396 -0.006 0.00638604
v -0.01547885 -0.006 0.00560982
v -0.0145 -0.006 0.00495577
v -0.01344415 -0.006 0.00443508
v 0.02470838 -0.00700572 0.026625
v 0.02415404 -0.007 0.02649558
v 0.02471754 -0.00737114 0.02655606
v 0.02418376 -0.0075 0.02636494
v 0.02476219 -0.00770817 0.02634134
v 0.02421901 -0.00770711 0.02620998
v 0.02483579 -0.00793162 0.02601524
v 0.02426495 -0.00786602 0.02600803
v 0.02172188 -0.008 0.0030096
v 0.01904351 -0.008 0.00339816
v 0.01130585 -0.008 0.01098891
v 0.01281969 -0.008 0.00988905
v 0.01306323 -0.008 0.00375
v 0.01465 -0.008 0.0095
v 0.01605854 -0.008 0.00366196
v 0.01648032 -0.008 0.00988905
v 0.01799415 -0.008 0.01098891
v 0.01037025 -0.008 0.01260942
v 0.01017465 -0.008 0.01447038
v 0.01892976 -0.008 0.01260942
v 0.01912535 -0.008 0.01447038
v 0.01854711 -0.008 0.01625
v 0.01729503 -0.008 0.01764058
v 0.01075289 -0.008 0.01625
v 0.01200497 -0.008 0.01764058
v 0.01306323 -0.008 0.02425
v 0.0137144 -0.008 0.01840166
v 0.01686221 -0.008 0.02439169
v 0.0155856 -0.008 0.01840166
v 0.02064009 -0.008 0.02481597
v 0.02767885 -0.0072109 0.02724175
v 0.02764923 -0.00756024 0.02717163
v 0.02764638 -0.00788475 0.0269665
v 0.02767388 -0.00810993 0.02665677
v 0.03061458 -0.00769484 0.02766955
v 0.03055109 -0.00802443 0.02760331
v 0.03050649 -0.00833278 0.02741329
v 0.03049156 -0.00855617 0.02712511
v 0.03350444 -0.00843722 0.0279189
v 0.03341331 -0.00874358 0.0278609
v 0.03333411 -0.00903238 0.0276914
v 0.03328196 -0.00925076 0.02743061
v 0.03635352 -0.0094138 0.028
v 0.03624396 -0.00969405 0.02795366
v 0.03613988 -0.0099603 0.02780975
v 0.03605768 -0.01017057 0.0275829
v 0.04201752 -0.01239676 0.02775168
v 0.0389949 -0.0113049 0.02766681
v 0.04223099 -0.01177273 0.028
v 0.03928277 -0.01061752 0.028
v 0.04215549 -0.01199346 0.02797241
v 0.03917863 -0.01086617 0.02796298
v 0.04208215 -0.01220782 0.027888
v 0.03907859 -0.01110505 0.02784889
v 0.0441555 -0.01286603 0.0275
v 0.0436395 -0.01288254 0.02745426
v 0.0441555 -0.01292979 0.0273681
v 0.04311049 -0.01279356 0.02754875
v 0.04313203 -0.01256694 0.02779368
v 0.0425692 -0.0126434 0.02764873
v 0.04318958 -0.01196132 0.028
v 0.04316 -0.01227259 0.02794986
v 0.0441555 -0.012 0.028
v 0.0441555 -0.0125 0.02786602
v 0.0441555 -0.01270711 0.02770711
v 0.05919379 -0.01289367 0.00596763
v 0.0576118 -0.01289367 0.0044551
v 0.04443245 -0.01079162 0.00556553
v 0.04449103 -0.01 0.00565427
v 0.04308937 -0.01 0.00677205
v 0.05 -0.01 0.004
v 0.04954658 -0.01079162 0.00390385
v 0.05134233 -0.01 0.0040905
v 0.05135661 -0.01079162 0.00398514
v 0.05281733 -0.01 0.00440507
v 0.05312303 -0.01079162 0.00438831
v 0.05309017 -0.01 0.00448943
v 0.05478908 -0.01079162 0.00510041
v 0.0562349 -0.01 0.00618169
v 0.05540641 -0.01 0.00558747
v 0.05473869 -0.01 0.00519404
v 0.0563012 -0.01079162 0.00609856
v 0.05761079 -0.01079162 0.00735066
v 0.05753072 -0.01 0.00742061
v 0.05867577 -0.01079162 0.00881647
v 0.05989822 -0.01 0.01257685
v 0.0598393 -0.01 0.01221443
v 0.05994392 -0.01079162 0.01219545
v 0.05936235 -0.01 0.01048625
v 0.0594619 -0.01079162 0.01044889
v 0.05909633 -0.01 0.00984585
v 0.05858449 -0.01 0.00887101
v 0.06 -0.01 0.014
v 0.06010633 -0.01079162 0.014
v 0.05989822 -0.01 0.01542315
v 0.05994392 -0.01079162 0.01580456
v 0.0598393 -0.01 0.01578557
v 0.0594619 -0.01079162 0.01755111
v 0.05936235 -0.01 0.01751375
v 0.0563012 -0.01079162 0.02190145
v 0.05753072 -0.01 0.02057939
v 0.05761079 -0.01079162 0.02064934
v 0.0575575 -0.01 0.02054861
v 0.05867577 -0.01079162 0.01918353
v 0.05858449 -0.01 0.019129
v 0.05909633 -0.01 0.01815415
v 0.05281733 -0.01 0.02359493
v 0.05309017 -0.01 0.02351057
v 0.05312303 -0.01079162 0.02361169
v 0.05473869 -0.01 0.02280596
v 0.05478908 -0.01079162 0.02289959
v 0.05540641 -0.01 0.02241254
v 0.0562349 -0.01 0.02181832
v 0.05134233 -0.01 0.0239095
v 0.05135661 -0.01079162 0.02401486
v 0.05 -0.01 0.024
v 0.04954658 -0.01079162 0.02409615
v 0.04955136 -0.01 0.02398993
v 0.04775113 -0.01079162 0.02385294
v 0.0477748 -0.01 0.02374928
v 0.04301589 -0.01079162 0.0213048
v 0.04449103 -0.01 0.02234573
v 0.04443245 -0.01079162 0.02243447
v 0.04459359 -0.01 0.02241254
v 0.04602796 -0.01079162 0.02329305
v 0.04606975 -0.01 0.02319528
v 0.04718268 -0.01 0.02359493
v 0.04090368 -0.01 0.01815415
v 0.04099031 -0.01 0.01833884
v 0.04089452 -0.01079162 0.01838497
v 0.04190983 -0.01 0.01987785
v 0.04182381 -0.01079162 0.01994035
v 0.04244251 -0.01 0.02054861
v 0.04308937 -0.01 0.02122795
v 0.04036037 -0.01 0.01666037
v 0.04025787 -0.01079162 0.01668866
v 0.04010179 -0.01 0.01542315
v 0.03993436 -0.01079162 0.01490592
v 0.04004026 -0.01 0.01489639
v 0.03993436 -0.01079162 0.01309408
v 0.04004026 -0.01 0.01310361
v 0.04244251 -0.01 0.00745139
v 0.04190983 -0.01 0.00812215
v 0.04182381 -0.01079162 0.00805965
v 0.04099031 -0.01 0.00966116
v 0.04089452 -0.01079162 0.00961503
v 0.04090368 -0.01 0.00984585
v 0.04025787 -0.01079162 0.01131135
v 0.04036037 -0.01 0.01133963
v 0.04010179 -0.01 0.01257685
v 0.04301589 -0.01079162 0.0066952
v 0.04955136 -0.01 0.00401007
v 0.0477748 -0.01 0.00425072
v 0.04775113 -0.01079162 0.00414706
v 0.04718268 -0.01 0.00440507
v 0.04602796 -0.01079162 0.00470695
v 0.04606975 -0.01 0.00480472
v 0.04459359 -0.01 0.00558747
v 0.04945227 -0.01289367 0.02619609
v 0.05163877 -0.01289367 0.02609789
v 0.0537726 -0.01289367 0.02561086
v 0.05578517 -0.01289367 0.02475065
v 0.05919379 -0.01289367 0.02203237
v 0.0576118 -0.01289367 0.0235449
v 0.06142991 -0.01289367 0.01828972
v 0.06048027 -0.01289367 0.02026167
v 0.06201219 -0.01289367 0.01182011
v 0.06220838 -0.01289367 0.014
v 0.06201219 -0.01289367 0.01617989
v 0.06142991 -0.01289367 0.00971028
v 0.06048027 -0.01289367 0.00773833
v 0.05578517 -0.01289367 0.00324935
v 0.0537726 -0.01289367 0.00238914
v 0.03784076 -0.01289367 0.01290565
v 0.03823158 -0.01289367 0.01075212
v 0.03900063 -0.01289367 0.00870298
v 0.04012322 -0.01289367 0.00682409
v 0.04156325 -0.01289367 0.00517585
v 0.04327444 -0.01289367 0.00381121
v 0.0452018 -0.01289367 0.00277405
v 0.04728338 -0.01289367 0.00209771
v 0.04945227 -0.01289367 0.00180391
v 0.05163877 -0.01289367 0.00190211
v 0.04728338 -0.01289367 0.02590229
v 0.0452018 -0.01289367 0.02522594
v 0.04327444 -0.01289367 0.02418879
v 0.04156325 -0.01289367 0.02282416
v 0.04012322 -0.01289367 0.02117591
v 0.03900063 -0.01289367 0.01929702
v 0.03823158 -0.01289367 0.01724788
v 0.03784076 -0.01289367 0.01509435
v 0.06037608 -0.01172502 0.01588298
v 0.05987312 -0.01172502 0.01770544
v 0.05905282 -0.01172502 0.01940881
v 0.05794155 -0.01172502 0.02093833
v 0.05657505 -0.01172502 0.02224484
v 0.05499721 -0.01172502 0.02328637
v 0.05325876 -0.01172502 0.02402942
v 0.05141556 -0.01172502 0.02445011
v 0.04952688 -0.01172502 0.02453493
v 0.0476534 -0.01172502 0.02428115
v 0.04585534 -0.01172502 0.02369693
v 0.04419049 -0.01172502 0.02280104
v 0.04271237 -0.01172502 0.02162227
v 0.04146848 -0.01172502 0.02019852
v 0.04049879 -0.01172502 0.01857555
v 0.03983448 -0.01172502 0.01680551
v 0.03949691 -0.01172502 0.0149453
v 0.03949691 -0.01172502 0.01305471
v 0.03983448 -0.01172502 0.01119449
v 0.04049879 -0.01172502 0.00942446
v 0.04146848 -0.01172502 0.00780148
v 0.04271237 -0.01172502 0.00637773
v 0.04419049 -0.01172502 0.00519897
v 0.04585534 -0.01172502 0.00430307
v 0.0476534 -0.01172502 0.00371885
v 0.04952688 -0.01172502 0.00346507
v 0.05141556 -0.01172502 0.00354989
v 0.05325876 -0.01172502 0.00397059
v 0.05499721 -0.01172502 0.00471363
v 0.05657505 -0.01172502 0.00575516
v 0.05794155 -0.01172502 0.00706167
v 0.05905282 -0.01172502 0.0085912
v 0.05987312 -0.01172502 0.01029456
v 0.06037608 -0.01172502 0.01211702
v 0.06054555 -0.01172502 0.014
v 0.0610938 -0.01245445 0.01601323
v 0.06055603 -0.01245445 0.01796175
v 0.059679 -0.01245445 0.01978293
v 0.05849087 -0.01245445 0.02141825
v 0.05702984 -0.01245445 0.02281514
v 0.05534286 -0.01245445 0.0239287
v 0.05348416 -0.01245445 0.02472315
v 0.05151348 -0.01245445 0.02517295
v 0.04949415 -0.01245445 0.02526363
v 0.04749108 -0.01245445 0.0249923
v 0.04556865 -0.01245445 0.02436766
v 0.04378865 -0.01245445 0.0234098
v 0.04220828 -0.01245445 0.0221495
v 0.04087835 -0.01245445 0.02062727
v 0.03984159 -0.01245445 0.01889203
v 0.03913134 -0.01245445 0.01699956
v 0.03877041 -0.01245445 0.01501068
v 0.03877041 -0.01245445 0.01298932
v 0.03913134 -0.01245445 0.01100044
v 0.03984159 -0.01245445 0.00910797
v 0.04087835 -0.01245445 0.00737273
v 0.04220828 -0.01245445 0.0058505
v 0.04378865 -0.01245445 0.0045902
v 0.04556865 -0.01245445 0.00363234
v 0.04749108 -0.01245445 0.0030077
v 0.04949415 -0.01245445 0.00273637
v 0.05151348 -0.01245445 0.00282706
v 0.05348416 -0.01245445 0.00327685
v 0.05534286 -0.01245445 0.0040713
v 0.05702984 -0.01245445 0.00518486
v 0.05849087 -0.01245445 0.00658175
v 0.059679 -0.01245445 0.00821707
v 0.06055603 -0.01245445 0.01003825
v 0.0610938 -0.01245445 0.01198677
v 0.06127499 -0.01245445 0.014
v 0.05 -0.001 0
v 0.05168751 -0.001 0.00010208
v 0.05335042 -0.001 0.00040681
v 0.05496447 -0.001 0.00090977
v 0.05650613 -0.001 0.00160362
v 0.05795291 -0.001 0.00247823
v 0.05928372 -0.001 0.00352085
v 0.06047915 -0.001 0.00471628
v 0.06152177 -0.001 0.00604709
v 0.06239639 -0.001 0.00749388
v 0.06309023 -0.001 0.00903553
v 0.06359319 -0.001 0.01064958
v 0.06389792 -0.001 0.01231249
v 0.064 -0.001 0.014
v 0.06389792 -0.001 0.01568752
v 0.06359319 -0.001 0.01735042
v 0.06309023 -0.001 0.01896447
v 0.06239639 -0.001 0.02050612
v 0.06152177 -0.001 0.02195291
v 0.06047915 -0.001 0.02328372
v 0.05928372 -0.001 0.02447915
v 0.05795291 -0.001 0.02552178
v 0.05650613 -0.001 0.02639639
v 0.05496447 -0.001 0.02709023
v 0.05335042 -0.001 0.02759319
v 0.05168751 -0.001 0.02789793
v 0.05 -0.001 0.028
v 0.0441555 -0.012 0
v 0.0441555 -0.0125 0.00013397
v 0.0441555 -0.01270711 0.00029289
v 0.0441555 -0.01286603 0.0005
v 0.0441555 -0.01292979 0.00063191
v 0.04256346 -0.0126414 0.0003502
v 0.04201752 -0.01239676 0.00024832
v 0.04208215 -0.01220782 0.000112
v 0.04363538 -0.012882 0.00054503
v 0.04310406 -0.01279217 0.00045008
v 0.04312578 -0.01256561 0.00020577
v 0.04315398 -0.01227162 5.001E-05
v 0.04215549 -0.01199346 2.759E-05
v 0.04318378 -0.01196077 0
v 0.04223099 -0.01177273 0
v 0.0389949 -0.0113049 0.00033319
v 0.03928277 -0.01061752 0
v 0.03917863 -0.01086617 3.702E-05
v 0.03907859 -0.01110505 0.00015111
v 0.03635352 -0.0094138 0
v 0.03624396 -0.00969405 4.634E-05
v 0.03613988 -0.0099603 0.00019025
v 0.03605768 -0.01017057 0.0004171
v 0.03349174 -0.00843271 8.196E-05
v 0.03340098 -0.00873927 0.00014005
v 0.03332203 -0.00902819 0.00030968
v 0.03326996 -0.00924656 0.00057062
v 0.03057683 -0.00768687 0.00033482
v 0.03051373 -0.00801674 0.00040115
v 0.03046963 -0.00832532 0.0005914
v 0.03045522 -0.00854876 0.0008799
v 0.02764871 -0.00720714 0.00076346
v 0.02761923 -0.00755665 0.00083364
v 0.02761674 -0.0078813 0.00103891
v 0.02764478 -0.0081065 0.00134882
v 0.02157485 -0.0075 0.00215615
v 0.02163699 -0.00786602 0.00251686
v 0.01898488 -0.00786602 0.00290161
v 0.01602917 -0.00786602 0.00316283
v 0.01306323 -0.00786602 0.00325
v 0.01894196 -0.0075 0.00253811
v 0.01600768 -0.0075 0.00279743
v 0.01306323 -0.0075 0.00288397
v 0.0215521 -0.007 0.00202412
v 0.01892625 -0.007 0.00240506
v 0.01599981 -0.007 0.00266369
v 0.01306323 -0.007 0.00275
v 0.00865 -0.007 0.00275
v 0.00865 -0.0075 0.00288397
v -0.00865 -0.007 0.00275
v -0.00865 -0.0075 0.00288397
v -0.01049251 -0.00525577 0.00279544
v -0.01045918 -0.005 0.00276055
v -0.01059675 -0.00550437 0.00290458
v -0.01141301 -0.00586603 0.00335567
v -0.01146746 -0.0055 0.00299372
v -0.01148739 -0.005 0.00286123
v -0.01245878 -0.00586603 0.0035737
v -0.01363549 -0.00586603 0.00397314
v -0.01475 -0.00586603 0.00452276
v -0.01578323 -0.00586603 0.00521314
v -0.01671751 -0.00586603 0.00603249
v -0.01753686 -0.00586603 0.00696677
v -0.01822724 -0.00586603 0.008
v -0.01877686 -0.00586603 0.00911451
v -0.0191763 -0.00586603 0.01029122
v -0.01941873 -0.00586603 0.01151
v -0.0195 -0.00586603 0.01275
v -0.01255351 -0.0055 0.00322015
v -0.01377557 -0.0055 0.00363498
v -0.01493301 -0.0055 0.00420577
v -0.01600606 -0.0055 0.00492276
v -0.01697633 -0.0055 0.00577367
v -0.01782724 -0.0055 0.00674394
v -0.01854423 -0.0055 0.00781699
v -0.01911502 -0.0055 0.00897444
v -0.01952985 -0.0055 0.01019648
v -0.01978162 -0.0055 0.01146223
v -0.01986603 -0.0055 0.01275
v -0.01258819 -0.005 0.00309074
v -0.01382683 -0.005 0.0035112
v -0.015 -0.005 0.00408975
v -0.01608761 -0.005 0.00481647
v -0.01707107 -0.005 0.00567893
v -0.01793353 -0.005 0.00666239
v -0.01866026 -0.005 0.00775
v -0.0192388 -0.005 0.00892317
v -0.01965926 -0.005 0.01016181
v -0.01991445 -0.005 0.01144474
v -0.02 -0.005 0.01275
v -0.0195 -0.00586603 0.01525
v -0.01986603 -0.0055 0.01525
v -0.02 -0.005 0.01525
v -0.01049251 -0.00525577 0.02520456
v -0.01045918 -0.005 0.02523945
v -0.01148739 -0.005 0.02513877
v -0.01146746 -0.0055 0.02500628
v -0.01059675 -0.00550437 0.02509542
v -0.01141301 -0.00586603 0.02464433
v -0.01245878 -0.00586603 0.0244263
v -0.01363549 -0.00586603 0.02402686
v -0.01475 -0.00586603 0.02347724
v -0.01578323 -0.00586603 0.02278686
v -0.01671751 -0.00586603 0.02196752
v -0.01753686 -0.00586603 0.02103323
v -0.01822724 -0.00586603 0.02
v -0.01877686 -0.00586603 0.0188855
v -0.0191763 -0.00586603 0.01770878
v -0.01941873 -0.00586603 0.01649
v -0.01255351 -0.0055 0.02477985
v -0.01377557 -0.0055 0.02436502
v -0.01493301 -0.0055 0.02379423
v -0.01600606 -0.0055 0.02307725
v -0.01697633 -0.0055 0.02222634
v -0.01782724 -0.0055 0.02125606
v -0.01854423 -0.0055 0.02018301
v -0.01911502 -0.0055 0.01902556
v -0.01952985 -0.0055 0.01780352
v -0.01978162 -0.0055 0.01653778
v -0.01258819 -0.005 0.02490926
v -0.01382683 -0.005 0.0244888
v -0.015 -0.005 0.02391025
v -0.01608761 -0.005 0.02318354
v -0.01707107 -0.005 0.02232107
v -0.01793353 -0.005 0.02133762
v -0.01866026 -0.005 0.02025
v -0.0192388 -0.005 0.01907684
v -0.01965926 -0.005 0.01783819
v -0.01991445 -0.005 0.01655526
v 0.01306323 -0.00786602 0.02475
v 0.01306323 -0.0075 0.02511602
v 0.00865 -0.0075 0.02511602
v 0.01306323 -0.007 0.02525
v 0.00865 -0.007 0.02525
v -0.00865 -0.00770711 0.02495711
v -0.00865 -0.00738268 0.02517388
v -0.00865 -0.007 0.02525
v 0.01892625 -0.007 0.02559494
v 0.01678772 -0.007 0.02538891
v 0.0167977 -0.0075 0.02525531
v 0.0205658 -0.00786602 0.02531042
v 0.01682497 -0.00786602 0.0248903
v 0.02049152 -0.007 0.02580488
v 0.02051143 -0.0075 0.02567239
v 0.03635352 -0.001 0.028
v 0.03243983 -0.001 0.0278466
v 0.0304905 -0.001 0.02765506
v 0.02855016 -0.001 0.02738732
v 0.02470838 -0.001 0.026625
v 0.04010179 -0.003 0.01542315
v 0.04 -0.003 0.014
v 0.04010179 -0.003 0.01257685
v 0.04017027 -0.003 0.01216251
v 0.04067528 -0.003 0.01038758
v 0.04090368 -0.003 0.00984585
v 0.04149783 -0.003 0.00873568
v 0.04244251 -0.003 0.00745139
v 0.04260992 -0.003 0.00726304
v 0.04397366 -0.003 0.00601983
v 0.04459359 -0.003 0.00558747
v 0.04554262 -0.003 0.00504837
v 0.04726337 -0.003 0.00438174
v 0.04017027 -0.003 0.01583749
v 0.04067528 -0.003 0.01761242
v 0.04090368 -0.003 0.01815415
v 0.04397366 -0.003 0.02198017
v 0.04459359 -0.003 0.02241254
v 0.04149783 -0.003 0.01926432
v 0.04244251 -0.003 0.02054861
v 0.04260992 -0.003 0.02073696
v 0.04554262 -0.003 0.02295163
v 0.04726337 -0.003 0.02361826
v 0.04907732 -0.003 0.02395734
v 0.05 -0.003 0.024
v 0.05092268 -0.003 0.02395734
v 0.05273663 -0.003 0.02361826
v 0.05445739 -0.003 0.02295163
v 0.05540641 -0.003 0.02241254
v 0.05602635 -0.003 0.02198017
v 0.05739009 -0.003 0.02073696
v 0.0575575 -0.003 0.02054861
v 0.05850217 -0.003 0.01926432
v 0.05909633 -0.003 0.01815415
v 0.05932473 -0.003 0.01761242
v 0.05982973 -0.003 0.01583749
v 0.05989822 -0.003 0.01542315
v 0.06 -0.003 0.014
v 0.05989822 -0.003 0.01257685
v 0.05982973 -0.003 0.01216251
v 0.05932473 -0.003 0.01038758
v 0.05909633 -0.003 0.00984585
v 0.05850217 -0.003 0.00873568
v 0.0575575 -0.003 0.00745139
v 0.05739009 -0.003 0.00726304
v 0.05602635 -0.003 0.00601983
v 0.05540641 -0.003 0.00558747
v 0.05445739 -0.003 0.00504837
v 0.05273663 -0.003 0.00438174
v 0.04907732 -0.003 0.00404266
v 0.05 -0.003 0.004
v 0.05092268 -0.003 0.00404266
v 0.05 -0.0005 0.00013397
v 0.05167137 -0.0005 0.00023507
v 0.05 -0.00013397 0.0005
v 0.05162724 -0.00013397 0.00059843
v 0.05 -0 0.001
v 0.05156698 -0 0.00109478
v 0.05311111 -0 0.00137776
v 0.05323077 -0.00013397 0.00089229
v 0.05460986 -0 0.00184479
v 0.05478717 -0.00013397 0.00137728
v 0.0560414 -0 0.00248907
v 0.05627377 -0.00013397 0.00204634
v 0.05738484 -0 0.00330121
v 0.05766888 -0.00013397 0.00288972
v 0.0586206 -0 0.00426936
v 0.05895216 -0.00013397 0.00389511
v 0.05973064 -0 0.00537941
v 0.0601049 -0.00013397 0.00504784
v 0.06069879 -0 0.00661516
v 0.06111028 -0.00013397 0.00633113
v 0.06151093 -0 0.0079586
v 0.06195366 -0.00013397 0.00772624
v 0.06215521 -0 0.00939014
v 0.06262272 -0.00013397 0.00921283
v 0.06262224 -0 0.0108889
v 0.06310772 -0.00013397 0.01076924
v 0.06290522 -0 0.01243302
v 0.06340158 -0.00013397 0.01237275
v 0.063 -0 0.014
v 0.06350001 -0.00013397 0.014
v 0.06290522 -0 0.01556698
v 0.06340158 -0.00013397 0.01562725
v 0.06262224 -0 0.0171111
v 0.06310772 -0.00013397 0.01723076
v 0.06215521 -0 0.01860986
v 0.06262272 -0.00013397 0.01878717
v 0.06151093 -0 0.0200414
v 0.06195366 -0.00013397 0.02027377
v 0.06069879 -0 0.02138484
v 0.06111028 -0.00013397 0.02166887
v 0.05973064 -0 0.0226206
v 0.0601049 -0.00013397 0.02295216
v 0.0586206 -0 0.02373064
v 0.05895216 -0.00013397 0.0241049
v 0.05738484 -0 0.02469879
v 0.05766888 -0.00013397 0.02511028
v 0.0560414 -0 0.02551093
v 0.05627377 -0.00013397 0.02595366
v 0.05460986 -0 0.02615521
v 0.05478717 -0.00013397 0.02662272
v 0.05311111 -0 0.02662225
v 0.05323077 -0.00013397 0.02710772
v 0.05156698 -0 0.02690522
v 0.05162724 -0.00013397 0.02740157
v 0.05 -0 0.027
v 0.05 -0.00013397 0.0275
v 0.05331836 -0.0005 0.0005369
v 0.05491696 -0.0005 0.00103504
v 0.05644387 -0.0005 0.00172224
v 0.0578768 -0.0005 0.00258849
v 0.05919488 -0.0005 0.00362113
v 0.06037887 -0.0005 0.00480512
v 0.06141152 -0.0005 0.0061232
v 0.06227776 -0.0005 0.00755614
v 0.06296497 -0.0005 0.00908304
v 0.06346311 -0.0005 0.01068164
v 0.06376494 -0.0005 0.01232864
v 0.06386603 -0.0005 0.014
v 0.06376494 -0.0005 0.01567136
v 0.06346311 -0.0005 0.01731836
v 0.06296497 -0.0005 0.01891696
v 0.06227776 -0.0005 0.02044387
v 0.06141152 -0.0005 0.0218768
v 0.06037887 -0.0005 0.02319488
v 0.05919488 -0.0005 0.02437887
v 0.0578768 -0.0005 0.02541151
v 0.05644387 -0.0005 0.02627776
v 0.05491696 -0.0005 0.02696496
v 0.05331836 -0.0005 0.02746311
v 0.05167137 -0.0005 0.02776493
v 0.05 -0.0005 0.02786602
v 0.03635352 -0.001 0
v 0.02470838 -0.001 0.001375
v 0.0275843 -0.001 0.000775
v 0.0304905 -0.001 0.00034494
v 0.03341694 -0.001 8.631E-05
v 0.01306323 -0.001 0.00275
v 0.01599981 -0.001 0.00266369
v 0.01892625 -0.001 0.00240506
v 0.02183245 -0.001 0.001975
v -0.01 -0.001 0.00275
v -0.0035 -0.01 0.00275
v 0.00865 -0.0135 0.00275
v 0.0035 -0.0135 0.00275
v 0.0035 -0.01 0.00275
v -0.02 -0.001 0.01275
v -0.01991445 -0.001 0.01144474
v -0.01965926 -0.001 0.01016181
v -0.0192388 -0.001 0.00892317
v -0.01866026 -0.001 0.00775
v -0.01793353 -0.001 0.00666239
v -0.01707107 -0.001 0.00567893
v -0.01608761 -0.001 0.00481647
v -0.015 -0.001 0.00408975
v -0.01382683 -0.001 0.0035112
v -0.01258819 -0.001 0.00309074
v -0.01130526 -0.001 0.00283555
v -0.02 -0.001 0.01525
v -0.01 -0.001 0.02525
v -0.01130526 -0.001 0.02516445
v -0.01258819 -0.001 0.02490926
v -0.01382683 -0.001 0.0244888
v -0.015 -0.001 0.02391025
v -0.01608761 -0.001 0.02318354
v -0.01707107 -0.001 0.02232107
v -0.01793353 -0.001 0.02133762
v -0.01866026 -0.001 0.02025
v -0.0192388 -0.001 0.01907684
v -0.01965926 -0.001 0.01783819
v -0.01991445 -0.001 0.01655526
v 0.01306323 -0.001 0.02525
v 0.0035 -0.01 0.02525
v 0.0035 -0.0135 0.02525
v 0.00865 -0.0135 0.02525
v -0.0035 -0.01 0.02525
v 0.01697692 -0.001 0.0254034
v 0.01892625 -0.001 0.02559494
v 0.02086659 -0.001 0.02586268
v -0.006 0 0.0112
v -0.006 -0.007 0.0112
v -0.0066 0 0.01103923
v -0.0066 -0.007 0.01103923
v -0.00703923 0 0.0106
v -0.00703923 -0.007 0.0106
v -0.0072 0 0.01
v -0.0072 -0.007 0.01
v -0.00703923 0 0.0094
v -0.00703923 -0.007 0.0094
v -0.0066 0 0.00896077
v -0.0066 -0.007 0.00896077
v -0.006 0 0.0088
v -0.006 -0.007 0.0088
v -0.0054 0 0.00896077
v -0.0054 -0.007 0.00896077
v -0.00496077 0 0.0094
v -0.00496077 -0.007 0.0094
v -0.0048 0 0.01
v -0.0048 -0.007 0.01
v -0.00496077 0 0.0106
v -0.00496077 -0.007 0.0106
v -0.0054 0 0.01103923
v -0.0054 -0.007 0.01103923
v 0.006 0 0.0192
v 0.006 -0.007 0.0192
v 0.0054 0 0.01903923
v 0.0054 -0.007 0.01903923
v 0.00496077 0 0.0186
v 0.00496077 -0.007 0.0186
v 0.0048 0 0.018
v 0.0048 -0.007 0.018
v 0.00496077 0 0.0174
v 0.00496077 -0.007 0.0174
v 0.0054 0 0.01696077
v 0.0054 -0.007 0.01696077
v 0.006 0 0.0168
v 0.006 -0.007 0.0168
v 0.0066 -0 0.01696077
v 0.0066 -0.007 0.01696077
v 0.00703923 -0 0.0174
v 0.00703923 -0.007 0.0174
v 0.0072 -0 0.018
v 0.0072 -0.007 0.018
v 0.00703923 -0 0.0186
v 0.00703923 -0.007 0.0186
v 0.0066 0 0.01903923
v 0.0066 -0.007 0.01903923
v 0.006 -0 0.0112
v 0.006 -0.007 0.0112
v 0.0054 -0 0.01103923
v 0.0054 -0.007 0.01103923
v 0.00496077 -0 0.0106
v 0.00496077 -0.007 0.0106
v 0.0048 -0 0.01
v 0.0048 -0.007 0.01
v 0.00496077 -0 0.0094
v 0.00496077 -0.007 0.0094
v 0.0054 -0 0.00896077
v 0.0054 -0.007 0.00896077
v 0.006 -0 0.0088
v 0.006 -0.007 0.0088
v 0.0066 -0 0.00896077
v 0.0066 -0.007 0.00896077
v 0.00703923 -0 0.0094
v 0.00703923 -0.007 0.0094
v 0.0072 -0 0.01
v 0.0072 -0.007 0.01
v 0.00703923 -0 0.0106
v 0.00703923 -0.007 0.0106
v 0.0066 -0 0.01103923
v 0.0066 -0.007 0.01103923
v -0.006 0 0.0192
v -0.006 -0.007 0.0192
v -0.0066 0 0.01903923
v -0.0066 -0.007 0.01903923
v -0.00703923 0 0.0186
v -0.00703923 -0.007 0.0186
v -0.0072 0 0.018
v -0.0072 -0.007 0.018
v -0.00703923 0 0.0174
v -0.00703923 -0.007 0.0174
v -0.0066 0 0.01696077
v -0.0066 -0.007 0.01696077
v -0.006 0 0.0168
v -0.006 -0.007 0.0168
v -0.0054 0 0.01696077
v -0.0054 -0.007 0.01696077
v -0.00496077 0 0.0174
v -0.00496077 -0.007 0.0174
v -0.0048 0 0.018
v -0.0048 -0.007 0.018
v -0.00496077 0 0.0186
v -0.00496077 -0.007 0.0186
v -0.0054 0 0.01903923
v -0.0054 -0.007 0.01903923
v 0.03244579 -0.00061732 0.02777071
v 0.0286465 -7.612E-05 0.02677757
v 0.02870623 -0 0.02639958
v 0.02494128 -0 0.0256525
v 0.03635352 -0 0.027
v 0.03251811 -0 0.02684966
v 0.03635352 -7.612E-05 0.02738268
v 0.03248815 -7.612E-05 0.02723118
v 0.03635352 -0.00013397 0.0275
v 0.03246276 -0.00029289 0.0275546
v 0.02485215 -7.612E-05 0.02602466
v 0.02482482 -0.00013397 0.02613875
v 0.02859587 -0.00029289 0.02709802
v 0.03635352 -0.0005 0.02786602
v 0.03635352 -0.00029289 0.02770711
v 0.03635352 -0.00061732 0.02792388
v 0.02856204 -0.00061732 0.02731214
v 0.02477659 -0.00029289 0.02634016
v 0.02473958 -0.0005 0.02649471
v 0.0247261 -0.00061732 0.02655097
v 0.06290522 -0 0.01243302
v 0.06262224 -0 0.0108889
v 0.06186739 -0.00014683 0.0117816
v 0.06151093 -0 0.0079586
v 0.06069879 -0 0.00661516
v 0.06026463 -0.00014683 0.00764441
v 0.0586206 -0 0.00426936
v 0.05738484 -0 0.00330121
v 0.05727558 -0.00014683 0.00436558
v 0.05471277 -0.00123664 0.00453548
v 0.05452283 -0.00207295 0.00491693
v 0.05611483 -0.00207295 0.00590265
v 0.04722319 -0.00207295 0.02375948
v 0.05452283 -0.00207295 0.02308307
v 0.0574986 -0.00207295 0.02083588
v 0.05862701 -0.00207295 0.01934162
v 0.06014683 -0.00207295 0.014
v 0.05862701 -0.00207295 0.00865838
v 0.05093624 -0.00207295 0.00389645
v 0.0425014 -0.00207295 0.00716412
v 0.041373 -0.00207295 0.00865838
v 0.04053837 -0.00207295 0.01033454
v 0.04002594 -0.00207295 0.01213553
v 0.04388517 -0.00207295 0.00590265
v 0.04547717 -0.00207295 0.00491693
v 0.05946164 -0.00207295 0.01033454
v 0.05997407 -0.00207295 0.01213553
v 0.05997407 -0.00207295 0.01586447
v 0.05946164 -0.00207295 0.01766546
v 0.05277682 -0.00207295 0.02375948
v 0.05093624 -0.00207295 0.02410355
v 0.05289343 -0.00123664 0.02416933
v 0.04906377 -0.00207295 0.02410355
v 0.04388517 -0.00207295 0.02209735
v 0.04547717 -0.00207295 0.02308307
v 0.0425014 -0.00207295 0.02083588
v 0.041373 -0.00207295 0.01934162
v 0.04053837 -0.00207295 0.01766546
v 0.04002594 -0.00207295 0.01586447
v 0.03985317 -0.00207295 0.014
v 0.05500861 -0.00057295 0.00394137
v 0.05637163 -0.00123664 0.0055626
v 0.0574986 -0.00207295 0.00716412
v 0.05471277 -0.00123664 0.02346452
v 0.05500861 -0.00057295 0.02405863
v 0.04902446 -0.00123664 0.02452785
v 0.04710658 -0.00123664 0.02416933
v 0.04528723 -0.00123664 0.02346452
v 0.04362838 -0.00123664 0.0224374
v 0.0421865 -0.00123664 0.02112295
v 0.0410107 -0.00123664 0.01956594
v 0.04014102 -0.00123664 0.01781939
v 0.03960708 -0.00123664 0.01594277
v 0.03942705 -0.00123664 0.014
v 0.03960708 -0.00123664 0.01205723
v 0.04014102 -0.00123664 0.01018061
v 0.0410107 -0.00123664 0.00843406
v 0.0421865 -0.00123664 0.00687705
v 0.04362838 -0.00123664 0.0055626
v 0.04528723 -0.00123664 0.00453548
v 0.04722319 -0.00207295 0.00424052
v 0.04710658 -0.00123664 0.00383067
v 0.04906377 -0.00207295 0.00389645
v 0.04902446 -0.00123664 0.00347215
v 0.05277682 -0.00207295 0.00424052
v 0.05289343 -0.00123664 0.00383067
v 0.05307506 -0.00057295 0.00319231
v 0.05330392 -0.00014683 0.00238793
v 0.05611483 -0.00207295 0.02209735
v 0.05637163 -0.00123664 0.0224374
v 0.0567716 -0.00057295 0.02296704
v 0.05727558 -0.00014683 0.02363442
v 0.05103679 -0.00057295 0.02518871
v 0.04896322 -0.00057295 0.02518871
v 0.04692495 -0.00057295 0.0248077
v 0.0449914 -0.00057295 0.02405863
v 0.04322841 -0.00057295 0.02296704
v 0.04169602 -0.00057295 0.02157008
v 0.04044641 -0.00057295 0.01991533
v 0.03952214 -0.00057295 0.01805914
v 0.03895468 -0.00057295 0.01606473
v 0.03876336 -0.00057295 0.014
v 0.03895468 -0.00057295 0.01193527
v 0.03952214 -0.00057295 0.00994086
v 0.04044641 -0.00057295 0.00808467
v 0.04169602 -0.00057295 0.00642992
v 0.04322841 -0.00057295 0.00503296
v 0.0449914 -0.00057295 0.00394137
v 0.04692495 -0.00057295 0.00319231
v 0.04896322 -0.00057295 0.00281129
v 0.05097555 -0.00123664 0.00347215
v 0.05103679 -0.00057295 0.00281129
v 0.05111396 -0.00014683 0.00197855
v 0.05311111 -0 0.00137776
v 0.05460986 -0 0.00184479
v 0.06047786 -0.00057295 0.01805914
v 0.06125769 -0.00014683 0.01836125
v 0.06186739 -0.00014683 0.0162184
v 0.06026463 -0.00014683 0.02035559
v 0.05955359 -0.00057295 0.01991533
v 0.0589893 -0.00123664 0.01956594
v 0.0586206 -0 0.02373064
v 0.05973064 -0 0.0226206
v 0.05892202 -0.00014683 0.02213349
v 0.05830399 -0.00057295 0.02157008
v 0.05781351 -0.00123664 0.02112295
v 0.05330392 -0.00014683 0.02561207
v 0.05111396 -0.00014683 0.02602145
v 0.04888605 -0.00014683 0.02602145
v 0.04669609 -0.00014683 0.02561207
v 0.04461863 -0.00014683 0.02480726
v 0.04272442 -0.00014683 0.02363442
v 0.04107799 -0.00014683 0.02213349
v 0.03973538 -0.00014683 0.02035559
v 0.03874231 -0.00014683 0.01836125
v 0.03813262 -0.00014683 0.0162184
v 0.03792705 -0.00014683 0.014
v 0.03813262 -0.00014683 0.0117816
v 0.03874231 -0.00014683 0.00963875
v 0.03973538 -0.00014683 0.00764441
v 0.04107799 -0.00014683 0.00586651
v 0.04272442 -0.00014683 0.00436558
v 0.04461863 -0.00014683 0.00319274
v 0.04669609 -0.00014683 0.00238793
v 0.04888605 -0.00014683 0.00197855
v 0.05156698 -0 0.00109478
v 0.05781351 -0.00123664 0.00687705
v 0.0567716 -0.00057295 0.00503296
v 0.05538138 -0.00014683 0.00319274
v 0.0560414 -0 0.00248907
v 0.0589893 -0.00123664 0.00843406
v 0.05830399 -0.00057295 0.00642992
v 0.05985899 -0.00123664 0.01018061
v 0.05955359 -0.00057295 0.00808467
v 0.05892202 -0.00014683 0.00586651
v 0.05973064 -0 0.00537941
v 0.06039293 -0.00123664 0.01205723
v 0.06047786 -0.00057295 0.00994086
v 0.06057295 -0.00123664 0.014
v 0.06104532 -0.00057295 0.01193527
v 0.06125769 -0.00014683 0.00963875
v 0.06215521 -0 0.00939014
v 0.06039293 -0.00123664 0.01594277
v 0.06123665 -0.00057295 0.014
v 0.05985899 -0.00123664 0.01781939
v 0.06104532 -0.00057295 0.01606473
v 0.06207295 -0.00014683 0.014
v 0.063 -0 0.014
v 0.06290522 -0 0.01556698
v 0.06069879 -0 0.02138484
v 0.06151093 -0 0.0200414
v 0.06215521 -0 0.01860986
v 0.06262224 -0 0.0171111
v 0.05738484 -0 0.02469879
v 0.05097555 -0.00123664 0.02452785
v 0.05307506 -0.00057295 0.0248077
v 0.05538138 -0.00014683 0.02480726
v 0.0560414 -0 0.02551093
v 0.05460986 -0 0.02615521
v 0.04880052 -0 0.00105546
v 0.04644239 -0 0.00149627
v 0.0442054 -0 0.00236288
v 0.04216575 -0 0.00362578
v 0.04039289 -0 0.00524196
v 0.03894718 -0 0.00715638
v 0.03787786 -0 0.00930386
v 0.03722135 -0 0.01161126
v 0.037 -0 0.014
v 0.03722135 -0 0.01638875
v 0.03787786 -0 0.01869614
v 0.03894718 -0 0.02084362
v 0.04039289 -0 0.02275804
v 0.04216575 -0 0.02437422
v 0.0442054 -0 0.02563712
v 0.04644239 -0 0.02650374
v 0.04880052 -0 0.02694455
v 0.05156698 -0 0.02690522
v 0.05311111 -0 0.02662225
v 0.03635352 -0.0005 0.00013397
v 0.03635352 -0.00013397 0.0005
v 0.03635352 -0 0.001
v 0.02473958 -0.0005 0.00150529
v 0.0276078 -0.0005 0.0009069
v 0.02482482 -0.00013397 0.00186125
v 0.02767199 -0.00013397 0.00126725
v 0.02494128 -0 0.0023475
v 0.02775968 -0 0.0017595
v 0.03060776 -0 0.00133804
v 0.03054913 -0.00013397 0.00084149
v 0.03347567 -0 0.00108458
v 0.0334463 -0.00013397 0.00058545
v 0.03050621 -0.0005 0.00047799
v 0.03342481 -0.0005 0.00022005
v 0.02192014 -0.00013397 0.00246725
v 0.02185595 -0.0005 0.0021069
v 0.01894196 -0.0005 0.00253811
v 0.01600768 -0.0005 0.00279743
v 0.01306323 -0.0005 0.00288397
v 0.01898488 -0.00013397 0.00290161
v 0.01602917 -0.00013397 0.00316283
v 0.01306323 -0.00013397 0.00325
v 0.02200783 -0 0.0029595
v 0.01904351 -0 0.00339816
v 0.01605854 -0 0.00366196
v 0.01306323 -0 0.00375
v -0.01 0 0.00375
v -0.01 -0.00013397 0.00325
v -0.01 -0.0005 0.00288397
v -0.01986603 -0.0005 0.01275
v -0.01978162 -0.0005 0.01146223
v -0.0195 -0.00013397 0.01275
v -0.01941873 -0.00013397 0.01151
v -0.019 0 0.01275
v -0.01892301 0 0.01157526
v -0.01869333 0 0.01042063
v -0.0191763 -0.00013397 0.01029122
v -0.01831492 0 0.00930585
v -0.01877686 -0.00013397 0.00911451
v -0.01779423 0 0.00825
v -0.01822724 -0.00013397 0.008
v -0.01714018 0 0.00727115
v -0.01753686 -0.00013397 0.00696677
v -0.01636396 0 0.00638604
v -0.01671751 -0.00013397 0.00603249
v -0.01547885 0 0.00560982
v -0.01578323 -0.00013397 0.00521314
v -0.0145 0 0.00495577
v -0.01475 -0.00013397 0.00452276
v -0.01344415 0 0.00443508
v -0.01363549 -0.00013397 0.00397314
v -0.01232937 0 0.00405667
v -0.01245878 -0.00013397 0.0035737
v -0.01117474 0 0.003827
v -0.01124 -0.00013397 0.00333127
v -0.01952985 -0.0005 0.01019648
v -0.01911502 -0.0005 0.00897444
v -0.01854423 -0.0005 0.00781699
v -0.01782724 -0.0005 0.00674394
v -0.01697633 -0.0005 0.00577367
v -0.01600606 -0.0005 0.00492276
v -0.01493301 -0.0005 0.00420577
v -0.01377557 -0.0005 0.00363498
v -0.01255351 -0.0005 0.00322015
v -0.01128778 -0.0005 0.00296838
v -0.01986603 -0.0005 0.01525
v -0.0195 -0.00013397 0.01525
v -0.019 0 0.01525
v -0.01 -0.0005 0.02511602
v -0.01128778 -0.0005 0.02503162
v -0.01 -0.00013397 0.02475
v -0.01124 -0.00013397 0.02466873
v -0.01 0 0.02425
v -0.01117474 0 0.024173
v -0.01232937 0 0.02394333
v -0.01245878 -0.00013397 0.0244263
v -0.01344415 0 0.02356492
v -0.01363549 -0.00013397 0.02402686
v -0.0145 0 0.02304423
v -0.01475 -0.00013397 0.02347724
v -0.01547885 0 0.02239018
v -0.01578323 -0.00013397 0.02278686
v -0.01636396 0 0.02161396
v -0.01671751 -0.00013397 0.02196752
v -0.01714018 0 0.02072885
v -0.01753686 -0.00013397 0.02103323
v -0.01779423 0 0.01975
v -0.01822724 -0.00013397 0.02
v -0.01831492 0 0.01869415
v -0.01877686 -0.00013397 0.0188855
v -0.01869333 0 0.01757937
v -0.0191763 -0.00013397 0.01770878
v -0.01892301 0 0.01642474
v -0.01941873 -0.00013397 0.01649
v -0.01255351 -0.0005 0.02477985
v -0.01377557 -0.0005 0.02436502
v -0.01493301 -0.0005 0.02379423
v -0.01600606 -0.0005 0.02307725
v -0.01697633 -0.0005 0.02222634
v -0.01782724 -0.0005 0.02125606
v -0.01854423 -0.0005 0.02018301
v -0.01911502 -0.0005 0.01902556
v -0.01952985 -0.0005 0.01780352
v -0.01978162 -0.0005 0.01653778
v 0.01306323 -0 0.02425
v 0.01306323 -0.00013397 0.02475
v 0.01306323 -0.0005 0.02511602
v 0.02102265 -0 0.02487493
v 0.01701605 -0.00013397 0.02490494
v 0.02094462 -0.00013397 0.02536881
v 0.0169874 -0.0005 0.02526984
v 0.02088749 -0.0005 0.02573035
v 0.01705519 -0 0.02440647
v -0.01892301 0 0.01642474
v -0.01869333 0 0.01757937
v -0.01892301 0 0.01157526
v -0.01869333 0 0.01042063
v -0.01636396 0 0.00638604
v -0.01714018 0 0.00727115
v -0.01232937 0 0.00405667
v -0.01117474 0 0.003827
v 0.02200783 -0 0.0029595
v 0.03787786 -0 0.00930386
v 0.01904351 -0 0.00339816
v 0.0442054 -0 0.02563712
v 0.04216575 -0 0.02437422
v 0.01705519 -0 0.02440647
v -0.01344415 0 0.00443508
v -0.0145 0 0.00495577
v -0.01547885 0 0.00560982
v -0.01779423 0 0.00825
v -0.01831492 0 0.00930585
v 0.03894718 -0 0.00715638
v 0.04039289 -0 0.00524196
v 0.04216575 -0 0.00362578
v 0.0442054 -0 0.00236288
v 0.04644239 -0 0.00149627
v 0.04880052 -0 0.00105546
v 0.04880052 -0 0.02694455
v 0.04644239 -0 0.02650374
v 0.03722135 -0 0.01161126
v 0.037 -0 0.014
v 0.03722135 -0 0.01638875
v -0.01831492 0 0.01869415
v -0.01779423 0 0.01975
v -0.01714018 0 0.02072885
v -0.01636396 0 0.02161396
v -0.01547885 0 0.02239018
v -0.0145 0 0.02304423
v -0.01344415 0 0.02356492
v 0.01605854 -0 0.00366196
v 0.03347567 -0 0.00108458
v 0.03060776 -0 0.00133804
v 0.02775968 -0 0.0017595
v 0.02102265 -0 0.02487493
v 0.02870623 -0 0.02639958
v -0.01117474 0 0.024173
v -0.01232937 0 0.02394333
v 0.04039289 -0 0.02275804
v 0.03894718 -0 0.02084362
v 0.03787786 -0 0.01869614
v 0.03251811 -0 0.02684966
v -0.006 -0.007 0.018
v 0.006 -0.007 0.01
v 0.006 -0.007 0.018
v -0.006 -0.007 0.01
v 0.01465 -0.012 0.0185
v 0.0137144 -0.012 0.01840166
v 0.01465 -0.012 0.014
v 0.01854711 -0.012 0.01625
v 0.01729503 -0.012 0.01764058
v 0.0155856 -0.012 0.01840166
v 0.01799415 -0.012 0.01098891
v 0.01892976 -0.012 0.01260942
v 0.01912535 -0.012 0.01447038
v 0.01281969 -0.012 0.00988905
v 0.01465 -0.012 0.0095
v 0.01648032 -0.012 0.00988905
v 0.01017465 -0.012 0.01447038
v 0.01037025 -0.012 0.01260942
v 0.01130585 -0.012 0.01098891
v 0.01200497 -0.012 0.01764058
v 0.01075289 -0.012 0.01625
v 0.01573253 -0.002 0.014625
v 0.015275 -0.002 0.01508253
v 0.01465 -0.002 0.014
v 0.01465 -0.002 0.01525
v 0.014025 -0.002 0.01508253
v 0.015275 -0.002 0.01291747
v 0.01573253 -0.002 0.013375
v 0.0159 -0.002 0.014
v 0.01356747 -0.002 0.013375
v 0.014025 -0.002 0.01291747
v 0.01465 -0.002 0.01275
v 0.01356747 -0.002 0.014625
v 0.0134 -0.002 0.014
v 0.01465 -0.008 0.01525
v 0.014025 -0.008 0.01508253
v 0.01356747 -0.008 0.014625
v 0.0134 -0.008 0.014
v 0.01356747 -0.008 0.013375
v 0.014025 -0.008 0.01291747
v 0.01465 -0.008 0.01275
v 0.015275 -0.008 0.01291747
v 0.01573253 -0.008 0.013375
v 0.0159 -0.008 0.014
v 0.01573253 -0.008 0.014625
v 0.015275 -0.008 0.01508253
v 0.01465 -0.008 0.014
vn 0 -1 0
vn -0.00909 -0.92681 0.37543
vn 0.00224 -0.98231 0.18725
vn -0.00488 -0.98077 0.19509
vn -0.01315 -0.83144 0.55547
vn -0.0131 -0.8314 0.55552
vn -0.01954 -0.55586 0.83104
vn -0.01913 -0.55546 0.83132
vn -0.02142 -0.37568 0.9265
vn -0.01623 -0.19507 0.98066
vn -0.02256 -0.18747 0.98201
vn -0.02218 -0.25876 -0.96569
vn 0.05047 -0.19542 -0.97942
vn -0.07318 -0.60713 -0.79123
vn -0.01983 -0.55653 -0.83059
vn -0.01414 -0.79328 -0.6087
vn -0.05075 -0.83104 -0.55389
vn 0.04999 -0.96472 -0.2585
vn -0.00487 -0.98083 -0.19479
vn -0.71684 -0.13184 0.68465
vn -0.72063 -0.13547 0.67995
vn -0.72203 -0.26208 0.6403
vn -0.71496 -0.39152 0.57926
vn -0.712 -0.39045 0.58361
vn -0.71149 -0.58723 0.38593
vn -0.70683 -0.58823 0.3929
vn -0.71358 -0.65162 0.25729
vn -0.71202 -0.68866 0.13705
vn -0.70139 -0.70139 0.1269
vn -0.70711 -0.70711 0
vn -0.71638 -0.13663 -0.6842
vn -0.71535 -0.13795 -0.68501
vn -0.7153 -0.38905 -0.58051
vn -0.71233 -0.39348 -0.58118
vn -0.71201 -0.58421 -0.38954
vn -0.70732 -0.59102 -0.38781
vn -0.70681 -0.69386 -0.13777
vn -0.70088 -0.70088 -0.13245
vn -0.49319 -0.86992 -0
vn -0.17107 -0.98526 -0
vn -0.49319 -0.86992 -0
vn -0.17107 -0.98526 -0
vn -1 0 -0
vn -0.59866 -0.80101 0
vn -0.59882 -0.80088 0.00015
vn -0.53463 -0.84435 -0.03524
vn -0.59866 -0.80101 0
vn -0.04583 -0.99895 -0
vn -0.1229 -0.99242 -0
vn -0.18517 -0.98271 -0
vn -0.27712 -0.96083 -0
vn -0.39574 -0.91836 -0
vn -0.48068 -0.8769 -0
vn -0.53496 -0.84488 -0
vn -0.58256 -0.81274 0.00904
vn -0.59882 -0.80088 -0.00015
vn 0.70712 -0.7071 -1E-05
vn 0.70711 -0.7071 -0
vn 0.70711 -0.7071 0
vn 0.70711 -0.7071 0
vn 0.70711 -0.7071 0
vn 0.70712 -0.70709 1E-05
vn -0.70712 -0.70709 1E-05
vn -0.70712 -0.70709 -1E-05
vn -0.70711 -0.7071 -0
vn -0.70711 -0.7071 -0
vn -0.70711 -0.7071 0
vn -0.70711 -0.7071 0
vn -0.01098 -0.99993 0.00371
vn -0.18516 -0.98269 0.00638
vn -0.53487 -0.84473 0.01843
vn -0.27921 -0.77803 0.56277
vn -0.31246 -0.78089 0.54091
vn -0.32067 -0.79331 0.51753
vn -0.38206 -0.79482 0.47148
vn -0.59853 -0.80083 0.02063
vn -0.59853 -0.80084 0.02063
vn -0.59421 -0.80043 0.07891
vn -0.59421 -0.80043 0.07891
vn -0.57953 -0.80043 0.15313
vn -0.57953 -0.80043 0.15313
vn -0.55563 -0.80043 0.2249
vn -0.55563 -0.80043 0.22491
vn -0.52288 -0.80043 0.2931
vn -0.52288 -0.80043 0.2931
vn -0.4818 -0.80043 0.35663
vn -0.4818 -0.80043 0.35662
vn -0.43304 -0.80043 0.41447
vn -0.43304 -0.80043 0.41447
vn -0.388 -0.80078 0.4563
vn -0.34014 -0.81326 0.47213
vn -0.06944 -0.99759 -0.00033
vn -0.03314 -0.99842 0.04547
vn -0.0444 -0.99895 0.01173
vn -0.0444 -0.99895 0.01173
vn -0.04552 -0.99895 0.00605
vn -0.04552 -0.99895 0.00605
vn -0.04583 -0.99895 0.00158
vn -0.04583 -0.99895 0.00158
vn -0.1229 -0.99241 0.00423
vn -0.15599 -0.98748 -0.02325
vn -0.15307 -0.98801 0.02033
vn -0.15307 -0.98801 0.02033
vn -0.14929 -0.98801 0.03945
vn -0.14929 -0.98801 0.03945
vn -0.13776 -0.9877 0.0739
vn -0.16312 -0.98439 0.06603
vn -0.16696 -0.98573 0.02132
vn -0.27711 -0.96079 0.00955
vn -0.27711 -0.96079 0.00955
vn -0.27522 -0.96069 0.03655
vn -0.27522 -0.96069 0.03655
vn -0.26842 -0.96069 0.07092
vn -0.26842 -0.96069 0.07092
vn -0.25735 -0.96069 0.10417
vn -0.25735 -0.96069 0.10417
vn -0.23212 -0.96005 0.15627
vn -0.25391 -0.9567 0.14233
vn -0.24186 -0.96873 -0.05543
vn -0.3957 -0.91828 0.01363
vn -0.3957 -0.91828 0.01363
vn -0.39295 -0.91808 0.05219
vn -0.39295 -0.91808 0.05219
vn -0.38325 -0.91808 0.10127
vn -0.38325 -0.91808 0.10127
vn -0.36744 -0.91808 0.14873
vn -0.36744 -0.91808 0.14873
vn -0.34578 -0.91808 0.19383
vn -0.34578 -0.91808 0.19383
vn -0.3019 -0.91697 0.26081
vn -0.32486 -0.91468 0.24046
vn -0.32616 -0.91846 0.22371
vn -0.48061 -0.87678 0.01656
vn -0.51014 -0.85968 -0.0265
vn -0.50439 -0.86087 0.06699
vn -0.5044 -0.86087 0.06699
vn -0.49194 -0.86087 0.12998
vn -0.49194 -0.86087 0.12999
vn -0.47165 -0.86087 0.19091
vn -0.47165 -0.86087 0.19091
vn -0.44385 -0.86087 0.2488
vn -0.44385 -0.86087 0.2488
vn -0.40897 -0.86087 0.30272
vn -0.40897 -0.86087 0.30272
vn -0.36008 -0.8605 0.36039
vn -0.36901 -0.8597 0.35319
vn -0.34824 -0.84324 0.40948
vn -0.35048 -0.84105 0.41207
vn -0.44705 -0.87505 0.18554
vn -0.01714 -0.99825 0.05659
vn -0.08094 -0.98882 0.12522
vn -0.15441 -0.9816 0.11231
vn -0.07116 -0.98599 0.15083
vn -0.17106 -0.98521 0.01003
vn -0.4822 -0.87561 0.02829
vn -0.49312 -0.8698 0.01699
vn -0.49764 -0.86092 0.10568
vn -0.43333 -0.89393 0.1145
vn -0.50153 -0.86257 0.0666
vn -0.35379 -0.89792 0.26187
vn -0.44012 -0.86338 0.24671
vn -0.44053 -0.87985 0.17832
vn -0.43355 -0.8557 0.28253
vn -0.34703 -0.87752 0.33096
vn -0.34765 -0.8766 0.33274
vn -0.17106 -0.98521 0.01003
vn -0.16803 -0.98514 0.03569
vn -0.16803 -0.98514 0.03568
vn -0.15866 -0.98514 0.06585
vn -0.15866 -0.98514 0.06585
vn -0.14392 -0.98514 0.09379
vn -0.14392 -0.98514 0.09379
vn -0.12431 -0.98514 0.11855
vn -0.12431 -0.98514 0.11855
vn -0.1005 -0.98514 0.13931
vn -0.1005 -0.98514 0.13931
vn -0.07495 -0.98516 0.15438
vn -0.15388 -0.93328 0.3245
vn -0.31634 -0.8646 0.39037
vn -0.27386 -0.88368 0.37962
vn -0.26604 -0.86306 0.42936
vn -0.23116 -0.87267 0.43014
vn -0.23113 -0.85414 0.46586
vn -0.10807 -0.99397 -0.01878
vn -0.17107 -0.98524 0.00656
vn -0.47446 -0.88022 -0.01028
vn -0.49319 -0.86992 -0.00058
vn -0.17102 -0.98494 0.02555
vn -0.10809 -0.99409 -0.00986
vn -0.49316 -0.86987 0.01138
vn -0.47448 -0.88026 0.00065
vn 0.05833 -0.25838 0.96428
vn 0.04273 -0.70646 0.70646
vn 0.01565 -0.96581 0.25878
vn 0.01565 -0.96581 0.25879
vn 0.04673 -0.96581 0.25501
vn 0.04673 -0.96581 0.25501
vn 0.07713 -0.96581 0.24752
vn 0.07713 -0.96581 0.24752
vn 0.1064 -0.96581 0.23642
vn 0.1064 -0.96581 0.23642
vn 0.13412 -0.96581 0.22187
vn 0.13412 -0.96581 0.22187
vn 0.15989 -0.96581 0.20408
vn 0.15989 -0.96581 0.20408
vn 0.18332 -0.96581 0.18332
vn 0.18332 -0.96581 0.18332
vn 0.20408 -0.96581 0.15989
vn 0.20409 -0.96581 0.15989
vn 0.22187 -0.96581 0.13413
vn 0.22187 -0.96581 0.13413
vn 0.23642 -0.96581 0.1064
vn 0.23642 -0.96581 0.1064
vn 0.24752 -0.96581 0.07713
vn 0.24751 -0.96581 0.07713
vn 0.25501 -0.96581 0.04673
vn 0.25501 -0.96581 0.04673
vn 0.25878 -0.96581 0.01565
vn 0.25878 -0.96581 0.01565
vn 0.25878 -0.96581 -0.01565
vn 0.25878 -0.96581 -0.01565
vn 0.25501 -0.96581 -0.04673
vn 0.25501 -0.96581 -0.04673
vn 0.24752 -0.96581 -0.07713
vn 0.24752 -0.96581 -0.07713
vn 0.23642 -0.96581 -0.1064
vn 0.23642 -0.96581 -0.1064
vn 0.22187 -0.96581 -0.13413
vn 0.22187 -0.96581 -0.13413
vn 0.20409 -0.96581 -0.15989
vn 0.20408 -0.96581 -0.15989
vn 0.18332 -0.96581 -0.18332
vn 0.18332 -0.96581 -0.18332
vn 0.15989 -0.96581 -0.20408
vn 0.15989 -0.96581 -0.20408
vn 0.13412 -0.96581 -0.22187
vn 0.13412 -0.96581 -0.22187
vn 0.1064 -0.96581 -0.23642
vn 0.1064 -0.96581 -0.23642
vn 0.07713 -0.96581 -0.24752
vn 0.07713 -0.96581 -0.24752
vn 0.04673 -0.96581 -0.25501
vn 0.04673 -0.96581 -0.25501
vn 0.01565 -0.96581 -0.25879
vn 0.01565 -0.96581 -0.25879
vn 0.04273 -0.70646 0.70646
vn 0.12758 -0.70646 0.69616
vn 0.12757 -0.70646 0.69616
vn 0.21056 -0.70646 0.67571
vn 0.21056 -0.70646 0.67571
vn 0.29047 -0.70646 0.6454
vn 0.29047 -0.70646 0.6454
vn 0.36615 -0.70646 0.60568
vn 0.36615 -0.70646 0.60568
vn 0.43649 -0.70646 0.55713
vn 0.43648 -0.70646 0.55713
vn 0.50046 -0.70646 0.50046
vn 0.50046 -0.70646 0.50046
vn 0.55713 -0.70646 0.43648
vn 0.55713 -0.70646 0.43648
vn 0.60568 -0.70646 0.36615
vn 0.60568 -0.70646 0.36615
vn 0.6454 -0.70646 0.29047
vn 0.64539 -0.70647 0.29047
vn 0.6757 -0.70647 0.21056
vn 0.6757 -0.70646 0.21056
vn 0.69616 -0.70646 0.12758
vn 0.69616 -0.70646 0.12758
vn 0.70646 -0.70646 0.04273
vn 0.70646 -0.70646 0.04273
vn 0.70646 -0.70646 -0.04273
vn 0.70646 -0.70646 -0.04273
vn 0.69616 -0.70646 -0.12758
vn 0.69616 -0.70646 -0.12758
vn 0.6757 -0.70646 -0.21056
vn 0.6757 -0.70647 -0.21056
vn 0.64539 -0.70647 -0.29047
vn 0.6454 -0.70646 -0.29047
vn 0.60568 -0.70646 -0.36615
vn 0.60568 -0.70646 -0.36615
vn 0.55713 -0.70646 -0.43648
vn 0.55713 -0.70646 -0.43649
vn 0.50046 -0.70646 -0.50046
vn 0.50046 -0.70646 -0.50046
vn 0.43649 -0.70646 -0.55713
vn 0.43649 -0.70646 -0.55713
vn 0.36615 -0.70646 -0.60568
vn 0.36615 -0.70646 -0.60568
vn 0.29047 -0.70646 -0.6454
vn 0.29047 -0.70646 -0.6454
vn 0.21056 -0.70646 -0.67571
vn 0.21056 -0.70646 -0.67571
vn 0.12758 -0.70646 -0.69616
vn 0.12758 -0.70646 -0.69616
vn 0.04273 -0.70646 -0.70646
vn 0.04273 -0.70646 -0.70646
vn 0.05833 -0.25838 0.96428
vn 0.17413 -0.25838 0.95022
vn 0.17414 -0.25837 0.95022
vn 0.2874 -0.25837 0.9223
vn 0.2874 -0.25838 0.9223
vn 0.39648 -0.25838 0.88093
vn 0.39648 -0.25838 0.88094
vn 0.49977 -0.25838 0.82672
vn 0.49977 -0.25838 0.82672
vn 0.59578 -0.25838 0.76045
vn 0.59578 -0.25838 0.76045
vn 0.6831 -0.25838 0.6831
vn 0.6831 -0.25838 0.6831
vn 0.76045 -0.25838 0.59578
vn 0.76046 -0.25837 0.59578
vn 0.82672 -0.25837 0.49977
vn 0.82672 -0.25838 0.49977
vn 0.88093 -0.25838 0.39648
vn 0.88094 -0.25837 0.39648
vn 0.9223 -0.25837 0.2874
vn 0.92231 -0.25836 0.2874
vn 0.95022 -0.25836 0.17414
vn 0.95023 -0.25836 0.17413
vn 0.96429 -0.25836 0.05833
vn 0.96428 -0.25837 0.05833
vn 0.96428 -0.25837 -0.05833
vn 0.96429 -0.25836 -0.05833
vn 0.95023 -0.25836 -0.17414
vn 0.95022 -0.25836 -0.17413
vn 0.92231 -0.25836 -0.2874
vn 0.9223 -0.25838 -0.2874
vn 0.88093 -0.25838 -0.39648
vn 0.88093 -0.25838 -0.39648
vn 0.82672 -0.25838 -0.49977
vn 0.82672 -0.25837 -0.49977
vn 0.76046 -0.25837 -0.59578
vn 0.76046 -0.25838 -0.59578
vn 0.6831 -0.25838 -0.6831
vn 0.6831 -0.25838 -0.68309
vn 0.59578 -0.25838 -0.76045
vn 0.59578 -0.25838 -0.76045
vn 0.49977 -0.25838 -0.82672
vn 0.49977 -0.25838 -0.82672
vn 0.39648 -0.25838 -0.88094
vn 0.39648 -0.25838 -0.88094
vn 0.2874 -0.25838 -0.9223
vn 0.2874 -0.25838 -0.9223
vn 0.17413 -0.25838 -0.95022
vn 0.17413 -0.25838 -0.95022
vn 0.05833 -0.25838 -0.96428
vn 0.05833 -0.25838 -0.96428
vn -0.17106 -0.98521 -0.01003
vn -0.17106 -0.98521 -0.01003
vn -0.16803 -0.98514 -0.03568
vn -0.16803 -0.98514 -0.03568
vn -0.15866 -0.98514 -0.06585
vn -0.15866 -0.98514 -0.06585
vn -0.14392 -0.98514 -0.09379
vn -0.14392 -0.98514 -0.09379
vn -0.12431 -0.98514 -0.11855
vn -0.12431 -0.98514 -0.11855
vn -0.01733 -0.99821 -0.0572
vn -0.08174 -0.9887 -0.12568
vn -0.06105 -0.98971 -0.1294
vn -0.08054 -0.98523 -0.1511
vn -0.14056 -0.94142 -0.30655
vn -0.24196 -0.8627 -0.44408
vn -0.27886 -0.89656 -0.34412
vn -0.26604 -0.86306 -0.42936
vn -0.21349 -0.87707 -0.43031
vn -0.1005 -0.98514 -0.13931
vn -0.1005 -0.98514 -0.13931
vn -0.30095 -0.85755 -0.41717
vn -0.34807 -0.87673 -0.33195
vn -0.34623 -0.87767 -0.33138
vn -0.40449 -0.86414 -0.2994
vn -0.39207 -0.88374 -0.2555
vn -0.44012 -0.86338 -0.24671
vn -0.44057 -0.8789 -0.18286
vn -0.44945 -0.87458 -0.18193
vn -0.48407 -0.86563 -0.12791
vn -0.45832 -0.88344 -0.09733
vn -0.50153 -0.86257 -0.06661
vn -0.4822 -0.87561 -0.02829
vn -0.49312 -0.8698 -0.01699
vn -0.48061 -0.87678 -0.01656
vn -0.16268 -0.98448 -0.06585
vn -0.25339 -0.95688 -0.14204
vn -0.325 -0.91461 -0.24057
vn -0.32627 -0.91833 -0.22411
vn -0.43304 -0.80043 -0.41447
vn -0.43304 -0.80043 -0.41447
vn -0.4818 -0.80043 -0.35663
vn -0.4818 -0.80043 -0.35662
vn -0.52288 -0.80043 -0.2931
vn -0.52288 -0.80043 -0.2931
vn -0.55563 -0.80043 -0.2249
vn -0.55563 -0.80043 -0.22491
vn -0.57953 -0.80043 -0.15313
vn -0.57953 -0.80043 -0.15313
vn -0.59421 -0.80043 -0.07891
vn -0.59421 -0.80043 -0.07891
vn -0.27921 -0.77803 -0.56277
vn -0.3284 -0.78182 -0.53
vn -0.31601 -0.79301 -0.52084
vn -0.33428 -0.79404 -0.5077
vn -0.37372 -0.80476 -0.46119
vn -0.388 -0.80078 -0.4563
vn -0.35048 -0.84105 -0.41207
vn -0.34824 -0.84324 -0.40948
vn -0.04342 -0.99895 -0.01466
vn -0.0245 -0.99811 -0.05632
vn -0.0444 -0.99895 -0.01173
vn -0.0444 -0.99895 -0.01173
vn -0.04552 -0.99895 -0.00605
vn -0.04552 -0.99895 -0.00605
vn -0.04583 -0.99895 -0.00158
vn -0.18496 -0.9816 0.04748
vn -0.1229 -0.99241 -0.00423
vn -0.04583 -0.99895 -0.00158
vn -0.5339 -0.84321 0.06284
vn -0.069 -0.99762 -0.00023
vn -0.13776 -0.9877 -0.07391
vn -0.14929 -0.98801 -0.03945
vn -0.14929 -0.98801 -0.03945
vn -0.15307 -0.98801 -0.02033
vn -0.15307 -0.98801 -0.02033
vn -0.15411 -0.98804 -0.00531
vn -0.1662 -0.98584 -0.02247
vn -0.23222 -0.96006 -0.15608
vn -0.25735 -0.96069 -0.10417
vn -0.25735 -0.96069 -0.10417
vn -0.26842 -0.96069 -0.07092
vn -0.26842 -0.96069 -0.07092
vn -0.27522 -0.96069 -0.03655
vn -0.27522 -0.96069 -0.03655
vn -0.27711 -0.96079 -0.00955
vn -0.27711 -0.96079 -0.00955
vn -0.24157 -0.96909 0.05007
vn -0.3012 -0.91691 -0.26185
vn -0.34578 -0.91808 -0.19383
vn -0.34578 -0.91808 -0.19383
vn -0.36744 -0.91808 -0.14873
vn -0.36744 -0.91808 -0.14873
vn -0.38325 -0.91808 -0.10127
vn -0.38325 -0.91808 -0.10127
vn -0.39295 -0.91808 -0.05219
vn -0.39295 -0.91808 -0.05219
vn -0.3957 -0.91828 -0.01363
vn -0.3957 -0.91828 -0.01363
vn -0.36252 -0.8548 -0.37136
vn -0.36759 -0.86087 -0.35183
vn -0.40897 -0.86087 -0.30272
vn -0.40897 -0.86087 -0.30272
vn -0.44385 -0.86087 -0.2488
vn -0.44385 -0.86087 -0.2488
vn -0.47165 -0.86087 -0.19091
vn -0.47165 -0.86087 -0.19091
vn -0.49194 -0.86087 -0.12998
vn -0.49194 -0.86087 -0.12999
vn -0.5044 -0.86087 -0.06699
vn -0.50439 -0.86087 -0.06699
vn -0.50799 -0.86118 -0.01751
vn -0.59853 -0.80084 -0.02063
vn -0.59853 -0.80083 -0.02063
vn -0.22215 -0.25881 -0.94004
vn -0.29155 -0.1844 -0.93861
vn -0.13335 -0.60818 -0.78252
vn -0.19805 -0.5452 -0.81457
vn -0.14457 -0.79332 -0.59139
vn -0.10242 -0.8312 -0.54646
vn -0.11383 -0.9643 -0.23909
vn -0.05874 -0.98001 -0.19005
vn -0.22522 -0.18609 0.95637
vn -0.26975 -0.25839 0.92761
vn -0.16273 -0.5454 0.82223
vn -0.18761 -0.60871 0.77089
vn -0.13217 -0.83133 0.53983
vn -0.0987 -0.79281 0.60142
vn -0.11457 -0.97762 0.17642
vn -0.07367 -0.96579 0.24864
vn -0.21173 -0.17504 0.96153
vn -0.21339 -0.1863 0.95904
vn -0.20743 -0.52141 0.82771
vn -0.20935 -0.54499 0.81189
vn -0.17259 -0.80391 0.56916
vn -0.172 -0.83029 0.53013
vn -0.11472 -0.96408 0.23957
vn -0.1096 -0.97797 0.17766
vn -0.16852 -0.16294 0.97214
vn -0.17281 -0.17972 0.96842
vn -0.20458 -0.4919 0.84627
vn -0.21082 -0.521 0.82711
vn -0.21463 -0.76651 0.6053
vn -0.21964 -0.79825 0.56086
vn -0.19707 -0.93505 0.29471
vn -0.19727 -0.95417 0.22503
vn -0.12298 -0.14919 0.98113
vn -0.13087 -0.17107 0.97653
vn -0.19292 -0.45678 0.86841
vn -0.20491 -0.49183 0.84624
vn -0.24204 -0.71953 0.65092
vn -0.25442 -0.75791 0.60069
vn -0.26232 -0.89312 0.36542
vn -0.26991 -0.91934 0.2863
vn -0.0742 -0.1344 0.98815
vn -0.08613 -0.16055 0.98326
vn -0.16917 -0.41663 0.8932
vn -0.18819 -0.45824 0.86868
vn -0.24921 -0.66357 0.70539
vn -0.27111 -0.71061 0.64926
vn -0.30281 -0.83889 0.4523
vn -0.32073 -0.87524 0.36207
vn -0.25721 -0.69743 0.6689
vn -0.32622 -0.76215 0.55921
vn -0.32448 -0.76285 0.55927
vn -0.04289 -0.10946 0.99306
vn -0.05092 -0.12618 0.9907
vn -0.12632 -0.32573 0.93698
vn -0.1494 -0.37447 0.91512
vn -0.20388 -0.52601 0.82568
vn -0.2375 -0.59799 0.7655
vn -0.26057 -0.66711 0.6979
vn -0.30223 -0.74678 0.59243
vn -0.34241 -0.82349 0.45234
vn -0.31252 -0.76787 0.5592
vn -0.27283 -0.65428 0.70533
vn -0.24236 -0.59599 0.76554
vn -0.17352 -0.41491 0.89316
vn -0.15203 -0.37338 0.91514
vn -0.05918 -0.1403 0.98834
vn -0.05171 -0.12585 0.9907
vn -0.00977 -0.90029 0.43519
vn -0.03872 -0.95559 0.29213
vn 0.01385 -0.9822 0.18735
vn -0.07635 -0.7285 0.68078
vn -0.12161 -0.60155 0.78952
vn -0.19611 -0.7176 0.66828
vn -0.06074 -0.91037 0.40932
vn -0.1544 -0.86926 0.46963
vn -0.07197 -0.84231 0.53417
vn -0.19716 -0.82116 0.53556
vn -0.03071 -0.15611 0.98726
vn -0.01114 -0.12028 0.99268
vn -0.10747 -0.45802 0.88242
vn -0.0375 -0.35499 0.93412
vn -0.11577 -0.55484 0.82386
vn -0.01036 -0.25881 0.96587
vn 0.04574 -0.1631 0.98555
vn -0.07206 -0.60717 0.7913
vn 0.01038 -0.46947 0.88289
vn -0.05707 -0.79206 0.60777
vn -0.01911 -0.73303 0.67993
vn -0.02753 -0.80008 0.59926
vn -0.07972 -0.90884 0.40945
vn -0.03411 -0.95577 0.29214
vn 0 -0.25882 0.96593
vn 0 -0.60875 0.79336
vn 0.00583 -0.70709 0.7071
vn 0 -0.98229 0.18737
vn 0.0047 -0.96592 0.25881
vn 0 -0.90033 0.43521
vn 0 -0.79335 0.60876
vn -0.09148 -0.9912 0.09568
vn 0.61798 -0.1326 0.77493
vn -0.06704 -0.08238 0.99434
vn -0.04447 -0.13259 0.99017
vn -0.20673 -0.13275 0.96935
vn -0.22127 -0.10597 0.96944
vn -0.29278 -0.13311 0.94687
vn -0.38955 -0.1326 0.91141
vn -0.58222 -0.04541 0.81176
vn -0.50313 -0.13302 0.85391
vn -0.38955 -0.1326 0.91141
vn -0.54603 -0.1326 0.8272
vn -0.68496 -0.1326 0.71641
vn -0.68496 -0.13259 0.71641
vn -0.80187 -0.13259 0.5826
vn -0.97826 -0.1331 0.15904
vn -0.95545 -0.13259 0.26369
vn -0.95545 -0.1326 0.26369
vn -0.91528 -0.13305 0.38021
vn -0.89769 -0.08524 0.4323
vn -0.87752 -0.13293 0.46074
vn -0.80187 -0.1326 0.58259
vn -0.99326 -0.09156 0.07104
vn -0.98718 -0.13259 0.08885
vn -0.98862 -0.13279 -0.07071
vn -0.99096 -0.10018 -0.08919
vn -0.97826 -0.1331 -0.15904
vn -0.95545 -0.13259 -0.26369
vn -0.95545 -0.1326 -0.26369
vn -0.68496 -0.13259 -0.71641
vn -0.74766 -0.13312 -0.6506
vn -0.80234 -0.12819 -0.58294
vn -0.80306 -0.13262 -0.58095
vn -0.89301 -0.1326 -0.43005
vn -0.88406 -0.05467 -0.46417
vn -0.91528 -0.13305 -0.38021
vn -0.29277 -0.1331 -0.94687
vn -0.38956 -0.13259 -0.91141
vn -0.38955 -0.1326 -0.91141
vn -0.50313 -0.13302 -0.85391
vn -0.54897 -0.08358 -0.83165
vn -0.57765 -0.13295 -0.80539
vn -0.68496 -0.1326 -0.71641
vn -0.20752 -0.10074 -0.97303
vn -0.22056 -0.13259 -0.96632
vn -0.06667 -0.13282 -0.98889
vn -0.04466 -0.09521 -0.99446
vn 0.02223 -0.13309 -0.99085
vn 0.13305 -0.13259 -0.9822
vn 0.13305 -0.1326 -0.9822
vn 0.61798 -0.1326 -0.77493
vn 0.54093 -0.13312 -0.83046
vn 0.47044 -0.11999 -0.87423
vn 0.46433 -0.13266 -0.87567
vn 0.30629 -0.13259 -0.94266
vn 0.33728 -0.06393 -0.93923
vn 0.25 -0.13306 -0.95906
vn 0.89729 -0.13311 -0.4209
vn 0.85087 -0.13259 -0.50837
vn 0.85087 -0.13259 -0.50837
vn 0.77614 -0.133 -0.61637
vn 0.75049 -0.08275 -0.65568
vn 0.71777 -0.13298 -0.68346
vn 0.61798 -0.1326 -0.77493
vn 0.93408 -0.10987 -0.33974
vn 0.92797 -0.1326 -0.34827
vn 0.97017 -0.13286 -0.20277
vn 0.97984 -0.09106 -0.17781
vn 0.98441 -0.13307 -0.11498
vn 0.99117 -0.13259 0
vn 0.99117 -0.13259 0
vn 0.77614 -0.133 0.61637
vn 0.85087 -0.13259 0.50837
vn 0.85087 -0.13259 0.50837
vn 0.89729 -0.13311 0.42089
vn 0.93028 -0.11257 0.34914
vn 0.93146 -0.13271 0.33878
vn 0.97524 -0.1326 0.17698
vn 0.97623 -0.07316 0.20404
vn 0.98441 -0.13307 0.11498
vn 0.72373 -0.03613 0.68913
vn 0.74642 -0.1326 0.65213
vn 0.61798 -0.1326 0.77493
vn 0.02224 -0.13309 0.99085
vn 0.13305 -0.1326 0.9822
vn 0.13305 -0.1326 0.9822
vn 0.25 -0.13306 0.95906
vn 0.30782 -0.08773 0.94739
vn 0.33497 -0.13289 0.93281
vn 0.46969 -0.1326 0.87282
vn 0.46514 -0.11899 0.8772
vn 0.54094 -0.13312 0.83046
vn -0.00762 -0.992 -0.12601
vn -0.00589 -0.99135 -0.13109
vn -0.02431 -0.99086 -0.13266
vn -0.02798 -0.99206 -0.1226
vn -0.04076 -0.99057 -0.1308
vn -0.04996 -0.99189 -0.1169
vn -0.08767 -0.99192 -0.09169
vn -0.08454 -0.99056 -0.1079
vn -0.06935 -0.99205 -0.10505
vn -0.0696 -0.99091 -0.11513
vn -0.05417 -0.99125 -0.12037
vn -0.11407 -0.99195 -0.05494
vn -0.11735 -0.99055 -0.07094
vn -0.10196 -0.99203 -0.07408
vn -0.10561 -0.99096 -0.08274
vn -0.09367 -0.99119 -0.09367
vn -0.13311 -0.99103 0.01198
vn -0.13312 -0.99107 -0.00805
vn -0.12588 -0.99198 -0.01133
vn -0.13491 -0.99055 -0.02472
vn -0.12165 -0.99201 -0.03357
vn -0.12771 -0.99101 -0.0398
vn -0.12122 -0.99113 -0.05455
vn -0.11722 -0.99243 0.03653
vn -0.13491 -0.99055 0.02472
vn -0.12327 -0.99235 0.00746
vn -0.12949 -0.99094 0.03574
vn -0.11982 -0.99112 0.0577
vn -0.11326 -0.99226 0.05097
vn -0.10926 -0.99084 0.07938
vn -0.09607 -0.99252 0.07527
vn -0.11735 -0.99055 0.07094
vn -0.06275 -0.99262 0.10381
vn -0.08454 -0.99056 0.1079
vn -0.08831 -0.99217 0.08831
vn -0.07482 -0.99074 0.11334
vn -0.05179 -0.99128 0.12118
vn -0.05154 -0.99208 0.11451
vn 0.1315 -0.99103 0.02386
vn 0.12513 -0.99103 0.04696
vn 0.12513 -0.99103 0.04696
vn 0.11473 -0.99103 0.06855
vn 0.11473 -0.99103 0.06855
vn 0.10065 -0.99103 0.08793
vn 0.10065 -0.99103 0.08793
vn 0.08333 -0.99103 0.10449
vn 0.08333 -0.99103 0.10449
vn 0.06333 -0.99103 0.11769
vn 0.06333 -0.99103 0.11769
vn 0.0413 -0.99103 0.12711
vn 0.0413 -0.99103 0.12711
vn 0.01794 -0.99103 0.13244
vn 0.01794 -0.99103 0.13244
vn 0.00299 -0.9911 0.13312
vn -0.00572 -0.99185 0.12729
vn -0.00794 -0.99132 0.13127
vn -0.0304 -0.99063 0.13317
vn -0.02173 -0.99271 0.11858
vn -0.04076 -0.99057 0.1308
vn 0.18438 -0.98277 0.01306
vn 0.14486 -0.98941 -0.00872
vn 0.12632 -0.99168 0.02471
vn 0.00299 -0.9911 -0.13312
vn 0.01794 -0.99103 -0.13244
vn 0.01794 -0.99103 -0.13244
vn 0.0413 -0.99103 -0.12711
vn 0.0413 -0.99103 -0.12711
vn 0.06333 -0.99103 -0.11769
vn 0.06333 -0.99103 -0.11769
vn 0.08333 -0.99103 -0.10449
vn 0.08333 -0.99103 -0.10449
vn 0.10065 -0.99103 -0.08793
vn 0.10065 -0.99103 -0.08793
vn 0.11473 -0.99103 -0.06855
vn 0.11473 -0.99103 -0.06855
vn 0.12513 -0.99103 -0.04696
vn 0.12513 -0.99103 -0.04696
vn 0.13102 -0.99105 -0.02563
vn 0.12722 -0.99161 -0.02309
vn 0.14004 -0.99015 0
vn -0.90184 -0.42437 -0.08117
vn -0.87286 -0.42437 -0.24089
vn -0.87286 -0.42437 -0.24089
vn -0.81582 -0.42437 -0.39288
vn -0.81582 -0.42437 -0.39288
vn -0.73255 -0.42437 -0.53223
vn -0.73255 -0.42437 -0.53223
vn -0.62575 -0.42438 -0.65448
vn -0.62575 -0.42437 -0.65448
vn -0.49883 -0.42437 -0.75569
vn -0.49883 -0.42437 -0.75569
vn -0.35588 -0.42437 -0.83262
vn -0.35588 -0.42438 -0.83262
vn -0.20149 -0.42438 -0.88278
vn -0.20149 -0.42437 -0.88279
vn -0.04063 -0.42437 -0.90458
vn -0.04062 -0.42438 -0.90457
vn 0.12155 -0.42438 -0.89729
vn 0.12155 -0.42437 -0.89729
vn 0.27981 -0.42437 -0.86117
vn 0.27981 -0.42438 -0.86117
vn 0.42908 -0.42437 -0.79737
vn 0.42908 -0.42437 -0.79737
vn 0.56456 -0.42437 -0.70794
vn 0.56456 -0.42437 -0.70794
vn 0.6819 -0.42437 -0.59576
vn 0.6819 -0.42437 -0.59576
vn 0.77731 -0.42437 -0.46443
vn 0.77731 -0.42438 -0.46442
vn 0.84775 -0.42438 -0.31817
vn 0.84775 -0.42437 -0.31817
vn 0.89094 -0.42437 -0.16168
vn 0.89094 -0.42437 -0.16168
vn 0.90549 -0.42437 0
vn 0.90549 -0.42437 0
vn 0.89094 -0.42437 0.16168
vn 0.89094 -0.42437 0.16168
vn 0.84775 -0.42437 0.31817
vn 0.84775 -0.42437 0.31817
vn 0.77731 -0.42437 0.46442
vn 0.77732 -0.42437 0.46442
vn 0.6819 -0.42437 0.59576
vn 0.6819 -0.42437 0.59576
vn 0.56456 -0.42437 0.70794
vn 0.56456 -0.42437 0.70794
vn 0.42908 -0.42437 0.79737
vn 0.42908 -0.42437 0.79737
vn 0.27981 -0.42437 0.86117
vn 0.27981 -0.42437 0.86117
vn 0.12155 -0.42437 0.89729
vn 0.12155 -0.42437 0.89729
vn -0.04062 -0.42437 0.90457
vn -0.04062 -0.42437 0.90457
vn -0.20149 -0.42437 0.88278
vn -0.20149 -0.42437 0.88278
vn -0.35588 -0.42437 0.83262
vn -0.35588 -0.42437 0.83262
vn -0.49883 -0.42437 0.7557
vn -0.49883 -0.42438 0.75569
vn -0.62575 -0.42438 0.65448
vn -0.62575 -0.42437 0.65448
vn -0.73255 -0.42437 0.53223
vn -0.73255 -0.42437 0.53223
vn -0.81582 -0.42437 0.39288
vn -0.81582 -0.42437 0.39288
vn -0.87286 -0.42437 0.24089
vn -0.87286 -0.42437 0.24089
vn -0.90184 -0.42437 0.08117
vn -0.90184 -0.42437 0.08117
vn -0.90184 -0.42437 -0.08117
vn -0.70568 -0.70568 -0.06351
vn -0.683 -0.70568 -0.1885
vn -0.683 -0.70568 -0.1885
vn -0.63837 -0.70568 -0.30742
vn -0.63836 -0.70568 -0.30742
vn -0.57321 -0.70568 -0.41647
vn -0.57321 -0.70568 -0.41647
vn -0.48964 -0.70568 -0.51212
vn -0.48964 -0.70568 -0.51212
vn -0.39033 -0.70568 -0.59132
vn -0.39033 -0.70568 -0.59132
vn -0.27847 -0.70568 -0.65152
vn -0.27847 -0.70568 -0.65151
vn -0.15766 -0.70568 -0.69077
vn -0.15766 -0.70568 -0.69077
vn -0.03179 -0.70568 -0.70782
vn -0.03179 -0.70568 -0.70782
vn 0.09511 -0.70568 -0.70212
vn 0.09511 -0.70568 -0.70212
vn 0.21895 -0.70568 -0.67385
vn 0.21895 -0.70568 -0.67386
vn 0.33575 -0.70568 -0.62393
vn 0.33575 -0.70568 -0.62393
vn 0.44176 -0.70568 -0.55395
vn 0.44176 -0.70568 -0.55395
vn 0.53357 -0.70568 -0.46617
vn 0.53357 -0.70568 -0.46617
vn 0.60824 -0.70568 -0.36341
vn 0.60824 -0.70568 -0.36341
vn 0.66335 -0.70568 -0.24896
vn 0.66335 -0.70568 -0.24896
vn 0.69715 -0.70568 -0.12651
vn 0.69714 -0.70568 -0.12651
vn 0.70853 -0.70568 0
vn 0.70853 -0.70568 0
vn 0.69714 -0.70568 0.12651
vn 0.69715 -0.70568 0.12651
vn 0.66335 -0.70568 0.24896
vn 0.66335 -0.70568 0.24896
vn 0.60824 -0.70568 0.36341
vn 0.60824 -0.70568 0.36341
vn 0.53357 -0.70568 0.46617
vn 0.53357 -0.70568 0.46617
vn 0.44176 -0.70568 0.55395
vn 0.44176 -0.70568 0.55395
vn 0.33575 -0.70568 0.62393
vn 0.33575 -0.70568 0.62393
vn 0.21895 -0.70568 0.67385
vn 0.21895 -0.70568 0.67385
vn 0.09511 -0.70568 0.70212
vn 0.09511 -0.70568 0.70212
vn -0.03179 -0.70568 0.70782
vn -0.03179 -0.70568 0.70782
vn -0.15766 -0.70568 0.69077
vn -0.15766 -0.70568 0.69077
vn -0.27847 -0.70568 0.65151
vn -0.27847 -0.70568 0.65152
vn -0.39033 -0.70568 0.59132
vn -0.39033 -0.70568 0.59132
vn -0.48964 -0.70568 0.51213
vn -0.48964 -0.70568 0.51212
vn -0.57321 -0.70568 0.41647
vn -0.57321 -0.70568 0.41646
vn -0.63836 -0.70568 0.30742
vn -0.63837 -0.70568 0.30742
vn -0.683 -0.70568 0.1885
vn -0.683 -0.70568 0.1885
vn -0.70568 -0.70568 0.06351
vn -0.70568 -0.70568 0.06351
vn -0.70568 -0.70568 -0.06351
vn -0.42547 -0.90416 -0.03829
vn -0.41179 -0.90416 -0.11365
vn -0.41179 -0.90416 -0.11365
vn -0.38488 -0.90416 -0.18535
vn -0.38488 -0.90416 -0.18535
vn -0.3456 -0.90416 -0.25109
vn -0.3456 -0.90416 -0.25109
vn -0.29521 -0.90416 -0.30877
vn -0.29521 -0.90416 -0.30877
vn -0.23533 -0.90416 -0.35652
vn -0.23534 -0.90416 -0.35652
vn -0.16789 -0.90416 -0.39281
vn -0.1679 -0.90416 -0.39281
vn -0.09506 -0.90416 -0.41648
vn -0.09506 -0.90416 -0.41648
vn -0.01917 -0.90416 -0.42676
vn -0.01917 -0.90416 -0.42676
vn 0.05734 -0.90416 -0.42332
vn 0.05734 -0.90416 -0.42332
vn 0.13201 -0.90416 -0.40628
vn 0.13201 -0.90416 -0.40628
vn 0.20243 -0.90416 -0.37618
vn 0.20243 -0.90416 -0.37618
vn 0.26635 -0.90416 -0.33399
vn 0.26635 -0.90416 -0.33399
vn 0.3217 -0.90416 -0.28106
vn 0.3217 -0.90416 -0.28106
vn 0.36672 -0.90416 -0.2191
vn 0.36672 -0.90416 -0.2191
vn 0.39995 -0.90416 -0.1501
vn 0.39995 -0.90416 -0.1501
vn 0.42032 -0.90416 -0.07628
vn 0.42032 -0.90416 -0.07628
vn 0.42719 -0.90416 0
vn 0.42719 -0.90416 0
vn 0.42032 -0.90416 0.07628
vn 0.42032 -0.90416 0.07628
vn 0.39995 -0.90416 0.1501
vn 0.39995 -0.90416 0.1501
vn 0.36672 -0.90416 0.2191
vn 0.36672 -0.90416 0.2191
vn 0.3217 -0.90416 0.28106
vn 0.3217 -0.90416 0.28106
vn 0.26635 -0.90416 0.33399
vn 0.26635 -0.90416 0.33399
vn 0.20243 -0.90416 0.37618
vn 0.20243 -0.90416 0.37618
vn 0.13201 -0.90416 0.40628
vn 0.13201 -0.90416 0.40628
vn 0.05734 -0.90416 0.42332
vn 0.05734 -0.90416 0.42332
vn -0.01917 -0.90416 0.42676
vn -0.01917 -0.90416 0.42676
vn -0.09506 -0.90416 0.41648
vn -0.09506 -0.90416 0.41648
vn -0.1679 -0.90416 0.39281
vn -0.1679 -0.90416 0.39281
vn -0.23534 -0.90416 0.35652
vn -0.23534 -0.90416 0.35652
vn -0.29521 -0.90416 0.30877
vn -0.29521 -0.90416 0.30877
vn -0.3456 -0.90416 0.25109
vn -0.3456 -0.90416 0.25109
vn -0.38488 -0.90416 0.18535
vn -0.38488 -0.90416 0.18535
vn -0.41179 -0.90416 0.11365
vn -0.41179 -0.90416 0.11365
vn -0.42547 -0.90416 0.03829
vn -0.42547 -0.90416 0.03829
vn -0.42547 -0.90416 -0.03829
vn 0.06038 -0 -0.99818
vn 0.06038 0 -0.99818
vn 0.18025 0 -0.98362
vn 0.2975 0 -0.95472
vn 0.41041 0 -0.9119
vn 0.51734 0 -0.85578
vn 0.61672 0 -0.78718
vn 0.70711 0 -0.70711
vn 0.78718 0 -0.61672
vn 0.85578 0 -0.51734
vn 0.9119 0 -0.41041
vn 0.95472 0 -0.2975
vn 0.98362 0 -0.18025
vn 0.99818 0 -0.06038
vn 0.99818 -0 0.06038
vn 0.98362 -0 0.18025
vn 0.95472 -0 0.2975
vn 0.9119 -0 0.41041
vn 0.85578 -0 0.51734
vn 0.78718 -0 0.61672
vn 0.70711 -0 0.70711
vn 0.61672 -0 0.78718
vn 0.51734 -0 0.85578
vn 0.41041 -0 0.9119
vn 0.2975 -0 0.95472
vn 0.18026 -0 0.98362
vn 0.06038 -0 0.99818
vn 0 -0.25882 -0.96593
vn 0 -0.25882 -0.96593
vn 0 -0.60876 -0.79335
vn 0.00583 -0.70709 -0.7071
vn 0 -0.79335 -0.60876
vn 0 -0.90033 -0.43521
vn 0.0047 -0.96592 -0.25881
vn 0 -0.98229 -0.18737
vn -0.09751 -0.56018 -0.82261
vn -0.12536 -0.73699 -0.66418
vn -0.26062 -0.80411 -0.5343
vn -0.05439 -0.84335 -0.5346
vn 0.03883 -0.95556 -0.29222
vn -0.10843 -0.95019 -0.2922
vn 0.00028 -0.91237 -0.40936
vn -0.17416 -0.8956 -0.40934
vn -0.07701 -0.72764 -0.68162
vn -0.12763 -0.58265 -0.80264
vn -0.07856 -0.46083 -0.88401
vn -0.07458 -0.34317 -0.93631
vn -0.02151 -0.15679 -0.9874
vn -0.02295 -0.11627 -0.99295
vn -0.00639 -0.15823 -0.98738
vn 0.02196 -0.25876 -0.96569
vn -0.032 -0.46553 -0.88445
vn -0.01652 -0.60868 -0.79324
vn -0.04275 -0.73067 -0.68139
vn -0.02681 -0.79307 -0.60855
vn -0.02754 -0.79852 -0.60134
vn -0.01003 -0.90029 -0.43519
vn -0.05885 -0.98059 -0.18704
vn -0.30223 -0.74679 -0.59243
vn -0.32447 -0.76285 -0.55927
vn -0.32621 -0.76215 -0.55921
vn -0.04965 -0.12671 -0.9907
vn -0.0444 -0.10895 -0.99306
vn -0.14534 -0.37616 -0.91508
vn -0.13117 -0.32405 -0.9369
vn -0.23056 -0.60082 -0.76541
vn -0.21212 -0.52305 -0.82549
vn -0.26057 -0.66711 -0.6979
vn -0.25721 -0.69743 -0.6689
vn -0.05787 -0.14082 -0.98834
vn -0.05317 -0.12524 -0.9907
vn -0.16923 -0.4166 -0.8932
vn -0.15685 -0.37137 -0.91514
vn -0.26542 -0.65725 -0.70539
vn -0.2507 -0.59252 -0.76555
vn -0.3325 -0.82751 -0.45241
vn -0.32357 -0.76326 -0.55922
vn -0.08356 -0.16158 -0.98332
vn -0.07729 -0.13318 -0.98807
vn -0.18313 -0.46004 -0.86881
vn -0.17492 -0.41435 -0.89315
vn -0.26347 -0.71328 -0.64948
vn -0.2577 -0.66029 -0.70541
vn -0.31117 -0.87859 -0.36228
vn -0.31327 -0.83499 -0.45239
vn -0.12868 -0.17178 -0.97669
vn -0.12588 -0.14858 -0.98086
vn -0.20001 -0.49332 -0.84654
vn -0.19796 -0.45549 -0.86795
vn -0.24668 -0.76018 -0.60107
vn -0.24935 -0.7176 -0.65028
vn -0.26008 -0.92209 -0.28656
vn -0.27115 -0.89083 -0.36456
vn -0.17129 -0.18003 -0.96863
vn -0.17105 -0.16268 -0.97174
vn -0.20661 -0.52177 -0.82769
vn -0.2091 -0.49136 -0.84548
vn -0.21256 -0.79953 -0.56176
vn -0.22127 -0.76564 -0.60402
vn -0.18812 -0.95579 -0.226
vn -0.20501 -0.93389 -0.29296
vn -0.21228 -0.18632 -0.95928
vn -0.21335 -0.17498 -0.96118
vn -0.20579 -0.54506 -0.81275
vn -0.21114 -0.52122 -0.82689
vn -0.16581 -0.83055 -0.5317
vn -0.17857 -0.80358 -0.56778
vn -0.10159 -0.97847 -0.17965
vn -0.12214 -0.96363 -0.2377
vn -0.1892 -0.25873 -0.94724
vn -0.11926 -0.79325 -0.5971
vn -0.05071 -0.9659 -0.25389
vn -0.18004 -0.60875 -0.77266
vn -0.05071 -0.9659 -0.25389
vn -0.03717 -0.9659 -0.25622
vn -0.03717 -0.9659 -0.25622
vn -0.02279 -0.9659 -0.25792
vn -0.02279 -0.9659 -0.25792
vn -0.00761 -0.9659 -0.25881
vn -0.00761 -0.9659 -0.25881
vn -0.13852 -0.70698 -0.69353
vn -0.10154 -0.70698 -0.6999
vn -0.10154 -0.70698 -0.6999
vn -0.06226 -0.70695 -0.70451
vn -0.06226 -0.70695 -0.70451
vn -0.02078 -0.70695 -0.70695
vn -0.02078 -0.70695 -0.70695
vn -0.1892 -0.25873 -0.94724
vn -0.13868 -0.25873 -0.95594
vn -0.13868 -0.25873 -0.95594
vn -0.08504 -0.25871 -0.9622
vn -0.08504 -0.25871 -0.9622
vn -0.02838 -0.25871 -0.96554
vn -0.02838 -0.25871 -0.96554
vn 0 -0.25882 -0.96593
vn -0 -0.96593 -0.25882
vn 0.01578 -0.99105 -0.13255
vn -0.00015 -0.92294 -0.38494
vn 7E-05 -0.83311 -0.5531
vn 0.00544 -0.7071 -0.7071
vn -0 -0.66347 -0.7482
vn -0 -0.99145 -0.13052
vn -0.02877 -0.96553 -0.25871
vn 0.00051 -0.92299 -0.38481
vn -0.00023 -0.83306 -0.55318
vn -0.00629 -0.79334 -0.60875
vn 0.01371 -0.66341 -0.74813
vn -0 -0.60876 -0.79335
vn -0.72317 0 -0.69067
vn -0.72316 0 -0.69068
vn -0.72316 0 -0.69068
vn -0.72316 0 -0.69068
vn -0.01501 -0.99074 -0.13496
vn -0.05843 -0.84311 -0.53456
vn -0.0422 -0.92154 -0.38599
vn -0.0966 -0.36587 -0.92564
vn -0.08916 -0.52716 -0.84508
vn -0.10204 -0.70976 -0.69701
vn -0.09673 -0.12214 -0.98779
vn -0.07427 -0.96529 -0.25039
vn -0.0529 -0.96582 -0.25375
vn -0.0529 -0.96582 -0.25375
vn -0.08336 -0.96579 -0.24557
vn -0.08336 -0.96579 -0.24557
vn -0.1147 -0.96579 -0.23259
vn -0.1147 -0.96579 -0.23259
vn -0.14408 -0.96579 -0.21563
vn -0.14408 -0.96579 -0.21563
vn -0.17099 -0.96579 -0.19498
vn -0.17099 -0.96579 -0.19498
vn -0.19498 -0.96579 -0.17099
vn -0.19498 -0.96579 -0.17099
vn -0.21563 -0.96579 -0.14408
vn -0.21563 -0.96579 -0.14408
vn -0.23259 -0.96579 -0.1147
vn -0.23259 -0.96579 -0.1147
vn -0.24557 -0.96579 -0.08336
vn -0.24557 -0.96579 -0.08336
vn -0.25435 -0.96579 -0.05059
vn -0.25435 -0.96579 -0.05059
vn -0.25878 -0.96579 -0.01696
vn -0.25878 -0.96579 -0.01696
vn -0.10025 -0.7071 -0.69997
vn -0.14444 -0.70655 -0.69277
vn -0.14444 -0.70655 -0.69277
vn -0.22754 -0.70635 -0.6703
vn -0.22754 -0.70635 -0.6703
vn -0.31308 -0.70635 -0.63486
vn -0.31308 -0.70635 -0.63486
vn -0.39327 -0.70635 -0.58857
vn -0.39327 -0.70635 -0.58857
vn -0.46673 -0.70635 -0.5322
vn -0.46673 -0.70635 -0.5322
vn -0.5322 -0.70635 -0.46673
vn -0.5322 -0.70635 -0.46673
vn -0.58857 -0.70635 -0.39327
vn -0.58857 -0.70635 -0.39327
vn -0.63486 -0.70635 -0.31308
vn -0.63486 -0.70635 -0.31308
vn -0.6703 -0.70635 -0.22753
vn -0.67029 -0.70635 -0.22754
vn -0.69426 -0.70635 -0.1381
vn -0.69426 -0.70635 -0.1381
vn -0.70635 -0.70635 -0.0463
vn -0.70635 -0.70635 -0.0463
vn -0.12983 -0.25879 -0.95717
vn -0.19717 -0.25844 -0.94569
vn -0.19717 -0.25844 -0.94569
vn -0.31053 -0.2583 -0.9148
vn -0.31053 -0.2583 -0.9148
vn -0.42728 -0.2583 -0.86644
vn -0.42728 -0.2583 -0.86644
vn -0.53672 -0.2583 -0.80325
vn -0.53672 -0.2583 -0.80325
vn -0.63697 -0.2583 -0.72633
vn -0.63697 -0.2583 -0.72633
vn -0.72633 -0.2583 -0.63697
vn -0.72633 -0.2583 -0.63697
vn -0.80325 -0.2583 -0.53672
vn -0.80325 -0.2583 -0.53672
vn -0.86644 -0.2583 -0.42728
vn -0.86644 -0.25831 -0.42728
vn -0.91479 -0.25831 -0.31053
vn -0.9148 -0.2583 -0.31053
vn -0.9475 -0.2583 -0.18847
vn -0.9475 -0.2583 -0.18847
vn -0.964 -0.2583 -0.06318
vn -0.964 -0.2583 -0.06318
vn -0.25882 -0.96593 0
vn -0.70711 -0.70711 0
vn -0.96593 -0.25882 0
vn -0.09673 -0.12214 0.98779
vn -0.10054 -0.68595 0.72067
vn -0.08916 -0.52716 0.84508
vn -0.0966 -0.36587 0.92564
vn -0.04551 -0.90808 0.41631
vn -0.06149 -0.82445 0.56258
vn -0.01866 -0.98565 0.16774
vn -0.06983 -0.96544 0.2511
vn -0.0529 -0.96582 0.25374
vn -0.0529 -0.96582 0.25374
vn -0.08336 -0.96579 0.24557
vn -0.08336 -0.96579 0.24557
vn -0.1147 -0.96579 0.23259
vn -0.1147 -0.96579 0.23259
vn -0.14408 -0.96579 0.21563
vn -0.14408 -0.96579 0.21563
vn -0.17099 -0.96579 0.19498
vn -0.17099 -0.96579 0.19498
vn -0.19498 -0.96579 0.17099
vn -0.19498 -0.96579 0.17099
vn -0.21563 -0.96579 0.14408
vn -0.21563 -0.96579 0.14408
vn -0.23259 -0.96579 0.1147
vn -0.23259 -0.96579 0.1147
vn -0.24557 -0.96579 0.08336
vn -0.24557 -0.96579 0.08336
vn -0.25435 -0.96579 0.05059
vn -0.25435 -0.96579 0.05059
vn -0.25878 -0.96579 0.01696
vn -0.25878 -0.96579 0.01696
vn -0.11197 -0.70709 0.6982
vn -0.14444 -0.70654 0.69277
vn -0.14444 -0.70655 0.69277
vn -0.22753 -0.70635 0.6703
vn -0.22754 -0.70635 0.6703
vn -0.31308 -0.70635 0.63486
vn -0.31308 -0.70635 0.63487
vn -0.39327 -0.70635 0.58857
vn -0.39327 -0.70635 0.58857
vn -0.46673 -0.70635 0.5322
vn -0.46673 -0.70635 0.5322
vn -0.5322 -0.70635 0.46673
vn -0.5322 -0.70635 0.46673
vn -0.58857 -0.70635 0.39327
vn -0.58857 -0.70635 0.39327
vn -0.63486 -0.70635 0.31308
vn -0.63486 -0.70635 0.31308
vn -0.6703 -0.70635 0.22754
vn -0.6703 -0.70635 0.22753
vn -0.69426 -0.70635 0.1381
vn -0.69426 -0.70635 0.1381
vn -0.70635 -0.70635 0.0463
vn -0.70635 -0.70635 0.0463
vn -0.12983 -0.2588 0.95717
vn -0.19717 -0.25844 0.94569
vn -0.19717 -0.25844 0.94569
vn -0.31053 -0.25831 0.91479
vn -0.31053 -0.2583 0.9148
vn -0.42728 -0.2583 0.86644
vn -0.42728 -0.2583 0.86644
vn -0.53672 -0.2583 0.80325
vn -0.53672 -0.2583 0.80325
vn -0.63697 -0.2583 0.72633
vn -0.63697 -0.2583 0.72633
vn -0.72633 -0.2583 0.63697
vn -0.72633 -0.2583 0.63697
vn -0.80325 -0.2583 0.53672
vn -0.80325 -0.2583 0.53672
vn -0.86644 -0.2583 0.42728
vn -0.86644 -0.25831 0.42728
vn -0.91479 -0.25831 0.31053
vn -0.9148 -0.2583 0.31053
vn -0.9475 -0.2583 0.18847
vn -0.9475 -0.2583 0.18847
vn -0.964 -0.2583 0.06318
vn -0.964 -0.2583 0.06318
vn -0.72315 0 0.69069
vn -0.72316 0 0.69068
vn -0.72316 0 0.69068
vn -0.72316 0 0.69068
vn 0 -0.99145 0.13052
vn 0.00802 -0.96589 0.25881
vn 0 -0.92388 0.38269
vn 0 -0.83451 0.55099
vn 0.00544 -0.70709 0.7071
vn 0 -0.66347 0.74821
vn 0 -0.25882 0.96592
vn 0 -0.86876 0.49523
vn -0.01313 -0.8314 0.55552
vn 0 -0.98079 0.19509
vn -0.03217 -0.99436 0.10111
vn 0 -0.95694 0.29029
vn 0 -0.75546 0.6552
vn 0 -0.55557 0.83147
vn 0 -0.19509 0.98079
vn -0.09263 -0.25876 0.96149
vn -0.048 -0.96588 0.2545
vn -0.00965 -0.96588 0.25881
vn -0.00965 -0.96588 0.25881
vn -0.02636 -0.70686 0.70686
vn -0.02636 -0.70686 0.70686
vn -0.036 -0.25865 0.9653
vn -0.036 -0.25865 0.9653
vn -0.1284 -0.25879 0.95736
vn -0.10944 -0.19603 0.97447
vn -0.07894 -0.70686 0.70293
vn -0.07894 -0.70686 0.70293
vn -0.0289 -0.96588 0.25737
vn -0.0289 -0.96588 0.25737
vn -0.048 -0.96588 0.2545
vn -0.11286 -0.79315 0.59847
vn -0.14004 -0.70666 0.69355
vn -0.14706 -0.60849 0.77982
vn -0.17901 -0.25865 0.94924
vn -0.17901 -0.25865 0.94924
vn -0.02845 0 0.9996
vn -0.03917 0.00411 0.99922
vn -0.08666 -0.00272 0.99623
vn -0.09779 0.00034 0.99521
vn -0.14429 -0.00053 0.98954
vn -0.13669 -0.00404 0.99061
vn -0.20292 0.00552 0.97918
vn -0.19463 0 0.98088
vn 0 0 1
vn 0.97885 0 -0.20459
vn 0.99325 0 -0.11601
vn 0.99745 -0.0034 -0.07134
vn 0.99998 0.00575 0
vn 0.99745 -0.0034 0.07134
vn 0.99325 0 0.11601
vn 0.98661 0 0.16307
vn 0.97885 0.00253 0.20459
vn 0.96181 -0.00605 0.27366
vn 0.93976 0.00421 0.3418
vn 0.92145 0 0.38849
vn 0.90535 0 0.42467
vn 0.88167 -0.00154 0.47186
vn 0.85844 0.00557 0.51289
vn 0.80554 -0.00452 0.59253
vn 0.7831 0 0.6219
vn 0.74744 0 0.66433
vn 0.7242 0.00124 0.68958
vn 0.67368 -0.00569 0.739
vn 0.62348 0.00525 0.78182
vn 0.57205 -0.00055 0.82022
vn 0.54579 0 0.83792
vn 0.49392 0 0.8695
vn 0.46847 0.00453 0.88347
vn 0.36124 -0.00525 0.93246
vn 0.98659 0.00762 -0.16307
vn 0.96181 -0.00605 -0.27366
vn 0.93976 0.00421 -0.3418
vn 0.92145 0 -0.38849
vn 0.90534 0 -0.42468
vn 0.62348 0.00525 -0.78182
vn 0.57205 -0.00055 -0.82022
vn 0.54579 0 -0.83792
vn 0.85845 -0.00291 -0.5129
vn 0.88162 0.01053 -0.47183
vn 0.78307 -0.00842 -0.62187
vn 0.80555 0 -0.59253
vn 0.7242 0 -0.68959
vn 0.74743 0.0046 -0.66433
vn 0.67368 -0.00569 -0.739
vn 0.46847 0 -0.88348
vn 0.49391 0.00693 -0.86948
vn 0.33796 -0.00731 -0.94113
vn 0.36124 -0.00106 -0.93247
vn 0.25224 0.00032 -0.96766
vn 0.13423 -0.00874 -0.99091
vn 0.18374 0.00787 -0.98294
vn 0.02243 -0.00314 -0.99974
vn 0.04618 0 -0.99893
vn -0.06727 0 -0.99773
vn -0.04618 0.00406 -0.99892
vn -0.20857 -0.00582 -0.97799
vn -0.18375 0.00116 -0.98297
vn -0.2954 -0.00022 -0.95537
vn -0.36124 -0.0039 -0.93247
vn -0.39302 0.00334 -0.91952
vn -0.50764 -0.00247 -0.86157
vn -0.49393 0 -0.8695
vn -0.58282 0 -0.8126
vn -0.57205 0.00192 -0.82022
vn -0.69106 -0.00388 -0.72279
vn -0.67369 0.0031 -0.73901
vn -0.75438 -0.00038 -0.65644
vn -0.74744 0 -0.66433
vn -0.81022 0 -0.58613
vn -0.80555 0.00198 -0.59253
vn -0.88538 -0.00142 -0.46486
vn -0.88167 0 -0.47186
vn -0.92349 0 -0.38362
vn -0.92145 0.00052 -0.38849
vn -0.96396 -0.00143 -0.26604
vn -0.96183 0.00072 -0.27366
vn -0.98704 -0.00016 -0.16046
vn -0.98661 0 -0.16307
vn -0.99745 0 -0.07134
vn -0.99745 0 0.07134
vn -0.98704 0 0.16046
vn -0.98661 -0.00014 0.16307
vn -0.96396 0.00066 0.26604
vn -0.96182 -0.00131 0.27366
vn -0.92349 0.00044 0.38362
vn -0.92145 0 0.38849
vn -0.88538 0 0.46487
vn -0.88167 -0.00125 0.47186
vn -0.80902 0.00185 0.58778
vn -0.80555 0.00048 0.59253
vn -0.74744 -6E-05 0.66433
vn -0.69106 0.00239 0.72279
vn -0.67369 -0.00298 0.73901
vn -0.58282 0.00143 0.8126
vn -0.57204 0 0.82022
vn -0.50764 0 0.86157
vn -0.49393 -0.00175 0.8695
vn -0.39302 0.00334 0.91952
vn -0.36124 -0.0039 0.93247
vn 0.33797 -0.00076 0.94116
vn 0.25224 0.00032 0.96766
vn 0.18375 -0.00497 0.98296
vn 0.13423 0.00448 0.99094
vn 0.04618 -0.00152 0.99893
vn 0.02244 0 0.99975
vn -0.04618 0 0.99893
vn -0.06727 0.00279 0.99773
vn -0.18375 -0.0043 0.98296
vn -0.20858 0.00085 0.97801
vn -0.2954 -0.00022 0.95537
vn 0.05833 0.25838 -0.96428
vn 0.04273 0.70646 -0.70646
vn 0.01565 0.96581 -0.25879
vn 0.01565 0.96581 -0.25879
vn 0.04673 0.96581 -0.25501
vn 0.04673 0.96581 -0.25501
vn 0.07713 0.96581 -0.24752
vn 0.07713 0.96581 -0.24752
vn 0.1064 0.96581 -0.23642
vn 0.1064 0.96581 -0.23642
vn 0.13413 0.96581 -0.22187
vn 0.13412 0.96581 -0.22187
vn 0.15989 0.96581 -0.20408
vn 0.15989 0.96581 -0.20409
vn 0.18332 0.96581 -0.18332
vn 0.18332 0.96581 -0.18332
vn 0.20408 0.96581 -0.15989
vn 0.20409 0.96581 -0.15989
vn 0.22187 0.96581 -0.13413
vn 0.22187 0.96581 -0.13413
vn 0.23642 0.96581 -0.1064
vn 0.23642 0.96581 -0.1064
vn 0.24752 0.96581 -0.07713
vn 0.24752 0.96581 -0.07713
vn 0.25501 0.96581 -0.04673
vn 0.25501 0.96581 -0.04673
vn 0.25879 0.96581 -0.01565
vn 0.25878 0.96581 -0.01565
vn 0.25878 0.96581 0.01565
vn 0.25879 0.96581 0.01565
vn 0.25501 0.96581 0.04673
vn 0.25501 0.96581 0.04673
vn 0.24752 0.96581 0.07713
vn 0.24752 0.96581 0.07713
vn 0.23642 0.96581 0.1064
vn 0.23642 0.96581 0.1064
vn 0.22187 0.96581 0.13413
vn 0.22187 0.96581 0.13413
vn 0.20409 0.96581 0.15989
vn 0.20409 0.96581 0.15989
vn 0.18332 0.96581 0.18332
vn 0.18332 0.96581 0.18332
vn 0.15989 0.96581 0.20409
vn 0.15989 0.96581 0.20408
vn 0.13412 0.96581 0.22187
vn 0.13412 0.96581 0.22187
vn 0.1064 0.96581 0.23642
vn 0.1064 0.96581 0.23642
vn 0.07713 0.96581 0.24752
vn 0.07713 0.96581 0.24752
vn 0.04673 0.96581 0.25501
vn 0.04673 0.96581 0.25502
vn 0.01565 0.96581 0.25879
vn 0.01565 0.96581 0.25879
vn 0.04273 0.70646 -0.70646
vn 0.12758 0.70646 -0.69616
vn 0.12758 0.70646 -0.69616
vn 0.21056 0.70646 -0.67571
vn 0.21056 0.70646 -0.67571
vn 0.29047 0.70646 -0.6454
vn 0.29047 0.70646 -0.6454
vn 0.36615 0.70646 -0.60568
vn 0.36615 0.70646 -0.60568
vn 0.43649 0.70646 -0.55713
vn 0.43649 0.70646 -0.55713
vn 0.50046 0.70646 -0.50046
vn 0.50046 0.70646 -0.50046
vn 0.55713 0.70646 -0.43648
vn 0.55713 0.70647 -0.43648
vn 0.60568 0.70647 -0.36615
vn 0.60568 0.70646 -0.36615
vn 0.6454 0.70646 -0.29047
vn 0.64539 0.70647 -0.29047
vn 0.6757 0.70647 -0.21056
vn 0.6757 0.70646 -0.21056
vn 0.69616 0.70646 -0.12758
vn 0.69616 0.70646 -0.12758
vn 0.70646 0.70646 -0.04273
vn 0.70646 0.70646 -0.04273
vn 0.70646 0.70646 0.04273
vn 0.70646 0.70646 0.04273
vn 0.69616 0.70646 0.12758
vn 0.69616 0.70646 0.12758
vn 0.6757 0.70646 0.21056
vn 0.6757 0.70647 0.21056
vn 0.64539 0.70647 0.29047
vn 0.64539 0.70646 0.29047
vn 0.60568 0.70646 0.36615
vn 0.60568 0.70647 0.36615
vn 0.55713 0.70647 0.43648
vn 0.55713 0.70646 0.43648
vn 0.50046 0.70646 0.50046
vn 0.50046 0.70646 0.50046
vn 0.43648 0.70646 0.55713
vn 0.43649 0.70646 0.55713
vn 0.36615 0.70646 0.60568
vn 0.36615 0.70646 0.60568
vn 0.29047 0.70646 0.6454
vn 0.29047 0.70646 0.6454
vn 0.21056 0.70646 0.67571
vn 0.21056 0.70646 0.6757
vn 0.12758 0.70646 0.69616
vn 0.12757 0.70646 0.69616
vn 0.04273 0.70646 0.70646
vn 0.04273 0.70646 0.70646
vn 0.05833 0.25838 -0.96428
vn 0.17413 0.25838 -0.95022
vn 0.17413 0.25838 -0.95022
vn 0.2874 0.25838 -0.9223
vn 0.2874 0.25838 -0.9223
vn 0.39648 0.25838 -0.88094
vn 0.39648 0.25838 -0.88094
vn 0.49977 0.25838 -0.82672
vn 0.49977 0.25838 -0.82672
vn 0.59578 0.25838 -0.76045
vn 0.59578 0.25838 -0.76045
vn 0.6831 0.25838 -0.6831
vn 0.6831 0.25838 -0.6831
vn 0.76045 0.25838 -0.59578
vn 0.76046 0.25837 -0.59578
vn 0.82672 0.25837 -0.49977
vn 0.82672 0.25838 -0.49977
vn 0.88093 0.25838 -0.39648
vn 0.88093 0.25838 -0.39648
vn 0.9223 0.25838 -0.2874
vn 0.92231 0.25836 -0.2874
vn 0.95022 0.25836 -0.17414
vn 0.95023 0.25836 -0.17413
vn 0.96429 0.25836 -0.05833
vn 0.96428 0.25837 -0.05833
vn 0.96428 0.25837 0.05833
vn 0.96429 0.25836 0.05833
vn 0.95023 0.25836 0.17414
vn 0.95022 0.25836 0.17413
vn 0.92231 0.25836 0.2874
vn 0.9223 0.25837 0.2874
vn 0.88094 0.25837 0.39648
vn 0.88093 0.25838 0.39648
vn 0.82672 0.25838 0.49977
vn 0.82672 0.25837 0.49977
vn 0.76046 0.25837 0.59578
vn 0.76045 0.25838 0.59578
vn 0.6831 0.25838 0.6831
vn 0.6831 0.25838 0.68309
vn 0.59578 0.25838 0.76045
vn 0.59578 0.25838 0.76045
vn 0.49977 0.25838 0.82672
vn 0.49977 0.25838 0.82672
vn 0.39648 0.25838 0.88094
vn 0.39648 0.25838 0.88093
vn 0.2874 0.25838 0.9223
vn 0.2874 0.25837 0.9223
vn 0.17413 0.25837 0.95022
vn 0.17413 0.25838 0.95022
vn 0.05833 0.25838 0.96428
vn 0.05833 0.25838 0.96428
vn 0 -0 -1
vn 0 -0 -1
vn 0 -0 -1
vn 0 -0 -1
vn 0 -0 -1
vn 0 -0 -1
vn -0.20362 0 -0.97905
vn -0.20423 -0.0003 -0.97892
vn -0.14479 0.00034 -0.98946
vn -0.14639 -0.00039 -0.98923
vn -0.08803 0.00037 -0.99612
vn -0.08649 -0.00029 -0.99625
vn -0.02938 0.00029 -0.99957
vn -0.02863 0 -0.99959
vn -0.02938 0 -0.99957
vn -0.08803 0 -0.99612
vn -0.14357 0 -0.98964
vn -0.14639 -0.00126 -0.98923
vn -0.19587 0.00112 -0.98063
vn -0.20423 -0.00225 -0.97892
vn -0.22736 0 -0.97381
vn 0 0 -1
vn -0.02296 0 -0.99974
vn -0.99786 0 -0.0654
vn -0.98079 0 -0.19509
vn -0.94693 0 -0.32144
vn -0.89687 0 -0.44229
vn -0.83147 0 -0.55557
vn -0.75184 0 -0.65935
vn -0.65935 0 -0.75184
vn -0.55557 0 -0.83147
vn -0.44229 0 -0.89687
vn -0.32144 0 -0.94693
vn -0.2041 0 -0.97895
vn -0.19509 0.00259 -0.98078
vn -0.09746 -0.00195 -0.99524
vn -0.0654 0.00488 -0.99785
vn -0.02296 0 -0.99974
vn -0.02297 0 0.99974
vn -0.09745 0.00856 0.9952
vn -0.0654 -0.00343 0.99785
vn -0.2041 0.00301 0.97895
vn -0.19509 0 0.98079
vn -0.32144 0 0.94693
vn -0.44229 0 0.89687
vn -0.55557 0 0.83147
vn -0.65935 0 0.75184
vn -0.75184 0 0.65935
vn -0.83147 0 0.55557
vn -0.89687 0 0.44229
vn -0.94693 0 0.32144
vn -0.98079 0 0.19509
vn -0.99786 0 0.0654
vn -0.03917 0 0.99923
vn -0.03727 -0.00124 0.9993
vn -0.09779 0.00068 0.99521
vn -0.0959 0 0.99539
vn -0.13669 0 0.99061
vn -0.13293 -0.00124 0.99112
vn -0.19463 0.00272 0.98087
vn -0.18532 -0.00408 0.98267
vn -0.22737 0 0.97381
vn 0.25882 0 -0.96593
vn 0.70711 0 -0.70711
vn 0.96593 0 -0.25882
vn 0.96593 0 0.25882
vn 0.70711 0 0.70711
vn 0.25882 0 0.96593
vn -0.25882 0 0.96593
vn -0.70711 0 0.70711
vn -0.96593 0 0.25882
vn -0.96593 -0 -0.25882
vn -0.70711 -0 -0.70711
vn -0.25882 -0 -0.96593
vn 0.25882 0 -0.96593
vn 0.7071 0 -0.70711
vn 0.96593 0 -0.25882
vn 0.96593 0 0.25882
vn 0.70711 0 0.70711
vn 0.25882 0 0.96593
vn -0.25882 0 0.96593
vn -0.70711 0 0.70711
vn -0.96593 0 0.25882
vn -0.96593 -0 -0.25882
vn -0.70711 -0 -0.70711
vn -0.25882 -0 -0.96593
vn 0.25882 0 -0.96593
vn 0.70711 0 -0.70711
vn 0.96593 0 -0.25882
vn 0.70711 0 0.70711
vn 0.25882 0 0.96593
vn -0.25882 0 0.96593
vn -0.70711 0 0.70711
vn -0.96593 -0 -0.25882
vn -0.70711 -0 -0.70711
vn -0.25882 -0 -0.96593
vn 0.25882 0 -0.96593
vn 0.70711 0 -0.70711
vn 0.96593 0 -0.25882
vn 0.70711 0 0.70711
vn 0.25882 0 0.96593
vn -0.25882 0 0.96593
vn -0.70711 0 0.70711
vn -0.96593 -0 -0.25882
vn -0.7071 -0 -0.70711
vn -0.25882 -0 -0.96593
vn -0.09591 0.19505 0.97609
vn -0.038 0.98076 0.1915
vn -0.00765 0.98076 0.19508
vn -0.00765 0.98076 0.19508
vn -0.01733 0.89674 0.44222
vn -0.02617 0.83134 0.55514
vn -0.038 0.98076 0.1915
vn -0.08614 0.89674 0.4341
vn -0.10385 0.83135 0.54597
vn -0.03694 0.55535 0.8308
vn -0.03108 0.60846 0.79298
vn -0.02385 0.79313 0.60859
vn -0.03842 0.19494 0.98006
vn -0.03841 0.19495 0.98006
vn -0.03513 0.44202 0.89631
vn -0.02289 0.98076 0.19389
vn -0.02289 0.98076 0.19389
vn -0.06518 0.83127 0.55203
vn -0.06518 0.83127 0.55203
vn -0.09752 0.55528 0.82593
vn -0.09752 0.55528 0.82593
vn -0.11235 0.28648 0.95148
vn -0.13406 0.19505 0.97159
vn -0.11854 0.79313 0.59741
vn -0.15446 0.60846 0.7784
vn -0.15757 0.55535 0.81655
vn -0.17459 0.44202 0.87985
vn -0.1909 0.19494 0.96206
vn -0.1909 0.19495 0.96206
vn -0 0.19509 0.98079
vn 0.00187 0.25882 0.96592
vn 0 0.4423 0.89687
vn -0 0.60875 0.79336
vn 0.0025 0.7071 0.70711
vn 0 0.79335 0.60876
vn -0 0.89687 0.44229
vn 0.00187 0.96592 0.25882
vn 0 0.98079 0.19509
vn -0.1578 0.98705 0.02892
vn -0.1372 0.98707 0.08294
vn -0.09874 0.9871 0.12603
vn -0.46947 0.45245 0.75821
vn 0.35683 0.15578 -0.92109
vn -0.48786 0.15621 -0.85883
vn -0.73824 0.15642 -0.65616
vn -0.87086 0.15613 -0.46607
vn -0.98523 0.15605 0.07046
vn -0.79569 0.15595 0.58528
vn -0.66547 0.15578 0.72999
vn -0.04562 0.15627 0.98666
vn 0.79857 0.13129 0.5874
vn 0.78828 0.15578 0.59528
vn 0.87086 0.15613 0.46607
vn 0.88902 0.11697 0.44268
vn 0.91012 0.15637 0.38372
vn 0.95008 0.15578 0.27032
vn 0.95008 0.15578 0.27032
vn 0.73824 0.15643 0.65615
vn 0.66547 0.15579 0.72999
vn 0.66547 0.15579 0.72999
vn 0.56502 0.15633 0.81013
vn 0.52309 0.1125 0.84482
vn 0.04609 0.0648 0.99683
vn -0.52001 0.15578 0.83984
vn -0.49228 0.08155 0.86661
vn -0.56501 0.15632 0.81014
vn -0.87741 0.09822 0.46958
vn -0.91012 0.15637 0.38372
vn -0.95008 0.15578 0.27032
vn -0.97447 0.1564 0.16107
vn -0.99086 0.1148 -0.07087
vn -0.97447 0.1564 -0.16107
vn -0.95008 0.15579 -0.27032
vn -0.91012 0.15637 -0.38372
vn -0.79858 0.13128 -0.5874
vn -0.18151 0.15578 -0.97097
vn -0.18151 0.15578 -0.97097
vn -0.16387 0.45245 -0.87661
vn -0.04608 0.0648 -0.99683
vn 0.04561 0.15627 -0.98666
vn 0.18151 0.15578 -0.97097
vn 0.49228 0.08154 -0.86661
vn 0.52001 0.15579 -0.83984
vn 0.35683 0.15579 -0.92109
vn 0.56502 0.15633 -0.81013
vn 0.66547 0.15579 -0.72999
vn 0.66547 0.15579 -0.72999
vn 0.73824 0.15643 -0.65615
vn 0.79074 0.1348 -0.59713
vn 0.79569 0.15594 -0.58528
vn 0.88423 0.15578 -0.4403
vn 0.87741 0.09821 -0.46958
vn 0.91012 0.15636 -0.38372
vn 0.95008 0.15578 -0.27032
vn 0.95008 0.15578 -0.27032
vn 0.97447 0.1564 -0.16107
vn 0.988 0.12441 -0.09155
vn 0.98523 0.15604 -0.07046
vn 0.98358 0.15578 0.09114
vn 0.99086 0.1148 0.07087
vn 0.97447 0.1564 0.16107
vn -0.37304 0.70559 0.60248
vn -0.46947 0.45245 0.75821
vn -0.60079 0.45245 0.65904
vn -0.66547 0.15578 0.72999
vn -0.73824 0.15642 0.65615
vn -0.35683 0.15578 -0.92109
vn -0.35683 0.15578 -0.92109
vn -0.32215 0.45245 -0.83157
vn -0.32215 0.45245 -0.83157
vn -0.25598 0.70559 -0.66077
vn 0.16387 0.45245 -0.87661
vn 0.32215 0.45245 -0.83157
vn 0.32215 0.45245 -0.83157
vn 0.46947 0.45245 -0.75822
vn 0.46947 0.45245 -0.75822
vn 0.6008 0.45245 -0.65904
vn 0.60079 0.45245 -0.65904
vn 0.71167 0.45245 -0.53742
vn 0.71166 0.45245 -0.53742
vn 0.7983 0.45245 -0.3975
vn 0.7983 0.45245 -0.3975
vn 0.85775 0.45245 -0.24405
vn 0.85774 0.45245 -0.24405
vn 0.88798 0.45245 -0.08228
vn 0.88798 0.45246 -0.08229
vn 0.88798 0.45246 0.08228
vn 0.88798 0.45245 0.08229
vn 0.85775 0.45245 0.24405
vn 0.85775 0.45245 0.24405
vn 0.7983 0.45245 0.3975
vn 0.7983 0.45245 0.3975
vn 0.71166 0.45245 0.53742
vn 0.71166 0.45245 0.53742
vn 0.6008 0.45245 0.65904
vn 0.6008 0.45245 0.65904
vn 0.46947 0.45245 0.75822
vn 0.46947 0.45245 0.75821
vn 0.32215 0.45245 0.83157
vn 0.32215 0.45245 0.83157
vn 0.16387 0.45245 0.8766
vn 0.16387 0.45245 0.87661
vn -0.35683 0.15578 0.92109
vn -0.35683 0.15578 0.92109
vn -0.32215 0.45245 0.83157
vn -0.32215 0.45245 0.83157
vn -0.25598 0.70559 0.66077
vn -0.25598 0.70559 0.66077
vn -0.16456 0.89022 0.42477
vn -0.56501 0.15633 -0.81014
vn -0.52309 0.1125 -0.84482
vn -0.46947 0.45245 -0.75822
vn -0.46947 0.45245 -0.75821
vn -0.37304 0.7056 -0.60248
vn -0.37304 0.70559 -0.60248
vn -0.23981 0.89022 -0.3873
vn 0 0.70559 -0.70862
vn 0.13021 0.7056 -0.69655
vn 0.13021 0.7056 -0.69655
vn 0.25598 0.7056 -0.66076
vn 0.25598 0.70559 -0.66077
vn 0.37304 0.70559 -0.60248
vn 0.37304 0.7056 -0.60248
vn 0.47739 0.7056 -0.52367
vn 0.47739 0.7056 -0.52367
vn 0.56549 0.7056 -0.42704
vn 0.56549 0.70559 -0.42704
vn 0.63433 0.70559 -0.31586
vn 0.63433 0.7056 -0.31586
vn 0.68156 0.7056 -0.19392
vn 0.68157 0.70559 -0.19392
vn 0.70559 0.70559 -0.06538
vn 0.70559 0.70559 -0.06538
vn 0.70559 0.70559 0.06538
vn 0.70559 0.70559 0.06538
vn 0.68157 0.70559 0.19392
vn 0.68156 0.7056 0.19392
vn 0.63433 0.7056 0.31586
vn 0.63433 0.7056 0.31586
vn 0.56549 0.7056 0.42704
vn 0.56549 0.70559 0.42704
vn 0.47739 0.70559 0.52367
vn 0.47739 0.7056 0.52367
vn 0.37304 0.70559 0.60248
vn 0.37304 0.70559 0.60248
vn 0.25598 0.70559 0.66077
vn 0.25598 0.70559 0.66077
vn 0.13021 0.70559 0.69655
vn 0.13021 0.70559 0.69655
vn -0.18151 0.15578 0.97097
vn -0.18151 0.15578 0.97097
vn -0.16387 0.45245 0.8766
vn -0.16387 0.45245 0.8766
vn -0.13021 0.70559 0.69655
vn -0.13021 0.70559 0.69655
vn -0.0837 0.89022 0.44778
vn -0.0837 0.89022 0.44778
vn -0.02785 0.98845 0.14899
vn -0.04754 0.98715 0.15256
vn -0.43814 0.89022 -0.12466
vn -0.40778 0.89022 -0.20305
vn -0.40778 0.89022 -0.20305
vn -0.63433 0.7056 -0.31586
vn -0.11189 0.9874 -0.11189
vn -0.12331 0.98799 -0.09312
vn -0.36352 0.89022 -0.27452
vn -0.36352 0.89022 -0.27452
vn -0.56549 0.7056 -0.42703
vn -0.56549 0.70559 -0.42704
vn -0.71166 0.45245 -0.53742
vn -0.0837 0.89022 -0.44778
vn 0 0.89022 -0.45553
vn 0 0.89022 -0.45553
vn 0.0837 0.89022 -0.44778
vn 0.0837 0.89022 -0.44778
vn 0.16456 0.89022 -0.42477
vn 0.16456 0.89022 -0.42477
vn 0.23981 0.89022 -0.3873
vn 0.23981 0.89022 -0.3873
vn 0.30689 0.89022 -0.33664
vn 0.30689 0.89022 -0.33664
vn 0.36352 0.89022 -0.27452
vn 0.36352 0.89022 -0.27452
vn 0.40778 0.89022 -0.20305
vn 0.40778 0.89022 -0.20305
vn 0.43814 0.89022 -0.12466
vn 0.43814 0.89022 -0.12466
vn 0.45359 0.89022 -0.04203
vn 0.45359 0.89022 -0.04203
vn 0.45359 0.89022 0.04203
vn 0.45359 0.89022 0.04203
vn 0.43814 0.89022 0.12466
vn 0.43814 0.89022 0.12466
vn 0.40778 0.89022 0.20305
vn 0.40778 0.89022 0.20305
vn 0.36352 0.89022 0.27452
vn 0.36352 0.89022 0.27452
vn 0.30689 0.89022 0.33664
vn 0.30689 0.89022 0.33664
vn 0.23981 0.89022 0.3873
vn 0.23981 0.89022 0.3873
vn 0.16456 0.89022 0.42477
vn 0.16456 0.89022 0.42477
vn 0.0837 0.89022 0.44778
vn 0.0837 0.89022 0.44778
vn -0.00841 0.99025 0.13901
vn 0.48786 0.15621 0.85883
vn 0.35683 0.15579 0.92109
vn 0.35683 0.15578 0.92109
vn 0.18151 0.15578 0.97097
vn 0.18151 0.15578 0.97097
vn -0 0.15578 0.98779
vn -0 0.45245 0.89179
vn -0 0.70559 0.70862
vn -0 0.70559 0.70862
vn -0 0.89022 0.45553
vn -0 0.89022 0.45553
vn -0 0.98648 0.16389
vn -0.02751 0.98829 0.1501
vn -0.79073 0.1348 0.59714
vn -0.71166 0.45245 0.53742
vn -0.60079 0.45245 0.65904
vn -0.47739 0.70559 0.52367
vn -0.37304 0.70559 0.60248
vn -0.23981 0.89022 0.3873
vn -0.16456 0.89022 0.42477
vn -0.05851 0.9868 0.15103
vn -0.05785 0.99002 0.12854
vn -0.88423 0.15578 0.4403
vn -0.7983 0.45245 0.39751
vn -0.71167 0.45245 0.53742
vn -0.56549 0.70559 0.42704
vn -0.47739 0.70559 0.52367
vn -0.30689 0.89022 0.33664
vn -0.23981 0.89022 0.3873
vn -0.07939 0.98856 0.12822
vn -0.07954 0.98811 0.13158
vn -0.95008 0.15579 0.27032
vn -0.85775 0.45245 0.24405
vn -0.7983 0.45245 0.39751
vn -0.63433 0.7056 0.31586
vn -0.56549 0.7056 0.42704
vn -0.36352 0.89022 0.27452
vn -0.30689 0.89022 0.33664
vn -0.10792 0.98709 0.11839
vn -0.10084 0.98978 0.10084
vn -0.988 0.12442 0.09155
vn -0.88799 0.45245 0.08228
vn -0.85775 0.45245 0.24405
vn -0.68157 0.70559 0.19392
vn -0.63433 0.70559 0.31586
vn -0.40777 0.89022 0.20305
vn -0.36352 0.89022 0.27452
vn -0.11983 0.98866 0.09049
vn -0.12187 0.98794 0.09548
vn -0.98358 0.15579 -0.09114
vn -0.88799 0.45245 -0.08228
vn -0.88799 0.45245 0.08228
vn -0.70559 0.70559 0.06538
vn -0.68157 0.70559 0.19392
vn -0.43814 0.89022 0.12466
vn -0.40778 0.89022 0.20305
vn -0.14195 0.98735 0.07068
vn -0.1315 0.98955 0.05918
vn -0.95008 0.15578 -0.27032
vn -0.85775 0.45245 -0.24405
vn -0.88799 0.45245 -0.08228
vn -0.70559 0.70559 -0.06538
vn -0.70559 0.70559 0.06538
vn -0.45359 0.89022 0.04203
vn -0.43814 0.89022 0.12466
vn -0.1439 0.98874 0.04094
vn -0.14876 0.98779 0.04635
vn -0.88902 0.11697 -0.44268
vn -0.7983 0.45245 -0.39751
vn -0.85775 0.45245 -0.24405
vn -0.68157 0.70559 -0.19392
vn -0.70559 0.70559 -0.06538
vn -0.45359 0.89022 -0.04203
vn -0.45359 0.89022 0.04203
vn -0.15642 0.98758 0.01449
vn -0.14549 0.98932 0.0088
vn -0.78827 0.15578 -0.59528
vn -0.71166 0.45245 -0.53742
vn -0.7983 0.45245 -0.39751
vn -0.63433 0.70559 -0.31586
vn -0.68157 0.70559 -0.19392
vn -0.43814 0.89022 -0.12466
vn -0.45359 0.89022 -0.04203
vn -0.14853 0.98881 -0.01376
vn -0.15643 0.98764 -0.00946
vn -0.11705 0.98888 -0.0917
vn -0.1372 0.98707 -0.08294
vn -0.13322 0.98886 -0.06634
vn -0.14365 0.98752 -0.06465
vn -0.14979 0.9878 -0.04262
vn -0.14059 0.9891 -0.04381
vn -0.1578 0.98705 -0.02892
vn -0.09874 0.9871 -0.12603
vn -0.1001 0.9889 -0.1098
vn -0.30689 0.89022 -0.33664
vn -0.30689 0.89022 -0.33664
vn -0.47739 0.7056 -0.52367
vn -0.47739 0.7056 -0.52367
vn -0.60079 0.45245 -0.65904
vn -0.60079 0.45245 -0.65904
vn -0.66547 0.15578 -0.72999
vn -0.66547 0.15578 -0.72999
vn 0 0.15578 -0.98779
vn 0 0.45245 -0.89179
vn -0.16387 0.45245 -0.87661
vn -0.13021 0.7056 -0.69655
vn -0.25598 0.7056 -0.66076
vn -0.16456 0.89022 -0.42477
vn -0.23981 0.89022 -0.3873
vn -0.08076 0.98816 -0.13044
vn -0.07763 0.98868 -0.12842
vn 0.18151 0.15578 -0.97097
vn 0.16387 0.45245 -0.87661
vn 0 0.7056 -0.70862
vn -0.13021 0.70559 -0.69655
vn -0.0837 0.89022 -0.44778
vn -0.16456 0.89022 -0.42477
vn -0.05362 0.98892 -0.13841
vn -0.0652 0.9873 -0.14486
vn 0.00723 0.98766 0.15643
vn 0.02886 0.98758 0.15441
vn 0.02886 0.98758 0.15441
vn 0.05675 0.98758 0.14648
vn 0.05675 0.98758 0.14648
vn 0.0827 0.98758 0.13356
vn 0.0827 0.98758 0.13356
vn 0.10583 0.98758 0.11609
vn 0.10583 0.98758 0.11609
vn 0.12536 0.98758 0.09467
vn 0.12536 0.98758 0.09467
vn 0.14062 0.98758 0.07002
vn 0.14062 0.98758 0.07002
vn 0.15109 0.98758 0.04299
vn 0.15109 0.98758 0.04299
vn 0.15642 0.98758 0.01449
vn 0.15642 0.98758 0.01449
vn 0.15642 0.98758 -0.01449
vn 0.15642 0.98758 -0.01449
vn 0.15109 0.98758 -0.04299
vn 0.15109 0.98758 -0.04299
vn 0.14062 0.98758 -0.07002
vn 0.14062 0.98758 -0.07002
vn 0.12536 0.98758 -0.09467
vn 0.12536 0.98758 -0.09467
vn 0.10583 0.98758 -0.11609
vn 0.10583 0.98758 -0.11609
vn 0.0827 0.98758 -0.13356
vn 0.0827 0.98758 -0.13356
vn 0.05675 0.98758 -0.14648
vn 0.05675 0.98758 -0.14648
vn 0.02886 0.98758 -0.15441
vn 0.02886 0.98758 -0.15441
vn 0.00723 0.98766 -0.15643
vn 0 0.98893 -0.14839
vn -0.00962 0.98722 -0.15908
vn -0.02801 0.98831 -0.14984
vn -0.02728 0.98848 -0.14889
vn -0.04754 0.98715 -0.15256
vn 0 0.25882 -0.96593
vn 0 0.25882 -0.96593
vn 0 0.70711 -0.70711
vn 0 0.96593 -0.25882
vn -0.19728 0.25871 -0.94559
vn -0.14444 0.70695 -0.69235
vn -0.05288 0.9659 -0.25347
vn -0.05288 0.9659 -0.25347
vn -0.0379 0.9659 -0.25613
vn -0.0379 0.9659 -0.25613
vn -0.02279 0.9659 -0.25792
vn -0.02279 0.9659 -0.25792
vn -0.00761 0.9659 -0.25881
vn -0.00761 0.9659 -0.25881
vn -0.14444 0.70695 -0.69235
vn -0.10353 0.70695 -0.69964
vn -0.10353 0.70695 -0.69964
vn -0.06226 0.70695 -0.70451
vn -0.06226 0.70695 -0.70451
vn -0.02078 0.70695 -0.70695
vn -0.02078 0.70695 -0.70695
vn -0.19728 0.25872 -0.94559
vn -0.1414 0.25872 -0.95555
vn -0.1414 0.25871 -0.95555
vn -0.08504 0.25871 -0.9622
vn -0.08504 0.25871 -0.9622
vn -0.02838 0.25871 -0.96554
vn -0.02838 0.25871 -0.96554
vn -0.05288 0.9659 -0.25347
vn -0.14444 0.70695 -0.69235
vn -0.19728 0.25871 -0.94559
vn -0.19728 0.25872 -0.94559
vn -0.1414 0.25872 -0.95555
vn -0.1414 0.25871 -0.95555
vn -0.08504 0.25871 -0.9622
vn -0.08504 0.25871 -0.9622
vn -0.02838 0.25871 -0.96554
vn -0.02838 0.25872 -0.96554
vn -0.14444 0.70695 -0.69235
vn -0.10353 0.70695 -0.69964
vn -0.10353 0.70695 -0.69964
vn -0.06226 0.70695 -0.70451
vn -0.06226 0.70695 -0.70451
vn -0.02078 0.70695 -0.70695
vn -0.02078 0.70695 -0.70695
vn -0.05288 0.9659 -0.25347
vn -0.0379 0.9659 -0.25613
vn -0.0379 0.9659 -0.25613
vn -0.02279 0.9659 -0.25792
vn -0.02279 0.9659 -0.25792
vn -0.00761 0.9659 -0.25881
vn -0.00761 0.9659 -0.25881
vn 0 0.96593 -0.25882
vn 0 0.96593 -0.25882
vn 0 0.70711 -0.70711
vn 0 0.25882 -0.96593
vn -0.964 0.2583 -0.06318
vn -0.70635 0.70635 -0.0463
vn -0.25878 0.96579 -0.01696
vn -0.25878 0.96579 -0.01696
vn -0.25435 0.96579 -0.05059
vn -0.25435 0.96579 -0.05059
vn -0.24557 0.96579 -0.08336
vn -0.24557 0.96579 -0.08336
vn -0.23259 0.96579 -0.1147
vn -0.23259 0.96579 -0.1147
vn -0.21563 0.96579 -0.14408
vn -0.21563 0.96579 -0.14408
vn -0.19498 0.96579 -0.17099
vn -0.19498 0.96579 -0.17099
vn -0.17099 0.96579 -0.19498
vn -0.17099 0.96579 -0.19498
vn -0.14408 0.96579 -0.21563
vn -0.14408 0.96579 -0.21563
vn -0.1147 0.96579 -0.23259
vn -0.1147 0.96579 -0.23259
vn -0.08336 0.96579 -0.24557
vn -0.08336 0.96579 -0.24557
vn -0.05059 0.96579 -0.25435
vn -0.05059 0.96579 -0.25435
vn -0.01696 0.96579 -0.25878
vn -0.01696 0.96579 -0.25878
vn -0.70635 0.70635 -0.0463
vn -0.69426 0.70635 -0.1381
vn -0.69426 0.70635 -0.1381
vn -0.6703 0.70635 -0.22753
vn -0.6703 0.70635 -0.22754
vn -0.63486 0.70635 -0.31308
vn -0.63486 0.70635 -0.31308
vn -0.58857 0.70635 -0.39327
vn -0.58857 0.70635 -0.39327
vn -0.5322 0.70635 -0.46673
vn -0.5322 0.70635 -0.46673
vn -0.46673 0.70635 -0.5322
vn -0.46673 0.70635 -0.5322
vn -0.39327 0.70635 -0.58857
vn -0.39327 0.70635 -0.58857
vn -0.31308 0.70635 -0.63486
vn -0.31308 0.70635 -0.63486
vn -0.22754 0.70635 -0.6703
vn -0.22754 0.70635 -0.6703
vn -0.1381 0.70635 -0.69426
vn -0.1381 0.70635 -0.69426
vn -0.0463 0.70635 -0.70635
vn -0.0463 0.70635 -0.70635
vn -0.964 0.2583 -0.06318
vn -0.9475 0.2583 -0.18847
vn -0.9475 0.2583 -0.18847
vn -0.9148 0.2583 -0.31053
vn -0.91479 0.25831 -0.31053
vn -0.86644 0.25831 -0.42728
vn -0.86644 0.2583 -0.42728
vn -0.80325 0.2583 -0.53672
vn -0.80325 0.2583 -0.53672
vn -0.72633 0.2583 -0.63697
vn -0.72633 0.2583 -0.63697
vn -0.63697 0.2583 -0.72633
vn -0.63697 0.2583 -0.72633
vn -0.53672 0.2583 -0.80325
vn -0.53672 0.2583 -0.80325
vn -0.42728 0.2583 -0.86644
vn -0.42728 0.2583 -0.86644
vn -0.31053 0.2583 -0.9148
vn -0.31053 0.2583 -0.9148
vn -0.18847 0.2583 -0.9475
vn -0.18847 0.2583 -0.9475
vn -0.06318 0.2583 -0.964
vn -0.06318 0.2583 -0.964
vn -0.96593 0.25882 0
vn -0.70711 0.70711 0
vn -0.25882 0.96593 0
vn -0.06318 0.25831 0.964
vn -0.0463 0.70635 0.70635
vn -0.01696 0.96579 0.25878
vn -0.01696 0.96579 0.25878
vn -0.05059 0.96579 0.25435
vn -0.05059 0.96579 0.25435
vn -0.08336 0.96579 0.24557
vn -0.08336 0.96579 0.24557
vn -0.1147 0.96579 0.23259
vn -0.1147 0.96579 0.23259
vn -0.14408 0.96579 0.21563
vn -0.14408 0.96579 0.21563
vn -0.17099 0.96579 0.19498
vn -0.17099 0.96579 0.19498
vn -0.19498 0.96579 0.17099
vn -0.19498 0.96579 0.17099
vn -0.21563 0.96579 0.14408
vn -0.21563 0.96579 0.14408
vn -0.23259 0.96579 0.1147
vn -0.23259 0.96579 0.1147
vn -0.24557 0.96579 0.08336
vn -0.24557 0.96579 0.08336
vn -0.25435 0.96579 0.05059
vn -0.25435 0.96579 0.05059
vn -0.25878 0.96579 0.01696
vn -0.25878 0.96579 0.01696
vn -0.0463 0.70635 0.70635
vn -0.1381 0.70635 0.69426
vn -0.1381 0.70635 0.69426
vn -0.22754 0.70635 0.6703
vn -0.22753 0.70635 0.6703
vn -0.31308 0.70635 0.63486
vn -0.31308 0.70635 0.63487
vn -0.39327 0.70635 0.58857
vn -0.39327 0.70635 0.58857
vn -0.46673 0.70635 0.5322
vn -0.46673 0.70635 0.5322
vn -0.5322 0.70635 0.46673
vn -0.5322 0.70635 0.46673
vn -0.58857 0.70635 0.39327
vn -0.63486 0.70635 0.31308
vn -0.63487 0.70635 0.31308
vn -0.6703 0.70635 0.22753
vn -0.67029 0.70635 0.22754
vn -0.69426 0.70635 0.1381
vn -0.69426 0.70635 0.1381
vn -0.70635 0.70635 0.0463
vn -0.70635 0.70635 0.0463
vn -0.06318 0.2583 0.964
vn -0.18847 0.2583 0.9475
vn -0.18847 0.25831 0.9475
vn -0.31053 0.25831 0.91479
vn -0.31053 0.2583 0.9148
vn -0.42728 0.2583 0.86644
vn -0.42728 0.2583 0.86644
vn -0.53671 0.2583 0.80325
vn -0.53672 0.2583 0.80325
vn -0.63697 0.2583 0.72633
vn -0.63697 0.2583 0.72633
vn -0.72633 0.2583 0.63697
vn -0.72633 0.2583 0.63697
vn -0.80325 0.2583 0.53672
vn -0.80325 0.2583 0.53672
vn -0.86644 0.2583 0.42728
vn -0.86644 0.25831 0.42728
vn -0.91479 0.25831 0.31053
vn -0.9148 0.2583 0.31053
vn -0.9475 0.2583 0.18847
vn -0.9475 0.2583 0.18847
vn -0.964 0.2583 0.06318
vn -0.964 0.2583 0.06318
vn 0 0.96593 0.25882
vn 0 0.96593 0.25882
vn 0 0.7071 0.70711
vn 0 0.25882 0.96592
vn -0.038 0.98076 0.1915
vn -0.01014 0.96588 0.25881
vn -0.11854 0.79313 0.59741
vn -0.02771 0.70683 0.70684
vn -0.13203 0.25877 0.95687
vn -0.11518 0.18762 0.97547
vn -0.09446 0.25877 0.96131
vn -0.03784 0.25863 0.96524
vn -0.03783 0.25864 0.96523
vn -0.18801 0.25863 0.9475
vn -0.19934 0.19501 0.96033
vn -0.17459 0.44201 0.87985
vn -0.02771 0.70684 0.70683
vn -0.08295 0.70684 0.7025
vn -0.08295 0.70683 0.7025
vn -0.13768 0.70683 0.69385
vn -0.17114 0.6087 0.77472
vn -0.01014 0.96588 0.25881
vn -0.03037 0.96588 0.25722
vn -0.03037 0.96588 0.25722
vn -0.05041 0.96588 0.25405
vn -0.11075 0.89684 0.42826
vn 0 1 -0
vn 0 1 -0
vn 0 1 -0
vn 0 1 -0
vn 0 1 -0
vn 0 1 -0
vn 0 1 -0
vn 0 1 -0
vn 0 1 -0
vn 0 1 -0
vn 0 1 -0
vn 0 1 -0
vn 0 1 -0
vn 0 1 -0
vn 0 1 -0
vn 0 1 -0
vn 0 1 -0
vn 0 1 -0
vn 0 1 -0
vn 0 1 -0
vn 0 1 -0
vn 0 1 -0
vn 0 1 -0
vn 0 1 -0
vn 0 1 -0
vn 0 1 -0
vn 0 1 -0
vn 0 1 -0
vn 0 1 -0
vn 0 1 -0
vn 0 1 -0
vn 0 1 -0
vn 0 1 -0
vn 0 1 -0
vn 0 1 -0
vn 0 1 -0
vn 0 1 -0
vn 0 1 -0
vn 0 1 -0
vn 0 1 -0
vn 0 1 -0
vn 0 1 -0
vn 0 1 -0
vn 0 1 -0
vn 0 1 -0
vn 0 1 -0
vn 0 1 -0
vn 0 1 -0
vn 0 1 -0
vn 0 1 -0
vn 0 1 -0
vn 0 1 -0
vn 0 1 -0
vn 0 1 -0
vn 0 1 -0
vn 0 1 -0
vn 0 1 -0
vn 0 1 -0
vn 0 1 -0
vn 0 1 -0
vn 0 1 -0
vn 0 1 -0
vn 0 1 -0
vn 0 1 -0
vn 0 1 -0
vn 0 1 -0
vn 0 1 -0
vn 0 1 -0
vn 0 1 -0
vn 0 1 -0
vn 0 1 -0
vn 0 1 -0
vn 0 1 -0
vn 0 1 -0
vn 0 1 -0
vn 0 1 -0
vn 0 1 -0
vn 0 1 -0
vn 0 1 -0
vn 0 1 -0
vn 0 1 -0
vn 0 1 -0
vn 0 1 -0
vn 0 1 -0
vn 0 1 -0
vn 0 1 -0
vn 0 1 -0
vn 0 1 -0
vn 0 1 -0
vn 0 1 -0
vn 0 1 -0
vn 0 1 -0
vn 0 1 -0
vn 0 1 -0
vn 0 1 -0
vn 0 1 -0
vn 0 1 -0
vn 0 1 -0
vn 0 1 -0
vn 0 1 -0
vn 0 1 -0
vn 0 1 -0
vn 0 1 -0
vn 0 1 -0
vn 0 1 -0
vn 0 1 -0
vn 0 1 -0
vn 0 1 -0
vn 0 1 -0
vn 0 1 -0
vn 0 1 -0
vn -0 1 0
vn 1 0 -0
vn 0.10453 0 0.99452
vn 0.40674 0 0.91355
vn 0.74314 0 0.66913
vn 0.95106 0 0.30902
vn 0.99452 0 -0.10453
vn 0.86603 0 -0.5
vn 0.58779 0 -0.80902
vn 0.20791 0 -0.97815
vn -0.20791 -0 -0.97815
vn -0.58779 -0 -0.80902
vn -0.86603 -0 -0.5
vn -0.99452 -0 -0.10453
vn -0.95106 0 0.30902
vn -0.74314 0 0.66913
vn -0.40674 0 0.91355
vn -0.10453 0 0.99452
vn -0 0.02458 0.9997
vn 0.25882 0 -0.96593
vn 0.70711 0 -0.70711
vn 0.96593 0 -0.25882
vn 0.96593 0 0.25882
vn 0.70711 0 0.70711
vn 0.25882 0 0.96593
vn -0.25882 0 0.96593
vn -0.70711 0 0.70711
vn -0.96593 0 0.25882
vn -0.96593 -0 -0.25882
vn -0.70711 -0 -0.70711
vn -0.25882 -0 -0.96593
usemtl mat2
f 3//1 2//1 4//1
f 5//2 6//2 7//2
f 7//3 6//3 8//3
f 7//4 8//4 9//4
f 5//5 7//5 10//5
f 10//6 7//6 11//6
f 10//7 11//7 12//7
f 12//8 11//8 13//8
f 12//9 13//9 14//9
f 14//10 13//10 15//10
f 14//11 15//11 16//11
f 17//12 18//12 19//12
f 17//13 19//13 20//13
f 20//14 19//14 21//14
f 20//15 21//15 22//15
f 22//16 21//16 23//16
f 22//17 23//17 24//17
f 24//18 23//18 25//18
f 24//19 25//19 26//19
f 16//20 27//20 14//20
f 14//21 27//21 28//21
f 14//22 28//22 12//22
f 12//23 28//23 10//23
f 10//24 28//24 29//24
f 10//25 29//25 5//25
f 5//26 29//26 30//26
f 5//27 30//27 6//27
f 6//28 30//28 31//28
f 6//29 31//29 8//29
f 32//30 26//30 31//30
f 31//30 26//30 8//30
f 33//31 17//31 34//31
f 34//32 17//32 20//32
f 34//33 20//33 35//33
f 35//34 20//34 22//34
f 35//35 22//35 36//35
f 36//36 22//36 24//36
f 36//37 24//37 32//37
f 32//38 24//38 26//38
f 8//1 26//1 9//1
f 9//1 26//1 25//1
f 9//1 25//1 37//1
f 37//1 25//1 38//1
f 39//39 40//39 41//39
f 39//39 41//39 42//39
f 42//40 41//40 43//40
f 42//40 43//40 44//40
f 45//41 46//41 47//41
f 45//41 47//41 48//41
f 48//42 47//42 49//42
f 48//42 49//42 50//42
f 51//43 52//43 33//43
f 51//43 33//43 53//43
f 54//43 55//43 27//43
f 27//43 55//43 56//43
f 27//43 56//43 28//43
f 28//43 56//43 57//43
f 28//43 57//43 29//43
f 29//43 57//43 58//43
f 29//43 58//43 30//43
f 30//43 58//43 31//43
f 31//43 58//43 32//43
f 32//43 58//43 59//43
f 32//43 59//43 36//43
f 36//43 59//43 60//43
f 36//43 60//43 35//43
f 53//43 33//43 60//43
f 60//43 33//43 34//43
f 60//43 34//43 35//43
f 46//44 45//44 61//44
f 61//45 45//45 62//45
f 61//46 62//46 63//46
f 40//47 39//47 64//47
f 65//48 66//48 67//48
f 67//48 66//48 68//48
f 67//49 68//49 69//49
f 69//49 68//49 70//49
f 69//50 70//50 71//50
f 71//50 70//50 72//50
f 71//51 72//51 73//51
f 73//51 72//51 74//51
f 73//52 74//52 75//52
f 75//52 74//52 76//52
f 75//53 76//53 77//53
f 77//53 76//53 63//53
f 77//54 63//54 64//54
f 64//55 63//55 62//55
f 64//56 62//56 40//56
f 78//57 79//57 80//57
f 80//58 79//58 37//58
f 80//59 37//59 81//59
f 81//60 37//60 38//60
f 81//61 38//61 82//61
f 82//62 38//62 83//62
f 84//63 85//63 86//63
f 87//64 88//64 89//64
f 89//65 88//65 90//65
f 89//66 90//66 86//66
f 86//67 90//67 91//67
f 86//68 91//68 84//68
f 92//69 93//69 94//69
f 69//70 71//70 95//70
f 77//71 64//71 96//71
f 97//72 98//72 99//72
f 99//73 98//73 100//73
f 99//74 100//74 101//74
f 101//75 100//75 102//75
f 64//76 39//76 96//76
f 96//77 39//77 103//77
f 96//78 103//78 104//78
f 104//79 103//79 105//79
f 104//80 105//80 106//80
f 106//81 105//81 107//81
f 106//82 107//82 108//82
f 108//83 107//83 109//83
f 108//84 109//84 110//84
f 110//85 109//85 111//85
f 110//86 111//86 112//86
f 112//87 111//87 113//87
f 112//88 113//88 114//88
f 114//89 113//89 102//89
f 114//90 102//90 115//90
f 115//91 102//91 100//91
f 116//92 92//92 117//92
f 117//93 92//93 94//93
f 117//94 94//94 118//94
f 118//95 94//95 119//95
f 118//96 119//96 120//96
f 120//97 119//97 121//97
f 120//98 121//98 67//98
f 67//99 121//99 65//99
f 67//100 69//100 120//100
f 120//101 69//101 95//101
f 120//102 95//102 118//102
f 118//103 95//103 122//103
f 118//104 122//104 117//104
f 117//105 122//105 123//105
f 117//106 123//106 116//106
f 116//107 123//107 124//107
f 116//108 124//108 125//108
f 71//109 73//109 95//109
f 95//110 73//110 126//110
f 95//111 126//111 122//111
f 122//112 126//112 127//112
f 122//113 127//113 123//113
f 123//114 127//114 128//114
f 123//115 128//115 124//115
f 124//116 128//116 129//116
f 124//117 129//117 125//117
f 125//118 129//118 130//118
f 125//119 130//119 131//119
f 73//120 75//120 126//120
f 126//121 75//121 132//121
f 126//122 132//122 127//122
f 127//123 132//123 133//123
f 127//124 133//124 128//124
f 128//125 133//125 134//125
f 128//126 134//126 129//126
f 129//127 134//127 135//127
f 129//128 135//128 130//128
f 130//129 135//129 136//129
f 130//130 136//130 131//130
f 131//131 136//131 137//131
f 131//132 137//132 138//132
f 75//133 77//133 132//133
f 132//134 77//134 96//134
f 132//135 96//135 133//135
f 133//136 96//136 104//136
f 133//137 104//137 134//137
f 134//138 104//138 106//138
f 134//139 106//139 135//139
f 135//140 106//140 108//140
f 135//141 108//141 136//141
f 136//142 108//142 110//142
f 136//143 110//143 137//143
f 137//144 110//144 112//144
f 137//145 112//145 138//145
f 138//146 112//146 114//146
f 138//147 114//147 139//147
f 139//148 114//148 115//148
f 107//149 140//149 141//149
f 142//150 143//150 144//150
f 144//151 145//151 142//151
f 142//152 145//152 146//152
f 142//153 146//153 147//153
f 42//154 44//154 148//154
f 149//155 103//155 42//155
f 42//156 103//156 39//156
f 140//157 107//157 149//157
f 149//158 107//158 105//158
f 149//159 105//159 103//159
f 113//160 111//160 141//160
f 141//161 111//161 109//161
f 141//162 109//162 107//162
f 141//163 150//163 113//163
f 113//164 150//164 151//164
f 113//165 151//165 102//165
f 42//166 148//166 149//166
f 149//167 148//167 152//167
f 149//168 152//168 140//168
f 140//169 152//169 153//169
f 140//170 153//170 141//170
f 141//171 153//171 154//171
f 141//172 154//172 150//172
f 150//173 154//173 155//173
f 150//174 155//174 151//174
f 151//175 155//175 147//175
f 151//176 147//176 156//176
f 156//177 147//177 146//177
f 156//178 146//178 157//178
f 102//179 151//179 101//179
f 101//180 151//180 156//180
f 101//181 156//181 99//181
f 99//182 156//182 157//182
f 99//183 157//183 97//183
f 158//1 159//1 143//1
f 160//1 148//1 161//1
f 161//1 148//1 44//1
f 161//1 44//1 43//1
f 162//1 163//1 147//1
f 147//1 163//1 142//1
f 142//1 163//1 164//1
f 142//1 164//1 143//1
f 143//1 164//1 165//1
f 143//1 165//1 158//1
f 147//1 155//1 162//1
f 162//1 155//1 154//1
f 162//1 154//1 166//1
f 166//1 154//1 153//1
f 166//1 153//1 160//1
f 160//1 153//1 152//1
f 160//1 152//1 148//1
f 167//184 43//184 168//184
f 168//185 43//185 41//185
f 168//186 41//186 62//186
f 62//187 41//187 40//187
f 50//188 167//188 48//188
f 48//189 167//189 168//189
f 48//190 168//190 45//190
f 45//191 168//191 62//191
f 169//192 170//192 171//192
f 170//193 172//193 173//193
f 172//194 159//194 174//194
f 172//195 174//195 173//195
f 173//196 174//196 175//196
f 173//197 175//197 176//197
f 176//198 175//198 177//198
f 176//199 177//199 178//199
f 178//200 177//200 179//200
f 178//201 179//201 180//201
f 180//202 179//202 181//202
f 180//203 181//203 182//203
f 182//204 181//204 183//204
f 182//205 183//205 184//205
f 184//206 183//206 185//206
f 184//207 185//207 186//207
f 186//208 185//208 187//208
f 186//209 187//209 188//209
f 188//210 187//210 189//210
f 188//211 189//211 190//211
f 190//212 189//212 191//212
f 190//213 191//213 192//213
f 192//214 191//214 193//214
f 192//215 193//215 194//215
f 194//216 193//216 195//216
f 194//217 195//217 196//217
f 196//218 195//218 197//218
f 196//219 197//219 198//219
f 198//220 197//220 199//220
f 198//221 199//221 200//221
f 200//222 199//222 201//222
f 200//223 201//223 202//223
f 202//224 201//224 203//224
f 202//225 203//225 204//225
f 204//226 203//226 205//226
f 204//227 205//227 206//227
f 206//228 205//228 207//228
f 206//229 207//229 208//229
f 208//230 207//230 209//230
f 208//231 209//231 210//231
f 210//232 209//232 211//232
f 210//233 211//233 212//233
f 212//234 211//234 213//234
f 212//235 213//235 214//235
f 214//236 213//236 215//236
f 214//237 215//237 216//237
f 216//238 215//238 217//238
f 216//239 217//239 218//239
f 218//240 217//240 219//240
f 218//241 219//241 220//241
f 220//242 219//242 221//242
f 220//243 221//243 222//243
f 222//244 221//244 223//244
f 222//245 223//245 224//245
f 170//246 173//246 171//246
f 171//247 173//247 176//247
f 171//248 176//248 225//248
f 225//249 176//249 178//249
f 225//250 178//250 226//250
f 226//251 178//251 180//251
f 226//252 180//252 227//252
f 227//253 180//253 182//253
f 227//254 182//254 228//254
f 228//255 182//255 184//255
f 228//256 184//256 229//256
f 229//257 184//257 186//257
f 229//258 186//258 230//258
f 230//259 186//259 188//259
f 230//260 188//260 231//260
f 231//261 188//261 190//261
f 231//262 190//262 232//262
f 232//263 190//263 192//263
f 232//264 192//264 233//264
f 233//265 192//265 194//265
f 233//266 194//266 234//266
f 234//267 194//267 196//267
f 234//268 196//268 235//268
f 235//269 196//269 198//269
f 235//270 198//270 236//270
f 236//271 198//271 200//271
f 236//272 200//272 237//272
f 237//273 200//273 202//273
f 237//274 202//274 238//274
f 238//275 202//275 204//275
f 238//276 204//276 239//276
f 239//277 204//277 206//277
f 239//278 206//278 240//278
f 240//279 206//279 208//279
f 240//280 208//280 241//280
f 241//281 208//281 210//281
f 241//282 210//282 242//282
f 242//283 210//283 212//283
f 242//284 212//284 243//284
f 243//285 212//285 214//285
f 243//286 214//286 244//286
f 244//287 214//287 216//287
f 244//288 216//288 245//288
f 245//289 216//289 218//289
f 245//290 218//290 246//290
f 246//291 218//291 220//291
f 246//292 220//292 247//292
f 247//293 220//293 222//293
f 247//294 222//294 248//294
f 248//295 222//295 224//295
f 248//296 224//296 249//296
f 169//297 171//297 250//297
f 250//298 171//298 225//298
f 250//299 225//299 251//299
f 251//300 225//300 226//300
f 251//301 226//301 252//301
f 252//302 226//302 227//302
f 252//303 227//303 253//303
f 253//304 227//304 228//304
f 253//305 228//305 254//305
f 254//306 228//306 229//306
f 254//307 229//307 255//307
f 255//308 229//308 230//308
f 255//309 230//309 256//309
f 256//310 230//310 231//310
f 256//311 231//311 257//311
f 257//312 231//312 232//312
f 257//313 232//313 258//313
f 258//314 232//314 233//314
f 258//315 233//315 259//315
f 259//316 233//316 234//316
f 259//317 234//317 260//317
f 260//318 234//318 235//318
f 260//319 235//319 261//319
f 261//320 235//320 236//320
f 261//321 236//321 262//321
f 262//322 236//322 237//322
f 262//323 237//323 263//323
f 263//324 237//324 238//324
f 263//325 238//325 264//325
f 264//326 238//326 239//326
f 264//327 239//327 265//327
f 265//328 239//328 240//328
f 265//329 240//329 266//329
f 266//330 240//330 241//330
f 266//331 241//331 267//331
f 267//332 241//332 242//332
f 267//333 242//333 268//333
f 268//334 242//334 243//334
f 268//335 243//335 269//335
f 269//336 243//336 244//336
f 269//337 244//337 270//337
f 270//338 244//338 245//338
f 270//339 245//339 271//339
f 271//340 245//340 246//340
f 271//341 246//341 272//341
f 272//342 246//342 247//342
f 272//343 247//343 273//343
f 273//344 247//344 248//344
f 273//345 248//345 274//345
f 274//346 248//346 249//346
f 274//347 249//347 275//347
f 276//1 50//1 49//1
f 277//1 223//1 278//1
f 279//1 280//1 281//1
f 281//1 280//1 282//1
f 281//1 282//1 283//1
f 276//1 49//1 284//1
f 49//1 285//1 284//1
f 284//1 285//1 286//1
f 284//1 286//1 279//1
f 279//1 286//1 287//1
f 279//1 287//1 280//1
f 278//1 288//1 277//1
f 277//1 288//1 289//1
f 277//1 289//1 290//1
f 290//1 289//1 283//1
f 290//1 283//1 291//1
f 291//1 283//1 282//1
f 49//348 47//348 292//348
f 49//349 292//349 285//349
f 285//350 292//350 293//350
f 285//351 293//351 286//351
f 286//352 293//352 294//352
f 286//353 294//353 287//353
f 287//354 294//354 295//354
f 287//355 295//355 280//355
f 280//356 295//356 296//356
f 280//357 296//357 282//357
f 277//358 290//358 297//358
f 297//359 290//359 298//359
f 290//360 291//360 298//360
f 298//361 291//361 299//361
f 298//362 299//362 300//362
f 300//363 299//363 301//363
f 302//364 303//364 299//364
f 299//365 303//365 304//365
f 299//366 304//366 301//366
f 291//367 282//367 299//367
f 299//368 282//368 296//368
f 299//369 296//369 302//369
f 302//370 296//370 295//370
f 302//371 295//371 305//371
f 305//372 295//372 306//372
f 306//373 295//373 294//373
f 306//374 294//374 307//374
f 307//375 294//375 293//375
f 307//376 293//376 308//376
f 308//377 293//377 309//377
f 309//378 293//378 292//378
f 309//379 292//379 310//379
f 310//380 292//380 47//380
f 310//381 47//381 46//381
f 63//382 76//382 311//382
f 312//383 313//383 314//383
f 315//384 316//384 317//384
f 318//385 319//385 320//385
f 319//386 318//386 321//386
f 322//387 302//387 323//387
f 323//388 302//388 305//388
f 323//389 305//389 324//389
f 324//390 305//390 306//390
f 324//391 306//391 325//391
f 325//392 306//392 307//392
f 325//393 307//393 326//393
f 326//394 307//394 308//394
f 326//395 308//395 327//395
f 327//396 308//396 309//396
f 327//397 309//397 328//397
f 328//398 309//398 310//398
f 301//399 304//399 329//399
f 329//400 304//400 303//400
f 329//401 303//401 330//401
f 330//402 303//402 331//402
f 303//403 302//403 331//403
f 331//404 302//404 322//404
f 331//405 322//405 332//405
f 332//406 322//406 321//406
f 333//407 334//407 335//407
f 335//408 334//408 336//408
f 333//409 335//409 337//409
f 337//410 335//410 338//410
f 337//411 338//411 339//411
f 339//412 338//412 340//412
f 339//413 340//413 66//413
f 72//414 70//414 340//414
f 340//415 70//415 68//415
f 340//416 68//416 66//416
f 63//417 311//417 61//417
f 336//418 312//418 335//418
f 335//419 312//419 314//419
f 335//420 314//420 338//420
f 338//421 314//421 341//421
f 338//422 341//422 340//422
f 340//423 341//423 342//423
f 340//424 342//424 72//424
f 312//425 315//425 313//425
f 313//426 315//426 317//426
f 313//427 317//427 314//427
f 314//428 317//428 343//428
f 314//429 343//429 341//429
f 341//430 343//430 344//430
f 341//431 344//431 342//431
f 342//432 344//432 345//432
f 342//433 345//433 72//433
f 72//434 345//434 74//434
f 315//435 318//435 316//435
f 316//436 318//436 320//436
f 316//437 320//437 317//437
f 317//438 320//438 346//438
f 317//439 346//439 343//439
f 343//440 346//440 347//440
f 343//441 347//441 344//441
f 344//442 347//442 348//442
f 344//443 348//443 345//443
f 345//444 348//444 311//444
f 345//445 311//445 74//445
f 74//446 311//446 76//446
f 321//447 322//447 319//447
f 319//448 322//448 323//448
f 319//449 323//449 320//449
f 320//450 323//450 324//450
f 320//451 324//451 346//451
f 346//452 324//452 325//452
f 346//453 325//453 347//453
f 347//454 325//454 326//454
f 347//455 326//455 348//455
f 348//456 326//456 327//456
f 348//457 327//457 311//457
f 311//458 327//458 328//458
f 311//459 328//459 61//459
f 61//460 328//460 310//460
f 61//461 310//461 46//461
f 349//462 350//462 351//462
f 351//463 350//463 352//463
f 351//464 352//464 353//464
f 353//465 352//465 354//465
f 353//466 354//466 355//466
f 355//467 354//467 356//467
f 355//468 356//468 334//468
f 334//469 356//469 336//469
f 58//1 357//1 59//1
f 59//1 357//1 358//1
f 59//1 358//1 359//1
f 58//1 360//1 357//1
f 357//1 360//1 361//1
f 357//1 361//1 362//1
f 362//1 361//1 363//1
f 361//1 364//1 365//1
f 365//1 366//1 361//1
f 361//1 366//1 367//1
f 361//1 367//1 368//1
f 368//1 369//1 361//1
f 361//1 369//1 370//1
f 361//1 370//1 363//1
f 359//1 358//1 371//1
f 371//1 358//1 372//1
f 371//1 372//1 373//1
f 373//1 374//1 371//1
f 371//1 374//1 375//1
f 371//1 375//1 376//1
f 376//1 377//1 378//1
f 378//1 379//1 376//1
f 376//1 379//1 380//1
f 376//1 380//1 371//1
f 381//470 382//470 383//470
f 383//471 382//471 384//471
f 383//472 384//472 385//472
f 385//473 384//473 386//473
f 385//474 386//474 387//474
f 387//475 386//475 388//475
f 387//476 388//476 92//476
f 92//477 388//477 93//477
f 334//1 333//1 389//1
f 389//1 333//1 337//1
f 389//1 337//1 390//1
f 391//1 86//1 392//1
f 392//1 86//1 393//1
f 392//1 393//1 394//1
f 394//1 393//1 395//1
f 394//1 395//1 396//1
f 396//1 395//1 390//1
f 396//1 390//1 397//1
f 391//1 398//1 86//1
f 86//1 398//1 399//1
f 86//1 399//1 89//1
f 390//1 337//1 397//1
f 397//1 337//1 339//1
f 397//1 339//1 400//1
f 400//1 339//1 66//1
f 400//1 66//1 401//1
f 401//1 66//1 65//1
f 401//1 65//1 402//1
f 402//1 65//1 121//1
f 402//1 121//1 403//1
f 403//1 121//1 119//1
f 403//1 119//1 94//1
f 399//1 404//1 89//1
f 89//1 404//1 405//1
f 89//1 405//1 406//1
f 406//1 405//1 407//1
f 406//1 407//1 408//1
f 408//1 407//1 409//1
f 408//1 409//1 410//1
f 410//1 409//1 403//1
f 410//1 403//1 93//1
f 93//1 403//1 94//1
f 411//478 381//478 412//478
f 412//479 381//479 383//479
f 412//480 383//480 413//480
f 413//481 383//481 385//481
f 413//482 385//482 414//482
f 414//483 385//483 387//483
f 414//484 387//484 116//484
f 116//485 387//485 92//485
f 415//486 411//486 416//486
f 416//487 411//487 412//487
f 416//488 412//488 417//488
f 417//489 412//489 413//489
f 417//490 413//490 418//490
f 418//491 413//491 414//491
f 418//492 414//492 125//492
f 125//493 414//493 116//493
f 419//494 415//494 420//494
f 420//495 415//495 416//495
f 420//496 416//496 421//496
f 421//497 416//497 417//497
f 421//498 417//498 422//498
f 422//499 417//499 418//499
f 422//500 418//500 131//500
f 131//501 418//501 125//501
f 423//502 419//502 424//502
f 424//503 419//503 420//503
f 424//504 420//504 425//504
f 425//505 420//505 421//505
f 425//506 421//506 426//506
f 426//507 421//507 422//507
f 426//508 422//508 138//508
f 138//509 422//509 131//509
f 98//510 97//510 427//510
f 139//511 115//511 428//511
f 428//512 115//512 100//512
f 429//513 430//513 431//513
f 431//514 430//514 432//514
f 431//515 432//515 433//515
f 433//516 432//516 434//516
f 433//517 434//517 427//517
f 427//518 434//518 428//518
f 427//519 428//519 98//519
f 98//520 428//520 100//520
f 138//521 139//521 426//521
f 426//522 139//522 428//522
f 426//523 428//523 425//523
f 425//524 428//524 434//524
f 425//525 434//525 424//525
f 424//526 434//526 432//526
f 424//527 432//527 423//527
f 423//528 432//528 430//528
f 435//529 436//529 437//529
f 437//530 436//530 144//530
f 437//531 144//531 143//531
f 438//532 439//532 440//532
f 440//533 439//533 427//533
f 440//534 427//534 97//534
f 145//535 438//535 146//535
f 146//536 438//536 440//536
f 146//537 440//537 157//537
f 157//538 440//538 97//538
f 441//539 429//539 442//539
f 442//540 429//540 431//540
f 442//541 431//541 439//541
f 439//542 431//542 433//542
f 439//543 433//543 427//543
f 443//544 441//544 444//544
f 444//545 441//545 442//545
f 444//546 442//546 445//546
f 445//547 442//547 439//547
f 445//548 439//548 435//548
f 435//549 439//549 438//549
f 435//550 438//550 436//550
f 436//551 438//551 145//551
f 436//552 145//552 144//552
f 169//553 443//553 444//553
f 169//553 444//553 170//553
f 170//554 444//554 445//554
f 170//555 445//555 172//555
f 143//556 159//556 437//556
f 437//557 159//557 172//557
f 437//558 172//558 435//558
f 435//559 172//559 445//559
f 209//560 446//560 447//560
f 448//561 449//561 450//561
f 451//562 452//562 453//562
f 453//563 452//563 454//563
f 453//564 454//564 455//564
f 455//565 454//565 456//565
f 455//566 456//566 457//566
f 457//567 456//567 458//567
f 459//568 460//568 458//568
f 458//569 460//569 461//569
f 458//570 461//570 457//570
f 458//571 462//571 459//571
f 459//572 462//572 463//572
f 459//573 463//573 464//573
f 464//574 463//574 465//574
f 466//575 467//575 468//575
f 468//576 467//576 469//576
f 468//577 469//577 470//577
f 470//578 469//578 471//578
f 470//579 471//579 465//579
f 465//580 471//580 472//580
f 465//581 472//581 464//581
f 466//582 468//582 473//582
f 473//583 468//583 474//583
f 473//584 474//584 475//584
f 475//585 474//585 476//585
f 475//586 476//586 477//586
f 477//587 476//587 478//587
f 477//588 478//588 479//588
f 480//589 481//589 482//589
f 482//590 481//590 483//590
f 482//591 483//591 484//591
f 484//592 483//592 485//592
f 484//593 485//593 478//593
f 478//594 485//594 486//594
f 478//595 486//595 479//595
f 487//596 488//596 489//596
f 489//597 488//597 490//597
f 489//598 490//598 491//598
f 491//599 490//599 492//599
f 491//600 492//600 480//600
f 480//601 492//601 493//601
f 480//602 493//602 481//602
f 487//603 489//603 494//603
f 494//604 489//604 495//604
f 494//605 495//605 496//605
f 496//606 495//606 497//606
f 496//607 497//607 498//607
f 498//608 497//608 499//608
f 498//609 499//609 500//609
f 501//610 502//610 503//610
f 503//611 502//611 504//611
f 503//612 504//612 505//612
f 505//613 504//613 506//613
f 505//614 506//614 499//614
f 499//615 506//615 507//615
f 499//616 507//616 500//616
f 508//617 509//617 510//617
f 510//618 509//618 511//618
f 510//619 511//619 512//619
f 512//620 511//620 513//620
f 512//621 513//621 501//621
f 501//622 513//622 514//622
f 501//623 514//623 502//623
f 508//624 510//624 515//624
f 515//625 510//625 516//625
f 515//626 516//626 517//626
f 517//627 516//627 518//627
f 517//628 518//628 519//628
f 519//629 518//629 520//629
f 519//630 520//630 521//630
f 522//631 523//631 524//631
f 524//632 523//632 525//632
f 524//633 525//633 526//633
f 526//634 525//634 527//634
f 526//635 527//635 528//635
f 528//636 527//636 529//636
f 528//637 529//637 520//637
f 520//638 529//638 530//638
f 520//639 530//639 521//639
f 522//640 524//640 450//640
f 450//641 524//641 531//641
f 450//642 531//642 448//642
f 451//643 532//643 452//643
f 452//644 532//644 533//644
f 452//645 533//645 534//645
f 534//646 533//646 535//646
f 534//647 535//647 536//647
f 536//648 535//648 537//648
f 536//649 537//649 448//649
f 448//650 537//650 538//650
f 448//651 538//651 449//651
f 159//652 539//652 174//652
f 174//653 539//653 540//653
f 174//654 540//654 175//654
f 175//655 540//655 541//655
f 175//656 541//656 177//656
f 177//657 541//657 542//657
f 543//658 183//658 544//658
f 544//659 183//659 181//659
f 544//660 181//660 542//660
f 542//661 181//661 179//661
f 542//662 179//662 177//662
f 545//663 189//663 546//663
f 546//664 189//664 187//664
f 546//665 187//665 543//665
f 543//666 187//666 185//666
f 543//667 185//667 183//667
f 547//668 197//668 548//668
f 548//669 197//669 195//669
f 548//670 195//670 549//670
f 549//671 195//671 193//671
f 549//672 193//672 545//672
f 545//673 193//673 191//673
f 545//674 191//674 189//674
f 203//675 201//675 547//675
f 547//676 201//676 199//676
f 547//677 199//677 197//677
f 547//678 550//678 203//678
f 203//679 550//679 551//679
f 203//680 551//680 205//680
f 446//681 209//681 551//681
f 551//682 209//682 207//682
f 551//683 207//683 205//683
f 215//684 213//684 447//684
f 447//685 213//685 211//685
f 447//686 211//686 209//686
f 447//687 552//687 215//687
f 215//688 552//688 553//688
f 215//689 553//689 217//689
f 554//690 276//690 555//690
f 555//691 276//691 284//691
f 555//692 284//692 556//692
f 556//693 284//693 279//693
f 556//694 279//694 557//694
f 557//695 279//695 281//695
f 557//696 281//696 558//696
f 558//697 281//697 283//697
f 558//698 283//698 559//698
f 559//699 283//699 289//699
f 559//700 289//700 560//700
f 560//701 289//701 288//701
f 560//702 288//702 561//702
f 561//703 288//703 278//703
f 561//704 278//704 562//704
f 562//705 278//705 223//705
f 562//706 223//706 563//706
f 563//707 223//707 221//707
f 563//708 221//708 553//708
f 553//709 221//709 219//709
f 553//710 219//710 217//710
f 43//711 167//711 554//711
f 554//712 167//712 50//712
f 554//713 50//713 276//713
f 159//714 158//714 539//714
f 539//715 158//715 165//715
f 539//716 165//716 564//716
f 564//717 165//717 164//717
f 564//718 164//718 565//718
f 565//719 164//719 163//719
f 565//720 163//720 566//720
f 566//721 163//721 162//721
f 566//722 162//722 567//722
f 567//723 162//723 166//723
f 567//724 166//724 568//724
f 568//725 166//725 160//725
f 568//726 160//726 569//726
f 569//727 160//727 161//727
f 569//728 161//728 570//728
f 570//729 161//729 43//729
f 570//730 43//730 571//730
f 571//731 43//731 554//731
f 474//732 572//732 476//732
f 476//733 572//733 573//733
f 476//734 573//734 478//734
f 478//735 573//735 574//735
f 478//736 574//736 484//736
f 484//737 574//737 575//737
f 484//738 575//738 482//738
f 482//739 575//739 576//739
f 482//740 576//740 480//740
f 480//741 576//741 577//741
f 480//742 577//742 491//742
f 491//743 577//743 578//743
f 491//744 578//744 489//744
f 489//745 578//745 579//745
f 489//746 579//746 495//746
f 495//747 579//747 580//747
f 495//748 580//748 497//748
f 497//749 580//749 581//749
f 497//750 581//750 499//750
f 499//751 581//751 582//751
f 499//752 582//752 505//752
f 505//753 582//753 583//753
f 505//754 583//754 503//754
f 503//755 583//755 584//755
f 503//756 584//756 501//756
f 501//757 584//757 585//757
f 501//758 585//758 512//758
f 512//759 585//759 586//759
f 512//760 586//760 510//760
f 510//761 586//761 587//761
f 510//762 587//762 516//762
f 516//763 587//763 588//763
f 516//764 588//764 518//764
f 518//765 588//765 589//765
f 518//766 589//766 520//766
f 520//767 589//767 590//767
f 520//768 590//768 528//768
f 528//769 590//769 591//769
f 528//770 591//770 526//770
f 526//771 591//771 592//771
f 526//772 592//772 524//772
f 524//773 592//773 593//773
f 524//774 593//774 531//774
f 531//775 593//775 594//775
f 531//776 594//776 448//776
f 448//777 594//777 595//777
f 448//778 595//778 536//778
f 536//779 595//779 596//779
f 536//780 596//780 534//780
f 534//781 596//781 597//781
f 534//782 597//782 452//782
f 452//783 597//783 598//783
f 452//784 598//784 454//784
f 454//785 598//785 599//785
f 454//786 599//786 456//786
f 456//787 599//787 600//787
f 456//788 600//788 458//788
f 458//789 600//789 601//789
f 458//790 601//790 462//790
f 462//791 601//791 602//791
f 462//792 602//792 463//792
f 463//793 602//793 603//793
f 463//794 603//794 465//794
f 465//795 603//795 604//795
f 465//796 604//796 470//796
f 470//797 604//797 605//797
f 470//798 605//798 468//798
f 468//799 605//799 606//799
f 468//800 606//800 474//800
f 474//801 606//801 572//801
f 606//802 607//802 572//802
f 572//803 607//803 608//803
f 572//804 608//804 573//804
f 573//805 608//805 609//805
f 573//806 609//806 574//806
f 574//807 609//807 610//807
f 574//808 610//808 575//808
f 575//809 610//809 611//809
f 575//810 611//810 576//810
f 576//811 611//811 612//811
f 576//812 612//812 577//812
f 577//813 612//813 613//813
f 577//814 613//814 578//814
f 578//815 613//815 614//815
f 578//816 614//816 579//816
f 579//817 614//817 615//817
f 579//818 615//818 580//818
f 580//819 615//819 616//819
f 580//820 616//820 581//820
f 581//821 616//821 617//821
f 581//822 617//822 582//822
f 582//823 617//823 618//823
f 582//824 618//824 583//824
f 583//825 618//825 619//825
f 583//826 619//826 584//826
f 584//827 619//827 620//827
f 584//828 620//828 585//828
f 585//829 620//829 621//829
f 585//830 621//830 586//830
f 586//831 621//831 622//831
f 586//832 622//832 587//832
f 587//833 622//833 623//833
f 587//834 623//834 588//834
f 588//835 623//835 624//835
f 588//836 624//836 589//836
f 589//837 624//837 625//837
f 589//838 625//838 590//838
f 590//839 625//839 626//839
f 590//840 626//840 591//840
f 591//841 626//841 627//841
f 591//842 627//842 592//842
f 592//843 627//843 628//843
f 592//844 628//844 593//844
f 593//845 628//845 629//845
f 593//846 629//846 594//846
f 594//847 629//847 630//847
f 594//848 630//848 595//848
f 595//849 630//849 631//849
f 595//850 631//850 596//850
f 596//851 631//851 632//851
f 596//852 632//852 597//852
f 597//853 632//853 633//853
f 597//854 633//854 598//854
f 598//855 633//855 634//855
f 598//856 634//856 599//856
f 599//857 634//857 635//857
f 599//858 635//858 600//858
f 600//859 635//859 636//859
f 600//860 636//860 601//860
f 601//861 636//861 637//861
f 601//862 637//862 602//862
f 602//863 637//863 638//863
f 602//864 638//864 603//864
f 603//865 638//865 639//865
f 603//866 639//866 604//866
f 604//867 639//867 640//867
f 604//868 640//868 605//868
f 605//869 640//869 641//869
f 605//870 641//870 606//870
f 606//871 641//871 607//871
f 641//872 549//872 607//872
f 607//873 549//873 545//873
f 607//874 545//874 608//874
f 608//875 545//875 546//875
f 608//876 546//876 609//876
f 609//877 546//877 543//877
f 609//878 543//878 610//878
f 610//879 543//879 544//879
f 610//880 544//880 611//880
f 611//881 544//881 542//881
f 611//882 542//882 612//882
f 612//883 542//883 541//883
f 612//884 541//884 613//884
f 613//885 541//885 540//885
f 613//886 540//886 614//886
f 614//887 540//887 539//887
f 614//888 539//888 615//888
f 615//889 539//889 564//889
f 615//890 564//890 616//890
f 616//891 564//891 565//891
f 616//892 565//892 617//892
f 617//893 565//893 566//893
f 617//894 566//894 618//894
f 618//895 566//895 567//895
f 618//896 567//896 619//896
f 619//897 567//897 568//897
f 619//898 568//898 620//898
f 620//899 568//899 569//899
f 620//900 569//900 621//900
f 621//901 569//901 570//901
f 621//902 570//902 622//902
f 622//903 570//903 571//903
f 622//904 571//904 623//904
f 623//905 571//905 554//905
f 623//906 554//906 624//906
f 624//907 554//907 555//907
f 624//908 555//908 625//908
f 625//909 555//909 556//909
f 625//910 556//910 626//910
f 626//911 556//911 557//911
f 626//912 557//912 627//912
f 627//913 557//913 558//913
f 627//914 558//914 628//914
f 628//915 558//915 559//915
f 628//916 559//916 629//916
f 629//917 559//917 560//917
f 629//918 560//918 630//918
f 630//919 560//919 561//919
f 630//920 561//920 631//920
f 631//921 561//921 562//921
f 631//922 562//922 632//922
f 632//923 562//923 563//923
f 632//924 563//924 633//924
f 633//925 563//925 553//925
f 633//926 553//926 634//926
f 634//927 553//927 552//927
f 634//928 552//928 635//928
f 635//929 552//929 447//929
f 635//930 447//930 636//930
f 636//931 447//931 446//931
f 636//932 446//932 637//932
f 637//933 446//933 551//933
f 637//934 551//934 638//934
f 638//935 551//935 550//935
f 638//936 550//936 639//936
f 639//937 550//937 547//937
f 639//938 547//938 640//938
f 640//939 547//939 548//939
f 640//940 548//940 641//940
f 641//941 548//941 549//941
f 275//942 642//942 274//942
f 274//943 642//943 643//943
f 274//944 643//944 273//944
f 273//944 643//944 644//944
f 273//945 644//945 272//945
f 272//945 644//945 645//945
f 272//946 645//946 271//946
f 271//946 645//946 646//946
f 271//947 646//947 270//947
f 270//947 646//947 647//947
f 270//948 647//948 269//948
f 269//948 647//948 648//948
f 269//949 648//949 268//949
f 268//949 648//949 649//949
f 268//950 649//950 267//950
f 267//950 649//950 650//950
f 267//951 650//951 266//951
f 266//951 650//951 651//951
f 266//952 651//952 265//952
f 265//952 651//952 652//952
f 265//953 652//953 264//953
f 264//953 652//953 653//953
f 264//954 653//954 263//954
f 263//954 653//954 654//954
f 263//955 654//955 262//955
f 262//955 654//955 655//955
f 262//956 655//956 261//956
f 261//956 655//956 656//956
f 261//957 656//957 260//957
f 260//957 656//957 657//957
f 260//958 657//958 259//958
f 259//958 657//958 658//958
f 259//959 658//959 258//959
f 258//959 658//959 659//959
f 258//960 659//960 257//960
f 257//960 659//960 660//960
f 257//961 660//961 256//961
f 256//961 660//961 661//961
f 256//962 661//962 255//962
f 255//962 661//962 662//962
f 255//963 662//963 254//963
f 254//963 662//963 663//963
f 254//964 663//964 253//964
f 253//964 663//964 664//964
f 253//965 664//965 252//965
f 252//965 664//965 665//965
f 252//966 665//966 251//966
f 251//966 665//966 666//966
f 251//967 666//967 250//967
f 250//967 666//967 667//967
f 250//968 667//968 169//968
f 169//968 667//968 668//968
f 275//969 249//969 669//969
f 669//970 249//970 670//970
f 670//971 249//971 671//971
f 671//972 249//972 224//972
f 671//973 224//973 672//973
f 672//974 224//974 673//974
f 673//975 224//975 223//975
f 673//976 223//976 277//976
f 674//977 675//977 676//977
f 301//978 675//978 300//978
f 300//979 675//979 674//979
f 300//980 674//980 298//980
f 277//981 297//981 677//981
f 677//982 297//982 678//982
f 297//983 298//983 678//983
f 678//984 298//984 674//984
f 678//985 674//985 679//985
f 679//986 674//986 676//986
f 679//987 676//987 680//987
f 680//988 676//988 681//988
f 680//989 681//989 682//989
f 682//990 681//990 683//990
f 682//991 669//991 680//991
f 680//992 669//992 670//992
f 680//993 670//993 679//993
f 679//994 670//994 671//994
f 679//995 671//995 678//995
f 678//996 671//996 672//996
f 678//997 672//997 677//997
f 677//998 672//998 673//998
f 677//999 673//999 277//999
f 329//1000 330//1000 684//1000
f 684//1001 330//1001 331//1001
f 684//1002 331//1002 332//1002
f 685//1003 683//1003 686//1003
f 686//1004 683//1004 681//1004
f 686//1005 681//1005 687//1005
f 687//1006 681//1006 676//1006
f 687//1007 676//1007 684//1007
f 684//1008 676//1008 675//1008
f 684//1009 675//1009 329//1009
f 329//1010 675//1010 301//1010
f 688//1011 685//1011 689//1011
f 689//1012 685//1012 686//1012
f 689//1013 686//1013 690//1013
f 690//1014 686//1014 687//1014
f 690//1015 687//1015 691//1015
f 691//1016 687//1016 684//1016
f 691//1017 684//1017 321//1017
f 321//1018 684//1018 332//1018
f 692//1019 688//1019 693//1019
f 693//1020 688//1020 689//1020
f 693//1021 689//1021 694//1021
f 694//1022 689//1022 690//1022
f 694//1023 690//1023 695//1023
f 695//1024 690//1024 691//1024
f 695//1025 691//1025 318//1025
f 318//1026 691//1026 321//1026
f 696//1027 692//1027 697//1027
f 697//1028 692//1028 693//1028
f 697//1029 693//1029 698//1029
f 698//1030 693//1030 694//1030
f 698//1031 694//1031 699//1031
f 699//1032 694//1032 695//1032
f 699//1033 695//1033 315//1033
f 315//1034 695//1034 318//1034
f 700//1035 696//1035 701//1035
f 701//1036 696//1036 697//1036
f 701//1037 697//1037 702//1037
f 702//1038 697//1038 698//1038
f 702//1039 698//1039 703//1039
f 703//1040 698//1040 699//1040
f 703//1041 699//1041 312//1041
f 312//1042 699//1042 315//1042
f 350//1043 700//1043 352//1043
f 352//1044 700//1044 701//1044
f 352//1045 701//1045 354//1045
f 354//1046 701//1046 702//1046
f 354//1047 702//1047 356//1047
f 356//1048 702//1048 703//1048
f 356//1049 703//1049 336//1049
f 336//1050 703//1050 312//1050
f 349//1051 351//1051 704//1051
f 353//1052 355//1052 705//1052
f 355//1053 334//1053 389//1053
f 353//1054 705//1054 351//1054
f 355//1055 389//1055 705//1055
f 705//1056 389//1056 390//1056
f 705//1057 390//1057 706//1057
f 706//1058 390//1058 395//1058
f 706//1059 395//1059 707//1059
f 707//1060 395//1060 393//1060
f 707//1061 393//1061 708//1061
f 351//1062 705//1062 704//1062
f 704//1063 705//1063 706//1063
f 704//1064 706//1064 709//1064
f 709//1065 706//1065 707//1065
f 709//1066 707//1066 710//1066
f 710//1067 707//1067 708//1067
f 710//1068 708//1068 711//1068
f 349//1069 704//1069 712//1069
f 712//1070 704//1070 709//1070
f 712//1071 709//1071 713//1071
f 713//1072 709//1072 710//1072
f 713//1073 710//1073 714//1073
f 714//1074 710//1074 711//1074
f 714//1075 711//1075 715//1075
f 716//1076 715//1076 711//1076
f 393//1077 86//1077 708//1077
f 708//1078 86//1078 85//1078
f 85//1079 84//1079 708//1079
f 708//1080 84//1080 91//1080
f 708//1081 91//1081 711//1081
f 711//1082 91//1082 717//1082
f 711//1076 717//1076 716//1076
f 18//1076 718//1076 719//1076
f 38//1083 25//1083 83//1083
f 83//1084 25//1084 23//1084
f 83//1085 23//1085 82//1085
f 82//1086 23//1086 81//1086
f 81//1087 23//1087 21//1087
f 81//1088 21//1088 719//1088
f 719//1089 21//1089 19//1089
f 719//1076 19//1076 18//1076
f 720//1090 721//1090 17//1090
f 33//1091 52//1091 17//1091
f 17//1092 52//1092 722//1092
f 17//1093 722//1093 720//1093
f 60//1094 59//1094 359//1094
f 51//1095 53//1095 723//1095
f 723//1096 53//1096 60//1096
f 720//1097 722//1097 724//1097
f 724//1098 722//1098 52//1098
f 724//1099 52//1099 51//1099
f 725//1100 721//1100 720//1100
f 60//1101 359//1101 723//1101
f 723//1102 359//1102 371//1102
f 723//1103 371//1103 726//1103
f 726//1104 371//1104 380//1104
f 726//1105 380//1105 727//1105
f 727//1106 380//1106 379//1106
f 727//1107 379//1107 728//1107
f 728//1108 379//1108 378//1108
f 728//1109 378//1109 729//1109
f 729//1110 378//1110 377//1110
f 729//1111 377//1111 730//1111
f 730//1112 377//1112 376//1112
f 730//1113 376//1113 731//1113
f 731//1114 376//1114 375//1114
f 731//1115 375//1115 732//1115
f 732//1116 375//1116 374//1116
f 732//1117 374//1117 733//1117
f 733//1118 374//1118 373//1118
f 733//1119 373//1119 734//1119
f 734//1120 373//1120 372//1120
f 734//1121 372//1121 735//1121
f 735//1122 372//1122 358//1122
f 735//1123 358//1123 736//1123
f 51//1124 723//1124 724//1124
f 724//1125 723//1125 726//1125
f 724//1126 726//1126 737//1126
f 737//1127 726//1127 727//1127
f 737//1128 727//1128 738//1128
f 738//1129 727//1129 728//1129
f 738//1130 728//1130 739//1130
f 739//1131 728//1131 729//1131
f 739//1132 729//1132 740//1132
f 740//1133 729//1133 730//1133
f 740//1134 730//1134 741//1134
f 741//1135 730//1135 731//1135
f 741//1136 731//1136 742//1136
f 742//1137 731//1137 732//1137
f 742//1138 732//1138 743//1138
f 743//1139 732//1139 733//1139
f 743//1140 733//1140 744//1140
f 744//1141 733//1141 734//1141
f 744//1142 734//1142 745//1142
f 745//1143 734//1143 735//1143
f 745//1144 735//1144 746//1144
f 746//1145 735//1145 736//1145
f 746//1146 736//1146 747//1146
f 720//1147 724//1147 725//1147
f 725//1148 724//1148 737//1148
f 725//1149 737//1149 748//1149
f 748//1150 737//1150 738//1150
f 748//1151 738//1151 749//1151
f 749//1152 738//1152 739//1152
f 749//1153 739//1153 750//1153
f 750//1154 739//1154 740//1154
f 750//1155 740//1155 751//1155
f 751//1156 740//1156 741//1156
f 751//1157 741//1157 752//1157
f 752//1158 741//1158 742//1158
f 752//1159 742//1159 753//1159
f 753//1160 742//1160 743//1160
f 753//1161 743//1161 754//1161
f 754//1162 743//1162 744//1162
f 754//1163 744//1163 755//1163
f 755//1164 744//1164 745//1164
f 755//1165 745//1165 756//1165
f 756//1166 745//1166 746//1166
f 756//1167 746//1167 757//1167
f 757//1168 746//1168 747//1168
f 757//1169 747//1169 758//1169
f 358//1170 357//1170 759//1170
f 358//1170 759//1170 736//1170
f 736//1171 759//1171 760//1171
f 736//1171 760//1171 747//1171
f 747//1172 760//1172 761//1172
f 747//1172 761//1172 758//1172
f 762//1173 763//1173 764//1173
f 55//1174 54//1174 765//1174
f 765//1175 54//1175 766//1175
f 765//1176 766//1176 762//1176
f 57//1177 56//1177 767//1177
f 767//1178 56//1178 55//1178
f 360//1179 58//1179 57//1179
f 57//1180 767//1180 360//1180
f 360//1181 767//1181 768//1181
f 360//1182 768//1182 361//1182
f 361//1183 768//1183 769//1183
f 361//1184 769//1184 364//1184
f 364//1185 769//1185 770//1185
f 364//1186 770//1186 365//1186
f 365//1187 770//1187 771//1187
f 365//1188 771//1188 366//1188
f 366//1189 771//1189 772//1189
f 366//1190 772//1190 367//1190
f 367//1191 772//1191 773//1191
f 367//1192 773//1192 368//1192
f 368//1193 773//1193 774//1193
f 368//1194 774//1194 369//1194
f 369//1195 774//1195 775//1195
f 369//1196 775//1196 370//1196
f 370//1197 775//1197 776//1197
f 370//1198 776//1198 363//1198
f 363//1199 776//1199 777//1199
f 363//1200 777//1200 362//1200
f 362//1201 777//1201 759//1201
f 362//1202 759//1202 357//1202
f 55//1203 765//1203 767//1203
f 767//1204 765//1204 778//1204
f 767//1205 778//1205 768//1205
f 768//1206 778//1206 779//1206
f 768//1207 779//1207 769//1207
f 769//1208 779//1208 780//1208
f 769//1209 780//1209 770//1209
f 770//1210 780//1210 781//1210
f 770//1211 781//1211 771//1211
f 771//1212 781//1212 782//1212
f 771//1213 782//1213 772//1213
f 772//1214 782//1214 783//1214
f 772//1215 783//1215 773//1215
f 773//1216 783//1216 784//1216
f 773//1217 784//1217 774//1217
f 774//1218 784//1218 785//1218
f 774//1219 785//1219 775//1219
f 775//1220 785//1220 786//1220
f 775//1221 786//1221 776//1221
f 776//1222 786//1222 787//1222
f 776//1223 787//1223 777//1223
f 777//1224 787//1224 760//1224
f 777//1225 760//1225 759//1225
f 762//1226 764//1226 765//1226
f 765//1227 764//1227 788//1227
f 765//1228 788//1228 778//1228
f 778//1229 788//1229 789//1229
f 778//1230 789//1230 779//1230
f 779//1231 789//1231 790//1231
f 779//1232 790//1232 780//1232
f 780//1233 790//1233 791//1233
f 780//1234 791//1234 781//1234
f 781//1235 791//1235 792//1235
f 781//1236 792//1236 782//1236
f 782//1237 792//1237 793//1237
f 782//1238 793//1238 783//1238
f 783//1239 793//1239 794//1239
f 783//1240 794//1240 784//1240
f 784//1241 794//1241 795//1241
f 784//1242 795//1242 785//1242
f 785//1243 795//1243 796//1243
f 785//1244 796//1244 786//1244
f 786//1245 796//1245 797//1245
f 786//1246 797//1246 787//1246
f 787//1247 797//1247 761//1247
f 787//1248 761//1248 760//1248
f 54//1249 27//1249 766//1249
f 766//1250 27//1250 16//1250
f 766//1251 16//1251 762//1251
f 762//1252 16//1252 763//1252
f 89//1253 406//1253 87//1253
f 87//1254 406//1254 798//1254
f 87//1255 798//1255 88//1255
f 88//1256 798//1256 90//1256
f 90//1257 798//1257 799//1257
f 90//1258 799//1258 800//1258
f 800//1259 799//1259 801//1259
f 800//1259 801//1259 802//1259
f 78//1260 80//1260 7//1260
f 7//1261 80//1261 11//1261
f 9//1262 37//1262 7//1262
f 7//1263 37//1263 79//1263
f 7//1264 79//1264 78//1264
f 80//1265 803//1265 11//1265
f 11//1266 803//1266 804//1266
f 11//1266 804//1266 13//1266
f 13//1267 804//1267 805//1267
f 13//1267 805//1267 15//1267
f 806//1268 807//1268 808//1268
f 809//1269 410//1269 93//1269
f 406//1270 408//1270 798//1270
f 798//1271 408//1271 810//1271
f 798//1272 810//1272 799//1272
f 799//1273 810//1273 808//1273
f 799//1274 808//1274 801//1274
f 801//1275 808//1275 807//1275
f 811//1276 806//1276 812//1276
f 812//1277 806//1277 808//1277
f 812//1278 808//1278 809//1278
f 809//1279 808//1279 810//1279
f 809//1280 810//1280 410//1280
f 410//1281 810//1281 408//1281
f 93//1282 388//1282 809//1282
f 809//1283 388//1283 386//1283
f 809//1284 386//1284 812//1284
f 812//1285 386//1285 384//1285
f 812//1286 384//1286 811//1286
f 811//1287 384//1287 382//1287
f 423//1288 813//1288 419//1288
f 419//1289 813//1289 814//1289
f 419//1290 814//1290 415//1290
f 415//1291 814//1291 815//1291
f 415//1292 815//1292 411//1292
f 411//1293 815//1293 816//1293
f 411//1294 816//1294 381//1294
f 381//1295 816//1295 817//1295
f 443//1296 169//1296 668//1296
f 813//1296 423//1296 668//1296
f 668//1296 423//1296 430//1296
f 430//1296 429//1296 668//1296
f 668//1296 429//1296 441//1296
f 668//1296 441//1296 443//1296
f 515//1297 517//1297 818//1297
f 818//1298 517//1298 519//1298
f 818//1299 519//1299 819//1299
f 819//1300 519//1300 521//1300
f 819//1301 521//1301 820//1301
f 820//1302 521//1302 530//1302
f 820//1303 530//1303 821//1303
f 821//1304 530//1304 529//1304
f 821//1305 529//1305 822//1305
f 822//1306 529//1306 527//1306
f 822//1307 527//1307 823//1307
f 823//1308 527//1308 525//1308
f 823//1309 525//1309 824//1309
f 824//1310 525//1310 523//1310
f 824//1311 523//1311 825//1311
f 825//1312 523//1312 522//1312
f 825//1313 522//1313 826//1313
f 826//1314 522//1314 450//1314
f 826//1315 450//1315 827//1315
f 827//1316 450//1316 449//1316
f 827//1317 449//1317 828//1317
f 828//1318 449//1318 538//1318
f 828//1319 538//1319 829//1319
f 829//1320 538//1320 537//1320
f 829//1321 537//1321 830//1321
f 818//1322 831//1322 515//1322
f 515//1323 831//1323 832//1323
f 515//1324 832//1324 508//1324
f 508//1325 832//1325 833//1325
f 508//1326 833//1326 509//1326
f 514//1327 834//1327 502//1327
f 502//1328 834//1328 835//1328
f 502//1329 835//1329 504//1329
f 509//1330 833//1330 511//1330
f 511//1331 833//1331 836//1331
f 511//1332 836//1332 513//1332
f 513//1333 836//1333 837//1333
f 513//1334 837//1334 514//1334
f 514//1335 837//1335 838//1335
f 514//1336 838//1336 834//1336
f 504//1337 835//1337 506//1337
f 506//1338 835//1338 839//1338
f 506//1339 839//1339 507//1339
f 507//1340 839//1340 840//1340
f 507//1341 840//1341 500//1341
f 500//1342 840//1342 498//1342
f 498//1343 840//1343 841//1343
f 498//1344 841//1344 496//1344
f 496//1345 841//1345 842//1345
f 496//1346 842//1346 494//1346
f 494//1347 842//1347 843//1347
f 494//1348 843//1348 487//1348
f 487//1349 843//1349 844//1349
f 487//1350 844//1350 488//1350
f 488//1351 844//1351 845//1351
f 488//1352 845//1352 490//1352
f 490//1353 845//1353 492//1353
f 492//1354 845//1354 846//1354
f 492//1355 846//1355 493//1355
f 493//1356 846//1356 847//1356
f 493//1357 847//1357 481//1357
f 481//1358 847//1358 848//1358
f 481//1359 848//1359 483//1359
f 483//1360 848//1360 849//1360
f 483//1361 849//1361 485//1361
f 485//1362 849//1362 850//1362
f 485//1363 850//1363 486//1363
f 486//1364 850//1364 851//1364
f 486//1365 851//1365 479//1365
f 479//1366 851//1366 852//1366
f 479//1367 852//1367 477//1367
f 477//1368 852//1368 853//1368
f 477//1369 853//1369 475//1369
f 475//1370 853//1370 854//1370
f 475//1371 854//1371 473//1371
f 473//1371 854//1371 855//1371
f 473//1372 855//1372 466//1372
f 466//1372 855//1372 856//1372
f 466//1373 856//1373 467//1373
f 467//1374 856//1374 857//1374
f 467//1375 857//1375 469//1375
f 469//1376 857//1376 858//1376
f 469//1377 858//1377 471//1377
f 471//1378 858//1378 859//1378
f 471//1379 859//1379 472//1379
f 472//1380 859//1380 860//1380
f 472//1381 860//1381 464//1381
f 860//1382 861//1382 464//1382
f 464//1383 861//1383 862//1383
f 464//1384 862//1384 459//1384
f 459//1385 862//1385 863//1385
f 459//1386 863//1386 460//1386
f 460//1387 863//1387 864//1387
f 460//1388 864//1388 461//1388
f 461//1389 864//1389 865//1389
f 461//1390 865//1390 457//1390
f 457//1391 865//1391 866//1391
f 537//1392 535//1392 830//1392
f 830//1393 535//1393 533//1393
f 830//1394 533//1394 867//1394
f 867//1395 533//1395 532//1395
f 867//1396 532//1396 868//1396
f 868//1397 532//1397 451//1397
f 868//1398 451//1398 869//1398
f 869//1399 451//1399 453//1399
f 869//1400 453//1400 866//1400
f 866//1401 453//1401 455//1401
f 866//1402 455//1402 457//1402
f 642//1403 870//1403 871//1403
f 870//1404 872//1404 873//1404
f 872//1405 874//1405 875//1405
f 872//1406 875//1406 873//1406
f 873//1407 875//1407 876//1407
f 873//1408 876//1408 877//1408
f 877//1409 876//1409 878//1409
f 877//1410 878//1410 879//1410
f 879//1411 878//1411 880//1411
f 879//1412 880//1412 881//1412
f 881//1413 880//1413 882//1413
f 881//1414 882//1414 883//1414
f 883//1415 882//1415 884//1415
f 883//1416 884//1416 885//1416
f 885//1417 884//1417 886//1417
f 885//1418 886//1418 887//1418
f 887//1419 886//1419 888//1419
f 887//1420 888//1420 889//1420
f 889//1421 888//1421 890//1421
f 889//1422 890//1422 891//1422
f 891//1423 890//1423 892//1423
f 891//1424 892//1424 893//1424
f 893//1425 892//1425 894//1425
f 893//1426 894//1426 895//1426
f 895//1427 894//1427 896//1427
f 895//1428 896//1428 897//1428
f 897//1429 896//1429 898//1429
f 897//1430 898//1430 899//1430
f 899//1431 898//1431 900//1431
f 899//1432 900//1432 901//1432
f 901//1433 900//1433 902//1433
f 901//1434 902//1434 903//1434
f 903//1435 902//1435 904//1435
f 903//1436 904//1436 905//1436
f 905//1437 904//1437 906//1437
f 905//1438 906//1438 907//1438
f 907//1439 906//1439 908//1439
f 907//1440 908//1440 909//1440
f 909//1441 908//1441 910//1441
f 909//1442 910//1442 911//1442
f 911//1443 910//1443 912//1443
f 911//1444 912//1444 913//1444
f 913//1445 912//1445 914//1445
f 913//1446 914//1446 915//1446
f 915//1447 914//1447 916//1447
f 915//1448 916//1448 917//1448
f 917//1449 916//1449 918//1449
f 917//1450 918//1450 919//1450
f 919//1451 918//1451 920//1451
f 919//1452 920//1452 921//1452
f 921//1453 920//1453 922//1453
f 921//1454 922//1454 923//1454
f 923//1455 922//1455 924//1455
f 923//1456 924//1456 925//1456
f 870//1457 873//1457 871//1457
f 871//1458 873//1458 877//1458
f 871//1459 877//1459 926//1459
f 926//1460 877//1460 879//1460
f 926//1461 879//1461 927//1461
f 927//1462 879//1462 881//1462
f 927//1463 881//1463 928//1463
f 928//1464 881//1464 883//1464
f 928//1465 883//1465 929//1465
f 929//1466 883//1466 885//1466
f 929//1467 885//1467 930//1467
f 930//1468 885//1468 887//1468
f 930//1469 887//1469 931//1469
f 931//1470 887//1470 889//1470
f 931//1471 889//1471 932//1471
f 932//1472 889//1472 891//1472
f 932//1473 891//1473 933//1473
f 933//1474 891//1474 893//1474
f 933//1475 893//1475 934//1475
f 934//1476 893//1476 895//1476
f 934//1477 895//1477 935//1477
f 935//1478 895//1478 897//1478
f 935//1479 897//1479 936//1479
f 936//1480 897//1480 899//1480
f 936//1481 899//1481 937//1481
f 937//1482 899//1482 901//1482
f 937//1483 901//1483 938//1483
f 938//1484 901//1484 903//1484
f 938//1485 903//1485 939//1485
f 939//1486 903//1486 905//1486
f 939//1487 905//1487 940//1487
f 940//1488 905//1488 907//1488
f 940//1489 907//1489 941//1489
f 941//1490 907//1490 909//1490
f 941//1491 909//1491 942//1491
f 942//1492 909//1492 911//1492
f 942//1493 911//1493 943//1493
f 943//1494 911//1494 913//1494
f 943//1495 913//1495 944//1495
f 944//1496 913//1496 915//1496
f 944//1497 915//1497 945//1497
f 945//1498 915//1498 917//1498
f 945//1499 917//1499 946//1499
f 946//1500 917//1500 919//1500
f 946//1501 919//1501 947//1501
f 947//1502 919//1502 921//1502
f 947//1503 921//1503 948//1503
f 948//1504 921//1504 923//1504
f 948//1505 923//1505 949//1505
f 949//1506 923//1506 925//1506
f 949//1507 925//1507 950//1507
f 642//1508 871//1508 643//1508
f 643//1509 871//1509 926//1509
f 643//1510 926//1510 644//1510
f 644//1511 926//1511 927//1511
f 644//1512 927//1512 645//1512
f 645//1513 927//1513 928//1513
f 645//1514 928//1514 646//1514
f 646//1515 928//1515 929//1515
f 646//1516 929//1516 647//1516
f 647//1517 929//1517 930//1517
f 647//1518 930//1518 648//1518
f 648//1519 930//1519 931//1519
f 648//1520 931//1520 649//1520
f 649//1521 931//1521 932//1521
f 649//1522 932//1522 650//1522
f 650//1523 932//1523 933//1523
f 650//1524 933//1524 651//1524
f 651//1525 933//1525 934//1525
f 651//1526 934//1526 652//1526
f 652//1527 934//1527 935//1527
f 652//1528 935//1528 653//1528
f 653//1529 935//1529 936//1529
f 653//1530 936//1530 654//1530
f 654//1531 936//1531 937//1531
f 654//1532 937//1532 655//1532
f 655//1533 937//1533 938//1533
f 655//1534 938//1534 656//1534
f 656//1535 938//1535 939//1535
f 656//1536 939//1536 657//1536
f 657//1537 939//1537 940//1537
f 657//1538 940//1538 658//1538
f 658//1539 940//1539 941//1539
f 658//1540 941//1540 659//1540
f 659//1541 941//1541 942//1541
f 659//1542 942//1542 660//1542
f 660//1543 942//1543 943//1543
f 660//1544 943//1544 661//1544
f 661//1545 943//1545 944//1545
f 661//1546 944//1546 662//1546
f 662//1547 944//1547 945//1547
f 662//1548 945//1548 663//1548
f 663//1549 945//1549 946//1549
f 663//1550 946//1550 664//1550
f 664//1551 946//1551 947//1551
f 664//1552 947//1552 665//1552
f 665//1553 947//1553 948//1553
f 665//1554 948//1554 666//1554
f 666//1555 948//1555 949//1555
f 666//1556 949//1556 667//1556
f 667//1557 949//1557 950//1557
f 667//1558 950//1558 668//1558
f 275//1559 669//1559 642//1559
f 642//1560 669//1560 682//1560
f 688//1561 951//1561 685//1561
f 685//1562 951//1562 642//1562
f 685//1563 642//1563 683//1563
f 683//1564 642//1564 682//1564
f 350//1565 952//1565 700//1565
f 700//1566 952//1566 953//1566
f 700//1567 953//1567 696//1567
f 953//1568 954//1568 696//1568
f 696//1569 954//1569 955//1569
f 696//1570 955//1570 692//1570
f 692//1571 955//1571 951//1571
f 692//1572 951//1572 688//1572
f 715//1573 956//1573 714//1573
f 714//1573 956//1573 957//1573
f 714//1574 957//1574 713//1574
f 713//1574 957//1574 958//1574
f 713//1575 958//1575 712//1575
f 712//1576 958//1576 959//1576
f 712//1577 959//1577 349//1577
f 349//1578 959//1578 952//1578
f 349//1579 952//1579 350//1579
f 718//1580 18//1580 960//1580
f 960//1580 956//1580 716//1580
f 716//1580 956//1580 715//1580
f 961//1580 4//1580 2//1580
f 962//1580 963//1580 716//1580
f 716//1580 963//1580 964//1580
f 716//1580 964//1580 960//1580
f 960//1580 964//1580 961//1580
f 960//1580 961//1580 718//1580
f 718//1580 961//1580 2//1580
f 18//1581 17//1581 721//1581
f 758//1582 965//1582 757//1582
f 757//1582 965//1582 966//1582
f 757//1583 966//1583 756//1583
f 756//1583 966//1583 967//1583
f 756//1584 967//1584 755//1584
f 755//1584 967//1584 968//1584
f 755//1585 968//1585 754//1585
f 754//1585 968//1585 969//1585
f 754//1586 969//1586 753//1586
f 753//1586 969//1586 970//1586
f 753//1587 970//1587 752//1587
f 752//1587 970//1587 971//1587
f 752//1588 971//1588 751//1588
f 751//1588 971//1588 972//1588
f 751//1589 972//1589 750//1589
f 750//1589 972//1589 973//1589
f 750//1590 973//1590 749//1590
f 749//1590 973//1590 974//1590
f 749//1591 974//1591 748//1591
f 748//1591 974//1591 975//1591
f 748//1592 975//1592 725//1592
f 725//1593 975//1593 976//1593
f 725//1594 976//1594 721//1594
f 721//1595 976//1595 960//1595
f 721//1596 960//1596 18//1596
f 965//43 758//43 977//43
f 977//43 758//43 761//43
f 16//1597 15//1597 763//1597
f 763//1597 15//1597 978//1597
f 763//1598 978//1598 764//1598
f 764//1599 978//1599 979//1599
f 764//1600 979//1600 788//1600
f 788//1601 979//1601 980//1601
f 788//1602 980//1602 789//1602
f 789//1602 980//1602 981//1602
f 789//1603 981//1603 790//1603
f 790//1603 981//1603 982//1603
f 790//1604 982//1604 791//1604
f 791//1604 982//1604 983//1604
f 791//1605 983//1605 792//1605
f 792//1605 983//1605 984//1605
f 792//1606 984//1606 793//1606
f 793//1606 984//1606 985//1606
f 793//1607 985//1607 794//1607
f 794//1607 985//1607 986//1607
f 794//1608 986//1608 795//1608
f 795//1608 986//1608 987//1608
f 795//1609 987//1609 796//1609
f 796//1609 987//1609 988//1609
f 796//1610 988//1610 797//1610
f 797//1610 988//1610 989//1610
f 797//1611 989//1611 761//1611
f 761//1611 989//1611 977//1611
f 802//1296 801//1296 990//1296
f 990//1296 978//1296 805//1296
f 805//1296 978//1296 15//1296
f 991//1296 992//1296 993//1296
f 993//1296 802//1296 991//1296
f 991//1296 802//1296 990//1296
f 991//1296 990//1296 994//1296
f 994//1296 990//1296 805//1296
f 994//1296 805//1296 3//1296
f 3//1296 805//1296 1//1296
f 990//1612 801//1612 995//1612
f 995//1613 801//1613 807//1613
f 995//1614 807//1614 996//1614
f 996//1615 807//1615 806//1615
f 996//1616 806//1616 997//1616
f 997//1617 806//1617 811//1617
f 997//1618 811//1618 817//1618
f 817//1619 811//1619 382//1619
f 817//1620 382//1620 381//1620
f 998//1621 999//1621 1000//1621
f 1000//1621 999//1621 1001//1621
f 1000//1622 1001//1622 1002//1622
f 1002//1622 1001//1622 1003//1622
f 1002//1623 1003//1623 1004//1623
f 1004//1623 1003//1623 1005//1623
f 1004//1624 1005//1624 1006//1624
f 1006//1624 1005//1624 1007//1624
f 1006//1625 1007//1625 1008//1625
f 1008//1625 1007//1625 1009//1625
f 1008//1626 1009//1626 1010//1626
f 1010//1626 1009//1626 1011//1626
f 1010//1627 1011//1627 1012//1627
f 1012//1627 1011//1627 1013//1627
f 1012//1628 1013//1628 1014//1628
f 1014//1628 1013//1628 1015//1628
f 1014//1629 1015//1629 1016//1629
f 1016//1629 1015//1629 1017//1629
f 1016//1630 1017//1630 1018//1630
f 1018//1630 1017//1630 1019//1630
f 1018//1631 1019//1631 1020//1631
f 1020//1631 1019//1631 1021//1631
f 1020//1632 1021//1632 998//1632
f 998//1632 1021//1632 999//1632
f 1022//1633 1023//1633 1024//1633
f 1024//1633 1023//1633 1025//1633
f 1024//1634 1025//1634 1026//1634
f 1026//1634 1025//1634 1027//1634
f 1026//1635 1027//1635 1028//1635
f 1028//1635 1027//1635 1029//1635
f 1028//1636 1029//1636 1030//1636
f 1030//1636 1029//1636 1031//1636
f 1030//1637 1031//1637 1032//1637
f 1032//1637 1031//1637 1033//1637
f 1032//1638 1033//1638 1034//1638
f 1034//1638 1033//1638 1035//1638
f 1034//1639 1035//1639 1036//1639
f 1036//1639 1035//1639 1037//1639
f 1036//1640 1037//1640 1038//1640
f 1038//1640 1037//1640 1039//1640
f 1038//1641 1039//1641 1040//1641
f 1040//1641 1039//1641 1041//1641
f 1040//1642 1041//1642 1042//1642
f 1042//1642 1041//1642 1043//1642
f 1042//1643 1043//1643 1044//1643
f 1044//1643 1043//1643 1045//1643
f 1044//1644 1045//1644 1022//1644
f 1022//1644 1045//1644 1023//1644
f 1046//1645 1047//1645 1048//1645
f 1048//1645 1047//1645 1049//1645
f 1048//1646 1049//1646 1050//1646
f 1050//1646 1049//1646 1051//1646
f 1050//1647 1051//1647 1052//1647
f 1052//1647 1051//1647 1053//1647
f 1052//1636 1053//1636 1054//1636
f 1054//1636 1053//1636 1055//1636
f 1054//1648 1055//1648 1056//1648
f 1056//1648 1055//1648 1057//1648
f 1056//1649 1057//1649 1058//1649
f 1058//1649 1057//1649 1059//1649
f 1058//1650 1059//1650 1060//1650
f 1060//1650 1059//1650 1061//1650
f 1060//1651 1061//1651 1062//1651
f 1062//1651 1061//1651 1063//1651
f 1062//1641 1063//1641 1064//1641
f 1064//1641 1063//1641 1065//1641
f 1064//1652 1065//1652 1066//1652
f 1066//1652 1065//1652 1067//1652
f 1066//1653 1067//1653 1068//1653
f 1068//1653 1067//1653 1069//1653
f 1068//1654 1069//1654 1046//1654
f 1046//1654 1069//1654 1047//1654
f 1070//1655 1071//1655 1072//1655
f 1072//1655 1071//1655 1073//1655
f 1072//1656 1073//1656 1074//1656
f 1074//1656 1073//1656 1075//1656
f 1074//1657 1075//1657 1076//1657
f 1076//1657 1075//1657 1077//1657
f 1076//1624 1077//1624 1078//1624
f 1078//1624 1077//1624 1079//1624
f 1078//1658 1079//1658 1080//1658
f 1080//1658 1079//1658 1081//1658
f 1080//1659 1081//1659 1082//1659
f 1082//1659 1081//1659 1083//1659
f 1082//1660 1083//1660 1084//1660
f 1084//1660 1083//1660 1085//1660
f 1084//1661 1085//1661 1086//1661
f 1086//1661 1085//1661 1087//1661
f 1086//1629 1087//1629 1088//1629
f 1088//1629 1087//1629 1089//1629
f 1088//1662 1089//1662 1090//1662
f 1090//1662 1089//1662 1091//1662
f 1090//1663 1091//1663 1092//1663
f 1092//1663 1091//1663 1093//1663
f 1092//1664 1093//1664 1070//1664
f 1070//1664 1093//1664 1071//1664
f 815//1665 814//1665 1094//1665
f 1095//1666 1096//1666 1097//1666
f 1098//1667 1099//1667 1100//1667
f 1100//1668 1099//1668 1101//1668
f 1100//1669 1101//1669 1102//1669
f 1102//1670 1101//1670 1103//1670
f 1097//1671 1104//1671 1095//1671
f 1095//1672 1104//1672 1105//1672
f 1095//1673 1105//1673 1106//1673
f 1094//1674 1107//1674 1103//1674
f 1103//1675 1107//1675 1108//1675
f 1103//1676 1108//1676 1102//1676
f 814//1677 813//1677 1094//1677
f 1094//1678 813//1678 1109//1678
f 1094//1679 1109//1679 1107//1679
f 1099//1680 1096//1680 1101//1680
f 1101//1681 1096//1681 1095//1681
f 1101//1682 1095//1682 1103//1682
f 1103//1683 1095//1683 1106//1683
f 1103//1684 1106//1684 1094//1684
f 1094//1685 1106//1685 1110//1685
f 1094//1686 1110//1686 815//1686
f 815//1687 1110//1687 816//1687
f 1105//1688 1111//1688 1106//1688
f 1106//1689 1111//1689 1112//1689
f 1106//1690 1112//1690 1110//1690
f 1110//1691 1112//1691 1113//1691
f 1110//1692 1113//1692 816//1692
f 816//1693 1113//1693 817//1693
f 813//1694 668//1694 1109//1694
f 1109//1695 668//1695 950//1695
f 1109//1696 950//1696 1107//1696
f 1107//1697 950//1697 1108//1697
f 1108//1698 950//1698 925//1698
f 1108//1699 925//1699 1102//1699
f 1102//1700 925//1700 1100//1700
f 1100//1701 925//1701 924//1701
f 1100//1702 924//1702 1098//1702
f 1114//1703 1115//1703 1116//1703
f 1117//1704 1118//1704 1119//1704
f 1120//1705 1121//1705 1122//1705
f 1123//1706 1124//1706 1125//1706
f 1126//1707 840//1707 839//1707
f 846//1708 845//1708 1127//1708
f 849//1709 848//1709 1128//1709
f 851//1710 850//1710 1129//1710
f 856//1711 855//1711 1130//1711
f 861//1712 860//1712 1131//1712
f 1125//1713 863//1713 862//1713
f 868//1714 869//1714 1132//1714
f 825//1715 1133//1715 824//1715
f 824//1716 1133//1716 1134//1716
f 824//1717 1134//1717 823//1717
f 823//1718 1134//1718 1135//1718
f 823//1719 1135//1719 822//1719
f 822//1720 1135//1720 1136//1720
f 822//1721 1136//1721 821//1721
f 825//1722 826//1722 1133//1722
f 1133//1723 826//1723 827//1723
f 1133//1724 827//1724 1137//1724
f 1137//1725 827//1725 828//1725
f 1137//1726 828//1726 1138//1726
f 868//1727 1132//1727 867//1727
f 1124//1728 865//1728 1125//1728
f 1125//1729 865//1729 864//1729
f 1125//1730 864//1730 863//1730
f 860//1731 859//1731 1139//1731
f 1139//1732 859//1732 858//1732
f 1139//1733 858//1733 857//1733
f 1140//1734 857//1734 856//1734
f 855//1735 854//1735 1141//1735
f 1141//1736 854//1736 853//1736
f 1141//1737 853//1737 852//1737
f 1142//1738 852//1738 851//1738
f 849//1739 1128//1739 850//1739
f 844//1740 843//1740 1143//1740
f 1143//1741 843//1741 1144//1741
f 1143//1742 1144//1742 1145//1742
f 843//1743 842//1743 1146//1743
f 1146//1744 842//1744 841//1744
f 1146//1745 841//1745 840//1745
f 835//1746 1147//1746 839//1746
f 839//1747 1147//1747 1148//1747
f 839//1748 1148//1748 1126//1748
f 835//1749 834//1749 1147//1749
f 1147//1750 834//1750 838//1750
f 1147//1751 838//1751 1149//1751
f 1149//1752 838//1752 837//1752
f 1149//1753 837//1753 1150//1753
f 1150//1754 837//1754 836//1754
f 1150//1755 836//1755 1151//1755
f 1151//1756 836//1756 833//1756
f 833//1757 832//1757 1151//1757
f 1151//1758 832//1758 831//1758
f 1151//1759 831//1759 1152//1759
f 1152//1760 831//1760 818//1760
f 1152//1761 818//1761 1153//1761
f 1153//1762 818//1762 819//1762
f 1153//1763 819//1763 1136//1763
f 1136//1764 819//1764 820//1764
f 1136//1765 820//1765 821//1765
f 1154//1766 1123//1766 1155//1766
f 1155//1767 1123//1767 1125//1767
f 1155//1768 1125//1768 1156//1768
f 1156//1769 1125//1769 862//1769
f 1156//1770 862//1770 861//1770
f 845//1771 844//1771 1127//1771
f 1127//1772 844//1772 1143//1772
f 1127//1773 1143//1773 1157//1773
f 1157//1774 1143//1774 1145//1774
f 1157//1775 1145//1775 1158//1775
f 1159//1776 1126//1776 1160//1776
f 1160//1777 1126//1777 1148//1777
f 1160//1778 1148//1778 1161//1778
f 1161//1779 1148//1779 1147//1779
f 1161//1780 1147//1780 1162//1780
f 1162//1781 1147//1781 1149//1781
f 1162//1782 1149//1782 1163//1782
f 1163//1783 1149//1783 1150//1783
f 1163//1784 1150//1784 1164//1784
f 1164//1785 1150//1785 1151//1785
f 1164//1786 1151//1786 1165//1786
f 1165//1787 1151//1787 1152//1787
f 1165//1788 1152//1788 1166//1788
f 1166//1789 1152//1789 1153//1789
f 1166//1790 1153//1790 1167//1790
f 1167//1791 1153//1791 1136//1791
f 1167//1792 1136//1792 1168//1792
f 1168//1793 1136//1793 1135//1793
f 1168//1794 1135//1794 1169//1794
f 1169//1795 1135//1795 1134//1795
f 1169//1796 1134//1796 1170//1796
f 1170//1797 1134//1797 1133//1797
f 1170//1798 1133//1798 1171//1798
f 1171//1799 1133//1799 1137//1799
f 1171//1800 1137//1800 1172//1800
f 1172//1801 1137//1801 1138//1801
f 1172//1802 1138//1802 1173//1802
f 1173//1803 1138//1803 1174//1803
f 1173//1804 1174//1804 1175//1804
f 1175//1805 1174//1805 1176//1805
f 1175//1806 1176//1806 1177//1806
f 866//1807 865//1807 1178//1807
f 1178//1808 865//1808 1124//1808
f 1178//1809 1124//1809 1179//1809
f 1179//1810 1124//1810 1123//1810
f 1179//1811 1123//1811 1180//1811
f 1180//1812 1123//1812 1154//1812
f 1180//1813 1154//1813 1181//1813
f 847//1814 846//1814 1182//1814
f 1182//1815 846//1815 1127//1815
f 1182//1816 1127//1816 1183//1816
f 1183//1817 1127//1817 1157//1817
f 1183//1818 1157//1818 1184//1818
f 1184//1819 1157//1819 1158//1819
f 1184//1820 1158//1820 1185//1820
f 1186//1821 1159//1821 1187//1821
f 1187//1822 1159//1822 1160//1822
f 1187//1823 1160//1823 1188//1823
f 1188//1824 1160//1824 1161//1824
f 1188//1825 1161//1825 1189//1825
f 1189//1826 1161//1826 1162//1826
f 1189//1827 1162//1827 1190//1827
f 1190//1828 1162//1828 1163//1828
f 1190//1829 1163//1829 1191//1829
f 1191//1830 1163//1830 1164//1830
f 1191//1831 1164//1831 1192//1831
f 1192//1832 1164//1832 1165//1832
f 1192//1833 1165//1833 1193//1833
f 1193//1834 1165//1834 1166//1834
f 1193//1835 1166//1835 1194//1835
f 1194//1836 1166//1836 1167//1836
f 1194//1837 1167//1837 1195//1837
f 1195//1838 1167//1838 1168//1838
f 1195//1839 1168//1839 1196//1839
f 1196//1840 1168//1840 1169//1840
f 1196//1841 1169//1841 1197//1841
f 1197//1842 1169//1842 1170//1842
f 1197//1843 1170//1843 1198//1843
f 1198//1844 1170//1844 1171//1844
f 1198//1845 1171//1845 1199//1845
f 1199//1846 1171//1846 1172//1846
f 1199//1847 1172//1847 1200//1847
f 1200//1848 1172//1848 1173//1848
f 1200//1849 1173//1849 1201//1849
f 1201//1850 1173//1850 1175//1850
f 1201//1851 1175//1851 1202//1851
f 1202//1852 1175//1852 1177//1852
f 1202//1853 1177//1853 1203//1853
f 869//1854 866//1854 1132//1854
f 1132//1855 866//1855 1178//1855
f 1132//1856 1178//1856 1204//1856
f 1204//1857 1178//1857 1179//1857
f 1204//1858 1179//1858 1205//1858
f 1205//1859 1179//1859 1180//1859
f 1205//1860 1180//1860 1206//1860
f 1206//1861 1180//1861 1181//1861
f 1206//1862 1181//1862 1207//1862
f 1207//1863 1181//1863 1208//1863
f 1209//1864 1210//1864 1211//1864
f 1212//1865 1210//1865 1213//1865
f 1213//1866 1210//1866 1209//1866
f 1213//1867 1209//1867 1214//1867
f 1215//1868 1216//1868 1217//1868
f 1217//1869 1216//1869 1212//1869
f 1217//1870 1212//1870 1218//1870
f 1218//1871 1212//1871 1213//1871
f 1218//1872 1213//1872 1219//1872
f 1219//1873 1213//1873 1214//1873
f 1219//1874 1214//1874 1128//1874
f 1220//1875 1186//1875 1221//1875
f 1221//1876 1186//1876 1187//1876
f 1221//1877 1187//1877 1222//1877
f 1222//1878 1187//1878 1188//1878
f 1222//1879 1188//1879 1223//1879
f 1223//1880 1188//1880 1189//1880
f 1223//1881 1189//1881 1224//1881
f 1224//1882 1189//1882 1190//1882
f 1224//1883 1190//1883 1225//1883
f 1225//1884 1190//1884 1191//1884
f 1225//1885 1191//1885 1226//1885
f 1226//1886 1191//1886 1192//1886
f 1226//1887 1192//1887 1227//1887
f 1227//1888 1192//1888 1193//1888
f 1227//1889 1193//1889 1228//1889
f 1228//1890 1193//1890 1194//1890
f 1228//1891 1194//1891 1229//1891
f 1229//1892 1194//1892 1195//1892
f 1229//1893 1195//1893 1230//1893
f 1230//1894 1195//1894 1196//1894
f 1230//1895 1196//1895 1231//1895
f 1231//1896 1196//1896 1197//1896
f 1231//1897 1197//1897 1232//1897
f 1232//1898 1197//1898 1198//1898
f 1232//1899 1198//1899 1233//1899
f 1233//1900 1198//1900 1199//1900
f 1233//1901 1199//1901 1234//1901
f 1234//1902 1199//1902 1200//1902
f 1234//1903 1200//1903 1235//1903
f 1235//1904 1200//1904 1201//1904
f 1235//1905 1201//1905 1236//1905
f 1236//1906 1201//1906 1202//1906
f 1236//1907 1202//1907 1237//1907
f 1237//1908 1202//1908 1203//1908
f 1237//1909 1203//1909 1238//1909
f 1239//1910 874//1910 1238//1910
f 828//1911 829//1911 1138//1911
f 1138//1912 829//1912 830//1912
f 1138//1913 830//1913 1174//1913
f 1174//1914 830//1914 867//1914
f 1174//1915 867//1915 1176//1915
f 1176//1916 867//1916 1132//1916
f 1176//1917 1132//1917 1177//1917
f 1177//1917 1132//1917 1204//1917
f 1177//1918 1204//1918 1203//1918
f 1203//1919 1204//1919 1205//1919
f 1203//1920 1205//1920 1238//1920
f 1238//1921 1205//1921 1206//1921
f 1238//1922 1206//1922 1239//1922
f 1239//1923 1206//1923 1207//1923
f 861//1924 1131//1924 1156//1924
f 1156//1925 1131//1925 1240//1925
f 1156//1926 1240//1926 1155//1926
f 1155//1927 1240//1927 1241//1927
f 1155//1928 1241//1928 1154//1928
f 1154//1929 1241//1929 1242//1929
f 1154//1930 1242//1930 1181//1930
f 1181//1931 1242//1931 1243//1931
f 1181//1932 1243//1932 1208//1932
f 860//1933 1139//1933 1131//1933
f 1131//1934 1139//1934 1244//1934
f 1131//1935 1244//1935 1240//1935
f 1240//1936 1244//1936 1245//1936
f 1240//1937 1245//1937 1241//1937
f 1241//1938 1245//1938 1122//1938
f 1241//1939 1122//1939 1242//1939
f 1242//1940 1122//1940 1121//1940
f 1242//1941 1121//1941 1243//1941
f 857//1942 1140//1942 1139//1942
f 1139//1943 1140//1943 1246//1943
f 1139//1944 1246//1944 1244//1944
f 1244//1945 1246//1945 1247//1945
f 1244//1946 1247//1946 1245//1946
f 1245//1947 1247//1947 1248//1947
f 1245//1948 1248//1948 1122//1948
f 1122//1949 1248//1949 1249//1949
f 1122//1950 1249//1950 1120//1950
f 856//1951 1130//1951 1140//1951
f 1140//1952 1130//1952 1250//1952
f 1140//1953 1250//1953 1246//1953
f 1246//1954 1250//1954 1251//1954
f 1246//1955 1251//1955 1247//1955
f 1247//1956 1251//1956 1119//1956
f 1247//1957 1119//1957 1248//1957
f 1248//1958 1119//1958 1118//1958
f 1248//1959 1118//1959 1249//1959
f 855//1960 1141//1960 1130//1960
f 1130//1961 1141//1961 1252//1961
f 1130//1962 1252//1962 1250//1962
f 1250//1963 1252//1963 1253//1963
f 1250//1964 1253//1964 1251//1964
f 1251//1965 1253//1965 1254//1965
f 1251//1966 1254//1966 1119//1966
f 1119//1967 1254//1967 1255//1967
f 1119//1968 1255//1968 1117//1968
f 852//1969 1142//1969 1141//1969
f 1141//1970 1142//1970 1256//1970
f 1141//1971 1256//1971 1252//1971
f 1252//1972 1256//1972 1257//1972
f 1252//1973 1257//1973 1253//1973
f 1253//1974 1257//1974 1116//1974
f 1253//1975 1116//1975 1254//1975
f 1254//1976 1116//1976 1115//1976
f 1254//1977 1115//1977 1255//1977
f 851//1978 1129//1978 1142//1978
f 1142//1979 1129//1979 1258//1979
f 1142//1980 1258//1980 1256//1980
f 1256//1981 1258//1981 1259//1981
f 1256//1982 1259//1982 1257//1982
f 1257//1983 1259//1983 1260//1983
f 1257//1984 1260//1984 1116//1984
f 1116//1985 1260//1985 1261//1985
f 1116//1986 1261//1986 1114//1986
f 850//1987 1128//1987 1129//1987
f 1129//1988 1128//1988 1214//1988
f 1129//1989 1214//1989 1258//1989
f 1258//1990 1214//1990 1209//1990
f 1258//1991 1209//1991 1259//1991
f 1259//1992 1209//1992 1211//1992
f 1259//1993 1211//1993 1260//1993
f 1260//1994 1211//1994 1262//1994
f 1260//1995 1262//1995 1261//1995
f 1216//1996 1263//1996 1212//1996
f 1212//1997 1263//1997 1264//1997
f 1212//1998 1264//1998 1210//1998
f 1210//1999 1264//1999 1265//1999
f 1210//2000 1265//2000 1211//2000
f 1211//2001 1265//2001 1266//2001
f 1211//2002 1266//2002 1262//2002
f 1267//2003 1215//2003 1185//2003
f 1185//2004 1215//2004 1217//2004
f 1185//2005 1217//2005 1184//2005
f 1184//2006 1217//2006 1218//2006
f 1184//2007 1218//2007 1183//2007
f 1183//2008 1218//2008 1219//2008
f 1183//2009 1219//2009 1182//2009
f 1182//2010 1219//2010 1128//2010
f 1182//2011 1128//2011 847//2011
f 847//2012 1128//2012 848//2012
f 843//2013 1146//2013 1144//2013
f 1144//2014 1146//2014 1268//2014
f 1144//2015 1268//2015 1145//2015
f 1145//2016 1268//2016 1269//2016
f 1145//2017 1269//2017 1158//2017
f 1158//2018 1269//2018 1270//2018
f 1158//2019 1270//2019 1185//2019
f 1185//2020 1270//2020 1271//2020
f 1185//2021 1271//2021 1267//2021
f 840//2022 1126//2022 1146//2022
f 1146//2023 1126//2023 1159//2023
f 1146//2014 1159//2014 1268//2014
f 1268//2024 1159//2024 1186//2024
f 1268//2025 1186//2025 1269//2025
f 1269//2026 1186//2026 1220//2026
f 1269//2027 1220//2027 1270//2027
f 1270//2028 1220//2028 1272//2028
f 1270//2029 1272//2029 1271//2029
f 874//2030 1273//2030 1238//2030
f 1238//2031 1273//2031 1274//2031
f 1238//2032 1274//2032 1237//2032
f 1237//2033 1274//2033 1275//2033
f 1237//2034 1275//2034 1236//2034
f 1236//2035 1275//2035 1276//2035
f 1236//2036 1276//2036 1235//2036
f 1235//2037 1276//2037 1277//2037
f 1235//2038 1277//2038 1234//2038
f 1234//2039 1277//2039 1278//2039
f 1234//2040 1278//2040 1233//2040
f 1233//2041 1278//2041 1279//2041
f 1233//2042 1279//2042 1232//2042
f 1232//2043 1279//2043 1280//2043
f 1232//2044 1280//2044 1231//2044
f 1231//2045 1280//2045 1281//2045
f 1231//2046 1281//2046 1230//2046
f 1230//2047 1281//2047 1282//2047
f 1230//2048 1282//2048 1229//2048
f 1229//2049 1282//2049 1283//2049
f 1229//2050 1283//2050 1228//2050
f 1228//2051 1283//2051 1284//2051
f 1228//2052 1284//2052 1227//2052
f 1227//2053 1284//2053 1285//2053
f 1227//2054 1285//2054 1226//2054
f 1226//2055 1285//2055 1286//2055
f 1226//2056 1286//2056 1225//2056
f 1225//2057 1286//2057 1287//2057
f 1225//2058 1287//2058 1224//2058
f 1224//2059 1287//2059 1288//2059
f 1224//2060 1288//2060 1223//2060
f 1223//2061 1288//2061 1289//2061
f 1223//2062 1289//2062 1222//2062
f 1222//2063 1289//2063 924//2063
f 1222//2064 924//2064 1221//2064
f 1221//2065 924//2065 1290//2065
f 1221//2066 1290//2066 1220//2066
f 1220//2067 1290//2067 1291//2067
f 1220//2068 1291//2068 1272//2068
f 642//2069 951//2069 1292//2069
f 642//2070 1292//2070 870//2070
f 870//2071 1292//2071 1293//2071
f 870//2071 1293//2071 872//2071
f 872//2072 1293//2072 1294//2072
f 872//2072 1294//2072 874//2072
f 952//2073 1295//2073 1296//2073
f 1295//2074 1297//2074 1298//2074
f 1297//2075 1299//2075 1300//2075
f 1297//2076 1300//2076 1298//2076
f 1298//2077 1300//2077 1301//2077
f 1298//2078 1301//2078 1302//2078
f 1302//2079 1301//2079 1303//2079
f 1302//2080 1303//2080 1304//2080
f 1304//2081 1303//2081 1294//2081
f 1304//2082 1294//2082 1293//2082
f 1295//2083 1298//2083 1296//2083
f 1296//2084 1298//2084 1302//2084
f 1296//2085 1302//2085 1305//2085
f 1305//2086 1302//2086 1304//2086
f 1305//2087 1304//2087 1306//2087
f 1306//2088 1304//2088 1293//2088
f 1306//2089 1293//2089 1292//2089
f 952//2090 1296//2090 953//2090
f 953//2091 1296//2091 1305//2091
f 953//2092 1305//2092 954//2092
f 954//2093 1305//2093 1306//2093
f 954//2094 1306//2094 955//2094
f 955//2095 1306//2095 1292//2095
f 955//2096 1292//2096 951//2096
f 1299//2097 1297//2097 1307//2097
f 1297//2098 1295//2098 1308//2098
f 1295//2099 952//2099 959//2099
f 1295//2100 959//2100 1308//2100
f 1308//2101 959//2101 958//2101
f 1308//2102 958//2102 1309//2102
f 1309//2103 958//2103 957//2103
f 1309//2104 957//2104 1310//2104
f 1310//2105 957//2105 956//2105
f 1310//2106 956//2106 1311//2106
f 1297//2107 1308//2107 1307//2107
f 1307//2108 1308//2108 1309//2108
f 1307//2109 1309//2109 1312//2109
f 1312//2110 1309//2110 1310//2110
f 1312//2111 1310//2111 1313//2111
f 1313//2112 1310//2112 1311//2112
f 1313//2113 1311//2113 1314//2113
f 1299//2114 1307//2114 1315//2114
f 1315//2115 1307//2115 1312//2115
f 1315//2116 1312//2116 1316//2116
f 1316//2117 1312//2117 1313//2117
f 1316//2118 1313//2118 1317//2118
f 1317//2119 1313//2119 1314//2119
f 1317//2120 1314//2120 1318//2120
f 1319//2121 1318//2121 1314//2121
f 1319//2122 1314//2122 1320//2122
f 1320//2123 1314//2123 1311//2123
f 1320//2123 1311//2123 1321//2123
f 1321//2124 1311//2124 956//2124
f 1321//2124 956//2124 960//2124
f 965//2125 1322//2125 1323//2125
f 1322//2126 1324//2126 1325//2126
f 1324//2127 1326//2127 1327//2127
f 1324//2128 1327//2128 1325//2128
f 1325//2129 1327//2129 1328//2129
f 1325//2130 1328//2130 1329//2130
f 1329//2131 1328//2131 1330//2131
f 1329//2132 1330//2132 1331//2132
f 1331//2133 1330//2133 1332//2133
f 1331//2134 1332//2134 1333//2134
f 1333//2135 1332//2135 1334//2135
f 1333//2136 1334//2136 1335//2136
f 1335//2137 1334//2137 1336//2137
f 1335//2138 1336//2138 1337//2138
f 1337//2139 1336//2139 1338//2139
f 1337//2140 1338//2140 1339//2140
f 1339//2141 1338//2141 1340//2141
f 1339//2142 1340//2142 1341//2142
f 1341//2143 1340//2143 1342//2143
f 1341//2144 1342//2144 1343//2144
f 1343//2145 1342//2145 1344//2145
f 1343//2146 1344//2146 1345//2146
f 1345//2147 1344//2147 1346//2147
f 1345//2148 1346//2148 1347//2148
f 1347//2149 1346//2149 1319//2149
f 1347//2150 1319//2150 1320//2150
f 1322//2151 1325//2151 1323//2151
f 1323//2152 1325//2152 1329//2152
f 1323//2153 1329//2153 1348//2153
f 1348//2154 1329//2154 1331//2154
f 1348//2155 1331//2155 1349//2155
f 1349//2156 1331//2156 1333//2156
f 1349//2157 1333//2157 1350//2157
f 1350//2158 1333//2158 1335//2158
f 1350//2159 1335//2159 1351//2159
f 1351//2160 1335//2160 1337//2160
f 1351//2161 1337//2161 1352//2161
f 1352//2162 1337//2162 1339//2162
f 1352//2163 1339//2163 1353//2163
f 1353//2164 1339//2164 1341//2164
f 1353//2165 1341//2165 1354//2165
f 1354//2166 1341//2166 1343//2166
f 1354//2167 1343//2167 1355//2167
f 1355//2168 1343//2168 1345//2168
f 1355//2169 1345//2169 1356//2169
f 1356//2170 1345//2170 1347//2170
f 1356//2171 1347//2171 1357//2171
f 1357//2172 1347//2172 1320//2172
f 1357//2173 1320//2173 1321//2173
f 965//2174 1323//2174 966//2174
f 966//2175 1323//2175 1348//2175
f 966//2176 1348//2176 967//2176
f 967//2177 1348//2177 1349//2177
f 967//2178 1349//2178 968//2178
f 968//2179 1349//2179 1350//2179
f 968//2180 1350//2180 969//2180
f 969//2181 1350//2181 1351//2181
f 969//2182 1351//2182 970//2182
f 970//2183 1351//2183 1352//2183
f 970//2184 1352//2184 971//2184
f 971//2185 1352//2185 1353//2185
f 971//2186 1353//2186 972//2186
f 972//2187 1353//2187 1354//2187
f 972//2188 1354//2188 973//2188
f 973//2189 1354//2189 1355//2189
f 973//2190 1355//2190 974//2190
f 974//2191 1355//2191 1356//2191
f 974//2192 1356//2192 975//2192
f 975//2193 1356//2193 1357//2193
f 975//2194 1357//2194 976//2194
f 976//2195 1357//2195 1321//2195
f 976//2196 1321//2196 960//2196
f 965//2197 977//2197 1358//2197
f 965//2197 1358//2197 1322//2197
f 1322//2198 1358//2198 1359//2198
f 1322//2198 1359//2198 1324//2198
f 1324//2199 1359//2199 1360//2199
f 1324//2199 1360//2199 1326//2199
f 978//2200 1361//2200 1362//2200
f 1361//2201 1363//2201 1364//2201
f 1363//2202 1365//2202 1366//2202
f 1363//2203 1366//2203 1364//2203
f 1364//2204 1366//2204 1367//2204
f 1364//2205 1367//2205 1368//2205
f 1368//2206 1367//2206 1369//2206
f 1368//2207 1369//2207 1370//2207
f 1370//2208 1369//2208 1371//2208
f 1370//2209 1371//2209 1372//2209
f 1372//2210 1371//2210 1373//2210
f 1372//2211 1373//2211 1374//2211
f 1374//2212 1373//2212 1375//2212
f 1374//2213 1375//2213 1376//2213
f 1376//2214 1375//2214 1377//2214
f 1376//2215 1377//2215 1378//2215
f 1378//2216 1377//2216 1379//2216
f 1378//2217 1379//2217 1380//2217
f 1380//2218 1379//2218 1381//2218
f 1380//2219 1381//2219 1382//2219
f 1382//2220 1381//2220 1383//2220
f 1382//2221 1383//2221 1384//2221
f 1384//2222 1383//2222 1385//2222
f 1384//2223 1385//2223 1386//2223
f 1386//2224 1385//2224 1360//2224
f 1386//2225 1360//2225 1359//2225
f 1361//2226 1364//2226 1362//2226
f 1362//2227 1364//2227 1368//2227
f 1362//2228 1368//2228 1387//2228
f 1387//2229 1368//2229 1370//2229
f 1387//2230 1370//2230 1388//2230
f 1388//2231 1370//2231 1372//2231
f 1388//2232 1372//2232 1389//2232
f 1389//2233 1372//2233 1374//2233
f 1389//2234 1374//2234 1390//2234
f 1390//2235 1374//2235 1376//2235
f 1390//2236 1376//2236 1391//2236
f 1391//2237 1376//2237 1378//2237
f 1391//2238 1378//2238 1392//2238
f 1392//2239 1378//2239 1380//2239
f 1392//2239 1380//2239 1393//2239
f 1393//2240 1380//2240 1382//2240
f 1393//2241 1382//2241 1394//2241
f 1394//2242 1382//2242 1384//2242
f 1394//2243 1384//2243 1395//2243
f 1395//2244 1384//2244 1386//2244
f 1395//2245 1386//2245 1396//2245
f 1396//2246 1386//2246 1359//2246
f 1396//2247 1359//2247 1358//2247
f 978//2248 1362//2248 979//2248
f 979//2249 1362//2249 1387//2249
f 979//2250 1387//2250 980//2250
f 980//2251 1387//2251 1388//2251
f 980//2252 1388//2252 981//2252
f 981//2253 1388//2253 1389//2253
f 981//2254 1389//2254 982//2254
f 982//2255 1389//2255 1390//2255
f 982//2256 1390//2256 983//2256
f 983//2257 1390//2257 1391//2257
f 983//2258 1391//2258 984//2258
f 984//2259 1391//2259 1392//2259
f 984//2260 1392//2260 985//2260
f 985//2261 1392//2261 1393//2261
f 985//2262 1393//2262 986//2262
f 986//2263 1393//2263 1394//2263
f 986//2264 1394//2264 987//2264
f 987//2265 1394//2265 1395//2265
f 987//2266 1395//2266 988//2266
f 988//2267 1395//2267 1396//2267
f 988//2268 1396//2268 989//2268
f 989//2269 1396//2269 1358//2269
f 989//2270 1358//2270 977//2270
f 1397//2271 1365//2271 1363//2271
f 1397//2272 1363//2272 1398//2272
f 1398//2273 1363//2273 1361//2273
f 1398//2273 1361//2273 1399//2273
f 1399//2274 1361//2274 978//2274
f 1399//2274 978//2274 990//2274
f 1104//2275 1097//2275 1400//2275
f 1397//2276 1398//2276 1401//2276
f 1111//2277 1105//2277 1402//2277
f 1398//2278 1399//2278 1403//2278
f 997//2279 1404//2279 996//2279
f 996//2280 1404//2280 1403//2280
f 996//2281 1403//2281 995//2281
f 995//2282 1403//2282 1399//2282
f 995//2283 1399//2283 990//2283
f 997//2284 817//2284 1404//2284
f 1404//2285 817//2285 1113//2285
f 1404//2286 1113//2286 1112//2286
f 1398//2287 1403//2287 1401//2287
f 1401//2288 1403//2288 1404//2288
f 1401//2289 1404//2289 1402//2289
f 1402//2290 1404//2290 1112//2290
f 1402//2291 1112//2291 1111//2291
f 1397//2292 1401//2292 1405//2292
f 1405//2293 1401//2293 1402//2293
f 1405//2294 1402//2294 1400//2294
f 1400//2295 1402//2295 1105//2295
f 1400//2296 1105//2296 1104//2296
f 1078//2297 998//2297 1000//2297
f 1054//2298 1056//2298 1319//2298
f 1326//2299 1360//2299 1002//2299
f 1360//2300 1406//2300 1002//2300
f 1002//2301 1406//2301 1407//2301
f 1002//2302 1407//2302 1000//2302
f 1000//2303 1407//2303 1076//2303
f 1000//2304 1076//2304 1078//2304
f 1326//2305 1002//2305 1408//2305
f 1408//2306 1002//2306 1004//2306
f 1408//2307 1004//2307 1409//2307
f 1319//2308 1056//2308 1318//2308
f 1050//2309 1052//2309 1012//2309
f 1012//2310 1052//2310 1010//2310
f 1080//2311 1018//2311 1078//2311
f 1078//2312 1018//2312 1020//2312
f 1078//2313 1020//2313 998//2313
f 1030//2314 1082//2314 1028//2314
f 1028//2315 1082//2315 1084//2315
f 1410//2316 1411//2316 1004//2316
f 1412//2317 1006//2317 1413//2317
f 1413//2318 1006//2318 1008//2318
f 1413//2319 1008//2319 1319//2319
f 1319//2320 1008//2320 1010//2320
f 1319//2321 1010//2321 1054//2321
f 1054//2322 1010//2322 1052//2322
f 1299//2323 1414//2323 1415//2323
f 1415//2324 1414//2324 1416//2324
f 1098//2325 1417//2325 1418//2325
f 1044//2326 1397//2326 1042//2326
f 1042//2327 1397//2327 1419//2327
f 1042//2328 1419//2328 1040//2328
f 1412//2329 1420//2329 1006//2329
f 1006//2330 1420//2330 1421//2330
f 1006//2331 1421//2331 1004//2331
f 1004//2332 1421//2332 1422//2332
f 1004//2333 1422//2333 1410//2333
f 1411//2334 1423//2334 1004//2334
f 1004//2335 1423//2335 1424//2335
f 1004//2336 1424//2336 1409//2336
f 1425//2314 1426//2314 1294//2314
f 1294//2337 1426//2337 1427//2337
f 1294//2338 1427//2338 1428//2338
f 1428//2339 1429//2339 1294//2339
f 1294//2340 1429//2340 1430//2340
f 1294//2341 1430//2341 874//2341
f 924//2342 1431//2342 1098//2342
f 1098//2343 1431//2343 1432//2343
f 1098//2344 1432//2344 1417//2344
f 1433//2345 1064//2345 1434//2345
f 1434//2346 1064//2346 1066//2346
f 1434//2347 1066//2347 1435//2347
f 1080//2348 1082//2348 1018//2348
f 1018//2349 1082//2349 1030//2349
f 1018//2350 1030//2350 1016//2350
f 1016//2351 1030//2351 1032//2351
f 1016//2352 1032//2352 1014//2352
f 1014//2353 1032//2353 1012//2353
f 1050//2354 1012//2354 1048//2354
f 1048//2314 1012//2314 1032//2314
f 1048//2355 1032//2355 1046//2355
f 1046//2356 1032//2356 1034//2356
f 1046//2357 1034//2357 1068//2357
f 1068//2358 1034//2358 1036//2358
f 1068//2359 1036//2359 1038//2359
f 1397//2360 1090//2360 1092//2360
f 1407//2361 1436//2361 1076//2361
f 1076//2362 1436//2362 1437//2362
f 1076//2363 1437//2363 1438//2363
f 1438//2364 1439//2364 1076//2364
f 1076//2365 1439//2365 1440//2365
f 1076//2366 1440//2366 1074//2366
f 1074//2367 1440//2367 1441//2367
f 1074//2368 1441//2368 1442//2368
f 1056//2369 1058//2369 1318//2369
f 1318//2370 1058//2370 1060//2370
f 1318//2371 1060//2371 1443//2371
f 1443//2372 1060//2372 1062//2372
f 1443//2373 1062//2373 1416//2373
f 1416//2374 1062//2374 1064//2374
f 1416//2375 1064//2375 1415//2375
f 1415//2376 1064//2376 1433//2376
f 1294//2377 1444//2377 1425//2377
f 1425//2378 1444//2378 1445//2378
f 1425//2379 1445//2379 1415//2379
f 1415//2380 1445//2380 1446//2380
f 1415//2381 1446//2381 1299//2381
f 1419//2382 1447//2382 1040//2382
f 1040//2383 1447//2383 1097//2383
f 1040//2384 1097//2384 1448//2384
f 1397//2354 1092//2354 1365//2354
f 1092//2385 1070//2385 1365//2385
f 1365//2386 1070//2386 1072//2386
f 1365//2387 1072//2387 1449//2387
f 1449//2388 1072//2388 1074//2388
f 1449//2389 1074//2389 1450//2389
f 1450//2390 1074//2390 1442//2390
f 1418//2391 1451//2391 1098//2391
f 1098//2392 1451//2392 1452//2392
f 1098//2393 1452//2393 1066//2393
f 1066//2394 1452//2394 1453//2394
f 1066//2395 1453//2395 1435//2395
f 1448//2396 1454//2396 1040//2396
f 1040//2397 1454//2397 1098//2397
f 1040//2398 1098//2398 1038//2398
f 1038//2399 1098//2399 1066//2399
f 1038//2400 1066//2400 1068//2400
f 1044//2401 1022//2401 1397//2401
f 1397//2402 1022//2402 1024//2402
f 1397//2299 1024//2299 1090//2299
f 1090//2403 1024//2403 1026//2403
f 1090//2404 1026//2404 1088//2404
f 1088//2405 1026//2405 1028//2405
f 1088//2406 1028//2406 1086//2406
f 1086//2407 1028//2407 1084//2407
f 1075//2408 1073//2408 1455//2408
f 1455//2408 1073//2408 1071//2408
f 1455//2408 1071//2408 1093//2408
f 1081//2408 1079//2408 1455//2408
f 1455//2408 1079//2408 1077//2408
f 1455//2408 1077//2408 1075//2408
f 1087//2408 1085//2408 1455//2408
f 1455//2408 1085//2408 1083//2408
f 1455//2408 1083//2408 1081//2408
f 1093//2408 1091//2408 1455//2408
f 1455//2408 1091//2408 1089//2408
f 1455//2408 1089//2408 1087//2408
f 1051//2408 1049//2408 1456//2408
f 1456//2408 1049//2408 1047//2408
f 1456//2408 1047//2408 1069//2408
f 1057//2408 1055//2408 1456//2408
f 1456//2408 1055//2408 1053//2408
f 1456//2408 1053//2408 1051//2408
f 1063//2408 1061//2408 1456//2408
f 1456//2408 1061//2408 1059//2408
f 1456//2408 1059//2408 1057//2408
f 1069//2408 1067//2408 1456//2408
f 1456//2408 1067//2408 1065//2408
f 1456//2408 1065//2408 1063//2408
f 1027//2408 1025//2408 1457//2408
f 1457//2408 1025//2408 1023//2408
f 1457//2408 1023//2408 1045//2408
f 1033//2408 1031//2408 1457//2408
f 1457//2408 1031//2408 1029//2408
f 1457//2408 1029//2408 1027//2408
f 1039//2408 1037//2408 1457//2408
f 1457//2408 1037//2408 1035//2408
f 1457//2408 1035//2408 1033//2408
f 1045//2408 1043//2408 1457//2408
f 1457//2408 1043//2408 1041//2408
f 1457//2408 1041//2408 1039//2408
f 1003//2408 1001//2408 1458//2408
f 1458//2408 1001//2408 999//2408
f 1458//2408 999//2408 1021//2408
f 1009//2408 1007//2408 1458//2408
f 1458//2408 1007//2408 1005//2408
f 1458//2408 1005//2408 1003//2408
f 1015//2408 1013//2408 1458//2408
f 1458//2408 1013//2408 1011//2408
f 1458//2408 1011//2408 1009//2408
f 1021//2408 1019//2408 1458//2408
f 1458//2408 1019//2408 1017//2408
f 1458//2408 1017//2408 1015//2408
f 800//2409 802//2409 993//2409
f 716//2409 717//2409 962//2409
f 962//2409 717//2409 91//2409
f 962//2409 91//2409 993//2409
f 993//2409 91//2409 90//2409
f 993//2409 90//2409 800//2409
f 719//43 718//43 2//43
f 1//43 805//43 804//43
f 804//43 803//43 1//43
f 1//43 803//43 80//43
f 1//43 80//43 2//43
f 2//43 80//43 81//43
f 2//43 81//43 719//43
f 962//1 993//1 963//1
f 963//1 993//1 992//1
f 1459//1 1460//1 1461//1
f 1462//1 1463//1 1461//1
f 1461//1 1463//1 1464//1
f 1461//1 1464//1 1459//1
f 1465//1 1466//1 1461//1
f 1461//1 1466//1 1467//1
f 1461//1 1467//1 1462//1
f 1468//1 1469//1 1461//1
f 1461//1 1469//1 1470//1
f 1461//1 1470//1 1465//1
f 1471//1 1472//1 1461//1
f 1461//1 1472//1 1473//1
f 1461//1 1473//1 1468//1
f 1460//1 1474//1 1461//1
f 1461//1 1474//1 1475//1
f 1461//1 1475//1 1471//1
f 1459//2410 1464//2410 409//2410
f 409//2411 1464//2411 1463//2411
f 409//2411 1463//2411 403//2411
f 403//2412 1463//2412 1462//2412
f 403//2412 1462//2412 402//2412
f 402//2413 1462//2413 1467//2413
f 402//2413 1467//2413 401//2413
f 401//2414 1467//2414 1466//2414
f 401//2414 1466//2414 400//2414
f 400//2415 1466//2415 1465//2415
f 400//2415 1465//2415 397//2415
f 397//2416 1465//2416 1470//2416
f 397//2416 1470//2416 396//2416
f 396//2417 1470//2417 1469//2417
f 396//2417 1469//2417 394//2417
f 394//2418 1469//2418 1468//2418
f 394//2418 1468//2418 392//2418
f 392//2419 1468//2419 1473//2419
f 392//2419 1473//2419 391//2419
f 391//2420 1473//2420 1472//2420
f 391//2420 1472//2420 398//2420
f 398//2421 1472//2421 1471//2421
f 398//2421 1471//2421 399//2421
f 399//2422 1471//2422 1475//2422
f 399//2422 1475//2422 404//2422
f 404//2423 1475//2423 1474//2423
f 404//2423 1474//2423 405//2423
f 405//2424 1474//2424 1460//2424
f 405//2424 1460//2424 407//2424
f 407//2425 1460//2425 1459//2425
f 407//2426 1459//2426 409//2426
f 994//1 961//1 991//1
f 991//1 961//1 964//1
f 3//2409 4//2409 994//2409
f 994//2409 4//2409 961//2409
f 991//43 964//43 992//43
f 992//43 964//43 963//43
f 1476//1 1477//1 1478//1
f 1478//1 1477//1 1479//1
f 1478//1 1479//1 1480//1
f 1481//1 1482//1 1478//1
f 1478//1 1482//1 1483//1
f 1478//1 1483//1 1476//1
f 1484//1 1485//1 1478//1
f 1478//1 1485//1 1486//1
f 1478//1 1486//1 1481//1
f 1480//1 1487//1 1478//1
f 1478//1 1487//1 1488//1
f 1478//1 1488//1 1484//1
f 1479//2427 1489//2427 1480//2427
f 1480//2427 1489//2427 1490//2427
f 1480//2428 1490//2428 1487//2428
f 1487//2428 1490//2428 1491//2428
f 1487//2429 1491//2429 1488//2429
f 1488//2429 1491//2429 1492//2429
f 1488//2430 1492//2430 1484//2430
f 1484//2430 1492//2430 1493//2430
f 1484//2431 1493//2431 1485//2431
f 1485//2431 1493//2431 1494//2431
f 1485//2432 1494//2432 1486//2432
f 1486//2432 1494//2432 1495//2432
f 1486//2433 1495//2433 1481//2433
f 1481//2433 1495//2433 1496//2433
f 1481//2434 1496//2434 1482//2434
f 1482//2434 1496//2434 1497//2434
f 1482//2435 1497//2435 1483//2435
f 1483//2435 1497//2435 1498//2435
f 1483//2436 1498//2436 1476//2436
f 1476//2436 1498//2436 1499//2436
f 1476//2437 1499//2437 1477//2437
f 1477//2437 1499//2437 1500//2437
f 1477//2438 1500//2438 1479//2438
f 1479//2438 1500//2438 1489//2438
f 1491//2408 1490//2408 1501//2408
f 1501//2408 1490//2408 1489//2408
f 1501//2408 1489//2408 1500//2408
f 1494//2408 1493//2408 1501//2408
f 1501//2408 1493//2408 1492//2408
f 1501//2408 1492//2408 1491//2408
f 1497//2408 1496//2408 1501//2408
f 1501//2408 1496//2408 1495//2408
f 1501//2408 1495//2408 1494//2408
f 1500//2408 1499//2408 1501//2408
f 1501//2408 1499//2408 1498//2408
f 1501//2408 1498//2408 1497//2408
usemtl mat1
f 1//1 2//1 3//1
# Vertices: 1501, normals: 2438, texture coordinates: 0, faces: 2850

