# File generated by ImageToStl.com - Free Image and 3D model conversion tools

o obj1
v 0.03598958 0.00086603 0.0805
v 0.03599653 0.0005 0.08013397
v 0.03532913 0.00691755 0.004
v 0.03598704 0.00096583 0.08074083
v 0.03532913 0.00691755 0.086
v 0.03598611 0.001 0.081
v 0.03598611 0.001 0.086
v 0.036 0 0.004
v -0.01277515 0.03365703 0.004
v -0.01321094 0.03348837 0.004
v -0.01321094 0.03348837 0.056
v -0.01323257 0.03347983 0.05780691
v -0.01277515 0.03365703 0.086
v -0.01329736 0.03345415 0.05961564
v -0.01340595 0.03341078 0.06144252
v -0.01356027 0.03334845 0.06330548
v -0.01376345 0.03326511 0.06522235
v -0.01401973 0.03315791 0.06721099
v -0.01411537 0.03311731 0.06787614
v -0.01446015 0.03296823 0.07004518
v -0.01487754 0.03278199 0.07234464
v -0.01542557 0.03252771 0.07502421
v -0.016067 0.0322157 0.07784489
v -0.01680526 0.03183682 0.08081317
v -0.01770634 0.03134463 0.08416311
v -0.01822734 0.03104455 0.086
v -0.01670104 -0.03189162 0.08040829
v -0.01277515 -0.03365703 0.086
v -0.01743899 -0.03149415 0.08319448
v -0.01822734 -0.03104455 0.086
v -0.014108 -0.03312045 0.067826
v -0.01384053 -0.03323311 0.06585871
v -0.01602526 -0.03223649 0.0776692
v -0.01541764 -0.03253147 0.07498749
v -0.01488261 -0.03277969 0.07237098
v -0.01479417 -0.0328197 0.07190691
v -0.01442692 -0.03298279 0.06984876
v -0.0136228 -0.03332296 0.06394166
v -0.01345287 -0.03339192 0.06206739
v -0.01333692 -0.0334384 0.06036888
v -0.01325576 -0.03347065 0.058602
v -0.01321581 -0.03348645 0.056857
v -0.01321094 -0.03348837 0.056
v 0.03599653 -0.0005 0.08013397
v 0.03598958 -0.00086603 0.0805
v 0.03532913 -0.00691755 0.004
v 0.03599907 0.00025889 0.08003409
v 0.036 0 0.08
v 0.03599907 -0.00025908 0.08003414
v 0.03598704 -0.00096599 0.08074144
v 0.03532913 -0.00691755 0.086
v 0.03598611 -0.001 0.081
v 0.03598611 -0.001 0.086
v 0.03334153 -0.01357727 0.086
v 0.03334153 -0.01357727 0.004
v 0.03011128 -0.01973096 0.086
v 0.03011128 -0.01973096 0.004
v 0.02575876 -0.02514928 0.086
v 0.02575876 -0.02514928 0.004
v 0.02044621 -0.02963027 0.086
v 0.02044621 -0.02963027 0.004
v 0.01437161 -0.03300692 0.086
v 0.01437161 -0.03300692 0.004
v 0.00776138 -0.03515339 0.086
v 0.00776138 -0.03515339 0.004
v 0.00086188 -0.03598968 0.086
v 0.00086188 -0.03598968 0.004
v -0.00606975 -0.03548462 0.086
v -0.00606975 -0.03548462 0.004
v -0.01277515 -0.03365703 0.004
v -0.01321094 -0.03348837 0.004
v -0.00606975 0.03548462 0.086
v -0.00606975 0.03548462 0.004
v 0.00086188 0.03598968 0.086
v 0.00086188 0.03598968 0.004
v 0.00776138 0.03515339 0.086
v 0.00776138 0.03515339 0.004
v 0.01437161 0.03300692 0.086
v 0.01437161 0.03300692 0.004
v 0.02044621 0.02963027 0.086
v 0.02044621 0.02963027 0.004
v 0.02575876 0.02514928 0.086
v 0.02575876 0.02514928 0.004
v 0.03011128 0.01973096 0.086
v 0.03011128 0.01973096 0.004
v 0.03334153 0.01357727 0.086
v 0.03334153 0.01357727 0.004
v -0.02183036 0.02862578 0.086
v -0.02237157 0.02820484 0.086
v -0.02124987 0.02717891 0.086
v 0.035 -0.001 0.086
v -0.00936803 -0.03320377 0.086
v -0.01560252 -0.0307703 0.086
v -0.03236748 0.008747 0.086
v -0.03280445 0.00983068 0.086
v -0.03489863 0.00883661 0.086
v -0.03441317 0.01057042 0.086
v -0.03270121 0.01099458 0.086
v -0.03385882 0.01223029 0.086
v -0.01839555 -0.03094517 0.086
v -0.02769 -0.02300574 0.086
v -0.02736615 -0.02339004 0.086
v -0.02609756 -0.02256474 0.086
v -0.03441317 -0.01057042 0.086
v -0.03270121 -0.01099458 0.086
v -0.03489863 -0.00883661 0.086
v -0.03280445 -0.00983068 0.086
v -0.03532226 -0.00695253 0.086
v -0.03236748 -0.008747 0.086
v -0.03590031 0.00267727 0.086
v -0.03599997 4.435E-05 0.086
v -0.03150444 0.00799008 0.086
v -0.02290689 0.02777183 0.086
v -0.02330786 0.02743618 0.086
v -0.02343921 0.02732405 0.086
v -0.00278101 -0.03438773 0.086
v 0.00391066 -0.03427764 0.086
v 0.01045518 -0.03287764 0.086
v 0.01660625 -0.03024041 0.086
v 0.0221324 -0.0264652 0.086
v 0.02682569 -0.02169407 0.086
v 0.03050948 -0.01610656 0.086
v 0.03304517 -0.00991294 0.086
v 0.03433733 -0.00334629 0.086
v 0.03433733 0.00334629 0.086
v 0.035 0.001 0.086
v 0.03304517 0.00991294 0.086
v -0.02397124 -0.02685851 0.086
v -0.02343921 -0.02732405 0.086
v -0.02124987 -0.02717891 0.086
v -0.02330786 -0.02743618 0.086
v -0.02290689 -0.02777183 0.086
v -0.02237157 -0.02820484 0.086
v -0.03599997 -4.435E-05 0.086
v -0.03590031 -0.00267727 0.086
v -0.03150444 -0.00799008 0.086
v -0.03566443 -0.00490394 0.086
v -0.03546067 -0.00620815 0.086
v -0.036 0 0.086
v -0.03089787 0.0009533 0.086
v -0.03532226 0.00695253 0.086
v -0.03546067 0.00620815 0.086
v -0.03566443 0.00490394 0.086
v -0.02769 0.02300574 0.086
v -0.02792778 0.02271649 0.086
v -0.02609756 0.02256474 0.086
v -0.02849834 0.02199647 0.086
v -0.03042335 0.01924629 0.086
v -0.03101972 0.01826956 0.086
v -0.02996316 0.01710143 0.086
v -0.03124247 0.01788597 0.086
v -0.03161685 0.01721555 0.086
v -0.02018365 0.02980973 0.086
v -0.02075044 0.02941801 0.086
v -0.02130835 0.02901645 0.086
v 0.03050948 0.01610656 0.086
v 0.02682569 0.02169407 0.086
v 0.0221324 0.0264652 0.086
v 0.01660625 0.03024041 0.086
v 0.01045518 0.03287764 0.086
v 0.00391066 0.03427764 0.086
v -0.00278101 0.03438773 0.086
v -0.00936803 0.03320377 0.086
v -0.01560252 0.0307703 0.086
v -0.02183036 -0.02862578 0.086
v -0.02130835 -0.02901645 0.086
v -0.02075044 -0.02941801 0.086
v -0.03221228 -0.01607387 0.086
v -0.03161685 -0.01721555 0.086
v -0.02996316 -0.01710143 0.086
v -0.03124247 -0.01788597 0.086
v -0.03101972 -0.01826956 0.086
v -0.0290784 -0.02122373 0.086
v -0.02849834 -0.02199647 0.086
v -0.02792778 -0.02271649 0.086
v -0.02763961 -0.00694635 0.086
v -0.02816644 -0.0043085 0.086
v -0.02816644 0.0043085 0.086
v -0.02763961 0.00694635 0.086
v -0.02867116 0.00394158 0.086
v -0.03010839 0.00268878 0.086
v -0.03221228 0.01607387 0.086
v -0.0328023 0.0148327 0.086
v -0.03338153 0.01347864 0.086
v -0.03385882 -0.01223029 0.086
v -0.03338153 -0.01347864 0.086
v -0.0328023 -0.0148327 0.086
v -0.02867116 -0.00394158 0.086
v -0.03010839 -0.00268878 0.086
v -0.03089787 -0.0009533 0.086
v -0.0290784 0.02122373 0.086
v -0.02923804 0.02100326 0.086
v -0.02982922 0.02015484 0.086
v -0.02504447 0.02586068 0.086
v -0.02450558 0.02637189 0.086
v -0.02397124 0.02685851 0.086
v -0.02518001 0.02572872 0.086
v -0.02572088 0.02518802 0.086
v -0.02626429 0.02462086 0.086
v -0.02572088 -0.02518802 0.086
v -0.02518001 -0.02572872 0.086
v -0.02504447 -0.02586068 0.086
v -0.02450558 -0.02637189 0.086
v -0.03042335 -0.01924629 0.086
v -0.02982922 -0.02015484 0.086
v -0.02923804 -0.02100326 0.086
v -0.02681215 0.02402308 0.086
v -0.02736615 0.02339004 0.086
v -0.02681215 -0.02402308 0.086
v -0.02626429 -0.02462086 0.086
v -0.01839555 0.03094517 0.086
v -0.01900987 0.03057164 0.086
v -0.01960465 0.03019367 0.086
v -0.02018365 -0.02980973 0.086
v -0.01960465 -0.03019367 0.086
v -0.01900987 -0.03057164 0.086
v -0.02842992 -0.00350363 0.0855
v -0.02782426 -0.00394394 0.0855
v -0.02842992 -0.00350363 0.078
v -0.02782426 -0.00394394 0.078
v -0.02842992 0.00350363 0.078
v -0.02782426 0.00394394 0.078
v -0.02842992 0.00350363 0.0855
v -0.02782426 0.00394394 0.0855
v 0.019 0 0.0763
v 0.019 0 0.0745
v 0.01835259 -0.00491756 0.0763
v 0.01835259 -0.00491756 0.0745
v 0.01645448 -0.0095 0.0763
v 0.01645448 -0.0095 0.0745
v 0.01343503 -0.01343503 0.0763
v 0.01343503 -0.01343503 0.0745
v 0.0095 -0.01645448 0.0763
v 0.0095 -0.01645448 0.0745
v 0.00491756 -0.01835259 0.0763
v 0.00491756 -0.01835259 0.0745
v 0 -0.019 0.0763
v 0 -0.019 0.0745
v -0.00491756 -0.01835259 0.0763
v -0.00491756 -0.01835259 0.0745
v -0.0095 -0.01645448 0.0763
v -0.0095 -0.01645448 0.0745
v -0.01343503 -0.01343503 0.0763
v -0.01343503 -0.01343503 0.0745
v -0.01645448 -0.0095 0.0763
v -0.01645448 -0.0095 0.0745
v -0.01835259 -0.00491756 0.0763
v -0.01835259 -0.00491756 0.0745
v -0.019 0 0.0763
v -0.019 -0 0.0745
v -0.01835259 0.00491756 0.0763
v -0.01835259 0.00491756 0.0745
v -0.01645448 0.0095 0.0763
v -0.01645448 0.0095 0.0745
v -0.01343503 0.01343503 0.0763
v -0.01343503 0.01343503 0.0745
v -0.0095 0.01645448 0.0763
v -0.0095 0.01645448 0.0745
v -0.00491756 0.01835259 0.0763
v -0.00491756 0.01835259 0.0745
v -0 0.019 0.0763
v -0 0.019 0.0745
v 0.00491756 0.01835259 0.0763
v 0.00491756 0.01835259 0.0745
v 0.0095 0.01645448 0.0763
v 0.0095 0.01645448 0.0745
v 0.01343503 0.01343503 0.0763
v 0.01343503 0.01343503 0.0745
v 0.01645448 0.0095 0.0763
v 0.01645448 0.0095 0.0745
v 0.01835259 0.00491756 0.0763
v 0.01835259 0.00491756 0.0745
v -0.03155947 0.03 0.056
v -0.048 0.03 0.056
v -0.03161115 0.02999235 0.05667759
v -0.048 0.02997641 0.05718938
v -0.03287935 0.02979999 0.05945838
v -0.03239398 0.02987465 0.05873955
v -0.03202532 0.02993049 0.05804095
v -0.03176591 0.02996934 0.05735587
v -0.03554078 0.0293672 0.06212924
v -0.0345437 0.02953404 0.06126694
v -0.048 0.02963893 0.06064042
v -0.03372006 0.02966759 0.06045355
v -0.03349159 0.02970396 0.06020412
v -0.048 0.02650507 0.0700528
v -0.04791535 0.02653776 0.06999097
v -0.048 0.02749451 0.06800216
v -0.04669433 0.02696822 0.0691421
v -0.048 0.02833103 0.06586676
v -0.04537094 0.02736205 0.06830115
v -0.04394316 0.02772061 0.06747031
v -0.04354308 0.02781074 0.06725
v -0.04229848 0.02807956 0.06656117
v -0.0401459 0.02852049 0.06530494
v -0.048 0.02899363 0.06370516
v -0.03838227 0.0288599 0.06419183
v -0.03684998 0.02913941 0.06313408
v -0.04478584 -0.00515869 0.08555314
v -0.04328664 -0.00411019 0.0857171
v -0.048 -0.00393489 0.08574083
v -0.048 0 0.086
v -0.04168105 -0.00307655 0.08584183
v -0.03996702 -0.00206083 0.08592913
v -0.03814264 -0.00106668 0.08598103
v -0.03603506 -1.665E-05 0.086
v -0.048 -0.00775632 0.08497998
v -0.04732869 -0.00716631 0.0851315
v -0.04618048 -0.00621936 0.08534825
v -0.04 -0.024 0.02103205
v -0.041 -0.024 0.0213
v -0.02200568 -0.024 0.056
v -0.02200568 -0.024 0.0045
v -0.04 -0.024 0.01396795
v -0.03926795 -0.024 0.0147
v -0.0528 -0.024 0.056
v -0.044 -0.024 0.0213
v -0.045 -0.024 0.02103205
v -0.04573205 -0.024 0.0203
v -0.046 -0.024 0.0193
v -0.0528 -0.024 0.0045
v -0.046 -0.024 0.0157
v -0.04573205 -0.024 0.0147
v -0.045 -0.024 0.01396795
v -0.044 -0.024 0.0137
v -0.041 -0.024 0.0137
v -0.039 -0.024 0.0157
v -0.039 -0.024 0.0193
v -0.03926795 -0.024 0.0203
v -0.02200568 0.024 0.0045
v -0.02200568 0.024 0.056
v -0.0528 0.024 0.0045
v -0.0528 0.024 0.056
v -0.03671962 -0.01552187 0.07430496
v -0.03665866 -0.0155544 0.07427733
v -0.0528 -0.01876396 0.07096376
v -0.03698952 -0.01535569 0.07444459
v -0.03613987 -0.0157767 0.07408579
v -0.0358457 -0.01586948 0.07400443
v -0.03582863 -0.01587428 0.0740002
v -0.03370893 -0.01613129 0.07377024
v -0.0334398 -0.01612798 0.07377325
v -0.03276378 -0.01680511 0.07313442
v -0.03559328 -0.01593455 0.07394687
v -0.03435019 -0.01611122 0.07378843
v -0.03055459 -0.01876462 0.07096292
v -0.03134111 -0.01810675 0.07175265
v -0.0528 -0.01041321 0.07762326
v -0.037 -0.01246567 0.07650871
v -0.0528 -0.01496376 0.07476395
v -0.037 -0.01496376 0.07476395
v -0.037 -0.01534839 0.07445066
v -0.0528 -0.0053405 0.07939827
v -0.037 -0.00912693 0.07819682
v -0.037 -0.01041321 0.07762326
v -0.0528 0 0.08
v -0.037 -0.00187062 0.07992699
v -0.037 -0.00556641 0.07934556
v -0.0528 0.0053405 0.07939827
v -0.037 0.00187062 0.07992699
v -0.037 0 0.08
v -0.0528 0.01041321 0.07762326
v -0.037 0.00912693 0.07819682
v -0.037 0.00556641 0.07934556
v -0.0528 0.01496376 0.07476395
v -0.037 0.01246567 0.07650871
v -0.037 0.01041321 0.07762326
v -0.03055459 0.01876462 0.07096292
v -0.03134111 0.01810675 0.07175265
v -0.03370893 0.01613129 0.07377024
v -0.03276378 0.01680511 0.07313442
v -0.0334398 0.01612798 0.07377325
v -0.03492334 0.01605553 0.07383873
v -0.03596567 0.01583403 0.07403561
v -0.0528 0.01876396 0.07096376
v -0.03679591 0.01547876 0.07434142
v -0.03698952 0.01535569 0.07444459
v -0.037 0.01534839 0.07445066
v -0.037 0.01496376 0.07476395
v -0.0298821 0.01929669 0.07027017
v -0.0528 0.02162325 0.06641321
v -0.02841566 0.02037055 0.06869018
v -0.02697618 0.02132344 0.06701413
v -0.02384094 0.02311007 0.06247493
v -0.02478533 0.0226096 0.06405023
v -0.0528 0.02339827 0.0613405
v -0.02591055 0.02197203 0.06565555
v -0.02649556 0.02162162 0.06641661
v -0.02232138 0.02385429 0.05864059
v -0.02208508 0.02396363 0.0573207
v -0.02271575 0.02366806 0.05997778
v -0.0230853 0.02348923 0.06092507
v -0.02327287 0.02339681 0.06134687
v -0.02271575 -0.02366806 0.05997778
v -0.02232138 -0.02385429 0.05864059
v -0.02208508 -0.02396363 0.0573207
v -0.02478533 -0.0226096 0.06405023
v -0.02384094 -0.02311007 0.06247493
v -0.0528 -0.02339827 0.0613405
v -0.02327287 -0.02339681 0.06134687
v -0.0230853 -0.02348923 0.06092507
v -0.0528 -0.02162325 0.06641321
v -0.0298821 -0.01929669 0.07027017
v -0.02841566 -0.02037055 0.06869018
v -0.02697618 -0.02132344 0.06701413
v -0.02649556 -0.02162162 0.06641661
v -0.02591055 -0.02197203 0.06565555
v -0.01813955 0.0099723 0.078
v -0.01901012 0.00878083 0.078
v -0.02004967 0.00514788 0.078
v 0.01674665 0.01216715 0.078
v 0.01901012 0.00878083 0.078
v 0.01901012 0.01731028 0.078
v 0.01924637 0.00762018 0.078
v 0.02053677 0.0025944 0.078
v 0.02131611 0.00405583 0.078
v -0.02004967 -0.00514788 0.078
v -0.01901012 -0.00878083 0.078
v -0.01813955 -0.0099723 0.078
v 0.02742839 -0.00562878 0.078
v 0.02786447 -0.00464869 0.078
v 0.02787484 -0.00405583 0.078
v 0.02867116 -0.00394158 0.078
v 0.01901012 0.01946028 0.078
v 0.01979899 0.01979899 0.078
v 0.01803684 0.02141663 0.078
v -0.00562878 0.02742839 0.078
v -0.01132863 0.0256059 0.078
v -0.01159111 0.02131611 0.078
v -0.02285916 0.01774909 0.078
v -0.02473024 0.01738274 0.078
v -0.02131611 0.01731028 0.078
v -0.02767208 0.00423361 0.078
v -0.0277238 0.00407597 0.078
v -0.02131611 0.00405583 0.078
v -0.01159111 0.01731028 0.078
v -0.01588803 0.01759556 0.078
v -0.01572056 0.01697056 0.078
v -0.01759556 0.01588803 0.078
v -0.01697056 0.01572056 0.078
v -0.01634556 0.01588803 0.078
v -0.01508965 0.01417013 0.078
v -0.01588803 0.01634556 0.078
v -0.01805309 0.01634556 0.078
v -0.01822056 0.01697056 0.078
v -0.01901012 0.01731028 0.078
v -0.01805309 0.01759556 0.078
v -0.01901012 0.01946028 0.078
v -0.01759556 0.01805309 0.078
v -0.01634556 0.01805309 0.078
v -0.01159111 0.01946028 0.078
v -0.01697056 0.01822056 0.078
v -0.00729419 -0.02380722 0.078
v -0.00746166 -0.02318222 0.078
v -0.01159111 -0.02264111 0.078
v -0.00405583 -0.02264111 0.078
v -0.00512913 -0.02255722 0.078
v -0.00496166 -0.02318222 0.078
v -0.00464869 -0.02786447 0.078
v -0.00683666 -0.02426475 0.078
v -0.01056072 -0.02593205 0.078
v -0.00621166 -0.02443222 0.078
v -0.00562878 -0.02742839 0.078
v -0.00558666 -0.02426475 0.078
v -0.00512913 -0.02380722 0.078
v -0.00729419 -0.02255722 0.078
v -0.00683666 -0.02209969 0.078
v -0.01159111 -0.02131611 0.078
v -0.00621166 -0.02193222 0.078
v -0.00405583 -0.02131611 0.078
v -0.00558666 -0.02209969 0.078
v 0.024925 -0.00272798 0.078
v 0.02377202 -0.001575 0.078
v 0.02131611 -0.00405583 0.078
v 0.02335 0 0.078
v 0.02377202 0.001575 0.078
v 0.02526595 0.00405583 0.078
v 0.028075 -0.00272798 0.078
v 0.0265 -0.00315 0.078
v 0.02526595 -0.00405583 0.078
v 0.02867116 0.00394158 0.078
v 0.028075 0.00272798 0.078
v 0.02922798 0.001575 0.078
v 0.02965 0 0.078
v 0.03089787 0.0009533 0.078
v 0.03010839 0.00268878 0.078
v 0.02787484 0.00405583 0.078
v 0.0265 0.00315 0.078
v 0.024925 0.00272798 0.078
v -0.02022169 0.011675 0.078
v -0.02137467 0.01052202 0.078
v -0.02131611 0.00878083 0.078
v -0.02294967 0.0101 0.078
v -0.02628168 0.01627452 0.078
v -0.02567765 0.014825 0.078
v -0.02723499 0.01462335 0.078
v -0.02609967 0.01325 0.078
v -0.02741902 0.01272564 0.078
v -0.02567765 0.011675 0.078
v -0.02680074 0.01092207 0.078
v -0.02452467 0.01052202 0.078
v -0.02645568 0.00990635 0.078
v -0.02656808 0.00883953 0.078
v -0.02452467 0.01597798 0.078
v -0.02294967 0.0164 0.078
v -0.02137467 0.01597798 0.078
v -0.02022169 0.014825 0.078
v -0.01979967 0.01325 0.078
v 0.00272798 0.024925 0.078
v 0.00405583 0.02131611 0.078
v 0.00315 0.0265 0.078
v 0.00405583 0.02704111 0.078
v 0.00272798 0.028075 0.078
v 0.001575 0.02377202 0.078
v -0 0.02335 0.078
v -0.00405583 0.02131611 0.078
v -0 0.02965 0.078
v 0.001575 0.02922798 0.078
v 0.00268878 0.03010839 0.078
v 0.00394158 0.02867116 0.078
v -0.001575 0.02377202 0.078
v -0.00272798 0.024925 0.078
v -0.00405583 0.02704111 0.078
v -0.00315 0.0265 0.078
v -0.00394158 0.02867116 0.078
v -0.00272798 0.028075 0.078
v -0.00268878 0.03010839 0.078
v -0.001575 0.02922798 0.078
v -0.0009533 0.03089787 0.078
v 0.0009533 0.03089787 0.078
v 0.02567765 -0.014825 0.078
v 0.02723499 -0.01462335 0.078
v 0.02609967 -0.01325 0.078
v 0.02741902 -0.01272564 0.078
v 0.02567765 -0.011675 0.078
v 0.02137467 -0.01052202 0.078
v 0.02131611 -0.00878083 0.078
v 0.02022169 -0.011675 0.078
v 0.01901012 -0.00878083 0.078
v 0.01979967 -0.01325 0.078
v 0.01901012 -0.01946028 0.078
v 0.02022169 -0.014825 0.078
v 0.0209393 -0.01858886 0.078
v 0.02137467 -0.01597798 0.078
v 0.021807 -0.01795812 0.078
v 0.02294967 -0.0164 0.078
v 0.02285916 -0.01774909 0.078
v 0.02452467 -0.01597798 0.078
v 0.02473024 -0.01738274 0.078
v 0.02628168 -0.01627452 0.078
v 0.02680074 -0.01092207 0.078
v 0.02526595 -0.00878083 0.078
v 0.02452467 -0.01052202 0.078
v 0.02294967 -0.0101 0.078
v -0.02209969 -0.00683666 0.078
v -0.02255722 -0.00729419 0.078
v -0.02131611 -0.00878083 0.078
v -0.02193222 -0.00621166 0.078
v -0.02131611 -0.00405583 0.078
v -0.02209969 -0.00558666 0.078
v -0.02426475 -0.00558666 0.078
v -0.02773627 -0.00405365 0.078
v -0.02443222 -0.00621166 0.078
v -0.0277238 -0.00407597 0.078
v -0.02767208 -0.00423361 0.078
v -0.02708528 -0.00709758 0.078
v -0.02426475 -0.00683666 0.078
v -0.02704151 -0.00726339 0.078
v -0.02380722 -0.00729419 0.078
v -0.02525211 -0.01209673 0.078
v -0.02318222 -0.00746166 0.078
v -0.02380722 -0.00512913 0.078
v -0.02318222 -0.00496166 0.078
v -0.02255722 -0.00512913 0.078
v -0.0265 -0.00315 0.078
v -0.028075 -0.00272798 0.078
v -0.02335 0 0.078
v -0.02377202 0.001575 0.078
v -0.02970746 -0.00239003 0.078
v -0.02922798 -0.001575 0.078
v -0.03040921 -0.00084738 0.078
v -0.02965 0 0.078
v -0.03040921 0.00084738 0.078
v -0.024925 -0.00272798 0.078
v -0.02377202 -0.001575 0.078
v -0.02970746 0.00239003 0.078
v -0.02922798 0.001575 0.078
v -0.028075 0.00272798 0.078
v -0.0265 0.00315 0.078
v -0.024925 0.00272798 0.078
v -0.02706375 0.00718007 0.078
v -0.01803306 0.02141982 0.078
v -0.01911617 0.02045903 0.078
v -0.0200538 0.01954086 0.078
v -0.0209393 0.01858886 0.078
v -0.021807 0.01795812 0.078
v -0.01651104 0.02261383 0.078
v 0.00464869 0.02786447 0.078
v 0.00562878 0.02742839 0.078
v 0.00558666 0.02426475 0.078
v 0.00621166 0.02443222 0.078
v 0.01081952 0.02582514 0.078
v 0.00558666 0.02209969 0.078
v 0.00621166 0.02193222 0.078
v 0.00683666 0.02209969 0.078
v 0.00512913 0.02255722 0.078
v 0.00496166 0.02318222 0.078
v 0.00512913 0.02380722 0.078
v 0.00683666 0.02426475 0.078
v 0.00729419 0.02380722 0.078
v 0.01560294 0.02324969 0.078
v 0.00746166 0.02318222 0.078
v 0.00729419 0.02255722 0.078
v 0.02010786 0.01948522 0.078
v 0.02141663 0.01803684 0.078
v 0.02194411 0.01739127 0.078
v 0.02131611 0.01731028 0.078
v 0.02324969 0.01560294 0.078
v 0.02131611 0.00878083 0.078
v 0.02582514 0.01081952 0.078
v 0.02526595 0.00878083 0.078
v 0.02742839 0.00562878 0.078
v 0.02786447 0.00464869 0.078
v 0.02645568 -0.00990635 0.078
v 0.02656808 -0.00883953 0.078
v 0.02922798 -0.001575 0.078
v 0.03010839 -0.00268878 0.078
v 0.03089787 -0.0009533 0.078
v 0.01803306 -0.02141982 0.078
v 0.01911617 -0.02045903 0.078
v 0.0200538 -0.01954086 0.078
v 0.00405583 -0.02264111 0.078
v 0.00464869 -0.02786447 0.078
v 0.00562878 -0.02742839 0.078
v 0.01132863 -0.0256059 0.078
v 0.01651104 -0.02261383 0.078
v -0.00272798 -0.024925 0.078
v -0.001575 -0.02377202 0.078
v 0 -0.02335 0.078
v -0.00315 -0.0265 0.078
v -0.00272798 -0.028075 0.078
v -0.00394158 -0.02867116 0.078
v -0.001575 -0.02922798 0.078
v -0.00268878 -0.03010839 0.078
v -0 -0.02965 0.078
v 0.001575 -0.02377202 0.078
v 0.00272798 -0.024925 0.078
v 0.00315 -0.0265 0.078
v 0.00394158 -0.02867116 0.078
v 0.00272798 -0.028075 0.078
v 0.00268878 -0.03010839 0.078
v 0.001575 -0.02922798 0.078
v 0.0009533 -0.03089787 0.078
v -0.0009533 -0.03089787 0.078
v -0.01513485 -0.02355708 0.078
v -0.01636735 -0.02271806 0.078
v -0.01806386 -0.02139385 0.078
v -0.01919619 -0.02038397 0.078
v -0.01901012 -0.01946028 0.078
v -0.02260713 -0.01652022 0.078
v -0.01508965 -0.01417013 0.078
v -0.01109162 -0.01747759 0.078
v -0.01159111 -0.01946028 0.078
v -0.00639665 -0.01968687 0.078
v 0.00661585 -0.01961429 0.078
v 0.00387879 -0.02033335 0.078
v 0.00405583 -0.02131611 0.078
v -0.00129976 -0.02065915 0.078
v -0.01902293 -0.02054575 0.078
v 0.01697056 -0.01822056 0.078
v 0.01634556 -0.01805309 0.078
v 0.01588803 -0.01759556 0.078
v 0.00881363 -0.01872992 0.078
v 0.01572056 -0.01697056 0.078
v 0.01319468 -0.01594962 0.078
v 0.01588803 -0.01634556 0.078
v 0.01674665 -0.01216715 0.078
v 0.01634556 -0.01588803 0.078
v 0.01759556 -0.01588803 0.078
v 0.01805309 -0.01634556 0.078
v 0.01822056 -0.01697056 0.078
v 0.01805309 -0.01759556 0.078
v 0.01759556 -0.01805309 0.078
v 0.02053677 -0.0025944 0.078
v 0.01924637 -0.00762018 0.078
v 0.01871717 -0.00884068 0.078
v 0.01697056 -0.01572056 0.078
v 0.01319468 0.01594962 0.078
v 0.00881363 0.01872992 0.078
v 0.00387879 0.02033335 0.078
v -0.00129976 0.02065915 0.078
v -0.00639665 0.01968687 0.078
v -0.00464869 0.02786447 0.078
v -0.01109162 0.01747759 0.078
v -0.0207 0 0.078
v 0.02209969 0.00558666 0.078
v 0.02193222 0.00621166 0.078
v 0.02209969 0.00683666 0.078
v 0.02443222 0.00621166 0.078
v 0.02426475 0.00558666 0.078
v 0.02380722 0.00512913 0.078
v 0.02318222 0.00496166 0.078
v 0.02255722 0.00512913 0.078
v 0.02426475 0.00683666 0.078
v 0.02255722 0.00729419 0.078
v 0.02318222 0.00746166 0.078
v 0.02380722 0.00729419 0.078
v -0.05366028 0.02946484 0.004
v -0.04947792 0.02997069 0.004
v -0.053 0.0284 0.004
v 0.0312463 0.0010125 0.004
v 0.03099848 0.00030745 0.004
v 0.03083839 0.00316125 0.004
v -0.055 -0.0287 0.004
v -0.055 -0.0284 0.004
v -0.053 -0.0284 0.004
v -0.05499582 -0.02874495 0.004
v -0.0010125 0.0312463 0.004
v -0.00030745 0.03099848 0.004
v -0.00511657 0.03057484 0.004
v -0.05482041 0.02899258 0.004
v -0.05497154 0.02881711 0.004
v -0.055 0.0287 0.004
v -0.055 0.0284 0.004
v -0.05493218 -0.02888053 0.004
v -0.05464262 -0.02911007 0.004
v -0.05294975 -0.02961924 0.004
v -0.048 -0.03 0.004
v 0.00119312 0.03097703 0.004
v 0.00030745 0.03099848 0.004
v 0.0010125 0.0312463 0.004
v -0.0410125 0.0247463 0.004
v -0.04031722 0.0245 0.004
v -0.053 0.0245 0.004
v -0.04031722 -0.0245 0.004
v -0.0410125 -0.0247463 0.004
v -0.053 -0.0245 0.004
v -0.0417537 -0.0254875 0.004
v -0.042025 -0.0265 0.004
v -0.0417537 -0.0275125 0.004
v -0.0389875 -0.0282537 0.004
v -0.03155947 -0.03 0.004
v -0.04 -0.028525 0.004
v -0.0410125 -0.0282537 0.004
v -0.02200568 -0.0245 0.004
v -0.01931453 -0.02488914 0.004
v -0.01684386 -0.02602469 0.004
v -0.048 0.03 0.004
v -0.0417537 0.0275125 0.004
v -0.042025 0.0265 0.004
v -0.0382463 0.0275125 0.004
v -0.0389875 0.0282537 0.004
v -0.03155947 0.03 0.004
v -0.04 0.028525 0.004
v -0.0410125 0.0282537 0.004
v -0.01121343 -0.02890085 0.004
v -0.037975 -0.0265 0.004
v -0.0382463 -0.0254875 0.004
v -0.0389875 -0.0247463 0.004
v -0.03968279 -0.0245 0.004
v 0.00745317 0.0300907 0.004
v 0.0017537 0.0319875 0.004
v 0.002025 0.033 0.004
v -0.00511657 -0.03057484 0.004
v -0.00030745 -0.03099848 0.004
v -0.0010125 -0.0312463 0.004
v 0.03099848 -0.00030745 0.004
v 0.0312463 -0.0010125 0.004
v 0.03083839 -0.00316125 0.004
v 0.0319875 -0.0017537 0.004
v 0.02955563 -0.00935225 0.004
v 0.033 -0.002025 0.004
v -0.0010125 0.0347537 0.004
v -0.0017537 0.0340125 0.004
v -0.01121343 0.02890085 0.004
v -0.002025 0.033 0.004
v -0.0017537 0.0319875 0.004
v -0.0417537 0.0254875 0.004
v -0.0010125 -0.0347537 0.004
v -0.01684386 0.02602469 0.004
v -0.01931453 0.02488914 0.004
v -0.02200568 0.0245 0.004
v -0.002025 -0.033 0.004
v -0.0017537 -0.0340125 0.004
v -0 -0.035025 0.004
v 0.0010125 -0.0347537 0.004
v 0.0017537 -0.0340125 0.004
v 0.002025 -0.033 0.004
v 0.0017537 -0.0319875 0.004
v 0.0340125 -0.0017537 0.004
v 0.0347537 -0.0010125 0.004
v 0.035025 0 0.004
v -0.037975 0.0265 0.004
v -0.02531333 0.03039168 0.004
v -0.01916504 0.03156057 0.004
v -0.03968279 0.0245 0.004
v -0.0389875 0.0247463 0.004
v -0.0382463 0.0254875 0.004
v -0 0.035025 0.004
v 0.0347537 0.0010125 0.004
v 0.0340125 0.0017537 0.004
v 0.033 0.002025 0.004
v 0.0319875 0.0017537 0.004
v -0.0017537 -0.0319875 0.004
v 0.01340321 0.02795271 0.004
v 0.0017537 0.0340125 0.004
v 0.0010125 0.0347537 0.004
v -0.01916504 -0.03156057 0.004
v -0.02531333 -0.03039168 0.004
v -0.0382463 -0.0275125 0.004
v 0.02704347 -0.01515423 0.004
v 0.02340641 -0.02032585 0.004
v 0.01879572 -0.02465199 0.004
v 0.01340321 -0.02795271 0.004
v 0.00745317 -0.0300907 0.004
v 0.00119312 -0.03097703 0.004
v 0.0010125 -0.0312463 0.004
v 0.00030745 -0.03099848 0.004
v 0.01879572 0.02465199 0.004
v 0.02340641 0.02032585 0.004
v 0.02704347 0.01515423 0.004
v 0.02955563 0.00935225 0.004
v -0.01657218 0.02560494 0.056
v -0.01657218 0.02560494 0.0045
v -0.01167834 0.02817563 0.0045
v -0.01167834 0.02817563 0.074
v -0.01663197 0.02556614 0.05787099
v -0.01866549 0.02412155 0.06740449
v -0.01795429 0.0246555 0.06517281
v -0.01721247 0.02517897 0.074
v -0.01951289 0.02344136 0.0696787
v -0.02141005 0.02172233 0.074
v -0.02139945 0.02173278 0.07397775
v -0.0203154 0.02274939 0.07160334
v -0.01738523 0.02506001 0.06297718
v -0.01710692 0.02525081 0.06163519
v -0.01680993 0.02544949 0.05974084
v -0.01795429 -0.0246555 0.06517281
v -0.01866549 -0.02412155 0.06740449
v -0.01721247 -0.02517897 0.074
v -0.01951289 -0.02344136 0.0696787
v -0.0203154 -0.02274939 0.07160334
v -0.02139945 -0.02173278 0.07397775
v -0.02141005 -0.02172233 0.074
v -0.01657218 -0.02560494 0.056
v -0.01663197 -0.02556614 0.05787099
v -0.01167834 -0.02817563 0.074
v -0.01680993 -0.02544949 0.05974084
v -0.01710692 -0.02525081 0.06163519
v -0.01738523 -0.02506001 0.06297718
v -0.01103257 0.0284347 0.0045
v -0.00760943 0.02953552 0.074
v -0.00564699 0.02997268 0.0045
v -0.00564699 0.02997268 0.074
v -0.00503405 0.03008169 0.0045
v 0.00062479 0.0304936 0.074
v 0.00062479 0.0304936 0.0045
v 0.00117387 0.0304774 0.0045
v 0.00686997 0.02971622 0.074
v 0.00686997 0.02971622 0.0045
v 0.00733296 0.02960537 0.0045
v 0.01282265 0.02767363 0.074
v 0.01282265 0.02767363 0.0045
v 0.01318703 0.02750186 0.0045
v 0.01822939 0.0244528 0.074
v 0.01822939 0.0244528 0.0045
v 0.01978018 0.02321625 0.074
v 0.01849257 0.02425438 0.0045
v 0.02285999 0.02019086 0.074
v 0.02285999 0.02019086 0.0045
v 0.02312811 0.01988317 0.074
v 0.02302888 0.01999801 0.0045
v 0.02469797 0.01789582 0.074
v 0.0265173 0.01506927 0.0045
v 0.02632237 0.01540723 0.074
v 0.02660729 0.0149098 0.0045
v 0.0290456 0.00930609 0.074
v 0.0265173 0.01506927 0.074
v 0.02907893 0.0092014 0.0045
v 0.030341 0.00311026 0.0045
v 0.03033724 0.00314669 0.074
v 0.030341 -0.00311026 0.0045
v 0.03033724 -0.00314669 0.074
v 0.02907893 -0.0092014 0.0045
v 0.0290456 -0.00930609 0.074
v 0.02660729 -0.0149098 0.0045
v 0.0265173 -0.01506927 0.074
v 0.02130414 -0.02182621 0.074
v 0.02285999 -0.02019086 0.0045
v 0.01978018 -0.02321625 0.074
v 0.01849257 -0.02425438 0.0045
v 0.01822939 -0.0244528 0.074
v 0.0265173 -0.01506927 0.0045
v 0.02302888 -0.01999801 0.0045
v 0.02285999 -0.02019086 0.074
v 0.02179817 -0.02133283 0.074
v 0.01822939 -0.0244528 0.0045
v 0.01318703 -0.02750186 0.0045
v 0.01282265 -0.02767363 0.074
v 0.01282265 -0.02767363 0.0045
v 0.00733296 -0.02960537 0.0045
v 0.00686997 -0.02971622 0.074
v 0.00686997 -0.02971622 0.0045
v 0.00117387 -0.0304774 0.0045
v 0.00062479 -0.0304936 0.074
v 0.00062479 -0.0304936 0.0045
v -0.00503405 -0.03008169 0.0045
v -0.00564699 -0.02997268 0.074
v -0.01657218 -0.02560494 0.0045
v -0.01167834 -0.02817563 0.0045
v -0.01103257 -0.0284347 0.0045
v -0.00564699 -0.02997268 0.0045
v -0.00338083 0.0294 0.074
v 0.02652484 0.00338083 0.074
v 0.02652484 -0.00945583 0.074
v -0.01968512 -0.02171611 0.074
v -0.01159111 -0.02171611 0.074
v -0.01159111 -0.02456611 0.074
v -0.02326207 -0.02010247 0.074
v -0.0274 0.00155885 0.074
v -0.02784839 0.00119241 0.074
v -0.02793413 0.00319014 0.074
v 0.02204967 -0.01169115 0.074
v 0.02139083 -0.01235 0.074
v 0.02171611 -0.00945583 0.074
v 0.02114967 -0.01325 0.074
v 0.01968512 -0.01538528 0.074
v 0.01968512 -0.00945583 0.074
v 0.02456611 -0.01538528 0.074
v 0.02450852 -0.01415 0.074
v 0.02474967 -0.01325 0.074
v 0.02450852 -0.01235 0.074
v 0.02456611 -0.00945583 0.074
v 0.02384967 -0.01169115 0.074
v 0.02294967 -0.01145 0.074
v 0.02139083 -0.01415 0.074
v 0.02204967 -0.01480885 0.074
v 0.02171611 -0.01538528 0.074
v 0.02294967 -0.01505 0.074
v 0.02384967 -0.01480885 0.074
v 0.0247 0 0.074
v 0.02494115 -0.0009 0.074
v 0.02456611 -0.00338083 0.074
v 0.0256 -0.00155885 0.074
v 0.02652484 -0.00338083 0.074
v 0.0265 -0.0018 0.074
v 0.0274 -0.00155885 0.074
v 0.0274 0.00155885 0.074
v 0.0265 0.0018 0.074
v 0.02456611 0.00338083 0.074
v 0.0256 0.00155885 0.074
v 0.02494115 0.0009 0.074
v 0.02805885 -0.0009 0.074
v 0.0283 0 0.074
v 0.02805885 0.0009 0.074
v 0.01588803 -0.01634556 0.074
v 0.01221339 -0.01769415 0.074
v 0.01634556 -0.01588803 0.074
v 0.01609298 -0.01425714 0.074
v 0.01697056 -0.01572056 0.074
v 0.00338083 -0.02171611 0.074
v 0.01588803 -0.01759556 0.074
v 0.01634556 -0.01805309 0.074
v 0.01968512 -0.02171611 0.074
v 0.01697056 -0.01822056 0.074
v 0.01759556 -0.01805309 0.074
v 0.01805309 -0.01759556 0.074
v 0.01822056 -0.01697056 0.074
v 0.01805309 -0.01634556 0.074
v 0.01759556 -0.01588803 0.074
v 0.01572056 -0.01697056 0.074
v 0.007624 -0.02010285 0.074
v 0.00259154 -0.02134324 0.074
v -0.00338083 -0.02171611 0.074
v -0.00259154 -0.02134324 0.074
v -0.007624 -0.02010285 0.074
v -0.01221339 -0.01769415 0.074
v -0.01609298 -0.01425714 0.074
v -0.02318222 -0.00746166 0.074
v -0.02255722 -0.00729419 0.074
v -0.01968512 -0.00945583 0.074
v -0.01968512 -0.01538528 0.074
v -0.0190373 -0.00999155 0.074
v -0.01981897 -0.00833417 0.074
v -0.02426475 -0.00683666 0.074
v -0.02380722 -0.00729419 0.074
v -0.02937813 -0.01095002 0.074
v -0.02209969 -0.00683666 0.074
v -0.02193222 -0.00621166 0.074
v -0.02087525 -0.00514529 0.074
v -0.02209969 -0.00558666 0.074
v -0.0212298 -0.00339787 0.074
v -0.02255722 -0.00512913 0.074
v -0.02318222 -0.00496166 0.074
v -0.02380722 -0.00512913 0.074
v -0.02792177 -0.00299003 0.074
v -0.02426475 -0.00558666 0.074
v -0.02822226 -0.00608276 0.074
v -0.02443222 -0.00621166 0.074
v -0.02837331 -0.00705497 0.074
v -0.02887059 -0.00933833 0.074
v -0.02784839 -0.00119241 0.074
v -0.0274 -0.00155885 0.074
v -0.0265 -0.0018 0.074
v -0.0256 -0.00155885 0.074
v -0.02494115 -0.0009 0.074
v -0.0215 -0 0.074
v -0.0247 0 0.074
v -0.0212298 0.00339787 0.074
v -0.02494115 0.0009 0.074
v -0.0256 0.00155885 0.074
v -0.0265 0.0018 0.074
v -0.02450852 0.01415 0.074
v -0.02474967 0.01325 0.074
v -0.03090235 0.014 0.074
v -0.02294967 0.01505 0.074
v -0.02384967 0.01480885 0.074
v -0.03119445 0.01575178 0.074
v -0.03090485 0.01402584 0.074
v -0.02822226 0.00608276 0.074
v -0.02837331 0.00705497 0.074
v -0.02384967 0.01169115 0.074
v -0.02450852 0.01235 0.074
v -0.0190373 0.00999155 0.074
v -0.02087525 0.00514529 0.074
v -0.02204967 0.01169115 0.074
v -0.02139083 0.01235 0.074
v -0.02114967 0.01325 0.074
v -0.01968512 0.01538528 0.074
v -0.02139083 0.01415 0.074
v -0.02204967 0.01480885 0.074
v -0.02887059 0.00933833 0.074
v -0.02937813 0.01095002 0.074
v -0.03007716 0.0125814 0.074
v -0.02294967 0.01145 0.074
v -0.01805309 0.01634556 0.074
v -0.01759556 0.01588803 0.074
v -0.01697056 0.01822056 0.074
v -0.01759556 0.01805309 0.074
v -0.01968512 0.01986028 0.074
v -0.01805309 0.01759556 0.074
v -0.01822056 0.01697056 0.074
v -0.01609298 0.01425714 0.074
v -0.01159111 0.01986028 0.074
v -0.01588803 0.01759556 0.074
v -0.01634556 0.01805309 0.074
v -0.01697056 0.01572056 0.074
v -0.01634556 0.01588803 0.074
v -0.01221339 0.01769415 0.074
v -0.01588803 0.01634556 0.074
v -0.01572056 0.01697056 0.074
v -0.01162533 0.01808595 0.074
v -0.007624 0.02010285 0.074
v 0.00338083 0.02456611 0.074
v 0.00558666 0.02426475 0.074
v 0.00512913 0.02380722 0.074
v 0.00496166 0.02318222 0.074
v 0.00512913 0.02255722 0.074
v 0.00259154 0.02134324 0.074
v 0.00558666 0.02209969 0.074
v 0.007624 0.02010285 0.074
v 0.00729419 0.02255722 0.074
v 0.00746166 0.02318222 0.074
v 0.00729419 0.02380722 0.074
v 0.00683666 0.02426475 0.074
v 0.00621166 0.02443222 0.074
v 0.02171611 0.01538528 0.074
v 0.02087525 0.00514529 0.074
v 0.01968512 0.01538528 0.074
v 0.0190373 0.00999155 0.074
v 0.01609298 0.01425714 0.074
v -0.03090485 -0.01402584 0.074
v -0.03090235 -0.014 0.074
v -0.03007716 -0.0125814 0.074
v -0.03119452 -0.01575206 0.074
v -0.02531377 -0.0186791 0.074
v -0.03130152 -0.01615193 0.074
v -0.02939739 -0.01670208 0.074
v -0.02742522 -0.01752493 0.074
v 0.00338083 -0.02456611 0.074
v 0 -0.0247 0.074
v -0.00338083 -0.02456611 0.074
v -0.0009 -0.02494115 0.074
v -0.00155885 -0.0256 0.074
v -0.0018 -0.0265 0.074
v -0.00155885 -0.0274 0.074
v -0.0009 -0.02805885 0.074
v 0.00155885 -0.0274 0.074
v 0.0009 -0.02805885 0.074
v -0 -0.0283 0.074
v 0.0018 -0.0265 0.074
v 0.00155885 -0.0256 0.074
v 0.0009 -0.02494115 0.074
v 0.02456611 0.01538528 0.074
v 0.00621166 0.02193222 0.074
v 0.00683666 0.02209969 0.074
v 0.01221339 0.01769415 0.074
v 0.01968512 0.01986028 0.074
v 0.02171611 0.01986028 0.074
v 0.00338083 0.0294 0.074
v -0.00338083 0.02456611 0.074
v -0.01159111 0.02456611 0.074
v -0.02170606 0.02143653 0.074
v -0.00259154 0.02134324 0.074
v -0.03130152 0.01615193 0.074
v -0.02917638 0.01678198 0.074
v -0.02699321 0.01773778 0.074
v -0.025544 0.01853898 0.074
v -0.02352955 0.0198975 0.074
v 0.0009 0.02805885 0.074
v 0 0.0283 0.074
v -0.0009 0.02805885 0.074
v -0.00155885 0.0274 0.074
v -0.0018 0.0265 0.074
v -0.00155885 0.0256 0.074
v -0.0009 0.02494115 0.074
v -0 0.0247 0.074
v 0.0009 0.02494115 0.074
v 0.00155885 0.0256 0.074
v 0.0018 0.0265 0.074
v 0.00155885 0.0274 0.074
v 0.0215 0 0.074
v 0.02171611 0.00338083 0.074
v 0.02193222 0.00621166 0.074
v 0.02209969 0.00683666 0.074
v 0.02443222 0.00621166 0.074
v 0.02426475 0.00558666 0.074
v 0.02380722 0.00512913 0.074
v 0.02426475 0.00683666 0.074
v 0.02380722 0.00729419 0.074
v 0.02318222 0.00746166 0.074
v 0.02255722 0.00729419 0.074
v 0.02209969 0.00558666 0.074
v 0.02255722 0.00512913 0.074
v 0.02318222 0.00496166 0.074
v 0.02171611 -0.00338083 0.074
v 0.02087525 -0.00514529 0.074
v 0.0190373 -0.00999155 0.074
v -0.00496166 -0.02318222 0.074
v -0.00512913 -0.02255722 0.074
v -0.00558666 -0.02209969 0.074
v -0.00621166 -0.02193222 0.074
v -0.00683666 -0.02209969 0.074
v -0.00729419 -0.02255722 0.074
v -0.00746166 -0.02318222 0.074
v -0.00729419 -0.02380722 0.074
v -0.00683666 -0.02426475 0.074
v -0.00621166 -0.02443222 0.074
v -0.00558666 -0.02426475 0.074
v -0.00512913 -0.02380722 0.074
v -0.02474967 0.01325 0.07665
v -0.02450852 0.01235 0.07665
v -0.02384967 0.01169115 0.07665
v -0.02294967 0.01145 0.07665
v -0.02204967 0.01169115 0.07665
v -0.02139083 0.01235 0.07665
v -0.02114967 0.01325 0.07665
v -0.02139083 0.01415 0.07665
v -0.02204967 0.01480885 0.07665
v -0.02294967 0.01505 0.07665
v -0.02384967 0.01480885 0.07665
v -0.02450852 0.01415 0.07665
v 0.02114967 -0.01325 0.07665
v 0.02139083 -0.01415 0.07665
v 0.02204967 -0.01480885 0.07665
v 0.02294967 -0.01505 0.07665
v 0.02384967 -0.01480885 0.07665
v 0.02450852 -0.01415 0.07665
v 0.02474967 -0.01325 0.07665
v 0.02450852 -0.01235 0.07665
v 0.02384967 -0.01169115 0.07665
v 0.02294967 -0.01145 0.07665
v 0.02204967 -0.01169115 0.07665
v 0.02139083 -0.01235 0.07665
v -0.0018 0.0265 0.07665
v -0.00155885 0.0256 0.07665
v -0.0009 0.02494115 0.07665
v -0 0.0247 0.07665
v 0.0009 0.02494115 0.07665
v 0.00155885 0.0256 0.07665
v 0.0018 0.0265 0.07665
v 0.00155885 0.0274 0.07665
v 0.0009 0.02805885 0.07665
v 0 0.0283 0.07665
v -0.0009 0.02805885 0.07665
v -0.00155885 0.0274 0.07665
v -0.0283 0 0.07665
v -0.0283 1E-08 0.07402168
v -0.02805885 0.0009 0.07665
v -0.02822658 0.00050883 0.07401518
v -0.02805885 0.00089998 0.07400468
v -0.02805885 -0.0009 0.07665
v -0.02816679 -0.00067956 0.07401074
v -0.02829773 -9.036E-05 0.07402147
v -0.0274 -0.00155885 0.07665
v -0.02805886 -0.00089997 0.07400468
v -0.02796212 0.00104986 0.07400136
v -0.0274 0.00155885 0.07665
v -0.0265 0.0018 0.07665
v -0.0256 0.00155885 0.07665
v -0.02494115 0.0009 0.07665
v -0.0247 0 0.07665
v -0.02494115 -0.0009 0.07665
v -0.0256 -0.00155885 0.07665
v -0.0265 -0.0018 0.07665
v -0.0018 -0.0265 0.07665
v -0.00155885 -0.0274 0.07665
v -0.0009 -0.02805885 0.07665
v -0 -0.0283 0.07665
v 0.0009 -0.02805885 0.07665
v 0.00155885 -0.0274 0.07665
v 0.0018 -0.0265 0.07665
v 0.00155885 -0.0256 0.07665
v 0.0009 -0.02494115 0.07665
v 0 -0.0247 0.07665
v -0.0009 -0.02494115 0.07665
v -0.00155885 -0.0256 0.07665
v 0.0247 0 0.07665
v 0.02494115 -0.0009 0.07665
v 0.0256 -0.00155885 0.07665
v 0.0265 -0.0018 0.07665
v 0.0274 -0.00155885 0.07665
v 0.02805885 -0.0009 0.07665
v 0.0283 0 0.07665
v 0.02805885 0.0009 0.07665
v 0.0274 0.00155885 0.07665
v 0.0265 0.0018 0.07665
v 0.0256 0.00155885 0.07665
v 0.02494115 0.0009 0.07665
v -0.03222728 -0.01083524 0.082
v -0.03222728 -0.01083524 0.0855
v -0.02952891 -0.01685359 0.082
v -0.02952891 -0.01685359 0.0855
v -0.02571933 -0.02223772 0.082
v -0.02571933 -0.02223772 0.0855
v -0.0209419 -0.02678501 0.082
v -0.0209419 -0.02678501 0.0855
v -0.0153764 -0.03032435 0.082
v -0.0153764 -0.03032435 0.0855
v -0.00923226 -0.03272255 0.082
v -0.00923226 -0.03272255 0.0855
v -0.0027407 -0.03388936 0.082
v -0.0027407 -0.03388936 0.0855
v 0.00385399 -0.03378087 0.082
v 0.00385399 -0.03378087 0.0855
v 0.01030365 -0.03240116 0.082
v 0.01030365 -0.03240116 0.0855
v 0.01636557 -0.02980215 0.082
v 0.01636557 -0.02980215 0.0855
v 0.02181164 -0.02608165 0.082
v 0.02181164 -0.02608165 0.0855
v 0.02643691 -0.02137966 0.082
v 0.02643691 -0.02137966 0.0855
v 0.03006732 -0.01587313 0.082
v 0.03006732 -0.01587313 0.0855
v 0.03256626 -0.00976928 0.082
v 0.03256626 -0.00976928 0.0855
v 0.03383969 -0.00329779 0.082
v 0.03383969 -0.00329779 0.0855
v 0.03383969 0.00329779 0.082
v 0.03383969 0.00329779 0.0855
v 0.03256626 0.00976928 0.082
v 0.03256626 0.00976928 0.0855
v 0.03006732 0.01587313 0.082
v 0.03006732 0.01587313 0.0855
v 0.02643691 0.02137966 0.082
v 0.02643691 0.02137966 0.0855
v 0.02181164 0.02608165 0.082
v 0.02181164 0.02608165 0.0855
v 0.01636557 0.02980215 0.082
v 0.01636557 0.02980215 0.0855
v 0.01030365 0.03240116 0.082
v 0.01030365 0.03240116 0.0855
v 0.00385399 0.03378087 0.082
v 0.00385399 0.03378087 0.0855
v -0.0027407 0.03388936 0.082
v -0.0027407 0.03388936 0.0855
v -0.00923226 0.03272255 0.082
v -0.00923226 0.03272255 0.0855
v -0.0153764 0.03032435 0.082
v -0.0153764 0.03032435 0.0855
v -0.0209419 0.02678501 0.082
v -0.0209419 0.02678501 0.0855
v -0.02571933 0.02223772 0.082
v -0.02571933 0.02223772 0.0855
v -0.02952891 0.01685359 0.082
v -0.02952891 0.01685359 0.0855
v -0.03222728 0.01083524 0.082
v -0.03222728 0.01083524 0.0855
v -0.02656808 0.00883953 0.082
v -0.0272086 0.00719979 0.082
v -0.02706375 0.00718007 0.082
v -0.02714236 0.00699878 0.082
v -0.0271544 0.0068256 0.082
v -0.0009533 0.03089787 0.082
v 0.03089787 0.0009533 0.082
v -0.02741902 0.01272564 0.082
v -0.03231317 0.00992727 0.082
v -0.02680074 0.01092207 0.082
v -0.03198699 0.00907558 0.082
v -0.03131658 0.00845725 0.082
v -0.02645568 0.00990635 0.082
v -0.02750925 0.00742906 0.082
v -0.02735205 0.00735539 0.082
v -0.00268878 0.03010839 0.082
v -0.00394158 0.02867116 0.082
v 0.02723499 -0.01462335 0.082
v 0.02741902 -0.01272564 0.082
v 0.02680074 -0.01092207 0.082
v 0.0009533 0.03089787 0.082
v 0.00268878 0.03010839 0.082
v 0.00394158 0.02867116 0.082
v 0.00464869 0.02786447 0.082
v -0.02723499 0.01462335 0.082
v -0.02628168 0.01627452 0.082
v -0.02473024 0.01738274 0.082
v -0.02285916 0.01774909 0.082
v 0.02867116 0.00394158 0.082
v 0.03010839 0.00268878 0.082
v 0.02786447 0.00464869 0.082
v 0.02742839 0.00562878 0.082
v 0.02582514 0.01081952 0.082
v 0.02324969 0.01560294 0.082
v 0.01979899 0.01979899 0.082
v 0.01560294 0.02324969 0.082
v 0.01081952 0.02582514 0.082
v 0.00562878 0.02742839 0.082
v 0.03089787 -0.0009533 0.082
v 0.03010839 -0.00268878 0.082
v 0.02867116 -0.00394158 0.082
v 0.02786447 -0.00464869 0.082
v -0.0271544 -0.0068256 0.082
v -0.02714236 -0.00699878 0.082
v -0.02708528 -0.00709758 0.082
v -0.0272086 -0.00719979 0.082
v -0.02704151 -0.00726339 0.082
v -0.00464869 0.02786447 0.082
v -0.00562878 0.02742839 0.082
v -0.01132863 0.0256059 0.082
v -0.01651104 0.02261383 0.082
v -0.0209393 0.01858886 0.082
v -0.021807 0.01795812 0.082
v 0.02645568 -0.00990635 0.082
v 0.02656808 -0.00883953 0.082
v 0.02742839 -0.00562878 0.082
v 0.02628168 -0.01627452 0.082
v 0.02473024 -0.01738274 0.082
v 0.02285916 -0.01774909 0.082
v 0.021807 -0.01795812 0.082
v 0.00394158 -0.02867116 0.082
v -0.02525211 -0.01209673 0.082
v -0.02735205 -0.00735539 0.082
v -0.02750925 -0.00742906 0.082
v 0.00464869 -0.02786447 0.082
v 0.00562878 -0.02742839 0.082
v 0.01132863 -0.0256059 0.082
v 0.01651104 -0.02261383 0.082
v 0.0209393 -0.01858886 0.082
v 0.00268878 -0.03010839 0.082
v 0.0009533 -0.03089787 0.082
v -0.0009533 -0.03089787 0.082
v -0.00268878 -0.03010839 0.082
v -0.00394158 -0.02867116 0.082
v -0.00464869 -0.02786447 0.082
v -0.00562878 -0.02742839 0.082
v -0.01056072 -0.02593205 0.082
v -0.03131658 -0.00845725 0.082
v -0.03198699 -0.00907558 0.082
v -0.01513485 -0.02355708 0.082
v -0.01919619 -0.02038397 0.082
v -0.02260713 -0.01652022 0.082
v -0.03231317 -0.00992727 0.082
v -0.03230987 0.00990412 0.0855
v -0.03196029 0.00903717 0.0855
v -0.03131658 0.00845725 0.0855
v -0.03131658 -0.00845725 0.0855
v -0.03196029 -0.00903717 0.0855
v -0.03230987 -0.00990412 0.0855
v -0.02750925 -0.00742906 0.0855
v -0.02750925 0.00742906 0.0855
v -0.02970746 -0.00239003 0.0855
v -0.03040921 -0.00084738 0.0855
v -0.03040921 0.00084738 0.0855
v -0.02970746 0.00239003 0.0855
v -0.04525 -0.03 0.01353494
v -0.04616506 -0.03 0.01445
v -0.03975 -0.03 0.02146506
v -0.03883494 -0.03 0.02055
v -0.03155947 -0.03 0.056
v -0.0385 -0.03 0.0193
v -0.0385 -0.03 0.0157
v -0.03883494 -0.03 0.01445
v -0.0465 -0.03 0.0157
v -0.0465 -0.03 0.0193
v -0.048 -0.03 0.056
v -0.04616506 -0.03 0.02055
v -0.04525 -0.03 0.02146506
v -0.044 -0.03 0.0218
v -0.041 -0.03 0.0218
v -0.03975 -0.03 0.01353494
v -0.041 -0.03 0.0132
v -0.044 -0.03 0.0132
v -0.055 -0.0284 0.056
v -0.055 -0.02297608 0.0726931
v -0.055 -0.02257648 0.07404298
v -0.055 -0.01900331 0.07710531
v -0.055 -0.02033765 0.07678084
v -0.055 0.0287 0.056
v -0.055 0.0284 0.056
v -0.055 0.0284521 0.05975367
v -0.055 0.02777939 0.06190469
v -0.055 0.0253561 0.06944363
v -0.055 0.02594469 0.06755132
v -0.055 0.02297608 0.0726931
v -0.055 -0.02594469 0.06755132
v -0.055 -0.0253561 0.06944363
v -0.055 -0.02388329 0.07204918
v -0.055 -0.02777939 0.06190469
v -0.055 -0.02738457 0.06458645
v -0.055 -0.02689415 0.06601916
v -0.055 0.01865144 0.07837157
v -0.055 0.01900331 0.07710531
v -0.055 0.01643365 0.07999975
v -0.055 0.0142 0.08059512
v -0.055 0.01570918 0.08044352
v -0.055 0.00296861 0.08424442
v -0.055 0.00742004 0.08372352
v -0.055 0.00877608 0.08301
v -0.055 0.01027523 0.08286706
v -0.055 0.01251109 0.08202709
v -0.055 -0.0287 0.056
v -0.055 -0.02836842 0.06033983
v -0.055 -0.0282441 0.06108562
v -0.055 0.020343 0.07677744
v -0.055 0.02169784 0.07521494
v -0.055 0.02417096 0.07157004
v -0.055 -0.00296861 0.08424442
v -0.055 0 0.0847
v -0.055 0.00374199 0.08445364
v -0.055 -0.01566276 0.0804707
v -0.055 -0.01281074 0.08190016
v -0.055 -0.0142 0.08059512
v -0.055 -0.01027093 0.08286832
v -0.055 -0.00877608 0.08301
v -0.055 -0.00742004 0.08372352
v -0.055 -0.00374199 0.08445364
v -0.055 -0.0198606 0.07726707
v -0.055 -0.01813898 0.07878906
v -0.055 -0.01663195 0.07987138
v -0.055 0.02709773 0.06545404
v -0.055 0.02733566 0.06474116
v -0.055 0.02821483 0.0612455
v -0.03814264 0.00106668 0.08598103
v -0.03603506 1.665E-05 0.086
v -0.03996702 0.00206083 0.08592913
v -0.04168105 0.00307655 0.08584183
v -0.048 0.00393489 0.08574083
v -0.04328664 0.00411019 0.0857171
v -0.04478584 0.00515869 0.08555314
v -0.04618048 0.00621936 0.08534825
v -0.04732869 0.00716631 0.0851315
v -0.048 0.00775614 0.0849793
v -0.04394316 -0.02772061 0.06747031
v -0.048 -0.02833103 0.06586676
v -0.04354308 -0.02781074 0.06725
v -0.04165981 -0.02821351 0.06619793
v -0.04537094 -0.02736205 0.06830115
v -0.04669433 -0.02696822 0.0691421
v -0.048 -0.02704095 0.06899181
v -0.04791535 -0.02653776 0.06999097
v -0.048 -0.02650463 0.07005257
v -0.03989692 -0.02856958 0.06515311
v -0.048 -0.02922479 0.0627758
v -0.03828256 -0.02887852 0.06412595
v -0.048 -0.02963893 0.06064042
v -0.03370244 -0.02967041 0.06043475
v -0.0344643 -0.02954708 0.06119328
v -0.03534162 -0.02940098 0.06196509
v -0.0355529 -0.02936514 0.06213912
v -0.03683103 -0.02914277 0.06312031
v -0.03306349 -0.02977133 0.05969702
v -0.048 -0.02991362 0.05827495
v -0.03254335 -0.02985181 0.05897812
v -0.0315711 -0.02999828 0.05632138
v -0.03166655 -0.02998413 0.05697575
v -0.03186043 -0.02995523 0.05763833
v -0.03213741 -0.02991359 0.05827527
v -0.04 0.0265 0.01309142
v -0.03857106 0.025675 0.0121
v -0.039175 0.02507106 0.0121
v -0.03835 0.0265 0.0121
v -0.040825 0.02507106 0.0121
v -0.04142894 0.025675 0.0121
v -0.04 0.02485 0.0121
v -0.04142894 0.027325 0.0121
v -0.040825 0.02792894 0.0121
v -0.04165 0.0265 0.0121
v -0.039175 0.02792894 0.0121
v -0.03857106 0.027325 0.0121
v -0.04 0.02815 0.0121
v -0.03835 0.0265 0.004375
v -0.03857106 0.025675 0.004375
v -0.039175 0.02507106 0.004375
v -0.04 0.02485 0.004375
v -0.040825 0.02507106 0.004375
v -0.04142894 0.025675 0.004375
v -0.04165 0.0265 0.004375
v -0.04142894 0.027325 0.004375
v -0.040825 0.02792894 0.004375
v -0.04 0.02815 0.004375
v -0.039175 0.02792894 0.004375
v -0.03857106 0.027325 0.004375
v -0.04 0.0244875 0.0040125
v -0.04 -0.0265 0.01309142
v -0.03857106 -0.027325 0.0121
v -0.039175 -0.02792894 0.0121
v -0.03835 -0.0265 0.0121
v -0.040825 -0.02792894 0.0121
v -0.04142894 -0.027325 0.0121
v -0.04 -0.02815 0.0121
v -0.04142894 -0.025675 0.0121
v -0.040825 -0.02507106 0.0121
v -0.04165 -0.0265 0.0121
v -0.039175 -0.02507106 0.0121
v -0.03857106 -0.025675 0.0121
v -0.04 -0.02485 0.0121
v -0.03835 -0.0265 0.004375
v -0.03857106 -0.027325 0.004375
v -0.039175 -0.02792894 0.004375
v -0.04 -0.02815 0.004375
v -0.040825 -0.02792894 0.004375
v -0.04142894 -0.027325 0.004375
v -0.04165 -0.0265 0.004375
v -0.04142894 -0.025675 0.004375
v -0.040825 -0.02507106 0.004375
v -0.04 -0.02485 0.004375
v -0.039175 -0.02507106 0.004375
v -0.03857106 -0.025675 0.004375
v -0.04 -0.0244875 0.0040125
v -0 -0.033 0.01309142
v 0.00142894 -0.033825 0.0121
v 0.000825 -0.03442894 0.0121
v 0.00165 -0.033 0.0121
v -0.000825 -0.03442894 0.0121
v -0.00142894 -0.033825 0.0121
v -0 -0.03465 0.0121
v -0.00142894 -0.032175 0.0121
v -0.000825 -0.03157106 0.0121
v -0.00165 -0.033 0.0121
v 0.000825 -0.03157106 0.0121
v 0.00142894 -0.032175 0.0121
v -0 -0.03135 0.0121
v 0.00165 -0.033 0.004375
v 0.00142894 -0.033825 0.004375
v 0.000825 -0.03442894 0.004375
v -0 -0.03465 0.004375
v -0.000825 -0.03442894 0.004375
v -0.00142894 -0.033825 0.004375
v -0.00165 -0.033 0.004375
v -0.00142894 -0.032175 0.004375
v -0.000825 -0.03157106 0.004375
v -0 -0.03135 0.004375
v 0.000825 -0.03157106 0.004375
v 0.00142894 -0.032175 0.004375
v -0 -0.0309875 0.0040125
v 0 0.033 0.01309142
v 0.00142894 0.032175 0.0121
v 0.000825 0.03157106 0.0121
v 0.00165 0.033 0.0121
v -0.000825 0.03157106 0.0121
v -0.00142894 0.032175 0.0121
v 0 0.03135 0.0121
v -0.00142894 0.033825 0.0121
v -0.000825 0.03442894 0.0121
v -0.00165 0.033 0.0121
v 0.000825 0.03442894 0.0121
v 0.00142894 0.033825 0.0121
v -0 0.03465 0.0121
v 0.00165 0.033 0.004375
v 0.00142894 0.032175 0.004375
v 0.000825 0.03157106 0.004375
v 0 0.03135 0.004375
v -0.000825 0.03157106 0.004375
v -0.00142894 0.032175 0.004375
v -0.00165 0.033 0.004375
v -0.00142894 0.033825 0.004375
v -0.000825 0.03442894 0.004375
v -0 0.03465 0.004375
v 0.000825 0.03442894 0.004375
v 0.00142894 0.033825 0.004375
v 0 0.0309875 0.0040125
v 0.033 0 0.01309142
v 0.03442894 -0.000825 0.0121
v 0.033825 -0.00142894 0.0121
v 0.03465 0 0.0121
v 0.032175 -0.00142894 0.0121
v 0.03157106 -0.000825 0.0121
v 0.033 -0.00165 0.0121
v 0.03157106 0.000825 0.0121
v 0.032175 0.00142894 0.0121
v 0.03135 0 0.0121
v 0.033825 0.00142894 0.0121
v 0.03442894 0.000825 0.0121
v 0.033 0.00165 0.0121
v 0.03465 0 0.004375
v 0.03442894 -0.000825 0.004375
v 0.033825 -0.00142894 0.004375
v 0.033 -0.00165 0.004375
v 0.032175 -0.00142894 0.004375
v 0.03157106 -0.000825 0.004375
v 0.03135 0 0.004375
v 0.03157106 0.000825 0.004375
v 0.032175 0.00142894 0.004375
v 0.033 0.00165 0.004375
v 0.033825 0.00142894 0.004375
v 0.03442894 0.000825 0.004375
v 0.0309875 0 0.0040125
v -0.04815891 -0.02090909 0.07804318
v -0.04650543 -0.02096314 0.07832099
v -0.04658999 -0.02080629 0.0784589
v -0.04801442 -0.02616367 0.07068812
v -0.04049332 -0.02555306 0.07329476
v -0.0480255 -0.02589658 0.07117262
v -0.04146287 -0.02512893 0.07385684
v -0.04235855 -0.02468193 0.0744234
v -0.04807265 -0.02466709 0.07324886
v -0.04806089 -0.02499256 0.07272457
v -0.04805049 -0.02526853 0.0722656
v -0.04455174 -0.02324053 0.07609165
v -0.04809387 -0.02403066 0.0742209
v -0.04388312 -0.02374936 0.07552844
v -0.04313849 -0.0242372 0.07496272
v -0.04812798 -0.02278547 0.0759246
v -0.04811718 -0.02322393 0.07535404
v -0.04811269 -0.02339121 0.07512797
v -0.04514682 -0.0227093 0.07665244
v -0.04567016 -0.02215399 0.07721093
v -0.04814066 -0.02217779 0.0766653
v -0.04612291 -0.0215726 0.07776718
v -0.048151 -0.02155265 0.07737115
v -0.04815478 -0.02127227 0.07767047
v -0.04710052 -0.01950216 0.07953674
v -0.0481652 -0.02008775 0.07882736
v -0.04688122 -0.02016659 0.07900257
v -0.04816411 -0.02027927 0.07865147
v -0.0481605 -0.02074531 0.0782059
v -0.04733419 -0.01733881 0.08108027
v -0.04816373 -0.0179781 0.08051615
v -0.04732697 -0.01809064 0.08057599
v -0.04816683 -0.01871193 0.07997661
v -0.04724898 -0.01881094 0.08006131
v -0.04816728 -0.01893692 0.07980163
v -0.04816733 -0.01941457 0.07941386
v -0.04726958 -0.01655279 0.0815734
v -0.04815497 -0.01686537 0.08125308
v -0.04815816 -0.01721161 0.0810335
v -0.04813902 -0.01550307 0.08204065
v -0.04814912 -0.01631395 0.08158591
v -0.04814998 -0.01638989 0.08154127
v -0.0465375 -0.01372695 0.08308414
v -0.04812142 -0.01430006 0.08264819
v -0.04684681 -0.01462935 0.08264387
v -0.04813558 -0.0152524 0.08217353
v -0.04708095 -0.01549974 0.0821825
v -0.04713153 -0.01573033 0.082054
v -0.04568728 -0.01181782 0.0838962
v -0.04808521 -0.0121761 0.08355923
v -0.04615168 -0.01279048 0.08350209
v -0.04809858 -0.01292753 0.08325776
v -0.04810511 -0.0133062 0.08309756
v -0.04451042 -0.00975521 0.08460552
v -0.04803744 -0.00965373 0.08443367
v -0.04514142 -0.0108068 0.0842647
v -0.04805742 -0.01068671 0.08409882
v -0.04806219 -0.01093691 0.08401311
v -0.02395921 -0.0284301 0.0809933
v -0.03019836 -0.02700024 0.07611629
v -0.02417764 -0.02833209 0.08102698
v -0.03711967 -0.02669857 0.07164012
v -0.03832433 -0.02633705 0.07218573
v -0.03944794 -0.02595545 0.07273753
v -0.02496804 -0.02796324 0.08115316
v -0.02572063 -0.0275899 0.08128003
v -0.02643923 -0.02721125 0.08140794
v -0.02712734 -0.02682615 0.08153739
v -0.02778822 -0.02643313 0.08166901
v -0.02839041 -0.02605277 0.08179609
v -0.02899711 -0.02564528 0.08193205
v -0.02957854 -0.02522861 0.08207094
v -0.03013755 -0.02480019 0.08221363
v -0.03067658 -0.02435707 0.08236094
v -0.03119773 -0.0238959 0.08251368
v -0.03170256 -0.02341308 0.08267257
v -0.03182624 -0.02328865 0.08271328
v -0.03230653 -0.02277942 0.08287862
v -0.03276778 -0.02224588 0.08304907
v -0.03321125 -0.02168374 0.08322483
v -0.03363779 -0.02108829 0.0834059
v -0.03404783 -0.02045438 0.08359215
v -0.03444139 -0.0197763 0.0837832
v -0.03481773 -0.01904826 0.08397834
v -0.03491709 -0.01884053 0.08403207
v -0.03526905 -0.01804138 0.08423055
v -0.03559704 -0.01718654 0.08442842
v -0.03589956 -0.01626953 0.08462429
v -0.03617435 -0.01528325 0.08481654
v -0.03641827 -0.01421989 0.08500332
v -0.03662714 -0.01307078 0.08518254
v -0.0367954 -0.01182641 0.08535184
v -0.0369051 -0.01063171 0.08549186
v -0.03697494 -0.00918922 0.08563388
v -0.0369785 -0.00764066 0.08575636
v -0.03690422 -0.00597755 0.08585675
v -0.03673757 -0.00419139 0.08593247
v -0.03600875 -3.742E-05 0.086
v -0.03601752 -3.05E-05 0.086
v -0.03646052 -0.00227438 0.08598097
v -0.03702104 -0.0018716 0.08597147
v -0.03781286 -0.00347971 0.08589814
v -0.0384928 -0.00500566 0.08578259
v -0.03907304 -0.00645244 0.08562785
v -0.03956359 -0.00782375 0.08543701
v -0.03997254 -0.00912351 0.08521315
v -0.04027165 -0.01021731 0.08498988
v -0.04053944 -0.01137412 0.08471657
v -0.04074073 -0.01245901 0.08442318
v -0.04088075 -0.01347778 0.08411284
v -0.04096361 -0.01443591 0.08378834
v -0.04099251 -0.01533852 0.08345211
v -0.04096985 -0.01619037 0.08310626
v -0.04089726 -0.01699599 0.08275261
v -0.04086914 -0.01720687 0.08265565
v -0.04073637 -0.01795074 0.08229873
v -0.04055862 -0.01865019 0.0819416
v -0.04033728 -0.01930965 0.08158544
v -0.04007304 -0.01993373 0.08123087
v -0.03976604 -0.02052666 0.08087825
v -0.03941582 -0.02109235 0.08052767
v -0.03902135 -0.02163441 0.080179
v -0.03891525 -0.0217671 0.08009178
v -0.03846462 -0.02228257 0.07974613
v -0.03797225 -0.0227753 0.07940584
v -0.03743724 -0.02324837 0.07907029
v -0.03685796 -0.02370469 0.07873864
v -0.03623225 -0.02414673 0.07841006
v -0.03555746 -0.02457666 0.07808367
v -0.0348686 -0.02497518 0.07777514
v -0.034094 -0.02538351 0.07745302
v -0.03327011 -0.02577958 0.07713471
v -0.0323942 -0.02616453 0.07681968
v -0.03146317 -0.02653922 0.07650765
v -0.03047357 -0.02690418 0.0761985
v -0.03678317 -0.02679198 0.07149529
v -0.04378969 -0.00866087 0.08491629
v -0.04306919 -0.00765042 0.08516521
v -0.04217021 -0.0064787 0.08541007
v -0.04117739 -0.0052747 0.08561475
v -0.04008582 -0.00403821 0.08577761
v -0.03888958 -0.00276936 0.08589702
v -0.03758179 -0.00146901 0.08597148
v -0.03602629 -2.357E-05 0.086
v -0.04801161 -0.00834248 0.08481968
v -0.03524386 -0.02741069 0.07009592
v -0.02222088 -0.03087983 0.056
v -0.0176546 -0.03197236 0.056
v -0.01766089 -0.03196951 0.05672009
v -0.02686949 -0.03022045 0.056
v -0.02687924 -0.03021769 0.05645109
v -0.02299379 -0.02906993 0.0786922
v -0.02208056 -0.0296401 0.07639585
v -0.02123672 -0.03013823 0.07412893
v -0.02047222 -0.03056677 0.07190168
v -0.01979478 -0.03092913 0.06972221
v -0.01968242 -0.03098769 0.06933507
v -0.01921479 -0.0312268 0.06761622
v -0.01880732 -0.03142917 0.06592424
v -0.01846462 -0.03159513 0.06427652
v -0.01818501 -0.03172772 0.06266918
v -0.0179664 -0.03182963 0.06109642
v -0.01781706 -0.03189837 0.05967031
v -0.01771242 -0.03194612 0.05818619
v -0.0289742 -0.02769835 0.07429257
v -0.02781717 -0.0283215 0.07246383
v -0.02674883 -0.02886669 0.07065109
v -0.02578154 -0.02933627 0.06886392
v -0.02492484 -0.02973371 0.06711005
v -0.02478279 -0.02979798 0.06679806
v -0.02419171 -0.03006046 0.06541134
v -0.0236768 -0.03028273 0.06404421
v -0.02324385 -0.03046509 0.06271114
v -0.02289068 -0.03061082 0.06140941
v -0.02261459 -0.03072287 0.06013469
v -0.022426 -0.03079847 0.05897815
v -0.02229388 -0.03085098 0.0577741
v -0.02222881 -0.0308767 0.05658439
v -0.02531333 -0.03039168 0.056
v -0.0337959 -0.02796226 0.06869105
v -0.03246439 -0.0284443 0.06729705
v -0.03126293 -0.02885913 0.06592152
v -0.03020188 -0.02920997 0.06457066
v -0.0300262 -0.02926667 0.06433026
v -0.02929597 -0.02949823 0.06326149
v -0.02866082 -0.02969423 0.06220739
v -0.02812744 -0.029855 0.06117921
v -0.02769278 -0.02998343 0.06017495
v -0.02735327 -0.03008216 0.05919131
v -0.02712148 -0.03014877 0.05829875
v -0.02695917 -0.03019502 0.05736941
v -0.0176546 0.03197236 0.056
v -0.02222088 0.03087983 0.056
v -0.02531333 0.03039168 0.056
v -0.02686949 0.03022045 0.056
v -0.03600875 3.742E-05 0.086
v -0.03601752 3.05E-05 0.086
v -0.04096361 0.01443591 0.08378834
v -0.04088075 0.01347778 0.08411284
v -0.03617435 0.01528325 0.08481654
v -0.0465375 0.01372695 0.08308414
v -0.04615168 0.01279048 0.08350209
v -0.04033728 0.01930965 0.08158544
v -0.04055862 0.01865019 0.0819416
v -0.03404783 0.02045438 0.08359215
v -0.04724898 0.01881094 0.08006131
v -0.04732697 0.01809064 0.08057599
v -0.03685796 0.02370469 0.07873864
v -0.03743724 0.02324837 0.07907029
v -0.03013755 0.02480019 0.08221363
v -0.04388312 0.02374936 0.07552844
v -0.04455174 0.02324053 0.07609165
v -0.03047357 0.02690418 0.0761985
v -0.02417764 0.02833209 0.08102698
v -0.02395921 0.0284301 0.0809933
v -0.04816737 0.0194146 0.07941404
v -0.04710052 0.01950216 0.07953674
v -0.04688122 0.02016659 0.07900257
v -0.04378969 0.00866087 0.08491629
v -0.04451042 0.00975521 0.08460552
v -0.04801162 0.00834296 0.08481957
v -0.04514142 0.0108068 0.0842647
v -0.04803747 0.00965527 0.08443335
v -0.04568728 0.01181782 0.0838962
v -0.04806225 0.0109394 0.08401246
v -0.04808528 0.01217937 0.08355808
v -0.0481051 0.01330573 0.08309778
v -0.0480979 0.01288842 0.08327402
v -0.04726958 0.01655279 0.0815734
v -0.04813907 0.01550752 0.08203809
v -0.04713153 0.01573033 0.082054
v -0.04813563 0.01525644 0.0821712
v -0.04708095 0.01549974 0.0821825
v -0.04812145 0.01430219 0.08264706
v -0.04684681 0.01462935 0.08264387
v -0.04815814 0.01720866 0.08103556
v -0.04815247 0.01661889 0.0814044
v -0.04815004 0.01639538 0.08153803
v -0.04733419 0.01733881 0.08108027
v -0.04816373 0.01797684 0.08051722
v -0.04816683 0.01871157 0.07997691
v -0.04816078 0.02074786 0.07820567
v -0.04816476 0.0202009 0.07872527
v -0.04816536 0.0200878 0.07882843
v -0.04658999 0.02080629 0.0784589
v -0.04650543 0.02096314 0.07832099
v -0.04815921 0.02091193 0.07804284
v -0.04612291 0.0215726 0.07776718
v -0.04815127 0.02155635 0.07736981
v -0.04567016 0.02215399 0.07721093
v -0.04814078 0.02218194 0.07666221
v -0.04514682 0.0227093 0.07665244
v -0.04812793 0.02279007 0.0759193
v -0.04811356 0.02335917 0.07517162
v -0.0480939 0.02402996 0.07422229
v -0.04146287 0.02512893 0.07385684
v -0.04804998 0.02528242 0.07224289
v -0.04235855 0.02468193 0.0744234
v -0.04807245 0.0246735 0.07323945
v -0.04313849 0.0242372 0.07496272
v -0.03678317 0.02679198 0.07149529
v -0.03019836 0.02700024 0.07611629
v -0.03711967 0.02669857 0.07164012
v -0.03832433 0.02633705 0.07218573
v -0.03944794 0.02595545 0.07273753
v -0.04049332 0.02555306 0.07329476
v -0.04802459 0.02591908 0.07113256
v -0.03146317 0.02653922 0.07650765
v -0.0323942 0.02616453 0.07681968
v -0.03327011 0.02577958 0.07713471
v -0.034094 0.02538351 0.07745302
v -0.0348686 0.02497518 0.07777514
v -0.03555746 0.02457666 0.07808367
v -0.03623225 0.02414673 0.07841006
v -0.02496804 0.02796324 0.08115316
v -0.02572063 0.0275899 0.08128003
v -0.02643923 0.02721125 0.08140794
v -0.02712734 0.02682615 0.08153739
v -0.02778822 0.02643313 0.08166901
v -0.02839041 0.02605277 0.08179609
v -0.02899711 0.02564528 0.08193205
v -0.02957854 0.02522861 0.08207094
v -0.03797225 0.0227753 0.07940584
v -0.03846462 0.02228257 0.07974613
v -0.03891525 0.0217671 0.08009178
v -0.03902135 0.02163441 0.080179
v -0.03941582 0.02109235 0.08052767
v -0.03976604 0.02052666 0.08087825
v -0.04007304 0.01993373 0.08123087
v -0.03067658 0.02435707 0.08236094
v -0.03119773 0.0238959 0.08251368
v -0.03170256 0.02341308 0.08267257
v -0.03182624 0.02328865 0.08271328
v -0.03230653 0.02277942 0.08287862
v -0.03276778 0.02224588 0.08304907
v -0.03321125 0.02168374 0.08322483
v -0.03363779 0.02108829 0.0834059
v -0.04073637 0.01795074 0.08229873
v -0.04086914 0.01720687 0.08265565
v -0.04089726 0.01699599 0.08275261
v -0.04096985 0.01619037 0.08310626
v -0.04099251 0.01533852 0.08345211
v -0.03444139 0.0197763 0.0837832
v -0.03481773 0.01904826 0.08397834
v -0.03491709 0.01884053 0.08403207
v -0.03526905 0.01804138 0.08423055
v -0.03559704 0.01718654 0.08442842
v -0.03589956 0.01626953 0.08462429
v -0.04306919 0.00765042 0.08516521
v -0.04217021 0.0064787 0.08541007
v -0.04074073 0.01245901 0.08442318
v -0.04053944 0.01137412 0.08471657
v -0.04027165 0.01021731 0.08498988
v -0.03997254 0.00912351 0.08521315
v -0.03956359 0.00782375 0.08543701
v -0.03907304 0.00645244 0.08562785
v -0.04117739 0.0052747 0.08561475
v -0.03641827 0.01421989 0.08500332
v -0.03662714 0.01307078 0.08518254
v -0.0367954 0.01182641 0.08535184
v -0.0369051 0.01063171 0.08549186
v -0.03697494 0.00918922 0.08563388
v -0.0369785 0.00764066 0.08575636
v -0.03690422 0.00597755 0.08585675
v -0.03602629 2.357E-05 0.086
v -0.03758179 0.00146901 0.08597148
v -0.03702104 0.0018716 0.08597147
v -0.03888958 0.00276936 0.08589702
v -0.03781286 0.00347971 0.08589814
v -0.04008582 0.00403821 0.08577761
v -0.0384928 0.00500566 0.08578259
v -0.03646052 0.00227438 0.08598097
v -0.03673757 0.00419139 0.08593247
v -0.02332241 0.02885653 0.07948802
v -0.02221007 0.02956124 0.07673018
v -0.02128904 0.03010812 0.07427458
v -0.02048223 0.03056129 0.07193223
v -0.01978833 0.0309325 0.06970023
v -0.01925718 0.03120543 0.06778038
v -0.01881676 0.03142454 0.06596621
v -0.01869432 0.03148431 0.06540935
v -0.01836569 0.03164233 0.06374314
v -0.01810461 0.03176538 0.06213547
v -0.01790598 0.03185752 0.06057185
v -0.01776605 0.03192169 0.05903768
v -0.01768251 0.03195971 0.0575182
v -0.02225612 0.03086592 0.05723206
v -0.0223616 0.03082411 0.05846495
v -0.02253829 0.03075355 0.05970934
v -0.02278913 0.03065222 0.06097694
v -0.02311889 0.03051696 0.06227931
v -0.02353404 0.03034332 0.0636278
v -0.02368873 0.03027765 0.06407814
v -0.02424528 0.03003699 0.06554388
v -0.0249167 0.02973741 0.06709235
v -0.0257942 0.02933026 0.06888847
v -0.02681505 0.02883372 0.07076777
v -0.0279812 0.02823526 0.07273058
v -0.02939077 0.02746537 0.07492436
v -0.02691278 0.03020819 0.05695103
v -0.02704235 0.03017136 0.05790265
v -0.02725948 0.03010919 0.05886306
v -0.02756788 0.03001991 0.05984126
v -0.02797361 0.02990071 0.06084609
v -0.02848488 0.02974765 0.06188625
v -0.02867552 0.02968975 0.06223355
v -0.02936211 0.02947753 0.06336366
v -0.0301918 0.02921323 0.06455702
v -0.03127864 0.02885382 0.06594042
v -0.03254678 0.02841516 0.06738681
v -0.0340008 0.02788597 0.06889606
v -0.03576678 0.0272043 0.0705809
v -0.053 -0.0284 0.036
v -0.053 -0.0284 0.056
v -0.053 0.0284 0.056
v -0.053 0.0284 0.036
v -0.053 0.0242 0.036
v -0.053 0.0242 0.056
v -0.053 0.02439582 0.0553625
v -0.053 0.024225 0.056
v -0.053 0.02777939 0.06190469
v -0.053 0.026775 0.056
v -0.053 0.0248625 0.05489582
v -0.053 0.0255 0.054725
v -0.053 0.0261375 0.05489582
v -0.053 0.02660418 0.0553625
v -0.053 0.02439582 0.0566375
v -0.053 0.02359326 0.06138501
v -0.053 0.0248625 0.05710418
v -0.053 0.02660418 0.0566375
v -0.053 0.0261375 0.05710418
v -0.053 0.02594469 0.06755132
v -0.053 0.0255 0.057275
v -0.053 0.02180345 0.06649999
v -0.053 0.02297608 0.0726931
v -0.053 0.01892032 0.07108846
v -0.053 0.01900331 0.07710531
v -0.053 0.01508845 0.07492032
v -0.053 0.0142 0.08059512
v -0.053 0.01283093 0.07651846
v -0.053 0.01279961 0.08135212
v -0.053 -0.02660418 0.0553625
v -0.053 -0.0261375 0.05489582
v -0.053 -0.0242 0.036
v -0.053 -0.0255 0.054725
v -0.053 -0.02359326 0.06138501
v -0.053 -0.0248625 0.05710418
v -0.053 -0.0255 0.057275
v -0.053 -0.0248625 0.05489582
v -0.053 -0.02439582 0.0553625
v -0.053 -0.0242 0.056
v -0.053 -0.024225 0.056
v -0.053 -0.02439582 0.0566375
v -0.053 -0.02777939 0.06190469
v -0.053 -0.02660418 0.0566375
v -0.053 -0.026775 0.056
v -0.053 0.00110418 0.0821375
v -0.053 0.0006375 0.08260418
v -0.053 0.00296861 0.08424442
v -0.053 0 0.082775
v -0.053 -0.00296861 0.08424442
v -0.053 -0.02180345 0.06649999
v -0.053 -0.02594469 0.06755132
v -0.053 -0.0261375 0.05710418
v -0.053 0.001275 0.0815
v -0.053 0.00877608 0.08301
v -0.053 -0.01892032 0.07108846
v -0.053 -0.02297608 0.0726931
v -0.053 -0.01508845 0.07492032
v -0.053 -0.01900331 0.07710531
v -0.053 -0.01049999 0.07780345
v -0.053 -0.0142 0.08059512
v -0.053 -0.00538501 0.07959326
v -0.053 0.00110418 0.0808625
v -0.053 0.00538501 0.07959326
v -0.053 0.01049999 0.07780345
v -0.053 -0.0006375 0.08260418
v -0.053 -0.00110418 0.0821375
v -0.053 -0.00877608 0.08301
v -0.053 -0.001275 0.0815
v -0.053 -0.00110418 0.0808625
v -0.053 -0.0006375 0.08039582
v -0.053 0 0.0802
v -0.053 0 0.080225
v -0.053 0.0006375 0.08039582
v -0.053 -0.026775 0.016
v -0.053 -0.02660418 0.0166375
v -0.053 -0.02660418 0.0153625
v -0.053 -0.0261375 0.01489582
v -0.053 -0.0255 0.014725
v -0.053 -0.0242 0.0043
v -0.053 -0.0248625 0.01489582
v -0.053 -0.02439582 0.0166375
v -0.053 -0.024225 0.016
v -0.053 -0.02439582 0.0153625
v -0.053 -0.0248625 0.01710418
v -0.053 -0.0255 0.017275
v -0.053 -0.0261375 0.01710418
v -0.053 0.0248625 0.01710418
v -0.053 0.02439582 0.0166375
v -0.053 0.024225 0.016
v -0.053 0.0242 0.0043
v -0.053 0.0261375 0.01489582
v -0.053 0.0255 0.014725
v -0.053 0.0248625 0.01489582
v -0.053 0.02439582 0.0153625
v -0.053 0.02660418 0.0153625
v -0.053 0.026775 0.016
v -0.053 0.02660418 0.0166375
v -0.053 0.0261375 0.01710418
v -0.053 0.0255 0.017275
v -0.04603412 -0.0255 0.056
v -0.04665 -0.02638768 0.0565125
v -0.04665 -0.0260125 0.05688768
v -0.04665 -0.026525 0.056
v -0.04665 -0.0249875 0.05688768
v -0.04665 -0.02461232 0.0565125
v -0.04665 -0.0255 0.057025
v -0.04665 -0.02461232 0.0554875
v -0.04665 -0.0249875 0.05511232
v -0.04665 -0.024475 0.056
v -0.04665 -0.0260125 0.05511232
v -0.04665 -0.02638768 0.0554875
v -0.04665 -0.0255 0.054975
v -0.05275 -0.026525 0.056
v -0.05275 -0.02638768 0.0565125
v -0.05275 -0.0260125 0.05688768
v -0.05275 -0.0255 0.057025
v -0.05275 -0.0249875 0.05688768
v -0.05275 -0.02461232 0.0565125
v -0.05275 -0.024475 0.056
v -0.05275 -0.02461232 0.0554875
v -0.05275 -0.0249875 0.05511232
v -0.05275 -0.0255 0.054975
v -0.05275 -0.0260125 0.05511232
v -0.05275 -0.02638768 0.0554875
v -0.04603412 -0.0255 0.016
v -0.04665 -0.02638768 0.0165125
v -0.04665 -0.0260125 0.01688768
v -0.04665 -0.026525 0.016
v -0.04665 -0.0249875 0.01688768
v -0.04665 -0.02461232 0.0165125
v -0.04665 -0.0255 0.017025
v -0.04665 -0.02461232 0.0154875
v -0.04665 -0.0249875 0.01511232
v -0.04665 -0.024475 0.016
v -0.04665 -0.0260125 0.01511232
v -0.04665 -0.02638768 0.0154875
v -0.04665 -0.0255 0.014975
v -0.05275 -0.026525 0.016
v -0.05275 -0.02638768 0.0165125
v -0.05275 -0.0260125 0.01688768
v -0.05275 -0.0255 0.017025
v -0.05275 -0.0249875 0.01688768
v -0.05275 -0.02461232 0.0165125
v -0.05275 -0.024475 0.016
v -0.05275 -0.02461232 0.0154875
v -0.05275 -0.0249875 0.01511232
v -0.05275 -0.0255 0.014975
v -0.05275 -0.0260125 0.01511232
v -0.05275 -0.02638768 0.0154875
v -0.04603412 0.0255 0.016
v -0.04665 0.02461232 0.0165125
v -0.04665 0.0249875 0.01688768
v -0.04665 0.024475 0.016
v -0.04665 0.0260125 0.01688768
v -0.04665 0.02638768 0.0165125
v -0.04665 0.0255 0.017025
v -0.04665 0.02638768 0.0154875
v -0.04665 0.0260125 0.01511232
v -0.04665 0.026525 0.016
v -0.04665 0.0249875 0.01511232
v -0.04665 0.02461232 0.0154875
v -0.04665 0.0255 0.014975
v -0.05275 0.024475 0.016
v -0.05275 0.02461232 0.0165125
v -0.05275 0.0249875 0.01688768
v -0.05275 0.0255 0.017025
v -0.05275 0.0260125 0.01688768
v -0.05275 0.02638768 0.0165125
v -0.05275 0.026525 0.016
v -0.05275 0.02638768 0.0154875
v -0.05275 0.0260125 0.01511232
v -0.05275 0.0255 0.014975
v -0.05275 0.0249875 0.01511232
v -0.05275 0.02461232 0.0154875
v -0.04603412 0.0255 0.056
v -0.04665 0.02461232 0.0565125
v -0.04665 0.0249875 0.05688768
v -0.04665 0.024475 0.056
v -0.04665 0.0260125 0.05688768
v -0.04665 0.02638768 0.0565125
v -0.04665 0.0255 0.057025
v -0.04665 0.02638768 0.0554875
v -0.04665 0.0260125 0.05511232
v -0.04665 0.026525 0.056
v -0.04665 0.0249875 0.05511232
v -0.04665 0.02461232 0.0554875
v -0.04665 0.0255 0.054975
v -0.05275 0.024475 0.056
v -0.05275 0.02461232 0.0565125
v -0.05275 0.0249875 0.05688768
v -0.05275 0.0255 0.057025
v -0.05275 0.0260125 0.05688768
v -0.05275 0.02638768 0.0565125
v -0.05275 0.026525 0.056
v -0.05275 0.02638768 0.0554875
v -0.05275 0.0260125 0.05511232
v -0.05275 0.0255 0.054975
v -0.05275 0.0249875 0.05511232
v -0.05275 0.02461232 0.0554875
v -0.04603412 0 0.0815
v -0.04665 -0.00088768 0.0820125
v -0.04665 -0.0005125 0.08238768
v -0.04665 -0.001025 0.0815
v -0.04665 0.0005125 0.08238768
v -0.04665 0.00088768 0.0820125
v -0.04665 0 0.082525
v -0.04665 0.00088768 0.0809875
v -0.04665 0.0005125 0.08061232
v -0.04665 0.001025 0.0815
v -0.04665 -0.0005125 0.08061232
v -0.04665 -0.00088768 0.0809875
v -0.04665 0 0.080475
v -0.05275 -0.001025 0.0815
v -0.05275 -0.00088768 0.0820125
v -0.05275 -0.0005125 0.08238768
v -0.05275 0 0.082525
v -0.05275 0.0005125 0.08238768
v -0.05275 0.00088768 0.0820125
v -0.05275 0.001025 0.0815
v -0.05275 0.00088768 0.0809875
v -0.05275 0.0005125 0.08061232
v -0.05275 0 0.080475
v -0.05275 -0.0005125 0.08061232
v -0.05275 -0.00088768 0.0809875
v -0.04947792 0.02997069 0.056
v -0.05294975 0.02961924 0.056
v -0.05366028 0.02946484 0.056
v -0.05450852 0.02917852 0.056
v -0.05482041 0.02899258 0.056
v -0.05497154 0.02881711 0.056
v -0.05497168 0.02720802 0.06549252
v -0.05488314 0.02732107 0.06553196
v -0.05488314 0.02844738 0.06128873
v -0.05294975 0.02959572 0.05717427
v -0.05497168 0.02832967 0.06126685
v -0.05497168 0.02879393 0.05714245
v -0.05488314 0.02891357 0.0571472
v -0.05450852 0.02915535 0.05715679
v -0.05450852 0.02577929 0.069668
v -0.05450852 0.02674158 0.06767349
v -0.05490926 0.02554085 0.06954158
v -0.05497168 0.02545972 0.06949856
v -0.05499304 0.02540772 0.06947099
v -0.05340889 0.02608559 0.0698304
v -0.05133779 0.02636609 0.06997912
v -0.05294975 0.02714549 0.06784981
v -0.05057666 0.0274108 0.06796562
v -0.05294975 0.02796565 0.06575684
v -0.05057666 0.02823897 0.0658522
v -0.05294975 0.02862426 0.06360702
v -0.05057666 0.02890402 0.06368137
v -0.05294975 0.02911853 0.06141351
v -0.05057666 0.02940312 0.06146642
v -0.05057666 0.02988498 0.05718574
v -0.05450852 0.02754954 0.06561167
v -0.05450852 0.02819835 0.06349383
v -0.05450852 0.02868526 0.06133296
v -0.05499311 0.02393259 0.07205494
v -0.05497199 0.02397181 0.07207887
v -0.0529866 0.02456572 0.07244061
v -0.0549931 0.0102898 0.08291005
v -0.05064138 0.0106326 0.08392341
v -0.05074226 0.01619342 0.0812684
v -0.05076116 0.01872231 0.07950687
v -0.05304917 0.01848438 0.07920535
v -0.05069888 0.01346629 0.08273474
v -0.05303907 0.01600396 0.08094566
v -0.05452902 0.01828193 0.07894878
v -0.05057666 0.00773236 0.08489044
v -0.05499832 0.01634723 0.08006771
v -0.05499323 0.01816171 0.07879644
v -0.05499832 0.01696487 0.07966185
v -0.05499389 0.01816965 0.07878884
v -0.05301581 0.01332451 0.08241279
v -0.05452692 0.01583224 0.08065314
v -0.05488668 0.01576354 0.08053611
v -0.05488709 0.01820594 0.07885248
v -0.05497242 0.01573452 0.08048668
v -0.05497168 0.00745006 0.0838357
v -0.05488314 0.00748102 0.08395137
v -0.05488452 0.0103357 0.08304547
v -0.05451571 0.01040049 0.08323674
v -0.0545221 0.01317662 0.08207694
v -0.05298483 0.01052946 0.08361792
v -0.05294975 0.00765752 0.08461081
v -0.05450852 0.00754358 0.0841851
v -0.05499316 0.01306598 0.0818257
v -0.05497223 0.01308012 0.08185781
v -0.05497197 0.01030476 0.08295418
v -0.05488575 0.01311018 0.08192606
v -0.05301919 0.02278185 0.07488775
v -0.05451607 0.02422369 0.07223242
v -0.0545228 0.02248994 0.07467198
v -0.05488459 0.02405305 0.07212841
v -0.05488588 0.02236071 0.07457645
v -0.05497225 0.02230272 0.07453358
v -0.05497245 0.02037745 0.07681017
v -0.05499324 0.0203567 0.07679608
v -0.05499319 0.02135508 0.07567922
v -0.05497641 0.02227645 0.07455973
v -0.05064466 0.02484276 0.07260889
v -0.05070516 0.02306735 0.07509878
v -0.05304216 0.02075594 0.07716987
v -0.05452756 0.02051279 0.07693879
v -0.05488681 0.02041729 0.07684804
v -0.05497251 0.01817523 0.07881357
v -0.05499334 0.01572496 0.08046193
v -0.05499834 0.01572051 0.08045048
v -0.05499996 0.01872237 0.07831352
v -0.05499832 0.01928458 0.07782948
v -0.05499837 0.02034686 0.07678933
v -0.05057666 0.00389959 0.08565199
v -0.05057666 0 0.08590873
v -0.05294975 0.00386184 0.08536499
v -0.05294975 0 0.08561924
v -0.05450852 0.00380438 0.08492806
v -0.05450852 0 0.08517852
v -0.05488314 0.00377283 0.08468816
v -0.05488314 0 0.08493655
v -0.05497168 0.00375722 0.08456945
v -0.05497168 0 0.08481681
v -0.05497168 -0.00375722 0.08456945
v -0.05497168 -0.00745006 0.0838357
v -0.05488314 -0.00748102 0.08395137
v -0.05488314 -0.00377283 0.08468816
v -0.05450852 -0.00754358 0.0841851
v -0.05450852 -0.00380438 0.08492806
v -0.05294975 -0.00765752 0.08461081
v -0.05294975 -0.00386184 0.08536499
v -0.05057666 -0.00773236 0.08489044
v -0.05057666 -0.00389959 0.08565199
v -0.05303875 -0.01595703 0.08097465
v -0.05451612 -0.02421189 0.07224981
v -0.05450852 -0.02577844 0.06966755
v -0.05294975 -0.0261678 0.06987398
v -0.0548868 -0.0204121 0.07685151
v -0.05452753 -0.02050769 0.07694234
v -0.05452901 -0.01827141 0.07895711
v -0.05074776 -0.02102376 0.07743357
v -0.05076115 -0.01871143 0.07951549
v -0.05064511 -0.02483071 0.07262658
v -0.05070569 -0.02304875 0.07512251
v -0.05057666 -0.02642356 0.07000958
v -0.05499832 -0.01982587 0.07731599
v -0.05499323 -0.01815128 0.07880467
v -0.05499832 -0.01928631 0.07782692
v -0.05499844 -0.01814476 0.0787964
v -0.05499336 -0.02035121 0.07679937
v -0.05497245 -0.02037218 0.07681361
v -0.05497251 -0.01816478 0.07882181
v -0.05488709 -0.01819547 0.07886075
v -0.05488667 -0.01571715 0.08056385
v -0.05464261 -0.02571797 0.06963549
v -0.05488459 -0.02404156 0.07214586
v -0.05493218 -0.02551517 0.06952796
v -0.05499317 -0.02225816 0.07453682
v -0.05499311 -0.02392137 0.07207245
v -0.05497226 -0.02228521 0.07455686
v -0.05497199 -0.0239605 0.07209635
v -0.05488589 -0.022343 0.07459967
v -0.05452285 -0.02247184 0.07469512
v -0.05298685 -0.02455356 0.07245806
v -0.05499834 -0.02034161 0.07679281
v -0.05497197 -0.01030046 0.08295548
v -0.0549931 -0.0102855 0.08291133
v -0.05499316 -0.01304187 0.08183642
v -0.05499334 -0.01567858 0.08048924
v -0.05499837 -0.0156741 0.08047763
v -0.05499832 -0.0169309 0.07968476
v -0.05497242 -0.01568813 0.08051415
v -0.05488574 -0.01308608 0.08193707
v -0.05452685 -0.01578579 0.08068139
v -0.05452204 -0.01315251 0.08208828
v -0.05301557 -0.01330021 0.08242453
v -0.05304916 -0.0184737 0.07921382
v -0.05304201 -0.02075076 0.07717358
v -0.05301947 -0.02276326 0.07491101
v -0.05064127 -0.01062822 0.08392485
v -0.05069841 -0.0134416 0.08274639
v -0.05497168 -0.02545888 0.06949812
v -0.05499581 -0.0253954 0.06946446
v -0.05497222 -0.01305602 0.08186863
v -0.05488451 -0.0103314 0.08304681
v -0.0545157 -0.01039618 0.08323815
v -0.05298478 -0.01052512 0.08361941
v -0.05499582 -0.02874495 0.056
v -0.05497168 -0.02881681 0.056
v -0.05497168 -0.02848388 0.06035749
v -0.05497168 -0.02597408 0.06847925
v -0.05497168 -0.02749603 0.06462139
v -0.05450852 -0.02630011 0.0686359
v -0.05488314 -0.02608201 0.0685311
v -0.05488314 -0.02761028 0.06465722
v -0.05488314 -0.02860223 0.0603756
v -0.05493218 -0.02888053 0.056
v -0.05450852 -0.02884141 0.06041219
v -0.05464262 -0.02911007 0.056
v -0.05450852 -0.02909383 0.0582126
v -0.05450852 -0.02917852 0.056
v -0.05294975 -0.02961924 0.056
v -0.05057666 -0.02990872 0.056
v -0.05294975 -0.02953327 0.05824602
v -0.05057666 -0.02982191 0.05826797
v -0.05294975 -0.02927703 0.06047883
v -0.05057666 -0.02956318 0.0605226
v -0.05294975 -0.02885223 0.06268939
v -0.05057666 -0.02913422 0.06275477
v -0.05294975 -0.02826168 0.06486146
v -0.05057666 -0.02853789 0.06494807
v -0.05057666 -0.02695828 0.06895211
v -0.05294975 -0.02669735 0.06882675
v -0.05450852 -0.02784116 0.06472961
v -0.05450852 -0.02842293 0.06258985
v -0.02087525 -0.00514529 0.0745
v -0.0190373 -0.00999155 0.0745
v -0.0215 -0 0.0745
v -0.02087525 0.00514529 0.0745
v -0.0190373 0.00999155 0.0745
v -0.01609298 0.01425714 0.0745
v -0.01221339 0.01769415 0.0745
v -0.007624 0.02010285 0.0745
v -0.00259154 0.02134324 0.0745
v 0.00259154 0.02134324 0.0745
v 0.007624 0.02010285 0.0745
v 0.01221339 0.01769415 0.0745
v 0.01609298 0.01425714 0.0745
v 0.0190373 0.00999155 0.0745
v 0.02087525 0.00514529 0.0745
v 0.0215 0 0.0745
v 0.02087525 -0.00514529 0.0745
v 0.0190373 -0.00999155 0.0745
v 0.01609298 -0.01425714 0.0745
v 0.01221339 -0.01769415 0.0745
v 0.007624 -0.02010285 0.0745
v 0.00259154 -0.02134324 0.0745
v -0.00259154 -0.02134324 0.0745
v -0.007624 -0.02010285 0.0745
v -0.01221339 -0.01769415 0.0745
v -0.01609298 -0.01425714 0.0745
v -0.03316332 -0.00515037 0.0776007
v -0.03316332 -0.00844478 0.07653783
v -0.03424685 -0.00881272 0.07743265
v -0.03318907 0.00955866 0.07607751
v -0.03316332 0.00844478 0.07653783
v -0.03424685 0.00881272 0.07743265
v -0.0329353 0.00824297 0.07630216
v -0.03246089 -0.00271973 0.07692073
v -0.03257228 -0.00494839 0.07674064
v -0.03261113 -0.00547032 0.07668424
v -0.03268665 -0.00631338 0.07658233
v -0.03268665 0.00631338 0.07658233
v -0.03316332 0.00515037 0.0776007
v -0.03261113 0.00547032 0.07668424
v -0.03246706 0.00290024 0.07690991
v -0.03493594 0.01377459 0.07510643
v -0.03442751 0.01291726 0.07537653
v -0.03424685 0.01203651 0.07580265
v -0.03395117 0.0119395 0.07561488
v -0.03353858 0.01084983 0.07583453
v -0.03556277 0.01235606 0.07632839
v -0.03571899 0.01473556 0.0747318
v -0.03526663 0.01423341 0.07493734
v -0.03636807 0.01519819 0.07452274
v -0.03670461 0.01531551 0.07446662
v -0.03670461 -0.01531551 0.07446662
v -0.03636807 -0.01519819 0.07452274
v -0.03424685 -0.01203651 0.07580265
v -0.03556277 -0.01235606 0.07632839
v -0.03442751 -0.01291726 0.07537653
v -0.03493594 -0.01377459 0.07510643
v -0.03526663 -0.01423341 0.07493734
v -0.03571899 -0.01473556 0.0747318
v -0.0329353 -0.00824297 0.07630216
v -0.03318907 -0.00955866 0.07607751
v -0.03353858 -0.01084983 0.07583453
v -0.03395117 -0.0119395 0.07561488
v -0.03424685 -0.00180622 0.07910325
v -0.03424685 0.00180622 0.07910325
v -0.03316332 0.00173081 0.07813867
v -0.03556277 0.00904668 0.07800166
v -0.03556277 0.00185417 0.07971662
v -0.03556277 -0.00185417 0.07971662
v -0.03556277 -0.00551747 0.0791403
v -0.03241742 -0 0.077
v -0.03316332 -0.00173081 0.07813867
v -0.03424685 -0.00537477 0.07854184
v -0.03556277 -0.00904668 0.07800166
v -0.03599121 0.01496704 0.07462962
v -0.03424685 0.00537477 0.07854184
v -0.03556277 0.00551747 0.0791403
v -0.03599121 -0.01496704 0.07462962
v -0.03552691 0.0157251 0.07404601
v -0.03177199 0.01613765 0.07391294
v -0.03298905 0.01551211 0.07388841
v -0.03363049 0.01592497 0.07381586
v -0.03200454 0.01474461 0.07397664
v -0.03108471 0.01387675 0.07400484
v -0.03513224 0.01549831 0.07410717
v -0.03448135 0.01500856 0.07422224
v -0.03401074 0.01456397 0.07430707
v -0.03329906 0.01374159 0.07441624
v -0.03265021 0.01281874 0.07446683
v -0.03151044 0.00562391 0.07526137
v -0.02998101 0.00583734 0.07432597
v -0.03158812 0.00650225 0.0752106
v -0.03008784 0.00676019 0.07431241
v -0.03045154 0.0089123 0.07427569
v -0.03083556 0.01041792 0.07424681
v -0.03137761 0.01193085 0.07421611
v -0.03185815 0.00853324 0.07507236
v -0.03214909 0.00993836 0.07496288
v -0.03256566 0.01133654 0.07484576
v -0.02977605 -0.00287961 0.07435786
v -0.02978423 0.00307182 0.07435639
v -0.02971925 0 0.07436869
v -0.03137059 0.00297037 0.07537475
v -0.03132575 0 0.07542039
v -0.0313649 -0.00278499 0.07538022
v -0.03151044 -0.00562391 0.07526137
v -0.02998101 -0.00583734 0.07432597
v -0.03008784 -0.00676019 0.07431241
v -0.03158812 -0.00650225 0.0752106
v -0.03045154 -0.0089123 0.07427569
v -0.03083556 -0.01041792 0.07424681
v -0.03137761 -0.01193085 0.07421611
v -0.03203005 -0.01323786 0.07418882
v -0.03185815 -0.00853324 0.07507236
v -0.03214909 -0.00993836 0.07496288
v -0.03256566 -0.01133654 0.07484576
v -0.03307256 -0.01253329 0.07474101
v -0.03552691 -0.0157251 0.07404601
v -0.03298905 -0.01551211 0.07388841
v -0.03296173 -0.01612177 0.07379075
v -0.03363049 -0.01592497 0.07381586
v -0.03200454 -0.01474461 0.07397664
v -0.03513224 -0.01549831 0.07410717
v -0.03448135 -0.01500856 0.07422224
v -0.03401074 -0.01456397 0.07430707
v -0.03329906 -0.01374159 0.07441624
v -0.02900708 -0.0175534 0.07293317
v -0.02568162 -0.0189169 0.07283106
v -0.02280113 -0.0207232 0.07246201
v -0.02771487 -0.01884428 0.0714018
v -0.02640439 -0.02002361 0.06974652
v -0.02510821 -0.02108105 0.06796937
v -0.02414321 -0.0218065 0.06651583
v -0.02311974 -0.02252395 0.06478612
v -0.02225754 -0.02309008 0.06307854
v -0.02170185 -0.02181029 0.07031633
v -0.0208809 -0.02255573 0.06856731
v -0.02000812 -0.0232927 0.06649159
v -0.01927134 -0.02387405 0.06444713
v -0.01867922 -0.02431609 0.06243011
v -0.01838885 -0.02452507 0.0611952
v -0.01807843 -0.02474301 0.05945005
v -0.01789217 -0.02487112 0.05772592
v -0.01782955 -0.02491375 0.056
v -0.02449934 -0.02014326 0.07102633
v -0.02332357 -0.02124578 0.06908673
v -0.02244463 -0.02200362 0.06749916
v -0.0215095 -0.0227542 0.06560902
v -0.02071962 -0.0233472 0.06374229
v -0.02008456 -0.02379861 0.06189687
v -0.01977305 -0.02401218 0.06076562
v -0.01943998 -0.02423499 0.05916563
v -0.0192401 -0.02436601 0.05758389
v -0.01917289 -0.02440962 0.056
v -0.02156573 -0.02352065 0.06139093
v -0.0212268 -0.02372424 0.06035659
v -0.02086471 -0.02393657 0.05889382
v -0.02064755 -0.02406139 0.05744787
v -0.02057455 -0.02410294 0.056
v -0.01917289 -0.02440962 0.0045
v -0.02449934 0.02014326 0.07102633
v -0.02640439 0.02002361 0.06974652
v -0.02510821 0.02108105 0.06796937
v -0.02900708 0.0175534 0.07293317
v -0.02771487 0.01884428 0.0714018
v -0.02568162 0.0189169 0.07283106
v -0.02280113 0.0207232 0.07246201
v -0.02414321 0.0218065 0.06651583
v -0.02311974 0.02252395 0.06478612
v -0.02156573 0.02352065 0.06139093
v -0.02225754 0.02309008 0.06307854
v -0.0212268 0.02372424 0.06035659
v -0.02086471 0.02393657 0.05889382
v -0.02064755 0.02406139 0.05744787
v -0.02057455 0.02410294 0.056
v -0.02332357 0.02124578 0.06908673
v -0.02244463 0.02200362 0.06749916
v -0.0215095 0.0227542 0.06560902
v -0.02071962 0.0233472 0.06374229
v -0.02008456 0.02379861 0.06189687
v -0.01977305 0.02401218 0.06076562
v -0.01943998 0.02423499 0.05916563
v -0.0192401 0.02436601 0.05758389
v -0.01917289 0.02440962 0.056
v -0.02170185 0.02181029 0.07031633
v -0.0208809 0.02255573 0.06856731
v -0.02000812 0.0232927 0.06649159
v -0.01927134 0.02387405 0.06444713
v -0.01867922 0.02431609 0.06243011
v -0.01838885 0.02452507 0.0611952
v -0.01807843 0.02474301 0.05945005
v -0.01789217 0.02487112 0.05772592
v -0.01782955 0.02491375 0.056
v -0.01917289 0.02440962 0.0045
v -0.0205 0 0.0765
v -0.0205 0 0.0778
v -0.01985596 -0.00509814 0.0765
v -0.01985596 -0.00509814 0.0778
v -0.01796429 -0.00987595 0.0765
v -0.01796429 -0.00987595 0.0778
v -0.01494386 -0.01403322 0.0765
v -0.01494386 -0.01403322 0.0778
v -0.01098445 -0.01730872 0.0765
v -0.01098445 -0.01730872 0.0778
v -0.00633485 -0.01949666 0.0765
v -0.00633485 -0.01949666 0.0778
v -0.00128721 -0.02045955 0.0765
v -0.00128721 -0.02045955 0.0778
v 0.00384132 -0.02013689 0.0765
v 0.00384132 -0.02013689 0.0778
v 0.00872848 -0.01854895 0.0765
v 0.00872848 -0.01854895 0.0778
v 0.01306719 -0.01579552 0.0765
v 0.01306719 -0.01579552 0.0778
v 0.01658485 -0.0120496 0.0765
v 0.01658485 -0.0120496 0.0778
v 0.01906042 -0.00754655 0.0765
v 0.01906042 -0.00754655 0.0778
v 0.02033835 -0.00256933 0.0765
v 0.02033835 -0.00256933 0.0778
v 0.02033835 0.00256933 0.0765
v 0.02033835 0.00256933 0.0778
v 0.01906042 0.00754655 0.0765
v 0.01906042 0.00754655 0.0778
v 0.01658485 0.0120496 0.0765
v 0.01658485 0.0120496 0.0778
v 0.01306719 0.01579552 0.0765
v 0.01306719 0.01579552 0.0778
v 0.00872848 0.01854895 0.0765
v 0.00872848 0.01854895 0.0778
v 0.00384132 0.02013689 0.0765
v 0.00384132 0.02013689 0.0778
v -0.00128721 0.02045955 0.0765
v -0.00128721 0.02045955 0.0778
v -0.00633485 0.01949666 0.0765
v -0.00633485 0.01949666 0.0778
v -0.01098445 0.01730872 0.0765
v -0.01098445 0.01730872 0.0778
v -0.01494386 0.01403322 0.0765
v -0.01494386 0.01403322 0.0778
v -0.01796429 0.00987595 0.0765
v -0.01796429 0.00987595 0.0778
v -0.01985596 0.00509814 0.0765
v -0.01985596 0.00509814 0.0778
v 0.0192 0 0.0765
v 0.01854578 0.00496933 0.0765
v 0.01662769 0.0096 0.0765
v 0.01357645 0.01357645 0.0765
v 0.0096 0.01662769 0.0765
v 0.00496933 0.01854578 0.0765
v 0 0.0192 0.0765
v -0.00496933 0.01854578 0.0765
v -0.0096 0.01662769 0.0765
v -0.01357645 0.01357645 0.0765
v -0.01662769 0.0096 0.0765
v -0.01854578 0.00496933 0.0765
v -0.0192 0 0.0765
v -0.01854578 -0.00496933 0.0765
v -0.01662769 -0.0096 0.0765
v -0.01357645 -0.01357645 0.0765
v -0.0096 -0.01662769 0.0765
v -0.00496933 -0.01854578 0.0765
v -0 -0.0192 0.0765
v 0.00496933 -0.01854578 0.0765
v 0.0096 -0.01662769 0.0765
v 0.01357645 -0.01357645 0.0765
v 0.01662769 -0.0096 0.0765
v 0.01854578 -0.00496933 0.0765
v -0.0271544 -0.0068256 0.0855
v -0.02767208 -0.00423361 0.0855
v -0.0271544 0.0068256 0.0855
v -0.02767208 0.00423361 0.0855
v -0.0277238 0.00407597 0.0855
v -0.02772968 0.00406511 0.0855
v -0.02776742 -0.00400721 0.0855
v -0.02772373 -0.00407612 0.0855
v -0.02745142 -0.00740959 0.0855
v -0.0271424 -0.00699913 0.0855
v -0.02719761 -0.0071801 0.0855
v -0.0272086 -0.00719979 0.0855
v -0.02730223 -0.00731537 0.0855
v -0.02735205 -0.00735539 0.0855
v -0.02714172 0.00690043 0.0855
v -0.02735205 0.00735539 0.0855
v -0.02723423 0.00723905 0.0855
v -0.0272086 0.00719979 0.0855
v -0.02715783 0.0070801 0.0855
v -0.02714236 0.00699878 0.0855
v 0.035 0.001 0.081
v 0.035 0.00086603 0.0805
v 0.035 0.0005 0.08013397
v 0.035 0 0.08
v 0.035 -0.0005 0.08013397
v 0.035 -0.00086603 0.0805
v 0.035 -0.001 0.081
v -0.046 -0.0295 0.0157
v -0.046 -0.0295 0.0193
v -0.044 -0.0295 0.0213
v -0.041 -0.0295 0.0213
v -0.039 -0.0295 0.0193
v -0.039 -0.0295 0.0157
v -0.041 -0.0295 0.0137
v -0.044 -0.0295 0.0137
v -0.045 -0.0295 0.01396795
v -0.04573205 -0.0295 0.0147
v -0.03926795 -0.0295 0.0147
v -0.04 -0.0295 0.01396795
v -0.04 -0.0295 0.02103205
v -0.03926795 -0.0295 0.0203
v -0.04573205 -0.0295 0.0203
v -0.045 -0.0295 0.02103205
v -0.053 0.013375 0.049375
v -0.053 0.013375 0.054775
v -0.053 0.0041 0.054775
v -0.053 -0.02179361 0.02569405
v -0.053 -0.02106156 0.0264261
v -0.053 -0.02103078 0.03054703
v -0.053 -0.0078 0.0364
v -0.053 -0.0078 0.0377
v -0.053 -0.009275 0.0377
v -0.053 -0.0058 0.041
v -0.053 -0.0041 0.041
v -0.053 -0.00675 0.0422
v -0.053 -0.016 0.01
v -0.053 -0.01626795 0.009
v -0.053 -0.009275 0.00915
v -0.053 -0.02649933 0.06564496
v -0.053 -0.02305578 0.066725
v -0.053 -0.02442192 0.0701
v -0.053 -0.02777158 0.06089688
v -0.053 -0.027575 0.054775
v -0.053 -0.02695 0.056
v -0.053 -0.02675574 0.056725
v -0.053 -0.026225 0.05725574
v -0.053 -0.0255 0.05745
v -0.053 -0.02405 0.056
v -0.053 -0.02305578 0.054775
v -0.053 -0.02424426 0.056725
v -0.053 -0.024775 0.05725574
v -0.053 -0.01665926 0.06858819
v -0.053 -0.01812661 0.07760245
v -0.053 -0.01703078 0.066725
v -0.053 -0.02160245 0.07412661
v -0.053 -0.02103078 0.066725
v -0.053 -0.01566025 0.071
v -0.053 -0.01407107 0.07307107
v -0.053 -0.0141 0.08042192
v -0.053 -0.012 0.07466026
v -0.053 -0.00964497 0.08249933
v -0.053 0.00145 0.0815
v -0.053 0.00125574 0.080775
v -0.053 0.0041 0.076
v -0.053 -0.00125574 0.080775
v -0.053 -0.00145 0.0815
v -0.053 -0.00489688 0.08377158
v -0.053 -0.000725 0.08024427
v -0.053 -0.0041 0.076
v -0.053 0 0.08005
v -0.053 0.000725 0.08024427
v -0.053 -0.00125574 0.082225
v -0.053 -0.000725 0.08275574
v -0.053 0 0.0842
v -0.053 0 0.08295
v -0.053 0.00489688 0.08377158
v -0.053 0.000725 0.08275574
v -0.053 0.00125574 0.082225
v -0.053 -0.007 0.076
v -0.053 -0.00958819 0.07565926
v -0.053 0.0141 0.08042192
v -0.053 0.00964497 0.08249933
v -0.053 0.00958819 0.07565926
v -0.053 0.007 0.076
v -0.053 0.02160245 0.07412661
v -0.053 0.022025 0.066725
v -0.053 0.02442192 0.0701
v -0.053 0.02649933 0.06564496
v -0.053 0.02424426 0.055275
v -0.053 0.02405 0.056
v -0.053 0.022025 0.054775
v -0.053 0.02424426 0.056725
v -0.053 0.024775 0.05725574
v -0.053 0.0255 0.05745
v -0.053 0.02777158 0.06089688
v -0.053 0.026225 0.05725574
v -0.053 0.02675574 0.056725
v -0.053 0.0282 0.056
v -0.053 0.02695 0.056
v -0.053 0.0282 0.054775
v -0.053 -0.01973205 0.011
v -0.053 -0.02103078 0.013275
v -0.053 -0.02 0.01
v -0.053 -0.02103078 0.00915
v -0.053 -0.01973205 0.009
v -0.053 -0.01626795 0.011
v -0.053 -0.009275 0.013275
v -0.053 -0.017 0.01173205
v -0.053 -0.01703078 0.013275
v -0.053 -0.018 0.012
v -0.053 -0.019 0.01173205
v -0.053 -0.019 0.00826795
v -0.053 -0.02103078 0.0042
v -0.053 -0.018 0.008
v -0.053 -0.01703078 0.0042
v -0.053 -0.017 0.00826795
v -0.053 0.013375 0.00915
v -0.053 0.01626795 0.009
v -0.053 0.016 0.01
v -0.053 0.013375 0.013275
v -0.053 0.01626795 0.011
v -0.053 0.017 0.01173205
v -0.053 0.018 0.012
v -0.053 0.019 0.01173205
v -0.053 0.022025 0.013275
v -0.053 0.01973205 0.011
v -0.053 0.022025 0.00915
v -0.053 0.02 0.01
v -0.053 0.01973205 0.009
v -0.053 0.022025 0.0042
v -0.053 0.019 0.00826795
v -0.053 0.018 0.008
v -0.053 0.013375 0.0042
v -0.053 0.017 0.00826795
v -0.053 -0.009275 0.049375
v -0.053 -0.00875 0.0442
v -0.053 -0.0041 0.049375
v -0.053 -0.00775 0.04393205
v -0.053 -0.00701795 0.0432
v -0.053 -0.0068 0.04073205
v -0.053 -0.00701795 0.0412
v -0.053 -0.00753205 0.04
v -0.053 -0.00775 0.04046795
v -0.053 -0.0078 0.039
v -0.053 -0.00875 0.0402
v -0.053 -0.00975 0.04046795
v -0.053 -0.01703078 0.0377
v -0.053 -0.01048205 0.0412
v -0.053 -0.01075 0.0422
v -0.053 -0.01703078 0.049375
v -0.053 -0.01048205 0.0432
v -0.053 -0.00975 0.04393205
v -0.053 0.0078 0.039
v -0.053 0.0078 0.0377
v -0.053 0.00875 0.0402
v -0.053 0.00975 0.04393205
v -0.053 0.01048205 0.0432
v -0.053 0.01075 0.0422
v -0.053 0.013375 0.0377
v -0.053 0.01048205 0.0412
v -0.053 0.00975 0.04046795
v -0.053 0.00701795 0.0432
v -0.053 0.00775 0.04393205
v -0.053 0.0041 0.049375
v -0.053 0.00875 0.0442
v -0.053 0.00753205 0.04
v -0.053 0.00775 0.04046795
v -0.053 0.0068 0.04073205
v -0.053 0.00701795 0.0412
v -0.053 0.0058 0.041
v -0.053 0.00675 0.0422
v -0.053 0.0041 0.041
v -0.053 -0.0058 0.0344
v -0.053 -0.0062859 0.03346795
v -0.053 -0.0052859 0.0332
v -0.053 -0.0041 0.0344
v -0.053 0.013375 0.03054703
v -0.053 0.01067557 0.03374054
v -0.053 0.01071202 0.03281209
v -0.053 0.010325 0.03196737
v -0.053 0.01000923 0.03138666
v -0.053 -0.0041 0.0332
v -0.053 0.0041 0.0332
v -0.053 0.0041 0.0344
v -0.053 0.0052859 0.0332
v -0.053 0.0058 0.0344
v -0.053 0.0062859 0.03346795
v -0.053 0.0068 0.03466795
v -0.053 0.00701795 0.0342
v -0.053 0.00753205 0.0354
v -0.053 0.0085315 0.03518803
v -0.053 0.00945341 0.03507222
v -0.053 0.01022351 0.03455232
v -0.053 0.00765674 0.03487475
v -0.053 0.0078 0.0364
v -0.053 -0.01906156 0.022962
v -0.053 -0.02006156 0.02269405
v -0.053 -0.02103078 0.02007203
v -0.053 -0.01832951 0.02369405
v -0.053 -0.01703078 0.02007203
v -0.053 -0.01806156 0.02469405
v -0.053 -0.01703078 0.03054703
v -0.053 -0.02006156 0.02669405
v -0.053 -0.01906156 0.0264261
v -0.053 -0.01832951 0.02569405
v -0.053 -0.02106156 0.022962
v -0.053 -0.02179361 0.02369405
v -0.053 -0.02305578 0.02007203
v -0.053 -0.02206156 0.02469405
v -0.053 -0.02305578 0.03054703
v -0.053 0.02675574 0.055275
v -0.053 0.026225 0.05474426
v -0.053 0.0282 0.049375
v -0.053 0.024775 0.05474426
v -0.053 0.022025 0.049375
v -0.053 0.0255 0.05455
v -0.053 -0.024775 0.05474426
v -0.053 -0.0255 0.05455
v -0.053 -0.027575 0.049375
v -0.053 -0.026225 0.05474426
v -0.053 -0.02675574 0.055275
v -0.053 0.02 0.057
v -0.053 0.01973205 0.056
v -0.053 0.019 0.05526795
v -0.053 0.01973205 0.058
v -0.053 0.0195 0.05832288
v -0.053 0.012 0.07466026
v -0.053 0.01407107 0.07307107
v -0.053 0.01812661 0.07760245
v -0.053 0.01566025 0.071
v -0.053 0.01665926 0.06858819
v -0.053 0.017 0.066
v -0.053 0.017 0.06493726
v -0.053 0.018 0.055
v -0.053 0.0172007 0.05516667
v -0.053 0.01524541 0.05578945
v -0.053 0.01728879 0.06255138
v -0.053 0.01813848 0.0603033
v -0.053 -0.01728879 0.06255138
v -0.053 -0.017 0.06493726
v -0.053 -0.017 0.066
v -0.053 -0.018 0.055
v -0.053 -0.019 0.05526795
v -0.053 -0.02103078 0.054775
v -0.053 -0.01973205 0.056
v -0.053 -0.02 0.057
v -0.053 -0.01973205 0.058
v -0.053 -0.0195 0.05832288
v -0.053 -0.01813848 0.0603033
v -0.053 -0.0172007 0.05516667
v -0.053 -0.01703078 0.054775
v -0.053 -0.01524541 0.05578945
v -0.053 -0.009275 0.054775
v -0.053 0.01320417 0.056
v -0.053 0.0041 0.056
v -0.053 -0.0041 0.056
v -0.053 -0.0041 0.054775
v -0.053 -0.009275 0.056
v -0.053 -0.01320417 0.056
v -0.053 -0.00576773 0.01198761
v -0.053 -0.00300478 0.01073056
v -0.053 -0.0041 0.00915
v -0.053 0 0.0103
v -0.053 0.0041 0.00915
v -0.053 0.00300478 0.01073056
v -0.053 0.00576773 0.01198761
v -0.053 0.00806651 0.01396996
v -0.053 0.00971609 0.01651809
v -0.053 0.0099 0.03073474
v -0.053 0.0099 0.03054703
v -0.053 0.013375 0.02007203
v -0.053 0.0099 0.02007203
v -0.053 0.0099 0.01735583
v -0.053 -0.00701795 0.0342
v -0.053 -0.0068 0.03466795
v -0.053 -0.00765674 0.03487475
v -0.053 -0.00753205 0.0354
v -0.053 -0.0085315 0.03518803
v -0.053 -0.00945341 0.03507222
v -0.053 -0.01022351 0.03455232
v -0.053 -0.01067557 0.03374054
v -0.053 -0.01071202 0.03281209
v -0.053 -0.010325 0.03196737
v -0.053 -0.0099 0.03073474
v -0.053 -0.01000923 0.03138666
v -0.053 -0.00806651 0.01396996
v -0.053 -0.00971609 0.01651809
v -0.053 -0.0099 0.01735583
v -0.053 -0.0099 0.02007203
v -0.053 -0.0099 0.03054703
v -0.053 -0.02103078 0.049375
v -0.053 -0.02103078 0.0377
v -0.053 -0.02305578 0.049375
v -0.053 -0.02305578 0.0377
v -0.053 0.0282 0.0377
v -0.053 0.022025 0.0377
v -0.053 0.0282 0.03054703
v -0.053 0.022025 0.03054703
v -0.053 0.0282 0.02007203
v -0.053 0.022025 0.02007203
v -0.053 -0.02424426 0.055275
v -0.053 -0.027575 0.0377
v -0.053 -0.027575 0.03054703
v -0.053 -0.027575 0.02007203
v -0.053 0.0255 0.01455
v -0.053 0.024775 0.01474426
v -0.053 0.024775 0.01725574
v -0.053 0.0255 0.01745
v -0.053 0.026225 0.01725574
v -0.053 0.02675574 0.016725
v -0.053 0.02695 0.016
v -0.053 0.0282 0.013275
v -0.053 0.02675574 0.015275
v -0.053 0.026225 0.01474426
v -0.053 0.02424426 0.015275
v -0.053 0.02405 0.016
v -0.053 0.02424426 0.016725
v -0.053 -0.026225 0.01725574
v -0.053 -0.0255 0.01745
v -0.053 -0.0255 0.01455
v -0.053 -0.026225 0.01474426
v -0.053 -0.027575 0.013275
v -0.053 -0.02424426 0.016725
v -0.053 -0.02405 0.016
v -0.053 -0.02305578 0.013275
v -0.053 -0.02424426 0.015275
v -0.053 -0.024775 0.01474426
v -0.053 -0.024775 0.01725574
v -0.053 -0.02675574 0.015275
v -0.053 -0.02695 0.016
v -0.053 -0.02675574 0.016725
v -0.053 0.0282 0.00915
v -0.053 0.0282 0.0042
v -0.053 -0.009275 0.0042
v -0.053 -0.0041 0.0042
v -0.053 0.0041 0.0042
v -0.053 -0.02305578 0.00915
v -0.053 -0.02305578 0.0042
v -0.053 -0.027575 0.00915
v -0.053 -0.027575 0.0042
v -0.053 -0.0282 0.056
v -0.053 -0.0282 0.054775
v -0.053 -0.0282 0.049375
v -0.053 -0.0282 0.0377
v -0.053 -0.0282 0.03054703
v -0.053 -0.0282 0.02007203
v -0.053 -0.0282 0.013275
v -0.053 -0.0282 0.00915
v -0.053 -0.0282 0.0042
v -0.055 0.02788157 0.054625
v -0.055 0.0282 0.05547798
v -0.055 0.0282 0.04564
v -0.055 -0.0282 0.02492
v -0.055 -0.0282 0.03528
v -0.055 -0.02179361 0.02569405
v -0.055 -0.0255 0.05875
v -0.055 -0.026875 0.05838157
v -0.055 -0.02777158 0.06089688
v -0.055 -0.02788157 0.057375
v -0.055 -0.02819466 0.05654893
v -0.055 0.00120753 0.0291106
v -0.055 -0.00120753 0.0291106
v -0.055 -0.0068 0.03466795
v -0.055 -0.00351785 0.02840707
v -0.055 0.0282 0.02492
v -0.055 0.0282 0.01652201
v -0.055 0.02788157 0.017375
v -0.055 -0.0282 0.04564
v -0.055 -0.02006156 0.02669405
v -0.055 -0.02106156 0.0264261
v -0.055 -0.0058 0.041
v -0.055 -0.0068 0.04073205
v -0.055 -0.026875 0.05361843
v -0.055 0 0.07875
v -0.055 0.001375 0.07911843
v -0.055 0.00753205 0.04
v -0.055 -0.00552303 0.02706104
v -0.055 -0.01832951 0.02569405
v -0.055 -0.00753205 0.0354
v -0.055 -0.01906156 0.0264261
v -0.055 -0.0078 0.0364
v -0.055 -0.0078 0.039
v -0.055 -0.0282 0.05547798
v -0.055 -0.02788157 0.054625
v -0.055 0.0255 0.05325
v -0.055 0.0255 0.01875
v -0.055 0.024125 0.05361843
v -0.055 0.02311843 0.054625
v -0.055 0.026875 0.01838157
v -0.055 0.0282 0.03528
v -0.055 0.026875 0.05361843
v -0.055 -0.00753205 0.04
v -0.055 -0.00054893 0.08419466
v -0.055 -0.001375 0.08388157
v -0.055 -0.00489688 0.08377158
v -0.055 -0.00238157 0.082875
v -0.055 -0.00964497 0.08249933
v -0.055 -0.00275 0.0815
v -0.055 -0.02788157 0.017375
v -0.055 -0.0282 0.01652201
v -0.055 0.0058 0.041
v -0.055 -0.0255 0.05325
v -0.055 0.0068 0.04073205
v -0.055 -0.024125 0.05361843
v -0.055 -0.02311843 0.054625
v -0.055 0.02311843 0.057375
v -0.055 0.02275 0.056
v -0.055 0.00275 0.0815
v -0.055 0.00238157 0.082875
v -0.055 0.00489688 0.08377158
v -0.055 0.001375 0.08388157
v -0.055 0.00054893 0.08419466
v -0.055 -0.02442192 0.0701
v -0.055 -0.02160245 0.07412661
v -0.055 -0.00238157 0.080125
v -0.055 -0.01812661 0.07760245
v -0.055 -0.0141 0.08042192
v -0.055 -0.02649933 0.06564496
v -0.055 -0.024125 0.05838157
v -0.055 -0.02311843 0.057375
v -0.055 -0.001375 0.07911843
v -0.055 -0.026875 0.01838157
v -0.055 -0.02179361 0.02369405
v -0.055 -0.02206156 0.02469405
v -0.055 0.0255 0.01325
v -0.055 0.026875 0.01361843
v -0.055 0.0282 0.0042
v -0.055 -0.02275 0.056
v -0.055 0.02311843 0.017375
v -0.055 0.0068 0.03466795
v -0.055 0.024125 0.01838157
v -0.055 0.00753205 0.0354
v -0.055 0.0078 0.0364
v -0.055 0.0078 0.039
v -0.055 0.024125 0.05838157
v -0.055 0.00238157 0.080125
v -0.055 0.0255 0.05875
v -0.055 0.00964497 0.08249933
v -0.055 0.0141 0.08042192
v -0.055 0.01812661 0.07760245
v -0.055 0.02819466 0.05654893
v -0.055 0.02788157 0.057375
v -0.055 0.02777158 0.06089688
v -0.055 0.026875 0.05838157
v -0.055 0.02649933 0.06564496
v -0.055 0.02442192 0.0701
v -0.055 0.02160245 0.07412661
v -0.055 -0.0058 0.0344
v -0.055 0.0058 0.0344
v -0.055 -0.026875 0.01361843
v -0.055 -0.0282 0.0042
v -0.055 -0.02788157 0.014625
v -0.055 -0.0282 0.01456
v -0.055 -0.0282 0.01547798
v -0.055 0.0282 0.01456
v -0.055 0.02788157 0.014625
v -0.055 0.0282 0.01547798
v -0.055 0.024125 0.01361843
v -0.055 0.02311843 0.014625
v -0.055 -0.00704912 0.02518926
v -0.055 -0.00731069 0.02457431
v -0.055 -0.01806156 0.02469405
v -0.055 -0.0074 0.02391204
v -0.055 -0.01832951 0.02369405
v -0.055 -0.02006156 0.02269405
v -0.055 -0.02311843 0.017375
v -0.055 -0.02106156 0.022962
v -0.055 -0.024125 0.01838157
v -0.055 -0.0255 0.01875
v -0.055 0.00351785 0.02840707
v -0.055 0.00552303 0.02706104
v -0.055 -0.01906156 0.022962
v -0.055 -0.02311843 0.014625
v -0.055 -0.02275 0.016
v -0.055 -0.0074 0.01808796
v -0.055 -0.00731069 0.01742569
v -0.055 -0.00704912 0.01681074
v -0.055 0.00120753 0.0128894
v -0.055 0.00351785 0.01359293
v -0.055 0.02275 0.016
v -0.055 0.00552303 0.01493896
v -0.055 -0.0255 0.01325
v -0.055 -0.024125 0.01361843
v -0.055 -0.00120753 0.0128894
v -0.055 -0.00351785 0.01359293
v -0.055 -0.00552303 0.01493896
v -0.055 0.0074 0.02391204
v -0.055 0.00731069 0.02457431
v -0.055 0.00704912 0.02518926
v -0.055 0.00704912 0.01681074
v -0.055 0.00731069 0.01742569
v -0.055 0.0074 0.01808796
v -0.05 -0.00701795 0.0342
v -0.05 -0.00765674 0.03487475
v -0.05 -0.0085315 0.03518803
v -0.05 -0.00945341 0.03507222
v -0.05 -0.01022351 0.03455232
v -0.05 -0.01067557 0.03374054
v -0.05 -0.01071202 0.03281209
v -0.05 -0.010325 0.03196737
v -0.05 0.010325 0.03196737
v -0.05 0.01071202 0.03281209
v -0.05 0.01067557 0.03374054
v -0.05 0.01022351 0.03455232
v -0.05 0.00945341 0.03507222
v -0.05 0.0085315 0.03518803
v -0.05 0.00765674 0.03487475
v -0.05 0.00701795 0.0342
v -0.051 0.017 0.05526795
v -0.051 0.0172007 0.05516667
v -0.05 0.018 0.055
v -0.05 0.017 0.05526795
v -0.05 0.01626795 0.056
v -0.051 0.01626795 0.056
v -0.05 0.016 0.057
v -0.051 0.016 0.057
v -0.05 0.01626795 0.058
v -0.051 0.01626795 0.058
v -0.05 0.017 0.05873205
v -0.051 0.017 0.05873205
v -0.05 0.018 0.059
v -0.051 0.018 0.059
v -0.05 0.019 0.05873205
v -0.051 0.019 0.05873205
v -0.051 0.0195 0.05832288
v -0.05 0.01973205 0.058
v -0.05 0.02 0.057
v -0.05 0.01973205 0.056
v -0.05 0.019 0.05526795
v -0.051 -0.0172007 0.05516667
v -0.05 -0.018 0.055
v -0.05 -0.017 0.05526795
v -0.051 -0.019 0.05873205
v -0.051 -0.0195 0.05832288
v -0.05 -0.01973205 0.058
v -0.05 -0.019 0.05873205
v -0.05 -0.018 0.059
v -0.051 -0.018 0.059
v -0.05 -0.017 0.05873205
v -0.051 -0.017 0.05873205
v -0.05 -0.01626795 0.058
v -0.051 -0.01626795 0.058
v -0.05 -0.016 0.057
v -0.051 -0.016 0.057
v -0.05 -0.01626795 0.056
v -0.051 -0.01626795 0.056
v -0.051 -0.017 0.05526795
v -0.05 -0.019 0.05526795
v -0.05 -0.01973205 0.056
v -0.05 -0.02 0.057
v -0.0537 -0.00145 0.0815
v -0.0537 -0.00125574 0.082225
v -0.0537 -0.000725 0.08275574
v -0.0537 0 0.08295
v -0.0537 0.000725 0.08275574
v -0.0537 0.00125574 0.082225
v -0.0537 0.00145 0.0815
v -0.0537 0.00125574 0.080775
v -0.0537 0.000725 0.08024427
v -0.0537 0 0.08005
v -0.0537 -0.000725 0.08024427
v -0.0537 -0.00125574 0.080775
v -0.0537 0 0.08295
v -0.054975 0 0.084225
v -0.0537 0 0.08005
v -0.055 0 0.07875
v -0.0537 -0.02695 0.016
v -0.0537 -0.02675574 0.016725
v -0.0537 -0.026225 0.01725574
v -0.0537 -0.0255 0.01745
v -0.0537 -0.024775 0.01725574
v -0.0537 -0.02424426 0.016725
v -0.0537 -0.02405 0.016
v -0.0537 -0.02424426 0.015275
v -0.0537 -0.024775 0.01474426
v -0.0537 -0.0255 0.01455
v -0.0537 -0.026225 0.01474426
v -0.0537 -0.02675574 0.015275
v -0.054975 -0.028225 0.016
v -0.0537 -0.02695 0.056
v -0.0537 -0.02675574 0.056725
v -0.0537 -0.026225 0.05725574
v -0.0537 -0.0255 0.05745
v -0.0537 -0.024775 0.05725574
v -0.0537 -0.02424426 0.056725
v -0.0537 -0.02405 0.056
v -0.0537 -0.02424426 0.055275
v -0.0537 -0.024775 0.05474426
v -0.0537 -0.0255 0.05455
v -0.0537 -0.026225 0.05474426
v -0.0537 -0.02675574 0.055275
v -0.054975 -0.028225 0.056
v -0.0537 0.02405 0.016
v -0.0537 0.02424426 0.016725
v -0.0537 0.024775 0.01725574
v -0.0537 0.0255 0.01745
v -0.0537 0.026225 0.01725574
v -0.0537 0.02675574 0.016725
v -0.0537 0.02695 0.016
v -0.0537 0.02675574 0.015275
v -0.0537 0.026225 0.01474426
v -0.0537 0.0255 0.01455
v -0.0537 0.024775 0.01474426
v -0.0537 0.02424426 0.015275
v -0.054975 0.028225 0.016
v -0.0537 0.02405 0.056
v -0.0537 0.02424426 0.056725
v -0.0537 0.024775 0.05725574
v -0.0537 0.0255 0.05745
v -0.0537 0.026225 0.05725574
v -0.0537 0.02675574 0.056725
v -0.0537 0.02695 0.056
v -0.0537 0.02675574 0.055275
v -0.0537 0.026225 0.05474426
v -0.0537 0.0255 0.05455
v -0.0537 0.024775 0.05474426
v -0.0537 0.02424426 0.055275
v -0.054975 0.028225 0.056
v -0.0545 0.0066193 0.02493381
v -0.0505 0.0066193 0.02493381
v -0.0545 0.00518626 0.02669146
v -0.0505 0.00518626 0.02669146
v -0.0545 0.00489968 0.02693996
v -0.0505 0.00489968 0.02693996
v -0.0545 0.00330335 0.02795542
v -0.0505 0.00330335 0.02795542
v -0.0545 0.00260311 0.02824664
v -0.0505 0.00260311 0.02824664
v -0.0545 0.0011339 0.02861605
v -0.0505 0.0011339 0.02861605
v -0.0545 -0 0.0287
v -0.0505 -0 0.0287
v -0.0545 -0.0011339 0.02861605
v -0.0505 -0.0011339 0.02861605
v -0.0545 -0.00260311 0.02824664
v -0.0505 -0.00260311 0.02824664
v -0.0545 -0.00330335 0.02795542
v -0.0505 -0.00330335 0.02795542
v -0.0545 -0.00489968 0.02693996
v -0.0505 -0.00489968 0.02693996
v -0.0545 -0.00518626 0.02669146
v -0.0505 -0.00518626 0.02669146
v -0.0545 -0.0066193 0.02493381
v -0.0505 -0.0066193 0.02493381
v -0.0545 -0.0069 0.02391204
v -0.0505 -0.0069 0.02391204
v -0.0545 -0.0069 0.01808796
v -0.0505 -0.0069 0.01808796
v -0.0545 -0.0066193 0.01706619
v -0.0505 -0.0066193 0.01706619
v -0.0545 -0.00518626 0.01530854
v -0.0505 -0.00518626 0.01530854
v -0.0545 -0.00489968 0.01506004
v -0.0505 -0.00489968 0.01506004
v -0.0545 -0.00330335 0.01404458
v -0.0505 -0.00330335 0.01404458
v -0.0545 -0.00260311 0.01375336
v -0.0505 -0.00260311 0.01375336
v -0.0545 -0.0011339 0.01338395
v -0.0505 -0.0011339 0.01338395
v -0.0545 -0 0.0133
v -0.0505 -0 0.0133
v -0.0545 0.0011339 0.01338395
v -0.0505 0.0011339 0.01338395
v -0.0545 0.00260311 0.01375336
v -0.0505 0.00260311 0.01375336
v -0.0545 0.00330335 0.01404458
v -0.0505 0.00330335 0.01404458
v -0.0545 0.00489968 0.01506004
v -0.0505 0.00489968 0.01506004
v -0.0545 0.00518626 0.01530854
v -0.0505 0.00518626 0.01530854
v -0.0545 0.0066193 0.01706619
v -0.0505 0.0066193 0.01706619
v -0.0545 0.0069 0.01808796
v -0.0505 0.0069 0.01808796
v -0.0545 0.0069 0.02391204
v -0.0505 0.0069 0.02391204
v -0.05 0.00701795 0.0432
v -0.05 0.00775 0.04393205
v -0.05 0.00875 0.0442
v -0.05 0.00975 0.04393205
v -0.05 0.01048205 0.0432
v -0.05 0.01075 0.0422
v -0.05 0.01048205 0.0412
v -0.05 0.00975 0.04046795
v -0.05 0.00875 0.0402
v -0.05 0.00775 0.04046795
v -0.05 0.00701795 0.0412
v -0.05 0.00675 0.0422
v -0.05 0.00786232 0.0427125
v -0.05 0.007725 0.0422
v -0.05 0.00786232 0.0416875
v -0.05 0.0082375 0.04131233
v -0.05 0.00875 0.041175
v -0.05 0.0092625 0.04131233
v -0.05 0.00963768 0.0416875
v -0.05 0.009775 0.0422
v -0.05 0.00963768 0.0427125
v -0.05 0.0092625 0.04308768
v -0.05 0.00875 0.043225
v -0.05 0.0082375 0.04308768
v -0.05 -0.01048205 0.0432
v -0.05 -0.00975 0.04393205
v -0.05 -0.00875 0.0442
v -0.05 -0.00775 0.04393205
v -0.05 -0.00701795 0.0432
v -0.05 -0.00675 0.0422
v -0.05 -0.00701795 0.0412
v -0.05 -0.00775 0.04046795
v -0.05 -0.00875 0.0402
v -0.05 -0.00975 0.04046795
v -0.05 -0.01048205 0.0412
v -0.05 -0.01075 0.0422
v -0.05 -0.00963768 0.0427125
v -0.05 -0.009775 0.0422
v -0.05 -0.00963768 0.0416875
v -0.05 -0.0092625 0.04131233
v -0.05 -0.00875 0.041175
v -0.05 -0.0082375 0.04131233
v -0.05 -0.00786232 0.0416875
v -0.05 -0.007725 0.0422
v -0.05 -0.00786232 0.0427125
v -0.05 -0.0082375 0.04308768
v -0.05 -0.00875 0.043225
v -0.05 -0.0092625 0.04308768
v -0.05 -0.0099 0.01735583
v -0.05 -0.00971609 0.01651809
v -0.05 -0.00806651 0.01396996
v -0.05 0.00704912 0.02518926
v -0.05 0.00963768 0.0326875
v -0.05 0.00552303 0.02706104
v -0.05 0.0092625 0.03231232
v -0.05 0.00351785 0.02840707
v -0.05 -0.0099 0.03073474
v -0.05 0.007725 0.0332
v -0.05 0.0052859 0.0332
v -0.05 0.00786232 0.0326875
v -0.05 -0.0052859 0.0332
v -0.05 0.0082375 0.03231232
v -0.05 0.00875 0.032175
v -0.05 -0.007725 0.0332
v -0.05 -0.0062859 0.03346795
v -0.05 -0.00786232 0.0337125
v -0.05 -0.0082375 0.03408768
v -0.05 -0.00875 0.034225
v -0.05 -0.0092625 0.03408768
v -0.05 -0.00963768 0.0337125
v -0.05 0.00731069 0.02457431
v -0.05 0.0074 0.02391204
v -0.05 0.009775 0.0332
v -0.05 -0.00786232 0.0326875
v -0.05 -0.00120753 0.0291106
v -0.05 0.00120753 0.0291106
v -0.05 -0.00875 0.032175
v -0.05 -0.0092625 0.03231232
v -0.05 0.00963768 0.0337125
v -0.05 0.0092625 0.03408768
v -0.05 0.00875 0.034225
v -0.05 0.0082375 0.03408768
v -0.05 0.00786232 0.0337125
v -0.05 0.0062859 0.03346795
v -0.05 -0.00731069 0.02457431
v -0.05 -0.00704912 0.02518926
v -0.05 -0.0082375 0.03231232
v -0.05 -0.00552303 0.02706104
v -0.05 -0.00351785 0.02840707
v -0.05 0.01000923 0.03138666
v -0.05 -0.009775 0.0332
v -0.05 -0.00963768 0.0326875
v -0.05 -0.01000923 0.03138666
v -0.05 -0.00552303 0.01493896
v -0.05 -0.00351785 0.01359293
v -0.05 -0.00576773 0.01198761
v -0.05 -0.00120753 0.0128894
v -0.05 -0.00300478 0.01073056
v -0.05 0.00120753 0.0128894
v -0.05 0 0.0103
v -0.05 0.00300478 0.01073056
v -0.05 0.00351785 0.01359293
v -0.05 0.00576773 0.01198761
v -0.05 0.00552303 0.01493896
v -0.05 0.00806651 0.01396996
v -0.05 0.00704912 0.01681074
v -0.05 0.00971609 0.01651809
v -0.05 0.00731069 0.01742569
v -0.05 -0.00704912 0.01681074
v -0.05 -0.00731069 0.01742569
v -0.05 -0.0074 0.01808796
v -0.05 0.0074 0.01808796
v -0.05 0.0099 0.01735583
v -0.05 0.0099 0.03073474
v -0.05 -0.0074 0.02391204
v -0.05 0.01711232 0.0575125
v -0.05 0.016975 0.057
v -0.05 0.01711232 0.0564875
v -0.05 0.0174875 0.05611232
v -0.05 0.018 0.055975
v -0.05 0.0185125 0.05611232
v -0.05 0.01888768 0.0564875
v -0.05 0.019025 0.057
v -0.05 0.01888768 0.0575125
v -0.05 0.0185125 0.05788768
v -0.05 0.018 0.058025
v -0.05 0.0174875 0.05788768
v -0.05 -0.01888768 0.0575125
v -0.05 -0.019025 0.057
v -0.05 -0.01888768 0.0564875
v -0.05 -0.0185125 0.05611232
v -0.05 -0.018 0.055975
v -0.05 -0.0174875 0.05611232
v -0.05 -0.01711232 0.0564875
v -0.05 -0.016975 0.057
v -0.05 -0.01711232 0.0575125
v -0.05 -0.0174875 0.05788768
v -0.05 -0.018 0.058025
v -0.05 -0.0185125 0.05788768
v -0.05 0.01626795 0.011
v -0.05 0.017 0.01173205
v -0.05 0.018 0.012
v -0.05 0.019 0.01173205
v -0.05 0.01973205 0.011
v -0.05 0.02 0.01
v -0.05 0.01973205 0.009
v -0.05 0.019 0.00826795
v -0.05 0.018 0.008
v -0.05 0.017 0.00826795
v -0.05 0.01626795 0.009
v -0.05 0.016 0.01
v -0.05 0.01888768 0.0094875
v -0.05 0.019025 0.01
v -0.05 0.01888768 0.0105125
v -0.05 0.0185125 0.01088768
v -0.05 0.018 0.011025
v -0.05 0.0174875 0.01088768
v -0.05 0.01711232 0.0105125
v -0.05 0.016975 0.01
v -0.05 0.01711232 0.0094875
v -0.05 0.0174875 0.00911232
v -0.05 0.018 0.008975
v -0.05 0.0185125 0.00911232
v -0.05 -0.01973205 0.011
v -0.05 -0.019 0.01173205
v -0.05 -0.018 0.012
v -0.05 -0.017 0.01173205
v -0.05 -0.01626795 0.011
v -0.05 -0.016 0.01
v -0.05 -0.01626795 0.009
v -0.05 -0.017 0.00826795
v -0.05 -0.018 0.008
v -0.05 -0.019 0.00826795
v -0.05 -0.01973205 0.009
v -0.05 -0.02 0.01
v -0.05 -0.01711232 0.0094875
v -0.05 -0.016975 0.01
v -0.05 -0.01711232 0.0105125
v -0.05 -0.0174875 0.01088768
v -0.05 -0.018 0.011025
v -0.05 -0.0185125 0.01088768
v -0.05 -0.01888768 0.0105125
v -0.05 -0.019025 0.01
v -0.05 -0.01888768 0.0094875
v -0.05 -0.0185125 0.00911232
v -0.05 -0.018 0.008975
v -0.05 -0.0174875 0.00911232
v -0.051 0.017 0.06493726
v -0.051 0.017 0.066
v -0.051 -0.017 0.066
v -0.051 -0.017 0.06493726
v -0.051 -0.01320417 0.056
v -0.051 0.01320417 0.056
v -0.051 0.007 0.076
v -0.051 -0.007 0.076
v -0.051 -0.01524541 0.05578945
v -0.051 -0.01728879 0.06255138
v -0.051 0.012 0.07466026
v -0.051 0.00958819 0.07565926
v -0.051 0.01524541 0.05578945
v -0.051 -0.01813848 0.0603033
v -0.051 0.01813848 0.0603033
v -0.051 0.01728879 0.06255138
v -0.051 -0.012 0.07466026
v -0.051 -0.01407107 0.07307107
v -0.051 -0.00958819 0.07565926
v -0.051 -0.01566025 0.071
v -0.051 -0.01665926 0.06858819
v -0.051 0.01665926 0.06858819
v -0.051 0.01566025 0.071
v -0.051 0.01407107 0.07307107
v -0.05468069 -0.018 0.057
v -0.0542 -0.01730718 0.0574
v -0.0542 -0.0176 0.05769282
v -0.0542 -0.0172 0.057
v -0.0542 -0.0184 0.05769282
v -0.0542 -0.01869282 0.0574
v -0.0542 -0.018 0.0578
v -0.0542 -0.01869282 0.0566
v -0.0542 -0.0184 0.05630718
v -0.0542 -0.0188 0.057
v -0.0542 -0.0176 0.05630718
v -0.0542 -0.01730718 0.0566
v -0.0542 -0.018 0.0562
v -0.050225 -0.0172 0.057
v -0.050225 -0.01730718 0.0574
v -0.050225 -0.0176 0.05769282
v -0.050225 -0.018 0.0578
v -0.050225 -0.0184 0.05769282
v -0.050225 -0.01869282 0.0574
v -0.050225 -0.0188 0.057
v -0.050225 -0.01869282 0.0566
v -0.050225 -0.0184 0.05630718
v -0.050225 -0.018 0.0562
v -0.050225 -0.0176 0.05630718
v -0.050225 -0.01730718 0.0566
v -0.05468069 0.018 0.057
v -0.0542 0.01869282 0.0574
v -0.0542 0.0184 0.05769282
v -0.0542 0.0188 0.057
v -0.0542 0.0176 0.05769282
v -0.0542 0.01730718 0.0574
v -0.0542 0.018 0.0578
v -0.0542 0.01730718 0.0566
v -0.0542 0.0176 0.05630718
v -0.0542 0.0172 0.057
v -0.0542 0.0184 0.05630718
v -0.0542 0.01869282 0.0566
v -0.0542 0.018 0.0562
v -0.050225 0.0188 0.057
v -0.050225 0.01869282 0.0574
v -0.050225 0.0184 0.05769282
v -0.050225 0.018 0.0578
v -0.050225 0.0176 0.05769282
v -0.050225 0.01730718 0.0574
v -0.050225 0.0172 0.057
v -0.050225 0.01730718 0.0566
v -0.050225 0.0176 0.05630718
v -0.050225 0.018 0.0562
v -0.050225 0.0184 0.05630718
v -0.050225 0.01869282 0.0566
v -0.05468069 0.00875 0.0422
v -0.0542 0.00944282 0.0426
v -0.0542 0.00915 0.04289282
v -0.0542 0.00955 0.0422
v -0.0542 0.00835 0.04289282
v -0.0542 0.00805718 0.0426
v -0.0542 0.00875 0.043
v -0.0542 0.00805718 0.0418
v -0.0542 0.00835 0.04150718
v -0.0542 0.00795 0.0422
v -0.0542 0.00915 0.04150718
v -0.0542 0.00944282 0.0418
v -0.0542 0.00875 0.0414
v -0.050225 0.00955 0.0422
v -0.050225 0.00944282 0.0426
v -0.050225 0.00915 0.04289282
v -0.050225 0.00875 0.043
v -0.050225 0.00835 0.04289282
v -0.050225 0.00805718 0.0426
v -0.050225 0.00795 0.0422
v -0.050225 0.00805718 0.0418
v -0.050225 0.00835 0.04150718
v -0.050225 0.00875 0.0414
v -0.050225 0.00915 0.04150718
v -0.050225 0.00944282 0.0418
v -0.05468069 -0.00875 0.0422
v -0.0542 -0.00805718 0.0426
v -0.0542 -0.00835 0.04289282
v -0.0542 -0.00795 0.0422
v -0.0542 -0.00915 0.04289282
v -0.0542 -0.00944282 0.0426
v -0.0542 -0.00875 0.043
v -0.0542 -0.00944282 0.0418
v -0.0542 -0.00915 0.04150718
v -0.0542 -0.00955 0.0422
v -0.0542 -0.00835 0.04150718
v -0.0542 -0.00805718 0.0418
v -0.0542 -0.00875 0.0414
v -0.050225 -0.00795 0.0422
v -0.050225 -0.00805718 0.0426
v -0.050225 -0.00835 0.04289282
v -0.050225 -0.00875 0.043
v -0.050225 -0.00915 0.04289282
v -0.050225 -0.00944282 0.0426
v -0.050225 -0.00955 0.0422
v -0.050225 -0.00944282 0.0418
v -0.050225 -0.00915 0.04150718
v -0.050225 -0.00875 0.0414
v -0.050225 -0.00835 0.04150718
v -0.050225 -0.00805718 0.0418
v -0.05468069 0.00875 0.0332
v -0.0542 0.00944282 0.0336
v -0.0542 0.00915 0.03389282
v -0.0542 0.00955 0.0332
v -0.0542 0.00835 0.03389282
v -0.0542 0.00805718 0.0336
v -0.0542 0.00875 0.034
v -0.0542 0.00805718 0.0328
v -0.0542 0.00835 0.03250718
v -0.0542 0.00795 0.0332
v -0.0542 0.00915 0.03250718
v -0.0542 0.00944282 0.0328
v -0.0542 0.00875 0.0324
v -0.050225 0.00955 0.0332
v -0.050225 0.00944282 0.0336
v -0.050225 0.00915 0.03389282
v -0.050225 0.00875 0.034
v -0.050225 0.00835 0.03389282
v -0.050225 0.00805718 0.0336
v -0.050225 0.00795 0.0332
v -0.050225 0.00805718 0.0328
v -0.050225 0.00835 0.03250718
v -0.050225 0.00875 0.0324
v -0.050225 0.00915 0.03250718
v -0.050225 0.00944282 0.0328
v -0.05468069 -0.00875 0.0332
v -0.0542 -0.00805718 0.0336
v -0.0542 -0.00835 0.03389282
v -0.0542 -0.00795 0.0332
v -0.0542 -0.00915 0.03389282
v -0.0542 -0.00944282 0.0336
v -0.0542 -0.00875 0.034
v -0.0542 -0.00944282 0.0328
v -0.0542 -0.00915 0.03250718
v -0.0542 -0.00955 0.0332
v -0.0542 -0.00835 0.03250718
v -0.0542 -0.00805718 0.0328
v -0.0542 -0.00875 0.0324
v -0.050225 -0.00795 0.0332
v -0.050225 -0.00805718 0.0336
v -0.050225 -0.00835 0.03389282
v -0.050225 -0.00875 0.034
v -0.050225 -0.00915 0.03389282
v -0.050225 -0.00944282 0.0336
v -0.050225 -0.00955 0.0332
v -0.050225 -0.00944282 0.0328
v -0.050225 -0.00915 0.03250718
v -0.050225 -0.00875 0.0324
v -0.050225 -0.00835 0.03250718
v -0.050225 -0.00805718 0.0328
v -0.05468069 -0.018 0.01
v -0.0542 -0.01730718 0.0104
v -0.0542 -0.0176 0.01069282
v -0.0542 -0.0172 0.01
v -0.0542 -0.0184 0.01069282
v -0.0542 -0.01869282 0.0104
v -0.0542 -0.018 0.0108
v -0.0542 -0.01869282 0.0096
v -0.0542 -0.0184 0.00930718
v -0.0542 -0.0188 0.01
v -0.0542 -0.0176 0.00930718
v -0.0542 -0.01730718 0.0096
v -0.0542 -0.018 0.0092
v -0.050225 -0.0172 0.01
v -0.050225 -0.01730718 0.0104
v -0.050225 -0.0176 0.01069282
v -0.050225 -0.018 0.0108
v -0.050225 -0.0184 0.01069282
v -0.050225 -0.01869282 0.0104
v -0.050225 -0.0188 0.01
v -0.050225 -0.01869282 0.0096
v -0.050225 -0.0184 0.00930718
v -0.050225 -0.018 0.0092
v -0.050225 -0.0176 0.00930718
v -0.050225 -0.01730718 0.0096
v -0.05468069 0.018 0.01
v -0.0542 0.01869282 0.0104
v -0.0542 0.0184 0.01069282
v -0.0542 0.0188 0.01
v -0.0542 0.0176 0.01069282
v -0.0542 0.01730718 0.0104
v -0.0542 0.018 0.0108
v -0.0542 0.01730718 0.0096
v -0.0542 0.0176 0.00930718
v -0.0542 0.0172 0.01
v -0.0542 0.0184 0.00930718
v -0.0542 0.01869282 0.0096
v -0.0542 0.018 0.0092
v -0.050225 0.0188 0.01
v -0.050225 0.01869282 0.0104
v -0.050225 0.0184 0.01069282
v -0.050225 0.018 0.0108
v -0.050225 0.0176 0.01069282
v -0.050225 0.01730718 0.0104
v -0.050225 0.0172 0.01
v -0.050225 0.01730718 0.0096
v -0.050225 0.0176 0.00930718
v -0.050225 0.018 0.0092
v -0.050225 0.0184 0.00930718
v -0.050225 0.01869282 0.0096
v -0.053 0 0.0103
v -0.05 0 0.0103
v -0.0505 -0.00682855 0.01755814
v -0.0545 -0.00682855 0.01755814
v -0.0505 -0.00682855 0.02444186
v -0.0545 -0.00682855 0.02444186
v -0.0505 0.00682855 0.01755814
v -0.0545 0.00682855 0.01755814
v -0.0505 0.00682855 0.02444186
v -0.0545 0.00682855 0.02444186
v -0.0531 0.0283 0.056
v -0.0549 0.0283 0.056
v -0.0549 0.02787006 0.06091424
v -0.0531 0.02787006 0.06091424
v -0.0549 0.0265933 0.06567917
v -0.0531 0.0265933 0.06567917
v -0.0549 0.02450852 0.07015
v -0.0531 0.02450852 0.07015
v -0.0549 0.02167906 0.07419089
v -0.0531 0.02167906 0.07419089
v -0.0549 0.01819089 0.07767906
v -0.0531 0.01819089 0.07767906
v -0.0549 0.01415 0.08050852
v -0.0531 0.01415 0.08050852
v -0.0549 0.00967917 0.0825933
v -0.0531 0.00967917 0.0825933
v -0.0549 0.00491424 0.08387006
v -0.0531 0.00491424 0.08387006
v -0.0549 0 0.0843
v -0.0531 0 0.0843
v -0.0549 -0.00491424 0.08387006
v -0.0531 -0.00491424 0.08387006
v -0.0549 -0.00967917 0.0825933
v -0.0531 -0.00967917 0.0825933
v -0.0549 -0.01415 0.08050852
v -0.0531 -0.01415 0.08050852
v -0.0549 -0.01819089 0.07767906
v -0.0531 -0.01819089 0.07767906
v -0.0549 -0.02167906 0.07419089
v -0.0531 -0.02167906 0.07419089
v -0.0549 -0.02450852 0.07015
v -0.0531 -0.02450852 0.07015
v -0.0549 -0.0265933 0.06567917
v -0.0531 -0.0265933 0.06567917
v -0.0549 -0.02787006 0.06091424
v -0.0531 -0.02787006 0.06091424
v -0.0549 -0.0283 0.056
v -0.0531 -0.0283 0.056
v -0.0549 -0.0283 0.04564
v -0.0549 -0.0283 0.03528
v -0.0549 -0.0283 0.02492
v -0.0531 -0.0283 0.0042
v -0.0549 -0.0283 0.01456
v -0.0549 -0.0283 0.0042
v -0.0549 0.0283 0.0042
v -0.0531 0.0283 0.0042
v -0.0549 0.0283 0.04564
v -0.0549 0.0283 0.01456
v -0.0549 0.0283 0.02492
v -0.0549 0.0283 0.03528
v -0.0531 0 0.0843
v -0.053 0 0.0842
v -0.0549 -0 0.0843
v -0.054975 0 0.084225
v -0.05 -0.00685 0.0179459
v -0.055 -0.00685 0.0179459
v -0.055 -0.00606575 0.01658902
v -0.05 -0.00606575 0.01658902
v -0.055 -0.00501663 0.01542475
v -0.05 -0.00501663 0.01542475
v -0.055 -0.00374846 0.01450392
v -0.05 -0.00374846 0.01450392
v -0.055 -0.00231661 0.01386675
v -0.05 -0.00231661 0.01386675
v -0.055 -0.00078361 0.01354105
v -0.05 -0.00078361 0.01354105
v -0.055 0.00078361 0.01354105
v -0.05 0.00078361 0.01354105
v -0.055 0.00231661 0.01386675
v -0.05 0.00231661 0.01386675
v -0.055 0.00374846 0.01450392
v -0.05 0.00374846 0.01450392
v -0.055 0.00501663 0.01542475
v -0.05 0.00501663 0.01542475
v -0.055 0.00606575 0.01658902
v -0.05 0.00606575 0.01658902
v -0.055 0.00685 0.0179459
v -0.05 0.00685 0.0179459
v -0.05 0.00685 0.0240541
v -0.055 0.00685 0.0240541
v -0.055 0.00606575 0.02541098
v -0.05 0.00606575 0.02541098
v -0.055 0.00501663 0.02657525
v -0.05 0.00501663 0.02657525
v -0.055 0.00374846 0.02749608
v -0.05 0.00374846 0.02749608
v -0.055 0.00231661 0.02813325
v -0.05 0.00231661 0.02813325
v -0.055 0.00078361 0.02845895
v -0.05 0.00078361 0.02845895
v -0.055 -0.00078361 0.02845895
v -0.05 -0.00078361 0.02845895
v -0.055 -0.00231661 0.02813325
v -0.05 -0.00231661 0.02813325
v -0.055 -0.00374846 0.02749608
v -0.05 -0.00374846 0.02749608
v -0.055 -0.00501663 0.02657525
v -0.05 -0.00501663 0.02657525
v -0.055 -0.00606575 0.02541098
v -0.05 -0.00606575 0.02541098
v -0.055 -0.00685 0.0240541
v -0.05 -0.00685 0.0240541
v -0.058 -0.00895925 0.0201445
v -0.055 -0.00883736 0.01929674
v -0.055 -0.009 0.021
v -0.058 -0.00883736 0.01929674
v -0.058 -0.00863544 0.01846441
v -0.055 -0.00835531 0.01765504
v -0.058 -0.00835531 0.01765504
v -0.058 -0.00799952 0.01687596
v -0.055 -0.00757128 0.01613423
v -0.058 -0.00757128 0.01613423
v -0.058 -0.00707448 0.01543657
v -0.055 -0.00651361 0.01478929
v -0.058 -0.00651361 0.01478929
v -0.058 -0.00589375 0.01419825
v -0.055 -0.00522051 0.01366882
v -0.058 -0.00522051 0.01366882
v -0.058 -0.0045 0.01320577
v -0.055 -0.00373874 0.01281331
v -0.058 -0.00373874 0.01281331
v -0.058 -0.00294361 0.01249499
v -0.055 -0.00212183 0.0122537
v -0.058 -0.00212183 0.0122537
v -0.058 -0.00128083 0.01209161
v -0.055 -0.00042824 0.01201019
v -0.058 -0.00042824 0.01201019
v -0.058 0.00042824 0.01201019
v -0.055 0.00128083 0.01209161
v -0.058 0.00128083 0.01209161
v -0.058 0.00212183 0.0122537
v -0.055 0.00294361 0.01249499
v -0.058 0.00294361 0.01249499
v -0.058 0.00373874 0.01281331
v -0.055 0.0045 0.01320577
v -0.058 0.0045 0.01320577
v -0.058 0.00522051 0.01366882
v -0.055 0.00589375 0.01419825
v -0.058 0.00589375 0.01419825
v -0.058 0.00651361 0.01478929
v -0.055 0.00707448 0.01543657
v -0.058 0.00707448 0.01543657
v -0.058 0.00757128 0.01613423
v -0.055 0.00799952 0.01687596
v -0.058 0.00799952 0.01687596
v -0.058 0.00835531 0.01765504
v -0.055 0.00863544 0.01846441
v -0.058 0.00863544 0.01846441
v -0.058 0.00883736 0.01929674
v -0.055 0.00895925 0.0201445
v -0.058 0.00895925 0.0201445
v -0.055 0.009 0.021
v -0.058 0.009 0.021
v -0.055 0.00895925 0.02185551
v -0.058 0.00895925 0.02185551
v -0.058 0.00883736 0.02270326
v -0.055 0.00863544 0.02353559
v -0.058 0.00863544 0.02353559
v -0.058 0.00835531 0.02434496
v -0.055 0.00799952 0.02512404
v -0.058 0.00799952 0.02512404
v -0.058 0.00757128 0.02586577
v -0.055 0.00707448 0.02656343
v -0.058 0.00707448 0.02656343
v -0.058 0.00651361 0.02721071
v -0.055 0.00589375 0.02780175
v -0.058 0.00589375 0.02780175
v -0.058 0.00522051 0.02833118
v -0.055 0.0045 0.02879423
v -0.058 0.0045 0.02879423
v -0.058 0.00373874 0.02918669
v -0.055 0.00294361 0.02950501
v -0.058 0.00294361 0.02950501
v -0.058 0.00212183 0.0297463
v -0.055 0.00128083 0.02990839
v -0.058 0.00128083 0.02990839
v -0.058 0.00042824 0.02998981
v -0.055 -0.00042824 0.02998981
v -0.058 -0.00042824 0.02998981
v -0.058 -0.00128083 0.02990839
v -0.055 -0.00212183 0.0297463
v -0.058 -0.00212183 0.0297463
v -0.058 -0.00294361 0.02950501
v -0.055 -0.00373874 0.02918669
v -0.058 -0.00373874 0.02918669
v -0.058 -0.0045 0.02879423
v -0.055 -0.00522051 0.02833118
v -0.058 -0.00522051 0.02833118
v -0.058 -0.00589375 0.02780175
v -0.055 -0.00651361 0.02721071
v -0.058 -0.00651361 0.02721071
v -0.058 -0.00707448 0.02656343
v -0.055 -0.00757128 0.02586577
v -0.058 -0.00757128 0.02586577
v -0.058 -0.00799952 0.02512404
v -0.055 -0.00835531 0.02434496
v -0.058 -0.00835531 0.02434496
v -0.058 -0.00863544 0.02353559
v -0.055 -0.00883736 0.02270326
v -0.058 -0.00883736 0.02270326
v -0.058 -0.00895925 0.02185551
v -0.058 -0.009 0.021
v -0.0585 -0.00237648 0.0154907
v -0.0585 -0.00425 0.01363878
v -0.0585 -0.00358295 0.01618726
v -0.0585 -0.00556632 0.01457613
v -0.0585 -0.00459627 0.01714327
v -0.0585 -0.00668145 0.01574565
v -0.0585 -0.0053618 0.01830721
v -0.0585 -0.0075551 0.01710507
v -0.0585 -0.00583827 0.0196163
v -0.0585 -0.00358295 0.02581274
v -0.0585 -0.00425 0.02836122
v -0.0585 -0.00237648 0.0265093
v -0.0585 -0.00278008 0.02903251
v -0.0585 -0.00104189 0.02690885
v -0.0585 -0.00120968 0.02941348
v -0.0585 0.00034887 0.02698985
v -0.0585 0.00040445 0.02949037
v -0.0585 0.00172082 0.02674794
v -0.0585 0.00200395 0.0292604
v -0.0585 0.003 0.02619615
v -0.0585 -0.00815569 0.01860527
v -0.0585 -0.00846151 0.02019202
v -0.0585 -0.006 0.021
v -0.0585 -0.00846151 0.02180798
v -0.0585 -0.00583827 0.0223837
v -0.0585 -0.00815569 0.02339473
v -0.0585 -0.0053618 0.0236928
v -0.0585 -0.0075551 0.02489492
v -0.0585 -0.00459627 0.02485673
v -0.0585 -0.00668145 0.02625435
v -0.0585 -0.00556632 0.02742387
v -0.0585 0.00411745 0.01663576
v -0.0585 0.00493048 0.0140761
v -0.0585 0.003 0.01580385
v -0.0585 0.00353103 0.01326813
v -0.0585 0.00172082 0.01525206
v -0.0585 0.00200395 0.0127396
v -0.0585 0.00034887 0.01501015
v -0.0585 0.00040445 0.01250963
v -0.0585 -0.00104189 0.01509115
v -0.0585 -0.00120968 0.01258652
v -0.0585 -0.00278008 0.01296749
v -0.0585 0.00595943 0.02169656
v -0.0585 0.0085 0.021
v -0.0585 0.00595943 0.02030344
v -0.0585 0.00834639 0.01939137
v -0.0585 0.00563816 0.01894788
v -0.0585 0.00789113 0.01784087
v -0.0585 0.00501293 0.01770295
v -0.0585 0.00715066 0.01640455
v -0.0585 0.00615174 0.01513433
v -0.0585 0.00353103 0.02873187
v -0.0585 0.00493048 0.0279239
v -0.0585 0.00411745 0.02536424
v -0.0585 0.00615174 0.02686567
v -0.0585 0.00501293 0.02429705
v -0.0585 0.00715066 0.02559545
v -0.0585 0.00563816 0.02305212
v -0.0585 0.00789113 0.02415913
v -0.0585 0.00834639 0.02260864
v -0.0535 -0.006 0.021
v -0.0535 -0.00583827 0.0223837
v -0.0535 -0.0053618 0.0236928
v -0.0535 -0.00459627 0.02485673
v -0.0535 -0.00358295 0.02581274
v -0.0535 -0.00237648 0.0265093
v -0.0535 -0.00104189 0.02690885
v -0.0535 0.00034887 0.02698985
v -0.0535 0.00172082 0.02674794
v -0.0535 0.003 0.02619615
v -0.0535 0.00411745 0.02536424
v -0.0535 0.00501293 0.02429705
v -0.0535 0.00563816 0.02305212
v -0.0535 0.00595943 0.02169656
v -0.0535 0.00595943 0.02030344
v -0.0535 0.00563816 0.01894788
v -0.0535 0.00501293 0.01770295
v -0.0535 0.00411745 0.01663576
v -0.0535 0.003 0.01580385
v -0.0535 0.00172082 0.01525206
v -0.0535 0.00034887 0.01501015
v -0.0535 -0.00104189 0.01509115
v -0.0535 -0.00237648 0.0154907
v -0.0535 -0.00358295 0.01618726
v -0.0535 -0.00459627 0.01714327
v -0.0535 -0.0053618 0.01830721
v -0.0535 -0.00583827 0.0196163
v -0.0535 -0.00211418 0.01903223
v -0.0535 -0.00196777 0.01888582
v -0.0535 -0.00216777 0.01923223
v -0.0535 -0.00211418 0.01943223
v -0.0535 -0.00196777 0.01957864
v -0.0535 0.00136777 0.02276777
v -0.0535 -0.00176777 0.02236777
v -0.0535 -0.00156777 0.02242136
v -0.0535 -0.00142136 0.01903223
v -0.0535 -0.00136777 0.01923223
v -0.0535 0.00156777 0.02242136
v -0.0535 -0.00142136 0.01943223
v -0.0535 0.00142136 0.02256777
v -0.0535 -0.00156777 0.01957864
v -0.0535 -0.00176777 0.01883223
v -0.0535 0.00136777 0.01923223
v -0.0535 0.00142136 0.01903223
v -0.0535 -0.00156777 0.02311418
v -0.0535 -0.00176777 0.02316777
v -0.0535 0.00156777 0.01888582
v -0.0535 0.00176777 0.01883223
v -0.0535 0.00176777 0.01963223
v -0.0535 0.00176777 0.02236777
v -0.0535 0.00196777 0.01957864
v -0.0535 0.00196777 0.02242136
v -0.0535 0.00211418 0.02256777
v -0.0535 0.00196777 0.01888582
v -0.0535 0.00211418 0.01903223
v -0.0535 -0.00156777 0.01888582
v -0.0535 0.00156777 0.01957864
v -0.0535 0.00142136 0.01943223
v -0.0535 0.00196777 0.02311418
v -0.0535 0.00211418 0.02296777
v -0.0535 0.00216777 0.02276777
v -0.0535 -0.00142136 0.02256777
v -0.0535 -0.00136777 0.02276777
v -0.0535 0.00142136 0.02296777
v -0.0535 0.00216777 0.01923223
v -0.0535 0.00211418 0.01943223
v -0.0535 -0.00142136 0.02296777
v -0.0535 0.00156777 0.02311418
v -0.0535 0.00176777 0.02316777
v -0.0535 -0.00196777 0.02311418
v -0.0535 -0.00211418 0.02296777
v -0.0535 -0.00216777 0.02276777
v -0.0535 -0.00211418 0.02256777
v -0.0535 -0.00196777 0.02242136
v -0.0535 -0.00176777 0.01963223
v -0.0585 -0.00142136 0.01943223
v -0.0585 -0.00156777 0.01957864
v -0.0585 -0.00176777 0.01963223
v -0.0585 -0.00196777 0.01957864
v -0.0585 -0.00211418 0.01943223
v -0.0585 -0.00216777 0.01923223
v -0.0585 -0.00211418 0.01903223
v -0.0585 -0.00196777 0.01888582
v -0.0585 -0.00176777 0.01883223
v -0.0585 -0.00156777 0.01888582
v -0.0585 -0.00142136 0.01903223
v -0.0585 -0.00136777 0.01923223
v -0.0585 -0.00176777 0.01923223
v -0.0585 0.00211418 0.01943223
v -0.0585 0.00196777 0.01957864
v -0.0585 0.00176777 0.01963223
v -0.0585 0.00156777 0.01957864
v -0.0585 0.00142136 0.01943223
v -0.0585 0.00136777 0.01923223
v -0.0585 0.00142136 0.01903223
v -0.0585 0.00156777 0.01888582
v -0.0585 0.00176777 0.01883223
v -0.0585 0.00196777 0.01888582
v -0.0585 0.00211418 0.01903223
v -0.0585 0.00216777 0.01923223
v -0.0585 0.00176777 0.01923223
v -0.0585 0.00211418 0.02296777
v -0.0585 0.00196777 0.02311418
v -0.0585 0.00176777 0.02316777
v -0.0585 0.00156777 0.02311418
v -0.0585 0.00142136 0.02296777
v -0.0585 0.00136777 0.02276777
v -0.0585 0.00142136 0.02256777
v -0.0585 0.00156777 0.02242136
v -0.0585 0.00176777 0.02236777
v -0.0585 0.00196777 0.02242136
v -0.0585 0.00211418 0.02256777
v -0.0585 0.00216777 0.02276777
v -0.0585 0.00176777 0.02276777
v -0.0585 -0.00142136 0.02296777
v -0.0585 -0.00156777 0.02311418
v -0.0585 -0.00176777 0.02316777
v -0.0585 -0.00196777 0.02311418
v -0.0585 -0.00211418 0.02296777
v -0.0585 -0.00216777 0.02276777
v -0.0585 -0.00211418 0.02256777
v -0.0585 -0.00196777 0.02242136
v -0.0585 -0.00176777 0.02236777
v -0.0585 -0.00156777 0.02242136
v -0.0585 -0.00142136 0.02256777
v -0.0585 -0.00136777 0.02276777
v -0.0585 -0.00176777 0.02276777
v -0.048 0.0085 0.02590748
v -0.048 0.0085 0.01609252
v -0.05 0.0085 0.02590748
v -0.05 0.0085 0.01609252
v -0.048 -0 0.03081496
v -0.05 -0 0.03081496
v -0.048 -0.0085 0.02590748
v -0.048 -0 0.03081496
v -0.05 -0.0085 0.02590748
v -0.05 -0 0.03081496
v -0.048 -0.0085 0.01609252
v -0.05 -0.0085 0.01609252
v -0.048 -0 0.01118505
v -0.05 -0 0.01118505
v -0.048 -0 0.01118505
v -0.05 -0 0.01118505
v -0.048 0.0075 0.021
v -0.048 0.00733611 0.01944066
v -0.048 0.00685159 0.01794947
v -0.048 0.00606763 0.01659161
v -0.048 -0.00606763 0.01659161
v -0.048 -0.00685159 0.01794947
v -0.048 -0.00685159 0.02405052
v -0.048 -0.00606763 0.02540839
v -0.048 -0.00078396 0.02845891
v -0.048 0.00078396 0.02845891
v -0.048 0.00078396 0.01354109
v -0.048 -0.00078396 0.01354109
v -0.048 -0.00733611 0.01944066
v -0.048 -0.0075 0.021
v -0.048 -0.00733611 0.02255934
v -0.048 -0.00501848 0.02657359
v -0.048 -0.00375 0.02749519
v -0.048 -0.00231763 0.02813292
v -0.048 0.00606763 0.02540839
v -0.048 0.00685159 0.02405052
v -0.048 0.00733611 0.02255934
v -0.048 0.00501848 0.01542641
v -0.048 0.00375 0.01450481
v -0.048 0.00231763 0.01386708
v -0.048 -0.00231763 0.01386708
v -0.048 -0.00375 0.01450481
v -0.048 -0.00501848 0.01542641
v -0.048 0.00231763 0.02813292
v -0.048 0.00375 0.02749519
v -0.048 0.00501848 0.02657359
v -0.05 -0 0.03081496
v -0.05 -0 0.01118505
v -0.035 -0.00156777 0.02242136
v -0.035 -0.00142136 0.02256777
v -0.035 -0.00176777 0.02276777
v -0.035 -0.00136777 0.02276777
v -0.035 -0.00142136 0.02296777
v -0.035 -0.00211418 0.02256777
v -0.035 -0.00196777 0.02242136
v -0.035 -0.00176777 0.02236777
v -0.035 -0.00196777 0.02311418
v -0.035 -0.00211418 0.02296777
v -0.035 -0.00216777 0.02276777
v -0.035 -0.00156777 0.02311418
v -0.035 -0.00176777 0.02316777
v -0.035 0.00196777 0.02242136
v -0.035 0.00211418 0.02256777
v -0.035 0.00176777 0.02276777
v -0.035 0.00216777 0.02276777
v -0.035 0.00211418 0.02296777
v -0.035 0.00142136 0.02256777
v -0.035 0.00156777 0.02242136
v -0.035 0.00176777 0.02236777
v -0.035 0.00156777 0.02311418
v -0.035 0.00142136 0.02296777
v -0.035 0.00136777 0.02276777
v -0.035 0.00196777 0.02311418
v -0.035 0.00176777 0.02316777
v -0.035 0.00196777 0.01888582
v -0.035 0.00211418 0.01903223
v -0.035 0.00176777 0.01923223
v -0.035 0.00216777 0.01923223
v -0.035 0.00211418 0.01943223
v -0.035 0.00142136 0.01903223
v -0.035 0.00156777 0.01888582
v -0.035 0.00176777 0.01883223
v -0.035 0.00156777 0.01957864
v -0.035 0.00142136 0.01943223
v -0.035 0.00136777 0.01923223
v -0.035 0.00196777 0.01957864
v -0.035 0.00176777 0.01963223
v -0.035 -0.00156777 0.01888582
v -0.035 -0.00142136 0.01903223
v -0.035 -0.00176777 0.01923223
v -0.035 -0.00136777 0.01923223
v -0.035 -0.00142136 0.01943223
v -0.035 -0.00211418 0.01903223
v -0.035 -0.00196777 0.01888582
v -0.035 -0.00176777 0.01883223
v -0.035 -0.00196777 0.01957864
v -0.035 -0.00211418 0.01943223
v -0.035 -0.00216777 0.01923223
v -0.035 -0.00156777 0.01957864
v -0.035 -0.00176777 0.01963223
v -0.0369 -0.00216777 0.02276777
v -0.0369 -0.00211418 0.02296777
v -0.0369 -0.00196777 0.02311418
v -0.0369 -0.00176777 0.02316777
v -0.0369 -0.00156777 0.02311418
v -0.0369 -0.00142136 0.02296777
v -0.0369 -0.00136777 0.02276777
v -0.0369 -0.00142136 0.02256777
v -0.0369 -0.00156777 0.02242136
v -0.0369 -0.00176777 0.02236777
v -0.0369 -0.00196777 0.02242136
v -0.0369 -0.00211418 0.02256777
v -0.0369 0.00136777 0.02276777
v -0.0369 0.00142136 0.02296777
v -0.0369 0.00156777 0.02311418
v -0.0369 0.00176777 0.02316777
v -0.0369 0.00196777 0.02311418
v -0.0369 0.00211418 0.02296777
v -0.0369 0.00216777 0.02276777
v -0.0369 0.00211418 0.02256777
v -0.0369 0.00196777 0.02242136
v -0.0369 0.00176777 0.02236777
v -0.0369 0.00156777 0.02242136
v -0.0369 0.00142136 0.02256777
v -0.0369 0.00136777 0.01923223
v -0.0369 0.00142136 0.01943223
v -0.0369 0.00156777 0.01957864
v -0.0369 0.00176777 0.01963223
v -0.0369 0.00196777 0.01957864
v -0.0369 0.00211418 0.01943223
v -0.0369 0.00216777 0.01923223
v -0.0369 0.00211418 0.01903223
v -0.0369 0.00196777 0.01888582
v -0.0369 0.00176777 0.01883223
v -0.0369 0.00156777 0.01888582
v -0.0369 0.00142136 0.01903223
v -0.0369 -0.00216777 0.01923223
v -0.0369 -0.00211418 0.01943223
v -0.0369 -0.00196777 0.01957864
v -0.0369 -0.00176777 0.01963223
v -0.0369 -0.00156777 0.01957864
v -0.0369 -0.00142136 0.01943223
v -0.0369 -0.00136777 0.01923223
v -0.0369 -0.00142136 0.01903223
v -0.0369 -0.00156777 0.01888582
v -0.0369 -0.00176777 0.01883223
v -0.0369 -0.00196777 0.01888582
v -0.0369 -0.00211418 0.01903223
v -0.0369 0.00030709 0.02548951
v -0.0369 0.0034907 0.0181601
v -0.0369 0.00259506 0.01732364
v -0.0369 0.00150696 0.01675983
v -0.0369 0.00150696 0.02524017
v -0.0369 0.00259506 0.02467636
v -0.0369 0.0034907 0.0238399
v -0.0369 0.00412745 0.0227928
v -0.0369 -0.00091555 0.01659412
v -0.0369 0.00030709 0.01651049
v -0.0369 0.00445809 0.02161275
v -0.0369 0.00412745 0.01920719
v -0.0369 0.00445809 0.02038725
v -0.0369 0.0045 0.021
v -0.0369 -0.0045 0.021
v -0.0369 -0.00433313 0.01978591
v -0.0369 -0.00384489 0.01866187
v -0.0369 -0.00307149 0.01771124
v -0.0369 -0.00207029 0.01700452
v -0.0369 -0.00091555 0.02540588
v -0.0369 -0.00207029 0.02499548
v -0.0369 -0.00307149 0.02428876
v -0.0369 -0.00384489 0.02333813
v -0.0369 -0.00433313 0.02221408
v -0.04 0.0045 0.021
v -0.04 0.00445809 0.02038725
v -0.04 0.00412745 0.01920719
v -0.04 0.0034907 0.0181601
v -0.04 0.00259506 0.01732364
v -0.04 0.00150696 0.01675983
v -0.04 0.00030709 0.01651049
v -0.04 -0.00091555 0.01659412
v -0.04 -0.00207029 0.01700452
v -0.04 -0.00307149 0.01771124
v -0.04 -0.00384489 0.01866187
v -0.04 -0.00433313 0.01978591
v -0.04 -0.0045 0.021
v -0.04 -0.00433313 0.02221408
v -0.04 -0.00384489 0.02333813
v -0.04 -0.00307149 0.02428876
v -0.04 -0.00207029 0.02499548
v -0.04 -0.00091555 0.02540588
v -0.04 0.00030709 0.02548951
v -0.04 0.00150696 0.02524017
v -0.04 0.00259506 0.02467636
v -0.04 0.0034907 0.0238399
v -0.04 0.00412745 0.0227928
v -0.04 0.00445809 0.02161275
v -0.04 0.00501848 0.02657359
v -0.04 0.00375 0.02749519
v -0.04 0.00231763 0.02813292
v -0.04 0.00078396 0.02845891
v -0.04 0.00501848 0.01542641
v -0.04 0.00606763 0.01659161
v -0.04 0.00685159 0.01794947
v -0.04 0.00733611 0.01944066
v -0.04 0.0075 0.021
v -0.04 0.00733611 0.02255934
v -0.04 0.00685159 0.02405052
v -0.04 0.00606763 0.02540839
v -0.04 -0.00685159 0.01794947
v -0.04 -0.00606763 0.01659161
v -0.04 -0.00501848 0.01542641
v -0.04 -0.00078396 0.02845891
v -0.04 -0.00231763 0.02813292
v -0.04 -0.00375 0.02749519
v -0.04 -0.00501848 0.02657359
v -0.04 -0.00375 0.01450481
v -0.04 -0.00231763 0.01386708
v -0.04 -0.00078396 0.01354109
v -0.04 0.00078396 0.01354109
v -0.04 0.00231763 0.01386708
v -0.04 0.00375 0.01450481
v -0.04 -0.00606763 0.02540839
v -0.04 -0.00685159 0.02405052
v -0.04 -0.00733611 0.02255934
v -0.04 -0.0075 0.021
v -0.04 -0.00733611 0.01944066
v 0.03233827 -0.03365 0.004
v 0.0327 -0.035 0.004
v 0.033975 -0.031525 0.004
v 0.0395 -0.035 0.004
v 0.0395 -0.031525 0.004
v -0.03766173 0.03635 0.004
v -0.037525 0.036475 0.004
v -0.03865 0.03733827 0.004
v -0.042475 -0.031525 0.004
v -0.04233827 -0.03365 0.004
v -0.04135 -0.03266173 0.004
v -0.03766173 -0.03365 0.004
v -0.037525 -0.031525 0.004
v -0.03865 -0.03266173 0.004
v -0.04 -0.0323 0.004
v -0.0545 -0.035 0.004
v -0.05 -0.0395 0.004
v -0.042475 -0.0395 0.004
v -0.05415746 -0.03672208 0.004
v -0.05318198 -0.03818198 0.004
v -0.05172208 -0.03915746 0.004
v -0.04 -0.0377 0.004
v -0.04135 -0.03733827 0.004
v -0.04233827 -0.03635 0.004
v -0.0373 -0.035 0.004
v -0.019775 -0.031525 0.004
v -0.03766173 -0.03635 0.004
v 0.033975 0.0395 0.004
v 0.014775 0.0395 0.004
v 0.03 0.0377 0.004
v 0.02865 0.03733827 0.004
v 0.03135 0.03733827 0.004
v 0.03233827 0.03635 0.004
v 0.033975 0.036475 0.004
v 0.0327 0.035 0.004
v 0.03233827 0.03365 0.004
v 0.033975 0.031525 0.004
v 0.03135 0.03266173 0.004
v 0.03 0.0323 0.004
v 0.02865 0.03266173 0.004
v 0.014775 0.031525 0.004
v 0.02766173 0.03365 0.004
v 0.014775 0.036475 0.004
v 0.0273 0.035 0.004
v 0.02766173 0.03635 0.004
v -0.037525 0.0395 0.004
v -0.04 0.0377 0.004
v -0.04135 0.03733827 0.004
v -0.042475 0.0395 0.004
v -0.04233827 0.03635 0.004
v -0.042475 0.036475 0.004
v -0.05415746 0.03672208 0.004
v -0.0427 0.035 0.004
v -0.0545 0.035 0.004
v -0.04233827 0.03365 0.004
v -0.0545 0.031525 0.004
v -0.03766173 0.03365 0.004
v -0.03865 0.03266173 0.004
v -0.037525 0.031525 0.004
v -0.04 0.0323 0.004
v -0.042475 0.031525 0.004
v -0.04135 0.03266173 0.004
v -0.019775 0.036475 0.004
v 0.031875 0.00194856 0.004
v 0.033 0.00225 0.004
v 0.033975 0.01325 0.004
v 0.014775 -0.01325 0.004
v 0.033975 -0.01325 0.004
v 0.033 -0.00225 0.004
v 0.031875 -0.00194856 0.004
v 0.03105144 -0.001125 0.004
v 0.03075 0 0.004
v 0.03105144 0.001125 0.004
v 0.014775 0.01325 0.004
v 0.034125 0.00194856 0.004
v 0.03494856 0.001125 0.004
v 0.0395 0.01325 0.004
v 0.03525 0 0.004
v 0.0395 -0.01325 0.004
v 0.03494856 -0.001125 0.004
v 0.034125 -0.00194856 0.004
v 0.001125 -0.03494856 0.004
v 0 -0.03525 0.004
v 0.014775 -0.0395 0.004
v -0.019775 -0.0395 0.004
v -0.001125 -0.03494856 0.004
v -0.00194856 -0.034125 0.004
v 0.001125 -0.03105144 0.004
v 0.00194856 -0.031875 0.004
v 0.014775 -0.031525 0.004
v 0.00225 -0.033 0.004
v 0.00194856 -0.034125 0.004
v -0.03865 -0.03733827 0.004
v -0.037525 -0.0395 0.004
v -0.00225 -0.033 0.004
v -0.00194856 -0.031875 0.004
v -0.001125 -0.03105144 0.004
v -0.019775 -0.02975 0.004
v -0 -0.03075 0.004
v 0.014775 -0.02975 0.004
v 0.00194856 0.031875 0.004
v 0.001125 0.03105144 0.004
v -0 0.03075 0.004
v -0.019775 0.01325 0.004
v -0.001125 0.03105144 0.004
v -0.019775 0.031525 0.004
v -0.00194856 0.031875 0.004
v -0.00225 0.033 0.004
v -0.00194856 0.034125 0.004
v -0.001125 0.03494856 0.004
v -0 0.03525 0.004
v 0.001125 0.03494856 0.004
v 0.00194856 0.034125 0.004
v 0.00225 0.033 0.004
v -0.05172208 0.03915746 0.004
v -0.05318198 0.03818198 0.004
v -0.05 0.0395 0.004
v 0.03915746 0.03672208 0.004
v 0.03818198 0.03818198 0.004
v 0.035 0.0395 0.004
v 0.03672208 0.03915746 0.004
v 0.0395 0.035 0.004
v 0.035 -0.0395 0.004
v 0.03672208 -0.03915746 0.004
v 0.03818198 -0.03818198 0.004
v 0.03915746 -0.03672208 0.004
v 0.0395 0.031525 0.004
v 0.033975 -0.0395 0.004
v 0.03233827 -0.03635 0.004
v 0.03135 -0.03733827 0.004
v 0.03 -0.0377 0.004
v 0.02865 -0.03733827 0.004
v 0.02766173 -0.03635 0.004
v 0.0273 -0.035 0.004
v 0.02766173 -0.03365 0.004
v 0.02865 -0.03266173 0.004
v 0.03 -0.0323 0.004
v 0.03135 -0.03266173 0.004
v 0.033975 -0.02975 0.004
v 0.0395 -0.02975 0.004
v -0.037525 -0.01325 0.004
v -0.019775 -0.01325 0.004
v -0.0373 0.035 0.004
v -0.037525 0.01325 0.004
v -0.019775 0.0395 0.004
v -0.042475 -0.02975 0.004
v -0.038875 -0.02455144 0.004
v -0.03805144 -0.025375 0.004
v -0.037525 -0.02975 0.004
v -0.03775 -0.0265 0.004
v -0.03805144 -0.027625 0.004
v -0.038875 -0.02844856 0.004
v -0.04 -0.02875 0.004
v -0.041125 -0.02844856 0.004
v -0.042475 -0.01325 0.004
v -0.041125 -0.02455144 0.004
v -0.04 -0.02425 0.004
v -0.04194856 -0.027625 0.004
v -0.04225 -0.0265 0.004
v -0.04194856 -0.025375 0.004
v -0.042475 0.01325 0.004
v -0.038875 0.02844856 0.004
v -0.03805144 0.027625 0.004
v -0.03775 0.0265 0.004
v -0.03805144 0.025375 0.004
v -0.038875 0.02455144 0.004
v -0.04 0.02425 0.004
v -0.041125 0.02455144 0.004
v -0.04 0.02875 0.004
v -0.041125 0.02844856 0.004
v -0.04194856 0.025375 0.004
v -0.04225 0.0265 0.004
v -0.04194856 0.027625 0.004
v -0.0545 0.01325 0.004
v -0.0545 -0.01325 0.004
v -0.0545 -0.02975 0.004
v -0.0545 -0.031525 0.004
v -0.0427 -0.035 0.004
v -0.04233827 -0.03365 -0
v -0.0427 -0.035 -0
v -0.04359 -0.03164 -0
v 0.0395 0.035 0
v 0.0395 0.03164 0
v 0.03509 0.03164 0
v 0.02766173 -0.03365 0
v 0.0273 -0.035 0
v 0.01589 -0.03164 0
v 0.00368697 0.03045507 -0
v 0.00444734 0.03246 -0
v 0.01589 0.03164 -0
v -0.03581113 -0.02491137 -0
v -0.03641 -0.01325 -0
v -0.02 -0.01325 -0
v -0.04297079 -0.02314667 -0
v -0.04418887 -0.02491137 -0
v -0.04359 -0.01325 -0
v 0.03135 0.03733827 0
v 0.03 0.0377 0
v 0.03509 0.03759 0
v 0.03135 0.03266173 0
v 0.03233827 0.03365 0
v 0.01589 0.03759 -0
v 0.02865 0.03733827 0
v 0.03 0.0323 0
v 0.02865 0.03266173 0
v 0.02766173 0.03635 0
v 0.0273 0.035 0
v 0.02766173 0.03365 0
v 0.0327 0.035 0
v 0.03233827 0.03635 0
v -0.04359 0.03759 -0
v -0.04 0.0377 -0
v -0.04135 0.03733827 -0
v -0.04135 0.03266173 -0
v -0.04 0.0323 -0
v -0.04359 0.03164 -0
v -0.04233827 0.03635 -0
v -0.0427 0.035 -0
v -0.04233827 0.03365 -0
v -0.03865 0.03266173 -0
v -0.03641 0.03164 -0
v -0.03766173 0.03365 -0
v -0.0373 0.035 -0
v -0.03766173 0.03635 -0
v -0.03641 0.03759 -0
v -0.03865 0.03733827 -0
v -0.04368697 -0.02904493 -0
v -0.04208196 -0.03046684 -0
v -0.04 -0.03098 -0
v -0.03641 -0.03164 -0
v -0.0545 -0.03164 -0
v -0.0545 -0.02527 -0
v -0.04444734 -0.02704 -0
v -0.0545 -0.01325 -0
v -0.03702921 -0.02314667 -0
v -0.03892786 -0.02215018 -0
v -0.04107213 -0.02215018 -0
v -0.03791804 -0.03046684 -0
v -0.03631303 -0.02904493 -0
v -0.02 -0.03164 0
v -0.03555267 -0.02704 -0
v -0.02 -0.02527 -0
v -0.03641 0.01325 -0
v -0.04359 0.01325 -0
v -0.04 0.02202 -0
v -0.04107213 0.03084982 -0
v -0.04297079 0.02985333 -0
v -0.04418887 0.02808863 -0
v -0.0545 0.03164 -0
v -0.04444734 0.02596 -0
v -0.0545 0.01325 -0
v -0.04368697 0.02395507 -0
v -0.04208196 0.02253316 -0
v -0.03892786 0.03084982 -0
v -0.03631303 0.02395507 -0
v -0.03555267 0.02596 -0
v -0.02 0.03164 -0
v -0.03581113 0.02808863 -0
v -0.03702921 0.02985333 -0
v 0.03002921 0.00335333 0
v 0.01589 0.01325 0
v 0.03192786 0.00434982 0
v 0.03509 0.01325 0
v 0.03407213 0.00434982 0
v 0.02881113 0.00158863 0
v 0.02855266 -0.00054 0
v 0.01589 -0.01325 0
v 0.02931303 -0.00254493 0
v 0.03091804 -0.00396684 0
v 0.03509 -0.01325 0
v 0.033 -0.00448 0
v 0.03508196 -0.00396684 0
v 0.0395 -0.01325 0
v 0.03668697 -0.00254493 0
v 0.03744734 -0.00054 0
v 0.0395 0.01325 0
v 0.03718887 0.00158863 0
v 0.03597079 0.00335333 0
v -0.00444734 -0.03354 0
v -0.00368697 -0.03554493 0
v -0.02 -0.0395 0
v 0.00368697 -0.03554493 0
v 0.00444734 -0.03354 0
v -0.00208196 -0.03696684 0
v 0 -0.03748 0
v 0.01589 -0.0395 0
v 0.00208196 -0.03696684 0
v 0.00418887 -0.03141137 0
v 0.00297079 -0.02964667 0
v 0.01589 -0.02527 0
v -0.00418887 -0.03141137 0
v -0.00297079 -0.02964667 0
v -0.00107213 -0.02865018 0
v 0.00107213 -0.02865018 0
v -0.00418887 0.03458863 -0
v -0.00444734 0.03246 -0
v -0.02 0.01325 -0
v -0.03791804 0.02253316 -0
v -0.00368697 0.03045507 -0
v -0.00208196 0.02903316 -0
v -0 0.02852 -0
v 0.00208196 0.02903316 -0
v 0.00418887 0.03458863 -0
v 0.00297079 0.03635333 -0
v 0.00107213 0.03734982 -0
v -0.00107213 0.03734982 -0
v -0.02 0.03759 -0
v -0.00297079 0.03635333 -0
v -0.03641 0.0395 -0
v -0.04359 0.0395 -0
v -0.05 0.0395 -0
v -0.05172208 0.03915746 -0
v -0.0545 0.035 -0
v -0.05415746 0.03672208 -0
v -0.05318198 0.03818198 -0
v -0.05 -0.0395 -0
v -0.05172208 -0.03915746 -0
v -0.05318198 -0.03818198 -0
v -0.0545 -0.035 -0
v -0.05415746 -0.03672208 -0
v 0.02766173 -0.03635 0
v 0.0327 -0.035 0
v 0.03233827 -0.03365 0
v 0.03509 -0.03164 0
v 0.03233827 -0.03635 0
v 0.03672208 -0.03915746 0
v 0.03135 -0.03733827 0
v 0.035 -0.0395 0
v 0.03 -0.0377 0
v 0.02865 -0.03733827 0
v 0.03135 -0.03266173 0
v 0.03 -0.0323 0
v 0.02865 -0.03266173 0
v 0.0395 -0.03164 0
v 0.0395 -0.035 0
v 0.03915746 -0.03672208 0
v 0.03818198 -0.03818198 0
v 0.03915746 0.03672208 0
v 0.035 0.0395 0
v 0.03672208 0.03915746 0
v 0.03818198 0.03818198 0
v -0.04359 -0.0395 -0
v -0.04233827 -0.03635 -0
v -0.0373 -0.035 -0
v -0.03766173 -0.03365 -0
v -0.04135 -0.03733827 -0
v -0.04 -0.0377 -0
v -0.03641 -0.0395 -0
v -0.03865 -0.03733827 -0
v -0.03766173 -0.03635 -0
v -0.03865 -0.03266173 -0
v -0.04 -0.0323 -0
v -0.04135 -0.03266173 -0
v -0.02 0.0395 -0
v 0.01589 0.0395 -0
v 0.03509 -0.02527 0
v 0.0395 -0.02527 0
v -0.05 0.04 0.0005
v -0.05 0.04 0.0035
v 0.035 0.04 0.0005
v 0.035 0.04 0.0035
v -0.055 -0.035 0.0005
v -0.055 -0.035 0.0035
v -0.055 0.035 0.0005
v -0.055 0.035 0.0035
v 0.035 -0.04 0.0005
v 0.035 -0.04 0.0035
v -0.05 -0.04 0.0005
v -0.05 -0.04 0.0035
v 0.04 0.035 0.0005
v 0.04 0.035 0.0035
v 0.04 -0.035 0.0005
v 0.04 -0.035 0.0035
v -0.04 0.0323 -0
v -0.04135 0.03266173 -0
v -0.04233827 0.03365 -0
v -0.0427 0.035 -0
v -0.04233827 0.03635 -0
v -0.04135 0.03733827 -0
v -0.04 0.0377 -0
v -0.03865 0.03733827 -0
v -0.03766173 0.03635 -0
v -0.0373 0.035 -0
v -0.03766173 0.03365 -0
v -0.03865 0.03266173 -0
v 0.03 0.0323 0
v 0.02865 0.03266173 0
v 0.02766173 0.03365 0
v 0.0273 0.035 0
v 0.02766173 0.03635 0
v 0.02865 0.03733827 0
v 0.03 0.0377 0
v 0.03135 0.03733827 0
v 0.03233827 0.03635 0
v 0.0327 0.035 0
v 0.03233827 0.03365 0
v 0.03135 0.03266173 0
v 0.03 -0.0377 0
v 0.02865 -0.03733827 0
v 0.02766173 -0.03635 0
v 0.0273 -0.035 0
v 0.02766173 -0.03365 0
v 0.02865 -0.03266173 0
v 0.03 -0.0323 0
v 0.03135 -0.03266173 0
v 0.03233827 -0.03365 0
v 0.0327 -0.035 0
v 0.03233827 -0.03635 0
v 0.03135 -0.03733827 0
v -0.04 -0.0377 -0
v -0.04135 -0.03733827 -0
v -0.04233827 -0.03635 -0
v -0.0427 -0.035 -0
v -0.04233827 -0.03365 -0
v -0.04135 -0.03266173 -0
v -0.04 -0.0323 -0
v -0.03865 -0.03266173 -0
v -0.03766173 -0.03365 -0
v -0.0373 -0.035 -0
v -0.03766173 -0.03635 -0
v -0.03865 -0.03733827 -0
v 0.0396194 0.03691342 0.0005
v 0.0396194 0.03691342 0.0035
v 0.03853554 0.03853554 0.0005
v 0.03853554 0.03853554 0.0035
v 0.03691342 0.0396194 0.0005
v 0.03691342 0.0396194 0.0035
v -0.0546194 -0.03691342 0.0005
v -0.0546194 -0.03691342 0.0035
v -0.05353553 -0.03853554 0.0005
v -0.05353553 -0.03853554 0.0035
v -0.05191342 -0.0396194 0.0005
v -0.05191342 -0.0396194 0.0035
v -0.05191342 0.0396194 0.0005
v -0.05191342 0.0396194 0.0035
v -0.05353553 0.03853554 0.0005
v -0.05353553 0.03853554 0.0035
v -0.0546194 0.03691342 0.0005
v -0.0546194 0.03691342 0.0035
v 0.03691342 -0.0396194 0.0005
v 0.03691342 -0.0396194 0.0035
v 0.03853554 -0.03853554 0.0005
v 0.03853554 -0.03853554 0.0035
v 0.0396194 -0.03691342 0.0005
v 0.0396194 -0.03691342 0.0035
v -0.04104563 -0.02849228 0.00223
v -0.041125 -0.02844856 0.00223
v -0.04185171 -0.02777814 0.00223
v -0.04194856 -0.027625 0.00223
v -0.04223359 -0.02677121 0.00223
v -0.04225 -0.0265 0.00223
v -0.04210379 -0.02570214 0.00223
v -0.04194856 -0.025375 0.00223
v -0.04149203 -0.02481585 0.00223
v -0.041125 -0.02455144 0.00223
v -0.04053846 -0.02431538 0.00223
v -0.04 -0.02425 0.00223
v -0.03946154 -0.02431538 0.00223
v -0.038875 -0.02455144 0.00223
v -0.03850798 -0.02481585 0.00223
v -0.03805144 -0.025375 0.00223
v -0.03789621 -0.02570214 0.00223
v -0.03775 -0.0265 0.00223
v -0.0377664 -0.02677121 0.00223
v -0.03805144 -0.027625 0.00223
v -0.03814829 -0.02777814 0.00223
v -0.038875 -0.02844856 0.00223
v -0.03895437 -0.02849228 0.00223
v -0.04 -0.02875 0.00223
v -0.03631303 -0.02904493 0
v -0.03791804 -0.03046684 0
v -0.03555267 -0.02704 0
v -0.03581113 -0.02491137 0
v -0.03702921 -0.02314667 0
v -0.03892786 -0.02215018 0
v -0.04107213 -0.02215018 0
v -0.04297079 -0.02314667 0
v -0.04418887 -0.02491137 0
v -0.04444734 -0.02704 0
v -0.04368697 -0.02904493 0
v -0.04208196 -0.03046684 0
v -0.04 -0.03098 0
v -0.04104563 0.02450772 0.00223
v -0.041125 0.02455144 0.00223
v -0.04185171 0.02522185 0.00223
v -0.04194856 0.025375 0.00223
v -0.04223359 0.02622879 0.00223
v -0.04225 0.0265 0.00223
v -0.04210379 0.02729786 0.00223
v -0.04194856 0.027625 0.00223
v -0.04149203 0.02818415 0.00223
v -0.041125 0.02844856 0.00223
v -0.04053846 0.02868462 0.00223
v -0.04 0.02875 0.00223
v -0.03946154 0.02868462 0.00223
v -0.038875 0.02844856 0.00223
v -0.03850798 0.02818415 0.00223
v -0.03805144 0.027625 0.00223
v -0.03789621 0.02729786 0.00223
v -0.03775 0.0265 0.00223
v -0.0377664 0.02622879 0.00223
v -0.03805144 0.025375 0.00223
v -0.03814829 0.02522185 0.00223
v -0.038875 0.02455144 0.00223
v -0.03895437 0.02450772 0.00223
v -0.04 0.02425 0.00223
v -0.03631303 0.02395507 -0
v -0.03791804 0.02253316 -0
v -0.03555267 0.02596 -0
v -0.03581113 0.02808863 -0
v -0.03702921 0.02985333 -0
v -0.03892786 0.03084982 -0
v -0.04107213 0.03084982 -0
v -0.04297079 0.02985333 -0
v -0.04418887 0.02808863 -0
v -0.04444734 0.02596 -0
v -0.04368697 0.02395507 -0
v -0.04208196 0.02253316 -0
v -0.04 0.02202 -0
v 0.03195437 -0.00199228 0.00223
v 0.031875 -0.00194856 0.00223
v 0.03114829 -0.00127815 0.00223
v 0.03105144 -0.001125 0.00223
v 0.03076641 -0.00027121 0.00223
v 0.03075 0 0.00223
v 0.03089621 0.00079786 0.00223
v 0.03105144 0.001125 0.00223
v 0.03150797 0.00168415 0.00223
v 0.031875 0.00194856 0.00223
v 0.03246154 0.00218462 0.00223
v 0.033 0.00225 0.00223
v 0.03353846 0.00218462 0.00223
v 0.034125 0.00194856 0.00223
v 0.03449203 0.00168415 0.00223
v 0.03494856 0.001125 0.00223
v 0.03510379 0.00079786 0.00223
v 0.03525 0 0.00223
v 0.03523359 -0.00027121 0.00223
v 0.03494856 -0.001125 0.00223
v 0.03485171 -0.00127815 0.00223
v 0.034125 -0.00194856 0.00223
v 0.03404563 -0.00199228 0.00223
v 0.033 -0.00225 0.00223
v 0.03668697 -0.00254493 0
v 0.03508196 -0.00396684 0
v 0.03744734 -0.00054 0
v 0.03718887 0.00158863 0
v 0.03597079 0.00335333 0
v 0.03407213 0.00434982 0
v 0.03192786 0.00434982 0
v 0.03002921 0.00335333 0
v 0.02881113 0.00158863 0
v 0.02855266 -0.00054 0
v 0.02931303 -0.00254493 0
v 0.03091804 -0.00396684 0
v 0.033 -0.00448 0
v -0.00104563 -0.03499228 0.00223
v -0.001125 -0.03494856 0.00223
v -0.00185171 -0.03427815 0.00223
v -0.00194856 -0.034125 0.00223
v -0.00223359 -0.03327121 0.00223
v -0.00225 -0.033 0.00223
v -0.00210379 -0.03220214 0.00223
v -0.00194856 -0.031875 0.00223
v -0.00149203 -0.03131585 0.00223
v -0.001125 -0.03105144 0.00223
v -0.00053846 -0.03081538 0.00223
v -0 -0.03075 0.00223
v 0.00053846 -0.03081538 0.00223
v 0.001125 -0.03105144 0.00223
v 0.00149203 -0.03131585 0.00223
v 0.00194856 -0.031875 0.00223
v 0.00210379 -0.03220214 0.00223
v 0.00225 -0.033 0.00223
v 0.00223359 -0.03327121 0.00223
v 0.00194856 -0.034125 0.00223
v 0.00185171 -0.03427815 0.00223
v 0.001125 -0.03494856 0.00223
v 0.00104563 -0.03499228 0.00223
v 0 -0.03525 0.00223
v 0.00368697 -0.03554493 0
v 0.00208196 -0.03696684 0
v 0.00444734 -0.03354 0
v 0.00418887 -0.03141137 0
v 0.00297079 -0.02964667 0
v 0.00107213 -0.02865018 0
v -0.00107213 -0.02865018 0
v -0.00297079 -0.02964667 0
v -0.00418887 -0.03141137 0
v -0.00444734 -0.03354 0
v -0.00368697 -0.03554493 0
v -0.00208196 -0.03696684 0
v 0 -0.03748 0
v 0 -0.03525 0.00223
v -0.00104563 0.03100772 0.00223
v -0.001125 0.03105144 0.00223
v -0.00185171 0.03172185 0.00223
v -0.00194856 0.031875 0.00223
v -0.00223359 0.03272879 0.00223
v -0.00225 0.033 0.00223
v -0.00210379 0.03379786 0.00223
v -0.00194856 0.034125 0.00223
v -0.00149203 0.03468415 0.00223
v -0.001125 0.03494856 0.00223
v -0.00053846 0.03518462 0.00223
v -0 0.03525 0.00223
v 0.00053846 0.03518462 0.00223
v 0.001125 0.03494856 0.00223
v 0.00149203 0.03468415 0.00223
v 0.00194856 0.034125 0.00223
v 0.00210379 0.03379786 0.00223
v 0.00225 0.033 0.00223
v 0.00223359 0.03272879 0.00223
v 0.00194856 0.031875 0.00223
v 0.00185171 0.03172185 0.00223
v 0.001125 0.03105144 0.00223
v 0.00104563 0.03100772 0.00223
v -0 0.03075 0.00223
v -0 0.03075 0.00223
v -0.0545 -0.01325 -0
v -0.0545 0.01325 -0
v -0.0545 0.03164 -0
v -0.0545 0.035 -0
v -0.0545 -0.02527 -0
v -0.0545 -0.03164 -0
v -0.0545 -0.035 -0
v -0.05 -0.0395 -0
v -0.05172208 -0.03915746 -0
v -0.05318198 -0.03818198 -0
v -0.05415746 -0.03672208 -0
v -0.0545 -0.035 -0
v -0.0545 0.035 -0
v -0.05415746 0.03672208 -0
v -0.05318198 0.03818198 -0
v -0.05172208 0.03915746 -0
v -0.05 0.0395 -0
v -0.05 -0.0395 -0
v -0.04359 -0.0395 -0
v -0.03641 -0.0395 -0
v -0.02 -0.0395 -0
v 0.01589 -0.0395 0
v 0.035 -0.0395 0
v -0.04359 0.0395 -0
v -0.05 0.0395 -0
v 0.035 0.0395 -0
v 0.01589 0.0395 -0
v -0.02 0.0395 -0
v -0.03641 0.0395 -0
v 0.0395 -0.035 0
v 0.03915746 -0.03672208 0
v 0.03818198 -0.03818198 0
v 0.03672208 -0.03915746 0
v 0.035 -0.0395 0
v 0.035 0.0395 -0
v 0.03672208 0.03915746 -0
v 0.03818198 0.03818198 -0
v 0.03915746 0.03672208 -0
v 0.0395 0.035 -0
v 0.0395 0.03164 -0
v 0.0395 0.035 -0
v 0.0395 -0.035 -0
v 0.0395 -0.03164 -0
v 0.0395 -0.02527 -0
v 0.0395 -0.01325 -0
v 0.0395 0.01325 -0
v -0.0079612 0.01614371 0.0855
v -0.0079612 0.01614371 0.08505
v -0.00465874 0.01738667 0.0855
v -0.00465874 0.01738667 0.08505
v -0.00117726 0.01796146 0.0855
v -0.00117726 0.01796146 0.08505
v -0.00106347 0.01796856 0.0855
v -0.00106347 0.01796856 0.08505
v 0.00234947 0.01784601 0.0855
v 0.00234947 0.01784601 0.08505
v 0.00257535 0.01781481 0.0855
v 0.00257535 0.01781481 0.08505
v 0.00578591 0.01704474 0.0855
v 0.00578591 0.01704474 0.08505
v 0.00610872 0.01693173 0.0855
v 0.00610872 0.01693173 0.08505
v 0.009 0.01558846 0.0855
v 0.009 0.01558846 0.08505
v 0.00939201 0.01535546 0.0855
v 0.00939201 0.01535546 0.08505
v 0.01186822 0.01353312 0.0855
v 0.01186822 0.01353312 0.08505
v 0.01229079 0.01315054 0.0855
v 0.01229079 0.01315054 0.08505
v 0.01428036 0.01095771 0.0855
v 0.01428036 0.01095771 0.08505
v 0.01468638 0.01040723 0.0855
v 0.01468638 0.01040723 0.08505
v 0.01614371 0.0079612 0.0855
v 0.01614371 0.0079612 0.08505
v 0.0164807 0.00723784 0.0855
v 0.0164807 0.00723784 0.08505
v 0.01738667 0.00465874 0.0855
v 0.01738667 0.00465874 0.08505
v 0.01760031 0.00377214 0.0855
v 0.01760031 0.00377214 0.08505
v 0.01796146 0.00117726 0.0855
v 0.01796146 0.00117726 0.08505
v 0.01799936 0.00015201 0.0855
v 0.01799936 0.00015201 0.08505
v 0.01784601 -0.00234947 0.0855
v 0.01784601 -0.00234947 0.08505
v 0.01766151 -0.00347434 0.0855
v 0.01766151 -0.00347434 0.08505
v 0.01704474 -0.00578591 0.0855
v 0.01704474 -0.00578591 0.08505
v 0.0166006 -0.00695846 0.0855
v 0.0166006 -0.00695846 0.08505
v 0.01558846 -0.009 0.0855
v 0.01558846 -0.009 0.08505
v 0.01486005 -0.0101577 0.0855
v 0.01486005 -0.0101577 0.08505
v 0.01353312 -0.01186822 0.0855
v 0.01353312 -0.01186822 0.08505
v 0.01251114 -0.01294107 0.0855
v 0.01251114 -0.01294107 0.08505
v 0.01095771 -0.01428036 0.0855
v 0.01095771 -0.01428036 0.08505
v 0.00965002 -0.01519464 0.0855
v 0.00965002 -0.01519464 0.08505
v 0.0079612 -0.01614371 0.0855
v 0.0079612 -0.01614371 0.08505
v 0.00639382 -0.01682614 0.0855
v 0.00639382 -0.01682614 0.08505
v 0.00465874 -0.01738667 0.0855
v 0.00465874 -0.01738667 0.08505
v 0.00287586 -0.01776878 0.0855
v 0.00287586 -0.01776878 0.08505
v 0.00117726 -0.01796146 0.0855
v 0.00117726 -0.01796146 0.08505
v -0.00075984 -0.01798395 0.0855
v -0.00075984 -0.01798395 0.08505
v -0.00234947 -0.01784601 0.0855
v -0.00234947 -0.01784601 0.08505
v -0.00436443 -0.01746287 0.0855
v -0.00436443 -0.01746287 0.08505
v -0.00578591 -0.01704474 0.0855
v -0.00578591 -0.01704474 0.08505
v -0.00779034 -0.01622685 0.0855
v -0.00779034 -0.01622685 0.08505
v -0.009 -0.01558846 0.0855
v -0.009 -0.01558846 0.08505
v -0.01089731 -0.0143265 0.0855
v -0.01089731 -0.0143265 0.08505
v -0.01186822 -0.01353312 0.0855
v -0.01186822 -0.01353312 0.08505
v -0.01355814 -0.01183963 0.0855
v -0.01355814 -0.01183963 0.08505
v -0.01428036 -0.01095771 0.0855
v -0.01428036 -0.01095771 0.08505
v -0.01566391 -0.00886803 0.0855
v -0.01566391 -0.00886803 0.08505
v -0.01614371 -0.0079612 0.0855
v -0.01614371 -0.0079612 0.08505
v -0.01712839 -0.00553338 0.0855
v -0.01712839 -0.00553338 0.08505
v -0.01738667 -0.00465874 0.0855
v -0.01738667 -0.00465874 0.08505
v -0.01789163 -0.0019722 0.0855
v -0.01789163 -0.0019722 0.08505
v -0.01796146 -0.00117726 0.0855
v -0.01796146 -0.00117726 0.08505
v -0.01792239 0.00166973 0.0855
v -0.01792239 0.00166973 0.08505
v -0.01784601 0.00234947 0.0855
v -0.01784601 0.00234947 0.08505
v -0.0172194 0.0052433 0.0855
v -0.0172194 0.0052433 0.08505
v -0.01704474 0.00578591 0.0855
v -0.01704474 0.00578591 0.08505
v -0.01581145 0.00860221 0.0855
v -0.01581145 0.00860221 0.08505
v -0.01558846 0.009 0.0855
v -0.01558846 0.009 0.08505
v -0.01375617 0.01160895 0.0855
v -0.01375617 0.01160895 0.08505
v -0.01353312 0.01186822 0.0855
v -0.01353312 0.01186822 0.08505
v -0.01113772 0.01414041 0.0855
v -0.01113772 0.01414041 0.08505
v -0.01095771 0.01428036 0.0855
v -0.01095771 0.01428036 0.08505
v -0.00806329 0.01609296 0.0855
v -0.00806329 0.01609296 0.08505
v -0.00542873 -0.02610414 0.086
v -0.00658969 -0.0261835 0.086
v -0.00379357 -0.02673217 0.086
v 0.00163022 0.02695074 0.086
v 0.00475222 0.02583187 0.086
v 0.00593231 0.02634023 0.086
v 0.00615074 0.02620661 0.086
v 0.00658969 0.0261835 0.086
v 0.00120996 -0.01846039 0.086
v -0.00241473 -0.01834173 0.086
v -0.00486009 -0.02047595 0.086
v 0.01749372 0.02056623 0.086
v 0.01396812 0.02310609 0.086
v 0.02172278 0.00886131 0.086
v -0.01830765 0.01984515 0.086
v -0.01879859 0.01938073 0.086
v -0.01843 0.01962022 0.086
v -0.00375724 -0.02141404 0.086
v -0.00321666 -0.0227572 0.086
v 0.0005437 -0.02699452 0.086
v -0.00336221 -0.02419773 0.086
v -0.00416052 -0.02540561 0.086
v 0.02597043 0.00738491 0.086
v 0.02504752 0.01008076 0.086
v 0.02563664 0.00797984 0.086
v 0.02453379 0.00891793 0.086
v -0.01488718 0.02252492 0.086
v -0.00478815 0.01786963 0.086
v 0.00554702 0.02023114 0.086
v -0.01397557 0.01739558 0.086
v 0.01879859 -0.01938073 0.086
v 0.01775349 -0.01989249 0.086
v 0.01665141 -0.02125395 0.086
v 0.01630592 -0.01992164 0.086
v 0.0130264 -0.02364979 0.086
v 0.01501062 -0.01927474 0.086
v 0.02634023 0.00593231 0.086
v 0.0261835 0.00658969 0.086
v 0.02603167 0.00519615 0.086
v -0.01938073 0.01879859 0.086
v -0.02125395 0.01665141 0.086
v -0.01949419 0.01863848 0.086
v -0.01998024 0.01727464 0.086
v -0.02415513 -0.01206356 0.086
v -0.0219072 -0.0157821 0.086
v -0.02239929 -0.00913358 0.086
v -0.02384686 -0.00916274 0.086
v -0.02514216 -0.00851584 0.086
v -0.02577746 -0.00803258 0.086
v -0.02597043 -0.00738491 0.086
v 0.01396088 -0.01666648 0.086
v 0.01416431 -0.01809998 0.086
v 0.00486689 -0.02655774 0.086
v 0.00906402 -0.02543312 0.086
v 0.00826279 0.02095883 0.086
v 0.0206586 0.00787957 0.086
v 0.00906111 0.02216671 0.086
v 0.00920665 0.02360724 0.086
v 0.00866607 0.0249504 0.086
v 0.01008076 0.02504752 0.086
v 0.00756322 0.02588849 0.086
v 0.00738491 0.02597043 0.086
v -0.01703148 0.01999495 0.086
v -0.015619 0.01967683 0.086
v -0.01108115 0.0246213 0.086
v -0.01977681 0.01584115 0.086
v -0.02364979 0.0130264 0.086
v -0.01893051 0.01466638 0.086
v -0.02543312 0.00906402 0.086
v -0.02655774 0.00486689 0.086
v -0.00594663 -0.01751821 0.086
v -0.0076711 -0.02053257 0.086
v -0.00627257 -0.02015783 0.086
v -0.00873528 -0.0215143 0.086
v -0.01909188 -0.01909188 0.086
v -0.00922133 -0.02287814 0.086
v -0.0157821 -0.0219072 0.086
v -0.00901791 -0.02431164 0.086
v -0.01206356 -0.02415513 0.086
v -0.0081716 -0.0254864 0.086
v -0.00803258 -0.02577746 0.086
v -0.00738491 -0.02597043 0.086
v 0.01834173 -0.00241473 0.086
v 0.01751821 -0.00594663 0.086
v 0.01690965 -0.01394618 0.086
v 0.01602147 -0.00925 0.086
v 0.01551112 -0.01432091 0.086
v 0.01390904 -0.0121979 0.086
v 0.01444694 -0.01530265 0.086
v 0.01126209 -0.01467704 0.086
v 0.00818234 -0.01659214 0.086
v 0.00478815 -0.01786963 0.086
v 0.02252492 -0.01488718 0.086
v 0.01982001 -0.01798607 0.086
v 0.01984515 -0.01830765 0.086
v 0.01938073 -0.01879859 0.086
v 0.0231213 0.00923604 0.086
v 0.02310609 0.01396812 0.086
v 0.02056623 0.01749372 0.086
v -0.00120996 0.01846039 0.086
v 0.00241473 0.01834173 0.086
v 0.00699458 0.02026029 0.086
v 0.00425171 0.02087804 0.086
v 0.00340541 0.0220528 0.086
v -0.01451614 0.01873874 0.086
v 0.00320198 0.0234863 0.086
v -0.02113109 -0.00843505 0.086
v 0.02608 -0.00698811 0.086
v 0.01832213 -0.01426429 0.086
v 0.0246213 -0.01108115 0.086
v 0.01942498 -0.01520238 0.086
v 0.01996556 -0.01654554 0.086
v 0.02695074 0.00163022 0.086
v 0.02523335 0.00398827 0.086
v 0.02686324 -0.00271409 0.086
v 0.02396515 0.00328973 0.086
v 0.02251758 0.00326058 0.086
v 0.01846039 0.00120996 0.086
v 0.02122228 0.00390748 0.086
v 0.01786963 0.00478815 0.086
v 0.02037597 0.00508224 0.086
v 0.01659214 0.00818234 0.086
v 0.02017254 0.00651574 0.086
v 0.01467704 0.01126209 0.086
v 0.0121979 0.01390904 0.086
v 0.00925 0.01602147 0.086
v 0.00594663 0.01751821 0.086
v -0.00271409 0.02686324 0.086
v 0.00368803 0.02485014 0.086
v -0.00698811 0.02608 0.086
v -0.00925 -0.01602147 0.086
v -0.0121979 -0.01390904 0.086
v -0.01467704 -0.01126209 0.086
v -0.02033277 -0.00722716 0.086
v -0.01659214 -0.00818234 0.086
v -0.02018723 -0.00578664 0.086
v -0.01786963 -0.00478815 0.086
v -0.0207278 -0.00444348 0.086
v -0.01846039 -0.00120996 0.086
v -0.02183065 -0.00350539 0.086
v -0.01834173 0.00241473 0.086
v -0.01751821 0.00594663 0.086
v -0.0261835 -0.00658969 0.086
v -0.0261919 -0.00590758 0.086
v -0.02673217 -0.00379357 0.086
v -0.02570584 -0.00454374 0.086
v -0.02699452 0.0005437 0.086
v -0.02464166 -0.003562 0.086
v -0.02324313 -0.00318727 0.086
v -0.0176352 0.01401948 0.086
v -0.01618763 0.01404864 0.086
v -0.01602147 0.00925 0.086
v -0.01491943 0.01474717 0.086
v -0.01390904 0.0121979 0.086
v -0.01412111 0.01595506 0.086
v -0.01126209 0.01467704 0.086
v -0.00818234 0.01659214 0.086
v 0.01802268 0.01077882 0.078
v 0.01573521 0.01390695 0.078
v 0.01822257 0.01564163 0.078
v -0.0246213 0.01108115 0.078
v -0.02252492 0.01488718 0.078
v -0.01946277 0.00788672 0.078
v 0.02543312 -0.00906402 0.078
v 0.02360202 -0.00443476 0.078
v 0.02655774 -0.00486689 0.078
v 0.02364979 -0.0130264 0.078
v 0.02125395 -0.01665141 0.078
v 0.01946277 -0.00788672 0.078
v -0.01532849 0.01741056 0.078
v -0.01576848 0.01817264 0.078
v -0.00562732 0.02100145 0.078
v 0.00964888 0.01865205 0.078
v 0.00605728 0.02010744 0.078
v 0.00577166 0.02154015 0.078
v 0.00456958 0.02362221 0.078
v 0.00456958 0.02274223 0.078
v -0.0054352 0.02028444 0.078
v 0.00741374 0.02198014 0.078
v 0.00785373 0.02274223 0.078
v 0.01206356 0.02415513 0.078
v 0.00785373 0.02362221 0.078
v 0.00803258 0.02577746 0.078
v 0.00500958 0.02198014 0.078
v 0.00225941 0.0208781 0.078
v -0.0016154 0.02093778 0.078
v 0.00741374 0.0243843 0.078
v 0.00665165 0.02482429 0.078
v 0.00379357 0.02673217 0.078
v -0.00486689 0.02655774 0.078
v -0.0005437 0.02699452 0.078
v -0.01817264 0.01576848 0.078
v -0.01741056 0.01532849 0.078
v -0.0176822 0.01132871 0.078
v -0.01653057 0.01532849 0.078
v -0.01529948 0.01438492 0.078
v -0.01576848 0.01576848 0.078
v -0.01239576 0.01695126 0.078
v -0.01532849 0.01653057 0.078
v -0.00906991 0.01894035 0.078
v 0.00500958 0.0243843 0.078
v 0.00577166 0.02482429 0.078
v -0.01665141 0.02125395 0.078
v -0.01653057 0.01861264 0.078
v -0.01741056 0.01861264 0.078
v -0.01984515 0.01830765 0.078
v -0.01817264 0.01817264 0.078
v -0.01861264 0.01741056 0.078
v -0.01861264 0.01653057 0.078
v -0.0130264 0.02364979 0.078
v -0.00906402 0.02543312 0.078
v -0.00163022 -0.02695074 0.078
v -0.00593231 -0.02634023 0.078
v -0.00577166 -0.02482429 0.078
v 0.00562732 -0.02100145 0.078
v 0.00271409 -0.02686324 0.078
v -0.00456958 -0.02362221 0.078
v -0.00456958 -0.02274223 0.078
v 0.0054352 -0.02028444 0.078
v -0.00964888 -0.01865205 0.078
v -0.00605728 -0.02010744 0.078
v -0.00577166 -0.02154015 0.078
v -0.00500958 -0.02198014 0.078
v -0.00225941 -0.0208781 0.078
v 0.0016154 -0.02093778 0.078
v -0.00665165 -0.02154015 0.078
v -0.00741374 -0.02198014 0.078
v -0.01291189 -0.01656149 0.078
v -0.00785373 -0.02274223 0.078
v -0.01008076 -0.02504752 0.078
v -0.00785373 -0.02362221 0.078
v -0.00980627 -0.02515625 0.078
v -0.00741374 -0.0243843 0.078
v -0.00665165 -0.02482429 0.078
v 0.01488718 -0.02252492 0.078
v 0.01108115 -0.0246213 0.078
v 0.00698811 -0.02608 0.078
v 0.01830765 -0.01984515 0.078
v 0.01653057 -0.01861264 0.078
v 0.01576848 -0.01817264 0.078
v 0.01532849 -0.01741056 0.078
v 0.01741056 -0.01861264 0.078
v 0.01817264 -0.01817264 0.078
v 0.02107061 -0.01688282 0.078
v 0.01861264 -0.01741056 0.078
v 0.01861264 -0.01653057 0.078
v 0.01817264 -0.01576848 0.078
v 0.01741056 -0.01532849 0.078
v 0.0176822 -0.01132871 0.078
v 0.01653057 -0.01532849 0.078
v 0.01529948 -0.01438492 0.078
v 0.01576848 -0.01576848 0.078
v 0.01239576 -0.01695126 0.078
v 0.01532849 -0.01653057 0.078
v 0.00906991 -0.01894035 0.078
v -0.00500958 -0.0243843 0.078
v 0.02058057 -0.00417616 0.078
v 0.02274223 0.00785373 0.078
v 0.02198014 0.00741374 0.078
v 0.02154015 0.00665165 0.078
v 0.02154015 0.00577166 0.078
v 0.02362221 0.00456958 0.078
v 0.0243843 0.00500958 0.078
v 0.02673217 0.00379357 0.078
v 0.02482429 0.00577166 0.078
v 0.02577746 0.00803258 0.078
v 0.02198014 0.00500958 0.078
v 0.02274223 0.00456958 0.078
v 0.02699452 -0.0005437 0.078
v 0.00665165 0.02154015 0.078
v 0.01291189 0.01656149 0.078
v 0.0157821 0.0219072 0.078
v 0.02482429 0.00665165 0.078
v 0.0243843 0.00741374 0.078
v 0.02415513 0.01206356 0.078
v 0.02362221 0.00785373 0.078
v 0.0219072 0.0157821 0.078
v 0.01909188 0.01909188 0.078
v -0.02634023 -0.00593231 0.078
v -0.02695074 -0.00163022 0.078
v -0.0243843 -0.00500958 0.078
v -0.02274223 -0.00785373 0.078
v -0.02198014 -0.00741374 0.078
v -0.01822257 -0.01564163 0.078
v -0.02058057 0.00417616 0.078
v -0.02360202 0.00443476 0.078
v -0.02608 0.00698811 0.078
v -0.02274223 -0.00456958 0.078
v -0.02362221 -0.00456958 0.078
v -0.02686324 0.00271409 0.078
v -0.02482429 -0.00577166 0.078
v -0.02482429 -0.00665165 0.078
v -0.02504752 -0.01008076 0.078
v -0.02154015 -0.00665165 0.078
v -0.02154015 -0.00577166 0.078
v -0.02198014 -0.00500958 0.078
v -0.0243843 -0.00741374 0.078
v -0.02362221 -0.00785373 0.078
v -0.02310609 -0.01396812 0.078
v -0.02056623 -0.01749372 0.078
v -0.01749372 -0.02056623 0.078
v -0.01969642 -0.00728363 0.078
v -0.02069941 -0.0035404 0.078
v -0.02099751 0.00032339 0.078
v -0.01396812 -0.02310609 0.078
v -0.01573521 -0.01390695 0.078
v -0.01802268 -0.01077882 0.078
v 0.02099751 -0.00032339 0.078
v 0.02069941 0.0035404 0.078
v 0.01969642 0.00728363 0.078
v -0.00923187 0.0259041 0.0785
v -0.01128635 0.02507725 0.0855
v -0.00711752 0.02656296 0.0855
v -0.01128635 0.02507725 0.0785
v -0.01326763 0.02408775 0.0785
v -0.01516287 0.02294204 0.0855
v -0.01516287 0.02294204 0.0785
v -0.01695977 0.02164755 0.0785
v -0.01864668 0.02021266 0.0855
v -0.01864668 0.02021266 0.0785
v -0.02021266 0.01864668 0.0785
v -0.02164755 0.01695977 0.0855
v -0.02164755 0.01695977 0.0785
v -0.02294204 0.01516287 0.0785
v -0.02408775 0.01326763 0.0855
v -0.02408775 0.01326763 0.0785
v -0.02507725 0.01128635 0.0785
v -0.0259041 0.00923187 0.0855
v -0.0259041 0.00923187 0.0785
v -0.02656296 0.00711752 0.0785
v -0.02704955 0.00495701 0.0855
v -0.02704955 0.00495701 0.0785
v -0.02736071 0.00276436 0.0785
v -0.02749442 0.00055377 0.0855
v -0.02749442 0.00055377 0.0785
v -0.02744983 -0.00166041 0.0785
v -0.02722721 -0.00386382 0.0855
v -0.02722721 -0.00386382 0.0785
v -0.02682801 -0.00604217 0.0785
v -0.02625482 -0.00818133 0.0855
v -0.02625482 -0.00818133 0.0785
v -0.02551136 -0.01026744 0.0785
v -0.02460245 -0.01228696 0.0855
v -0.02460245 -0.01228696 0.0785
v -0.02353399 -0.01422679 0.0785
v -0.02231289 -0.01607436 0.0855
v -0.02231289 -0.01607436 0.0785
v -0.02094709 -0.01781767 0.0785
v -0.01944544 -0.01944544 0.0855
v -0.01944544 -0.01944544 0.0785
v -0.01781767 -0.02094709 0.0785
v -0.01607436 -0.02231289 0.0855
v -0.01607436 -0.02231289 0.0785
v -0.01422679 -0.02353399 0.0785
v -0.01228696 -0.02460245 0.0855
v -0.01228696 -0.02460245 0.0785
v -0.01026744 -0.02551136 0.0785
v -0.00818133 -0.02625482 0.0855
v -0.00818133 -0.02625482 0.0785
v -0.00604217 -0.02682801 0.0785
v -0.00386382 -0.02722721 0.0855
v -0.00386382 -0.02722721 0.0785
v -0.00166041 -0.02744983 0.0785
v 0.00055377 -0.02749442 0.0855
v 0.00055377 -0.02749442 0.0785
v 0.00276436 -0.02736071 0.0785
v 0.00495701 -0.02704955 0.0855
v 0.00495701 -0.02704955 0.0785
v 0.00711752 -0.02656296 0.0855
v 0.00711752 -0.02656296 0.0785
v 0.00923187 -0.0259041 0.0855
v 0.00923187 -0.0259041 0.0785
v 0.01128635 -0.02507725 0.0785
v 0.01326763 -0.02408775 0.0855
v 0.01326763 -0.02408775 0.0785
v 0.01516287 -0.02294204 0.0785
v 0.01695977 -0.02164755 0.0855
v 0.01695977 -0.02164755 0.0785
v 0.01864668 -0.02021266 0.0785
v 0.02021266 -0.01864668 0.0855
v 0.02021266 -0.01864668 0.0785
v 0.02164755 -0.01695977 0.0785
v 0.02294204 -0.01516287 0.0855
v 0.02294204 -0.01516287 0.0785
v 0.02408775 -0.01326763 0.0785
v 0.02507725 -0.01128635 0.0855
v 0.02507725 -0.01128635 0.0785
v 0.0259041 -0.00923187 0.0785
v 0.02656296 -0.00711752 0.0855
v 0.02656296 -0.00711752 0.0785
v 0.02704955 -0.00495701 0.0785
v 0.02736071 -0.00276436 0.0855
v 0.02736071 -0.00276436 0.0785
v 0.02749442 -0.00055377 0.0785
v 0.02744983 0.00166041 0.0855
v 0.02744983 0.00166041 0.0785
v 0.02722721 0.00386382 0.0785
v 0.02682801 0.00604217 0.0855
v 0.02682801 0.00604217 0.0785
v 0.02625482 0.00818133 0.0785
v 0.02551136 0.01026744 0.0855
v 0.02551136 0.01026744 0.0785
v 0.02460245 0.01228696 0.0785
v 0.02353399 0.01422679 0.0855
v 0.02353399 0.01422679 0.0785
v 0.02231289 0.01607436 0.0785
v 0.02094709 0.01781767 0.0855
v 0.02094709 0.01781767 0.0785
v 0.01944544 0.01944544 0.0785
v 0.01781767 0.02094709 0.0855
v 0.01781767 0.02094709 0.0785
v 0.01607436 0.02231289 0.0785
v 0.01422679 0.02353399 0.0855
v 0.01422679 0.02353399 0.0785
v 0.01228696 0.02460245 0.0785
v 0.01026744 0.02551136 0.0855
v 0.01026744 0.02551136 0.0785
v 0.00818133 0.02625482 0.0785
v 0.00604217 0.02682801 0.0855
v 0.00604217 0.02682801 0.0785
v 0.00386382 0.02722721 0.0785
v 0.00166041 0.02744983 0.0855
v 0.00166041 0.02744983 0.0785
v -0.00055377 0.02749442 0.0785
v -0.00276436 0.02736071 0.0855
v -0.00276436 0.02736071 0.0785
v -0.00495701 0.02704955 0.0785
v -0.00711752 0.02656296 0.0785
v -0.00157694 0.02043926 0.0785
v -0.00146245 0.02044777 0.08455
v -0.00530579 0.01980148 0.08455
v -0.00146245 0.02044777 0.0785
v 0.00220562 0.020381 0.0785
v 0.00243374 0.02035502 0.08455
v 0.00243374 0.02035502 0.0785
v 0.00591306 0.0196287 0.0785
v 0.00624197 0.01952659 0.08455
v 0.00624197 0.01952659 0.0785
v 0.00941914 0.01820796 0.0785
v 0.0098246 0.01799242 0.08455
v 0.0098246 0.01799242 0.0785
v 0.01260447 0.01616717 0.0785
v 0.01305215 0.01580795 0.08455
v 0.01305215 0.01580795 0.0785
v 0.01536056 0.01357583 0.0785
v 0.01580795 0.01305215 0.08455
v 0.01580795 0.01305215 0.0785
v 0.01759357 0.01052218 0.0785
v 0.01799242 0.0098246 0.08455
v 0.01799242 0.0098246 0.0785
v 0.01922745 0.00711021 0.0785
v 0.01952659 0.00624197 0.08455
v 0.01952659 0.00624197 0.0785
v 0.02020657 0.00345611 0.0785
v 0.02035502 0.00243374 0.08455
v 0.02035502 0.00243374 0.0785
v 0.02049757 -0.00031569 0.0785
v 0.02044777 -0.00146245 0.08455
v 0.02044777 -0.00146245 0.0785
v 0.02009055 -0.00407673 0.0785
v 0.01980148 -0.00530579 0.08455
v 0.01980148 -0.00530579 0.0785
v 0.01899938 -0.00769895 0.0785
v 0.01843951 -0.00895736 0.08455
v 0.01843951 -0.00895736 0.0785
v 0.0172612 -0.01105898 0.0785
v 0.0164111 -0.01228519 0.08455
v 0.0164111 -0.01228519 0.0785
v 0.01493521 -0.01404242 0.0785
v 0.01378954 -0.015169 0.08455
v 0.01378954 -0.015169 0.0785
v 0.01210062 -0.01654766 0.0785
v 0.01066959 -0.01750457 0.08455
v 0.01066959 -0.01750457 0.0785
v 0.00885396 -0.01848939 0.0785
v 0.00716402 -0.01920747 0.08455
v 0.00716402 -0.01920747 0.0785
v 0.00530579 -0.01980148 0.0785
v 0.00339952 -0.02021617 0.08455
v 0.00339952 -0.02021617 0.0785
v 0.00157694 -0.02043926 0.0785
v -0.00048785 -0.02049419 0.08455
v -0.00048785 -0.02049419 0.0785
v -0.00220562 -0.020381 0.0785
v -0.00435759 -0.02003151 0.08455
v -0.00435759 -0.02003151 0.0785
v -0.00591306 -0.0196287 0.0785
v -0.00806983 -0.01884484 0.08455
v -0.00806983 -0.01884484 0.0785
v -0.00941914 -0.01820796 0.0785
v -0.01149041 -0.01697706 0.08455
v -0.01149041 -0.01697706 0.0785
v -0.01260447 -0.01616717 0.0785
v -0.01449569 -0.01449569 0.08455
v -0.01449569 -0.01449569 0.0785
v -0.01536056 -0.01357583 0.0785
v -0.01697706 -0.01149041 0.08455
v -0.01697706 -0.01149041 0.0785
v -0.01759357 -0.01052218 0.0785
v -0.01884484 -0.00806983 0.08455
v -0.01884484 -0.00806983 0.0785
v -0.01922745 -0.00711021 0.0785
v -0.02003151 -0.00435759 0.08455
v -0.02003151 -0.00435759 0.0785
v -0.02020657 -0.00345611 0.0785
v -0.02049419 -0.00048785 0.08455
v -0.02049419 -0.00048785 0.0785
v -0.02049757 0.00031569 0.0785
v -0.02021617 0.00339952 0.08455
v -0.02021617 0.00339952 0.0785
v -0.02009055 0.00407673 0.0785
v -0.01920747 0.00716402 0.08455
v -0.01920747 0.00716402 0.0785
v -0.01899938 0.00769895 0.0785
v -0.01750457 0.01066959 0.08455
v -0.01750457 0.01066959 0.0785
v -0.0172612 0.01105898 0.0785
v -0.015169 0.01378954 0.08455
v -0.015169 0.01378954 0.0785
v -0.01493521 0.01404242 0.0785
v -0.01228519 0.0164111 0.08455
v -0.01228519 0.0164111 0.0785
v -0.01210062 0.01654766 0.0785
v -0.00895736 0.01843951 0.08455
v -0.00895736 0.01843951 0.0785
v -0.00885396 0.01848939 0.0785
v -0.00530579 0.01980148 0.0785
v 0.00478815 -0.01786963 0.08455
v 0.00120996 -0.01846039 0.08455
v -0.00241473 -0.01834173 0.08455
v -0.00594663 -0.01751821 0.08455
v -0.00925 -0.01602147 0.08455
v -0.0121979 -0.01390904 0.08455
v -0.01467704 -0.01126209 0.08455
v -0.01659214 -0.00818234 0.08455
v -0.01786963 -0.00478815 0.08455
v -0.01846039 -0.00120996 0.08455
v -0.01834173 0.00241473 0.08455
v -0.01751821 0.00594663 0.08455
v -0.01602147 0.00925 0.08455
v -0.01390904 0.0121979 0.08455
v -0.01126209 0.01467704 0.08455
v -0.00818234 0.01659214 0.08455
v -0.00478815 0.01786963 0.08455
v -0.00120996 0.01846039 0.08455
v 0.00241473 0.01834173 0.08455
v 0.00594663 0.01751821 0.08455
v 0.00925 0.01602147 0.08455
v 0.0121979 0.01390904 0.08455
v 0.01467704 0.01126209 0.08455
v 0.01659214 0.00818234 0.08455
v 0.01786963 0.00478815 0.08455
v 0.01846039 0.00120996 0.08455
v 0.01834173 -0.00241473 0.08455
v 0.01751821 -0.00594663 0.08455
v 0.01602147 -0.00925 0.08455
v 0.01390904 -0.0121979 0.08455
v 0.01126209 -0.01467704 0.08455
v 0.00818234 -0.01659214 0.08455
v 0.00665165 0.02154015 0.0826
v 0.00741374 0.02198014 0.0826
v 0.00785373 0.02274223 0.0826
v 0.00785373 0.02362221 0.0826
v 0.00741374 0.0243843 0.0826
v 0.00665165 0.02482429 0.0826
v 0.00577166 0.02482429 0.0826
v 0.00500958 0.0243843 0.0826
v 0.00456958 0.02362221 0.0826
v 0.00456958 0.02274223 0.0826
v 0.00500958 0.02198014 0.0826
v 0.00577166 0.02154015 0.0826
v 0.00476428 0.02580998 0.0826
v 0.00370889 0.02483635 0.0826
v 0.00322685 0.02348379 0.0826
v 0.0034286 0.02206214 0.0826
v 0.00426791 0.02089708 0.0826
v 0.00555251 0.02025553 0.0826
v 0.00698811 0.02028444 0.0826
v 0.00824584 0.0209772 0.0826
v 0.00903756 0.02217511 0.0826
v 0.0091819 0.02360373 0.0826
v 0.00864579 0.02493579 0.0826
v 0.00755205 0.02586612 0.0826
v 0.00615125 0.02618161 0.0826
v 0.00698811 0.02028444 0.085975
v 0.00824584 0.0209772 0.085975
v 0.00903756 0.02217511 0.085975
v 0.0091819 0.02360373 0.085975
v 0.00864579 0.02493579 0.085975
v 0.00755205 0.02586612 0.085975
v 0.00615125 0.02618161 0.085975
v 0.00476428 0.02580998 0.085975
v 0.00370889 0.02483635 0.085975
v 0.00322685 0.02348379 0.085975
v 0.0034286 0.02206214 0.085975
v 0.00426791 0.02089708 0.085975
v 0.00555251 0.02025553 0.085975
v 0.00699135 0.02609207 0.0859875
v -0.01653057 0.01532849 0.0826
v -0.01576848 0.01576848 0.0826
v -0.01532849 0.01653057 0.0826
v -0.01532849 0.01741056 0.0826
v -0.01576848 0.01817264 0.0826
v -0.01653057 0.01861264 0.0826
v -0.01741056 0.01861264 0.0826
v -0.01817264 0.01817264 0.0826
v -0.01861264 0.01741056 0.0826
v -0.01861264 0.01653057 0.0826
v -0.01817264 0.01576848 0.0826
v -0.01741056 0.01532849 0.0826
v -0.01841794 0.01959832 0.0826
v -0.01947333 0.01862469 0.0826
v -0.01995537 0.01727213 0.0826
v -0.01975362 0.01585048 0.0826
v -0.01891431 0.01468543 0.0826
v -0.01762971 0.01404387 0.0826
v -0.01619411 0.01407279 0.0826
v -0.01493638 0.01476555 0.0826
v -0.01414466 0.01596345 0.0826
v -0.01400032 0.01739207 0.0826
v -0.01453643 0.01872413 0.0826
v -0.01563017 0.01965447 0.0826
v -0.01703097 0.01996996 0.0826
v -0.01619411 0.01407279 0.085975
v -0.01493638 0.01476555 0.085975
v -0.01414466 0.01596345 0.085975
v -0.01400032 0.01739207 0.085975
v -0.01453643 0.01872413 0.085975
v -0.01563017 0.01965447 0.085975
v -0.01703097 0.01996996 0.085975
v -0.01841794 0.01959832 0.085975
v -0.01947333 0.01862469 0.085975
v -0.01995537 0.01727213 0.085975
v -0.01975362 0.01585048 0.085975
v -0.01891431 0.01468543 0.085975
v -0.01762971 0.01404387 0.085975
v -0.01910072 0.01910072 0.0859875
v -0.02274223 -0.00785373 0.0826
v -0.02198014 -0.00741374 0.0826
v -0.02154015 -0.00665165 0.0826
v -0.02154015 -0.00577166 0.0826
v -0.02198014 -0.00500958 0.0826
v -0.02274223 -0.00456958 0.0826
v -0.02362221 -0.00456958 0.0826
v -0.0243843 -0.00500958 0.0826
v -0.02482429 -0.00577166 0.0826
v -0.02482429 -0.00665165 0.0826
v -0.0243843 -0.00741374 0.0826
v -0.02362221 -0.00785373 0.0826
v -0.02184182 -0.00352775 0.0826
v -0.02324263 -0.00321227 0.0826
v -0.0246296 -0.0035839 0.0826
v -0.02568499 -0.00455753 0.0826
v -0.02616702 -0.00591009 0.0826
v -0.02596528 -0.00733174 0.0826
v -0.02512597 -0.00849679 0.0826
v -0.02384137 -0.00913835 0.0826
v -0.02240576 -0.00910943 0.0826
v -0.02114804 -0.00841667 0.0826
v -0.02035632 -0.00721877 0.0826
v -0.02021198 -0.00579015 0.0826
v -0.02074809 -0.00445809 0.0826
v -0.02240576 -0.00910943 0.085975
v -0.02114804 -0.00841667 0.085975
v -0.02035632 -0.00721877 0.085975
v -0.02021198 -0.00579015 0.085975
v -0.02074809 -0.00445809 0.085975
v -0.02184182 -0.00352775 0.085975
v -0.02324263 -0.00321227 0.085975
v -0.0246296 -0.0035839 0.085975
v -0.02568499 -0.00455753 0.085975
v -0.02616702 -0.00591009 0.085975
v -0.02596528 -0.00733174 0.085975
v -0.02512597 -0.00849679 0.085975
v -0.02384137 -0.00913835 0.085975
v -0.02609207 -0.00699135 0.0859875
v -0.02598591 -0.0073402 0.0859973
v -0.00577166 -0.02482429 0.0826
v -0.00500958 -0.0243843 0.0826
v -0.00456958 -0.02362221 0.0826
v -0.00456958 -0.02274223 0.0826
v -0.00500958 -0.02198014 0.0826
v -0.00577166 -0.02154015 0.0826
v -0.00665165 -0.02154015 0.0826
v -0.00741374 -0.02198014 0.0826
v -0.00785373 -0.02274223 0.0826
v -0.00785373 -0.02362221 0.0826
v -0.00741374 -0.0243843 0.0826
v -0.00665165 -0.02482429 0.0826
v -0.00487126 -0.02049832 0.0826
v -0.00627207 -0.02018283 0.0826
v -0.00765904 -0.02055446 0.0826
v -0.00871443 -0.02152809 0.0826
v -0.00919646 -0.02288065 0.0826
v -0.00899472 -0.0243023 0.0826
v -0.0081554 -0.02546736 0.0826
v -0.0068708 -0.02610891 0.0826
v -0.0054352 -0.02608 0.0826
v -0.00417747 -0.02538724 0.0826
v -0.00338576 -0.02418933 0.0826
v -0.00324142 -0.02276071 0.0826
v -0.00377752 -0.02142865 0.0826
v -0.0054352 -0.02608 0.085975
v -0.00417747 -0.02538724 0.085975
v -0.00338576 -0.02418933 0.085975
v -0.00324142 -0.02276071 0.085975
v -0.00377752 -0.02142865 0.085975
v -0.00487126 -0.02049832 0.085975
v -0.00627207 -0.02018283 0.085975
v -0.00765904 -0.02055446 0.085975
v -0.00871443 -0.02152809 0.085975
v -0.00919646 -0.02288065 0.085975
v -0.00899472 -0.0243023 0.085975
v -0.0081554 -0.02546736 0.085975
v -0.0068708 -0.02610891 0.085975
v -0.00699135 -0.02609207 0.0859875
v -0.00687371 -0.02612219 0.08598859
v 0.01741056 -0.01861264 0.0826
v 0.01817264 -0.01817264 0.0826
v 0.01861264 -0.01741056 0.0826
v 0.01861264 -0.01653057 0.0826
v 0.01817264 -0.01576848 0.0826
v 0.01741056 -0.01532849 0.0826
v 0.01653057 -0.01532849 0.0826
v 0.01576848 -0.01576848 0.0826
v 0.01532849 -0.01653057 0.0826
v 0.01532849 -0.01741056 0.0826
v 0.01576848 -0.01817264 0.0826
v 0.01653057 -0.01861264 0.0826
v 0.01552318 -0.01434281 0.0826
v 0.01446779 -0.01531643 0.0826
v 0.01398576 -0.016669 0.0826
v 0.0141875 -0.01809065 0.0826
v 0.01502682 -0.0192557 0.0826
v 0.01631142 -0.01989725 0.0826
v 0.01774702 -0.01986834 0.0826
v 0.01900475 -0.01917558 0.0826
v 0.01979646 -0.01797768 0.0826
v 0.0199408 -0.01654905 0.0826
v 0.0194047 -0.015217 0.0826
v 0.01831096 -0.01428666 0.0826
v 0.01691015 -0.01397117 0.0826
v 0.01774702 -0.01986834 0.085975
v 0.01900475 -0.01917558 0.085975
v 0.01979646 -0.01797768 0.085975
v 0.0199408 -0.01654905 0.085975
v 0.0194047 -0.015217 0.085975
v 0.01831096 -0.01428666 0.085975
v 0.01691015 -0.01397117 0.085975
v 0.01552318 -0.01434281 0.085975
v 0.01446779 -0.01531643 0.085975
v 0.01398576 -0.016669 0.085975
v 0.0141875 -0.01809065 0.085975
v 0.01502682 -0.0192557 0.085975
v 0.01631142 -0.01989725 0.085975
v 0.01910072 -0.01910072 0.0859875
v 0.0190139 -0.01918562 0.08598859
v 0.02362221 0.00456958 0.0826
v 0.0243843 0.00500958 0.0826
v 0.02482429 0.00577166 0.0826
v 0.02482429 0.00665165 0.0826
v 0.0243843 0.00741374 0.0826
v 0.02362221 0.00785373 0.0826
v 0.02274223 0.00785373 0.0826
v 0.02198014 0.00741374 0.0826
v 0.02154015 0.00665165 0.0826
v 0.02154015 0.00577166 0.0826
v 0.02198014 0.00500958 0.0826
v 0.02274223 0.00456958 0.0826
v 0.02452262 0.00889556 0.0826
v 0.02312181 0.00921105 0.0826
v 0.02173484 0.00883941 0.0826
v 0.02067945 0.00786579 0.0826
v 0.02019742 0.00651322 0.0826
v 0.02039916 0.00509157 0.0826
v 0.02123847 0.00392652 0.0826
v 0.02252307 0.00328496 0.0826
v 0.02395868 0.00331388 0.0826
v 0.0252164 0.00400664 0.0826
v 0.02600812 0.00520454 0.0826
v 0.02615246 0.00663316 0.0826
v 0.02561635 0.00796522 0.0826
v 0.02395868 0.00331388 0.085975
v 0.0252164 0.00400664 0.085975
v 0.02600812 0.00520454 0.085975
v 0.02615246 0.00663316 0.085975
v 0.02561635 0.00796522 0.085975
v 0.02452262 0.00889556 0.085975
v 0.02312181 0.00921105 0.085975
v 0.02173484 0.00883941 0.085975
v 0.02067945 0.00786579 0.085975
v 0.02019742 0.00651322 0.085975
v 0.02039916 0.00509157 0.085975
v 0.02123847 0.00392652 0.085975
v 0.02252307 0.00328496 0.085975
v 0.02609207 0.00699135 0.0859875
v 0.02617456 0.00663615 0.0859973
v 0.01806611 0.02395028 0.074
v 0.02014027 0.02223442 0.074
v 0.02014027 0.02223442 0.0085
v 0.02205227 0.02033956 0.0085
v 0.02205227 0.02033956 0.074
v 0.02532965 0.01607511 0.074
v 0.02532965 0.01607511 0.0085
v 0.02779291 0.01129399 0.074
v 0.02779291 0.01129399 0.0085
v 0.02936289 0.00614988 0.074
v 0.02936289 0.00614988 0.0085
v 0.02998911 0.0008081 0.074
v 0.02998911 0.0008081 0.0085
v 0.02965147 -0.00455965 0.074
v 0.02965147 -0.00455965 0.0085
v 0.0283608 -0.00978085 0.074
v 0.0283608 -0.00978085 0.0085
v 0.02615859 -0.01468768 0.074
v 0.02615859 -0.01468768 0.0085
v 0.02311563 -0.01912244 0.074
v 0.02311563 -0.01912244 0.0085
v 0.0193297 -0.02294259 0.074
v 0.0193297 -0.02294259 0.0085
v 0.01492251 -0.02602535 0.074
v 0.01492251 -0.02602535 0.0085
v 0.01003569 -0.02827163 0.074
v 0.01003569 -0.02827163 0.0085
v 0.00482632 -0.02960923 0.074
v 0.00482632 -0.02960923 0.0085
v -0.00053817 -0.02999517 0.074
v -0.00053817 -0.02999517 0.0085
v -0.00588537 -0.02941704 0.074
v -0.00588537 -0.02941704 0.0085
v -0.0110434 -0.02789343 0.074
v -0.0110434 -0.02789343 0.0085
v -0.01584649 -0.02547329 0.074
v -0.01584649 -0.02547329 0.0085
v -0.02014027 -0.02223442 0.074
v -0.02014027 -0.02223442 0.0085
v -0.02378671 -0.01828093 0.074
v -0.02378671 -0.01828093 0.0085
v -0.02666864 -0.01373986 0.074
v -0.02666864 -0.01373986 0.0085
v -0.02869341 -0.00875719 0.074
v -0.02869341 -0.00875719 0.0085
v -0.02979595 -0.00349305 0.074
v -0.02979595 -0.00349305 0.0085
v -0.02994082 0.00188336 0.074
v -0.02994082 0.00188336 0.0085
v -0.02912338 0.00719923 0.074
v -0.02912338 0.00719923 0.0085
v -0.02736988 0.01228372 0.074
v -0.02736988 0.01228372 0.0085
v -0.02473669 0.01697339 0.074
v -0.02473669 0.01697339 0.0085
v -0.02130845 0.02111753 0.074
v -0.02130845 0.02111753 0.0085
v -0.01719533 0.02458293 0.074
v -0.01719533 0.02458293 0.0085
v -0.01252954 0.02725822 0.074
v -0.01252954 0.02725822 0.0085
v -0.00746104 0.02905741 0.074
v -0.00746104 0.02905741 0.0085
v -0.00215274 0.02992266 0.074
v -0.00215274 0.02992266 0.0085
v 0.00322475 0.02982618 0.074
v 0.00322475 0.02982618 0.0085
v 0.0084986 0.02877106 0.074
v 0.0084986 0.02877106 0.0085
v 0.01349929 0.02679121 0.074
v 0.01349929 0.02679121 0.0085
v 0.01806611 0.02395028 0.0085
v -0.00205093 -0.0123306 0.074
v 0.00150608 -0.01240894 0.074
v 0.00494107 -0.01148198 0.074
v 0.00839178 0.00926434 0.074
v 0.01066192 0.00652484 0.074
v 0.01206829 0.00325672 0.074
v 0.01191321 -0.00378488 0.074
v 0.01249697 -0.00027523 0.074
v 0.00797577 -0.00962482 0.074
v 0.01036432 -0.00698791 0.074
v -0.00839178 -0.00926434 0.074
v -0.00544178 -0.01125331 0.074
v -0.01036432 0.00698791 0.074
v -0.01191321 0.00378488 0.074
v -0.01249697 0.00027523 0.074
v -0.01206829 -0.00325672 0.074
v -0.01066192 -0.00652484 0.074
v -0.00797577 0.00962482 0.074
v -0.00150608 0.01240894 0.074
v -0.00494107 0.01148198 0.074
v 0.00544178 0.01125331 0.074
v 0.00205093 0.0123306 0.074
v 0.00620323 -0.02473398 0.0085
v 0.00125867 -0.02546892 0.0085
v -0.00373425 -0.02522509 0.0085
v -0.00858367 -0.02401188 0.0085
v -0.01310322 -0.02187591 0.0085
v -0.01711923 -0.01889926 0.0085
v -0.02047735 -0.01519632 0.0085
v -0.02304854 -0.0109094 0.0085
v -0.02473398 -0.00620323 0.0085
v -0.02546892 -0.00125867 0.0085
v -0.02522509 0.00373425 0.0085
v 0.0109094 -0.02304854 0.0085
v 0.01519632 -0.02047735 0.0085
v 0.01889926 -0.01711923 0.0085
v 0.02187591 -0.01310322 0.0085
v 0.02401188 -0.00858367 0.0085
v 0.02522509 -0.00373425 0.0085
v 0.02546892 0.00125867 0.0085
v 0.02473398 0.00620323 0.0085
v 0.02304854 0.0109094 0.0085
v 0.02047735 0.01519632 0.0085
v 0.01711923 0.01889926 0.0085
v -0.02401188 0.00858367 0.0085
v -0.02187591 0.01310322 0.0085
v -0.01889926 0.01711923 0.0085
v -0.01519632 0.02047735 0.0085
v -0.0109094 0.02304854 0.0085
v -0.00620323 0.02473398 0.0085
v -0.00125867 0.02546892 0.0085
v 0.00373425 0.02522509 0.0085
v 0.00858367 0.02401188 0.0085
v 0.01310322 0.02187591 0.0085
v 0.00839178 0.00926434 0.063
v 0.00544178 0.01125331 0.063
v 0.00205093 0.0123306 0.063
v -0.00150608 0.01240894 0.063
v -0.00494107 0.01148198 0.063
v -0.00797577 0.00962482 0.063
v -0.01036432 0.00698791 0.063
v -0.01191321 0.00378488 0.063
v -0.01249697 0.00027523 0.063
v -0.01206829 -0.00325672 0.063
v -0.01066192 -0.00652484 0.063
v -0.00839178 -0.00926434 0.063
v -0.00544178 -0.01125331 0.063
v -0.00205093 -0.0123306 0.063
v 0.00150608 -0.01240894 0.063
v 0.00494107 -0.01148198 0.063
v 0.00797577 -0.00962482 0.063
v 0.01036432 -0.00698791 0.063
v 0.01191321 -0.00378488 0.063
v 0.01249697 -0.00027523 0.063
v 0.01206829 0.00325672 0.063
v 0.01066192 0.00652484 0.063
v -0 0 0.063
v -0.01711923 -0.01889926 0.0125
v -0.02047735 -0.01519632 0.0125
v -0.02304854 -0.0109094 0.0125
v -0.02473398 -0.00620323 0.0125
v -0.02546892 -0.00125867 0.0125
v -0.02522509 0.00373425 0.0125
v -0.02401188 0.00858367 0.0125
v -0.02187591 0.01310322 0.0125
v -0.01889926 0.01711923 0.0125
v -0.01519632 0.02047735 0.0125
v -0.0109094 0.02304854 0.0125
v -0.00620323 0.02473398 0.0125
v -0.00125867 0.02546892 0.0125
v 0.00373425 0.02522509 0.0125
v 0.00858367 0.02401188 0.0125
v 0.01310322 0.02187591 0.0125
v 0.01711923 0.01889926 0.0125
v 0.02047735 0.01519632 0.0125
v 0.02304854 0.0109094 0.0125
v 0.02473398 0.00620323 0.0125
v 0.02546892 0.00125867 0.0125
v 0.02522509 -0.00373425 0.0125
v 0.02401188 -0.00858367 0.0125
v 0.02187591 -0.01310322 0.0125
v 0.01889926 -0.01711923 0.0125
v 0.01519632 -0.02047735 0.0125
v 0.0109094 -0.02304854 0.0125
v 0.00620323 -0.02473398 0.0125
v 0.00125867 -0.02546892 0.0125
v -0.00373425 -0.02522509 0.0125
v -0.00858367 -0.02401188 0.0125
v -0.01310322 -0.02187591 0.0125
v -0 0 0.0125
vn 0.99965 0.02557 -0.00661
vn 0.99262 0.12061 -0.01232
vn 0.99389 0.11034 0
vn 0.99533 0.09653 -0.00059
vn -0.36093 0.93259 0
vn -0.36379 0.93148 5E-05
vn -0.3662 0.93054 9E-05
vn -0.36872 0.92954 0.00015
vn -0.37196 0.92825 0.00025
vn -0.37614 0.92656 0.00041
vn -0.38127 0.92446 0.0007
vn -0.38497 0.92293 0.00098
vn -0.38956 0.921 0.00138
vn -0.39692 0.91785 0.00229
vn -0.40539 0.91414 0.00384
vn -0.4144 0.91007 0.00643
vn -0.4228 0.90616 0.01051
vn -0.42971 0.90281 0.01706
vn -0.43198 0.90154 0.02475
vn -0.4283 -0.9035 0.01545
vn -0.432 -0.90158 0.02309
vn -0.38305 -0.92373 0.00082
vn -0.42196 -0.90656 0.01004
vn -0.41403 -0.91024 0.00631
vn -0.40536 -0.91415 0.00383
vn -0.39984 -0.91658 0.00282
vn -0.3958 -0.91833 0.00214
vn -0.38914 -0.92118 0.00134
vn -0.37773 -0.92592 0.00049
vn -0.37326 -0.92772 0.00029
vn -0.3698 -0.92911 0.00018
vn -0.3672 -0.93014 0.00011
vn -0.36505 -0.93099 7E-05
vn -0.36251 -0.93198 3E-05
vn 0.99965 -0.02557 -0.00661
vn 0.99994 0.01056 -2E-05
vn 0.99999 0.00358 0
vn 0.99533 -0.09653 -0
vn 0.99995 -0.0047 -0.0084
vn 0.99988 -0.0137 -0.00761
vn 0.98601 -0.1574 -0.05478
vn 0.99263 -0.12058 -0.01228
vn 0.99389 -0.11034 0
vn 0.9941 -0.10849 0
vn 0.95823 -0.28599 0
vn 0.88542 -0.46478 0
vn 0.77961 -0.62626 0
vn 0.64475 -0.7644 0
vn 0.48585 -0.87404 0
vn 0.30884 -0.95111 0
vn 0.12033 -0.99273 0
vn -0.07267 -0.99736 0
vn -0.26296 -0.96481 0
vn -0.36093 -0.93259 0
vn -0.26296 0.96481 0
vn -0.07267 0.99736 0
vn 0.12033 0.99273 0
vn 0.30884 0.95111 0
vn 0.48585 0.87404 0
vn 0.64475 0.7644 0
vn 0.77961 0.62626 0
vn 0.88542 0.46478 0
vn 0.95823 0.28599 0
vn 0.99395 0.10987 0
vn 0.99923 0.03884 -0.00555
vn 0 0 1
vn 0.58802 0.80885 0
vn 0.58802 -0.80885 0
vn -0.99144 0.13053 -0
vn -0.99144 0.13053 -0
vn -0.92388 0.38268 0
vn -0.79335 0.60876 0
vn -0.60876 0.79335 0
vn -0.38268 0.92388 0
vn -0.13053 0.99144 0
vn -0.13053 0.99144 0
vn 0.13053 0.99144 -0
vn 0.13053 0.99144 0
vn 0.38268 0.92388 0
vn 0.60876 0.79335 0
vn 0.79335 0.60876 0
vn 0.92388 0.38268 0
vn 0.99144 0.13053 0
vn 0.99144 0.13053 -0
vn 0.99144 -0.13053 0
vn 0.99144 -0.13053 0
vn 0.92388 -0.38268 0
vn 0.79335 -0.60876 0
vn 0.60876 -0.79335 0
vn 0.38268 -0.92388 0
vn 0.13053 -0.99144 0
vn 0.13053 -0.99144 -0
vn -0.13053 -0.99144 0
vn -0.13053 -0.99144 0
vn -0.38268 -0.92388 0
vn -0.60876 -0.79335 0
vn -0.79335 -0.60876 0
vn -0.92388 -0.38268 0
vn -0.99144 -0.13053 -0
vn -0.99144 -0.13053 0
vn -0 0.99994 0.01129
vn -0.00035 0.9998 0.01983
vn -0.00354 0.99489 0.10094
vn -0.00134 0.99688 0.07897
vn -0.00015 0.9984 0.05656
vn 9E-05 0.99942 0.03392
vn -0.00113 0.98203 0.1887
vn 0.00014 0.98676 0.16216
vn -0.00072 0.99525 0.09733
vn -0.00959 0.99071 0.13568
vn -0.00677 0.99248 0.12225
vn -0.03038 0.90023 0.43436
vn -0.01583 0.90077 0.434
vn 0.05677 0.9296 0.36416
vn -0.02435 0.91952 0.3923
vn -0.01108 0.92488 0.3801
vn -0.00609 0.92934 0.36917
vn -0.00262 0.93317 0.35943
vn 0.00106 0.943 0.3328
vn -0.0021 0.95609 0.29307
vn -0.00135 0.95711 0.28971
vn 0.00318 0.97854 0.20604
vn -0.01048 0.97041 0.24125
vn -0.00446 0.97648 0.21555
vn -0.00073 -0.15348 0.98815
vn 0.00258 -0.06572 0.99783
vn -0.01912 -0.09045 0.99572
vn -0.00921 -0.0702 0.99749
vn -0.0031 -0.04645 0.99892
vn -2E-05 -0.01801 0.99984
vn -0 -0.00045 1
vn -0.04968 -0.19503 0.97954
vn -0.02786 -0.19081 0.98123
vn -0.00994 -0.17704 0.98415
vn -0 1 0
vn 0 -1 0
vn 0.01972 0.66843 -0.74351
vn 0.02162 0.6635 -0.74787
vn 0.0171 0.67527 -0.73738
vn 0.01403 0.684 -0.72935
vn 0.01294 0.68721 -0.72634
vn -0.00031 0.68607 -0.72753
vn 0.02009 0.74214 -0.66995
vn 0.00353 0.73132 -0.68203
vn 0.63508 0.77237 -0.01091
vn 0.20876 0.80997 -0.54806
vn 0.00938 0.53201 -0.84669
vn -0 0.5726 -0.81983
vn -0 0.70711 -0.70711
vn 0.03457 0.63115 -0.77489
vn 0.02338 0.65916 -0.75164
vn 0.00738 0.33027 -0.94386
vn -0 0.40726 -0.91331
vn -0 0.47721 -0.87879
vn 0.00866 0.11196 -0.99367
vn -0.00107 0.15541 -0.98785
vn 0.00122 0.30705 -0.95169
vn 0.00866 -0.11196 -0.99367
vn 0 -0.039 -0.99924
vn -0 0.039 -0.99924
vn 0.00738 -0.33027 -0.94386
vn 0.00122 -0.30705 -0.95169
vn -0.00107 -0.15541 -0.98785
vn 0.00938 -0.53201 -0.84669
vn 0 -0.47721 -0.87879
vn 0 -0.40726 -0.91331
vn 0.63508 -0.77237 -0.01091
vn 0.20876 -0.80997 -0.54806
vn -0.00031 -0.68607 -0.72753
vn 0.01101 -0.69277 -0.72108
vn 0.01713 -0.67497 -0.73764
vn 0.02207 -0.6624 -0.74882
vn 0.02338 -0.65916 -0.75164
vn 0.00319 -0.7071 -0.7071
vn 0 -0.63153 -0.77535
vn 0 -0.5726 -0.81983
vn 0.00743 -0.73348 -0.67967
vn -0 -0.72789 -0.6857
vn 0 -0.79308 -0.60912
vn 0.00358 -0.84672 -0.53203
vn 0.00925 -0.83099 -0.55621
vn 0.00138 -0.86983 -0.49334
vn 0.00232 -0.95346 -0.30152
vn 0.00895 -0.93149 -0.36367
vn 0.00294 -0.94388 -0.33028
vn -0 -0.90834 -0.41823
vn 0 -0.89478 -0.44651
vn 0.00235 -0.99662 -0.08214
vn 0 -0.99962 -0.02753
vn 0.00704 -0.9907 -0.1359
vn 0.01303 -0.98347 -0.18059
vn 0.00148 -0.99371 -0.11196
vn -0 -0.97683 -0.21401
vn 1E-05 -0.96918 -0.24636
vn 0.00704 0.9907 -0.1359
vn 0.00235 0.99662 -0.08214
vn -0 0.99962 -0.02753
vn 0.00232 0.95346 -0.30152
vn 1E-05 0.96918 -0.24636
vn -2E-05 0.99371 -0.11196
vn 0.01742 0.97828 -0.20658
vn 0.01303 0.98347 -0.18059
vn 0.0123 0.68911 -0.72455
vn -0 0.72556 -0.68815
vn 1E-05 0.84672 -0.53203
vn 0.01912 0.80181 -0.59727
vn 0.00925 0.83099 -0.55621
vn 0.00138 0.86983 -0.49334
vn 0 0.89478 -0.44651
vn -2E-05 0.94388 -0.33028
vn 0.01695 0.91309 -0.4074
vn 0.00895 0.93149 -0.36367
vn 0 0 -1
vn 0.46504 -0.88529 0
vn 0.47398 -0.88053 -0.00311
vn 0.59554 -0.80332 -0.00241
vn 0.61247 -0.79045 -0.0082
vn 0.63457 -0.77059 -0.05935
vn 0.63511 -0.77137 -0.0403
vn 0.62567 -0.77984 -0.01949
vn 0.57869 -0.81555 -0.00027
vn 0.56557 -0.8247 4E-05
vn 0.47616 -0.87936 -0.00104
vn 0.49715 -0.86757 -0.01305
vn 0.48675 -0.8735 -0.00817
vn 0.59554 0.80332 -0.00241
vn 0.61247 0.79045 -0.0082
vn 0.62567 0.77984 -0.01949
vn 0.63511 0.77137 -0.0403
vn 0.63457 0.77059 -0.05935
vn 0.47398 0.88053 -0.00311
vn 0.48675 0.8735 -0.00817
vn 0.49715 0.86757 -0.01305
vn 0.47616 0.87936 -0.00104
vn 0.56557 0.8247 4E-05
vn 0.57869 0.81555 -0.00027
vn 0.37234 -0.9281 0
vn 0.31698 -0.94843 -0.00059
vn 0.27459 -0.96156 0.00171
vn 0.21744 -0.97607 0
vn 0.17511 -0.98455 0
vn 0.08277 -0.99657 -0.00083
vn 0.0726 -0.99736 -0
vn -0.02949 -0.99957 0
vn -0.12352 -0.99234 -0.00074
vn -0.13246 -0.99119 0
vn -0.23284 -0.97252 0
vn -0.32456 -0.94586 -0.00065
vn -0.33193 -0.9433 0
vn -0.4264 -0.90453 0
vn -0.51178 -0.85912 -0.00056
vn -0.51744 -0.85572 0
vn -0.62344 -0.78187 0
vn -0.60201 -0.79849 -0.00077
vn -0.70077 -0.71338 0.00233
vn -0.68118 -0.73212 0
vn -0.75392 -0.65696 0
vn -0.75229 -0.65884 -1E-05
vn -0.78471 -0.61986 0.0001
vn -0.81624 -0.57771 0.00213
vn -0.83739 -0.5466 0.00031
vn -0.87086 -0.49144 -0.00907
vn -0.91575 -0.40174 0
vn -0.86624 -0.49963 -0
vn -0.91767 -0.39734 0.00016
vn -0.9792 -0.20289 -0.00016
vn -0.97871 -0.20524 5E-05
vn -1 -0 -5E-05
vn -0.9792 0.20289 5E-05
vn -0.97871 0.20524 -0.00016
vn -0.91767 0.39734 0.00016
vn -0.91575 0.40174 -0.00026
vn -0.6739 0.73882 0.0023
vn -0.68117 0.73212 0.00168
vn -0.62344 0.78187 -0.00013
vn -0.8709 0.49146 -0
vn -0.81624 0.57771 0
vn -0.81381 0.58114 -0.00037
vn -0.75229 0.65884 0
vn -0.73234 0.68094 0
vn -0.70664 0.70757 0.00083
vn -0.60201 0.79849 0
vn -0.51744 0.85572 0
vn -0.51178 0.85912 -0.00056
vn -0.4264 0.90453 0
vn -0.33193 0.9433 0
vn -0.32456 0.94586 -0.00065
vn -0.23284 0.97252 0
vn -0.13246 0.99119 0
vn -0.12352 0.99234 -0.00074
vn -0.02949 0.99957 0
vn 0.0726 0.99736 0
vn 0.08277 0.99657 -0.00083
vn 0.46504 0.88529 0
vn 0.37234 0.9281 0
vn 0.28555 0.95836 -0.00092
vn 0.2746 0.96156 0
vn 0.17511 0.98455 0
vn 0.96593 0.25882 0
vn 0.70711 0.70711 0
vn 0.25882 0.96593 0
vn -0.25882 0.96593 0
vn -0.70711 0.70711 0
vn -0.96593 0.25882 0
vn -0.96593 -0.25882 0
vn -0.70711 -0.70711 0
vn -0.25882 -0.96593 0
vn 0.25882 -0.96593 0
vn 0.70711 -0.70711 0
vn 0.96593 -0.25882 0
vn 0.50859 0.50859 0.69475
vn 0.50859 0.50859 0.69475
vn 0.18616 0.69475 0.69475
vn 0.18616 0.69475 0.69475
vn -0.18616 0.69475 0.69475
vn -0.18616 0.69475 0.69475
vn -0.50859 0.50859 0.69475
vn -0.50859 0.50859 0.69475
vn -0.69475 0.18616 0.69475
vn -0.69475 0.18616 0.69475
vn -0.69475 -0.18616 0.69475
vn -0.69475 -0.18616 0.69475
vn -0.50859 -0.50859 0.69475
vn -0.50859 -0.50859 0.69475
vn -0.18616 -0.69475 0.69475
vn -0.18616 -0.69475 0.69475
vn 0.18616 -0.69475 0.69475
vn 0.18616 -0.69475 0.69475
vn 0.50859 -0.50859 0.69475
vn 0.50859 -0.50859 0.69475
vn 0.69475 -0.18616 0.69475
vn 0.69475 -0.18616 0.69475
vn 0.69475 0.18616 0.69475
vn 0.69475 0.18616 0.69475
vn 0.96593 0.25882 0
vn 0.70711 0.70711 0
vn -0.70711 0.70711 0
vn -0.96593 0.25882 0
vn -0.96593 -0.25882 0
vn -0.70711 -0.70711 -0
vn 0.70711 -0.70711 -0
vn 0.96593 -0.25882 0
vn 0.50859 0.50859 0.69475
vn 0.50859 0.50859 0.69475
vn 0.18616 0.69475 0.69475
vn 0.18616 0.69475 0.69475
vn -0.18616 0.69475 0.69475
vn -0.50859 0.50859 0.69475
vn -0.69475 0.18616 0.69475
vn -0.69475 0.18616 0.69475
vn -0.69475 -0.18616 0.69475
vn -0.69475 -0.18616 0.69475
vn -0.50859 -0.50859 0.69475
vn -0.50859 -0.50859 0.69475
vn -0.18616 -0.69475 0.69475
vn -0.18616 -0.69475 0.69475
vn 0.18616 -0.69475 0.69475
vn 0.50859 -0.50859 0.69475
vn 0.69475 -0.18616 0.69475
vn 0.69475 -0.18616 0.69475
vn 0.69475 0.18616 0.69475
vn 0.69475 0.18616 0.69475
vn 0.96593 0.25882 0
vn 0.70711 0.70711 0
vn 0.25882 0.96593 0
vn -0.25882 0.96593 0
vn -0.70711 0.70711 0
vn -0.96593 0.25882 0
vn -0.96593 -0.25882 0
vn -0.70711 -0.70711 0
vn -0.25882 -0.96593 0
vn 0.25882 -0.96593 -0
vn 0.70711 -0.70711 0
vn 0.96593 -0.25882 0
vn 0.50859 0.50859 0.69475
vn 0.50859 0.50859 0.69475
vn 0.18616 0.69475 0.69475
vn 0.18616 0.69475 0.69475
vn -0.18616 0.69475 0.69475
vn -0.18616 0.69475 0.69475
vn -0.50859 0.50859 0.69475
vn -0.50859 0.50859 0.69475
vn -0.69475 0.18616 0.69475
vn -0.69475 0.18616 0.69475
vn -0.69475 -0.18616 0.69475
vn -0.69475 -0.18616 0.69475
vn -0.50859 -0.50859 0.69475
vn -0.50859 -0.50859 0.69475
vn -0.18616 -0.69475 0.69475
vn -0.18616 -0.69475 0.69475
vn 0.18616 -0.69475 0.69475
vn 0.18616 -0.69475 0.69475
vn 0.50859 -0.50859 0.69475
vn 0.50859 -0.50859 0.69475
vn 0.69475 -0.18616 0.69475
vn 0.69475 -0.18616 0.69475
vn 0.69475 0.18616 0.69475
vn 0.69475 0.18616 0.69475
vn 0.96593 -0.25882 -0
vn 0.98881 -0.14321 -0.04169
vn 0.91907 -0.3941 -0
vn 0.96577 0.25878 -0.01789
vn 0.97614 0.21705 -0.00662
vn 0.99968 0.02512 0
vn 0.70694 0.70694 -0.02186
vn 0.81165 0.58415 0
vn 0.8981 0.43978 -0
vn 0.84019 -0.54229 0
vn 0.78165 -0.62368 -0.00674
vn 0.70694 -0.70694 -0.02186
vn 0.63279 -0.77432 0
vn 0.25882 -0.96593 0
vn -0.25882 -0.96593 0
vn -0.70711 -0.70711 0
vn -0.96593 -0.25882 0
vn -0.96593 -0.25882 0
vn -0.96593 0.25882 -0
vn -0.96593 0.25882 0
vn -0.70711 0.70711 -0
vn -0.25882 0.96593 0
vn 0.25882 0.96593 0
vn 0.63279 0.77432 0
vn 0.50859 0.50859 0.69475
vn 0.50859 0.50859 0.69475
vn 0.18616 0.69475 0.69475
vn 0.18616 0.69475 0.69475
vn -0.18616 0.69475 0.69475
vn -0.18616 0.69475 0.69475
vn -0.50859 0.50859 0.69475
vn -0.50859 0.50859 0.69475
vn -0.69475 0.18616 0.69475
vn -0.69475 0.18616 0.69475
vn -0.69475 -0.18616 0.69475
vn -0.69475 -0.18616 0.69475
vn -0.50859 -0.50859 0.69475
vn -0.50859 -0.50859 0.69475
vn -0.18616 -0.69475 0.69475
vn -0.18616 -0.69475 0.69475
vn 0.18616 -0.69475 0.69475
vn 0.18616 -0.69475 0.69475
vn 0.50859 -0.50859 0.69475
vn 0.50859 -0.50859 0.69475
vn 0.69475 -0.18616 0.69475
vn 0.69475 -0.18616 0.69475
vn 0.69475 0.18616 0.69475
vn 0.69475 0.18616 0.69475
vn 0.25882 0.96593 0
vn -0.25882 0.96593 0
vn -0.25882 -0.96593 0
vn -0.25882 -0.96593 -0
vn 0.25882 -0.96593 0
vn 0.25882 -0.96593 0
vn 0.18616 0.69475 0.69475
vn 0.18616 0.69475 0.69475
vn -0.18616 0.69475 0.69475
vn -0.18616 0.69475 0.69475
vn -0.18616 -0.69475 0.69475
vn -0.18616 -0.69475 0.69475
vn 0.18616 -0.69475 0.69475
vn 0.18616 -0.69475 0.69475
vn 0.96593 0.25882 -0
vn 0.96593 0.25882 0
vn 0.70711 0.70711 -0
vn -0.96593 0.25882 0
vn -0.96593 0.25882 -0
vn -0.96593 -0.25882 0
vn -0.96593 -0.25882 0
vn 0.70711 -0.70711 0
vn 0.96593 -0.25882 0
vn 0.96593 -0.25882 0
vn -0.69475 0.18616 0.69475
vn -0.69475 0.18616 0.69475
vn -0.69475 -0.18616 0.69475
vn -0.69475 -0.18616 0.69475
vn 0.69475 -0.18616 0.69475
vn 0.69475 -0.18616 0.69475
vn 0.69475 0.18616 0.69475
vn 0.69475 0.18616 0.69475
vn 0.96593 0.25882 0
vn 0.25882 0.96593 0
vn -0.25882 0.96593 0
vn -0.96593 0.25882 0
vn -0.25882 -0.96593 0
vn 0.25882 -0.96593 0
vn 0.96593 0.25882 0
vn 0.70711 0.70711 0
vn 0.25882 0.96593 0
vn -0.25882 0.96593 0
vn -0.70711 0.70711 0
vn -0.96593 0.25882 0
vn -0.96593 -0.25882 0
vn -0.70711 -0.70711 0
vn -0.25882 -0.96593 0
vn 0.25882 -0.96593 0
vn 0.70711 -0.70711 0
vn 0.96593 -0.25882 0
vn 0.70711 0.70711 0
vn 0.25882 0.96593 0
vn -0.25882 0.96593 0
vn -0.70711 0.70711 0
vn -0.70711 -0.70711 0
vn -0.25882 -0.96593 0
vn 0.25882 -0.96593 0
vn 0.70711 -0.70711 0
vn -0.96593 -0.25882 0
vn 0.96593 -0.25882 0
vn 0.91248 0.40912 0
vn 0.81632 0.5776 0
vn 0.68945 0.72434 -0
vn 0.53662 0.84382 0
vn 0.36361 0.93155 0
vn 0.17691 0.98423 0
vn -0.01645 0.99986 0
vn -0.20919 0.97788 0
vn -0.39405 0.91909 0
vn -0.56409 0.82571 0
vn -0.7129 0.70127 0
vn -0.83488 0.55043 0
vn -0.92545 0.37888 0
vn -0.98118 0.19307 0
vn -1 -0 0
vn -0.98118 -0.19307 0
vn -0.92545 -0.37888 0
vn -0.83488 -0.55043 0
vn -0.7129 -0.70127 0
vn -0.56409 -0.82571 0
vn -0.39405 -0.91909 0
vn -0.20919 -0.97788 0
vn -0.01645 -0.99986 0
vn 0.17691 -0.98423 0
vn 0.36361 -0.93155 0
vn 0.53662 -0.84382 0
vn 0.68945 -0.72434 0
vn 0.81632 -0.5776 0
vn 0.91248 -0.40912 0
vn 0.99609 -0.08835 0
vn 0.99555 -0.09417 -0.00156
vn 0.92744 0.37397 0.0016
vn 0.93385 0.35764 -0.0032
vn 0.66933 0.74296 0.00305
vn 0.67797 0.73509 -0
vn 0.66933 -0.74297 0
vn 0.67797 -0.73509 0.00289
vn 0.92744 -0.37396 -0.00297
vn 0.93386 -0.35764 0.00149
vn 0.99609 0.08835 -0.00152
vn 0.99556 0.09417 0
vn 0.26072 -0.96542 0
vn 0.26072 0.96542 0
vn 0.65709 0.75382 0
vn 0.91024 0.41407 0
vn 1 0 0
vn 0.91024 -0.41407 0
vn 0.65709 -0.75382 0
vn 0.71416 -0.06334 0.69711
vn 0.71416 -0.06334 0.69711
vn 0.66494 0.26812 0.69711
vn 0.66494 0.26812 0.69711
vn 0.47894 0.53163 0.69856
vn 0.478 0.54501 0.68883
vn 0.64675 0.28997 0.70543
vn 0.64675 0.28997 0.70543
vn 0.57859 0.40939 0.70543
vn 0.57859 0.40939 0.70543
vn 0.48866 0.51339 0.70543
vn 0.48866 0.51339 0.70543
vn 0.38035 0.59808 0.70543
vn 0.38035 0.59808 0.70543
vn 0.25772 0.66026 0.70543
vn 0.25772 0.66026 0.70543
vn 0.12539 0.6976 0.70543
vn 0.12539 0.6976 0.70543
vn -0.01166 0.70868 0.70543
vn -0.01166 0.70868 0.70543
vn -0.14827 0.6931 0.70543
vn -0.14827 0.6931 0.70543
vn -0.2793 0.65143 0.70543
vn -0.27929 0.65143 0.70543
vn -0.39981 0.58525 0.70543
vn -0.39981 0.58525 0.70543
vn -0.50529 0.49704 0.70543
vn -0.50529 0.49704 0.70543
vn -0.59174 0.39013 0.70543
vn -0.59174 0.39013 0.70543
vn -0.65593 0.26854 0.70543
vn -0.65593 0.26854 0.70543
vn -0.69544 0.13685 0.70543
vn -0.69544 0.13685 0.70543
vn -0.70878 -0 0.70543
vn -0.69544 -0.13685 0.70543
vn -0.69544 -0.13685 0.70543
vn -0.65593 -0.26854 0.70543
vn -0.65593 -0.26854 0.70543
vn -0.59174 -0.39013 0.70543
vn -0.59174 -0.39013 0.70543
vn -0.50529 -0.49704 0.70543
vn -0.50529 -0.49704 0.70543
vn -0.39981 -0.58525 0.70543
vn -0.39981 -0.58525 0.70543
vn -0.2793 -0.65143 0.70543
vn -0.2793 -0.65143 0.70543
vn -0.14827 -0.6931 0.70543
vn -0.14827 -0.6931 0.70543
vn -0.01166 -0.70868 0.70543
vn -0.01166 -0.70868 0.70543
vn 0.12539 -0.6976 0.70543
vn 0.12539 -0.6976 0.70543
vn 0.25772 -0.66026 0.70543
vn 0.25772 -0.66026 0.70543
vn 0.38035 -0.59808 0.70543
vn 0.38035 -0.59808 0.70543
vn 0.48866 -0.51339 0.70543
vn 0.48866 -0.51339 0.70543
vn 0.57859 -0.40939 0.70543
vn 0.57859 -0.40939 0.70543
vn 0.64675 -0.28997 0.70543
vn 0.64674 -0.28997 0.70543
vn 0.48631 -0.53981 0.6871
vn 0.47252 -0.53876 0.69747
vn 0.66494 -0.26812 0.69711
vn 0.66494 -0.26812 0.69711
vn 0.71416 0.06334 0.69711
vn 0.71416 0.06334 0.69711
vn -2E-05 0.01801 0.99984
vn 0 0.00045 1
vn -0.0031 0.04645 0.99892
vn -0.00921 0.0702 0.99749
vn -0.00702 0.06572 0.99781
vn 0.00051 0.12058 0.9927
vn -0.00073 0.15348 0.98815
vn -0.00994 0.17704 0.98415
vn -0.02786 0.19081 0.98123
vn -0.05056 0.1952 0.97946
vn -0.00609 -0.92934 0.36917
vn -0.00125 -0.93465 0.35558
vn -0.01108 -0.92488 0.3801
vn -0.02435 -0.91952 0.3923
vn 0.00756 -0.92431 0.38157
vn -0.00205 -0.89306 0.44993
vn -0.02091 -0.89223 0.45111
vn 0.00064 -0.94622 0.32354
vn -0.00382 -0.96064 0.27777
vn -0.00485 -0.95969 0.28103
vn 0.00014 -0.98702 0.16061
vn -0.00089 -0.98274 0.18502
vn -0.0024 -0.98001 0.19894
vn -0.00133 -0.98171 0.19039
vn 0.00033 -0.97518 0.22143
vn -0.00071 -0.96742 0.25319
vn -0.00023 -0.9908 0.13534
vn -0.00152 -0.99332 0.11535
vn -0.00105 -0.99387 0.11051
vn 0 -0.99999 0.00536
vn -0.00032 -0.99977 0.02157
vn -0.0016 -0.99907 0.0431
vn -0.00108 -0.99928 0.03794
vn 0 -0.99787 0.06523
vn -0 -0.99616 0.08756
vn -0.3735 0.37349 -0.84912
vn -0.5102 0.13671 -0.84912
vn 0.37349 0.37349 -0.84912
vn 0.13671 0.5102 -0.84912
vn -0.13671 0.5102 -0.84912
vn 0.37349 -0.37349 -0.84912
vn 0.5102 -0.13671 -0.84912
vn 0.5102 0.13671 -0.84912
vn -0.37349 -0.37349 -0.84912
vn -0.13671 -0.5102 -0.84912
vn 0.13671 -0.5102 -0.84912
vn -0.5102 -0.13671 -0.84912
vn -0.96593 0.25882 0
vn -0.70711 0.70711 -0
vn -0.25882 0.96593 0
vn 0.25882 0.96593 0
vn 0.70711 0.70711 -0
vn 0.96593 0.25882 0
vn 0.96593 -0.25882 0
vn 0.70711 -0.70711 0
vn 0.25882 -0.96593 0
vn -0.25882 -0.96593 0
vn -0.70711 -0.70711 0
vn -0.96593 -0.25882 0
vn -0.17234 0.64317 -0.74608
vn -0.05564 0.70601 -0.70601
vn 0.05564 0.70601 -0.70601
vn 0.17234 0.64317 -0.74608
vn 0.23809 0.67212 -0.70112
vn 0.50859 0.50859 -0.69475
vn 0.50859 0.50859 -0.69475
vn 0.69475 0.18616 -0.69475
vn 0.69475 0.18616 -0.69475
vn 0.69475 -0.18616 -0.69475
vn 0.69475 -0.18616 -0.69475
vn 0.50859 -0.50859 -0.69475
vn 0.50859 -0.50859 -0.69475
vn 0.18616 -0.69475 -0.69475
vn 0.18616 -0.69475 -0.69475
vn -0.18616 -0.69475 -0.69475
vn -0.18616 -0.69475 -0.69475
vn -0.50859 -0.50859 -0.69475
vn -0.50859 -0.50859 -0.69475
vn -0.69475 -0.18616 -0.69475
vn -0.69474 -0.18616 -0.69475
vn -0.69474 0.18616 -0.69475
vn -0.69475 0.18616 -0.69475
vn -0.50859 0.50859 -0.69475
vn -0.50859 0.50859 -0.69475
vn -0.23809 0.67212 -0.70112
vn -0.37349 0.37349 -0.84912
vn -0.5102 0.13671 -0.84912
vn 0.37349 0.37349 -0.84912
vn 0.13671 0.5102 -0.84912
vn -0.13671 0.5102 -0.84912
vn 0.37349 -0.37349 -0.84912
vn 0.5102 -0.13671 -0.84912
vn 0.5102 0.13671 -0.84912
vn -0.3735 -0.37349 -0.84912
vn -0.13671 -0.5102 -0.84912
vn 0.13671 -0.5102 -0.84912
vn -0.5102 -0.13671 -0.84912
vn -0.96593 0.25882 0
vn -0.25882 0.96593 0
vn 0.25882 0.96593 0
vn 0.96593 0.25882 0
vn 0.96593 -0.25882 0
vn 0.25882 -0.96593 0
vn -0.25882 -0.96593 0
vn -0.96593 -0.25882 0
vn 0.17234 -0.64317 -0.74608
vn 0.05564 -0.70601 -0.70601
vn -0.05564 -0.70601 -0.70601
vn -0.17234 -0.64317 -0.74608
vn -0.23809 -0.67212 -0.70112
vn -0.50859 -0.50859 -0.69475
vn -0.50859 -0.50859 -0.69475
vn -0.69475 -0.18616 -0.69475
vn -0.69474 0.18616 -0.69475
vn -0.69475 0.18616 -0.69475
vn -0.50859 0.50859 -0.69475
vn -0.50859 0.50859 -0.69475
vn -0.18616 0.69475 -0.69475
vn -0.18616 0.69475 -0.69475
vn 0.18616 0.69475 -0.69475
vn 0.18616 0.69475 -0.69475
vn 0.50859 0.50859 -0.69475
vn 0.50859 0.50859 -0.69475
vn 0.69475 0.18616 -0.69475
vn 0.69475 -0.18616 -0.69475
vn 0.69475 -0.18616 -0.69475
vn 0.50859 -0.50859 -0.69475
vn 0.50859 -0.50859 -0.69475
vn 0.23809 -0.67212 -0.70112
vn -0.37349 0.37349 -0.84912
vn -0.5102 0.13671 -0.84912
vn 0.37349 0.37349 -0.84912
vn 0.13671 0.5102 -0.84912
vn -0.13671 0.5102 -0.84912
vn 0.37349 -0.37349 -0.84912
vn 0.5102 -0.13671 -0.84912
vn 0.5102 0.13671 -0.84912
vn -0.37349 -0.37349 -0.84912
vn -0.13671 -0.5102 -0.84912
vn 0.13671 -0.5102 -0.84912
vn -0.5102 -0.13671 -0.84912
vn -0.96593 0.25882 0
vn -0.70711 0.70711 -0
vn -0.25882 0.96593 0
vn -0.25882 0.96593 -0
vn 0.25882 0.96593 0
vn 0.25882 0.96593 0
vn 0.70711 0.70711 -0
vn 0.96593 0.25882 0
vn 0.96593 -0.25882 0
vn 0.70711 -0.70711 0
vn 0.25882 -0.96593 0
vn -0.25882 -0.96593 0
vn -0.70711 -0.70711 0
vn -0.96593 -0.25882 0
vn 0.17258 -0.64407 -0.74524
vn 0.05392 -0.70608 -0.70608
vn -0.05392 -0.70608 -0.70608
vn -0.17258 -0.64407 -0.74524
vn -0.2365 -0.67285 -0.70095
vn -0.50859 -0.50859 -0.69475
vn -0.50859 -0.50859 -0.69475
vn -0.69475 -0.18616 -0.69475
vn -0.69475 -0.18616 -0.69475
vn -0.69475 0.18616 -0.69475
vn -0.69475 0.18616 -0.69475
vn -0.50859 0.50859 -0.69475
vn -0.50859 0.50859 -0.69475
vn -0.18616 0.69475 -0.69475
vn -0.18616 0.69475 -0.69475
vn 0.18616 0.69475 -0.69475
vn 0.18616 0.69475 -0.69475
vn 0.50859 0.50859 -0.69475
vn 0.50859 0.50859 -0.69475
vn 0.69475 0.18616 -0.69475
vn 0.69475 0.18616 -0.69475
vn 0.69475 -0.18616 -0.69475
vn 0.69475 -0.18616 -0.69475
vn 0.50859 -0.50859 -0.69475
vn 0.50859 -0.50859 -0.69475
vn 0.2365 -0.67285 -0.70095
vn 0.13671 0.5102 -0.84912
vn -0.13671 0.5102 -0.84912
vn -0.13671 -0.5102 -0.84912
vn 0.13671 -0.5102 -0.84912
vn -0.25882 0.96593 0
vn -0.25882 0.96593 0
vn 0.25882 0.96593 -0
vn 0.25882 0.96593 0
vn 0.25882 -0.96593 0
vn 0.25882 -0.96593 -0
vn -0.25882 -0.96593 0
vn -0.25882 -0.96593 0
vn -0.17258 0.64407 -0.74524
vn -0.05392 0.70608 -0.70608
vn 0.05392 0.70608 -0.70608
vn 0.17258 0.64407 -0.74524
vn 0.2365 0.67285 -0.70095
vn 0.50859 0.50859 -0.69475
vn 0.50859 0.50859 -0.69475
vn 0.50859 -0.50859 -0.69475
vn 0.18616 -0.69475 -0.69475
vn 0.18616 -0.69475 -0.69475
vn -0.18616 -0.69475 -0.69475
vn -0.18616 -0.69475 -0.69475
vn -0.50859 -0.50859 -0.69475
vn -0.50859 -0.50859 -0.69475
vn -0.50859 0.50859 -0.69475
vn -0.2365 0.67285 -0.70095
vn -0.37349 0.37349 -0.84912
vn -0.5102 0.13671 -0.84912
vn 0.37349 0.37349 -0.84912
vn 0.13671 0.5102 -0.84912
vn -0.13671 0.5102 -0.84912
vn 0.37349 -0.37349 -0.84912
vn 0.5102 -0.13671 -0.84912
vn 0.5102 0.13671 -0.84912
vn -0.37349 -0.37349 -0.84912
vn -0.13671 -0.5102 -0.84912
vn 0.13671 -0.5102 -0.84912
vn -0.5102 -0.13671 -0.84912
vn -0.96593 0.25882 -0
vn -0.96593 0.25882 0
vn -0.70711 0.70711 -0
vn -0.25882 0.96593 0
vn 0.25882 0.96593 0
vn 0.70711 0.70711 -0
vn 0.96593 0.25882 0
vn 0.96593 0.25882 -0
vn 0.96593 -0.25882 0
vn 0.96593 -0.25882 0
vn 0.70711 -0.70711 0
vn 0.25882 -0.96593 0
vn -0.25882 -0.96593 0
vn -0.70711 -0.70711 0
vn -0.96593 -0.25882 0
vn -0.96593 -0.25882 0
vn 0.64407 0.17258 -0.74524
vn 0.70608 0.05392 -0.70608
vn 0.70608 -0.05392 -0.70608
vn 0.64407 -0.17258 -0.74524
vn 0.67285 -0.2365 -0.70095
vn 0.50859 -0.50859 -0.69475
vn 0.50859 -0.50859 -0.69475
vn 0.18616 -0.69475 -0.69475
vn 0.18616 -0.69475 -0.69475
vn -0.18616 -0.69475 -0.69475
vn -0.18616 -0.69475 -0.69475
vn -0.50859 -0.50859 -0.69475
vn -0.50859 -0.50859 -0.69475
vn -0.69475 -0.18616 -0.69475
vn -0.69475 -0.18616 -0.69475
vn -0.69475 0.18616 -0.69475
vn -0.69475 0.18616 -0.69475
vn -0.50859 0.50859 -0.69475
vn -0.50859 0.50859 -0.69475
vn -0.18616 0.69475 -0.69475
vn -0.18616 0.69475 -0.69475
vn 0.18616 0.69475 -0.69475
vn 0.18616 0.69475 -0.69475
vn 0.50859 0.50859 -0.69475
vn 0.50859 0.50859 -0.69475
vn 0.67285 0.2365 -0.70095
vn -0.14111 -0.6955 0.70453
vn -0.09513 -0.87269 0.47892
vn -0.09755 -0.86808 0.48675
vn -0.10692 -0.85579 0.50616
vn -0.10959 -0.84559 0.52247
vn -0.10565 -0.85327 0.51065
vn -0.0983 -0.86382 0.49412
vn -0.12584 -0.80583 0.57862
vn -0.11286 -0.83241 0.54254
vn -0.12019 -0.82456 0.55285
vn -0.11141 -0.83978 0.53138
vn -0.12837 -0.78753 0.60276
vn -0.12547 -0.7987 0.5885
vn -0.11997 -0.81259 0.57036
vn -0.12815 -0.78432 0.60698
vn -0.13487 -0.76294 0.63224
vn -0.13118 -0.76753 0.62745
vn -0.13853 -0.73885 0.65948
vn -0.13537 -0.7427 0.6558
vn -0.13888 -0.71233 0.68797
vn -0.13783 -0.71013 0.69045
vn -0.13913 -0.7236 0.67605
vn -0.14189 -0.64826 0.74808
vn -0.1406 -0.67011 0.72882
vn -0.13831 -0.67718 0.72271
vn -0.14176 -0.68465 0.71495
vn -0.14017 -0.69854 0.70171
vn -0.13318 -0.55296 0.8225
vn -0.13597 -0.58649 0.79846
vn -0.1369 -0.58567 0.79891
vn -0.13773 -0.60787 0.782
vn -0.13453 -0.61721 0.77521
vn -0.13979 -0.62409 0.76875
vn -0.1394 -0.65074 0.7464
vn -0.12212 -0.52025 0.84524
vn -0.12941 -0.53021 0.83793
vn -0.13216 -0.55388 0.82204
vn -0.11924 -0.48451 0.86662
vn -0.12409 -0.50185 0.85601
vn -0.12594 -0.51323 0.84896
vn -0.10224 -0.40767 0.90739
vn -0.11117 -0.44199 0.89011
vn -0.11122 -0.44191 0.89014
vn -0.11628 -0.46393 0.87821
vn -0.11628 -0.4639 0.87822
vn -0.12101 -0.4856 0.86576
vn -0.08067 -0.34099 0.9366
vn -0.09006 -0.36945 0.92487
vn -0.0894 -0.37497 0.92271
vn -0.09586 -0.38642 0.91733
vn -0.10187 -0.40846 0.90707
vn -0.05472 -0.27798 0.95903
vn -0.06664 -0.30652 0.94953
vn -0.06671 -0.30969 0.94849
vn -0.07295 -0.32195 0.94394
vn -0.08057 -0.34149 0.93643
vn -0.50423 -0.85349 0.13158
vn -0.37271 -0.90342 0.21194
vn -0.04517 -0.95066 0.30693
vn -0.09953 -0.91648 0.38751
vn -0.04476 -0.94292 0.33
vn -0.1002 -0.90207 0.41979
vn -0.04844 -0.93167 0.36007
vn -0.10033 -0.88641 0.45189
vn -0.05213 -0.91891 0.391
vn -0.08817 -0.88289 0.46123
vn -0.00086 -0.8812 0.47273
vn -0.40977 -0.91219 -0.00288
vn -0.51341 -0.84435 0.15327
vn -0.4192 -0.9075 0.02693
vn -0.5254 -0.82679 0.20092
vn -0.43427 -0.89827 0.06719
vn -0.53533 -0.80732 0.24831
vn -0.44823 -0.88731 0.10851
vn -0.54321 -0.78598 0.29524
vn -0.46101 -0.87447 0.15088
vn -0.54905 -0.76282 0.34153
vn -0.47254 -0.85963 0.19425
vn -0.55264 -0.73844 0.38638
vn -0.48257 -0.8432 0.23695
vn -0.55458 -0.71303 0.42899
vn -0.49098 -0.82468 0.28078
vn -0.5545 -0.68552 0.4718
vn -0.49812 -0.80364 0.32563
vn -0.55197 -0.65938 0.51045
vn -0.505 -0.78118 0.36706
vn -0.54645 -0.64012 0.54003
vn -0.54876 -0.62715 0.55276
vn -0.50717 -0.75508 0.41549
vn -0.5432 -0.59647 0.5909
vn -0.5089 -0.72751 0.46017
vn -0.53589 -0.5649 0.62747
vn -0.5086 -0.69777 0.50442
vn -0.5266 -0.54091 0.65583
vn -0.51018 -0.67958 0.52714
vn -0.5243 -0.52447 0.67085
vn -0.5053 -0.65789 0.55844
vn -0.51324 -0.49175 0.7034
vn -0.50025 -0.62419 0.60012
vn -0.50063 -0.45883 0.73406
vn -0.49302 -0.58911 0.64022
vn -0.48651 -0.42576 0.76291
vn -0.48359 -0.55279 0.67865
vn -0.47147 -0.3973 0.78732
vn -0.47674 -0.51721 0.71078
vn -0.45612 -0.37497 0.80706
vn -0.4537 -0.35952 0.81541
vn -0.45802 -0.47715 0.75003
vn -0.43499 -0.32653 0.83915
vn -0.44184 -0.43821 0.78278
vn -0.41642 -0.30153 0.85771
vn -0.43491 -0.41475 0.79927
vn -0.40893 -0.28494 0.86694
vn -0.41796 -0.38809 0.8214
vn -0.38672 -0.25289 0.88684
vn -0.39677 -0.34878 0.84907
vn -0.36317 -0.22175 0.90495
vn -0.37352 -0.30997 0.8743
vn -0.34015 -0.19752 0.91939
vn -0.35867 -0.27387 0.89238
vn -0.31701 -0.17702 0.93176
vn -0.31206 -0.16275 0.93602
vn -0.32092 -0.23478 0.91754
vn -0.28452 -0.13526 0.94908
vn -0.2916 -0.19893 0.93562
vn -0.25568 -0.10937 0.96056
vn -0.26031 -0.16464 0.95138
vn -0.22605 -0.08643 0.97027
vn -0.23114 -0.13416 0.96363
vn -0.19781 -0.06606 0.97801
vn -0.1962 -0.10548 0.97487
vn -0.16581 -0.04643 0.98506
vn -0.16023 -0.07819 0.98398
vn -0.13328 -0.02997 0.99063
vn -0.1232 -0.05431 0.99089
vn -0.10172 -0.01891 0.99463
vn -0.10383 -0.03245 0.99407
vn -0.00579 -0.00734 0.99996
vn -0.02017 -0.0045 0.99979
vn -0.0318 -0.02068 0.99928
vn -0.04678 -0.0225 0.99865
vn -0.05637 -0.03704 0.99772
vn -0.07283 -0.043 0.99642
vn -0.08099 -0.05645 0.99511
vn -0.09871 -0.06661 0.99288
vn -0.10544 -0.07865 0.99131
vn -0.12421 -0.09304 0.98788
vn -0.12952 -0.10337 0.98617
vn -0.14917 -0.12207 0.98125
vn -0.15238 -0.12883 0.97989
vn -0.17161 -0.15177 0.97341
vn -0.17335 -0.15575 0.97247
vn -0.19406 -0.18279 0.96381
vn -0.19523 -0.18569 0.96302
vn -0.21627 -0.21729 0.95185
vn -0.21609 -0.21679 0.952
vn -0.23732 -0.25308 0.93788
vn -0.23591 -0.24883 0.93938
vn -0.25716 -0.28996 0.92184
vn -0.25468 -0.28162 0.92511
vn -0.27578 -0.32777 0.90361
vn -0.2724 -0.31497 0.90917
vn -0.29311 -0.36634 0.88311
vn -0.28906 -0.34873 0.89153
vn -0.30912 -0.40549 0.86025
vn -0.30243 -0.37167 0.87773
vn -0.31587 -0.43081 0.84536
vn -0.30868 -0.39187 0.86669
vn -0.32734 -0.45561 0.82781
vn -0.32277 -0.42553 0.84543
vn -0.33986 -0.49475 0.79982
vn -0.3357 -0.45885 0.82265
vn -0.35077 -0.53343 0.76969
vn -0.3475 -0.49173 0.7984
vn -0.36003 -0.57142 0.73747
vn -0.3582 -0.52415 0.77263
vn -0.36763 -0.60855 0.70321
vn -0.3678 -0.55608 0.74532
vn -0.37355 -0.64464 0.66701
vn -0.37632 -0.58752 0.71638
vn -0.37776 -0.67949 0.62896
vn -0.38439 -0.60905 0.69376
vn -0.37681 -0.70001 0.60663
vn -0.38542 -0.62606 0.67786
vn -0.3806 -0.721 0.57905
vn -0.39141 -0.65605 0.64529
vn -0.38091 -0.75208 0.53785
vn -0.39614 -0.68511 0.6113
vn -0.37958 -0.78102 0.4959
vn -0.3996 -0.71321 0.57589
vn -0.37668 -0.80777 0.45345
vn -0.40174 -0.74029 0.53905
vn -0.37231 -0.83229 0.41071
vn -0.40249 -0.76632 0.50076
vn -0.36655 -0.85459 0.36786
vn -0.402 -0.79072 0.46169
vn -0.35953 -0.87418 0.32643
vn -0.39974 -0.81358 0.42225
vn -0.35165 -0.89175 0.28482
vn -0.39611 -0.83567 0.38047
vn -0.34234 -0.90756 0.24317
vn -0.39092 -0.85609 0.33808
vn -0.33208 -0.92127 0.20245
vn -0.38417 -0.87478 0.29525
vn -0.32094 -0.93301 0.16273
vn -0.37587 -0.8917 0.25218
vn -0.309 -0.94294 0.12406
vn -0.29846 -0.94821 0.10876
vn -0.23553 -0.92637 0.29388
vn -0.09544 -0.92275 0.37341
vn -0.17543 -0.9613 0.21242
vn -0.18465 -0.95645 0.22607
vn -0.23442 -0.91464 0.32937
vn -0.19269 -0.94573 0.26165
vn -0.23891 -0.89911 0.36678
vn -0.20026 -0.93325 0.29824
vn -0.2424 -0.88209 0.40393
vn -0.2073 -0.91886 0.33575
vn -0.2449 -0.86361 0.44068
vn -0.21374 -0.90243 0.37409
vn -0.24644 -0.8437 0.4769
vn -0.21913 -0.8843 0.41231
vn -0.24728 -0.82316 0.51114
vn -0.2241 -0.86428 0.45034
vn -0.24689 -0.80126 0.54501
vn -0.2281 -0.84161 0.48955
vn -0.24589 -0.7779 0.57829
vn -0.23112 -0.81684 0.52853
vn -0.24412 -0.75354 0.61039
vn -0.23309 -0.78999 0.56709
vn -0.24164 -0.7282 0.64135
vn -0.23394 -0.76106 0.60503
vn -0.23851 -0.70187 0.67119
vn -0.23362 -0.73013 0.64213
vn -0.23474 -0.67454 0.69993
vn -0.2305 -0.70964 0.6658
vn -0.23462 -0.65794 0.71559
vn -0.23147 -0.68904 0.68676
vn -0.22924 -0.63908 0.73418
vn -0.22839 -0.65469 0.72057
vn -0.22422 -0.60988 0.76011
vn -0.22414 -0.61924 0.75253
vn -0.21865 -0.57992 0.78478
vn -0.21875 -0.58286 0.78257
vn -0.2125 -0.54917 0.80824
vn -0.21225 -0.54575 0.81062
vn -0.20576 -0.5176 0.83051
vn -0.20469 -0.50807 0.83664
vn -0.19837 -0.48522 0.85159
vn -0.19611 -0.46998 0.86061
vn -0.19031 -0.45209 0.87143
vn -0.1892 -0.446 0.87481
vn -0.18566 -0.43082 0.88313
vn -0.18382 -0.4213 0.8881
vn -0.17903 -0.40895 0.89482
vn -0.17319 -0.38328 0.90725
vn -0.16937 -0.3746 0.91158
vn -0.16184 -0.34581 0.92424
vn -0.15902 -0.34016 0.92682
vn -0.14982 -0.30901 0.93918
vn -0.14798 -0.30574 0.94054
vn -0.13719 -0.27298 0.95219
vn -0.13624 -0.2715 0.95275
vn -0.12398 -0.23782 0.96336
vn -0.1238 -0.23758 0.96345
vn -0.11024 -0.20367 0.97281
vn -0.11068 -0.20418 0.97266
vn -0.0968 -0.17245 0.98025
vn -0.09763 -0.17335 0.98001
vn -0.08302 -0.14242 0.98632
vn -0.08417 -0.14335 0.98609
vn -0.06819 -0.1123 0.99133
vn -0.06946 -0.11308 0.99115
vn -0.05324 -0.08406 0.99504
vn -0.05447 -0.08457 0.99493
vn -0.03824 -0.05783 0.99759
vn -0.03931 -0.05802 0.99754
vn -0.02331 -0.03377 0.99916
vn -0.02415 -0.03367 0.99914
vn -0.00797 -0.01114 0.99991
vn -0.00855 -0.01083 0.9999
vn -0.00013 -0.00017 1
vn -0.00013 -0.00017 1
vn -0.07004 -0.01094 0.99748
vn -0.06753 -0.00715 0.99769
vn -0.0472 -0.01844 0.99872
vn -0.03491 -0.00132 0.99939
vn -0.00652 -0.00719 0.99995
vn -0.00085 -0 1
vn -0.00013 -0.00017 1
vn -0.00552 -0.00699 0.99996
vn 0.00162 -0.02147 0.99977
vn -0.00881 -0.036 0.99931
vn -0.00472 -0.05244 0.99861
vn -0.01264 -0.06444 0.99784
vn -0.01047 -0.0839 0.99642
vn -0.0167 -0.09417 0.99542
vn -0.01615 -0.11654 0.99305
vn -0.02096 -0.12515 0.99192
vn -0.0217 -0.15014 0.98843
vn -0.02539 -0.15732 0.98722
vn -0.02708 -0.18453 0.98245
vn -0.02927 -0.18917 0.98151
vn -0.03241 -0.21722 0.97558
vn -0.03141 -0.21493 0.97612
vn -0.0389 -0.24919 0.96767
vn -0.04702 -0.26263 0.96375
vn -0.05477 -0.28098 0.95815
vn -0.18481 -0.95779 0.22018
vn -0.23269 -0.97255 0.00181
vn -0.04695 -0.99888 0.00509
vn -0.41869 -0.90771 0.02781
vn -0.4338 -0.89957 0.05084
vn -0.40135 -0.9156 0.02432
vn -0.41437 -0.90897 0.04549
vn -0.38564 -0.92241 0.02099
vn -0.39663 -0.91709 0.04031
vn -0.3717 -0.92818 0.01788
vn -0.38071 -0.92402 0.03529
vn -0.35957 -0.933 0.01499
vn -0.3682 -0.92914 0.03368
vn -0.3567 -0.93413 0.01256
vn -0.36469 -0.93064 0.03024
vn -0.34921 -0.93697 0.01193
vn -0.35499 -0.9345 0.02628
vn -0.3422 -0.93957 0.00999
vn -0.34656 -0.93776 0.02238
vn -0.33638 -0.94169 0.00819
vn -0.33947 -0.94044 0.01852
vn -0.33169 -0.94337 0.00654
vn -0.33368 -0.94257 0.0147
vn -0.32805 -0.94465 0.00501
vn -0.3292 -0.9442 0.01104
vn -0.32558 -0.94551 0.00365
vn -0.3261 -0.94531 0.00742
vn -0.32387 -0.9461 0.0024
vn -0.32397 -0.94606 0.00371
vn -0.32301 -0.9464 0.00117
vn -0.323 -0.9464 0.00092
vn -0.32289 -0.94644 0.00028
vn -0.45469 -0.88886 0.05639
vn -0.31201 -0.94104 0.13075
vn -0.30168 -0.94644 0.11502
vn -0.30502 -0.94363 0.12856
vn -0.28859 -0.95203 0.10177
vn -0.29111 -0.94986 0.11411
vn -0.27689 -0.95677 0.08905
vn -0.27867 -0.95515 0.10014
vn -0.26663 -0.96073 0.07685
vn -0.26774 -0.95959 0.08667
vn -0.26013 -0.96302 0.07017
vn -0.2632 -0.96156 0.07822
vn -0.25689 -0.9643 0.06425
vn -0.25788 -0.96346 0.07245
vn -0.25092 -0.96643 0.05516
vn -0.25146 -0.96586 0.06232
vn -0.24585 -0.9682 0.04639
vn -0.24604 -0.96784 0.05249
vn -0.24169 -0.96961 0.03794
vn -0.2416 -0.96942 0.04298
vn -0.23837 -0.97072 0.02977
vn -0.2381 -0.97065 0.03375
vn -0.2359 -0.97152 0.02213
vn -0.23562 -0.97152 0.02508
vn -0.2342 -0.97208 0.01476
vn -0.23388 -0.97212 0.01673
vn -0.2331 -0.97242 0.00732
vn -0.23289 -0.97247 0.00829
vn -0.23273 -0.97254 0.00205
vn -0.15592 -0.98776 0.00318
vn -0.32421 -0.9355 0.14048
vn -0.19853 -0.95241 0.23131
vn -0.18477 -0.96003 0.21024
vn -0.17991 -0.96451 0.19326
vn -0.17603 -0.96647 0.18693
vn -0.17209 -0.97011 0.17108
vn -0.16825 -0.97195 0.16432
vn -0.16521 -0.97483 0.14968
vn -0.16146 -0.97655 0.14243
vn -0.15927 -0.97876 0.1291
vn -0.15926 -0.97876 0.12909
vn -0.15497 -0.98083 0.11811
vn -0.15552 -0.9806 0.11932
vn -0.15362 -0.98223 0.10785
vn -0.15156 -0.98309 0.10275
vn -0.1503 -0.98431 0.09246
vn -0.14825 -0.98515 0.08662
vn -0.14753 -0.98601 0.07763
vn -0.14555 -0.9868 0.07099
vn -0.14529 -0.98736 0.06339
vn -0.14343 -0.98809 0.05579
vn -0.14353 -0.9884 0.04967
vn -0.14198 -0.989 0.0415
vn -0.1422 -0.98915 0.03689
vn -0.14094 -0.98963 0.02769
vn -0.14128 -0.98966 0.02458
vn -0.14039 -0.99 0.01373
vn -0.14064 -0.98999 0.01219
vn -0.13699 -0.98598 -0.09526
vn -0.10937 -0.99399 0.00372
vn -0.04681 -0.9989 0.00365
vn -0.04727 -0.99867 0.02053
vn -0.04599 -0.99883 0.01489
vn -0.04816 -0.99799 0.04126
vn -0.04501 -0.99852 0.03038
vn -0.0493 -0.99688 0.06159
vn -0.04399 -0.99797 0.04611
vn -0.05084 -0.99531 0.08235
vn -0.04261 -0.9971 0.06304
vn -0.05266 -0.99316 0.10422
vn -0.04137 -0.99581 0.08156
vn -0.05476 -0.99046 0.12646
vn -0.04025 -0.99406 0.10113
vn -0.05711 -0.98716 0.14915
vn -0.03934 -0.99178 0.12174
vn -0.05965 -0.98324 0.17227
vn -0.03872 -0.98894 0.14318
vn -0.05895 -0.98037 0.18816
vn -0.0411 -0.9873 0.15345
vn -0.06409 -0.977 0.2034
vn -0.03749 -0.984 0.17416
vn -0.06791 -0.97005 0.23322
vn -0.03756 -0.97848 0.2029
vn -0.07201 -0.96188 0.26383
vn -0.03807 -0.97186 0.23248
vn -0.07638 -0.95238 0.2952
vn -0.039 -0.96408 0.26275
vn -0.08097 -0.94148 0.32719
vn -0.04034 -0.95513 0.29344
vn -0.04695 -0.9989 0
vn -0.06258 -0.99804 0.00141
vn -0.10937 -0.994 0
vn -0.15592 -0.98777 0
vn -0.18677 -0.9824 0.00188
vn -0.23269 -0.97255 -0.00094
vn -0.30803 -0.95137 0.00141
vn -0.32289 -0.94644 0
vn -0.32289 0.94644 0.00188
vn -0.30803 0.95138 0
vn -0.23269 0.97255 -0.00094
vn -0.18677 0.9824 0.00188
vn -0.15592 0.98777 0
vn -0.10937 0.994 0
vn -0.06258 0.99804 0.00141
vn -0.04695 0.9989 0
vn -0.00013 0.00017 1
vn -0.24978 0.29116 0.92349
vn -0.16081 0.34625 0.92426
vn -0.3437 0.53295 0.7732
vn -0.21484 0.58309 0.78348
vn -0.37027 0.80587 0.46203
vn -0.22128 0.8397 0.49592
vn -0.37149 0.90261 0.21747
vn -0.1393 0.64798 0.74881
vn -0.03905 0.2491 0.96769
vn -0.04653 0.26149 0.96408
vn -0.05373 0.27854 0.95892
vn -0.05589 0.28088 0.95811
vn -0.0677 0.30919 0.94859
vn -0.06807 0.30955 0.94844
vn -0.08033 0.34114 0.93657
vn -0.08085 0.34162 0.93635
vn -0.09242 0.37381 0.92289
vn -0.08816 0.38625 0.91817
vn -0.08984 0.369 0.92508
vn -0.12106 0.48559 0.86576
vn -0.11647 0.46397 0.87816
vn -0.11642 0.46387 0.87822
vn -0.11153 0.44214 0.88998
vn -0.1112 0.44191 0.89014
vn -0.12185 0.52544 0.84206
vn -0.12508 0.50814 0.85214
vn -0.12164 0.48595 0.86548
vn -0.1279 0.51952 0.84483
vn -0.13199 0.55304 0.82263
vn -0.13303 0.5537 0.82202
vn -0.13577 0.58568 0.79909
vn -0.1369 0.58649 0.79831
vn -0.1368 0.68279 0.7177
vn -0.14011 0.66767 0.73116
vn -0.14114 0.64999 0.74672
vn -0.14154 0.6777 0.72159
vn -0.13954 0.6952 0.70515
vn -0.13972 0.69818 0.70216
vn -0.13784 0.71209 0.68843
vn -0.13973 0.71603 0.68394
vn -0.13543 0.73798 0.66109
vn -0.13706 0.74312 0.65497
vn -0.13216 0.76205 0.63389
vn -0.13324 0.76804 0.62639
vn -0.12805 0.78427 0.60706
vn -0.12842 0.79032 0.59909
vn -0.1232 0.80471 0.58074
vn -0.12303 0.81169 0.57098
vn -0.10472 0.85456 0.50868
vn -0.10828 0.84938 0.51655
vn -0.11135 0.83975 0.53143
vn -0.04723 0.95163 0.30358
vn -0.17705 0.96176 0.20895
vn -0.09302 0.92113 0.37799
vn -0.05261 0.94659 0.3181
vn -0.09025 0.91033 0.40392
vn -0.05645 0.93535 0.3492
vn -0.09062 0.89586 0.43499
vn -0.06021 0.92253 0.38121
vn -0.09055 0.88025 0.46579
vn -0.05827 0.9133 0.4031
vn -0.09913 0.86902 0.48474
vn -0.09105 0.87613 0.4734
vn -0.1007 0.86409 0.49316
vn -0.29955 0.94827 0.10519
vn -0.23364 0.92524 0.29891
vn -0.24179 0.91911 0.31107
vn -0.17842 0.95459 0.23859
vn -0.24669 0.90393 0.34935
vn -0.18621 0.9437 0.27343
vn -0.25054 0.88718 0.38749
vn -0.19358 0.93108 0.30921
vn -0.25335 0.86886 0.42532
vn -0.20046 0.91662 0.34587
vn -0.25514 0.84901 0.4627
vn -0.20678 0.90017 0.38332
vn -0.25566 0.82812 0.49885
vn -0.21249 0.88221 0.42019
vn -0.2557 0.80628 0.53341
vn -0.38075 0.89517 0.23174
vn -0.30475 0.9425 0.13717
vn -0.38958 0.87889 0.27528
vn -0.31638 0.93227 0.17545
vn -0.39685 0.86079 0.31868
vn -0.3272 0.92023 0.21473
vn -0.40255 0.84088 0.36176
vn -0.33715 0.90626 0.25498
vn -0.40668 0.81924 0.40431
vn -0.34615 0.89023 0.2961
vn -0.409 0.79639 0.44551
vn -0.35405 0.87256 0.33657
vn -0.4102 0.77248 0.48478
vn -0.36056 0.85277 0.37785
vn -0.40978 0.74655 0.52416
vn -0.503 0.80595 0.31214
vn -0.54841 0.70509 0.44955
vn -0.49536 0.82662 0.26706
vn -0.54742 0.73147 0.40654
vn -0.48629 0.84467 0.22374
vn -0.54427 0.75618 0.36327
vn -0.476 0.86077 0.18026
vn -0.53916 0.78012 0.31736
vn -0.46404 0.87517 0.13691
vn -0.532 0.80229 0.27074
vn -0.45085 0.88757 0.09457
vn -0.52276 0.82264 0.22357
vn -0.43653 0.89811 0.0533
vn -0.51143 0.8411 0.17605
vn -0.42113 0.90691 0.01311
vn -0.50381 0.85277 0.13768
vn -0.41023 0.91196 -0.00657
vn -0.55456 0.64961 0.52007
vn -0.55197 0.65938 0.51045
vn -0.54763 0.67702 0.49167
vn -0.25265 0.75789 0.60147
vn -0.22446 0.81515 0.53399
vn -0.24992 0.73212 0.63368
vn -0.22665 0.78854 0.57169
vn -0.24645 0.70531 0.66468
vn -0.22777 0.7599 0.60883
vn -0.24227 0.67748 0.6945
vn -0.22777 0.72926 0.64521
vn -0.23643 0.6586 0.71439
vn -0.22909 0.70947 0.66647
vn -0.23608 0.64138 0.73
vn -0.22615 0.68855 0.68903
vn -0.23046 0.61169 0.75679
vn -0.22353 0.65447 0.72229
vn -0.22426 0.58129 0.78219
vn -0.40472 0.69131 0.59858
vn -0.37298 0.77916 0.50378
vn -0.40019 0.66211 0.63361
vn -0.37415 0.75029 0.54504
vn -0.39439 0.63192 0.66718
vn -0.37369 0.71934 0.58559
vn -0.38665 0.61048 0.69124
vn -0.37506 0.69962 0.60816
vn -0.38536 0.593 0.707
vn -0.37077 0.67805 0.63464
vn -0.37686 0.56122 0.73689
vn -0.36653 0.64342 0.67206
vn -0.36726 0.52894 0.76508
vn -0.3606 0.60757 0.70769
vn -0.35658 0.49617 0.79163
vn -0.11584 0.83213 0.54234
vn -0.11742 0.82326 0.55539
vn -0.21716 0.86219 0.45767
vn -0.2546 0.78262 0.56805
vn -0.3661 0.8304 0.42
vn -0.40793 0.71947 0.56209
vn -0.50355 0.78045 0.37058
vn -0.51316 0.75805 0.40253
vn -0.54047 0.61767 0.57129
vn -0.51548 0.73076 0.44752
vn -0.53417 0.58655 0.60879
vn -0.51582 0.70127 0.4921
vn -0.52608 0.55456 0.64475
vn -0.51209 0.68049 0.52412
vn -0.52403 0.53827 0.66005
vn -0.51325 0.66158 0.54671
vn -0.51361 0.51377 0.6872
vn -0.50878 0.62798 0.58888
vn -0.50184 0.48083 0.719
vn -0.50216 0.59296 0.62947
vn -0.48848 0.44769 0.74898
vn -0.49336 0.55667 0.66837
vn -0.47059 0.38686 0.79302
vn -0.47147 0.3973 0.78732
vn -0.47355 0.41442 0.77717
vn -0.21011 0.51826 0.82901
vn -0.20883 0.54614 0.81125
vn -0.2021 0.48561 0.85049
vn -0.20175 0.50856 0.83705
vn -0.19344 0.45227 0.87065
vn -0.19365 0.47054 0.86086
vn -0.18641 0.43084 0.88296
vn -0.18861 0.44615 0.87486
vn -0.18141 0.40895 0.89434
vn -0.18194 0.42187 0.88822
vn -0.17118 0.37453 0.91128
vn -0.3319 0.42929 0.83997
vn -0.33276 0.49453 0.80293
vn -0.31787 0.39531 0.8618
vn -0.3202 0.45567 0.83057
vn -0.30494 0.37255 0.87648
vn -0.31391 0.43087 0.84605
vn -0.29833 0.35176 0.88728
vn -0.30191 0.40588 0.86262
vn -0.2817 0.31766 0.90539
vn -0.28588 0.36699 0.88521
vn -0.26406 0.28399 0.92175
vn -0.13969 0.6188 0.77303
vn -0.13805 0.61738 0.77445
vn -0.21975 0.61926 0.75381
vn -0.21749 0.55014 0.80625
vn -0.35298 0.57069 0.74143
vn -0.3448 0.46295 0.81657
vn -0.47193 0.51542 0.71528
vn -0.46917 0.48097 0.74064
vn -0.43896 0.34784 0.82845
vn -0.45374 0.44196 0.77381
vn -0.41926 0.31472 0.85157
vn -0.43829 0.41575 0.7969
vn -0.41196 0.2983 0.86099
vn -0.43088 0.39168 0.81297
vn -0.39186 0.27305 0.87857
vn -0.41043 0.35218 0.84114
vn -0.36869 0.2411 0.89774
vn -0.38798 0.31315 0.86684
vn -0.33787 0.18867 0.92209
vn -0.34015 0.19752 0.91939
vn -0.3441 0.2101 0.91512
vn -0.03175 0.2157 0.97594
vn -0.02325 0.1962 0.98029
vn -0.04006 0.21198 0.97645
vn -0.01844 0.1662 0.98592
vn -0.03598 0.17789 0.98339
vn -0.14882 0.30563 0.94045
vn -0.14916 0.30933 0.93918
vn -0.13668 0.27143 0.9527
vn -0.13685 0.27317 0.95218
vn -0.12389 0.23757 0.96344
vn -0.12392 0.23786 0.96336
vn -0.11047 0.20423 0.97267
vn -0.11041 0.20356 0.97282
vn -0.09724 0.17346 0.98003
vn -0.09711 0.17223 0.98026
vn -0.08356 0.14355 0.98611
vn -0.0835 0.14205 0.98633
vn -0.06873 0.11334 0.99118
vn -0.00968 0.10495 0.99443
vn -0.22578 0.21854 0.94935
vn -0.22978 0.25457 0.93936
vn -0.20517 0.18713 0.96067
vn -0.20853 0.21908 0.95316
vn -0.1836 0.15685 0.97041
vn -0.18607 0.18491 0.96498
vn -0.16181 0.12951 0.97829
vn -0.16423 0.15397 0.97433
vn -0.14047 0.10375 0.98463
vn -0.14059 0.12492 0.98216
vn -0.11674 0.07857 0.99005
vn -0.11531 0.09633 0.98865
vn -0.09269 0.05587 0.99413
vn -0.10259 0.40855 0.90695
vn -0.1017 0.40785 0.90737
vn -0.17175 0.3838 0.9073
vn -0.16032 0.34005 0.92664
vn -0.26849 0.3287 0.90547
vn -0.24542 0.2509 0.93639
vn -0.34823 0.27189 0.89711
vn -0.33721 0.23737 0.91101
vn -0.2907 0.15161 0.94473
vn -0.30894 0.20114 0.92957
vn -0.26189 0.1245 0.95703
vn -0.27879 0.16638 0.94583
vn -0.2317 0.09912 0.96772
vn -0.24757 0.13517 0.95939
vn -0.20366 0.07787 0.97594
vn -0.21751 0.10606 0.97028
vn -0.17143 0.05725 0.98353
vn -0.18211 0.07794 0.98018
vn -0.13818 0.03869 0.98965
vn -0.14625 0.05309 0.98782
vn -0.10124 0.01582 0.99474
vn -0.10172 0.01891 0.99463
vn -0.10452 0.0235 0.99425
vn -0.00842 0.01067 0.99991
vn -0.00798 0.01115 0.99991
vn -0.02384 0.03324 0.99916
vn -0.02347 0.034 0.99915
vn -0.03882 0.05728 0.9976
vn -0.03856 0.05836 0.99755
vn -0.05384 0.08353 0.99505
vn -0.00855 0.01083 0.9999
vn -0.02013 0.00444 0.99979
vn -0.03668 0.02749 0.99895
vn -0.04437 0.01886 0.99884
vn -0.06316 0.04734 0.99688
vn -0.00013 0.00017 1
vn -0.02539 0.10848 0.99377
vn -0.00571 0.07606 0.99709
vn -0.01974 0.07521 0.99697
vn -0.00205 0.04838 0.99883
vn -0.01395 0.04317 0.99897
vn 0.00167 0.02141 0.99977
vn -0.00842 0.01067 0.99991
vn -0.00013 0.00017 1
vn -0.01394 0.135 0.99075
vn -0.03082 0.14277 0.98928
vn -0.06876 0.11183 0.99135
vn -0.0537 0.08488 0.99494
vn -0.08944 0.07039 0.9935
vn -0.06849 0.03588 0.99701
vn -0.0854 0.03425 0.99576
vn -0.07255 0.01474 0.99726
vn -0.03676 0.00389 0.99932
vn -0.03499 0.00143 0.99939
vn -0.00088 3E-05 1
vn -0.00085 0 1
vn -0.43254 0.90128 0.02455
vn -0.31796 0.93894 0.13148
vn -0.44778 0.89191 0.06323
vn -0.41925 0.90764 0.02059
vn -0.4251 0.9032 0.05934
vn -0.3993 0.91665 0.01769
vn -0.40404 0.91327 0.05185
vn -0.38305 0.9236 0.01506
vn -0.38601 0.92138 0.0453
vn -0.36914 0.92929 0.01269
vn -0.37056 0.92798 0.03913
vn -0.35749 0.93385 0.01075
vn -0.35859 0.9329 0.03341
vn -0.34865 0.93721 0.009
vn -0.34884 0.93675 0.02845
vn -0.34171 0.93977 0.00823
vn -0.34541 0.93813 0.02475
vn -0.33944 0.9406 0.00696
vn -0.33884 0.94058 0.02237
vn -0.33412 0.94251 0.00556
vn -0.33306 0.94273 0.01807
vn -0.32995 0.94399 0.00425
vn -0.32865 0.94435 0.0139
vn -0.3268 0.94509 0.00301
vn -0.32551 0.94549 0.00985
vn -0.3246 0.94585 0.0018
vn -0.3236 0.94618 0.00588
vn -0.23326 0.97235 0.0115
vn -0.23381 0.9722 0.01296
vn -0.23453 0.97192 0.01926
vn -0.23559 0.97161 0.02164
vn -0.23653 0.97124 0.02719
vn -0.2382 0.97074 0.03046
vn -0.23932 0.9703 0.0354
vn -0.24171 0.96954 0.03949
vn -0.24297 0.96904 0.04398
vn -0.24619 0.96799 0.04886
vn -0.24648 0.96787 0.0497
vn -0.24909 0.96689 0.05543
vn -0.24937 0.96677 0.05623
vn -0.25393 0.96523 0.06206
vn -0.25568 0.96448 0.06637
vn -0.26136 0.96249 0.07289
vn -0.26368 0.96146 0.07793
vn -0.27091 0.95884 0.085
vn -0.27395 0.95744 0.09088
vn -0.28261 0.95415 0.09859
vn -0.28615 0.95244 0.10479
vn -0.2963 0.94837 0.11312
vn -0.30082 0.94605 0.12042
vn -0.31288 0.94097 0.1292
vn -0.32373 0.9349 0.14548
vn -0.19692 0.95116 0.23775
vn -0.1411 0.98976 0.02149
vn -0.14035 0.98992 0.0192
vn -0.14226 0.98918 0.03589
vn -0.14082 0.98951 0.03221
vn -0.14394 0.9883 0.05051
vn -0.14168 0.98886 0.04558
vn -0.14618 0.98709 0.06551
vn -0.14296 0.98794 0.05947
vn -0.14902 0.98551 0.08103
vn -0.14476 0.98669 0.07404
vn -0.15071 0.98431 0.09177
vn -0.1471 0.98559 0.08355
vn -0.15392 0.98271 0.1029
vn -0.14807 0.98441 0.0949
vn -0.15862 0.97992 0.12081
vn -0.1515 0.98207 0.11217
vn -0.16469 0.97624 0.14083
vn -0.15591 0.97893 0.13184
vn -0.17211 0.97147 0.16319
vn -0.16186 0.97477 0.15372
vn -0.18081 0.96558 0.18698
vn -0.16907 0.96957 0.17709
vn -0.19142 0.95807 0.21323
vn -0.17783 0.96286 0.20317
vn -0.18954 0.95674 0.22073
vn -0.07311 0.93711 0.3413
vn -0.3233 0.9463 0.0006
vn -0.32289 0.94643 0.00195
vn -0.23282 0.97251 0.00382
vn -0.23269 0.97254 0.00433
vn -0.14028 0.99009 0.00717
vn -0.15553 0.98524 -0.07147
vn -0.10937 0.99397 0.00783
vn -0.0481 0.95687 0.28651
vn -0.06621 0.94717 0.31382
vn -0.04915 0.96576 0.25475
vn -0.06237 0.95908 0.27619
vn -0.04732 0.9739 0.22199
vn -0.05878 0.96845 0.24217
vn -0.04639 0.98033 0.19185
vn -0.05567 0.97614 0.20986
vn -0.04589 0.98546 0.16361
vn -0.05356 0.98215 0.18029
vn -0.04541 0.98927 0.13889
vn -0.05155 0.98673 0.15398
vn -0.04556 0.99211 0.11676
vn -0.05239 0.9893 0.13616
vn -0.04385 0.99354 0.10471
vn -0.04949 0.99135 0.12155
vn -0.04599 0.99485 0.09036
vn -0.04825 0.99397 0.09843
vn -0.04645 0.99631 0.07211
vn -0.04732 0.99599 0.07598
vn -0.04688 0.99739 0.05498
vn -0.04671 0.99745 0.054
vn -0.04717 0.99814 0.03874
vn -0.04644 0.9984 0.03232
vn -0.04722 0.99862 0.02309
vn -0.04651 0.99886 0.01076
vn -0.04695 0.99887 0.0077
vn -0 0.99452 -0.10453
vn -0 0.95106 -0.30902
vn -0 0.86603 -0.5
vn -0 0.74314 -0.66913
vn -0 0.58779 -0.80902
vn -0 0.40674 -0.91355
vn -0 0.20791 -0.97815
vn 0 -0.20791 -0.97815
vn 0 -0.38097 -0.92459
vn 0.06087 -0.40598 -0.91185
vn 0 -0.99452 -0.10453
vn 0 -0.95106 -0.30902
vn 0 -0.86603 -0.5
vn 0 -0.74314 -0.66913
vn 0 -0.58779 -0.80902
vn 0 -0.47553 -0.8797
vn -0.84912 0.37349 -0.3735
vn -0.84912 0.5102 -0.13671
vn -0.84912 -0.37349 -0.3735
vn -0.84912 -0.13671 -0.5102
vn -0.84912 0.13671 -0.5102
vn -0.84912 -0.37349 0.3735
vn -0.84912 -0.5102 0.13671
vn -0.84912 -0.5102 -0.13671
vn -0.84912 0.37349 0.3735
vn -0.84912 0.13671 0.5102
vn -0.84912 -0.13671 0.5102
vn -0.84912 0.5102 0.13671
vn -0 0.96593 -0.25882
vn -0 0.70711 -0.70711
vn -0 0.25882 -0.96593
vn 0 -0.25882 -0.96593
vn 0 -0.70711 -0.70711
vn 0 -0.96593 -0.25882
vn 0 -0.96593 0.25882
vn 0 -0.70711 0.70711
vn 0 -0.25882 0.96593
vn -0 0.25882 0.96593
vn -0 0.70711 0.70711
vn -0 0.96593 0.25882
vn -0.69474 0.50859 -0.50859
vn -0.69474 0.50859 -0.50859
vn -0.69475 0.18616 -0.69475
vn -0.69475 0.18616 -0.69475
vn -0.69475 -0.18616 -0.69475
vn -0.69475 -0.18616 -0.69475
vn -0.69475 -0.50859 -0.50859
vn -0.69474 -0.50859 -0.50859
vn -0.69475 -0.69475 -0.18616
vn -0.69475 -0.69475 -0.18616
vn -0.69475 -0.69475 0.18616
vn -0.69475 -0.69475 0.18616
vn -0.69474 -0.50859 0.50859
vn -0.69475 -0.50859 0.50859
vn -0.69475 -0.18616 0.69475
vn -0.69475 0.18616 0.69475
vn -0.69475 0.18616 0.69475
vn -0.69474 0.50859 0.50859
vn -0.69474 0.50859 0.50859
vn -0.69475 0.69475 0.18616
vn -0.69475 0.69475 0.18616
vn -0.69475 0.69475 -0.18616
vn -0.69475 0.69475 -0.18616
vn -0.84912 0.37349 -0.37349
vn -0.84912 -0.3735 -0.3735
vn -0.84912 -0.13671 -0.5102
vn -0.84912 0.13671 -0.5102
vn -0.84912 -0.37349 0.37349
vn -0.84912 -0.5102 0.13671
vn -0.84912 0.37349 0.37349
vn -0.84912 0.13671 0.5102
vn -0.84912 -0.13671 0.5102
vn -0.84912 0.5102 0.13671
vn -0 0.70711 -0.70711
vn -0 0.25882 -0.96593
vn 0 -0.25882 -0.96593
vn 0 -0.70711 -0.70711
vn 0 -0.96593 0.25882
vn 0 -0.70711 0.70711
vn 0 -0.25882 0.96593
vn -0 0.25882 0.96593
vn -0 0.70711 0.70711
vn -0 0.96593 0.25882
vn -0.69475 0.50859 -0.50859
vn -0.69475 0.18616 -0.69475
vn -0.69475 0.18616 -0.69475
vn -0.69475 -0.18616 -0.69475
vn -0.69475 -0.18616 -0.69475
vn -0.69475 -0.50859 -0.50859
vn -0.69475 -0.69475 -0.18616
vn -0.69475 -0.69475 -0.18616
vn -0.69475 -0.69475 0.18616
vn -0.69475 -0.69475 0.18616
vn -0.69475 -0.50859 0.50859
vn -0.69475 -0.50859 0.50859
vn -0.69475 -0.18616 0.69475
vn -0.69475 -0.18616 0.69475
vn -0.69475 0.18616 0.69475
vn -0.69475 0.18616 0.69475
vn -0.69474 0.50859 0.50859
vn -0.69475 0.50859 0.50859
vn -0.69475 0.69475 0.18616
vn -0.69475 0.69475 0.18616
vn -0.69475 0.69475 -0.18616
vn -0.84912 0.3735 -0.3735
vn -0.84912 0.5102 -0.13671
vn -0.84912 -0.37349 -0.37349
vn -0.84912 -0.13671 -0.5102
vn -0.84912 0.13671 -0.5102
vn -0.84912 -0.37349 0.37349
vn -0.84912 -0.5102 0.13671
vn -0.84912 -0.5102 -0.13671
vn -0.84912 0.37349 0.37349
vn -0.84912 0.13671 0.5102
vn -0.84912 -0.13671 0.5102
vn -0.84912 0.5102 0.13671
vn -0 0.25882 -0.96593
vn 0 -0.25882 -0.96593
vn 0 -0.25882 0.96593
vn -0 0.25882 0.96593
vn -0.69475 0.18616 -0.69475
vn -0.69475 -0.18616 -0.69475
vn -0.69475 -0.18616 -0.69475
vn -0.69475 -0.50859 -0.50859
vn -0.69474 -0.50859 0.50859
vn -0.69475 -0.18616 0.69475
vn -0.69475 0.18616 0.69475
vn -0.69475 0.18616 0.69475
vn -0.69475 0.50859 0.50859
vn -0.69475 0.50859 0.50859
vn -0.84912 0.37349 -0.3735
vn -0.84912 -0.37349 -0.3735
vn -0.84912 -0.13671 -0.5102
vn -0.84912 0.13671 -0.5102
vn -0.84912 -0.37349 0.3735
vn -0.84912 -0.5102 0.13671
vn -0.84912 0.37349 0.3735
vn -0.84912 0.13671 0.5102
vn -0.84912 -0.13671 0.5102
vn -0.84912 0.5102 0.13671
vn -0 0.25882 -0.96593
vn 0 -0.25882 -0.96593
vn 0 -0.25882 0.96593
vn -0 0.25882 0.96593
vn -0.69475 -0.18616 -0.69475
vn -0.69475 -0.18616 -0.69475
vn -0.69474 -0.50859 -0.50859
vn -0.69474 -0.50859 -0.50859
vn -0.69474 -0.50859 0.50859
vn -0.69475 -0.18616 0.69475
vn -0.69475 0.18616 0.69475
vn -0.69475 0.18616 0.69475
vn -0.69475 0.50859 0.50859
vn -0.84912 0.3735 -0.37349
vn -0.84912 0.5102 -0.13671
vn -0.84912 -0.3735 -0.37349
vn -0.84912 -0.13671 -0.5102
vn -0.84912 0.13671 -0.5102
vn -0.84912 -0.37349 0.3735
vn -0.84912 -0.5102 0.13671
vn -0.84912 -0.5102 -0.13671
vn -0.84912 0.37349 0.3735
vn -0.84912 0.13671 0.5102
vn -0.84912 -0.13671 0.5102
vn -0.84912 0.5102 0.13671
vn -0 0.96593 -0.25882
vn -0 0.70711 -0.7071
vn -0 0.25881 -0.96593
vn -0 0.25881 -0.96593
vn 0 -0.25881 -0.96593
vn 0 -0.25881 -0.96593
vn 0 -0.70711 -0.7071
vn 0 -0.96593 -0.25882
vn 0 -0.96593 0.25882
vn 0 -0.7071 0.70711
vn 0 -0.25881 0.96593
vn 0 -0.25881 0.96593
vn -0 0.25881 0.96593
vn -0 0.25881 0.96593
vn -0 0.7071 0.70711
vn -0 0.96593 0.25882
vn -0.69475 0.50859 -0.50858
vn -0.69475 0.50859 -0.50859
vn -0.69475 0.18615 -0.69475
vn -0.69474 0.18615 -0.69475
vn -0.69474 -0.18616 -0.69475
vn -0.69475 -0.18615 -0.69475
vn -0.69475 -0.50859 -0.50859
vn -0.69475 -0.50859 -0.50859
vn -0.69475 -0.69474 -0.18616
vn -0.69475 -0.69475 -0.18616
vn -0.69475 -0.69475 0.18616
vn -0.69474 -0.50859 0.50859
vn -0.69475 -0.50859 0.50859
vn -0.69475 -0.18615 0.69475
vn -0.69475 -0.18616 0.69474
vn -0.69475 0.18615 0.69474
vn -0.69475 0.18616 0.69475
vn -0.69475 0.50859 0.50859
vn -0.69474 0.50859 0.50859
vn -0.69475 0.69475 0.18616
vn -0.69475 0.69475 0.18616
vn -0.69475 0.69475 -0.18616
vn -0.69475 0.69475 -0.18616
vn -0.01982 0.9998 0
vn -0.10072 0.99492 0
vn -0.12007 0.99276 -0.00131
vn -0.21234 0.9772 0
vn -0.31982 0.94748 0
vn -0.37704 0.9262 -0.00105
vn -0.51208 0.85894 0
vn -0.75771 0.65259 0
vn -0.97172 0.23616 0
vn -0.80321 0.57576 0.15283
vn -0.1007 0.99472 0.01992
vn -0.9717 0.2165 0.09451
vn -0.97175 0.2289 0.05757
vn -0.75765 0.65253 0.01314
vn -0.9717 0.23615 0.00467
vn -0.98625 0.16488 0.01089
vn -0.51183 0.85852 0.03114
vn -0.80375 0.59496 -0.00297
vn -0.80329 0.59185 0.06662
vn -0.85943 0.50804 0.05719
vn -0.97183 0.23275 0.03702
vn -0.31976 0.94731 0.01897
vn -0.5425 0.83989 0.01682
vn -0.54157 0.83538 0.09403
vn -0.80329 0.59185 0.06662
vn -0.8032 0.57577 0.15283
vn -0.92589 0.36515 0.09692
vn -0.97185 0.22349 0.07459
vn -0.55832 0.74721 0.3605
vn -0.65868 0.68927 0.30174
vn -0.82622 0.51686 0.2241
vn -0.80322 0.54596 0.23827
vn -0.93971 0.31344 0.13679
vn -0.99291 0.11023 0.04455
vn -0.15147 0.8857 0.43886
vn -0.12105 0.89907 0.42073
vn -0.121 0.92422 0.36217
vn -0.121 0.92422 0.36217
vn -0.121 0.94911 0.29077
vn -0.121 0.94911 0.29077
vn -0.121 0.96837 0.21821
vn -0.121 0.96837 0.21821
vn -0.12078 0.98645 0.11104
vn -0.0354 0.9931 0.11179
vn -0.03549 0.99917 0.01981
vn -0.54229 0.78227 0.30654
vn -0.54228 0.80334 0.24611
vn -0.65534 0.73006 0.19378
vn -0.54228 0.81965 0.18469
vn -0.54157 0.83538 0.09403
vn -0.2714 0.95643 0.10766
vn -0.27201 0.96057 0.05753
vn -0.2123 0.97701 0.01957
vn -0.04706 0.89381 0.44597
vn -0.0354 0.90008 0.43429
vn -0.0354 0.93048 0.36462
vn -0.0353 0.93053 0.36452
vn -0.03579 0.95552 0.29273
vn -0.03593 0.95547 0.29288
vn -0.03593 0.97491 0.21968
vn -0.0235 0.97827 0.20598
vn -0.05978 0.99347 0.09715
vn -0.0198 0.99835 0.05383
vn -0.12071 0.99188 -0.04015
vn -0.12078 0.98645 0.11104
vn -0.2714 0.95643 0.10766
vn -0.27187 0.93879 0.21154
vn -0.27187 0.93879 0.21154
vn -0.27188 0.92012 0.28188
vn -0.27188 0.92012 0.28188
vn -0.27188 0.89599 0.35111
vn -0.27188 0.89599 0.35111
vn -0.27201 0.87326 0.40426
vn -0.30048 0.85903 0.41446
vn -0.99581 0.07571 0.05137
vn -0.90826 0.37024 0.19491
vn -0.29972 0.80256 0.51581
vn -0.98864 0.05285 0.14068
vn -0.06956 0.30949 0.94835
vn -0.16526 0.56288 0.80985
vn -0.10447 0.3854 0.91682
vn -0.12817 0.50792 0.85182
vn -0.1421 0.58604 0.79773
vn -0.15373 0.564 0.81134
vn -0.14324 0.55285 0.82087
vn -0.13039 0.5248 0.84118
vn -0.1097 0.36796 0.92335
vn -0.14881 0.43952 0.88582
vn -0.13713 0.46251 0.87594
vn -0.12778 0.48552 0.86484
vn -0.10166 0.40861 0.90703
vn -0.12218 0.46851 0.87497
vn -0.16069 0.46543 0.87037
vn -0.16031 0.56649 0.80833
vn -0.21532 0.56029 0.79982
vn -0.03568 0.26181 0.96446
vn 0.99704 0.04224 0.06428
vn -0.90676 0.24958 0.33983
vn -0.07302 0.34195 0.93688
vn -0.10061 0.38312 0.9182
vn -0.15008 0.37985 0.91279
vn -0.14958 0.47386 0.8678
vn -0.22217 0.46678 0.85601
vn -0.22166 0.55678 0.80054
vn -0.35201 0.53436 0.76847
vn -0.32349 0.537 0.77909
vn -0.55478 0.47214 0.68506
vn -0.80375 0.17961 0.56721
vn -0.48021 0.26511 0.83613
vn -0.47943 0.33736 0.81015
vn -0.25366 0.37238 0.89274
vn -0.12079 0.32304 0.93865
vn -0.25422 0.31324 0.91502
vn -0.27163 0.30259 0.9136
vn -0.54192 0.26355 0.79804
vn -0.99464 0.04588 0.09267
vn -0.90186 0.15717 0.40244
vn -0.85849 0.18656 0.47769
vn -0.91052 0.15184 0.38458
vn -0.6528 0.27827 0.70457
vn -0.25249 0.7835 0.56778
vn -0.82686 0.48725 0.28087
vn -0.93995 0.29571 0.17041
vn -0.94654 0.2793 0.16143
vn -0.99298 0.10333 0.05759
vn -0.23464 0.79267 0.56269
vn -0.47583 0.71755 0.50864
vn -0.40455 0.75236 0.51989
vn -0.64076 0.63169 0.43635
vn -0.64014 0.58664 0.49606
vn -0.37679 0.62394 0.68464
vn -0.76095 0.43702 0.47955
vn -0.76702 0.47838 0.4276
vn 0.61364 0.60288 0.50989
vn -0.70038 0.55623 0.4473
vn -0.25326 0.82745 0.50119
vn -0.55799 0.71024 0.42919
vn -0.47663 0.76008 0.4417
vn -0.73643 0.58338 0.34255
vn -0.73606 0.55981 0.38056
vn -0.90838 0.34583 0.23505
vn -0.86403 0.41727 0.28166
vn -0.97365 0.18719 0.13026
vn -0.91408 0.31973 0.24945
vn -0.98885 0.11252 0.09756
vn -0.9582 0.21331 0.19064
vn -0.04707 0.87838 0.47563
vn -0.06293 0.85631 0.51261
vn -0.07692 0.86569 0.49463
vn -0.07115 0.85187 0.5189
vn -0.08799 0.81206 0.5769
vn -0.12466 0.83133 0.54162
vn -0.1171 0.76948 0.62785
vn -0.1061 0.79221 0.60096
vn -0.10763 0.813 0.57223
vn -0.15114 0.83757 0.52501
vn -0.1371 0.84621 0.51491
vn -0.13677 0.80813 0.57291
vn -0.15164 0.7997 0.58093
vn -0.15107 0.74001 0.65541
vn -0.23383 0.72828 0.64416
vn -0.22009 0.73536 0.64094
vn -0.40364 0.68991 0.60091
vn -0.34387 0.71359 0.61036
vn -0.53965 0.63983 0.54717
vn -0.53917 0.56674 0.62297
vn -0.7243 0.46398 0.51001
vn -0.72434 0.38906 0.56918
vn 0.98152 0.10795 0.158
vn -0.92417 0.19913 0.32598
vn -0.98864 0.04318 0.14396
vn -0.97152 0.06678 0.22736
vn -0.91065 0.12183 0.39481
vn -0.74048 0.19823 0.64218
vn -0.74008 0.25135 0.62379
vn -0.41273 0.34065 0.84476
vn -0.04049 0.28137 0.95875
vn -0.0675 0.31423 0.94694
vn -0.1363 0.31062 0.94071
vn -0.13588 0.39099 0.91031
vn -0.23669 0.38247 0.89314
vn -0.23604 0.45883 0.8566
vn -0.4119 0.42999 0.8034
vn -0.35256 0.43414 0.82899
vn -0.65223 0.35157 0.67156
vn -0.55523 0.38166 0.73895
vn -0.85827 0.23548 0.45599
vn -0.99998 0.00439 0.00466
vn -0.15677 0.66603 0.72927
vn -0.16429 0.64768 0.74399
vn -0.13754 0.61899 0.77326
vn -0.15202 0.66733 0.72908
vn -0.16524 0.65845 0.73426
vn -0.21962 0.65143 0.72623
vn -0.21521 0.65377 0.72545
vn -0.34338 0.6288 0.69764
vn -0.32341 0.63552 0.70108
vn -0.50108 0.58123 0.64116
vn -0.50111 0.48929 0.71379
vn -0.77701 0.3559 0.51922
vn -0.78363 0.28347 0.55278
vn -0.92557 0.17272 0.33687
vn -0.98938 0.06535 0.12987
vn -0.9903 0.07244 0.11855
vn -0.99147 0.06807 0.11113
vn -0.98412 0.09749 0.14835
vn -0.9992 0.02371 0.0323
vn -0.98966 0.08654 0.11441
vn -0.94098 0.21469 0.26167
vn 0.05443 0.6514 0.75678
vn -0.99891 0.03203 0.03382
vn -0.9896 0.10062 0.10281
vn -0.87553 0.48177 -0.03658
vn -0.91589 0.28083 0.28685
vn 0.9936 0.07594 0.08367
vn -0.15084 0.68144 0.71617
vn -0.14766 0.69741 0.7013
vn -0.14181 0.73626 0.66167
vn -0.18284 0.7112 0.6788
vn -0.14258 0.74258 0.6544
vn -0.97142 0.04622 0.23284
vn -0.03528 0.06568 0.99722
vn -0.03533 0.06565 0.99722
vn -0.12083 0.06521 0.99053
vn -0.12083 0.06521 0.99053
vn -0.27152 0.06323 0.96035
vn -0.27152 0.06323 0.96035
vn -0.54176 0.05522 0.83872
vn -0.54175 0.05522 0.83873
vn -0.80342 0.03912 0.59413
vn -0.80342 0.03912 0.59413
vn -0.97174 0.01551 0.23556
vn -0.97174 0.01551 0.23556
vn -0.97173 0.04601 0.23155
vn -0.80341 0.11604 0.58401
vn -0.80343 0.11603 0.58398
vn -0.54175 0.16381 0.82443
vn -0.54173 0.16381 0.82443
vn -0.27152 0.18756 0.94398
vn -0.27152 0.18756 0.94398
vn -0.12083 0.19346 0.97364
vn -0.12083 0.19346 0.97364
vn -0.03646 0.19475 0.98017
vn -0.0356 0.19532 0.98009
vn -0.97173 -0.04597 0.23156
vn -0.03533 -0.06568 0.99722
vn -0.97142 -0.04626 0.23283
vn -0.80343 -0.11603 0.58398
vn -0.80341 -0.11604 0.58401
vn -0.54173 -0.16381 0.82443
vn -0.54175 -0.16381 0.82443
vn -0.27152 -0.18756 0.94398
vn -0.27152 -0.18756 0.94398
vn -0.12083 -0.19346 0.97364
vn -0.12083 -0.19346 0.97364
vn -0.03587 -0.19476 0.98019
vn -0.03647 -0.19514 0.9801
vn -0.03528 -0.06565 0.99722
vn -0.12083 -0.06521 0.99053
vn -0.12083 -0.06521 0.99053
vn -0.27152 -0.06323 0.96035
vn -0.27152 -0.06323 0.96035
vn -0.54175 -0.05522 0.83873
vn -0.54176 -0.05522 0.83872
vn -0.80342 -0.03912 0.59413
vn -0.80342 -0.03912 0.59413
vn -0.97174 -0.01551 0.23556
vn -0.97174 -0.01551 0.23556
vn -0.14327 -0.50038 0.85387
vn -0.03595 -0.26295 0.96414
vn -0.27165 -0.82318 0.49859
vn -0.34364 -0.62872 0.69759
vn -0.13126 -0.71073 0.69111
vn -0.13441 -0.69907 0.7023
vn -0.13978 -0.68484 0.71516
vn -0.15525 -0.66149 0.73371
vn -0.16161 -0.668 0.7264
vn -0.07302 -0.84807 0.52483
vn -0.0787 -0.83482 0.54487
vn -0.10584 -0.8105 0.57609
vn -0.10865 -0.81354 0.57127
vn -0.10693 -0.80027 0.59003
vn -0.10749 -0.7893 0.60452
vn -0.11711 -0.76877 0.62871
vn -0.13836 -0.74614 0.65126
vn -0.1355 -0.74269 0.65578
vn -0.13126 -0.72433 0.67684
vn -0.03559 -0.88098 0.47182
vn -0.03878 -0.87546 0.48173
vn -0.0598 -0.85338 0.51785
vn -0.07707 -0.86523 0.49542
vn -0.07302 -0.85545 0.5127
vn 0.99739 -0.04961 0.0524
vn -0.89619 -0.28725 0.33812
vn -0.76237 -0.4355 0.47868
vn -0.50109 -0.58237 0.64012
vn -0.50123 -0.49002 0.71319
vn -0.45405 -0.76235 0.46115
vn -0.47621 -0.75178 0.45613
vn -0.62094 -0.6782 0.39304
vn -0.84929 -0.4376 0.29532
vn -0.90807 -0.34625 0.23565
vn -0.63958 -0.63546 0.43259
vn -0.73537 -0.55737 0.38543
vn -0.40385 -0.7523 0.52053
vn -0.47533 -0.71746 0.50923
vn -0.25253 -0.78869 0.56053
vn -0.25311 -0.82213 0.50994
vn -0.98827 -0.12771 0.0837
vn -0.87576 -0.40015 0.27004
vn -0.99472 -0.07947 0.06499
vn -0.9882 -0.11786 0.09786
vn -0.98924 -0.10443 0.10246
vn -0.91062 -0.15012 0.38501
vn -0.97152 -0.06678 0.22736
vn -0.91072 -0.12178 0.39466
vn -0.80384 -0.17544 0.56839
vn -0.9248 -0.20302 0.32175
vn 0.98441 -0.11852 0.12996
vn -0.72427 -0.46447 0.50961
vn -0.72435 -0.38895 0.56924
vn -0.55635 -0.46879 0.68608
vn -0.55688 -0.38416 0.73642
vn -0.5396 -0.56547 0.62376
vn -0.32343 -0.63552 0.70107
vn -0.3235 -0.53587 0.77987
vn -0.35287 -0.53311 0.76894
vn -0.35346 -0.43273 0.82935
vn -0.4125 -0.42869 0.80379
vn -0.98865 -0.04317 0.14389
vn -0.98865 -0.05351 0.14039
vn -0.96338 -0.09741 0.24983
vn -0.98939 -0.0651 0.12988
vn -0.23606 -0.4639 0.85385
vn -0.22233 -0.45912 0.8601
vn -0.22179 -0.55839 0.79938
vn -0.21528 -0.55649 0.80248
vn -0.21524 -0.65205 0.72698
vn -0.21967 -0.65308 0.72472
vn -0.22016 -0.72995 0.64707
vn -0.07085 -0.32203 0.94407
vn -0.07085 -0.30635 0.94928
vn -0.10874 -0.36847 0.92326
vn -0.13111 -0.46291 0.87666
vn -0.11328 -0.44186 0.8899
vn -0.10151 -0.40848 0.9071
vn -0.10397 -0.38598 0.91663
vn -0.14948 -0.47264 0.86848
vn -0.14323 -0.47738 0.86695
vn -0.15035 -0.48214 0.86309
vn -0.84956 -0.45292 0.27039
vn -0.73581 -0.58667 0.33824
vn -0.90821 -0.3626 0.209
vn -0.94794 -0.27681 0.15743
vn -0.98828 -0.13248 0.0759
vn -0.99559 -0.08163 0.04614
vn -0.99729 -0.04294 0.05979
vn -0.70815 -0.37674 0.59715
vn -0.99066 -0.0717 0.11596
vn -0.88791 0.14002 0.4382
vn -0.96277 -0.12293 0.24074
vn -0.85895 -0.23293 0.45601
vn -0.85917 -0.18768 0.47603
vn -0.74031 -0.2466 0.6254
vn -0.74065 -0.20291 0.64052
vn -0.48033 -0.26509 0.83607
vn -0.54192 -0.26355 0.79804
vn -0.25425 -0.30412 0.91808
vn -0.27147 -0.31151 0.91064
vn -0.13628 -0.32221 0.93681
vn -0.12088 -0.31157 0.9425
vn -0.06744 -0.31424 0.94694
vn -0.04049 -0.28143 0.95873
vn -0.2345 -0.7867 0.57106
vn -0.23379 -0.73231 0.63958
vn -0.40294 -0.68952 0.60183
vn -0.34415 -0.71283 0.61109
vn -0.63892 -0.5841 0.5006
vn -0.54007 -0.64202 0.54419
vn -0.84901 -0.40308 0.34162
vn -0.76957 -0.4883 0.41149
vn -0.91863 -0.30217 0.2546
vn -0.91704 -0.28398 0.27999
vn -0.98504 -0.1227 0.12101
vn -0.9897 -0.09843 0.10394
vn -0.99908 -0.02845 0.03218
vn -0.98625 -0.10702 0.1259
vn -0.98625 -0.09752 0.13339
vn -0.8962 -0.26195 0.35805
vn 0.99228 -0.06981 0.10254
vn -0.77863 -0.35331 0.51856
vn -0.78507 -0.28337 0.55078
vn -0.65322 -0.34641 0.67327
vn -0.65374 -0.28251 0.702
vn -0.41332 -0.3401 0.84469
vn -0.47955 -0.33691 0.81026
vn -0.23681 -0.3736 0.89685
vn -0.25353 -0.38018 0.88949
vn -0.14999 -0.38959 0.90869
vn -0.13596 -0.38041 0.91477
vn -0.10036 -0.38267 0.91842
vn -0.07298 -0.34182 0.93693
vn -0.147 -0.65003 0.74556
vn -0.13907 -0.62415 0.76882
vn -0.13909 -0.60775 0.78185
vn -0.15183 -0.5522 0.81977
vn -0.14603 -0.52886 0.83605
vn -0.14349 -0.51186 0.847
vn -0.1208 -0.84268 0.52468
vn -0.13721 -0.84773 0.51238
vn -0.13675 -0.80102 0.58281
vn -0.15175 -0.80618 0.57189
vn -0.1512 -0.73935 0.65612
vn -0.162 -0.74365 0.64865
vn -0.16166 -0.65882 0.73473
vn -0.1652 -0.66044 0.73248
vn -0.16528 -0.56494 0.80841
vn -0.14573 -0.55454 0.8193
vn -0.1672 -0.58357 0.79467
vn -0.94769 -0.31826 0.02432
vn -0.94796 -0.28412 0.14367
vn -0.99545 -0.09074 0.02892
vn -0.98619 -0.15107 0.06785
vn -0.8562 -0.4806 0.1896
vn -0.54157 -0.782 0.3085
vn -0.99567 -0.09267 0.00708
vn -0.97172 -0.23533 0.01948
vn -0.97185 -0.23241 0.03874
vn -0.92561 -0.36871 0.08542
vn -0.97174 -0.22923 0.05628
vn -0.97183 -0.22297 0.07632
vn -0.80397 -0.53068 0.26834
vn -0.80329 -0.55403 0.21857
vn -0.8033 -0.55402 0.21856
vn -0.80321 -0.58033 0.13445
vn -0.8032 -0.58034 0.13445
vn -0.80321 -0.59397 0.04538
vn -0.84912 -0.52645 0.043
vn -0.86955 -0.49062 0.0563
vn -0.45437 -0.89016 0.03407
vn -0.27201 -0.85875 0.43424
vn -0.45456 -0.79487 0.40194
vn -0.54257 -0.7555 0.3672
vn -0.6212 -0.69396 0.36404
vn -0.84968 -0.47524 0.22844
vn -0.121 -0.99193 0.03797
vn -0.121 -0.99193 0.03797
vn -0.121 -0.98618 0.11317
vn -0.121 -0.98618 0.11317
vn -0.121 -0.97482 0.18733
vn -0.121 -0.97482 0.18733
vn -0.121 -0.95788 0.26043
vn -0.121 -0.95788 0.26043
vn -0.12078 -0.92342 0.36429
vn -0.03548 -0.92964 0.36675
vn -0.03556 -0.89183 0.45097
vn -0.03559 -0.89186 0.45092
vn -0.12106 -0.88583 0.44794
vn -0.27201 -0.85875 0.43424
vn -0.27141 -0.89531 0.3532
vn -0.54157 -0.782 0.3085
vn -0.54228 -0.81077 0.22044
vn -0.6554 -0.73579 0.17047
vn -0.54228 -0.8251 0.15856
vn -0.54129 -0.83873 0.05941
vn -0.61985 -0.7819 0.06645
vn -0.03538 -0.99864 0.03822
vn -0.03565 -0.99864 0.03792
vn -0.03564 -0.99285 0.11394
vn -0.03446 -0.99274 0.11528
vn -0.03748 -0.98134 0.18858
vn -0.03604 -0.98107 0.19027
vn -0.03604 -0.96434 0.26219
vn -0.02191 -0.96042 0.27771
vn -0.06172 -0.92257 0.38085
vn -0.12106 -0.88583 0.44794
vn -0.12078 -0.92342 0.36429
vn -0.27141 -0.89531 0.3532
vn -0.27188 -0.92862 0.25248
vn -0.27187 -0.92862 0.25248
vn -0.27187 -0.94504 0.18161
vn -0.27187 -0.94504 0.18161
vn -0.27188 -0.95606 0.10972
vn -0.27188 -0.95606 0.10972
vn -0.27188 -0.96163 0.03681
vn -0.27188 -0.96163 0.03681
vn -0.62122 -0.78364 0
vn -0.94797 -0.31835 0
vn -0.9957 -0.09267 0
vn -0.84991 -0.52693 -0.00033
vn -0.90524 -0.42489 0
vn -0.45463 -0.89068 0
vn -0.28802 -0.95762 -0.00052
vn -0.27207 -0.96228 0
vn -0.12109 -0.99264 0
vn -0.0767 -0.99705 -0.00205
vn -0.0354 -0.99937 0
vn 0.8989 0.34091 -0.27525
vn 0.94928 0.31444 0
vn 0.98003 0.19885 0
vn 0.95528 0.11599 -0.27202
vn 0.99685 0.07927 0
vn 0.99685 -0.07927 0
vn 0.95528 -0.11599 -0.27202
vn 0.98003 -0.19885 0
vn 0.93502 -0.3546 0
vn 0.82298 -0.56806 0
vn 0.66312 -0.74851 0
vn 0.55446 -0.83221 0
vn 0.45976 -0.87601 -0.1457
vn 0.45011 -0.89297 0
vn 0.23932 -0.97094 0
vn -0.23932 -0.97094 0
vn -0.46472 -0.88546 0
vn -0.66312 -0.74851 0
vn -0.82298 -0.56806 0
vn -0.93502 -0.3546 -0
vn -0.99271 -0.12054 0
vn -0.99271 -0.12054 -0
vn -0.99271 0.12054 0
vn -0.99271 0.12054 0
vn -0.93502 0.3546 -0
vn -0.82298 0.56806 0
vn -0.66312 0.74851 0
vn -0.46472 0.88546 0
vn -0.23932 0.97094 0
vn 0.23932 0.97094 0
vn 0.46472 0.88546 0
vn 0.66312 0.74851 0
vn 0.82298 0.56806 0
vn 0.90446 0.42657 0
vn -0.66492 0.22934 -0.71084
vn -0.66597 -0.298 -0.68387
vn -0.79364 -0.24794 -0.55558
vn -0.83041 0.08599 -0.55048
vn -0.83113 0.12054 -0.54286
vn -0.82573 0.14002 -0.54641
vn -0.78897 0.18866 -0.58475
vn -0.79066 -0.18655 -0.58314
vn -0.82573 -0.14002 -0.54641
vn -0.83785 -0.09418 -0.53771
vn -0.35313 -0.46516 -0.81174
vn -0.57937 -0.4482 -0.68076
vn -0.5815 -0.36709 -0.72602
vn -0.58231 -0.36674 -0.72555
vn -0.66047 -0.30768 -0.68491
vn -0.24954 -0.55079 -0.79647
vn -0.07845 -0.60432 -0.79287
vn -0.0284 -0.63128 -0.77504
vn -0.0284 0.63128 -0.77504
vn -0.07845 0.60432 -0.79287
vn -0.42247 0.40897 -0.80886
vn -0.42351 0.46345 -0.77836
vn -0.40813 0.4856 -0.77306
vn -0.33165 0.52732 -0.78227
vn -0.24954 0.55079 -0.79647
vn -0.78118 0.18714 -0.59559
vn -0.79364 0.24794 -0.55558
vn -0.66597 0.298 -0.68387
vn -0.66047 0.30768 -0.68491
vn -0.58207 0.3669 -0.72566
vn -0.5815 0.36658 -0.72628
vn -0.57937 0.4482 -0.68076
vn -0.66492 -0 -0.74692
vn -0.42247 -0.40897 -0.80886
vn -0.42247 -0.40897 -0.80886
vn -0.42352 -0.47652 -0.77043
vn -0.33165 -0.52732 -0.78227
vn -0.42247 -0 -0.90638
vn -0.42247 0.14086 -0.89536
vn -0.85683 -0.03065 -0.51468
vn -0.83651 -0 -0.54796
vn -0.66492 0.11608 -0.73784
vn -0.42247 0.14086 -0.89536
vn -0.42247 0.2783 -0.86259
vn -0.10787 -0.55672 -0.82367
vn -0.11202 -0.50859 -0.85369
vn -0.12166 -0.56835 -0.81374
vn -0.14507 -0.55783 -0.81718
vn -0.1451 -0.47216 -0.86949
vn -0.1905 -0.44295 -0.87607
vn -0.1452 -0.40294 -0.90363
vn -0.78217 -0.19131 -0.59297
vn -0.66492 -0.22934 -0.71084
vn -0.66492 -0.22934 -0.71084
vn -0.42247 -0.2783 -0.86259
vn -0.42247 -0.2783 -0.86259
vn -0.14483 -0.30381 -0.94166
vn -0.14483 -0.30381 -0.94166
vn -0.829 -0.08691 -0.55246
vn -0.66492 -0.11608 -0.73784
vn -0.66492 -0.11608 -0.73784
vn -0.42247 -0.14086 -0.89536
vn -0.42247 -0.14086 -0.89536
vn -0.14483 -0.15377 -0.97743
vn -0.14483 -0.15377 -0.97743
vn -0.85562 0.02874 -0.5168
vn -0.83103 0.08644 -0.54947
vn -0.66492 0.11608 -0.73784
vn -0.66492 0.22934 -0.71084
vn -0.42247 0.2783 -0.86259
vn -0.42247 0.40897 -0.80886
vn -0.14483 0.44646 -0.883
vn -0.14507 0.55783 -0.81718
vn -0.12166 0.56835 -0.81374
vn -0.11202 0.50859 -0.85369
vn -0.10787 0.55672 -0.82367
vn -0.21706 0.46583 -0.85784
vn -0.1452 0.40294 -0.90363
vn -0.14483 0.30381 -0.94166
vn -0.14483 0.30381 -0.94166
vn -0.14483 0.15377 -0.97743
vn -0.14483 0.15377 -0.97743
vn -0.14483 -0 -0.98946
vn -0.2401 0.03786 -0.97001
vn -0.14516 -0.03859 -0.98866
vn -0.06673 -0.57985 -0.81199
vn -0.08222 -0.41751 -0.90494
vn 0.06111 -0.07989 -0.99493
vn 0.18033 0.04826 -0.98242
vn 0.04763 -0.05356 -0.99743
vn 0.10729 -0.06328 -0.99221
vn 0.02986 -0.00083 -0.99955
vn -0.02363 -0.00397 -0.99971
vn -0.02492 -0.00241 -0.99969
vn -0.04046 -0.23035 -0.97227
vn 0.00831 -0.21287 -0.97704
vn 0.08178 -0.27772 -0.95718
vn -0.11024 -0.55955 -0.82143
vn -0.02619 -0.61698 -0.78654
vn -0.02631 -0.61755 -0.78609
vn -0.02549 -0.61728 -0.78633
vn -0.09125 -0.40423 -0.91009
vn -0.05802 -0.41555 -0.90772
vn -0.08663 -0.33553 -0.93804
vn -0.10148 -0.32303 -0.94093
vn -0.11126 -0.29863 -0.94786
vn -0.13165 -0.27825 -0.95144
vn -0.13602 -0.24514 -0.9599
vn -0.16641 -0.20769 -0.96394
vn -0.16973 -0.17253 -0.97027
vn -0.11928 -0.55878 -0.8207
vn -0.17629 -0.53041 -0.82921
vn -0.15919 -0.54932 -0.82031
vn -0.23166 -0.50345 -0.83239
vn -0.21927 -0.53223 -0.81771
vn -0.29398 -0.46999 -0.83228
vn -0.27854 -0.50241 -0.81853
vn -0.35951 -0.42162 -0.83246
vn -0.35196 -0.46471 -0.81251
vn -0.4414 -0.35552 -0.82387
vn -0.43391 -0.40729 -0.80364
vn -0.77517 -0.1438 -0.61517
vn -0.50979 -0.09451 -0.85509
vn -0.1774 -0.03499 -0.98352
vn -0.17468 -0.02714 -0.98425
vn -0.17145 -0.04577 -0.98413
vn -0.16242 -0.03537 -0.98609
vn -0.15611 -0.05873 -0.98599
vn -0.14999 -0.04723 -0.98756
vn -0.1414 -0.0707 -0.98742
vn -0.13536 -0.058 -0.9891
vn -0.76921 -0.10447 -0.6304
vn -0.75372 -0.18854 -0.62957
vn -0.72768 -0.14242 -0.67097
vn -0.69858 -0.24926 -0.67071
vn -0.68273 -0.19621 -0.70384
vn -0.64184 -0.30606 -0.70311
vn -0.62647 -0.24853 -0.73876
vn -0.56811 -0.3639 -0.73813
vn -0.54821 -0.23637 -0.80225
vn -0.50337 -0.07092 -0.86116
vn -0.49387 -0.12424 -0.86061
vn -0.47119 -0.09459 -0.87694
vn -0.45288 -0.16208 -0.87672
vn -0.438 -0.12878 -0.8897
vn -0.41268 -0.19744 -0.88922
vn -0.39811 -0.16096 -0.9031
vn -0.35249 -0.25061 -0.90164
vn -0.1762 0.02533 -0.98403
vn -0.18948 -0.14375 -0.9713
vn -0.01906 -0.01109 -0.99976
vn -0.02103 0.00086 -0.99978
vn -0.19007 -0.01027 -0.98172
vn -0.18865 -0.0081 -0.98201
vn -0.25675 0.08425 -0.9628
vn -0.20982 -0.00835 -0.97771
vn -0.12658 0.05979 -0.99015
vn -0.10802 0.0767 -0.99119
vn -0.23745 0.02185 -0.97115
vn -0.2375 -0.00364 -0.97138
vn -0.23678 0.00833 -0.97153
vn -0.18142 -0.02242 -0.98315
vn -0.14983 -0.04623 -0.98763
vn -0.17979 -0.01791 -0.98354
vn -0.18761 -0.02415 -0.98195
vn -0.5165 -0.04616 -0.85504
vn -0.53619 -0.06422 -0.84165
vn -0.53949 -0.01478 -0.84186
vn -0.5476 -0.02112 -0.83647
vn -0.54767 0.01395 -0.83658
vn -0.54018 0.01973 -0.84132
vn -0.80996 0.08734 -0.57994
vn -0.81386 0.02992 -0.58029
vn -0.82249 0.01976 -0.56843
vn -0.82224 -0.03172 -0.56826
vn -0.81311 -0.02121 -0.58172
vn -0.80788 -0.09634 -0.58142
vn -0.7856 -0.06768 -0.61502
vn -0.77827 0.12445 -0.61548
vn -0.79608 0.066 -0.60158
vn -0.51441 0.06218 -0.85528
vn -0.53858 0.04639 -0.8413
vn -0.17908 0.02301 -0.98356
vn -0.18841 0.01831 -0.98192
vn -0.17843 0.02772 -0.98356
vn -0.51307 0.07196 -0.85532
vn -0.78112 0.10466 -0.61555
vn -0.1734 0.03454 -0.98424
vn -0.17287 0.03765 -0.98423
vn -0.16013 0.04389 -0.98612
vn -0.1585 0.04992 -0.9861
vn -0.14667 0.05635 -0.98758
vn -0.14461 0.06196 -0.98755
vn -0.13088 0.06696 -0.98913
vn -0.12732 0.07406 -0.98909
vn -0.11356 0.07737 -0.99051
vn -0.49945 0.09395 -0.86123
vn -0.49856 0.09895 -0.86119
vn -0.4642 0.12143 -0.87737
vn -0.4607 0.13433 -0.87733
vn -0.42758 0.15789 -0.89008
vn -0.42323 0.16969 -0.88999
vn -0.38384 0.19005 -0.90363
vn -0.37561 0.20636 -0.90351
vn -0.33496 0.22203 -0.9157
vn -0.76255 0.14453 -0.63058
vn -0.76259 0.14431 -0.63058
vn -0.71593 0.18981 -0.67187
vn -0.71316 0.20002 -0.67186
vn -0.66456 0.2485 -0.7047
vn -0.6617 0.25617 -0.70465
vn -0.60101 0.30195 -0.74001
vn -0.59374 0.31625 -0.7399
vn -0.52746 0.35528 -0.77173
vn -0.09124 0.45634 -0.88511
vn -0.02619 0.61698 -0.78654
vn 0.12629 0.16242 -0.97861
vn 0.0096 0.15859 -0.9873
vn 0.05992 -0.01603 -0.99807
vn 0.06602 0.02996 -0.99737
vn 0.02385 -0.004 -0.99971
vn -0.06919 0.13796 -0.98802
vn -0.15524 0.01502 -0.98776
vn -0.02633 0.61767 -0.786
vn -0.02662 0.61767 -0.78598
vn -0.08091 0.6094 -0.78872
vn -0.04416 0.59097 -0.80548
vn 0.03252 0.23447 -0.97158
vn 0.00831 0.21287 -0.97704
vn -0.02066 0.22333 -0.97452
vn -0.03519 0.59346 -0.80409
vn -0.10613 0.55463 -0.8253
vn -0.14084 0.54835 -0.8243
vn -0.15168 0.54297 -0.82594
vn -0.18045 0.53637 -0.82447
vn -0.20317 0.52207 -0.82835
vn -0.24157 0.51437 -0.82284
vn -0.26438 0.49547 -0.82741
vn -0.30357 0.47854 -0.82392
vn -0.32729 0.45501 -0.82815
vn -0.37758 0.43525 -0.81731
vn -0.40767 0.39884 -0.82142
vn -0.55604 0.31137 -0.77063
vn -0.0867 0.44853 -0.88955
vn -0.126 0.45675 -0.88063
vn -0.05983 0.39939 -0.91482
vn -0.10176 0.3537 -0.92981
vn -0.05756 0.35956 -0.93135
vn -0.12003 0.30719 -0.94405
vn -0.09542 0.31424 -0.94454
vn -0.15166 0.25791 -0.95419
vn -0.12023 0.26423 -0.95694
vn -0.10945 0.2771 -0.95459
vn -0.39941 0.1212 -0.90872
vn -0.70487 -0.70487 -0.07942
vn -0.70488 -0.70487 -0.07942
vn -0.70488 -0.66953 -0.23428
vn -0.70487 -0.66953 -0.23428
vn -0.70487 -0.60061 -0.37739
vn -0.70487 -0.60061 -0.37739
vn -0.70488 -0.50157 -0.50157
vn -0.70487 -0.50158 -0.50158
vn -0.70653 -0.40889 -0.5776
vn -0.86876 -0.26348 -0.41933
vn -0.70487 0.70487 -0.07942
vn -0.70488 0.70487 -0.07942
vn -0.70488 0.66953 -0.23428
vn -0.70487 0.66953 -0.23428
vn -0.70487 0.60061 -0.37739
vn -0.70487 0.60061 -0.37739
vn -0.70488 0.50157 -0.50157
vn -0.70487 0.50157 -0.50158
vn -0.70487 0.37739 -0.60061
vn -0.70487 0.37739 -0.60061
vn -0.70487 0.23428 -0.66953
vn -0.70488 0.23428 -0.66952
vn -0.70488 0.07942 -0.70487
vn -0.70488 0.07942 -0.70487
vn -0.70488 -0.07942 -0.70487
vn -0.70488 -0.07942 -0.70487
vn -0.70488 -0.23428 -0.66952
vn -0.70487 -0.23428 -0.66953
vn -0.70657 -0.34163 -0.61971
vn 0.23112 0.79994 -0.55378
vn 0.45556 0.8334 -0.3129
vn 0.65465 0.74848 -0.10588
vn 0.01728 0.6952 -0.7186
vn 0.10136 0.70426 -0.70267
vn 0.0519 0.75304 -0.65593
vn 0.15237 0.74437 -0.65016
vn 0.09937 0.81096 -0.5766
vn 0.07188 0.82351 -0.56272
vn 0.33083 0.79292 -0.5117
vn 0.2942 0.83853 -0.4586
vn 0.13002 0.80945 -0.57262
vn 0.09766 0.84546 -0.52504
vn 0.10737 0.86577 -0.48878
vn 0.08941 0.88323 -0.46033
vn 0.06243 0.92393 -0.37743
vn 0.08145 0.91643 -0.39181
vn 0.10062 0.89957 -0.42502
vn 0.1033 0.91567 -0.38842
vn 0.07869 0.93645 -0.34186
vn 0.08956 0.9456 -0.31277
vn 0.07439 0.95718 -0.27978
vn 0.08505 0.96319 -0.25502
vn 0.62826 0.77532 -0.06457
vn 0.6201 0.78279 -0.05205
vn 0.61171 0.7865 -0.08508
vn 0.58846 0.80728 -0.04487
vn 0.58244 0.8097 -0.07172
vn 0.56389 0.82504 -0.03665
vn 0.55431 0.83003 -0.06162
vn 0.53948 0.84149 -0.02941
vn 0.5298 0.84666 -0.04982
vn 0.51939 0.85423 -0.02276
vn 0.51022 0.85918 -0.03851
vn 0.5041 0.86345 -0.01822
vn 0.49995 0.86557 -0.02892
vn 0.49606 0.86819 -0.01328
vn 0.49023 0.87133 -0.02161
vn 0.48795 0.87283 -0.00801
vn 0.48402 0.87496 -0.01272
vn 0.48317 0.87552 -0.00272
vn 0.48172 0.87632 -0.00417
vn 0.53859 0.77635 -0.32742
vn 0.5042 0.84266 -0.18898
vn 0.49235 0.8352 -0.245
vn 0.46367 0.86319 -0.19978
vn 0.46026 0.86231 -0.21115
vn 0.43712 0.88297 -0.17115
vn 0.43477 0.88227 -0.18045
vn 0.41555 0.89808 -0.14413
vn 0.41203 0.89826 -0.15285
vn 0.39533 0.91111 -0.11661
vn 0.39188 0.91165 -0.12378
vn 0.37908 0.92092 -0.09055
vn 0.37585 0.92168 -0.09611
vn 0.36808 0.92713 -0.07035
vn 0.36664 0.92741 -0.07412
vn 0.36114 0.93106 -0.05203
vn 0.35911 0.93167 -0.05499
vn 0.3551 0.93431 -0.03106
vn 0.35373 0.93477 -0.03273
vn 0.35184 0.936 -0.01035
vn 0.35133 0.93619 -0.01087
vn 0.34905 0.81927 -0.45493
vn 0.30533 0.86862 -0.39023
vn 0.30857 0.873 -0.37769
vn 0.28355 0.89734 -0.33819
vn 0.28738 0.90054 -0.32624
vn 0.2669 0.9188 -0.29083
vn 0.26948 0.92115 -0.28083
vn 0.25164 0.93575 -0.24709
vn 0.25543 0.93718 -0.23759
vn 0.23853 0.95013 -0.20089
vn 0.24223 0.95084 -0.19293
vn 0.22821 0.96095 -0.15653
vn 0.23169 0.96112 -0.15024
vn 0.22293 0.96727 -0.12122
vn 0.2245 0.96744 -0.11686
vn 0.21781 0.97183 -0.09
vn 0.22003 0.97164 -0.08657
vn 0.21451 0.97525 -0.05368
vn 0.21603 0.97502 -0.05173
vn 0.21315 0.97686 -0.01785
vn 0.21371 0.97674 -0.01725
vn 0.06891 0.97461 -0.21304
vn 0.0762 0.97318 -0.21706
vn 0.0758 0.98054 -0.18111
vn 0.07236 0.98283 -0.16974
vn 0.07683 0.98477 -0.15594
vn 0.0695 0.98954 -0.12644
vn 0.07602 0.99039 -0.11551
vn 0.0693 0.99474 -0.07546
vn 0.07378 0.99487 -0.06921
vn 0.07004 0.99723 -0.02508
vn 0.07172 0.99716 -0.02315
vn 0.48172 0.87632 0
vn 0.41761 0.90862 -0.002
vn 0.35135 0.93624 0
vn 0.21375 0.97689 0
vn 0.14311 0.9897 -0.002
vn 0.07174 0.99742 0
vn 0.27966 -0.90085 -0.33206
vn 0.23853 -0.80454 -0.5439
vn 0.34409 -0.78595 -0.5137
vn 0.31226 -0.83968 -0.44433
vn 0.34382 -0.82574 -0.44716
vn 0.68578 -0.71026 -0.15886
vn 0.64147 -0.76004 -0.10423
vn 0.49905 -0.83963 -0.21441
vn 0.53035 -0.78641 -0.31669
vn 0.4581 -0.8286 -0.32182
vn 0.10667 -0.83588 -0.53845
vn 0.11269 -0.80454 -0.58311
vn 0.09937 -0.81096 -0.5766
vn 0.15237 -0.74437 -0.65016
vn 0.0519 -0.75304 -0.65593
vn 0.15845 -0.64076 -0.75121
vn 0.0623 -0.71711 -0.69417
vn 0.07768 -0.8939 -0.44149
vn 0.11286 -0.88789 -0.446
vn 0.08145 -0.91643 -0.39181
vn 0.08854 -0.91348 -0.39712
vn 0.08818 -0.92882 -0.35988
vn 0.07007 -0.94298 -0.3254
vn 0.09808 -0.93844 -0.33121
vn 0.06764 -0.96186 -0.26504
vn 0.07612 -0.97485 -0.20947
vn 0.07123 -0.9731 -0.21908
vn 0.0914 -0.95809 -0.27149
vn 0.0758 -0.98054 -0.18111
vn 0.0691 -0.98486 -0.15897
vn 0.07964 -0.98268 -0.16732
vn 0.06742 -0.99071 -0.11809
vn 0.0775 -0.9892 -0.12441
vn 0.06841 -0.99518 -0.07019
vn 0.07424 -0.99444 -0.0747
vn 0.06988 -0.99728 -0.02326
vn 0.07172 -0.99711 -0.02499
vn 0.29134 -0.89674 -0.33312
vn 0.26351 -0.92159 -0.28501
vn 0.27284 -0.91818 -0.28724
vn 0.24882 -0.93788 -0.24179
vn 0.25814 -0.93491 -0.24354
vn 0.23634 -0.95166 -0.19618
vn 0.24424 -0.94924 -0.1982
vn 0.22665 -0.96196 -0.15252
vn 0.23301 -0.9601 -0.15467
vn 0.22189 -0.96793 -0.11781
vn 0.22538 -0.9668 -0.12045
vn 0.21715 -0.97222 -0.08737
vn 0.22049 -0.97129 -0.08936
vn 0.21423 -0.9754 -0.05203
vn 0.21616 -0.97489 -0.05344
vn 0.2131 -0.97688 -0.01728
vn 0.21371 -0.97673 -0.01782
vn 0.08454 -0.85882 -0.50525
vn 0.12127 -0.85128 -0.5105
vn 0.30093 -0.87303 -0.38375
vn 0.3131 -0.86824 -0.38488
vn 0.49235 -0.8352 -0.245
vn 0.46735 -0.85987 -0.20547
vn 0.4566 -0.8658 -0.20472
vn 0.44026 -0.88035 -0.1765
vn 0.4317 -0.88497 -0.17455
vn 0.41814 -0.89608 -0.14897
vn 0.40957 -0.90029 -0.14743
vn 0.39732 -0.90969 -0.12086
vn 0.39008 -0.91305 -0.11905
vn 0.38047 -0.91999 -0.09411
vn 0.37469 -0.92256 -0.09219
vn 0.36899 -0.92654 -0.07331
vn 0.36588 -0.92795 -0.07101
vn 0.36171 -0.93071 -0.05431
vn 0.35872 -0.93196 -0.05258
vn 0.35534 -0.93417 -0.03248
vn 0.35362 -0.93487 -0.03126
vn 0.35188 -0.93598 -0.01084
vn 0.35133 -0.93619 -0.01038
vn 0.62826 -0.77532 -0.06457
vn 0.63076 -0.77295 -0.06846
vn 0.60115 -0.79637 -0.06651
vn 0.59755 -0.79956 -0.0603
vn 0.57356 -0.81733 -0.0547
vn 0.57137 -0.81913 -0.05058
vn 0.54723 -0.83571 -0.04605
vn 0.54518 -0.83729 -0.04161
vn 0.52465 -0.85054 -0.0363
vn 0.52337 -0.85147 -0.03296
vn 0.50689 -0.86158 -0.02736
vn 0.50668 -0.86172 -0.02669
vn 0.49776 -0.86708 -0.02005
vn 0.49769 -0.86713 -0.01976
vn 0.4891 -0.8721 -0.01479
vn 0.48863 -0.87241 -0.01204
vn 0.48368 -0.87521 -0.00857
vn 0.48329 -0.87545 -0.00409
vn 0.48172 -0.87632 -0.00278
vn 0.07174 -0.99742 0
vn 0.14311 -0.9897 -0.002
vn 0.21375 -0.97689 0
vn 0.35135 -0.93624 0
vn 0.41761 -0.90862 -0.002
vn 0.48172 -0.87632 0
vn 0.99211 0.12533 -0
vn 0.99211 0.12533 0
vn 0.92978 0.36812 0
vn 0.80902 0.58779 0
vn 0.63742 0.77051 0
vn 0.42578 0.90483 0
vn 0.18738 0.98229 0
vn -0.06279 0.99803 0
vn -0.30902 0.95106 0
vn -0.53583 0.84433 0
vn -0.72897 0.68455 0
vn -0.87631 0.48175 0
vn -0.96858 0.24869 0
vn -0.96858 -0.24869 -0
vn -0.87631 -0.48175 -0
vn -0.72897 -0.68455 0
vn -0.53583 -0.84433 -0
vn -0.30902 -0.95106 0
vn -0.06279 -0.99803 0
vn 0.18738 -0.98229 0
vn 0.42578 -0.90483 0
vn 0.63742 -0.77051 0
vn 0.80902 -0.58779 0
vn 0.92978 -0.36812 0
vn 0.99211 -0.12533 0
vn 0.99211 -0.12533 0
vn 0.96919 0.24631 0
vn 0.97964 0.20072 0.00328
vn 0.98063 0.19586 0
vn 0.95817 -0.2862 0
vn 0.98063 -0.19586 0
vn 0.98063 -0.19586 0
vn 0.96822 -0.24762 0.03515
vn 0.97934 -0.2022 0
vn 0.29033 0.95693 0
vn 0.46081 0.8875 0
vn 0.56274 0.82664 0
vn 0.61548 0.78777 -0.0244
vn 0.61511 0.78805 -0.02483
vn 0.66244 0.74912 -0.00161
vn 0.68249 0.73089 0
vn 0.74967 0.66181 0
vn 0.85827 0.51319 0
vn 0.93779 0.34719 0
vn 0.752 0.65917 0
vn 0.40651 0.91365 0
vn -0.75382 0.65709 0
vn -0.41407 0.91024 0
vn 0.41407 0.91024 0
vn 0.75382 0.65709 0
vn -0.40651 0.91365 0
vn -0.752 0.65917 0
vn -0.73222 0.68107 0
vn -0.69958 0.7144 -0.01516
vn -0.67209 0.73943 -0.03939
vn -0.66332 0.74777 -0.02918
vn -0.61723 0.78678 0
vn -0.5 0.86603 0
vn -0.30455 0.95249 0
vn -0.19486 0.98083 0
vn -0.58798 0.80887 0
vn -0.94596 -0.32428 0
vn -0.99533 0.09652 -0
vn -0.86603 0.5 -0
vn -0.58126 0.81372 0
vn -0.19215 0.98137 0
vn -0.9945 0.10477 0
vn -0.94685 -0.32167 0
vn -0.96593 0.25882 0
vn -0.65917 0.752 -0
vn -0.91365 0.40651 0
vn -0.65709 -0.75382 0
vn -0.91024 -0.41407 0
vn -0.91024 0.41407 0
vn -0.65709 0.75382 0
vn -0.91365 -0.40651 -0
vn -0.65917 -0.752 0
vn -0.29511 -0.95546 0
vn -0.47407 -0.88049 0
vn -0.63517 -0.77237 0
vn -0.60059 -0.79746 -0.05792
vn -0.67626 -0.73667 0
vn -0.71265 -0.70152 0
vn -0.74195 -0.67044 -0.0047
vn -0.77196 -0.63484 -0.03252
vn -0.77403 -0.63243 -0.03011
vn -0.80766 -0.58964 0
vn -0.88049 -0.47407 0
vn -0.95546 -0.29511 0
vn -0.752 -0.65917 0
vn -0.40651 -0.91365 0
vn 0.75382 -0.65709 0
vn 0.41407 -0.91024 0
vn -0.41407 -0.91024 0
vn -0.75382 -0.65709 0
vn 0.40651 -0.91365 0
vn 0.752 -0.65917 0
vn 0.73222 -0.68107 0
vn 0.69958 -0.7144 -0.01516
vn 0.67209 -0.73943 -0.03939
vn 0.66332 -0.74777 -0.02918
vn 0.61723 -0.78678 0
vn 0.5 -0.86603 0
vn 0.30455 -0.95249 0
vn 0.19486 -0.98083 0
vn 0.58798 -0.80887 0
vn 0.94596 0.32428 0
vn 0.99533 -0.09652 0
vn 0.86603 -0.5 0
vn 0.58126 -0.81372 0
vn 0.19215 -0.98137 0
vn 0.9945 -0.10477 0
vn 0.94685 0.32167 0
vn 0.87945 -0.47599 -0.0034
vn 0.78832 -0.61527 0
vn 0.79585 -0.60549 0
vn 0.95017 -0.31174 0
vn 0.78011 0.62564 0
vn 0.74391 0.66828 -0.00105
vn 0.87311 0.48751 0.00061
vn 0.84456 0.53547 0
vn 0.95017 0.31174 -0
vn 0.95022 0.31158 0
vn 0.31913 -0.94771 0
vn 0.42435 -0.9055 -0.00197
vn 0.99759 0.06937 2E-05
vn 0.99762 0.06902 0
vn 0.87323 -0.48731 0
vn 0.77703 -0.62946 0
vn 0.73521 -0.67783 -0.00272
vn 0.62621 -0.77965 0
vn 0.47881 -0.87792 0
vn 0.94977 -0.31296 -2E-05
vn 0.95648 -0.2918 -0.00136
vn 0.98593 -0.16715 0
vn 0.99759 -0.06937 -0.00213
vn 0.42435 0.9055 0
vn 0.83731 0.54673 0
vn 0.9206 0.39051 0
vn 0.94976 0.31296 -0.00307
vn 0.98239 0.18683 0
vn 0.99998 0.00655 0
vn 0.73521 0.67783 0
vn 0.70262 0.71156 -0.00283
vn 0.65607 0.27175 0.70407
vn 0.65607 0.27175 0.70407
vn 0.56338 0.4323 0.70407
vn 0.56338 0.4323 0.70407
vn 0.4323 0.56338 0.70407
vn 0.4323 0.56338 0.70407
vn 0.27175 0.65607 0.70407
vn 0.27175 0.65607 0.70407
vn 0.09269 0.70405 0.70407
vn 0.09269 0.70405 0.70407
vn -0.09269 0.70405 0.70407
vn -0.09269 0.70405 0.70407
vn -0.27175 0.65607 0.70407
vn -0.27175 0.65607 0.70407
vn -0.4323 0.56338 0.70407
vn -0.4323 0.56338 0.70407
vn -0.56338 0.4323 0.70407
vn -0.56338 0.4323 0.70407
vn -0.65607 0.27175 0.70407
vn -0.65607 0.27175 0.70407
vn -0.70405 0.09269 0.70407
vn -0.70405 0.09269 0.70407
vn -0.70405 -0.09269 0.70407
vn -0.70405 -0.09269 0.70407
vn -0.65607 -0.27175 0.70407
vn -0.65607 -0.27175 0.70407
vn -0.56338 -0.4323 0.70407
vn -0.56338 -0.4323 0.70407
vn -0.4323 -0.56338 0.70407
vn -0.4323 -0.56338 0.70407
vn -0.27175 -0.65607 0.70407
vn -0.27175 -0.65607 0.70407
vn -0.09269 -0.70405 0.70407
vn -0.09269 -0.70405 0.70407
vn 0.09269 -0.70405 0.70407
vn 0.09269 -0.70405 0.70407
vn 0.27175 -0.65607 0.70407
vn 0.27175 -0.65607 0.70407
vn 0.4323 -0.56338 0.70407
vn 0.4323 -0.56338 0.70407
vn 0.56338 -0.4323 0.70407
vn 0.56338 -0.4323 0.70407
vn 0.65607 -0.27175 0.70407
vn 0.65607 -0.27175 0.70407
vn 0.70405 -0.09269 0.70407
vn 0.70405 -0.09269 0.70407
vn 0.70405 0.09269 0.70407
vn 0.70405 0.09269 0.70407
vn -0.14996 0.46153 0.87436
vn -0.26418 0.65653 0.70652
vn -0.38039 0.59939 0.7043
vn -0.38039 0.59939 0.7043
vn -0.5175 0.48596 0.7043
vn -0.5175 0.48597 0.7043
vn -0.60971 0.36118 0.70555
vn -0.46169 0.25381 0.84995
vn -0.64892 0.28137 0.70692
vn -0.6876 0.17655 0.7043
vn -0.6876 0.17655 0.7043
vn -0.7099 -0 0.7043
vn -0.6876 -0.17655 0.7043
vn -0.6876 -0.17655 0.7043
vn -0.6221 -0.342 0.7043
vn -0.6221 -0.342 0.70429
vn -0.5175 -0.48597 0.7043
vn -0.5175 -0.48596 0.7043
vn -0.38039 -0.59939 0.7043
vn -0.38039 -0.59939 0.7043
vn -0.21937 -0.67516 0.7043
vn -0.21937 -0.67516 0.7043
vn -0.04458 -0.70851 0.7043
vn -0.04458 -0.70851 0.7043
vn 0.13302 -0.69733 0.7043
vn 0.13302 -0.69733 0.7043
vn 0.30226 -0.64234 0.7043
vn 0.30226 -0.64234 0.7043
vn 0.45251 -0.54699 0.7043
vn 0.45251 -0.54699 0.7043
vn 0.57433 -0.41727 0.7043
vn 0.57433 -0.41727 0.7043
vn 0.66005 -0.26133 0.7043
vn 0.66006 -0.26133 0.70429
vn 0.70431 -0.08898 0.70429
vn 0.70431 -0.08898 0.7043
vn 0.70431 0.08897 0.7043
vn 0.70431 0.08898 0.70429
vn 0.66006 0.26133 0.70429
vn 0.66005 0.26133 0.7043
vn 0.57433 0.41727 0.7043
vn 0.57433 0.41727 0.7043
vn 0.45251 0.54699 0.7043
vn 0.45251 0.54699 0.7043
vn 0.30226 0.64234 0.7043
vn 0.30226 0.64234 0.7043
vn 0.13302 0.69733 0.7043
vn 0.13302 0.69733 0.7043
vn -0.04458 0.70851 0.7043
vn -0.04458 0.70851 0.7043
vn -0.17988 0.68471 0.70627
vn -0 0.70711 -0.70711
vn -0 0.70711 -0.70711
vn -0 0.7071 -0.70711
vn -0 0.70711 -0.70711
vn 0 0.7071 -0.70711
vn -0 0.70711 -0.70711
vn 0.10172 0.70344 -0.70344
vn 0.10172 0.70344 -0.70344
vn 0.29682 0.64581 -0.70344
vn 0.29682 0.64581 -0.70344
vn 0.06214 0.70545 -0.70603
vn 0.04782 0.6569 -0.75246
vn -0.70637 -0.03962 -0.70673
vn -0.62961 -0.00911 -0.77686
vn -0.60207 -0 -0.79844
vn 0.05703 -0.64739 -0.76003
vn 0.32251 0.63135 -0.70526
vn 0.35404 0.67399 -0.64838
vn 0.26329 0.65629 -0.70708
vn 0.18771 0.68365 -0.70526
vn 0.2075 0.72662 -0.65495
vn 0.12382 0.6962 -0.70709
vn -0.09939 0.70195 -0.70526
vn -0.01712 0.70694 -0.70707
vn -0.02095 0.71013 -0.70376
vn -0.00368 0.70483 -0.70937
vn 0.00405 0.69987 -0.71425
vn -0.09861 0.73789 -0.66767
vn -0.16464 0.68768 -0.7071
vn -0.23974 0.66719 -0.70526
vn -0.24526 0.697 -0.67382
vn -0.30151 0.63961 -0.7071
vn -0.37011 0.60467 -0.70526
vn -0.37948 0.62755 -0.67983
vn -0.42569 0.56462 -0.7071
vn -0.4851 0.517 -0.70526
vn -0.49581 0.53289 -0.68571
vn -0.53195 0.46587 -0.7071
vn -0.5799 0.40783 -0.70526
vn -0.62961 0.00911 -0.77686
vn -0.70637 0.03962 -0.70673
vn -0.69421 0.14384 -0.70526
vn -0.69421 0.14384 -0.70526
vn -0.65059 0.28169 -0.70526
vn -0.65059 0.28169 -0.70526
vn -0.61582 0.34752 -0.70711
vn -0.58967 0.41735 -0.69145
vn -0.69421 -0.14384 -0.70526
vn -0.69421 -0.14384 -0.70526
vn -0.65059 -0.28169 -0.70526
vn -0.65059 -0.28169 -0.70526
vn -0.61582 -0.34752 -0.70711
vn -0.59051 -0.41529 -0.69198
vn -0.57859 -0.40951 -0.70536
vn -0.53195 -0.46587 -0.7071
vn -0.49741 -0.53012 -0.6867
vn -0.48282 -0.51893 -0.70541
vn -0.42569 -0.56462 -0.7071
vn -0.38208 -0.62422 -0.68145
vn -0.36674 -0.6065 -0.70545
vn -0.30151 -0.63961 -0.7071
vn -0.24912 -0.6933 -0.67623
vn 0.00405 -0.69987 -0.71425
vn -0.00368 -0.70483 -0.70937
vn -0.02095 -0.71013 -0.70376
vn -0.01712 -0.70694 -0.70707
vn -0.09387 -0.70244 -0.70553
vn -0.10394 -0.73409 -0.67105
vn -0.16464 -0.68768 -0.7071
vn -0.23525 -0.66854 -0.70549
vn 0.05145 -0.70677 -0.70557
vn 0.12382 -0.6962 -0.70709
vn 0.19872 -0.72376 -0.66082
vn 0.32951 -0.62728 -0.70565
vn 0.34343 -0.6723 -0.6558
vn 0.26329 -0.65629 -0.70708
vn 0.19458 -0.68136 -0.70561
vn 0.29682 -0.64581 -0.70344
vn 0.29682 -0.64581 -0.70344
vn 0.10172 -0.70344 -0.70344
vn 0.10172 -0.70344 -0.70344
vn -0 -0.70711 -0.70711
vn 0 -0.70711 -0.70711
vn -0 -0.7071 -0.70711
vn 0 -0.70711 -0.70711
vn 0 -0.7071 -0.70711
vn 0 -0.99142 0.13071
vn 0.0345 -0.96535 0.25866
vn 0 -0.92381 0.38285
vn 0 -0.70711 0.70711
vn 0 -0.38272 0.92387
vn 0.03409 -0.25867 0.96536
vn 0 -0.13057 0.99144
vn -0 0.13067 0.99143
vn 0.03408 0.25867 0.96536
vn -0 0.38281 0.92383
vn -0 0.70711 0.70711
vn -0 0.96593 0.25882
vn 0.0683 0.98911 0.13033
vn -0 0.92393 0.38256
vn 0.18435 0.68265 0.70711
vn 0.18435 0.68265 0.70711
vn 0.70881 0.00464 0.70539
vn 0.69816 -0.11837 0.70609
vn 0.65373 0.27731 0.70409
vn 0.59239 0.38681 0.70672
vn 0.69585 0.13233 0.70589
vn 0.30235 0.64516 0.70168
vn 0.50027 0.50663 0.70218
vn 0.69379 -0.13857 0.70672
vn 0.69379 -0.13857 0.70672
vn 0.62189 -0.33659 0.70708
vn 0.67654 -0.22197 0.70216
vn 0.56075 -0.43765 0.70287
vn 0.41742 -0.57418 0.70433
vn 0.41742 -0.57418 0.70433
vn 0.46993 -0.53911 0.69894
vn 0.46993 -0.53911 0.69894
vn 0.65098 -0.29614 0.69894
vn 0.65098 -0.29614 0.69894
vn 0.71518 0 0.69894
vn 0.65098 0.29614 0.69894
vn 0.65098 0.29614 0.69894
vn 0.46993 0.53911 0.69894
vn 0.46993 0.53911 0.69894
vn 0.41742 0.57418 0.70433
vn 0.41742 0.57418 0.70433
vn 0.52698 0.4734 0.70582
vn 0.59819 0.37926 0.70592
vn 0.67657 0.22185 0.70217
vn 0.69379 0.13857 0.70672
vn 0.69379 0.13857 0.70672
vn 0.33966 -0.62278 0.70482
vn 0.22587 -0.67076 0.70645
vn 0.55251 -0.44758 0.70314
vn 0.61754 -0.34463 0.70702
vn 0.44325 -0.55186 0.70638
vn 0.71082 0.04917 0.70165
vn 0.68247 -0.20821 0.70063
vn 0.18435 -0.68265 0.70711
vn 0.18435 -0.68265 0.70711
vn 0.96687 0.25525 0
vn 0.25882 0 0.96593
vn 0.70711 0 0.70711
vn 0.96593 0 0.25882
vn -0.96593 -0 0.25882
vn -0.70711 -0 0.70711
vn -0.25882 -0 0.96593
vn -0.25882 -0 -0.96593
vn -0.70711 -0 -0.70711
vn -0.96593 -0 -0.25882
vn 0.96593 0 -0.25882
vn 0.70711 0 -0.70711
vn 0.25882 0 -0.96593
vn 0.70711 -0.70711 0
vn 0.69475 -0.69475 0.18616
vn 0.69475 -0.69475 0.18616
vn 0.50859 -0.69475 0.50859
vn 0.50859 -0.69475 0.50859
vn 0.18616 -0.69475 0.69475
vn 0.18616 -0.69475 0.69475
vn 0.18616 -0.69475 -0.69475
vn 0.18616 -0.69475 -0.69475
vn 0.50859 -0.69475 -0.50859
vn 0.50859 -0.69475 -0.50859
vn 0.69475 -0.69475 -0.18616
vn 0.69475 -0.69475 -0.18616
vn 0 -0.70711 0.70711
vn 0 -0.70711 -0.70711
vn -0.18616 -0.69475 0.69475
vn -0.50859 -0.69475 0.50859
vn -0.50859 -0.69475 0.50859
vn -0.69475 -0.69475 0.18616
vn -0.69475 -0.69475 0.18616
vn -0.69475 -0.69475 -0.18616
vn -0.69475 -0.69475 -0.18616
vn -0.50859 -0.69475 -0.50859
vn -0.50859 -0.69475 -0.50859
vn -0.18616 -0.69475 -0.69475
vn -0.18616 -0.69475 -0.69475
vn -0.70711 -0.70711 0
vn -0 0.72619 0.68749
vn -0 0.33716 0.94145
vn 0 -0.12464 0.9922
vn 0 -0.55953 0.82881
vn 0 -0.87367 0.48652
vn 0 -0.99923 0.03923
vn 0 -0.90912 -0.41653
vn -0 0.90912 -0.41653
vn -0 0.99923 0.03923
vn -0 0.87367 0.48652
vn -0 0.55953 0.82881
vn -0 0.12464 0.9922
vn 0 -0.33716 0.94145
vn 0 -0.72619 0.68749
vn 0.20676 -0.44081 -0.87346
vn 0 -0.25882 -0.96593
vn 0 -0.70711 -0.70711
vn 0 -0.96593 -0.25882
vn 0 -0.96593 0.25882
vn 0 -0.70711 0.70711
vn 0 -0.25882 0.96593
vn -0 0.25882 0.96593
vn -0 0.63331 0.77389
vn 0.06409 0.70565 0.70565
vn -0 0.81204 0.58361
vn -0 0.96593 0.25882
vn -0 0.96593 -0.25882
vn -0 0.70711 -0.70711
vn -0 0.25882 -0.96593
vn 0 -0.20412 -0.97895
vn -0 0.20412 -0.97895
vn 0.04584 0.25855 -0.96491
vn 0.10237 -0.62999 0.76983
vn 0 -0.25882 0.96593
vn -0 0.25882 0.96593
vn -0 0.70711 0.70711
vn -0 0.45054 -0.89276
vn 0 -0.25882 -0.96593
vn 0 -0.81204 0.58361
vn -0 0.96593 -0.25882
vn -0 0.70711 -0.70711
vn -0 0.25882 -0.96592
vn 0 -0.25882 -0.96592
vn 0 -0.70711 -0.70711
vn 0 -0.96593 -0.25882
vn 0 -0.96593 0.25882
vn 0 -0.70711 0.70711
vn 0 -0.25882 0.96592
vn -0 0.25882 0.96592
vn -0 0.70711 0.70711
vn -0 0.96593 0.25882
vn -0.71886 0.17992 -0.67147
vn -0.70532 0.0711 -0.70532
vn -0.70532 -0.0711 -0.70532
vn -0.71886 -0.17992 -0.67147
vn -0.70247 -0.25224 -0.66551
vn -0.69475 -0.50859 -0.50859
vn -0.69475 -0.50859 -0.50859
vn -0.69475 -0.69475 -0.18616
vn -0.69475 -0.69475 -0.18616
vn -0.69475 -0.69475 0.18616
vn -0.69475 -0.69475 0.18616
vn -0.69475 -0.50859 0.50859
vn -0.69475 -0.50859 0.50859
vn -0.69475 -0.18616 0.69474
vn -0.69475 -0.18616 0.69475
vn -0.69475 0.18616 0.69475
vn -0.69475 0.18616 0.69475
vn -0.69475 0.50859 0.50859
vn -0.69475 0.50859 0.50859
vn -0.69475 0.69475 0.18616
vn -0.69475 0.69475 0.18616
vn -0.69475 0.69475 -0.18616
vn -0.69475 0.69475 -0.18616
vn -0.69475 0.50859 -0.50859
vn -0.69475 0.50859 -0.50859
vn -0.70247 0.25224 -0.66551
vn -0 0.96593 -0.25882
vn -0 0.25882 -0.96593
vn 0 -0.25882 -0.96593
vn 0 -0.96593 -0.25882
vn 0 -0.96593 0.25882
vn 0 -0.25882 0.96593
vn -0 0.25882 0.96593
vn -0 0.96593 0.25882
vn -0.71839 0.67194 0.18004
vn -0.70549 0.70549 0.06757
vn -0.70549 0.70549 -0.06757
vn -0.71839 0.67194 -0.18004
vn -0.70218 0.66704 -0.24901
vn -0.69475 0.50859 -0.50859
vn -0.69475 0.18616 -0.69475
vn -0.69475 0.18616 -0.69475
vn -0.69475 -0.18616 -0.69475
vn -0.69475 -0.18616 -0.69475
vn -0.69475 -0.50859 -0.50859
vn -0.69475 -0.69475 -0.18616
vn -0.69475 -0.69475 -0.18616
vn -0.69475 -0.69475 0.18616
vn -0.69475 -0.69475 0.18616
vn -0.69475 -0.50859 0.50859
vn -0.69475 -0.18616 0.69475
vn -0.69475 -0.18616 0.69475
vn -0.69475 0.18616 0.69475
vn -0.69475 0.18616 0.69475
vn -0.69475 0.50859 0.50859
vn -0.70218 0.66704 0.24901
vn -0 0.96593 -0.25882
vn -0 0.70711 -0.70711
vn 0 -0.70711 -0.70711
vn 0 -0.96593 -0.25882
vn 0 -0.70711 0.70711
vn -0 0.70711 0.70711
vn -0.71839 0.67194 0.18004
vn -0.70549 0.70549 0.06757
vn -0.70532 0.70532 -0.07111
vn -0.71886 0.67147 -0.17992
vn -0.70247 0.66552 -0.25224
vn -0.69475 0.50859 -0.50859
vn -0.69475 0.50859 -0.50859
vn -0.69475 0.18616 -0.69475
vn -0.69475 0.18616 -0.69475
vn -0.69475 -0.18616 -0.69475
vn -0.69475 -0.18616 -0.69475
vn -0.69475 -0.69475 -0.18616
vn -0.69475 -0.69475 -0.18616
vn -0.69475 -0.50859 0.50859
vn -0.69475 -0.50859 0.50859
vn -0.69475 -0.18616 0.69475
vn -0.69475 -0.18616 0.69475
vn -0.69475 0.18616 0.69475
vn -0.69475 0.18616 0.69475
vn -0.69475 0.50859 0.50859
vn -0.70218 0.66704 0.24901
vn -0 0.96593 -0.25882
vn -0 0.25882 -0.96593
vn 0 -0.25882 -0.96593
vn 0 -0.96593 -0.25882
vn 0 -0.96593 0.25882
vn 0 -0.25882 0.96593
vn -0 0.25882 0.96593
vn -0 0.96593 0.25882
vn -0.71839 -0.67194 -0.18004
vn -0.70549 -0.70549 -0.06757
vn -0.70549 -0.70549 0.06757
vn -0.71839 -0.67194 0.18004
vn -0.70218 -0.66704 0.24901
vn -0.69475 -0.18616 0.69475
vn -0.69475 -0.18616 0.69475
vn -0.69475 0.18616 0.69475
vn -0.69475 0.18616 0.69475
vn -0.69475 0.69475 0.18616
vn -0.69475 0.69475 0.18616
vn -0.69475 0.69475 -0.18616
vn -0.69475 0.69475 -0.18616
vn -0.69475 0.18616 -0.69475
vn -0.69475 0.18616 -0.69475
vn -0.69475 -0.18616 -0.69475
vn -0.69475 -0.18616 -0.69475
vn -0.70218 -0.66704 -0.24901
vn -0 0.96593 -0.25882
vn 0 -0.96593 -0.25882
vn -0.71886 -0.67147 -0.17992
vn -0.70532 -0.70532 -0.07111
vn -0.70549 -0.70549 0.06757
vn -0.71839 -0.67194 0.18004
vn -0.70218 -0.66704 0.24901
vn -0.69475 -0.18616 0.69475
vn -0.69475 -0.18616 0.69475
vn -0.69475 0.18616 0.69475
vn -0.69475 0.18616 0.69475
vn -0.69475 0.69475 -0.18616
vn -0.69475 0.69475 -0.18616
vn -0.69475 0.18616 -0.69475
vn -0.69475 0.18616 -0.69475
vn -0.69475 -0.18616 -0.69475
vn -0.69475 -0.18616 -0.69475
vn -0.70247 -0.66552 -0.25224
vn 0 -0.77504 -0.63191
vn 0 -0.65513 -0.75552
vn 0 -0.53673 -0.84375
vn 0 -0.384 -0.92333
vn 0 -0.24385 -0.96981
vn 0 -0.07383 -0.99727
vn -0 0.07383 -0.99727
vn -0 0.24385 -0.96981
vn -0 0.384 -0.92333
vn -0 0.53673 -0.84375
vn -0 0.65513 -0.75552
vn -0 0.77504 -0.63191
vn -0 0.77504 0.63191
vn -0 0.65513 0.75552
vn -0 0.53673 0.84375
vn -0 0.384 0.92333
vn -0 0.24385 0.96981
vn -0 0.07383 0.99727
vn 0 -0.07383 0.99727
vn 0 -0.24385 0.96981
vn 0 -0.384 0.92333
vn 0 -0.53673 0.84375
vn 0 -0.65513 0.75552
vn 0 -0.77504 0.63191
vn -0 0.96593 -0.25882
vn 0 -0.96593 -0.25882
vn 0 -0.96593 0.25882
vn -0 0.96593 0.25882
vn 0 -0.70711 -0.70711
vn -0 0.96593 0.25882
vn 0 -0.96593 0.25882
vn -0 0.70711 -0.70711
vn -0 0.70711 0.70711
vn -0 0.96593 0.25882
vn -0 0.96593 -0.25882
vn -0 0.70711 -0.70711
vn 0 -0.96593 0.25882
vn 0 -0.70711 0.70711
vn 0 -0.70711 -0.70711
vn 0 -0.96593 -0.25882
vn -0 0.70711 -0.70711
vn 0 -0.70711 -0.70711
vn -0 0.25882 -0.96593
vn 0.84912 -0.3735 -0.37349
vn 0.84912 -0.5102 -0.13671
vn 0.84912 0.3735 -0.37349
vn 0.84912 0.1367 -0.5102
vn 0.84912 -0.13671 -0.5102
vn 0.84912 0.3735 0.37349
vn 0.84912 0.5102 0.13671
vn 0.84912 0.5102 -0.13671
vn 0.84912 -0.3735 0.37349
vn 0.84912 -0.13671 0.5102
vn 0.84912 0.1367 0.5102
vn 0.84912 -0.5102 0.13671
vn 0 -0.96593 -0.25882
vn 0 -0.70711 -0.7071
vn 0 -0.25881 -0.96593
vn -0 0.25881 -0.96593
vn -0 0.70711 -0.7071
vn -0 0.96593 -0.25882
vn -0 0.96593 0.25882
vn -0 0.70711 0.7071
vn -0 0.25881 0.96593
vn 0 -0.25881 0.96593
vn 0 -0.70711 0.7071
vn 0 -0.96593 0.25882
vn 0.69475 -0.50859 -0.50859
vn 0.69475 -0.50859 -0.50859
vn 0.69474 -0.18615 -0.69475
vn 0.69475 -0.18615 -0.69475
vn 0.69475 0.18615 -0.69475
vn 0.69474 0.18615 -0.69475
vn 0.69475 0.50859 -0.50859
vn 0.69475 0.50859 -0.50859
vn 0.69475 0.69474 -0.18616
vn 0.69475 0.69475 -0.18616
vn 0.69475 0.69475 0.18616
vn 0.69475 0.69475 0.18616
vn 0.69475 0.50859 0.50859
vn 0.69475 0.50859 0.50859
vn 0.69474 0.18615 0.69475
vn 0.69475 0.18615 0.69475
vn 0.69475 -0.18615 0.69475
vn 0.69475 -0.18615 0.69475
vn 0.69475 -0.50859 0.50859
vn 0.69475 -0.50859 0.50859
vn 0.69475 -0.69475 0.18616
vn 0.69475 -0.69475 0.18616
vn 0.69475 -0.69475 -0.18616
vn 0.69475 -0.69475 -0.18616
vn 0.84912 -0.3735 -0.37349
vn 0.84912 -0.5102 -0.13671
vn 0.84912 0.3735 -0.37349
vn 0.84912 0.13671 -0.5102
vn 0.84912 -0.1367 -0.5102
vn 0.84912 0.3735 0.37349
vn 0.84912 0.5102 0.13671
vn 0.84912 0.5102 -0.13671
vn 0.84912 -0.3735 0.37349
vn 0.84912 -0.1367 0.5102
vn 0.84912 0.13671 0.5102
vn 0.84912 -0.5102 0.13671
vn 0 -0.96593 -0.25882
vn 0 -0.70711 -0.7071
vn 0 -0.25881 -0.96593
vn -0 0.25881 -0.96593
vn -0 0.70711 -0.7071
vn -0 0.96593 -0.25882
vn -0 0.96593 0.25882
vn -0 0.70711 0.7071
vn -0 0.25881 0.96593
vn 0 -0.25881 0.96593
vn 0 -0.70711 0.7071
vn 0 -0.96593 0.25882
vn 0.69475 -0.50859 -0.50859
vn 0.69474 -0.18615 -0.69475
vn 0.69475 -0.18615 -0.69475
vn 0.69475 0.18615 -0.69475
vn 0.69475 0.18615 -0.69475
vn 0.69475 0.50859 -0.50859
vn 0.69475 0.50859 -0.50859
vn 0.69475 0.69475 -0.18616
vn 0.69475 0.69475 0.18616
vn 0.69475 0.69475 0.18616
vn 0.69475 0.50859 0.50859
vn 0.69474 0.18615 0.69475
vn 0.69475 0.18615 0.69475
vn 0.69475 -0.18615 0.69475
vn 0.69474 -0.18615 0.69475
vn 0.69475 -0.50859 0.50859
vn 0.69475 -0.50859 0.50859
vn 0.69475 -0.69474 0.18616
vn 0.69475 -0.69475 -0.18616
vn 0.69475 -0.69475 -0.18616
vn 0.84912 -0.3735 -0.37349
vn 0.84912 -0.5102 -0.13671
vn 0.84912 0.3735 -0.37349
vn 0.84912 0.13671 -0.5102
vn 0.84912 -0.13671 -0.5102
vn 0.84912 0.37349 0.3735
vn 0.84912 0.5102 0.13671
vn 0.84912 0.5102 -0.13671
vn 0.84912 -0.37349 0.3735
vn 0.84912 -0.13671 0.5102
vn 0.84912 0.13671 0.5102
vn 0.84912 -0.5102 0.13671
vn 0 -0.96593 -0.25882
vn 0 -0.70711 -0.7071
vn 0 -0.25882 -0.96593
vn -0 0.25882 -0.96593
vn -0 0.70711 -0.7071
vn -0 0.96593 -0.25882
vn -0 0.96593 0.25882
vn -0 0.70711 0.70711
vn -0 0.25882 0.96593
vn 0 -0.25882 0.96593
vn 0 -0.70711 0.70711
vn 0 -0.96593 0.25882
vn 0.69475 -0.50859 -0.50859
vn 0.69475 -0.18616 -0.69475
vn 0.69475 -0.18616 -0.69475
vn 0.69475 0.18616 -0.69475
vn 0.69475 0.18616 -0.69475
vn 0.69475 0.50859 -0.50859
vn 0.69475 0.50859 -0.50859
vn 0.69475 0.69475 -0.18616
vn 0.69475 0.69475 -0.18616
vn 0.69475 0.69475 0.18616
vn 0.69475 0.69475 0.18616
vn 0.69475 0.50859 0.50859
vn 0.69475 0.50859 0.50859
vn 0.69475 0.18616 0.69475
vn 0.69475 0.18616 0.69475
vn 0.69475 -0.18616 0.69475
vn 0.69475 -0.18616 0.69475
vn 0.69475 -0.50859 0.50859
vn 0.69475 -0.50859 0.50859
vn 0.69475 -0.69475 0.18616
vn 0.69475 -0.69475 -0.18616
vn 0.69475 -0.69475 -0.18616
vn 0.69475 0.69475 0.18616
vn 0.69475 0.69475 0.18616
vn 0.69475 -0.69475 0.18616
vn 0.69475 -0.69475 -0.18616
vn 0.69475 -0.69475 -0.18616
vn 0.69474 -0.18616 -0.69475
vn 0.69474 0.18616 -0.69475
vn 0.69474 0.18615 -0.69475
vn 0.69475 0.50859 0.50859
vn 0.69475 0.18616 0.69474
vn 0.69475 0.18615 0.69475
vn 0.69475 -0.18615 0.69474
vn 0.69475 -0.50859 0.50859
vn 0.69475 -0.50859 0.50859
vn 0.84912 -0.37349 -0.3735
vn 0.84912 -0.5102 -0.13671
vn 0.84912 0.37349 -0.37349
vn 0.84912 0.13671 -0.5102
vn 0.84912 -0.13671 -0.5102
vn 0.84912 0.5102 -0.13671
vn 0.84912 -0.37349 0.37349
vn 0.84912 -0.13671 0.5102
vn 0.84912 0.13671 0.5102
vn 0 -0.96593 -0.25882
vn 0 -0.70711 -0.70711
vn 0 -0.25882 -0.96593
vn -0 0.25882 -0.96593
vn -0 0.96593 -0.25882
vn -0 0.25882 0.96593
vn 0 -0.25882 0.96593
vn 0.69475 -0.50859 -0.50859
vn 0.69475 -0.50859 -0.50859
vn 0.69475 -0.18616 -0.69475
vn 0.69475 -0.18616 -0.69475
vn 0.69475 0.18616 -0.69475
vn 0.69475 0.18616 -0.69475
vn 0.69475 0.50859 -0.50859
vn 0.69475 0.50859 -0.50859
vn 0.69475 0.69474 -0.18616
vn 0.69475 0.69475 -0.18616
vn 0.69475 0.50859 0.50859
vn 0.69475 0.50859 0.50859
vn 0.69475 0.18616 0.69475
vn 0.69475 0.18616 0.69475
vn 0.69475 -0.18616 0.69475
vn 0.69475 -0.18616 0.69475
vn 0.69475 -0.50859 0.50859
vn 0.69475 -0.50859 0.50859
vn 0.69475 -0.69475 -0.18615
vn 0.69475 -0.69475 -0.18616
vn 0.84912 -0.37349 -0.37349
vn 0.84912 -0.5102 -0.13671
vn 0.84912 0.37349 -0.3735
vn 0.84912 0.13671 -0.5102
vn 0.84912 -0.13671 -0.5102
vn 0.84912 0.37349 0.37349
vn 0.84912 0.5102 -0.13671
vn 0.84912 -0.13671 0.5102
vn 0.84912 0.13671 0.5102
vn 0 -0.96593 -0.25882
vn 0 -0.25882 -0.96593
vn -0 0.25882 -0.96593
vn -0 0.70711 -0.70711
vn -0 0.96593 -0.25882
vn -0 0.25882 0.96593
vn 0 -0.25882 0.96593
vn 0.69475 -0.50859 -0.50859
vn 0.69475 -0.18616 -0.69475
vn 0.69475 -0.18616 -0.69475
vn 0.69475 0.18616 -0.69475
vn 0.69475 0.18616 -0.69475
vn 0.69475 0.50859 -0.50859
vn 0.69475 0.50859 -0.50859
vn 0.69475 0.69475 -0.18616
vn 0.69475 0.50859 0.50859
vn 0.69475 0.18616 0.69475
vn 0.69475 0.18616 0.69475
vn 0.69475 -0.18616 0.69475
vn 0.69475 -0.18616 0.69475
vn 0.69475 -0.50859 0.50859
vn 0.69475 -0.50859 0.50859
vn 0.69475 -0.69475 -0.18616
vn 0.69475 -0.69475 -0.18616
vn -0 0.82405 0.56652
vn -0 0.93541 0.35355
vn -0 0.99275 0.12016
vn -0 0.99144 0.13053
vn -0 0.92388 0.38268
vn -0 0.79335 0.60876
vn -0 0.60876 0.79335
vn -0 0.38268 0.92388
vn -0 0.13052 0.99145
vn 0 -0.13052 0.99145
vn 0 -0.38268 0.92388
vn 0 -0.60876 0.79335
vn 0 -0.79335 0.60876
vn 0 -0.92388 0.38268
vn 0 -0.99144 0.13053
vn 0 -0.99275 0.12016
vn 0 -0.93541 0.35355
vn 0 -0.82405 0.56652
vn -0 0.30349 -0.95283
vn -0 0.10261 -0.99472
vn 0 -0.10261 -0.99472
vn 0 -0.30349 -0.95283
vn 0 -0.83945 -0.54344
vn 0 -0.65306 -0.7573
vn 0 -0.41412 -0.91022
vn 0 -0.14184 -0.98989
vn -0 0.14184 -0.98989
vn -0 0.41412 -0.91022
vn -0 0.65306 -0.7573
vn -0 0.83945 -0.54344
vn 0 -0.87852 -0.4777
vn 0 -0.98625 -0.16525
vn -0 0.70711 0.70711
vn 0 -0.70711 0.70711
vn -0 0.98625 -0.16525
vn -0 0.87852 -0.4777
vn 0 -0.97674 -0.21442
vn -0 0.97674 -0.21442
vn -0 0.92022 0.39141
vn -0 0.99103 0.13365
vn -0 0.99103 -0.13365
vn -0 0.92022 -0.39141
vn 0 -0.99103 0.13365
vn 0 -0.92022 0.39141
vn 0 -0.92022 -0.39141
vn 0 -0.99103 -0.13365
vn -0.70322 -0.55103 -0.44927
vn -0.70322 -0.55104 -0.44927
vn -0.707 -0.46332 -0.53431
vn -0.66728 -0.41512 -0.6184
vn -0.70441 -0.38097 -0.59889
vn -0.70668 -0.27169 -0.65329
vn -0.64314 -0.22307 -0.73254
vn -0.70539 -0.17284 -0.68743
vn -0.70614 -0.05228 -0.70614
vn -0.63464 -0 -0.77281
vn -0.70614 0.05228 -0.70614
vn -0.70322 0.20711 -0.68014
vn -0.60371 0.19439 -0.77314
vn -0.70668 0.27169 -0.65329
vn -0.70322 0.39626 -0.5903
vn -0.70322 0.55103 -0.44927
vn -0.70322 0.55104 -0.44927
vn -0.707 0.46332 -0.53431
vn -0.65785 0.40424 -0.63548
vn -0.70391 -0.65362 -0.27801
vn -0.70391 -0.65362 -0.27801
vn -0.70391 -0.70391 -0.09493
vn -0.70391 -0.70391 -0.09493
vn -0.70391 0.70391 -0.09493
vn -0.70391 0.70391 -0.09493
vn -0.70391 0.65362 -0.27801
vn -0.70391 0.65362 -0.27801
vn -0.70711 -0.70711 0
vn -0.70711 0.70711 0
vn -0.70391 -0.70391 0.09493
vn -0.70391 -0.70391 0.09493
vn -0.70391 -0.65362 0.27801
vn -0.70391 -0.65362 0.27801
vn -0.70391 0.65362 0.27801
vn -0.70391 0.65362 0.27801
vn -0.70391 0.70391 0.09493
vn -0.70391 0.70391 0.09493
vn -0.70322 0.55103 0.44927
vn -0.70322 0.55103 0.44927
vn -0.707 0.46332 0.53431
vn -0.66728 0.41512 0.6184
vn -0.70441 0.38097 0.59889
vn -0.70668 0.2717 0.65329
vn -0.64314 0.22307 0.73254
vn -0.70538 0.17284 0.68743
vn -0.70322 -0 0.71097
vn -0.53944 0.06217 0.83972
vn -0.70614 -0.05228 0.70614
vn -0.70322 -0.20711 0.68014
vn -0.60371 -0.19439 0.77314
vn -0.70668 -0.2717 0.65329
vn -0.70322 -0.39626 0.5903
vn -0.70322 -0.55103 0.44927
vn -0.70322 -0.55103 0.44927
vn -0.707 -0.46332 0.53431
vn -0.65785 -0.40424 0.63548
vn 0.70322 0.55103 -0.44927
vn 0.70322 0.55104 -0.44927
vn 0.707 0.46332 -0.53431
vn 0.66728 0.41512 -0.6184
vn 0.70441 0.38097 -0.59889
vn 0.70668 0.27169 -0.65329
vn 0.64314 0.22307 -0.73254
vn 0.70539 0.17284 -0.68743
vn 0.70322 0 -0.71097
vn 0.53945 0.06217 -0.83972
vn 0.70614 -0.05228 -0.70614
vn 0.70322 -0.20711 -0.68014
vn 0.60371 -0.19439 -0.77314
vn 0.70668 -0.27169 -0.65329
vn 0.70322 -0.39626 -0.5903
vn 0.70322 -0.55103 -0.44927
vn 0.70322 -0.55104 -0.44927
vn 0.707 -0.46332 -0.53431
vn 0.65785 -0.40424 -0.63548
vn 0.70391 0.65362 -0.27801
vn 0.70391 0.65362 -0.27801
vn 0.70391 0.70391 -0.09493
vn 0.70391 0.70391 -0.09493
vn 0.70391 -0.70391 -0.09493
vn 0.70391 -0.70391 -0.09493
vn 0.70391 -0.65362 -0.27801
vn 0.70391 -0.65362 -0.27801
vn 0.70711 0.70711 0
vn 0.70711 -0.70711 0
vn 0.70391 0.70391 0.09493
vn 0.70391 0.70391 0.09493
vn 0.70391 0.65362 0.27801
vn 0.70391 0.65362 0.27801
vn 0.70391 -0.65362 0.27801
vn 0.70391 -0.65362 0.27801
vn 0.70391 -0.70391 0.09493
vn 0.70391 -0.70391 0.09493
vn 0.70322 -0.55103 0.44927
vn 0.70322 -0.55103 0.44927
vn 0.707 -0.46332 0.53431
vn 0.66728 -0.41512 0.6184
vn 0.70441 -0.38097 0.59889
vn 0.70668 -0.2717 0.65329
vn 0.64314 -0.22307 0.73254
vn 0.70538 -0.17284 0.68743
vn 0.70614 -0.05228 0.70614
vn 0.63463 0 0.77281
vn 0.70614 0.05228 0.70614
vn 0.70322 0.20711 0.68014
vn 0.60371 0.19439 0.77314
vn 0.70668 0.2717 0.65329
vn 0.70322 0.39626 0.5903
vn 0.70322 0.55103 0.44927
vn 0.70322 0.55103 0.44927
vn 0.707 0.46332 0.53431
vn 0.65785 0.40424 0.63548
vn -0 0.99619 0.08716
vn -0 0.96593 0.25882
vn -0 0.90631 0.42262
vn -0 0.81915 0.57358
vn -0 0.70711 0.70711
vn -0 0.57358 0.81915
vn -0 0.42262 0.90631
vn -0 0.25882 0.96593
vn -0 0.08715 0.99619
vn 0 -0.08715 0.99619
vn 0 -0.25882 0.96593
vn 0 -0.42262 0.90631
vn 0 -0.57358 0.81915
vn 0 -0.70711 0.70711
vn 0 -0.81915 0.57358
vn 0 -0.90631 0.42262
vn 0 -0.96593 0.25882
vn 0 -0.99619 0.08716
vn 0.7071 -0.70711 0
vn 0.7071 -0.70711 0
vn 0.7071 -0.70711 -0
vn 0.70575 0.70576 0.06175
vn 0.70575 0.70577 0.06175
vn 0.70575 0.68432 0.18336
vn 0.70576 0.68431 0.18336
vn 0.70576 0.64207 0.2994
vn 0.70575 0.64208 0.29941
vn 0.70575 0.58034 0.40636
vn 0.70576 0.58033 0.40635
vn 0.70577 0.50095 0.50095
vn 0.70576 0.50095 0.50095
vn 0.70576 0.40635 0.58033
vn 0.70574 0.40636 0.58035
vn 0.70574 0.29941 0.6421
vn 0.70574 0.29941 0.64209
vn 0.70574 0.18337 0.68433
vn 0.70575 0.18336 0.68432
vn 0.70575 0.06175 0.70576
vn 0.70573 0.06175 0.70578
vn 0.70573 -0.06175 0.70578
vn 0.70575 -0.06175 0.70576
vn 0.70575 -0.18336 0.68432
vn 0.70574 -0.18336 0.68433
vn 0.70574 -0.29941 0.64209
vn 0.70574 -0.29941 0.6421
vn 0.70574 -0.40636 0.58035
vn 0.70576 -0.40635 0.58033
vn 0.70576 -0.50095 0.50095
vn 0.70577 -0.50095 0.50095
vn 0.70576 -0.58033 0.40635
vn 0.70575 -0.58034 0.40636
vn 0.70575 -0.64208 0.29941
vn 0.70576 -0.64207 0.2994
vn 0.70576 -0.68431 0.18336
vn 0.70575 -0.68432 0.18336
vn 0.70575 -0.70577 0.06175
vn 0.70575 -0.70576 0.06175
vn 0.7071 0.70711 -0
vn 0.7071 0.70711 0
vn 0.7071 0.70711 0
vn -0.70712 -0.70709 0
vn -0.7071 -0.70711 0
vn -0.70712 -0.70709 0
vn -0.70711 -0.7071 -0
vn -0.70711 -0.7071 0
vn -0.70711 -0.7071 0
vn -0.70709 -0.70713 -0
vn -0.49582 -0.07569 0.86512
vn -0.70711 0.70707 0.00688
vn -0.49587 0.86509 0.07569
vn -0.70605 -0.06858 0.70483
vn -0.70577 -0.18336 0.6843
vn -0.70576 -0.18336 0.68431
vn -0.70576 -0.29941 0.64208
vn -0.70575 -0.29941 0.64208
vn -0.70575 -0.40636 0.58034
vn -0.70577 -0.40634 0.58032
vn -0.70577 -0.50094 0.50094
vn -0.70578 -0.50094 0.50094
vn -0.70578 -0.58032 0.40634
vn -0.70576 -0.58033 0.40635
vn -0.70576 -0.64207 0.2994
vn -0.70577 -0.64206 0.2994
vn -0.70577 -0.6843 0.18336
vn -0.70576 -0.68431 0.18336
vn -0.70605 -0.70484 0.06858
vn -0.49587 -0.86509 0.07569
vn -0.70711 -0.70707 0.00688
vn -0.70605 0.70484 0.06858
vn -0.70576 0.68431 0.18336
vn -0.70577 0.6843 0.18336
vn -0.70577 0.64206 0.2994
vn -0.70576 0.64207 0.2994
vn -0.70576 0.58033 0.40635
vn -0.70578 0.58032 0.40634
vn -0.70578 0.50094 0.50094
vn -0.70577 0.50094 0.50094
vn -0.70577 0.40634 0.58032
vn -0.70575 0.40635 0.58034
vn -0.70575 0.29941 0.64208
vn -0.70576 0.29941 0.64208
vn -0.70576 0.18336 0.68432
vn -0.70577 0.18336 0.6843
vn -0.70605 0.06858 0.70483
vn -0.49582 0.07569 0.86512
vn -0.70709 0.00688 0.70709
vn -0.70709 -0.00688 0.70709
vn -0.70709 0.70713 -0
vn -0.70712 0.70709 0
vn -0.7071 0.70711 0
vn -0.70711 0.7071 0
vn -0.70711 0.7071 -0
vn -0.70711 0.7071 0
vn -0.70712 0.70709 0
vn 0 -0.86579 -0.50041
vn 0 -0.74289 -0.66941
vn 0 -0.58756 -0.80918
vn 0 -0.40656 -0.91362
vn 0 -0.20782 -0.97817
vn -0 0.20782 -0.97817
vn -0 0.40656 -0.91362
vn -0 0.58756 -0.80918
vn -0 0.74289 -0.66941
vn -0 0.86579 -0.50041
vn -0 0.86579 0.50041
vn -0 0.74289 0.66941
vn -0 0.58756 0.80918
vn -0 0.40656 0.91362
vn -0 0.20782 0.97817
vn 0 -0.20782 0.97817
vn 0 -0.40656 0.91362
vn 0 -0.58756 0.80918
vn 0 -0.74289 0.66941
vn 0 -0.86579 0.50041
vn 0.01358 -0.99538 -0.09505
vn 0 -0.98982 -0.14232
vn 0 -0.97181 -0.23576
vn 0.01358 -0.9594 -0.28171
vn 0 -0.945 -0.32707
vn 0 -0.90963 -0.41542
vn 0.01358 -0.88875 -0.45818
vn 0 -0.86603 -0.5
vn 0 -0.81458 -0.58006
vn 0.01358 -0.78598 -0.6181
vn 0 -0.75575 -0.65486
vn 0 -0.69008 -0.72373
vn 0.01358 -0.6548 -0.75568
vn 0 -0.61816 -0.78605
vn 0 -0.54064 -0.84125
vn 0.01358 -0.49995 -0.86595
vn 0 -0.45823 -0.88884
vn 0 -0.37166 -0.92837
vn 0.01358 -0.32704 -0.94491
vn 0 -0.28173 -0.95949
vn 0 -0.18925 -0.98193
vn 0.01358 -0.1423 -0.98973
vn 0 -0.09506 -0.99547
vn 0.01358 0.04758 -0.99878
vn -0 0.09506 -0.99547
vn -0 0.18925 -0.98193
vn 0.01358 0.23574 -0.97172
vn -0 0.28173 -0.95949
vn -0 0.37166 -0.92837
vn 0.01358 0.41538 -0.90955
vn -0 0.45823 -0.88884
vn -0 0.54064 -0.84125
vn 0.01358 0.58 -0.8145
vn -0 0.61816 -0.78605
vn -0 0.69008 -0.72373
vn 0.01358 0.72367 -0.69002
vn -0 0.75575 -0.65486
vn -0 0.81458 -0.58006
vn 0.01358 0.84118 -0.54059
vn -0 0.86603 -0.5
vn -0 0.90963 -0.41542
vn 0.01358 0.92828 -0.37163
vn -0 0.945 -0.32707
vn -0 0.97181 -0.23576
vn 0.01358 0.98184 -0.18923
vn -0 0.98982 -0.14232
vn -0 0.99887 -0.04758
vn -0 0.99887 0.04758
vn -0 0.98982 0.14232
vn 0.01358 0.98184 0.18923
vn -0 0.97181 0.23576
vn -0 0.945 0.32707
vn 0.01358 0.92828 0.37163
vn -0 0.90963 0.41541
vn -0 0.86603 0.5
vn 0.01358 0.84118 0.54059
vn -0 0.81458 0.58006
vn -0 0.75575 0.65486
vn 0.01358 0.72367 0.69002
vn -0 0.69008 0.72373
vn -0 0.61816 0.78605
vn 0.01358 0.58 0.8145
vn -0 0.54064 0.84125
vn -0 0.45823 0.88884
vn 0.01358 0.41538 0.90955
vn -0 0.37166 0.92837
vn -0 0.28173 0.95949
vn 0.01358 0.23574 0.97172
vn -0 0.18925 0.98193
vn -0 0.09506 0.99547
vn 0.01358 0.04758 0.99878
vn 0 -0.09506 0.99547
vn 0.01358 -0.1423 0.98973
vn 0 -0.18925 0.98193
vn 0 -0.28173 0.95949
vn 0.01358 -0.32704 0.94491
vn 0 -0.37166 0.92837
vn 0 -0.45823 0.88884
vn 0.01358 -0.49995 0.86595
vn 0 -0.54064 0.84125
vn 0 -0.61816 0.78605
vn 0.01358 -0.6548 0.75568
vn 0 -0.69008 0.72373
vn 0 -0.75575 0.65486
vn 0.01358 -0.78598 0.6181
vn 0 -0.81458 0.58006
vn 0 -0.86603 0.5
vn 0.01358 -0.88875 0.45818
vn 0 -0.90963 0.41541
vn 0 -0.945 0.32707
vn 0.01358 -0.9594 0.28171
vn 0 -0.97181 0.23576
vn 0 -0.98982 0.14232
vn 0.01358 -0.99538 0.09505
vn 0 -0.99887 0.04758
vn 0 -0.99887 -0.04758
vn -0.73281 0.67735 -0.06468
vn -0.70671 0.70031 -0.10069
vn -0.70671 0.68756 -0.1668
vn -0.73281 0.65287 -0.1917
vn -0.70671 0.6686 -0.2314
vn -0.70671 0.64357 -0.29391
vn -0.73281 0.60479 -0.31179
vn -0.70671 0.61272 -0.35375
vn -0.70671 0.57632 -0.4104
vn -0.73281 0.53486 -0.42062
vn -0.7067 0.5347 -0.46332
vn -0.7067 0.48824 -0.51205
vn -0.73281 0.44559 -0.51424
vn -0.70671 0.43735 -0.55614
vn -0.70671 0.38251 -0.59519
vn -0.73281 0.34022 -0.58927
vn -0.70671 0.3242 -0.62886
vn -0.70671 0.26295 -0.65683
vn -0.73281 0.22255 -0.64301
vn -0.70671 0.19933 -0.67885
vn -0.70671 0.1339 -0.69472
vn -0.73281 0.09684 -0.67351
vn -0.7067 0.06725 -0.7043
vn -0.7067 -0 -0.70751
vn -0.73281 -0.03238 -0.67966
vn -0.70671 -0.06725 -0.7043
vn -0.70671 -0.1339 -0.69472
vn -0.73281 -0.16042 -0.66125
vn -0.70671 -0.19933 -0.67885
vn -0.70671 -0.26295 -0.65683
vn -0.73281 -0.28266 -0.61894
vn -0.70671 -0.3242 -0.62886
vn -0.70671 -0.38251 -0.59519
vn -0.73281 -0.39469 -0.55426
vn -0.70671 -0.43735 -0.55614
vn -0.70671 -0.48824 -0.51205
vn -0.73281 -0.49245 -0.46955
vn -0.70671 -0.5347 -0.46332
vn -0.70671 -0.57632 -0.41039
vn -0.73281 -0.57242 -0.36787
vn -0.7067 -0.61272 -0.35375
vn -0.7067 -0.64357 -0.29391
vn -0.73281 -0.63169 -0.25289
vn -0.70671 -0.6686 -0.2314
vn -0.70671 -0.68756 -0.1668
vn -0.73281 -0.66814 -0.12877
vn -0.70671 -0.70031 -0.10069
vn -0.70671 -0.70671 -0.03366
vn -0.73281 -0.68043 0
vn -0.70671 -0.70671 0.03366
vn -0.70671 -0.70031 0.10069
vn -0.73281 -0.66814 0.12877
vn -0.70671 -0.68756 0.1668
vn -0.70671 -0.6686 0.2314
vn -0.73281 -0.63169 0.25289
vn -0.70671 -0.64357 0.29391
vn -0.70671 -0.61272 0.35375
vn -0.73281 -0.57242 0.36787
vn -0.7067 -0.57632 0.4104
vn -0.7067 -0.5347 0.46332
vn -0.73281 -0.49245 0.46955
vn -0.70671 -0.48824 0.51205
vn -0.70671 -0.43735 0.55614
vn -0.73281 -0.39469 0.55427
vn -0.70671 -0.38251 0.59519
vn -0.70671 -0.3242 0.62886
vn -0.73281 -0.28266 0.61894
vn -0.70671 -0.26295 0.65683
vn -0.70671 -0.19933 0.67885
vn -0.73281 -0.16042 0.66125
vn -0.70671 -0.1339 0.69472
vn -0.70671 -0.06725 0.7043
vn -0.73281 -0.03238 0.67966
vn -0.70671 -0 0.70751
vn -0.70671 0.06725 0.7043
vn -0.73281 0.09684 0.67351
vn -0.7067 0.1339 0.69472
vn -0.7067 0.19933 0.67885
vn -0.73281 0.22255 0.64301
vn -0.70671 0.26295 0.65683
vn -0.70671 0.3242 0.62886
vn -0.73281 0.34022 0.58927
vn -0.70671 0.38251 0.59519
vn -0.70671 0.43735 0.55614
vn -0.73281 0.44559 0.51424
vn -0.7067 0.48824 0.51205
vn -0.7067 0.5347 0.46332
vn -0.73281 0.53486 0.42062
vn -0.70671 0.57632 0.4104
vn -0.70671 0.61272 0.35375
vn -0.73281 0.60479 0.31179
vn -0.7067 0.64357 0.29391
vn -0.7055 0.68 0.19967
vn -0.75535 0.61928 0.21433
vn -0.70671 0.68756 0.1668
vn -0.70671 0.70031 0.10069
vn -0.73281 0.67735 0.06468
vn -0.7067 0.70671 0.03366
vn -0.7067 0.70671 -0.03366
vn -0 0.99324 -0.11609
vn -0 0.93969 -0.34202
vn -0 0.83549 -0.54951
vn -0 0.68624 -0.72737
vn -0 0.5 -0.86603
vn -0 0.2868 -0.95799
vn -0 0.05815 -0.99831
vn 0 -0.17365 -0.98481
vn 0 -0.39608 -0.91822
vn 0 -0.59716 -0.80212
vn 0 -0.76604 -0.64279
vn 0 -0.89363 -0.4488
vn 0 -0.97304 -0.23062
vn 0 -0.97304 0.23062
vn 0 -0.89363 0.4488
vn 0 -0.76604 0.64279
vn 0 -0.59716 0.80212
vn 0 -0.39608 0.91822
vn 0 -0.17365 0.98481
vn -0 0.05815 0.99831
vn -0 0.2868 0.95799
vn -0 0.5 0.86603
vn -0 0.68624 0.72737
vn -0 0.83549 0.54951
vn -0 0.93969 0.34202
vn -0 0.99324 0.11609
vn -0 0.96593 0.25882
vn -0 0.70711 0.70711
vn -0 0.25882 0.96593
vn 0 -0.70711 0.70711
vn 0 -0.96593 0.25882
vn 0 -0.70711 -0.70711
vn -0 0.25882 -0.96593
vn -0 0.70711 -0.70711
vn -0 0.96593 -0.25882
vn -0 0.96593 0.25882
vn 0 -0.25882 0.96593
vn 0 -0.96593 0.25882
vn 0 -0.96593 -0.25882
vn 0 -0.25882 -0.96593
vn 0 -0.96593 0.25882
vn 0 -0.70711 -0.7071
vn -0 0.70711 -0.7071
vn -0 0.96593 0.25882
vn 0 0.5 0.86603
vn -0 0.5 0.86603
vn 0 -0.5 0.86603
vn -0 -0.5 -0.86603
vn 0 -0.5 -0.86603
vn -0 0.5 -0.86603
vn -0 0.99767 0.06824
vn -0 0.99767 -0.06824
vn -0 0.96292 -0.2698
vn -0 0.85442 -0.51958
vn -0 0.68255 -0.73084
vn -0 0.46007 -0.88789
vn -0 0.20346 -0.97908
vn 0 -0.06824 -0.99767
vn 0 -0.33488 -0.94226
vn 0 -0.57668 -0.81697
vn 0 -0.77571 -0.63109
vn 0 -0.91721 -0.3984
vn 0 -0.99069 -0.13617
vn 0 -0.99069 0.13617
vn 0 -0.91721 0.3984
vn 0 -0.77571 0.63109
vn 0 -0.57668 0.81697
vn 0 -0.33488 0.94226
vn 0 -0.06824 0.99767
vn -0 0.20346 0.97908
vn -0 0.46007 0.88789
vn -0 0.68255 0.73084
vn -0 0.85442 0.51958
vn -0 0.96292 0.2698
vn 0 -0.99452 0.10453
vn 0 -0.95106 0.30902
vn 0 -0.86603 0.5
vn 0 -0.74314 0.66913
vn 0 -0.58779 0.80902
vn 0 -0.40674 0.91355
vn 0 -0.20791 0.97815
vn -0 0.20791 0.97815
vn -0 0.40674 0.91355
vn -0 0.58779 0.80902
vn -0 0.74314 0.66913
vn -0 0.86603 0.5
vn -0 0.95106 0.30902
vn -0 0.99452 0.10453
vn -0 0.99452 -0.10453
vn -0 0.95106 -0.30902
vn -0 0.86603 -0.5
vn -0 0.74314 -0.66913
vn -0 0.40674 -0.91355
vn -0 0.20791 -0.97815
vn 0 -0.20791 -0.97815
vn 0 -0.40674 -0.91355
vn 0 -0.74314 -0.66913
vn 0 -0.86603 -0.5
vn 0 -0.95106 -0.30902
vn 0 -0.99452 -0.10453
vn 0 -0 -1
vn 0 -0 -1
vn 0 -0 -1
vn 0 -0 -1
vn 0 -0 -1
vn 0 -0 -1
vn 0 -0 -1
vn 0 -0 -1
vn 0 -0 -1
vn 0 -0 -1
vn 0 -0 -1
vn 0 -0 -1
vn 0 -0 -1
vn 0 -0 -1
vn 0 -0 -1
vn 0 -0 -1
vn 0 -0 -1
vn 0 -0 -1
vn 0 -0 -1
vn 0 -0 -1
vn 0 -0 -1
vn 0 -0 -1
vn 0 -0 -1
vn 0 -0 -1
vn 0 -0 -1
vn 0 -0 -1
vn 0 -0 -1
vn 0 -0 -1
vn 0 -0 -1
vn 0 -0 -1
vn 0 -0 -1
vn 0 -0 -1
vn 0 -0 -1
vn 0 -0 -1
vn 0 -0 -1
vn 0 -0 -1
vn 0 -0 -1
vn 0 -0 -1
vn 0 -0 -1
vn 0 -0 -1
vn 0 -0 -1
vn 0 -0 -1
vn 0 -0 -1
vn 0 -0 -1
vn 0 -0 -1
vn 0 -0 -1
vn 0 -0 -1
vn 0 -0 -1
vn 0 -0 -1
vn 0 -0 -1
vn 0 -0 -1
vn 0 -0 -1
vn 0 -0 -1
vn 0 -0 -1
vn 0 -0 -1
vn 0 -0 -1
vn 0 -0 -1
vn 0 -0 -1
vn 0 -0 -1
vn 0 -0 -1
vn 0 -0 -1
vn 0 -0 -1
vn 0 -0 -1
vn 0 -0 -1
vn 0 -0 -1
vn 0 -0 -1
vn 0 -0 -1
vn 0 -0 -1
vn 0 -0 -1
vn 0 -0 -1
vn 0 -0 -1
vn 0 -0 -1
vn 0 -0 -1
vn 0 -0 -1
vn 0 -0 -1
vn 0 -0 -1
vn 0 -0 -1
vn 0 -0 -1
vn 0 -0 -1
vn 0 -0 -1
vn 0 -0 -1
vn 0 -0 -1
vn 0 -0 -1
vn 0 -0 -1
vn 0 -0 -1
vn 0 -0 -1
vn 0 -0 -1
vn 0 -0 -1
vn 0 -0 -1
vn 0 -0 -1
vn 0 -0 -1
vn 0 -0 -1
vn 0 -0 -1
vn 0 -0 -1
vn 0 -0 -1
vn 0 -0 -1
vn 0 -0 -1
vn 0 -0 -1
vn 0 -0 -1
vn 0 -0 -1
vn 0 -0 -1
vn 0 -0 -1
vn 0 -0 -1
vn 0 -0 -1
vn 0 -0 -1
vn 0 -0 -1
vn 0 -0 -1
vn 0 -0 -1
vn 0 -0 -1
vn 0 -0 -1
vn 0 -0 -1
vn 0 -0 -1
vn 0 -0 -1
vn 0 -0 -1
vn 0 -0 -1
vn 0 -0 -1
vn 0 -0 -1
vn 0 -0 -1
vn 0 -0 -1
vn 0 -0 -1
vn 0 -0 -1
vn 0 -0 -1
vn 0 -0 -1
vn 0 -0 -1
vn 0 -0 -1
vn 0 -0 -1
vn 0 -0 -1
vn 0 -0 -1
vn 0 -0 -1
vn 0 -0 -1
vn 0 -0 -1
vn 0 -0 -1
vn 0 -0 -1
vn 0 -0 -1
vn 0 -0 -1
vn 0 -0 -1
vn 0 -0 -1
vn 0 -0 -1
vn 0 -0 -1
vn 0 -0 -1
vn 0 -0 -1
vn 0 -0 -1
vn 0 -0 -1
vn 0 -0 -1
vn 0 -0 -1
vn 0 -0 -1
vn 0 -0 -1
vn 0 -0 -1
vn 0 -0 -1
vn 0 -0 -1
vn 0 -0 -1
vn 0 -0 -1
vn 0 -0 -1
vn 0 -0 -1
vn 0 -0 -1
vn 0 -0 -1
vn 0 -0 -1
vn 0 -0 -1
vn 0 -0 -1
vn 0 -0 -1
vn 0 -0 -1
vn 0 -0 -1
vn 0 -0 -1
vn 0 -0 -1
vn 0 -0 -1
vn 0 -0 -1
vn 0 -0 -1
vn 0 -0 -1
vn 0 -0 -1
vn 0 -0 -1
vn 0 -0 -1
vn 0 -0 -1
vn 0 -0 -1
vn 0 -0 -1
vn 0 -0 -1
vn 0 -0 -1
vn 0 -0 -1
vn 0 -0 -1
vn 0 -0 -1
vn 0 -0 -1
vn 0 -0 -1
vn 0.25882 0.96593 0
vn 0.96593 0.25882 0
vn 0.96593 -0.25882 0
vn 0.25882 -0.96593 0
vn -0.25882 -0.96593 0
vn -0.96593 -0.25882 0
vn -0.96593 0.25882 0
vn -0.25882 0.96593 0
vn 0.25882 0.96593 0
vn 0.96593 0.25882 0
vn 0.96593 -0.25882 0
vn 0.25882 -0.96593 0
vn -0.25882 -0.96593 0
vn -0.25882 0.96593 0
vn 0.70711 0.70711 -0
vn 0.96593 0.25882 0
vn 0.96593 -0.25882 0
vn 0.70711 -0.70711 0
vn 0.98079 0.19509 0
vn 0.83147 0.55557 0
vn 0.55557 0.83147 0
vn 0.19509 0.98079 0
vn -0.98079 -0.19509 0
vn -0.83147 -0.55557 0
vn -0.55557 -0.83147 0
vn -0.19509 -0.98079 0
vn -0.19509 0.98079 0
vn -0.55557 0.83147 0
vn -0.83147 0.55557 0
vn -0.98079 0.19509 0
vn 0.19509 -0.98079 0
vn 0.55557 -0.83147 0
vn 0.83147 -0.55557 0
vn 0.98079 -0.19509 0
vn 0.2588 0.96585 -0.01225
vn 0.48246 0.87592 0
vn 0.67806 0.73501 0
vn 0.70693 0.70693 -0.02249
vn 0.84519 0.53446 0
vn 0.94854 0.31667 0
vn 0.96547 0.2587 -0.03069
vn 0.99818 0.06038 0
vn 0.98362 -0.18026 0
vn 0.96527 -0.25864 -0.03685
vn 0.90345 -0.42869 0
vn 0.77461 -0.63244 0
vn 0.70651 -0.70651 -0.04096
vn 0.58452 -0.81138 0
vn 0.37336 -0.92769 0
vn 0.25858 -0.96503 -0.04302
vn 0.12054 -0.99271 0
vn -0.12054 -0.99271 0
vn -0.25858 -0.96503 -0.04302
vn -0.37336 -0.92769 0
vn -0.58452 -0.81138 0
vn -0.70651 -0.70651 -0.04096
vn -0.7746 -0.63245 0
vn -0.90345 -0.42869 0
vn -0.96527 -0.25864 -0.03685
vn -0.98362 -0.18026 -0
vn -0.99818 0.06038 0
vn -0.96547 0.2587 -0.03069
vn -0.94854 0.31667 0
vn -0.84518 0.53448 0
vn -0.70693 0.70693 -0.02249
vn -0.67806 0.735 -0
vn -0.48244 0.87593 0
vn -0.2588 0.96585 -0.01225
vn -0.23932 0.97094 0
vn 0.23932 0.97094 0
vn -0.47789 0.53942 -0.69329
vn -0.48536 0.52611 -0.69831
vn -0.59788 0.37809 -0.70682
vn -0.6763 0.25649 -0.69053
vn -0.67753 0.22619 -0.69985
vn -0.70646 0.04274 -0.70646
vn -0.72008 -0.08743 -0.68836
vn -0.70124 -0.12851 -0.70124
vn -0.63987 -0.30362 -0.70596
vn -0.59819 -0.4129 -0.6868
vn -0.55128 -0.45011 -0.70248
vn -0.41437 -0.57519 -0.70531
vn -0.3382 -0.64438 -0.68585
vn -0.26532 -0.65923 -0.70357
vn -0.08554 -0.70451 -0.70451
vn 0 -0.72804 -0.68554
vn 0.08554 -0.70451 -0.70451
vn 0.33342 -0.63527 -0.69661
vn 0.27843 -0.6918 -0.66625
vn 0.41437 -0.57519 -0.70531
vn 0.59045 -0.40756 -0.69661
vn 0.57299 -0.46783 -0.67291
vn 0.63987 -0.30362 -0.70596
vn 0.71222 -0.08648 -0.69661
vn 0.72187 -0.13229 -0.67926
vn 0.70646 0.04274 -0.70646
vn 0.67083 0.25441 -0.69661
vn 0.69076 0.23061 -0.68532
vn 0.59788 0.37808 -0.70682
vn 0.47576 0.53702 -0.69661
vn 0.49007 0.53123 -0.6911
vn 0.34119 0.61943 -0.70704
vn 0.1717 0.69661 -0.69661
vn 0.1717 0.69661 -0.69661
vn -0.1717 0.69661 -0.69661
vn -0.1717 0.69661 -0.69661
vn -0.34117 0.61944 -0.70704
vn 0.2588 0.96585 -0.01225
vn 0.48248 0.87591 0
vn 0.67806 0.73501 -0
vn 0.70693 0.70693 -0.02249
vn 0.94854 0.31667 0
vn 0.96547 0.2587 -0.03069
vn 0.99818 0.06038 0
vn 0.98362 -0.18026 0
vn 0.96527 -0.25864 -0.03685
vn 0.90345 -0.42869 0
vn 0.70651 -0.70651 -0.04096
vn 0.58452 -0.81138 0
vn -0.58453 -0.81138 0
vn -0.70651 -0.70651 -0.04096
vn -0.90345 -0.42869 0
vn -0.96527 -0.25864 -0.03685
vn -0.98362 -0.18026 0
vn -0.99818 0.06038 0
vn -0.96547 0.2587 -0.03069
vn -0.94854 0.31667 0
vn -0.70693 0.70693 -0.02249
vn -0.67806 0.735 0
vn -0.48246 0.87592 0
vn -0.2588 0.96585 -0.01225
vn -0.23932 0.97094 0
vn 0.23931 0.97094 0
vn -0.47789 0.53942 -0.69329
vn -0.48536 0.52611 -0.69831
vn -0.6763 0.25649 -0.69053
vn -0.67753 0.22619 -0.69985
vn -0.70646 0.04274 -0.70646
vn -0.72008 -0.08743 -0.68836
vn -0.70124 -0.12851 -0.70124
vn -0.63987 -0.30362 -0.70596
vn -0.59819 -0.4129 -0.6868
vn -0.55128 -0.45011 -0.70248
vn -0.41437 -0.57518 -0.70531
vn 0 -0.72804 -0.68554
vn 0.41437 -0.57519 -0.70531
vn 0.59045 -0.40756 -0.69661
vn 0.63987 -0.30362 -0.70596
vn 0.71222 -0.08648 -0.69661
vn 0.72187 -0.13229 -0.67926
vn 0.70646 0.04274 -0.70646
vn 0.67083 0.25441 -0.69661
vn 0.69076 0.23061 -0.68532
vn 0.47576 0.53702 -0.69661
vn 0.49007 0.53123 -0.6911
vn 0.3412 0.61942 -0.70703
vn 0.1717 0.69661 -0.69661
vn 0.1717 0.69661 -0.69661
vn -0.1717 0.69661 -0.69661
vn -0.1717 0.69661 -0.69661
vn -0.34119 0.61943 -0.70704
vn 0.2588 0.96585 -0.01225
vn 0.48245 0.87592 0
vn 0.67806 0.73501 0
vn 0.70693 0.70693 -0.02249
vn 0.84519 0.53447 0
vn 0.94854 0.31667 0
vn 0.96547 0.2587 -0.03069
vn 0.99818 0.06038 -0
vn 0.98362 -0.18025 0
vn 0.96527 -0.25864 -0.03685
vn 0.90345 -0.42869 0
vn 0.77461 -0.63244 0
vn 0.70651 -0.70651 -0.04096
vn 0.37336 -0.92769 0
vn 0.25858 -0.96503 -0.04302
vn -0.25858 -0.96503 -0.04302
vn -0.37336 -0.92769 0
vn -0.58452 -0.81138 0
vn -0.70651 -0.70651 -0.04096
vn -0.77461 -0.63244 0
vn -0.90345 -0.42869 0
vn -0.96527 -0.25864 -0.03685
vn -0.98362 -0.18026 0
vn -0.99818 0.06038 -0
vn -0.96547 0.2587 -0.03069
vn -0.94854 0.31667 0
vn -0.84519 0.53446 0
vn -0.70693 0.70693 -0.02249
vn -0.67806 0.73501 0
vn -0.48245 0.87592 0
vn -0.2588 0.96585 -0.01225
vn -0.23932 0.97094 0
vn 0.23932 0.97094 0
vn -0.47789 0.53942 -0.69329
vn -0.48535 0.52612 -0.69831
vn -0.59788 0.37808 -0.70682
vn -0.6763 0.25649 -0.69053
vn -0.67753 0.22619 -0.69985
vn -0.70646 0.04274 -0.70646
vn -0.72008 -0.08743 -0.68836
vn -0.70124 -0.12851 -0.70124
vn -0.63987 -0.30362 -0.70596
vn -0.59819 -0.4129 -0.6868
vn -0.55129 -0.45011 -0.70248
vn -0.41437 -0.57519 -0.70531
vn -0.3382 -0.64438 -0.68585
vn -0.26532 -0.65923 -0.70357
vn 0 -0.72804 -0.68554
vn 0.33342 -0.63527 -0.69661
vn 0.27843 -0.6918 -0.66625
vn 0.41437 -0.57519 -0.70531
vn 0.59045 -0.40756 -0.69661
vn 0.57299 -0.46783 -0.67291
vn 0.63987 -0.30362 -0.70596
vn 0.71222 -0.08648 -0.69661
vn 0.72187 -0.13229 -0.67926
vn 0.70646 0.04273 -0.70646
vn 0.67083 0.25441 -0.69661
vn 0.69076 0.23061 -0.68532
vn 0.59788 0.37808 -0.70682
vn 0.47576 0.53702 -0.69661
vn 0.49007 0.53123 -0.6911
vn 0.34118 0.61943 -0.70704
vn 0.1717 0.69661 -0.69661
vn 0.1717 0.69661 -0.69661
vn -0.1717 0.69661 -0.69661
vn -0.1717 0.69661 -0.69661
vn -0.34118 0.61943 -0.70704
vn 0.2588 0.96585 -0.01225
vn 0.48247 0.87591 0
vn 0.67806 0.73501 -0
vn 0.70693 0.70693 -0.02249
vn 0.84519 0.53446 0
vn 0.94854 0.31667 0
vn 0.96547 0.2587 -0.03069
vn 0.99818 0.06038 0
vn 0.98362 -0.18026 0
vn 0.96527 -0.25864 -0.03685
vn 0.90345 -0.42869 0
vn 0.7746 -0.63245 0
vn 0.70651 -0.70651 -0.04096
vn 0.58452 -0.81138 0
vn 0.37336 -0.92769 0
vn 0.25858 -0.96503 -0.04302
vn 0.12054 -0.99271 0
vn -0.12054 -0.99271 -0
vn -0.25858 -0.96503 -0.04302
vn -0.37336 -0.92769 0
vn -0.58452 -0.81138 0
vn -0.70651 -0.70651 -0.04096
vn -0.7746 -0.63245 0
vn -0.90345 -0.42869 0
vn -0.96527 -0.25864 -0.03685
vn -0.98362 -0.18026 0
vn -0.99818 0.06038 -0
vn -0.96547 0.2587 -0.03069
vn -0.94854 0.31667 0
vn -0.84519 0.53446 0
vn -0.70693 0.70693 -0.02249
vn -0.67806 0.73501 -0
vn -0.48247 0.87591 0
vn -0.2588 0.96585 -0.01225
vn -0.23931 0.97094 -0
vn 0.23931 0.97094 0
vn -0.47789 0.53942 -0.69329
vn -0.48535 0.52612 -0.69831
vn -0.59788 0.37808 -0.70682
vn -0.6763 0.25649 -0.69053
vn -0.67753 0.22619 -0.69985
vn -0.70646 0.04273 -0.70646
vn -0.72008 -0.08743 -0.68836
vn -0.70124 -0.12851 -0.70124
vn -0.63987 -0.30362 -0.70596
vn -0.59819 -0.4129 -0.6868
vn -0.55129 -0.45011 -0.70248
vn -0.41437 -0.57518 -0.70531
vn -0.3382 -0.64438 -0.68585
vn -0.26532 -0.65924 -0.70357
vn -0.08554 -0.70451 -0.70451
vn 0 -0.72804 -0.68554
vn 0.08554 -0.70451 -0.70451
vn 0.33342 -0.63527 -0.69661
vn 0.27842 -0.6918 -0.66625
vn 0.41437 -0.57518 -0.70531
vn 0.59045 -0.40756 -0.69661
vn 0.57299 -0.46784 -0.67291
vn 0.63987 -0.30362 -0.70596
vn 0.71222 -0.08648 -0.69661
vn 0.72187 -0.13229 -0.67926
vn 0.70646 0.04273 -0.70646
vn 0.67083 0.25441 -0.69661
vn 0.69076 0.23061 -0.68532
vn 0.59788 0.37808 -0.70682
vn 0.47576 0.53702 -0.69661
vn 0.49007 0.53123 -0.6911
vn 0.34119 0.61943 -0.70703
vn 0.1717 0.69661 -0.69661
vn 0.1717 0.69661 -0.69661
vn -0.1717 0.69661 -0.69661
vn -0.1717 0.69661 -0.69661
vn -0.34119 0.61943 -0.70703
vn 0.2588 0.96585 -0.01225
vn 0.48245 0.87592 0
vn 0.25858 -0.96503 -0.04302
vn 0.12054 -0.99271 0
vn -0.12054 -0.99271 -0
vn -0.25858 -0.96503 -0.04302
vn -0.48245 0.87592 0
vn -0.2588 0.96585 -0.01225
vn -0.23931 0.97094 -0
vn 0.23931 0.97094 0
vn -0.47789 0.53942 -0.69329
vn -0.48535 0.52612 -0.69831
vn -0.59788 0.37808 -0.70682
vn -0.6763 0.25649 -0.69053
vn -0.3382 -0.64438 -0.68585
vn -0.26532 -0.65923 -0.70357
vn 0 -0.71745 -0.69661
vn -0.09063 -0.74642 -0.65927
vn 0.08555 -0.70451 -0.70452
vn 0.33342 -0.63527 -0.69661
vn 0.67083 0.25441 -0.69661
vn 0.69076 0.23061 -0.68532
vn 0.59788 0.37808 -0.70682
vn 0.47576 0.53702 -0.69661
vn 0.49007 0.53123 -0.6911
vn 0.34118 0.61943 -0.70704
vn 0.1717 0.69661 -0.69661
vn 0.1717 0.69661 -0.69661
vn -0.1717 0.69661 -0.69661
vn -0.1717 0.69661 -0.69661
vn -0.34118 0.61943 -0.70704
vn -0.70711 -0 -0.70711
vn -0.70711 -0 -0.70711
vn -0.70711 -0 -0.70711
vn -0.70711 -0 -0.70711
vn -0.70711 -0 -0.70711
vn -0.70711 -0 -0.70711
vn -0.70711 -0 -0.70711
vn -0.13928 -0.70022 -0.70021
vn -0.13928 -0.70021 -0.70021
vn -0.39664 -0.59361 -0.70021
vn -0.39664 -0.59361 -0.70022
vn -0.59361 -0.39664 -0.70022
vn -0.59361 -0.39664 -0.70021
vn -0.70021 -0.13928 -0.70021
vn -0.70021 -0.13928 -0.70022
vn -0.70021 0.13928 -0.70022
vn -0.70021 0.13928 -0.70021
vn -0.59361 0.39664 -0.70021
vn -0.59361 0.39664 -0.70022
vn -0.39664 0.59361 -0.70022
vn -0.39664 0.59361 -0.70021
vn -0.13928 0.70021 -0.70021
vn -0.13928 0.70022 -0.70021
vn 0 -0.70711 -0.7071
vn 0 -0.70711 -0.7071
vn 0 -0.70711 -0.7071
vn 0 -0.70711 -0.7071
vn 0 -0.70711 -0.7071
vn 0 -0.70711 -0.7071
vn -0 0.70711 -0.7071
vn -0 0.70711 -0.7071
vn -0 0.70711 -0.7071
vn -0 0.70711 -0.7071
vn 0.70022 -0.13928 -0.70021
vn 0.70021 -0.13928 -0.70021
vn 0.59361 -0.39664 -0.70021
vn 0.59361 -0.39664 -0.70022
vn 0.39664 -0.59361 -0.70022
vn 0.39664 -0.59361 -0.70021
vn 0.13928 -0.70021 -0.70021
vn 0.13928 -0.70022 -0.70021
vn 0.13928 0.70022 -0.70021
vn 0.13928 0.70021 -0.70021
vn 0.39664 0.59361 -0.70021
vn 0.39664 0.59361 -0.70022
vn 0.59361 0.39664 -0.70022
vn 0.59361 0.39664 -0.70021
vn 0.70021 0.13928 -0.70021
vn 0.70022 0.13928 -0.70021
vn 0.70711 0 -0.7071
vn 0.70711 -0 -0.7071
vn 0.70711 0 -0.7071
vn 0.70711 0 -0.7071
vn 0.70711 0 -0.7071
vn 0.70711 0 -0.7071
vn -0.70711 -0 0.70711
vn -0.70021 -0.13928 0.70022
vn -0.70021 -0.13928 0.70021
vn -0.59361 -0.39664 0.70021
vn -0.59361 -0.39664 0.70022
vn -0.39664 -0.59361 0.70022
vn -0.39664 -0.59361 0.70021
vn -0.13928 -0.70021 0.70021
vn -0.13928 -0.70022 0.70021
vn -0.13928 0.70022 0.70021
vn -0.13928 0.70021 0.70021
vn -0.39664 0.59361 0.70021
vn -0.39664 0.59361 0.70022
vn -0.59361 0.39664 0.70021
vn -0.59361 0.39664 0.70021
vn -0.70021 0.13928 0.70021
vn -0.70021 0.13928 0.70022
vn 0 -0.70711 0.7071
vn -0 0.70711 0.7071
vn 0.13928 -0.70022 0.70021
vn 0.13928 -0.70021 0.70021
vn 0.39664 -0.59361 0.70021
vn 0.39664 -0.59361 0.70022
vn 0.59361 -0.39664 0.70022
vn 0.59361 -0.39664 0.70021
vn 0.70021 -0.13928 0.70021
vn 0.70022 -0.13928 0.70021
vn 0.70022 0.13928 0.70021
vn 0.70021 0.13928 0.70021
vn 0.59361 0.39664 0.70021
vn 0.59361 0.39664 0.70022
vn 0.39664 0.59361 0.70022
vn 0.39664 0.59361 0.70021
vn 0.13928 0.70021 0.70021
vn 0.13928 0.70022 0.70021
vn 0.70711 0 0.7071
vn 0.35225 -0.93591 0
vn 0.1629 -0.98664 0
vn 0.06225 -0.99806 0
vn -0.03588 -0.99936 0
vn -0.1368 -0.9906 0
vn -0.23324 -0.97242 0
vn -0.33042 -0.94383 0
vn -0.42134 -0.9069 0
vn -0.51093 -0.85962 0
vn -0.59273 -0.8054 0
vn -0.67117 -0.74131 0
vn -0.7406 -0.67195 0
vn -0.80478 -0.59358 0
vn -0.85908 -0.51184 0
vn -0.90646 -0.4223 0
vn -0.94348 -0.33142 0
vn -0.97217 -0.23427 0
vn -0.99045 -0.13785 0
vn -0.99932 -0.03694 0
vn -0.99813 0.06119 0
vn -0.98681 0.16185 0
vn -0.9662 0.2578 0
vn -0.93516 0.35422 0
vn -0.89594 0.44418 0
vn -0.8464 0.53254 0
vn -0.79013 0.61294 0
vn -0.72407 0.68973 -0
vn -0.65297 0.75738 0
vn -0.573 0.81956 0
vn -0.48991 0.87177 0
vn -0.3992 0.91686 0
vn -0.30741 0.95158 0
vn -0.20956 0.9778 0
vn -0.11271 0.99363 0
vn -0.01161 0.99993 0
vn 0.08645 0.99626 0
vn 0.1868 0.9824 0
vn 0.28219 0.95936 0
vn 0.3778 0.92589 0
vn 0.46674 0.8844 0
vn 0.55381 0.83264 0
vn 0.63276 0.77435 0
vn 0.70785 0.70636 0
vn 0.77368 0.63358 0
vn 0.83381 0.55205 0
vn 0.8839 0.46767 0
vn 0.92668 0.37585 0
vn 0.95906 0.28321 0
vn 0.98279 0.18473 0
vn 0.99616 0.08751 -0
vn 0.99991 -0.01372 0
vn 0.99375 -0.11167 0
vn 0.97735 -0.21163 0
vn 0.9519 -0.30641 0
vn 0.91602 -0.40114 0
vn 0.87229 -0.48899 0
vn 0.81834 -0.57473 0
vn 0.75807 -0.65217 0
vn 0.6882 -0.72552 0
vn 0.61377 -0.78948 -0
vn 0.53075 -0.84753 0
vn 0.44512 -0.89547 0
vn -0.33568 0.94189 0.01274
vn -0.37336 0.92769 0
vn -0.4468 0.89463 0
vn -0.48242 0.87585 0.01274
vn -0.51734 0.85578 0
vn -0.58452 0.81138 0
vn -0.61667 0.78712 0.01274
vn -0.64792 0.76171 0
vn -0.73495 0.67801 0.01274
vn -0.76171 0.64792 0
vn -0.81138 0.58452 0
vn -0.83419 0.55133 0.01274
vn -0.85578 0.51734 0
vn -0.89463 0.4468 0
vn -0.91183 0.41038 0.01274
vn -0.92769 0.37336 0
vn -0.95472 0.2975 0
vn -0.96585 0.2588 0.01274
vn -0.97556 0.21971 0
vn -0.99008 0.1405 -0
vn -0.99485 0.10051 0.01274
vn -0.99818 0.06038 0
vn -0.9998 -0.02014 0
vn -0.99809 -0.06037 0.01274
vn -0.99493 -0.10052 0
vn -0.98362 -0.18026 0
vn -0.97548 -0.2197 0.01274
vn -0.96593 -0.25882 0
vn -0.94197 -0.3357 0
vn -0.92761 -0.37333 0.01274
vn -0.9119 -0.41041 0
vn -0.87592 -0.48246 0
vn -0.85571 -0.5173 0.01274
vn -0.83426 -0.55138 0
vn -0.78718 -0.61672 0
vn -0.76165 -0.64786 0.01274
vn -0.73501 -0.67806 0
vn -0.67806 -0.73501 -0
vn -0.64786 -0.76165 0.01274
vn -0.61672 -0.78718 0
vn -0.55138 -0.83426 0
vn -0.5173 -0.85571 0.01274
vn -0.48246 -0.87592 0
vn -0.41041 -0.9119 0
vn -0.37333 -0.92761 0.01274
vn -0.3357 -0.94197 0
vn -0.25882 -0.96593 0
vn -0.2197 -0.97548 0.01274
vn -0.18026 -0.98362 0
vn -0.10052 -0.99493 0
vn -0.06037 -0.99809 0.01274
vn -0.02014 -0.9998 0
vn 0.06038 -0.99818 -0
vn 0.10051 -0.99485 0.01274
vn 0.1405 -0.99008 0
vn 0.21971 -0.97556 0
vn 0.2975 -0.95472 0
vn 0.37336 -0.92769 0
vn 0.41038 -0.91183 0.01274
vn 0.4468 -0.89463 0
vn 0.51734 -0.85578 0
vn 0.55133 -0.83419 0.01274
vn 0.58452 -0.81138 0
vn 0.64792 -0.76171 0
vn 0.67801 -0.73495 0.01274
vn 0.76171 -0.64792 0
vn 0.78712 -0.61667 0.01274
vn 0.81138 -0.58452 0
vn 0.85578 -0.51734 0
vn 0.87585 -0.48242 0.01274
vn 0.89463 -0.4468 0
vn 0.92769 -0.37336 0
vn 0.94189 -0.33568 0.01274
vn 0.95472 -0.2975 0
vn 0.97556 -0.21971 0
vn 0.98354 -0.18024 0.01274
vn 0.99008 -0.1405 0
vn 0.99818 -0.06038 0
vn 0.99972 -0.02014 0.01274
vn 0.9998 0.02014 0
vn 0.99493 0.10052 0
vn 0.99 0.14049 0.01274
vn 0.98362 0.18026 0
vn 0.96593 0.25882 0
vn 0.95464 0.29748 0.01274
vn 0.94197 0.3357 0
vn 0.9119 0.41041 0
vn 0.89456 0.44676 0.01274
vn 0.87592 0.48246 0
vn 0.83426 0.55138 0
vn 0.81131 0.58447 0.01274
vn 0.78718 0.61672 0
vn 0.73501 0.67806 0
vn 0.70705 0.70705 0.01274
vn 0.67806 0.73501 0
vn 0.61672 0.78718 0
vn 0.58447 0.81131 0.01274
vn 0.55138 0.83426 0
vn 0.48246 0.87592 0
vn 0.44676 0.89456 0.01274
vn 0.41041 0.9119 0
vn 0.3357 0.94197 0
vn 0.29748 0.95464 0.01274
vn 0.25882 0.96593 0
vn 0.18026 0.98362 0
vn 0.14049 0.99 0.01274
vn 0.10052 0.99493 0
vn 0.02014 0.9998 0
vn -0.02014 0.99972 0.01274
vn -0.06038 0.99818 0
vn -0.1405 0.99008 0
vn -0.18024 0.98354 0.01274
vn -0.21971 0.97556 0
vn -0.2975 0.95472 0
vn 0.16583 -0.98615 -0.00175
vn 0.07413 -0.99725 0
vn -0.0182 -0.99983 0
vn -0.0238 -0.99971 -0.0034
vn -0.11315 -0.99358 0
vn -0.20435 -0.9789 0
vn -0.21256 -0.97714 -0.00493
vn -0.29648 -0.95504 0
vn -0.38333 -0.92361 0
vn -0.39364 -0.91924 -0.00637
vn -0.46939 -0.88299 0
vn -0.54886 -0.83591 0
vn -0.56049 -0.82812 -0.00769
vn -0.62583 -0.77996 0
vn -0.69513 -0.71889 0
vn -0.70708 -0.70708 -0.00892
vn -0.76031 -0.64956 0
vn -0.81701 -0.57663 0
vn -0.82811 -0.56048 -0.01003
vn -0.86812 -0.49636 -0
vn -0.91021 -0.41414 0
vn -0.9192 -0.39363 -0.01104
vn -0.94546 -0.32575 0
vn -0.97148 -0.23712 0
vn -0.97708 -0.21255 -0.01194
vn -0.98962 -0.1437 0
vn -0.99866 -0.05178 0
vn -0.99964 -0.0238 -0.01274
vn -0.99906 0.04339 0
vn -0.99079 0.13538 0
vn -0.98607 0.16582 -0.01343
vn -0.97344 0.22895 0
vn -0.94816 0.31779 0
vn -0.93686 0.34943 -0.01401
vn -0.91366 0.40648 0
vn -0.87226 0.48905 -0
vn -0.85379 0.52041 -0.01449
vn -0.82182 0.56975 0
vn -0.76574 0.64315 0
vn -0.73987 0.67259 -0.01486
vn -0.70114 0.71302 0
vn -0.63236 0.77467 0
vn -0.59921 0.80045 -0.01513
vn -0.55586 0.83128 0
vn -0.47679 0.87902 0
vn -0.43689 0.89938 -0.01529
vn -0.39108 0.92036 0
vn -0.30449 0.95252 0
vn -0.25879 0.96581 -0.01534
vn -0.21257 0.97715 0
vn -0.1215 0.99259 0
vn -0.07133 0.99734 -0.01529
vn -0.0266 0.99965 0
vn 0.06575 0.99784 0
vn 0.11871 0.99281 -0.01513
vn 0.16031 0.98707 0
vn 0.2507 0.96807 0
vn 0.30445 0.95241 -0.01486
vn 0.34158 0.93985 0
vn 0.42684 0.90433 0
vn 0.4792 0.87759 -0.01449
vn 0.51087 0.85966 0
vn 0.58801 0.80885 0
vn 0.63663 0.77104 -0.01401
vn 0.66224 0.7493 -0
vn 0.72855 0.685 -0
vn 0.77105 0.63663 -0.01343
vn 0.79036 0.61264 0
vn 0.84352 0.5371 0
vn 0.87761 0.47921 -0.01274
vn 0.89075 0.45449 0
vn 0.92889 0.37036 0
vn 0.95245 0.30446 -0.01194
vn 0.95989 0.28039 0
vn 0.98166 0.19063 0
vn 0.99287 0.11871 -0.01104
vn 0.99534 0.09645 0
vn 0.99999 0.0042 0
vn 0.9974 -0.07134 -0.01003
vn 0.99586 -0.09087 0
vn 0.98323 -0.18237 0
vn 0.96589 -0.25881 -0.00892
vn 0.96144 -0.27501 0
vn 0.93197 -0.36255 0
vn 0.89946 -0.43693 -0.00769
vn 0.89328 -0.44949 0
vn 0.848 -0.53 0
vn 0.80052 -0.59927 -0.00637
vn 0.79378 -0.60821 0
vn 0.73428 -0.67885 0
vn 0.67265 -0.73994 -0.00493
vn 0.66642 -0.74558 0
vn 0.59479 -0.80388 -0
vn 0.52046 -0.85388 -0.0034
vn 0.51568 -0.85678 0
vn 0.43443 -0.90071 0
vn 0.34946 -0.93695 -0.00175
vn 0.34684 -0.93792 0
vn 0.16859 -0.98569 0
vn -0.86603 0.5 0
vn -0.86603 -0.5 0
vn -0.5 -0.86603 0
vn 0.86603 -0.5 0
vn 0.86603 0.5 -0
vn 0.5 0.86603 0
vn -0.48246 0.87592 0
vn -0.83426 0.55138 0
vn -0.99493 0.10052 -0
vn -0.92769 -0.37336 0
vn -0.64792 -0.76171 0
vn -0.21972 -0.97556 0
vn 0.25882 -0.96593 0
vn 0.67806 -0.73501 0
vn 0.94197 -0.33571 0
vn 0.99008 0.1405 0
vn 0.81138 0.58452 0
vn 0.4468 0.89463 0
vn -0.02014 0.9998 0
vn -0.02802 -0.12441 0.99183
vn -0.17884 -0.49097 0.85263
vn -0.05171 -0.35478 0.93352
vn -0.03722 -0.70712 0.70611
vn 0.18571 -0.69306 0.69654
vn 0.18571 -0.69307 0.69654
vn 0.48652 -0.52738 0.69654
vn 0.48651 -0.52737 0.69656
vn 0.67587 -0.24087 0.69655
vn 0.67588 -0.24087 0.69654
vn 0.71039 0.10081 0.69655
vn 0.71039 0.10081 0.69655
vn 0.58217 0.4194 0.69655
vn 0.58217 0.4194 0.69656
vn 0.32058 0.6419 0.69656
vn 0.32058 0.64191 0.69655
vn -0.01445 0.71736 0.69655
vn -0.01445 0.71738 0.69653
vn -0.34618 0.62849 0.69654
vn -0.34617 0.62848 0.69655
vn -0.59859 0.39562 0.69655
vn -0.59858 0.39562 0.69655
vn -0.71387 0.07213 0.69655
vn -0.71388 0.07213 0.69655
vn -0.66564 -0.2679 0.69653
vn -0.66563 -0.26789 0.69654
vn -0.46489 -0.54654 0.69654
vn -0.46488 -0.54653 0.69656
vn -0.29535 -0.64273 0.70687
vn -0.5 0.86603 0
vn -0.5 -0.86603 -0
vn 0.5 -0.86603 -0
vn 0.86603 -0.5 0
vn 0.86603 0.5 0
vn 0.5 0.86603 0
vn -0.48246 0.87592 0
vn -0.64792 -0.76171 0
vn -0.21972 -0.97556 0
vn 0.67806 -0.735 0
vn 0.94197 -0.3357 0
vn 0.4468 0.89463 0
vn -0.02014 0.9998 0
vn 0.22217 -0.2814 0.93352
vn 0.08647 -0.09374 0.99183
vn 0.40037 -0.33578 0.85262
vn 0.57715 -0.40895 0.70687
vn 0.67587 -0.24087 0.69655
vn 0.67587 -0.24087 0.69655
vn 0.71039 0.10081 0.69655
vn 0.7104 0.10081 0.69654
vn 0.58218 0.41941 0.69654
vn 0.58218 0.4194 0.69654
vn 0.32058 0.64191 0.69654
vn 0.32059 0.64192 0.69654
vn -0.01445 0.71737 0.69654
vn -0.01445 0.71736 0.69655
vn -0.34617 0.62848 0.69655
vn -0.34617 0.62848 0.69655
vn -0.46489 -0.54654 0.69654
vn -0.46489 -0.54654 0.69655
vn -0.15765 -0.69997 0.69656
vn -0.15765 -0.69998 0.69654
vn 0.1857 -0.69306 0.69655
vn 0.18571 -0.69308 0.69653
vn 0.3858 -0.59379 0.7061
vn -0.86603 0.5 0
vn -0.86603 -0.5 -0
vn -0.5 -0.86603 0
vn 0.5 -0.86603 0
vn 0.86603 -0.5 0
vn 0.86603 0.5 0
vn -0.83426 0.55138 0
vn -0.99493 0.10052 -0
vn -0.92769 -0.37336 0
vn -0.64792 -0.76171 0
vn -0.21972 -0.97556 0
vn 0.25882 -0.96593 0
vn 0.67806 -0.73501 -0
vn 0.94197 -0.3357 0
vn 0.99008 0.1405 0
vn 0.81138 0.58452 0
vn 0.26023 0.0292 0.96511
vn 0.15726 0.02232 0.9873
vn 0.6715 0.22419 0.70628
vn 0.65391 0.26918 0.70707
vn 0.46937 0.33814 0.81569
vn 0.57834 0.42356 0.69722
vn -0.59859 0.39562 0.69655
vn -0.59859 0.39562 0.69655
vn -0.71387 0.07213 0.69655
vn -0.71387 0.07212 0.69656
vn -0.66562 -0.26789 0.69656
vn -0.66563 -0.26789 0.69655
vn -0.46489 -0.54654 0.69655
vn -0.46488 -0.54653 0.69655
vn -0.15765 -0.69998 0.69655
vn -0.15765 -0.69998 0.69654
vn 0.1857 -0.69306 0.69655
vn 0.18571 -0.69307 0.69654
vn 0.48652 -0.52738 0.69654
vn 0.48652 -0.52738 0.69654
vn 0.67588 -0.24087 0.69654
vn 0.67587 -0.24087 0.69655
vn 0.70936 0.00873 0.70479
vn -0.86603 0.5 -0
vn -0.86603 -0.5 0
vn -0.48246 0.87592 0
vn -0.83426 0.55138 0
vn -0.99493 0.10052 0
vn 0.99008 0.1405 0
vn 0.4468 0.89463 0
vn 0.08764 0.18289 0.97922
vn 0.13705 0.27441 0.9518
vn 0.16925 0.68671 0.70695
vn 0.12204 0.69684 0.70677
vn -0.00599 0.29745 0.95472
vn -0.04868 0.71215 0.70034
vn -0.34618 0.62849 0.69654
vn -0.34617 0.62848 0.69654
vn -0.59859 0.39562 0.69654
vn -0.59859 0.39562 0.69655
vn -0.71388 0.07213 0.69655
vn -0.71388 0.07213 0.69655
vn -0.66563 -0.26789 0.69654
vn -0.66563 -0.26789 0.69654
vn -0.46489 -0.54654 0.69654
vn -0.46488 -0.54653 0.69655
vn -0.15765 -0.69997 0.69656
vn -0.15765 -0.69998 0.69655
vn 0.48651 -0.52736 0.69656
vn 0.67586 -0.24087 0.69656
vn 0.67587 -0.24087 0.69655
vn 0.71039 0.10081 0.69655
vn 0.7104 0.10081 0.69654
vn 0.58217 0.4194 0.69655
vn 0.37275 0.60583 0.70287
vn -0.92769 -0.37336 -0
vn -0.64792 -0.76171 0
vn -0.21972 -0.97556 0
vn 0.67806 -0.73501 0
vn 0.94197 -0.3357 0
vn -0.02014 0.9998 0
vn -0.25589 0.16913 0.9518
vn -0.14354 0.2606 0.95472
vn -0.45414 0.54249 0.70673
vn -0.48995 0.51011 0.70692
vn -0.16734 0.11457 0.97922
vn -0.62572 0.33829 0.70287
vn -0.71387 0.07212 0.69655
vn -0.71387 0.07212 0.69656
vn -0.66562 -0.26789 0.69655
vn -0.66563 -0.26789 0.69655
vn -0.46489 -0.54654 0.69655
vn -0.46489 -0.54654 0.69655
vn -0.15765 -0.69998 0.69655
vn -0.15765 -0.69998 0.69654
vn 0.18571 -0.69306 0.69655
vn 0.48652 -0.52738 0.69654
vn 0.48651 -0.52737 0.69655
vn 0.67586 -0.24087 0.69655
vn 0.32058 0.6419 0.69656
vn 0.32058 0.64191 0.69655
vn -0.01445 0.71736 0.69655
vn -0.01445 0.71738 0.69653
vn -0.31391 0.64107 0.70034
vn -0.5 0.86603 -0
vn 0.5 0.86603 -0
vn 0.4468 0.89463 0
vn -0.14735 -0.0593 0.9873
vn -0.69362 -0.14159 0.70629
vn -0.23996 -0.10483 0.96511
vn -0.6187 -0.34713 0.70478
vn 0.48652 -0.52738 0.69654
vn 0.71039 0.10081 0.69655
vn 0.7104 0.10081 0.69654
vn 0.58218 0.4194 0.69654
vn 0.58218 0.4194 0.69654
vn 0.32058 0.64191 0.69654
vn 0.32058 0.64191 0.69655
vn -0.01445 0.71737 0.69655
vn -0.01445 0.71736 0.69655
vn -0.34617 0.62848 0.69655
vn -0.34617 0.62848 0.69655
vn -0.57169 0.06229 0.8181
vn -0.70088 -0.09382 0.70708
vn 0.36747 -0.61443 -0.69817
vn 0.36537 -0.60705 -0.70568
vn 0.42058 -0.56844 -0.7071
vn 0.4787 -0.54163 -0.691
vn 0.47212 -0.5282 -0.70577
vn 0.51922 -0.48003 -0.70709
vn 0.57522 -0.44846 -0.68411
vn 0.56228 -0.43083 -0.70586
vn 0.59965 -0.37478 -0.70708
vn 0.65324 -0.33793 -0.67755
vn 0.63269 -0.31837 -0.70594
vn 0.65903 -0.25637 -0.70707
vn 0.70964 -0.21378 -0.67135
vn 0.68089 -0.19476 -0.70602
vn 0.6953 -0.12897 -0.70706
vn 0.74204 -0.0803 -0.66553
vn 0.70519 -0.06435 -0.70609
vn 0.70717 0.00297 -0.70704
vn 0.74892 0.05778 -0.66014
vn 0.70474 0.06829 -0.70617
vn 0.69423 0.13481 -0.70702
vn 0.72972 0.19553 -0.65519
vn 0.67957 0.19851 -0.70624
vn 0.65693 0.26193 -0.70699
vn 0.68484 0.32795 -0.65073
vn 0.63057 0.32174 -0.70631
vn 0.59657 0.37986 -0.70697
vn 0.61565 0.4502 -0.64676
vn 0.55945 0.43365 -0.70637
vn 0.51528 0.48448 -0.70694
vn 0.52443 0.55778 -0.64332
vn 0.46872 0.53034 -0.70643
vn 0.4159 0.57211 -0.70691
vn 0.41432 0.64669 -0.64042
vn 0.36155 0.6084 -0.70649
vn 0.30192 0.63967 -0.70687
vn 0.28917 0.71361 -0.63808
vn 0.24172 0.6651 -0.70655
vn 0.17734 0.68479 -0.70683
vn 0.15341 0.75602 -0.63632
vn 0.11343 0.69846 -0.70661
vn 0.04651 0.70589 -0.7068
vn 0.01189 0.77231 -0.63513
vn -0.01882 0.70731 -0.70666
vn -0.08596 0.70222 -0.70675
vn -0.1303 0.76183 -0.63454
vn -0.15039 0.69134 -0.70671
vn -0.21543 0.67391 -0.70671
vn -0.26807 0.72491 -0.63454
vn -0.27667 0.65112 -0.70675
vn -0.36372 0.60815 -0.70559
vn -0.3955 0.72915 -0.5585
vn -0.39323 0.58806 -0.70679
vn -0.46927 0.53096 -0.70559
vn -0.51931 0.63617 -0.57062
vn -0.49597 0.50438 -0.70683
vn -0.55885 0.43569 -0.70559
vn -0.6225 0.52283 -0.58236
vn -0.58131 0.40301 -0.70687
vn -0.62939 0.32559 -0.70559
vn -0.70186 0.39351 -0.59375
vn -0.64624 0.28751 -0.70691
vn -0.6785 0.2044 -0.70559
vn -0.7551 0.25308 -0.60479
vn -0.68849 0.16193 -0.70694
vn -0.7045 0.07624 -0.70559
vn -0.78089 0.1067 -0.61549
vn -0.70658 0.03069 -0.70697
vn -0.70652 -0.05451 -0.70559
vn -0.77889 -0.04038 -0.62586
vn -0.69988 -0.10163 -0.70699
vn -0.68447 -0.1834 -0.70559
vn -0.74976 -0.183 -0.6359
vn -0.66862 -0.23037 -0.70702
vn -0.63912 -0.30605 -0.70559
vn -0.69509 -0.31626 -0.64563
vn -0.61391 -0.35101 -0.70704
vn -0.572 -0.41828 -0.70559
vn -0.61732 -0.43569 -0.65505
vn -0.53766 -0.45934 -0.70706
vn -0.4854 -0.51626 -0.70559
vn -0.51967 -0.53743 -0.66417
vn -0.44255 -0.55154 -0.70707
vn -0.38227 -0.59666 -0.70559
vn -0.40596 -0.61828 -0.673
vn -0.33192 -0.62439 -0.70708
vn -0.26613 -0.65675 -0.70559
vn -0.28051 -0.67587 -0.68155
vn -0.20964 -0.67533 -0.70709
vn -0.14092 -0.69446 -0.70559
vn -0.14794 -0.7087 -0.68983
vn -0.08001 -0.70257 -0.7071
vn -0.01091 -0.70853 -0.70559
vn -0.01304 -0.71614 -0.69784
vn 0.05242 -0.70516 -0.7071
vn 0.11947 -0.69847 -0.70559
vn 0.11947 -0.69847 -0.70559
vn 0.24578 -0.66463 -0.70559
vn 0.24578 -0.66463 -0.70559
vn 0.30719 -0.6369 -0.70711
vn 0.37837 -0.60847 -0.69757
vn 0.37615 -0.60064 -0.70551
vn 0.43401 -0.55825 -0.7071
vn 0.49477 -0.52826 -0.69003
vn 0.48766 -0.5141 -0.70561
vn 0.53605 -0.46117 -0.70709
vn 0.59386 -0.42555 -0.68281
vn 0.5798 -0.40719 -0.70571
vn 0.61683 -0.34578 -0.70708
vn 0.67124 -0.30413 -0.67597
vn 0.64891 -0.28416 -0.70581
vn 0.67314 -0.21668 -0.70706
vn 0.72337 -0.16867 -0.66955
vn 0.69226 -0.1499 -0.70591
vn 0.70275 -0.07897 -0.70704
vn 0.74772 -0.02448 -0.66357
vn 0.70815 -0.00972 -0.70599
vn 0.70448 0.06188 -0.70702
vn 0.7429 0.12265 -0.65807
vn 0.69594 0.13081 -0.70608
vn 0.67827 0.20029 -0.70699
vn 0.70873 0.26675 -0.6531
vn 0.65613 0.26612 -0.70617
vn 0.62514 0.33076 -0.70696
vn 0.64629 0.40189 -0.64868
vn 0.59031 0.39084 -0.70625
vn 0.54721 0.44812 -0.70693
vn 0.55785 0.52248 -0.64484
vn 0.50108 0.50002 -0.70632
vn 0.44757 0.54771 -0.70689
vn 0.44679 0.62349 -0.6416
vn 0.392 0.58936 -0.7064
vn 0.33015 0.62559 -0.70685
vn 0.31746 0.70066 -0.63898
vn 0.26739 0.65529 -0.70647
vn 0.19963 0.67866 -0.70681
vn 0.17504 0.75073 -0.637
vn 0.1322 0.69523 -0.70653
vn 0.06116 0.70481 -0.70676
vn 0.02526 0.77154 -0.63567
vn -0.00822 0.70757 -0.70659
vn -0.07975 0.703 -0.70671
vn -0.12584 0.76219 -0.63501
vn -0.14828 0.69185 -0.70665
vn -0.24968 0.66338 -0.7054
vn -0.25724 0.79628 -0.54751
vn -0.28244 0.64869 -0.70671
vn -0.3743 0.60193 -0.7054
vn -0.40567 0.72187 -0.56065
vn -0.40537 0.5798 -0.70676
vn -0.48454 0.51734 -0.7054
vn -0.53498 0.62052 -0.57337
vn -0.51221 0.48792 -0.70681
vn -0.57616 0.41287 -0.7054
vn -0.64042 0.49681 -0.5857
vn -0.59871 0.3767 -0.70685
vn -0.64563 0.29253 -0.7054
vn -0.71834 0.35614 -0.59762
vn -0.66146 0.25055 -0.70689
vn -0.6903 0.16095 -0.7054
vn -0.76624 0.20445 -0.60916
vn -0.69796 0.11448 -0.70693
vn -0.70843 0.02319 -0.7054
vn -0.78288 0.04799 -0.62031
vn -0.70677 -0.02613 -0.70696
vn -0.69935 -0.11546 -0.7054
vn -0.76829 -0.10693 -0.63111
vn -0.68754 -0.16568 -0.70699
vn -0.66338 -0.24968 -0.7054
vn -0.72374 -0.25423 -0.64154
vn -0.64104 -0.29865 -0.70702
vn -0.60193 -0.3743 -0.7054
vn -0.65165 -0.38825 -0.65163
vn -0.56912 -0.41976 -0.70704
vn -0.51734 -0.48454 -0.7054
vn -0.55549 -0.504 -0.66137
vn -0.47462 -0.52422 -0.70706
vn -0.41287 -0.57616 -0.7054
vn -0.43959 -0.59732 -0.67079
vn -0.3613 -0.60787 -0.70708
vn -0.29253 -0.64563 -0.7054
vn -0.30897 -0.66504 -0.67989
vn -0.23365 -0.66741 -0.70709
vn -0.16095 -0.6903 -0.7054
vn -0.16911 -0.70506 -0.68869
vn -0.09674 -0.70047 -0.7071
vn -0.02319 -0.70843 -0.7054
vn -0.02573 -0.71643 -0.69719
vn 0.04402 -0.70574 -0.7071
vn 0.11546 -0.69935 -0.7054
vn 0.11546 -0.69935 -0.7054
vn 0.24968 -0.66338 -0.7054
vn 0.24968 -0.66338 -0.7054
vn 0.31475 -0.6332 -0.7071
vn 0.02319 0.70843 0.7054
vn -0.00961 0.828 0.56065
vn 0.06116 0.70481 0.70676
vn 0.16095 0.6903 0.7054
vn 0.15304 0.80487 0.57338
vn 0.19963 0.67866 0.70681
vn 0.29253 0.64563 0.7054
vn 0.30622 0.75046 0.58569
vn 0.33015 0.62559 0.70685
vn 0.41287 0.57616 0.7054
vn 0.44404 0.66759 0.59762
vn 0.44757 0.54771 0.70689
vn 0.51734 0.48454 0.7054
vn 0.56136 0.56018 0.60916
vn 0.54721 0.44812 0.70693
vn 0.60192 0.3743 0.7054
vn 0.654 0.43301 0.62032
vn 0.62514 0.33076 0.70696
vn 0.66338 0.24968 0.7054
vn 0.71882 0.29154 0.63111
vn 0.67827 0.20029 0.70699
vn 0.69935 0.11546 0.7054
vn 0.75389 0.1417 0.64154
vn 0.70448 0.06188 0.70702
vn 0.70843 -0.02319 0.7054
vn 0.75847 -0.01041 0.65162
vn 0.70275 -0.07897 0.70704
vn 0.6903 -0.16095 0.7054
vn 0.73307 -0.15873 0.66137
vn 0.67314 -0.21668 0.70706
vn 0.64563 -0.29253 0.7054
vn 0.67936 -0.2975 0.67079
vn 0.61683 -0.34578 0.70708
vn 0.57616 -0.41287 0.7054
vn 0.6001 -0.42145 0.67989
vn 0.53605 -0.46117 0.70709
vn 0.48454 -0.51734 0.7054
vn 0.49899 -0.52604 0.68869
vn 0.43401 -0.55825 0.7071
vn 0.3743 -0.60192 0.7054
vn 0.38049 -0.60758 0.69719
vn 0.31475 -0.6332 0.7071
vn 0.24968 -0.66338 0.7054
vn 0.24968 -0.66338 0.7054
vn 0.11546 -0.69935 0.7054
vn 0.11546 -0.69935 0.7054
vn 0.04402 -0.70574 0.7071
vn -0.02344 -0.71614 0.69757
vn -0.02543 -0.70825 0.70551
vn -0.09674 -0.70047 0.7071
vn -0.16435 -0.70488 0.69003
vn -0.16527 -0.68905 0.70561
vn -0.23365 -0.66741 0.70709
vn -0.30152 -0.66547 0.68281
vn -0.29852 -0.64254 0.70571
vn -0.3613 -0.60787 0.70708
vn -0.42924 -0.59901 0.67597
vn -0.41989 -0.57055 0.70581
vn -0.47462 -0.52422 0.70706
vn -0.54212 -0.50775 0.66955
vn -0.52457 -0.47595 0.7059
vn -0.56912 -0.41976 0.70704
vn -0.6353 -0.39506 0.66357
vn -0.60842 -0.36249 0.706
vn -0.64104 -0.29865 0.70702
vn -0.70469 -0.26523 0.65807
vn -0.66811 -0.23469 0.70608
vn -0.68754 -0.16568 0.70699
vn -0.74716 -0.12336 0.6531
vn -0.70129 -0.0976 0.70617
vn -0.70677 -0.02613 0.70696
vn -0.76065 0.0249 0.64868
vn -0.70664 0.04332 0.70625
vn -0.69796 0.11448 0.70693
vn -0.74435 0.17356 0.64484
vn -0.68396 0.18249 0.70632
vn -0.66146 0.25055 0.70689
vn -0.69867 0.31656 0.6416
vn -0.63416 0.3144 0.7064
vn -0.59871 0.3767 0.70685
vn -0.62526 0.44806 0.63898
vn -0.55921 0.43381 0.70647
vn -0.51221 0.48792 0.70681
vn -0.52696 0.56263 0.637
vn -0.4621 0.53599 0.70653
vn -0.40537 0.5798 0.70676
vn -0.40765 0.65555 0.63567
vn -0.34667 0.61688 0.70659
vn -0.28244 0.64869 0.70671
vn -0.27211 0.72299 0.63501
vn -0.21751 0.6733 0.70665
vn -0.11546 0.69935 0.7054
vn -0.17536 0.81822 0.54751
vn -0.07975 0.703 0.70671
vn -0.15383 -0.78393 0.60149
vn -0.18106 -0.71243 0.67799
vn -0.18593 -0.70146 0.68803
vn -0.19129 -0.69058 0.6975
vn 0.51175 -0.51453 0.68802
vn 0.51302 -0.52645 0.67799
vn 0.51956 -0.56319 0.64255
vn 0.75582 0.25875 0.60149
vn 0.70467 0.19614 0.68189
vn 0.69426 0.18044 0.69674
vn 0.69163 0.17401 0.70097
vn 0.19614 0.70467 0.68189
vn 0.22796 0.73155 0.64255
vn -0.60199 0.52518 0.60149
vn -0.5222 0.51219 0.68189
vn -0.50241 0.51095 0.6975
vn -0.69147 -0.19086 0.69674
vn -0.70833 -0.18247 0.68189
vn -0.74752 -0.16836 0.64255
vn -0.69436 -0.13625 0.70661
vn -0.70696 -0.04276 0.70596
vn -0.70696 -0.04276 0.70596
vn -0.70467 0.0712 0.70596
vn -0.70467 0.0712 0.70596
vn -0.68412 0.18331 0.70596
vn -0.68412 0.18331 0.70596
vn -0.64586 0.29068 0.70596
vn -0.64586 0.29068 0.70596
vn -0.59087 0.39052 0.70596
vn -0.59087 0.39051 0.70596
vn -0.52057 0.48024 0.70596
vn -0.20191 -0.6777 0.70708
vn -0.26444 -0.65704 0.70596
vn -0.26443 -0.65704 0.70596
vn -0.36641 -0.60611 0.70596
vn -0.36641 -0.60611 0.70596
vn -0.45889 -0.53949 0.70596
vn -0.45889 -0.53949 0.70596
vn -0.53949 -0.45889 0.70596
vn -0.53949 -0.45889 0.70596
vn -0.60611 -0.36641 0.70596
vn -0.60611 -0.36641 0.70596
vn -0.65704 -0.26443 0.70596
vn -0.65704 -0.26444 0.70596
vn -0.6777 -0.20191 0.70708
vn -0.68599 -0.19511 0.70097
vn -0.15561 -0.69095 0.70596
vn -0.04276 -0.70696 0.70596
vn -0.04276 -0.70696 0.70596
vn 0.0712 -0.70467 0.70596
vn 0.0712 -0.70467 0.70596
vn 0.15543 -0.69011 0.70682
vn 0.16774 -0.626 0.76157
vn 0.46517 -0.53321 0.70661
vn 0.39052 -0.59087 0.70596
vn 0.39052 -0.59087 0.70596
vn 0.29068 -0.64586 0.70596
vn 0.29068 -0.64586 0.70596
vn 0.21045 -0.67536 0.70682
vn 0.68786 0.16399 0.70708
vn 0.70123 0.09951 0.70596
vn 0.70123 0.09951 0.70596
vn 0.70811 -0.01426 0.70596
vn 0.70811 -0.01426 0.70596
vn 0.69665 -0.12767 0.70596
vn 0.69665 -0.12767 0.70596
vn 0.66715 -0.23776 0.70596
vn 0.66715 -0.23776 0.70596
vn 0.62037 -0.3417 0.70596
vn 0.62037 -0.3417 0.70596
vn 0.55753 -0.43679 0.70596
vn 0.55753 -0.43679 0.70596
vn 0.51371 -0.48595 0.70708
vn 0.51095 -0.50241 0.6975
vn 0.22918 0.66946 0.70661
vn 0.31645 0.63363 0.70596
vn 0.31645 0.63363 0.70596
vn 0.41399 0.57466 0.70596
vn 0.41399 0.57466 0.70596
vn 0.50081 0.50081 0.70596
vn 0.57466 0.41399 0.70596
vn 0.57466 0.41399 0.70596
vn 0.63363 0.31645 0.70596
vn 0.63363 0.31645 0.70596
vn 0.67619 0.21071 0.70596
vn -0.48595 0.51371 0.70708
vn -0.43679 0.55753 0.70596
vn -0.43679 0.55753 0.70596
vn -0.3417 0.62037 0.70596
vn -0.3417 0.62037 0.70596
vn -0.23776 0.66715 0.70596
vn -0.23776 0.66715 0.70596
vn -0.12767 0.69665 0.70596
vn -0.12767 0.69665 0.70596
vn -0.01426 0.70811 0.70596
vn -0.01426 0.70811 0.70596
vn 0.09951 0.70123 0.70596
vn 0.09951 0.70123 0.70596
vn 0.16399 0.68786 0.70708
vn 0.17963 0.69371 0.6975
vn 0.11682 -0.63747 -0.76157
vn 0.09939 -0.70038 -0.70682
vn 0.04271 -0.7061 -0.70682
vn 0.01305 -0.64795 -0.76157
vn -0.01424 -0.70725 -0.70682
vn -0.07111 -0.70381 -0.70682
vn -0.09106 -0.64166 -0.76157
vn -0.12751 -0.69581 -0.70682
vn -0.20696 -0.67718 -0.70611
vn -0.15925 -0.59434 -0.78829
vn -0.23993 -0.67322 -0.69943
vn -0.26042 -0.65741 -0.7071
vn -0.29032 -0.64507 -0.70682
vn -0.28956 -0.5798 -0.76157
vn -0.34129 -0.61962 -0.70682
vn -0.39004 -0.59015 -0.70682
vn -0.37882 -0.52584 -0.76157
vn -0.43626 -0.55685 -0.70682
vn -0.47966 -0.51994 -0.70682
vn -0.45827 -0.45827 -0.76157
vn -0.51994 -0.47966 -0.70682
vn -0.55685 -0.43626 -0.70682
vn -0.52584 -0.37882 -0.76157
vn -0.59015 -0.39004 -0.70682
vn -0.61962 -0.34129 -0.70682
vn -0.5798 -0.28956 -0.76157
vn -0.64507 -0.29032 -0.70682
vn -0.66634 -0.23748 -0.70682
vn -0.61874 -0.19281 -0.76157
vn -0.68329 -0.18309 -0.70682
vn -0.69581 -0.12751 -0.70682
vn -0.64166 -0.09106 -0.76157
vn -0.70381 -0.07111 -0.70682
vn -0.70725 -0.01424 -0.70682
vn -0.64795 0.01305 -0.76157
vn -0.7061 0.04271 -0.70682
vn -0.70038 0.09939 -0.70682
vn -0.63747 0.11682 -0.76157
vn -0.69011 0.15542 -0.70682
vn -0.67536 0.21045 -0.70682
vn -0.61048 0.21757 -0.76157
vn -0.65624 0.26411 -0.70682
vn -0.63286 0.31606 -0.70682
vn -0.56767 0.31268 -0.76157
vn -0.60537 0.36596 -0.70682
vn -0.57396 0.41349 -0.70682
vn -0.51016 0.39969 -0.76157
vn -0.53883 0.45833 -0.70682
vn -0.5002 0.5002 -0.70682
vn -0.43944 0.47635 -0.76157
vn -0.45833 0.53883 -0.70682
vn -0.41349 0.57396 -0.70682
vn -0.35734 0.54067 -0.76157
vn -0.36596 0.60538 -0.70682
vn -0.31606 0.63286 -0.70682
vn -0.26598 0.59099 -0.76157
vn -0.26411 0.65624 -0.70682
vn -0.21045 0.67536 -0.70682
vn -0.16774 0.626 -0.76157
vn -0.15543 0.69011 -0.70682
vn -0.09939 0.70038 -0.70682
vn -0.06515 0.6448 -0.76157
vn -0.04271 0.7061 -0.70682
vn 0.01424 0.70725 -0.70682
vn 0.03913 0.6469 -0.76157
vn 0.07111 0.70381 -0.70682
vn 0.12751 0.69581 -0.70682
vn 0.14239 0.63225 -0.76157
vn 0.18309 0.68329 -0.70682
vn 0.23748 0.66634 -0.70682
vn 0.24197 0.60122 -0.76157
vn 0.29032 0.64507 -0.70682
vn 0.34129 0.61962 -0.70682
vn 0.33528 0.55462 -0.76157
vn 0.39004 0.59015 -0.70682
vn 0.43626 0.55685 -0.70682
vn 0.4199 0.49366 -0.76157
vn 0.47966 0.51994 -0.70682
vn 0.51994 0.47966 -0.70682
vn 0.49366 0.4199 -0.76157
vn 0.55685 0.43626 -0.70682
vn 0.59015 0.39004 -0.70682
vn 0.55462 0.33528 -0.76157
vn 0.61962 0.34129 -0.70682
vn 0.64507 0.29032 -0.70682
vn 0.60122 0.24197 -0.76157
vn 0.66634 0.23748 -0.70682
vn 0.68329 0.18309 -0.70682
vn 0.63225 0.14239 -0.76157
vn 0.69581 0.12751 -0.70682
vn 0.70381 0.07111 -0.70682
vn 0.6469 0.03913 -0.76157
vn 0.70725 0.01424 -0.70682
vn 0.7061 -0.04271 -0.70682
vn 0.6448 -0.06515 -0.76157
vn 0.70038 -0.09939 -0.70682
vn 0.69011 -0.15543 -0.70682
vn 0.626 -0.16774 -0.76157
vn 0.67536 -0.21045 -0.70682
vn 0.65624 -0.26411 -0.70682
vn 0.59099 -0.26598 -0.76157
vn 0.63286 -0.31606 -0.70682
vn 0.60538 -0.36596 -0.70682
vn 0.54067 -0.35734 -0.76157
vn 0.57396 -0.41349 -0.70682
vn 0.55424 -0.43913 -0.7071
vn 0.5444 -0.46306 -0.69943
vn 0.47954 -0.44726 -0.75498
vn 0.5002 -0.5002 -0.70682
vn 0.45833 -0.53883 -0.70682
vn 0.39969 -0.51016 -0.76157
vn 0.41349 -0.57396 -0.70682
vn 0.36596 -0.60537 -0.70682
vn 0.31268 -0.56767 -0.76157
vn 0.31606 -0.63286 -0.70682
vn 0.26411 -0.65624 -0.70682
vn 0.21757 -0.61048 -0.76157
vn 0.21045 -0.67536 -0.70682
vn 0.15542 -0.69011 -0.70682
vn 0.63741 0.77052 0
vn 0.70392 0.71028 0
vn 0.79289 0.60936 0
vn 0.88895 0.458 0
vn 0.95645 0.29191 0
vn 0.9932 0.11643 0
vn 0.99803 -0.06278 0
vn 0.97078 -0.23997 0
vn 0.91233 -0.40946 0
vn 0.82456 -0.56578 0
vn 0.71028 -0.70392 0
vn 0.57318 -0.81943 0
vn 0.41765 -0.90861 0
vn 0.2487 -0.96858 0
vn 0.07176 -0.99742 0
vn -0.10749 -0.99421 0
vn -0.28329 -0.95904 0
vn -0.44998 -0.89304 0
vn -0.6022 -0.79834 -0
vn -0.73508 -0.67799 0
vn -0.84432 -0.53584 0
vn -0.92643 -0.37647 0
vn -0.97876 -0.205 -0
vn -0.99964 -0.02694 0
vn -0.98838 0.15199 0
vn -0.94536 0.32603 0
vn -0.87195 0.48959 -0
vn -0.77052 0.63741 0
vn -0.64432 0.76475 0
vn -0.49742 0.86751 0
vn -0.33452 0.94239 0
vn -0.16088 0.98697 0
vn 0.01794 0.99984 0
vn 0.19618 0.98057 0
vn 0.36811 0.92978 0
vn 0.52822 0.84911 0
vn -0.55903 -0.82915 0
vn -0.30279 -0.95306 0
vn -0.02202 -0.99976 0
vn 0.26054 -0.96546 0
vn 0.52199 -0.85295 -0
vn 0.74115 -0.67134 0
vn 0.90026 -0.43534 0
vn 0.98645 -0.16407 0
vn 0.99272 0.12049 0
vn 0.91856 0.39529 0
vn 0.76999 0.63806 0
vn 0.55903 0.82915 0
vn 0.30279 0.95306 0
vn 0.02202 0.99976 0
vn -0.26054 0.96546 0
vn -0.52199 0.85295 0
vn -0.74115 0.67134 0
vn -0.90026 0.43534 0
vn -0.98645 0.16407 0
vn -0.99272 -0.12049 0
vn -0.91856 -0.39529 0
vn -0.76999 -0.63806 -0
vn 0.74075 0.67178 0
vn 0.85758 0.51435 0
vn 0.94145 0.33717 0
vn 0.98913 0.14702 0
vn 0.99881 -0.04878 0
vn 0.9701 -0.2427 0
vn 0.90411 -0.42729 0
vn 0.80338 -0.59546 0
vn 0.67178 -0.74075 0
vn 0.51435 -0.85758 0
vn 0.33717 -0.94145 0
vn 0.14702 -0.98913 0
vn -0.04878 -0.99881 0
vn -0.2427 -0.9701 0
vn -0.42729 -0.90411 0
vn -0.59546 -0.80338 0
vn -0.74075 -0.67178 0
vn -0.85758 -0.51435 0
vn -0.94145 -0.33717 0
vn -0.98913 -0.14702 -0
vn -0.99881 0.04878 0
vn -0.9701 0.2427 0
vn -0.90411 0.42729 0
vn -0.80338 0.59546 0
vn -0.67178 0.74075 -0
vn -0.51435 0.85758 0
vn -0.33717 0.94145 0
vn -0.14702 0.98913 0
vn 0.04878 0.99881 0
vn 0.2427 0.9701 0
vn 0.42729 0.90411 0
vn 0.59546 0.80338 0
f 1//1 2//1 3//1
f 4//2 5//2 6//2
f 6//3 5//3 7//3
f 3//4 2//4 8//4
f 9//5 10//5 11//5
f 11//6 12//6 13//6
f 13//7 12//7 14//7
f 14//8 15//8 13//8
f 13//9 15//9 16//9
f 13//10 16//10 17//10
f 17//11 18//11 13//11
f 13//12 18//12 19//12
f 13//13 19//13 20//13
f 20//14 21//14 13//14
f 13//15 21//15 22//15
f 13//16 22//16 23//16
f 23//17 24//17 13//17
f 13//18 24//18 25//18
f 13//19 25//19 26//19
f 27//20 28//20 29//20
f 29//21 28//21 30//21
f 31//22 32//22 28//22
f 27//23 33//23 28//23
f 28//24 33//24 34//24
f 28//25 34//25 35//25
f 35//26 36//26 28//26
f 28//27 36//27 37//27
f 28//28 37//28 31//28
f 32//29 38//29 28//29
f 28//30 38//30 39//30
f 28//31 39//31 40//31
f 40//32 41//32 28//32
f 28//33 41//33 42//33
f 28//34 42//34 43//34
f 44//35 45//35 46//35
f 2//36 47//36 8//36
f 8//37 47//37 48//37
f 8//38 48//38 46//38
f 46//39 48//39 49//39
f 46//40 49//40 44//40
f 45//41 50//41 51//41
f 51//42 50//42 52//42
f 51//43 52//43 53//43
f 45//44 51//44 46//44
f 46//45 51//45 54//45
f 46//45 54//45 55//45
f 55//46 54//46 56//46
f 55//46 56//46 57//46
f 57//47 56//47 58//47
f 57//47 58//47 59//47
f 59//48 58//48 60//48
f 59//48 60//48 61//48
f 61//49 60//49 62//49
f 61//49 62//49 63//49
f 63//50 62//50 64//50
f 63//50 64//50 65//50
f 65//51 64//51 66//51
f 65//51 66//51 67//51
f 67//52 66//52 68//52
f 67//52 68//52 69//52
f 69//53 68//53 28//53
f 69//53 28//53 70//53
f 70//54 28//54 43//54
f 70//54 43//54 71//54
f 11//5 13//5 9//5
f 9//55 13//55 72//55
f 9//55 72//55 73//55
f 73//56 72//56 74//56
f 73//56 74//56 75//56
f 75//57 74//57 76//57
f 75//57 76//57 77//57
f 77//58 76//58 78//58
f 77//58 78//58 79//58
f 79//59 78//59 80//59
f 79//59 80//59 81//59
f 81//60 80//60 82//60
f 81//60 82//60 83//60
f 83//61 82//61 84//61
f 83//61 84//61 85//61
f 85//62 84//62 86//62
f 85//62 86//62 87//62
f 87//63 86//63 5//63
f 87//63 5//63 3//63
f 3//64 5//64 4//64
f 3//65 4//65 1//65
f 88//66 89//66 90//66
f 51//66 53//66 91//66
f 92//66 93//66 30//66
f 94//66 95//66 96//66
f 96//66 95//66 97//66
f 97//66 95//66 98//66
f 97//66 98//66 99//66
f 30//66 93//66 100//66
f 101//66 102//66 103//66
f 104//66 105//66 106//66
f 106//66 105//66 107//66
f 106//66 107//66 108//66
f 108//66 107//66 109//66
f 110//66 111//66 112//66
f 89//66 113//66 90//66
f 90//66 113//66 114//66
f 90//66 114//66 115//66
f 30//66 28//66 92//66
f 92//66 28//66 68//66
f 92//66 68//66 116//66
f 116//66 68//66 66//66
f 116//66 66//66 117//66
f 117//66 66//66 64//66
f 117//66 64//66 118//66
f 118//66 64//66 62//66
f 118//66 62//66 119//66
f 119//66 62//66 60//66
f 119//66 60//66 120//66
f 120//66 60//66 58//66
f 120//66 58//66 121//66
f 121//66 58//66 56//66
f 121//66 56//66 122//66
f 122//66 56//66 54//66
f 122//66 54//66 123//66
f 123//66 54//66 51//66
f 123//66 51//66 124//66
f 124//66 51//66 91//66
f 124//66 91//66 125//66
f 125//66 91//66 126//66
f 125//66 126//66 127//66
f 127//66 126//66 7//66
f 128//66 129//66 130//66
f 129//66 131//66 130//66
f 130//66 131//66 132//66
f 130//66 132//66 133//66
f 134//66 135//66 136//66
f 136//66 135//66 137//66
f 136//66 137//66 109//66
f 109//66 137//66 138//66
f 109//66 138//66 108//66
f 111//66 139//66 112//66
f 112//66 139//66 134//66
f 112//66 134//66 140//66
f 96//66 141//66 94//66
f 94//66 141//66 142//66
f 94//66 142//66 112//66
f 112//66 142//66 143//66
f 112//66 143//66 110//66
f 144//66 145//66 146//66
f 146//66 145//66 147//66
f 148//66 149//66 150//66
f 150//66 149//66 151//66
f 150//66 151//66 152//66
f 153//66 154//66 90//66
f 90//66 154//66 155//66
f 90//66 155//66 88//66
f 7//66 5//66 127//66
f 127//66 5//66 86//66
f 127//66 86//66 156//66
f 156//66 86//66 84//66
f 156//66 84//66 157//66
f 157//66 84//66 82//66
f 157//66 82//66 158//66
f 158//66 82//66 80//66
f 158//66 80//66 159//66
f 159//66 80//66 78//66
f 159//66 78//66 160//66
f 160//66 78//66 76//66
f 160//66 76//66 161//66
f 161//66 76//66 74//66
f 161//66 74//66 162//66
f 162//66 74//66 72//66
f 162//66 72//66 163//66
f 163//66 72//66 13//66
f 163//66 13//66 164//66
f 164//66 13//66 26//66
f 133//66 165//66 130//66
f 130//66 165//66 166//66
f 130//66 166//66 167//66
f 168//66 169//66 170//66
f 170//66 169//66 171//66
f 170//66 171//66 172//66
f 173//66 174//66 103//66
f 103//66 174//66 175//66
f 103//66 175//66 101//66
f 136//66 176//66 177//66
f 178//66 179//66 180//66
f 180//66 179//66 112//66
f 180//66 112//66 181//66
f 181//66 112//66 140//66
f 152//66 182//66 150//66
f 150//66 182//66 183//66
f 150//66 183//66 98//66
f 98//66 183//66 184//66
f 98//66 184//66 99//66
f 104//66 185//66 105//66
f 105//66 185//66 186//66
f 105//66 186//66 170//66
f 170//66 186//66 187//66
f 170//66 187//66 168//66
f 177//66 188//66 136//66
f 136//66 188//66 189//66
f 136//66 189//66 134//66
f 134//66 189//66 190//66
f 134//66 190//66 140//66
f 147//66 191//66 146//66
f 146//66 191//66 192//66
f 146//66 192//66 150//66
f 150//66 192//66 193//66
f 150//66 193//66 148//66
f 194//66 146//66 195//66
f 195//66 146//66 90//66
f 195//66 90//66 196//66
f 196//66 90//66 115//66
f 194//66 197//66 146//66
f 146//66 197//66 198//66
f 146//66 198//66 199//66
f 200//66 201//66 103//66
f 103//66 201//66 202//66
f 103//66 202//66 130//66
f 130//66 202//66 203//66
f 130//66 203//66 128//66
f 172//66 204//66 170//66
f 170//66 204//66 205//66
f 170//66 205//66 103//66
f 103//66 205//66 206//66
f 103//66 206//66 173//66
f 199//66 207//66 146//66
f 146//66 207//66 208//66
f 146//66 208//66 144//66
f 102//66 209//66 103//66
f 103//66 209//66 210//66
f 103//66 210//66 200//66
f 26//66 211//66 164//66
f 164//66 211//66 212//66
f 164//66 212//66 90//66
f 90//66 212//66 213//66
f 90//66 213//66 153//66
f 167//66 214//66 130//66
f 130//66 214//66 215//66
f 130//66 215//66 93//66
f 93//66 215//66 216//66
f 93//66 216//66 100//66
f 217//67 218//67 219//67
f 219//67 218//67 220//67
f 221//68 222//68 223//68
f 223//68 222//68 224//68
f 225//69 226//69 227//69
f 227//70 226//70 228//70
f 227//71 228//71 229//71
f 229//71 228//71 230//71
f 229//72 230//72 231//72
f 231//72 230//72 232//72
f 231//73 232//73 233//73
f 233//73 232//73 234//73
f 233//74 234//74 235//74
f 235//74 234//74 236//74
f 235//75 236//75 237//75
f 237//76 236//76 238//76
f 237//77 238//77 239//77
f 239//78 238//78 240//78
f 239//79 240//79 241//79
f 241//79 240//79 242//79
f 241//80 242//80 243//80
f 243//80 242//80 244//80
f 243//81 244//81 245//81
f 245//81 244//81 246//81
f 245//82 246//82 247//82
f 247//82 246//82 248//82
f 247//83 248//83 249//83
f 249//84 248//84 250//84
f 249//85 250//85 251//85
f 251//86 250//86 252//86
f 251//87 252//87 253//87
f 253//87 252//87 254//87
f 253//88 254//88 255//88
f 255//88 254//88 256//88
f 255//89 256//89 257//89
f 257//89 256//89 258//89
f 257//90 258//90 259//90
f 259//90 258//90 260//90
f 259//91 260//91 261//91
f 261//92 260//92 262//92
f 261//93 262//93 263//93
f 263//94 262//94 264//94
f 263//95 264//95 265//95
f 265//95 264//95 266//95
f 265//96 266//96 267//96
f 267//96 266//96 268//96
f 267//97 268//97 269//97
f 269//97 268//97 270//97
f 269//98 270//98 271//98
f 271//98 270//98 272//98
f 271//99 272//99 225//99
f 225//100 272//100 226//100
f 273//101 274//101 275//101
f 275//102 274//102 276//102
f 276//103 277//103 278//103
f 278//104 279//104 276//104
f 276//105 279//105 280//105
f 276//106 280//106 275//106
f 281//107 282//107 283//107
f 283//108 282//108 284//108
f 283//109 284//109 276//109
f 276//110 284//110 285//110
f 276//111 285//111 277//111
f 286//112 287//112 288//112
f 288//113 287//113 289//113
f 288//114 289//114 290//114
f 289//115 291//115 290//115
f 290//116 291//116 292//116
f 290//117 292//117 293//117
f 293//118 294//118 290//118
f 290//119 294//119 295//119
f 290//120 295//120 296//120
f 296//121 295//121 297//121
f 296//122 297//122 283//122
f 283//123 297//123 298//123
f 283//124 298//124 281//124
f 299//125 300//125 301//125
f 301//126 300//126 302//126
f 302//127 300//127 303//127
f 302//128 303//128 304//128
f 304//129 305//129 302//129
f 302//130 305//130 306//130
f 302//131 306//131 139//131
f 307//132 308//132 301//132
f 301//133 308//133 309//133
f 301//134 309//134 299//134
f 310//135 311//135 312//135
f 313//135 314//135 315//135
f 312//135 311//135 316//135
f 316//135 311//135 317//135
f 316//135 317//135 318//135
f 318//135 319//135 316//135
f 316//135 319//135 320//135
f 316//135 320//135 321//135
f 321//135 320//135 322//135
f 321//135 322//135 323//135
f 323//135 324//135 321//135
f 321//135 324//135 325//135
f 321//135 325//135 313//135
f 313//135 325//135 326//135
f 313//135 326//135 314//135
f 315//135 327//135 313//135
f 313//135 327//135 328//135
f 313//135 328//135 312//135
f 312//135 328//135 329//135
f 312//135 329//135 310//135
f 330//136 331//136 332//136
f 332//136 331//136 333//136
f 334//137 335//137 336//137
f 334//138 336//138 337//138
f 335//139 338//139 336//139
f 336//140 338//140 339//140
f 336//141 339//141 340//141
f 341//142 342//142 343//142
f 344//143 345//143 346//143
f 346//144 345//144 341//144
f 346//145 341//145 347//145
f 347//146 341//146 343//146
f 348//147 349//147 350//147
f 350//148 349//148 351//148
f 350//149 351//149 336//149
f 336//150 351//150 352//150
f 336//151 352//151 337//151
f 353//152 354//152 348//152
f 348//153 354//153 355//153
f 348//154 355//154 349//154
f 356//155 357//155 353//155
f 353//156 357//156 358//156
f 353//157 358//157 354//157
f 359//158 360//158 356//158
f 356//159 360//159 361//159
f 356//160 361//160 357//160
f 362//161 363//161 359//161
f 359//162 363//162 364//162
f 359//163 364//163 360//163
f 365//164 366//164 362//164
f 362//165 366//165 367//165
f 362//166 367//166 363//166
f 368//167 369//167 370//167
f 370//168 369//168 371//168
f 370//169 371//169 372//169
f 373//170 374//170 375//170
f 375//171 374//171 376//171
f 376//172 377//172 375//172
f 375//173 377//173 378//173
f 375//174 378//174 365//174
f 365//175 378//175 379//175
f 365//176 379//176 366//176
f 370//177 373//177 368//177
f 368//178 373//178 375//178
f 368//179 375//179 380//179
f 380//180 375//180 381//180
f 380//181 381//181 382//181
f 382//182 381//182 383//182
f 384//183 385//183 386//183
f 386//184 385//184 387//184
f 386//185 387//185 381//185
f 381//186 387//186 388//186
f 381//187 388//187 383//187
f 389//188 333//188 390//188
f 390//189 333//189 331//189
f 389//190 391//190 333//190
f 333//191 391//191 392//191
f 333//192 392//192 386//192
f 386//193 392//193 393//193
f 386//194 393//194 384//194
f 394//195 395//195 316//195
f 316//196 395//196 396//196
f 316//197 396//197 312//197
f 397//198 398//198 399//198
f 399//199 398//199 400//199
f 399//200 400//200 316//200
f 316//201 400//201 401//201
f 316//202 401//202 394//202
f 340//203 344//203 336//203
f 336//204 344//204 346//204
f 336//205 346//205 402//205
f 402//206 346//206 403//206
f 402//207 403//207 404//207
f 404//208 405//208 402//208
f 402//209 405//209 406//209
f 402//210 406//210 399//210
f 399//211 406//211 407//211
f 399//212 407//212 397//212
f 408//66 409//66 410//66
f 411//66 412//66 413//66
f 414//66 415//66 416//66
f 417//66 418//66 419//66
f 420//66 421//66 422//66
f 422//66 421//66 423//66
f 424//66 425//66 426//66
f 427//66 428//66 429//66
f 430//66 431//66 432//66
f 433//66 434//66 435//66
f 436//66 437//66 438//66
f 439//66 409//66 440//66
f 440//66 409//66 408//66
f 440//66 408//66 441//66
f 441//66 408//66 442//66
f 441//66 442//66 443//66
f 444//66 445//66 446//66
f 446//66 445//66 447//66
f 446//66 447//66 448//66
f 448//66 447//66 449//66
f 437//66 436//66 450//66
f 450//66 436//66 451//66
f 450//66 451//66 452//66
f 453//66 454//66 455//66
f 456//66 457//66 458//66
f 456//66 458//66 459//66
f 460//66 461//66 462//66
f 462//66 461//66 463//66
f 462//66 463//66 464//66
f 464//66 463//66 459//66
f 464//66 459//66 465//66
f 465//66 459//66 458//66
f 466//66 467//66 468//66
f 468//66 467//66 469//66
f 468//66 469//66 470//66
f 470//66 469//66 471//66
f 472//66 473//66 474//66
f 475//66 476//66 416//66
f 416//66 476//66 477//66
f 478//66 479//66 480//66
f 481//66 482//66 483//66
f 484//66 485//66 483//66
f 483//66 485//66 486//66
f 483//66 486//66 481//66
f 482//66 487//66 488//66
f 488//66 487//66 477//66
f 488//66 477//66 489//66
f 489//66 477//66 476//66
f 490//66 491//66 492//66
f 492//66 491//66 493//66
f 431//66 494//66 495//66
f 495//66 494//66 496//66
f 495//66 496//66 497//66
f 497//66 496//66 498//66
f 497//66 498//66 499//66
f 499//66 498//66 500//66
f 499//66 500//66 501//66
f 501//66 500//66 502//66
f 501//66 502//66 503//66
f 495//66 504//66 431//66
f 431//66 504//66 505//66
f 431//66 505//66 432//66
f 432//66 505//66 506//66
f 432//66 506//66 446//66
f 446//66 506//66 507//66
f 507//66 508//66 446//66
f 446//66 508//66 409//66
f 446//66 409//66 444//66
f 444//66 409//66 439//66
f 509//66 510//66 511//66
f 511//66 510//66 512//66
f 511//66 512//66 513//66
f 509//66 514//66 510//66
f 510//66 514//66 515//66
f 510//66 515//66 516//66
f 517//66 518//66 519//66
f 519//66 518//66 520//66
f 515//66 521//66 516//66
f 516//66 521//66 522//66
f 516//66 522//66 523//66
f 523//66 522//66 524//66
f 523//66 524//66 525//66
f 525//66 524//66 526//66
f 525//66 526//66 527//66
f 527//66 526//66 528//66
f 527//66 528//66 529//66
f 529//66 528//66 517//66
f 529//66 517//66 530//66
f 530//66 517//66 519//66
f 531//66 532//66 533//66
f 533//66 532//66 534//66
f 533//66 534//66 535//66
f 536//66 537//66 538//66
f 538//66 537//66 539//66
f 538//66 539//66 540//66
f 540//66 539//66 541//66
f 540//66 541//66 542//66
f 542//66 541//66 543//66
f 542//66 543//66 544//66
f 544//66 543//66 545//66
f 544//66 545//66 546//66
f 546//66 545//66 547//66
f 546//66 547//66 548//66
f 548//66 547//66 549//66
f 548//66 549//66 531//66
f 531//66 549//66 550//66
f 531//66 550//66 532//66
f 534//66 551//66 535//66
f 535//66 551//66 552//66
f 535//66 552//66 553//66
f 553//66 552//66 554//66
f 555//66 556//66 557//66
f 555//66 557//66 558//66
f 558//66 557//66 559//66
f 558//66 559//66 560//66
f 561//66 562//66 563//66
f 563//66 562//66 564//66
f 564//66 565//66 563//66
f 563//66 565//66 566//66
f 563//66 566//66 567//66
f 567//66 566//66 568//66
f 567//66 568//66 569//66
f 569//66 568//66 570//66
f 569//66 570//66 571//66
f 561//66 572//66 562//66
f 562//66 572//66 573//66
f 562//66 573//66 559//66
f 559//66 573//66 574//66
f 559//66 574//66 560//66
f 575//66 576//66 219//66
f 559//66 435//66 577//66
f 577//66 435//66 578//66
f 219//66 576//66 579//66
f 579//66 576//66 580//66
f 579//66 580//66 581//66
f 581//66 580//66 582//66
f 581//66 582//66 583//66
f 219//66 220//66 575//66
f 575//66 220//66 562//66
f 575//66 562//66 584//66
f 584//66 562//66 559//66
f 584//66 559//66 585//66
f 585//66 559//66 577//66
f 583//66 582//66 586//66
f 586//66 582//66 587//66
f 586//66 587//66 221//66
f 221//66 587//66 588//66
f 221//66 588//66 222//66
f 222//66 588//66 589//66
f 222//66 589//66 434//66
f 434//66 589//66 435//66
f 435//66 589//66 590//66
f 435//66 590//66 578//66
f 433//66 435//66 591//66
f 591//66 435//66 492//66
f 591//66 492//66 503//66
f 503//66 492//66 493//66
f 503//66 493//66 501//66
f 592//66 593//66 448//66
f 448//66 593//66 594//66
f 448//66 594//66 446//66
f 446//66 594//66 595//66
f 446//66 595//66 432//66
f 432//66 595//66 596//66
f 432//66 596//66 430//66
f 449//66 452//66 448//66
f 448//66 452//66 451//66
f 448//66 451//66 592//66
f 592//66 451//66 429//66
f 592//66 429//66 597//66
f 597//66 429//66 428//66
f 518//66 513//66 520//66
f 520//66 513//66 512//66
f 520//66 512//66 598//66
f 598//66 512//66 599//66
f 512//66 600//66 599//66
f 599//66 600//66 601//66
f 599//66 601//66 602//66
f 603//66 510//66 604//66
f 604//66 510//66 426//66
f 604//66 426//66 605//66
f 603//66 606//66 510//66
f 510//66 606//66 607//66
f 510//66 607//66 512//66
f 512//66 607//66 608//66
f 512//66 608//66 600//66
f 601//66 609//66 602//66
f 602//66 609//66 610//66
f 602//66 610//66 611//66
f 611//66 610//66 612//66
f 611//66 612//66 426//66
f 426//66 612//66 613//66
f 426//66 613//66 605//66
f 425//66 424//66 614//66
f 614//66 424//66 413//66
f 614//66 413//66 615//66
f 616//66 617//66 618//66
f 618//66 617//66 619//66
f 618//66 619//66 620//66
f 620//66 619//66 621//66
f 620//66 621//66 622//66
f 482//66 481//66 487//66
f 487//66 481//66 623//66
f 487//66 623//66 477//66
f 551//66 624//66 552//66
f 552//66 624//66 625//66
f 552//66 625//66 480//66
f 625//66 420//66 480//66
f 480//66 420//66 422//66
f 480//66 422//66 478//66
f 478//66 422//66 423//66
f 478//66 423//66 626//66
f 626//66 423//66 627//66
f 626//66 627//66 484//66
f 484//66 627//66 628//66
f 484//66 628//66 485//66
f 629//66 630//66 541//66
f 541//66 630//66 631//66
f 541//66 631//66 543//66
f 632//66 633//66 634//66
f 634//66 635//66 632//66
f 632//66 635//66 636//66
f 632//66 636//66 629//66
f 637//66 638//66 456//66
f 456//66 638//66 639//66
f 456//66 639//66 632//66
f 637//66 456//66 640//66
f 640//66 456//66 459//66
f 640//66 459//66 641//66
f 641//66 459//66 642//66
f 641//66 642//66 643//66
f 643//66 642//66 644//66
f 643//66 644//66 645//66
f 639//66 646//66 632//66
f 632//66 646//66 647//66
f 632//66 647//66 633//66
f 633//66 647//66 648//66
f 633//66 648//66 649//66
f 649//66 648//66 650//66
f 649//66 650//66 651//66
f 651//66 650//66 652//66
f 651//66 652//66 653//66
f 653//66 652//66 645//66
f 653//66 645//66 654//66
f 654//66 645//66 644//66
f 460//66 453//66 461//66
f 461//66 453//66 455//66
f 461//66 455//66 655//66
f 655//66 455//66 656//66
f 454//66 466//66 455//66
f 455//66 466//66 468//66
f 455//66 468//66 656//66
f 656//66 468//66 657//66
f 658//66 659//66 660//66
f 660//66 659//66 557//66
f 660//66 557//66 570//66
f 570//66 557//66 556//66
f 570//66 556//66 571//66
f 661//66 659//66 662//66
f 662//66 659//66 663//66
f 662//66 663//66 664//66
f 665//66 666//66 667//66
f 667//66 666//66 668//66
f 667//66 668//66 470//66
f 470//66 668//66 664//66
f 470//66 664//66 468//66
f 468//66 664//66 663//66
f 468//66 663//66 657//66
f 657//66 663//66 659//66
f 657//66 659//66 669//66
f 669//66 659//66 658//66
f 670//66 671//66 665//66
f 665//66 671//66 672//66
f 665//66 672//66 673//66
f 673//66 672//66 674//66
f 673//66 674//66 675//66
f 675//66 674//66 676//66
f 675//66 676//66 677//66
f 677//66 676//66 678//66
f 679//66 680//66 539//66
f 539//66 680//66 681//66
f 539//66 681//66 541//66
f 541//66 681//66 682//66
f 541//66 682//66 683//66
f 474//66 684//66 537//66
f 537//66 684//66 685//66
f 537//66 685//66 539//66
f 539//66 685//66 686//66
f 539//66 686//66 679//66
f 679//66 686//66 677//66
f 679//66 677//66 687//66
f 687//66 677//66 678//66
f 473//66 475//66 474//66
f 474//66 475//66 416//66
f 474//66 416//66 684//66
f 684//66 416//66 415//66
f 411//66 413//66 688//66
f 688//66 413//66 424//66
f 688//66 424//66 689//66
f 689//66 424//66 426//66
f 689//66 426//66 690//66
f 690//66 426//66 510//66
f 690//66 510//66 691//66
f 691//66 510//66 516//66
f 691//66 516//66 692//66
f 525//66 693//66 523//66
f 523//66 693//66 427//66
f 523//66 427//66 516//66
f 516//66 427//66 429//66
f 516//66 429//66 692//66
f 692//66 429//66 451//66
f 692//66 451//66 694//66
f 694//66 451//66 436//66
f 694//66 436//66 442//66
f 442//66 436//66 438//66
f 442//66 438//66 443//66
f 508//66 490//66 409//66
f 409//66 490//66 492//66
f 409//66 492//66 410//66
f 410//66 492//66 435//66
f 410//66 435//66 695//66
f 695//66 435//66 559//66
f 695//66 559//66 417//66
f 417//66 559//66 557//66
f 417//66 557//66 418//66
f 418//66 557//66 659//66
f 418//66 659//66 419//66
f 419//66 659//66 661//66
f 683//66 670//66 541//66
f 541//66 670//66 665//66
f 541//66 665//66 629//66
f 629//66 665//66 667//66
f 629//66 667//66 632//66
f 632//66 667//66 470//66
f 632//66 470//66 456//66
f 456//66 470//66 471//66
f 456//66 471//66 457//66
f 536//66 554//66 537//66
f 537//66 554//66 552//66
f 537//66 552//66 474//66
f 474//66 552//66 480//66
f 474//66 480//66 472//66
f 472//66 480//66 479//66
f 416//66 696//66 697//66
f 414//66 416//66 619//66
f 619//66 416//66 697//66
f 619//66 697//66 698//66
f 477//66 699//66 700//66
f 700//66 701//66 477//66
f 477//66 701//66 702//66
f 477//66 702//66 416//66
f 416//66 702//66 703//66
f 416//66 703//66 696//66
f 623//66 622//66 477//66
f 477//66 622//66 621//66
f 477//66 621//66 699//66
f 699//66 621//66 704//66
f 698//66 705//66 619//66
f 619//66 705//66 706//66
f 619//66 706//66 621//66
f 621//66 706//66 707//66
f 621//66 707//66 704//66
f 411//66 414//66 412//66
f 412//66 414//66 619//66
f 412//66 619//66 413//66
f 413//66 619//66 617//66
f 413//66 617//66 615//66
f 615//66 617//66 616//66
f 708//213 709//213 710//213
f 711//213 712//213 713//213
f 714//213 715//213 716//213
f 714//213 716//213 717//213
f 718//213 719//213 720//213
f 721//213 708//213 722//213
f 722//213 708//213 710//213
f 722//213 710//213 723//213
f 723//213 710//213 724//213
f 725//213 717//213 726//213
f 726//213 717//213 716//213
f 726//213 716//213 727//213
f 727//213 716//213 728//213
f 729//213 730//213 731//213
f 732//213 733//213 734//213
f 735//213 736//213 737//213
f 737//213 736//213 738//213
f 737//213 738//213 716//213
f 716//213 738//213 739//213
f 716//213 739//213 728//213
f 728//213 739//213 740//213
f 741//213 742//213 743//213
f 743//213 742//213 728//213
f 743//213 728//213 744//213
f 744//213 728//213 740//213
f 745//213 746//213 747//213
f 748//213 749//213 750//213
f 751//213 752//213 753//213
f 753//213 752//213 754//213
f 753//213 754//213 748//213
f 748//213 754//213 755//213
f 748//213 755//213 749//213
f 756//213 757//213 747//213
f 747//213 757//213 758//213
f 747//213 758//213 745//213
f 745//213 758//213 759//213
f 745//213 759//213 760//213
f 729//213 731//213 761//213
f 761//213 731//213 762//213
f 761//213 762//213 763//213
f 764//213 765//213 766//213
f 767//213 768//213 769//213
f 769//213 768//213 770//213
f 769//213 770//213 771//213
f 46//213 55//213 772//213
f 773//213 774//213 775//213
f 775//213 774//213 776//213
f 775//213 776//213 720//213
f 720//213 776//213 777//213
f 720//213 777//213 718//213
f 709//213 748//213 710//213
f 710//213 748//213 750//213
f 710//213 750//213 734//213
f 734//213 750//213 778//213
f 734//213 778//213 732//213
f 67//213 69//213 779//213
f 775//213 780//213 773//213
f 773//213 780//213 781//213
f 773//213 781//213 782//213
f 70//213 783//213 69//213
f 69//213 783//213 784//213
f 69//213 784//213 779//213
f 779//213 785//213 67//213
f 67//213 785//213 786//213
f 67//213 786//213 65//213
f 65//213 786//213 787//213
f 65//213 787//213 63//213
f 63//213 787//213 788//213
f 63//213 788//213 789//213
f 772//213 790//213 46//213
f 46//213 790//213 791//213
f 46//213 791//213 8//213
f 8//213 791//213 792//213
f 8//213 792//213 3//213
f 751//213 753//213 793//213
f 793//213 753//213 794//213
f 793//213 794//213 795//213
f 796//213 797//213 782//213
f 782//213 797//213 798//213
f 782//213 798//213 773//213
f 773//213 798//213 793//213
f 773//213 793//213 799//213
f 799//213 793//213 795//213
f 799//213 795//213 10//213
f 792//213 800//213 3//213
f 3//213 800//213 801//213
f 3//213 801//213 87//213
f 87//213 801//213 802//213
f 87//213 802//213 803//213
f 10//213 9//213 799//213
f 799//213 9//213 73//213
f 799//213 73//213 75//213
f 756//213 764//213 71//213
f 70//213 71//213 783//213
f 783//213 71//213 764//213
f 783//213 764//213 804//213
f 804//213 764//213 766//213
f 805//213 761//213 79//213
f 79//213 761//213 763//213
f 79//213 763//213 77//213
f 77//213 763//213 806//213
f 77//213 806//213 75//213
f 75//213 806//213 807//213
f 75//213 807//213 799//213
f 71//213 808//213 756//213
f 756//213 808//213 809//213
f 756//213 809//213 757//213
f 757//213 809//213 742//213
f 757//213 742//213 810//213
f 810//213 742//213 741//213
f 770//213 772//213 771//213
f 771//213 772//213 55//213
f 771//213 55//213 811//213
f 811//213 55//213 57//213
f 811//213 57//213 812//213
f 812//213 57//213 59//213
f 812//213 59//213 813//213
f 813//213 59//213 61//213
f 813//213 61//213 814//213
f 814//213 61//213 63//213
f 814//213 63//213 815//213
f 815//213 63//213 789//213
f 815//213 789//213 816//213
f 816//213 789//213 817//213
f 816//213 817//213 818//213
f 805//213 79//213 819//213
f 819//213 79//213 81//213
f 819//213 81//213 820//213
f 820//213 81//213 83//213
f 820//213 83//213 821//213
f 821//213 83//213 85//213
f 821//213 85//213 822//213
f 822//213 85//213 87//213
f 822//213 87//213 713//213
f 713//213 87//213 803//213
f 713//213 803//213 711//213
f 823//214 824//214 825//214
f 826//215 827//215 823//215
f 828//216 829//216 830//216
f 828//217 830//217 831//217
f 832//218 833//218 830//218
f 830//219 833//219 834//219
f 830//220 834//220 831//220
f 829//221 835//221 830//221
f 830//222 835//222 836//222
f 830//223 836//223 826//223
f 826//224 836//224 837//224
f 826//225 837//225 827//225
f 838//226 839//226 840//226
f 840//227 839//227 841//227
f 841//228 842//228 840//228
f 840//229 842//229 843//229
f 840//230 843//230 844//230
f 845//231 846//231 847//231
f 846//232 848//232 847//232
f 847//233 848//233 849//233
f 847//234 849//234 840//234
f 840//235 849//235 850//235
f 840//236 850//236 838//236
f 823//214 825//214 826//214
f 826//237 825//237 851//237
f 826//238 851//238 852//238
f 852//239 851//239 853//239
f 852//240 853//240 854//240
f 854//241 853//241 855//241
f 854//242 855//242 856//242
f 855//243 857//243 856//243
f 856//244 857//244 858//244
f 856//245 858//245 859//245
f 858//246 860//246 859//246
f 859//247 860//247 861//247
f 859//248 861//248 862//248
f 861//249 863//249 862//249
f 862//250 863//250 864//250
f 862//251 864//251 865//251
f 865//252 864//252 866//252
f 865//253 866//253 867//253
f 867//254 866//254 868//254
f 867//255 868//255 869//255
f 869//256 868//256 870//256
f 869//257 870//257 871//257
f 871//258 870//258 872//258
f 871//259 872//259 873//259
f 873//260 872//260 874//260
f 873//261 874//261 875//261
f 876//262 877//262 874//262
f 874//263 877//263 878//263
f 874//264 878//264 875//264
f 876//265 879//265 877//265
f 877//266 879//266 880//266
f 877//267 880//267 881//267
f 881//268 880//268 882//268
f 881//268 882//268 883//268
f 883//269 882//269 884//269
f 883//270 884//270 885//270
f 885//271 884//271 886//271
f 885//272 886//272 887//272
f 888//273 889//273 890//273
f 890//274 889//274 891//274
f 890//275 891//275 892//275
f 886//276 893//276 887//276
f 887//277 893//277 894//277
f 887//278 894//278 895//278
f 895//279 894//279 889//279
f 895//280 889//280 896//280
f 896//281 889//281 888//281
f 891//282 897//282 892//282
f 892//283 897//283 898//283
f 892//284 898//284 899//284
f 898//285 900//285 899//285
f 899//286 900//286 901//286
f 899//287 901//287 902//287
f 901//288 903//288 902//288
f 902//289 903//289 904//289
f 902//290 904//290 905//290
f 904//291 906//291 905//291
f 905//292 906//292 907//292
f 905//293 907//293 908//293
f 909//294 845//294 910//294
f 910//294 845//294 847//294
f 910//295 847//295 911//295
f 911//296 847//296 908//296
f 911//297 908//297 912//297
f 912//298 908//298 907//298
f 854//213 913//213 852//213
f 877//213 881//213 914//213
f 887//213 915//213 885//213
f 916//213 917//213 918//213
f 919//213 916//213 844//213
f 920//213 921//213 922//213
f 923//213 924//213 925//213
f 926//213 927//213 924//213
f 924//213 927//213 928//213
f 924//213 928//213 925//213
f 929//213 930//213 887//213
f 887//213 930//213 931//213
f 887//213 931//213 915//213
f 915//213 931//213 932//213
f 915//213 932//213 933//213
f 933//213 932//213 934//213
f 933//213 934//213 925//213
f 925//213 934//213 935//213
f 925//213 935//213 923//213
f 936//213 937//213 938//213
f 938//213 937//213 939//213
f 938//213 939//213 929//213
f 929//213 939//213 940//213
f 929//213 940//213 930//213
f 941//213 942//213 943//213
f 943//213 942//213 944//213
f 943//213 944//213 945//213
f 945//213 944//213 946//213
f 945//213 946//213 883//213
f 883//213 946//213 947//213
f 881//213 948//213 914//213
f 914//213 948//213 949//213
f 914//213 949//213 950//213
f 950//213 949//213 951//213
f 950//213 951//213 952//213
f 947//213 953//213 883//213
f 883//213 953//213 954//213
f 883//213 954//213 881//213
f 881//213 954//213 955//213
f 881//213 955//213 948//213
f 956//213 957//213 958//213
f 958//213 957//213 959//213
f 958//213 959//213 960//213
f 961//213 962//213 963//213
f 961//213 963//213 964//213
f 963//213 965//213 964//213
f 964//213 965//213 966//213
f 964//213 966//213 967//213
f 967//213 968//213 927//213
f 927//213 968//213 969//213
f 927//213 969//213 970//213
f 956//213 971//213 957//213
f 957//213 971//213 962//213
f 957//213 962//213 972//213
f 972//213 962//213 961//213
f 972//213 961//213 973//213
f 973//213 961//213 974//213
f 973//213 974//213 975//213
f 975//213 974//213 976//213
f 976//213 974//213 917//213
f 976//213 917//213 977//213
f 977//213 917//213 916//213
f 977//213 916//213 978//213
f 979//213 980//213 981//213
f 978//213 982//213 983//213
f 983//213 982//213 981//213
f 983//213 981//213 984//213
f 984//213 981//213 980//213
f 985//213 986//213 987//213
f 980//213 988//213 984//213
f 984//213 988//213 989//213
f 984//213 989//213 990//213
f 990//213 989//213 991//213
f 990//213 991//213 992//213
f 992//213 991//213 993//213
f 994//213 995//213 996//213
f 996//213 995//213 997//213
f 996//213 997//213 998//213
f 998//213 997//213 999//213
f 998//213 999//213 1000//213
f 1000//213 999//213 985//213
f 1000//213 985//213 1001//213
f 1001//213 985//213 987//213
f 996//213 1002//213 1003//213
f 1003//213 1004//213 996//213
f 996//213 1004//213 992//213
f 996//213 992//213 994//213
f 994//213 992//213 993//213
f 1004//213 1005//213 992//213
f 992//213 1005//213 1006//213
f 992//213 1006//213 1007//213
f 1007//213 1006//213 1008//213
f 1007//213 1008//213 1009//213
f 1008//213 1010//213 1009//213
f 1009//213 1010//213 1011//213
f 1009//213 1011//213 922//213
f 922//213 1011//213 1012//213
f 922//213 1012//213 920//213
f 1013//213 1014//213 1015//213
f 1016//213 1017//213 1018//213
f 1018//213 1017//213 1013//213
f 1018//213 1013//213 1019//213
f 1019//213 1013//213 1015//213
f 1020//213 1021//213 1022//213
f 1022//213 1021//213 1023//213
f 1024//213 1025//213 1026//213
f 1027//213 1028//213 1029//213
f 1028//213 1030//213 1029//213
f 1029//213 1030//213 1031//213
f 1029//213 1031//213 1016//213
f 1021//213 1032//213 1023//213
f 1023//213 1032//213 1033//213
f 1023//213 1033//213 1014//213
f 1014//213 1033//213 1034//213
f 1014//213 1034//213 1015//213
f 1026//213 1025//213 1035//213
f 1035//213 1025//213 1009//213
f 1035//213 1009//213 1022//213
f 1022//213 1009//213 922//213
f 1022//213 922//213 1020//213
f 1036//213 1037//213 1029//213
f 1038//213 1039//213 1040//213
f 1040//213 1039//213 1041//213
f 1040//213 1041//213 1029//213
f 1029//213 1041//213 1042//213
f 1029//213 1042//213 1036//213
f 1026//213 1027//213 1024//213
f 1024//213 1027//213 1029//213
f 1024//213 1029//213 1043//213
f 1043//213 1029//213 1037//213
f 1044//213 1045//213 1046//213
f 1037//213 1047//213 1043//213
f 1043//213 1047//213 1048//213
f 1043//213 1048//213 1049//213
f 1049//213 1048//213 1050//213
f 1049//213 1050//213 1051//213
f 1051//213 1045//213 1049//213
f 1049//213 1045//213 1044//213
f 1049//213 1044//213 1052//213
f 1052//213 1044//213 1053//213
f 1054//213 1055//213 1056//213
f 1057//213 1058//213 1059//213
f 1059//213 1058//213 1060//213
f 1059//213 1060//213 1061//213
f 1062//213 1063//213 867//213
f 867//213 1063//213 865//213
f 865//213 1063//213 1064//213
f 865//213 1064//213 862//213
f 862//213 1064//213 1065//213
f 862//213 1065//213 1066//213
f 1067//213 1068//213 1069//213
f 1069//213 1068//213 1070//213
f 1069//213 1070//213 1071//213
f 1072//213 1073//213 1074//213
f 1075//213 1072//213 982//213
f 982//213 1072//213 1074//213
f 982//213 1074//213 981//213
f 981//213 1074//213 987//213
f 981//213 987//213 979//213
f 979//213 987//213 986//213
f 978//213 916//213 982//213
f 982//213 916//213 919//213
f 982//213 919//213 1076//213
f 1077//213 1075//213 1078//213
f 1078//213 1075//213 982//213
f 1078//213 982//213 1079//213
f 1079//213 982//213 1076//213
f 1080//213 1081//213 1082//213
f 1082//213 1081//213 1083//213
f 1082//213 1083//213 1084//213
f 844//213 916//213 840//213
f 840//213 916//213 918//213
f 840//213 918//213 847//213
f 847//213 918//213 1082//213
f 847//213 1082//213 908//213
f 908//213 1082//213 1084//213
f 908//213 1084//213 1085//213
f 1085//213 1086//213 908//213
f 908//213 1086//213 1087//213
f 908//213 1087//213 905//213
f 1088//213 902//213 1089//213
f 1089//213 902//213 905//213
f 1089//213 905//213 1090//213
f 1090//213 905//213 1087//213
f 1091//213 1092//213 1080//213
f 1080//213 1092//213 1093//213
f 1080//213 1093//213 1081//213
f 1088//213 1091//213 902//213
f 902//213 1091//213 1080//213
f 902//213 1080//213 899//213
f 899//213 1080//213 892//213
f 967//213 927//213 964//213
f 964//213 927//213 896//213
f 964//213 896//213 888//213
f 887//213 895//213 929//213
f 929//213 895//213 896//213
f 929//213 896//213 938//213
f 938//213 896//213 927//213
f 938//213 927//213 936//213
f 936//213 927//213 926//213
f 1094//213 875//213 878//213
f 875//213 1094//213 873//213
f 873//213 1094//213 1067//213
f 873//213 1067//213 871//213
f 1060//213 1095//213 1061//213
f 1061//213 1095//213 1096//213
f 1061//213 1096//213 1097//213
f 1097//213 1096//213 1062//213
f 1097//213 1062//213 1098//213
f 1098//213 1062//213 867//213
f 1098//213 867//213 1099//213
f 1099//213 867//213 869//213
f 856//213 859//213 1100//213
f 1100//213 859//213 862//213
f 1100//213 862//213 1054//213
f 1054//213 862//213 1066//213
f 1054//213 1066//213 1055//213
f 913//213 1101//213 852//213
f 852//213 1101//213 1102//213
f 852//213 1102//213 826//213
f 826//213 1102//213 830//213
f 1103//213 832//213 1040//213
f 1040//213 832//213 1044//213
f 1040//213 1044//213 1038//213
f 1038//213 1044//213 1046//213
f 832//213 830//213 1044//213
f 1044//213 830//213 1102//213
f 1044//213 1102//213 1053//213
f 1053//213 1102//213 1101//213
f 1053//213 1101//213 1104//213
f 1104//213 1101//213 1054//213
f 1104//213 1054//213 1059//213
f 1059//213 1054//213 1056//213
f 1059//213 1056//213 1057//213
f 1016//213 1018//213 1029//213
f 1029//213 1018//213 1105//213
f 1029//213 1105//213 1106//213
f 1106//213 1107//213 1029//213
f 1029//213 1107//213 1108//213
f 1029//213 1108//213 1040//213
f 1040//213 1108//213 1109//213
f 1040//213 1109//213 1103//213
f 1110//213 1111//213 1100//213
f 1100//213 1111//213 913//213
f 1100//213 913//213 856//213
f 856//213 913//213 854//213
f 1111//213 1112//213 913//213
f 913//213 1112//213 1113//213
f 913//213 1113//213 1101//213
f 1101//213 1113//213 1114//213
f 1101//213 1114//213 1115//213
f 1115//213 1116//213 1101//213
f 1101//213 1116//213 1117//213
f 1101//213 1117//213 1054//213
f 1054//213 1117//213 1118//213
f 1118//213 1119//213 1054//213
f 1054//213 1119//213 1120//213
f 1054//213 1120//213 1100//213
f 1100//213 1120//213 1121//213
f 1100//213 1121//213 1110//213
f 869//213 871//213 1099//213
f 1099//213 871//213 1067//213
f 1099//213 1067//213 1098//213
f 1098//213 1067//213 1069//213
f 1098//213 1069//213 1097//213
f 1097//213 1069//213 1071//213
f 1122//213 1068//213 1123//213
f 1123//213 1068//213 1067//213
f 1123//213 1067//213 1124//213
f 1124//213 1067//213 1125//213
f 1126//213 950//213 1127//213
f 1127//213 950//213 1128//213
f 877//213 914//213 878//213
f 878//213 914//213 950//213
f 878//213 950//213 1094//213
f 1094//213 950//213 1126//213
f 1094//213 1126//213 1129//213
f 1129//213 1130//213 1094//213
f 1094//213 1130//213 1131//213
f 1094//213 1131//213 1067//213
f 1067//213 1131//213 1132//213
f 1067//213 1132//213 1125//213
f 1124//213 1133//213 1123//213
f 1123//213 1133//213 1134//213
f 1123//213 1134//213 950//213
f 950//213 1134//213 1135//213
f 950//213 1135//213 1128//213
f 952//213 941//213 950//213
f 950//213 941//213 943//213
f 950//213 943//213 1123//213
f 1123//213 943//213 1136//213
f 1123//213 1136//213 1122//213
f 1122//213 1136//213 1137//213
f 883//213 885//213 945//213
f 945//213 885//213 915//213
f 945//213 915//213 943//213
f 943//213 915//213 933//213
f 943//213 933//213 1136//213
f 1136//213 933//213 925//213
f 1136//213 925//213 1137//213
f 1137//213 925//213 928//213
f 1137//213 928//213 1138//213
f 1138//213 928//213 927//213
f 1138//213 927//213 959//213
f 959//213 927//213 970//213
f 959//213 970//213 960//213
f 1139//213 1140//213 974//213
f 1140//213 1141//213 974//213
f 974//213 1141//213 1142//213
f 974//213 1142//213 917//213
f 1142//213 1143//213 917//213
f 917//213 1143//213 1144//213
f 917//213 1144//213 918//213
f 918//213 1144//213 1145//213
f 918//213 1145//213 1146//213
f 1146//213 1147//213 918//213
f 918//213 1147//213 1148//213
f 918//213 1148//213 1082//213
f 1082//213 1148//213 1149//213
f 1082//213 1149//213 1150//213
f 888//213 890//213 964//213
f 964//213 890//213 892//213
f 964//213 892//213 961//213
f 961//213 892//213 1080//213
f 961//213 1080//213 974//213
f 974//213 1080//213 1082//213
f 974//213 1082//213 1139//213
f 1139//213 1082//213 1150//213
f 1014//299 1151//299 1023//299
f 1023//299 1151//299 1152//299
f 1023//300 1152//300 1022//300
f 1022//300 1152//300 1153//300
f 1022//301 1153//301 1035//301
f 1035//301 1153//301 1154//301
f 1035//302 1154//302 1026//302
f 1026//302 1154//302 1155//302
f 1026//303 1155//303 1027//303
f 1027//303 1155//303 1156//303
f 1027//304 1156//304 1028//304
f 1028//304 1156//304 1157//304
f 1028//305 1157//305 1030//305
f 1030//305 1157//305 1158//305
f 1030//306 1158//306 1031//306
f 1031//306 1158//306 1159//306
f 1031//307 1159//307 1016//307
f 1016//307 1159//307 1160//307
f 1016//308 1160//308 1017//308
f 1017//308 1160//308 1161//308
f 1017//309 1161//309 1013//309
f 1013//309 1161//309 1162//309
f 1013//310 1162//310 1014//310
f 1014//310 1162//310 1151//310
f 1152//311 499//311 1153//311
f 1153//312 499//312 501//312
f 1153//313 501//313 1154//313
f 1154//314 501//314 493//314
f 1154//315 493//315 1155//315
f 1155//316 493//316 491//316
f 1155//317 491//317 1156//317
f 1156//318 491//318 490//318
f 1156//319 490//319 1157//319
f 1157//320 490//320 508//320
f 1157//321 508//321 1158//321
f 1158//322 508//322 507//322
f 1158//323 507//323 1159//323
f 1159//324 507//324 506//324
f 1159//325 506//325 1160//325
f 1160//326 506//326 505//326
f 1160//327 505//327 1161//327
f 1161//328 505//328 504//328
f 1161//329 504//329 1162//329
f 1162//330 504//330 495//330
f 1162//331 495//331 1151//331
f 1151//332 495//332 497//332
f 1151//333 497//333 1152//333
f 1152//334 497//334 499//334
f 926//335 1163//335 936//335
f 936//335 1163//335 1164//335
f 936//336 1164//336 937//336
f 937//336 1164//336 1165//336
f 937//301 1165//301 939//301
f 939//301 1165//301 1166//301
f 939//302 1166//302 940//302
f 940//302 1166//302 1167//302
f 940//337 1167//337 930//337
f 930//337 1167//337 1168//337
f 930//338 1168//338 931//338
f 931//338 1168//338 1169//338
f 931//339 1169//339 932//339
f 932//339 1169//339 1170//339
f 932//340 1170//340 934//340
f 934//340 1170//340 1171//340
f 934//307 1171//307 935//307
f 935//307 1171//307 1172//307
f 935//308 1172//308 923//308
f 923//308 1172//308 1173//308
f 923//341 1173//341 924//341
f 924//341 1173//341 1174//341
f 924//342 1174//342 926//342
f 926//342 1174//342 1163//342
f 1164//343 542//343 1165//343
f 1165//344 542//344 544//344
f 1165//345 544//345 1166//345
f 1166//346 544//346 546//346
f 1166//315 546//315 1167//315
f 1167//347 546//347 548//347
f 1167//348 548//348 1168//348
f 1168//318 548//318 531//318
f 1168//349 531//349 1169//349
f 1169//350 531//350 533//350
f 1169//351 533//351 1170//351
f 1170//352 533//352 535//352
f 1170//353 535//353 1171//353
f 1171//354 535//354 553//354
f 1171//355 553//355 1172//355
f 1172//356 553//356 554//356
f 1172//327 554//327 1173//327
f 1173//357 554//357 536//357
f 1173//358 536//358 1174//358
f 1174//330 536//330 538//330
f 1174//359 538//359 1163//359
f 1163//360 538//360 540//360
f 1163//361 540//361 1164//361
f 1164//362 540//362 542//362
f 1114//363 1175//363 1115//363
f 1115//363 1175//363 1176//363
f 1115//364 1176//364 1116//364
f 1116//364 1176//364 1177//364
f 1116//365 1177//365 1117//365
f 1117//365 1177//365 1178//365
f 1117//366 1178//366 1118//366
f 1118//366 1178//366 1179//366
f 1118//367 1179//367 1119//367
f 1119//367 1179//367 1180//367
f 1119//368 1180//368 1120//368
f 1120//368 1180//368 1181//368
f 1120//369 1181//369 1121//369
f 1121//369 1181//369 1182//369
f 1121//370 1182//370 1110//370
f 1110//370 1182//370 1183//370
f 1110//371 1183//371 1111//371
f 1111//371 1183//371 1184//371
f 1111//372 1184//372 1112//372
f 1112//372 1184//372 1185//372
f 1112//373 1185//373 1113//373
f 1113//373 1185//373 1186//373
f 1113//374 1186//374 1114//374
f 1114//374 1186//374 1175//374
f 1176//375 522//375 1177//375
f 1177//376 522//376 521//376
f 1177//377 521//377 1178//377
f 1178//378 521//378 515//378
f 1178//379 515//379 1179//379
f 1179//380 515//380 514//380
f 1179//381 514//381 1180//381
f 1180//382 514//382 509//382
f 1180//383 509//383 1181//383
f 1181//384 509//384 511//384
f 1181//385 511//385 1182//385
f 1182//386 511//386 513//386
f 1182//387 513//387 1183//387
f 1183//388 513//388 518//388
f 1183//389 518//389 1184//389
f 1184//390 518//390 517//390
f 1184//391 517//391 1185//391
f 1185//392 517//392 528//392
f 1185//393 528//393 1186//393
f 1186//394 528//394 526//394
f 1186//395 526//395 1175//395
f 1175//396 526//396 524//396
f 1175//397 524//397 1176//397
f 1176//398 524//398 522//398
f 1187//399 1188//399 1189//399
f 1189//400 1188//400 1190//400
f 1189//401 1190//401 1191//401
f 1192//402 1193//402 1187//402
f 1187//403 1193//403 1194//403
f 1187//404 1194//404 1188//404
f 1195//405 1002//405 1192//405
f 1192//406 1002//406 1196//406
f 1192//407 1196//407 1193//407
f 1191//408 1197//408 1189//408
f 1189//409 1197//409 921//409
f 1189//410 921//410 1198//410
f 1198//411 921//411 920//411
f 1198//412 920//412 1199//412
f 1199//412 920//412 1012//412
f 1199//413 1012//413 1200//413
f 1200//413 1012//413 1011//413
f 1200//414 1011//414 1201//414
f 1201//414 1011//414 1010//414
f 1201//415 1010//415 1202//415
f 1202//416 1010//416 1008//416
f 1202//417 1008//417 1203//417
f 1203//418 1008//418 1006//418
f 1203//419 1006//419 1204//419
f 1204//419 1006//419 1005//419
f 1204//420 1005//420 1205//420
f 1205//420 1005//420 1004//420
f 1205//421 1004//421 1195//421
f 1195//421 1004//421 1003//421
f 1195//422 1003//422 1002//422
f 1192//423 580//423 1195//423
f 1195//424 580//424 576//424
f 1195//425 576//425 1205//425
f 1205//426 576//426 575//426
f 1205//427 575//427 1204//427
f 1204//428 575//428 584//428
f 1204//429 584//429 1203//429
f 1203//430 584//430 585//430
f 1203//431 585//431 1202//431
f 1202//432 585//432 577//432
f 1202//433 577//433 1201//433
f 1201//434 577//434 578//434
f 1201//435 578//435 1200//435
f 1200//436 578//436 590//436
f 1200//437 590//437 1199//437
f 1199//438 590//438 589//438
f 1199//439 589//439 1198//439
f 1198//440 589//440 588//440
f 1198//441 588//441 1189//441
f 1189//442 588//442 587//442
f 1189//443 587//443 1187//443
f 1187//444 587//444 582//444
f 1187//445 582//445 1192//445
f 1192//446 582//446 580//446
f 1085//363 1206//363 1086//363
f 1086//363 1206//363 1207//363
f 1086//364 1207//364 1087//364
f 1087//364 1207//364 1208//364
f 1087//447 1208//447 1090//447
f 1090//447 1208//447 1209//447
f 1090//448 1209//448 1089//448
f 1089//448 1209//448 1210//448
f 1089//367 1210//367 1088//367
f 1088//367 1210//367 1211//367
f 1088//368 1211//368 1091//368
f 1091//368 1211//368 1212//368
f 1091//369 1212//369 1092//369
f 1092//369 1212//369 1213//369
f 1092//370 1213//370 1093//370
f 1093//370 1213//370 1214//370
f 1093//449 1214//449 1081//449
f 1081//450 1214//450 1215//450
f 1081//451 1215//451 1083//451
f 1083//452 1215//452 1216//452
f 1083//373 1216//373 1084//373
f 1084//373 1216//373 1217//373
f 1084//374 1217//374 1085//374
f 1085//374 1217//374 1206//374
f 1207//375 641//375 1208//375
f 1208//376 641//376 643//376
f 1208//453 643//453 1209//453
f 1209//454 643//454 645//454
f 1209//455 645//455 1210//455
f 1210//456 645//456 652//456
f 1210//381 652//381 1211//381
f 1211//382 652//382 650//382
f 1211//383 650//383 1212//383
f 1212//384 650//384 648//384
f 1212//385 648//385 1213//385
f 1213//386 648//386 647//386
f 1213//387 647//387 1214//387
f 1214//388 647//388 646//388
f 1214//457 646//457 1215//457
f 1215//458 646//458 639//458
f 1215//459 639//459 1216//459
f 1216//460 639//460 638//460
f 1216//393 638//393 1217//393
f 1217//394 638//394 637//394
f 1217//395 637//395 1206//395
f 1206//396 637//396 640//396
f 1206//397 640//397 1207//397
f 1207//398 640//398 641//398
f 941//461 1218//461 942//461
f 942//462 1218//462 1219//462
f 942//463 1219//463 944//463
f 944//463 1219//463 1220//463
f 944//421 1220//421 946//421
f 946//421 1220//421 1221//421
f 946//420 1221//420 947//420
f 947//420 1221//420 1222//420
f 947//419 1222//419 953//419
f 953//419 1222//419 1223//419
f 953//464 1223//464 954//464
f 954//465 1223//465 1224//465
f 954//466 1224//466 955//466
f 955//467 1224//467 1225//467
f 955//414 1225//414 948//414
f 948//414 1225//414 1226//414
f 948//413 1226//413 949//413
f 949//413 1226//413 1227//413
f 949//412 1227//412 951//412
f 951//412 1227//412 1228//412
f 951//468 1228//468 952//468
f 952//468 1228//468 1229//468
f 952//469 1229//469 941//469
f 941//470 1229//470 1218//470
f 1219//423 473//423 1220//423
f 1220//424 473//424 472//424
f 1220//425 472//425 1221//425
f 1221//426 472//426 479//426
f 1221//427 479//427 1222//427
f 1222//428 479//428 478//428
f 1222//429 478//429 1223//429
f 1223//430 478//430 626//430
f 1223//471 626//471 1224//471
f 1224//472 626//472 484//472
f 1224//473 484//473 1225//473
f 1225//474 484//474 483//474
f 1225//435 483//435 1226//435
f 1226//436 483//436 482//436
f 1226//437 482//437 1227//437
f 1227//438 482//438 488//438
f 1227//439 488//439 1228//439
f 1228//440 488//440 489//440
f 1228//441 489//441 1229//441
f 1229//442 489//442 476//442
f 1229//475 476//475 1218//475
f 1218//476 476//476 475//476
f 1218//477 475//477 1219//477
f 1219//478 475//478 473//478
f 971//479 674//479 962//479
f 962//479 674//479 672//479
f 962//336 672//336 963//336
f 963//336 672//336 671//336
f 963//480 671//480 965//480
f 965//480 671//480 670//480
f 965//481 670//481 966//481
f 966//481 670//481 683//481
f 966//337 683//337 967//337
f 967//337 683//337 682//337
f 967//482 682//482 968//482
f 968//482 682//482 681//482
f 968//339 681//339 969//339
f 969//339 681//339 680//339
f 969//306 680//306 970//306
f 970//306 680//306 679//306
f 970//483 679//483 960//483
f 960//483 679//483 687//483
f 960//484 687//484 958//484
f 958//484 687//484 678//484
f 958//309 678//309 956//309
f 956//309 678//309 676//309
f 956//342 676//342 971//342
f 971//342 676//342 674//342
f 1124//485 697//485 1133//485
f 1133//485 697//485 696//485
f 1133//486 696//486 1134//486
f 1134//486 696//486 703//486
f 1134//487 703//487 1135//487
f 1135//487 703//487 702//487
f 1135//488 702//488 1128//488
f 1128//488 702//488 701//488
f 1128//489 701//489 1127//489
f 1127//489 701//489 700//489
f 1127//490 700//490 1126//490
f 1126//490 700//490 699//490
f 1126//491 699//491 1129//491
f 1129//491 699//491 704//491
f 1129//492 704//492 1130//492
f 1130//492 704//492 707//492
f 1130//493 707//493 1131//493
f 1131//493 707//493 706//493
f 1131//494 706//494 1132//494
f 1132//494 706//494 705//494
f 1132//495 705//495 1125//495
f 1125//495 705//495 698//495
f 1125//496 698//496 1124//496
f 1124//496 698//496 697//496
f 1057//479 607//479 1058//479
f 1058//479 607//479 606//479
f 1058//497 606//497 1060//497
f 1060//497 606//497 603//497
f 1060//498 603//498 1095//498
f 1095//498 603//498 604//498
f 1095//499 604//499 1096//499
f 1096//499 604//499 605//499
f 1096//500 605//500 1062//500
f 1062//500 605//500 613//500
f 1062//482 613//482 1063//482
f 1063//482 613//482 612//482
f 1063//339 612//339 1064//339
f 1064//339 612//339 610//339
f 1064//501 610//501 1065//501
f 1065//501 610//501 609//501
f 1065//502 609//502 1066//502
f 1066//502 609//502 601//502
f 1066//503 601//503 1055//503
f 1055//503 601//503 600//503
f 1055//504 600//504 1056//504
f 1056//504 600//504 608//504
f 1056//342 608//342 1057//342
f 1057//342 608//342 607//342
f 1042//299 445//299 1036//299
f 1036//299 445//299 444//299
f 1036//336 444//336 1037//336
f 1037//336 444//336 439//336
f 1037//487 439//487 1047//487
f 1047//487 439//487 440//487
f 1047//488 440//488 1048//488
f 1048//488 440//488 441//488
f 1048//337 441//337 1050//337
f 1050//337 441//337 443//337
f 1050//304 443//304 1051//304
f 1051//304 443//304 438//304
f 1051//505 438//505 1045//505
f 1045//505 438//505 437//505
f 1045//306 437//306 1046//306
f 1046//306 437//306 450//306
f 1046//493 450//493 1038//493
f 1038//493 450//493 452//493
f 1038//494 452//494 1039//494
f 1039//494 452//494 449//494
f 1039//309 449//309 1041//309
f 1041//309 449//309 447//309
f 1041//506 447//506 1042//506
f 1042//506 447//506 445//506
f 999//485 563//485 985//485
f 985//485 563//485 567//485
f 985//486 567//486 986//486
f 986//486 567//486 569//486
f 986//480 569//480 979//480
f 979//480 569//480 571//480
f 979//481 571//481 980//481
f 980//481 571//481 556//481
f 980//489 556//489 988//489
f 988//489 556//489 555//489
f 988//490 555//490 989//490
f 989//490 555//490 558//490
f 989//491 558//491 991//491
f 991//491 558//491 560//491
f 991//492 560//492 993//492
f 993//492 560//492 574//492
f 993//483 574//483 994//483
f 994//483 574//483 573//483
f 994//484 573//484 995//484
f 995//484 573//484 572//484
f 995//495 572//495 997//495
f 997//495 572//495 561//495
f 997//496 561//496 999//496
f 999//496 561//496 563//496
f 1145//299 454//299 1146//299
f 1146//299 454//299 453//299
f 1146//497 453//497 1147//497
f 1147//497 453//497 460//497
f 1147//498 460//498 1148//498
f 1148//498 460//498 462//498
f 1148//499 462//499 1149//499
f 1149//499 462//499 464//499
f 1149//500 464//500 1150//500
f 1150//500 464//500 465//500
f 1150//304 465//304 1139//304
f 1139//304 465//304 458//304
f 1139//505 458//505 1140//505
f 1140//505 458//505 457//505
f 1140//501 457//501 1141//501
f 1141//501 457//501 471//501
f 1141//502 471//502 1142//502
f 1142//502 471//502 469//502
f 1142//503 469//503 1143//503
f 1143//503 469//503 467//503
f 1143//504 467//504 1144//504
f 1144//504 467//504 466//504
f 1144//506 466//506 1145//506
f 1145//506 466//506 454//506
f 1230//507 1231//507 1232//507
f 1232//507 1231//507 1233//507
f 1232//508 1233//508 1234//508
f 1234//508 1233//508 1235//508
f 1234//509 1235//509 1236//509
f 1236//509 1235//509 1237//509
f 1236//510 1237//510 1238//510
f 1238//510 1237//510 1239//510
f 1238//511 1239//511 1240//511
f 1240//511 1239//511 1241//511
f 1240//512 1241//512 1242//512
f 1242//512 1241//512 1243//512
f 1242//513 1243//513 1244//513
f 1244//513 1243//513 1245//513
f 1244//514 1245//514 1246//514
f 1246//514 1245//514 1247//514
f 1246//515 1247//515 1248//515
f 1248//515 1247//515 1249//515
f 1248//516 1249//516 1250//516
f 1250//516 1249//516 1251//516
f 1250//517 1251//517 1252//517
f 1252//517 1251//517 1253//517
f 1252//518 1253//518 1254//518
f 1254//518 1253//518 1255//518
f 1254//519 1255//519 1256//519
f 1256//519 1255//519 1257//519
f 1256//520 1257//520 1258//520
f 1258//520 1257//520 1259//520
f 1258//521 1259//521 1260//521
f 1260//521 1259//521 1261//521
f 1260//522 1261//522 1262//522
f 1262//522 1261//522 1263//522
f 1262//523 1263//523 1264//523
f 1264//523 1263//523 1265//523
f 1264//524 1265//524 1266//524
f 1266//524 1265//524 1267//524
f 1266//525 1267//525 1268//525
f 1268//525 1267//525 1269//525
f 1268//526 1269//526 1270//526
f 1270//526 1269//526 1271//526
f 1270//527 1271//527 1272//527
f 1272//527 1271//527 1273//527
f 1272//528 1273//528 1274//528
f 1274//528 1273//528 1275//528
f 1274//529 1275//529 1276//529
f 1276//529 1275//529 1277//529
f 1276//530 1277//530 1278//530
f 1278//530 1277//530 1279//530
f 1278//531 1279//531 1280//531
f 1280//531 1279//531 1281//531
f 1280//532 1281//532 1282//532
f 1282//532 1281//532 1283//532
f 1282//533 1283//533 1284//533
f 1284//533 1283//533 1285//533
f 1284//534 1285//534 1286//534
f 1286//534 1285//534 1287//534
f 1286//535 1287//535 1288//535
f 1288//535 1287//535 1289//535
f 1290//66 1291//66 1292//66
f 1292//66 1291//66 1293//66
f 1292//66 1293//66 1294//66
f 1274//66 1276//66 1295//66
f 1258//66 1260//66 1296//66
f 1286//66 1288//66 1297//66
f 1297//66 1288//66 1298//66
f 1297//66 1298//66 1299//66
f 1298//66 1300//66 1299//66
f 1299//66 1300//66 1301//66
f 1299//66 1301//66 1302//66
f 1302//66 1301//66 1303//66
f 1302//66 1303//66 1290//66
f 1290//66 1303//66 1304//66
f 1290//66 1304//66 1291//66
f 1295//66 1276//66 1305//66
f 1305//66 1276//66 1278//66
f 1305//66 1278//66 1306//66
f 1252//66 1254//66 1307//66
f 1307//66 1254//66 1308//66
f 1308//66 1254//66 1256//66
f 1308//66 1256//66 1309//66
f 1295//66 1310//66 1274//66
f 1274//66 1310//66 1311//66
f 1274//66 1311//66 1272//66
f 1272//66 1311//66 1312//66
f 1272//66 1312//66 1313//66
f 1297//66 1314//66 1286//66
f 1286//66 1314//66 1315//66
f 1286//66 1315//66 1284//66
f 1284//66 1315//66 1316//66
f 1284//66 1316//66 1317//66
f 1262//66 1318//66 1260//66
f 1260//66 1318//66 1319//66
f 1260//66 1319//66 1296//66
f 1320//66 1318//66 1321//66
f 1321//66 1318//66 1262//66
f 1321//66 1262//66 1322//66
f 1322//66 1262//66 1264//66
f 1322//66 1264//66 1323//66
f 1323//66 1264//66 1266//66
f 1323//66 1266//66 1324//66
f 1324//66 1266//66 1268//66
f 1324//66 1268//66 1325//66
f 1325//66 1268//66 1270//66
f 1325//66 1270//66 1326//66
f 1326//66 1270//66 1272//66
f 1326//66 1272//66 1327//66
f 1327//66 1272//66 1313//66
f 1296//66 1328//66 1258//66
f 1258//66 1328//66 1329//66
f 1258//66 1329//66 1256//66
f 1256//66 1329//66 1330//66
f 1256//66 1330//66 1331//66
f 1332//66 1333//66 1334//66
f 1334//66 1333//66 1335//66
f 1334//66 1335//66 1336//66
f 1337//66 1306//66 1338//66
f 1338//66 1306//66 1278//66
f 1338//66 1278//66 1339//66
f 1339//66 1278//66 1280//66
f 1339//66 1280//66 1340//66
f 1340//66 1280//66 1282//66
f 1340//66 1282//66 1341//66
f 1341//66 1282//66 1284//66
f 1341//66 1284//66 1342//66
f 1342//66 1284//66 1317//66
f 1343//66 1309//66 1344//66
f 1344//66 1309//66 1256//66
f 1344//66 1256//66 1345//66
f 1345//66 1256//66 1331//66
f 1307//66 1346//66 1252//66
f 1252//66 1346//66 1347//66
f 1252//66 1347//66 1250//66
f 1250//66 1347//66 1348//66
f 1250//66 1348//66 1349//66
f 1244//66 1246//66 1350//66
f 1336//66 1335//66 1351//66
f 1351//66 1335//66 1352//66
f 1351//66 1352//66 1353//66
f 1354//66 1350//66 1355//66
f 1355//66 1350//66 1246//66
f 1355//66 1246//66 1356//66
f 1356//66 1246//66 1248//66
f 1356//66 1248//66 1357//66
f 1357//66 1248//66 1250//66
f 1357//66 1250//66 1358//66
f 1358//66 1250//66 1349//66
f 1350//66 1359//66 1244//66
f 1244//66 1359//66 1360//66
f 1244//66 1360//66 1242//66
f 1242//66 1360//66 1361//66
f 1242//66 1361//66 1240//66
f 1240//66 1361//66 1362//66
f 1240//66 1362//66 1363//66
f 1363//66 1364//66 1240//66
f 1240//66 1364//66 1365//66
f 1240//66 1365//66 1238//66
f 1238//66 1365//66 1366//66
f 1238//66 1366//66 1236//66
f 1353//66 1367//66 1368//66
f 1366//66 1369//66 1236//66
f 1236//66 1369//66 1370//66
f 1236//66 1370//66 1234//66
f 1234//66 1370//66 1371//66
f 1234//66 1371//66 1232//66
f 1232//66 1371//66 1351//66
f 1232//66 1351//66 1230//66
f 1230//66 1351//66 1353//66
f 1230//66 1353//66 1372//66
f 1372//66 1353//66 1368//66
f 1288//536 1289//536 1373//536
f 1288//537 1373//537 1298//537
f 1298//538 1373//538 1374//538
f 1298//539 1374//539 1300//539
f 1300//540 1374//540 1375//540
f 1300//541 1375//541 1301//541
f 1367//542 1376//542 1377//542
f 1367//543 1377//543 1368//543
f 1368//544 1377//544 1378//544
f 1368//545 1378//545 1372//545
f 1372//546 1378//546 1231//546
f 1372//547 1231//547 1230//547
f 1376//548 1367//548 1379//548
f 1379//548 1367//548 1353//548
f 1380//549 1303//549 1375//549
f 1375//549 1303//549 1301//549
f 217//550 219//550 1381//550
f 1381//550 219//550 579//550
f 1381//551 579//551 1382//551
f 1382//551 579//551 581//551
f 1382//552 581//552 1383//552
f 1383//552 581//552 583//552
f 1383//553 583//553 1384//553
f 1384//553 583//553 586//553
f 1384//554 586//554 223//554
f 223//554 586//554 221//554
f 1385//136 1386//136 728//136
f 1387//136 1388//136 1389//136
f 1389//136 1388//136 1390//136
f 1389//136 1390//136 742//136
f 742//136 1390//136 1391//136
f 742//136 1391//136 1392//136
f 1386//136 1393//136 728//136
f 728//136 1393//136 1394//136
f 728//136 1394//136 1395//136
f 1395//136 1394//136 1396//136
f 1396//136 1397//136 1395//136
f 1395//136 1397//136 1398//136
f 1395//136 1398//136 1389//136
f 1389//136 1398//136 1399//136
f 1389//136 1399//136 1387//136
f 1392//136 1400//136 742//136
f 742//136 1400//136 1401//136
f 742//136 1401//136 728//136
f 728//136 1401//136 1402//136
f 728//136 1402//136 1385//136
f 1403//521 715//521 714//521
f 1404//521 1405//521 1406//521
f 1406//521 1405//521 1407//521
f 723//521 724//521 1408//521
f 1408//521 724//521 1409//521
f 1408//521 1409//521 1410//521
f 1410//521 1409//521 1411//521
f 1412//521 1413//521 1414//521
f 1415//521 1416//521 1404//521
f 1404//521 1416//521 1417//521
f 1404//521 1417//521 1405//521
f 1418//521 1419//521 1415//521
f 1415//521 1419//521 1420//521
f 1415//521 1420//521 1416//521
f 1421//521 1422//521 1423//521
f 1423//521 1422//521 1424//521
f 1423//521 1424//521 1425//521
f 1426//521 1427//521 1428//521
f 1428//521 1427//521 1429//521
f 1428//521 1429//521 1424//521
f 1424//521 1429//521 1430//521
f 1424//521 1430//521 1425//521
f 714//521 1431//521 1403//521
f 1403//521 1431//521 1432//521
f 1403//521 1432//521 1418//521
f 1418//521 1432//521 1433//521
f 1418//521 1433//521 1419//521
f 1421//521 1434//521 1422//521
f 1422//521 1434//521 1435//521
f 1422//521 1435//521 1414//521
f 1414//521 1435//521 1436//521
f 1414//521 1436//521 1412//521
f 1437//521 1438//521 1426//521
f 1426//521 1438//521 1439//521
f 1426//521 1439//521 1427//521
f 1440//521 1441//521 1442//521
f 1442//521 1441//521 1443//521
f 1442//521 1443//521 1444//521
f 1444//521 1443//521 1445//521
f 1444//521 1445//521 1437//521
f 1437//521 1445//521 1446//521
f 1437//521 1446//521 1438//521
f 1407//521 1447//521 1406//521
f 1406//521 1447//521 1448//521
f 1406//521 1448//521 1442//521
f 1442//521 1448//521 1449//521
f 1442//521 1449//521 1440//521
f 1412//521 1450//521 1413//521
f 1413//521 1450//521 1451//521
f 1413//521 1451//521 1411//521
f 1411//521 1451//521 1452//521
f 1411//521 1452//521 1410//521
f 274//135 273//135 748//135
f 748//135 273//135 753//135
f 1289//555 98//555 1373//555
f 1373//556 98//556 95//556
f 1373//557 95//557 1374//557
f 1374//558 95//558 94//558
f 1374//559 94//559 1375//559
f 1375//560 94//560 112//560
f 1231//561 105//561 1233//561
f 1233//562 105//562 170//562
f 1233//563 170//563 1235//563
f 1235//564 170//564 103//564
f 1235//565 103//565 1237//565
f 1237//566 103//566 130//566
f 1237//567 130//567 1239//567
f 1239//568 130//568 93//568
f 1239//569 93//569 1241//569
f 1241//570 93//570 92//570
f 1241//571 92//571 1243//571
f 1243//572 92//572 116//572
f 1243//573 116//573 1245//573
f 1245//574 116//574 117//574
f 1245//575 117//575 1247//575
f 1247//576 117//576 118//576
f 1247//577 118//577 1249//577
f 1249//578 118//578 119//578
f 1249//579 119//579 1251//579
f 1251//580 119//580 120//580
f 1251//581 120//581 1253//581
f 1253//582 120//582 121//582
f 1253//583 121//583 1255//583
f 1255//584 121//584 122//584
f 1255//585 122//585 1257//585
f 1257//586 122//586 123//586
f 1257//587 123//587 1259//587
f 1259//588 123//588 124//588
f 1259//589 124//589 1261//589
f 1261//589 124//589 125//589
f 1261//590 125//590 1263//590
f 1263//591 125//591 127//591
f 1263//592 127//592 1265//592
f 1265//593 127//593 156//593
f 1265//594 156//594 1267//594
f 1267//595 156//595 157//595
f 1267//596 157//596 1269//596
f 1269//597 157//597 158//597
f 1269//598 158//598 1271//598
f 1271//599 158//599 159//599
f 1271//600 159//600 1273//600
f 1273//601 159//601 160//601
f 1273//602 160//602 1275//602
f 1275//603 160//603 161//603
f 1275//604 161//604 1277//604
f 1277//605 161//605 162//605
f 1277//606 162//606 1279//606
f 1279//607 162//607 163//607
f 1279//608 163//608 1281//608
f 1281//609 163//609 164//609
f 1281//610 164//610 1283//610
f 1283//611 164//611 90//611
f 1283//612 90//612 1285//612
f 1285//613 90//613 146//613
f 1285//614 146//614 1287//614
f 1287//615 146//615 150//615
f 1287//616 150//616 1289//616
f 1289//617 150//617 98//617
f 1376//618 136//618 1377//618
f 1377//619 136//619 109//619
f 1377//620 109//620 1378//620
f 1378//621 109//621 107//621
f 1378//622 107//622 1231//622
f 1231//623 107//623 105//623
f 1453//624 302//624 1454//624
f 1454//625 302//625 139//625
f 1453//626 1455//626 302//626
f 302//627 1455//627 1456//627
f 302//628 1456//628 1457//628
f 1457//629 1456//629 1458//629
f 1457//630 1458//630 1459//630
f 1459//631 1460//631 1457//631
f 1457//632 1460//632 1461//632
f 1457//633 1461//633 1462//633
f 1463//634 1464//634 1465//634
f 1465//635 1464//635 1466//635
f 1463//636 1467//636 1464//636
f 1464//637 1467//637 1468//637
f 1464//638 1468//638 1469//638
f 1469//639 1468//639 1470//639
f 1469//640 1470//640 1471//640
f 1466//641 1464//641 1472//641
f 1472//642 1464//642 1473//642
f 1472//643 1473//643 1474//643
f 1475//644 1476//644 1477//644
f 1477//645 1478//645 1475//645
f 1475//646 1478//646 1479//646
f 1475//647 1479//647 1473//647
f 1473//648 1479//648 1480//648
f 1473//649 1480//649 1474//649
f 1476//650 1475//650 1481//650
f 1481//651 1475//651 1482//651
f 1481//652 1482//652 1483//652
f 1395//653 1389//653 1484//653
f 1484//654 1485//654 1395//654
f 1395//655 1485//655 1486//655
f 1395//656 1486//656 1482//656
f 1482//657 1486//657 1487//657
f 1482//658 1487//658 1483//658
f 1488//659 1489//659 1490//659
f 1491//660 1489//660 1488//660
f 1488//661 1492//661 1493//661
f 1494//662 1492//662 1488//662
f 1490//663 1494//663 1488//663
f 1488//664 1495//664 1496//664
f 1497//665 1495//665 1488//665
f 1493//666 1497//666 1488//666
f 1488//667 1498//667 1499//667
f 1500//668 1498//668 1488//668
f 1496//669 1500//669 1488//669
f 1499//670 1491//670 1488//670
f 1491//671 1501//671 1489//671
f 1489//671 1501//671 1502//671
f 1489//672 1502//672 1490//672
f 1490//672 1502//672 1503//672
f 1490//673 1503//673 1494//673
f 1494//673 1503//673 1504//673
f 1494//674 1504//674 1492//674
f 1492//674 1504//674 1505//674
f 1492//675 1505//675 1493//675
f 1493//675 1505//675 1506//675
f 1493//676 1506//676 1497//676
f 1497//676 1506//676 1507//676
f 1497//677 1507//677 1495//677
f 1495//677 1507//677 1508//677
f 1495//678 1508//678 1496//678
f 1496//678 1508//678 1509//678
f 1496//679 1509//679 1500//679
f 1500//679 1509//679 1510//679
f 1500//680 1510//680 1498//680
f 1498//680 1510//680 1511//680
f 1498//681 1511//681 1499//681
f 1499//681 1511//681 1512//681
f 1499//682 1512//682 1491//682
f 1491//682 1512//682 1501//682
f 796//683 1504//683 1503//683
f 796//684 1513//684 1504//684
f 1504//685 1513//685 733//685
f 1504//686 733//686 1505//686
f 1505//687 733//687 732//687
f 1505//688 732//688 1506//688
f 1506//689 732//689 778//689
f 1506//690 778//690 1507//690
f 1507//691 778//691 750//691
f 1507//692 750//692 1508//692
f 1508//693 750//693 749//693
f 1508//694 749//694 1509//694
f 1509//695 749//695 755//695
f 1509//696 755//696 1510//696
f 1510//697 755//697 754//697
f 1510//698 754//698 1511//698
f 1511//699 754//699 752//699
f 1511//700 752//700 1512//700
f 1512//701 752//701 751//701
f 1512//702 751//702 1501//702
f 1501//703 751//703 793//703
f 1501//704 793//704 1502//704
f 1502//705 793//705 798//705
f 1502//706 798//706 1503//706
f 1503//707 798//707 797//707
f 1503//708 797//708 796//708
f 1514//709 1515//709 1516//709
f 1517//710 1515//710 1514//710
f 1514//711 1518//711 1519//711
f 1520//712 1518//712 1514//712
f 1516//713 1520//713 1514//713
f 1514//714 1521//714 1522//714
f 1523//715 1521//715 1514//715
f 1519//716 1523//716 1514//716
f 1514//717 1524//717 1525//717
f 1526//718 1524//718 1514//718
f 1522//719 1526//719 1514//719
f 1525//720 1517//720 1514//720
f 1517//721 1527//721 1515//721
f 1515//721 1527//721 1528//721
f 1515//672 1528//672 1516//672
f 1516//672 1528//672 1529//672
f 1516//722 1529//722 1520//722
f 1520//722 1529//722 1530//722
f 1520//723 1530//723 1518//723
f 1518//723 1530//723 1531//723
f 1518//675 1531//675 1519//675
f 1519//675 1531//675 1532//675
f 1519//724 1532//724 1523//724
f 1523//724 1532//724 1533//724
f 1523//725 1533//725 1521//725
f 1521//725 1533//725 1534//725
f 1521//678 1534//678 1522//678
f 1522//678 1534//678 1535//678
f 1522//726 1535//726 1526//726
f 1526//726 1535//726 1536//726
f 1526//727 1536//727 1524//727
f 1524//727 1536//727 1537//727
f 1524//681 1537//681 1525//681
f 1525//681 1537//681 1538//681
f 1525//728 1538//728 1517//728
f 1517//728 1538//728 1527//728
f 735//729 1536//729 1535//729
f 735//730 1539//730 1536//730
f 1536//731 1539//731 760//731
f 1536//732 760//732 1537//732
f 1537//733 760//733 759//733
f 1537//734 759//734 1538//734
f 1538//735 759//735 758//735
f 1538//736 758//736 1527//736
f 1527//703 758//703 757//703
f 1527//737 757//737 1528//737
f 1528//738 757//738 810//738
f 1528//739 810//739 1529//739
f 1529//740 810//740 741//740
f 1529//741 741//741 1530//741
f 1530//742 741//742 743//742
f 1530//743 743//743 1531//743
f 1531//744 743//744 744//744
f 1531//745 744//745 1532//745
f 1532//746 744//746 740//746
f 1532//747 740//747 1533//747
f 1533//691 740//691 739//691
f 1533//748 739//748 1534//748
f 1534//749 739//749 738//749
f 1534//750 738//750 1535//750
f 1535//751 738//751 736//751
f 1535//752 736//752 735//752
f 1540//753 1541//753 1542//753
f 1543//754 1541//754 1540//754
f 1540//755 1544//755 1545//755
f 1546//756 1544//756 1540//756
f 1542//757 1546//757 1540//757
f 1540//758 1547//758 1548//758
f 1549//759 1547//759 1540//759
f 1545//760 1549//760 1540//760
f 1540//761 1550//761 1551//761
f 1552//762 1550//762 1540//762
f 1548//763 1552//763 1540//763
f 1551//764 1543//764 1540//764
f 1543//765 1553//765 1541//765
f 1541//765 1553//765 1554//765
f 1541//766 1554//766 1542//766
f 1542//766 1554//766 1555//766
f 1542//767 1555//767 1546//767
f 1546//768 1555//768 1556//768
f 1546//769 1556//769 1544//769
f 1544//770 1556//770 1557//770
f 1544//771 1557//771 1545//771
f 1545//771 1557//771 1558//771
f 1545//772 1558//772 1549//772
f 1549//772 1558//772 1559//772
f 1549//773 1559//773 1547//773
f 1547//773 1559//773 1560//773
f 1547//774 1560//774 1548//774
f 1548//774 1560//774 1561//774
f 1548//775 1561//775 1552//775
f 1552//775 1561//775 1562//775
f 1552//776 1562//776 1550//776
f 1550//776 1562//776 1563//776
f 1550//777 1563//777 1551//777
f 1551//777 1563//777 1564//777
f 1551//778 1564//778 1543//778
f 1543//778 1564//778 1553//778
f 765//779 1562//779 1561//779
f 765//780 1565//780 1562//780
f 1562//781 1565//781 818//781
f 1562//782 818//782 1563//782
f 1563//783 818//783 817//783
f 1563//784 817//784 1564//784
f 1564//785 817//785 789//785
f 1564//786 789//786 1553//786
f 1553//787 789//787 788//787
f 1553//788 788//788 1554//788
f 1554//789 788//789 787//789
f 1554//790 787//790 1555//790
f 1555//791 787//791 786//791
f 1555//792 786//792 1556//792
f 1556//793 786//793 785//793
f 1556//794 785//794 1557//794
f 1557//795 785//795 779//795
f 1557//796 779//796 1558//796
f 1558//797 779//797 784//797
f 1558//798 784//798 1559//798
f 1559//799 784//799 783//799
f 1559//800 783//800 1560//800
f 1560//801 783//801 804//801
f 1560//802 804//802 1561//802
f 1561//803 804//803 766//803
f 1561//804 766//804 765//804
f 1566//753 1567//753 1568//753
f 1569//754 1567//754 1566//754
f 1566//755 1570//755 1571//755
f 1572//805 1570//805 1566//805
f 1568//806 1572//806 1566//806
f 1566//758 1573//758 1574//758
f 1575//759 1573//759 1566//759
f 1571//760 1575//760 1566//760
f 1566//761 1576//761 1577//761
f 1578//807 1576//807 1566//807
f 1574//808 1578//808 1566//808
f 1577//764 1569//764 1566//764
f 1569//765 1579//765 1567//765
f 1567//765 1579//765 1580//765
f 1567//766 1580//766 1568//766
f 1568//766 1580//766 1581//766
f 1568//809 1581//809 1572//809
f 1572//810 1581//810 1582//810
f 1572//811 1582//811 1570//811
f 1570//812 1582//812 1583//812
f 1570//771 1583//771 1571//771
f 1571//771 1583//771 1584//771
f 1571//772 1584//772 1575//772
f 1575//772 1584//772 1585//772
f 1575//773 1585//773 1573//773
f 1573//773 1585//773 1586//773
f 1573//774 1586//774 1574//774
f 1574//774 1586//774 1587//774
f 1574//813 1587//813 1578//813
f 1578//814 1587//814 1588//814
f 1578//815 1588//815 1576//815
f 1576//816 1588//816 1589//816
f 1576//777 1589//777 1577//777
f 1577//777 1589//777 1590//777
f 1577//778 1590//778 1569//778
f 1569//778 1590//778 1579//778
f 730//817 1582//817 1581//817
f 730//818 1591//818 1582//818
f 1582//819 1591//819 719//819
f 1582//820 719//820 1583//820
f 1583//821 719//821 718//821
f 1583//822 718//822 1584//822
f 1584//823 718//823 777//823
f 1584//798 777//798 1585//798
f 1585//799 777//799 776//799
f 1585//800 776//800 1586//800
f 1586//801 776//801 774//801
f 1586//802 774//802 1587//802
f 1587//824 774//824 773//824
f 1587//825 773//825 1588//825
f 1588//826 773//826 799//826
f 1588//827 799//827 1589//827
f 1589//828 799//828 807//828
f 1589//829 807//829 1590//829
f 1590//830 807//830 806//830
f 1590//786 806//786 1579//786
f 1579//787 806//787 763//787
f 1579//788 763//788 1580//788
f 1580//789 763//789 762//789
f 1580//790 762//790 1581//790
f 1581//831 762//831 731//831
f 1581//832 731//832 730//832
f 1592//833 1593//833 1594//833
f 1595//834 1593//834 1592//834
f 1592//835 1596//835 1597//835
f 1598//836 1596//836 1592//836
f 1594//837 1598//837 1592//837
f 1592//838 1599//838 1600//838
f 1601//839 1599//839 1592//839
f 1597//840 1601//840 1592//840
f 1592//841 1602//841 1603//841
f 1604//842 1602//842 1592//842
f 1600//843 1604//843 1592//843
f 1603//844 1595//844 1592//844
f 1595//845 1605//845 1593//845
f 1593//846 1605//846 1606//846
f 1593//847 1606//847 1594//847
f 1594//847 1606//847 1607//847
f 1594//848 1607//848 1598//848
f 1598//848 1607//848 1608//848
f 1598//849 1608//849 1596//849
f 1596//849 1608//849 1609//849
f 1596//850 1609//850 1597//850
f 1597//850 1609//850 1610//850
f 1597//851 1610//851 1601//851
f 1601//852 1610//852 1611//852
f 1601//853 1611//853 1599//853
f 1599//854 1611//854 1612//854
f 1599//855 1612//855 1600//855
f 1600//855 1612//855 1613//855
f 1600//856 1613//856 1604//856
f 1604//856 1613//856 1614//856
f 1604//857 1614//857 1602//857
f 1602//857 1614//857 1615//857
f 1602//858 1615//858 1603//858
f 1603//858 1615//858 1616//858
f 1603//859 1616//859 1595//859
f 1595//860 1616//860 1605//860
f 767//861 1611//861 1610//861
f 767//862 1617//862 1611//862
f 1611//863 1617//863 712//863
f 1611//864 712//864 1612//864
f 1612//865 712//865 711//865
f 1612//866 711//866 1613//866
f 1613//867 711//867 803//867
f 1613//868 803//868 1614//868
f 1614//869 803//869 802//869
f 1614//870 802//870 1615//870
f 1615//871 802//871 801//871
f 1615//872 801//872 1616//872
f 1616//873 801//873 800//873
f 1616//874 800//874 1605//874
f 1605//875 800//875 792//875
f 1605//876 792//876 1606//876
f 1606//877 792//877 791//877
f 1606//878 791//878 1607//878
f 1607//879 791//879 790//879
f 1607//880 790//880 1608//880
f 1608//881 790//881 772//881
f 1608//882 772//882 1609//882
f 1609//883 772//883 770//883
f 1609//884 770//884 1610//884
f 1610//885 770//885 768//885
f 1610//886 768//886 767//886
f 1618//887 1619//887 1620//887
f 1621//888 1622//888 1623//888
f 1623//889 1622//889 1624//889
f 1623//890 1624//890 1625//890
f 1626//891 1627//891 1625//891
f 1625//892 1627//892 1628//892
f 1625//893 1628//893 1623//893
f 1629//894 1630//894 1631//894
f 1631//895 1630//895 1626//895
f 1631//896 1626//896 1632//896
f 1632//897 1626//897 1625//897
f 1633//898 1634//898 1629//898
f 1629//899 1634//899 1635//899
f 1629//900 1635//900 1630//900
f 1629//901 1636//901 1633//901
f 1633//902 1636//902 1637//902
f 1633//903 1637//903 1638//903
f 1638//904 1637//904 1639//904
f 1638//905 1639//905 1640//905
f 1619//906 1618//906 1639//906
f 1639//907 1618//907 1641//907
f 1639//908 1641//908 1640//908
f 1642//909 1643//909 1644//909
f 1644//910 1643//910 1645//910
f 1644//911 1645//911 1620//911
f 1620//912 1645//912 1646//912
f 1620//913 1646//913 1618//913
f 1647//914 1648//914 1649//914
f 1649//915 1648//915 1650//915
f 1649//916 1650//916 1651//916
f 1651//917 1650//917 1652//917
f 1651//918 1652//918 1642//918
f 1642//919 1652//919 1653//919
f 1642//920 1653//920 1643//920
f 1654//921 1655//921 1647//921
f 1647//922 1655//922 1656//922
f 1647//923 1656//923 1648//923
f 1657//924 1658//924 1654//924
f 1654//925 1658//925 1659//925
f 1654//926 1659//926 1655//926
f 1660//927 1661//927 1662//927
f 1662//928 1661//928 1663//928
f 1662//929 1663//929 1664//929
f 1664//930 1663//930 1657//930
f 1664//931 1657//931 1665//931
f 1665//932 1657//932 1654//932
f 1666//933 1667//933 1668//933
f 1668//934 1667//934 1669//934
f 1668//935 1669//935 1660//935
f 1660//936 1669//936 1670//936
f 1660//937 1670//937 1661//937
f 1671//938 1672//938 1673//938
f 1673//939 1672//939 1674//939
f 1673//940 1674//940 1666//940
f 1666//941 1674//941 1675//941
f 1666//942 1675//942 1667//942
f 1676//943 30//943 100//943
f 1677//944 1676//944 1678//944
f 1465//945 1679//945 1463//945
f 1463//946 1679//946 1680//946
f 1463//947 1680//947 1467//947
f 1467//948 1680//948 1681//948
f 1467//949 1681//949 1468//949
f 1468//950 1681//950 1622//950
f 1468//951 1622//951 1470//951
f 1470//952 1622//952 1621//952
f 1470//953 1621//953 1471//953
f 1676//954 100//954 1678//954
f 1678//955 100//955 216//955
f 1678//956 216//956 1682//956
f 1682//957 216//957 215//957
f 1682//958 215//958 1683//958
f 1683//959 215//959 214//959
f 1683//960 214//960 1684//960
f 1684//961 214//961 167//961
f 1684//962 167//962 1685//962
f 1685//963 167//963 166//963
f 1685//964 166//964 1686//964
f 1686//965 166//965 165//965
f 1686//966 165//966 1687//966
f 1687//967 165//967 133//967
f 1687//968 133//968 1688//968
f 1688//969 133//969 132//969
f 1688//970 132//970 1689//970
f 1689//971 132//971 131//971
f 1689//972 131//972 1690//972
f 131//973 129//973 1690//973
f 1690//974 129//974 128//974
f 1690//975 128//975 1691//975
f 1691//976 128//976 203//976
f 1691//977 203//977 1692//977
f 1692//978 203//978 202//978
f 1692//979 202//979 1693//979
f 1693//980 202//980 201//980
f 1693//981 201//981 1694//981
f 1694//982 201//982 200//982
f 1694//983 200//983 1695//983
f 1695//984 200//984 210//984
f 1695//985 210//985 1696//985
f 1696//986 210//986 209//986
f 1696//987 209//987 1697//987
f 1697//988 209//988 102//988
f 1697//989 102//989 1698//989
f 1698//990 102//990 101//990
f 1698//991 101//991 1699//991
f 101//992 175//992 1699//992
f 1699//993 175//993 174//993
f 1699//994 174//994 1700//994
f 1700//995 174//995 173//995
f 1700//996 173//996 1701//996
f 1701//997 173//997 206//997
f 1701//998 206//998 1702//998
f 1702//999 206//999 205//999
f 1702//1000 205//1000 1703//1000
f 1703//1001 205//1001 204//1001
f 1703//1002 204//1002 1704//1002
f 1704//1003 204//1003 172//1003
f 1704//1004 172//1004 1705//1004
f 1705//1005 172//1005 171//1005
f 1705//1006 171//1006 1706//1006
f 171//1007 169//1007 1706//1007
f 1706//1008 169//1008 168//1008
f 1706//1009 168//1009 1707//1009
f 1707//1010 168//1010 187//1010
f 1707//1011 187//1011 1708//1011
f 1708//1012 187//1012 186//1012
f 1708//1013 186//1013 1709//1013
f 1709//1014 186//1014 185//1014
f 1709//1015 185//1015 1710//1015
f 1710//1016 185//1016 104//1016
f 1710//1017 104//1017 1711//1017
f 1711//1018 104//1018 106//1018
f 1711//1019 106//1019 1712//1019
f 1712//1020 106//1020 108//1020
f 1712//1021 108//1021 1713//1021
f 1713//1022 108//1022 138//1022
f 1713//1023 138//1023 1714//1023
f 1715//1024 1716//1024 1717//1024
f 1717//1025 1716//1025 1718//1025
f 1717//1026 1718//1026 1714//1026
f 1714//1027 1718//1027 1719//1027
f 1714//1028 1719//1028 1713//1028
f 1713//1029 1719//1029 1720//1029
f 1713//1030 1720//1030 1712//1030
f 1712//1031 1720//1031 1721//1031
f 1712//1032 1721//1032 1711//1032
f 1711//1033 1721//1033 1722//1033
f 1711//1034 1722//1034 1710//1034
f 1710//1035 1722//1035 1723//1035
f 1710//1036 1723//1036 1709//1036
f 1709//1037 1723//1037 1724//1037
f 1709//1038 1724//1038 1708//1038
f 1708//1039 1724//1039 1725//1039
f 1708//1040 1725//1040 1707//1040
f 1707//1041 1725//1041 1726//1041
f 1707//1042 1726//1042 1706//1042
f 1706//1043 1726//1043 1727//1043
f 1706//1044 1727//1044 1705//1044
f 1705//1045 1727//1045 1728//1045
f 1705//1046 1728//1046 1704//1046
f 1704//1047 1728//1047 1729//1047
f 1704//1048 1729//1048 1703//1048
f 1703//1049 1729//1049 1730//1049
f 1703//1050 1730//1050 1702//1050
f 1702//1051 1730//1051 1731//1051
f 1702//1052 1731//1052 1701//1052
f 1701//1053 1731//1053 1732//1053
f 1701//1054 1732//1054 1700//1054
f 1700//1055 1732//1055 1733//1055
f 1700//1056 1733//1056 1699//1056
f 1699//1057 1733//1057 1734//1057
f 1699//1058 1734//1058 1698//1058
f 1698//1059 1734//1059 1735//1059
f 1698//1060 1735//1060 1697//1060
f 1697//1061 1735//1061 1736//1061
f 1697//1062 1736//1062 1696//1062
f 1696//1063 1736//1063 1737//1063
f 1696//1064 1737//1064 1695//1064
f 1695//1065 1737//1065 1738//1065
f 1695//1066 1738//1066 1694//1066
f 1694//1067 1738//1067 1739//1067
f 1694//1068 1739//1068 1693//1068
f 1693//1069 1739//1069 1740//1069
f 1693//1070 1740//1070 1692//1070
f 1692//1071 1740//1071 1741//1071
f 1692//1072 1741//1072 1691//1072
f 1691//1073 1741//1073 1742//1073
f 1691//1074 1742//1074 1690//1074
f 1690//1075 1742//1075 1743//1075
f 1690//1076 1743//1076 1689//1076
f 1689//1077 1743//1077 1744//1077
f 1689//1078 1744//1078 1688//1078
f 1688//1079 1744//1079 1745//1079
f 1688//1080 1745//1080 1687//1080
f 1687//1081 1745//1081 1746//1081
f 1687//1082 1746//1082 1686//1082
f 1686//1083 1746//1083 1747//1083
f 1686//1084 1747//1084 1685//1084
f 1685//1085 1747//1085 1748//1085
f 1685//1086 1748//1086 1684//1086
f 1684//1087 1748//1087 1749//1087
f 1684//1088 1749//1088 1683//1088
f 1683//1089 1749//1089 1750//1089
f 1683//1090 1750//1090 1682//1090
f 1682//1091 1750//1091 1751//1091
f 1682//1092 1751//1092 1678//1092
f 1678//1093 1751//1093 1752//1093
f 1678//1094 1752//1094 1677//1094
f 1677//1095 1752//1095 1753//1095
f 1465//1096 1753//1096 1679//1096
f 1679//1097 1753//1097 1752//1097
f 1679//1098 1752//1098 1680//1098
f 1680//1099 1752//1099 1751//1099
f 1680//1100 1751//1100 1681//1100
f 1681//1101 1751//1101 1750//1101
f 1681//1102 1750//1102 1622//1102
f 1622//1103 1750//1103 1749//1103
f 1622//1104 1749//1104 1624//1104
f 1624//1105 1749//1105 1748//1105
f 1624//1106 1748//1106 1625//1106
f 1625//1107 1748//1107 1747//1107
f 1625//1108 1747//1108 1632//1108
f 1632//1109 1747//1109 1746//1109
f 1632//1110 1746//1110 1631//1110
f 1631//1111 1746//1111 1745//1111
f 1631//1112 1745//1112 1629//1112
f 1629//1113 1745//1113 1744//1113
f 1629//1114 1744//1114 1636//1114
f 1636//1115 1744//1115 1743//1115
f 1636//1116 1743//1116 1637//1116
f 1637//1117 1743//1117 1742//1117
f 1637//1118 1742//1118 1639//1118
f 1639//1119 1742//1119 1741//1119
f 1639//1120 1741//1120 1619//1120
f 1619//1121 1741//1121 1740//1121
f 1619//1122 1740//1122 1620//1122
f 1620//1123 1740//1123 1739//1123
f 1620//1124 1739//1124 1644//1124
f 1644//1125 1739//1125 1738//1125
f 1644//1126 1738//1126 1642//1126
f 1642//1127 1738//1127 1737//1127
f 1642//1128 1737//1128 1651//1128
f 1651//1129 1737//1129 1736//1129
f 1651//1130 1736//1130 1649//1130
f 1649//1131 1736//1131 1735//1131
f 1649//1132 1735//1132 1647//1132
f 1647//1133 1735//1133 1734//1133
f 1647//1134 1734//1134 1654//1134
f 1654//1135 1734//1135 1733//1135
f 1654//1136 1733//1136 1665//1136
f 1665//1137 1733//1137 1732//1137
f 1665//1138 1732//1138 1664//1138
f 1664//1139 1732//1139 1731//1139
f 1664//1140 1731//1140 1662//1140
f 1662//1141 1731//1141 1730//1141
f 1662//1142 1730//1142 1660//1142
f 1660//1143 1730//1143 1729//1143
f 1660//1144 1729//1144 1668//1144
f 1668//1145 1729//1145 1728//1145
f 1668//1146 1728//1146 1666//1146
f 1666//1147 1728//1147 1727//1147
f 1666//1148 1727//1148 1673//1148
f 1673//1149 1727//1149 1726//1149
f 1673//1150 1726//1150 1671//1150
f 1671//1151 1726//1151 1725//1151
f 1671//1152 1725//1152 1754//1152
f 1754//1153 1725//1153 1724//1153
f 1754//1154 1724//1154 1755//1154
f 1755//1155 1724//1155 1723//1155
f 1755//1156 1723//1156 1756//1156
f 1756//1157 1723//1157 1722//1157
f 1756//1158 1722//1158 1757//1158
f 1757//1159 1722//1159 1721//1159
f 1757//1160 1721//1160 1758//1160
f 1758//1161 1721//1161 1720//1161
f 1758//1162 1720//1162 1759//1162
f 1759//1163 1720//1163 1719//1163
f 1759//1164 1719//1164 1760//1164
f 1760//1165 1719//1165 1718//1165
f 1760//1166 1718//1166 1761//1166
f 1761//1167 1718//1167 1716//1167
f 1761//1168 1716//1168 139//1168
f 1715//1169 139//1169 1716//1169
f 138//1170 137//1170 1714//1170
f 1714//1171 137//1171 135//1171
f 1714//1172 135//1172 1717//1172
f 1717//1173 135//1173 134//1173
f 1717//1174 134//1174 1715//1174
f 1715//1175 134//1175 139//1175
f 139//1176 306//1176 1761//1176
f 1761//1177 306//1177 305//1177
f 1761//1178 305//1178 1760//1178
f 1760//1179 305//1179 304//1179
f 1760//1180 304//1180 1759//1180
f 1759//1181 304//1181 303//1181
f 1759//1182 303//1182 1758//1182
f 1758//1183 303//1183 300//1183
f 1758//1184 300//1184 1757//1184
f 1757//1185 300//1185 299//1185
f 1757//1186 299//1186 1756//1186
f 1756//1187 299//1187 309//1187
f 1756//1188 309//1188 1755//1188
f 1755//1189 309//1189 308//1189
f 1755//1190 308//1190 1754//1190
f 1754//1191 308//1191 307//1191
f 1754//1192 307//1192 1671//1192
f 1671//1193 307//1193 1762//1193
f 1671//1194 1762//1194 1672//1194
f 1677//1195 1753//1195 1763//1195
f 1764//1196 1765//1196 1766//1196
f 1389//1197 1767//1197 1768//1197
f 30//1198 1769//1198 29//1198
f 29//1199 1769//1199 1770//1199
f 29//1200 1770//1200 27//1200
f 27//1201 1770//1201 1771//1201
f 27//1202 1771//1202 33//1202
f 33//1203 1771//1203 1772//1203
f 33//1204 1772//1204 34//1204
f 34//1205 1772//1205 1773//1205
f 34//1206 1773//1206 35//1206
f 35//1207 1773//1207 1774//1207
f 35//1208 1774//1208 36//1208
f 36//1209 1774//1209 1775//1209
f 36//1210 1775//1210 37//1210
f 37//1211 1775//1211 1776//1211
f 37//1212 1776//1212 31//1212
f 31//1213 1776//1213 1777//1213
f 31//1214 1777//1214 32//1214
f 32//1215 1777//1215 1778//1215
f 32//1216 1778//1216 38//1216
f 38//1217 1778//1217 1779//1217
f 38//1218 1779//1218 39//1218
f 39//1219 1779//1219 1780//1219
f 39//1220 1780//1220 40//1220
f 40//1221 1780//1221 1781//1221
f 40//1222 1781//1222 41//1222
f 41//1223 1781//1223 1766//1223
f 41//1224 1766//1224 42//1224
f 42//1225 1766//1225 1765//1225
f 42//1226 1765//1226 43//1226
f 30//1227 1676//1227 1769//1227
f 1769//1228 1676//1228 1782//1228
f 1769//1229 1782//1229 1770//1229
f 1770//1230 1782//1230 1783//1230
f 1770//1231 1783//1231 1771//1231
f 1771//1232 1783//1232 1784//1232
f 1771//1233 1784//1233 1772//1233
f 1772//1234 1784//1234 1785//1234
f 1772//1235 1785//1235 1773//1235
f 1773//1236 1785//1236 1786//1236
f 1773//1237 1786//1237 1774//1237
f 1774//1238 1786//1238 1787//1238
f 1774//1239 1787//1239 1775//1239
f 1775//1240 1787//1240 1788//1240
f 1775//1241 1788//1241 1776//1241
f 1776//1242 1788//1242 1789//1242
f 1776//1243 1789//1243 1777//1243
f 1777//1244 1789//1244 1790//1244
f 1777//1245 1790//1245 1778//1245
f 1778//1246 1790//1246 1791//1246
f 1778//1247 1791//1247 1779//1247
f 1779//1248 1791//1248 1792//1248
f 1779//1249 1792//1249 1780//1249
f 1780//1250 1792//1250 1793//1250
f 1780//1251 1793//1251 1781//1251
f 1781//1252 1793//1252 1794//1252
f 1781//1253 1794//1253 1766//1253
f 1766//1254 1794//1254 1795//1254
f 1766//1255 1795//1255 1764//1255
f 1764//1256 1795//1256 1796//1256
f 1676//1257 1677//1257 1782//1257
f 1782//1258 1677//1258 1763//1258
f 1782//1259 1763//1259 1783//1259
f 1783//1260 1763//1260 1797//1260
f 1783//1261 1797//1261 1784//1261
f 1784//1262 1797//1262 1798//1262
f 1784//1263 1798//1263 1785//1263
f 1785//1264 1798//1264 1799//1264
f 1785//1265 1799//1265 1786//1265
f 1786//1266 1799//1266 1800//1266
f 1786//1267 1800//1267 1787//1267
f 1787//1268 1800//1268 1801//1268
f 1787//1269 1801//1269 1788//1269
f 1788//1270 1801//1270 1802//1270
f 1788//1271 1802//1271 1789//1271
f 1789//1272 1802//1272 1803//1272
f 1789//1273 1803//1273 1790//1273
f 1790//1274 1803//1274 1804//1274
f 1790//1275 1804//1275 1791//1275
f 1791//1276 1804//1276 1805//1276
f 1791//1277 1805//1277 1792//1277
f 1792//1278 1805//1278 1806//1278
f 1792//1279 1806//1279 1793//1279
f 1793//1280 1806//1280 1807//1280
f 1793//1281 1807//1281 1794//1281
f 1794//1282 1807//1282 1808//1282
f 1794//1283 1808//1283 1795//1283
f 1795//1284 1808//1284 1768//1284
f 1795//1285 1768//1285 1796//1285
f 1796//1286 1768//1286 1767//1286
f 1389//1287 1768//1287 1484//1287
f 1484//1288 1768//1288 1808//1288
f 1484//1289 1808//1289 1485//1289
f 1485//1290 1808//1290 1807//1290
f 1485//1291 1807//1291 1486//1291
f 1486//1292 1807//1292 1806//1292
f 1486//1293 1806//1293 1487//1293
f 1487//1294 1806//1294 1805//1294
f 1487//1295 1805//1295 1483//1295
f 1483//1296 1805//1296 1804//1296
f 1483//1297 1804//1297 1481//1297
f 1481//1298 1804//1298 1803//1298
f 1481//1299 1803//1299 1476//1299
f 1476//1300 1803//1300 1802//1300
f 1476//1301 1802//1301 1477//1301
f 1477//1302 1802//1302 1801//1302
f 1477//1303 1801//1303 1478//1303
f 1478//1304 1801//1304 1800//1304
f 1478//1305 1800//1305 1479//1305
f 1479//1306 1800//1306 1799//1306
f 1479//1307 1799//1307 1480//1307
f 1480//1308 1799//1308 1798//1308
f 1480//1309 1798//1309 1474//1309
f 1474//1310 1798//1310 1797//1310
f 1474//1311 1797//1311 1472//1311
f 1472//1312 1797//1312 1763//1312
f 1472//1313 1763//1313 1466//1313
f 1466//1314 1763//1314 1753//1314
f 1466//1315 1753//1315 1465//1315
f 1389//1316 742//1316 1767//1316
f 1767//1317 742//1317 809//1317
f 1767//1318 809//1318 1796//1318
f 1796//1319 809//1319 1764//1319
f 1764//1320 809//1320 808//1320
f 1764//1321 808//1321 1765//1321
f 1765//1322 808//1322 71//1322
f 1765//1323 71//1323 43//1323
f 1809//1324 11//1324 795//1324
f 795//1325 11//1325 10//1325
f 1809//1326 795//1326 1810//1326
f 1810//1327 795//1327 794//1327
f 1810//1328 794//1328 1811//1328
f 1811//1329 794//1329 1812//1329
f 1812//1330 794//1330 753//1330
f 1812//1331 753//1331 273//1331
f 139//1332 1813//1332 1814//1332
f 1815//1333 1816//1333 1817//1333
f 1818//1334 1819//1334 1815//1334
f 1820//1335 1821//1335 1822//1335
f 1823//1336 1824//1336 1820//1336
f 1825//1337 1826//1337 1827//1337
f 1828//1338 1829//1338 1825//1338
f 1830//1339 1831//1339 1832//1339
f 1833//1340 1834//1340 1835//1340
f 1836//1341 1837//1341 1462//1341
f 1462//1342 1837//1342 1838//1342
f 1838//1343 1837//1343 1839//1343
f 1838//1344 1839//1344 1840//1344
f 1840//1345 1839//1345 1841//1345
f 1840//1346 1841//1346 1842//1346
f 1842//1347 1841//1347 1819//1347
f 1842//1348 1819//1348 1843//1348
f 1818//1349 1844//1349 1819//1349
f 1819//1350 1844//1350 1845//1350
f 1819//1351 1845//1351 1843//1351
f 1846//1352 1847//1352 1848//1352
f 1848//1353 1847//1353 1849//1353
f 1848//1354 1849//1354 1850//1354
f 1850//1355 1849//1355 1851//1355
f 1850//1356 1851//1356 1852//1356
f 1853//1357 1854//1357 1846//1357
f 1846//1358 1854//1358 1855//1358
f 1846//1359 1855//1359 1847//1359
f 1846//1360 1856//1360 1853//1360
f 1853//1361 1856//1361 1824//1361
f 1853//1362 1824//1362 1857//1362
f 1857//1363 1824//1363 1823//1363
f 1857//1364 1823//1364 1858//1364
f 1859//1365 1860//1365 1835//1365
f 1835//1366 1860//1366 1861//1366
f 1835//1367 1861//1367 1833//1367
f 1835//1368 1862//1368 1859//1368
f 1859//1369 1862//1369 1863//1369
f 1859//1370 1863//1370 1864//1370
f 1864//1371 1863//1371 1865//1371
f 1864//1372 1865//1372 1866//1372
f 1866//1373 1865//1373 1867//1373
f 1866//1374 1867//1374 1868//1374
f 1868//1375 1867//1375 1869//1375
f 1868//1376 1869//1376 1870//1376
f 1870//1377 1869//1377 1829//1377
f 1870//1378 1829//1378 1871//1378
f 1871//1379 1829//1379 1828//1379
f 1871//1380 1828//1380 1872//1380
f 1873//1381 1874//1381 1875//1381
f 1875//1382 1874//1382 1876//1382
f 1875//1383 1876//1383 1877//1383
f 1878//1384 293//1384 292//1384
f 1879//1385 1878//1385 1880//1385
f 1878//1386 292//1386 1880//1386
f 1880//1387 292//1387 291//1387
f 1880//1388 291//1388 1881//1388
f 1881//1389 291//1389 289//1389
f 1881//1390 289//1390 1882//1390
f 1882//1391 289//1391 287//1391
f 1882//1392 287//1392 1883//1392
f 1883//1393 287//1393 286//1393
f 1883//1394 286//1394 1873//1394
f 1873//1395 286//1395 1884//1395
f 1873//1396 1884//1396 1874//1396
f 1832//1397 1879//1397 1830//1397
f 1830//1398 1879//1398 1880//1398
f 1830//1399 1880//1399 1885//1399
f 1885//1400 1880//1400 1881//1400
f 1885//1401 1881//1401 1886//1401
f 1886//1402 1881//1402 1882//1402
f 1886//1403 1882//1403 1887//1403
f 1887//1404 1882//1404 1883//1404
f 1887//1405 1883//1405 1888//1405
f 1888//1406 1883//1406 1873//1406
f 1888//1407 1873//1407 1889//1407
f 1889//1408 1873//1408 1875//1408
f 1889//1409 1875//1409 1890//1409
f 1890//1410 1875//1410 1877//1410
f 1890//1411 1877//1411 1891//1411
f 1831//1412 1830//1412 1892//1412
f 1892//1413 1830//1413 1885//1413
f 1892//1414 1885//1414 1893//1414
f 1893//1415 1885//1415 1886//1415
f 1893//1416 1886//1416 1894//1416
f 1894//1417 1886//1417 1887//1417
f 1894//1418 1887//1418 1895//1418
f 1895//1419 1887//1419 1888//1419
f 1895//1420 1888//1420 1896//1420
f 1896//1421 1888//1421 1889//1421
f 1896//1422 1889//1422 1897//1422
f 1897//1423 1889//1423 1890//1423
f 1897//1424 1890//1424 1898//1424
f 1898//1425 1890//1425 1891//1425
f 1898//1426 1891//1426 1899//1426
f 1899//1427 89//1427 1898//1427
f 1898//1428 89//1428 88//1428
f 1898//1429 88//1429 1897//1429
f 1897//1430 88//1430 155//1430
f 1897//1431 155//1431 1896//1431
f 1896//1432 155//1432 154//1432
f 1896//1433 154//1433 1895//1433
f 1895//1434 154//1434 153//1434
f 1895//1435 153//1435 1894//1435
f 1894//1436 153//1436 213//1436
f 1894//1437 213//1437 1893//1437
f 1893//1438 213//1438 212//1438
f 1893//1439 212//1439 1892//1439
f 1892//1440 212//1440 211//1440
f 1892//1441 211//1441 1831//1441
f 1831//1442 211//1442 26//1442
f 1831//1443 26//1443 1832//1443
f 115//1444 114//1444 1899//1444
f 1899//1445 114//1445 113//1445
f 1899//1446 113//1446 89//1446
f 1825//1447 1829//1447 1826//1447
f 1826//1448 1829//1448 1869//1448
f 1826//1449 1869//1449 1900//1449
f 1900//1450 1869//1450 1867//1450
f 1900//1451 1867//1451 1901//1451
f 1901//1452 1867//1452 1865//1452
f 1901//1453 1865//1453 1902//1453
f 1902//1454 1865//1454 1863//1454
f 1902//1455 1863//1455 1903//1455
f 1903//1456 1863//1456 1862//1456
f 1903//1457 1862//1457 1904//1457
f 1904//1458 1862//1458 1835//1458
f 1904//1459 1835//1459 1905//1459
f 1905//1460 1835//1460 1834//1460
f 1905//1461 1834//1461 1906//1461
f 1827//1462 1826//1462 1907//1462
f 1907//1463 1826//1463 1900//1463
f 1907//1464 1900//1464 1908//1464
f 1908//1465 1900//1465 1901//1465
f 1908//1466 1901//1466 1909//1466
f 1909//1467 1901//1467 1902//1467
f 1909//1468 1902//1468 1910//1468
f 1910//1469 1902//1469 1903//1469
f 1910//1470 1903//1470 1911//1470
f 1911//1471 1903//1471 1904//1471
f 1911//1472 1904//1472 1912//1472
f 1912//1473 1904//1473 1905//1473
f 1912//1474 1905//1474 1913//1474
f 1913//1475 1905//1475 1906//1475
f 1913//1476 1906//1476 1914//1476
f 1876//1477 1872//1477 1877//1477
f 1877//1478 1872//1478 1828//1478
f 1877//1479 1828//1479 1891//1479
f 1891//1480 1828//1480 1825//1480
f 1891//1481 1825//1481 1899//1481
f 1899//1482 1825//1482 1827//1482
f 1899//1483 1827//1483 115//1483
f 115//1484 1827//1484 1907//1484
f 115//1485 1907//1485 196//1485
f 196//1486 1907//1486 1908//1486
f 196//1487 1908//1487 195//1487
f 195//1488 1908//1488 1909//1488
f 195//1489 1909//1489 194//1489
f 194//1490 1909//1490 1910//1490
f 194//1491 1910//1491 197//1491
f 197//1492 1910//1492 1911//1492
f 197//1493 1911//1493 198//1493
f 198//1494 1911//1494 1912//1494
f 198//1495 1912//1495 199//1495
f 199//1496 1912//1496 1913//1496
f 199//1497 1913//1497 207//1497
f 207//1498 1913//1498 1914//1498
f 145//1499 144//1499 1914//1499
f 1914//1500 144//1500 208//1500
f 1914//1501 208//1501 207//1501
f 1820//1502 1824//1502 1821//1502
f 1821//1503 1824//1503 1856//1503
f 1821//1504 1856//1504 1915//1504
f 1915//1505 1856//1505 1846//1505
f 1915//1506 1846//1506 1916//1506
f 1916//1507 1846//1507 1848//1507
f 1916//1508 1848//1508 1917//1508
f 1917//1509 1848//1509 1850//1509
f 1917//1510 1850//1510 1918//1510
f 1918//1511 1850//1511 1852//1511
f 1918//1512 1852//1512 1919//1512
f 1822//1513 1821//1513 1920//1513
f 1920//1514 1821//1514 1915//1514
f 1920//1515 1915//1515 1921//1515
f 1921//1516 1915//1516 1916//1516
f 1921//1517 1916//1517 1922//1517
f 1922//1518 1916//1518 1917//1518
f 1922//1519 1917//1519 1923//1519
f 1923//1520 1917//1520 1918//1520
f 1923//1521 1918//1521 1924//1521
f 1924//1522 1918//1522 1919//1522
f 1924//1523 1919//1523 1925//1523
f 1833//1524 1858//1524 1834//1524
f 1834//1525 1858//1525 1823//1525
f 1834//1526 1823//1526 1906//1526
f 1906//1527 1823//1527 1820//1527
f 1906//1528 1820//1528 1914//1528
f 1914//1529 1820//1529 1822//1529
f 1914//1530 1822//1530 145//1530
f 145//1531 1822//1531 1920//1531
f 145//1532 1920//1532 147//1532
f 147//1533 1920//1533 1921//1533
f 147//1534 1921//1534 191//1534
f 191//1535 1921//1535 1922//1535
f 191//1536 1922//1536 192//1536
f 192//1537 1922//1537 1923//1537
f 192//1538 1923//1538 193//1538
f 193//1539 1923//1539 1924//1539
f 193//1540 1924//1540 148//1540
f 148//1541 1924//1541 1925//1541
f 152//1542 151//1542 1925//1542
f 1925//1543 151//1543 149//1543
f 1925//1544 149//1544 148//1544
f 1462//1545 1461//1545 1836//1545
f 1836//1546 1461//1546 1460//1546
f 1836//1547 1460//1547 1926//1547
f 1926//1548 1460//1548 1459//1548
f 1926//1549 1459//1549 1927//1549
f 1815//1550 1819//1550 1816//1550
f 1816//1551 1819//1551 1841//1551
f 1816//1552 1841//1552 1928//1552
f 1928//1553 1841//1553 1839//1553
f 1928//1554 1839//1554 1929//1554
f 1929//1555 1839//1555 1837//1555
f 1929//1556 1837//1556 1930//1556
f 1930//1557 1837//1557 1836//1557
f 1930//1558 1836//1558 1931//1558
f 1931//1559 1836//1559 1926//1559
f 1931//1560 1926//1560 1932//1560
f 1932//1561 1926//1561 1927//1561
f 1932//1562 1927//1562 1933//1562
f 1934//1563 1458//1563 1456//1563
f 1817//1564 1816//1564 1935//1564
f 1935//1565 1816//1565 1928//1565
f 1935//1566 1928//1566 1936//1566
f 1936//1567 1928//1567 1929//1567
f 1936//1568 1929//1568 1937//1568
f 1937//1569 1929//1569 1930//1569
f 1937//1570 1930//1570 1938//1570
f 1938//1571 1930//1571 1931//1571
f 1938//1572 1931//1572 1939//1572
f 1939//1573 1931//1573 1932//1573
f 1939//1574 1932//1574 1940//1574
f 1940//1575 1932//1575 1933//1575
f 1940//1576 1933//1576 1941//1576
f 1851//1577 1844//1577 1852//1577
f 1852//1578 1844//1578 1818//1578
f 1852//1579 1818//1579 1919//1579
f 1919//1580 1818//1580 1815//1580
f 1919//1581 1815//1581 1925//1581
f 1925//1582 1815//1582 1817//1582
f 1925//1583 1817//1583 152//1583
f 152//1584 1817//1584 1935//1584
f 152//1585 1935//1585 182//1585
f 182//1586 1935//1586 1936//1586
f 182//1587 1936//1587 183//1587
f 183//1588 1936//1588 1937//1588
f 183//1589 1937//1589 184//1589
f 184//1590 1937//1590 1938//1590
f 184//1591 1938//1591 99//1591
f 99//1592 1938//1592 1939//1592
f 99//1593 1939//1593 97//1593
f 97//1594 1939//1594 1940//1594
f 97//1595 1940//1595 96//1595
f 96//1596 1940//1596 1941//1596
f 143//1597 142//1597 1941//1597
f 1941//1598 142//1598 141//1598
f 1941//1599 141//1599 96//1599
f 1942//1600 1814//1600 1943//1600
f 1943//1601 1814//1601 1944//1601
f 1943//1602 1944//1602 1945//1602
f 1945//1603 1944//1603 1946//1603
f 1945//1604 1946//1604 1947//1604
f 1947//1605 1946//1605 1948//1605
f 1947//1606 1948//1606 1934//1606
f 1814//1607 1813//1607 1944//1607
f 1944//1608 1813//1608 1949//1608
f 1944//1609 1949//1609 1946//1609
f 1946//1610 1949//1610 1950//1610
f 1946//1611 1950//1611 1948//1611
f 1942//1612 139//1612 1814//1612
f 1934//1613 1456//1613 1947//1613
f 1947//1614 1456//1614 1455//1614
f 1947//1615 1455//1615 1945//1615
f 1945//1616 1455//1616 1453//1616
f 1945//1617 1453//1617 1943//1617
f 1943//1618 1453//1618 1454//1618
f 1943//1619 1454//1619 1942//1619
f 1942//1620 1454//1620 139//1620
f 1459//1621 1458//1621 1927//1621
f 1927//1622 1458//1622 1934//1622
f 1927//1623 1934//1623 1933//1623
f 1933//1624 1934//1624 1948//1624
f 1933//1625 1948//1625 1941//1625
f 1941//1626 1948//1626 1950//1626
f 1941//1627 1950//1627 143//1627
f 143//1628 1950//1628 1949//1628
f 143//1629 1949//1629 110//1629
f 110//1630 1949//1630 1813//1630
f 110//1631 1813//1631 111//1631
f 111//1632 1813//1632 139//1632
f 1832//1633 26//1633 25//1633
f 1879//1634 1832//1634 1951//1634
f 1832//1635 25//1635 1951//1635
f 1951//1636 25//1636 24//1636
f 1951//1637 24//1637 1952//1637
f 1952//1638 24//1638 23//1638
f 1952//1639 23//1639 1953//1639
f 1953//1640 23//1640 22//1640
f 1953//1641 22//1641 1954//1641
f 1954//1642 22//1642 21//1642
f 1954//1643 21//1643 1955//1643
f 1955//1644 21//1644 20//1644
f 1955//1645 20//1645 1956//1645
f 1956//1646 20//1646 19//1646
f 1956//1647 19//1647 1957//1647
f 1957//1648 19//1648 18//1648
f 1957//1649 18//1649 1958//1649
f 1958//1650 18//1650 17//1650
f 1958//1651 17//1651 1959//1651
f 1959//1652 17//1652 16//1652
f 1959//1653 16//1653 1960//1653
f 1960//1654 16//1654 15//1654
f 1960//1655 15//1655 1961//1655
f 1961//1656 15//1656 14//1656
f 1961//1657 14//1657 1962//1657
f 1962//1658 14//1658 12//1658
f 1962//1659 12//1659 1963//1659
f 1963//1660 1964//1660 1962//1660
f 1962//1661 1964//1661 1965//1661
f 1962//1662 1965//1662 1961//1662
f 1961//1663 1965//1663 1966//1663
f 1961//1664 1966//1664 1960//1664
f 1960//1665 1966//1665 1967//1665
f 1960//1666 1967//1666 1959//1666
f 1959//1667 1967//1667 1968//1667
f 1959//1668 1968//1668 1958//1668
f 1958//1669 1968//1669 1969//1669
f 1958//1670 1969//1670 1957//1670
f 1957//1671 1969//1671 1970//1671
f 1957//1672 1970//1672 1956//1672
f 1956//1673 1970//1673 1971//1673
f 1956//1674 1971//1674 1955//1674
f 1955//1675 1971//1675 1972//1675
f 1955//1676 1972//1676 1954//1676
f 1954//1677 1972//1677 1973//1677
f 1954//1678 1973//1678 1953//1678
f 1953//1679 1973//1679 1974//1679
f 1953//1680 1974//1680 1952//1680
f 1952//1681 1974//1681 1975//1681
f 1952//1682 1975//1682 1951//1682
f 1951//1683 1975//1683 1976//1683
f 1951//1684 1976//1684 1879//1684
f 1879//1685 1976//1685 1878//1685
f 1964//1686 1977//1686 1965//1686
f 1965//1687 1977//1687 1978//1687
f 1965//1688 1978//1688 1966//1688
f 1966//1689 1978//1689 1979//1689
f 1966//1690 1979//1690 1967//1690
f 1967//1691 1979//1691 1980//1691
f 1967//1692 1980//1692 1968//1692
f 1968//1693 1980//1693 1981//1693
f 1968//1694 1981//1694 1969//1694
f 1969//1695 1981//1695 1982//1695
f 1969//1696 1982//1696 1970//1696
f 1970//1697 1982//1697 1983//1697
f 1970//1698 1983//1698 1971//1698
f 1971//1699 1983//1699 1984//1699
f 1971//1700 1984//1700 1972//1700
f 1972//1701 1984//1701 1985//1701
f 1972//1702 1985//1702 1973//1702
f 1973//1703 1985//1703 1986//1703
f 1973//1704 1986//1704 1974//1704
f 1974//1705 1986//1705 1987//1705
f 1974//1706 1987//1706 1975//1706
f 1975//1707 1987//1707 1988//1707
f 1975//1708 1988//1708 1976//1708
f 1976//1709 1988//1709 1989//1709
f 1976//1710 1989//1710 1878//1710
f 1878//1711 1989//1711 293//1711
f 12//1712 11//1712 1963//1712
f 1963//1713 11//1713 1809//1713
f 1963//1714 1809//1714 1964//1714
f 1964//1715 1809//1715 1810//1715
f 1964//1716 1810//1716 1977//1716
f 1977//1717 1810//1717 1811//1717
f 1977//1718 1811//1718 1812//1718
f 293//1719 1989//1719 294//1719
f 294//1720 1989//1720 1988//1720
f 294//1721 1988//1721 295//1721
f 295//1722 1988//1722 1987//1722
f 295//1723 1987//1723 297//1723
f 297//1724 1987//1724 1986//1724
f 297//1725 1986//1725 298//1725
f 298//1726 1986//1726 1985//1726
f 298//1727 1985//1727 281//1727
f 281//1728 1985//1728 1984//1728
f 281//1729 1984//1729 282//1729
f 282//1730 1984//1730 1983//1730
f 282//1731 1983//1731 284//1731
f 284//1732 1983//1732 1982//1732
f 284//1733 1982//1733 285//1733
f 285//1734 1982//1734 1981//1734
f 285//1735 1981//1735 277//1735
f 277//1736 1981//1736 1980//1736
f 277//1737 1980//1737 278//1737
f 278//1738 1980//1738 1979//1738
f 278//1739 1979//1739 279//1739
f 279//1740 1979//1740 1978//1740
f 279//1741 1978//1741 280//1741
f 280//1742 1978//1742 1977//1742
f 280//1743 1977//1743 275//1743
f 275//1744 1977//1744 1812//1744
f 275//1745 1812//1745 273//1745
f 716//135 715//135 1990//135
f 1990//135 715//135 1403//135
f 1990//135 1403//135 1991//135
f 1992//136 1409//136 1993//136
f 1993//136 1409//136 724//136
f 1993//136 724//136 710//136
f 1994//521 1995//521 1996//521
f 1996//521 1995//521 1997//521
f 1998//521 1992//521 1999//521
f 1996//521 2000//521 1994//521
f 1994//521 2000//521 2001//521
f 1994//521 2001//521 1993//521
f 1993//521 2001//521 2002//521
f 1993//521 2002//521 1992//521
f 1992//521 2002//521 2003//521
f 1992//521 2003//521 1999//521
f 1997//521 1995//521 2004//521
f 2004//521 1995//521 2005//521
f 2004//521 2005//521 2006//521
f 1999//521 2007//521 1998//521
f 1998//521 2007//521 2008//521
f 1998//521 2008//521 2009//521
f 2009//521 2008//521 2010//521
f 2009//521 2010//521 2006//521
f 2006//521 2005//521 2009//521
f 2009//521 2005//521 2011//521
f 2009//521 2011//521 2012//521
f 2012//521 2011//521 2013//521
f 2012//521 2013//521 2014//521
f 2014//521 2013//521 2015//521
f 2014//521 2015//521 2016//521
f 2016//521 2015//521 2017//521
f 2016//521 2017//521 2018//521
f 1991//521 2019//521 1990//521
f 1990//521 2019//521 2020//521
f 1990//521 2020//521 2021//521
f 2021//521 2020//521 2022//521
f 2023//521 2024//521 2025//521
f 2022//521 2026//521 2021//521
f 2021//521 2026//521 2027//521
f 2021//521 2027//521 2028//521
f 2028//521 2027//521 2029//521
f 2028//521 2029//521 2023//521
f 2023//521 2029//521 2030//521
f 2023//521 2030//521 2024//521
f 2031//521 2032//521 1991//521
f 1991//521 2032//521 2033//521
f 1991//521 2033//521 2019//521
f 2034//521 2035//521 2036//521
f 2036//521 2035//521 2037//521
f 2036//521 2037//521 2038//521
f 2039//521 2023//521 2040//521
f 2040//521 2023//521 2025//521
f 2040//521 2025//521 2031//521
f 2031//521 2025//521 2041//521
f 2031//521 2041//521 2032//521
f 2034//521 2036//521 2042//521
f 2042//521 2036//521 2043//521
f 2042//521 2043//521 2018//521
f 2039//521 2040//521 2044//521
f 2044//521 2040//521 2045//521
f 2044//521 2045//521 2046//521
f 2046//521 2045//521 2047//521
f 2046//521 2047//521 2048//521
f 2048//521 2047//521 2049//521
f 2048//521 2049//521 2050//521
f 2051//521 2042//521 2052//521
f 2052//521 2042//521 2018//521
f 2052//521 2018//521 2053//521
f 2053//521 2018//521 2017//521
f 2037//521 2054//521 2038//521
f 2038//521 2054//521 2055//521
f 2038//521 2055//521 2056//521
f 2056//521 2055//521 2057//521
f 2056//521 2057//521 2049//521
f 2049//521 2057//521 2058//521
f 2049//521 2058//521 2050//521
f 2050//521 2058//521 2059//521
f 2050//521 2059//521 2060//521
f 2060//521 2059//521 2061//521
f 2060//521 2061//521 2052//521
f 2052//521 2061//521 2062//521
f 2052//521 2062//521 2051//521
f 716//521 1990//521 2063//521
f 2063//521 1990//521 2064//521
f 2063//521 2065//521 716//521
f 716//521 2065//521 2066//521
f 716//521 2066//521 737//521
f 737//521 2066//521 2067//521
f 737//521 2067//521 2068//521
f 2068//521 2067//521 2069//521
f 2070//521 2021//521 2071//521
f 2071//521 2021//521 2068//521
f 2071//521 2068//521 2072//521
f 2072//521 2068//521 2069//521
f 2070//521 2073//521 2021//521
f 2021//521 2073//521 2074//521
f 2021//521 2074//521 1990//521
f 1990//521 2074//521 2075//521
f 1990//521 2075//521 2064//521
f 2076//521 2077//521 1994//521
f 1994//521 2077//521 2078//521
f 1994//521 2078//521 2079//521
f 2080//521 710//521 2081//521
f 2081//521 710//521 734//521
f 2081//521 734//521 2082//521
f 2082//521 734//521 2079//521
f 2082//521 2079//521 2083//521
f 2083//521 2079//521 2078//521
f 2080//521 2084//521 710//521
f 710//521 2084//521 2085//521
f 710//521 2085//521 1993//521
f 2085//521 2086//521 1993//521
f 1993//521 2086//521 2087//521
f 1993//521 2087//521 1994//521
f 1994//521 2087//521 2088//521
f 1994//521 2088//521 2076//521
f 1991//1746 1403//1746 2031//1746
f 2031//1746 1403//1746 1418//1746
f 2031//1747 1418//1747 2040//1747
f 2040//1747 1418//1747 1415//1747
f 2040//1748 1415//1748 2045//1748
f 2045//1748 1415//1748 1404//1748
f 2045//1749 1404//1749 2047//1749
f 2047//1749 1404//1749 1406//1749
f 2047//1750 1406//1750 2049//1750
f 2049//1750 1406//1750 1442//1750
f 2049//1751 1442//1751 2056//1751
f 2056//1751 1442//1751 1444//1751
f 2056//1752 1444//1752 2038//1752
f 2038//1752 1444//1752 1437//1752
f 2038//213 1437//213 2036//213
f 2036//213 1437//213 1426//213
f 2036//1753 1426//1753 2043//1753
f 2043//1753 1426//1753 1428//1753
f 2043//1754 1428//1754 2018//1754
f 2018//1755 1428//1755 1424//1755
f 1409//1756 1992//1756 1411//1756
f 1411//1756 1992//1756 1998//1756
f 1411//1757 1998//1757 1413//1757
f 1413//1757 1998//1757 2009//1757
f 1413//1758 2009//1758 1414//1758
f 1414//1758 2009//1758 2012//1758
f 1414//1759 2012//1759 1422//1759
f 1422//1759 2012//1759 2014//1759
f 1422//1760 2014//1760 1424//1760
f 1424//1760 2014//1760 2016//1760
f 1424//1761 2016//1761 2018//1761
f 2089//1762 2090//1762 2091//1762
f 2092//1763 2090//1763 2089//1763
f 2089//1764 2093//1764 2094//1764
f 2095//1765 2093//1765 2089//1765
f 2091//1766 2095//1766 2089//1766
f 2089//1767 2096//1767 2097//1767
f 2098//1768 2096//1768 2089//1768
f 2094//1769 2098//1769 2089//1769
f 2089//1770 2099//1770 2100//1770
f 2101//1771 2099//1771 2089//1771
f 2097//1772 2101//1772 2089//1772
f 2100//1773 2092//1773 2089//1773
f 2092//1774 2102//1774 2090//1774
f 2090//1774 2102//1774 2103//1774
f 2090//1775 2103//1775 2091//1775
f 2091//1775 2103//1775 2104//1775
f 2091//1776 2104//1776 2095//1776
f 2095//1776 2104//1776 2105//1776
f 2095//1777 2105//1777 2093//1777
f 2093//1777 2105//1777 2106//1777
f 2093//1778 2106//1778 2094//1778
f 2094//1778 2106//1778 2107//1778
f 2094//1779 2107//1779 2098//1779
f 2098//1779 2107//1779 2108//1779
f 2098//1780 2108//1780 2096//1780
f 2096//1780 2108//1780 2109//1780
f 2096//1781 2109//1781 2097//1781
f 2097//1781 2109//1781 2110//1781
f 2097//1782 2110//1782 2101//1782
f 2101//1782 2110//1782 2111//1782
f 2101//1783 2111//1783 2099//1783
f 2099//1783 2111//1783 2112//1783
f 2099//1784 2112//1784 2100//1784
f 2100//1784 2112//1784 2113//1784
f 2100//1785 2113//1785 2092//1785
f 2092//1785 2113//1785 2102//1785
f 2103//1786 2032//1786 2104//1786
f 2104//1787 2032//1787 2041//1787
f 2104//1788 2041//1788 2105//1788
f 2105//1789 2041//1789 2025//1789
f 2105//1790 2025//1790 2106//1790
f 2106//1791 2025//1791 2024//1791
f 2106//1792 2024//1792 2107//1792
f 2107//1793 2024//1793 2030//1793
f 2107//1794 2030//1794 2108//1794
f 2108//1795 2030//1795 2029//1795
f 2108//1796 2029//1796 2109//1796
f 2109//1797 2029//1797 2027//1797
f 2109//1798 2027//1798 2110//1798
f 2110//1799 2027//1799 2026//1799
f 2110//1800 2026//1800 2111//1800
f 2111//1800 2026//1800 2022//1800
f 2111//1801 2022//1801 2112//1801
f 2112//1802 2022//1802 2020//1802
f 2112//1803 2020//1803 2113//1803
f 2113//1804 2020//1804 2019//1804
f 2113//1805 2019//1805 2102//1805
f 2102//1806 2019//1806 2033//1806
f 2102//1807 2033//1807 2103//1807
f 2103//1808 2033//1808 2032//1808
f 2114//1809 2115//1809 2116//1809
f 2117//1763 2115//1763 2114//1763
f 2114//1810 2118//1810 2119//1810
f 2120//1811 2118//1811 2114//1811
f 2116//1812 2120//1812 2114//1812
f 2114//1813 2121//1813 2122//1813
f 2123//1814 2121//1814 2114//1814
f 2119//1769 2123//1769 2114//1769
f 2114//1815 2124//1815 2125//1815
f 2126//1816 2124//1816 2114//1816
f 2122//1817 2126//1817 2114//1817
f 2125//1818 2117//1818 2114//1818
f 2117//1774 2127//1774 2115//1774
f 2115//1774 2127//1774 2128//1774
f 2115//1819 2128//1819 2116//1819
f 2116//1819 2128//1819 2129//1819
f 2116//1820 2129//1820 2120//1820
f 2120//1820 2129//1820 2130//1820
f 2120//1821 2130//1821 2118//1821
f 2118//1821 2130//1821 2131//1821
f 2118//1822 2131//1822 2119//1822
f 2119//1822 2131//1822 2132//1822
f 2119//1779 2132//1779 2123//1779
f 2123//1779 2132//1779 2133//1779
f 2123//1823 2133//1823 2121//1823
f 2121//1823 2133//1823 2134//1823
f 2121//1824 2134//1824 2122//1824
f 2122//1824 2134//1824 2135//1824
f 2122//1825 2135//1825 2126//1825
f 2126//1825 2135//1825 2136//1825
f 2126//1826 2136//1826 2124//1826
f 2124//1826 2136//1826 2137//1826
f 2124//1827 2137//1827 2125//1827
f 2125//1827 2137//1827 2138//1827
f 2125//1828 2138//1828 2117//1828
f 2117//1828 2138//1828 2127//1828
f 2128//1829 2064//1829 2129//1829
f 2129//1787 2064//1787 2075//1787
f 2129//1830 2075//1830 2130//1830
f 2130//1831 2075//1831 2074//1831
f 2130//1832 2074//1832 2131//1832
f 2131//1833 2074//1833 2073//1833
f 2131//1834 2073//1834 2132//1834
f 2132//1834 2073//1834 2070//1834
f 2132//1835 2070//1835 2133//1835
f 2133//1836 2070//1836 2071//1836
f 2133//1837 2071//1837 2134//1837
f 2134//1838 2071//1838 2072//1838
f 2134//1839 2072//1839 2135//1839
f 2135//1840 2072//1840 2069//1840
f 2135//1841 2069//1841 2136//1841
f 2136//1842 2069//1842 2067//1842
f 2136//1843 2067//1843 2137//1843
f 2137//1844 2067//1844 2066//1844
f 2137//1845 2066//1845 2138//1845
f 2138//1846 2066//1846 2065//1846
f 2138//1847 2065//1847 2127//1847
f 2127//1848 2065//1848 2063//1848
f 2127//1807 2063//1807 2128//1807
f 2128//1849 2063//1849 2064//1849
f 2139//1850 2140//1850 2141//1850
f 2142//1851 2140//1851 2139//1851
f 2139//1852 2143//1852 2144//1852
f 2145//1853 2143//1853 2139//1853
f 2141//1854 2145//1854 2139//1854
f 2139//1855 2146//1855 2147//1855
f 2148//1856 2146//1856 2139//1856
f 2144//1857 2148//1857 2139//1857
f 2139//1858 2149//1858 2150//1858
f 2151//1859 2149//1859 2139//1859
f 2147//1860 2151//1860 2139//1860
f 2150//1861 2142//1861 2139//1861
f 2142//1774 2152//1774 2140//1774
f 2140//1774 2152//1774 2153//1774
f 2140//1819 2153//1819 2141//1819
f 2141//1819 2153//1819 2154//1819
f 2141//1862 2154//1862 2145//1862
f 2145//1862 2154//1862 2155//1862
f 2145//1863 2155//1863 2143//1863
f 2143//1863 2155//1863 2156//1863
f 2143//1822 2156//1822 2144//1822
f 2144//1822 2156//1822 2157//1822
f 2144//1779 2157//1779 2148//1779
f 2148//1779 2157//1779 2158//1779
f 2148//1823 2158//1823 2146//1823
f 2146//1823 2158//1823 2159//1823
f 2146//1824 2159//1824 2147//1824
f 2147//1824 2159//1824 2160//1824
f 2147//1864 2160//1864 2151//1864
f 2151//1864 2160//1864 2161//1864
f 2151//1865 2161//1865 2149//1865
f 2149//1865 2161//1865 2162//1865
f 2149//1827 2162//1827 2150//1827
f 2150//1827 2162//1827 2163//1827
f 2150//1828 2163//1828 2142//1828
f 2142//1828 2163//1828 2152//1828
f 2153//1829 2077//1829 2154//1829
f 2154//1829 2077//1829 2076//1829
f 2154//1866 2076//1866 2155//1866
f 2155//1831 2076//1831 2088//1831
f 2155//1867 2088//1867 2156//1867
f 2156//1868 2088//1868 2087//1868
f 2156//1793 2087//1793 2157//1793
f 2157//1869 2087//1869 2086//1869
f 2157//1835 2086//1835 2158//1835
f 2158//1836 2086//1836 2085//1836
f 2158//1837 2085//1837 2159//1837
f 2159//1838 2085//1838 2084//1838
f 2159//1839 2084//1839 2160//1839
f 2160//1870 2084//1870 2080//1870
f 2160//1871 2080//1871 2161//1871
f 2161//1842 2080//1842 2081//1842
f 2161//1872 2081//1872 2162//1872
f 2162//1873 2081//1873 2082//1873
f 2162//1874 2082//1874 2163//1874
f 2163//1875 2082//1875 2083//1875
f 2163//1847 2083//1847 2152//1847
f 2152//1848 2083//1848 2078//1848
f 2152//1807 2078//1807 2153//1807
f 2153//1849 2078//1849 2077//1849
f 2164//1876 2165//1876 2166//1876
f 2167//1851 2165//1851 2164//1851
f 2164//1877 2168//1877 2169//1877
f 2170//1878 2168//1878 2164//1878
f 2166//1879 2170//1879 2164//1879
f 2164//1880 2171//1880 2172//1880
f 2173//1881 2171//1881 2164//1881
f 2169//1857 2173//1857 2164//1857
f 2164//1882 2174//1882 2175//1882
f 2176//1883 2174//1883 2164//1883
f 2172//1884 2176//1884 2164//1884
f 2175//1885 2167//1885 2164//1885
f 2167//1774 2177//1774 2165//1774
f 2165//1774 2177//1774 2178//1774
f 2165//1775 2178//1775 2166//1775
f 2166//1775 2178//1775 2179//1775
f 2166//1886 2179//1886 2170//1886
f 2170//1886 2179//1886 2180//1886
f 2170//1887 2180//1887 2168//1887
f 2168//1887 2180//1887 2181//1887
f 2168//1778 2181//1778 2169//1778
f 2169//1778 2181//1778 2182//1778
f 2169//1779 2182//1779 2173//1779
f 2173//1779 2182//1779 2183//1779
f 2173//1780 2183//1780 2171//1780
f 2171//1780 2183//1780 2184//1780
f 2171//1781 2184//1781 2172//1781
f 2172//1781 2184//1781 2185//1781
f 2172//1888 2185//1888 2176//1888
f 2176//1888 2185//1888 2186//1888
f 2176//1889 2186//1889 2174//1889
f 2174//1889 2186//1889 2187//1889
f 2174//1784 2187//1784 2175//1784
f 2175//1784 2187//1784 2188//1784
f 2175//1785 2188//1785 2167//1785
f 2167//1785 2188//1785 2177//1785
f 2178//1786 2004//1786 2179//1786
f 2179//1829 2004//1829 2006//1829
f 2179//1789 2006//1789 2180//1789
f 2180//1789 2006//1789 2010//1789
f 2180//1890 2010//1890 2181//1890
f 2181//1891 2010//1891 2008//1891
f 2181//1892 2008//1892 2182//1892
f 2182//1893 2008//1893 2007//1893
f 2182//1794 2007//1794 2183//1794
f 2183//1795 2007//1795 1999//1795
f 2183//1796 1999//1796 2184//1796
f 2184//1797 1999//1797 2003//1797
f 2184//1798 2003//1798 2185//1798
f 2185//1894 2003//1894 2002//1894
f 2185//1895 2002//1895 2186//1895
f 2186//1800 2002//1800 2001//1800
f 2186//1896 2001//1896 2187//1896
f 2187//1897 2001//1897 2000//1897
f 2187//1898 2000//1898 2188//1898
f 2188//1845 2000//1845 1996//1845
f 2188//1805 1996//1805 2177//1805
f 2177//1806 1996//1806 1997//1806
f 2177//1807 1997//1807 2178//1807
f 2178//1808 1997//1808 2004//1808
f 2189//1899 2190//1899 2191//1899
f 2192//1900 2190//1900 2189//1900
f 2189//1901 2193//1901 2194//1901
f 2195//1902 2193//1902 2189//1902
f 2191//1903 2195//1903 2189//1903
f 2189//1904 2196//1904 2197//1904
f 2198//1905 2196//1905 2189//1905
f 2194//1906 2198//1906 2189//1906
f 2189//1907 2199//1907 2200//1907
f 2201//1908 2199//1908 2189//1908
f 2197//1909 2201//1909 2189//1909
f 2200//1910 2192//1910 2189//1910
f 2192//1911 2202//1911 2190//1911
f 2190//1911 2202//1911 2203//1911
f 2190//1912 2203//1912 2191//1912
f 2191//1912 2203//1912 2204//1912
f 2191//1913 2204//1913 2195//1913
f 2195//1914 2204//1914 2205//1914
f 2195//1915 2205//1915 2193//1915
f 2193//1916 2205//1916 2206//1916
f 2193//1917 2206//1917 2194//1917
f 2194//1917 2206//1917 2207//1917
f 2194//1918 2207//1918 2198//1918
f 2198//1918 2207//1918 2208//1918
f 2198//1919 2208//1919 2196//1919
f 2196//1919 2208//1919 2209//1919
f 2196//1920 2209//1920 2197//1920
f 2197//1920 2209//1920 2210//1920
f 2197//1921 2210//1921 2201//1921
f 2201//1922 2210//1922 2211//1922
f 2201//1923 2211//1923 2199//1923
f 2199//1924 2211//1924 2212//1924
f 2199//1925 2212//1925 2200//1925
f 2200//1925 2212//1925 2213//1925
f 2200//1926 2213//1926 2192//1926
f 2192//1926 2213//1926 2202//1926
f 2203//1927 2055//1927 2204//1927
f 2204//1928 2055//1928 2054//1928
f 2204//1929 2054//1929 2205//1929
f 2205//1930 2054//1930 2037//1930
f 2205//1931 2037//1931 2206//1931
f 2206//1932 2037//1932 2035//1932
f 2206//1933 2035//1933 2207//1933
f 2207//1934 2035//1934 2034//1934
f 2207//1935 2034//1935 2208//1935
f 2208//1936 2034//1936 2042//1936
f 2208//1937 2042//1937 2209//1937
f 2209//1797 2042//1797 2051//1797
f 2209//1938 2051//1938 2210//1938
f 2210//1939 2051//1939 2062//1939
f 2210//1940 2062//1940 2211//1940
f 2211//1941 2062//1941 2061//1941
f 2211//1942 2061//1942 2212//1942
f 2212//1943 2061//1943 2059//1943
f 2212//1944 2059//1944 2213//1944
f 2213//1945 2059//1945 2058//1945
f 2213//1946 2058//1946 2202//1946
f 2202//1947 2058//1947 2057//1947
f 2202//1948 2057//1948 2203//1948
f 2203//1949 2057//1949 2055//1949
f 2214//1950 274//1950 709//1950
f 709//1950 274//1950 748//1950
f 2214//1951 709//1951 2215//1951
f 2215//1952 709//1952 708//1952
f 2215//1953 708//1953 2216//1953
f 2216//1954 708//1954 2217//1954
f 2217//1955 708//1955 721//1955
f 2217//1956 721//1956 2218//1956
f 2218//1957 721//1957 722//1957
f 2218//1957 722//1957 2219//1957
f 2219//1958 722//1958 723//1958
f 2219//1958 723//1958 1408//1958
f 2220//1959 2221//1959 2222//1959
f 2214//1960 2215//1960 2223//1960
f 2220//1961 1450//1961 1412//1961
f 2224//1962 1452//1962 1451//1962
f 2218//1963 2219//1963 2225//1963
f 2225//1964 2219//1964 1408//1964
f 2225//1965 1408//1965 1410//1965
f 2217//1966 2218//1966 2226//1966
f 2226//1967 2218//1967 2225//1967
f 2226//1968 2225//1968 2224//1968
f 2224//1969 2225//1969 1410//1969
f 2224//1970 1410//1970 1452//1970
f 2216//1971 2217//1971 2227//1971
f 2227//1972 2217//1972 2226//1972
f 2227//1973 2226//1973 2222//1973
f 2222//1974 2226//1974 2224//1974
f 2222//1975 2224//1975 2220//1975
f 2220//1976 2224//1976 1451//1976
f 2220//1977 1451//1977 1450//1977
f 2228//1978 2229//1978 2230//1978
f 2230//1979 2229//1979 2221//1979
f 2230//1980 2221//1980 2231//1980
f 2231//1981 2221//1981 2220//1981
f 2231//1982 2220//1982 2232//1982
f 2232//1983 2220//1983 1412//1983
f 2233//1984 2234//1984 2235//1984
f 2235//1985 2234//1985 2236//1985
f 2235//1986 2236//1986 2237//1986
f 2237//1987 2236//1987 2238//1987
f 2237//1988 2238//1988 2239//1988
f 2239//1989 2238//1989 2240//1989
f 2239//1990 2240//1990 2241//1990
f 2241//1991 2240//1991 2242//1991
f 2241//1992 2242//1992 2243//1992
f 2243//1993 2242//1993 276//1993
f 2243//1994 276//1994 274//1994
f 2229//1995 2244//1995 2221//1995
f 2221//1996 2244//1996 2245//1996
f 2221//1997 2245//1997 2222//1997
f 2222//1998 2245//1998 2246//1998
f 2222//1999 2246//1999 2227//1999
f 2227//2000 2246//2000 2223//2000
f 2227//2001 2223//2001 2216//2001
f 2216//2002 2223//2002 2215//2002
f 2234//2003 286//2003 2236//2003
f 2236//2004 286//2004 288//2004
f 2236//2005 288//2005 2238//2005
f 2238//2006 288//2006 290//2006
f 2238//2007 290//2007 2240//2007
f 2240//2008 290//2008 296//2008
f 2240//2009 296//2009 2242//2009
f 2242//2010 296//2010 283//2010
f 2242//2011 283//2011 276//2011
f 274//2012 2214//2012 2243//2012
f 2243//2013 2214//2013 2223//2013
f 2243//2014 2223//2014 2241//2014
f 2241//2015 2223//2015 2246//2015
f 2241//2016 2246//2016 2239//2016
f 2239//2017 2246//2017 2245//2017
f 2239//2018 2245//2018 2237//2018
f 2237//2019 2245//2019 2244//2019
f 2237//2020 2244//2020 2235//2020
f 2235//2021 2244//2021 2229//2021
f 2235//2022 2229//2022 2233//2022
f 2233//2023 2229//2023 2228//2023
f 1435//2024 2247//2024 1436//2024
f 1436//2025 2247//2025 2248//2025
f 2249//2026 2233//2026 2228//2026
f 1430//2027 1429//2027 2250//2027
f 1840//2028 1842//2028 2251//2028
f 2252//2029 2253//2029 2254//2029
f 1845//2030 1844//2030 2255//2030
f 2252//2031 1855//2031 1854//2031
f 1858//2032 2253//2032 1857//2032
f 1857//2033 2253//2033 2252//2033
f 1857//2034 2252//2034 1853//2034
f 1853//2035 2252//2035 1854//2035
f 1845//2036 2255//2036 1843//2036
f 1851//2037 1849//2037 2252//2037
f 2252//2038 1849//2038 1847//2038
f 2252//2039 1847//2039 1855//2039
f 1844//2040 1851//2040 2255//2040
f 2255//2041 1851//2041 2252//2041
f 2255//2042 2252//2042 2256//2042
f 2256//2043 2252//2043 2254//2043
f 2256//2044 2254//2044 2257//2044
f 2258//2045 1462//2045 1838//2045
f 2259//2046 2260//2046 2261//2046
f 2261//2047 2260//2047 2262//2047
f 1842//2048 1843//2048 2251//2048
f 2251//2049 1843//2049 2255//2049
f 2251//2050 2255//2050 2263//2050
f 2263//2051 2255//2051 2256//2051
f 2263//2052 2256//2052 2264//2052
f 2264//2053 2256//2053 2257//2053
f 2264//2054 2257//2054 2265//2054
f 2265//2055 2257//2055 2266//2055
f 2265//2056 2266//2056 2267//2056
f 2268//2057 2269//2057 2270//2057
f 2270//2058 2269//2058 2271//2058
f 2270//2059 2271//2059 2272//2059
f 2272//2060 2271//2060 2273//2060
f 2258//2061 2273//2061 2274//2061
f 2274//2062 2273//2062 2271//2062
f 2274//2063 2271//2063 2275//2063
f 2275//2064 2271//2064 2269//2064
f 1425//2065 1430//2065 2276//2065
f 2276//2066 1430//2066 2250//2066
f 2276//2067 2250//2067 2277//2067
f 2277//2068 2250//2068 2278//2068
f 2277//2069 2278//2069 2279//2069
f 2280//2070 2249//2070 2281//2070
f 2230//2071 2231//2071 2248//2071
f 2248//2072 2231//2072 2232//2072
f 2248//2073 2232//2073 1436//2073
f 1436//2074 2232//2074 1412//2074
f 2280//2075 2281//2075 2282//2075
f 2282//2076 2281//2076 2283//2076
f 2282//2077 2283//2077 2284//2077
f 2284//2078 2283//2078 2285//2078
f 2284//2079 2285//2079 2286//2079
f 2262//2080 2260//2080 2287//2080
f 2287//2081 2260//2081 2286//2081
f 2287//2082 2286//2082 2288//2082
f 2288//2083 2286//2083 2285//2083
f 2288//2084 2285//2084 2289//2084
f 2249//2085 2228//2085 2281//2085
f 2281//2086 2228//2086 2230//2086
f 2281//2087 2230//2087 2283//2087
f 2283//2088 2230//2088 2248//2088
f 2283//2089 2248//2089 2285//2089
f 2285//2090 2248//2090 2247//2090
f 2285//2091 2247//2091 2289//2091
f 2289//2092 2247//2092 1435//2092
f 2289//2093 1435//2093 2288//2093
f 2288//2094 1435//2094 1434//2094
f 2288//2095 1434//2095 2287//2095
f 286//2096 2234//2096 1884//2096
f 1884//2097 2234//2097 2290//2097
f 1884//2098 2290//2098 1874//2098
f 1874//2099 2290//2099 1876//2099
f 1876//2100 2290//2100 2291//2100
f 1876//2101 2291//2101 1872//2101
f 1868//2102 1870//2102 2291//2102
f 2291//2103 1870//2103 1871//2103
f 2291//2104 1871//2104 1872//2104
f 2234//2105 2233//2105 2290//2105
f 2290//2106 2233//2106 2249//2106
f 2290//2107 2249//2107 2291//2107
f 2291//2108 2249//2108 2280//2108
f 2291//2109 2280//2109 2292//2109
f 2292//2110 2280//2110 2282//2110
f 2292//2111 2282//2111 2293//2111
f 2293//2112 2282//2112 2284//2112
f 2293//2113 2284//2113 2294//2113
f 2294//2114 2284//2114 2286//2114
f 2294//2115 2286//2115 2295//2115
f 2295//2116 2286//2116 2260//2116
f 2295//2117 2260//2117 2296//2117
f 2296//2118 2260//2118 2259//2118
f 2296//2119 2259//2119 2297//2119
f 1429//2120 1427//2120 2250//2120
f 2250//2121 1427//2121 2268//2121
f 2250//2122 2268//2122 2278//2122
f 2278//2123 2268//2123 2270//2123
f 2278//2124 2270//2124 2279//2124
f 2279//2125 2270//2125 2272//2125
f 1838//2126 1840//2126 2258//2126
f 2258//2127 1840//2127 2251//2127
f 2258//2128 2251//2128 2273//2128
f 2273//2129 2251//2129 2263//2129
f 2273//2130 2263//2130 2272//2130
f 2272//2131 2263//2131 2264//2131
f 2272//2132 2264//2132 2279//2132
f 2279//2133 2264//2133 2265//2133
f 2279//2134 2265//2134 2277//2134
f 2277//2135 2265//2135 2267//2135
f 2277//2136 2267//2136 2276//2136
f 1434//2137 1421//2137 2298//2137
f 1861//2138 1860//2138 2292//2138
f 1861//2139 2292//2139 1833//2139
f 1858//2140 1833//2140 2253//2140
f 2253//2141 1833//2141 2292//2141
f 2253//2142 2292//2142 2254//2142
f 2254//2143 2292//2143 2293//2143
f 2254//2144 2293//2144 2257//2144
f 2257//2145 2293//2145 2294//2145
f 2257//2146 2294//2146 2266//2146
f 2266//2147 2294//2147 2295//2147
f 2266//2148 2295//2148 2267//2148
f 2267//2149 2295//2149 2296//2149
f 2267//2150 2296//2150 2276//2150
f 2276//2151 2296//2151 2297//2151
f 2276//2152 2297//2152 1425//2152
f 1425//2153 2297//2153 2259//2153
f 1425//2154 2259//2154 1423//2154
f 1423//2155 2259//2155 2261//2155
f 1423//2156 2261//2156 1421//2156
f 1421//2157 2261//2157 2262//2157
f 1421//2158 2262//2158 2298//2158
f 2298//2159 2262//2159 2299//2159
f 2298//2160 2299//2160 1434//2160
f 1434//2161 2299//2161 2300//2161
f 1434//2162 2300//2162 2287//2162
f 2287//2163 2300//2163 2299//2163
f 2287//2164 2299//2164 2262//2164
f 1860//2165 1859//2165 2292//2165
f 2292//2166 1859//2166 1864//2166
f 2292//2167 1864//2167 2291//2167
f 2291//2168 1864//2168 1866//2168
f 2291//2169 1866//2169 1868//2169
f 2268//2170 1427//2170 1439//2170
f 302//2171 1457//2171 2301//2171
f 302//2172 2301//2172 2302//2172
f 2302//2173 2301//2173 2303//2173
f 2302//2174 2303//2174 2304//2174
f 2304//2175 2303//2175 2305//2175
f 2304//2176 2305//2176 2306//2176
f 2306//2177 2305//2177 2307//2177
f 2306//2178 2307//2178 2308//2178
f 2308//2179 2307//2179 2309//2179
f 2308//2180 2309//2180 2310//2180
f 1438//2181 2310//2181 1439//2181
f 1439//2182 2310//2182 2309//2182
f 1439//2183 2309//2183 2268//2183
f 2268//2184 2309//2184 2307//2184
f 2268//2185 2307//2185 2269//2185
f 2269//2186 2307//2186 2305//2186
f 2269//2187 2305//2187 2275//2187
f 2275//2188 2305//2188 2303//2188
f 2275//2189 2303//2189 2274//2189
f 2274//2190 2303//2190 2301//2190
f 2274//2191 2301//2191 2258//2191
f 2258//2192 2301//2192 1457//2192
f 2258//2193 1457//2193 1462//2193
f 2311//2194 1446//2194 1445//2194
f 301//2195 302//2195 2302//2195
f 1445//2196 2312//2196 2311//2196
f 2311//2197 2312//2197 2313//2197
f 2311//2198 2313//2198 2314//2198
f 2314//2199 2313//2199 2315//2199
f 2314//2200 2315//2200 2316//2200
f 2316//2201 2315//2201 2317//2201
f 2316//2202 2317//2202 2318//2202
f 2318//2203 2317//2203 2319//2203
f 2318//2204 2319//2204 2320//2204
f 2320//2205 2319//2205 307//2205
f 2320//2206 307//2206 301//2206
f 301//2207 2302//2207 2320//2207
f 2320//2208 2302//2208 2304//2208
f 2320//2209 2304//2209 2318//2209
f 2318//2210 2304//2210 2306//2210
f 2318//2211 2306//2211 2316//2211
f 2316//2212 2306//2212 2308//2212
f 2316//2213 2308//2213 2314//2213
f 2314//2214 2308//2214 2310//2214
f 2314//2215 2310//2215 2311//2215
f 2311//2216 2310//2216 1438//2216
f 2311//2217 1438//2217 1446//2217
f 1659//2218 1658//2218 2321//2218
f 1762//2219 307//2219 2319//2219
f 2322//2220 2323//2220 2324//2220
f 2325//2221 2326//2221 2327//2221
f 2328//2222 1641//2222 1618//2222
f 1618//2223 1646//2223 2328//2223
f 2328//2224 1646//2224 1645//2224
f 2328//2225 1645//2225 2329//2225
f 2329//2226 1645//2226 1643//2226
f 1627//2227 1626//2227 2330//2227
f 2330//2228 1626//2228 1630//2228
f 2330//2229 1630//2229 2331//2229
f 2331//2230 1630//2230 1635//2230
f 2331//2231 1635//2231 1634//2231
f 1634//2232 1633//2232 2331//2232
f 2331//2233 1633//2233 1638//2233
f 2331//2234 1638//2234 2328//2234
f 2328//2235 1638//2235 1640//2235
f 2328//2236 1640//2236 1641//2236
f 1471//2237 1621//2237 2332//2237
f 2332//2238 1621//2238 1623//2238
f 2332//2239 1623//2239 2330//2239
f 2330//2240 1623//2240 1628//2240
f 2330//2241 1628//2241 1627//2241
f 2333//2242 2334//2242 2335//2242
f 2335//2243 2334//2243 2336//2243
f 2337//2244 2338//2244 2339//2244
f 2339//2245 2338//2245 2340//2245
f 2339//2246 2340//2246 2341//2246
f 2323//2247 2322//2247 2342//2247
f 2342//2248 2322//2248 2343//2248
f 2342//2249 2343//2249 2344//2249
f 2345//2250 2346//2250 2347//2250
f 2347//2251 2346//2251 2348//2251
f 2347//2252 2348//2252 2349//2252
f 2349//2253 2348//2253 2343//2253
f 2349//2254 2343//2254 2350//2254
f 2350//2255 2343//2255 2322//2255
f 2350//2256 2322//2256 2351//2256
f 2351//2257 2322//2257 2324//2257
f 1417//2258 2346//2258 1405//2258
f 1405//2259 2346//2259 2345//2259
f 1405//2260 2345//2260 1407//2260
f 1407//2261 2345//2261 2352//2261
f 1407//2262 2352//2262 1447//2262
f 2353//2263 2354//2263 2355//2263
f 1445//2264 2354//2264 2312//2264
f 2312//2265 2354//2265 2353//2265
f 2312//2266 2353//2266 2313//2266
f 2356//2267 2357//2267 2358//2267
f 2333//2268 2337//2268 2334//2268
f 2334//2269 2337//2269 2339//2269
f 2334//2270 2339//2270 2359//2270
f 2359//2271 2339//2271 2341//2271
f 2359//2272 2341//2272 2360//2272
f 2338//2273 2325//2273 2340//2273
f 2340//2274 2325//2274 2327//2274
f 2340//2275 2327//2275 2341//2275
f 2341//2276 2327//2276 2361//2276
f 2341//2277 2361//2277 2360//2277
f 2360//2278 2361//2278 2362//2278
f 1445//2279 1443//2279 2354//2279
f 2354//2280 1443//2280 1441//2280
f 2354//2281 1441//2281 2355//2281
f 2355//2282 1441//2282 1440//2282
f 2363//2283 2362//2283 2321//2283
f 2321//2284 2362//2284 2361//2284
f 2321//2285 2361//2285 2364//2285
f 2364//2286 2361//2286 2327//2286
f 2364//2287 2327//2287 2365//2287
f 2365//2288 2327//2288 2326//2288
f 2365//2289 2326//2289 2366//2289
f 1675//2290 1674//2290 2367//2290
f 2367//2291 1674//2291 1672//2291
f 2368//2292 1669//2292 1667//2292
f 2368//2293 1657//2293 1663//2293
f 1663//2294 1661//2294 2368//2294
f 2368//2295 1661//2295 1670//2295
f 2368//2296 1670//2296 1669//2296
f 2363//2297 2321//2297 2368//2297
f 2368//2298 2321//2298 1658//2298
f 2368//2299 1658//2299 1657//2299
f 2344//2300 2343//2300 2369//2300
f 2369//2301 2343//2301 2348//2301
f 2369//2302 2348//2302 2346//2302
f 2369//2303 2346//2303 2370//2303
f 2370//2304 2346//2304 1417//2304
f 2370//2305 1417//2305 1416//2305
f 1448//2306 2358//2306 1449//2306
f 1449//2307 2358//2307 2357//2307
f 1449//2308 2357//2308 1440//2308
f 1440//2309 2357//2309 2356//2309
f 1440//2310 2356//2310 2355//2310
f 2355//2311 2356//2311 2371//2311
f 2355//2312 2371//2312 2353//2312
f 2353//2313 2371//2313 2372//2313
f 2353//2314 2372//2314 2313//2314
f 2313//2315 2372//2315 2373//2315
f 2313//2316 2373//2316 2315//2316
f 2315//2317 2373//2317 2374//2317
f 2315//2318 2374//2318 2317//2318
f 2317//2319 2374//2319 2367//2319
f 2317//2320 2367//2320 2319//2320
f 2319//2321 2367//2321 1672//2321
f 2319//2322 1672//2322 1762//2322
f 2351//2323 2366//2323 2350//2323
f 2350//2324 2366//2324 2326//2324
f 2350//2325 2326//2325 2349//2325
f 2349//2326 2326//2326 2325//2326
f 2349//2327 2325//2327 2347//2327
f 2347//2328 2325//2328 2338//2328
f 2347//2329 2338//2329 2345//2329
f 2345//2330 2338//2330 2337//2330
f 2345//2331 2337//2331 2352//2331
f 2352//2332 2337//2332 2333//2332
f 2352//2333 2333//2333 1447//2333
f 1447//2334 2333//2334 2335//2334
f 1447//2335 2335//2335 1448//2335
f 1448//2336 2335//2336 2336//2336
f 1448//2337 2336//2337 2358//2337
f 2358//2338 2336//2338 2334//2338
f 2358//2339 2334//2339 2356//2339
f 2356//2340 2334//2340 2359//2340
f 2356//2341 2359//2341 2371//2341
f 2371//2342 2359//2342 2360//2342
f 2371//2343 2360//2343 2372//2343
f 2372//2344 2360//2344 2362//2344
f 2372//2345 2362//2345 2373//2345
f 2373//2346 2362//2346 2363//2346
f 2373//2347 2363//2347 2374//2347
f 2374//2348 2363//2348 2368//2348
f 2374//2349 2368//2349 2367//2349
f 2367//2350 2368//2350 1667//2350
f 2367//2351 1667//2351 1675//2351
f 1643//2352 1653//2352 2329//2352
f 2329//2353 1653//2353 1652//2353
f 2329//2354 1652//2354 1650//2354
f 1648//2355 1656//2355 2321//2355
f 2321//2356 1656//2356 1655//2356
f 2321//2357 1655//2357 1659//2357
f 2324//2358 2332//2358 2351//2358
f 2351//2359 2332//2359 2330//2359
f 2351//2360 2330//2360 2366//2360
f 2366//2361 2330//2361 2331//2361
f 2366//2362 2331//2362 2365//2362
f 2365//2363 2331//2363 2328//2363
f 2365//2364 2328//2364 2364//2364
f 2364//2365 2328//2365 2329//2365
f 2364//2366 2329//2366 2321//2366
f 2321//2367 2329//2367 1650//2367
f 2321//2368 1650//2368 1648//2368
f 2375//2369 2376//2369 2377//2369
f 2378//2370 2369//2370 2370//2370
f 2370//2371 1416//2371 2378//2371
f 2378//2372 1416//2372 1420//2372
f 2378//2373 1420//2373 2379//2373
f 2380//2374 2381//2374 2382//2374
f 1431//2375 2375//2375 1432//2375
f 1432//2376 2375//2376 2377//2376
f 1432//2377 2377//2377 1433//2377
f 1433//2378 2377//2378 2379//2378
f 1433//2379 2379//2379 1419//2379
f 1419//2380 2379//2380 1420//2380
f 2369//2381 2378//2381 2381//2381
f 2381//2382 2378//2382 2379//2382
f 2381//2383 2379//2383 2382//2383
f 2382//2384 2379//2384 2377//2384
f 2382//2385 2377//2385 2383//2385
f 2383//2386 2377//2386 2376//2386
f 2383//2387 2376//2387 2384//2387
f 2385//2388 2386//2388 2387//2388
f 2387//2389 2386//2389 2388//2389
f 2324//2390 2323//2390 2380//2390
f 2380//2391 2323//2391 2342//2391
f 2380//2392 2342//2392 2381//2392
f 2381//2393 2342//2393 2344//2393
f 2381//2394 2344//2394 2369//2394
f 2389//2395 2390//2395 2391//2395
f 2391//2396 2390//2396 2392//2396
f 2391//2397 2392//2397 2393//2397
f 2393//2398 2392//2398 2394//2398
f 2393//2399 2394//2399 2395//2399
f 2395//2400 2394//2400 2396//2400
f 2395//2401 2396//2401 2397//2401
f 2397//2402 2396//2402 2398//2402
f 2397//2403 2398//2403 2399//2403
f 2399//2404 2398//2404 1469//2404
f 2399//2405 1469//2405 2332//2405
f 2332//2406 1469//2406 1471//2406
f 2332//2407 2324//2407 2400//2407
f 2400//2408 2324//2408 2380//2408
f 2400//2409 2380//2409 2401//2409
f 2401//2410 2380//2410 2382//2410
f 2401//2411 2382//2411 2402//2411
f 2402//2412 2382//2412 2383//2412
f 2402//2413 2383//2413 2385//2413
f 2385//2414 2383//2414 2384//2414
f 2385//2415 2384//2415 2386//2415
f 2390//2416 1395//2416 2392//2416
f 2392//2417 1395//2417 1482//2417
f 2392//2418 1482//2418 2394//2418
f 2394//2419 1482//2419 1475//2419
f 2394//2420 1475//2420 2396//2420
f 2396//2421 1475//2421 1473//2421
f 2396//2422 1473//2422 2398//2422
f 2398//2423 1473//2423 1464//2423
f 2398//2424 1464//2424 1469//2424
f 2399//2425 2332//2425 2400//2425
f 2399//2426 2400//2426 2397//2426
f 2397//2427 2400//2427 2401//2427
f 2397//2428 2401//2428 2395//2428
f 2395//2429 2401//2429 2402//2429
f 2395//2430 2402//2430 2393//2430
f 2393//2431 2402//2431 2385//2431
f 2393//2432 2385//2432 2391//2432
f 2391//2433 2385//2433 2387//2433
f 2391//2434 2387//2434 2389//2434
f 2389//2435 2387//2435 2388//2435
f 726//2436 2386//2436 2384//2436
f 2376//2437 2375//2437 717//2437
f 717//2438 2375//2438 1431//2438
f 717//2438 1431//2438 714//2438
f 2376//2439 717//2439 2384//2439
f 2384//2440 717//2440 725//2440
f 2384//2436 725//2436 726//2436
f 2386//2441 726//2441 2388//2441
f 2388//2442 726//2442 727//2442
f 2388//2443 727//2443 2389//2443
f 2389//2444 727//2444 2390//2444
f 2390//2445 727//2445 728//2445
f 2390//2446 728//2446 1395//2446
f 2403//2447 2404//2447 984//2447
f 984//2448 990//2448 2403//2448
f 2403//2449 990//2449 992//2449
f 2403//2450 992//2450 2405//2450
f 992//2451 1007//2451 2405//2451
f 2405//2452 1007//2452 1009//2452
f 2405//2453 1009//2453 2406//2453
f 2406//2454 1009//2454 1025//2454
f 2406//2455 1025//2455 2407//2455
f 2407//2455 1025//2455 1024//2455
f 2407//2456 1024//2456 2408//2456
f 2408//2456 1024//2456 1043//2456
f 2408//2457 1043//2457 2409//2457
f 1043//2457 1049//2457 2409//2457
f 2409//2458 1049//2458 1052//2458
f 2409//2459 1052//2459 2410//2459
f 2410//2460 1052//2460 1053//2460
f 2410//2461 1053//2461 2411//2461
f 2411//2461 1053//2461 1104//2461
f 2411//136 1104//136 2412//136
f 2412//136 1104//136 1059//136
f 2412//2462 1059//2462 2413//2462
f 2413//2462 1059//2462 1061//2462
f 2413//2463 1061//2463 2414//2463
f 2414//2463 1061//2463 1097//2463
f 2414//2464 1097//2464 2415//2464
f 2415//2464 1097//2464 1071//2464
f 2415//2465 1071//2465 2416//2465
f 2416//2465 1071//2465 1070//2465
f 2416//2466 1070//2466 2417//2466
f 2417//2466 1070//2466 1068//2466
f 2417//2467 1068//2467 2418//2467
f 2418//2468 1068//2468 1122//2468
f 2418//2469 1122//2469 2419//2469
f 2419//2470 1122//2470 1137//2470
f 2419//2471 1137//2471 2420//2471
f 2420//2471 1137//2471 1138//2471
f 2420//2472 1138//2472 2421//2472
f 2421//2472 1138//2472 959//2472
f 2421//2473 959//2473 2422//2473
f 2422//2473 959//2473 957//2473
f 2422//2474 957//2474 2423//2474
f 2423//2474 957//2474 972//2474
f 2423//2475 972//2475 2424//2475
f 2424//2475 972//2475 973//2475
f 2424//135 973//135 2425//135
f 2425//135 973//135 975//135
f 2425//2476 975//2476 2426//2476
f 2426//2476 975//2476 976//2476
f 2426//2477 976//2477 2427//2477
f 2427//2477 976//2477 977//2477
f 2427//2478 977//2478 2428//2478
f 2428//2478 977//2478 978//2478
f 2428//2479 978//2479 2404//2479
f 2404//2479 978//2479 983//2479
f 2404//2480 983//2480 984//2480
f 238//213 2425//213 240//213
f 240//213 2425//213 2426//213
f 240//213 2426//213 242//213
f 242//213 2426//213 2427//213
f 242//213 2427//213 244//213
f 244//213 2427//213 2428//213
f 244//213 2428//213 246//213
f 246//213 2428//213 2404//213
f 246//213 2404//213 248//213
f 248//213 2404//213 2403//213
f 248//213 2403//213 250//213
f 250//213 2403//213 2405//213
f 250//213 2405//213 252//213
f 252//213 2405//213 2406//213
f 252//213 2406//213 254//213
f 254//213 2406//213 2407//213
f 254//213 2407//213 256//213
f 256//213 2407//213 2408//213
f 256//213 2408//213 258//213
f 258//213 2408//213 2409//213
f 258//213 2409//213 260//213
f 260//213 2409//213 2410//213
f 260//213 2410//213 262//213
f 2410//213 2411//213 262//213
f 262//213 2411//213 2412//213
f 262//213 2412//213 264//213
f 264//213 2412//213 2413//213
f 264//213 2413//213 266//213
f 266//213 2413//213 2414//213
f 266//213 2414//213 268//213
f 268//213 2414//213 2415//213
f 268//213 2415//213 270//213
f 270//213 2415//213 2416//213
f 270//213 2416//213 272//213
f 272//213 2416//213 2417//213
f 272//213 2417//213 226//213
f 226//213 2417//213 2418//213
f 226//213 2418//213 228//213
f 228//213 2418//213 2419//213
f 228//213 2419//213 230//213
f 230//213 2419//213 2420//213
f 230//213 2420//213 232//213
f 232//213 2420//213 2421//213
f 232//213 2421//213 234//213
f 234//213 2421//213 2422//213
f 234//213 2422//213 236//213
f 236//213 2422//213 2423//213
f 236//213 2423//213 238//213
f 238//213 2423//213 2424//213
f 238//213 2424//213 2425//213
f 2429//2481 2430//2481 2431//2481
f 2432//2482 2433//2482 2434//2482
f 2433//2483 2432//2483 2435//2483
f 2436//2484 2437//2484 2429//2484
f 2437//2485 2438//2485 2429//2485
f 2429//2486 2438//2486 2439//2486
f 2429//2487 2439//2487 2430//2487
f 2435//2488 2440//2488 2441//2488
f 2441//2489 2440//2489 2442//2489
f 2441//2490 2442//2490 2443//2490
f 2444//2491 2445//2491 2446//2491
f 2446//2492 2445//2492 2447//2492
f 2446//2493 2447//2493 2434//2493
f 2434//2494 2447//2494 2448//2494
f 2434//2495 2448//2495 2432//2495
f 2449//2496 2450//2496 2451//2496
f 2452//2497 379//2497 2453//2497
f 2453//2498 379//2498 378//2498
f 352//2499 351//2499 2454//2499
f 2454//2500 351//2500 2455//2500
f 2431//2501 2456//2501 2457//2501
f 2457//2502 2456//2502 2458//2502
f 2458//2503 2459//2503 2457//2503
f 2457//2504 2459//2504 2460//2504
f 2457//2505 2460//2505 2461//2505
f 2439//2506 2462//2506 2430//2506
f 2430//2507 2462//2507 2463//2507
f 2430//2508 2463//2508 2431//2508
f 2431//2509 2463//2509 2464//2509
f 2431//2510 2464//2510 2456//2510
f 2456//2511 2464//2511 2465//2511
f 2456//2512 2465//2512 2458//2512
f 2466//2513 2467//2513 2468//2513
f 2434//2514 2469//2514 2446//2514
f 2446//2515 2469//2515 2449//2515
f 2446//2516 2449//2516 2444//2516
f 2444//2517 2449//2517 2451//2517
f 2470//2518 2467//2518 2471//2518
f 2471//2518 2467//2518 2466//2518
f 2471//2519 2466//2519 2472//2519
f 2443//2520 2473//2520 2468//2520
f 2468//2521 2473//2521 2474//2521
f 2468//2513 2474//2513 2466//2513
f 2466//2522 2474//2522 2475//2522
f 2466//2523 2475//2523 2472//2523
f 2472//2524 2475//2524 2476//2524
f 2452//2525 2477//2525 379//2525
f 379//2526 2477//2526 2450//2526
f 379//2527 2450//2527 366//2527
f 366//2528 2450//2528 2449//2528
f 366//2529 2449//2529 367//2529
f 367//2530 2449//2530 2469//2530
f 367//2531 2469//2531 363//2531
f 2435//2532 2441//2532 2433//2532
f 2433//2533 2441//2533 2478//2533
f 2433//2534 2478//2534 2434//2534
f 2434//2535 2478//2535 2479//2535
f 2434//2536 2479//2536 2469//2536
f 2469//2537 2479//2537 364//2537
f 2469//2538 364//2538 363//2538
f 2443//2539 2468//2539 2441//2539
f 2441//2540 2468//2540 2467//2540
f 2441//2541 2467//2541 2478//2541
f 2478//2542 2467//2542 2470//2542
f 2478//2543 2470//2543 2479//2543
f 2479//2544 2470//2544 360//2544
f 2479//2545 360//2545 364//2545
f 2473//2546 2436//2546 2474//2546
f 2474//2547 2436//2547 2429//2547
f 2474//2548 2429//2548 2475//2548
f 2475//2549 2429//2549 2431//2549
f 2475//2550 2431//2550 2476//2550
f 2476//2551 2431//2551 2457//2551
f 2476//2552 2457//2552 349//2552
f 349//2553 2457//2553 2461//2553
f 349//2554 2461//2554 351//2554
f 351//2555 2461//2555 2480//2555
f 351//2556 2480//2556 2455//2556
f 349//2557 355//2557 2476//2557
f 2476//2558 355//2558 354//2558
f 2476//2559 354//2559 2472//2559
f 2472//2560 354//2560 358//2560
f 2472//2561 358//2561 2471//2561
f 2471//2562 358//2562 357//2562
f 2471//2563 357//2563 2470//2563
f 2470//2564 357//2564 361//2564
f 2470//2565 361//2565 360//2565
f 374//2566 2452//2566 2453//2566
f 373//2567 2481//2567 374//2567
f 2482//2568 2483//2568 2484//2568
f 2482//2569 1105//2569 1018//2569
f 2483//2570 2482//2570 2485//2570
f 2485//2571 2482//2571 1018//2571
f 2485//2572 1018//2572 2486//2572
f 2486//2573 1018//2573 1019//2573
f 2486//2574 1019//2574 1015//2574
f 373//2575 370//2575 2484//2575
f 2484//2576 370//2576 372//2576
f 2484//2577 372//2577 2482//2577
f 2452//2578 374//2578 2477//2578
f 378//2579 377//2579 2453//2579
f 2453//2580 377//2580 376//2580
f 2453//2581 376//2581 374//2581
f 2481//2582 373//2582 2487//2582
f 2487//2583 373//2583 2484//2583
f 2487//2584 2484//2584 2488//2584
f 2488//2585 2484//2585 2483//2585
f 2488//2586 2483//2586 2489//2586
f 2489//2587 2483//2587 2485//2587
f 2489//2588 2485//2588 2490//2588
f 2490//2589 2485//2589 2486//2589
f 2490//2590 2486//2590 2491//2590
f 374//2591 2481//2591 2477//2591
f 2477//2592 2481//2592 2487//2592
f 2477//2593 2487//2593 2450//2593
f 2450//2594 2487//2594 2488//2594
f 2450//2595 2488//2595 2451//2595
f 2451//2596 2488//2596 2489//2596
f 2451//2597 2489//2597 2444//2597
f 2444//2598 2489//2598 2490//2598
f 2444//2599 2490//2599 2445//2599
f 2445//2600 2490//2600 2491//2600
f 2445//2601 2491//2601 2447//2601
f 2492//2602 2442//2602 2440//2602
f 2493//2603 2492//2603 2494//2603
f 1020//2604 2493//2604 2495//2604
f 1020//2605 2495//2605 1021//2605
f 1021//2606 2495//2606 2496//2606
f 1021//2607 2496//2607 1032//2607
f 1032//2608 2496//2608 2497//2608
f 1032//2609 2497//2609 1033//2609
f 1033//2610 2497//2610 2498//2610
f 1033//2611 2498//2611 1034//2611
f 2492//2612 2440//2612 2494//2612
f 2494//2613 2440//2613 2435//2613
f 2494//2614 2435//2614 2499//2614
f 2499//2615 2435//2615 2432//2615
f 2499//2616 2432//2616 2500//2616
f 2500//2617 2432//2617 2448//2617
f 2500//2618 2448//2618 2501//2618
f 2501//2619 2448//2619 2447//2619
f 2501//2620 2447//2620 2491//2620
f 2493//2621 2494//2621 2495//2621
f 2495//2622 2494//2622 2499//2622
f 2495//2623 2499//2623 2496//2623
f 2496//2624 2499//2624 2500//2624
f 2496//2625 2500//2625 2497//2625
f 2497//2626 2500//2626 2501//2626
f 2497//2627 2501//2627 2498//2627
f 2498//2628 2501//2628 2491//2628
f 2498//2629 2491//2629 1034//2629
f 1034//2630 2491//2630 2486//2630
f 1034//2631 2486//2631 1015//2631
f 1002//2632 996//2632 1196//2632
f 1196//2633 996//2633 2502//2633
f 2503//2634 922//2634 921//2634
f 1190//2635 2504//2635 1191//2635
f 1191//2636 2504//2636 2503//2636
f 1191//2637 2503//2637 1197//2637
f 1197//2638 2503//2638 921//2638
f 1190//2639 1188//2639 2504//2639
f 2504//2640 1188//2640 1194//2640
f 2504//2641 1194//2641 2502//2641
f 2502//2642 1194//2642 1193//2642
f 2502//2643 1193//2643 1196//2643
f 1020//2644 922//2644 2493//2644
f 2493//2645 922//2645 2503//2645
f 2493//2646 2503//2646 2492//2646
f 2492//2647 2503//2647 2505//2647
f 2505//2648 2503//2648 2504//2648
f 2505//2649 2504//2649 2506//2649
f 2506//2650 2504//2650 2502//2650
f 2506//2651 2502//2651 2507//2651
f 2437//2652 2436//2652 2507//2652
f 2507//2653 2436//2653 2473//2653
f 2507//2654 2473//2654 2506//2654
f 2506//2655 2473//2655 2443//2655
f 2506//2656 2443//2656 2505//2656
f 2505//2657 2443//2657 2442//2657
f 2505//2658 2442//2658 2492//2658
f 2438//2659 2437//2659 2508//2659
f 2508//2660 2437//2660 2507//2660
f 2508//2661 2507//2661 2509//2661
f 2509//2662 2507//2662 2502//2662
f 2509//2663 2502//2663 998//2663
f 998//2664 2502//2664 996//2664
f 2509//2665 998//2665 1000//2665
f 2508//2666 2509//2666 2510//2666
f 2438//2667 2508//2667 2511//2667
f 2509//2668 1000//2668 2510//2668
f 2510//2669 1000//2669 1001//2669
f 2510//2670 1001//2670 2512//2670
f 2512//2671 1001//2671 987//2671
f 2512//2672 987//2672 2513//2672
f 2513//2673 987//2673 1074//2673
f 2513//2674 1074//2674 2514//2674
f 2514//2675 1074//2675 1073//2675
f 2514//2676 1073//2676 2515//2676
f 2508//2677 2510//2677 2511//2677
f 2511//2678 2510//2678 2512//2678
f 2511//2679 2512//2679 2516//2679
f 2516//2680 2512//2680 2513//2680
f 2516//2681 2513//2681 2517//2681
f 2517//2682 2513//2682 2514//2682
f 2517//2683 2514//2683 2518//2683
f 2518//2684 2514//2684 2515//2684
f 2518//2685 2515//2685 2519//2685
f 2438//2686 2511//2686 2439//2686
f 2439//2687 2511//2687 2516//2687
f 2439//2688 2516//2688 2462//2688
f 2462//2689 2516//2689 2517//2689
f 2462//2690 2517//2690 2463//2690
f 2463//2691 2517//2691 2518//2691
f 2463//2692 2518//2692 2464//2692
f 2464//2693 2518//2693 2519//2693
f 2464//2694 2519//2694 2465//2694
f 340//2695 339//2695 2520//2695
f 337//2696 352//2696 2454//2696
f 2521//2697 1077//2697 2522//2697
f 2521//2698 2522//2698 2523//2698
f 1077//2699 2521//2699 1075//2699
f 1075//2700 2521//2700 2524//2700
f 1075//2701 2524//2701 1072//2701
f 1072//2702 2524//2702 2515//2702
f 1072//2703 2515//2703 1073//2703
f 337//2704 2454//2704 334//2704
f 334//2705 2454//2705 335//2705
f 335//2706 2454//2706 2455//2706
f 335//2707 2455//2707 338//2707
f 2522//2708 342//2708 2523//2708
f 2523//2709 342//2709 341//2709
f 2523//2710 341//2710 345//2710
f 338//2711 2455//2711 339//2711
f 339//2712 2455//2712 2480//2712
f 339//2713 2480//2713 2520//2713
f 2520//2714 2480//2714 2461//2714
f 2520//2715 2461//2715 2525//2715
f 2525//2716 2461//2716 2460//2716
f 2525//2717 2460//2717 2526//2717
f 2526//2718 2460//2718 2459//2718
f 2526//2719 2459//2719 2527//2719
f 2527//2720 2459//2720 2458//2720
f 2527//2721 2458//2721 2528//2721
f 2528//2722 2458//2722 2465//2722
f 2528//2723 2465//2723 2519//2723
f 340//2724 2520//2724 344//2724
f 344//2725 2520//2725 2525//2725
f 344//2726 2525//2726 345//2726
f 345//2727 2525//2727 2526//2727
f 345//2728 2526//2728 2523//2728
f 2523//2729 2526//2729 2527//2729
f 2523//2730 2527//2730 2521//2730
f 2521//2731 2527//2731 2528//2731
f 2521//2732 2528//2732 2524//2732
f 2524//2733 2528//2733 2519//2733
f 2524//2734 2519//2734 2515//2734
f 2028//337 316//337 2021//337
f 2021//337 316//337 321//337
f 2021//337 321//337 2068//337
f 1995//2735 333//2735 2005//2735
f 2005//2736 333//2736 386//2736
f 2005//2737 386//2737 2011//2737
f 2011//2738 386//2738 381//2738
f 2011//2739 381//2739 2013//2739
f 2013//2740 381//2740 375//2740
f 2013//2741 375//2741 2015//2741
f 2015//2742 375//2742 365//2742
f 2015//2743 365//2743 2017//2743
f 2017//2744 365//2744 362//2744
f 316//2745 2028//2745 399//2745
f 399//2746 2028//2746 2023//2746
f 399//2747 2023//2747 402//2747
f 402//2748 2023//2748 2039//2748
f 402//2749 2039//2749 336//2749
f 336//2750 2039//2750 2044//2750
f 336//2751 2044//2751 350//2751
f 350//2752 2044//2752 2046//2752
f 350//2753 2046//2753 348//2753
f 348//2754 2046//2754 2048//2754
f 348//2755 2048//2755 353//2755
f 353//2756 2048//2756 2050//2756
f 353//2757 2050//2757 356//2757
f 356//2758 2050//2758 2060//2758
f 356//2759 2060//2759 359//2759
f 359//2760 2060//2760 2052//2760
f 359//2761 2052//2761 362//2761
f 362//2762 2052//2762 2053//2762
f 362//2763 2053//2763 2017//2763
f 2079//306 332//306 1994//306
f 1994//306 332//306 333//306
f 1994//306 333//306 1995//306
f 1077//2764 1078//2764 2529//2764
f 1076//2765 2530//2765 1079//2765
f 2531//2766 919//2766 844//2766
f 342//2767 2522//2767 343//2767
f 343//2768 2522//2768 1077//2768
f 343//2769 1077//2769 347//2769
f 347//2770 1077//2770 2529//2770
f 347//2771 2529//2771 346//2771
f 346//2772 2529//2772 403//2772
f 1078//2773 1079//2773 2529//2773
f 2529//2774 1079//2774 2532//2774
f 2529//2775 2532//2775 403//2775
f 403//2776 2532//2776 2533//2776
f 403//2777 2533//2777 404//2777
f 404//2778 2533//2778 2534//2778
f 407//2779 406//2779 2534//2779
f 2534//2780 406//2780 405//2780
f 2534//2781 405//2781 404//2781
f 2534//2782 2535//2782 407//2782
f 407//2783 2535//2783 2536//2783
f 407//2784 2536//2784 397//2784
f 397//2785 2536//2785 2537//2785
f 397//2786 2537//2786 398//2786
f 844//2787 843//2787 2531//2787
f 2531//2788 843//2788 842//2788
f 2531//2789 842//2789 2538//2789
f 2538//2790 842//2790 841//2790
f 2538//2791 841//2791 2539//2791
f 2539//2792 841//2792 839//2792
f 2539//2793 839//2793 2540//2793
f 2540//2794 839//2794 838//2794
f 2540//2795 838//2795 2541//2795
f 2541//2796 838//2796 850//2796
f 2541//2797 850//2797 2542//2797
f 2542//2798 850//2798 849//2798
f 2542//2799 849//2799 2543//2799
f 2543//2800 849//2800 848//2800
f 2543//2801 848//2801 2544//2801
f 2544//2802 848//2802 846//2802
f 2544//2803 846//2803 2545//2803
f 2545//2804 846//2804 845//2804
f 2545//2805 845//2805 2546//2805
f 1076//2806 919//2806 2530//2806
f 2530//2807 919//2807 2531//2807
f 2530//2808 2531//2808 2547//2808
f 2547//2809 2531//2809 2538//2809
f 2547//2810 2538//2810 2548//2810
f 2548//2811 2538//2811 2539//2811
f 2548//2812 2539//2812 2549//2812
f 2549//2813 2539//2813 2540//2813
f 2549//2814 2540//2814 2550//2814
f 2550//2815 2540//2815 2541//2815
f 2550//2816 2541//2816 2551//2816
f 2551//2817 2541//2817 2542//2817
f 2551//2818 2542//2818 2552//2818
f 2552//2819 2542//2819 2543//2819
f 2552//2820 2543//2820 2553//2820
f 2553//2821 2543//2821 2544//2821
f 2553//2822 2544//2822 2554//2822
f 2554//2823 2544//2823 2545//2823
f 2554//2824 2545//2824 2555//2824
f 2555//2825 2545//2825 2546//2825
f 2555//2826 2546//2826 2556//2826
f 1079//2827 2530//2827 2532//2827
f 2532//2828 2530//2828 2547//2828
f 2532//2829 2547//2829 2533//2829
f 2533//2830 2547//2830 2548//2830
f 2533//2831 2548//2831 2534//2831
f 2534//2832 2548//2832 2549//2832
f 2534//2833 2549//2833 2535//2833
f 2535//2834 2549//2834 2550//2834
f 2535//2835 2550//2835 2536//2835
f 2536//2836 2550//2836 2551//2836
f 2536//2837 2551//2837 2537//2837
f 2537//2838 2551//2838 2552//2838
f 2537//2839 2552//2839 2557//2839
f 2557//2840 2552//2840 2553//2840
f 2557//2841 2553//2841 2558//2841
f 2558//2842 2553//2842 2554//2842
f 2558//2843 2554//2843 2559//2843
f 2559//2844 2554//2844 2555//2844
f 2559//2845 2555//2845 2560//2845
f 2560//2846 2555//2846 2556//2846
f 2560//2847 2556//2847 2561//2847
f 398//2848 2537//2848 400//2848
f 400//2849 2537//2849 2557//2849
f 400//2850 2557//2850 401//2850
f 401//2851 2557//2851 2558//2851
f 401//2852 2558//2852 394//2852
f 394//2853 2558//2853 2559//2853
f 394//2854 2559//2854 395//2854
f 395//2855 2559//2855 2560//2855
f 395//2856 2560//2856 396//2856
f 396//2857 2560//2857 2561//2857
f 396//2858 2561//2858 312//2858
f 845//2859 909//2859 2546//2859
f 2546//2860 909//2860 2562//2860
f 2546//2861 2562//2861 2556//2861
f 2556//2862 2562//2862 2561//2862
f 2561//2863 2562//2863 313//2863
f 2561//2864 313//2864 312//2864
f 2563//2865 2564//2865 2565//2865
f 2566//2866 1106//2866 1105//2866
f 1106//2867 2566//2867 1107//2867
f 1107//2868 2566//2868 2567//2868
f 1107//2869 2567//2869 2568//2869
f 832//2870 1103//2870 2569//2870
f 2569//2871 1103//2871 1109//2871
f 2569//2872 1109//2872 2568//2872
f 2568//2873 1109//2873 1108//2873
f 2568//2874 1108//2874 1107//2874
f 380//2875 2567//2875 368//2875
f 368//2876 2567//2876 2566//2876
f 368//2877 2566//2877 369//2877
f 369//2878 2566//2878 1105//2878
f 369//2879 1105//2879 371//2879
f 371//2880 1105//2880 2482//2880
f 371//2881 2482//2881 372//2881
f 2564//2882 382//2882 383//2882
f 2564//2883 383//2883 2565//2883
f 2565//2884 383//2884 388//2884
f 2565//2885 388//2885 2570//2885
f 388//2886 387//2886 2570//2886
f 2570//2887 387//2887 385//2887
f 2570//2888 385//2888 2571//2888
f 2571//2889 385//2889 384//2889
f 393//2890 2572//2890 384//2890
f 384//2891 2572//2891 2573//2891
f 384//2892 2573//2892 2571//2892
f 393//2893 392//2893 2572//2893
f 2572//2894 392//2894 391//2894
f 2572//2895 391//2895 2574//2895
f 2574//2896 391//2896 389//2896
f 2574//2897 389//2897 2575//2897
f 2575//2898 389//2898 390//2898
f 2575//2899 390//2899 2576//2899
f 2576//2900 390//2900 331//2900
f 2576//2901 331//2901 2577//2901
f 2563//2902 2565//2902 2578//2902
f 2578//2903 2565//2903 2570//2903
f 2578//2904 2570//2904 2579//2904
f 2579//2905 2570//2905 2571//2905
f 2579//2906 2571//2906 2580//2906
f 2580//2907 2571//2907 2573//2907
f 2580//2908 2573//2908 2581//2908
f 2581//2909 2573//2909 2572//2909
f 2581//2910 2572//2910 2582//2910
f 2582//2911 2572//2911 2574//2911
f 2582//2912 2574//2912 2583//2912
f 2583//2913 2574//2913 2575//2913
f 2583//2914 2575//2914 2584//2914
f 2584//2915 2575//2915 2576//2915
f 2584//2916 2576//2916 2585//2916
f 2585//2917 2576//2917 2577//2917
f 2585//2918 2577//2918 2586//2918
f 380//2919 382//2919 2567//2919
f 2567//2920 382//2920 2564//2920
f 2567//2921 2564//2921 2568//2921
f 2568//2922 2564//2922 2563//2922
f 2568//2923 2563//2923 2569//2923
f 2569//2924 2563//2924 2578//2924
f 2569//2925 2578//2925 2587//2925
f 2587//2926 2578//2926 2579//2926
f 2587//2927 2579//2927 2588//2927
f 2588//2928 2579//2928 2580//2928
f 2588//2929 2580//2929 2589//2929
f 2589//2930 2580//2930 2581//2930
f 2589//2931 2581//2931 2590//2931
f 2590//2932 2581//2932 2582//2932
f 2590//2933 2582//2933 2591//2933
f 2591//2934 2582//2934 2583//2934
f 2591//2935 2583//2935 2592//2935
f 2592//2936 2583//2936 2584//2936
f 2592//2937 2584//2937 2593//2937
f 2593//2938 2584//2938 2585//2938
f 2593//2939 2585//2939 2594//2939
f 2594//2940 2585//2940 2586//2940
f 2594//2941 2586//2941 2595//2941
f 832//2942 2569//2942 833//2942
f 833//2943 2569//2943 2587//2943
f 833//2944 2587//2944 834//2944
f 834//2945 2587//2945 2588//2945
f 834//2946 2588//2946 831//2946
f 831//2947 2588//2947 2589//2947
f 831//2948 2589//2948 828//2948
f 828//2949 2589//2949 2590//2949
f 828//2950 2590//2950 829//2950
f 829//2951 2590//2951 2591//2951
f 829//2952 2591//2952 835//2952
f 835//2953 2591//2953 2592//2953
f 835//2954 2592//2954 836//2954
f 836//2955 2592//2955 2593//2955
f 836//2956 2593//2956 837//2956
f 837//2957 2593//2957 2594//2957
f 837//2958 2594//2958 827//2958
f 827//2959 2594//2959 2595//2959
f 827//2960 2595//2960 823//2960
f 331//2961 330//2961 2577//2961
f 2577//2962 330//2962 2596//2962
f 2577//2963 2596//2963 2586//2963
f 2586//2964 2596//2964 2595//2964
f 2595//2965 2596//2965 824//2965
f 2595//2966 824//2966 823//2966
f 2597//2967 2598//2967 2599//2967
f 2599//2968 2598//2968 2600//2968
f 2599//2969 2600//2969 2601//2969
f 2601//2969 2600//2969 2602//2969
f 2601//2970 2602//2970 2603//2970
f 2603//2970 2602//2970 2604//2970
f 2603//2971 2604//2971 2605//2971
f 2605//2971 2604//2971 2606//2971
f 2605//2972 2606//2972 2607//2972
f 2607//2972 2606//2972 2608//2972
f 2607//2973 2608//2973 2609//2973
f 2609//2973 2608//2973 2610//2973
f 2609//2974 2610//2974 2611//2974
f 2611//2974 2610//2974 2612//2974
f 2611//2975 2612//2975 2613//2975
f 2613//2975 2612//2975 2614//2975
f 2613//2976 2614//2976 2615//2976
f 2615//2976 2614//2976 2616//2976
f 2615//2977 2616//2977 2617//2977
f 2617//2977 2616//2977 2618//2977
f 2617//2978 2618//2978 2619//2978
f 2619//2978 2618//2978 2620//2978
f 2619//2979 2620//2979 2621//2979
f 2621//2979 2620//2979 2622//2979
f 2621//521 2622//521 2623//521
f 2623//521 2622//521 2624//521
f 2623//2980 2624//2980 2625//2980
f 2625//2980 2624//2980 2626//2980
f 2625//2981 2626//2981 2627//2981
f 2627//2981 2626//2981 2628//2981
f 2627//2982 2628//2982 2629//2982
f 2629//2982 2628//2982 2630//2982
f 2629//2983 2630//2983 2631//2983
f 2631//2983 2630//2983 2632//2983
f 2631//2984 2632//2984 2633//2984
f 2633//2984 2632//2984 2634//2984
f 2633//2985 2634//2985 2635//2985
f 2635//2985 2634//2985 2636//2985
f 2635//2986 2636//2986 2637//2986
f 2637//2986 2636//2986 2638//2986
f 2637//2987 2638//2987 2639//2987
f 2639//2987 2638//2987 2640//2987
f 2639//2988 2640//2988 2641//2988
f 2641//2988 2640//2988 2642//2988
f 2641//2989 2642//2989 2643//2989
f 2643//2989 2642//2989 2644//2989
f 2643//2990 2644//2990 2645//2990
f 2645//2990 2644//2990 2646//2990
f 2645//2991 2646//2991 2597//2991
f 2597//2992 2646//2992 2598//2992
f 2619//66 2621//66 2647//66
f 2647//66 2621//66 2623//66
f 2647//66 2623//66 2648//66
f 2648//66 2623//66 2625//66
f 2648//66 2625//66 2649//66
f 2649//66 2625//66 2627//66
f 2649//66 2627//66 2650//66
f 2650//66 2627//66 2629//66
f 2650//66 2629//66 2651//66
f 2651//66 2629//66 2631//66
f 2651//66 2631//66 2652//66
f 2652//66 2631//66 2633//66
f 2652//66 2633//66 2653//66
f 2653//66 2633//66 2635//66
f 2653//66 2635//66 2654//66
f 2654//66 2635//66 2637//66
f 2654//66 2637//66 2655//66
f 2655//66 2637//66 2639//66
f 2655//66 2639//66 2656//66
f 2656//66 2639//66 2641//66
f 2656//66 2641//66 2657//66
f 2657//66 2641//66 2643//66
f 2657//66 2643//66 2658//66
f 2658//66 2643//66 2645//66
f 2658//66 2645//66 2659//66
f 2659//66 2645//66 2597//66
f 2659//66 2597//66 2660//66
f 2660//66 2597//66 2599//66
f 2660//66 2599//66 2661//66
f 2661//66 2599//66 2601//66
f 2661//66 2601//66 2662//66
f 2662//66 2601//66 2603//66
f 2662//66 2603//66 2663//66
f 2663//66 2603//66 2605//66
f 2663//66 2605//66 2664//66
f 2664//66 2605//66 2607//66
f 2664//66 2607//66 2665//66
f 2665//66 2607//66 2609//66
f 2665//66 2609//66 2666//66
f 2666//66 2609//66 2611//66
f 2666//66 2611//66 2667//66
f 2667//66 2611//66 2613//66
f 2667//66 2613//66 2668//66
f 2668//66 2613//66 2615//66
f 2668//66 2615//66 2669//66
f 2669//66 2615//66 2617//66
f 2669//66 2617//66 2670//66
f 2670//66 2617//66 2619//66
f 2670//66 2619//66 2647//66
f 1334//2993 566//2993 1332//2993
f 1332//2994 566//2994 565//2994
f 1332//2995 565//2995 2671//2995
f 2671//2995 565//2995 2672//2995
f 1292//2996 591//2996 1290//2996
f 1290//2996 591//2996 503//2996
f 2673//2997 2674//2997 1294//2997
f 1294//2998 2674//2998 433//2998
f 1294//2999 433//2999 1292//2999
f 1292//3000 433//3000 591//3000
f 1365//3001 463//3001 1366//3001
f 1366//3001 463//3001 461//3001
f 1366//3002 461//3002 1369//3002
f 461//3002 655//3002 1369//3002
f 1369//3003 655//3003 656//3003
f 1369//3004 656//3004 1370//3004
f 1370//3005 656//3005 657//3005
f 657//3006 669//3006 1370//3006
f 1370//3007 669//3007 658//3007
f 1370//3008 658//3008 1371//3008
f 1371//3008 658//3008 660//3008
f 1371//3009 660//3009 1351//3009
f 1351//3009 660//3009 570//3009
f 1351//3010 570//3010 1336//3010
f 1336//3010 570//3010 568//3010
f 1363//3011 642//3011 459//3011
f 1363//3011 459//3011 1364//3011
f 1364//3012 459//3012 463//3012
f 1364//3012 463//3012 1365//3012
f 1350//3013 649//3013 1359//3013
f 1359//3013 649//3013 651//3013
f 1359//3014 651//3014 1360//3014
f 1360//3014 651//3014 653//3014
f 1360//135 653//135 1361//135
f 1361//135 653//135 654//135
f 1361//3015 654//3015 1362//3015
f 1362//3015 654//3015 644//3015
f 1362//3016 644//3016 1363//3016
f 1363//3016 644//3016 642//3016
f 1355//3017 634//3017 633//3017
f 1355//3017 633//3017 1354//3017
f 1354//3018 633//3018 649//3018
f 1354//3018 649//3018 1350//3018
f 543//3019 631//3019 1358//3019
f 1358//3020 631//3020 630//3020
f 1358//3021 630//3021 1357//3021
f 630//3022 629//3022 1357//3022
f 1357//3023 629//3023 636//3023
f 1357//3024 636//3024 1356//3024
f 1356//3024 636//3024 635//3024
f 1356//3025 635//3025 1355//3025
f 1355//3025 635//3025 634//3025
f 1348//3026 547//3026 545//3026
f 1348//3026 545//3026 1349//3026
f 1349//3027 545//3027 543//3027
f 1349//3027 543//3027 1358//3027
f 1309//3028 551//3028 1308//3028
f 1308//3028 551//3028 534//3028
f 1308//3029 534//3029 1307//3029
f 1307//3029 534//3029 532//3029
f 1307//3030 532//3030 1346//3030
f 1346//3030 532//3030 550//3030
f 1346//3031 550//3031 1347//3031
f 1347//3031 550//3031 549//3031
f 1347//3032 549//3032 1348//3032
f 1348//3032 549//3032 547//3032
f 1344//3033 625//3033 624//3033
f 1344//3033 624//3033 1343//3033
f 1343//3034 624//3034 551//3034
f 1343//3034 551//3034 1309//3034
f 1345//3035 420//3035 1344//3035
f 1344//3035 420//3035 625//3035
f 1330//3036 423//3036 421//3036
f 1330//3036 421//3036 1331//3036
f 1331//3037 421//3037 420//3037
f 1331//3037 420//3037 1345//3037
f 1318//3038 481//3038 1319//3038
f 1319//3038 481//3038 486//3038
f 1319//3039 486//3039 1296//3039
f 1296//3039 486//3039 485//3039
f 1296//521 485//521 1328//521
f 1328//521 485//521 628//521
f 1328//3040 628//3040 1329//3040
f 1329//3040 628//3040 627//3040
f 1329//3041 627//3041 1330//3041
f 1330//3041 627//3041 423//3041
f 1321//3042 622//3042 623//3042
f 1321//3042 623//3042 1320//3042
f 1320//3043 623//3043 481//3043
f 1320//3043 481//3043 1318//3043
f 1327//3044 599//3044 1326//3044
f 1326//3044 599//3044 602//3044
f 1326//3045 602//3045 1325//3045
f 1325//3045 602//3045 611//3045
f 1325//3046 611//3046 1324//3046
f 1324//3047 611//3047 426//3047
f 1324//3048 426//3048 425//3048
f 425//3049 614//3049 1324//3049
f 1324//3050 614//3050 615//3050
f 1324//3051 615//3051 1323//3051
f 615//3052 616//3052 1323//3052
f 1323//3053 616//3053 618//3053
f 1323//3054 618//3054 1322//3054
f 1322//3054 618//3054 620//3054
f 1322//3055 620//3055 1321//3055
f 1321//3055 620//3055 622//3055
f 1312//3056 520//3056 598//3056
f 1312//3056 598//3056 1313//3056
f 1313//3057 598//3057 599//3057
f 1313//3057 599//3057 1327//3057
f 1306//3058 525//3058 1305//3058
f 1305//3058 525//3058 527//3058
f 1305//3059 527//3059 1295//3059
f 1295//3059 527//3059 529//3059
f 1295//136 529//136 1310//136
f 1310//136 529//136 530//136
f 1310//3060 530//3060 1311//3060
f 1311//3060 530//3060 519//3060
f 1311//3061 519//3061 1312//3061
f 1312//3061 519//3061 520//3061
f 1338//3062 427//3062 693//3062
f 1338//3062 693//3062 1337//3062
f 1337//3063 693//3063 525//3063
f 1337//3063 525//3063 1306//3063
f 595//3064 594//3064 1341//3064
f 1341//3065 594//3065 593//3065
f 1341//3066 593//3066 1340//3066
f 593//3067 592//3067 1340//3067
f 1340//3068 592//3068 597//3068
f 1340//3069 597//3069 1339//3069
f 1339//3069 597//3069 428//3069
f 1339//3070 428//3070 1338//3070
f 1338//3070 428//3070 427//3070
f 1317//3071 430//3071 596//3071
f 1317//3071 596//3071 1342//3071
f 1342//3072 596//3072 595//3072
f 1342//3072 595//3072 1341//3072
f 1299//3073 500//3073 1297//3073
f 1297//3073 500//3073 498//3073
f 1297//3074 498//3074 1314//3074
f 1314//3074 498//3074 496//3074
f 1314//3075 496//3075 1315//3075
f 1315//3075 496//3075 494//3075
f 1315//3076 494//3076 1316//3076
f 1316//3076 494//3076 431//3076
f 1316//3077 431//3077 1317//3077
f 1317//3077 431//3077 430//3077
f 1290//3078 503//3078 502//3078
f 1290//3078 502//3078 1302//3078
f 1302//3079 502//3079 500//3079
f 1302//3079 500//3079 1299//3079
f 2675//3080 2676//3080 222//3080
f 222//3081 2676//3081 224//3081
f 222//3082 434//3082 2675//3082
f 2675//3083 434//3083 433//3083
f 2675//3083 433//3083 2674//3083
f 220//3084 218//3084 562//3084
f 562//3085 218//3085 2677//3085
f 562//3086 2677//3086 564//3086
f 564//3087 2677//3087 2678//3087
f 564//3088 2678//3088 565//3088
f 565//3089 2678//3089 2672//3089
f 1379//3090 1353//3090 2679//3090
f 2679//3091 1353//3091 1352//3091
f 1333//3092 1332//3092 2680//3092
f 2680//3093 1332//3093 2671//3093
f 2681//3094 2682//3094 1335//3094
f 1335//3095 2682//3095 2683//3095
f 1335//3096 2683//3096 1352//3096
f 1352//3097 2683//3097 2684//3097
f 1352//3098 2684//3098 2679//3098
f 1333//3099 2680//3099 1335//3099
f 1335//3100 2680//3100 2681//3100
f 2673//3101 1294//3101 2685//3101
f 2685//3102 1294//3102 1293//3102
f 1304//3103 1303//3103 2686//3103
f 2686//3103 1303//3103 1380//3103
f 2687//3104 2688//3104 1291//3104
f 1291//3105 2688//3105 2689//3105
f 1291//3106 2689//3106 1293//3106
f 1293//3107 2689//3107 2690//3107
f 1293//3108 2690//3108 2685//3108
f 1304//3109 2686//3109 1291//3109
f 1291//3110 2686//3110 2687//3110
f 247//3111 2660//3111 245//3111
f 245//3112 2660//3112 2661//3112
f 245//3113 2661//3113 243//3113
f 243//3114 2661//3114 2662//3114
f 243//3115 2662//3115 241//3115
f 241//3116 2662//3116 2663//3116
f 241//3117 2663//3117 239//3117
f 239//3118 2663//3118 2664//3118
f 239//3119 2664//3119 237//3119
f 237//3120 2664//3120 2665//3120
f 237//3121 2665//3121 235//3121
f 235//3122 2665//3122 2666//3122
f 235//3123 2666//3123 233//3123
f 233//3124 2666//3124 2667//3124
f 233//3125 2667//3125 231//3125
f 231//3126 2667//3126 2668//3126
f 231//3127 2668//3127 229//3127
f 229//3128 2668//3128 2669//3128
f 229//3129 2669//3129 227//3129
f 227//3130 2669//3130 2670//3130
f 227//3131 2670//3131 225//3131
f 225//3132 2670//3132 2647//3132
f 225//3133 2647//3133 271//3133
f 271//3134 2647//3134 2648//3134
f 271//3135 2648//3135 269//3135
f 269//3136 2648//3136 2649//3136
f 269//3137 2649//3137 267//3137
f 267//3138 2649//3138 2650//3138
f 267//3139 2650//3139 265//3139
f 265//3140 2650//3140 2651//3140
f 265//3141 2651//3141 263//3141
f 263//3142 2651//3142 2652//3142
f 263//3143 2652//3143 261//3143
f 261//3144 2652//3144 2653//3144
f 261//3145 2653//3145 259//3145
f 259//3146 2653//3146 2654//3146
f 259//3147 2654//3147 257//3147
f 257//3148 2654//3148 2655//3148
f 257//3149 2655//3149 255//3149
f 255//3150 2655//3150 2656//3150
f 255//3151 2656//3151 253//3151
f 253//3152 2656//3152 2657//3152
f 253//3153 2657//3153 251//3153
f 251//3154 2657//3154 2658//3154
f 251//3155 2658//3155 249//3155
f 249//3156 2658//3156 2659//3156
f 249//3157 2659//3157 247//3157
f 247//3158 2659//3158 2660//3158
f 2612//3159 665//3159 2614//3159
f 2614//3160 665//3160 673//3160
f 2614//3161 673//3161 2616//3161
f 2616//3162 673//3162 675//3162
f 2616//3163 675//3163 2618//3163
f 675//3164 677//3164 2618//3164
f 2618//3165 677//3165 686//3165
f 2618//3166 686//3166 2620//3166
f 2620//3167 686//3167 685//3167
f 2620//3168 685//3168 2622//3168
f 2622//3169 685//3169 684//3169
f 2622//3170 684//3170 2624//3170
f 2624//3170 684//3170 415//3170
f 2624//3171 415//3171 2626//3171
f 2626//3172 415//3172 414//3172
f 2626//3173 414//3173 2628//3173
f 2628//3174 414//3174 411//3174
f 2628//3175 411//3175 2630//3175
f 2630//3176 411//3176 688//3176
f 2630//3177 688//3177 2632//3177
f 2632//3178 688//3178 689//3178
f 2632//3179 689//3179 2634//3179
f 2634//3180 689//3180 690//3180
f 2634//3181 690//3181 2636//3181
f 2636//3182 690//3182 691//3182
f 2636//3183 691//3183 2638//3183
f 2638//3184 691//3184 692//3184
f 2638//3185 692//3185 2640//3185
f 2640//3186 692//3186 694//3186
f 2640//3187 694//3187 2642//3187
f 2642//3188 694//3188 442//3188
f 2642//3189 442//3189 2644//3189
f 2644//3190 442//3190 408//3190
f 2644//3191 408//3191 2646//3191
f 2646//3192 408//3192 410//3192
f 2646//3193 410//3193 2598//3193
f 2598//3194 410//3194 695//3194
f 2598//3195 695//3195 2600//3195
f 2600//3196 695//3196 417//3196
f 2600//3197 417//3197 2602//3197
f 2602//3198 417//3198 419//3198
f 2602//3199 419//3199 2604//3199
f 2604//3200 419//3200 661//3200
f 2604//3201 661//3201 2606//3201
f 2606//3202 661//3202 662//3202
f 2606//3203 662//3203 2608//3203
f 2608//3204 662//3204 664//3204
f 2608//3205 664//3205 2610//3205
f 2610//3206 664//3206 668//3206
f 2610//3207 668//3207 2612//3207
f 2612//3208 668//3208 666//3208
f 2612//3209 666//3209 665//3209
f 737//3210 2068//3210 735//3210
f 735//3211 2068//3211 321//3211
f 735//3212 321//3212 1539//3212
f 1539//3213 321//3213 313//3213
f 1539//3214 313//3214 760//3214
f 760//3215 313//3215 745//3215
f 745//3216 313//3216 2562//3216
f 745//3217 2562//3217 746//3217
f 746//3218 2562//3218 909//3218
f 746//3219 909//3219 747//3219
f 764//3220 907//3220 765//3220
f 765//3221 907//3221 906//3221
f 713//3222 712//3222 880//3222
f 880//3223 712//3223 1617//3223
f 880//3224 1617//3224 882//3224
f 720//3225 719//3225 857//3225
f 756//3226 747//3226 909//3226
f 909//3227 910//3227 756//3227
f 756//3228 910//3228 911//3228
f 756//3229 911//3229 764//3229
f 764//3230 911//3230 912//3230
f 764//3231 912//3231 907//3231
f 815//3232 816//3232 904//3232
f 904//3233 816//3233 818//3233
f 904//3234 818//3234 906//3234
f 906//3235 818//3235 1565//3235
f 906//3236 1565//3236 765//3236
f 904//3237 903//3237 815//3237
f 815//3238 903//3238 901//3238
f 815//3239 901//3239 814//3239
f 901//3240 900//3240 814//3240
f 814//3241 900//3241 898//3241
f 814//3242 898//3242 813//3242
f 898//3243 897//3243 813//3243
f 813//3244 897//3244 891//3244
f 813//3245 891//3245 812//3245
f 891//3246 889//3246 812//3246
f 812//3247 889//3247 894//3247
f 812//3248 894//3248 811//3248
f 1617//3249 767//3249 882//3249
f 882//3250 767//3250 769//3250
f 882//3251 769//3251 884//3251
f 884//3252 769//3252 771//3252
f 884//3253 771//3253 886//3253
f 886//3254 771//3254 811//3254
f 886//3255 811//3255 893//3255
f 893//3256 811//3256 894//3256
f 713//3257 880//3257 822//3257
f 822//3258 880//3258 879//3258
f 822//3259 879//3259 821//3259
f 879//3260 876//3260 821//3260
f 821//3261 876//3261 874//3261
f 821//3262 874//3262 820//3262
f 874//3263 872//3263 820//3263
f 820//3264 872//3264 870//3264
f 820//3265 870//3265 819//3265
f 870//3266 868//3266 819//3266
f 819//3267 868//3267 866//3267
f 819//3268 866//3268 805//3268
f 866//3269 864//3269 805//3269
f 805//3270 864//3270 863//3270
f 805//3271 863//3271 761//3271
f 719//3272 1591//3272 857//3272
f 857//3273 1591//3273 730//3273
f 857//3274 730//3274 858//3274
f 858//3275 730//3275 729//3275
f 858//3276 729//3276 860//3276
f 860//3277 729//3277 761//3277
f 860//3278 761//3278 861//3278
f 861//3279 761//3279 863//3279
f 857//3280 855//3280 720//3280
f 720//3281 855//3281 853//3281
f 720//3282 853//3282 775//3282
f 824//3283 780//3283 825//3283
f 825//3284 780//3284 775//3284
f 825//3285 775//3285 851//3285
f 851//3286 775//3286 853//3286
f 780//3287 824//3287 2596//3287
f 780//3288 2596//3288 781//3288
f 781//3289 2596//3289 330//3289
f 781//3290 330//3290 782//3290
f 332//3291 2079//3291 734//3291
f 734//3292 733//3292 332//3292
f 332//3293 733//3293 1513//3293
f 332//3294 1513//3294 330//3294
f 330//3295 1513//3295 796//3295
f 330//3292 796//3292 782//3292
f 6//3296 2691//3296 4//3296
f 4//3297 2691//3297 2692//3297
f 4//3298 2692//3298 1//3298
f 1//3299 2692//3299 2693//3299
f 1//3299 2693//3299 2//3299
f 2//3300 2693//3300 47//3300
f 47//3301 2693//3301 2694//3301
f 47//3302 2694//3302 48//3302
f 48//3303 2694//3303 49//3303
f 49//3304 2694//3304 2695//3304
f 49//3305 2695//3305 44//3305
f 44//3306 2695//3306 2696//3306
f 44//3306 2696//3306 45//3306
f 2697//3307 52//3307 2696//3307
f 2696//3308 52//3308 50//3308
f 2696//3309 50//3309 45//3309
f 126//136 2691//136 7//136
f 7//136 2691//136 6//136
f 2697//135 91//135 52//135
f 52//135 91//135 53//135
f 2696//552 2695//552 2697//552
f 2697//552 2695//552 2694//552
f 126//552 91//552 2691//552
f 2691//552 91//552 2697//552
f 2691//552 2697//552 2692//552
f 2692//552 2697//552 2694//552
f 2692//552 2694//552 2693//552
f 1375//3310 112//3310 1380//3310
f 1380//3311 112//3311 179//3311
f 179//3312 2685//3312 2690//3312
f 2673//3313 2685//3313 179//3313
f 179//3314 2689//3314 2688//3314
f 2687//3315 179//3315 2688//3315
f 2690//3316 2689//3316 179//3316
f 1380//3317 179//3317 2686//3317
f 2687//3318 2686//3318 179//3318
f 2673//3319 179//3319 2674//3319
f 2674//3320 179//3320 178//3320
f 178//3321 2676//3321 2675//3321
f 2674//3322 178//3322 2675//3322
f 224//3323 2676//3323 178//3323
f 223//3324 224//3324 180//3324
f 180//3325 224//3325 178//3325
f 223//3326 180//3326 1384//3326
f 1384//3327 180//3327 181//3327
f 1384//3328 181//3328 1383//3328
f 1383//3329 181//3329 140//3329
f 1383//3330 140//3330 1382//3330
f 1382//3330 140//3330 190//3330
f 1382//3331 190//3331 1381//3331
f 1381//3332 190//3332 189//3332
f 1381//3333 189//3333 217//3333
f 217//3334 189//3334 188//3334
f 218//3335 217//3335 177//3335
f 177//3336 217//3336 188//3336
f 177//3337 2677//3337 218//3337
f 2677//3338 177//3338 2678//3338
f 177//3339 2672//3339 2678//3339
f 2672//3340 177//3340 2671//3340
f 2671//3341 177//3341 176//3341
f 176//3342 2679//3342 2684//3342
f 1379//3343 2679//3343 176//3343
f 176//3344 2683//3344 2682//3344
f 2681//3345 176//3345 2682//3345
f 2684//3346 2683//3346 176//3346
f 2671//3347 176//3347 2680//3347
f 2681//3348 2680//3348 176//3348
f 1379//3349 176//3349 1376//3349
f 1376//3350 176//3350 136//3350
f 566//3351 1334//3351 568//3351
f 568//3351 1334//3351 1336//3351
f 2698//552 322//552 2699//552
f 2699//552 322//552 320//552
f 2700//213 317//213 2701//213
f 2701//213 317//213 311//213
f 2702//521 328//521 2703//521
f 2703//521 328//521 327//521
f 2704//66 326//66 2705//66
f 2705//66 326//66 325//66
f 2705//3352 325//3352 2706//3352
f 2706//3352 325//3352 324//3352
f 2706//3353 324//3353 2707//3353
f 2707//3353 324//3353 323//3353
f 2707//3354 323//3354 2698//3354
f 2698//3354 323//3354 322//3354
f 2703//3355 327//3355 2708//3355
f 2708//3355 327//3355 315//3355
f 2708//3356 315//3356 2709//3356
f 2709//3356 315//3356 314//3356
f 2709//3357 314//3357 2704//3357
f 2704//3357 314//3357 326//3357
f 2701//3358 311//3358 2710//3358
f 2710//3358 311//3358 310//3358
f 2710//3359 310//3359 2711//3359
f 2711//3359 310//3359 329//3359
f 2711//3360 329//3360 2702//3360
f 2702//3360 329//3360 328//3360
f 2699//3361 320//3361 2712//3361
f 2712//3361 320//3361 319//3361
f 2712//3362 319//3362 2713//3362
f 2713//3362 319//3362 318//3362
f 2713//3363 318//3363 2700//3363
f 2700//3363 318//3363 317//3363
f 1393//3364 2698//3364 1394//3364
f 1394//3364 2698//3364 2699//3364
f 2698//3365 1393//3365 2707//3365
f 2707//3366 1393//3366 1386//3366
f 2707//3367 1386//3367 2706//3367
f 2706//3368 1386//3368 1385//3368
f 2706//3369 1385//3369 2705//3369
f 2705//3370 1385//3370 1402//3370
f 2700//3371 1398//3371 2713//3371
f 2713//3372 1398//3372 1397//3372
f 2713//3373 1397//3373 2712//3373
f 2712//3374 1397//3374 1396//3374
f 2712//3375 1396//3375 2699//3375
f 2699//3376 1396//3376 1394//3376
f 1401//3377 2704//3377 1402//3377
f 1402//3377 2704//3377 2705//3377
f 2701//3378 1399//3378 2700//3378
f 2700//3378 1399//3378 1398//3378
f 2704//3379 1401//3379 2709//3379
f 2709//3379 1401//3379 1400//3379
f 2709//3380 1400//3380 2708//3380
f 2708//3381 1400//3381 1392//3381
f 2708//3382 1392//3382 2703//3382
f 2703//3383 1392//3383 1391//3383
f 2702//3384 1390//3384 2711//3384
f 2711//3385 1390//3385 1388//3385
f 2711//3386 1388//3386 2710//3386
f 2710//3387 1388//3387 1387//3387
f 2710//3388 1387//3388 2701//3388
f 2701//3389 1387//3389 1399//3389
f 1390//3390 2702//3390 1391//3390
f 1391//3390 2702//3390 2703//3390
f 2714//552 2715//552 2716//552
f 2717//552 2718//552 2719//552
f 2720//552 2721//552 2722//552
f 2723//552 2724//552 2725//552
f 2726//552 2727//552 2728//552
f 2729//552 2730//552 2731//552
f 2732//552 2733//552 2734//552
f 2734//552 2735//552 2732//552
f 2732//552 2735//552 2736//552
f 2732//552 2736//552 2729//552
f 2729//552 2736//552 2737//552
f 2729//552 2737//552 2730//552
f 2738//552 2739//552 2740//552
f 2740//552 2739//552 2730//552
f 2740//552 2730//552 2741//552
f 2741//552 2730//552 2737//552
f 2742//552 2743//552 2744//552
f 2744//552 2743//552 2745//552
f 2744//552 2745//552 2746//552
f 2742//552 2747//552 2743//552
f 2743//552 2747//552 2748//552
f 2743//552 2748//552 2749//552
f 2749//552 2748//552 2750//552
f 2749//552 2750//552 2751//552
f 2752//552 2753//552 2754//552
f 2755//552 2756//552 2757//552
f 2758//552 2759//552 2760//552
f 2760//552 2759//552 2754//552
f 2760//552 2754//552 2761//552
f 2761//552 2754//552 2753//552
f 2756//552 2762//552 2757//552
f 2757//552 2762//552 2763//552
f 2757//552 2763//552 2764//552
f 2764//552 2763//552 2765//552
f 2764//552 2765//552 2766//552
f 2766//552 2765//552 2767//552
f 2766//552 2767//552 2768//552
f 2758//552 2755//552 2759//552
f 2759//552 2755//552 2757//552
f 2759//552 2757//552 2769//552
f 2769//552 2757//552 2751//552
f 2769//552 2751//552 2770//552
f 2770//552 2751//552 2750//552
f 2771//552 2772//552 2773//552
f 2768//552 2752//552 2766//552
f 2766//552 2752//552 2754//552
f 2766//552 2754//552 2772//552
f 2772//552 2754//552 2774//552
f 2772//552 2774//552 2773//552
f 2775//552 2776//552 2777//552
f 2777//552 2776//552 2778//552
f 2779//552 2780//552 2781//552
f 2781//552 2780//552 2776//552
f 2780//552 2782//552 2776//552
f 2776//552 2782//552 2783//552
f 2776//552 2783//552 2778//552
f 2778//552 2783//552 2784//552
f 2778//552 2784//552 2785//552
f 2784//552 2786//552 2785//552
f 2785//552 2786//552 2787//552
f 2785//552 2787//552 2788//552
f 2788//552 2787//552 2789//552
f 2788//552 2789//552 2790//552
f 2791//552 2792//552 2793//552
f 2793//552 2792//552 2794//552
f 2793//552 2794//552 2795//552
f 2796//552 2797//552 2798//552
f 2798//552 2797//552 2799//552
f 2798//552 2799//552 2800//552
f 2800//552 2799//552 2801//552
f 2795//552 2794//552 2802//552
f 2802//552 2794//552 2803//552
f 2802//552 2803//552 2804//552
f 2804//552 2803//552 2805//552
f 2804//552 2805//552 2806//552
f 2807//552 2808//552 2809//552
f 2807//552 2809//552 2810//552
f 2810//552 2809//552 2811//552
f 2810//552 2811//552 2812//552
f 2813//552 2814//552 2815//552
f 2815//552 2814//552 2816//552
f 2815//552 2816//552 2817//552
f 2816//552 2818//552 2817//552
f 2817//552 2818//552 2819//552
f 2817//552 2819//552 2820//552
f 2819//552 2821//552 2820//552
f 2820//552 2821//552 2822//552
f 2820//552 2822//552 2823//552
f 2823//552 2822//552 2824//552
f 2825//552 2826//552 2827//552
f 2827//552 2826//552 2828//552
f 2827//552 2828//552 2829//552
f 2725//552 2724//552 2829//552
f 2723//552 2725//552 2830//552
f 2830//552 2725//552 2831//552
f 2830//552 2831//552 2832//552
f 2832//552 2831//552 2833//552
f 2832//552 2833//552 2834//552
f 2834//552 2833//552 2835//552
f 2834//552 2835//552 2721//552
f 2721//552 2835//552 2722//552
f 2722//552 2835//552 2836//552
f 2722//552 2836//552 2837//552
f 2836//552 2838//552 2837//552
f 2837//552 2838//552 2839//552
f 2837//552 2839//552 2840//552
f 2840//552 2839//552 2841//552
f 2840//552 2841//552 2825//552
f 2825//552 2841//552 2842//552
f 2825//552 2842//552 2826//552
f 2843//552 2844//552 2845//552
f 2846//552 2847//552 2714//552
f 2714//552 2847//552 2848//552
f 2714//552 2848//552 2849//552
f 2849//552 2848//552 2850//552
f 2849//552 2850//552 2851//552
f 2852//552 2853//552 2854//552
f 2854//552 2853//552 2714//552
f 2714//552 2853//552 2855//552
f 2714//552 2855//552 2846//552
f 2843//552 2845//552 2856//552
f 2856//552 2845//552 2857//552
f 2856//552 2857//552 2858//552
f 2858//552 2857//552 2859//552
f 2858//552 2859//552 2860//552
f 2860//552 2859//552 2861//552
f 2860//552 2861//552 2862//552
f 2829//552 2724//552 2827//552
f 2827//552 2724//552 2862//552
f 2827//552 2862//552 2854//552
f 2854//552 2862//552 2861//552
f 2854//552 2861//552 2852//552
f 2863//552 2864//552 2865//552
f 2863//552 2865//552 2866//552
f 2867//552 2849//552 2868//552
f 2868//552 2869//552 2867//552
f 2867//552 2869//552 2870//552
f 2867//552 2870//552 2871//552
f 2865//552 2872//552 2866//552
f 2866//552 2872//552 2873//552
f 2866//552 2873//552 2874//552
f 2874//552 2873//552 2875//552
f 2874//552 2875//552 2876//552
f 2876//552 2875//552 2877//552
f 2876//552 2877//552 2878//552
f 2878//552 2877//552 2879//552
f 2878//552 2879//552 2880//552
f 2881//552 2882//552 2849//552
f 2849//552 2882//552 2883//552
f 2849//552 2883//552 2868//552
f 2879//552 2884//552 2880//552
f 2880//552 2884//552 2881//552
f 2880//552 2881//552 2885//552
f 2885//552 2881//552 2849//552
f 2885//552 2849//552 2844//552
f 2844//552 2849//552 2851//552
f 2844//552 2851//552 2845//552
f 2886//552 2887//552 2888//552
f 2889//552 2890//552 2891//552
f 2891//552 2890//552 2892//552
f 2893//552 2894//552 2892//552
f 2892//552 2894//552 2895//552
f 2892//552 2895//552 2891//552
f 2896//552 2897//552 2898//552
f 2898//552 2897//552 2899//552
f 2898//552 2899//552 2900//552
f 2789//552 2901//552 2790//552
f 2790//552 2901//552 2902//552
f 2790//552 2902//552 2903//552
f 2779//552 2781//552 2904//552
f 2904//552 2781//552 2905//552
f 2904//552 2905//552 2906//552
f 2907//552 2908//552 2909//552
f 2909//552 2908//552 2910//552
f 2909//552 2910//552 2733//552
f 2733//552 2910//552 2911//552
f 2733//552 2911//552 2734//552
f 2912//552 2913//552 2781//552
f 2781//552 2913//552 2914//552
f 2912//552 2781//552 2915//552
f 2915//552 2781//552 2776//552
f 2915//552 2776//552 2916//552
f 2773//552 2917//552 2771//552
f 2771//552 2917//552 2918//552
f 2771//552 2918//552 2919//552
f 2919//552 2918//552 2920//552
f 2919//552 2920//552 2775//552
f 2775//552 2920//552 2921//552
f 2775//552 2921//552 2776//552
f 2776//552 2921//552 2922//552
f 2776//552 2922//552 2923//552
f 2924//552 2925//552 2715//552
f 2715//552 2925//552 2926//552
f 2923//552 2927//552 2776//552
f 2776//552 2927//552 2928//552
f 2776//552 2928//552 2916//552
f 2929//552 2930//552 2931//552
f 2932//552 2933//552 2934//552
f 2933//552 2935//552 2934//552
f 2934//552 2935//552 2936//552
f 2934//552 2936//552 2746//552
f 2746//552 2936//552 2937//552
f 2746//552 2937//552 2938//552
f 2938//552 2939//552 2746//552
f 2746//552 2939//552 2929//552
f 2746//552 2929//552 2744//552
f 2744//552 2929//552 2931//552
f 2744//552 2931//552 2742//552
f 2940//552 2941//552 2942//552
f 2942//552 2941//552 2943//552
f 2926//552 2944//552 2715//552
f 2715//552 2944//552 2945//552
f 2715//552 2945//552 2716//552
f 2716//552 2945//552 2946//552
f 2716//552 2946//552 2947//552
f 2947//552 2946//552 2948//552
f 2947//552 2948//552 2943//552
f 2943//552 2948//552 2949//552
f 2943//552 2949//552 2942//552
f 2950//552 2797//552 2728//552
f 2728//552 2797//552 2796//552
f 2728//552 2796//552 2726//552
f 2950//552 2728//552 2951//552
f 2951//552 2728//552 2952//552
f 2951//552 2952//552 2953//552
f 2953//552 2952//552 2954//552
f 2953//552 2954//552 2955//552
f 2955//552 2954//552 2956//552
f 2956//552 2954//552 2807//552
f 2956//552 2807//552 2957//552
f 2957//552 2807//552 2810//552
f 2957//552 2810//552 2958//552
f 2871//552 2959//552 2867//552
f 2867//552 2959//552 2960//552
f 2867//552 2960//552 2961//552
f 2961//552 2960//552 2962//552
f 2961//552 2962//552 2810//552
f 2810//552 2962//552 2963//552
f 2810//552 2963//552 2958//552
f 2864//552 2863//552 2964//552
f 2964//552 2863//552 2965//552
f 2964//552 2965//552 2966//552
f 2966//552 2965//552 2967//552
f 2966//552 2967//552 2968//552
f 2968//552 2967//552 2720//552
f 2968//552 2720//552 2969//552
f 2969//552 2720//552 2722//552
f 2969//552 2722//552 2970//552
f 2970//552 2722//552 2837//552
f 2970//552 2837//552 2971//552
f 2971//552 2837//552 2972//552
f 2972//552 2837//552 2892//552
f 2972//552 2892//552 2973//552
f 2973//552 2892//552 2974//552
f 2973//552 2974//552 2975//552
f 2950//552 2976//552 2797//552
f 2797//552 2976//552 2977//552
f 2797//552 2977//552 2799//552
f 2799//552 2977//552 2978//552
f 2799//552 2978//552 2890//552
f 2890//552 2978//552 2979//552
f 2890//552 2979//552 2892//552
f 2892//552 2979//552 2980//552
f 2892//552 2980//552 2974//552
f 2714//552 2716//552 2854//552
f 2854//552 2716//552 2947//552
f 2854//552 2947//552 2827//552
f 2827//552 2947//552 2943//552
f 2827//552 2943//552 2825//552
f 2825//552 2943//552 2941//552
f 2825//552 2941//552 2840//552
f 2940//552 2932//552 2941//552
f 2941//552 2932//552 2934//552
f 2941//552 2934//552 2840//552
f 2840//552 2934//552 2981//552
f 2840//552 2981//552 2837//552
f 2837//552 2981//552 2982//552
f 2837//552 2982//552 2892//552
f 2892//552 2982//552 2719//552
f 2892//552 2719//552 2893//552
f 2893//552 2719//552 2718//552
f 2745//552 2731//552 2746//552
f 2746//552 2731//552 2730//552
f 2746//552 2730//552 2934//552
f 2934//552 2730//552 2739//552
f 2934//552 2739//552 2981//552
f 2981//552 2739//552 2983//552
f 2981//552 2983//552 2982//552
f 2982//552 2983//552 2984//552
f 2982//552 2984//552 2719//552
f 2719//552 2984//552 2900//552
f 2719//552 2900//552 2717//552
f 2717//552 2900//552 2899//552
f 2902//552 2906//552 2903//552
f 2903//552 2906//552 2905//552
f 2903//552 2905//552 2985//552
f 2985//552 2905//552 2986//552
f 2985//552 2986//552 2987//552
f 2987//552 2986//552 2988//552
f 2987//552 2988//552 2989//552
f 2989//552 2988//552 2990//552
f 2738//552 2991//552 2739//552
f 2739//552 2991//552 2907//552
f 2739//552 2907//552 2983//552
f 2983//552 2907//552 2909//552
f 2983//552 2909//552 2984//552
f 2984//552 2909//552 2992//552
f 2984//552 2992//552 2900//552
f 2900//552 2992//552 2993//552
f 2900//552 2993//552 2898//552
f 2898//552 2993//552 2994//552
f 2995//552 2996//552 2815//552
f 2990//552 2997//552 2989//552
f 2989//552 2997//552 2998//552
f 2989//552 2998//552 2999//552
f 2999//552 3000//552 2989//552
f 2989//552 3000//552 3001//552
f 2989//552 3001//552 3002//552
f 3002//552 3001//552 3003//552
f 3002//552 3003//552 3004//552
f 2996//552 3005//552 2815//552
f 2815//552 3005//552 3006//552
f 2815//552 3006//552 2990//552
f 2990//552 3006//552 3007//552
f 2990//552 3007//552 2997//552
f 2914//552 2924//552 2781//552
f 2781//552 2924//552 2715//552
f 2781//552 2715//552 2905//552
f 2905//552 2715//552 2714//552
f 2905//552 2714//552 2986//552
f 2986//552 2714//552 2849//552
f 2986//552 2849//552 2988//552
f 2988//552 2849//552 2867//552
f 2988//552 2867//552 2990//552
f 2990//552 2867//552 2961//552
f 2990//552 2961//552 2815//552
f 2815//552 2961//552 2810//552
f 2815//552 2810//552 2813//552
f 2813//552 2810//552 2812//552
f 2889//552 2886//552 2890//552
f 2890//552 2886//552 2888//552
f 2890//552 2888//552 2799//552
f 2799//552 2888//552 2792//552
f 2799//552 2792//552 2801//552
f 2801//552 2792//552 2791//552
f 3008//552 3009//552 2994//552
f 3010//552 3011//552 3012//552
f 2898//552 3013//552 3014//552
f 2898//552 3014//552 3015//552
f 3015//552 3014//552 3016//552
f 3015//552 3016//552 3017//552
f 2994//552 3009//552 2898//552
f 2898//552 3009//552 3018//552
f 2898//552 3018//552 3013//552
f 3011//552 3019//552 3012//552
f 3012//552 3019//552 3020//552
f 3012//552 3020//552 2994//552
f 2994//552 3020//552 3021//552
f 2994//552 3021//552 3008//552
f 3004//552 2995//552 3002//552
f 3002//552 2995//552 2815//552
f 3002//552 2815//552 3022//552
f 3022//552 2815//552 2817//552
f 3022//552 2817//552 3023//552
f 3023//552 2817//552 2820//552
f 2806//552 2805//552 2727//552
f 2727//552 2805//552 3024//552
f 2727//552 3024//552 2728//552
f 2728//552 3024//552 3025//552
f 2728//552 3025//552 2952//552
f 2952//552 3025//552 3026//552
f 2952//552 3026//552 2954//552
f 2954//552 3026//552 2823//552
f 2954//552 2823//552 2807//552
f 2807//552 2823//552 2824//552
f 2807//552 2824//552 2808//552
f 2887//552 2896//552 2888//552
f 2888//552 2896//552 2898//552
f 2888//552 2898//552 2792//552
f 2792//552 2898//552 3015//552
f 2792//552 3015//552 2794//552
f 2794//552 3015//552 3027//552
f 2794//552 3027//552 2803//552
f 2803//552 3027//552 3028//552
f 3017//552 3010//552 3015//552
f 3015//552 3010//552 3012//552
f 3015//552 3012//552 3027//552
f 3027//552 3012//552 3029//552
f 3027//552 3029//552 3028//552
f 3028//552 3029//552 3030//552
f 2732//552 3031//552 2733//552
f 2733//552 3031//552 3032//552
f 2733//552 3032//552 2909//552
f 2909//552 3032//552 3033//552
f 2909//552 3033//552 2992//552
f 2992//552 3033//552 3034//552
f 2992//552 3034//552 2993//552
f 2993//552 3034//552 3035//552
f 2993//552 3035//552 2994//552
f 2994//552 3035//552 3036//552
f 2994//552 3036//552 3012//552
f 3012//552 3036//552 3037//552
f 3012//552 3037//552 3029//552
f 3029//552 3037//552 3038//552
f 3029//552 3038//552 3030//552
f 3030//552 3038//552 3039//552
f 3040//521 3041//521 3042//521
f 3043//521 3044//521 3045//521
f 3046//521 3047//521 3048//521
f 3048//521 3047//521 3049//521
f 3048//521 3049//521 3050//521
f 3051//521 3052//521 3053//521
f 3053//521 3052//521 3054//521
f 3055//521 3056//521 3057//521
f 3058//521 3059//521 3044//521
f 3044//521 3059//521 3060//521
f 3044//521 3060//521 3045//521
f 3061//521 3062//521 3063//521
f 3064//521 3065//521 3066//521
f 3054//521 3067//521 3053//521
f 3053//521 3067//521 3068//521
f 3053//521 3068//521 3069//521
f 3069//521 3068//521 3070//521
f 3069//521 3070//521 3071//521
f 3071//521 3070//521 3072//521
f 3073//521 3074//521 3058//521
f 3058//521 3074//521 3063//521
f 3075//521 3076//521 3077//521
f 3077//521 3076//521 3078//521
f 3057//521 3079//521 3055//521
f 3055//521 3079//521 3076//521
f 3055//521 3076//521 3080//521
f 3080//521 3076//521 3075//521
f 3080//521 3075//521 3042//521
f 3042//521 3075//521 3081//521
f 3042//521 3081//521 3040//521
f 3062//521 3082//521 3063//521
f 3063//521 3082//521 3072//521
f 3063//521 3072//521 3058//521
f 3058//521 3072//521 3070//521
f 3058//521 3070//521 3059//521
f 3083//521 3084//521 3085//521
f 3085//521 3084//521 3086//521
f 3085//521 3086//521 3087//521
f 3087//521 3086//521 3088//521
f 3089//521 3090//521 3043//521
f 3061//521 3063//521 3091//521
f 3091//521 3063//521 3092//521
f 3091//521 3092//521 3093//521
f 3093//521 3092//521 3094//521
f 3093//521 3094//521 3095//521
f 3065//521 3096//521 3097//521
f 3098//521 3099//521 3100//521
f 3100//521 3099//521 3101//521
f 3100//521 3101//521 3102//521
f 3103//521 3104//521 3105//521
f 3105//521 3104//521 3106//521
f 3105//521 3106//521 3088//521
f 3088//521 3106//521 3107//521
f 3088//521 3107//521 3087//521
f 3048//521 3108//521 3046//521
f 3046//521 3108//521 3103//521
f 3046//521 3103//521 3109//521
f 3109//521 3103//521 3105//521
f 3109//521 3105//521 3110//521
f 3110//521 3105//521 3111//521
f 3112//521 3089//521 3113//521
f 3113//521 3089//521 3043//521
f 3113//521 3043//521 3114//521
f 3114//521 3043//521 3045//521
f 3115//521 3116//521 3117//521
f 3066//521 3093//521 3064//521
f 3064//521 3093//521 3095//521
f 3064//521 3095//521 3111//521
f 3111//521 3095//521 3118//521
f 3111//521 3118//521 3110//521
f 3119//521 3120//521 3121//521
f 3121//521 3120//521 3122//521
f 3121//521 3122//521 3076//521
f 3076//521 3122//521 3123//521
f 3076//521 3123//521 3124//521
f 3097//521 3078//521 3065//521
f 3065//521 3078//521 3076//521
f 3065//521 3076//521 3066//521
f 3066//521 3076//521 3124//521
f 3096//521 3065//521 3125//521
f 3125//521 3065//521 3126//521
f 3125//521 3126//521 3127//521
f 3100//521 3128//521 3098//521
f 3098//521 3128//521 3129//521
f 3098//521 3129//521 3126//521
f 3126//521 3129//521 3130//521
f 3131//521 3132//521 3133//521
f 3133//521 3132//521 3134//521
f 3133//521 3134//521 3135//521
f 3135//521 3134//521 3127//521
f 3135//521 3127//521 3136//521
f 3136//521 3127//521 3126//521
f 3136//521 3126//521 3137//521
f 3137//521 3126//521 3130//521
f 3053//521 3138//521 3119//521
f 3119//521 3138//521 3139//521
f 3119//521 3139//521 3120//521
f 3140//521 3141//521 3142//521
f 3142//521 3141//521 3143//521
f 3142//521 3143//521 3144//521
f 3117//521 3116//521 3145//521
f 3145//521 3116//521 3146//521
f 3145//521 3146//521 3147//521
f 3115//521 3117//521 3148//521
f 3148//521 3117//521 3141//521
f 3148//521 3141//521 3149//521
f 3067//521 3150//521 3068//521
f 3068//521 3150//521 3151//521
f 3068//521 3151//521 3152//521
f 3152//521 3151//521 3153//521
f 3152//521 3153//521 3154//521
f 3155//521 3156//521 3157//521
f 3157//521 3156//521 3158//521
f 3157//521 3158//521 3113//521
f 3113//521 3158//521 3159//521
f 3113//521 3159//521 3112//521
f 3051//521 3053//521 3160//521
f 3160//521 3053//521 3119//521
f 3160//521 3119//521 3161//521
f 3162//521 3163//521 3155//521
f 3155//521 3163//521 3164//521
f 3155//521 3164//521 3156//521
f 3153//521 3165//521 3154//521
f 3154//521 3165//521 3166//521
f 3154//521 3166//521 3162//521
f 3162//521 3166//521 3167//521
f 3168//521 3169//521 3170//521
f 3170//521 3169//521 3171//521
f 3140//521 3172//521 3141//521
f 3141//521 3172//521 3173//521
f 3141//521 3173//521 3163//521
f 3170//521 3149//521 3168//521
f 3168//521 3149//521 3141//521
f 3168//521 3141//521 3174//521
f 3174//521 3141//521 3163//521
f 3174//521 3163//521 3175//521
f 3175//521 3163//521 3162//521
f 3175//521 3162//521 3176//521
f 3176//521 3162//521 3167//521
f 3177//521 3178//521 3119//521
f 3119//521 3178//521 3179//521
f 3119//521 3179//521 3161//521
f 3171//521 3180//521 3170//521
f 3170//521 3180//521 3181//521
f 3170//521 3181//521 3119//521
f 3119//521 3181//521 3182//521
f 3119//521 3182//521 3177//521
f 3183//3391 2964//3391 2966//3391
f 3183//3391 2966//3391 3184//3391
f 3184//3392 2966//3392 2968//3392
f 3184//3392 2968//3392 3185//3392
f 3185//3393 2968//3393 2969//3393
f 3185//3393 2969//3393 3186//3393
f 3186//3394 2969//3394 2970//3394
f 3186//3394 2970//3394 3187//3394
f 3187//3395 2970//3395 2971//3395
f 3187//3395 2971//3395 3188//3395
f 3188//3396 2971//3396 2972//3396
f 3188//3396 2972//3396 3189//3396
f 3189//3397 2972//3397 2973//3397
f 3189//3397 2973//3397 3190//3397
f 3191//3398 2870//3398 2869//3398
f 3191//3398 2869//3398 3192//3398
f 3192//3399 2869//3399 2868//3399
f 3192//3399 2868//3399 3193//3399
f 3193//3400 2868//3400 2883//3400
f 3193//3400 2883//3400 3194//3400
f 3194//3401 2883//3401 2882//3401
f 3194//3401 2882//3401 3195//3401
f 3195//3402 2882//3402 2881//3402
f 3195//3402 2881//3402 3196//3402
f 3196//3403 2881//3403 2884//3403
f 3196//3403 2884//3403 3197//3403
f 3197//3404 2884//3404 2879//3404
f 3197//3404 2879//3404 3198//3404
f 3199//3405 3200//3405 3201//3405
f 3201//3406 3202//3406 3199//3406
f 3199//3407 3202//3407 3203//3407
f 3199//3407 3203//3407 3204//3407
f 3204//3408 3203//3408 3205//3408
f 3204//3408 3205//3408 3206//3408
f 3206//3409 3205//3409 3207//3409
f 3206//3409 3207//3409 3208//3409
f 3208//3410 3207//3410 3209//3410
f 3208//3410 3209//3410 3210//3410
f 3210//3411 3209//3411 3211//3411
f 3210//3411 3211//3411 3212//3411
f 3212//3412 3211//3412 3213//3412
f 3212//3412 3213//3412 3214//3412
f 3214//3413 3213//3413 3215//3413
f 3215//3414 3213//3414 3216//3414
f 3215//3415 3216//3415 2916//3415
f 2916//3415 3216//3415 2915//3415
f 2915//3416 3216//3416 3217//3416
f 2915//3416 3217//3416 2912//3416
f 2912//3417 3217//3417 3218//3417
f 2912//3417 3218//3417 2913//3417
f 2913//3418 3218//3418 3219//3418
f 2913//3418 3219//3418 2914//3418
f 2914//3419 3219//3419 3201//3419
f 2914//3419 3201//3419 2924//3419
f 2924//3420 3201//3420 3200//3420
f 2924//3420 3200//3420 2925//3420
f 2940//3421 3220//3421 3221//3421
f 3221//3422 3220//3422 3222//3422
f 3223//3423 3224//3423 3225//3423
f 3225//3410 3226//3410 3223//3410
f 3223//3424 3226//3424 3227//3424
f 3223//3424 3227//3424 3228//3424
f 3228//3425 3227//3425 3229//3425
f 3228//3425 3229//3425 3230//3425
f 3230//3426 3229//3426 3231//3426
f 3230//3426 3231//3426 3232//3426
f 3232//3416 3231//3416 3233//3416
f 3232//3416 3233//3416 3234//3416
f 3234//3417 3233//3417 3235//3417
f 3234//3417 3235//3417 3236//3417
f 3236//3418 3235//3418 3222//3418
f 3236//3418 3222//3418 3237//3418
f 3237//3427 3222//3427 3220//3427
f 2940//3421 3221//3421 2932//3421
f 2932//3428 3221//3428 3238//3428
f 2932//3428 3238//3428 2933//3428
f 2933//3407 3238//3407 3239//3407
f 2933//3407 3239//3407 2935//3407
f 2935//3408 3239//3408 3240//3408
f 2935//3408 3240//3408 2936//3408
f 2936//3409 3240//3409 3225//3409
f 2936//3409 3225//3409 2937//3409
f 2937//3429 3225//3429 3224//3429
f 2937//3429 3224//3429 2938//3429
f 2756//3430 3241//3430 2762//3430
f 2762//3430 3241//3430 3242//3430
f 2762//3431 3242//3431 2763//3431
f 2763//3431 3242//3431 3243//3431
f 2763//3432 3243//3432 2765//3432
f 2765//3432 3243//3432 3244//3432
f 2765//3433 3244//3433 2767//3433
f 2767//3433 3244//3433 3245//3433
f 2767//3434 3245//3434 2768//3434
f 2768//3434 3245//3434 3246//3434
f 2768//3435 3246//3435 2752//3435
f 2752//3435 3246//3435 3247//3435
f 2752//3436 3247//3436 2753//3436
f 2753//3436 3247//3436 3248//3436
f 2753//3437 3248//3437 2761//3437
f 2761//3437 3248//3437 3249//3437
f 2761//3438 3249//3438 2760//3438
f 2760//3438 3249//3438 3250//3438
f 2760//3439 3250//3439 2758//3439
f 2758//3439 3250//3439 3251//3439
f 2758//3440 3251//3440 2755//3440
f 2755//3440 3251//3440 3252//3440
f 2755//3441 3252//3441 2756//3441
f 2756//3441 3252//3441 3241//3441
f 3083//3442 3253//3442 3243//3442
f 3083//3443 3254//3443 3253//3443
f 3253//3444 3254//3444 3102//3444
f 3253//3445 3102//3445 3245//3445
f 3245//3446 3102//3446 3101//3446
f 3245//3447 3101//3447 3246//3447
f 3246//3448 3101//3448 3099//3448
f 3246//3449 3099//3449 3247//3449
f 3247//3450 3099//3450 3098//3450
f 3247//3451 3098//3451 3248//3451
f 3248//3452 3098//3452 3126//3452
f 3248//3453 3126//3453 3249//3453
f 3249//3454 3126//3454 3065//3454
f 3249//3455 3065//3455 3255//3455
f 3255//3456 3065//3456 3256//3456
f 3255//3457 3256//3457 3251//3457
f 3251//3458 3256//3458 3111//3458
f 3251//3459 3111//3459 3252//3459
f 3252//3460 3111//3460 3105//3460
f 3252//3461 3105//3461 3241//3461
f 3241//3462 3105//3462 3088//3462
f 3241//3463 3088//3463 3242//3463
f 3242//3464 3088//3464 3086//3464
f 3242//3465 3086//3465 3243//3465
f 3243//3466 3086//3466 3084//3466
f 3243//3467 3084//3467 3083//3467
f 3020//3468 3257//3468 3021//3468
f 3021//3468 3257//3468 3258//3468
f 3021//1819 3258//1819 3008//1819
f 3008//1819 3258//1819 3259//1819
f 3008//3469 3259//3469 3009//3469
f 3009//3469 3259//3469 3260//3469
f 3009//3470 3260//3470 3018//3470
f 3018//3470 3260//3470 3261//3470
f 3018//1822 3261//1822 3013//1822
f 3013//1822 3261//1822 3262//1822
f 3013//3471 3262//3471 3014//3471
f 3014//3471 3262//3471 3263//3471
f 3014//3472 3263//3472 3016//3472
f 3016//3472 3263//3472 3264//3472
f 3016//1824 3264//1824 3017//1824
f 3017//1824 3264//1824 3265//1824
f 3017//3473 3265//3473 3010//3473
f 3010//3473 3265//3473 3266//3473
f 3010//3474 3266//3474 3011//3474
f 3011//3474 3266//3474 3267//3474
f 3011//1827 3267//1827 3019//1827
f 3019//1827 3267//1827 3268//1827
f 3019//3475 3268//3475 3020//3475
f 3020//3475 3268//3475 3257//3475
f 3144//3476 3257//3476 3268//3476
f 3144//3477 3269//3477 3257//3477
f 3257//3478 3269//3478 3090//3478
f 3257//3479 3090//3479 3258//3479
f 3258//3480 3090//3480 3089//3480
f 3258//3481 3089//3481 3259//3481
f 3259//3481 3089//3481 3112//3481
f 3259//3482 3112//3482 3260//3482
f 3260//3483 3112//3483 3159//3483
f 3260//3484 3159//3484 3261//3484
f 3261//3485 3159//3485 3158//3485
f 3261//3486 3158//3486 3262//3486
f 3262//3486 3158//3486 3156//3486
f 3262//3487 3156//3487 3263//3487
f 3263//3488 3156//3488 3164//3488
f 3263//3489 3164//3489 3264//3489
f 3264//3490 3164//3490 3163//3490
f 3264//3491 3163//3491 3265//3491
f 3265//3491 3163//3491 3173//3491
f 3265//3492 3173//3492 3266//3492
f 3266//3493 3173//3493 3172//3493
f 3266//3494 3172//3494 3267//3494
f 3267//3495 3172//3495 3140//3495
f 3267//3496 3140//3496 3268//3496
f 3268//3496 3140//3496 3142//3496
f 3268//3497 3142//3497 3144//3497
f 2734//3498 3270//3498 2735//3498
f 2735//3498 3270//3498 3271//3498
f 2735//3499 3271//3499 2736//3499
f 2736//3499 3271//3499 3272//3499
f 2736//3469 3272//3469 2737//3469
f 2737//3469 3272//3469 3273//3469
f 2737//3470 3273//3470 2741//3470
f 2741//3470 3273//3470 3274//3470
f 2741//3500 3274//3500 2740//3500
f 2740//3500 3274//3500 3275//3500
f 2740//3501 3275//3501 2738//3501
f 2738//3501 3275//3501 3276//3501
f 2738//3472 3276//3472 2991//3472
f 2991//3472 3276//3472 3277//3472
f 2991//3502 3277//3502 2907//3502
f 2907//3502 3277//3502 3278//3502
f 2907//3473 3278//3473 2908//3473
f 2908//3473 3278//3473 3279//3473
f 2908//3474 3279//3474 2910//3474
f 2910//3474 3279//3474 3280//3474
f 2910//3503 3280//3503 2911//3503
f 2911//3503 3280//3503 3281//3503
f 2911//3475 3281//3475 2734//3475
f 2734//3475 3281//3475 3270//3475
f 3073//3504 3270//3504 3281//3504
f 3073//3505 3282//3505 3270//3505
f 3270//3506 3282//3506 3050//3506
f 3270//3507 3050//3507 3271//3507
f 3271//3508 3050//3508 3049//3508
f 3271//3509 3049//3509 3272//3509
f 3272//3510 3049//3510 3047//3510
f 3272//3511 3047//3511 3273//3511
f 3273//3512 3047//3512 3046//3512
f 3273//3513 3046//3513 3274//3513
f 3274//3514 3046//3514 3109//3514
f 3274//3448 3109//3448 3275//3448
f 3275//3486 3109//3486 3110//3486
f 3275//3515 3110//3515 3276//3515
f 3276//3516 3110//3516 3118//3516
f 3276//3489 3118//3489 3277//3489
f 3277//3490 3118//3490 3095//3490
f 3277//3517 3095//3517 3278//3517
f 3278//3518 3095//3518 3094//3518
f 3278//3519 3094//3519 3279//3519
f 3279//3520 3094//3520 3092//3520
f 3279//3521 3092//3521 3280//3521
f 3280//3522 3092//3522 3063//3522
f 3280//3523 3063//3523 3281//3523
f 3281//3496 3063//3496 3074//3496
f 3281//3524 3074//3524 3073//3524
f 3006//3525 3283//3525 3007//3525
f 3007//3525 3283//3525 3284//3525
f 3007//1819 3284//1819 2997//1819
f 2997//1819 3284//1819 3285//1819
f 2997//3526 3285//3526 2998//3526
f 2998//3526 3285//3526 3286//3526
f 2998//3527 3286//3527 2999//3527
f 2999//3527 3286//3527 3287//3527
f 2999//1822 3287//1822 3000//1822
f 3000//1822 3287//1822 3288//1822
f 3000//3528 3288//3528 3001//3528
f 3001//3528 3288//3528 3289//3528
f 3001//3529 3289//3529 3003//3529
f 3003//3529 3289//3529 3290//3529
f 3003//1824 3290//1824 3004//1824
f 3004//1824 3290//1824 3291//1824
f 3004//3530 3291//3530 2995//3530
f 2995//3530 3291//3530 3292//3530
f 2995//3531 3292//3531 2996//3531
f 2996//3531 3292//3531 3293//3531
f 2996//1827 3293//1827 3005//1827
f 3005//1827 3293//1827 3294//1827
f 3005//3532 3294//3532 3006//3532
f 3006//3532 3294//3532 3283//3532
f 3056//3533 3289//3533 3288//3533
f 3056//3534 3295//3534 3289//3534
f 3289//3535 3295//3535 3147//3535
f 3289//3536 3147//3536 3290//3536
f 3290//3537 3147//3537 3146//3537
f 3290//3491 3146//3491 3291//3491
f 3291//3491 3146//3491 3116//3491
f 3291//3538 3116//3538 3292//3538
f 3292//3539 3116//3539 3115//3539
f 3292//3540 3115//3540 3293//3540
f 3293//3541 3115//3541 3148//3541
f 3293//3496 3148//3496 3294//3496
f 3294//3496 3148//3496 3149//3496
f 3294//3542 3149//3542 3283//3542
f 3283//3543 3149//3543 3170//3543
f 3283//3544 3170//3544 3284//3544
f 3284//3545 3170//3545 3119//3545
f 3284//3481 3119//3481 3285//3481
f 3285//3481 3119//3481 3121//3481
f 3285//3546 3121//3546 3286//3546
f 3286//3547 3121//3547 3076//3547
f 3286//3548 3076//3548 3287//3548
f 3287//3549 3076//3549 3079//3549
f 3287//3486 3079//3486 3288//3486
f 3288//3486 3079//3486 3057//3486
f 3288//3550 3057//3550 3056//3550
f 2780//3551 3296//3551 2782//3551
f 2782//3551 3296//3551 3297//3551
f 2782//3499 3297//3499 2783//3499
f 2783//3499 3297//3499 3298//3499
f 2783//3526 3298//3526 2784//3526
f 2784//3526 3298//3526 3299//3526
f 2784//3527 3299//3527 2786//3527
f 2786//3527 3299//3527 3300//3527
f 2786//3500 3300//3500 2787//3500
f 2787//3500 3300//3500 3301//3500
f 2787//3552 3301//3552 2789//3552
f 2789//3552 3301//3552 3302//3552
f 2789//3529 3302//3529 2901//3529
f 2901//3529 3302//3529 3303//3529
f 2901//3502 3303//3502 2902//3502
f 2902//3502 3303//3502 3304//3502
f 2902//3530 3304//3530 2906//3530
f 2906//3530 3304//3530 3305//3530
f 2906//3531 3305//3531 2904//3531
f 2904//3531 3305//3531 3306//3531
f 2904//3503 3306//3503 2779//3503
f 2779//3503 3306//3503 3307//3503
f 2779//3532 3307//3532 2780//3532
f 2780//3532 3307//3532 3296//3532
f 3131//3553 3302//3553 3301//3553
f 3131//3554 3308//3554 3302//3554
f 3302//3555 3308//3555 3041//3555
f 3302//3556 3041//3556 3303//3556
f 3303//3557 3041//3557 3040//3557
f 3303//3517 3040//3517 3304//3517
f 3304//3518 3040//3518 3081//3518
f 3304//3558 3081//3558 3305//3558
f 3305//3559 3081//3559 3075//3559
f 3305//3560 3075//3560 3306//3560
f 3306//3561 3075//3561 3077//3561
f 3306//3523 3077//3523 3307//3523
f 3307//3496 3077//3496 3078//3496
f 3307//3542 3078//3542 3296//3542
f 3296//3543 3078//3543 3097//3543
f 3296//3562 3097//3562 3297//3562
f 3297//3563 3097//3563 3096//3563
f 3297//3509 3096//3509 3298//3509
f 3298//3510 3096//3510 3125//3510
f 3298//3564 3125//3564 3299//3564
f 3299//3565 3125//3565 3127//3565
f 3299//3566 3127//3566 3300//3566
f 3300//3567 3127//3567 3134//3567
f 3300//3448 3134//3448 3301//3448
f 3301//3486 3134//3486 3132//3486
f 3301//3568 3132//3568 3131//3568
f 3309//3569 3310//3569 3311//3569
f 3311//3569 3310//3569 3312//3569
f 3311//3570 3312//3570 3313//3570
f 3313//3570 3312//3570 3314//3570
f 3313//3571 3314//3571 3315//3571
f 3315//3571 3314//3571 3316//3571
f 3315//3572 3316//3572 3317//3572
f 3317//3572 3316//3572 3318//3572
f 3317//3573 3318//3573 3319//3573
f 3319//3573 3318//3573 3320//3573
f 3319//3574 3320//3574 3321//3574
f 3321//3574 3320//3574 3322//3574
f 3321//3575 3322//3575 3323//3575
f 3323//3575 3322//3575 3324//3575
f 3323//3576 3324//3576 3325//3576
f 3325//3576 3324//3576 3326//3576
f 3325//3577 3326//3577 3327//3577
f 3327//3577 3326//3577 3328//3577
f 3327//3578 3328//3578 3329//3578
f 3329//3578 3328//3578 3330//3578
f 3329//3579 3330//3579 3331//3579
f 3331//3579 3330//3579 3332//3579
f 3331//3580 3332//3580 3333//3580
f 3333//3580 3332//3580 3334//3580
f 3335//135 3336//135 3337//135
f 3337//135 3336//135 3338//135
f 3339//3581 3340//3581 3341//3581
f 3341//3581 3340//3581 3342//3581
f 3341//3582 3342//3582 3343//3582
f 3343//3582 3342//3582 3344//3582
f 3343//3583 3344//3583 3345//3583
f 3345//3583 3344//3583 3346//3583
f 3345//3584 3346//3584 3347//3584
f 3347//3584 3346//3584 3348//3584
f 3347//3585 3348//3585 3349//3585
f 3349//3585 3348//3585 3350//3585
f 3349//3586 3350//3586 3351//3586
f 3351//3586 3350//3586 3352//3586
f 3351//3587 3352//3587 3353//3587
f 3353//3587 3352//3587 3354//3587
f 3353//3588 3354//3588 3355//3588
f 3355//3588 3354//3588 3356//3588
f 3355//3589 3356//3589 3357//3589
f 3357//3589 3356//3589 3358//3589
f 3357//3590 3358//3590 3359//3590
f 3359//3590 3358//3590 3360//3590
f 3359//3591 3360//3591 3361//3591
f 3361//3591 3360//3591 3362//3591
f 3361//3592 3362//3592 3363//3592
f 3363//3592 3362//3592 3364//3592
f 3365//136 3366//136 3367//136
f 3367//136 3366//136 3368//136
f 2899//3593 3114//3593 2717//3593
f 2717//3593 3114//3593 3045//3593
f 2717//1819 3045//1819 2718//1819
f 2718//1819 3045//1819 3060//1819
f 2718//3419 3060//3419 2893//3419
f 2893//3419 3060//3419 3059//3419
f 2893//3406 3059//3406 2894//3406
f 2894//3406 3059//3406 3070//3406
f 2894//1822 3070//1822 2895//1822
f 2895//1822 3070//1822 3068//1822
f 2895//3594 3068//3594 2891//3594
f 2891//3594 3068//3594 3152//3594
f 2891//3595 3152//3595 2889//3595
f 2889//3595 3152//3595 3154//3595
f 2889//1824 3154//1824 2886//1824
f 2886//1824 3154//1824 3162//1824
f 2886//3411 3162//3411 2887//3411
f 2887//3411 3162//3411 3155//3411
f 2887//3412 3155//3412 2896//3412
f 2896//3412 3155//3412 3157//3412
f 2896//1827 3157//1827 2897//1827
f 2897//1827 3157//1827 3113//1827
f 2897//3596 3113//3596 2899//3596
f 2899//3596 3113//3596 3114//3596
f 3123//136 2885//136 3124//136
f 3124//136 2885//136 2844//136
f 3124//136 2844//136 2843//136
f 3091//213 2860//213 2862//213
f 3091//213 2862//213 3061//213
f 3061//213 2862//213 2724//213
f 3061//213 2724//213 2723//213
f 2720//135 3071//135 2721//135
f 2721//135 3071//135 3072//135
f 2721//135 3072//135 2834//135
f 3138//66 2863//66 2866//66
f 3138//66 2866//66 3139//66
f 3139//66 2866//66 2874//66
f 3139//66 2874//66 2876//66
f 3124//3408 2843//3408 3066//3408
f 3066//3408 2843//3408 2856//3408
f 3066//3597 2856//3597 3093//3597
f 3093//3597 2856//3597 2858//3597
f 3093//3428 2858//3428 3091//3428
f 3091//3428 2858//3428 2860//3428
f 3071//3598 2720//3598 3069//3598
f 3069//3598 2720//3598 2967//3598
f 3069//3306 2967//3306 3053//3306
f 3053//3306 2967//3306 2965//3306
f 3053//3412 2965//3412 3138//3412
f 3138//3412 2965//3412 2863//3412
f 3139//3424 2876//3424 3120//3424
f 3120//3424 2876//3424 2878//3424
f 3120//3299 2878//3299 3122//3299
f 3122//3299 2878//3299 2880//3299
f 3122//3599 2880//3599 3123//3599
f 3123//3599 2880//3599 2885//3599
f 3061//3419 2723//3419 3062//3419
f 3062//3419 2723//3419 2830//3419
f 3062//3600 2830//3600 3082//3600
f 3082//3600 2830//3600 2832//3600
f 3082//3417 2832//3417 3072//3417
f 3072//3417 2832//3417 2834//3417
f 2861//3599 3369//3599 2852//3599
f 2852//3299 3369//3299 3370//3299
f 2852//3299 3370//3299 2853//3299
f 2853//3424 3370//3424 3371//3424
f 2853//3424 3371//3424 2855//3424
f 2855//3412 3371//3412 3372//3412
f 2855//3412 3372//3412 2846//3412
f 2846//3601 3372//3601 3373//3601
f 2846//3601 3373//3601 2847//3601
f 2847//3602 3373//3602 3374//3602
f 2847//3602 3374//3602 2848//3602
f 2848//3603 3374//3603 3375//3603
f 2848//3603 3375//3603 2850//3603
f 2850//3604 3375//3604 3376//3604
f 2850//3604 3376//3604 2851//3604
f 2851//3419 3376//3419 3377//3419
f 2851//3419 3377//3419 2845//3419
f 2845//3428 3377//3428 3378//3428
f 2845//3428 3378//3428 2857//3428
f 2857//3597 3378//3597 3379//3597
f 2857//3597 3379//3597 2859//3597
f 2859//3408 3379//3408 3380//3408
f 2859//3408 3380//3408 2861//3408
f 2861//3599 3380//3599 3369//3599
f 3381//552 3369//552 3382//552
f 3382//552 3369//552 3380//552
f 3382//552 3380//552 3383//552
f 3383//552 3380//552 3379//552
f 3383//552 3379//552 3384//552
f 3384//552 3379//552 3378//552
f 3384//552 3378//552 3385//552
f 3385//552 3378//552 3377//552
f 3385//552 3377//552 3386//552
f 3386//552 3377//552 3376//552
f 3386//552 3376//552 3387//552
f 3387//552 3376//552 3375//552
f 3387//552 3375//552 3388//552
f 3388//552 3375//552 3374//552
f 3388//552 3374//552 3389//552
f 3389//552 3374//552 3373//552
f 3389//552 3373//552 3390//552
f 3390//552 3373//552 3372//552
f 3390//552 3372//552 3391//552
f 3391//552 3372//552 3371//552
f 3391//552 3371//552 3392//552
f 3392//552 3371//552 3370//552
f 3392//552 3370//552 3381//552
f 3381//552 3370//552 3369//552
f 2839//3605 3393//3605 2841//3605
f 2841//3606 3393//3606 3394//3606
f 2841//3606 3394//3606 2842//3606
f 2842//3424 3394//3424 3395//3424
f 2842//3424 3395//3424 2826//3424
f 2826//3412 3395//3412 3396//3412
f 2826//3412 3396//3412 2828//3412
f 2828//3306 3396//3306 3397//3306
f 2828//3306 3397//3306 2829//3306
f 2829//3598 3397//3598 3398//3598
f 2829//3598 3398//3598 2725//3598
f 2725//3417 3398//3417 3399//3417
f 2725//3417 3399//3417 2831//3417
f 2831//3600 3399//3600 3400//3600
f 2831//3600 3400//3600 2833//3600
f 2833//3419 3400//3419 3401//3419
f 2833//3419 3401//3419 2835//3419
f 2835//3428 3401//3428 3402//3428
f 2835//3428 3402//3428 2836//3428
f 2836//3607 3402//3607 3403//3607
f 2836//3607 3403//3607 2838//3607
f 2838//3608 3403//3608 3404//3608
f 2838//3608 3404//3608 2839//3608
f 2839//3605 3404//3605 3393//3605
f 3405//552 3393//552 3406//552
f 3406//552 3393//552 3404//552
f 3406//552 3404//552 3407//552
f 3407//552 3404//552 3403//552
f 3407//552 3403//552 3408//552
f 3408//552 3403//552 3402//552
f 3408//552 3402//552 3409//552
f 3409//552 3402//552 3401//552
f 3409//552 3401//552 3410//552
f 3410//552 3401//552 3400//552
f 3410//552 3400//552 3411//552
f 3411//552 3400//552 3399//552
f 3411//552 3399//552 3412//552
f 3412//552 3399//552 3398//552
f 3412//552 3398//552 3413//552
f 3413//552 3398//552 3397//552
f 3413//552 3397//552 3414//552
f 3414//552 3397//552 3396//552
f 3414//552 3396//552 3415//552
f 3415//552 3396//552 3395//552
f 3415//552 3395//552 3416//552
f 3416//552 3395//552 3394//552
f 3416//552 3394//552 3405//552
f 3405//552 3394//552 3393//552
f 3417//552 3418//552 3419//552
f 3420//552 3421//552 3422//552
f 3422//552 3421//552 3423//552
f 3422//552 3423//552 3424//552
f 3191//552 3192//552 3193//552
f 3417//552 3419//552 3425//552
f 3426//552 3427//552 3428//552
f 3428//552 3427//552 3429//552
f 3428//552 3429//552 3430//552
f 3430//552 3429//552 3431//552
f 3431//552 3429//552 3432//552
f 3432//552 3429//552 3433//552
f 3432//552 3433//552 3434//552
f 3434//552 3433//552 3183//552
f 3434//552 3183//552 3435//552
f 3435//552 3183//552 3184//552
f 3435//552 3184//552 3436//552
f 3436//552 3184//552 3185//552
f 3436//552 3185//552 3437//552
f 3437//552 3185//552 3186//552
f 3437//552 3186//552 3438//552
f 3420//552 3439//552 3421//552
f 3421//552 3439//552 3440//552
f 3421//552 3440//552 3441//552
f 3432//552 3442//552 3431//552
f 3431//552 3442//552 3443//552
f 3431//552 3443//552 3423//552
f 3423//552 3443//552 3444//552
f 3423//552 3444//552 3424//552
f 3445//552 3446//552 3425//552
f 3441//552 3193//552 3447//552
f 3447//552 3193//552 3194//552
f 3447//552 3194//552 3448//552
f 3448//552 3194//552 3195//552
f 3448//552 3195//552 3449//552
f 3449//552 3195//552 3196//552
f 3449//552 3196//552 3450//552
f 3450//552 3196//552 3197//552
f 3450//552 3197//552 3451//552
f 3451//552 3197//552 3198//552
f 3451//552 3198//552 3426//552
f 3426//552 3198//552 3452//552
f 3426//552 3452//552 3427//552
f 3453//552 3454//552 3455//552
f 3455//552 3454//552 3456//552
f 3455//552 3456//552 3442//552
f 3442//552 3456//552 3457//552
f 3442//552 3457//552 3443//552
f 3441//552 3440//552 3193//552
f 3193//552 3440//552 3458//552
f 3193//552 3458//552 3191//552
f 3186//552 3187//552 3438//552
f 3438//552 3187//552 3188//552
f 3438//552 3188//552 3459//552
f 3459//552 3188//552 3189//552
f 3459//552 3189//552 3460//552
f 3460//552 3189//552 3190//552
f 3460//552 3190//552 3446//552
f 3446//552 3190//552 3461//552
f 3446//552 3461//552 3425//552
f 3462//552 3419//552 3463//552
f 3463//552 3419//552 3464//552
f 3463//552 3464//552 3465//552
f 3465//552 3464//552 3466//552
f 3465//552 3466//552 3467//552
f 3466//552 3468//552 3467//552
f 3467//552 3468//552 3469//552
f 3467//552 3469//552 3470//552
f 3470//552 3469//552 3471//552
f 3470//552 3471//552 3472//552
f 3472//552 3471//552 3473//552
f 3472//552 3473//552 3474//552
f 3474//552 3473//552 3475//552
f 3474//552 3475//552 3476//552
f 3462//552 3477//552 3419//552
f 3419//552 3477//552 3478//552
f 3419//552 3478//552 3479//552
f 3476//552 3475//552 3480//552
f 3480//552 3475//552 3481//552
f 3480//552 3481//552 3440//552
f 3440//552 3481//552 3482//552
f 3440//552 3482//552 3458//552
f 3425//552 3419//552 3445//552
f 3445//552 3419//552 3479//552
f 3445//552 3479//552 3455//552
f 3455//552 3479//552 3483//552
f 3455//552 3483//552 3453//552
f 3484//552 3207//552 3485//552
f 3485//552 3207//552 3205//552
f 3485//552 3205//552 3486//552
f 3486//552 3205//552 3203//552
f 3486//552 3203//552 3487//552
f 3487//552 3203//552 3202//552
f 3487//552 3202//552 3488//552
f 3488//552 3202//552 3201//552
f 3488//552 3201//552 3489//552
f 3489//552 3201//552 3219//552
f 3489//552 3219//552 3490//552
f 3490//552 3219//552 3218//552
f 3490//552 3218//552 3491//552
f 3491//552 3218//552 3217//552
f 3491//552 3217//552 3492//552
f 3492//552 3217//552 3216//552
f 3492//552 3216//552 3493//552
f 3493//552 3216//552 3213//552
f 3493//552 3213//552 3494//552
f 3494//552 3213//552 3211//552
f 3494//552 3211//552 3495//552
f 3495//552 3211//552 3209//552
f 3495//552 3209//552 3484//552
f 3484//552 3209//552 3207//552
f 3496//552 3225//552 3497//552
f 3497//552 3225//552 3240//552
f 3497//552 3240//552 3498//552
f 3498//552 3240//552 3239//552
f 3498//552 3239//552 3499//552
f 3499//552 3239//552 3238//552
f 3499//552 3238//552 3500//552
f 3500//552 3238//552 3221//552
f 3500//552 3221//552 3501//552
f 3501//552 3221//552 3222//552
f 3501//552 3222//552 3502//552
f 3502//552 3222//552 3235//552
f 3502//552 3235//552 3503//552
f 3503//552 3235//552 3233//552
f 3503//552 3233//552 3504//552
f 3504//552 3233//552 3231//552
f 3504//552 3231//552 3505//552
f 3505//552 3231//552 3229//552
f 3505//552 3229//552 3506//552
f 3506//552 3229//552 3227//552
f 3506//552 3227//552 3507//552
f 3507//552 3227//552 3226//552
f 3507//552 3226//552 3496//552
f 3496//552 3226//552 3225//552
f 2809//3595 3508//3595 2811//3595
f 2811//1824 3508//1824 3509//1824
f 2811//1824 3509//1824 2812//1824
f 2812//3411 3509//3411 3510//3411
f 2812//3411 3510//3411 2813//3411
f 2813//3412 3510//3412 3511//3412
f 2813//3412 3511//3412 2814//3412
f 2814//1827 3511//1827 3512//1827
f 2814//1827 3512//1827 2816//1827
f 2816//3596 3512//3596 3513//3596
f 2816//3596 3513//3596 2818//3596
f 2818//3593 3513//3593 3514//3593
f 2818//3593 3514//3593 2819//3593
f 2819//3609 3514//3609 3515//3609
f 2819//3609 3515//3609 2821//3609
f 2821//3419 3515//3419 3516//3419
f 2821//3419 3516//3419 2822//3419
f 2822//3406 3516//3406 3517//3406
f 2822//3406 3517//3406 2824//3406
f 2824//3610 3517//3610 3518//3610
f 2824//3610 3518//3610 2808//3610
f 2808//3594 3518//3594 3519//3594
f 2808//3594 3519//3594 2809//3594
f 2809//3595 3519//3595 3508//3595
f 3520//552 3514//552 3521//552
f 3521//552 3514//552 3513//552
f 3521//552 3513//552 3522//552
f 3522//552 3513//552 3512//552
f 3522//552 3512//552 3523//552
f 3523//552 3512//552 3511//552
f 3523//552 3511//552 3524//552
f 3524//552 3511//552 3510//552
f 3524//552 3510//552 3525//552
f 3525//552 3510//552 3509//552
f 3525//552 3509//552 3526//552
f 3526//552 3509//552 3508//552
f 3526//552 3508//552 3527//552
f 3527//552 3508//552 3519//552
f 3527//552 3519//552 3528//552
f 3528//552 3519//552 3518//552
f 3528//552 3518//552 3529//552
f 3529//552 3518//552 3517//552
f 3529//552 3517//552 3530//552
f 3530//552 3517//552 3516//552
f 3530//552 3516//552 3531//552
f 3531//552 3516//552 3515//552
f 3531//552 3515//552 3520//552
f 3520//552 3515//552 3514//552
f 2793//3595 3532//3595 2791//3595
f 2791//1824 3532//1824 3533//1824
f 2791//1824 3533//1824 2801//1824
f 2801//3424 3533//3424 3534//3424
f 2801//3424 3534//3424 2800//3424
f 2800//3425 3534//3425 3535//3425
f 2800//3425 3535//3425 2798//3425
f 2798//1827 3535//1827 3536//1827
f 2798//1827 3536//1827 2796//1827
f 2796//3596 3536//3596 3537//3596
f 2796//3596 3537//3596 2726//3596
f 2726//3593 3537//3593 3538//3593
f 2726//3593 3538//3593 2727//3593
f 2727//3609 3538//3609 3539//3609
f 2727//3609 3539//3609 2806//3609
f 2806//3611 3539//3611 3540//3611
f 2806//3611 3540//3611 2804//3611
f 2804//3428 3540//3428 3541//3428
f 2804//3428 3541//3428 2802//3428
f 2802//3610 3541//3610 3542//3610
f 2802//3610 3542//3610 2795//3610
f 2795//3594 3542//3594 3543//3594
f 2795//3594 3543//3594 2793//3594
f 2793//3595 3543//3595 3532//3595
f 3544//552 3538//552 3545//552
f 3545//552 3538//552 3537//552
f 3545//552 3537//552 3546//552
f 3546//552 3537//552 3536//552
f 3546//552 3536//552 3547//552
f 3547//552 3536//552 3535//552
f 3547//552 3535//552 3548//552
f 3548//552 3535//552 3534//552
f 3548//552 3534//552 3549//552
f 3549//552 3534//552 3533//552
f 3549//552 3533//552 3550//552
f 3550//552 3533//552 3532//552
f 3550//552 3532//552 3551//552
f 3551//552 3532//552 3543//552
f 3551//552 3543//552 3552//552
f 3552//552 3543//552 3542//552
f 3552//552 3542//552 3553//552
f 3553//552 3542//552 3541//552
f 3553//552 3541//552 3554//552
f 3554//552 3541//552 3540//552
f 3554//552 3540//552 3555//552
f 3555//552 3540//552 3539//552
f 3555//552 3539//552 3544//552
f 3544//552 3539//552 3538//552
f 2923//135 2922//135 3556//135
f 3556//135 2922//135 3557//135
f 2931//136 2930//136 3558//136
f 3558//136 2930//136 3559//136
f 3560//213 2949//213 2948//213
f 2948//213 2946//213 3560//213
f 3560//213 2946//213 2945//213
f 3560//213 2945//213 3561//213
f 3561//213 2945//213 2944//213
f 3562//66 2774//66 2754//66
f 3562//66 2754//66 3563//66
f 3563//66 2754//66 2759//66
f 3563//66 2759//66 2769//66
f 3237//552 3220//552 3564//552
f 3559//552 3565//552 3563//552
f 3559//552 3563//552 3558//552
f 3566//552 3567//552 3232//552
f 3232//552 3567//552 3562//552
f 3232//552 3562//552 3230//552
f 3568//552 3200//552 3199//552
f 3224//552 3223//552 3569//552
f 3569//552 3223//552 3228//552
f 3569//552 3228//552 3565//552
f 3565//552 3228//552 3230//552
f 3565//552 3230//552 3563//552
f 3563//552 3230//552 3562//552
f 3210//552 3566//552 3208//552
f 3208//552 3566//552 3232//552
f 3208//552 3232//552 3206//552
f 3206//552 3232//552 3234//552
f 3215//552 3570//552 3214//552
f 3214//552 3570//552 3212//552
f 3199//552 3204//552 3568//552
f 3568//552 3204//552 3206//552
f 3568//552 3206//552 3561//552
f 3561//552 3206//552 3560//552
f 3560//552 3206//552 3234//552
f 3560//552 3234//552 3564//552
f 3564//552 3234//552 3236//552
f 3564//552 3236//552 3237//552
f 3212//552 3570//552 3210//552
f 3210//552 3570//552 3571//552
f 3210//552 3571//552 3566//552
f 3566//552 3571//552 3556//552
f 3566//552 3556//552 3557//552
f 3572//552 3573//552 3574//552
f 3574//552 3573//552 3575//552
f 3574//552 3575//552 3563//552
f 3563//552 3575//552 3576//552
f 3563//552 3576//552 3558//552
f 3557//552 3577//552 3566//552
f 3566//552 3577//552 3578//552
f 3566//552 3578//552 3579//552
f 3580//3612 3581//3612 3582//3612
f 3583//3613 3581//3613 3580//3613
f 3580//3614 3584//3614 3585//3614
f 3586//3615 3584//3615 3580//3615
f 3582//3616 3586//3616 3580//3616
f 3580//3617 3587//3617 3588//3617
f 3589//3618 3587//3618 3580//3618
f 3585//3619 3589//3619 3580//3619
f 3580//3620 3590//3620 3591//3620
f 3592//3621 3590//3621 3580//3621
f 3588//3622 3592//3622 3580//3622
f 3591//3623 3583//3623 3580//3623
f 3583//3624 3593//3624 3581//3624
f 3581//3624 3593//3624 3594//3624
f 3581//3625 3594//3625 3582//3625
f 3582//3625 3594//3625 3595//3625
f 3582//3626 3595//3626 3586//3626
f 3586//3626 3595//3626 3596//3626
f 3586//3627 3596//3627 3584//3627
f 3584//3627 3596//3627 3597//3627
f 3584//3628 3597//3628 3585//3628
f 3585//3628 3597//3628 3598//3628
f 3585//3629 3598//3629 3589//3629
f 3589//3629 3598//3629 3599//3629
f 3589//3630 3599//3630 3587//3630
f 3587//3630 3599//3630 3600//3630
f 3587//3631 3600//3631 3588//3631
f 3588//3631 3600//3631 3601//3631
f 3588//3632 3601//3632 3592//3632
f 3592//3632 3601//3632 3602//3632
f 3592//3633 3602//3633 3590//3633
f 3590//3633 3602//3633 3603//3633
f 3590//3634 3603//3634 3591//3634
f 3591//3634 3603//3634 3604//3634
f 3591//3635 3604//3635 3583//3635
f 3583//3635 3604//3635 3593//3635
f 3594//3636 3504//3636 3595//3636
f 3595//3637 3504//3637 3505//3637
f 3595//3638 3505//3638 3596//3638
f 3596//3639 3505//3639 3506//3639
f 3596//3640 3506//3640 3597//3640
f 3597//3641 3506//3641 3507//3641
f 3597//3642 3507//3642 3598//3642
f 3598//3643 3507//3643 3496//3643
f 3598//3644 3496//3644 3599//3644
f 3599//3645 3496//3645 3497//3645
f 3599//3646 3497//3646 3600//3646
f 3600//3647 3497//3647 3498//3647
f 3600//3648 3498//3648 3601//3648
f 3601//3649 3498//3649 3499//3649
f 3601//3650 3499//3650 3602//3650
f 3602//3651 3499//3651 3500//3651
f 3602//3652 3500//3652 3603//3652
f 3603//3653 3500//3653 3501//3653
f 3603//3654 3501//3654 3604//3654
f 3604//3655 3501//3655 3502//3655
f 3604//3656 3502//3656 3593//3656
f 3593//3657 3502//3657 3503//3657
f 3593//3658 3503//3658 3594//3658
f 3594//3659 3503//3659 3504//3659
f 3605//3660 3606//3660 3607//3660
f 3608//3661 3606//3661 3605//3661
f 3605//3662 3609//3662 3610//3662
f 3611//3663 3609//3663 3605//3663
f 3607//3664 3611//3664 3605//3664
f 3605//3665 3612//3665 3613//3665
f 3614//3666 3612//3666 3605//3666
f 3610//3667 3614//3667 3605//3667
f 3605//3668 3615//3668 3616//3668
f 3617//3669 3615//3669 3605//3669
f 3613//3670 3617//3670 3605//3670
f 3616//3671 3608//3671 3605//3671
f 3608//3672 3618//3672 3606//3672
f 3606//3672 3618//3672 3619//3672
f 3606//3673 3619//3673 3607//3673
f 3607//3673 3619//3673 3620//3673
f 3607//3674 3620//3674 3611//3674
f 3611//3674 3620//3674 3621//3674
f 3611//3675 3621//3675 3609//3675
f 3609//3675 3621//3675 3622//3675
f 3609//3676 3622//3676 3610//3676
f 3610//3676 3622//3676 3623//3676
f 3610//3677 3623//3677 3614//3677
f 3614//3677 3623//3677 3624//3677
f 3614//3678 3624//3678 3612//3678
f 3612//3678 3624//3678 3625//3678
f 3612//3679 3625//3679 3613//3679
f 3613//3679 3625//3679 3626//3679
f 3613//3680 3626//3680 3617//3680
f 3617//3680 3626//3680 3627//3680
f 3617//3681 3627//3681 3615//3681
f 3615//3681 3627//3681 3628//3681
f 3615//3682 3628//3682 3616//3682
f 3616//3682 3628//3682 3629//3682
f 3616//3683 3629//3683 3608//3683
f 3608//3683 3629//3683 3618//3683
f 3619//3684 3492//3684 3620//3684
f 3620//3637 3492//3637 3493//3637
f 3620//3685 3493//3685 3621//3685
f 3621//3686 3493//3686 3494//3686
f 3621//3687 3494//3687 3622//3687
f 3622//3688 3494//3688 3495//3688
f 3622//3689 3495//3689 3623//3689
f 3623//3690 3495//3690 3484//3690
f 3623//3691 3484//3691 3624//3691
f 3624//3645 3484//3645 3485//3645
f 3624//3692 3485//3692 3625//3692
f 3625//3693 3485//3693 3486//3693
f 3625//3694 3486//3694 3626//3694
f 3626//3649 3486//3649 3487//3649
f 3626//3695 3487//3695 3627//3695
f 3627//3696 3487//3696 3488//3696
f 3627//3697 3488//3697 3628//3697
f 3628//3698 3488//3698 3489//3698
f 3628//3699 3489//3699 3629//3699
f 3629//3700 3489//3700 3490//3700
f 3629//3701 3490//3701 3618//3701
f 3618//3657 3490//3657 3491//3657
f 3618//3702 3491//3702 3619//3702
f 3619//3703 3491//3703 3492//3703
f 3630//3704 3631//3704 3632//3704
f 3633//3705 3631//3705 3630//3705
f 3630//3706 3634//3706 3635//3706
f 3636//3707 3634//3707 3630//3707
f 3632//3708 3636//3708 3630//3708
f 3630//3709 3637//3709 3638//3709
f 3639//3710 3637//3710 3630//3710
f 3635//3711 3639//3711 3630//3711
f 3630//3712 3640//3712 3641//3712
f 3642//3713 3640//3713 3630//3713
f 3638//3714 3642//3714 3630//3714
f 3641//3715 3633//3715 3630//3715
f 3633//3716 3643//3716 3631//3716
f 3631//3716 3643//3716 3644//3716
f 3631//3717 3644//3717 3632//3717
f 3632//3717 3644//3717 3645//3717
f 3632//3718 3645//3718 3636//3718
f 3636//3718 3645//3718 3646//3718
f 3636//3719 3646//3719 3634//3719
f 3634//3719 3646//3719 3647//3719
f 3634//3720 3647//3720 3635//3720
f 3635//3720 3647//3720 3648//3720
f 3635//3721 3648//3721 3639//3721
f 3639//3721 3648//3721 3649//3721
f 3639//3722 3649//3722 3637//3722
f 3637//3722 3649//3722 3650//3722
f 3637//3723 3650//3723 3638//3723
f 3638//3723 3650//3723 3651//3723
f 3638//3724 3651//3724 3642//3724
f 3642//3724 3651//3724 3652//3724
f 3642//3725 3652//3725 3640//3725
f 3640//3725 3652//3725 3653//3725
f 3640//3726 3653//3726 3641//3726
f 3641//3726 3653//3726 3654//3726
f 3641//3727 3654//3727 3633//3727
f 3633//3727 3654//3727 3643//3727
f 3644//3728 3389//3728 3645//3728
f 3645//3637 3389//3637 3390//3637
f 3645//3729 3390//3729 3646//3729
f 3646//3730 3390//3730 3391//3730
f 3646//3731 3391//3731 3647//3731
f 3647//3732 3391//3732 3392//3732
f 3647//3733 3392//3733 3648//3733
f 3648//3734 3392//3734 3381//3734
f 3648//3735 3381//3735 3649//3735
f 3649//3736 3381//3736 3382//3736
f 3649//3737 3382//3737 3650//3737
f 3650//3738 3382//3738 3383//3738
f 3650//3739 3383//3739 3651//3739
f 3651//3740 3383//3740 3384//3740
f 3651//3741 3384//3741 3652//3741
f 3652//3742 3384//3742 3385//3742
f 3652//3743 3385//3743 3653//3743
f 3653//3744 3385//3744 3386//3744
f 3653//3745 3386//3745 3654//3745
f 3654//3746 3386//3746 3387//3746
f 3654//3747 3387//3747 3643//3747
f 3643//3657 3387//3657 3388//3657
f 3643//3748 3388//3748 3644//3748
f 3644//3749 3388//3749 3389//3749
f 3655//3704 3656//3704 3657//3704
f 3658//3705 3656//3705 3655//3705
f 3655//3706 3659//3706 3660//3706
f 3661//3707 3659//3707 3655//3707
f 3657//3708 3661//3708 3655//3708
f 3655//3709 3662//3709 3663//3709
f 3664//3710 3662//3710 3655//3710
f 3660//3711 3664//3711 3655//3711
f 3655//3712 3665//3712 3666//3712
f 3667//3713 3665//3713 3655//3713
f 3663//3714 3667//3714 3655//3714
f 3666//3715 3658//3715 3655//3715
f 3658//3716 3668//3716 3656//3716
f 3656//3716 3668//3716 3669//3716
f 3656//3717 3669//3717 3657//3717
f 3657//3717 3669//3717 3670//3717
f 3657//3718 3670//3718 3661//3718
f 3661//3718 3670//3718 3671//3718
f 3661//3719 3671//3719 3659//3719
f 3659//3719 3671//3719 3672//3719
f 3659//3720 3672//3720 3660//3720
f 3660//3720 3672//3720 3673//3720
f 3660//3721 3673//3721 3664//3721
f 3664//3721 3673//3721 3674//3721
f 3664//3722 3674//3722 3662//3722
f 3662//3722 3674//3722 3675//3722
f 3662//3723 3675//3723 3663//3723
f 3663//3723 3675//3723 3676//3723
f 3663//3724 3676//3724 3667//3724
f 3667//3724 3676//3724 3677//3724
f 3667//3725 3677//3725 3665//3725
f 3665//3725 3677//3725 3678//3725
f 3665//3726 3678//3726 3666//3726
f 3666//3726 3678//3726 3679//3726
f 3666//3727 3679//3727 3658//3727
f 3658//3727 3679//3727 3668//3727
f 3669//3728 3413//3728 3670//3728
f 3670//3637 3413//3637 3414//3637
f 3670//3729 3414//3729 3671//3729
f 3671//3730 3414//3730 3415//3730
f 3671//3731 3415//3731 3672//3731
f 3672//3732 3415//3732 3416//3732
f 3672//3733 3416//3733 3673//3733
f 3673//3734 3416//3734 3405//3734
f 3673//3735 3405//3735 3674//3735
f 3674//3645 3405//3645 3406//3645
f 3674//3750 3406//3750 3675//3750
f 3675//3751 3406//3751 3407//3751
f 3675//3739 3407//3739 3676//3739
f 3676//3740 3407//3740 3408//3740
f 3676//3741 3408//3741 3677//3741
f 3677//3742 3408//3742 3409//3742
f 3677//3743 3409//3743 3678//3743
f 3678//3744 3409//3744 3410//3744
f 3678//3745 3410//3745 3679//3745
f 3679//3746 3410//3746 3411//3746
f 3679//3747 3411//3747 3668//3747
f 3668//3752 3411//3752 3412//3752
f 3668//3753 3412//3753 3669//3753
f 3669//3754 3412//3754 3413//3754
f 3680//3704 3681//3704 3682//3704
f 3683//3705 3681//3705 3680//3705
f 3680//3706 3684//3706 3685//3706
f 3686//3707 3684//3707 3680//3707
f 3682//3708 3686//3708 3680//3708
f 3680//3709 3687//3709 3688//3709
f 3689//3710 3687//3710 3680//3710
f 3685//3711 3689//3711 3680//3711
f 3680//3712 3690//3712 3691//3712
f 3692//3713 3690//3713 3680//3713
f 3688//3714 3692//3714 3680//3714
f 3691//3715 3683//3715 3680//3715
f 3683//3716 3693//3716 3681//3716
f 3681//3716 3693//3716 3694//3716
f 3681//3717 3694//3717 3682//3717
f 3682//3717 3694//3717 3695//3717
f 3682//3718 3695//3718 3686//3718
f 3686//3718 3695//3718 3696//3718
f 3686//3719 3696//3719 3684//3719
f 3684//3719 3696//3719 3697//3719
f 3684//3720 3697//3720 3685//3720
f 3685//3720 3697//3720 3698//3720
f 3685//3721 3698//3721 3689//3721
f 3689//3721 3698//3721 3699//3721
f 3689//3722 3699//3722 3687//3722
f 3687//3722 3699//3722 3700//3722
f 3687//3723 3700//3723 3688//3723
f 3688//3723 3700//3723 3701//3723
f 3688//3724 3701//3724 3692//3724
f 3692//3724 3701//3724 3702//3724
f 3692//3725 3702//3725 3690//3725
f 3690//3725 3702//3725 3703//3725
f 3690//3726 3703//3726 3691//3726
f 3691//3726 3703//3726 3704//3726
f 3691//3727 3704//3727 3683//3727
f 3683//3727 3704//3727 3693//3727
f 3694//3728 3447//3728 3695//3728
f 3695//3637 3447//3637 3448//3637
f 3695//3729 3448//3729 3696//3729
f 3696//3755 3448//3755 3449//3755
f 3696//3756 3449//3756 3697//3756
f 3697//3757 3449//3757 3450//3757
f 3697//3733 3450//3733 3698//3733
f 3698//3734 3450//3734 3451//3734
f 3698//3735 3451//3735 3699//3735
f 3699//3736 3451//3736 3426//3736
f 3699//3737 3426//3737 3700//3737
f 3700//3738 3426//3738 3428//3738
f 3700//3739 3428//3739 3701//3739
f 3701//3758 3428//3758 3430//3758
f 3701//3759 3430//3759 3702//3759
f 3702//3760 3430//3760 3431//3760
f 3702//3743 3431//3743 3703//3743
f 3703//3761 3431//3761 3423//3761
f 3703//3762 3423//3762 3704//3762
f 3704//3763 3423//3763 3421//3763
f 3704//3747 3421//3747 3693//3747
f 3693//3657 3421//3657 3441//3657
f 3693//3748 3441//3748 3694//3748
f 3694//3749 3441//3749 3447//3749
f 3705//3704 3706//3704 3707//3704
f 3708//3705 3706//3705 3705//3705
f 3705//3706 3709//3706 3710//3706
f 3711//3707 3709//3707 3705//3707
f 3707//3708 3711//3708 3705//3708
f 3705//3709 3712//3709 3713//3709
f 3714//3710 3712//3710 3705//3710
f 3710//3711 3714//3711 3705//3711
f 3705//3712 3715//3712 3716//3712
f 3717//3713 3715//3713 3705//3713
f 3713//3714 3717//3714 3705//3714
f 3716//3715 3708//3715 3705//3715
f 3708//3716 3718//3716 3706//3716
f 3706//3716 3718//3716 3719//3716
f 3706//3717 3719//3717 3707//3717
f 3707//3717 3719//3717 3720//3717
f 3707//3718 3720//3718 3711//3718
f 3711//3718 3720//3718 3721//3718
f 3711//3719 3721//3719 3709//3719
f 3709//3719 3721//3719 3722//3719
f 3709//3720 3722//3720 3710//3720
f 3710//3720 3722//3720 3723//3720
f 3710//3721 3723//3721 3714//3721
f 3714//3721 3723//3721 3724//3721
f 3714//3722 3724//3722 3712//3722
f 3712//3722 3724//3722 3725//3722
f 3712//3723 3725//3723 3713//3723
f 3713//3723 3725//3723 3726//3723
f 3713//3724 3726//3724 3717//3724
f 3717//3724 3726//3724 3727//3724
f 3717//3725 3727//3725 3715//3725
f 3715//3725 3727//3725 3728//3725
f 3715//3726 3728//3726 3716//3726
f 3716//3726 3728//3726 3729//3726
f 3716//3727 3729//3727 3708//3727
f 3708//3727 3729//3727 3718//3727
f 3719//3728 3434//3728 3720//3728
f 3720//3637 3434//3637 3435//3637
f 3720//3729 3435//3729 3721//3729
f 3721//3755 3435//3755 3436//3755
f 3721//3756 3436//3756 3722//3756
f 3722//3757 3436//3757 3437//3757
f 3722//3733 3437//3733 3723//3733
f 3723//3734 3437//3734 3438//3734
f 3723//3735 3438//3735 3724//3735
f 3724//3645 3438//3645 3459//3645
f 3724//3750 3459//3750 3725//3750
f 3725//3751 3459//3751 3460//3751
f 3725//3739 3460//3739 3726//3739
f 3726//3758 3460//3758 3446//3758
f 3726//3759 3446//3759 3727//3759
f 3727//3760 3446//3760 3445//3760
f 3727//3743 3445//3743 3728//3743
f 3728//3761 3445//3761 3455//3761
f 3728//3762 3455//3762 3729//3762
f 3729//3763 3455//3763 3442//3763
f 3729//3747 3442//3747 3718//3747
f 3718//3752 3442//3752 3432//3752
f 3718//3753 3432//3753 3719//3753
f 3719//3754 3432//3754 3434//3754
f 3730//3764 3731//3764 3732//3764
f 3733//3765 3731//3765 3730//3765
f 3730//3766 3734//3766 3735//3766
f 3736//3767 3734//3767 3730//3767
f 3732//3768 3736//3768 3730//3768
f 3730//3665 3737//3665 3738//3665
f 3739//3618 3737//3618 3730//3618
f 3735//3769 3739//3769 3730//3769
f 3730//3770 3740//3770 3741//3770
f 3742//3771 3740//3771 3730//3771
f 3738//3772 3742//3772 3730//3772
f 3741//3623 3733//3623 3730//3623
f 3733//3773 3743//3773 3731//3773
f 3731//3773 3743//3773 3744//3773
f 3731//3774 3744//3774 3732//3774
f 3732//3774 3744//3774 3745//3774
f 3732//3775 3745//3775 3736//3775
f 3736//3775 3745//3775 3746//3775
f 3736//3776 3746//3776 3734//3776
f 3734//3776 3746//3776 3747//3776
f 3734//3600 3747//3600 3735//3600
f 3735//3600 3747//3600 3748//3600
f 3735//3777 3748//3777 3739//3777
f 3739//3777 3748//3777 3749//3777
f 3739//3630 3749//3630 3737//3630
f 3737//3630 3749//3630 3750//3630
f 3737//3679 3750//3679 3738//3679
f 3738//3679 3750//3679 3751//3679
f 3738//3778 3751//3778 3742//3778
f 3742//3778 3751//3778 3752//3778
f 3742//3779 3752//3779 3740//3779
f 3740//3779 3752//3779 3753//3779
f 3740//1824 3753//1824 3741//1824
f 3741//1824 3753//1824 3754//1824
f 3741//3635 3754//3635 3733//3635
f 3733//3635 3754//3635 3743//3635
f 3744//3780 3546//3780 3745//3780
f 3745//3781 3546//3781 3547//3781
f 3745//3782 3547//3782 3746//3782
f 3746//3783 3547//3783 3548//3783
f 3746//3784 3548//3784 3747//3784
f 3747//3785 3548//3785 3549//3785
f 3747//3786 3549//3786 3748//3786
f 3748//3787 3549//3787 3550//3787
f 3748//3788 3550//3788 3749//3788
f 3749//3789 3550//3789 3551//3789
f 3749//3646 3551//3646 3750//3646
f 3750//3647 3551//3647 3552//3647
f 3750//3790 3552//3790 3751//3790
f 3751//3791 3552//3791 3553//3791
f 3751//3792 3553//3792 3752//3792
f 3752//3793 3553//3793 3554//3793
f 3752//3794 3554//3794 3753//3794
f 3753//3795 3554//3795 3555//3795
f 3753//3796 3555//3796 3754//3796
f 3754//3797 3555//3797 3544//3797
f 3754//3656 3544//3656 3743//3656
f 3743//3657 3544//3657 3545//3657
f 3743//3798 3545//3798 3744//3798
f 3744//3799 3545//3799 3546//3799
f 3755//3800 3756//3800 3757//3800
f 3758//3801 3756//3801 3755//3801
f 3755//3802 3759//3802 3760//3802
f 3761//3803 3759//3803 3755//3803
f 3757//3804 3761//3804 3755//3804
f 3755//3805 3762//3805 3763//3805
f 3764//3666 3762//3666 3755//3666
f 3760//3806 3764//3806 3755//3806
f 3755//3620 3765//3620 3766//3620
f 3767//3807 3765//3807 3755//3807
f 3763//3808 3767//3808 3755//3808
f 3766//3671 3758//3671 3755//3671
f 3758//3809 3768//3809 3756//3809
f 3756//3809 3768//3809 3769//3809
f 3756//3597 3769//3597 3757//3597
f 3757//3597 3769//3597 3770//3597
f 3757//3810 3770//3810 3761//3810
f 3761//3810 3770//3810 3771//3810
f 3761//3811 3771//3811 3759//3811
f 3759//3811 3771//3811 3772//3811
f 3759//3812 3772//3812 3760//3812
f 3760//3812 3772//3812 3773//3812
f 3760//3813 3773//3813 3764//3813
f 3764//3813 3773//3813 3774//3813
f 3764//3678 3774//3678 3762//3678
f 3762//3678 3774//3678 3775//3678
f 3762//1827 3775//1827 3763//1827
f 3763//1827 3775//1827 3776//1827
f 3763//3814 3776//3814 3767//3814
f 3767//3814 3776//3814 3777//3814
f 3767//3815 3777//3815 3765//3815
f 3765//3815 3777//3815 3778//3815
f 3765//3634 3778//3634 3766//3634
f 3766//3634 3778//3634 3779//3634
f 3766//3683 3779//3683 3758//3683
f 3758//3683 3779//3683 3768//3683
f 3769//3816 3522//3816 3770//3816
f 3770//3781 3522//3781 3523//3781
f 3770//3817 3523//3817 3771//3817
f 3771//3818 3523//3818 3524//3818
f 3771//3819 3524//3819 3772//3819
f 3772//3820 3524//3820 3525//3820
f 3772//3821 3525//3821 3773//3821
f 3773//3822 3525//3822 3526//3822
f 3773//3823 3526//3823 3774//3823
f 3774//3789 3526//3789 3527//3789
f 3774//3692 3527//3692 3775//3692
f 3775//3693 3527//3693 3528//3693
f 3775//3824 3528//3824 3776//3824
f 3776//3791 3528//3791 3529//3791
f 3776//3825 3529//3825 3777//3825
f 3777//3826 3529//3826 3530//3826
f 3777//3827 3530//3827 3778//3827
f 3778//3828 3530//3828 3531//3828
f 3778//3829 3531//3829 3779//3829
f 3779//3830 3531//3830 3520//3830
f 3779//3701 3520//3701 3768//3701
f 3768//3657 3520//3657 3521//3657
f 3768//3831 3521//3831 3769//3831
f 3769//3832 3521//3832 3522//3832
f 3215//3833 2916//3833 3570//3833
f 3570//3833 2916//3833 2928//3833
f 3570//3834 2928//3834 3571//3834
f 3571//3834 2928//3834 2927//3834
f 3571//3835 2927//3835 3556//3835
f 3556//3835 2927//3835 2923//3835
f 3557//3836 2922//3836 2921//3836
f 3557//3836 2921//3836 3577//3836
f 3577//3837 2921//3837 2920//3837
f 3577//3837 2920//3837 3578//3837
f 3578//3838 2920//3838 2918//3838
f 3578//3838 2918//3838 3579//3838
f 3579//3839 2918//3839 2917//3839
f 3579//3839 2917//3839 3566//3839
f 3566//3840 2917//3840 2773//3840
f 3566//3840 2773//3840 3567//3840
f 3567//3841 2773//3841 2774//3841
f 3567//3841 2774//3841 3562//3841
f 3563//3842 2769//3842 2770//3842
f 3563//3842 2770//3842 3574//3842
f 3574//3843 2770//3843 2750//3843
f 3574//3843 2750//3843 3572//3843
f 3572//3844 2750//3844 2748//3844
f 3572//3844 2748//3844 3573//3844
f 3573//3845 2748//3845 2747//3845
f 3573//3845 2747//3845 3575//3845
f 3575//3846 2747//3846 2742//3846
f 3575//3846 2742//3846 3576//3846
f 3576//3847 2742//3847 2931//3847
f 3576//3847 2931//3847 3558//3847
f 3559//3848 2930//3848 3565//3848
f 3565//3848 2930//3848 2929//3848
f 3565//3849 2929//3849 3569//3849
f 3569//3849 2929//3849 2939//3849
f 3569//3850 2939//3850 3224//3850
f 3224//3850 2939//3850 2938//3850
f 3220//3851 2940//3851 3564//3851
f 3564//3851 2940//3851 2942//3851
f 3564//3852 2942//3852 3560//3852
f 3560//3852 2942//3852 2949//3852
f 3561//3853 2944//3853 3568//3853
f 3568//3853 2944//3853 2926//3853
f 3568//3854 2926//3854 3200//3854
f 3200//3854 2926//3854 2925//3854
f 3418//3855 2977//3855 2976//3855
f 3418//3855 2976//3855 3419//3855
f 3419//3856 2976//3856 2950//3856
f 3419//3856 2950//3856 3464//3856
f 3464//3857 2950//3857 2951//3857
f 3464//3857 2951//3857 3466//3857
f 3466//3858 2951//3858 3780//3858
f 3466//3858 3780//3858 3781//3858
f 3781//3859 3780//3859 2955//3859
f 3781//3859 2955//3859 3469//3859
f 3469//3860 2955//3860 2956//3860
f 3469//3860 2956//3860 3471//3860
f 3471//3861 2956//3861 2957//3861
f 3471//3861 2957//3861 3473//3861
f 3473//3862 2957//3862 2958//3862
f 3473//3862 2958//3862 3475//3862
f 3481//135 2963//135 2962//135
f 3481//135 2962//135 3482//135
f 3482//135 2962//135 2960//135
f 3482//135 2960//135 2959//135
f 2865//66 3429//66 2872//66
f 2872//66 3429//66 3427//66
f 2872//66 3427//66 2873//66
f 2873//66 3427//66 2875//66
f 3425//136 2974//136 2980//136
f 3425//136 2980//136 3417//136
f 3417//136 2980//136 2979//136
f 3417//136 2979//136 2978//136
f 3190//3863 2973//3863 3461//3863
f 3461//3863 2973//3863 2975//3863
f 3461//3864 2975//3864 3425//3864
f 3425//3864 2975//3864 2974//3864
f 3429//3412 2865//3412 3433//3412
f 3433//3412 2865//3412 2864//3412
f 3433//3865 2864//3865 3183//3865
f 3183//3865 2864//3865 2964//3865
f 3198//3866 2879//3866 3452//3866
f 3452//3866 2879//3866 2877//3866
f 3452//3424 2877//3424 3427//3424
f 3427//3424 2877//3424 2875//3424
f 3482//3867 2959//3867 3458//3867
f 3458//3867 2959//3867 2871//3867
f 3458//3868 2871//3868 3191//3868
f 3191//3868 2871//3868 2870//3868
f 2978//3869 2977//3869 3417//3869
f 3417//3869 2977//3869 3418//3869
f 2958//3870 2963//3870 3475//3870
f 3475//3870 2963//3870 3481//3870
f 3340//3871 3339//3871 3782//3871
f 3782//3871 3339//3871 3783//3871
f 3782//3872 3783//3872 3338//3872
f 3338//3872 3783//3872 3337//3872
f 3336//3873 3335//3873 3784//3873
f 3784//3873 3335//3873 3785//3873
f 3784//3874 3785//3874 3334//3874
f 3334//3874 3785//3874 3333//3874
f 3366//3875 3365//3875 3786//3875
f 3786//3875 3365//3875 3787//3875
f 3786//3876 3787//3876 3364//3876
f 3364//3876 3787//3876 3363//3876
f 3310//3877 3309//3877 3788//3877
f 3788//3877 3309//3877 3789//3877
f 3788//3878 3789//3878 3368//3878
f 3368//3878 3789//3878 3367//3878
f 3161//3879 3179//3879 3309//3879
f 3309//3880 3311//3880 3161//3880
f 3161//3881 3311//3881 3313//3881
f 3161//3882 3313//3882 3160//3882
f 3313//3883 3315//3883 3160//3883
f 3160//3884 3315//3884 3317//3884
f 3160//3885 3317//3885 3051//3885
f 3317//3886 3319//3886 3051//3886
f 3051//3887 3319//3887 3321//3887
f 3051//3888 3321//3888 3052//3888
f 3052//3889 3321//3889 3323//3889
f 3052//3890 3323//3890 3054//3890
f 3323//3891 3325//3891 3054//3891
f 3054//3892 3325//3892 3327//3892
f 3054//3893 3327//3893 3067//3893
f 3333//3894 3150//3894 3331//3894
f 3331//3895 3150//3895 3067//3895
f 3331//3896 3067//3896 3329//3896
f 3329//3897 3067//3897 3327//3897
f 3309//3898 3179//3898 3789//3898
f 3789//3899 3179//3899 3178//3899
f 3789//3900 3178//3900 3367//3900
f 3367//3901 3178//3901 3177//3901
f 3335//3902 3153//3902 3785//3902
f 3785//3903 3153//3903 3151//3903
f 3785//3904 3151//3904 3333//3904
f 3333//3905 3151//3905 3150//3905
f 3182//3906 3365//3906 3177//3906
f 3177//3906 3365//3906 3367//3906
f 3337//3907 3165//3907 3335//3907
f 3335//3907 3165//3907 3153//3907
f 3365//3908 3182//3908 3787//3908
f 3787//3909 3182//3909 3181//3909
f 3787//3910 3181//3910 3363//3910
f 3363//3911 3181//3911 3180//3911
f 3339//3912 3167//3912 3783//3912
f 3783//3913 3167//3913 3166//3913
f 3783//3914 3166//3914 3337//3914
f 3337//3915 3166//3915 3165//3915
f 3176//3916 3167//3916 3339//3916
f 3339//3917 3341//3917 3176//3917
f 3176//3918 3341//3918 3343//3918
f 3176//3919 3343//3919 3175//3919
f 3343//3920 3345//3920 3175//3920
f 3175//3921 3345//3921 3347//3921
f 3175//3922 3347//3922 3174//3922
f 3174//3923 3347//3923 3349//3923
f 3174//3924 3349//3924 3168//3924
f 3349//3925 3351//3925 3168//3925
f 3168//3926 3351//3926 3353//3926
f 3168//3927 3353//3927 3169//3927
f 3353//3928 3355//3928 3169//3928
f 3169//3929 3355//3929 3357//3929
f 3169//3930 3357//3930 3171//3930
f 3363//3931 3180//3931 3361//3931
f 3361//3932 3180//3932 3171//3932
f 3361//3933 3171//3933 3359//3933
f 3359//3934 3171//3934 3357//3934
f 3456//3935 3454//3935 3334//3935
f 3334//3936 3332//3936 3456//3936
f 3456//3937 3332//3937 3330//3937
f 3456//3938 3330//3938 3457//3938
f 3330//3939 3328//3939 3457//3939
f 3457//3940 3328//3940 3326//3940
f 3457//3941 3326//3941 3443//3941
f 3443//3942 3326//3942 3324//3942
f 3443//3943 3324//3943 3444//3943
f 3324//3944 3322//3944 3444//3944
f 3444//3945 3322//3945 3320//3945
f 3444//3946 3320//3946 3424//3946
f 3320//3947 3318//3947 3424//3947
f 3424//3948 3318//3948 3316//3948
f 3424//3949 3316//3949 3422//3949
f 3310//3950 3420//3950 3312//3950
f 3312//3951 3420//3951 3422//3951
f 3312//3952 3422//3952 3314//3952
f 3314//3953 3422//3953 3316//3953
f 3334//3954 3454//3954 3784//3954
f 3784//3955 3454//3955 3453//3955
f 3784//3956 3453//3956 3336//3956
f 3336//3957 3453//3957 3483//3957
f 3368//3958 3440//3958 3788//3958
f 3788//3959 3440//3959 3439//3959
f 3788//3960 3439//3960 3310//3960
f 3310//3961 3439//3961 3420//3961
f 3479//3962 3338//3962 3483//3962
f 3483//3962 3338//3962 3336//3962
f 3366//3963 3480//3963 3368//3963
f 3368//3963 3480//3963 3440//3963
f 3338//3964 3479//3964 3782//3964
f 3782//3965 3479//3965 3478//3965
f 3782//3966 3478//3966 3340//3966
f 3340//3967 3478//3967 3477//3967
f 3364//3968 3474//3968 3786//3968
f 3786//3969 3474//3969 3476//3969
f 3786//3970 3476//3970 3366//3970
f 3366//3971 3476//3971 3480//3971
f 3472//3972 3474//3972 3364//3972
f 3364//3973 3362//3973 3472//3973
f 3472//3974 3362//3974 3360//3974
f 3472//3975 3360//3975 3470//3975
f 3360//3976 3358//3976 3470//3976
f 3470//3977 3358//3977 3356//3977
f 3470//3978 3356//3978 3467//3978
f 3356//3979 3354//3979 3467//3979
f 3467//3980 3354//3980 3352//3980
f 3467//3981 3352//3981 3465//3981
f 3465//3982 3352//3982 3350//3982
f 3465//3983 3350//3983 3463//3983
f 3350//3984 3348//3984 3463//3984
f 3463//3985 3348//3985 3346//3985
f 3463//3986 3346//3986 3462//3986
f 3340//3987 3477//3987 3342//3987
f 3342//3988 3477//3988 3462//3988
f 3342//3989 3462//3989 3344//3989
f 3344//3990 3462//3990 3346//3990
f 3790//3991 3791//3991 3792//3991
f 3790//3991 3792//3991 3793//3991
f 3793//3992 3792//3992 3794//3992
f 3793//3992 3794//3992 3795//3992
f 3795//3993 3794//3993 3796//3993
f 3795//3993 3796//3993 3797//3993
f 3797//3994 3796//3994 3798//3994
f 3797//3994 3798//3994 3799//3994
f 3799//3995 3798//3995 3800//3995
f 3799//3995 3800//3995 3801//3995
f 3801//3996 3800//3996 3802//3996
f 3801//3996 3802//3996 3803//3996
f 3803//3997 3802//3997 3804//3997
f 3803//3997 3804//3997 3805//3997
f 3805//3998 3804//3998 3806//3998
f 3805//3998 3806//3998 3807//3998
f 3807//3999 3806//3999 3808//3999
f 3807//3999 3808//3999 3809//3999
f 3809//4000 3808//4000 3810//4000
f 3809//4000 3810//4000 3811//4000
f 3811//4001 3810//4001 3812//4001
f 3811//4001 3812//4001 3813//4001
f 3813//4002 3812//4002 3814//4002
f 3813//4002 3814//4002 3815//4002
f 3815//4003 3814//4003 3816//4003
f 3815//4003 3816//4003 3817//4003
f 3817//4004 3816//4004 3818//4004
f 3817//4004 3818//4004 3819//4004
f 3819//4005 3818//4005 3820//4005
f 3819//4005 3820//4005 3821//4005
f 3821//4006 3820//4006 3822//4006
f 3821//4006 3822//4006 3823//4006
f 3823//4007 3822//4007 3824//4007
f 3823//4007 3824//4007 3825//4007
f 3825//4008 3824//4008 3826//4008
f 3825//4008 3826//4008 3827//4008
f 3827//136 3826//136 3828//136
f 3828//136 3829//136 3827//136
f 3827//136 3829//136 3830//136
f 3827//136 3830//136 3831//136
f 3831//136 3830//136 3832//136
f 3831//136 3832//136 3833//136
f 3834//213 3835//213 3117//213
f 3117//213 3835//213 3023//213
f 3117//213 3023//213 2820//213
f 3025//213 3141//213 3026//213
f 3026//213 3141//213 3117//213
f 3026//213 3117//213 2823//213
f 2823//213 3117//213 2820//213
f 3025//213 3024//213 3141//213
f 3141//213 3024//213 2805//213
f 3141//213 2805//213 2803//213
f 3030//213 3039//213 3831//213
f 2803//213 3028//213 3141//213
f 3141//213 3028//213 3030//213
f 3141//213 3030//213 3833//213
f 3833//213 3030//213 3831//213
f 3836//135 3791//135 3790//135
f 3834//135 3837//135 3835//135
f 3835//135 3837//135 3838//135
f 3835//135 3838//135 3790//135
f 3790//135 3838//135 3839//135
f 3790//135 3839//135 3836//135
f 3032//4009 3031//4009 3827//4009
f 3032//4009 3827//4009 3033//4009
f 3037//4010 3831//4010 3038//4010
f 3038//4010 3831//4010 3039//4010
f 3037//4011 3036//4011 3831//4011
f 3831//4009 3036//4009 3035//4009
f 3831//4009 3035//4009 3827//4009
f 3827//4009 3035//4009 3034//4009
f 3827//4010 3034//4010 3033//4010
f 2788//4012 3790//4012 3793//4012
f 2788//4013 3793//4013 2785//4013
f 2785//4014 3793//4014 3795//4014
f 2785//4015 3795//4015 2778//4015
f 2778//4016 3795//4016 3797//4016
f 2778//4017 3797//4017 2777//4017
f 2777//4018 3797//4018 3799//4018
f 2777//4019 3799//4019 2775//4019
f 2775//4020 3799//4020 3801//4020
f 2775//4021 3801//4021 2919//4021
f 2919//4022 3801//4022 3803//4022
f 2919//4023 3803//4023 2771//4023
f 2771//4024 3803//4024 3805//4024
f 2771//4025 3805//4025 2772//4025
f 2772//4026 3805//4026 3807//4026
f 2772//4027 3807//4027 2766//4027
f 2766//4028 3807//4028 3840//4028
f 2766//4029 3840//4029 3841//4029
f 3841//4030 3840//4030 3811//4030
f 3841//4031 3811//4031 2757//4031
f 2757//4032 3811//4032 3813//4032
f 2757//4033 3813//4033 2751//4033
f 2751//4034 3813//4034 3815//4034
f 2751//4035 3815//4035 2749//4035
f 2749//4036 3815//4036 3817//4036
f 2749//4037 3817//4037 2743//4037
f 2743//4038 3817//4038 3819//4038
f 2743//4039 3819//4039 2745//4039
f 2745//4040 3819//4040 3821//4040
f 2745//4041 3821//4041 2731//4041
f 2731//4042 3821//4042 3823//4042
f 2731//4043 3823//4043 2729//4043
f 2729//4044 3823//4044 3825//4044
f 2729//4045 3825//4045 2732//4045
f 2732//4046 3825//4046 3827//4046
f 2732//4047 3827//4047 3031//4047
f 3022//4048 3023//4048 3835//4048
f 3022//4048 3835//4048 3002//4048
f 2788//4049 2790//4049 3790//4049
f 3790//4049 2790//4049 2903//4049
f 2903//4048 2985//4048 3790//4048
f 3790//4049 2985//4049 2987//4049
f 3790//4049 2987//4049 3835//4049
f 3835//4049 2987//4049 2989//4049
f 3835//4050 2989//4050 3002//4050
f 3830//4051 3269//4051 3832//4051
f 3832//4052 3269//4052 3144//4052
f 3826//4053 3282//4053 3073//4053
f 3826//4054 3073//4054 3828//4054
f 3144//4054 3143//4054 3832//4054
f 3832//4055 3143//4055 3141//4055
f 3832//4055 3141//4055 3833//4055
f 3073//4056 3058//4056 3828//4056
f 3828//4056 3058//4056 3044//4056
f 3828//4056 3044//4056 3829//4056
f 3829//4056 3044//4056 3043//4056
f 3829//4056 3043//4056 3830//4056
f 3830//4055 3043//4055 3090//4055
f 3830//4057 3090//4057 3269//4057
f 3810//4058 3842//4058 3083//4058
f 3791//4059 3308//4059 3131//4059
f 3791//4060 3131//4060 3792//4060
f 3083//4061 3085//4061 3810//4061
f 3810//4062 3085//4062 3087//4062
f 3810//4063 3087//4063 3812//4063
f 3812//4064 3087//4064 3107//4064
f 3812//4065 3107//4065 3814//4065
f 3814//4066 3107//4066 3106//4066
f 3814//4067 3106//4067 3816//4067
f 3816//4068 3106//4068 3104//4068
f 3816//4069 3104//4069 3818//4069
f 3818//4070 3104//4070 3103//4070
f 3818//4071 3103//4071 3820//4071
f 3820//4072 3103//4072 3108//4072
f 3820//4073 3108//4073 3822//4073
f 3822//4074 3108//4074 3048//4074
f 3822//4075 3048//4075 3824//4075
f 3824//4076 3048//4076 3050//4076
f 3824//4077 3050//4077 3826//4077
f 3826//4078 3050//4078 3282//4078
f 3131//4079 3133//4079 3792//4079
f 3792//4080 3133//4080 3135//4080
f 3792//4081 3135//4081 3794//4081
f 3794//4082 3135//4082 3136//4082
f 3794//4083 3136//4083 3796//4083
f 3796//4084 3136//4084 3137//4084
f 3796//4085 3137//4085 3798//4085
f 3798//4086 3137//4086 3130//4086
f 3798//4087 3130//4087 3800//4087
f 3800//4088 3130//4088 3129//4088
f 3800//4089 3129//4089 3802//4089
f 3802//4090 3129//4090 3128//4090
f 3802//4091 3128//4091 3804//4091
f 3804//4092 3128//4092 3100//4092
f 3804//4093 3100//4093 3806//4093
f 3806//4094 3100//4094 3102//4094
f 3806//4095 3102//4095 3842//4095
f 3842//4096 3102//4096 3843//4096
f 3842//4097 3843//4097 3083//4097
f 3056//4098 3838//4098 3295//4098
f 3295//4099 3838//4099 3837//4099
f 3295//4100 3837//4100 3147//4100
f 3056//4101 3055//4101 3838//4101
f 3838//4102 3055//4102 3080//4102
f 3838//4102 3080//4102 3839//4102
f 3839//4102 3080//4102 3042//4102
f 3839//4102 3042//4102 3836//4102
f 3836//4102 3042//4102 3041//4102
f 3836//4103 3041//4103 3791//4103
f 3791//4104 3041//4104 3308//4104
f 3147//4103 3837//4103 3145//4103
f 3145//4101 3837//4101 3834//4101
f 3145//4101 3834//4101 3117//4101
f 3844//4105 3845//4105 3846//4105
f 3844//4105 3846//4105 3847//4105
f 3847//4106 3846//4106 3848//4106
f 3847//4106 3848//4106 3849//4106
f 3849//4107 3848//4107 3850//4107
f 3849//4107 3850//4107 3851//4107
f 3851//4108 3850//4108 3852//4108
f 3851//4108 3852//4108 3853//4108
f 3853//4109 3852//4109 3854//4109
f 3853//4109 3854//4109 3855//4109
f 3855//213 3854//213 3856//213
f 3855//213 3856//213 3857//213
f 3857//4110 3856//4110 3858//4110
f 3857//4110 3858//4110 3859//4110
f 3859//4111 3858//4111 3860//4111
f 3859//4111 3860//4111 3861//4111
f 3861//4112 3860//4112 3862//4112
f 3861//4112 3862//4112 3863//4112
f 3863//4113 3862//4113 3864//4113
f 3863//4113 3864//4113 3865//4113
f 3865//4114 3864//4114 3866//4114
f 3865//4114 3866//4114 3867//4114
f 3868//4115 3869//4115 3870//4115
f 3868//4115 3870//4115 3871//4115
f 3871//4116 3870//4116 3872//4116
f 3871//4116 3872//4116 3873//4116
f 3873//4117 3872//4117 3874//4117
f 3873//4117 3874//4117 3875//4117
f 3875//4118 3874//4118 3876//4118
f 3875//4118 3876//4118 3877//4118
f 3877//4119 3876//4119 3878//4119
f 3877//4119 3878//4119 3879//4119
f 3879//66 3878//66 3880//66
f 3879//66 3880//66 3881//66
f 3881//4120 3880//4120 3882//4120
f 3881//4120 3882//4120 3883//4120
f 3883//4121 3882//4121 3884//4121
f 3883//4121 3884//4121 3885//4121
f 3885//4122 3884//4122 3886//4122
f 3885//4122 3886//4122 3887//4122
f 3887//4123 3886//4123 3888//4123
f 3887//4123 3888//4123 3889//4123
f 3889//4124 3888//4124 3890//4124
f 3889//4124 3890//4124 3891//4124
f 3892//4125 3893//4125 3894//4125
f 3892//4126 3895//4126 3893//4126
f 3893//4127 3895//4127 3896//4127
f 3893//4128 3896//4128 3897//4128
f 3896//4129 3898//4129 3897//4129
f 3897//4130 3898//4130 3899//4130
f 3897//4131 3899//4131 3900//4131
f 3899//4132 3901//4132 3900//4132
f 3900//4133 3901//4133 3902//4133
f 3900//4134 3902//4134 3903//4134
f 3902//4135 3904//4135 3903//4135
f 3903//4136 3904//4136 3905//4136
f 3903//4137 3905//4137 3906//4137
f 3905//4138 3907//4138 3906//4138
f 3906//4139 3907//4139 3908//4139
f 3906//4140 3908//4140 3909//4140
f 3908//4141 3910//4141 3909//4141
f 3909//4142 3910//4142 3911//4142
f 3909//4143 3911//4143 3912//4143
f 3911//4144 3913//4144 3912//4144
f 3912//4145 3913//4145 3914//4145
f 3912//4146 3914//4146 3915//4146
f 3914//4147 3916//4147 3915//4147
f 3915//213 3916//213 3917//213
f 3915//4148 3917//4148 3918//4148
f 3917//4149 3919//4149 3918//4149
f 3918//4150 3919//4150 3920//4150
f 3918//4151 3920//4151 3921//4151
f 3920//4152 3922//4152 3921//4152
f 3921//4153 3922//4153 3923//4153
f 3921//4154 3923//4154 3924//4154
f 3923//4155 3925//4155 3924//4155
f 3924//4156 3925//4156 3926//4156
f 3924//4157 3926//4157 3927//4157
f 3926//4158 3928//4158 3927//4158
f 3927//4159 3928//4159 3929//4159
f 3927//4160 3929//4160 3930//4160
f 3929//4161 3931//4161 3930//4161
f 3930//4162 3931//4162 3932//4162
f 3930//4163 3932//4163 3933//4163
f 3932//4164 3934//4164 3933//4164
f 3933//4165 3934//4165 3935//4165
f 3933//4166 3935//4166 3936//4166
f 3935//4167 3937//4167 3936//4167
f 3936//4168 3937//4168 3938//4168
f 3936//4169 3938//4169 3939//4169
f 3939//4170 3938//4170 3940//4170
f 3939//4171 3940//4171 3941//4171
f 3941//4171 3940//4171 3942//4171
f 3941//4172 3942//4172 3943//4172
f 3942//4172 3944//4172 3943//4172
f 3943//4173 3944//4173 3945//4173
f 3943//4174 3945//4174 3946//4174
f 3945//4175 3947//4175 3946//4175
f 3946//4176 3947//4176 3948//4176
f 3946//4177 3948//4177 3949//4177
f 3948//4178 3950//4178 3949//4178
f 3949//4179 3950//4179 3951//4179
f 3949//4180 3951//4180 3952//4180
f 3951//4181 3953//4181 3952//4181
f 3952//4182 3953//4182 3954//4182
f 3952//4183 3954//4183 3955//4183
f 3954//4184 3956//4184 3955//4184
f 3955//4185 3956//4185 3957//4185
f 3955//4186 3957//4186 3958//4186
f 3957//4187 3959//4187 3958//4187
f 3958//4188 3959//4188 3960//4188
f 3958//4189 3960//4189 3961//4189
f 3960//4190 3962//4190 3961//4190
f 3961//4191 3962//4191 3963//4191
f 3961//4192 3963//4192 3964//4192
f 3963//4193 3965//4193 3964//4193
f 3964//4194 3965//4194 3966//4194
f 3964//4195 3966//4195 3967//4195
f 3966//66 3968//66 3967//66
f 3967//4196 3968//4196 3969//4196
f 3967//4197 3969//4197 3970//4197
f 3969//4198 3971//4198 3970//4198
f 3970//4199 3971//4199 3972//4199
f 3970//4200 3972//4200 3973//4200
f 3972//4201 3974//4201 3973//4201
f 3973//4202 3974//4202 3975//4202
f 3973//4203 3975//4203 3976//4203
f 3975//4204 3977//4204 3976//4204
f 3976//4205 3977//4205 3978//4205
f 3976//4206 3978//4206 3979//4206
f 3978//4207 3980//4207 3979//4207
f 3979//4208 3980//4208 3981//4208
f 3979//4209 3981//4209 3982//4209
f 3981//4210 3983//4210 3982//4210
f 3982//4211 3983//4211 3984//4211
f 3982//4212 3984//4212 3985//4212
f 3984//4213 3986//4213 3985//4213
f 3985//4214 3986//4214 3987//4214
f 3985//4215 3987//4215 3988//4215
f 3987//4216 3989//4216 3988//4216
f 3988//4217 3989//4217 3990//4217
f 3988//4218 3990//4218 3894//4218
f 3894//4219 3990//4219 3991//4219
f 3894//4220 3991//4220 3892//4220
f 3988//552 3894//552 3890//552
f 3890//552 3894//552 3845//552
f 3936//552 3939//552 3866//552
f 3866//552 3939//552 3941//552
f 3866//552 3941//552 3869//552
f 3869//552 3941//552 3943//552
f 3884//552 3976//552 3886//552
f 3886//552 3976//552 3979//552
f 3886//552 3979//552 3888//552
f 3888//552 3979//552 3982//552
f 3888//552 3982//552 3890//552
f 3890//552 3982//552 3985//552
f 3890//552 3985//552 3988//552
f 3894//552 3893//552 3845//552
f 3845//552 3893//552 3897//552
f 3845//552 3897//552 3846//552
f 3846//552 3897//552 3900//552
f 3846//552 3900//552 3848//552
f 3848//552 3900//552 3903//552
f 3848//552 3903//552 3850//552
f 3943//552 3946//552 3869//552
f 3869//552 3946//552 3949//552
f 3869//552 3949//552 3870//552
f 3870//552 3949//552 3952//552
f 3870//552 3952//552 3872//552
f 3872//552 3952//552 3955//552
f 3872//552 3955//552 3874//552
f 3874//552 3955//552 3958//552
f 3874//552 3958//552 3876//552
f 3876//552 3958//552 3961//552
f 3876//552 3961//552 3878//552
f 3878//552 3961//552 3964//552
f 3878//552 3964//552 3880//552
f 3880//552 3964//552 3967//552
f 3880//552 3967//552 3882//552
f 3882//552 3967//552 3970//552
f 3882//552 3970//552 3884//552
f 3884//552 3970//552 3973//552
f 3884//552 3973//552 3976//552
f 3903//552 3906//552 3850//552
f 3850//552 3906//552 3909//552
f 3850//552 3909//552 3852//552
f 3852//552 3909//552 3912//552
f 3852//552 3912//552 3854//552
f 3854//552 3912//552 3915//552
f 3854//552 3915//552 3856//552
f 3856//552 3915//552 3918//552
f 3856//552 3918//552 3858//552
f 3858//552 3918//552 3921//552
f 3858//552 3921//552 3860//552
f 3860//552 3921//552 3924//552
f 3860//552 3924//552 3862//552
f 3862//552 3924//552 3927//552
f 3862//552 3927//552 3864//552
f 3864//552 3927//552 3930//552
f 3864//552 3930//552 3866//552
f 3866//552 3930//552 3933//552
f 3866//552 3933//552 3936//552
f 3992//521 3993//521 3994//521
f 3994//521 3993//521 3995//521
f 3994//521 3995//521 3996//521
f 3996//521 3995//521 3997//521
f 3996//521 3997//521 3998//521
f 3998//521 3997//521 3999//521
f 3998//521 3999//521 4000//521
f 4001//521 4002//521 4003//521
f 4003//521 4002//521 4004//521
f 4003//521 4004//521 4005//521
f 4005//521 4004//521 4006//521
f 4005//521 4006//521 4007//521
f 4007//521 4006//521 4008//521
f 4007//521 4008//521 4009//521
f 4009//521 4008//521 4010//521
f 4009//521 4010//521 4011//521
f 3999//521 4012//521 4000//521
f 4000//521 4012//521 4013//521
f 4000//521 4013//521 4014//521
f 4014//521 4013//521 4015//521
f 4014//521 4015//521 4016//521
f 4016//521 4015//521 4017//521
f 4016//521 4017//521 4018//521
f 4018//521 4017//521 4019//521
f 4018//521 4019//521 4020//521
f 4020//521 4019//521 4021//521
f 4020//521 4021//521 4001//521
f 4001//521 4021//521 4022//521
f 4001//521 4022//521 4002//521
f 4023//521 4024//521 4025//521
f 4025//521 4024//521 4026//521
f 4025//521 4026//521 4027//521
f 4027//521 4026//521 4028//521
f 4027//521 4028//521 4029//521
f 4029//521 4028//521 4030//521
f 4029//521 4030//521 4031//521
f 4031//521 4030//521 4032//521
f 4031//521 4032//521 3992//521
f 3992//521 4032//521 4033//521
f 3992//521 4033//521 3993//521
f 4034//521 4035//521 4036//521
f 4036//521 4035//521 4037//521
f 4036//521 4037//521 4038//521
f 4038//521 4037//521 4039//521
f 4038//521 4039//521 4040//521
f 4040//521 4039//521 4041//521
f 4040//521 4041//521 4023//521
f 4023//521 4041//521 4042//521
f 4023//521 4042//521 4024//521
f 4010//521 4043//521 4011//521
f 4011//521 4043//521 4044//521
f 4011//521 4044//521 4045//521
f 4045//521 4044//521 4046//521
f 4045//521 4046//521 4047//521
f 4047//521 4046//521 4048//521
f 4047//521 4048//521 4049//521
f 4049//521 4048//521 4050//521
f 4049//521 4050//521 4034//521
f 4034//521 4050//521 4051//521
f 4034//521 4051//521 4035//521
f 4037//4221 4035//4221 3940//4221
f 3940//4222 3938//4222 4037//4222
f 4037//4223 3938//4223 3937//4223
f 4037//4224 3937//4224 4039//4224
f 3937//4225 3935//4225 4039//4225
f 4039//4226 3935//4226 3934//4226
f 4039//4227 3934//4227 4041//4227
f 3934//4228 3932//4228 4041//4228
f 4041//4229 3932//4229 3931//4229
f 4041//4230 3931//4230 4042//4230
f 3931//4231 3929//4231 4042//4231
f 4042//4232 3929//4232 3928//4232
f 4042//4233 3928//4233 4024//4233
f 3928//4234 3926//4234 4024//4234
f 4024//4235 3926//4235 3925//4235
f 4024//4236 3925//4236 4026//4236
f 3925//4237 3923//4237 4026//4237
f 4026//4238 3923//4238 3922//4238
f 4026//4239 3922//4239 4028//4239
f 3922//4240 3920//4240 4028//4240
f 4028//4241 3920//4241 3919//4241
f 4028//4242 3919//4242 4030//4242
f 3919//4243 3917//4243 4030//4243
f 4030//4244 3917//4244 3916//4244
f 4030//4245 3916//4245 4032//4245
f 3916//4246 3914//4246 4032//4246
f 4032//4247 3914//4247 3913//4247
f 4032//4248 3913//4248 4033//4248
f 3913//4249 3911//4249 4033//4249
f 4033//4250 3911//4250 3910//4250
f 4033//4251 3910//4251 3993//4251
f 3910//4252 3908//4252 3993//4252
f 3993//4253 3908//4253 3907//4253
f 3993//4254 3907//4254 3995//4254
f 3907//4255 3905//4255 3995//4255
f 3995//4256 3905//4256 3904//4256
f 3995//4257 3904//4257 3997//4257
f 3904//4258 3902//4258 3997//4258
f 3997//4259 3902//4259 3901//4259
f 3997//4260 3901//4260 3999//4260
f 3901//4261 3899//4261 3999//4261
f 3999//4262 3899//4262 3898//4262
f 3999//4263 3898//4263 4012//4263
f 3898//4264 3896//4264 4012//4264
f 4012//4265 3896//4265 3895//4265
f 4012//4266 3895//4266 4013//4266
f 3895//4267 3892//4267 4013//4267
f 4013//4268 3892//4268 3991//4268
f 4013//4269 3991//4269 4015//4269
f 3991//4270 3990//4270 4015//4270
f 4015//4271 3990//4271 3989//4271
f 4015//4272 3989//4272 4017//4272
f 3989//4273 3987//4273 4017//4273
f 4017//4274 3987//4274 3986//4274
f 4017//4275 3986//4275 4019//4275
f 3986//4276 3984//4276 4019//4276
f 4019//4277 3984//4277 3983//4277
f 4019//4278 3983//4278 4021//4278
f 3983//4279 3981//4279 4021//4279
f 4021//4280 3981//4280 3980//4280
f 4021//4281 3980//4281 4022//4281
f 3980//4282 3978//4282 4022//4282
f 4022//4283 3978//4283 3977//4283
f 4022//4284 3977//4284 4002//4284
f 3977//4285 3975//4285 4002//4285
f 4002//4286 3975//4286 3974//4286
f 4002//4287 3974//4287 4004//4287
f 3974//4288 3972//4288 4004//4288
f 4004//4289 3972//4289 3971//4289
f 4004//4290 3971//4290 4006//4290
f 3971//4291 3969//4291 4006//4291
f 4006//4292 3969//4292 3968//4292
f 4006//4293 3968//4293 4008//4293
f 3968//4294 3966//4294 4008//4294
f 4008//4295 3966//4295 3965//4295
f 4008//4296 3965//4296 4010//4296
f 3965//4297 3963//4297 4010//4297
f 4010//4298 3963//4298 3962//4298
f 4010//4299 3962//4299 4043//4299
f 3962//4300 3960//4300 4043//4300
f 4043//4301 3960//4301 3959//4301
f 4043//4302 3959//4302 4044//4302
f 3959//4303 3957//4303 4044//4303
f 4044//4304 3957//4304 3956//4304
f 4044//4305 3956//4305 4046//4305
f 3956//4306 3954//4306 4046//4306
f 4046//4307 3954//4307 3953//4307
f 4046//4308 3953//4308 4048//4308
f 3953//4309 3951//4309 4048//4309
f 4048//4310 3951//4310 3950//4310
f 4048//4311 3950//4311 4050//4311
f 4050//4312 3950//4312 3948//4312
f 4050//4313 3948//4313 4051//4313
f 4051//4314 3948//4314 3947//4314
f 3947//4315 3945//4315 4051//4315
f 4051//4316 3945//4316 3944//4316
f 4051//4317 3944//4317 4035//4317
f 4035//4318 3944//4318 3942//4318
f 4035//4319 3942//4319 3940//4319
f 4052//4320 4014//4320 4053//4320
f 4053//4320 4014//4320 4016//4320
f 4053//4321 4016//4321 4054//4321
f 4054//4321 4016//4321 4018//4321
f 4054//4322 4018//4322 4055//4322
f 4055//4322 4018//4322 4020//4322
f 4055//4323 4020//4323 4056//4323
f 4056//4323 4020//4323 4001//4323
f 4056//4324 4001//4324 4057//4324
f 4057//4324 4001//4324 4003//4324
f 4057//4325 4003//4325 4058//4325
f 4058//4325 4003//4325 4005//4325
f 4058//4326 4005//4326 4059//4326
f 4059//4326 4005//4326 4007//4326
f 4059//4327 4007//4327 4060//4327
f 4060//4327 4007//4327 4009//4327
f 4060//4328 4009//4328 4061//4328
f 4061//4328 4009//4328 4011//4328
f 4061//4329 4011//4329 4062//4329
f 4062//4329 4011//4329 4045//4329
f 4062//4330 4045//4330 4063//4330
f 4063//4330 4045//4330 4047//4330
f 4063//4331 4047//4331 4064//4331
f 4064//4331 4047//4331 4049//4331
f 4064//4332 4049//4332 4065//4332
f 4065//4332 4049//4332 4034//4332
f 4065//136 4034//136 4066//136
f 4066//136 4034//136 4036//136
f 4066//4333 4036//4333 4067//4333
f 4067//4333 4036//4333 4038//4333
f 4067//4334 4038//4334 4068//4334
f 4068//4334 4038//4334 4040//4334
f 4068//4335 4040//4335 4069//4335
f 4069//4335 4040//4335 4023//4335
f 4069//4336 4023//4336 4070//4336
f 4070//4336 4023//4336 4025//4336
f 4070//4337 4025//4337 4071//4337
f 4071//4337 4025//4337 4027//4337
f 4071//4338 4027//4338 4072//4338
f 4072//4338 4027//4338 4029//4338
f 4072//4339 4029//4339 4073//4339
f 4073//4339 4029//4339 4031//4339
f 4073//4340 4031//4340 4074//4340
f 4074//4340 4031//4340 3992//4340
f 4074//4341 3992//4341 4075//4341
f 4075//4341 3992//4341 3994//4341
f 4075//4342 3994//4342 4076//4342
f 4076//4342 3994//4342 3996//4342
f 4076//4343 3996//4343 4077//4343
f 4077//4343 3996//4343 3998//4343
f 4077//4344 3998//4344 4078//4344
f 4078//4344 3998//4344 4000//4344
f 4078//4345 4000//4345 4052//4345
f 4052//4345 4000//4345 4014//4345
f 4079//521 4080//521 4075//521
f 4075//521 4076//521 4079//521
f 4079//521 4076//521 4077//521
f 4079//521 4077//521 4081//521
f 4081//521 4077//521 4078//521
f 4081//521 4078//521 4082//521
f 4082//521 4078//521 4052//521
f 4082//521 4052//521 4083//521
f 4083//521 4052//521 4053//521
f 4084//521 4085//521 4086//521
f 4087//521 4088//521 4089//521
f 4089//521 4088//521 4090//521
f 4089//521 4090//521 4091//521
f 4091//521 4090//521 4092//521
f 4093//521 4094//521 4095//521
f 4059//521 4096//521 4058//521
f 4058//521 4096//521 4097//521
f 4058//521 4097//521 4057//521
f 4080//521 4093//521 4075//521
f 4075//521 4093//521 4095//521
f 4075//521 4095//521 4074//521
f 4074//521 4095//521 4098//521
f 4074//521 4098//521 4073//521
f 4073//521 4098//521 4072//521
f 4072//521 4098//521 4099//521
f 4072//521 4099//521 4071//521
f 4100//521 4101//521 4102//521
f 4102//521 4101//521 4103//521
f 4102//521 4103//521 4104//521
f 4071//521 4099//521 4070//521
f 4070//521 4099//521 4105//521
f 4070//521 4105//521 4069//521
f 4069//521 4105//521 4106//521
f 4069//521 4106//521 4068//521
f 4089//521 4101//521 4087//521
f 4087//521 4101//521 4100//521
f 4087//521 4100//521 4107//521
f 4107//521 4100//521 4108//521
f 4107//521 4108//521 4093//521
f 4093//521 4108//521 4109//521
f 4093//521 4109//521 4094//521
f 4110//521 4062//521 4111//521
f 4111//521 4062//521 4063//521
f 4111//521 4063//521 4112//521
f 4086//521 4113//521 4084//521
f 4084//521 4113//521 4114//521
f 4084//521 4114//521 4115//521
f 4068//521 4106//521 4067//521
f 4067//521 4106//521 4116//521
f 4067//521 4116//521 4066//521
f 4066//521 4116//521 4117//521
f 4066//521 4117//521 4065//521
f 4065//521 4117//521 4064//521
f 4064//521 4117//521 4102//521
f 4064//521 4102//521 4063//521
f 4063//521 4102//521 4104//521
f 4063//521 4104//521 4112//521
f 4114//521 4118//521 4115//521
f 4115//521 4118//521 4096//521
f 4115//521 4096//521 4119//521
f 4119//521 4096//521 4059//521
f 4119//521 4059//521 4120//521
f 4120//521 4059//521 4060//521
f 4120//521 4060//521 4110//521
f 4110//521 4060//521 4061//521
f 4110//521 4061//521 4062//521
f 4057//521 4097//521 4056//521
f 4056//521 4097//521 4121//521
f 4056//521 4121//521 4055//521
f 4055//521 4121//521 4122//521
f 4055//521 4122//521 4054//521
f 4054//521 4122//521 4123//521
f 4054//521 4123//521 4053//521
f 4053//521 4123//521 4124//521
f 4053//521 4124//521 4083//521
f 4083//521 4124//521 4125//521
f 4083//521 4125//521 4126//521
f 4126//521 4125//521 4085//521
f 4126//521 4085//521 4092//521
f 4092//521 4085//521 4084//521
f 4092//521 4084//521 4091//521
f 4088//4346 4127//4346 4090//4346
f 4090//4347 4127//4347 4128//4347
f 4090//4347 4128//4347 4092//4347
f 4092//4348 4128//4348 4129//4348
f 4092//4348 4129//4348 4126//4348
f 4126//3725 4129//3725 4130//3725
f 4126//3725 4130//3725 4083//3725
f 4083//4349 4130//4349 4131//4349
f 4083//4349 4131//4349 4082//4349
f 4082//4350 4131//4350 4132//4350
f 4082//4350 4132//4350 4081//4350
f 4081//3716 4132//3716 4133//3716
f 4081//3716 4133//3716 4079//3716
f 4079//4351 4133//4351 4134//4351
f 4079//4351 4134//4351 4080//4351
f 4080//3718 4134//3718 4135//3718
f 4080//3718 4135//3718 4093//3718
f 4093//4352 4135//4352 4136//4352
f 4093//4352 4136//4352 4107//4352
f 4107//4353 4136//4353 4137//4353
f 4107//4353 4137//4353 4087//4353
f 4087//4354 4137//4354 4138//4354
f 4087//4354 4138//4354 4088//4354
f 4088//4346 4138//4346 4127//4346
f 4134//521 4133//521 4139//521
f 4139//521 4133//521 4132//521
f 4139//521 4132//521 4131//521
f 4137//521 4136//521 4139//521
f 4139//521 4136//521 4135//521
f 4139//521 4135//521 4134//521
f 4128//521 4127//521 4139//521
f 4139//521 4127//521 4138//521
f 4139//521 4138//521 4137//521
f 4131//521 4130//521 4139//521
f 4139//521 4130//521 4129//521
f 4139//521 4129//521 4128//521
f 4116//4355 4140//4355 4117//4355
f 4117//4347 4140//4347 4141//4347
f 4117//4347 4141//4347 4102//4347
f 4102//3724 4141//3724 4142//3724
f 4102//3724 4142//3724 4100//3724
f 4100//4356 4142//4356 4143//4356
f 4100//4356 4143//4356 4108//4356
f 4108//4349 4143//4349 4144//4349
f 4108//4349 4144//4349 4109//4349
f 4109//4357 4144//4357 4145//4357
f 4109//4357 4145//4357 4094//4357
f 4094//4358 4145//4358 4146//4358
f 4094//4358 4146//4358 4095//4358
f 4095//4351 4146//4351 4147//4351
f 4095//4351 4147//4351 4098//4351
f 4098//4359 4147//4359 4148//4359
f 4098//4359 4148//4359 4099//4359
f 4099//3719 4148//3719 4149//3719
f 4099//3719 4149//3719 4105//3719
f 4105//4353 4149//4353 4150//4353
f 4105//4353 4150//4353 4106//4353
f 4106//3721 4150//3721 4151//3721
f 4106//3721 4151//3721 4116//3721
f 4116//4355 4151//4355 4140//4355
f 4147//521 4146//521 4152//521
f 4152//521 4146//521 4145//521
f 4152//521 4145//521 4144//521
f 4150//521 4149//521 4152//521
f 4152//521 4149//521 4148//521
f 4152//521 4148//521 4147//521
f 4141//521 4140//521 4152//521
f 4152//521 4140//521 4151//521
f 4152//521 4151//521 4150//521
f 4144//521 4143//521 4152//521
f 4152//521 4143//521 4142//521
f 4152//521 4142//521 4141//521
f 4112//3722 4153//3722 4111//3722
f 4111//4347 4153//4347 4154//4347
f 4111//4347 4154//4347 4110//4347
f 4110//3724 4154//3724 4155//3724
f 4110//3724 4155//3724 4120//3724
f 4120//4356 4155//4356 4156//4356
f 4120//4356 4156//4356 4119//4356
f 4119//4349 4156//4349 4157//4349
f 4119//4349 4157//4349 4115//4349
f 4115//4360 4157//4360 4158//4360
f 4115//4360 4158//4360 4084//4360
f 4084//4358 4158//4358 4159//4358
f 4084//4358 4159//4358 4091//4358
f 4091//4361 4159//4361 4160//4361
f 4091//4361 4160//4361 4089//4361
f 4089//4359 4160//4359 4161//4359
f 4089//4359 4161//4359 4101//4359
f 4101//3719 4161//3719 4162//3719
f 4101//3719 4162//3719 4103//3719
f 4103//4362 4162//4362 4163//4362
f 4103//4362 4163//4362 4104//4362
f 4104//3721 4163//3721 4164//3721
f 4104//3721 4164//3721 4112//3721
f 4112//3722 4164//3722 4153//3722
f 4160//521 4159//521 4165//521
f 4165//521 4159//521 4158//521
f 4165//521 4158//521 4157//521
f 4163//521 4162//521 4165//521
f 4165//521 4162//521 4161//521
f 4165//521 4161//521 4160//521
f 4154//521 4153//521 4165//521
f 4165//521 4153//521 4164//521
f 4165//521 4164//521 4163//521
f 4157//521 4156//521 4165//521
f 4165//521 4156//521 4155//521
f 4165//521 4155//521 4154//521
f 4114//4363 4166//4363 4118//4363
f 4118//4347 4166//4347 4167//4347
f 4118//4347 4167//4347 4096//4347
f 4096//4348 4167//4348 4168//4348
f 4096//4348 4168//4348 4097//4348
f 4097//3725 4168//3725 4169//3725
f 4097//3725 4169//3725 4121//3725
f 4121//4349 4169//4349 4170//4349
f 4121//4349 4170//4349 4122//4349
f 4122//3727 4170//3727 4171//3727
f 4122//3727 4171//3727 4123//3727
f 4123//3716 4171//3716 4172//3716
f 4123//3716 4172//3716 4124//3716
f 4124//4361 4172//4361 4173//4361
f 4124//4361 4173//4361 4125//4361
f 4125//3718 4173//3718 4174//3718
f 4125//3718 4174//3718 4085//3718
f 4085//4352 4174//4352 4175//4352
f 4085//4352 4175//4352 4086//4352
f 4086//4362 4175//4362 4176//4362
f 4086//4362 4176//4362 4113//4362
f 4113//4354 4176//4354 4177//4354
f 4113//4354 4177//4354 4114//4354
f 4114//4363 4177//4363 4166//4363
f 4173//521 4172//521 4178//521
f 4178//521 4172//521 4171//521
f 4178//521 4171//521 4170//521
f 4176//521 4175//521 4178//521
f 4178//521 4175//521 4174//521
f 4178//521 4174//521 4173//521
f 4167//521 4166//521 4178//521
f 4178//521 4166//521 4177//521
f 4178//521 4177//521 4176//521
f 4170//521 4169//521 4178//521
f 4178//521 4169//521 4168//521
f 4178//521 4168//521 4167//521
f 4179//135 4180//135 4181//135
f 4181//135 4180//135 4182//135
f 4183//4364 4179//4364 4184//4364
f 4184//4365 4179//4365 4181//4365
f 4185//4366 4186//4366 4187//4366
f 4187//4366 4186//4366 4188//4366
f 4189//136 4185//136 4190//136
f 4190//136 4185//136 4187//136
f 4191//4367 4189//4367 4192//4367
f 4192//4368 4189//4368 4190//4368
f 4180//4369 4193//4369 4182//4369
f 4182//4369 4193//4369 4194//4369
f 4180//552 4179//552 4195//552
f 4195//552 4196//552 4180//552
f 4180//552 4196//552 4197//552
f 4180//552 4197//552 4198//552
f 4189//552 4199//552 4200//552
f 4185//552 4201//552 4202//552
f 4203//552 4204//552 4186//552
f 4193//552 4205//552 4206//552
f 4200//552 4207//552 4189//552
f 4189//552 4207//552 4208//552
f 4189//552 4208//552 4185//552
f 4185//552 4208//552 4209//552
f 4185//552 4209//552 4201//552
f 4202//552 4210//552 4185//552
f 4185//552 4210//552 4211//552
f 4185//552 4211//552 4186//552
f 4186//552 4211//552 4212//552
f 4186//552 4212//552 4203//552
f 4213//552 4214//552 4179//552
f 4179//552 4214//552 4215//552
f 4179//552 4215//552 4195//552
f 4198//552 4216//552 4180//552
f 4180//552 4216//552 4217//552
f 4180//552 4217//552 4193//552
f 4193//552 4217//552 4218//552
f 4193//552 4218//552 4205//552
f 4206//552 4219//552 4193//552
f 4193//552 4219//552 4220//552
f 4193//552 4220//552 4189//552
f 4189//552 4220//552 4221//552
f 4189//552 4221//552 4199//552
f 4204//552 4222//552 4186//552
f 4186//552 4222//552 4223//552
f 4186//552 4223//552 4179//552
f 4179//552 4223//552 4224//552
f 4179//552 4224//552 4213//552
f 3887//521 4187//521 3885//521
f 3885//521 4187//521 4225//521
f 3887//521 3889//521 4187//521
f 4187//521 3889//521 3891//521
f 4187//521 3891//521 4190//521
f 4190//521 3891//521 3844//521
f 4190//521 3844//521 3847//521
f 4226//521 3855//521 3857//521
f 3863//521 4182//521 3861//521
f 3861//521 4182//521 4226//521
f 3861//521 4226//521 3859//521
f 3859//521 4226//521 3857//521
f 3863//521 3865//521 4182//521
f 4182//521 3865//521 3867//521
f 4182//521 3867//521 4181//521
f 4181//521 3867//521 3868//521
f 4181//521 3868//521 3871//521
f 3847//521 3849//521 4190//521
f 4190//521 3849//521 3851//521
f 4190//521 3851//521 4226//521
f 4226//521 3851//521 3853//521
f 4226//521 3853//521 3855//521
f 3871//521 3873//521 4181//521
f 4181//521 3873//521 3875//521
f 4181//521 3875//521 4225//521
f 4225//521 3875//521 3877//521
f 4225//521 3877//521 3879//521
f 3879//521 3881//521 4225//521
f 4225//521 3881//521 3883//521
f 4225//521 3883//521 3885//521
f 4227//552 4228//552 4229//552
f 4229//552 4228//552 4230//552
f 4229//552 4230//552 4231//552
f 4232//552 4233//552 4229//552
f 4229//552 4233//552 4234//552
f 4229//552 4234//552 4227//552
f 4235//552 4236//552 4229//552
f 4229//552 4236//552 4237//552
f 4229//552 4237//552 4232//552
f 4231//552 4238//552 4229//552
f 4229//552 4238//552 4239//552
f 4229//552 4239//552 4235//552
f 4240//552 4241//552 4242//552
f 4242//552 4241//552 4243//552
f 4242//552 4243//552 4244//552
f 4245//552 4246//552 4242//552
f 4242//552 4246//552 4247//552
f 4242//552 4247//552 4240//552
f 4248//552 4249//552 4242//552
f 4242//552 4249//552 4250//552
f 4242//552 4250//552 4245//552
f 4244//552 4251//552 4242//552
f 4242//552 4251//552 4252//552
f 4242//552 4252//552 4248//552
f 4253//552 4254//552 4255//552
f 4255//552 4254//552 4256//552
f 4255//552 4256//552 4257//552
f 4258//552 4259//552 4255//552
f 4255//552 4259//552 4260//552
f 4255//552 4260//552 4253//552
f 4261//552 4262//552 4255//552
f 4255//552 4262//552 4263//552
f 4255//552 4263//552 4258//552
f 4257//552 4264//552 4255//552
f 4255//552 4264//552 4265//552
f 4255//552 4265//552 4261//552
f 4266//552 4267//552 4268//552
f 4268//552 4267//552 4269//552
f 4268//552 4269//552 4270//552
f 4271//552 4272//552 4268//552
f 4268//552 4272//552 4273//552
f 4268//552 4273//552 4266//552
f 4274//552 4275//552 4268//552
f 4268//552 4275//552 4276//552
f 4268//552 4276//552 4271//552
f 4270//552 4277//552 4268//552
f 4268//552 4277//552 4278//552
f 4268//552 4278//552 4274//552
f 4279//3727 4236//3727 4280//3727
f 4280//4349 4236//4349 4235//4349
f 4280//4349 4235//4349 4281//4349
f 4281//3725 4235//3725 4239//3725
f 4281//3725 4239//3725 4282//3725
f 4282//4348 4239//4348 4238//4348
f 4282//4348 4238//4348 4283//4348
f 4283//4347 4238//4347 4231//4347
f 4283//4347 4231//4347 4284//4347
f 4284//4363 4231//4363 4230//4363
f 4284//4363 4230//4363 4285//4363
f 4285//4354 4230//4354 4228//4354
f 4285//4354 4228//4354 4286//4354
f 4286//4362 4228//4362 4227//4362
f 4286//4362 4227//4362 4287//4362
f 4287//4352 4227//4352 4234//4352
f 4287//4352 4234//4352 4288//4352
f 4288//3718 4234//3718 4233//3718
f 4288//3718 4233//3718 4289//3718
f 4289//4361 4233//4361 4232//4361
f 4289//4361 4232//4361 4290//4361
f 4290//3716 4232//3716 4237//3716
f 4290//3716 4237//3716 4279//3716
f 4279//3727 4237//3727 4236//3727
f 4291//4360 4249//4360 4292//4360
f 4292//4349 4249//4349 4248//4349
f 4292//4349 4248//4349 4293//4349
f 4293//4356 4248//4356 4252//4356
f 4293//4356 4252//4356 4294//4356
f 4294//3724 4252//3724 4251//3724
f 4294//3724 4251//3724 4295//3724
f 4295//4347 4251//4347 4244//4347
f 4295//4347 4244//4347 4296//4347
f 4296//3722 4244//3722 4243//3722
f 4296//3722 4243//3722 4297//3722
f 4297//3721 4243//3721 4241//3721
f 4297//3721 4241//3721 4298//3721
f 4298//4362 4241//4362 4240//4362
f 4298//4362 4240//4362 4299//4362
f 4299//3719 4240//3719 4247//3719
f 4299//3719 4247//3719 4300//3719
f 4300//4359 4247//4359 4246//4359
f 4300//4359 4246//4359 4301//4359
f 4301//4361 4246//4361 4245//4361
f 4301//4361 4245//4361 4302//4361
f 4302//4358 4245//4358 4250//4358
f 4302//4358 4250//4358 4291//4358
f 4291//4360 4250//4360 4249//4360
f 4303//4357 4262//4357 4304//4357
f 4304//4349 4262//4349 4261//4349
f 4304//4349 4261//4349 4305//4349
f 4305//4356 4261//4356 4265//4356
f 4305//4356 4265//4356 4306//4356
f 4306//3724 4265//3724 4264//3724
f 4306//3724 4264//3724 4307//3724
f 4307//4347 4264//4347 4257//4347
f 4307//4347 4257//4347 4308//4347
f 4308//4355 4257//4355 4256//4355
f 4308//4355 4256//4355 4309//4355
f 4309//3721 4256//3721 4254//3721
f 4309//3721 4254//3721 4310//3721
f 4310//4353 4254//4353 4253//4353
f 4310//4353 4253//4353 4311//4353
f 4311//3719 4253//3719 4260//3719
f 4311//3719 4260//3719 4312//3719
f 4312//4359 4260//4359 4259//4359
f 4312//4359 4259//4359 4313//4359
f 4313//4351 4259//4351 4258//4351
f 4313//4351 4258//4351 4314//4351
f 4314//4358 4258//4358 4263//4358
f 4314//4358 4263//4358 4303//4358
f 4303//4357 4263//4357 4262//4357
f 4315//4350 4275//4350 4316//4350
f 4316//4349 4275//4349 4274//4349
f 4316//4349 4274//4349 4317//4349
f 4317//3725 4274//3725 4278//3725
f 4317//3725 4278//3725 4318//3725
f 4318//4348 4278//4348 4277//4348
f 4318//4348 4277//4348 4319//4348
f 4319//4347 4277//4347 4270//4347
f 4319//4347 4270//4347 4320//4347
f 4320//4346 4270//4346 4269//4346
f 4320//4346 4269//4346 4321//4346
f 4321//4354 4269//4354 4267//4354
f 4321//4354 4267//4354 4322//4354
f 4322//4353 4267//4353 4266//4353
f 4322//4353 4266//4353 4323//4353
f 4323//4352 4266//4352 4273//4352
f 4323//4352 4273//4352 4324//4352
f 4324//3718 4273//3718 4272//3718
f 4324//3718 4272//3718 4325//3718
f 4325//4351 4272//4351 4271//4351
f 4325//4351 4271//4351 4326//4351
f 4326//3716 4271//3716 4276//3716
f 4326//3716 4276//3716 4315//3716
f 4315//4350 4276//4350 4275//4350
f 4292//552 4293//552 4327//552
f 4309//552 4310//552 4328//552
f 4328//552 4310//552 4329//552
f 4329//552 4310//552 4311//552
f 4329//552 4311//552 4312//552
f 4330//552 4322//552 4323//552
f 4327//552 4293//552 4331//552
f 4331//552 4293//552 4294//552
f 4331//552 4294//552 4332//552
f 4332//552 4294//552 4295//552
f 4332//552 4295//552 4333//552
f 4333//552 4295//552 4296//552
f 4333//552 4296//552 4334//552
f 4324//552 4335//552 4323//552
f 4323//552 4335//552 4336//552
f 4323//552 4336//552 4330//552
f 4313//552 4318//552 4319//552
f 4330//552 4329//552 4322//552
f 4322//552 4329//552 4312//552
f 4322//552 4312//552 4321//552
f 4321//552 4312//552 4313//552
f 4321//552 4313//552 4320//552
f 4320//552 4313//552 4319//552
f 4334//552 4307//552 4337//552
f 4337//552 4307//552 4308//552
f 4328//552 4338//552 4309//552
f 4309//552 4338//552 4339//552
f 4309//552 4339//552 4308//552
f 4308//552 4339//552 4340//552
f 4308//552 4340//552 4337//552
f 4296//552 4297//552 4334//552
f 4334//552 4297//552 4298//552
f 4334//552 4298//552 4307//552
f 4307//552 4298//552 4299//552
f 4307//552 4299//552 4306//552
f 4306//552 4299//552 4300//552
f 4306//552 4300//552 4305//552
f 4314//552 4287//552 4288//552
f 4301//552 4302//552 4285//552
f 4285//552 4302//552 4291//552
f 4285//552 4291//552 4284//552
f 4314//552 4303//552 4287//552
f 4287//552 4303//552 4304//552
f 4287//552 4304//552 4286//552
f 4286//552 4304//552 4305//552
f 4286//552 4305//552 4285//552
f 4285//552 4305//552 4300//552
f 4285//552 4300//552 4301//552
f 4316//552 4341//552 4315//552
f 4315//552 4341//552 4342//552
f 4315//552 4342//552 4326//552
f 4326//552 4342//552 4343//552
f 4326//552 4343//552 4325//552
f 4325//552 4343//552 4344//552
f 4325//552 4344//552 4324//552
f 4324//552 4344//552 4345//552
f 4324//552 4345//552 4335//552
f 4313//552 4314//552 4318//552
f 4318//552 4314//552 4288//552
f 4318//552 4288//552 4317//552
f 4317//552 4288//552 4289//552
f 4291//552 4292//552 4284//552
f 4284//552 4292//552 4327//552
f 4284//552 4327//552 4283//552
f 4283//552 4327//552 4346//552
f 4283//552 4346//552 4282//552
f 4282//552 4346//552 4347//552
f 4282//552 4347//552 4281//552
f 4281//552 4347//552 4348//552
f 4281//552 4348//552 4280//552
f 4280//552 4348//552 4349//552
f 4280//552 4349//552 4279//552
f 4279//552 4349//552 4350//552
f 4279//552 4350//552 4290//552
f 4290//552 4350//552 4341//552
f 4290//552 4341//552 4289//552
f 4289//552 4341//552 4316//552
f 4289//552 4316//552 4317//552
f 4337//4370 4340//4370 4351//4370
f 4351//4371 4340//4371 4352//4371
f 4340//4371 4339//4371 4352//4371
f 4352//4372 4339//4372 4338//4372
f 4352//4372 4338//4372 4353//4372
f 4353//4373 4338//4373 4328//4373
f 4353//4373 4328//4373 4354//4373
f 4354//4374 4328//4374 4329//4374
f 4354//4374 4329//4374 4355//4374
f 4355//4375 4329//4375 4330//4375
f 4355//4375 4330//4375 4356//4375
f 4356//4376 4330//4376 4336//4376
f 4356//4376 4336//4376 4357//4376
f 4357//4377 4336//4377 4335//4377
f 4357//4377 4335//4377 4358//4377
f 4358//4378 4335//4378 4345//4378
f 4358//4378 4345//4378 4359//4378
f 4359//4379 4345//4379 4344//4379
f 4359//4379 4344//4379 4360//4379
f 4360//4380 4344//4380 4343//4380
f 4360//4380 4343//4380 4361//4380
f 4361//4381 4343//4381 4342//4381
f 4361//4381 4342//4381 4362//4381
f 4362//4382 4342//4382 4341//4382
f 4362//4382 4341//4382 4363//4382
f 4363//4383 4341//4383 4350//4383
f 4363//4383 4350//4383 4364//4383
f 4364//4384 4350//4384 4349//4384
f 4364//4384 4349//4384 4365//4384
f 4365//4385 4349//4385 4348//4385
f 4365//4385 4348//4385 4366//4385
f 4366//4386 4348//4386 4347//4386
f 4366//4386 4347//4386 4367//4386
f 4367//4387 4347//4387 4346//4387
f 4367//4387 4346//4387 4368//4387
f 4368//4388 4346//4388 4327//4388
f 4368//4388 4327//4388 4369//4388
f 4369//4389 4327//4389 4331//4389
f 4369//4389 4331//4389 4370//4389
f 4370//4390 4331//4390 4332//4390
f 4370//4390 4332//4390 4371//4390
f 4371//4391 4332//4391 4333//4391
f 4371//4391 4333//4391 4372//4391
f 4372//4392 4333//4392 4334//4392
f 4372//4392 4334//4392 4373//4392
f 4373//4393 4334//4393 4337//4393
f 4373//4393 4337//4393 4374//4393
f 4374//4370 4337//4370 4351//4370
f 4372//552 4375//552 4371//552
f 4371//552 4375//552 4376//552
f 4371//552 4376//552 4370//552
f 4370//552 4376//552 4377//552
f 4370//552 4377//552 4369//552
f 4369//552 4377//552 4378//552
f 4369//552 4378//552 4368//552
f 4355//552 4379//552 4354//552
f 4354//552 4379//552 4380//552
f 4354//552 4380//552 4353//552
f 4353//552 4380//552 4381//552
f 4353//552 4381//552 4352//552
f 4352//552 4381//552 4382//552
f 4352//552 4382//552 4351//552
f 4351//552 4382//552 4383//552
f 4351//552 4383//552 4374//552
f 4374//552 4383//552 4384//552
f 4374//552 4384//552 4373//552
f 4373//552 4384//552 4385//552
f 4373//552 4385//552 4372//552
f 4372//552 4385//552 4386//552
f 4372//552 4386//552 4375//552
f 4362//552 4387//552 4361//552
f 4361//552 4387//552 4388//552
f 4361//552 4388//552 4360//552
f 4360//552 4388//552 4389//552
f 4360//552 4389//552 4359//552
f 4378//552 4390//552 4368//552
f 4368//552 4390//552 4391//552
f 4368//552 4391//552 4367//552
f 4367//552 4391//552 4392//552
f 4367//552 4392//552 4366//552
f 4366//552 4392//552 4393//552
f 4366//552 4393//552 4365//552
f 4389//552 4394//552 4359//552
f 4359//552 4394//552 4395//552
f 4359//552 4395//552 4358//552
f 4358//552 4395//552 4396//552
f 4358//552 4396//552 4357//552
f 4357//552 4396//552 4397//552
f 4357//552 4397//552 4356//552
f 4356//552 4397//552 4398//552
f 4356//552 4398//552 4355//552
f 4355//552 4398//552 4399//552
f 4355//552 4399//552 4379//552
f 4393//552 4400//552 4365//552
f 4365//552 4400//552 4401//552
f 4365//552 4401//552 4364//552
f 4364//552 4401//552 4402//552
f 4364//552 4402//552 4363//552
f 4363//552 4402//552 4403//552
f 4363//552 4403//552 4362//552
f 4362//552 4403//552 4404//552
f 4362//552 4404//552 4387//552
f 4208//4394 4402//4394 4209//4394
f 4209//4395 4402//4395 4401//4395
f 4209//4395 4401//4395 4201//4395
f 4201//4396 4401//4396 4400//4396
f 4201//4396 4400//4396 4202//4396
f 4202//4397 4400//4397 4393//4397
f 4202//4397 4393//4397 4210//4397
f 4210//4398 4393//4398 4392//4398
f 4210//4398 4392//4398 4211//4398
f 4211//4399 4392//4399 4391//4399
f 4211//4399 4391//4399 4212//4399
f 4212//4400 4391//4400 4390//4400
f 4212//4400 4390//4400 4203//4400
f 4203//66 4390//66 4378//66
f 4203//66 4378//66 4204//66
f 4204//4401 4378//4401 4377//4401
f 4204//4401 4377//4401 4222//4401
f 4222//4402 4377//4402 4376//4402
f 4222//4402 4376//4402 4223//4402
f 4223//4403 4376//4403 4375//4403
f 4223//4403 4375//4403 4224//4403
f 4224//4404 4375//4404 4386//4404
f 4224//4404 4386//4404 4213//4404
f 4213//4405 4386//4405 4385//4405
f 4213//4405 4385//4405 4214//4405
f 4214//4406 4385//4406 4384//4406
f 4214//4406 4384//4406 4215//4406
f 4215//4407 4384//4407 4383//4407
f 4215//4407 4383//4407 4195//4407
f 4195//4408 4383//4408 4382//4408
f 4195//4408 4382//4408 4196//4408
f 4196//4409 4382//4409 4381//4409
f 4196//4409 4381//4409 4197//4409
f 4197//4410 4381//4410 4380//4410
f 4197//4410 4380//4410 4198//4410
f 4198//4411 4380//4411 4379//4411
f 4198//4411 4379//4411 4216//4411
f 4216//1750 4379//1750 4399//1750
f 4216//1750 4399//1750 4217//1750
f 4217//4412 4399//4412 4398//4412
f 4217//4412 4398//4412 4218//4412
f 4218//4413 4398//4413 4397//4413
f 4218//4413 4397//4413 4205//4413
f 4205//213 4397//213 4396//213
f 4205//213 4396//213 4206//213
f 4206//4414 4396//4414 4395//4414
f 4206//4414 4395//4414 4219//4414
f 4219//4415 4395//4415 4394//4415
f 4219//4415 4394//4415 4220//4415
f 4220//1760 4394//1760 4389//1760
f 4220//1760 4389//1760 4221//1760
f 4221//4416 4389//4416 4388//4416
f 4221//4416 4388//4416 4199//4416
f 4199//4417 4388//4417 4387//4417
f 4199//4417 4387//4417 4200//4417
f 4200//4418 4387//4418 4404//4418
f 4200//4418 4404//4418 4207//4418
f 4207//4419 4404//4419 4403//4419
f 4207//4419 4403//4419 4208//4419
f 4208//4394 4403//4394 4402//4394
f 3845//136 3844//136 3890//136
f 3890//136 3844//136 3891//136
f 3866//135 3869//135 3867//135
f 3867//135 3869//135 3868//135
f 4405//66 4406//66 4407//66
f 4408//66 4409//66 4407//66
f 4410//66 4411//66 4412//66
f 4413//66 4414//66 4415//66
f 4416//66 4417//66 4418//66
f 4418//66 4417//66 4419//66
f 4420//66 4421//66 4422//66
f 4420//66 4423//66 4421//66
f 4421//66 4423//66 4424//66
f 4421//66 4424//66 4425//66
f 4426//66 4427//66 4422//66
f 4422//66 4427//66 4428//66
f 4422//66 4428//66 4420//66
f 4416//66 4429//66 4430//66
f 4430//66 4429//66 4431//66
f 4432//66 4433//66 4434//66
f 4434//66 4433//66 4435//66
f 4436//66 4437//66 4438//66
f 4438//66 4437//66 4439//66
f 4439//66 4440//66 4441//66
f 4441//66 4440//66 4442//66
f 4443//66 4444//66 4445//66
f 4445//66 4444//66 4446//66
f 4445//66 4446//66 4447//66
f 4447//66 4446//66 4448//66
f 4447//66 4448//66 4449//66
f 4450//66 4451//66 4412//66
f 4451//66 4450//66 4452//66
f 4452//66 4450//66 4453//66
f 4452//66 4453//66 4454//66
f 4455//66 4456//66 4457//66
f 4457//66 4456//66 4458//66
f 4457//66 4458//66 4459//66
f 4459//66 4458//66 4460//66
f 4461//66 4462//66 4463//66
f 4463//66 4462//66 4464//66
f 4463//66 4464//66 4465//66
f 4465//66 4464//66 4466//66
f 4411//66 4410//66 4467//66
f 4468//66 4469//66 4470//66
f 4471//66 4472//66 4473//66
f 4473//66 4474//66 4471//66
f 4471//66 4474//66 4475//66
f 4471//66 4475//66 4476//66
f 4476//66 4477//66 4478//66
f 4479//66 4480//66 4481//66
f 4481//66 4480//66 4482//66
f 4481//66 4482//66 4483//66
f 4483//66 4482//66 4484//66
f 4483//66 4484//66 4472//66
f 4472//66 4484//66 4485//66
f 4472//66 4485//66 4473//66
f 4486//66 4487//66 4488//66
f 4488//66 4487//66 4489//66
f 4489//66 4487//66 4490//66
f 4489//66 4490//66 4491//66
f 4492//66 4493//66 4494//66
f 4494//66 4493//66 4495//66
f 4494//66 4495//66 4488//66
f 4488//66 4495//66 4496//66
f 4488//66 4496//66 4486//66
f 4426//66 4422//66 4497//66
f 4497//66 4422//66 4498//66
f 4497//66 4498//66 4431//66
f 4431//66 4498//66 4489//66
f 4431//66 4489//66 4430//66
f 4430//66 4489//66 4491//66
f 4430//66 4491//66 4499//66
f 4500//66 4501//66 4502//66
f 4502//66 4501//66 4503//66
f 4502//66 4503//66 4504//66
f 4504//66 4503//66 4492//66
f 4478//66 4445//66 4505//66
f 4505//66 4506//66 4478//66
f 4478//66 4506//66 4507//66
f 4478//66 4507//66 4508//66
f 4508//66 4507//66 4509//66
f 4508//66 4509//66 4510//66
f 4509//66 4511//66 4510//66
f 4510//66 4511//66 4512//66
f 4510//66 4512//66 4467//66
f 4467//66 4512//66 4513//66
f 4513//66 4514//66 4467//66
f 4467//66 4514//66 4515//66
f 4467//66 4515//66 4447//66
f 4515//66 4516//66 4447//66
f 4447//66 4516//66 4517//66
f 4447//66 4517//66 4445//66
f 4445//66 4517//66 4518//66
f 4445//66 4518//66 4505//66
f 4519//66 4520//66 4521//66
f 4521//66 4520//66 4456//66
f 4521//66 4456//66 4453//66
f 4453//66 4456//66 4455//66
f 4453//66 4455//66 4454//66
f 4454//66 4455//66 4457//66
f 4438//66 4522//66 4523//66
f 4434//66 4436//66 4432//66
f 4432//66 4436//66 4438//66
f 4432//66 4438//66 4524//66
f 4524//66 4438//66 4523//66
f 4524//66 4523//66 4525//66
f 4439//66 4441//66 4438//66
f 4438//66 4441//66 4526//66
f 4438//66 4526//66 4522//66
f 4407//66 4527//66 4528//66
f 4528//66 4529//66 4407//66
f 4407//66 4529//66 4530//66
f 4407//66 4530//66 4408//66
f 4469//66 4479//66 4470//66
f 4470//66 4479//66 4481//66
f 4470//66 4481//66 4441//66
f 4441//66 4481//66 4531//66
f 4441//66 4531//66 4526//66
f 4527//66 4407//66 4532//66
f 4532//66 4407//66 4406//66
f 4532//66 4406//66 4533//66
f 4533//66 4534//66 4532//66
f 4532//66 4534//66 4535//66
f 4532//66 4535//66 4488//66
f 4535//66 4536//66 4488//66
f 4488//66 4536//66 4537//66
f 4488//66 4537//66 4494//66
f 4494//66 4537//66 4538//66
f 4494//66 4538//66 4539//66
f 4539//66 4540//66 4494//66
f 4494//66 4540//66 4541//66
f 4494//66 4541//66 4407//66
f 4407//66 4541//66 4542//66
f 4407//66 4542//66 4405//66
f 4492//66 4494//66 4504//66
f 4504//66 4494//66 4407//66
f 4504//66 4407//66 4543//66
f 4543//66 4407//66 4409//66
f 4543//66 4409//66 4544//66
f 4442//66 4443//66 4441//66
f 4441//66 4443//66 4445//66
f 4441//66 4445//66 4470//66
f 4470//66 4445//66 4478//66
f 4470//66 4478//66 4468//66
f 4468//66 4478//66 4477//66
f 4545//66 4502//66 4546//66
f 4546//66 4502//66 4504//66
f 4546//66 4504//66 4471//66
f 4471//66 4504//66 4543//66
f 4471//66 4543//66 4472//66
f 4472//66 4543//66 4544//66
f 4472//66 4544//66 4483//66
f 4410//66 4547//66 4467//66
f 4467//66 4547//66 4461//66
f 4467//66 4461//66 4510//66
f 4510//66 4461//66 4463//66
f 4510//66 4463//66 4508//66
f 4508//66 4463//66 4548//66
f 4412//66 4411//66 4450//66
f 4450//66 4411//66 4467//66
f 4450//66 4467//66 4549//66
f 4549//66 4467//66 4447//66
f 4549//66 4447//66 4433//66
f 4433//66 4447//66 4449//66
f 4433//66 4449//66 4435//66
f 4415//66 4419//66 4413//66
f 4413//66 4419//66 4417//66
f 4413//66 4417//66 4550//66
f 4545//66 4551//66 4552//66
f 4499//66 4500//66 4430//66
f 4430//66 4500//66 4502//66
f 4430//66 4502//66 4553//66
f 4553//66 4502//66 4545//66
f 4553//66 4545//66 4554//66
f 4554//66 4545//66 4552//66
f 4554//66 4555//66 4553//66
f 4553//66 4555//66 4556//66
f 4553//66 4556//66 4557//66
f 4416//66 4430//66 4417//66
f 4417//66 4430//66 4553//66
f 4417//66 4553//66 4550//66
f 4550//66 4553//66 4557//66
f 4550//66 4557//66 4558//66
f 4559//66 4560//66 4545//66
f 4545//66 4560//66 4561//66
f 4545//66 4561//66 4551//66
f 4558//66 4562//66 4550//66
f 4550//66 4562//66 4563//66
f 4550//66 4563//66 4559//66
f 4559//66 4563//66 4564//66
f 4559//66 4564//66 4560//66
f 4476//66 4478//66 4471//66
f 4471//66 4478//66 4508//66
f 4471//66 4508//66 4546//66
f 4546//66 4508//66 4548//66
f 4546//66 4548//66 4545//66
f 4545//66 4548//66 4565//66
f 4545//66 4565//66 4559//66
f 4566//66 4567//66 4463//66
f 4463//66 4567//66 4568//66
f 4463//66 4568//66 4548//66
f 4568//66 4569//66 4548//66
f 4548//66 4569//66 4570//66
f 4548//66 4570//66 4565//66
f 4565//66 4570//66 4571//66
f 4565//66 4571//66 4572//66
f 4566//66 4463//66 4573//66
f 4573//66 4463//66 4465//66
f 4573//66 4465//66 4574//66
f 4572//66 4575//66 4565//66
f 4565//66 4575//66 4576//66
f 4565//66 4576//66 4465//66
f 4465//66 4576//66 4577//66
f 4465//66 4577//66 4574//66
f 4466//66 4459//66 4465//66
f 4465//66 4459//66 4460//66
f 4465//66 4460//66 4565//66
f 4565//66 4460//66 4578//66
f 4565//66 4578//66 4559//66
f 4559//66 4578//66 4579//66
f 4559//66 4579//66 4550//66
f 4550//66 4579//66 4580//66
f 4550//66 4580//66 4413//66
f 4413//66 4580//66 4581//66
f 4413//66 4581//66 4414//66
f 4414//66 4581//66 4420//66
f 4414//66 4420//66 4582//66
f 4582//66 4420//66 4428//66
f 4583//4420 4584//4420 4585//4420
f 4586//4421 4587//4421 4588//4421
f 4589//4422 4590//4422 4591//4422
f 4592//4423 4593//4423 4594//4423
f 4595//4424 4596//4424 4597//4424
f 4598//4425 4599//4425 4600//4425
f 4601//4426 4602//4426 4603//4426
f 4604//4427 4605//4427 4588//4427
f 4606//4428 4602//4428 4607//4428
f 4604//4429 4588//4429 4608//4429
f 4608//4430 4588//4430 4594//4430
f 4608//4431 4594//4431 4609//4431
f 4607//4432 4610//4432 4606//4432
f 4606//4433 4610//4433 4611//4433
f 4606//4434 4611//4434 4594//4434
f 4594//4435 4611//4435 4612//4435
f 4594//4423 4612//4423 4609//4423
f 4605//4436 4613//4436 4603//4436
f 4603//4437 4613//4437 4614//4437
f 4603//4438 4614//4438 4601//4438
f 4615//4439 4616//4439 4617//4439
f 4618//4440 4619//4440 4620//4440
f 4617//4441 4621//4441 4615//4441
f 4615//4442 4621//4442 4622//4442
f 4615//4443 4622//4443 4620//4443
f 4620//4444 4622//4444 4623//4444
f 4620//4445 4623//4445 4618//4445
f 4619//4446 4624//4446 4625//4446
f 4625//4447 4624//4447 4626//4447
f 4627//4448 4628//4448 4629//4448
f 4629//4449 4628//4449 4630//4449
f 4631//4450 4632//4450 4585//4450
f 4585//4451 4632//4451 4633//4451
f 4585//4452 4633//4452 4634//4452
f 4635//4453 4636//4453 4637//4453
f 4637//4454 4636//4454 4599//4454
f 4599//4434 4636//4434 4638//4434
f 4599//4455 4638//4455 4600//4455
f 4595//4424 4639//4424 4596//4424
f 4596//4456 4639//4456 4640//4456
f 4596//4457 4640//4457 4600//4457
f 4600//4458 4640//4458 4641//4458
f 4600//4459 4641//4459 4598//4459
f 4633//4460 4642//4460 4634//4460
f 4634//4461 4642//4461 4643//4461
f 4634//4462 4643//4462 4644//4462
f 4644//4463 4643//4463 4645//4463
f 4644//4464 4645//4464 4646//4464
f 4647//4465 4648//4465 4649//4465
f 4650//4466 4651//4466 4620//4466
f 4620//4467 4651//4467 4652//4467
f 4620//4468 4652//4468 4653//4468
f 4653//4469 4652//4469 4654//4469
f 4653//4470 4654//4470 4655//4470
f 4655//4471 4654//4471 4656//4471
f 4655//4472 4656//4472 4648//4472
f 4648//4473 4656//4473 4657//4473
f 4648//4474 4657//4474 4649//4474
f 4619//4475 4625//4475 4620//4475
f 4620//4476 4625//4476 4658//4476
f 4620//4477 4658//4477 4650//4477
f 4659//4478 4660//4478 4661//4478
f 4661//4479 4660//4479 4662//4479
f 4661//4480 4662//4480 4625//4480
f 4625//4481 4662//4481 4663//4481
f 4625//4482 4663//4482 4658//4482
f 4664//4483 4665//4483 4666//4483
f 4666//4484 4665//4484 4667//4484
f 4666//4485 4667//4485 4668//4485
f 4669//4486 4670//4486 4671//4486
f 4670//4487 4672//4487 4671//4487
f 4671//4424 4672//4424 4673//4424
f 4671//4423 4673//4423 4674//4423
f 4673//4488 4675//4488 4674//4488
f 4674//4489 4675//4489 4676//4489
f 4674//4490 4676//4490 4677//4490
f 4676//4491 4678//4491 4677//4491
f 4677//4492 4678//4492 4679//4492
f 4677//4493 4679//4493 4680//4493
f 4680//4494 4679//4494 4681//4494
f 4680//4495 4681//4495 4667//4495
f 4667//4496 4681//4496 4682//4496
f 4667//4488 4682//4488 4668//4488
f 4683//4497 4684//4497 4685//4497
f 4686//4498 4687//4498 4591//4498
f 4684//4499 4688//4499 4685//4499
f 4685//4500 4688//4500 4689//4500
f 4685//4457 4689//4457 4690//4457
f 4690//4501 4689//4501 4691//4501
f 4690//4502 4691//4502 4686//4502
f 4692//4503 4693//4503 4694//4503
f 4695//4504 4644//4504 4696//4504
f 4696//4505 4644//4505 4646//4505
f 4696//4434 4646//4434 4697//4434
f 4697//4506 4646//4506 4694//4506
f 4697//4497 4694//4497 4698//4497
f 4698//4434 4694//4434 4693//4434
f 4699//4507 4700//4507 4661//4507
f 4661//4508 4700//4508 4701//4508
f 4661//4509 4701//4509 4659//4509
f 4659//4484 4701//4484 4647//4484
f 4659//4510 4647//4510 4702//4510
f 4702//4511 4647//4511 4649//4511
f 4700//4512 4703//4512 4701//4512
f 4701//4513 4703//4513 4704//4513
f 4701//4435 4704//4435 4665//4435
f 4665//4514 4704//4514 4705//4514
f 4665//4515 4705//4515 4706//4515
f 4594//4434 4593//4434 4606//4434
f 4606//4516 4593//4516 4707//4516
f 4606//4517 4707//4517 4708//4517
f 4708//4434 4709//4434 4606//4434
f 4606//4518 4709//4518 4710//4518
f 4606//4519 4710//4519 4711//4519
f 4711//4520 4710//4520 4712//4520
f 4713//4521 4616//4521 4714//4521
f 4714//4522 4616//4522 4615//4522
f 4714//4523 4615//4523 4715//4523
f 4715//4524 4615//4524 4716//4524
f 4653//4525 4717//4525 4620//4525
f 4620//4526 4717//4526 4718//4526
f 4620//4527 4718//4527 4615//4527
f 4615//4528 4718//4528 4719//4528
f 4615//4529 4719//4529 4716//4529
f 4720//4530 4721//4530 4585//4530
f 4585//4531 4721//4531 4722//4531
f 4637//4532 4631//4532 4635//4532
f 4635//4533 4631//4533 4585//4533
f 4635//4533 4585//4533 4723//4533
f 4723//4534 4585//4534 4722//4534
f 4723//4535 4722//4535 4724//4535
f 4686//4536 4591//4536 4690//4536
f 4690//4457 4591//4457 4590//4457
f 4690//4537 4590//4537 4725//4537
f 4726//4538 4727//4538 4728//4538
f 4729//4539 4730//4539 4731//4539
f 4731//4540 4730//4540 4732//4540
f 4731//4451 4732//4451 4733//4451
f 4733//4541 4732//4541 4690//4541
f 4733//4542 4690//4542 4734//4542
f 4734//4543 4690//4543 4725//4543
f 4727//4544 4735//4544 4728//4544
f 4728//4545 4735//4545 4736//4545
f 4728//4429 4736//4429 4591//4429
f 4591//4546 4736//4546 4737//4546
f 4591//4547 4737//4547 4589//4547
f 4738//4548 4739//4548 4728//4548
f 4728//4549 4739//4549 4740//4549
f 4729//4550 4726//4550 4730//4550
f 4730//4551 4726//4551 4728//4551
f 4730//4552 4728//4552 4741//4552
f 4741//4553 4728//4553 4740//4553
f 4605//4554 4603//4554 4588//4554
f 4588//4553 4603//4553 4742//4553
f 4588//4555 4742//4555 4586//4555
f 4743//4556 4744//4556 4745//4556
f 4720//4484 4585//4484 4746//4484
f 4746//4557 4585//4557 4584//4557
f 4746//4558 4584//4558 4747//4558
f 4634//4559 4748//4559 4749//4559
f 4747//4560 4750//4560 4746//4560
f 4746//4561 4750//4561 4751//4561
f 4746//4562 4751//4562 4752//4562
f 4752//4563 4751//4563 4753//4563
f 4752//4564 4753//4564 4754//4564
f 4749//4565 4755//4565 4634//4565
f 4634//4566 4755//4566 4756//4566
f 4634//4567 4756//4567 4585//4567
f 4585//4568 4756//4568 4757//4568
f 4585//4497 4757//4497 4583//4497
f 4754//4569 4748//4569 4752//4569
f 4752//4570 4748//4570 4634//4570
f 4752//4531 4634//4531 4685//4531
f 4685//4531 4634//4531 4644//4531
f 4685//4571 4644//4571 4683//4571
f 4683//4572 4644//4572 4695//4572
f 4626//4573 4627//4573 4625//4573
f 4625//4574 4627//4574 4629//4574
f 4625//4575 4629//4575 4661//4575
f 4661//4576 4629//4576 4711//4576
f 4661//4577 4711//4577 4699//4577
f 4699//4578 4711//4578 4712//4578
f 4638//4579 4655//4579 4600//4579
f 4600//4579 4655//4579 4648//4579
f 4600//4580 4648//4580 4596//4580
f 4596//4581 4648//4581 4647//4581
f 4596//4576 4647//4576 4597//4576
f 4597//4582 4647//4582 4701//4582
f 4597//4435 4701//4435 4671//4435
f 4671//4435 4701//4435 4665//4435
f 4671//4435 4665//4435 4669//4435
f 4669//4583 4665//4583 4664//4583
f 4630//4549 4616//4549 4629//4549
f 4629//4584 4616//4584 4713//4584
f 4629//4585 4713//4585 4711//4585
f 4711//4585 4713//4585 4758//4585
f 4711//4586 4758//4586 4606//4586
f 4606//4587 4758//4587 4759//4587
f 4606//4588 4759//4588 4602//4588
f 4602//4431 4759//4431 4743//4431
f 4602//4589 4743//4589 4603//4589
f 4603//4590 4743//4590 4745//4590
f 4603//4591 4745//4591 4742//4591
f 4687//4423 4692//4423 4591//4423
f 4591//4592 4692//4592 4694//4592
f 4591//4592 4694//4592 4728//4592
f 4728//4593 4694//4593 4760//4593
f 4728//4594 4760//4594 4738//4594
f 4738//4594 4760//4594 4761//4594
f 4645//4595 4595//4595 4646//4595
f 4646//4582 4595//4582 4597//4582
f 4646//4435 4597//4435 4694//4435
f 4694//4434 4597//4434 4671//4434
f 4694//4596 4671//4596 4760//4596
f 4760//4597 4671//4597 4674//4597
f 4760//4598 4674//4598 4761//4598
f 4761//4488 4674//4488 4677//4488
f 4706//4599 4592//4599 4665//4599
f 4665//4435 4592//4435 4594//4435
f 4665//4582 4594//4582 4667//4582
f 4667//4582 4594//4582 4588//4582
f 4667//4600 4588//4600 4680//4600
f 4680//4421 4588//4421 4587//4421
f 4762//135 4763//135 4764//135
f 4764//135 4763//135 4765//135
f 4766//521 4767//521 4768//521
f 4768//521 4767//521 4769//521
f 4770//136 4771//136 4772//136
f 4772//136 4771//136 4773//136
f 4774//552 4775//552 4776//552
f 4776//552 4775//552 4777//552
f 4464//4601 4778//4601 4466//4601
f 4466//4601 4778//4601 4779//4601
f 4466//336 4779//336 4459//336
f 4459//336 4779//336 4780//336
f 4459//4602 4780//4602 4457//4602
f 4457//4602 4780//4602 4781//4602
f 4457//4603 4781//4603 4454//4603
f 4454//4603 4781//4603 4782//4603
f 4454//309 4782//309 4452//309
f 4452//309 4782//309 4783//309
f 4452//4604 4783//4604 4451//4604
f 4451//4604 4783//4604 4784//4604
f 4451//4605 4784//4605 4412//4605
f 4412//4605 4784//4605 4785//4605
f 4412//306 4785//306 4410//306
f 4410//306 4785//306 4786//306
f 4410//4606 4786//4606 4547//4606
f 4547//4606 4786//4606 4787//4606
f 4547//4607 4787//4607 4461//4607
f 4461//4607 4787//4607 4788//4607
f 4461//337 4788//337 4462//337
f 4462//337 4788//337 4789//337
f 4462//4608 4789//4608 4464//4608
f 4464//4608 4789//4608 4778//4608
f 4443//4609 4790//4609 4444//4609
f 4444//4609 4790//4609 4791//4609
f 4444//3962 4791//3962 4446//3962
f 4446//3962 4791//3962 4792//3962
f 4446//4610 4792//4610 4448//4610
f 4448//4610 4792//4610 4793//4610
f 4448//4611 4793//4611 4449//4611
f 4449//4611 4793//4611 4794//4611
f 4449//3963 4794//3963 4435//3963
f 4435//3963 4794//3963 4795//3963
f 4435//4612 4795//4612 4434//4612
f 4434//4612 4795//4612 4796//4612
f 4434//4613 4796//4613 4436//4613
f 4436//4613 4796//4613 4797//4613
f 4436//306 4797//306 4437//306
f 4437//306 4797//306 4798//306
f 4437//4606 4798//4606 4439//4606
f 4439//4606 4798//4606 4799//4606
f 4439//4607 4799//4607 4440//4607
f 4440//4607 4799//4607 4800//4607
f 4440//337 4800//337 4442//337
f 4442//337 4800//337 4801//337
f 4442//4614 4801//4614 4443//4614
f 4443//4614 4801//4614 4790//4614
f 4535//4609 4802//4609 4536//4609
f 4536//4609 4802//4609 4803//4609
f 4536//4615 4803//4615 4537//4615
f 4537//4615 4803//4615 4804//4615
f 4537//4616 4804//4616 4538//4616
f 4538//4616 4804//4616 4805//4616
f 4538//4617 4805//4617 4539//4617
f 4539//4617 4805//4617 4806//4617
f 4539//4618 4806//4618 4540//4618
f 4540//4618 4806//4618 4807//4618
f 4540//4612 4807//4612 4541//4612
f 4541//4612 4807//4612 4808//4612
f 4541//4613 4808//4613 4542//4613
f 4542//4613 4808//4613 4809//4613
f 4542//306 4809//306 4405//306
f 4405//306 4809//306 4810//306
f 4405//4606 4810//4606 4406//4606
f 4406//4606 4810//4606 4811//4606
f 4406//4607 4811//4607 4533//4607
f 4533//4607 4811//4607 4812//4607
f 4533//337 4812//337 4534//337
f 4534//337 4812//337 4813//337
f 4534//4614 4813//4614 4535//4614
f 4535//4614 4813//4614 4802//4614
f 4426//4601 4814//4601 4427//4601
f 4427//4601 4814//4601 4815//4601
f 4427//336 4815//336 4428//336
f 4428//336 4815//336 4816//336
f 4428//4602 4816//4602 4582//4602
f 4582//4602 4816//4602 4817//4602
f 4582//4603 4817//4603 4414//4603
f 4414//4603 4817//4603 4818//4603
f 4414//309 4818//309 4415//309
f 4415//309 4818//309 4819//309
f 4415//4604 4819//4604 4419//4604
f 4419//4604 4819//4604 4820//4604
f 4419//4605 4820//4605 4418//4605
f 4418//4605 4820//4605 4821//4605
f 4418//306 4821//306 4416//306
f 4416//306 4821//306 4822//306
f 4416//4606 4822//4606 4429//4606
f 4429//4606 4822//4606 4823//4606
f 4429//4607 4823//4607 4431//4607
f 4431//4607 4823//4607 4824//4607
f 4431//337 4824//337 4497//337
f 4497//337 4824//337 4825//337
f 4497//4608 4825//4608 4426//4608
f 4426//4608 4825//4608 4814//4608
f 4775//4619 4774//4619 4826//4619
f 4775//4619 4826//4619 4827//4619
f 4827//4620 4826//4620 4828//4620
f 4827//4620 4828//4620 4829//4620
f 4829//4621 4828//4621 4830//4621
f 4829//4621 4830//4621 4831//4621
f 4831//4622 4830//4622 4764//4622
f 4831//4622 4764//4622 4765//4622
f 4767//4623 4766//4623 4832//4623
f 4767//4623 4832//4623 4833//4623
f 4833//4624 4832//4624 4834//4624
f 4833//4624 4834//4624 4835//4624
f 4835//4625 4834//4625 4836//4625
f 4835//4625 4836//4625 4837//4625
f 4837//4626 4836//4626 4772//4626
f 4837//4626 4772//4626 4773//4626
f 4763//4627 4762//4627 4838//4627
f 4763//4627 4838//4627 4839//4627
f 4839//4628 4838//4628 4840//4628
f 4839//4628 4840//4628 4841//4628
f 4841//4629 4840//4629 4842//4629
f 4841//4629 4842//4629 4843//4629
f 4843//4630 4842//4630 4768//4630
f 4843//4630 4768//4630 4769//4630
f 4771//4631 4770//4631 4844//4631
f 4771//4631 4844//4631 4845//4631
f 4845//4632 4844//4632 4846//4632
f 4845//4632 4846//4632 4847//4632
f 4847//4633 4846//4633 4848//4633
f 4847//4633 4848//4633 4849//4633
f 4849//4634 4848//4634 4776//4634
f 4849//4634 4776//4634 4777//4634
f 4850//4635 4558//4635 4557//4635
f 4850//4636 4851//4636 4558//4636
f 4558//4637 4851//4637 4852//4637
f 4558//4638 4852//4638 4562//4638
f 4852//4639 4853//4639 4562//4639
f 4562//4640 4853//4640 4854//4640
f 4562//4641 4854//4641 4563//4641
f 4854//4642 4855//4642 4563//4642
f 4563//4643 4855//4643 4856//4643
f 4563//4644 4856//4644 4564//4644
f 4856//4645 4857//4645 4564//4645
f 4564//4646 4857//4646 4858//4646
f 4564//4647 4858//4647 4560//4647
f 4858//4648 4859//4648 4560//4648
f 4560//4649 4859//4649 4860//4649
f 4560//4650 4860//4650 4561//4650
f 4860//4651 4861//4651 4561//4651
f 4561//4652 4861//4652 4862//4652
f 4561//4653 4862//4653 4551//4653
f 4862//4654 4863//4654 4551//4654
f 4551//4655 4863//4655 4864//4655
f 4551//4656 4864//4656 4552//4656
f 4864//4657 4865//4657 4552//4657
f 4552//4658 4865//4658 4866//4658
f 4552//4659 4866//4659 4554//4659
f 4866//4660 4867//4660 4554//4660
f 4554//4661 4867//4661 4868//4661
f 4554//4662 4868//4662 4555//4662
f 4868//4663 4869//4663 4555//4663
f 4555//4664 4869//4664 4870//4664
f 4555//4665 4870//4665 4556//4665
f 4870//4666 4871//4666 4556//4666
f 4556//4667 4871//4667 4872//4667
f 4556//4668 4872//4668 4557//4668
f 4557//4669 4872//4669 4873//4669
f 4557//4670 4873//4670 4850//4670
f 4874//4671 4875//4671 4871//4671
f 4871//4672 4870//4672 4874//4672
f 4874//4673 4870//4673 4869//4673
f 4874//4674 4869//4674 4876//4674
f 4869//4675 4868//4675 4876//4675
f 4876//4676 4868//4676 4867//4676
f 4876//4677 4867//4677 4877//4677
f 4867//4678 4866//4678 4877//4678
f 4877//4679 4866//4679 4865//4679
f 4877//4680 4865//4680 4878//4680
f 4865//4681 4864//4681 4878//4681
f 4878//4682 4864//4682 4863//4682
f 4878//4683 4863//4683 4879//4683
f 4863//4684 4862//4684 4879//4684
f 4879//4685 4862//4685 4861//4685
f 4879//4686 4861//4686 4880//4686
f 4880//4687 4861//4687 4860//4687
f 4880//4688 4860//4688 4881//4688
f 4860//4689 4859//4689 4881//4689
f 4881//4690 4859//4690 4858//4690
f 4881//4691 4858//4691 4882//4691
f 4858//4692 4857//4692 4882//4692
f 4882//4693 4857//4693 4856//4693
f 4882//4694 4856//4694 4883//4694
f 4856//4695 4855//4695 4883//4695
f 4883//4696 4855//4696 4854//4696
f 4883//4697 4854//4697 4884//4697
f 4854//4698 4853//4698 4884//4698
f 4884//4699 4853//4699 4852//4699
f 4884//4700 4852//4700 4885//4700
f 4852//4701 4851//4701 4885//4701
f 4885//4702 4851//4702 4850//4702
f 4885//4703 4850//4703 4886//4703
f 4886//4704 4850//4704 4873//4704
f 4886//4705 4873//4705 4875//4705
f 4875//4706 4873//4706 4872//4706
f 4875//4707 4872//4707 4871//4707
f 4887//4708 4572//4708 4571//4708
f 4887//4709 4888//4709 4572//4709
f 4572//4710 4888//4710 4889//4710
f 4572//4711 4889//4711 4575//4711
f 4889//4639 4890//4639 4575//4639
f 4575//4712 4890//4712 4891//4712
f 4575//4713 4891//4713 4576//4713
f 4891//4714 4892//4714 4576//4714
f 4576//4715 4892//4715 4893//4715
f 4576//4716 4893//4716 4577//4716
f 4893//4717 4894//4717 4577//4717
f 4577//4646 4894//4646 4895//4646
f 4577//4718 4895//4718 4574//4718
f 4895//4719 4896//4719 4574//4719
f 4574//4649 4896//4649 4897//4649
f 4574//4650 4897//4650 4573//4650
f 4897//4651 4898//4651 4573//4651
f 4573//4652 4898//4652 4899//4652
f 4573//4653 4899//4653 4566//4653
f 4899//4654 4900//4654 4566//4654
f 4566//4720 4900//4720 4901//4720
f 4566//4721 4901//4721 4567//4721
f 4901//4657 4902//4657 4567//4657
f 4567//4722 4902//4722 4903//4722
f 4567//4723 4903//4723 4568//4723
f 4903//4724 4904//4724 4568//4724
f 4568//4725 4904//4725 4905//4725
f 4568//4726 4905//4726 4569//4726
f 4905//4727 4906//4727 4569//4727
f 4569//4664 4906//4664 4907//4664
f 4569//4728 4907//4728 4570//4728
f 4907//4729 4908//4729 4570//4729
f 4570//4730 4908//4730 4909//4730
f 4570//4731 4909//4731 4571//4731
f 4571//4732 4909//4732 4910//4732
f 4571//4733 4910//4733 4887//4733
f 4911//4734 4912//4734 4908//4734
f 4908//4735 4907//4735 4911//4735
f 4911//4673 4907//4673 4906//4673
f 4911//4736 4906//4736 4913//4736
f 4906//4737 4905//4737 4913//4737
f 4913//4738 4905//4738 4904//4738
f 4913//4739 4904//4739 4914//4739
f 4904//4740 4903//4740 4914//4740
f 4914//4741 4903//4741 4902//4741
f 4914//4742 4902//4742 4915//4742
f 4902//4743 4901//4743 4915//4743
f 4915//4744 4901//4744 4900//4744
f 4915//4683 4900//4683 4916//4683
f 4900//4684 4899//4684 4916//4684
f 4916//4685 4899//4685 4898//4685
f 4916//4745 4898//4745 4917//4745
f 4917//4687 4898//4687 4897//4687
f 4917//4688 4897//4688 4918//4688
f 4897//4689 4896//4689 4918//4689
f 4918//4746 4896//4746 4895//4746
f 4918//4747 4895//4747 4919//4747
f 4895//4692 4894//4692 4919//4692
f 4919//4748 4894//4748 4893//4748
f 4919//4749 4893//4749 4920//4749
f 4893//4750 4892//4750 4920//4750
f 4920//4751 4892//4751 4891//4751
f 4920//4752 4891//4752 4921//4752
f 4891//4753 4890//4753 4921//4753
f 4921//4699 4890//4699 4889//4699
f 4921//4754 4889//4754 4922//4754
f 4889//4755 4888//4755 4922//4755
f 4922//4756 4888//4756 4887//4756
f 4922//4757 4887//4757 4923//4757
f 4923//4758 4887//4758 4910//4758
f 4923//4759 4910//4759 4912//4759
f 4912//4760 4910//4760 4909//4760
f 4912//4761 4909//4761 4908//4761
f 4924//4762 4474//4762 4473//4762
f 4924//4763 4925//4763 4474//4763
f 4474//4764 4925//4764 4926//4764
f 4474//4765 4926//4765 4475//4765
f 4926//4766 4927//4766 4475//4766
f 4475//4767 4927//4767 4928//4767
f 4475//4768 4928//4768 4476//4768
f 4928//4769 4929//4769 4476//4769
f 4476//4770 4929//4770 4930//4770
f 4476//4771 4930//4771 4477//4771
f 4930//4772 4931//4772 4477//4772
f 4477//4773 4931//4773 4932//4773
f 4477//4774 4932//4774 4468//4774
f 4932//4719 4933//4719 4468//4719
f 4468//4775 4933//4775 4934//4775
f 4468//4776 4934//4776 4469//4776
f 4934//4651 4935//4651 4469//4651
f 4469//4652 4935//4652 4936//4652
f 4469//4777 4936//4777 4479//4777
f 4936//4778 4937//4778 4479//4778
f 4479//4779 4937//4779 4938//4779
f 4479//4780 4938//4780 4480//4780
f 4938//4781 4939//4781 4480//4781
f 4480//4782 4939//4782 4940//4782
f 4480//4783 4940//4783 4482//4783
f 4940//4784 4941//4784 4482//4784
f 4482//4785 4941//4785 4942//4785
f 4482//4786 4942//4786 4484//4786
f 4942//4787 4943//4787 4484//4787
f 4484//4788 4943//4788 4944//4788
f 4484//4789 4944//4789 4485//4789
f 4944//4790 4945//4790 4485//4790
f 4485//4791 4945//4791 4946//4791
f 4485//4792 4946//4792 4473//4792
f 4473//4793 4946//4793 4947//4793
f 4473//4794 4947//4794 4924//4794
f 4948//4795 4949//4795 4945//4795
f 4945//4796 4944//4796 4948//4796
f 4948//4797 4944//4797 4943//4797
f 4948//4798 4943//4798 4950//4798
f 4943//4799 4942//4799 4950//4799
f 4950//4800 4942//4800 4941//4800
f 4950//4801 4941//4801 4951//4801
f 4941//4802 4940//4802 4951//4802
f 4951//4803 4940//4803 4939//4803
f 4951//4804 4939//4804 4952//4804
f 4939//4805 4938//4805 4952//4805
f 4952//4806 4938//4806 4937//4806
f 4952//4807 4937//4807 4953//4807
f 4937//4808 4936//4808 4953//4808
f 4953//4685 4936//4685 4935//4685
f 4953//4809 4935//4809 4954//4809
f 4954//4687 4935//4687 4934//4687
f 4954//4810 4934//4810 4955//4810
f 4934//4811 4933//4811 4955//4811
f 4955//4812 4933//4812 4932//4812
f 4955//4813 4932//4813 4956//4813
f 4932//4814 4931//4814 4956//4814
f 4956//4815 4931//4815 4930//4815
f 4956//4816 4930//4816 4957//4816
f 4930//4817 4929//4817 4957//4817
f 4957//4818 4929//4818 4928//4818
f 4957//4819 4928//4819 4958//4819
f 4928//4820 4927//4820 4958//4820
f 4958//4821 4927//4821 4926//4821
f 4958//4822 4926//4822 4959//4822
f 4926//4823 4925//4823 4959//4823
f 4959//4824 4925//4824 4924//4824
f 4959//4825 4924//4825 4960//4825
f 4960//4826 4924//4826 4947//4826
f 4960//4827 4947//4827 4949//4827
f 4949//4828 4947//4828 4946//4828
f 4949//4829 4946//4829 4945//4829
f 4961//4830 4490//4830 4487//4830
f 4961//4831 4962//4831 4490//4831
f 4490//4832 4962//4832 4963//4832
f 4490//4833 4963//4833 4491//4833
f 4963//4834 4964//4834 4491//4834
f 4491//4835 4964//4835 4965//4835
f 4491//4836 4965//4836 4499//4836
f 4965//4837 4966//4837 4499//4837
f 4499//4838 4966//4838 4967//4838
f 4499//4839 4967//4839 4500//4839
f 4967//4840 4968//4840 4500//4840
f 4500//4841 4968//4841 4969//4841
f 4500//4842 4969//4842 4501//4842
f 4969//4843 4970//4843 4501//4843
f 4501//4844 4970//4844 4971//4844
f 4501//4845 4971//4845 4503//4845
f 4971//4846 4972//4846 4503//4846
f 4503//4847 4972//4847 4973//4847
f 4503//4848 4973//4848 4492//4848
f 4973//4849 4974//4849 4492//4849
f 4492//4850 4974//4850 4975//4850
f 4492//4851 4975//4851 4493//4851
f 4975//4852 4976//4852 4493//4852
f 4493//4853 4976//4853 4977//4853
f 4493//4854 4977//4854 4495//4854
f 4977//4855 4978//4855 4495//4855
f 4495//4856 4978//4856 4979//4856
f 4495//4857 4979//4857 4496//4857
f 4979//4858 4980//4858 4496//4858
f 4496//4859 4980//4859 4981//4859
f 4496//4860 4981//4860 4486//4860
f 4981//4861 4982//4861 4486//4861
f 4486//4862 4982//4862 4983//4862
f 4486//4863 4983//4863 4487//4863
f 4487//4864 4983//4864 4984//4864
f 4487//4865 4984//4865 4961//4865
f 4985//4866 4986//4866 4982//4866
f 4982//4867 4981//4867 4985//4867
f 4985//4868 4981//4868 4980//4868
f 4985//4869 4980//4869 4987//4869
f 4980//4870 4979//4870 4987//4870
f 4987//4871 4979//4871 4978//4871
f 4987//4872 4978//4872 4988//4872
f 4978//4873 4977//4873 4988//4873
f 4988//4874 4977//4874 4976//4874
f 4988//4875 4976//4875 4989//4875
f 4976//4876 4975//4876 4989//4876
f 4989//4877 4975//4877 4974//4877
f 4989//4878 4974//4878 4990//4878
f 4974//4879 4973//4879 4990//4879
f 4990//4880 4973//4880 4972//4880
f 4990//4881 4972//4881 4991//4881
f 4991//4882 4972//4882 4971//4882
f 4991//4883 4971//4883 4992//4883
f 4971//4884 4970//4884 4992//4884
f 4992//4885 4970//4885 4969//4885
f 4992//4886 4969//4886 4993//4886
f 4969//4887 4968//4887 4993//4887
f 4993//4888 4968//4888 4967//4888
f 4993//4889 4967//4889 4994//4889
f 4967//4890 4966//4890 4994//4890
f 4994//4891 4966//4891 4965//4891
f 4994//4892 4965//4892 4995//4892
f 4965//4893 4964//4893 4995//4893
f 4995//4894 4964//4894 4963//4894
f 4995//4895 4963//4895 4996//4895
f 4963//4896 4962//4896 4996//4896
f 4996//4897 4962//4897 4961//4897
f 4996//4898 4961//4898 4997//4898
f 4997//4899 4961//4899 4998//4899
f 4997//4900 4998//4900 4986//4900
f 4986//4901 4998//4901 4983//4901
f 4986//4902 4983//4902 4982//4902
f 4999//4903 4509//4903 4507//4903
f 4999//4904 5000//4904 4509//4904
f 4509//4832 5000//4832 5001//4832
f 4509//4833 5001//4833 4511//4833
f 5001//4834 5002//4834 4511//4834
f 4511//4835 5002//4835 5003//4835
f 4511//4836 5003//4836 4512//4836
f 5003//4837 5004//4837 4512//4837
f 4512//4838 5004//4838 5005//4838
f 4512//4839 5005//4839 4513//4839
f 5005//4840 5006//4840 4513//4840
f 4513//4841 5006//4841 5007//4841
f 4513//4842 5007//4842 4514//4842
f 5007//4843 5008//4843 4514//4843
f 4514//4844 5008//4844 5009//4844
f 4514//4905 5009//4905 4515//4905
f 5009//4906 5010//4906 4515//4906
f 4515//4907 5010//4907 5011//4907
f 4515//4908 5011//4908 4516//4908
f 5011//4849 5012//4849 4516//4849
f 4516//4850 5012//4850 5013//4850
f 4516//4851 5013//4851 4517//4851
f 5013//4852 5014//4852 4517//4852
f 4517//4853 5014//4853 5015//4853
f 4517//4854 5015//4854 4518//4854
f 5015//4855 5016//4855 4518//4855
f 4518//4856 5016//4856 5017//4856
f 4518//4857 5017//4857 4505//4857
f 5017//4858 5018//4858 4505//4858
f 4505//4859 5018//4859 5019//4859
f 4505//4860 5019//4860 4506//4860
f 5019//4861 5020//4861 4506//4861
f 4506//4909 5020//4909 5021//4909
f 4506//4910 5021//4910 4507//4910
f 4507//4911 5021//4911 5022//4911
f 4507//4912 5022//4912 4999//4912
f 4592//4913 4706//4913 5020//4913
f 5020//4914 5019//4914 4592//4914
f 4592//4915 5019//4915 5018//4915
f 4592//4916 5018//4916 4593//4916
f 5018//4870 5017//4870 4593//4870
f 4593//4871 5017//4871 5016//4871
f 4593//4872 5016//4872 4707//4872
f 5016//4873 5015//4873 4707//4873
f 4707//4874 5015//4874 5014//4874
f 4707//4875 5014//4875 4708//4875
f 5014//4876 5013//4876 4708//4876
f 4708//4877 5013//4877 5012//4877
f 4708//4917 5012//4917 4709//4917
f 4709//4918 5012//4918 5011//4918
f 4709//4919 5011//4919 4710//4919
f 5011//4920 5010//4920 4710//4920
f 4710//4921 5010//4921 5009//4921
f 4710//4922 5009//4922 4712//4922
f 5009//4884 5008//4884 4712//4884
f 4712//4885 5008//4885 5007//4885
f 4712//4886 5007//4886 4699//4886
f 5007//4887 5006//4887 4699//4887
f 4699//4888 5006//4888 5005//4888
f 4699//4889 5005//4889 4700//4889
f 5005//4890 5004//4890 4700//4890
f 4700//4891 5004//4891 5003//4891
f 4700//4923 5003//4923 4703//4923
f 5003//4924 5002//4924 4703//4924
f 4703//4925 5002//4925 5001//4925
f 4703//4926 5001//4926 4704//4926
f 5001//4927 5000//4927 4704//4927
f 4704//4928 5000//4928 4999//4928
f 4704//4929 4999//4929 4705//4929
f 4705//4930 4999//4930 5023//4930
f 4705//4931 5023//4931 4706//4931
f 4706//4932 5023//4932 5021//4932
f 4706//4933 5021//4933 5020//4933
f 5024//4934 4766//4934 5025//4934
f 5025//4935 4766//4935 4768//4935
f 5025//4936 4768//4936 5026//4936
f 5026//4937 4768//4937 5027//4937
f 5024//4938 5028//4938 4766//4938
f 4766//4939 5028//4939 5029//4939
f 4766//4940 5029//4940 5030//4940
f 5031//4941 4772//4941 4836//4941
f 5031//4942 4836//4942 5032//4942
f 5032//4943 4836//4943 4834//4943
f 5032//4944 4834//4944 5033//4944
f 5033//4945 4834//4945 4832//4945
f 5033//4946 4832//4946 5034//4946
f 5034//4947 4832//4947 4766//4947
f 5034//4948 4766//4948 5035//4948
f 5036//4949 4768//4949 4842//4949
f 5036//4950 4842//4950 5037//4950
f 5037//4951 4842//4951 4840//4951
f 5037//4952 4840//4952 5038//4952
f 5038//4953 4840//4953 4838//4953
f 5038//4954 4838//4954 5039//4954
f 5039//4955 4838//4955 4762//4955
f 5039//4956 4762//4956 5040//4956
f 4772//4957 5041//4957 5042//4957
f 5042//4958 5043//4958 4772//4958
f 4772//4959 5043//4959 5044//4959
f 4772//4960 5044//4960 4770//4960
f 4770//4961 5044//4961 5045//4961
f 4770//4962 5045//4962 5046//4962
f 5047//4963 5048//4963 4762//4963
f 5049//4964 5050//4964 4764//4964
f 4764//4963 5050//4963 5051//4963
f 4764//4963 5051//4963 4762//4963
f 4762//4965 5051//4965 5052//4965
f 4762//4966 5052//4966 5047//4966
f 5053//4967 4776//4967 4848//4967
f 5053//4968 4848//4968 5054//4968
f 5054//4969 4848//4969 4846//4969
f 5054//4970 4846//4970 5055//4970
f 5055//4971 4846//4971 4844//4971
f 5055//4972 4844//4972 5056//4972
f 5056//4973 4844//4973 4770//4973
f 5056//4974 4770//4974 5057//4974
f 5058//4975 4764//4975 4830//4975
f 5058//4976 4830//4976 5059//4976
f 5059//4977 4830//4977 4828//4977
f 5059//4978 4828//4978 5060//4978
f 5060//4979 4828//4979 4826//4979
f 5060//4980 4826//4980 5061//4980
f 5061//4981 4826//4981 4774//4981
f 5061//4982 4774//4982 5062//4982
f 5063//4983 5064//4983 4774//4983
f 4776//4984 5065//4984 5066//4984
f 5066//4985 5067//4985 4776//4985
f 4776//4986 5067//4986 5068//4986
f 4776//4986 5068//4986 4774//4986
f 4774//4987 5068//4987 5069//4987
f 4774//4988 5069//4988 5063//4988
f 4460//4989 4458//4989 4769//4989
f 4767//4989 4420//4989 4581//4989
f 4581//4989 4580//4989 4767//4989
f 4767//4989 4580//4989 4579//4989
f 4767//4989 4579//4989 4769//4989
f 4769//4989 4579//4989 4578//4989
f 4769//4989 4578//4989 4460//4989
f 4420//4990 4767//4990 4833//4990
f 4420//4991 4833//4991 4423//4991
f 4423//4992 4833//4992 4835//4992
f 4423//4993 4835//4993 4424//4993
f 4424//4994 4835//4994 4837//4994
f 4424//4995 4837//4995 4425//4995
f 4425//4996 4837//4996 4773//4996
f 4425//4997 4773//4997 4421//4997
f 4521//4998 4763//4998 4839//4998
f 4521//4999 4839//4999 4519//4999
f 4519//5000 4839//5000 4841//5000
f 4519//5001 4841//5001 4520//5001
f 4520//5002 4841//5002 4843//5002
f 4520//5003 4843//5003 4456//5003
f 4456//5004 4843//5004 4769//5004
f 4456//5005 4769//5005 4458//5005
f 4422//5006 4421//5006 4773//5006
f 4771//5006 4527//5006 4532//5006
f 4532//5006 4488//5006 4771//5006
f 4771//5006 4488//5006 4489//5006
f 4771//5006 4489//5006 4773//5006
f 4773//5006 4489//5006 4498//5006
f 4773//5006 4498//5006 4422//5006
f 4432//5007 4524//5007 4765//5007
f 4763//5007 4521//5007 4453//5007
f 4453//5007 4450//5007 4763//5007
f 4763//5007 4450//5007 4549//5007
f 4763//5007 4549//5007 4765//5007
f 4765//5007 4549//5007 4433//5007
f 4765//5007 4433//5007 4432//5007
f 4527//5008 4771//5008 4845//5008
f 4527//5009 4845//5009 4528//5009
f 4528//5010 4845//5010 4847//5010
f 4528//5011 4847//5011 4529//5011
f 4529//5012 4847//5012 4849//5012
f 4529//5013 4849//5013 4530//5013
f 4530//5014 4849//5014 4777//5014
f 4530//5015 4777//5015 4408//5015
f 4526//5016 4775//5016 4827//5016
f 4526//5017 4827//5017 4522//5017
f 4522//5018 4827//5018 4829//5018
f 4522//5019 4829//5019 4523//5019
f 4523//5020 4829//5020 4831//5020
f 4523//5021 4831//5021 4525//5021
f 4525//5022 4831//5022 4765//5022
f 4525//5023 4765//5023 4524//5023
f 4483//5024 4777//5024 4481//5024
f 4481//5024 4777//5024 4775//5024
f 4481//5024 4775//5024 4531//5024
f 4531//5024 4775//5024 4526//5024
f 4483//5024 4544//5024 4777//5024
f 4777//5024 4544//5024 4409//5024
f 4777//5024 4409//5024 4408//5024
f 5070//5025 5071//5025 5072//5025
f 5072//5025 5071//5025 5073//5025
f 5072//5026 5073//5026 5074//5026
f 5074//5026 5073//5026 5075//5026
f 5074//5027 5075//5027 5076//5027
f 5076//5027 5075//5027 5077//5027
f 5076//5028 5077//5028 5078//5028
f 5078//5028 5077//5028 5079//5028
f 5078//5029 5079//5029 5080//5029
f 5080//5029 5079//5029 5081//5029
f 5080//5030 5081//5030 5082//5030
f 5082//5030 5081//5030 5083//5030
f 5082//5031 5083//5031 5084//5031
f 5084//5031 5083//5031 5085//5031
f 5084//5032 5085//5032 5086//5032
f 5086//5032 5085//5032 5087//5032
f 5086//5033 5087//5033 5088//5033
f 5088//5033 5087//5033 5089//5033
f 5088//5034 5089//5034 5090//5034
f 5090//5034 5089//5034 5091//5034
f 5090//5035 5091//5035 5092//5035
f 5092//5035 5091//5035 5093//5035
f 5092//5036 5093//5036 5094//5036
f 5094//5036 5093//5036 5095//5036
f 5094//5037 5095//5037 5096//5037
f 5096//5037 5095//5037 5097//5037
f 5096//5038 5097//5038 5098//5038
f 5098//5038 5097//5038 5099//5038
f 5098//5039 5099//5039 5100//5039
f 5100//5039 5099//5039 5101//5039
f 5100//5040 5101//5040 5102//5040
f 5102//5040 5101//5040 5103//5040
f 5102//5041 5103//5041 5104//5041
f 5104//5041 5103//5041 5105//5041
f 5104//5042 5105//5042 5106//5042
f 5106//5042 5105//5042 5107//5042
f 5106//5043 5107//5043 5108//5043
f 5108//5043 5107//5043 5109//5043
f 5108//5044 5109//5044 5110//5044
f 5110//5044 5109//5044 5111//5044
f 5110//5045 5111//5045 5112//5045
f 5112//5045 5111//5045 5113//5045
f 5112//5046 5113//5046 5114//5046
f 5114//5046 5113//5046 5115//5046
f 5114//5047 5115//5047 5116//5047
f 5116//5047 5115//5047 5117//5047
f 5116//5048 5117//5048 5118//5048
f 5118//5048 5117//5048 5119//5048
f 5118//5049 5119//5049 5120//5049
f 5120//5049 5119//5049 5121//5049
f 5120//5050 5121//5050 5122//5050
f 5122//5050 5121//5050 5123//5050
f 5122//5051 5123//5051 5124//5051
f 5124//5051 5123//5051 5125//5051
f 5124//5052 5125//5052 5126//5052
f 5126//5052 5125//5052 5127//5052
f 5126//5053 5127//5053 5128//5053
f 5128//5053 5127//5053 5129//5053
f 5128//5054 5129//5054 5130//5054
f 5130//5054 5129//5054 5131//5054
f 5130//5055 5131//5055 5132//5055
f 5132//5055 5131//5055 5133//5055
f 5132//5056 5133//5056 5134//5056
f 5134//5056 5133//5056 5135//5056
f 5134//5057 5135//5057 5136//5057
f 5136//5057 5135//5057 5137//5057
f 5136//5058 5137//5058 5138//5058
f 5138//5058 5137//5058 5139//5058
f 5138//5059 5139//5059 5140//5059
f 5140//5059 5139//5059 5141//5059
f 5140//5060 5141//5060 5142//5060
f 5142//5060 5141//5060 5143//5060
f 5142//5061 5143//5061 5144//5061
f 5144//5061 5143//5061 5145//5061
f 5144//5062 5145//5062 5146//5062
f 5146//5062 5145//5062 5147//5062
f 5146//5063 5147//5063 5148//5063
f 5148//5063 5147//5063 5149//5063
f 5148//5064 5149//5064 5150//5064
f 5150//5064 5149//5064 5151//5064
f 5150//5065 5151//5065 5152//5065
f 5152//5065 5151//5065 5153//5065
f 5152//5066 5153//5066 5154//5066
f 5154//5066 5153//5066 5155//5066
f 5154//5067 5155//5067 5156//5067
f 5156//5067 5155//5067 5157//5067
f 5156//5068 5157//5068 5158//5068
f 5158//5068 5157//5068 5159//5068
f 5158//5069 5159//5069 5160//5069
f 5160//5069 5159//5069 5161//5069
f 5160//5070 5161//5070 5162//5070
f 5162//5070 5161//5070 5163//5070
f 5162//5071 5163//5071 5164//5071
f 5164//5071 5163//5071 5165//5071
f 5164//5072 5165//5072 5166//5072
f 5166//5072 5165//5072 5167//5072
f 5166//5073 5167//5073 5168//5073
f 5168//5073 5167//5073 5169//5073
f 5168//5074 5169//5074 5170//5074
f 5170//5074 5169//5074 5171//5074
f 5170//5075 5171//5075 5172//5075
f 5172//5075 5171//5075 5173//5075
f 5172//5076 5173//5076 5174//5076
f 5174//5076 5173//5076 5175//5076
f 5174//5077 5175//5077 5176//5077
f 5176//5077 5175//5077 5177//5077
f 5176//5078 5177//5078 5178//5078
f 5178//5078 5177//5078 5179//5078
f 5178//5079 5179//5079 5180//5079
f 5180//5079 5179//5079 5181//5079
f 5180//5080 5181//5080 5182//5080
f 5182//5080 5181//5080 5183//5080
f 5182//5081 5183//5081 5184//5081
f 5184//5081 5183//5081 5185//5081
f 5184//5082 5185//5082 5186//5082
f 5186//5082 5185//5082 5187//5082
f 5186//5083 5187//5083 5188//5083
f 5188//5083 5187//5083 5189//5083
f 5188//5084 5189//5084 5190//5084
f 5190//5084 5189//5084 5191//5084
f 5190//5085 5191//5085 5192//5085
f 5192//5085 5191//5085 5193//5085
f 5192//5086 5193//5086 5070//5086
f 5070//5086 5193//5086 5071//5086
f 5194//66 5195//66 5196//66
f 5197//66 5198//66 5199//66
f 5199//66 5198//66 5200//66
f 5199//66 5200//66 5201//66
f 5202//66 5203//66 5204//66
f 5205//66 5206//66 5207//66
f 5208//66 5209//66 5210//66
f 5204//66 5211//66 5202//66
f 5202//66 5211//66 5212//66
f 5202//66 5212//66 5213//66
f 5213//66 5212//66 5214//66
f 5213//66 5214//66 5196//66
f 5196//66 5214//66 5215//66
f 5196//66 5215//66 5194//66
f 5216//66 5217//66 5218//66
f 5218//66 5217//66 5219//66
f 5208//66 5210//66 5220//66
f 5221//66 5222//66 5223//66
f 5224//66 5225//66 5226//66
f 5226//66 5225//66 5227//66
f 5226//66 5227//66 5228//66
f 5228//66 5227//66 5229//66
f 5230//66 5231//66 5232//66
f 5233//66 5234//66 5235//66
f 5235//66 5234//66 5236//66
f 5237//66 5238//66 5239//66
f 5239//66 5240//66 5237//66
f 5237//66 5240//66 5241//66
f 5237//66 5241//66 5242//66
f 5242//66 5241//66 5243//66
f 5244//66 5213//66 5245//66
f 5245//66 5213//66 5246//66
f 5245//66 5246//66 5229//66
f 5229//66 5246//66 5247//66
f 5229//66 5247//66 5228//66
f 5248//66 5249//66 5250//66
f 5250//66 5249//66 5207//66
f 5250//66 5207//66 5251//66
f 5251//66 5207//66 5206//66
f 5251//66 5206//66 5252//66
f 5252//66 5206//66 5253//66
f 5252//66 5253//66 5254//66
f 5254//66 5253//66 5255//66
f 5210//66 5256//66 5220//66
f 5220//66 5256//66 5257//66
f 5220//66 5257//66 5258//66
f 5236//66 5234//66 5259//66
f 5259//66 5234//66 5260//66
f 5259//66 5260//66 5261//66
f 5261//66 5260//66 5262//66
f 5261//66 5262//66 5263//66
f 5264//66 5265//66 5203//66
f 5203//66 5265//66 5266//66
f 5203//66 5266//66 5204//66
f 5267//66 5268//66 5269//66
f 5269//66 5268//66 5270//66
f 5269//66 5270//66 5271//66
f 5271//66 5270//66 5272//66
f 5271//66 5272//66 5273//66
f 5273//66 5272//66 5274//66
f 5273//66 5274//66 5275//66
f 5276//66 5277//66 5278//66
f 5278//66 5277//66 5279//66
f 5278//66 5279//66 5280//66
f 5280//66 5279//66 5281//66
f 5280//66 5281//66 5282//66
f 5282//66 5281//66 5283//66
f 5282//66 5283//66 5244//66
f 5244//66 5283//66 5284//66
f 5244//66 5284//66 5213//66
f 5213//66 5284//66 5285//66
f 5213//66 5285//66 5202//66
f 5286//66 5287//66 5288//66
f 5288//66 5287//66 5289//66
f 5219//66 5217//66 5290//66
f 5290//66 5217//66 5291//66
f 5290//66 5291//66 5207//66
f 5207//66 5291//66 5292//66
f 5207//66 5292//66 5205//66
f 5221//66 5293//66 5222//66
f 5222//66 5293//66 5294//66
f 5222//66 5294//66 5295//66
f 5222//66 5296//66 5223//66
f 5223//66 5296//66 5297//66
f 5223//66 5297//66 5298//66
f 5298//66 5297//66 5299//66
f 5238//66 5268//66 5239//66
f 5239//66 5268//66 5267//66
f 5239//66 5267//66 5300//66
f 5300//66 5267//66 5265//66
f 5301//66 5302//66 5303//66
f 5303//66 5302//66 5304//66
f 5303//66 5304//66 5286//66
f 5286//66 5304//66 5305//66
f 5286//66 5305//66 5287//66
f 5230//66 5232//66 5306//66
f 5306//66 5232//66 5307//66
f 5306//66 5307//66 5308//66
f 5308//66 5307//66 5309//66
f 5308//66 5309//66 5301//66
f 5301//66 5309//66 5310//66
f 5301//66 5310//66 5302//66
f 5278//66 5302//66 5276//66
f 5276//66 5302//66 5310//66
f 5276//66 5310//66 5311//66
f 5311//66 5310//66 5312//66
f 5311//66 5312//66 5313//66
f 5313//66 5312//66 5314//66
f 5313//66 5314//66 5315//66
f 5315//66 5314//66 5316//66
f 5315//66 5316//66 5317//66
f 5317//66 5316//66 5249//66
f 5317//66 5249//66 5318//66
f 5318//66 5249//66 5248//66
f 5318//66 5248//66 5319//66
f 5319//66 5248//66 5295//66
f 5319//66 5295//66 5320//66
f 5320//66 5295//66 5294//66
f 5321//66 5299//66 5197//66
f 5197//66 5299//66 5322//66
f 5197//66 5322//66 5198//66
f 5257//66 5298//66 5258//66
f 5258//66 5298//66 5299//66
f 5258//66 5299//66 5323//66
f 5323//66 5299//66 5321//66
f 5264//66 5324//66 5265//66
f 5265//66 5324//66 5325//66
f 5265//66 5325//66 5300//66
f 5300//66 5325//66 5326//66
f 5300//66 5326//66 5327//66
f 5327//66 5326//66 5328//66
f 5327//66 5328//66 5329//66
f 5329//66 5328//66 5330//66
f 5329//66 5330//66 5331//66
f 5331//66 5330//66 5332//66
f 5331//66 5332//66 5333//66
f 5333//66 5332//66 5334//66
f 5333//66 5334//66 5335//66
f 5336//66 5337//66 5338//66
f 5338//66 5337//66 5339//66
f 5338//66 5339//66 5340//66
f 5340//66 5339//66 5341//66
f 5340//66 5341//66 5263//66
f 5263//66 5341//66 5342//66
f 5263//66 5342//66 5261//66
f 5261//66 5342//66 5343//66
f 5342//66 5333//66 5343//66
f 5343//66 5333//66 5335//66
f 5343//66 5335//66 5344//66
f 5344//66 5335//66 5345//66
f 5344//66 5345//66 5346//66
f 5346//66 5345//66 5347//66
f 5346//66 5347//66 5348//66
f 5348//66 5347//66 5349//66
f 5348//66 5349//66 5223//66
f 5223//66 5349//66 5350//66
f 5223//66 5350//66 5221//66
f 5351//213 5352//213 5353//213
f 5354//213 5355//213 5356//213
f 5357//213 5358//213 5359//213
f 5360//213 5361//213 5362//213
f 5363//213 5364//213 5365//213
f 5366//213 5367//213 5368//213
f 5369//213 5370//213 5371//213
f 5372//213 5373//213 5374//213
f 5374//213 5373//213 5375//213
f 5374//213 5375//213 5376//213
f 5368//213 5367//213 5377//213
f 5377//213 5367//213 5378//213
f 5377//213 5378//213 5370//213
f 5370//213 5378//213 5379//213
f 5370//213 5379//213 5371//213
f 5375//213 5380//213 5376//213
f 5376//213 5380//213 5381//213
f 5376//213 5381//213 5382//213
f 5365//213 5383//213 5384//213
f 5355//213 5385//213 5356//213
f 5356//213 5385//213 5386//213
f 5356//213 5386//213 5387//213
f 5387//213 5386//213 5388//213
f 5387//213 5388//213 5389//213
f 5389//213 5388//213 5390//213
f 5389//213 5390//213 5391//213
f 5391//213 5390//213 5392//213
f 5391//213 5392//213 5393//213
f 5393//213 5392//213 5363//213
f 5393//213 5363//213 5371//213
f 5371//213 5363//213 5365//213
f 5371//213 5365//213 5369//213
f 5369//213 5365//213 5384//213
f 5369//213 5384//213 5394//213
f 5394//213 5384//213 5382//213
f 5394//213 5382//213 5395//213
f 5395//213 5382//213 5381//213
f 5396//213 5397//213 5398//213
f 5396//213 5398//213 5399//213
f 5398//213 5400//213 5399//213
f 5399//213 5400//213 5401//213
f 5399//213 5401//213 5355//213
f 5355//213 5401//213 5402//213
f 5355//213 5402//213 5385//213
f 5397//213 5396//213 5364//213
f 5364//213 5396//213 5403//213
f 5364//213 5403//213 5365//213
f 5365//213 5403//213 5404//213
f 5365//213 5404//213 5383//213
f 5405//213 5406//213 5407//213
f 5408//213 5409//213 5405//213
f 5410//213 5411//213 5412//213
f 5413//213 5414//213 5415//213
f 5415//213 5414//213 5416//213
f 5416//213 5414//213 5417//213
f 5416//213 5417//213 5411//213
f 5411//213 5417//213 5418//213
f 5411//213 5418//213 5412//213
f 5415//213 5419//213 5413//213
f 5413//213 5419//213 5420//213
f 5413//213 5420//213 5421//213
f 5421//213 5420//213 5422//213
f 5421//213 5422//213 5423//213
f 5423//213 5422//213 5424//213
f 5423//213 5424//213 5425//213
f 5425//213 5424//213 5426//213
f 5425//213 5426//213 5406//213
f 5406//213 5426//213 5427//213
f 5406//213 5427//213 5407//213
f 5428//213 5429//213 5408//213
f 5408//213 5429//213 5430//213
f 5408//213 5430//213 5409//213
f 5431//213 5428//213 5432//213
f 5432//213 5428//213 5408//213
f 5432//213 5408//213 5433//213
f 5433//213 5408//213 5434//213
f 5432//213 5435//213 5431//213
f 5431//213 5435//213 5436//213
f 5431//213 5436//213 5437//213
f 5437//213 5436//213 5438//213
f 5437//213 5438//213 5361//213
f 5361//213 5438//213 5439//213
f 5361//213 5439//213 5362//213
f 5439//213 5440//213 5362//213
f 5362//213 5440//213 5441//213
f 5362//213 5441//213 5442//213
f 5442//213 5441//213 5443//213
f 5442//213 5443//213 5444//213
f 5444//213 5443//213 5445//213
f 5444//213 5445//213 5446//213
f 5446//213 5445//213 5447//213
f 5446//213 5447//213 5448//213
f 5448//213 5447//213 5434//213
f 5448//213 5434//213 5412//213
f 5412//213 5434//213 5408//213
f 5412//213 5408//213 5410//213
f 5410//213 5408//213 5405//213
f 5410//213 5405//213 5449//213
f 5449//213 5405//213 5407//213
f 5360//213 5362//213 5357//213
f 5357//213 5362//213 5450//213
f 5357//213 5450//213 5358//213
f 5451//213 5452//213 5353//213
f 5452//213 5453//213 5353//213
f 5353//213 5453//213 5454//213
f 5353//213 5454//213 5358//213
f 5455//213 5456//213 5457//213
f 5457//213 5456//213 5458//213
f 5457//213 5458//213 5459//213
f 5454//213 5460//213 5358//213
f 5358//213 5460//213 5461//213
f 5358//213 5461//213 5359//213
f 5359//213 5461//213 5455//213
f 5359//213 5455//213 5462//213
f 5462//213 5455//213 5457//213
f 5368//213 5463//213 5366//213
f 5366//213 5463//213 5372//213
f 5366//213 5372//213 5464//213
f 5464//213 5372//213 5374//213
f 5464//213 5374//213 5465//213
f 5458//213 5466//213 5459//213
f 5459//213 5466//213 5467//213
f 5459//213 5467//213 5468//213
f 5468//213 5467//213 5469//213
f 5468//213 5469//213 5470//213
f 5470//213 5469//213 5451//213
f 5470//213 5451//213 5471//213
f 5471//213 5451//213 5353//213
f 5471//213 5353//213 5465//213
f 5465//213 5353//213 5352//213
f 5465//213 5352//213 5464//213
f 5472//213 5473//213 5474//213
f 5475//213 5476//213 5477//213
f 5356//213 5478//213 5354//213
f 5354//213 5478//213 5479//213
f 5354//213 5479//213 5480//213
f 5480//213 5479//213 5481//213
f 5480//213 5481//213 5482//213
f 5474//213 5473//213 5482//213
f 5482//213 5473//213 5483//213
f 5482//213 5483//213 5480//213
f 5474//213 5484//213 5472//213
f 5472//213 5484//213 5485//213
f 5472//213 5485//213 5486//213
f 5476//213 5487//213 5477//213
f 5477//213 5487//213 5488//213
f 5477//213 5488//213 5479//213
f 5479//213 5488//213 5489//213
f 5479//213 5489//213 5481//213
f 5485//213 5490//213 5486//213
f 5486//213 5490//213 5491//213
f 5486//213 5491//213 5492//213
f 5492//213 5491//213 5475//213
f 5492//213 5475//213 5493//213
f 5493//213 5475//213 5477//213
f 5493//213 5477//213 5494//213
f 5495//213 5477//213 5496//213
f 5496//213 5477//213 5479//213
f 5496//213 5479//213 5497//213
f 5497//213 5479//213 5478//213
f 5423//213 5498//213 5421//213
f 5421//213 5498//213 5494//213
f 5421//213 5494//213 5499//213
f 5499//213 5494//213 5477//213
f 5499//213 5477//213 5500//213
f 5500//213 5477//213 5495//213
f 5450//213 5501//213 5358//213
f 5358//213 5501//213 5502//213
f 5358//213 5502//213 5353//213
f 5353//213 5502//213 5503//213
f 5353//213 5503//213 5351//213
f 5504//5087 5505//5087 5506//5087
f 5504//5088 5507//5088 5505//5088
f 5505//5089 5507//5089 5508//5089
f 5505//5090 5508//5090 5509//5090
f 5508//5091 5510//5091 5509//5091
f 5509//5092 5510//5092 5511//5092
f 5509//5093 5511//5093 5512//5093
f 5511//5094 5513//5094 5512//5094
f 5512//337 5513//337 5514//337
f 5512//5095 5514//5095 5515//5095
f 5514//5096 5516//5096 5515//5096
f 5515//5097 5516//5097 5517//5097
f 5515//5098 5517//5098 5518//5098
f 5517//5099 5519//5099 5518//5099
f 5518//5100 5519//5100 5520//5100
f 5518//5101 5520//5101 5521//5101
f 5520//5102 5522//5102 5521//5102
f 5521//5103 5522//5103 5523//5103
f 5521//5104 5523//5104 5524//5104
f 5523//5105 5525//5105 5524//5105
f 5524//5106 5525//5106 5526//5106
f 5524//5107 5526//5107 5527//5107
f 5526//5108 5528//5108 5527//5108
f 5527//5109 5528//5109 5529//5109
f 5527//5110 5529//5110 5530//5110
f 5529//5111 5531//5111 5530//5111
f 5530//5112 5531//5112 5532//5112
f 5530//5113 5532//5113 5533//5113
f 5532//5114 5534//5114 5533//5114
f 5533//5115 5534//5115 5535//5115
f 5533//5116 5535//5116 5536//5116
f 5535//5117 5537//5117 5536//5117
f 5536//5118 5537//5118 5538//5118
f 5536//5119 5538//5119 5539//5119
f 5538//5120 5540//5120 5539//5120
f 5539//5121 5540//5121 5541//5121
f 5539//5122 5541//5122 5542//5122
f 5541//5123 5543//5123 5542//5123
f 5542//5124 5543//5124 5544//5124
f 5542//5125 5544//5125 5545//5125
f 5544//5126 5546//5126 5545//5126
f 5545//5127 5546//5127 5547//5127
f 5545//5128 5547//5128 5548//5128
f 5547//5129 5549//5129 5548//5129
f 5548//5130 5549//5130 5550//5130
f 5548//5131 5550//5131 5551//5131
f 5550//5132 5552//5132 5551//5132
f 5551//5133 5552//5133 5553//5133
f 5551//5134 5553//5134 5554//5134
f 5553//5135 5555//5135 5554//5135
f 5554//5136 5555//5136 5556//5136
f 5554//5137 5556//5137 5557//5137
f 5556//5138 5558//5138 5557//5138
f 5557//5139 5558//5139 5559//5139
f 5557//5140 5559//5140 5560//5140
f 5560//5141 5559//5141 5561//5141
f 5560//5142 5561//5142 5562//5142
f 5562//5142 5561//5142 5563//5142
f 5562//5143 5563//5143 5564//5143
f 5563//5143 5565//5143 5564//5143
f 5564//5144 5565//5144 5566//5144
f 5564//5145 5566//5145 5567//5145
f 5566//5146 5568//5146 5567//5146
f 5567//5147 5568//5147 5569//5147
f 5567//5148 5569//5148 5570//5148
f 5569//5149 5571//5149 5570//5149
f 5570//5150 5571//5150 5572//5150
f 5570//5151 5572//5151 5573//5151
f 5572//309 5574//309 5573//309
f 5573//5152 5574//5152 5575//5152
f 5573//5153 5575//5153 5576//5153
f 5575//5154 5577//5154 5576//5154
f 5576//5155 5577//5155 5578//5155
f 5576//5156 5578//5156 5579//5156
f 5578//5157 5580//5157 5579//5157
f 5579//5158 5580//5158 5581//5158
f 5579//5159 5581//5159 5582//5159
f 5581//5160 5583//5160 5582//5160
f 5582//5161 5583//5161 5584//5161
f 5582//5162 5584//5162 5585//5162
f 5584//5163 5586//5163 5585//5163
f 5585//5164 5586//5164 5587//5164
f 5585//5165 5587//5165 5588//5165
f 5587//5166 5589//5166 5588//5166
f 5588//5167 5589//5167 5590//5167
f 5588//5168 5590//5168 5591//5168
f 5590//5169 5592//5169 5591//5169
f 5591//5170 5592//5170 5593//5170
f 5591//5171 5593//5171 5594//5171
f 5593//5172 5595//5172 5594//5172
f 5594//5173 5595//5173 5596//5173
f 5594//5174 5596//5174 5597//5174
f 5596//5175 5598//5175 5597//5175
f 5597//5176 5598//5176 5599//5176
f 5597//5177 5599//5177 5600//5177
f 5599//5178 5601//5178 5600//5178
f 5600//5179 5601//5179 5602//5179
f 5600//5180 5602//5180 5603//5180
f 5602//5181 5604//5181 5603//5181
f 5603//5182 5604//5182 5605//5182
f 5603//5183 5605//5183 5606//5183
f 5605//5184 5607//5184 5606//5184
f 5606//5185 5607//5185 5608//5185
f 5606//5186 5608//5186 5609//5186
f 5608//5187 5610//5187 5609//5187
f 5609//5188 5610//5188 5611//5188
f 5609//5189 5611//5189 5612//5189
f 5611//5190 5613//5190 5612//5190
f 5612//5191 5613//5191 5614//5191
f 5612//5192 5614//5192 5615//5192
f 5614//5193 5616//5193 5615//5193
f 5615//5194 5616//5194 5617//5194
f 5615//5195 5617//5195 5618//5195
f 5617//5196 5619//5196 5618//5196
f 5618//5197 5619//5197 5620//5197
f 5618//5198 5620//5198 5506//5198
f 5506//5199 5620//5199 5621//5199
f 5506//5200 5621//5200 5504//5200
f 5622//5201 5623//5201 5624//5201
f 5622//5202 5625//5202 5623//5202
f 5623//5203 5625//5203 5626//5203
f 5623//5204 5626//5204 5627//5204
f 5626//5205 5628//5205 5627//5205
f 5627//5206 5628//5206 5629//5206
f 5627//5207 5629//5207 5630//5207
f 5629//5208 5631//5208 5630//5208
f 5630//5209 5631//5209 5632//5209
f 5630//5210 5632//5210 5633//5210
f 5632//5211 5634//5211 5633//5211
f 5633//5212 5634//5212 5635//5212
f 5633//5213 5635//5213 5636//5213
f 5635//5214 5637//5214 5636//5214
f 5636//5215 5637//5215 5638//5215
f 5636//5216 5638//5216 5639//5216
f 5638//5217 5640//5217 5639//5217
f 5639//5218 5640//5218 5641//5218
f 5639//5219 5641//5219 5642//5219
f 5641//5220 5643//5220 5642//5220
f 5642//5221 5643//5221 5644//5221
f 5642//5222 5644//5222 5645//5222
f 5644//5223 5646//5223 5645//5223
f 5645//5224 5646//5224 5647//5224
f 5645//5225 5647//5225 5648//5225
f 5647//5226 5649//5226 5648//5226
f 5648//5227 5649//5227 5650//5227
f 5648//5228 5650//5228 5651//5228
f 5650//5229 5652//5229 5651//5229
f 5651//5230 5652//5230 5653//5230
f 5651//5231 5653//5231 5654//5231
f 5653//5232 5655//5232 5654//5232
f 5654//5233 5655//5233 5656//5233
f 5654//5234 5656//5234 5657//5234
f 5656//5235 5658//5235 5657//5235
f 5657//5236 5658//5236 5659//5236
f 5657//5237 5659//5237 5660//5237
f 5659//5238 5661//5238 5660//5238
f 5660//5239 5661//5239 5662//5239
f 5660//5240 5662//5240 5663//5240
f 5662//5241 5664//5241 5663//5241
f 5663//5242 5664//5242 5665//5242
f 5663//5243 5665//5243 5666//5243
f 5665//5244 5667//5244 5666//5244
f 5666//5245 5667//5245 5668//5245
f 5666//5246 5668//5246 5669//5246
f 5668//5247 5670//5247 5669//5247
f 5669//5248 5670//5248 5671//5248
f 5669//5249 5671//5249 5672//5249
f 5671//5250 5673//5250 5672//5250
f 5672//5251 5673//5251 5674//5251
f 5672//5252 5674//5252 5675//5252
f 5674//5253 5676//5253 5675//5253
f 5675//5254 5676//5254 5677//5254
f 5675//5255 5677//5255 5678//5255
f 5677//5256 5679//5256 5678//5256
f 5678//5257 5679//5257 5680//5257
f 5678//5258 5680//5258 5681//5258
f 5680//5259 5682//5259 5681//5259
f 5681//5260 5682//5260 5683//5260
f 5681//5261 5683//5261 5684//5261
f 5683//5262 5685//5262 5684//5262
f 5684//5263 5685//5263 5686//5263
f 5684//5264 5686//5264 5687//5264
f 5686//5265 5688//5265 5687//5265
f 5687//5266 5688//5266 5689//5266
f 5687//5267 5689//5267 5690//5267
f 5689//5268 5691//5268 5690//5268
f 5690//5269 5691//5269 5692//5269
f 5690//5270 5692//5270 5693//5270
f 5692//5271 5694//5271 5693//5271
f 5693//5272 5694//5272 5695//5272
f 5693//5273 5695//5273 5696//5273
f 5695//5274 5697//5274 5696//5274
f 5696//5275 5697//5275 5698//5275
f 5696//5276 5698//5276 5699//5276
f 5698//5277 5700//5277 5699//5277
f 5699//5278 5700//5278 5701//5278
f 5699//5279 5701//5279 5702//5279
f 5701//5280 5703//5280 5702//5280
f 5702//5281 5703//5281 5704//5281
f 5702//5282 5704//5282 5705//5282
f 5704//5283 5706//5283 5705//5283
f 5705//5284 5706//5284 5707//5284
f 5705//5285 5707//5285 5708//5285
f 5707//5286 5709//5286 5708//5286
f 5708//5287 5709//5287 5710//5287
f 5708//5288 5710//5288 5711//5288
f 5710//5289 5712//5289 5711//5289
f 5711//5290 5712//5290 5713//5290
f 5711//5291 5713//5291 5714//5291
f 5713//5292 5715//5292 5714//5292
f 5714//5293 5715//5293 5716//5293
f 5714//5294 5716//5294 5717//5294
f 5716//5295 5718//5295 5717//5295
f 5717//5296 5718//5296 5719//5296
f 5717//5297 5719//5297 5624//5297
f 5624//5298 5719//5298 5720//5298
f 5624//5299 5720//5299 5622//5299
f 5666//213 5669//213 5721//213
f 5721//213 5669//213 5672//213
f 5721//213 5672//213 5722//213
f 5722//213 5672//213 5675//213
f 5722//213 5675//213 5723//213
f 5723//213 5675//213 5678//213
f 5723//213 5678//213 5724//213
f 5724//213 5678//213 5681//213
f 5724//213 5681//213 5725//213
f 5725//213 5681//213 5684//213
f 5725//213 5684//213 5726//213
f 5726//213 5684//213 5687//213
f 5726//213 5687//213 5727//213
f 5727//213 5687//213 5690//213
f 5727//213 5690//213 5728//213
f 5728//213 5690//213 5693//213
f 5728//213 5693//213 5729//213
f 5729//213 5693//213 5696//213
f 5729//213 5696//213 5730//213
f 5730//213 5696//213 5699//213
f 5730//213 5699//213 5731//213
f 5731//213 5699//213 5702//213
f 5731//213 5702//213 5732//213
f 5732//213 5702//213 5705//213
f 5732//213 5705//213 5733//213
f 5733//213 5705//213 5708//213
f 5733//213 5708//213 5734//213
f 5734//213 5708//213 5711//213
f 5734//213 5711//213 5735//213
f 5735//213 5711//213 5714//213
f 5735//213 5714//213 5736//213
f 5736//213 5714//213 5717//213
f 5736//213 5717//213 5737//213
f 5737//213 5717//213 5624//213
f 5737//213 5624//213 5738//213
f 5738//213 5624//213 5623//213
f 5738//213 5623//213 5739//213
f 5739//213 5623//213 5627//213
f 5739//213 5627//213 5740//213
f 5740//213 5627//213 5630//213
f 5740//213 5630//213 5741//213
f 5741//213 5630//213 5633//213
f 5741//213 5633//213 5742//213
f 5742//213 5633//213 5636//213
f 5742//213 5636//213 5743//213
f 5743//213 5636//213 5639//213
f 5743//213 5639//213 5744//213
f 5744//213 5639//213 5642//213
f 5744//213 5642//213 5745//213
f 5745//213 5642//213 5645//213
f 5745//213 5645//213 5746//213
f 5746//213 5645//213 5648//213
f 5746//213 5648//213 5747//213
f 5747//213 5648//213 5651//213
f 5747//213 5651//213 5748//213
f 5748//213 5651//213 5654//213
f 5748//213 5654//213 5749//213
f 5749//213 5654//213 5657//213
f 5749//213 5657//213 5750//213
f 5750//213 5657//213 5660//213
f 5750//213 5660//213 5751//213
f 5751//213 5660//213 5663//213
f 5751//213 5663//213 5752//213
f 5752//213 5663//213 5666//213
f 5752//213 5666//213 5721//213
f 5463//3024 5753//3024 5372//3024
f 5372//3024 5753//3024 5754//3024
f 5372//5300 5754//5300 5373//5300
f 5373//5300 5754//5300 5755//5300
f 5373//521 5755//521 5375//521
f 5375//521 5755//521 5756//521
f 5375//5301 5756//5301 5380//5301
f 5380//5301 5756//5301 5757//5301
f 5380//5302 5757//5302 5381//5302
f 5381//5302 5757//5302 5758//5302
f 5381//136 5758//136 5395//136
f 5395//136 5758//136 5759//136
f 5395//3069 5759//3069 5394//3069
f 5394//3069 5759//3069 5760//3069
f 5394//5303 5760//5303 5369//5303
f 5369//5303 5760//5303 5761//5303
f 5369//552 5761//552 5370//552
f 5370//552 5761//552 5762//552
f 5370//5304 5762//5304 5377//5304
f 5377//5304 5762//5304 5763//5304
f 5377//5305 5763//5305 5368//5305
f 5368//5305 5763//5305 5764//5305
f 5368//135 5764//135 5463//135
f 5463//135 5764//135 5753//135
f 5759//66 5765//66 5760//66
f 5760//66 5765//66 5766//66
f 5760//66 5766//66 5761//66
f 5761//66 5766//66 5767//66
f 5761//66 5767//66 5762//66
f 5762//66 5767//66 5768//66
f 5762//66 5768//66 5763//66
f 5763//66 5768//66 5769//66
f 5763//66 5769//66 5764//66
f 5764//66 5769//66 5770//66
f 5764//66 5770//66 5753//66
f 5753//66 5770//66 5771//66
f 5753//66 5771//66 5754//66
f 5754//66 5771//66 5772//66
f 5754//66 5772//66 5755//66
f 5755//66 5772//66 5773//66
f 5755//66 5773//66 5756//66
f 5756//66 5773//66 5774//66
f 5756//66 5774//66 5757//66
f 5757//66 5774//66 5775//66
f 5757//66 5775//66 5758//66
f 5758//66 5775//66 5776//66
f 5758//66 5776//66 5759//66
f 5759//66 5776//66 5777//66
f 5759//66 5777//66 5765//66
f 5771//5306 5778//5306 5772//5306
f 5772//5306 5778//5306 5779//5306
f 5772//5307 5779//5307 5773//5307
f 5773//5307 5779//5307 5780//5307
f 5773//5308 5780//5308 5774//5308
f 5774//5308 5780//5308 5781//5308
f 5774//5309 5781//5309 5775//5309
f 5775//5309 5781//5309 5782//5309
f 5775//5310 5782//5310 5776//5310
f 5776//5310 5782//5310 5783//5310
f 5776//5311 5783//5311 5777//5311
f 5777//5311 5783//5311 5784//5311
f 5777//5312 5784//5312 5765//5312
f 5765//5312 5784//5312 5785//5312
f 5765//5313 5785//5313 5766//5313
f 5766//5313 5785//5313 5786//5313
f 5766//5314 5786//5314 5767//5314
f 5767//5314 5786//5314 5787//5314
f 5767//5315 5787//5315 5768//5315
f 5768//5315 5787//5315 5788//5315
f 5768//5316 5788//5316 5769//5316
f 5769//5316 5788//5316 5789//5316
f 5769//5317 5789//5317 5770//5317
f 5770//5317 5789//5317 5790//5317
f 5770//5318 5790//5318 5771//5318
f 5771//5318 5790//5318 5778//5318
f 5784//5319 5783//5319 5791//5319
f 5791//5320 5783//5320 5255//5320
f 5791//5321 5201//5321 5784//5321
f 5784//5322 5201//5322 5200//5322
f 5784//5323 5200//5323 5785//5323
f 5785//5324 5200//5324 5198//5324
f 5785//5325 5198//5325 5786//5325
f 5786//5326 5198//5326 5322//5326
f 5786//5327 5322//5327 5787//5327
f 5787//5328 5322//5328 5299//5328
f 5787//5329 5299//5329 5788//5329
f 5788//5330 5299//5330 5297//5330
f 5788//5331 5297//5331 5789//5331
f 5789//5332 5297//5332 5296//5332
f 5789//5333 5296//5333 5790//5333
f 5790//5334 5296//5334 5222//5334
f 5790//5335 5222//5335 5778//5335
f 5778//5336 5222//5336 5295//5336
f 5778//5337 5295//5337 5779//5337
f 5779//5338 5295//5338 5248//5338
f 5779//5339 5248//5339 5780//5339
f 5780//5340 5248//5340 5250//5340
f 5780//5341 5250//5341 5781//5341
f 5781//5342 5250//5342 5251//5342
f 5781//5343 5251//5343 5782//5343
f 5782//5344 5251//5344 5252//5344
f 5782//5345 5252//5345 5783//5345
f 5783//5346 5252//5346 5254//5346
f 5783//5347 5254//5347 5255//5347
f 5388//5348 5792//5348 5390//5348
f 5390//5348 5792//5348 5793//5348
f 5390//5300 5793//5300 5392//5300
f 5392//5300 5793//5300 5794//5300
f 5392//521 5794//521 5363//521
f 5363//521 5794//521 5795//521
f 5363//5301 5795//5301 5364//5301
f 5364//5301 5795//5301 5796//5301
f 5364//5349 5796//5349 5397//5349
f 5397//5349 5796//5349 5797//5349
f 5397//136 5797//136 5398//136
f 5398//136 5797//136 5798//136
f 5398//5350 5798//5350 5400//5350
f 5400//5350 5798//5350 5799//5350
f 5400//5351 5799//5351 5401//5351
f 5401//5351 5799//5351 5800//5351
f 5401//552 5800//552 5402//552
f 5402//552 5800//552 5801//552
f 5402//5352 5801//5352 5385//5352
f 5385//5352 5801//5352 5802//5352
f 5385//5353 5802//5353 5386//5353
f 5386//5353 5802//5353 5803//5353
f 5386//135 5803//135 5388//135
f 5388//135 5803//135 5792//135
f 5798//66 5804//66 5799//66
f 5799//66 5804//66 5805//66
f 5799//66 5805//66 5800//66
f 5800//66 5805//66 5806//66
f 5800//66 5806//66 5801//66
f 5801//66 5806//66 5807//66
f 5801//66 5807//66 5802//66
f 5802//66 5807//66 5808//66
f 5802//66 5808//66 5803//66
f 5803//66 5808//66 5809//66
f 5803//66 5809//66 5792//66
f 5792//66 5809//66 5810//66
f 5792//66 5810//66 5793//66
f 5793//66 5810//66 5811//66
f 5793//66 5811//66 5794//66
f 5794//66 5811//66 5812//66
f 5794//66 5812//66 5795//66
f 5795//66 5812//66 5813//66
f 5795//66 5813//66 5796//66
f 5796//66 5813//66 5814//66
f 5796//66 5814//66 5797//66
f 5797//66 5814//66 5815//66
f 5797//66 5815//66 5798//66
f 5798//66 5815//66 5816//66
f 5798//66 5816//66 5804//66
f 5810//5354 5817//5354 5811//5354
f 5811//5354 5817//5354 5818//5354
f 5811//5307 5818//5307 5812//5307
f 5812//5307 5818//5307 5819//5307
f 5812//5308 5819//5308 5813//5308
f 5813//5308 5819//5308 5820//5308
f 5813//5309 5820//5309 5814//5309
f 5814//5309 5820//5309 5821//5309
f 5814//5355 5821//5355 5815//5355
f 5815//5355 5821//5355 5822//5355
f 5815//5356 5822//5356 5816//5356
f 5816//5356 5822//5356 5823//5356
f 5816//412 5823//412 5804//412
f 5804//412 5823//412 5824//412
f 5804//5357 5824//5357 5805//5357
f 5805//5357 5824//5357 5825//5357
f 5805//5358 5825//5358 5806//5358
f 5806//5358 5825//5358 5826//5358
f 5806//5315 5826//5315 5807//5315
f 5807//5315 5826//5315 5827//5315
f 5807//5316 5827//5316 5808//5316
f 5808//5316 5827//5316 5828//5316
f 5808//5359 5828//5359 5809//5359
f 5809//5359 5828//5359 5829//5359
f 5809//5360 5829//5360 5810//5360
f 5810//5360 5829//5360 5817//5360
f 5209//5361 5830//5361 5824//5361
f 5824//5362 5830//5362 5825//5362
f 5830//5363 5233//5363 5825//5363
f 5825//5364 5233//5364 5235//5364
f 5825//5365 5235//5365 5826//5365
f 5826//5366 5235//5366 5236//5366
f 5826//5367 5236//5367 5827//5367
f 5827//5368 5236//5368 5259//5368
f 5827//5369 5259//5369 5828//5369
f 5828//5370 5259//5370 5261//5370
f 5828//5371 5261//5371 5829//5371
f 5829//5372 5261//5372 5343//5372
f 5829//5373 5343//5373 5817//5373
f 5817//5374 5343//5374 5344//5374
f 5817//5375 5344//5375 5818//5375
f 5818//5376 5344//5376 5346//5376
f 5818//5339 5346//5339 5819//5339
f 5819//5340 5346//5340 5348//5340
f 5819//5341 5348//5341 5820//5341
f 5820//5342 5348//5342 5223//5342
f 5820//5343 5223//5343 5821//5343
f 5821//5344 5223//5344 5298//5344
f 5821//5377 5298//5377 5822//5377
f 5822//5378 5298//5378 5257//5378
f 5822//5379 5257//5379 5823//5379
f 5823//5380 5257//5380 5256//5380
f 5823//5381 5256//5381 5824//5381
f 5824//5382 5256//5382 5210//5382
f 5824//5383 5210//5383 5209//5383
f 5475//5348 5831//5348 5476//5348
f 5476//5348 5831//5348 5832//5348
f 5476//5384 5832//5384 5487//5384
f 5487//5384 5832//5384 5833//5384
f 5487//521 5833//521 5488//521
f 5488//521 5833//521 5834//521
f 5488//5385 5834//5385 5489//5385
f 5489//5385 5834//5385 5835//5385
f 5489//5386 5835//5386 5481//5386
f 5481//5386 5835//5386 5836//5386
f 5481//136 5836//136 5482//136
f 5482//136 5836//136 5837//136
f 5482//5387 5837//5387 5474//5387
f 5474//5387 5837//5387 5838//5387
f 5474//5388 5838//5388 5484//5388
f 5484//5388 5838//5388 5839//5388
f 5484//552 5839//552 5485//552
f 5485//552 5839//552 5840//552
f 5485//5389 5840//5389 5490//5389
f 5490//5389 5840//5389 5841//5389
f 5490//5353 5841//5353 5491//5353
f 5491//5353 5841//5353 5842//5353
f 5491//135 5842//135 5475//135
f 5475//135 5842//135 5831//135
f 5843//66 5844//66 5837//66
f 5837//66 5844//66 5845//66
f 5837//66 5845//66 5838//66
f 5838//66 5845//66 5846//66
f 5838//66 5846//66 5839//66
f 5839//66 5846//66 5847//66
f 5839//66 5847//66 5840//66
f 5840//66 5847//66 5848//66
f 5840//66 5848//66 5841//66
f 5841//66 5848//66 5849//66
f 5841//66 5849//66 5842//66
f 5842//66 5849//66 5850//66
f 5842//66 5850//66 5831//66
f 5831//66 5850//66 5851//66
f 5831//66 5851//66 5832//66
f 5832//66 5851//66 5852//66
f 5832//66 5852//66 5833//66
f 5833//66 5852//66 5853//66
f 5833//66 5853//66 5834//66
f 5834//66 5853//66 5854//66
f 5834//66 5854//66 5835//66
f 5835//66 5854//66 5855//66
f 5835//66 5855//66 5836//66
f 5836//66 5855//66 5843//66
f 5836//66 5843//66 5837//66
f 5851//5354 5856//5354 5852//5354
f 5852//5354 5856//5354 5857//5354
f 5852//5390 5857//5390 5853//5390
f 5853//5390 5857//5390 5858//5390
f 5853//5391 5858//5391 5854//5391
f 5854//5391 5858//5391 5859//5391
f 5854//5392 5859//5392 5855//5392
f 5855//5392 5859//5392 5860//5392
f 5855//5393 5860//5393 5843//5393
f 5843//5393 5860//5393 5861//5393
f 5843//5394 5861//5394 5844//5394
f 5844//5394 5861//5394 5862//5394
f 5844//5395 5862//5395 5845//5395
f 5845//5395 5862//5395 5863//5395
f 5845//5396 5863//5396 5846//5396
f 5846//5396 5863//5396 5864//5396
f 5846//5397 5864//5397 5847//5397
f 5847//5397 5864//5397 5865//5397
f 5847//5398 5865//5398 5848//5398
f 5848//5398 5865//5398 5866//5398
f 5848//5399 5866//5399 5849//5399
f 5849//5399 5866//5399 5867//5399
f 5849//5359 5867//5359 5850//5359
f 5850//5359 5867//5359 5868//5359
f 5850//5360 5868//5360 5851//5360
f 5851//5360 5868//5360 5856//5360
f 5336//5400 5869//5400 5865//5400
f 5865//5401 5869//5401 5866//5401
f 5869//5402 5870//5402 5866//5402
f 5866//5403 5870//5403 5243//5403
f 5866//5404 5243//5404 5867//5404
f 5867//5405 5243//5405 5241//5405
f 5867//5371 5241//5371 5868//5371
f 5868//5372 5241//5372 5240//5372
f 5868//5373 5240//5373 5856//5373
f 5856//5374 5240//5374 5239//5374
f 5856//5375 5239//5375 5857//5375
f 5857//5376 5239//5376 5300//5376
f 5857//5406 5300//5406 5858//5406
f 5858//5407 5300//5407 5327//5407
f 5858//5408 5327//5408 5859//5408
f 5859//5409 5327//5409 5329//5409
f 5859//5410 5329//5410 5860//5410
f 5860//5411 5329//5411 5331//5411
f 5860//5412 5331//5412 5861//5412
f 5861//5413 5331//5413 5333//5413
f 5861//5414 5333//5414 5862//5414
f 5862//5415 5333//5415 5342//5415
f 5862//5416 5342//5416 5863//5416
f 5863//5417 5342//5417 5341//5417
f 5863//5418 5341//5418 5864//5418
f 5864//5419 5341//5419 5339//5419
f 5864//5420 5339//5420 5865//5420
f 5865//5421 5339//5421 5337//5421
f 5865//5422 5337//5422 5336//5422
f 5407//3024 5871//3024 5449//3024
f 5449//3024 5871//3024 5872//3024
f 5449//5423 5872//5423 5410//5423
f 5410//5423 5872//5423 5873//5423
f 5410//521 5873//521 5411//521
f 5411//521 5873//521 5874//521
f 5411//5424 5874//5424 5416//5424
f 5416//5424 5874//5424 5875//5424
f 5416//5302 5875//5302 5415//5302
f 5415//5302 5875//5302 5876//5302
f 5415//136 5876//136 5419//136
f 5419//136 5876//136 5877//136
f 5419//3069 5877//3069 5420//3069
f 5420//3069 5877//3069 5878//3069
f 5420//5351 5878//5351 5422//5351
f 5422//5351 5878//5351 5879//5351
f 5422//552 5879//552 5424//552
f 5424//552 5879//552 5880//552
f 5424//5352 5880//5352 5426//5352
f 5426//5352 5880//5352 5881//5352
f 5426//5305 5881//5305 5427//5305
f 5427//5305 5881//5305 5882//5305
f 5427//135 5882//135 5407//135
f 5407//135 5882//135 5871//135
f 5883//66 5884//66 5877//66
f 5877//66 5884//66 5885//66
f 5877//66 5885//66 5878//66
f 5878//66 5885//66 5886//66
f 5878//66 5886//66 5879//66
f 5879//66 5886//66 5887//66
f 5879//66 5887//66 5880//66
f 5880//66 5887//66 5888//66
f 5880//66 5888//66 5881//66
f 5881//66 5888//66 5889//66
f 5881//66 5889//66 5882//66
f 5882//66 5889//66 5890//66
f 5882//66 5890//66 5871//66
f 5871//66 5890//66 5891//66
f 5871//66 5891//66 5872//66
f 5872//66 5891//66 5892//66
f 5872//66 5892//66 5873//66
f 5873//66 5892//66 5893//66
f 5873//66 5893//66 5874//66
f 5874//66 5893//66 5894//66
f 5874//66 5894//66 5875//66
f 5875//66 5894//66 5895//66
f 5875//66 5895//66 5876//66
f 5876//66 5895//66 5883//66
f 5876//66 5883//66 5877//66
f 5891//5425 5896//5425 5892//5425
f 5892//5425 5896//5425 5897//5425
f 5892//5426 5897//5426 5893//5426
f 5893//5426 5897//5426 5898//5426
f 5893//5427 5898//5427 5894//5427
f 5894//5427 5898//5427 5899//5427
f 5894//5309 5899//5309 5895//5309
f 5895//5309 5899//5309 5900//5309
f 5895//5310 5900//5310 5883//5310
f 5883//5310 5900//5310 5901//5310
f 5883//5311 5901//5311 5884//5311
f 5884//5311 5901//5311 5902//5311
f 5884//5312 5902//5312 5885//5312
f 5885//5312 5902//5312 5903//5312
f 5885//5313 5903//5313 5886//5313
f 5886//5313 5903//5313 5904//5313
f 5886//5358 5904//5358 5887//5358
f 5887//5358 5904//5358 5905//5358
f 5887//5428 5905//5428 5888//5428
f 5888//5428 5905//5428 5906//5428
f 5888//5316 5906//5316 5889//5316
f 5889//5316 5906//5316 5907//5316
f 5889//5429 5907//5429 5890//5429
f 5890//5429 5907//5429 5908//5429
f 5890//5318 5908//5318 5891//5318
f 5891//5318 5908//5318 5896//5318
f 5275//5430 5909//5430 5907//5430
f 5907//5431 5909//5431 5908//5431
f 5909//5432 5910//5432 5908//5432
f 5908//5433 5910//5433 5195//5433
f 5908//5434 5195//5434 5896//5434
f 5896//5435 5195//5435 5194//5435
f 5896//5436 5194//5436 5897//5436
f 5897//5437 5194//5437 5215//5437
f 5897//5438 5215//5438 5898//5438
f 5898//5439 5215//5439 5214//5439
f 5898//5440 5214//5440 5899//5440
f 5899//5441 5214//5441 5212//5441
f 5899//5442 5212//5442 5900//5442
f 5900//5443 5212//5443 5211//5443
f 5900//5444 5211//5444 5901//5444
f 5901//5445 5211//5445 5204//5445
f 5901//5446 5204//5446 5902//5446
f 5902//5447 5204//5447 5266//5447
f 5902//5323 5266//5323 5903//5323
f 5903//5324 5266//5324 5265//5324
f 5903//5325 5265//5325 5904//5325
f 5904//5448 5265//5448 5267//5448
f 5904//5449 5267//5449 5905//5449
f 5905//5450 5267//5450 5269//5450
f 5905//5451 5269//5451 5906//5451
f 5906//5452 5269//5452 5271//5452
f 5906//5369 5271//5369 5907//5369
f 5907//5453 5271//5453 5273//5453
f 5907//5454 5273//5454 5275//5454
f 5435//5348 5911//5348 5436//5348
f 5436//5348 5911//5348 5912//5348
f 5436//5300 5912//5300 5438//5300
f 5438//5300 5912//5300 5913//5300
f 5438//521 5913//521 5439//521
f 5439//521 5913//521 5914//521
f 5439//5301 5914//5301 5440//5301
f 5440//5301 5914//5301 5915//5301
f 5440//5349 5915//5349 5441//5349
f 5441//5349 5915//5349 5916//5349
f 5441//136 5916//136 5443//136
f 5443//136 5916//136 5917//136
f 5443//5350 5917//5350 5445//5350
f 5445//5350 5917//5350 5918//5350
f 5445//5351 5918//5351 5447//5351
f 5447//5351 5918//5351 5919//5351
f 5447//552 5919//552 5434//552
f 5434//552 5919//552 5920//552
f 5434//5352 5920//5352 5433//5352
f 5433//5352 5920//5352 5921//5352
f 5433//5353 5921//5353 5432//5353
f 5432//5353 5921//5353 5922//5353
f 5432//135 5922//135 5435//135
f 5435//135 5922//135 5911//135
f 5917//66 5923//66 5918//66
f 5918//66 5923//66 5924//66
f 5918//66 5924//66 5919//66
f 5919//66 5924//66 5925//66
f 5919//66 5925//66 5920//66
f 5920//66 5925//66 5926//66
f 5920//66 5926//66 5921//66
f 5921//66 5926//66 5927//66
f 5921//66 5927//66 5922//66
f 5922//66 5927//66 5928//66
f 5922//66 5928//66 5911//66
f 5911//66 5928//66 5929//66
f 5911//66 5929//66 5912//66
f 5912//66 5929//66 5930//66
f 5912//66 5930//66 5913//66
f 5913//66 5930//66 5931//66
f 5913//66 5931//66 5914//66
f 5914//66 5931//66 5932//66
f 5914//66 5932//66 5915//66
f 5915//66 5932//66 5933//66
f 5915//66 5933//66 5916//66
f 5916//66 5933//66 5934//66
f 5916//66 5934//66 5917//66
f 5917//66 5934//66 5935//66
f 5917//66 5935//66 5923//66
f 5929//5354 5936//5354 5930//5354
f 5930//5354 5936//5354 5937//5354
f 5930//5307 5937//5307 5931//5307
f 5931//5307 5937//5307 5938//5307
f 5931//5391 5938//5391 5932//5391
f 5932//5391 5938//5391 5939//5391
f 5932//5455 5939//5455 5933//5455
f 5933//5455 5939//5455 5940//5455
f 5933//5456 5940//5456 5934//5456
f 5934//5456 5940//5456 5941//5456
f 5934//5457 5941//5457 5935//5457
f 5935//5457 5941//5457 5942//5457
f 5935//412 5942//412 5923//412
f 5923//412 5942//412 5943//412
f 5923//5458 5943//5458 5924//5458
f 5924//5458 5943//5458 5944//5458
f 5924//5459 5944//5459 5925//5459
f 5925//5459 5944//5459 5945//5459
f 5925//5428 5945//5428 5926//5428
f 5926//5428 5945//5428 5946//5428
f 5926//5316 5946//5316 5927//5316
f 5927//5316 5946//5316 5947//5316
f 5927//5317 5947//5317 5928//5317
f 5928//5317 5947//5317 5948//5317
f 5928//5460 5948//5460 5929//5460
f 5929//5460 5948//5460 5936//5460
f 5949//5461 5938//5461 5937//5461
f 5936//5462 5224//5462 5937//5462
f 5937//5463 5224//5463 5950//5463
f 5937//5464 5950//5464 5949//5464
f 5949//5465 5289//5465 5938//5465
f 5938//5466 5289//5466 5287//5466
f 5938//5467 5287//5467 5939//5467
f 5939//5468 5287//5468 5305//5468
f 5939//5469 5305//5469 5940//5469
f 5940//5470 5305//5470 5304//5470
f 5940//5471 5304//5471 5941//5471
f 5941//5472 5304//5472 5302//5472
f 5941//5473 5302//5473 5942//5473
f 5942//5474 5302//5474 5278//5474
f 5942//5381 5278//5381 5943//5381
f 5943//5475 5278//5475 5280//5475
f 5943//5476 5280//5476 5944//5476
f 5944//5477 5280//5477 5282//5477
f 5944//5478 5282//5478 5945//5478
f 5945//5450 5282//5450 5244//5450
f 5945//5451 5244//5451 5946//5451
f 5946//5452 5244//5452 5245//5452
f 5946//5369 5245//5369 5947//5369
f 5947//5453 5245//5453 5229//5453
f 5947//5479 5229//5479 5948//5479
f 5948//5480 5229//5480 5227//5480
f 5948//5481 5227//5481 5936//5481
f 5936//5482 5227//5482 5225//5482
f 5936//5483 5225//5483 5224//5483
f 5455//5484 5951//5484 5456//5484
f 5456//5484 5951//5484 5952//5484
f 5456//5384 5952//5384 5458//5384
f 5458//5384 5952//5384 5953//5384
f 5458//521 5953//521 5466//521
f 5466//521 5953//521 5954//521
f 5466//5385 5954//5385 5467//5385
f 5467//5385 5954//5385 5955//5385
f 5467//5349 5955//5349 5469//5349
f 5469//5349 5955//5349 5956//5349
f 5469//136 5956//136 5451//136
f 5451//136 5956//136 5957//136
f 5451//5350 5957//5350 5452//5350
f 5452//5350 5957//5350 5958//5350
f 5452//5388 5958//5388 5453//5388
f 5453//5388 5958//5388 5959//5388
f 5453//552 5959//552 5454//552
f 5454//552 5959//552 5960//552
f 5454//5389 5960//5389 5460//5389
f 5460//5389 5960//5389 5961//5389
f 5460//5485 5961//5485 5461//5485
f 5461//5485 5961//5485 5962//5485
f 5461//135 5962//135 5455//135
f 5455//135 5962//135 5951//135
f 5963//66 5964//66 5957//66
f 5957//66 5964//66 5965//66
f 5957//66 5965//66 5958//66
f 5958//66 5965//66 5966//66
f 5958//66 5966//66 5959//66
f 5959//66 5966//66 5967//66
f 5959//66 5967//66 5960//66
f 5960//66 5967//66 5968//66
f 5960//66 5968//66 5961//66
f 5961//66 5968//66 5969//66
f 5961//66 5969//66 5962//66
f 5962//66 5969//66 5970//66
f 5962//66 5970//66 5951//66
f 5951//66 5970//66 5971//66
f 5951//66 5971//66 5952//66
f 5952//66 5971//66 5972//66
f 5952//66 5972//66 5953//66
f 5953//66 5972//66 5973//66
f 5953//66 5973//66 5954//66
f 5954//66 5973//66 5974//66
f 5954//66 5974//66 5955//66
f 5955//66 5974//66 5975//66
f 5955//66 5975//66 5956//66
f 5956//66 5975//66 5963//66
f 5956//66 5963//66 5957//66
f 5971//5306 5976//5306 5972//5306
f 5972//5306 5976//5306 5977//5306
f 5972//5390 5977//5390 5973//5390
f 5973//5390 5977//5390 5978//5390
f 5973//5391 5978//5391 5974//5391
f 5974//5391 5978//5391 5979//5391
f 5974//5392 5979//5392 5975//5392
f 5975//5392 5979//5392 5980//5392
f 5975//5456 5980//5456 5963//5456
f 5963//5456 5980//5456 5981//5456
f 5963//5457 5981//5457 5964//5457
f 5964//5457 5981//5457 5982//5457
f 5964//412 5982//412 5965//412
f 5965//412 5982//412 5983//412
f 5965//5458 5983//5458 5966//5458
f 5966//5458 5983//5458 5984//5458
f 5966//5397 5984//5397 5967//5397
f 5967//5397 5984//5397 5985//5397
f 5967//5398 5985//5398 5968//5398
f 5968//5398 5985//5398 5986//5398
f 5968//5399 5986//5399 5969//5399
f 5969//5399 5986//5399 5987//5399
f 5969//5486 5987//5486 5970//5486
f 5970//5486 5987//5486 5988//5486
f 5970//5360 5988//5360 5971//5360
f 5971//5360 5988//5360 5976//5360
f 5980//5487 5979//5487 5989//5487
f 5989//5488 5979//5488 5990//5488
f 5989//5489 5216//5489 5980//5489
f 5980//5490 5216//5490 5218//5490
f 5980//5471 5218//5471 5981//5471
f 5981//5472 5218//5472 5219//5472
f 5981//5473 5219//5473 5982//5473
f 5982//5474 5219//5474 5290//5474
f 5982//5381 5290//5381 5983//5381
f 5983//5475 5290//5475 5207//5475
f 5983//5476 5207//5476 5984//5476
f 5984//5491 5207//5491 5249//5491
f 5984//5420 5249//5420 5985//5420
f 5985//5421 5249//5421 5316//5421
f 5985//5492 5316//5492 5986//5492
f 5986//5493 5316//5493 5314//5493
f 5986//5494 5314//5494 5987//5494
f 5987//5495 5314//5495 5312//5495
f 5987//5496 5312//5496 5988//5496
f 5988//5497 5312//5497 5310//5497
f 5988//5498 5310//5498 5976//5498
f 5976//5499 5310//5499 5309//5499
f 5976//5500 5309//5500 5977//5500
f 5977//5501 5309//5501 5307//5501
f 5977//5406 5307//5406 5978//5406
f 5978//5407 5307//5407 5232//5407
f 5978//5408 5232//5408 5979//5408
f 5979//5502 5232//5502 5231//5502
f 5979//5503 5231//5503 5990//5503
f 5391//5504 5393//5504 5718//5504
f 5718//5505 5716//5505 5391//5505
f 5391//5506 5716//5506 5715//5506
f 5391//5507 5715//5507 5389//5507
f 5715//5508 5713//5508 5389//5508
f 5389//5509 5713//5509 5712//5509
f 5389//5510 5712//5510 5387//5510
f 5712//5511 5710//5511 5387//5511
f 5387//5512 5710//5512 5709//5512
f 5387//5513 5709//5513 5356//5513
f 5709//5514 5707//5514 5356//5514
f 5356//5515 5707//5515 5706//5515
f 5356//5516 5706//5516 5478//5516
f 5706//5517 5704//5517 5478//5517
f 5478//5518 5704//5518 5703//5518
f 5478//5519 5703//5519 5497//5519
f 5703//5520 5701//5520 5497//5520
f 5497//5521 5701//5521 5700//5521
f 5497//5522 5700//5522 5496//5522
f 5700//5523 5698//5523 5496//5523
f 5496//5524 5698//5524 5697//5524
f 5496//5525 5697//5525 5495//5525
f 5697//5526 5695//5526 5495//5526
f 5495//5527 5695//5527 5694//5527
f 5495//5528 5694//5528 5500//5528
f 5694//5529 5692//5529 5500//5529
f 5500//5530 5692//5530 5691//5530
f 5500//5531 5691//5531 5499//5531
f 5691//5532 5689//5532 5499//5532
f 5499//5533 5689//5533 5688//5533
f 5499//5534 5688//5534 5421//5534
f 5688//5535 5686//5535 5421//5535
f 5421//5536 5686//5536 5685//5536
f 5421//5537 5685//5537 5413//5537
f 5685//5538 5683//5538 5413//5538
f 5413//5539 5683//5539 5682//5539
f 5413//5540 5682//5540 5414//5540
f 5682//5541 5680//5541 5414//5541
f 5414//5542 5680//5542 5679//5542
f 5414//5543 5679//5543 5417//5543
f 5679//5544 5677//5544 5417//5544
f 5417//5545 5677//5545 5676//5545
f 5417//5546 5676//5546 5418//5546
f 5676//5547 5674//5547 5418//5547
f 5418//5548 5674//5548 5673//5548
f 5418//5549 5673//5549 5412//5549
f 5673//5550 5671//5550 5412//5550
f 5412//5551 5671//5551 5670//5551
f 5412//5552 5670//5552 5448//5552
f 5448//5553 5670//5553 5668//5553
f 5448//5554 5668//5554 5446//5554
f 5668//5555 5667//5555 5446//5555
f 5446//5556 5667//5556 5665//5556
f 5446//5557 5665//5557 5444//5557
f 5665//5558 5664//5558 5444//5558
f 5444//5559 5664//5559 5662//5559
f 5444//5560 5662//5560 5442//5560
f 5662//5561 5661//5561 5442//5561
f 5442//5562 5661//5562 5659//5562
f 5442//5563 5659//5563 5362//5563
f 5659//5564 5658//5564 5362//5564
f 5362//5565 5658//5565 5656//5565
f 5362//5566 5656//5566 5450//5566
f 5656//5567 5655//5567 5450//5567
f 5450//5568 5655//5568 5653//5568
f 5450//5569 5653//5569 5501//5569
f 5653//5570 5652//5570 5501//5570
f 5501//5571 5652//5571 5650//5571
f 5501//5572 5650//5572 5502//5572
f 5650//5573 5649//5573 5502//5573
f 5502//5574 5649//5574 5647//5574
f 5502//5575 5647//5575 5503//5575
f 5647//5576 5646//5576 5503//5576
f 5503//5577 5646//5577 5644//5577
f 5503//5578 5644//5578 5351//5578
f 5644//5579 5643//5579 5351//5579
f 5351//5580 5643//5580 5641//5580
f 5351//5581 5641//5581 5352//5581
f 5641//5582 5640//5582 5352//5582
f 5352//5583 5640//5583 5638//5583
f 5352//5584 5638//5584 5464//5584
f 5638//5585 5637//5585 5464//5585
f 5464//5586 5637//5586 5635//5586
f 5464//5587 5635//5587 5366//5587
f 5635//5588 5634//5588 5366//5588
f 5366//5589 5634//5589 5632//5589
f 5366//5590 5632//5590 5367//5590
f 5632//5591 5631//5591 5367//5591
f 5367//5592 5631//5592 5629//5592
f 5367//5593 5629//5593 5378//5593
f 5629//5594 5628//5594 5378//5594
f 5378//5595 5628//5595 5626//5595
f 5378//5596 5626//5596 5379//5596
f 5626//5597 5625//5597 5379//5597
f 5379//5598 5625//5598 5622//5598
f 5379//5599 5622//5599 5371//5599
f 5371//5600 5622//5600 5720//5600
f 5371//5601 5720//5601 5393//5601
f 5393//5602 5720//5602 5719//5602
f 5393//5603 5719//5603 5718//5603
f 5735//5604 5736//5604 5193//5604
f 5193//5605 5191//5605 5735//5605
f 5735//5606 5191//5606 5189//5606
f 5735//5607 5189//5607 5734//5607
f 5189//5608 5187//5608 5734//5608
f 5734//5609 5187//5609 5185//5609
f 5734//5610 5185//5610 5733//5610
f 5185//5611 5183//5611 5733//5611
f 5733//5612 5183//5612 5181//5612
f 5733//5613 5181//5613 5732//5613
f 5181//5614 5179//5614 5732//5614
f 5732//5615 5179//5615 5177//5615
f 5732//5616 5177//5616 5731//5616
f 5177//5617 5175//5617 5731//5617
f 5731//5618 5175//5618 5173//5618
f 5731//5619 5173//5619 5730//5619
f 5173//5620 5171//5620 5730//5620
f 5730//5621 5171//5621 5169//5621
f 5730//5622 5169//5622 5729//5622
f 5169//5623 5167//5623 5729//5623
f 5729//5624 5167//5624 5165//5624
f 5729//5625 5165//5625 5728//5625
f 5165//5626 5163//5626 5728//5626
f 5728//5627 5163//5627 5161//5627
f 5728//5628 5161//5628 5727//5628
f 5161//5629 5159//5629 5727//5629
f 5727//5630 5159//5630 5157//5630
f 5727//5631 5157//5631 5726//5631
f 5157//5632 5155//5632 5726//5632
f 5726//5633 5155//5633 5153//5633
f 5726//5634 5153//5634 5725//5634
f 5153//5635 5151//5635 5725//5635
f 5725//5636 5151//5636 5149//5636
f 5725//5637 5149//5637 5724//5637
f 5149//5638 5147//5638 5724//5638
f 5724//5639 5147//5639 5145//5639
f 5724//5640 5145//5640 5723//5640
f 5145//5641 5143//5641 5723//5641
f 5723//5642 5143//5642 5141//5642
f 5723//5643 5141//5643 5722//5643
f 5141//5644 5139//5644 5722//5644
f 5722//5645 5139//5645 5137//5645
f 5722//5646 5137//5646 5721//5646
f 5721//5647 5137//5647 5135//5647
f 5721//5648 5135//5648 5752//5648
f 5135//5649 5133//5649 5752//5649
f 5752//5650 5133//5650 5131//5650
f 5752//5651 5131//5651 5751//5651
f 5131//5652 5129//5652 5751//5652
f 5751//5653 5129//5653 5127//5653
f 5751//5654 5127//5654 5750//5654
f 5127//5655 5125//5655 5750//5655
f 5750//5656 5125//5656 5123//5656
f 5750//5657 5123//5657 5749//5657
f 5123//5658 5121//5658 5749//5658
f 5749//5659 5121//5659 5119//5659
f 5749//5660 5119//5660 5748//5660
f 5119//5661 5117//5661 5748//5661
f 5748//5662 5117//5662 5115//5662
f 5748//5663 5115//5663 5747//5663
f 5115//5664 5113//5664 5747//5664
f 5747//5665 5113//5665 5111//5665
f 5747//5666 5111//5666 5746//5666
f 5111//5667 5109//5667 5746//5667
f 5746//5668 5109//5668 5107//5668
f 5746//5669 5107//5669 5745//5669
f 5107//5670 5105//5670 5745//5670
f 5745//5671 5105//5671 5103//5671
f 5745//5672 5103//5672 5744//5672
f 5103//5673 5101//5673 5744//5673
f 5744//5674 5101//5674 5099//5674
f 5744//5675 5099//5675 5743//5675
f 5099//5676 5097//5676 5743//5676
f 5743//5677 5097//5677 5095//5677
f 5743//5678 5095//5678 5742//5678
f 5095//5679 5093//5679 5742//5679
f 5742//5680 5093//5680 5091//5680
f 5742//5681 5091//5681 5741//5681
f 5091//5682 5089//5682 5741//5682
f 5741//5683 5089//5683 5087//5683
f 5741//5684 5087//5684 5740//5684
f 5087//5685 5085//5685 5740//5685
f 5740//5686 5085//5686 5083//5686
f 5740//5687 5083//5687 5739//5687
f 5083//5688 5081//5688 5739//5688
f 5739//5689 5081//5689 5079//5689
f 5739//5690 5079//5690 5738//5690
f 5079//5691 5077//5691 5738//5691
f 5738//5692 5077//5692 5075//5692
f 5738//5693 5075//5693 5737//5693
f 5737//5694 5075//5694 5073//5694
f 5737//5695 5073//5695 5736//5695
f 5736//5696 5073//5696 5071//5696
f 5736//5697 5071//5697 5193//5697
f 5203//5698 5202//5698 5138//5698
f 5138//5699 5140//5699 5203//5699
f 5203//5700 5140//5700 5142//5700
f 5203//5701 5142//5701 5264//5701
f 5142//5702 5144//5702 5264//5702
f 5264//5703 5144//5703 5146//5703
f 5264//5704 5146//5704 5324//5704
f 5146//5705 5148//5705 5324//5705
f 5324//5706 5148//5706 5150//5706
f 5324//5707 5150//5707 5325//5707
f 5150//5708 5152//5708 5325//5708
f 5325//5709 5152//5709 5154//5709
f 5325//5710 5154//5710 5326//5710
f 5154//5711 5156//5711 5326//5711
f 5326//5712 5156//5712 5158//5712
f 5326//5713 5158//5713 5328//5713
f 5158//5714 5160//5714 5328//5714
f 5328//5715 5160//5715 5162//5715
f 5328//5716 5162//5716 5330//5716
f 5162//5717 5164//5717 5330//5717
f 5330//5718 5164//5718 5166//5718
f 5330//5719 5166//5719 5332//5719
f 5166//5720 5168//5720 5332//5720
f 5332//5721 5168//5721 5170//5721
f 5332//5722 5170//5722 5334//5722
f 5170//5723 5172//5723 5334//5723
f 5334//5724 5172//5724 5174//5724
f 5334//5725 5174//5725 5335//5725
f 5174//5726 5176//5726 5335//5726
f 5335//5727 5176//5727 5178//5727
f 5335//5728 5178//5728 5345//5728
f 5178//5729 5180//5729 5345//5729
f 5345//5730 5180//5730 5182//5730
f 5345//5731 5182//5731 5347//5731
f 5182//5732 5184//5732 5347//5732
f 5347//5733 5184//5733 5186//5733
f 5347//5734 5186//5734 5349//5734
f 5186//5735 5188//5735 5349//5735
f 5349//5736 5188//5736 5190//5736
f 5349//5737 5190//5737 5350//5737
f 5190//5738 5192//5738 5350//5738
f 5350//5739 5192//5739 5070//5739
f 5350//5740 5070//5740 5221//5740
f 5221//5741 5070//5741 5072//5741
f 5221//5742 5072//5742 5293//5742
f 5072//5743 5074//5743 5293//5743
f 5293//5744 5074//5744 5076//5744
f 5293//5745 5076//5745 5294//5745
f 5076//5746 5078//5746 5294//5746
f 5294//5747 5078//5747 5080//5747
f 5294//5748 5080//5748 5320//5748
f 5080//5749 5082//5749 5320//5749
f 5320//5750 5082//5750 5084//5750
f 5320//5751 5084//5751 5319//5751
f 5084//5752 5086//5752 5319//5752
f 5319//5753 5086//5753 5088//5753
f 5319//5754 5088//5754 5318//5754
f 5088//5755 5090//5755 5318//5755
f 5318//5756 5090//5756 5092//5756
f 5318//5757 5092//5757 5317//5757
f 5092//5758 5094//5758 5317//5758
f 5317//5759 5094//5759 5096//5759
f 5317//5760 5096//5760 5315//5760
f 5096//5761 5098//5761 5315//5761
f 5315//5762 5098//5762 5100//5762
f 5315//5763 5100//5763 5313//5763
f 5100//5764 5102//5764 5313//5764
f 5313//5765 5102//5765 5104//5765
f 5313//5766 5104//5766 5311//5766
f 5104//5767 5106//5767 5311//5767
f 5311//5768 5106//5768 5108//5768
f 5311//5769 5108//5769 5276//5769
f 5108//5770 5110//5770 5276//5770
f 5276//5771 5110//5771 5112//5771
f 5276//5772 5112//5772 5277//5772
f 5112//5773 5114//5773 5277//5773
f 5277//5774 5114//5774 5116//5774
f 5277//5775 5116//5775 5279//5775
f 5116//5776 5118//5776 5279//5776
f 5279//5777 5118//5777 5120//5777
f 5279//5778 5120//5778 5281//5778
f 5120//5779 5122//5779 5281//5779
f 5281//5780 5122//5780 5124//5780
f 5281//5781 5124//5781 5283//5781
f 5124//5782 5126//5782 5283//5782
f 5283//5783 5126//5783 5128//5783
f 5283//5784 5128//5784 5284//5784
f 5128//5785 5130//5785 5284//5785
f 5284//5786 5130//5786 5132//5786
f 5284//5787 5132//5787 5285//5787
f 5285//5788 5132//5788 5134//5788
f 5285//5789 5134//5789 5202//5789
f 5202//5790 5134//5790 5136//5790
f 5202//5791 5136//5791 5138//5791
f 5196//5792 5195//5792 5551//5792
f 5195//5793 5910//5793 5551//5793
f 5551//5794 5910//5794 5909//5794
f 5551//5795 5909//5795 5275//5795
f 5949//5796 5950//5796 5573//5796
f 5573//5797 5950//5797 5224//5797
f 5573//5798 5224//5798 5570//5798
f 5217//5799 5216//5799 5591//5799
f 5216//5800 5989//5800 5591//5800
f 5591//5801 5989//5801 5990//5801
f 5591//5802 5990//5802 5231//5802
f 5612//5803 5791//5803 5255//5803
f 5612//5804 5255//5804 5609//5804
f 5234//5805 5233//5805 5512//5805
f 5512//5806 5233//5806 5830//5806
f 5512//5807 5830//5807 5209//5807
f 5870//5808 5869//5808 5533//5808
f 5533//5809 5869//5809 5336//5809
f 5533//5810 5336//5810 5530//5810
f 5336//5811 5338//5811 5530//5811
f 5530//5812 5338//5812 5340//5812
f 5530//5813 5340//5813 5527//5813
f 5527//5814 5340//5814 5263//5814
f 5527//5815 5263//5815 5524//5815
f 5524//5816 5263//5816 5262//5816
f 5524//5817 5262//5817 5521//5817
f 5521//5818 5262//5818 5260//5818
f 5521//5819 5260//5819 5518//5819
f 5518//5820 5260//5820 5234//5820
f 5518//5821 5234//5821 5515//5821
f 5515//5822 5234//5822 5512//5822
f 5275//5823 5274//5823 5551//5823
f 5551//5824 5274//5824 5272//5824
f 5551//5825 5272//5825 5548//5825
f 5548//5826 5272//5826 5270//5826
f 5548//5827 5270//5827 5545//5827
f 5545//5828 5270//5828 5268//5828
f 5545//5829 5268//5829 5542//5829
f 5542//5830 5268//5830 5238//5830
f 5542//5831 5238//5831 5539//5831
f 5539//5832 5238//5832 5237//5832
f 5539//5833 5237//5833 5536//5833
f 5536//5834 5237//5834 5242//5834
f 5536//5835 5242//5835 5533//5835
f 5533//5836 5242//5836 5243//5836
f 5533//5837 5243//5837 5870//5837
f 5551//5838 5554//5838 5196//5838
f 5196//5839 5554//5839 5557//5839
f 5196//5840 5557//5840 5213//5840
f 5213//5841 5557//5841 5560//5841
f 5213//5842 5560//5842 5246//5842
f 5246//5843 5560//5843 5562//5843
f 5246//5844 5562//5844 5247//5844
f 5224//5845 5226//5845 5570//5845
f 5570//5846 5226//5846 5228//5846
f 5570//5847 5228//5847 5567//5847
f 5567//5848 5228//5848 5247//5848
f 5567//5849 5247//5849 5564//5849
f 5564//5850 5247//5850 5562//5850
f 5231//5851 5230//5851 5591//5851
f 5591//5852 5230//5852 5306//5852
f 5591//5853 5306//5853 5588//5853
f 5588//5854 5306//5854 5308//5854
f 5588//5855 5308//5855 5585//5855
f 5585//5856 5308//5856 5301//5856
f 5585//5857 5301//5857 5582//5857
f 5582//5858 5301//5858 5303//5858
f 5582//5859 5303//5859 5579//5859
f 5579//5860 5303//5860 5286//5860
f 5579//5861 5286//5861 5576//5861
f 5576//5862 5286//5862 5288//5862
f 5576//5863 5288//5863 5573//5863
f 5573//5864 5288//5864 5289//5864
f 5573//5865 5289//5865 5949//5865
f 5255//5866 5253//5866 5609//5866
f 5609//5867 5253//5867 5206//5867
f 5609//5868 5206//5868 5606//5868
f 5606//5869 5206//5869 5205//5869
f 5606//5870 5205//5870 5603//5870
f 5603//5871 5205//5871 5292//5871
f 5603//5871 5292//5871 5600//5871
f 5600//5872 5292//5872 5291//5872
f 5600//5873 5291//5873 5597//5873
f 5597//5874 5291//5874 5217//5874
f 5597//5875 5217//5875 5594//5875
f 5594//5876 5217//5876 5591//5876
f 5209//5877 5208//5877 5512//5877
f 5512//5878 5208//5878 5220//5878
f 5512//5879 5220//5879 5509//5879
f 5509//5880 5220//5880 5258//5880
f 5509//5881 5258//5881 5505//5881
f 5505//5882 5258//5882 5323//5882
f 5505//5883 5323//5883 5506//5883
f 5506//5884 5323//5884 5321//5884
f 5506//5885 5321//5885 5618//5885
f 5618//5886 5321//5886 5197//5886
f 5618//5887 5197//5887 5615//5887
f 5615//5888 5197//5888 5199//5888
f 5615//5889 5199//5889 5612//5889
f 5612//5890 5199//5890 5201//5890
f 5612//5891 5201//5891 5791//5891
f 5409//5892 5430//5892 5561//5892
f 5561//5893 5559//5893 5409//5893
f 5409//5894 5559//5894 5558//5894
f 5409//5895 5558//5895 5405//5895
f 5558//5896 5556//5896 5405//5896
f 5405//5897 5556//5897 5555//5897
f 5405//5898 5555//5898 5406//5898
f 5406//5899 5555//5899 5553//5899
f 5406//5900 5553//5900 5425//5900
f 5553//5901 5552//5901 5425//5901
f 5425//5902 5552//5902 5550//5902
f 5425//5903 5550//5903 5423//5903
f 5423//5904 5550//5904 5549//5904
f 5423//5905 5549//5905 5498//5905
f 5549//5906 5547//5906 5498//5906
f 5498//5907 5547//5907 5546//5907
f 5498//5908 5546//5908 5494//5908
f 5546//5909 5544//5909 5494//5909
f 5494//5910 5544//5910 5543//5910
f 5494//5911 5543//5911 5493//5911
f 5543//5912 5541//5912 5493//5912
f 5493//5913 5541//5913 5540//5913
f 5493//5914 5540//5914 5492//5914
f 5540//5915 5538//5915 5492//5915
f 5492//5916 5538//5916 5537//5916
f 5492//5917 5537//5917 5486//5917
f 5537//5918 5535//5918 5486//5918
f 5486//5919 5535//5919 5534//5919
f 5486//5920 5534//5920 5472//5920
f 5534//5921 5532//5921 5472//5921
f 5472//5922 5532//5922 5531//5922
f 5472//5923 5531//5923 5473//5923
f 5531//5924 5529//5924 5473//5924
f 5473//5925 5529//5925 5528//5925
f 5473//5926 5528//5926 5483//5926
f 5528//5927 5526//5927 5483//5927
f 5483//5928 5526//5928 5525//5928
f 5483//5929 5525//5929 5480//5929
f 5525//5930 5523//5930 5480//5930
f 5480//5931 5523//5931 5522//5931
f 5480//5932 5522//5932 5354//5932
f 5522//5933 5520//5933 5354//5933
f 5354//5934 5520//5934 5519//5934
f 5354//5935 5519//5935 5355//5935
f 5519//5936 5517//5936 5355//5936
f 5355//5937 5517//5937 5516//5937
f 5355//5938 5516//5938 5399//5938
f 5516//5939 5514//5939 5399//5939
f 5399//5940 5514//5940 5513//5940
f 5399//5941 5513//5941 5396//5941
f 5513//5942 5511//5942 5396//5942
f 5396//5943 5511//5943 5510//5943
f 5396//5944 5510//5944 5403//5944
f 5510//5945 5508//5945 5403//5945
f 5403//5946 5508//5946 5507//5946
f 5403//5947 5507//5947 5404//5947
f 5507//5948 5504//5948 5404//5948
f 5404//5949 5504//5949 5621//5949
f 5404//5950 5621//5950 5383//5950
f 5621//5951 5620//5951 5383//5951
f 5383//5952 5620//5952 5619//5952
f 5383//5953 5619//5953 5384//5953
f 5619//5954 5617//5954 5384//5954
f 5384//5955 5617//5955 5616//5955
f 5384//5956 5616//5956 5382//5956
f 5616//5957 5614//5957 5382//5957
f 5382//5958 5614//5958 5613//5958
f 5382//5959 5613//5959 5376//5959
f 5613//5960 5611//5960 5376//5960
f 5376//5961 5611//5961 5610//5961
f 5376//5962 5610//5962 5374//5962
f 5610//5963 5608//5963 5374//5963
f 5374//5964 5608//5964 5607//5964
f 5374//5965 5607//5965 5465//5965
f 5607//5966 5605//5966 5465//5966
f 5465//5967 5605//5967 5604//5967
f 5465//5968 5604//5968 5471//5968
f 5604//5969 5602//5969 5471//5969
f 5471//5970 5602//5970 5601//5970
f 5471//5971 5601//5971 5470//5971
f 5601//5972 5599//5972 5470//5972
f 5470//5973 5599//5973 5598//5973
f 5470//5974 5598//5974 5468//5974
f 5598//5975 5596//5975 5468//5975
f 5468//5976 5596//5976 5595//5976
f 5468//5977 5595//5977 5459//5977
f 5595//5978 5593//5978 5459//5978
f 5459//5979 5593//5979 5592//5979
f 5459//5980 5592//5980 5457//5980
f 5592//5981 5590//5981 5457//5981
f 5457//5982 5590//5982 5589//5982
f 5457//5983 5589//5983 5462//5983
f 5589//5984 5587//5984 5462//5984
f 5462//5985 5587//5985 5586//5985
f 5462//5986 5586//5986 5359//5986
f 5586//5987 5584//5987 5359//5987
f 5359//5988 5584//5988 5583//5988
f 5359//5989 5583//5989 5357//5989
f 5583//5990 5581//5990 5357//5990
f 5357//5991 5581//5991 5580//5991
f 5357//5992 5580//5992 5360//5992
f 5580//5993 5578//5993 5360//5993
f 5360//5994 5578//5994 5577//5994
f 5360//5995 5577//5995 5361//5995
f 5361//5996 5577//5996 5575//5996
f 5361//5997 5575//5997 5437//5997
f 5437//5998 5575//5998 5574//5998
f 5437//5999 5574//5999 5431//5999
f 5574//6000 5572//6000 5431//6000
f 5431//6001 5572//6001 5571//6001
f 5431//6002 5571//6002 5428//6002
f 5571//6003 5569//6003 5428//6003
f 5428//6004 5569//6004 5568//6004
f 5428//6005 5568//6005 5429//6005
f 5568//6006 5566//6006 5429//6006
f 5429//6007 5566//6007 5565//6007
f 5429//6008 5565//6008 5430//6008
f 5430//6009 5565//6009 5563//6009
f 5430//6010 5563//6010 5561//6010
f 5991//6011 5992//6011 5993//6011
f 5993//6012 5992//6012 5994//6012
f 5992//6012 5995//6012 5994//6012
f 5994//6013 5995//6013 5996//6013
f 5994//6013 5996//6013 5997//6013
f 5997//6014 5996//6014 5998//6014
f 5997//6014 5998//6014 5999//6014
f 5999//6015 5998//6015 6000//6015
f 5999//6015 6000//6015 6001//6015
f 6001//6016 6000//6016 6002//6016
f 6001//6016 6002//6016 6003//6016
f 6003//6017 6002//6017 6004//6017
f 6003//6017 6004//6017 6005//6017
f 6005//6018 6004//6018 6006//6018
f 6005//6018 6006//6018 6007//6018
f 6007//6019 6006//6019 6008//6019
f 6007//6019 6008//6019 6009//6019
f 6009//6020 6008//6020 6010//6020
f 6009//6020 6010//6020 6011//6020
f 6011//6021 6010//6021 6012//6021
f 6011//6021 6012//6021 6013//6021
f 6013//6022 6012//6022 6014//6022
f 6013//6022 6014//6022 6015//6022
f 6015//6023 6014//6023 6016//6023
f 6015//6023 6016//6023 6017//6023
f 6017//6024 6016//6024 6018//6024
f 6017//6024 6018//6024 6019//6024
f 6019//6025 6018//6025 6020//6025
f 6019//6025 6020//6025 6021//6025
f 6021//6026 6020//6026 6022//6026
f 6021//6026 6022//6026 6023//6026
f 6023//6027 6022//6027 6024//6027
f 6023//6027 6024//6027 6025//6027
f 6025//6028 6024//6028 6026//6028
f 6025//6028 6026//6028 6027//6028
f 6027//6029 6026//6029 6028//6029
f 6027//6029 6028//6029 6029//6029
f 6029//6030 6028//6030 6030//6030
f 6029//6030 6030//6030 6031//6030
f 6031//6031 6030//6031 6032//6031
f 6031//6031 6032//6031 6033//6031
f 6033//6032 6032//6032 6034//6032
f 6033//6032 6034//6032 6035//6032
f 6035//6033 6034//6033 6036//6033
f 6035//6033 6036//6033 6037//6033
f 6037//6034 6036//6034 6038//6034
f 6037//6034 6038//6034 6039//6034
f 6039//6035 6038//6035 6040//6035
f 6039//6035 6040//6035 6041//6035
f 6041//6036 6040//6036 6042//6036
f 6041//6036 6042//6036 6043//6036
f 6043//6037 6042//6037 6044//6037
f 6043//6037 6044//6037 6045//6037
f 6045//6038 6044//6038 6046//6038
f 6045//6038 6046//6038 6047//6038
f 6047//6039 6046//6039 6048//6039
f 6047//6039 6048//6039 6049//6039
f 6049//6040 6048//6040 6050//6040
f 6049//6040 6050//6040 6051//6040
f 6051//6041 6050//6041 6052//6041
f 6051//6041 6052//6041 6053//6041
f 6053//6042 6052//6042 6054//6042
f 6053//6042 6054//6042 6055//6042
f 6055//6043 6054//6043 6056//6043
f 6055//6043 6056//6043 6057//6043
f 6057//6044 6056//6044 6058//6044
f 6057//6044 6058//6044 6059//6044
f 6059//6045 6058//6045 6060//6045
f 6059//6045 6060//6045 6061//6045
f 6061//6046 6060//6046 5991//6046
f 6061//6046 5991//6046 6062//6046
f 6062//6011 5991//6011 5993//6011
f 6063//66 6020//66 6064//66
f 6064//66 6020//66 6018//66
f 6064//66 6018//66 6065//66
f 5995//66 6066//66 6067//66
f 6068//66 5998//66 6067//66
f 6067//66 5998//66 5996//66
f 6067//66 5996//66 5995//66
f 6069//66 6004//66 6070//66
f 6070//66 6004//66 6002//66
f 6070//66 6002//66 6068//66
f 6068//66 6002//66 6000//66
f 6068//66 6000//66 5998//66
f 6071//66 6010//66 6072//66
f 6072//66 6010//66 6008//66
f 6072//66 6008//66 6069//66
f 6069//66 6008//66 6006//66
f 6069//66 6006//66 6004//66
f 6073//66 6026//66 6074//66
f 6074//66 6026//66 6024//66
f 6074//66 6024//66 6063//66
f 6063//66 6024//66 6022//66
f 6063//66 6022//66 6020//66
f 6075//66 6042//66 6076//66
f 6076//66 6042//66 6040//66
f 6076//66 6040//66 6077//66
f 6018//66 6016//66 6065//66
f 6065//66 6016//66 6014//66
f 6065//66 6014//66 6071//66
f 6071//66 6014//66 6012//66
f 6071//66 6012//66 6010//66
f 6040//66 6038//66 6077//66
f 6077//66 6038//66 6036//66
f 6077//66 6036//66 6078//66
f 6078//66 6036//66 6034//66
f 6078//66 6034//66 6079//66
f 6034//66 6032//66 6079//66
f 6079//66 6032//66 6030//66
f 6079//66 6030//66 6073//66
f 6073//66 6030//66 6028//66
f 6073//66 6028//66 6026//66
f 6080//66 6046//66 6075//66
f 6075//66 6046//66 6044//66
f 6075//66 6044//66 6042//66
f 6081//66 6052//66 6082//66
f 6082//66 6052//66 6050//66
f 6082//66 6050//66 6080//66
f 6080//66 6050//66 6048//66
f 6080//66 6048//66 6046//66
f 6083//66 6058//66 6084//66
f 6084//66 6058//66 6056//66
f 6084//66 6056//66 6081//66
f 6081//66 6056//66 6054//66
f 6081//66 6054//66 6052//66
f 5995//66 5992//66 6066//66
f 6066//66 5992//66 5991//66
f 6066//66 5991//66 6083//66
f 6083//66 5991//66 6060//66
f 6083//66 6060//66 6058//66
f 6017//213 6019//213 6085//213
f 6085//213 6019//213 6086//213
f 6086//213 6019//213 6021//213
f 6086//213 6021//213 6087//213
f 6087//213 6021//213 6023//213
f 6087//213 6023//213 6088//213
f 6088//213 6023//213 6025//213
f 6088//213 6025//213 6089//213
f 6089//213 6025//213 6027//213
f 6089//213 6027//213 6090//213
f 6090//213 6027//213 6029//213
f 6090//213 6029//213 6091//213
f 6091//213 6029//213 6031//213
f 6091//213 6031//213 6092//213
f 6092//213 6031//213 6033//213
f 6092//213 6033//213 6093//213
f 6093//213 6033//213 6035//213
f 6093//213 6035//213 6094//213
f 6094//213 6035//213 6037//213
f 6094//213 6037//213 6095//213
f 6017//213 6085//213 6015//213
f 6015//213 6085//213 6096//213
f 6015//213 6096//213 6013//213
f 6013//213 6096//213 6097//213
f 6013//213 6097//213 6011//213
f 6011//213 6097//213 6098//213
f 6011//213 6098//213 6009//213
f 6009//213 6098//213 6099//213
f 6009//213 6099//213 6007//213
f 6007//213 6099//213 6100//213
f 6007//213 6100//213 6005//213
f 6005//213 6100//213 6101//213
f 6005//213 6101//213 6003//213
f 6003//213 6101//213 6102//213
f 6003//213 6102//213 6001//213
f 6001//213 6102//213 6103//213
f 6001//213 6103//213 5999//213
f 5999//213 6103//213 6104//213
f 5999//213 6104//213 5997//213
f 5997//213 6104//213 6105//213
f 5997//213 6105//213 5994//213
f 5994//213 6105//213 6106//213
f 5994//213 6106//213 5993//213
f 6037//213 6039//213 6095//213
f 6095//213 6039//213 6041//213
f 6095//213 6041//213 6107//213
f 6107//213 6041//213 6043//213
f 6107//213 6043//213 6108//213
f 6108//213 6043//213 6045//213
f 6108//213 6045//213 6109//213
f 6109//213 6045//213 6047//213
f 6109//213 6047//213 6110//213
f 6110//213 6047//213 6049//213
f 6110//213 6049//213 6111//213
f 6111//213 6049//213 6051//213
f 6111//213 6051//213 6112//213
f 6112//213 6051//213 6053//213
f 6112//213 6053//213 6113//213
f 6113//213 6053//213 6055//213
f 6113//213 6055//213 6114//213
f 6114//213 6055//213 6057//213
f 6114//213 6057//213 6115//213
f 6115//213 6057//213 6059//213
f 6115//213 6059//213 6116//213
f 6116//213 6059//213 6061//213
f 6116//213 6061//213 6106//213
f 6106//213 6061//213 6062//213
f 6106//213 6062//213 5993//213
f 6117//6047 6066//6047 6118//6047
f 6118//6047 6066//6047 6083//6047
f 6118//6048 6083//6048 6119//6048
f 6119//6048 6083//6048 6084//6048
f 6119//6049 6084//6049 6120//6049
f 6120//6049 6084//6049 6081//6049
f 6120//6050 6081//6050 6121//6050
f 6121//6050 6081//6050 6082//6050
f 6121//6051 6082//6051 6122//6051
f 6122//6051 6082//6051 6080//6051
f 6122//6052 6080//6052 6123//6052
f 6123//6052 6080//6052 6075//6052
f 6123//6053 6075//6053 6124//6053
f 6124//6053 6075//6053 6076//6053
f 6124//6054 6076//6054 6125//6054
f 6125//6054 6076//6054 6077//6054
f 6125//6055 6077//6055 6126//6055
f 6126//6055 6077//6055 6078//6055
f 6126//6056 6078//6056 6127//6056
f 6127//6056 6078//6056 6079//6056
f 6127//6057 6079//6057 6128//6057
f 6128//6057 6079//6057 6073//6057
f 6128//6058 6073//6058 6129//6058
f 6129//6058 6073//6058 6074//6058
f 6129//6059 6074//6059 6130//6059
f 6130//6059 6074//6059 6063//6059
f 6130//6060 6063//6060 6131//6060
f 6131//6060 6063//6060 6064//6060
f 6131//6061 6064//6061 6132//6061
f 6132//6061 6064//6061 6065//6061
f 6132//6062 6065//6062 6133//6062
f 6133//6062 6065//6062 6071//6062
f 6133//6063 6071//6063 6134//6063
f 6134//6063 6071//6063 6072//6063
f 6134//6064 6072//6064 6135//6064
f 6135//6064 6072//6064 6069//6064
f 6135//6065 6069//6065 6136//6065
f 6136//6065 6069//6065 6070//6065
f 6136//6066 6070//6066 6137//6066
f 6137//6066 6070//6066 6068//6066
f 6137//6067 6068//6067 6138//6067
f 6138//6067 6068//6067 6067//6067
f 6138//6068 6067//6068 6117//6068
f 6117//6068 6067//6068 6066//6068
f 6117//66 6118//66 6139//66
f 6136//66 6137//66 6139//66
f 6139//66 6137//66 6138//66
f 6139//66 6138//66 6117//66
f 6133//66 6134//66 6139//66
f 6139//66 6134//66 6135//66
f 6139//66 6135//66 6136//66
f 6130//66 6131//66 6139//66
f 6139//66 6131//66 6132//66
f 6139//66 6132//66 6133//66
f 6127//66 6128//66 6139//66
f 6139//66 6128//66 6129//66
f 6139//66 6129//66 6130//66
f 6124//66 6125//66 6139//66
f 6139//66 6125//66 6126//66
f 6139//66 6126//66 6127//66
f 6121//66 6122//66 6139//66
f 6139//66 6122//66 6123//66
f 6139//66 6123//66 6124//66
f 6118//66 6119//66 6139//66
f 6139//66 6119//66 6120//66
f 6139//66 6120//66 6121//66
f 6140//6069 6090//6069 6141//6069
f 6141//6069 6090//6069 6091//6069
f 6141//6070 6091//6070 6142//6070
f 6142//6070 6091//6070 6092//6070
f 6142//6071 6092//6071 6143//6071
f 6143//6071 6092//6071 6093//6071
f 6143//6072 6093//6072 6144//6072
f 6144//6072 6093//6072 6094//6072
f 6144//6073 6094//6073 6145//6073
f 6145//6073 6094//6073 6095//6073
f 6145//6074 6095//6074 6146//6074
f 6146//6074 6095//6074 6107//6074
f 6146//6075 6107//6075 6147//6075
f 6147//6075 6107//6075 6108//6075
f 6147//6076 6108//6076 6148//6076
f 6148//6076 6108//6076 6109//6076
f 6148//6077 6109//6077 6149//6077
f 6149//6077 6109//6077 6110//6077
f 6149//6078 6110//6078 6150//6078
f 6150//6078 6110//6078 6111//6078
f 6150//6079 6111//6079 6151//6079
f 6151//6079 6111//6079 6112//6079
f 6151//6080 6112//6080 6152//6080
f 6152//6080 6112//6080 6113//6080
f 6152//6081 6113//6081 6153//6081
f 6153//6081 6113//6081 6114//6081
f 6153//6082 6114//6082 6154//6082
f 6154//6082 6114//6082 6115//6082
f 6154//6083 6115//6083 6155//6083
f 6155//6083 6115//6083 6116//6083
f 6155//6084 6116//6084 6156//6084
f 6156//6084 6116//6084 6106//6084
f 6156//6085 6106//6085 6157//6085
f 6157//6085 6106//6085 6105//6085
f 6157//6086 6105//6086 6158//6086
f 6158//6086 6105//6086 6104//6086
f 6158//6087 6104//6087 6159//6087
f 6159//6087 6104//6087 6103//6087
f 6159//6088 6103//6088 6160//6088
f 6160//6088 6103//6088 6102//6088
f 6160//6089 6102//6089 6161//6089
f 6161//6089 6102//6089 6101//6089
f 6161//6090 6101//6090 6162//6090
f 6162//6090 6101//6090 6100//6090
f 6162//6091 6100//6091 6163//6091
f 6163//6091 6100//6091 6099//6091
f 6163//6092 6099//6092 6164//6092
f 6164//6092 6099//6092 6098//6092
f 6164//6093 6098//6093 6165//6093
f 6165//6093 6098//6093 6097//6093
f 6165//6094 6097//6094 6166//6094
f 6166//6094 6097//6094 6096//6094
f 6166//6095 6096//6095 6167//6095
f 6167//6095 6096//6095 6085//6095
f 6167//6096 6085//6096 6168//6096
f 6168//6096 6085//6096 6086//6096
f 6168//6097 6086//6097 6169//6097
f 6169//6097 6086//6097 6087//6097
f 6169//6098 6087//6098 6170//6098
f 6170//6098 6087//6098 6088//6098
f 6170//6099 6088//6099 6171//6099
f 6171//6099 6088//6099 6089//6099
f 6171//6100 6089//6100 6140//6100
f 6140//6100 6089//6100 6090//6100
f 6140//213 6141//213 6172//213
f 6140//213 6172//213 6171//213
f 6168//213 6169//213 6172//213
f 6172//213 6169//213 6170//213
f 6172//213 6170//213 6171//213
f 6165//213 6166//213 6172//213
f 6172//213 6166//213 6167//213
f 6172//213 6167//213 6168//213
f 6162//213 6163//213 6172//213
f 6172//213 6163//213 6164//213
f 6172//213 6164//213 6165//213
f 6159//213 6160//213 6172//213
f 6172//213 6160//213 6161//213
f 6172//213 6161//213 6162//213
f 6156//213 6157//213 6172//213
f 6172//213 6157//213 6158//213
f 6172//213 6158//213 6159//213
f 6153//213 6154//213 6172//213
f 6172//213 6154//213 6155//213
f 6172//213 6155//213 6156//213
f 6150//213 6151//213 6172//213
f 6172//213 6151//213 6152//213
f 6172//213 6152//213 6153//213
f 6147//213 6148//213 6172//213
f 6172//213 6148//213 6149//213
f 6172//213 6149//213 6150//213
f 6144//213 6145//213 6172//213
f 6172//213 6145//213 6146//213
f 6172//213 6146//213 6147//213
f 6141//213 6142//213 6172//213
f 6172//213 6142//213 6143//213
f 6172//213 6143//213 6144//213
# Vertices: 6172, normals: 6100, texture coordinates: 0, faces: 12146

