# File generated by ImageToStl.com - Free Image and 3D model conversion tools

o obj1
v -0.00779892 0.01088576 -0.01288768
v -0.00755171 0.01088576 -0.01299007
v -0.00728642 0.01088576 -0.012
v -0.00728642 0.01088576 -0.013025
v -0.00702113 0.01088576 -0.01299007
v -0.0082765 0.01088576 -0.01226529
v -0.0081741 0.01088576 -0.0125125
v -0.00801121 0.01088576 -0.01272478
v -0.0081741 0.01088576 -0.0114875
v -0.0082765 0.01088576 -0.01173471
v -0.00831142 0.01088576 -0.012
v -0.00755171 0.01088576 -0.01100993
v -0.00779892 0.01088576 -0.01111232
v -0.00801121 0.01088576 -0.01127522
v -0.00677392 0.01088576 -0.01111232
v -0.00702113 0.01088576 -0.01100993
v -0.00728642 0.01088576 -0.010975
v -0.00629635 0.01088576 -0.01173471
v -0.00639875 0.01088576 -0.0114875
v -0.00656164 0.01088576 -0.01127522
v -0.00639875 0.01088576 -0.0125125
v -0.00629635 0.01088576 -0.01226529
v -0.00626142 0.01088576 -0.012
v -0.00677392 0.01088576 -0.01288768
v -0.00656164 0.01088576 -0.01272478
v -0.01379892 0.01088576 -0.01288768
v -0.01355171 0.01088576 -0.01299007
v -0.01328642 0.01088576 -0.012
v -0.01328642 0.01088576 -0.013025
v -0.01302113 0.01088576 -0.01299007
v -0.0142765 0.01088576 -0.01226529
v -0.0141741 0.01088576 -0.0125125
v -0.01401121 0.01088576 -0.01272478
v -0.0141741 0.01088576 -0.0114875
v -0.0142765 0.01088576 -0.01173471
v -0.01431142 0.01088576 -0.012
v -0.01355171 0.01088576 -0.01100993
v -0.01379892 0.01088576 -0.01111232
v -0.01401121 0.01088576 -0.01127522
v -0.01277392 0.01088576 -0.01111232
v -0.01302113 0.01088576 -0.01100993
v -0.01328642 0.01088576 -0.010975
v -0.01229635 0.01088576 -0.01173471
v -0.01239875 0.01088576 -0.0114875
v -0.01256164 0.01088576 -0.01127522
v -0.01239875 0.01088576 -0.0125125
v -0.01229635 0.01088576 -0.01226529
v -0.01226142 0.01088576 -0.012
v -0.01277392 0.01088576 -0.01288768
v -0.01256164 0.01088576 -0.01272478
v -0.01979892 0.01088576 -0.01288768
v -0.01955171 0.01088576 -0.01299007
v -0.01928642 0.01088576 -0.012
v -0.01928642 0.01088576 -0.013025
v -0.01902113 0.01088576 -0.01299007
v -0.0202765 0.01088576 -0.01226529
v -0.0201741 0.01088576 -0.0125125
v -0.02001121 0.01088576 -0.01272478
v -0.0201741 0.01088576 -0.0114875
v -0.0202765 0.01088576 -0.01173471
v -0.02031142 0.01088576 -0.012
v -0.01955171 0.01088576 -0.01100993
v -0.01979892 0.01088576 -0.01111232
v -0.02001121 0.01088576 -0.01127522
v -0.01877392 0.01088576 -0.01111232
v -0.01902113 0.01088576 -0.01100993
v -0.01928642 0.01088576 -0.010975
v -0.01829635 0.01088576 -0.01173471
v -0.01839875 0.01088576 -0.0114875
v -0.01856164 0.01088576 -0.01127522
v -0.01839875 0.01088576 -0.0125125
v -0.01829635 0.01088576 -0.01226529
v -0.01826142 0.01088576 -0.012
v -0.01877392 0.01088576 -0.01288768
v -0.01856164 0.01088576 -0.01272478
v -0.00779892 0.01088576 0.01111232
v -0.00755171 0.01088576 0.01100993
v -0.00728642 0.01088576 0.012
v -0.00728642 0.01088576 0.010975
v -0.00702113 0.01088576 0.01100993
v -0.0082765 0.01088576 0.01173471
v -0.0081741 0.01088576 0.0114875
v -0.00801121 0.01088576 0.01127522
v -0.0081741 0.01088576 0.0125125
v -0.0082765 0.01088576 0.01226529
v -0.00831142 0.01088576 0.012
v -0.00755171 0.01088576 0.01299007
v -0.00779892 0.01088576 0.01288768
v -0.00801121 0.01088576 0.01272478
v -0.00677392 0.01088576 0.01288768
v -0.00702113 0.01088576 0.01299007
v -0.00728642 0.01088576 0.013025
v -0.00629635 0.01088576 0.01226529
v -0.00639875 0.01088576 0.0125125
v -0.00656164 0.01088576 0.01272478
v -0.00639875 0.01088576 0.0114875
v -0.00629635 0.01088576 0.01173471
v -0.00626142 0.01088576 0.012
v -0.00677392 0.01088576 0.01111232
v -0.00656164 0.01088576 0.01127522
v -0.01379892 0.01088576 0.01111232
v -0.01355171 0.01088576 0.01100993
v -0.01328642 0.01088576 0.012
v -0.01328642 0.01088576 0.010975
v -0.01302113 0.01088576 0.01100993
v -0.0142765 0.01088576 0.01173471
v -0.0141741 0.01088576 0.0114875
v -0.01401121 0.01088576 0.01127522
v -0.0141741 0.01088576 0.0125125
v -0.0142765 0.01088576 0.01226529
v -0.01431142 0.01088576 0.012
v -0.01355171 0.01088576 0.01299007
v -0.01379892 0.01088576 0.01288768
v -0.01401121 0.01088576 0.01272478
v -0.01277392 0.01088576 0.01288768
v -0.01302113 0.01088576 0.01299007
v -0.01328642 0.01088576 0.013025
v -0.01229635 0.01088576 0.01226529
v -0.01239875 0.01088576 0.0125125
v -0.01256164 0.01088576 0.01272478
v -0.01239875 0.01088576 0.0114875
v -0.01229635 0.01088576 0.01173471
v -0.01226142 0.01088576 0.012
v -0.01277392 0.01088576 0.01111232
v -0.01256164 0.01088576 0.01127522
v -0.01979892 0.01088576 0.01111232
v -0.01955171 0.01088576 0.01100993
v -0.01928642 0.01088576 0.012
v -0.01928642 0.01088576 0.010975
v -0.01902113 0.01088576 0.01100993
v -0.0202765 0.01088576 0.01173471
v -0.0201741 0.01088576 0.0114875
v -0.02001121 0.01088576 0.01127522
v -0.0201741 0.01088576 0.0125125
v -0.0202765 0.01088576 0.01226529
v -0.02031142 0.01088576 0.012
v -0.01955171 0.01088576 0.01299007
v -0.01979892 0.01088576 0.01288768
v -0.02001121 0.01088576 0.01272478
v -0.01877392 0.01088576 0.01288768
v -0.01902113 0.01088576 0.01299007
v -0.01928642 0.01088576 0.013025
v -0.01829635 0.01088576 0.01226529
v -0.01839875 0.01088576 0.0125125
v -0.01856164 0.01088576 0.01272478
v -0.01839875 0.01088576 0.0114875
v -0.01829635 0.01088576 0.01173471
v -0.01826142 0.01088576 0.012
v -0.01877392 0.01088576 0.01111232
v -0.01856164 0.01088576 0.01127522
v -0.01983096 0.01088576 0.00616935
v -0.01993335 0.01088576 0.00592214
v -0.01894328 0.01088576 0.00565685
v -0.01996828 0.01088576 0.00565685
v -0.01993335 0.01088576 0.00539156
v -0.01920857 0.01088576 0.00664693
v -0.01945578 0.01088576 0.00654453
v -0.01966806 0.01088576 0.00638164
v -0.01843078 0.01088576 0.00654453
v -0.01867799 0.01088576 0.00664693
v -0.01894328 0.01088576 0.00668185
v -0.0179532 0.01088576 0.00592214
v -0.0180556 0.01088576 0.00616935
v -0.01821849 0.01088576 0.00638164
v -0.0180556 0.01088576 0.00514435
v -0.0179532 0.01088576 0.00539156
v -0.01791828 0.01088576 0.00565685
v -0.01867799 0.01088576 0.00466678
v -0.01843078 0.01088576 0.00476918
v -0.01821849 0.01088576 0.00493207
v -0.01945578 0.01088576 0.00476918
v -0.01920857 0.01088576 0.00466678
v -0.01894328 0.01088576 0.00463185
v -0.01983096 0.01088576 0.00514435
v -0.01966806 0.01088576 0.00493207
v -0.00851725 0.01088576 0.00616935
v -0.00861964 0.01088576 0.00592214
v -0.00762957 0.01088576 0.00565685
v -0.00865457 0.01088576 0.00565685
v -0.00861964 0.01088576 0.00539156
v -0.00789486 0.01088576 0.00664693
v -0.00814207 0.01088576 0.00654453
v -0.00835435 0.01088576 0.00638164
v -0.00711707 0.01088576 0.00654453
v -0.00736428 0.01088576 0.00664693
v -0.00762957 0.01088576 0.00668185
v -0.0066395 0.01088576 0.00592214
v -0.00674189 0.01088576 0.00616935
v -0.00690479 0.01088576 0.00638164
v -0.00674189 0.01088576 0.00514435
v -0.0066395 0.01088576 0.00539156
v -0.00660457 0.01088576 0.00565685
v -0.00736428 0.01088576 0.00466678
v -0.00711707 0.01088576 0.00476918
v -0.00690479 0.01088576 0.00493207
v -0.00814207 0.01088576 0.00476918
v -0.00789486 0.01088576 0.00466678
v -0.00762957 0.01088576 0.00463185
v -0.00851725 0.01088576 0.00514435
v -0.00835435 0.01088576 0.00493207
v -0.01983096 0.01088576 -0.00514435
v -0.01993335 0.01088576 -0.00539156
v -0.01894328 0.01088576 -0.00565685
v -0.01996828 0.01088576 -0.00565685
v -0.01993335 0.01088576 -0.00592214
v -0.01920857 0.01088576 -0.00466678
v -0.01945578 0.01088576 -0.00476918
v -0.01966806 0.01088576 -0.00493207
v -0.01843078 0.01088576 -0.00476918
v -0.01867799 0.01088576 -0.00466678
v -0.01894328 0.01088576 -0.00463185
v -0.0179532 0.01088576 -0.00539156
v -0.0180556 0.01088576 -0.00514435
v -0.01821849 0.01088576 -0.00493207
v -0.0180556 0.01088576 -0.00616935
v -0.0179532 0.01088576 -0.00592214
v -0.01791828 0.01088576 -0.00565685
v -0.01867799 0.01088576 -0.00664693
v -0.01843078 0.01088576 -0.00654453
v -0.01821849 0.01088576 -0.00638164
v -0.01945578 0.01088576 -0.00654453
v -0.01920857 0.01088576 -0.00664693
v -0.01894328 0.01088576 -0.00668185
v -0.01983096 0.01088576 -0.00616935
v -0.01966806 0.01088576 -0.00638164
v -0.00851725 0.01088576 -0.00514435
v -0.00861964 0.01088576 -0.00539156
v -0.00762957 0.01088576 -0.00565685
v -0.00865457 0.01088576 -0.00565685
v -0.00861964 0.01088576 -0.00592214
v -0.00789486 0.01088576 -0.00466678
v -0.00814207 0.01088576 -0.00476918
v -0.00835435 0.01088576 -0.00493207
v -0.00711707 0.01088576 -0.00476918
v -0.00736428 0.01088576 -0.00466678
v -0.00762957 0.01088576 -0.00463185
v -0.0066395 0.01088576 -0.00539156
v -0.00674189 0.01088576 -0.00514435
v -0.00690479 0.01088576 -0.00493207
v -0.00674189 0.01088576 -0.00616935
v -0.0066395 0.01088576 -0.00592214
v -0.00660457 0.01088576 -0.00565685
v -0.00736428 0.01088576 -0.00664693
v -0.00711707 0.01088576 -0.00654453
v -0.00690479 0.01088576 -0.00638164
v -0.00814207 0.01088576 -0.00654453
v -0.00789486 0.01088576 -0.00664693
v -0.00762957 0.01088576 -0.00668185
v -0.00851725 0.01088576 -0.00616935
v -0.00835435 0.01088576 -0.00638164
v -0.0141741 0.01088576 0.0065125
v -0.0142765 0.01088576 0.00626529
v -0.01328642 0.01088576 0.006
v -0.01431142 0.01088576 0.006
v -0.0142765 0.01088576 0.00573471
v -0.01355171 0.01088576 0.00699007
v -0.01379892 0.01088576 0.00688768
v -0.01401121 0.01088576 0.00672478
v -0.01277392 0.01088576 0.00688768
v -0.01302113 0.01088576 0.00699007
v -0.01328642 0.01088576 0.007025
v -0.01229635 0.01088576 0.00626529
v -0.01239875 0.01088576 0.0065125
v -0.01256164 0.01088576 0.00672478
v -0.01239875 0.01088576 0.0054875
v -0.01229635 0.01088576 0.00573471
v -0.01226142 0.01088576 0.006
v -0.01302113 0.01088576 0.00500993
v -0.01277392 0.01088576 0.00511232
v -0.01256164 0.01088576 0.00527522
v -0.01379892 0.01088576 0.00511232
v -0.01355171 0.01088576 0.00500993
v -0.01328642 0.01088576 0.004975
v -0.0141741 0.01088576 0.0054875
v -0.01401121 0.01088576 0.00527522
v -0.01239875 0.01088576 -0.0065125
v -0.01229635 0.01088576 -0.00626529
v -0.01328642 0.01088576 -0.006
v -0.01226142 0.01088576 -0.006
v -0.01229635 0.01088576 -0.00573471
v -0.01302113 0.01088576 -0.00699007
v -0.01277392 0.01088576 -0.00688768
v -0.01256164 0.01088576 -0.00672478
v -0.01379892 0.01088576 -0.00688768
v -0.01355171 0.01088576 -0.00699007
v -0.01328642 0.01088576 -0.007025
v -0.0142765 0.01088576 -0.00626529
v -0.0141741 0.01088576 -0.0065125
v -0.01401121 0.01088576 -0.00672478
v -0.0141741 0.01088576 -0.0054875
v -0.0142765 0.01088576 -0.00573471
v -0.01431142 0.01088576 -0.006
v -0.01355171 0.01088576 -0.00500993
v -0.01379892 0.01088576 -0.00511232
v -0.01401121 0.01088576 -0.00527522
v -0.01277392 0.01088576 -0.00511232
v -0.01302113 0.01088576 -0.00500993
v -0.01328642 0.01088576 -0.004975
v -0.01239875 0.01088576 -0.0054875
v -0.01256164 0.01088576 -0.00527522
v -0.01032761 0.00938576 -0.00512481
v -0.01032761 0.00788576 -0.00512481
v -0.0101281 0.00788576 -0.00450802
v -0.0101281 0.00938576 -0.00450802
v -0.00978975 0.00788576 -0.00395506
v -0.00978975 0.00938576 -0.00395506
v -0.00933136 0.00788576 -0.00349667
v -0.00933136 0.00938576 -0.00349667
v -0.00877841 0.00788576 -0.00315832
v -0.00877841 0.00938576 -0.00315832
v -0.00816161 0.00788576 -0.00295881
v -0.00816161 0.00938576 -0.00295881
v -0.01128642 0.00938576 -0.0034641
v -0.01128642 0.00838576 -0.0034641
v -0.01103642 0.00788576 -0.00389711
v -0.01110113 0.0079028 -0.00378504
v -0.01127791 0.00825635 -0.00347886
v -0.01125293 0.00813576 -0.00352211
v -0.0112132 0.00803221 -0.00359093
v -0.01116142 0.00795275 -0.00368061
v -0.01213172 0.00814593 -0.00389366
v -0.01213172 0.00813575 -0.00389963
v -0.01213172 0.00803216 -0.00398248
v -0.01213172 0.00801609 -0.004
v -0.01210082 0.00796926 -0.00405353
v -0.01213172 0.00810475 -0.00391991
v -0.01213172 0.00838576 -0.00382971
v -0.01213172 0.00830402 -0.00383673
v -0.01213172 0.00825635 -0.0038475
v -0.01213172 0.00825212 -0.0038487
v -0.01195871 0.00788576 -0.00429967
v -0.01202049 0.00790047 -0.00419267
v -0.01208709 0.00795273 -0.0040773
v -0.01204558 0.00791527 -0.0041492
v -0.01202512 0.0079028 -0.00418464
v -0.01142937 0.00788576 -0.00521651
v -0.01142937 0.00968576 -0.00521651
v -0.01097702 0.00788576 -0.006
v -0.01097702 0.00968576 -0.006
v -0.01167937 0.00788576 -0.00478349
v -0.01167937 0.00968576 -0.00478349
v -0.01213172 0.00968576 -0.004
v -0.01129457 0.00788576 -0.00655
v -0.01129457 0.00968576 -0.00655
v -0.01103476 0.00968576 -0.007
v -0.01103476 0.00788576 -0.007
v -0.0111124 0.00788576 -0.00698978
v -0.0111124 0.00968576 -0.00698978
v -0.01118476 0.00788576 -0.00695981
v -0.01118476 0.00968576 -0.00695981
v -0.01124689 0.00788576 -0.00691213
v -0.01124689 0.00968576 -0.00691213
v -0.01129457 0.00788576 -0.00685
v -0.01129457 0.00968576 -0.00685
v -0.01132454 0.00788576 -0.00677765
v -0.01132454 0.00968576 -0.00677765
v -0.01133476 0.00788576 -0.0067
v -0.01133476 0.00968576 -0.0067
v -0.01132454 0.00788576 -0.00662235
v -0.01132454 0.00968576 -0.00662235
v -0.01003642 0.00788576 -0.007
v -0.01003642 0.00968576 -0.007
v -0.00913172 0.00788576 -0.007
v -0.00913172 0.00968576 -0.007
v -0.01053642 0.00788576 -0.007
v -0.01053642 0.00968576 -0.007
v -0.01603642 0.00788576 -0.007
v -0.01603642 0.00968576 -0.007
v -0.01553809 0.00788576 -0.007
v -0.01553809 0.00968576 -0.007
v -0.01744112 0.00788576 -0.007
v -0.01744112 0.00968576 -0.007
v -0.01653642 0.00788576 -0.007
v -0.01653642 0.00968576 -0.007
v -0.00896403 0.00788576 -0.00678899
v -0.00896403 0.00968576 -0.00678899
v -0.00843113 0.00968576 -0.00721249
v -0.00843113 0.00788576 -0.00721249
v -0.00801082 0.00968576 -0.00736482
v -0.00801082 0.00788576 -0.00736482
v -0.00756563 0.00968576 -0.00740569
v -0.00756563 0.00788576 -0.00740569
v -0.00712462 0.00968576 -0.00733242
v -0.00712462 0.00788576 -0.00733242
v -0.00671656 0.00968576 -0.00714981
v -0.00671656 0.00788576 -0.00714981
v -0.00636808 0.00968576 -0.00686976
v -0.00636808 0.00788576 -0.00686976
v -0.00610193 0.00968576 -0.00651056
v -0.00610193 0.00788576 -0.00651056
v -0.00593547 0.00968576 -0.00609565
v -0.00593547 0.00788576 -0.00609565
v -0.00587958 0.00968576 -0.0056521
v -0.00587958 0.00788576 -0.0056521
v -0.00593788 0.00968576 -0.00520886
v -0.00593788 0.00788576 -0.00520886
v -0.00610659 0.00968576 -0.00479485
v -0.00610659 0.00788576 -0.00479485
v -0.00637469 0.00968576 -0.00443711
v -0.00637469 0.00788576 -0.00443711
v -0.00672469 0.00968576 -0.00415896
v -0.00672469 0.00788576 -0.00415896
v -0.00713374 0.00968576 -0.00397857
v -0.00713374 0.00788576 -0.00397857
v -0.00757514 0.00968576 -0.0039077
v -0.00757514 0.00788576 -0.0039077
v -0.0080201 0.00968576 -0.00395099
v -0.0080201 0.00788576 -0.00395099
v -0.00843957 0.00968576 -0.0041056
v -0.00843957 0.00788576 -0.0041056
v -0.00880618 0.00968576 -0.00436145
v -0.00880618 0.00788576 -0.00436145
v -0.00909601 0.00968576 -0.00470183
v -0.00909601 0.00788576 -0.00470183
v -0.00929013 0.00968576 -0.00510455
v -0.00929013 0.00788576 -0.00510455
v -0.00937588 0.00968576 -0.00554331
v -0.00937588 0.00788576 -0.00554331
v -0.00934767 0.00968576 -0.00598947
v -0.00934767 0.00788576 -0.00598947
v -0.00920733 0.00968576 -0.00641393
v -0.00920733 0.00788576 -0.00641393
v -0.00876586 0.00788576 -0.00763369
v -0.00876586 0.00968576 -0.00763369
v -0.00797702 0.00968576 -0.009
v -0.00797702 0.00788576 -0.009
v -0.008483 0.00968576 -0.00812363
v -0.00829457 0.00788576 -0.00955
v -0.00829457 0.00968576 -0.00955
v -0.00803476 0.00968576 -0.01
v -0.00803476 0.00788576 -0.01
v -0.0081124 0.00788576 -0.00998978
v -0.0081124 0.00968576 -0.00998978
v -0.00818476 0.00788576 -0.00995981
v -0.00818476 0.00968576 -0.00995981
v -0.00824689 0.00788576 -0.00991213
v -0.00824689 0.00968576 -0.00991213
v -0.00829457 0.00788576 -0.00985
v -0.00829457 0.00968576 -0.00985
v -0.00832454 0.00788576 -0.00977765
v -0.00832454 0.00968576 -0.00977765
v -0.00833476 0.00788576 -0.0097
v -0.00833476 0.00968576 -0.0097
v -0.00832454 0.00788576 -0.00962235
v -0.00832454 0.00968576 -0.00962235
v -0.00703642 0.00788576 -0.01
v -0.00703642 0.00968576 -0.01
v -0.00636331 0.00788576 -0.01
v -0.00613172 0.00968576 -0.01
v -0.00613172 0.00788576 -0.01
v -0.00753642 0.00788576 -0.01
v -0.00753642 0.00968576 -0.01
v -0.01903642 0.00788576 -0.01
v -0.01903642 0.00968576 -0.01
v -0.01853809 0.00788576 -0.01
v -0.01853809 0.00968576 -0.01
v -0.01953642 0.00968576 -0.01
v -0.01953642 0.00788576 -0.01
v -0.02013985 0.00968576 -0.01
v -0.02020954 0.00788576 -0.01
v -0.02044112 0.00968576 -0.01
v -0.02044112 0.00788576 -0.01
v -0.01403476 0.00788576 -0.01
v -0.01403476 0.00968576 -0.01
v -0.01353642 0.00788576 -0.01
v -0.01353642 0.00968576 -0.01
v -0.01303642 0.00788576 -0.01
v -0.01303642 0.00968576 -0.01
v -0.01253809 0.00788576 -0.01
v -0.01253809 0.00968576 -0.01
v -0.00497702 0.00968576 -0.012
v -0.00497702 0.00788576 -0.012
v -0.00581562 0.00968576 -0.0105475
v -0.00608987 0.00968576 -0.0100725
v -0.00567937 0.00788576 -0.01321651
v -0.00567937 0.00968576 -0.01321651
v -0.00613172 0.00788576 -0.014
v -0.00613172 0.00968576 -0.014
v -0.00542937 0.00788576 -0.01278349
v -0.00542937 0.00968576 -0.01278349
v -0.00636331 0.00788576 -0.014
v -0.00844113 0.00968576 -0.014
v -0.00844113 0.00788576 -0.014
v -0.00914347 0.00788576 -0.01278349
v -0.00914347 0.00968576 -0.01278349
v -0.00959583 0.00788576 -0.012
v -0.00959583 0.00968576 -0.012
v -0.00889347 0.00968576 -0.01321651
v -0.00889347 0.00788576 -0.01321651
v -0.008483 0.00968576 -0.01392747
v -0.00927828 0.00788576 -0.01145
v -0.00927828 0.00968576 -0.01145
v -0.00953809 0.00968576 -0.011
v -0.00953809 0.00788576 -0.011
v -0.00946044 0.00788576 -0.01101022
v -0.00946044 0.00968576 -0.01101022
v -0.00938809 0.00788576 -0.01104019
v -0.00938809 0.00968576 -0.01104019
v -0.00932596 0.00788576 -0.01108787
v -0.00932596 0.00968576 -0.01108787
v -0.00927828 0.00788576 -0.01115
v -0.00927828 0.00968576 -0.01115
v -0.00924831 0.00788576 -0.01122235
v -0.00924831 0.00968576 -0.01122235
v -0.00923809 0.00788576 -0.0113
v -0.00923809 0.00968576 -0.0113
v -0.00924831 0.00788576 -0.01137765
v -0.00924831 0.00968576 -0.01137765
v -0.01053642 0.00788576 -0.011
v -0.01053642 0.00968576 -0.011
v -0.01103476 0.00788576 -0.011
v -0.01103476 0.00968576 -0.011
v -0.01003642 0.00788576 -0.011
v -0.01003642 0.00968576 -0.011
v -0.0111124 0.00968576 -0.01101022
v -0.0111124 0.00788576 -0.01101022
v -0.01118476 0.00968576 -0.01104019
v -0.01118476 0.00788576 -0.01104019
v -0.01124689 0.00968576 -0.01108787
v -0.01124689 0.00788576 -0.01108787
v -0.01129457 0.00968576 -0.01115
v -0.01129457 0.00788576 -0.01115
v -0.01132454 0.00968576 -0.01122235
v -0.01132454 0.00788576 -0.01122235
v -0.01133476 0.00968576 -0.0113
v -0.01133476 0.00788576 -0.0113
v -0.01132454 0.00968576 -0.01137765
v -0.01132454 0.00788576 -0.01137765
v -0.01129457 0.00968576 -0.01145
v -0.01129457 0.00788576 -0.01145
v -0.01097702 0.00788576 -0.012
v -0.01097702 0.00968576 -0.012
v -0.01167937 0.00788576 -0.01321651
v -0.01167937 0.00968576 -0.01321651
v -0.01213172 0.00788576 -0.014
v -0.01213172 0.00968576 -0.014
v -0.01142937 0.00788576 -0.01278349
v -0.01142937 0.00968576 -0.01278349
v -0.01328642 0.00788576 -0.014
v -0.01444113 0.00968576 -0.014
v -0.01444113 0.00788576 -0.014
v -0.01432309 0.00968576 -0.014
v -0.01224976 0.00968576 -0.014
v -0.01514347 0.00788576 -0.01278349
v -0.01514347 0.00968576 -0.01278349
v -0.01559583 0.00788576 -0.012
v -0.01559583 0.00968576 -0.012
v -0.01489347 0.00788576 -0.01321651
v -0.01489347 0.00968576 -0.01321651
v -0.01527828 0.00788576 -0.01145
v -0.01527828 0.00968576 -0.01145
v -0.01553809 0.00968576 -0.011
v -0.01553809 0.00788576 -0.011
v -0.01546044 0.00788576 -0.01101022
v -0.01546044 0.00968576 -0.01101022
v -0.01538809 0.00788576 -0.01104019
v -0.01538809 0.00968576 -0.01104019
v -0.01532596 0.00788576 -0.01108787
v -0.01532596 0.00968576 -0.01108787
v -0.01527828 0.00788576 -0.01115
v -0.01527828 0.00968576 -0.01115
v -0.01524831 0.00788576 -0.01122235
v -0.01524831 0.00968576 -0.01122235
v -0.01523809 0.00788576 -0.0113
v -0.01523809 0.00968576 -0.0113
v -0.01524831 0.00788576 -0.01137765
v -0.01524831 0.00968576 -0.01137765
v -0.01653642 0.00788576 -0.011
v -0.01653642 0.00968576 -0.011
v -0.01703476 0.00788576 -0.011
v -0.01703476 0.00968576 -0.011
v -0.01603642 0.00788576 -0.011
v -0.01603642 0.00968576 -0.011
v -0.0171124 0.00968576 -0.01101022
v -0.0171124 0.00788576 -0.01101022
v -0.01718476 0.00968576 -0.01104019
v -0.01718476 0.00788576 -0.01104019
v -0.01724689 0.00968576 -0.01108787
v -0.01724689 0.00788576 -0.01108787
v -0.01729457 0.00968576 -0.01115
v -0.01729457 0.00788576 -0.01115
v -0.01732454 0.00968576 -0.01122235
v -0.01732454 0.00788576 -0.01122235
v -0.01733476 0.00968576 -0.0113
v -0.01733476 0.00788576 -0.0113
v -0.01732454 0.00968576 -0.01137765
v -0.01732454 0.00788576 -0.01137765
v -0.01729457 0.00968576 -0.01145
v -0.01729457 0.00788576 -0.01145
v -0.01697702 0.00788576 -0.012
v -0.01697702 0.00968576 -0.012
v -0.01767937 0.00788576 -0.01321651
v -0.01767937 0.00968576 -0.01321651
v -0.01813172 0.00788576 -0.014
v -0.01813172 0.00968576 -0.014
v -0.01742937 0.00788576 -0.01278349
v -0.01742937 0.00968576 -0.01278349
v -0.02020954 0.00788576 -0.014
v -0.02013985 0.00968576 -0.014
v -0.02044112 0.00788576 -0.014
v -0.02044112 0.00968576 -0.014
v -0.02114348 0.00788576 -0.01278349
v -0.02114348 0.00968576 -0.01278349
v -0.02159582 0.00788576 -0.012
v -0.02159582 0.00968576 -0.012
v -0.02089348 0.00788576 -0.01321651
v -0.02089348 0.00968576 -0.01321651
v -0.02075722 0.00968576 -0.0105475
v -0.02048298 0.00968576 -0.0100725
v -0.02103955 0.00968576 -0.01272349
v -0.02103955 0.00938576 -0.01272349
v -0.02078955 0.00968576 -0.01315651
v -0.02078955 0.00938576 -0.01315651
v -0.0177833 0.00968576 -0.01315651
v -0.0177833 0.00938576 -0.01315651
v -0.0175333 0.00968576 -0.01272349
v -0.0175333 0.00938576 -0.01272349
v -0.01653642 0.00968576 -0.01088
v -0.01653642 0.00938576 -0.01088
v -0.01603642 0.00968576 -0.01088
v -0.01603642 0.00938576 -0.01088
v -0.01503955 0.00968576 -0.01272349
v -0.01503955 0.00938576 -0.01272349
v -0.01478955 0.00968576 -0.01315651
v -0.01478955 0.00938576 -0.01315651
v -0.0117833 0.00968576 -0.01315651
v -0.0117833 0.00938576 -0.01315651
v -0.0115333 0.00968576 -0.01272349
v -0.0115333 0.00938576 -0.01272349
v -0.01053642 0.00968576 -0.01088
v -0.01053642 0.00938576 -0.01088
v -0.01003642 0.00968576 -0.01088
v -0.01003642 0.00938576 -0.01088
v -0.00903955 0.00968576 -0.01272349
v -0.00903955 0.00938576 -0.01272349
v -0.00878955 0.00968576 -0.01315651
v -0.00878955 0.00938576 -0.01315651
v -0.0057833 0.00968576 -0.01315651
v -0.0057833 0.00938576 -0.01315651
v -0.0055333 0.00968576 -0.01272349
v -0.0055333 0.00938576 -0.01272349
v -0.00703642 0.00968576 -0.0100725
v -0.00703642 0.00938576 -0.01012
v -0.00703642 0.00968576 -0.01012
v -0.00753642 0.00968576 -0.01012
v -0.00753642 0.00938576 -0.01012
v -0.00753642 0.00968576 -0.0100725
v -0.01846045 0.00968576 -0.00998978
v -0.01846045 0.00788576 -0.00998978
v -0.01838809 0.00968576 -0.00995981
v -0.01838809 0.00788576 -0.00995981
v -0.01832596 0.00968576 -0.00991213
v -0.01832596 0.00788576 -0.00991213
v -0.01827828 0.00968576 -0.00985
v -0.01827828 0.00788576 -0.00985
v -0.01824831 0.00968576 -0.00977765
v -0.01824831 0.00788576 -0.00977765
v -0.01823809 0.00968576 -0.0097
v -0.01823809 0.00788576 -0.0097
v -0.01824831 0.00968576 -0.00962235
v -0.01824831 0.00788576 -0.00962235
v -0.01827828 0.00968576 -0.00955
v -0.01827828 0.00788576 -0.00955
v -0.01859583 0.00788576 -0.009
v -0.01859583 0.00968576 -0.009
v -0.01780699 0.00788576 -0.00763369
v -0.01780699 0.00968576 -0.00763369
v -0.01814172 0.00788576 -0.00721249
v -0.01814172 0.00968576 -0.00721249
v -0.01760882 0.00968576 -0.00678899
v -0.01760882 0.00788576 -0.00678899
v -0.01736552 0.00968576 -0.00641393
v -0.01736552 0.00788576 -0.00641393
v -0.01722518 0.00968576 -0.00598947
v -0.01722518 0.00788576 -0.00598947
v -0.01719697 0.00968576 -0.00554331
v -0.01719697 0.00788576 -0.00554331
v -0.01728272 0.00968576 -0.00510455
v -0.01728272 0.00788576 -0.00510455
v -0.01747684 0.00968576 -0.00470183
v -0.01747684 0.00788576 -0.00470183
v -0.01776667 0.00968576 -0.00436145
v -0.01776667 0.00788576 -0.00436145
v -0.01813328 0.00968576 -0.0041056
v -0.01813328 0.00788576 -0.0041056
v -0.01855275 0.00968576 -0.00395099
v -0.01855275 0.00788576 -0.00395099
v -0.01899771 0.00968576 -0.0039077
v -0.01899771 0.00788576 -0.0039077
v -0.01943911 0.00968576 -0.00397857
v -0.01943911 0.00788576 -0.00397857
v -0.01984816 0.00968576 -0.00415896
v -0.01984816 0.00788576 -0.00415896
v -0.02019815 0.00968576 -0.00443711
v -0.02019815 0.00788576 -0.00443711
v -0.02046626 0.00968576 -0.00479485
v -0.02046626 0.00788576 -0.00479485
v -0.02063496 0.00968576 -0.00520886
v -0.02063496 0.00788576 -0.00520886
v -0.02069327 0.00968576 -0.0056521
v -0.02069327 0.00788576 -0.0056521
v -0.02063737 0.00968576 -0.00609565
v -0.02063737 0.00788576 -0.00609565
v -0.02047092 0.00968576 -0.00651056
v -0.02047092 0.00788576 -0.00651056
v -0.02020477 0.00968576 -0.00686976
v -0.02020477 0.00788576 -0.00686976
v -0.01985629 0.00968576 -0.00714981
v -0.01985629 0.00788576 -0.00714981
v -0.01944823 0.00968576 -0.00733242
v -0.01944823 0.00788576 -0.00733242
v -0.01900721 0.00968576 -0.00740569
v -0.01900721 0.00788576 -0.00740569
v -0.01856203 0.00968576 -0.00736482
v -0.01856203 0.00788576 -0.00736482
v -0.01903642 0.00968576 -0.0100725
v -0.01903642 0.00938576 -0.01012
v -0.01903642 0.00968576 -0.01012
v -0.01953642 0.00968576 -0.01012
v -0.01953642 0.00938576 -0.01012
v -0.01953642 0.00968576 -0.0100725
v -0.01353642 0.00968576 -0.01012
v -0.01353642 0.00938576 -0.01012
v -0.01353642 0.00968576 -0.0100725
v -0.01303642 0.00938576 -0.01012
v -0.01303642 0.00968576 -0.01012
v -0.01303642 0.00968576 -0.0100725
v -0.0141124 0.00788576 -0.00998978
v -0.0141124 0.00968576 -0.00998978
v -0.01418476 0.00788576 -0.00995981
v -0.01418476 0.00968576 -0.00995981
v -0.01424689 0.00788576 -0.00991213
v -0.01424689 0.00968576 -0.00991213
v -0.01429457 0.00788576 -0.00985
v -0.01429457 0.00968576 -0.00985
v -0.01432454 0.00788576 -0.00977765
v -0.01432454 0.00968576 -0.00977765
v -0.01433476 0.00788576 -0.0097
v -0.01433476 0.00968576 -0.0097
v -0.01432454 0.00788576 -0.00962235
v -0.01432454 0.00968576 -0.00962235
v -0.01432353 0.00968576 -0.00961869
v -0.01429457 0.00788576 -0.00955
v -0.01429457 0.00968576 -0.00955
v -0.01397702 0.00788576 -0.009
v -0.01397702 0.00968576 -0.009
v -0.01429457 0.00788576 -0.00845
v -0.01429457 0.00968576 -0.00845
v -0.01403476 0.00788576 -0.008
v -0.01403476 0.00968576 -0.008
v -0.0141124 0.00968576 -0.00801022
v -0.0141124 0.00788576 -0.00801022
v -0.01418476 0.00968576 -0.00804019
v -0.01418476 0.00788576 -0.00804019
v -0.01424689 0.00968576 -0.00808787
v -0.01424689 0.00788576 -0.00808787
v -0.01429457 0.00968576 -0.00815
v -0.01429457 0.00788576 -0.00815
v -0.01432454 0.00968576 -0.00822235
v -0.01432454 0.00788576 -0.00822235
v -0.01433476 0.00968576 -0.0083
v -0.01433476 0.00788576 -0.0083
v -0.01432454 0.00968576 -0.00837765
v -0.01432454 0.00788576 -0.00837765
v -0.01432353 0.00968576 -0.00838131
v -0.01353642 0.00788576 -0.008
v -0.01353642 0.00968576 -0.008
v -0.01253809 0.00788576 -0.008
v -0.01253809 0.00968576 -0.008
v -0.01303642 0.00788576 -0.008
v -0.01303642 0.00968576 -0.008
v -0.01353642 0.00968576 -0.0079275
v -0.01353642 0.00938576 -0.00788
v -0.01353642 0.00968576 -0.00788
v -0.01303642 0.00968576 -0.00788
v -0.01303642 0.00938576 -0.00788
v -0.01303642 0.00968576 -0.0079275
v -0.01246044 0.00788576 -0.00801022
v -0.01246044 0.00968576 -0.00801022
v -0.01238809 0.00788576 -0.00804019
v -0.01238809 0.00968576 -0.00804019
v -0.01232596 0.00788576 -0.00808787
v -0.01232596 0.00968576 -0.00808787
v -0.01227828 0.00788576 -0.00815
v -0.01227828 0.00968576 -0.00815
v -0.01224831 0.00788576 -0.00822235
v -0.01224831 0.00968576 -0.00822235
v -0.01223809 0.00788576 -0.0083
v -0.01223809 0.00968576 -0.0083
v -0.01224831 0.00788576 -0.00837765
v -0.01224831 0.00968576 -0.00837765
v -0.01227828 0.00788576 -0.00845
v -0.01227828 0.00968576 -0.00845
v -0.01259582 0.00788576 -0.009
v -0.01259582 0.00968576 -0.009
v -0.01227828 0.00788576 -0.00955
v -0.01227828 0.00968576 -0.00955
v -0.01246044 0.00968576 -0.00998978
v -0.01246044 0.00788576 -0.00998978
v -0.01238809 0.00968576 -0.00995981
v -0.01238809 0.00788576 -0.00995981
v -0.01232596 0.00968576 -0.00991213
v -0.01232596 0.00788576 -0.00991213
v -0.01227828 0.00968576 -0.00985
v -0.01227828 0.00788576 -0.00985
v -0.01224831 0.00968576 -0.00977765
v -0.01224831 0.00788576 -0.00977765
v -0.01223809 0.00968576 -0.0097
v -0.01223809 0.00788576 -0.0097
v -0.01224831 0.00968576 -0.00962235
v -0.01224831 0.00788576 -0.00962235
v -0.01003642 0.00968576 -0.00712
v -0.01003642 0.00938576 -0.00712
v -0.01053642 0.00968576 -0.00712
v -0.01053642 0.00938576 -0.00712
v -0.01546044 0.00968576 -0.00698978
v -0.01546044 0.00788576 -0.00698978
v -0.01538809 0.00968576 -0.00695981
v -0.01538809 0.00788576 -0.00695981
v -0.01532596 0.00968576 -0.00691213
v -0.01532596 0.00788576 -0.00691213
v -0.01527828 0.00968576 -0.00685
v -0.01527828 0.00788576 -0.00685
v -0.01524831 0.00968576 -0.00677765
v -0.01524831 0.00788576 -0.00677765
v -0.01523809 0.00968576 -0.0067
v -0.01523809 0.00788576 -0.0067
v -0.01524831 0.00968576 -0.00662235
v -0.01524831 0.00788576 -0.00662235
v -0.01527828 0.00968576 -0.00655
v -0.01527828 0.00788576 -0.00655
v -0.01559583 0.00788576 -0.006
v -0.01559583 0.00968576 -0.006
v -0.01603642 0.00968576 -0.00712
v -0.01603642 0.00938576 -0.00712
v -0.01653642 0.00968576 -0.00712
v -0.01653642 0.00938576 -0.00712
v -0.0115333 0.00968576 -0.00527651
v -0.0115333 0.00938576 -0.00527651
v -0.0117833 0.00968576 -0.00484349
v -0.0117833 0.00938576 -0.00484349
v -0.01213172 0.00968576 -0.00382971
v -0.00930715 0.00938576 0.0145
v -0.01028642 0.00938576 0.01280385
v -0.00930715 0.00788576 0.0145
v -0.01028642 0.00788576 0.01280385
v -0.0112657 0.00938576 0.0145
v -0.0112657 0.00788576 0.0145
v -0.00428642 0.00588576 0.0145
v -0.00428642 0.00938576 0.0145
v -0.00428642 0.00938576 0.01280385
v -0.00428642 0.00788576 0.01280385
v -0.00428642 0.00788576 0.01259808
v -0.00428642 0.00788576 0.0125
v -0.00428642 0.00938576 -0.01280385
v -0.00428642 0.00938576 -0.0145
v -0.00428642 0.00788576 -0.01280385
v -0.00428642 0.00588576 -0.0145
v -0.00428642 0.00788576 -0.0125
v -0.0052657 0.00938576 0.0145
v -0.0052657 0.00788576 0.0145
v -0.00378642 0.00588576 0.0145
v -0.00378642 0.00788576 0.0125
v -0.00328642 0.00659287 0.0145
v -0.00328642 0.00838576 0.01270711
v -0.00378642 0.00788576 -0.00914833
v -0.00378642 0.00788576 -0.0125
v -0.00328642 0.00838576 -0.01270711
v -0.00378642 0.00788576 0.00914833
v -0.00378642 0.00788576 0.00685167
v -0.00378642 0.00788576 -0
v -0.00378642 0.00788576 -0.00685167
v -0.00328642 0.00659287 -0.0145
v -0.00378642 0.00588576 -0.0145
v -0.0052657 0.00938576 -0.0145
v -0.0052657 0.00788576 -0.0145
v -0.00428642 0.00938576 0.01119615
v -0.00428642 0.00938576 0.00949666
v -0.00428642 0.00788576 0.01119615
v -0.00428642 0.00788576 0.00949666
v -0.00509819 0.00938576 0.00979013
v -0.00509819 0.00788576 0.00979013
v -0.00467446 0.00788576 0.00969278
v -0.00467446 0.00938576 0.00969278
v -0.00428642 0.00938576 0.00173205
v -0.00664019 0.00938576 0.003091
v -0.00428642 0.00788576 0.00173205
v -0.00664019 0.00788576 0.003091
v -0.00494071 0.00938576 0.00623351
v -0.00494071 0.00788576 0.00623351
v -0.00488039 0.00788576 0.00558973
v -0.00488039 0.00938576 0.00558973
v -0.00497206 0.00788576 0.00494966
v -0.00497206 0.00938576 0.00494966
v -0.00521064 0.00788576 0.00434869
v -0.00521064 0.00938576 0.00434869
v -0.00558296 0.00788576 0.00382004
v -0.00558296 0.00938576 0.00382004
v -0.00606842 0.00788576 0.00339294
v -0.00606842 0.00938576 0.00339294
v -0.00428642 0.00938576 0.00650334
v -0.00428642 0.00788576 0.00650334
v -0.00460017 0.00788576 0.00633595
v -0.00460017 0.00938576 0.00633595
v -0.01628642 0.00938576 0.01280385
v -0.0172657 0.00938576 0.0145
v -0.01628642 0.00788576 0.01280385
v -0.0172657 0.00788576 0.0145
v -0.01530715 0.00938576 0.0145
v -0.01530715 0.00788576 0.0145
v -0.02228642 0.00938576 0.01280385
v -0.02228642 0.00938576 0.0145
v -0.02228642 0.00788576 0.01280385
v -0.02228642 0.00588576 0.0145
v -0.02228642 0.00788576 0.01259808
v -0.02228642 0.00788576 0.0125
v -0.02228642 0.00938576 -0.0145
v -0.02228642 0.00938576 -0.01280385
v -0.02228642 0.00588576 -0.0145
v -0.02228642 0.00788576 -0.01280385
v -0.02228642 0.00788576 -0.0125
v -0.02130715 0.00938576 0.0145
v -0.02130715 0.00788576 0.0145
v -0.02278642 0.00788576 0.0125
v -0.02278642 0.00588576 0.0145
v -0.02328642 0.00659287 0.0145
v -0.02328642 0.00838576 0.01270711
v -0.02278642 0.00588576 -0.0145
v -0.02278642 0.00788576 -0.0125
v -0.02130715 0.00938576 -0.0145
v -0.02130715 0.00788576 -0.0145
v -0.02228642 0.00938576 0.00949666
v -0.02228642 0.00788576 0.00949666
v -0.02189839 0.00788576 0.00969278
v -0.02189839 0.00938576 0.00969278
v -0.02147466 0.00788576 0.00979013
v -0.02147466 0.00938576 0.00979013
v -0.02228642 0.00938576 0.01119615
v -0.02228642 0.00788576 0.01119615
v -0.01993266 0.00938576 0.003091
v -0.01993266 0.00788576 0.003091
v -0.02050443 0.00788576 0.00339294
v -0.02050443 0.00938576 0.00339294
v -0.02098989 0.00788576 0.00382004
v -0.02098989 0.00938576 0.00382004
v -0.02136221 0.00788576 0.00434869
v -0.02136221 0.00938576 0.00434869
v -0.02160079 0.00788576 0.00494966
v -0.02160079 0.00938576 0.00494966
v -0.02169246 0.00788576 0.00558973
v -0.02169246 0.00938576 0.00558973
v -0.02163214 0.00788576 0.00623351
v -0.02163214 0.00938576 0.00623351
v -0.02228642 0.00938576 0.00173205
v -0.02228642 0.00788576 0.00173205
v -0.02228642 0.00938576 0.00650334
v -0.02228642 0.00788576 0.00650334
v -0.02197267 0.00788576 0.00633595
v -0.02197267 0.00938576 0.00633595
v -0.01028642 0.00938576 -0.01280385
v -0.00930715 0.00938576 -0.0145
v -0.01028642 0.00788576 -0.01280385
v -0.00930715 0.00788576 -0.0145
v -0.0112657 0.00938576 -0.0145
v -0.0112657 0.00788576 -0.0145
v -0.00428642 0.00938576 -0.00949666
v -0.00428642 0.00788576 -0.00949666
v -0.00467446 0.00788576 -0.00969278
v -0.00467446 0.00938576 -0.00969278
v -0.00509819 0.00788576 -0.00979013
v -0.00509819 0.00938576 -0.00979013
v -0.00428642 0.00938576 -0.01119615
v -0.00428642 0.00788576 -0.01119615
v -0.0158987 -0.01125486 -0.016
v -0.0158987 -0.01125486 -0.0173
v -0.01599814 -0.01146837 -0.016
v -0.01599814 -0.01146837 -0.0173
v -0.01614475 -0.0116527 -0.016
v -0.01614475 -0.0116527 -0.0173
v -0.01633042 -0.01179763 -0.016
v -0.01633042 -0.01179763 -0.0173
v -0.01654483 -0.0118951 -0.016
v -0.01654483 -0.0118951 -0.0173
v -0.01677609 -0.01193973 -0.016
v -0.01677609 -0.01193973 -0.0173
v -0.01701138 -0.01192903 -0.016
v -0.01701138 -0.01192903 -0.0173
v -0.01723764 -0.01186359 -0.016
v -0.01723764 -0.01186359 -0.0173
v -0.01744231 -0.01174705 -0.016
v -0.01744231 -0.01174705 -0.0173
v -0.01575753 -0.01090754 -0.016
v -0.01575753 -0.01090754 -0.0173
v -0.01557044 -0.01058264 -0.016
v -0.01557044 -0.01058264 -0.0173
v -0.01100241 -0.01058264 -0.0173
v -0.01100241 -0.01058264 -0.016
v -0.01081532 -0.01090754 -0.016
v -0.01081532 -0.01090754 -0.0173
v -0.01067415 -0.01125486 -0.016
v -0.01067415 -0.01125486 -0.0173
v -0.01545908 -0.01036157 -0.0173
v -0.01545908 -0.01036157 -0.016
v -0.01540543 -0.01011991 -0.0173
v -0.01540543 -0.01011991 -0.016
v -0.01541279 -0.00987249 -0.0173
v -0.01541279 -0.00987249 -0.016
v -0.0154807 -0.00963445 -0.0173
v -0.0154807 -0.00963445 -0.016
v -0.015605 -0.00942038 -0.0173
v -0.015605 -0.00942038 -0.016
v -0.01577807 -0.00924341 -0.0173
v -0.01577807 -0.00924341 -0.016
v -0.01641559 -0.00860589 -0.016
v -0.01641559 -0.00860589 -0.0173
v -0.01015726 -0.00860589 -0.016
v -0.01079477 -0.00924341 -0.016
v -0.01015726 -0.00860589 -0.0173
v -0.01079477 -0.00924341 -0.0173
v -0.01775483 -0.00839825 -0.016
v -0.01775483 -0.00839825 -0.0173
v -0.01753375 -0.00828689 -0.016
v -0.01753375 -0.00828689 -0.0173
v -0.0172921 -0.00823325 -0.016
v -0.0172921 -0.00823325 -0.0173
v -0.01704467 -0.00824061 -0.016
v -0.01704467 -0.00824061 -0.0173
v -0.01680663 -0.00830852 -0.016
v -0.01680663 -0.00830852 -0.0173
v -0.01659257 -0.00843281 -0.016
v -0.01659257 -0.00843281 -0.0173
v -0.01807972 -0.00858535 -0.016
v -0.01807972 -0.00858535 -0.0173
v -0.01842705 -0.00872651 -0.016
v -0.01842705 -0.00872651 -0.0173
v -0.01928642 -0.00336424 -0.0173
v -0.01928642 -0.00336424 -0.016
v -0.01874844 -0.00341738 -0.016
v -0.01874844 -0.00341738 -0.0173
v -0.01823124 -0.00357473 -0.016
v -0.01823124 -0.00357473 -0.0173
v -0.01775483 -0.00383023 -0.016
v -0.01775483 -0.00383023 -0.0173
v -0.01753375 -0.00394158 -0.0173
v -0.01753375 -0.00394158 -0.016
v -0.0172921 -0.00399523 -0.0173
v -0.0172921 -0.00399523 -0.016
v -0.01704467 -0.00398787 -0.0173
v -0.01704467 -0.00398787 -0.016
v -0.01680663 -0.00391996 -0.0173
v -0.01680663 -0.00391996 -0.016
v -0.01659257 -0.00379566 -0.0173
v -0.01659257 -0.00379566 -0.016
v -0.01641559 -0.00362259 -0.0173
v -0.01641559 -0.00362259 -0.016
v -0.01079477 -0.00298507 -0.016
v -0.01015726 -0.00362259 -0.016
v -0.01079477 -0.00298507 -0.0173
v -0.01015726 -0.00362259 -0.0173
v -0.01577807 -0.00298507 -0.016
v -0.01577807 -0.00298507 -0.0173
v -0.00881802 -0.00383023 -0.016
v -0.00881802 -0.00383023 -0.0173
v -0.0090391 -0.00394158 -0.016
v -0.0090391 -0.00394158 -0.0173
v -0.00928075 -0.00399523 -0.016
v -0.00928075 -0.00399523 -0.0173
v -0.00952818 -0.00398787 -0.016
v -0.00952818 -0.00398787 -0.0173
v -0.00976622 -0.00391996 -0.016
v -0.00976622 -0.00391996 -0.0173
v -0.00998028 -0.00379566 -0.016
v -0.00998028 -0.00379566 -0.0173
v -0.0081458 -0.00872651 -0.0173
v -0.0081458 -0.00872651 -0.016
v -0.00849312 -0.00858535 -0.016
v -0.00849312 -0.00858535 -0.0173
v -0.00881802 -0.00839825 -0.016
v -0.00881802 -0.00839825 -0.0173
v -0.0083416 -0.00357473 -0.016
v -0.0083416 -0.00357473 -0.0173
v -0.00782441 -0.00341738 -0.016
v -0.00782441 -0.00341738 -0.0173
v -0.00728642 -0.00336424 -0.016
v -0.00728642 -0.00336424 -0.0173
v -0.0090391 -0.00828689 -0.0173
v -0.0090391 -0.00828689 -0.016
v -0.00928075 -0.00823325 -0.0173
v -0.00928075 -0.00823325 -0.016
v -0.00952818 -0.00824061 -0.0173
v -0.00952818 -0.00824061 -0.016
v -0.00976622 -0.00830852 -0.0173
v -0.00976622 -0.00830852 -0.016
v -0.00998028 -0.00843281 -0.0173
v -0.00998028 -0.00843281 -0.016
v -0.00793229 -0.00882595 -0.016
v -0.00793229 -0.00882595 -0.0173
v -0.00774796 -0.00897257 -0.016
v -0.00774796 -0.00897257 -0.0173
v -0.00760304 -0.00915823 -0.016
v -0.00760304 -0.00915823 -0.0173
v -0.00750556 -0.00937265 -0.016
v -0.00750556 -0.00937265 -0.0173
v -0.00746093 -0.00960391 -0.016
v -0.00746093 -0.00960391 -0.0173
v -0.00747163 -0.00983919 -0.016
v -0.00747163 -0.00983919 -0.0173
v -0.00753707 -0.01006545 -0.016
v -0.00753707 -0.01006545 -0.0173
v -0.00765361 -0.01027013 -0.016
v -0.00765361 -0.01027013 -0.0173
v -0.00913053 -0.01174705 -0.0173
v -0.00913053 -0.01174705 -0.016
v -0.00833668 -0.01106399 -0.0173
v -0.00833668 -0.01106399 -0.016
v -0.00933521 -0.01186359 -0.016
v -0.00933521 -0.01186359 -0.0173
v -0.00956147 -0.01192903 -0.016
v -0.00956147 -0.01192903 -0.0173
v -0.00979675 -0.01193973 -0.016
v -0.00979675 -0.01193973 -0.0173
v -0.01002802 -0.0118951 -0.016
v -0.01002802 -0.0118951 -0.0173
v -0.01024243 -0.01179763 -0.016
v -0.01024243 -0.01179763 -0.0173
v -0.01042809 -0.0116527 -0.016
v -0.01042809 -0.0116527 -0.0173
v -0.01057471 -0.01146837 -0.016
v -0.01057471 -0.01146837 -0.0173
v -0.00648484 -0.00336424 -0.0173
v -0.00648484 -0.00336424 -0.016
v -0.00550174 -0.00254733 -0.016
v -0.00550174 -0.00254733 -0.0173
v -0.00556982 -0.00276765 -0.016
v -0.00556982 -0.00276765 -0.0173
v -0.00568655 -0.00296652 -0.016
v -0.00568655 -0.00296652 -0.0173
v -0.00584573 -0.00313336 -0.016
v -0.00584573 -0.00313336 -0.0173
v -0.0060389 -0.0032593 -0.016
v -0.0060389 -0.0032593 -0.0173
v -0.00625578 -0.00333765 -0.016
v -0.00625578 -0.00333765 -0.0173
v -0.00428642 0.00397809 -0.016
v -0.00428642 0.00397809 -0.0173
v -0.00428642 0.00958576 -0.0173
v -0.00428642 0.00958576 -0.016
v -0.01100241 -0.00164584 -0.0173
v -0.01100241 -0.00164584 -0.016
v -0.01111377 -0.00186691 -0.0173
v -0.01111377 -0.00186691 -0.016
v -0.01116741 -0.00210856 -0.0173
v -0.01116741 -0.00210856 -0.016
v -0.01116006 -0.00235599 -0.0173
v -0.01116006 -0.00235599 -0.016
v -0.01109215 -0.00259403 -0.0173
v -0.01109215 -0.00259403 -0.016
v -0.01096785 -0.0028081 -0.0173
v -0.01096785 -0.0028081 -0.016
v -0.01053642 -0.00011424 -0.0173
v -0.01053642 -0.00011424 -0.016
v -0.01058956 -0.00065222 -0.016
v -0.01058956 -0.00065222 -0.0173
v -0.01074692 -0.00116942 -0.016
v -0.01074692 -0.00116942 -0.0173
v -0.01557044 -0.00164584 -0.0173
v -0.01557044 -0.00164584 -0.016
v -0.01582593 -0.00116942 -0.016
v -0.01582593 -0.00116942 -0.0173
v -0.01598329 -0.00065222 -0.016
v -0.01598329 -0.00065222 -0.0173
v -0.01603642 -0.00011424 -0.016
v -0.01603642 -0.00011424 -0.0173
v -0.01545908 -0.00186691 -0.016
v -0.01545908 -0.00186691 -0.0173
v -0.01540543 -0.00210856 -0.016
v -0.01540543 -0.00210856 -0.0173
v -0.01541279 -0.00235599 -0.016
v -0.01541279 -0.00235599 -0.0173
v -0.0154807 -0.00259403 -0.016
v -0.0154807 -0.00259403 -0.0173
v -0.015605 -0.0028081 -0.016
v -0.015605 -0.0028081 -0.0173
v -0.01603642 0.00958576 -0.0173
v -0.01603642 0.00958576 -0.016
v -0.02008801 -0.00336424 -0.016
v -0.02008801 -0.00336424 -0.0173
v -0.02031707 -0.00333765 -0.016
v -0.02031707 -0.00333765 -0.0173
v -0.02053395 -0.0032593 -0.016
v -0.02053395 -0.0032593 -0.0173
v -0.02072711 -0.00313336 -0.016
v -0.02072711 -0.00313336 -0.0173
v -0.02088629 -0.00296652 -0.016
v -0.02088629 -0.00296652 -0.0173
v -0.02100303 -0.00276765 -0.016
v -0.02100303 -0.00276765 -0.0173
v -0.02107111 -0.00254733 -0.016
v -0.02107111 -0.00254733 -0.0173
v -0.02228642 0.00397809 -0.0173
v -0.02228642 0.00397809 -0.016
v -0.02228642 0.00958576 -0.016
v -0.02228642 0.00958576 -0.0173
v -0.01111377 -0.01036157 -0.016
v -0.01111377 -0.01036157 -0.0173
v -0.01116741 -0.01011991 -0.016
v -0.01116741 -0.01011991 -0.0173
v -0.01116006 -0.00987249 -0.016
v -0.01116006 -0.00987249 -0.0173
v -0.01109215 -0.00963445 -0.016
v -0.01109215 -0.00963445 -0.0173
v -0.01096785 -0.00942038 -0.016
v -0.01096785 -0.00942038 -0.0173
v -0.00728642 -0.00508924 0.0145
v -0.00728642 -0.00508924 0.0158
v -0.00755171 -0.00512416 0.0145
v -0.00755171 -0.00512416 0.0158
v -0.00779892 -0.00522656 0.0145
v -0.00779892 -0.00522656 0.0158
v -0.00801121 -0.00538945 0.0145
v -0.00801121 -0.00538945 0.0158
v -0.0081741 -0.00560174 0.0145
v -0.0081741 -0.00560174 0.0158
v -0.0082765 -0.00584895 0.0145
v -0.0082765 -0.00584895 0.0158
v -0.00831142 -0.00611424 0.0145
v -0.00831142 -0.00611424 0.0158
v -0.0082765 -0.00637953 0.0145
v -0.0082765 -0.00637953 0.0158
v -0.0081741 -0.00662674 0.0145
v -0.0081741 -0.00662674 0.0158
v -0.00801121 -0.00683902 0.0145
v -0.00801121 -0.00683902 0.0158
v -0.00779892 -0.00700191 0.0145
v -0.00779892 -0.00700191 0.0158
v -0.00755171 -0.00710431 0.0145
v -0.00755171 -0.00710431 0.0158
v -0.00728642 -0.00713924 0.0145
v -0.00728642 -0.00713924 0.0158
v -0.00702113 -0.00710431 0.0145
v -0.00702113 -0.00710431 0.0158
v -0.00677392 -0.00700191 0.0145
v -0.00677392 -0.00700191 0.0158
v -0.00656164 -0.00683902 0.0145
v -0.00656164 -0.00683902 0.0158
v -0.00639875 -0.00662674 0.0145
v -0.00639875 -0.00662674 0.0158
v -0.00629635 -0.00637953 0.0145
v -0.00629635 -0.00637953 0.0158
v -0.00626142 -0.00611424 0.0145
v -0.00626142 -0.00611424 0.0158
v -0.00629635 -0.00584895 0.0145
v -0.00629635 -0.00584895 0.0158
v -0.00639875 -0.00560174 0.0145
v -0.00639875 -0.00560174 0.0158
v -0.00656164 -0.00538945 0.0145
v -0.00656164 -0.00538945 0.0158
v -0.00677392 -0.00522656 0.0145
v -0.00677392 -0.00522656 0.0158
v -0.00702113 -0.00512416 0.0145
v -0.00702113 -0.00512416 0.0158
v -0.01928642 -0.00713924 0.0145
v -0.01928642 -0.00713924 0.0158
v -0.01902113 -0.00710431 0.0145
v -0.01902113 -0.00710431 0.0158
v -0.01877392 -0.00700191 0.0145
v -0.01877392 -0.00700191 0.0158
v -0.01856164 -0.00683902 0.0145
v -0.01856164 -0.00683902 0.0158
v -0.01839875 -0.00662674 0.0145
v -0.01839875 -0.00662674 0.0158
v -0.01829635 -0.00637953 0.0145
v -0.01829635 -0.00637953 0.0158
v -0.01826142 -0.00611424 0.0145
v -0.01826142 -0.00611424 0.0158
v -0.01829635 -0.00584895 0.0145
v -0.01829635 -0.00584895 0.0158
v -0.01839875 -0.00560174 0.0145
v -0.01839875 -0.00560174 0.0158
v -0.01856164 -0.00538945 0.0145
v -0.01856164 -0.00538945 0.0158
v -0.01877392 -0.00522656 0.0145
v -0.01877392 -0.00522656 0.0158
v -0.01902113 -0.00512416 0.0145
v -0.01902113 -0.00512416 0.0158
v -0.01928642 -0.00508924 0.0145
v -0.01928642 -0.00508924 0.0158
v -0.01955171 -0.00512416 0.0145
v -0.01955171 -0.00512416 0.0158
v -0.01979892 -0.00522656 0.0145
v -0.01979892 -0.00522656 0.0158
v -0.02001121 -0.00538945 0.0145
v -0.02001121 -0.00538945 0.0158
v -0.0201741 -0.00560174 0.0145
v -0.0201741 -0.00560174 0.0158
v -0.0202765 -0.00584895 0.0145
v -0.0202765 -0.00584895 0.0158
v -0.02031142 -0.00611424 0.0145
v -0.02031142 -0.00611424 0.0158
v -0.0202765 -0.00637953 0.0145
v -0.0202765 -0.00637953 0.0158
v -0.0201741 -0.00662674 0.0145
v -0.0201741 -0.00662674 0.0158
v -0.02001121 -0.00683902 0.0145
v -0.02001121 -0.00683902 0.0158
v -0.01979892 -0.00700191 0.0145
v -0.01979892 -0.00700191 0.0158
v -0.01955171 -0.00710431 0.0145
v -0.01955171 -0.00710431 0.0158
v -0.01068835 -0.00761424 0.0173
v -0.01106982 -0.00813578 0.0145
v -0.0111651 -0.00823556 0.0173
v -0.0111651 -0.00823556 0.0145
v -0.01178642 -0.00871232 0.0173
v -0.01178642 -0.00871232 0.0145
v -0.01250997 -0.00901202 0.0173
v -0.01250997 -0.00901202 0.0145
v -0.01328642 -0.00911424 0.0173
v -0.01328642 -0.00911424 0.0145
v -0.01406288 -0.00901202 0.0173
v -0.01406288 -0.00901202 0.0145
v -0.01478642 -0.00871232 0.0173
v -0.01478642 -0.00871232 0.0145
v -0.01540774 -0.00823556 0.0173
v -0.01540774 -0.00823556 0.0145
v -0.0158845 -0.00761424 0.0173
v -0.0158845 -0.00761424 0.0145
v -0.0161842 -0.0068907 0.0173
v -0.0161842 -0.0068907 0.0145
v -0.01628642 -0.00611424 0.0173
v -0.01628642 -0.00611424 0.0145
v -0.0161842 -0.00533778 0.0173
v -0.0161842 -0.00533778 0.0145
v -0.0158845 -0.00461424 0.0173
v -0.0158845 -0.00461424 0.0145
v -0.01540774 -0.00399292 0.0173
v -0.01540774 -0.00399292 0.0145
v -0.01530797 -0.00389763 0.0145
v -0.01478642 -0.00351616 0.0173
v -0.01478642 -0.00351616 0.0145
v -0.01406288 -0.00321646 0.0173
v -0.01406288 -0.00321646 0.0145
v -0.01328642 -0.00311424 0.0173
v -0.01328642 -0.00311424 0.0145
v -0.01250997 -0.00321646 0.0173
v -0.01250997 -0.00321646 0.0145
v -0.01178642 -0.00351616 0.0173
v -0.01178642 -0.00351616 0.0145
v -0.0111651 -0.00399292 0.0173
v -0.0111651 -0.00399292 0.0145
v -0.01068835 -0.00461424 0.0173
v -0.01068835 -0.00461424 0.0145
v -0.01038865 -0.00533778 0.0173
v -0.01038865 -0.00533778 0.0145
v -0.01028642 -0.00611424 0.0173
v -0.01028642 -0.00611424 0.0145
v -0.01038865 -0.0068907 0.0173
v -0.01038865 -0.0068907 0.0145
v -0.01068835 -0.00761424 0.0145
v -0.01153642 -0.00011424 0.0158
v -0.01153642 -0.00011424 0.0173
v -0.01153642 0.00958576 0.0158
v -0.01153642 0.00958576 0.0173
v -0.01503642 -0.00011424 0.0158
v -0.01503642 -0.00011424 0.0173
v -0.01497679 -0.00056717 0.0158
v -0.01497679 -0.00056717 0.0173
v -0.01480197 -0.00098924 0.0158
v -0.01480197 -0.00098924 0.0173
v -0.01452386 -0.00135168 0.0158
v -0.01452386 -0.00135168 0.0173
v -0.01416142 -0.00162978 0.0158
v -0.01416142 -0.00162978 0.0173
v -0.01373936 -0.00180461 0.0158
v -0.01373936 -0.00180461 0.0173
v -0.01328642 -0.00186424 0.0158
v -0.01328642 -0.00186424 0.0173
v -0.01283349 -0.00180461 0.0158
v -0.01283349 -0.00180461 0.0173
v -0.01241142 -0.00162978 0.0158
v -0.01241142 -0.00162978 0.0173
v -0.01204899 -0.00135168 0.0158
v -0.01204899 -0.00135168 0.0173
v -0.01177088 -0.00098924 0.0158
v -0.01177088 -0.00098924 0.0173
v -0.01159605 -0.00056717 0.0158
v -0.01159605 -0.00056717 0.0173
v -0.01503642 0.00958576 0.0173
v -0.01503642 0.00958576 0.0158
v -0.01903578 -0.01006545 0.016
v -0.01891924 -0.01027013 0.016
v -0.01842705 -0.00872651 0.016
v -0.01823617 -0.01106399 0.016
v -0.01744231 -0.01174705 0.016
v -0.01677609 -0.01193973 0.016
v -0.01807972 -0.00858535 0.016
v -0.01654483 -0.0118951 0.016
v -0.01633042 -0.01179763 0.016
v -0.01614475 -0.0116527 0.016
v -0.01599814 -0.01146837 0.016
v -0.0158987 -0.01125486 0.016
v -0.01575753 -0.01090754 0.016
v -0.01577807 -0.00924341 0.016
v -0.01641559 -0.00860589 0.016
v -0.01723764 -0.01186359 0.016
v -0.01701138 -0.01192903 0.016
v -0.01557044 -0.01058264 0.016
v -0.01545908 -0.01036157 0.016
v -0.01540543 -0.01011991 0.016
v -0.01541279 -0.00987249 0.016
v -0.0154807 -0.00963445 0.016
v -0.015605 -0.00942038 0.016
v -0.01659257 -0.00843281 0.016
v -0.01680663 -0.00830852 0.016
v -0.01704467 -0.00824061 0.016
v -0.01906729 -0.00937265 0.016
v -0.01911192 -0.00960391 0.016
v -0.01910121 -0.00983919 0.016
v -0.0172921 -0.00823325 0.016
v -0.01753375 -0.00828689 0.016
v -0.01775483 -0.00839825 0.016
v -0.01864056 -0.00882595 0.016
v -0.01882489 -0.00897257 0.016
v -0.01896981 -0.00915823 0.016
v -0.01100241 -0.01058264 0.016
v -0.01081532 -0.01090754 0.016
v -0.01079477 -0.00924341 0.016
v -0.01015726 -0.00860589 0.016
v -0.0081458 -0.00872651 0.016
v -0.00849312 -0.00858535 0.016
v -0.00979675 -0.01193973 0.016
v -0.00998028 -0.00843281 0.016
v -0.0090391 -0.00828689 0.016
v -0.00956147 -0.01192903 0.016
v -0.00933521 -0.01186359 0.016
v -0.00913053 -0.01174705 0.016
v -0.00833668 -0.01106399 0.016
v -0.00765361 -0.01027013 0.016
v -0.00753707 -0.01006545 0.016
v -0.01067415 -0.01125486 0.016
v -0.01057471 -0.01146837 0.016
v -0.01042809 -0.0116527 0.016
v -0.01024243 -0.01179763 0.016
v -0.01002802 -0.0118951 0.016
v -0.00881802 -0.00839825 0.016
v -0.01116006 -0.00987249 0.016
v -0.01109215 -0.00963445 0.016
v -0.01096785 -0.00942038 0.016
v -0.01116741 -0.01011991 0.016
v -0.01111377 -0.01036157 0.016
v -0.00747163 -0.00983919 0.016
v -0.00746093 -0.00960391 0.016
v -0.00750556 -0.00937265 0.016
v -0.00760304 -0.00915823 0.016
v -0.00774796 -0.00897257 0.016
v -0.00793229 -0.00882595 0.016
v -0.00976622 -0.00830852 0.016
v -0.00928075 -0.00823325 0.016
v -0.00952818 -0.00824061 0.016
v -0.01053642 -0.00011424 0.016
v -0.01058956 -0.00065222 0.016
v -0.0083416 -0.00357473 0.016
v -0.01074692 -0.00116942 0.016
v -0.01053642 0.00958576 0.016
v -0.00782441 -0.00341738 0.016
v -0.00728642 -0.00336424 0.016
v -0.01079477 -0.00298507 0.016
v -0.01015726 -0.00362259 0.016
v -0.00881802 -0.00383023 0.016
v -0.0090391 -0.00394158 0.016
v -0.00550174 -0.00254733 0.016
v -0.00428642 0.00397809 0.016
v -0.00428642 0.00958576 0.016
v -0.00648484 -0.00336424 0.016
v -0.00625578 -0.00333765 0.016
v -0.0060389 -0.0032593 0.016
v -0.01100241 -0.00164584 0.016
v -0.01111377 -0.00186691 0.016
v -0.01116741 -0.00210856 0.016
v -0.01116006 -0.00235599 0.016
v -0.01109215 -0.00259403 0.016
v -0.01096785 -0.0028081 0.016
v -0.00584573 -0.00313336 0.016
v -0.00568655 -0.00296652 0.016
v -0.00556982 -0.00276765 0.016
v -0.00998028 -0.00379566 0.016
v -0.00976622 -0.00391996 0.016
v -0.00928075 -0.00399523 0.016
v -0.00952818 -0.00398787 0.016
v -0.00881802 -0.00383023 0.0173
v -0.0090391 -0.00394158 0.0173
v -0.00928075 -0.00399523 0.0173
v -0.00952818 -0.00398787 0.0173
v -0.00976622 -0.00391996 0.0173
v -0.00998028 -0.00379566 0.0173
v -0.01015726 -0.00362259 0.0173
v -0.0081458 -0.00872651 0.0173
v -0.00849312 -0.00858535 0.0173
v -0.00881802 -0.00839825 0.0173
v -0.0083416 -0.00357473 0.0173
v -0.00782441 -0.00341738 0.0173
v -0.00728642 -0.00336424 0.0173
v -0.0090391 -0.00828689 0.0173
v -0.00928075 -0.00823325 0.0173
v -0.00952818 -0.00824061 0.0173
v -0.00976622 -0.00830852 0.0173
v -0.00998028 -0.00843281 0.0173
v -0.01015726 -0.00860589 0.0173
v -0.00793229 -0.00882595 0.0173
v -0.00774796 -0.00897257 0.0173
v -0.00760304 -0.00915823 0.0173
v -0.00750556 -0.00937265 0.0173
v -0.00746093 -0.00960391 0.0173
v -0.00747163 -0.00983919 0.0173
v -0.00753707 -0.01006545 0.0173
v -0.00765361 -0.01027013 0.0173
v -0.00913053 -0.01174705 0.0173
v -0.00833668 -0.01106399 0.0173
v -0.00933521 -0.01186359 0.0173
v -0.00956147 -0.01192903 0.0173
v -0.00979675 -0.01193973 0.0173
v -0.01002802 -0.0118951 0.0173
v -0.01024243 -0.01179763 0.0173
v -0.01042809 -0.0116527 0.0173
v -0.01057471 -0.01146837 0.0173
v -0.01067415 -0.01125486 0.0173
v -0.00648484 -0.00336424 0.0173
v -0.00550174 -0.00254733 0.0173
v -0.00556982 -0.00276765 0.0173
v -0.00568655 -0.00296652 0.0173
v -0.00584573 -0.00313336 0.0173
v -0.0060389 -0.0032593 0.0173
v -0.00625578 -0.00333765 0.0173
v -0.00428642 0.00397809 0.0173
v -0.02228642 0.00397809 0.0173
v -0.02228642 0.00397809 0.016
v -0.02228642 0.00958576 0.0173
v -0.02228642 0.00958576 0.016
v -0.01100241 -0.01058264 0.0173
v -0.01111377 -0.01036157 0.0173
v -0.01116741 -0.01011991 0.0173
v -0.01116006 -0.00987249 0.0173
v -0.01109215 -0.00963445 0.0173
v -0.01096785 -0.00942038 0.0173
v -0.01079477 -0.00924341 0.0173
v -0.02107111 -0.00254733 0.016
v -0.02107111 -0.00254733 0.0173
v -0.02008801 -0.00336424 0.0173
v -0.02008801 -0.00336424 0.016
v -0.02031707 -0.00333765 0.0173
v -0.02031707 -0.00333765 0.016
v -0.02053395 -0.0032593 0.0173
v -0.02053395 -0.0032593 0.016
v -0.02072711 -0.00313336 0.0173
v -0.02072711 -0.00313336 0.016
v -0.02088629 -0.00296652 0.0173
v -0.02088629 -0.00296652 0.016
v -0.02100303 -0.00276765 0.0173
v -0.02100303 -0.00276765 0.016
v -0.01928642 -0.00336424 0.0173
v -0.01928642 -0.00336424 0.016
v -0.00428642 0.00958576 0.0173
v -0.01053642 -0.00011424 0.0173
v -0.01053642 0.00958576 0.0173
v -0.01100241 -0.00164584 0.0173
v -0.01111377 -0.00186691 0.0173
v -0.01116741 -0.00210856 0.0173
v -0.01116006 -0.00235599 0.0173
v -0.01109215 -0.00259403 0.0173
v -0.01096785 -0.0028081 0.0173
v -0.01079477 -0.00298507 0.0173
v -0.01058956 -0.00065222 0.0173
v -0.01074692 -0.00116942 0.0173
v -0.01557044 -0.00164584 0.016
v -0.01557044 -0.00164584 0.0173
v -0.01582593 -0.00116942 0.0173
v -0.01582593 -0.00116942 0.016
v -0.01598329 -0.00065222 0.0173
v -0.01598329 -0.00065222 0.016
v -0.01603642 -0.00011424 0.0173
v -0.01603642 -0.00011424 0.016
v -0.01545908 -0.00186691 0.0173
v -0.01545908 -0.00186691 0.016
v -0.01540543 -0.00210856 0.0173
v -0.01540543 -0.00210856 0.016
v -0.01541279 -0.00235599 0.0173
v -0.01541279 -0.00235599 0.016
v -0.0154807 -0.00259403 0.0173
v -0.0154807 -0.00259403 0.016
v -0.015605 -0.0028081 0.0173
v -0.015605 -0.0028081 0.016
v -0.01577807 -0.00298507 0.0173
v -0.01577807 -0.00298507 0.016
v -0.01641559 -0.00362259 0.0173
v -0.01641559 -0.00362259 0.016
v -0.01775483 -0.00383023 0.016
v -0.01775483 -0.00383023 0.0173
v -0.01753375 -0.00394158 0.016
v -0.01753375 -0.00394158 0.0173
v -0.0172921 -0.00399523 0.016
v -0.0172921 -0.00399523 0.0173
v -0.01704467 -0.00398787 0.016
v -0.01704467 -0.00398787 0.0173
v -0.01680663 -0.00391996 0.016
v -0.01680663 -0.00391996 0.0173
v -0.01659257 -0.00379566 0.016
v -0.01659257 -0.00379566 0.0173
v -0.01775483 -0.00839825 0.0173
v -0.01807972 -0.00858535 0.0173
v -0.01842705 -0.00872651 0.0173
v -0.01874844 -0.00341738 0.0173
v -0.01874844 -0.00341738 0.016
v -0.01823124 -0.00357473 0.0173
v -0.01823124 -0.00357473 0.016
v -0.01753375 -0.00828689 0.0173
v -0.0172921 -0.00823325 0.0173
v -0.01704467 -0.00824061 0.0173
v -0.01680663 -0.00830852 0.0173
v -0.01659257 -0.00843281 0.0173
v -0.01641559 -0.00860589 0.0173
v -0.01577807 -0.00924341 0.0173
v -0.01557044 -0.01058264 0.0173
v -0.01545908 -0.01036157 0.0173
v -0.01540543 -0.01011991 0.0173
v -0.01541279 -0.00987249 0.0173
v -0.0154807 -0.00963445 0.0173
v -0.015605 -0.00942038 0.0173
v -0.01081532 -0.01090754 0.0173
v -0.0158987 -0.01125486 0.0173
v -0.01575753 -0.01090754 0.0173
v -0.01599814 -0.01146837 0.0173
v -0.01614475 -0.0116527 0.0173
v -0.01633042 -0.01179763 0.0173
v -0.01654483 -0.0118951 0.0173
v -0.01677609 -0.01193973 0.0173
v -0.01701138 -0.01192903 0.0173
v -0.01723764 -0.01186359 0.0173
v -0.01744231 -0.01174705 0.0173
v -0.01891924 -0.01027013 0.0173
v -0.01823617 -0.01106399 0.0173
v -0.01903578 -0.01006545 0.0173
v -0.01910121 -0.00983919 0.0173
v -0.01911192 -0.00960391 0.0173
v -0.01906729 -0.00937265 0.0173
v -0.01896981 -0.00915823 0.0173
v -0.01882489 -0.00897257 0.0173
v -0.01864056 -0.00882595 0.0173
v -0.01603642 0.00958576 0.016
v -0.01891924 -0.01027013 -0.0173
v -0.01891924 -0.01027013 -0.016
v -0.01823617 -0.01106399 -0.0173
v -0.01823617 -0.01106399 -0.016
v -0.01903578 -0.01006545 -0.016
v -0.01903578 -0.01006545 -0.0173
v -0.01910121 -0.00983919 -0.016
v -0.01910121 -0.00983919 -0.0173
v -0.01911192 -0.00960391 -0.016
v -0.01911192 -0.00960391 -0.0173
v -0.01906729 -0.00937265 -0.016
v -0.01906729 -0.00937265 -0.0173
v -0.01896981 -0.00915823 -0.016
v -0.01896981 -0.00915823 -0.0173
v -0.01882489 -0.00897257 -0.016
v -0.01882489 -0.00897257 -0.0173
v -0.01864056 -0.00882595 -0.016
v -0.01864056 -0.00882595 -0.0173
v -0.01053642 0.00958576 -0.016
v -0.01153642 -0.00011424 -0.0173
v -0.01153642 -0.00011424 -0.0158
v -0.01153642 0.00958576 -0.0173
v -0.01153642 0.00958576 -0.0158
v -0.01503642 -0.00011424 -0.0173
v -0.01503642 -0.00011424 -0.0158
v -0.01497679 -0.00056717 -0.0173
v -0.01497679 -0.00056717 -0.0158
v -0.01480197 -0.00098924 -0.0173
v -0.01480197 -0.00098924 -0.0158
v -0.01452386 -0.00135168 -0.0173
v -0.01452386 -0.00135168 -0.0158
v -0.01416142 -0.00162978 -0.0173
v -0.01416142 -0.00162978 -0.0158
v -0.01373936 -0.00180461 -0.0173
v -0.01373936 -0.00180461 -0.0158
v -0.01328642 -0.00186424 -0.0173
v -0.01328642 -0.00186424 -0.0158
v -0.01283349 -0.00180461 -0.0173
v -0.01283349 -0.00180461 -0.0158
v -0.01241142 -0.00162978 -0.0173
v -0.01241142 -0.00162978 -0.0158
v -0.01204899 -0.00135168 -0.0173
v -0.01204899 -0.00135168 -0.0158
v -0.01177088 -0.00098924 -0.0173
v -0.01177088 -0.00098924 -0.0158
v -0.01159605 -0.00056717 -0.0173
v -0.01159605 -0.00056717 -0.0158
v -0.01503642 0.00958576 -0.0158
v -0.01503642 0.00958576 -0.0173
v -0.01478642 -0.00351616 -0.0173
v -0.01530797 -0.00389763 -0.0145
v -0.01540774 -0.00399292 -0.0173
v -0.01540774 -0.00399292 -0.0145
v -0.0158845 -0.00461424 -0.0173
v -0.0158845 -0.00461424 -0.0145
v -0.0161842 -0.00533778 -0.0173
v -0.0161842 -0.00533778 -0.0145
v -0.01628642 -0.00611424 -0.0173
v -0.01628642 -0.00611424 -0.0145
v -0.0161842 -0.0068907 -0.0173
v -0.0161842 -0.0068907 -0.0145
v -0.0158845 -0.00761424 -0.0173
v -0.0158845 -0.00761424 -0.0145
v -0.01540774 -0.00823556 -0.0173
v -0.01540774 -0.00823556 -0.0145
v -0.01478642 -0.00871232 -0.0173
v -0.01478642 -0.00871232 -0.0145
v -0.01406288 -0.00901202 -0.0173
v -0.01406288 -0.00901202 -0.0145
v -0.01328642 -0.00911424 -0.0173
v -0.01328642 -0.00911424 -0.0145
v -0.01250997 -0.00901202 -0.0173
v -0.01250997 -0.00901202 -0.0145
v -0.01178642 -0.00871232 -0.0173
v -0.01178642 -0.00871232 -0.0145
v -0.0111651 -0.00823556 -0.0173
v -0.0111651 -0.00823556 -0.0145
v -0.01106982 -0.00813578 -0.0145
v -0.01068835 -0.00761424 -0.0173
v -0.01068835 -0.00761424 -0.0145
v -0.01038865 -0.0068907 -0.0173
v -0.01038865 -0.0068907 -0.0145
v -0.01028642 -0.00611424 -0.0173
v -0.01028642 -0.00611424 -0.0145
v -0.01038865 -0.00533778 -0.0173
v -0.01038865 -0.00533778 -0.0145
v -0.01068835 -0.00461424 -0.0173
v -0.01068835 -0.00461424 -0.0145
v -0.0111651 -0.00399292 -0.0173
v -0.0111651 -0.00399292 -0.0145
v -0.01178642 -0.00351616 -0.0173
v -0.01178642 -0.00351616 -0.0145
v -0.01250997 -0.00321646 -0.0173
v -0.01250997 -0.00321646 -0.0145
v -0.01328642 -0.00311424 -0.0173
v -0.01328642 -0.00311424 -0.0145
v -0.01406288 -0.00321646 -0.0173
v -0.01406288 -0.00321646 -0.0145
v -0.01478642 -0.00351616 -0.0145
v -0.01928642 -0.00713924 -0.0158
v -0.01928642 -0.00713924 -0.0145
v -0.01902113 -0.00710431 -0.0158
v -0.01902113 -0.00710431 -0.0145
v -0.01877392 -0.00700191 -0.0158
v -0.01877392 -0.00700191 -0.0145
v -0.01856164 -0.00683902 -0.0158
v -0.01856164 -0.00683902 -0.0145
v -0.01839875 -0.00662674 -0.0158
v -0.01839875 -0.00662674 -0.0145
v -0.01829635 -0.00637953 -0.0158
v -0.01829635 -0.00637953 -0.0145
v -0.01826142 -0.00611424 -0.0158
v -0.01826142 -0.00611424 -0.0145
v -0.01829635 -0.00584895 -0.0158
v -0.01829635 -0.00584895 -0.0145
v -0.01839875 -0.00560174 -0.0158
v -0.01839875 -0.00560174 -0.0145
v -0.01856164 -0.00538945 -0.0158
v -0.01856164 -0.00538945 -0.0145
v -0.01877392 -0.00522656 -0.0158
v -0.01877392 -0.00522656 -0.0145
v -0.01902113 -0.00512416 -0.0158
v -0.01902113 -0.00512416 -0.0145
v -0.01928642 -0.00508924 -0.0158
v -0.01928642 -0.00508924 -0.0145
v -0.01955171 -0.00512416 -0.0158
v -0.01955171 -0.00512416 -0.0145
v -0.01979892 -0.00522656 -0.0158
v -0.01979892 -0.00522656 -0.0145
v -0.02001121 -0.00538945 -0.0158
v -0.02001121 -0.00538945 -0.0145
v -0.0201741 -0.00560174 -0.0158
v -0.0201741 -0.00560174 -0.0145
v -0.0202765 -0.00584895 -0.0158
v -0.0202765 -0.00584895 -0.0145
v -0.02031142 -0.00611424 -0.0158
v -0.02031142 -0.00611424 -0.0145
v -0.0202765 -0.00637953 -0.0158
v -0.0202765 -0.00637953 -0.0145
v -0.0201741 -0.00662674 -0.0158
v -0.0201741 -0.00662674 -0.0145
v -0.02001121 -0.00683902 -0.0158
v -0.02001121 -0.00683902 -0.0145
v -0.01979892 -0.00700191 -0.0158
v -0.01979892 -0.00700191 -0.0145
v -0.01955171 -0.00710431 -0.0158
v -0.01955171 -0.00710431 -0.0145
v -0.00728642 -0.00508924 -0.0158
v -0.00728642 -0.00508924 -0.0145
v -0.00755171 -0.00512416 -0.0158
v -0.00755171 -0.00512416 -0.0145
v -0.00779892 -0.00522656 -0.0158
v -0.00779892 -0.00522656 -0.0145
v -0.00801121 -0.00538945 -0.0158
v -0.00801121 -0.00538945 -0.0145
v -0.0081741 -0.00560174 -0.0158
v -0.0081741 -0.00560174 -0.0145
v -0.0082765 -0.00584895 -0.0158
v -0.0082765 -0.00584895 -0.0145
v -0.00831142 -0.00611424 -0.0158
v -0.00831142 -0.00611424 -0.0145
v -0.0082765 -0.00637953 -0.0158
v -0.0082765 -0.00637953 -0.0145
v -0.0081741 -0.00662674 -0.0158
v -0.0081741 -0.00662674 -0.0145
v -0.00801121 -0.00683902 -0.0158
v -0.00801121 -0.00683902 -0.0145
v -0.00779892 -0.00700191 -0.0158
v -0.00779892 -0.00700191 -0.0145
v -0.00755171 -0.00710431 -0.0158
v -0.00755171 -0.00710431 -0.0145
v -0.00728642 -0.00713924 -0.0158
v -0.00728642 -0.00713924 -0.0145
v -0.00702113 -0.00710431 -0.0158
v -0.00702113 -0.00710431 -0.0145
v -0.00677392 -0.00700191 -0.0158
v -0.00677392 -0.00700191 -0.0145
v -0.00656164 -0.00683902 -0.0158
v -0.00656164 -0.00683902 -0.0145
v -0.00639875 -0.00662674 -0.0158
v -0.00639875 -0.00662674 -0.0145
v -0.00629635 -0.00637953 -0.0158
v -0.00629635 -0.00637953 -0.0145
v -0.00626142 -0.00611424 -0.0158
v -0.00626142 -0.00611424 -0.0145
v -0.00629635 -0.00584895 -0.0158
v -0.00629635 -0.00584895 -0.0145
v -0.00639875 -0.00560174 -0.0158
v -0.00639875 -0.00560174 -0.0145
v -0.00656164 -0.00538945 -0.0158
v -0.00656164 -0.00538945 -0.0145
v -0.00677392 -0.00522656 -0.0158
v -0.00677392 -0.00522656 -0.0145
v -0.00702113 -0.00512416 -0.0158
v -0.00702113 -0.00512416 -0.0145
v -0.00328642 0.0099615 0.017
v -0.00328642 0.01058576 0.01637574
v -0.00358642 0.01008576 0.0173
v -0.00358642 0.01088576 0.0165
v -0.02278642 0.01088576 0.0165
v -0.02298642 0.01088576 0.0165
v -0.02298642 0.01008576 0.0173
v -0.02070049 0.01008576 0.0173
v -0.0152187 0.01008576 0.0173
v -0.00378642 0.01088576 0.0165
v -0.00587236 0.01008576 0.0173
v -0.01135414 0.01008576 0.0173
v -0.02328642 0.0099615 0.017
v -0.02328642 0.01058576 0.01637574
v -0.02328642 0.01058576 -0.01637574
v -0.02298642 0.01088576 -0.0165
v -0.00728642 0.00968576 -0.013025
v -0.00755171 0.00968576 -0.01299007
v -0.00779892 0.00968576 -0.01288768
v -0.00801121 0.00968576 -0.01272478
v -0.0081741 0.00968576 -0.0125125
v -0.0082765 0.00968576 -0.01226529
v -0.00831142 0.00968576 -0.012
v -0.0082765 0.00968576 -0.01173471
v -0.0081741 0.00968576 -0.0114875
v -0.00801121 0.00968576 -0.01127522
v -0.00779892 0.00968576 -0.01111232
v -0.00755171 0.00968576 -0.01100993
v -0.00728642 0.00968576 -0.010975
v -0.00702113 0.00968576 -0.01100993
v -0.00677392 0.00968576 -0.01111232
v -0.00656164 0.00968576 -0.01127522
v -0.00639875 0.00968576 -0.0114875
v -0.00629635 0.00968576 -0.01173471
v -0.00626142 0.00968576 -0.012
v -0.00629635 0.00968576 -0.01226529
v -0.00639875 0.00968576 -0.0125125
v -0.00656164 0.00968576 -0.01272478
v -0.00677392 0.00968576 -0.01288768
v -0.00702113 0.00968576 -0.01299007
v -0.01328642 0.00968576 -0.013025
v -0.01355171 0.00968576 -0.01299007
v -0.01379892 0.00968576 -0.01288768
v -0.01401121 0.00968576 -0.01272478
v -0.0141741 0.00968576 -0.0125125
v -0.0142765 0.00968576 -0.01226529
v -0.01431142 0.00968576 -0.012
v -0.0142765 0.00968576 -0.01173471
v -0.0141741 0.00968576 -0.0114875
v -0.01401121 0.00968576 -0.01127522
v -0.01379892 0.00968576 -0.01111232
v -0.01355171 0.00968576 -0.01100993
v -0.01328642 0.00968576 -0.010975
v -0.01302113 0.00968576 -0.01100993
v -0.01277392 0.00968576 -0.01111232
v -0.01256164 0.00968576 -0.01127522
v -0.01239875 0.00968576 -0.0114875
v -0.01229635 0.00968576 -0.01173471
v -0.01226142 0.00968576 -0.012
v -0.01229635 0.00968576 -0.01226529
v -0.01239875 0.00968576 -0.0125125
v -0.01256164 0.00968576 -0.01272478
v -0.01277392 0.00968576 -0.01288768
v -0.01302113 0.00968576 -0.01299007
v -0.01928642 0.00968576 -0.013025
v -0.01955171 0.00968576 -0.01299007
v -0.01979892 0.00968576 -0.01288768
v -0.02001121 0.00968576 -0.01272478
v -0.0201741 0.00968576 -0.0125125
v -0.0202765 0.00968576 -0.01226529
v -0.02031142 0.00968576 -0.012
v -0.0202765 0.00968576 -0.01173471
v -0.0201741 0.00968576 -0.0114875
v -0.02001121 0.00968576 -0.01127522
v -0.01979892 0.00968576 -0.01111232
v -0.01955171 0.00968576 -0.01100993
v -0.01928642 0.00968576 -0.010975
v -0.01902113 0.00968576 -0.01100993
v -0.01877392 0.00968576 -0.01111232
v -0.01856164 0.00968576 -0.01127522
v -0.01839875 0.00968576 -0.0114875
v -0.01829635 0.00968576 -0.01173471
v -0.01826142 0.00968576 -0.012
v -0.01829635 0.00968576 -0.01226529
v -0.01839875 0.00968576 -0.0125125
v -0.01856164 0.00968576 -0.01272478
v -0.01877392 0.00968576 -0.01288768
v -0.01902113 0.00968576 -0.01299007
v -0.00728642 0.00968576 0.010975
v -0.00755171 0.00968576 0.01100993
v -0.00779892 0.00968576 0.01111232
v -0.00801121 0.00968576 0.01127522
v -0.0081741 0.00968576 0.0114875
v -0.0082765 0.00968576 0.01173471
v -0.00831142 0.00968576 0.012
v -0.0082765 0.00968576 0.01226529
v -0.0081741 0.00968576 0.0125125
v -0.00801121 0.00968576 0.01272478
v -0.00779892 0.00968576 0.01288768
v -0.00755171 0.00968576 0.01299007
v -0.00728642 0.00968576 0.013025
v -0.00702113 0.00968576 0.01299007
v -0.00677392 0.00968576 0.01288768
v -0.00656164 0.00968576 0.01272478
v -0.00639875 0.00968576 0.0125125
v -0.00629635 0.00968576 0.01226529
v -0.00626142 0.00968576 0.012
v -0.00629635 0.00968576 0.01173471
v -0.00639875 0.00968576 0.0114875
v -0.00656164 0.00968576 0.01127522
v -0.00677392 0.00968576 0.01111232
v -0.00702113 0.00968576 0.01100993
v -0.01328642 0.00968576 0.010975
v -0.01355171 0.00968576 0.01100993
v -0.01379892 0.00968576 0.01111232
v -0.01401121 0.00968576 0.01127522
v -0.0141741 0.00968576 0.0114875
v -0.0142765 0.00968576 0.01173471
v -0.01431142 0.00968576 0.012
v -0.0142765 0.00968576 0.01226529
v -0.0141741 0.00968576 0.0125125
v -0.01401121 0.00968576 0.01272478
v -0.01379892 0.00968576 0.01288768
v -0.01355171 0.00968576 0.01299007
v -0.01328642 0.00968576 0.013025
v -0.01302113 0.00968576 0.01299007
v -0.01277392 0.00968576 0.01288768
v -0.01256164 0.00968576 0.01272478
v -0.01239875 0.00968576 0.0125125
v -0.01229635 0.00968576 0.01226529
v -0.01226142 0.00968576 0.012
v -0.01229635 0.00968576 0.01173471
v -0.01239875 0.00968576 0.0114875
v -0.01256164 0.00968576 0.01127522
v -0.01277392 0.00968576 0.01111232
v -0.01302113 0.00968576 0.01100993
v -0.01928642 0.00968576 0.010975
v -0.01955171 0.00968576 0.01100993
v -0.01979892 0.00968576 0.01111232
v -0.02001121 0.00968576 0.01127522
v -0.0201741 0.00968576 0.0114875
v -0.0202765 0.00968576 0.01173471
v -0.02031142 0.00968576 0.012
v -0.0202765 0.00968576 0.01226529
v -0.0201741 0.00968576 0.0125125
v -0.02001121 0.00968576 0.01272478
v -0.01979892 0.00968576 0.01288768
v -0.01955171 0.00968576 0.01299007
v -0.01928642 0.00968576 0.013025
v -0.01902113 0.00968576 0.01299007
v -0.01877392 0.00968576 0.01288768
v -0.01856164 0.00968576 0.01272478
v -0.01839875 0.00968576 0.0125125
v -0.01829635 0.00968576 0.01226529
v -0.01826142 0.00968576 0.012
v -0.01829635 0.00968576 0.01173471
v -0.01839875 0.00968576 0.0114875
v -0.01856164 0.00968576 0.01127522
v -0.01877392 0.00968576 0.01111232
v -0.01902113 0.00968576 0.01100993
v -0.01028642 0.00968576 -0.010025
v -0.01028642 0.01088576 -0.010025
v -0.01055171 0.00968576 -0.00999007
v -0.01055171 0.01088576 -0.00999007
v -0.01079892 0.00968576 -0.00988768
v -0.01079892 0.01088576 -0.00988768
v -0.01101121 0.00968576 -0.00972478
v -0.01101121 0.01088576 -0.00972478
v -0.0111741 0.00968576 -0.0095125
v -0.0111741 0.01088576 -0.0095125
v -0.0112765 0.00968576 -0.00926529
v -0.0112765 0.01088576 -0.00926529
v -0.01131142 0.00968576 -0.009
v -0.01131142 0.01088576 -0.009
v -0.0112765 0.00968576 -0.00873471
v -0.0112765 0.01088576 -0.00873471
v -0.0111741 0.00968576 -0.0084875
v -0.0111741 0.01088576 -0.0084875
v -0.01101121 0.00968576 -0.00827522
v -0.01101121 0.01088576 -0.00827522
v -0.01079892 0.00968576 -0.00811232
v -0.01079892 0.01088576 -0.00811232
v -0.01055171 0.00968576 -0.00800993
v -0.01055171 0.01088576 -0.00800993
v -0.01028642 0.00968576 -0.007975
v -0.01028642 0.01088576 -0.007975
v -0.01002113 0.00968576 -0.00800993
v -0.01002113 0.01088576 -0.00800993
v -0.00977392 0.00968576 -0.00811232
v -0.00977392 0.01088576 -0.00811232
v -0.00956164 0.00968576 -0.00827522
v -0.00956164 0.01088576 -0.00827522
v -0.00939875 0.00968576 -0.0084875
v -0.00939875 0.01088576 -0.0084875
v -0.00929635 0.00968576 -0.00873471
v -0.00929635 0.01088576 -0.00873471
v -0.00926142 0.00968576 -0.009
v -0.00926142 0.01088576 -0.009
v -0.00929635 0.00968576 -0.00926529
v -0.00929635 0.01088576 -0.00926529
v -0.00939875 0.00968576 -0.0095125
v -0.00939875 0.01088576 -0.0095125
v -0.00956164 0.00968576 -0.00972478
v -0.00956164 0.01088576 -0.00972478
v -0.00977392 0.00968576 -0.00988768
v -0.00977392 0.01088576 -0.00988768
v -0.01002113 0.00968576 -0.00999007
v -0.01002113 0.01088576 -0.00999007
v -0.01628642 0.00968576 -0.010025
v -0.01628642 0.01088576 -0.010025
v -0.01655171 0.00968576 -0.00999007
v -0.01655171 0.01088576 -0.00999007
v -0.01679892 0.00968576 -0.00988768
v -0.01679892 0.01088576 -0.00988768
v -0.01701121 0.00968576 -0.00972478
v -0.01701121 0.01088576 -0.00972478
v -0.0171741 0.00968576 -0.0095125
v -0.0171741 0.01088576 -0.0095125
v -0.0172765 0.00968576 -0.00926529
v -0.0172765 0.01088576 -0.00926529
v -0.01731142 0.00968576 -0.009
v -0.01731142 0.01088576 -0.009
v -0.0172765 0.00968576 -0.00873471
v -0.0172765 0.01088576 -0.00873471
v -0.0171741 0.00968576 -0.0084875
v -0.0171741 0.01088576 -0.0084875
v -0.01701121 0.00968576 -0.00827522
v -0.01701121 0.01088576 -0.00827522
v -0.01679892 0.00968576 -0.00811232
v -0.01679892 0.01088576 -0.00811232
v -0.01655171 0.00968576 -0.00800993
v -0.01655171 0.01088576 -0.00800993
v -0.01628642 0.00968576 -0.007975
v -0.01628642 0.01088576 -0.007975
v -0.01602113 0.00968576 -0.00800993
v -0.01602113 0.01088576 -0.00800993
v -0.01577392 0.00968576 -0.00811232
v -0.01577392 0.01088576 -0.00811232
v -0.01556164 0.00968576 -0.00827522
v -0.01556164 0.01088576 -0.00827522
v -0.01539875 0.00968576 -0.0084875
v -0.01539875 0.01088576 -0.0084875
v -0.01529635 0.00968576 -0.00873471
v -0.01529635 0.01088576 -0.00873471
v -0.01526142 0.00968576 -0.009
v -0.01526142 0.01088576 -0.009
v -0.01529635 0.00968576 -0.00926529
v -0.01529635 0.01088576 -0.00926529
v -0.01539875 0.00968576 -0.0095125
v -0.01539875 0.01088576 -0.0095125
v -0.01556164 0.00968576 -0.00972478
v -0.01556164 0.01088576 -0.00972478
v -0.01577392 0.00968576 -0.00988768
v -0.01577392 0.01088576 -0.00988768
v -0.01602113 0.00968576 -0.00999007
v -0.01602113 0.01088576 -0.00999007
v -0.01028642 0.00968576 0.007975
v -0.01028642 0.01088576 0.007975
v -0.01055171 0.00968576 0.00800993
v -0.01055171 0.01088576 0.00800993
v -0.01079892 0.00968576 0.00811232
v -0.01079892 0.01088576 0.00811232
v -0.01101121 0.00968576 0.00827522
v -0.01101121 0.01088576 0.00827522
v -0.0111741 0.00968576 0.0084875
v -0.0111741 0.01088576 0.0084875
v -0.0112765 0.00968576 0.00873471
v -0.0112765 0.01088576 0.00873471
v -0.01131142 0.00968576 0.009
v -0.01131142 0.01088576 0.009
v -0.0112765 0.00968576 0.00926529
v -0.0112765 0.01088576 0.00926529
v -0.0111741 0.00968576 0.0095125
v -0.0111741 0.01088576 0.0095125
v -0.01101121 0.00968576 0.00972478
v -0.01101121 0.01088576 0.00972478
v -0.01079892 0.00968576 0.00988768
v -0.01079892 0.01088576 0.00988768
v -0.01055171 0.00968576 0.00999007
v -0.01055171 0.01088576 0.00999007
v -0.01028642 0.00968576 0.010025
v -0.01028642 0.01088576 0.010025
v -0.01002113 0.00968576 0.00999007
v -0.01002113 0.01088576 0.00999007
v -0.00977392 0.00968576 0.00988768
v -0.00977392 0.01088576 0.00988768
v -0.00956164 0.00968576 0.00972478
v -0.00956164 0.01088576 0.00972478
v -0.00939875 0.00968576 0.0095125
v -0.00939875 0.01088576 0.0095125
v -0.00929635 0.00968576 0.00926529
v -0.00929635 0.01088576 0.00926529
v -0.00926142 0.00968576 0.009
v -0.00926142 0.01088576 0.009
v -0.00929635 0.00968576 0.00873471
v -0.00929635 0.01088576 0.00873471
v -0.00939875 0.00968576 0.0084875
v -0.00939875 0.01088576 0.0084875
v -0.00956164 0.00968576 0.00827522
v -0.00956164 0.01088576 0.00827522
v -0.00977392 0.00968576 0.00811232
v -0.00977392 0.01088576 0.00811232
v -0.01002113 0.00968576 0.00800993
v -0.01002113 0.01088576 0.00800993
v -0.01628642 0.00968576 0.007975
v -0.01628642 0.01088576 0.007975
v -0.01655171 0.00968576 0.00800993
v -0.01655171 0.01088576 0.00800993
v -0.01679892 0.00968576 0.00811232
v -0.01679892 0.01088576 0.00811232
v -0.01701121 0.00968576 0.00827522
v -0.01701121 0.01088576 0.00827522
v -0.0171741 0.00968576 0.0084875
v -0.0171741 0.01088576 0.0084875
v -0.0172765 0.00968576 0.00873471
v -0.0172765 0.01088576 0.00873471
v -0.01731142 0.00968576 0.009
v -0.01731142 0.01088576 0.009
v -0.0172765 0.00968576 0.00926529
v -0.0172765 0.01088576 0.00926529
v -0.0171741 0.00968576 0.0095125
v -0.0171741 0.01088576 0.0095125
v -0.01701121 0.00968576 0.00972478
v -0.01701121 0.01088576 0.00972478
v -0.01679892 0.00968576 0.00988768
v -0.01679892 0.01088576 0.00988768
v -0.01655171 0.00968576 0.00999007
v -0.01655171 0.01088576 0.00999007
v -0.01628642 0.00968576 0.010025
v -0.01628642 0.01088576 0.010025
v -0.01602113 0.00968576 0.00999007
v -0.01602113 0.01088576 0.00999007
v -0.01577392 0.00968576 0.00988768
v -0.01577392 0.01088576 0.00988768
v -0.01556164 0.00968576 0.00972478
v -0.01556164 0.01088576 0.00972478
v -0.01539875 0.00968576 0.0095125
v -0.01539875 0.01088576 0.0095125
v -0.01529635 0.00968576 0.00926529
v -0.01529635 0.01088576 0.00926529
v -0.01526142 0.00968576 0.009
v -0.01526142 0.01088576 0.009
v -0.01529635 0.00968576 0.00873471
v -0.01529635 0.01088576 0.00873471
v -0.01539875 0.00968576 0.0084875
v -0.01539875 0.01088576 0.0084875
v -0.01556164 0.00968576 0.00827522
v -0.01556164 0.01088576 0.00827522
v -0.01577392 0.00968576 0.00811232
v -0.01577392 0.01088576 0.00811232
v -0.01602113 0.00968576 0.00800993
v -0.01602113 0.01088576 0.00800993
v -0.01996828 0.00968576 0.00565685
v -0.01993335 0.00968576 0.00539156
v -0.01983096 0.00968576 0.00514435
v -0.01966806 0.00968576 0.00493207
v -0.01945578 0.00968576 0.00476918
v -0.01920857 0.00968576 0.00466678
v -0.01894328 0.00968576 0.00463185
v -0.01867799 0.00968576 0.00466678
v -0.01843078 0.00968576 0.00476918
v -0.01821849 0.00968576 0.00493207
v -0.0180556 0.00968576 0.00514435
v -0.0179532 0.00968576 0.00539156
v -0.01791828 0.00968576 0.00565685
v -0.0179532 0.00968576 0.00592214
v -0.0180556 0.00968576 0.00616935
v -0.01821849 0.00968576 0.00638164
v -0.01843078 0.00968576 0.00654453
v -0.01867799 0.00968576 0.00664693
v -0.01894328 0.00968576 0.00668185
v -0.01920857 0.00968576 0.00664693
v -0.01945578 0.00968576 0.00654453
v -0.01966806 0.00968576 0.00638164
v -0.01983096 0.00968576 0.00616935
v -0.01993335 0.00968576 0.00592214
v -0.00865457 0.00968576 0.00565685
v -0.00861964 0.00968576 0.00539156
v -0.00851725 0.00968576 0.00514435
v -0.00835435 0.00968576 0.00493207
v -0.00814207 0.00968576 0.00476918
v -0.00789486 0.00968576 0.00466678
v -0.00762957 0.00968576 0.00463185
v -0.00736428 0.00968576 0.00466678
v -0.00711707 0.00968576 0.00476918
v -0.00690479 0.00968576 0.00493207
v -0.00674189 0.00968576 0.00514435
v -0.0066395 0.00968576 0.00539156
v -0.00660457 0.00968576 0.00565685
v -0.0066395 0.00968576 0.00592214
v -0.00674189 0.00968576 0.00616935
v -0.00690479 0.00968576 0.00638164
v -0.00711707 0.00968576 0.00654453
v -0.00736428 0.00968576 0.00664693
v -0.00762957 0.00968576 0.00668185
v -0.00789486 0.00968576 0.00664693
v -0.00814207 0.00968576 0.00654453
v -0.00835435 0.00968576 0.00638164
v -0.00851725 0.00968576 0.00616935
v -0.00861964 0.00968576 0.00592214
v -0.01996828 0.00968576 -0.00565685
v -0.01993335 0.00968576 -0.00592214
v -0.01983096 0.00968576 -0.00616935
v -0.01966806 0.00968576 -0.00638164
v -0.01945578 0.00968576 -0.00654453
v -0.01920857 0.00968576 -0.00664693
v -0.01894328 0.00968576 -0.00668185
v -0.01867799 0.00968576 -0.00664693
v -0.01843078 0.00968576 -0.00654453
v -0.01821849 0.00968576 -0.00638164
v -0.0180556 0.00968576 -0.00616935
v -0.0179532 0.00968576 -0.00592214
v -0.01791828 0.00968576 -0.00565685
v -0.0179532 0.00968576 -0.00539156
v -0.0180556 0.00968576 -0.00514435
v -0.01821849 0.00968576 -0.00493207
v -0.01843078 0.00968576 -0.00476918
v -0.01867799 0.00968576 -0.00466678
v -0.01894328 0.00968576 -0.00463185
v -0.01920857 0.00968576 -0.00466678
v -0.01945578 0.00968576 -0.00476918
v -0.01966806 0.00968576 -0.00493207
v -0.01983096 0.00968576 -0.00514435
v -0.01993335 0.00968576 -0.00539156
v -0.00865457 0.00968576 -0.00565685
v -0.00861964 0.00968576 -0.00592214
v -0.00851725 0.00968576 -0.00616935
v -0.00835435 0.00968576 -0.00638164
v -0.00814207 0.00968576 -0.00654453
v -0.00789486 0.00968576 -0.00664693
v -0.00762957 0.00968576 -0.00668185
v -0.00736428 0.00968576 -0.00664693
v -0.00711707 0.00968576 -0.00654453
v -0.00690479 0.00968576 -0.00638164
v -0.00674189 0.00968576 -0.00616935
v -0.0066395 0.00968576 -0.00592214
v -0.00660457 0.00968576 -0.00565685
v -0.0066395 0.00968576 -0.00539156
v -0.00674189 0.00968576 -0.00514435
v -0.00690479 0.00968576 -0.00493207
v -0.00711707 0.00968576 -0.00476918
v -0.00736428 0.00968576 -0.00466678
v -0.00762957 0.00968576 -0.00463185
v -0.00789486 0.00968576 -0.00466678
v -0.00814207 0.00968576 -0.00476918
v -0.00835435 0.00968576 -0.00493207
v -0.00851725 0.00968576 -0.00514435
v -0.00861964 0.00968576 -0.00539156
v -0.00728642 0.00968576 0.001025
v -0.00728642 0.01088576 0.001025
v -0.00702113 0.00968576 0.00099007
v -0.00702113 0.01088576 0.00099007
v -0.00677392 0.00968576 0.00088768
v -0.00677392 0.01088576 0.00088768
v -0.00656164 0.00968576 0.00072478
v -0.00656164 0.01088576 0.00072478
v -0.00639875 0.00968576 0.0005125
v -0.00639875 0.01088576 0.0005125
v -0.00629635 0.00968576 0.00026529
v -0.00629635 0.01088576 0.00026529
v -0.00626142 0.00968576 -0
v -0.00626142 0.01088576 -0
v -0.00629635 0.00968576 -0.00026529
v -0.00629635 0.01088576 -0.00026529
v -0.00639875 0.00968576 -0.0005125
v -0.00639875 0.01088576 -0.0005125
v -0.00656164 0.00968576 -0.00072478
v -0.00656164 0.01088576 -0.00072478
v -0.00677392 0.00968576 -0.00088768
v -0.00677392 0.01088576 -0.00088768
v -0.00702113 0.00968576 -0.00099007
v -0.00702113 0.01088576 -0.00099007
v -0.00728642 0.00968576 -0.001025
v -0.00728642 0.01088576 -0.001025
v -0.00755171 0.00968576 -0.00099007
v -0.00755171 0.01088576 -0.00099007
v -0.00779892 0.00968576 -0.00088768
v -0.00779892 0.01088576 -0.00088768
v -0.00801121 0.00968576 -0.00072478
v -0.00801121 0.01088576 -0.00072478
v -0.0081741 0.00968576 -0.0005125
v -0.0081741 0.01088576 -0.0005125
v -0.0082765 0.00968576 -0.00026529
v -0.0082765 0.01088576 -0.00026529
v -0.00831142 0.00968576 -0
v -0.00831142 0.01088576 -0
v -0.0082765 0.00968576 0.00026529
v -0.0082765 0.01088576 0.00026529
v -0.0081741 0.00968576 0.0005125
v -0.0081741 0.01088576 0.0005125
v -0.00801121 0.00968576 0.00072478
v -0.00801121 0.01088576 0.00072478
v -0.00779892 0.00968576 0.00088768
v -0.00779892 0.01088576 0.00088768
v -0.00755171 0.00968576 0.00099007
v -0.00755171 0.01088576 0.00099007
v -0.01431142 0.00968576 0.006
v -0.0142765 0.00968576 0.00626529
v -0.0141741 0.00968576 0.0065125
v -0.01401121 0.00968576 0.00672478
v -0.01379892 0.00968576 0.00688768
v -0.01355171 0.00968576 0.00699007
v -0.01328642 0.00968576 0.007025
v -0.01302113 0.00968576 0.00699007
v -0.01277392 0.00968576 0.00688768
v -0.01256164 0.00968576 0.00672478
v -0.01239875 0.00968576 0.0065125
v -0.01229635 0.00968576 0.00626529
v -0.01226142 0.00968576 0.006
v -0.01229635 0.00968576 0.00573471
v -0.01239875 0.00968576 0.0054875
v -0.01256164 0.00968576 0.00527522
v -0.01277392 0.00968576 0.00511232
v -0.01302113 0.00968576 0.00500993
v -0.01328642 0.00968576 0.004975
v -0.01355171 0.00968576 0.00500993
v -0.01379892 0.00968576 0.00511232
v -0.01401121 0.00968576 0.00527522
v -0.0141741 0.00968576 0.0054875
v -0.0142765 0.00968576 0.00573471
v -0.01928642 0.00968576 -0.001025
v -0.01928642 0.01088576 -0.001025
v -0.01955171 0.00968576 -0.00099007
v -0.01955171 0.01088576 -0.00099007
v -0.01979892 0.00968576 -0.00088768
v -0.01979892 0.01088576 -0.00088768
v -0.02001121 0.00968576 -0.00072478
v -0.02001121 0.01088576 -0.00072478
v -0.0201741 0.00968576 -0.0005125
v -0.0201741 0.01088576 -0.0005125
v -0.0202765 0.00968576 -0.00026529
v -0.0202765 0.01088576 -0.00026529
v -0.02031142 0.00968576 -0
v -0.02031142 0.01088576 -0
v -0.0202765 0.00968576 0.00026529
v -0.0202765 0.01088576 0.00026529
v -0.0201741 0.00968576 0.0005125
v -0.0201741 0.01088576 0.0005125
v -0.02001121 0.00968576 0.00072478
v -0.02001121 0.01088576 0.00072478
v -0.01979892 0.00968576 0.00088768
v -0.01979892 0.01088576 0.00088768
v -0.01955171 0.00968576 0.00099007
v -0.01955171 0.01088576 0.00099007
v -0.01928642 0.00968576 0.001025
v -0.01928642 0.01088576 0.001025
v -0.01902113 0.00968576 0.00099007
v -0.01902113 0.01088576 0.00099007
v -0.01877392 0.00968576 0.00088768
v -0.01877392 0.01088576 0.00088768
v -0.01856164 0.00968576 0.00072478
v -0.01856164 0.01088576 0.00072478
v -0.01839875 0.00968576 0.0005125
v -0.01839875 0.01088576 0.0005125
v -0.01829635 0.00968576 0.00026529
v -0.01829635 0.01088576 0.00026529
v -0.01826142 0.00968576 -0
v -0.01826142 0.01088576 -0
v -0.01829635 0.00968576 -0.00026529
v -0.01829635 0.01088576 -0.00026529
v -0.01839875 0.00968576 -0.0005125
v -0.01839875 0.01088576 -0.0005125
v -0.01856164 0.00968576 -0.00072478
v -0.01856164 0.01088576 -0.00072478
v -0.01877392 0.00968576 -0.00088768
v -0.01877392 0.01088576 -0.00088768
v -0.01902113 0.00968576 -0.00099007
v -0.01902113 0.01088576 -0.00099007
v -0.01226142 0.00968576 -0.006
v -0.01229635 0.00968576 -0.00626529
v -0.01239875 0.00968576 -0.0065125
v -0.01256164 0.00968576 -0.00672478
v -0.01277392 0.00968576 -0.00688768
v -0.01302113 0.00968576 -0.00699007
v -0.01328642 0.00968576 -0.007025
v -0.01355171 0.00968576 -0.00699007
v -0.01379892 0.00968576 -0.00688768
v -0.01401121 0.00968576 -0.00672478
v -0.0141741 0.00968576 -0.0065125
v -0.0142765 0.00968576 -0.00626529
v -0.01431142 0.00968576 -0.006
v -0.0142765 0.00968576 -0.00573471
v -0.0141741 0.00968576 -0.0054875
v -0.01401121 0.00968576 -0.00527522
v -0.01379892 0.00968576 -0.00511232
v -0.01355171 0.00968576 -0.00500993
v -0.01328642 0.00968576 -0.004975
v -0.01302113 0.00968576 -0.00500993
v -0.01277392 0.00968576 -0.00511232
v -0.01256164 0.00968576 -0.00527522
v -0.01239875 0.00968576 -0.0054875
v -0.01229635 0.00968576 -0.00573471
v -0.01403476 0.00788576 0.01
v -0.01403476 0.00968576 0.01
v -0.0141124 0.00968576 0.00998978
v -0.0141124 0.00788576 0.00998978
v -0.01418476 0.00968576 0.00995981
v -0.01418476 0.00788576 0.00995981
v -0.01424689 0.00968576 0.00991213
v -0.01424689 0.00788576 0.00991213
v -0.01429457 0.00968576 0.00985
v -0.01429457 0.00788576 0.00985
v -0.01432454 0.00968576 0.00977765
v -0.01432454 0.00788576 0.00977765
v -0.01433476 0.00968576 0.0097
v -0.01433476 0.00788576 0.0097
v -0.01432454 0.00968576 0.00962235
v -0.01432454 0.00788576 0.00962235
v -0.01429457 0.00788576 0.00955
v -0.01432353 0.00968576 0.00961869
v -0.01429457 0.00968576 0.00955
v -0.01397702 0.00788576 0.009
v -0.01397702 0.00968576 0.009
v -0.01429457 0.00788576 0.00845
v -0.01429457 0.00968576 0.00845
v -0.01403476 0.00968576 0.008
v -0.01403476 0.00788576 0.008
v -0.0141124 0.00788576 0.00801022
v -0.0141124 0.00968576 0.00801022
v -0.01418476 0.00788576 0.00804019
v -0.01418476 0.00968576 0.00804019
v -0.01424689 0.00788576 0.00808787
v -0.01424689 0.00968576 0.00808787
v -0.01429457 0.00788576 0.00815
v -0.01429457 0.00968576 0.00815
v -0.01432454 0.00788576 0.00822235
v -0.01432454 0.00968576 0.00822235
v -0.01433476 0.00788576 0.0083
v -0.01433476 0.00968576 0.0083
v -0.01432454 0.00788576 0.00837765
v -0.01432454 0.00968576 0.00837765
v -0.01432353 0.00968576 0.00838131
v -0.01353642 0.00968576 0.00788
v -0.01353642 0.00938576 0.00788
v -0.01353642 0.00968576 0.0079275
v -0.01353642 0.00788576 0.008
v -0.01353642 0.00968576 0.008
v -0.01303642 0.00788576 0.008
v -0.01303642 0.00938576 0.00788
v -0.01303642 0.00968576 0.00788
v -0.01303642 0.00968576 0.008
v -0.01303642 0.00968576 0.0079275
v -0.01253809 0.00788576 0.008
v -0.01253809 0.00968576 0.008
v -0.01246044 0.00968576 0.00801022
v -0.01246044 0.00788576 0.00801022
v -0.01238809 0.00968576 0.00804019
v -0.01238809 0.00788576 0.00804019
v -0.01232596 0.00968576 0.00808787
v -0.01232596 0.00788576 0.00808787
v -0.01227828 0.00968576 0.00815
v -0.01227828 0.00788576 0.00815
v -0.01224831 0.00968576 0.00822235
v -0.01224831 0.00788576 0.00822235
v -0.01223809 0.00968576 0.0083
v -0.01223809 0.00788576 0.0083
v -0.01224831 0.00968576 0.00837765
v -0.01224831 0.00788576 0.00837765
v -0.01227828 0.00968576 0.00845
v -0.01227828 0.00788576 0.00845
v -0.01259582 0.00788576 0.009
v -0.01259582 0.00968576 0.009
v -0.01227828 0.00788576 0.00955
v -0.01227828 0.00968576 0.00955
v -0.01253809 0.00968576 0.01
v -0.01253809 0.00788576 0.01
v -0.01246044 0.00788576 0.00998978
v -0.01246044 0.00968576 0.00998978
v -0.01238809 0.00788576 0.00995981
v -0.01238809 0.00968576 0.00995981
v -0.01232596 0.00788576 0.00991213
v -0.01232596 0.00968576 0.00991213
v -0.01227828 0.00788576 0.00985
v -0.01227828 0.00968576 0.00985
v -0.01224831 0.00788576 0.00977765
v -0.01224831 0.00968576 0.00977765
v -0.01223809 0.00788576 0.0097
v -0.01223809 0.00968576 0.0097
v -0.01224831 0.00788576 0.00962235
v -0.01224831 0.00968576 0.00962235
v -0.00703642 0.00968576 0.01012
v -0.00703642 0.00938576 0.01012
v -0.00703642 0.00968576 0.0100725
v -0.00703642 0.00788576 0.01
v -0.00703642 0.00968576 0.01
v -0.00753642 0.00788576 0.01
v -0.00753642 0.00938576 0.01012
v -0.00753642 0.00968576 0.01012
v -0.00753642 0.00968576 0.01
v -0.00753642 0.00968576 0.0100725
v -0.00803476 0.00788576 0.01
v -0.00803476 0.00968576 0.01
v -0.0081124 0.00968576 0.00998978
v -0.0081124 0.00788576 0.00998978
v -0.00818476 0.00968576 0.00995981
v -0.00818476 0.00788576 0.00995981
v -0.00824689 0.00968576 0.00991213
v -0.00824689 0.00788576 0.00991213
v -0.00829457 0.00968576 0.00985
v -0.00829457 0.00788576 0.00985
v -0.00832454 0.00968576 0.00977765
v -0.00832454 0.00788576 0.00977765
v -0.00833476 0.00968576 0.0097
v -0.00833476 0.00788576 0.0097
v -0.00832454 0.00968576 0.00962235
v -0.00832454 0.00788576 0.00962235
v -0.00829457 0.00968576 0.00955
v -0.00829457 0.00788576 0.00955
v -0.00797702 0.00788576 0.009
v -0.00797702 0.00968576 0.009
v -0.00876586 0.00788576 0.00763369
v -0.00876586 0.00968576 0.00763369
v -0.00843113 0.00788576 0.00721249
v -0.00843113 0.00968576 0.00721249
v -0.00896403 0.00968576 0.00678899
v -0.00896403 0.00788576 0.00678899
v -0.00920733 0.00968576 0.00641393
v -0.00920733 0.00788576 0.00641393
v -0.00934767 0.00968576 0.00598947
v -0.00934767 0.00788576 0.00598947
v -0.00937588 0.00968576 0.00554331
v -0.00937588 0.00788576 0.00554331
v -0.00929013 0.00968576 0.00510455
v -0.00929013 0.00788576 0.00510455
v -0.00909601 0.00968576 0.00470183
v -0.00909601 0.00788576 0.00470183
v -0.00880618 0.00968576 0.00436145
v -0.00880618 0.00788576 0.00436145
v -0.00843957 0.00968576 0.0041056
v -0.00843957 0.00788576 0.0041056
v -0.0080201 0.00968576 0.00395099
v -0.0080201 0.00788576 0.00395099
v -0.00757514 0.00968576 0.0039077
v -0.00757514 0.00788576 0.0039077
v -0.00713374 0.00968576 0.00397857
v -0.00713374 0.00788576 0.00397857
v -0.00672469 0.00968576 0.00415896
v -0.00672469 0.00788576 0.00415896
v -0.00637469 0.00968576 0.00443711
v -0.00637469 0.00788576 0.00443711
v -0.00610659 0.00968576 0.00479485
v -0.00610659 0.00788576 0.00479485
v -0.00593788 0.00968576 0.00520886
v -0.00593788 0.00788576 0.00520886
v -0.00587958 0.00968576 0.0056521
v -0.00587958 0.00788576 0.0056521
v -0.00593547 0.00968576 0.00609565
v -0.00593547 0.00788576 0.00609565
v -0.00610193 0.00968576 0.00651056
v -0.00610193 0.00788576 0.00651056
v -0.00636808 0.00968576 0.00686976
v -0.00636808 0.00788576 0.00686976
v -0.00671656 0.00968576 0.00714981
v -0.00671656 0.00788576 0.00714981
v -0.00712462 0.00968576 0.00733242
v -0.00712462 0.00788576 0.00733242
v -0.00756563 0.00968576 0.00740569
v -0.00756563 0.00788576 0.00740569
v -0.00801082 0.00968576 0.00736482
v -0.00801082 0.00788576 0.00736482
v -0.00913172 0.00788576 0.007
v -0.00913172 0.00968576 0.007
v -0.01003642 0.00788576 0.007
v -0.01003642 0.00968576 0.007
v -0.01003642 0.00938576 0.00712
v -0.01003642 0.00968576 0.00712
v -0.01053642 0.00788576 0.007
v -0.01053642 0.00938576 0.00712
v -0.01053642 0.00968576 0.00712
v -0.01053642 0.00968576 0.007
v -0.01728642 0.00801609 -0.0011547
v -0.0172689 0.00803216 -0.0011547
v -0.01728642 0.00968576 -0.0011547
v -0.01720633 0.00810475 -0.0011547
v -0.01718605 0.00813575 -0.0011547
v -0.01718009 0.00814593 -0.0011547
v -0.01713513 0.00825212 -0.0011547
v -0.01713393 0.00825635 -0.0011547
v -0.01712316 0.00830402 -0.0011547
v -0.01711613 0.00838576 -0.0011547
v -0.01711613 0.00968576 -0.0011547
v -0.01806992 0.00788576 -0.00160705
v -0.01806992 0.00968576 -0.00160705
v -0.01812992 0.00938576 -0.00150313
v -0.01812992 0.00968576 -0.00150313
v -0.01850293 0.00788576 -0.00185705
v -0.01856293 0.00938576 -0.00175313
v -0.01856293 0.00968576 -0.00175313
v -0.01850293 0.00968576 -0.00185705
v -0.02128642 0.00788576 -0.00025
v -0.02128642 0.00968576 -0.00025
v -0.02116642 0.00938576 -0.00025
v -0.02116642 0.00968576 -0.00025
v -0.02128642 0.00788576 -0
v -0.02116642 0.00938576 0.00025
v -0.02128642 0.00788576 0.00025
v -0.02116642 0.00968576 0.00025
v -0.02128642 0.00968576 0.00025
v -0.01850293 0.00788576 0.00185705
v -0.01850293 0.00968576 0.00185705
v -0.01856293 0.00938576 0.00175313
v -0.01856293 0.00968576 0.00175313
v -0.01806992 0.00788576 0.00160705
v -0.01812992 0.00938576 0.00150313
v -0.01812992 0.00968576 0.00150313
v -0.01806992 0.00968576 0.00160705
v -0.02228642 0.00938576 -0.00650334
v -0.02228642 0.00938576 -0.00173205
v -0.02228642 0.00788576 -0.00650334
v -0.02228642 0.00788576 -0.00173205
v -0.02197267 0.00788576 -0.00633595
v -0.02197267 0.00938576 -0.00633595
v -0.02163214 0.00788576 -0.00623351
v -0.02163214 0.00938576 -0.00623351
v -0.02169246 0.00788576 -0.00558973
v -0.02169246 0.00938576 -0.00558973
v -0.02160079 0.00788576 -0.00494966
v -0.02160079 0.00938576 -0.00494966
v -0.02136221 0.00788576 -0.00434869
v -0.02136221 0.00938576 -0.00434869
v -0.02098989 0.00788576 -0.00382004
v -0.02098989 0.00938576 -0.00382004
v -0.02050443 0.00788576 -0.00339294
v -0.02050443 0.00938576 -0.00339294
v -0.01993266 0.00788576 -0.003091
v -0.01993266 0.00938576 -0.003091
v -0.02147466 0.00938576 -0.00979013
v -0.02228642 0.00938576 -0.01119615
v -0.02147466 0.00788576 -0.00979013
v -0.02228642 0.00788576 -0.01119615
v -0.02189839 0.00788576 -0.00969278
v -0.02189839 0.00938576 -0.00969278
v -0.02228642 0.00788576 -0.00949666
v -0.02228642 0.00938576 -0.00949666
v -0.01628642 0.00938576 -0.01280385
v -0.01530715 0.00938576 -0.0145
v -0.01628642 0.00788576 -0.01280385
v -0.01530715 0.00788576 -0.0145
v -0.0172657 0.00938576 -0.0145
v -0.0172657 0.00788576 -0.0145
v -0.00494071 0.00938576 -0.00623351
v -0.00494071 0.00788576 -0.00623351
v -0.00460017 0.00788576 -0.00633595
v -0.00460017 0.00938576 -0.00633595
v -0.00428642 0.00788576 -0.00650334
v -0.00428642 0.00938576 -0.00650334
v -0.00428642 0.00938576 -0.00173205
v -0.00428642 0.00788576 -0.00173205
v -0.00664019 0.00938576 -0.003091
v -0.00664019 0.00788576 -0.003091
v -0.00606842 0.00788576 -0.00339294
v -0.00606842 0.00938576 -0.00339294
v -0.00558296 0.00788576 -0.00382004
v -0.00558296 0.00938576 -0.00382004
v -0.00521064 0.00788576 -0.00434869
v -0.00521064 0.00938576 -0.00434869
v -0.00497206 0.00788576 -0.00494966
v -0.00497206 0.00938576 -0.00494966
v -0.00488039 0.00788576 -0.00558973
v -0.00488039 0.00938576 -0.00558973
v -0.01103476 0.00788576 0.007
v -0.01103476 0.00968576 0.007
v -0.0111124 0.00968576 0.00698978
v -0.0111124 0.00788576 0.00698978
v -0.01118476 0.00968576 0.00695981
v -0.01118476 0.00788576 0.00695981
v -0.01124689 0.00968576 0.00691213
v -0.01124689 0.00788576 0.00691213
v -0.01129457 0.00968576 0.00685
v -0.01129457 0.00788576 0.00685
v -0.01132454 0.00968576 0.00677765
v -0.01132454 0.00788576 0.00677765
v -0.01133476 0.00968576 0.0067
v -0.01133476 0.00788576 0.0067
v -0.01132454 0.00968576 0.00662235
v -0.01132454 0.00788576 0.00662235
v -0.01129457 0.00968576 0.00655
v -0.01129457 0.00788576 0.00655
v -0.01097702 0.00788576 0.006
v -0.01097702 0.00968576 0.006
v -0.01142937 0.00788576 0.00521651
v -0.01142937 0.00968576 0.00521651
v -0.0115333 0.00938576 0.00527651
v -0.0115333 0.00968576 0.00527651
v -0.01167937 0.00788576 0.00478349
v -0.0117833 0.00938576 0.00484349
v -0.0117833 0.00968576 0.00484349
v -0.01167937 0.00968576 0.00478349
v -0.01213172 0.00968576 0.004
v -0.01213172 0.00801609 0.004
v -0.0120871 0.00795274 0.00407729
v -0.01208131 0.00794643 0.00408732
v -0.01205746 0.00792423 0.00412863
v -0.01202512 0.0079028 0.00418464
v -0.01199749 0.00789151 0.00423249
v -0.01195871 0.00788576 0.00429967
v -0.01213172 0.00968576 0.00382971
v -0.01213172 0.00838576 0.00382971
v -0.01213172 0.00827268 0.00384324
v -0.01213172 0.00825634 0.0038475
v -0.01213172 0.00822534 0.00385731
v -0.01213172 0.00813571 0.00389965
v -0.01213172 0.00812054 0.00390917
v -0.01213172 0.00808307 0.00393616
v -0.01213172 0.00803217 0.00398246
v -0.01128642 0.00838576 0.0034641
v -0.01127791 0.00825635 0.00347886
v -0.01125293 0.00813576 0.00352211
v -0.0112132 0.00803221 0.00359093
v -0.01116142 0.00795275 0.00368061
v -0.01110113 0.0079028 0.00378504
v -0.01103642 0.00788576 0.00389711
v -0.01128642 0.00938576 0.0034641
v -0.01032761 0.00938576 0.00512481
v -0.01032761 0.00788576 0.00512481
v -0.00816161 0.00938576 0.00295881
v -0.00816161 0.00788576 0.00295881
v -0.00877841 0.00788576 0.00315832
v -0.00877841 0.00938576 0.00315832
v -0.00933136 0.00788576 0.00349667
v -0.00933136 0.00938576 0.00349667
v -0.00978975 0.00788576 0.00395506
v -0.00978975 0.00938576 0.00395506
v -0.0101281 0.00788576 0.00450802
v -0.0101281 0.00938576 0.00450802
v -0.00982232 0.00938576 0.002
v -0.00982232 0.00838576 0.002
v -0.00960582 0.00795275 0.002125
v -0.00950138 0.0079028 0.0021853
v -0.00938931 0.00788576 0.00225
v -0.00980757 0.00825635 0.00200852
v -0.00976431 0.00813576 0.00203349
v -0.0096955 0.00803221 0.00207322
v -0.00939276 0.00814593 0.0011547
v -0.00938679 0.00813575 0.0011547
v -0.00930395 0.00803216 0.0011547
v -0.00928642 0.00801609 0.0011547
v -0.00923289 0.00796926 0.00118561
v -0.00936652 0.00810475 0.0011547
v -0.00945672 0.00838576 0.0011547
v -0.00944969 0.00830402 0.0011547
v -0.00943892 0.00825635 0.0011547
v -0.00943772 0.00825212 0.0011547
v -0.00898675 0.00788576 0.00132772
v -0.00909376 0.00790047 0.00126594
v -0.00920912 0.00795273 0.00119933
v -0.00913722 0.00791527 0.00124084
v -0.00910179 0.0079028 0.0012613
v -0.00928642 0.00968576 0.0011547
v -0.00945672 0.00968576 0.0011547
v -0.00850293 0.00788576 0.00160705
v -0.00850293 0.00968576 0.00160705
v -0.00844293 0.00938576 0.00150313
v -0.00844293 0.00968576 0.00150313
v -0.00806992 0.00788576 0.00185705
v -0.00800992 0.00938576 0.00175313
v -0.00800992 0.00968576 0.00175313
v -0.00806992 0.00968576 0.00185705
v -0.00728642 0.00788576 0.0023094
v -0.00728642 0.00968576 0.0023094
v -0.00528642 0.00788576 0.0011547
v -0.00528642 0.00968576 0.0011547
v -0.00528642 0.00788576 0.00025
v -0.00528642 0.00968576 0.00025
v -0.00540642 0.00938576 0.00025
v -0.00540642 0.00968576 0.00025
v -0.00528642 0.00788576 -0
v -0.00540642 0.00938576 -0.00025
v -0.00528642 0.00788576 -0.00025
v -0.00540642 0.00968576 -0.00025
v -0.00528642 0.00968576 -0.00025
v -0.00528642 0.00788576 -0.0011547
v -0.00528642 0.00968576 -0.0011547
v -0.00728642 0.00788576 -0.0023094
v -0.00728642 0.00968576 -0.0023094
v -0.00806992 0.00788576 -0.00185705
v -0.00806992 0.00968576 -0.00185705
v -0.00800992 0.00938576 -0.00175313
v -0.00800992 0.00968576 -0.00175313
v -0.00850293 0.00788576 -0.00160705
v -0.00844293 0.00938576 -0.00150313
v -0.00844293 0.00968576 -0.00150313
v -0.00850293 0.00968576 -0.00160705
v -0.00928642 0.00968576 -0.0011547
v -0.00928642 0.00801609 -0.0011547
v -0.00920913 0.00795274 -0.00119932
v -0.00919911 0.00794643 -0.00120511
v -0.00915779 0.00792423 -0.00122897
v -0.00910178 0.0079028 -0.0012613
v -0.00905393 0.00789151 -0.00128893
v -0.00898675 0.00788576 -0.00132772
v -0.00945672 0.00968576 -0.0011547
v -0.00945672 0.00838576 -0.0011547
v -0.00944319 0.00827268 -0.0011547
v -0.00943892 0.00825634 -0.0011547
v -0.00942911 0.00822534 -0.0011547
v -0.00938677 0.00813571 -0.0011547
v -0.00937726 0.00812054 -0.0011547
v -0.00935026 0.00808307 -0.0011547
v -0.00930396 0.00803217 -0.0011547
v -0.00982232 0.00838576 -0.002
v -0.00980757 0.00825635 -0.00200852
v -0.00976431 0.00813576 -0.00203349
v -0.0096955 0.00803221 -0.00207322
v -0.00960582 0.00795275 -0.002125
v -0.00950138 0.0079028 -0.0021853
v -0.00938931 0.00788576 -0.00225
v -0.00982232 0.00938576 -0.002
v -0.010458 0.00938576 0.00282843
v -0.010458 0.00938576 -0.00282843
v -0.01841124 0.00938576 -0.00295881
v -0.01779444 0.00938576 -0.00315832
v -0.01675053 0.00938576 -0.002
v -0.01724148 0.00938576 -0.00349667
v -0.01611485 0.00938576 -0.00282843
v -0.01678309 0.00938576 -0.00395506
v -0.01528642 0.00938576 -0.0034641
v -0.01644474 0.00938576 -0.00450802
v -0.01624524 0.00938576 -0.00512481
v -0.01624524 0.00938576 0.00512481
v -0.01644474 0.00938576 0.00450802
v -0.01528642 0.00938576 0.0034641
v -0.01678309 0.00938576 0.00395506
v -0.01611485 0.00938576 0.00282843
v -0.01724148 0.00938576 0.00349667
v -0.01675053 0.00938576 0.002
v -0.01779444 0.00938576 0.00315832
v -0.01841124 0.00938576 0.00295881
v -0.01444113 0.00814593 0.00389366
v -0.01444113 0.00813575 0.00389963
v -0.01531992 0.00813576 0.00352211
v -0.01444113 0.00803216 0.00398248
v -0.01444113 0.00801609 0.004
v -0.01535965 0.00803221 0.00359093
v -0.01447203 0.00796926 0.00405353
v -0.01541142 0.00795275 0.00368061
v -0.01444113 0.00810475 0.00391991
v -0.01529494 0.00825635 0.00347886
v -0.01528642 0.00838576 0.0034641
v -0.01444113 0.00838576 0.00382971
v -0.01444113 0.00830402 0.00383673
v -0.01444113 0.00825635 0.0038475
v -0.01444113 0.00825212 0.0038487
v -0.01461414 0.00788576 0.00429967
v -0.01553642 0.00788576 0.00389711
v -0.01455236 0.00790047 0.00419267
v -0.01547172 0.0079028 0.00378504
v -0.01448576 0.00795273 0.0040773
v -0.01452727 0.00791527 0.0041492
v -0.01454773 0.0079028 0.00418464
v -0.01624524 0.00788576 0.00512481
v -0.01644474 0.00788576 0.00450802
v -0.01678309 0.00788576 0.00395506
v -0.01724148 0.00788576 0.00349667
v -0.01779444 0.00788576 0.00315832
v -0.01841124 0.00788576 0.00295881
v -0.01676528 0.00825635 0.00200852
v -0.01675053 0.00838576 0.002
v -0.01718354 0.00788576 0.00225
v -0.01707147 0.0079028 0.0021853
v -0.01696703 0.00795275 0.002125
v -0.01687735 0.00803221 0.00207322
v -0.01680854 0.00813576 0.00203349
v -0.01711613 0.00838576 0.0011547
v -0.01712966 0.00827268 0.0011547
v -0.01713393 0.00825634 0.0011547
v -0.01714373 0.00822534 0.0011547
v -0.01718608 0.00813571 0.0011547
v -0.01719559 0.00812054 0.0011547
v -0.01722259 0.00808307 0.0011547
v -0.01737374 0.00794643 0.00120511
v -0.01736372 0.00795274 0.00119932
v -0.01728642 0.00801609 0.0011547
v -0.01726888 0.00803217 0.0011547
v -0.01741506 0.00792423 0.00122897
v -0.01747107 0.0079028 0.0012613
v -0.01751892 0.00789151 0.00128893
v -0.0175861 0.00788576 0.00132772
v -0.01711613 0.00968576 0.0011547
v -0.01728642 0.00968576 0.0011547
v -0.01928642 0.00788576 0.0023094
v -0.01928642 0.00968576 0.0023094
v -0.02128642 0.00788576 0.0011547
v -0.02128642 0.00968576 0.0011547
v -0.02128642 0.00788576 -0.0011547
v -0.02128642 0.00968576 -0.0011547
v -0.01928642 0.00788576 -0.0023094
v -0.01928642 0.00968576 -0.0023094
v -0.0175861 0.00788576 -0.00132772
v -0.01747909 0.00790047 -0.00126594
v -0.01747106 0.0079028 -0.0012613
v -0.01733996 0.00796926 -0.00118561
v -0.01743563 0.00791527 -0.00124084
v -0.01736373 0.00795273 -0.00119933
v -0.01680854 0.00813576 -0.00203349
v -0.01687735 0.00803221 -0.00207322
v -0.01696703 0.00795275 -0.002125
v -0.01676528 0.00825635 -0.00200852
v -0.01675053 0.00838576 -0.002
v -0.01718354 0.00788576 -0.00225
v -0.01707147 0.0079028 -0.0021853
v -0.01841124 0.00788576 -0.00295881
v -0.01779444 0.00788576 -0.00315832
v -0.01724148 0.00788576 -0.00349667
v -0.01678309 0.00788576 -0.00395506
v -0.01644474 0.00788576 -0.00450802
v -0.01624524 0.00788576 -0.00512481
v -0.01528642 0.00838576 -0.0034641
v -0.01553642 0.00788576 -0.00389711
v -0.01547172 0.0079028 -0.00378504
v -0.01541142 0.00795275 -0.00368061
v -0.01535965 0.00803221 -0.00359093
v -0.01531992 0.00813576 -0.00352211
v -0.01529494 0.00825635 -0.00347886
v -0.01444113 0.00838576 -0.00382971
v -0.01444113 0.00827268 -0.00384324
v -0.01444113 0.00825634 -0.0038475
v -0.01444113 0.00822534 -0.00385731
v -0.01444113 0.00813571 -0.00389965
v -0.01444113 0.00812054 -0.00390917
v -0.01444113 0.00808307 -0.00393616
v -0.01449154 0.00794643 -0.00408732
v -0.01448575 0.00795274 -0.00407729
v -0.01444113 0.00801609 -0.004
v -0.01444113 0.00803217 -0.00398246
v -0.01451539 0.00792423 -0.00412863
v -0.01454773 0.0079028 -0.00418464
v -0.01457535 0.00789151 -0.00423249
v -0.01461414 0.00788576 -0.00429967
v -0.01514347 0.00788576 -0.00521651
v -0.01514347 0.00968576 -0.00521651
v -0.01503955 0.00938576 -0.00527651
v -0.01503955 0.00968576 -0.00527651
v -0.01489347 0.00788576 -0.00478349
v -0.01478955 0.00938576 -0.00484349
v -0.01478955 0.00968576 -0.00484349
v -0.01489347 0.00968576 -0.00478349
v -0.01444113 0.00968576 -0.004
v -0.01444113 0.00968576 -0.00382971
v -0.01444113 0.00968576 0.004
v -0.01444113 0.00968576 0.00382971
v -0.01489347 0.00788576 0.00478349
v -0.01489347 0.00968576 0.00478349
v -0.01478955 0.00938576 0.00484349
v -0.01478955 0.00968576 0.00484349
v -0.01514347 0.00788576 0.00521651
v -0.01503955 0.00938576 0.00527651
v -0.01503955 0.00968576 0.00527651
v -0.01514347 0.00968576 0.00521651
v -0.01559583 0.00788576 0.006
v -0.01559583 0.00968576 0.006
v -0.01527828 0.00788576 0.00655
v -0.01527828 0.00968576 0.00655
v -0.01553809 0.00968576 0.007
v -0.01553809 0.00788576 0.007
v -0.01546044 0.00788576 0.00698978
v -0.01546044 0.00968576 0.00698978
v -0.01538809 0.00788576 0.00695981
v -0.01538809 0.00968576 0.00695981
v -0.01532596 0.00788576 0.00691213
v -0.01532596 0.00968576 0.00691213
v -0.01527828 0.00788576 0.00685
v -0.01527828 0.00968576 0.00685
v -0.01524831 0.00788576 0.00677765
v -0.01524831 0.00968576 0.00677765
v -0.01523809 0.00788576 0.0067
v -0.01523809 0.00968576 0.0067
v -0.01524831 0.00788576 0.00662235
v -0.01524831 0.00968576 0.00662235
v -0.01603642 0.00788576 0.007
v -0.01603642 0.00968576 0.007
v -0.01603642 0.00938576 0.00712
v -0.01603642 0.00968576 0.00712
v -0.01653642 0.00788576 0.007
v -0.01653642 0.00938576 0.00712
v -0.01653642 0.00968576 0.00712
v -0.01653642 0.00968576 0.007
v -0.01744112 0.00788576 0.007
v -0.01744112 0.00968576 0.007
v -0.01760882 0.00788576 0.00678899
v -0.01760882 0.00968576 0.00678899
v -0.01814172 0.00968576 0.00721249
v -0.01814172 0.00788576 0.00721249
v -0.01856203 0.00968576 0.00736482
v -0.01856203 0.00788576 0.00736482
v -0.01900721 0.00968576 0.00740569
v -0.01900721 0.00788576 0.00740569
v -0.01944823 0.00968576 0.00733242
v -0.01944823 0.00788576 0.00733242
v -0.01985629 0.00968576 0.00714981
v -0.01985629 0.00788576 0.00714981
v -0.02020477 0.00968576 0.00686976
v -0.02020477 0.00788576 0.00686976
v -0.02047092 0.00968576 0.00651056
v -0.02047092 0.00788576 0.00651056
v -0.02063737 0.00968576 0.00609565
v -0.02063737 0.00788576 0.00609565
v -0.02069327 0.00968576 0.0056521
v -0.02069327 0.00788576 0.0056521
v -0.02063496 0.00968576 0.00520886
v -0.02063496 0.00788576 0.00520886
v -0.02046626 0.00968576 0.00479485
v -0.02046626 0.00788576 0.00479485
v -0.02019815 0.00968576 0.00443711
v -0.02019815 0.00788576 0.00443711
v -0.01984816 0.00968576 0.00415896
v -0.01984816 0.00788576 0.00415896
v -0.01943911 0.00968576 0.00397857
v -0.01943911 0.00788576 0.00397857
v -0.01899771 0.00968576 0.0039077
v -0.01899771 0.00788576 0.0039077
v -0.01855275 0.00968576 0.00395099
v -0.01855275 0.00788576 0.00395099
v -0.01813328 0.00968576 0.0041056
v -0.01813328 0.00788576 0.0041056
v -0.01776667 0.00968576 0.00436145
v -0.01776667 0.00788576 0.00436145
v -0.01760396 0.00968576 0.00453047
v -0.01747684 0.00788576 0.00470183
v -0.01736552 0.00788576 0.00641393
v -0.01736552 0.00968576 0.00641393
v -0.01722518 0.00788576 0.00598947
v -0.01722518 0.00968576 0.00598947
v -0.01719697 0.00788576 0.00554331
v -0.01719697 0.00968576 0.00554331
v -0.01728272 0.00788576 0.00510455
v -0.01728272 0.00968576 0.00510455
v -0.01747684 0.00968576 0.00470183
v -0.01780699 0.00788576 0.00763369
v -0.01780699 0.00968576 0.00763369
v -0.01859583 0.00788576 0.009
v -0.01859583 0.00968576 0.009
v -0.01827828 0.00788576 0.00955
v -0.01827828 0.00968576 0.00955
v -0.01853809 0.00968576 0.01
v -0.01853809 0.00788576 0.01
v -0.01846045 0.00788576 0.00998978
v -0.01846045 0.00968576 0.00998978
v -0.01838809 0.00788576 0.00995981
v -0.01838809 0.00968576 0.00995981
v -0.01832596 0.00788576 0.00991213
v -0.01832596 0.00968576 0.00991213
v -0.01827828 0.00788576 0.00985
v -0.01827828 0.00968576 0.00985
v -0.01824831 0.00788576 0.00977765
v -0.01824831 0.00968576 0.00977765
v -0.01823809 0.00788576 0.0097
v -0.01823809 0.00968576 0.0097
v -0.01824831 0.00788576 0.00962235
v -0.01824831 0.00968576 0.00962235
v -0.01903642 0.00968576 0.01012
v -0.01903642 0.00938576 0.01012
v -0.01903642 0.00968576 0.0100725
v -0.01903642 0.00788576 0.01
v -0.01903642 0.00968576 0.01
v -0.01953642 0.00788576 0.01
v -0.01953642 0.00938576 0.01012
v -0.01953642 0.00968576 0.01012
v -0.01953642 0.00968576 0.01
v -0.01953642 0.00968576 0.0100725
v -0.02114348 0.00788576 0.01278349
v -0.02114348 0.00968576 0.01278349
v -0.02103955 0.00938576 0.01272349
v -0.02103955 0.00968576 0.01272349
v -0.02089348 0.00788576 0.01321651
v -0.02078955 0.00938576 0.01315651
v -0.02078955 0.00968576 0.01315651
v -0.02089348 0.00968576 0.01321651
v -0.01767937 0.00788576 0.01321651
v -0.01767937 0.00968576 0.01321651
v -0.0177833 0.00938576 0.01315651
v -0.0177833 0.00968576 0.01315651
v -0.01742937 0.00788576 0.01278349
v -0.0175333 0.00938576 0.01272349
v -0.0175333 0.00968576 0.01272349
v -0.01742937 0.00968576 0.01278349
v -0.01653642 0.00788576 0.011
v -0.01653642 0.00968576 0.011
v -0.01653642 0.00938576 0.01088
v -0.01653642 0.00968576 0.01088
v -0.01603642 0.00788576 0.011
v -0.01603642 0.00938576 0.01088
v -0.01603642 0.00968576 0.01088
v -0.01603642 0.00968576 0.011
v -0.01514347 0.00788576 0.01278349
v -0.01514347 0.00968576 0.01278349
v -0.01503955 0.00938576 0.01272349
v -0.01503955 0.00968576 0.01272349
v -0.01489347 0.00788576 0.01321651
v -0.01478955 0.00938576 0.01315651
v -0.01478955 0.00968576 0.01315651
v -0.01489347 0.00968576 0.01321651
v -0.01167937 0.00788576 0.01321651
v -0.01167937 0.00968576 0.01321651
v -0.0117833 0.00938576 0.01315651
v -0.0117833 0.00968576 0.01315651
v -0.01142937 0.00788576 0.01278349
v -0.0115333 0.00938576 0.01272349
v -0.0115333 0.00968576 0.01272349
v -0.01142937 0.00968576 0.01278349
v -0.01053642 0.00788576 0.011
v -0.01053642 0.00968576 0.011
v -0.01053642 0.00938576 0.01088
v -0.01053642 0.00968576 0.01088
v -0.01003642 0.00788576 0.011
v -0.01003642 0.00938576 0.01088
v -0.01003642 0.00968576 0.01088
v -0.01003642 0.00968576 0.011
v -0.00914347 0.00788576 0.01278349
v -0.00914347 0.00968576 0.01278349
v -0.00903955 0.00938576 0.01272349
v -0.00903955 0.00968576 0.01272349
v -0.00889347 0.00788576 0.01321651
v -0.00878955 0.00938576 0.01315651
v -0.00878955 0.00968576 0.01315651
v -0.00889347 0.00968576 0.01321651
v -0.00567937 0.00788576 0.01321651
v -0.00567937 0.00968576 0.01321651
v -0.0057833 0.00938576 0.01315651
v -0.0057833 0.00968576 0.01315651
v -0.00542937 0.00788576 0.01278349
v -0.0055333 0.00938576 0.01272349
v -0.0055333 0.00968576 0.01272349
v -0.00542937 0.00968576 0.01278349
v -0.00613172 0.00968576 0.01
v -0.00613172 0.00788576 0.01
v -0.00608987 0.00968576 0.0100725
v -0.00497702 0.00788576 0.012
v -0.00497702 0.00968576 0.012
v -0.00585027 0.00968576 0.0135125
v -0.00613172 0.00788576 0.014
v -0.00613172 0.00968576 0.014
v -0.00844113 0.00788576 0.014
v -0.00844113 0.00968576 0.014
v -0.00636331 0.00788576 0.014
v -0.00959583 0.00788576 0.012
v -0.00959583 0.00968576 0.012
v -0.00927828 0.00788576 0.01145
v -0.00927828 0.00968576 0.01145
v -0.00953809 0.00788576 0.011
v -0.00953809 0.00968576 0.011
v -0.00946044 0.00968576 0.01101022
v -0.00946044 0.00788576 0.01101022
v -0.00938809 0.00968576 0.01104019
v -0.00938809 0.00788576 0.01104019
v -0.00932596 0.00968576 0.01108787
v -0.00932596 0.00788576 0.01108787
v -0.00927828 0.00968576 0.01115
v -0.00927828 0.00788576 0.01115
v -0.00924831 0.00968576 0.01122235
v -0.00924831 0.00788576 0.01122235
v -0.00923809 0.00968576 0.0113
v -0.00923809 0.00788576 0.0113
v -0.00924831 0.00968576 0.01137765
v -0.00924831 0.00788576 0.01137765
v -0.01103476 0.00788576 0.011
v -0.01103476 0.00968576 0.011
v -0.0111124 0.00788576 0.01101022
v -0.0111124 0.00968576 0.01101022
v -0.01118476 0.00788576 0.01104019
v -0.01118476 0.00968576 0.01104019
v -0.01124689 0.00788576 0.01108787
v -0.01124689 0.00968576 0.01108787
v -0.01129457 0.00788576 0.01115
v -0.01129457 0.00968576 0.01115
v -0.01132454 0.00788576 0.01122235
v -0.01132454 0.00968576 0.01122235
v -0.01133476 0.00788576 0.0113
v -0.01133476 0.00968576 0.0113
v -0.01132454 0.00788576 0.01137765
v -0.01132454 0.00968576 0.01137765
v -0.01129457 0.00788576 0.01145
v -0.01129457 0.00968576 0.01145
v -0.01097702 0.00788576 0.012
v -0.01097702 0.00968576 0.012
v -0.01213172 0.00788576 0.014
v -0.01213172 0.00968576 0.014
v -0.01185026 0.00968576 0.0135125
v -0.01177476 0.00968576 0.01338172
v -0.01224976 0.00968576 0.014
v -0.01328642 0.00788576 0.014
v -0.01432309 0.00968576 0.014
v -0.01444113 0.00788576 0.014
v -0.01444113 0.00968576 0.014
v -0.01559583 0.00788576 0.012
v -0.01559583 0.00968576 0.012
v -0.01527828 0.00788576 0.01145
v -0.01527828 0.00968576 0.01145
v -0.01553809 0.00788576 0.011
v -0.01553809 0.00968576 0.011
v -0.01546044 0.00968576 0.01101022
v -0.01546044 0.00788576 0.01101022
v -0.01538809 0.00968576 0.01104019
v -0.01538809 0.00788576 0.01104019
v -0.01532596 0.00968576 0.01108787
v -0.01532596 0.00788576 0.01108787
v -0.01527828 0.00968576 0.01115
v -0.01527828 0.00788576 0.01115
v -0.01524831 0.00968576 0.01122235
v -0.01524831 0.00788576 0.01122235
v -0.01523809 0.00968576 0.0113
v -0.01523809 0.00788576 0.0113
v -0.01524831 0.00968576 0.01137765
v -0.01524831 0.00788576 0.01137765
v -0.01703476 0.00788576 0.011
v -0.01703476 0.00968576 0.011
v -0.0171124 0.00788576 0.01101022
v -0.0171124 0.00968576 0.01101022
v -0.01718476 0.00788576 0.01104019
v -0.01718476 0.00968576 0.01104019
v -0.01724689 0.00788576 0.01108787
v -0.01724689 0.00968576 0.01108787
v -0.01729457 0.00788576 0.01115
v -0.01729457 0.00968576 0.01115
v -0.01732454 0.00788576 0.01122235
v -0.01732454 0.00968576 0.01122235
v -0.01733476 0.00788576 0.0113
v -0.01733476 0.00968576 0.0113
v -0.01732454 0.00788576 0.01137765
v -0.01732454 0.00968576 0.01137765
v -0.01729457 0.00788576 0.01145
v -0.01729457 0.00968576 0.01145
v -0.01697702 0.00788576 0.012
v -0.01697702 0.00968576 0.012
v -0.01813172 0.00788576 0.014
v -0.01813172 0.00968576 0.014
v -0.02044112 0.00788576 0.014
v -0.02044112 0.00968576 0.014
v -0.02020954 0.00788576 0.014
v -0.02013985 0.00968576 0.014
v -0.02159582 0.00788576 0.012
v -0.02159582 0.00968576 0.012
v -0.02048298 0.00968576 0.0100725
v -0.02044112 0.00788576 0.01
v -0.02044112 0.00968576 0.01
v -0.01353642 0.00788576 0.01
v -0.01353642 0.00968576 0.01
v -0.01303642 0.00788576 0.01
v -0.01303642 0.00968576 0.01
v -0.00636331 0.00788576 0.01
v -0.02020954 0.00788576 0.01
v -0.02013985 0.00968576 0.01
v -0.01353642 0.00968576 0.0100725
v -0.01353642 0.00938576 0.01012
v -0.01353642 0.00968576 0.01012
v -0.01303642 0.00968576 0.01012
v -0.01303642 0.00938576 0.01012
v -0.01303642 0.00968576 0.0100725
v -0.01728642 0.00968576 -0
v -0.01715013 0.00968576 -0.00103528
v -0.01715013 0.00968576 0.00103528
v -0.01224976 0.00968576 -0.0079275
v -0.01177476 0.00968576 -0.0079275
v -0.01177476 0.00968576 -0.00685343
v -0.01432309 0.00968576 -0.0100725
v -0.01761485 0.00968576 -0.00480343
v -0.008483 0.00968576 -0.0100725
v -0.008958 0.00968576 -0.0079275
v -0.01224976 0.00968576 -0.00480343
v -0.01177476 0.00968576 -0.00480343
v -0.008958 0.00968576 -0.00685343
v -0.008958 0.00968576 -0.00480343
v -0.008483 0.00968576 -0.00685343
v -0.008483 0.00968576 -0.00480343
v -0.008483 0.00968576 -0.0105475
v -0.01177476 0.00968576 -0.0105475
v -0.008958 0.00968576 -0.0105475
v -0.01224976 0.00968576 -0.0105475
v -0.01432309 0.00968576 -0.0105475
v -0.01761485 0.00968576 -0.0105475
v -0.02013985 0.00968576 -0.0105475
v -0.02013985 0.00968576 -0.0100725
v -0.01761485 0.00968576 -0.0100725
v -0.01761485 0.00968576 -0.0079275
v -0.02013985 0.00968576 -0.00685343
v -0.01761485 0.00968576 -0.00685343
v -0.02013985 0.00968576 -0.00480343
v -0.01432309 0.00968576 -0.0079275
v -0.01432309 0.00968576 -0.00685343
v -0.01432309 0.00968576 -0.00480343
v -0.0143217 0.00968576 -0.0038637
v -0.01328642 0.00968576 -0.004
v -0.01225115 0.00968576 -0.0038637
v -0.01224976 0.00968576 -0.0100725
v -0.01177476 0.00968576 -0.0100725
v -0.01224976 0.00968576 -0.00685343
v -0.008958 0.00968576 -0.0100725
v -0.00928642 0.00968576 -0
v -0.00942272 0.00968576 0.00103528
v -0.00942272 0.00968576 -0.00103528
v -0.01761485 0.00968576 0.0074525
v -0.01432309 0.00968576 0.0074525
v -0.01432309 0.00968576 0.0079275
v -0.008958 0.00968576 0.0079275
v -0.01224976 0.00968576 0.0100725
v -0.008958 0.00968576 0.0100725
v -0.01761485 0.00968576 0.0100725
v -0.02013985 0.00968576 0.00685343
v -0.0143217 0.00968576 0.0038637
v -0.01432309 0.00968576 0.00685343
v -0.01761485 0.00968576 0.00685343
v -0.01761485 0.00968576 0.0079275
v -0.02013985 0.00968576 0.0135125
v -0.02013985 0.00968576 0.0100725
v -0.01432309 0.00968576 0.0100725
v -0.01224976 0.00968576 0.0135125
v -0.01177476 0.00968576 0.0100725
v -0.008483 0.00968576 0.0135125
v -0.008483 0.00968576 0.0100725
v -0.008958 0.00968576 0.00685343
v -0.008483 0.00968576 0.00685343
v -0.008958 0.00968576 0.0074525
v -0.01177476 0.00968576 0.0074525
v -0.01177476 0.00968576 0.00685343
v -0.01225115 0.00968576 0.0038637
v -0.01224976 0.00968576 0.00685343
v -0.01328642 0.00968576 0.004
v -0.01432309 0.00968576 0.0135125
v -0.01224976 0.00968576 0.0079275
v -0.01177476 0.00968576 0.0079275
v -0.01224976 0.00968576 0.0074525
v -0.01675053 0.01088576 -0.002
v -0.01611485 0.01088576 -0.00282843
v -0.01528642 0.01088576 -0.0034641
v -0.01675053 0.01088576 0.002
v -0.01715013 0.01088576 0.00103528
v -0.01728642 0.01088576 -0
v -0.01715013 0.01088576 -0.00103528
v -0.01611485 0.01088576 0.00282843
v -0.01528642 0.01088576 0.0034641
v -0.01128642 0.01088576 0.0034641
v -0.01225115 0.01088576 0.0038637
v -0.01328642 0.01088576 0.004
v -0.0143217 0.01088576 0.0038637
v -0.010458 0.01088576 0.00282843
v -0.00982232 0.01088576 0.002
v -0.00982232 0.01088576 -0.002
v -0.00942272 0.01088576 -0.00103528
v -0.00928642 0.01088576 -0
v -0.00942272 0.01088576 0.00103528
v -0.010458 0.01088576 -0.00282843
v -0.01128642 0.01088576 -0.0034641
v -0.0143217 0.01088576 -0.0038637
v -0.01328642 0.01088576 -0.004
v -0.01225115 0.01088576 -0.0038637
v -0.02128642 0.01088576 -0.0072
v -0.02128642 0.00788576 -0.0072
v -0.02149348 0.01088576 -0.00722726
v -0.02149348 0.00788576 -0.00722726
v -0.02168642 0.01088576 -0.00730718
v -0.02168642 0.00788576 -0.00730718
v -0.02185211 0.01088576 -0.00743431
v -0.02185211 0.00788576 -0.00743431
v -0.02197924 0.01088576 -0.0076
v -0.02197924 0.00788576 -0.0076
v -0.02205916 0.01088576 -0.00779294
v -0.02205916 0.00788576 -0.00779294
v -0.02208642 0.01088576 -0.008
v -0.02208642 0.00788576 -0.008
v -0.02205916 0.01088576 -0.00820705
v -0.02205916 0.00788576 -0.00820705
v -0.02197924 0.01088576 -0.0084
v -0.02197924 0.00788576 -0.0084
v -0.02185211 0.01088576 -0.00856569
v -0.02185211 0.00788576 -0.00856569
v -0.02168642 0.01088576 -0.00869282
v -0.02168642 0.00788576 -0.00869282
v -0.02149348 0.01088576 -0.00877274
v -0.02149348 0.00788576 -0.00877274
v -0.02128642 0.01088576 -0.0088
v -0.02128642 0.00788576 -0.0088
v -0.02107937 0.01088576 -0.00877274
v -0.02107937 0.00788576 -0.00877274
v -0.02088642 0.01088576 -0.00869282
v -0.02088642 0.00788576 -0.00869282
v -0.02072074 0.01088576 -0.00856569
v -0.02072074 0.00788576 -0.00856569
v -0.0205936 0.01088576 -0.0084
v -0.0205936 0.00788576 -0.0084
v -0.02051368 0.01088576 -0.00820705
v -0.02051368 0.00788576 -0.00820705
v -0.02048642 0.01088576 -0.008
v -0.02048642 0.00788576 -0.008
v -0.02051368 0.01088576 -0.00779294
v -0.02051368 0.00788576 -0.00779294
v -0.0205936 0.01088576 -0.0076
v -0.0205936 0.00788576 -0.0076
v -0.02072074 0.01088576 -0.00743431
v -0.02072074 0.00788576 -0.00743431
v -0.02088642 0.01088576 -0.00730718
v -0.02088642 0.00788576 -0.00730718
v -0.02107937 0.01088576 -0.00722726
v -0.02107937 0.00788576 -0.00722726
v -0.00528642 0.01088576 -0.0072
v -0.00528642 0.00788576 -0.0072
v -0.00549348 0.01088576 -0.00722726
v -0.00549348 0.00788576 -0.00722726
v -0.00568642 0.01088576 -0.00730718
v -0.00568642 0.00788576 -0.00730718
v -0.00585211 0.01088576 -0.00743431
v -0.00585211 0.00788576 -0.00743431
v -0.00597924 0.01088576 -0.0076
v -0.00597924 0.00788576 -0.0076
v -0.00605916 0.01088576 -0.00779294
v -0.00605916 0.00788576 -0.00779294
v -0.00608642 0.01088576 -0.008
v -0.00608642 0.00788576 -0.008
v -0.00605916 0.01088576 -0.00820705
v -0.00605916 0.00788576 -0.00820705
v -0.00597924 0.01088576 -0.0084
v -0.00597924 0.00788576 -0.0084
v -0.00585211 0.01088576 -0.00856569
v -0.00585211 0.00788576 -0.00856569
v -0.00568642 0.01088576 -0.00869282
v -0.00568642 0.00788576 -0.00869282
v -0.00549348 0.01088576 -0.00877274
v -0.00549348 0.00788576 -0.00877274
v -0.00528642 0.01088576 -0.0088
v -0.00528642 0.00788576 -0.0088
v -0.00507937 0.01088576 -0.00877274
v -0.00507937 0.00788576 -0.00877274
v -0.00488642 0.01088576 -0.00869282
v -0.00488642 0.00788576 -0.00869282
v -0.00472074 0.01088576 -0.00856569
v -0.00472074 0.00788576 -0.00856569
v -0.0045936 0.01088576 -0.0084
v -0.0045936 0.00788576 -0.0084
v -0.00451368 0.01088576 -0.00820705
v -0.00451368 0.00788576 -0.00820705
v -0.00448642 0.01088576 -0.008
v -0.00448642 0.00788576 -0.008
v -0.00451368 0.01088576 -0.00779294
v -0.00451368 0.00788576 -0.00779294
v -0.0045936 0.01088576 -0.0076
v -0.0045936 0.00788576 -0.0076
v -0.00472074 0.01088576 -0.00743431
v -0.00472074 0.00788576 -0.00743431
v -0.00488642 0.01088576 -0.00730718
v -0.00488642 0.00788576 -0.00730718
v -0.00507937 0.01088576 -0.00722726
v -0.00507937 0.00788576 -0.00722726
v -0.02128642 0.01088576 0.0088
v -0.02128642 0.00788576 0.0088
v -0.02149348 0.01088576 0.00877274
v -0.02149348 0.00788576 0.00877274
v -0.02168642 0.01088576 0.00869282
v -0.02168642 0.00788576 0.00869282
v -0.02185211 0.01088576 0.00856569
v -0.02185211 0.00788576 0.00856569
v -0.02197924 0.01088576 0.0084
v -0.02197924 0.00788576 0.0084
v -0.02205916 0.01088576 0.00820705
v -0.02205916 0.00788576 0.00820705
v -0.02208642 0.01088576 0.008
v -0.02208642 0.00788576 0.008
v -0.02205916 0.01088576 0.00779294
v -0.02205916 0.00788576 0.00779294
v -0.02197924 0.01088576 0.0076
v -0.02197924 0.00788576 0.0076
v -0.02185211 0.01088576 0.00743431
v -0.02185211 0.00788576 0.00743431
v -0.02168642 0.01088576 0.00730718
v -0.02168642 0.00788576 0.00730718
v -0.02149348 0.01088576 0.00722726
v -0.02149348 0.00788576 0.00722726
v -0.02128642 0.01088576 0.0072
v -0.02128642 0.00788576 0.0072
v -0.02107937 0.01088576 0.00722726
v -0.02107937 0.00788576 0.00722726
v -0.02088642 0.01088576 0.00730718
v -0.02088642 0.00788576 0.00730718
v -0.02072074 0.01088576 0.00743431
v -0.02072074 0.00788576 0.00743431
v -0.0205936 0.01088576 0.0076
v -0.0205936 0.00788576 0.0076
v -0.02051368 0.01088576 0.00779294
v -0.02051368 0.00788576 0.00779294
v -0.02048642 0.01088576 0.008
v -0.02048642 0.00788576 0.008
v -0.02051368 0.01088576 0.00820705
v -0.02051368 0.00788576 0.00820705
v -0.0205936 0.01088576 0.0084
v -0.0205936 0.00788576 0.0084
v -0.02072074 0.01088576 0.00856569
v -0.02072074 0.00788576 0.00856569
v -0.02088642 0.01088576 0.00869282
v -0.02088642 0.00788576 0.00869282
v -0.02107937 0.01088576 0.00877274
v -0.02107937 0.00788576 0.00877274
v -0.00528642 0.01088576 0.0088
v -0.00528642 0.00788576 0.0088
v -0.00549348 0.01088576 0.00877274
v -0.00549348 0.00788576 0.00877274
v -0.00568642 0.01088576 0.00869282
v -0.00568642 0.00788576 0.00869282
v -0.00585211 0.01088576 0.00856569
v -0.00585211 0.00788576 0.00856569
v -0.00597924 0.01088576 0.0084
v -0.00597924 0.00788576 0.0084
v -0.00605916 0.01088576 0.00820705
v -0.00605916 0.00788576 0.00820705
v -0.00608642 0.01088576 0.008
v -0.00608642 0.00788576 0.008
v -0.00605916 0.01088576 0.00779294
v -0.00605916 0.00788576 0.00779294
v -0.00597924 0.01088576 0.0076
v -0.00597924 0.00788576 0.0076
v -0.00585211 0.01088576 0.00743431
v -0.00585211 0.00788576 0.00743431
v -0.00568642 0.01088576 0.00730718
v -0.00568642 0.00788576 0.00730718
v -0.00549348 0.01088576 0.00722726
v -0.00549348 0.00788576 0.00722726
v -0.00528642 0.01088576 0.0072
v -0.00528642 0.00788576 0.0072
v -0.00507937 0.01088576 0.00722726
v -0.00507937 0.00788576 0.00722726
v -0.00488642 0.01088576 0.00730718
v -0.00488642 0.00788576 0.00730718
v -0.00472074 0.01088576 0.00743431
v -0.00472074 0.00788576 0.00743431
v -0.0045936 0.01088576 0.0076
v -0.0045936 0.00788576 0.0076
v -0.00451368 0.01088576 0.00779294
v -0.00451368 0.00788576 0.00779294
v -0.00448642 0.01088576 0.008
v -0.00448642 0.00788576 0.008
v -0.00451368 0.01088576 0.00820705
v -0.00451368 0.00788576 0.00820705
v -0.0045936 0.01088576 0.0084
v -0.0045936 0.00788576 0.0084
v -0.00472074 0.01088576 0.00856569
v -0.00472074 0.00788576 0.00856569
v -0.00488642 0.01088576 0.00869282
v -0.00488642 0.00788576 0.00869282
v -0.00507937 0.01088576 0.00877274
v -0.00507937 0.00788576 0.00877274
v -0.00773936 0.01088576 0.00169037
v -0.00728642 0.01088576 0.00175
v -0.00683349 0.01088576 0.00169037
v -0.00641142 0.01088576 0.00151554
v -0.00604899 0.01088576 0.00123744
v -0.00577088 0.01088576 0.000875
v -0.00559605 0.01088576 0.00045293
v -0.00553642 0.01088576 -0
v -0.00559605 0.01088576 -0.00045293
v -0.00577088 0.01088576 -0.000875
v -0.00604899 0.01088576 -0.00123744
v -0.00641142 0.01088576 -0.00151554
v -0.00683349 0.01088576 -0.00169037
v -0.00728642 0.01088576 -0.00175
v -0.00773936 0.01088576 -0.00169037
v -0.00816142 0.01088576 -0.00151554
v -0.00852386 0.01088576 -0.00123744
v -0.00880197 0.01088576 -0.000875
v -0.00897679 0.01088576 -0.00045293
v -0.00903642 0.01088576 -0
v -0.00897679 0.01088576 0.00045293
v -0.00880197 0.01088576 0.000875
v -0.00852386 0.01088576 0.00123744
v -0.00816142 0.01088576 0.00151554
v -0.00328642 0.01058576 -0.01637574
v -0.00358642 0.01088576 -0.0165
v -0.00358642 0.01008576 -0.0173
v -0.00328642 0.0099615 -0.017
v -0.00378642 0.01088576 -0.0165
v -0.00587236 0.01008576 -0.0173
v -0.02298642 0.01008576 -0.0173
v -0.02070049 0.01008576 -0.0173
v -0.02278642 0.01088576 -0.0165
v -0.0152187 0.01008576 -0.0173
v -0.01135414 0.01008576 -0.0173
v -0.02328642 0.0099615 -0.017
v -0.02298642 0.0043474 -0.0173
v -0.02328642 0.0043474 -0.017
v -0.0232019 0.00343193 -0.017
v -0.02328642 0.0043474 -0.0145
v -0.0232019 0.00343193 -0.0145
v -0.02290697 0.00348685 -0.0173
v -0.02190206 -0.00354733 -0.017
v -0.02160713 -0.0034924 -0.0173
v -0.02115119 -0.007579 -0.0158
v -0.02115119 -0.007579 -0.0145
v -0.02190206 -0.00354733 -0.0158
v -0.02091896 -0.00436424 -0.017
v -0.02091896 -0.00436424 -0.0158
v -0.02114802 -0.00433765 -0.0158
v -0.02114802 -0.00433765 -0.017
v -0.0213649 -0.0042593 -0.0158
v -0.0213649 -0.0042593 -0.017
v -0.02155806 -0.00413336 -0.0158
v -0.02155806 -0.00413336 -0.017
v -0.02171725 -0.00396652 -0.0158
v -0.02171725 -0.00396652 -0.017
v -0.02183398 -0.00376765 -0.0158
v -0.02183398 -0.00376765 -0.017
v -0.02091896 -0.00406424 -0.0173
v -0.0210793 -0.00404563 -0.0173
v -0.02123112 -0.00399078 -0.0173
v -0.02136633 -0.00390262 -0.0173
v -0.02147776 -0.00378583 -0.0173
v -0.02155947 -0.00364663 -0.0173
v -0.01928642 -0.00406424 -0.0173
v -0.01928642 -0.00436424 -0.017
v -0.02070049 -0.00406424 -0.0173
v -0.01928642 -0.00436424 -0.0158
v -0.01889477 -0.00440863 -0.0158
v -0.01883349 -0.00780461 -0.017
v -0.01928642 -0.00786424 -0.017
v -0.01928642 -0.00786424 -0.0158
v -0.01889477 -0.00781985 -0.0158
v -0.01849345 -0.00767427 -0.0158
v -0.01849345 -0.00767427 -0.017
v -0.01813931 -0.00743584 -0.0158
v -0.01785345 -0.00711877 -0.0158
v -0.01785345 -0.00711877 -0.017
v -0.01804899 -0.00735168 -0.017
v -0.01813931 -0.00743584 -0.017
v -0.01841142 -0.00762978 -0.017
v -0.01765286 -0.00674191 -0.0158
v -0.01754949 -0.0063277 -0.0158
v -0.01754949 -0.0063277 -0.017
v -0.01759605 -0.00656717 -0.017
v -0.01765286 -0.00674191 -0.017
v -0.01777088 -0.00698924 -0.017
v -0.01765286 -0.00548657 -0.0158
v -0.01759605 -0.00566131 -0.017
v -0.01754949 -0.00590078 -0.0158
v -0.01754949 -0.00590078 -0.017
v -0.01753642 -0.00611424 -0.017
v -0.01785345 -0.00510971 -0.0158
v -0.01777088 -0.00523924 -0.017
v -0.01765286 -0.00548657 -0.017
v -0.01813931 -0.00479263 -0.0158
v -0.01804899 -0.0048768 -0.017
v -0.01785345 -0.00510971 -0.017
v -0.01883349 -0.00442387 -0.017
v -0.01849345 -0.00455421 -0.017
v -0.01849345 -0.00455421 -0.0158
v -0.01841142 -0.00459869 -0.017
v -0.01813931 -0.00479263 -0.017
v -0.01928642 -0.00816424 -0.0173
v -0.01875585 -0.00809439 -0.0173
v -0.01826142 -0.00788959 -0.0173
v -0.01783686 -0.00756381 -0.0173
v -0.01751107 -0.00713924 -0.0173
v -0.01730628 -0.00664482 -0.0173
v -0.01723642 -0.00611424 -0.0173
v -0.01730628 -0.00558366 -0.0173
v -0.01751107 -0.00508924 -0.0173
v -0.01783686 -0.00466467 -0.0173
v -0.01826142 -0.00433889 -0.0173
v -0.01875585 -0.00413409 -0.0173
v -0.01972362 -0.00786424 -0.017
v -0.01972362 -0.00816424 -0.0173
v -0.01972362 -0.00786424 -0.0158
v -0.01996794 -0.00789454 -0.017
v -0.01996794 -0.00789454 -0.0158
v -0.02019745 -0.00798362 -0.017
v -0.02019745 -0.00798362 -0.0158
v -0.02039824 -0.00812607 -0.017
v -0.02039824 -0.00812607 -0.0158
v -0.02055814 -0.00831327 -0.017
v -0.02055814 -0.00831327 -0.0158
v -0.02066747 -0.00853385 -0.017
v -0.02066747 -0.00853385 -0.0158
v -0.02071958 -0.00877446 -0.017
v -0.02071958 -0.00877446 -0.0158
v -0.02071133 -0.00902051 -0.017
v -0.02071133 -0.00902051 -0.0158
v -0.02064322 -0.0092571 -0.017
v -0.02064322 -0.0092571 -0.0158
v -0.02036734 -0.00913924 -0.0173
v -0.02041502 -0.00897363 -0.0173
v -0.02042079 -0.0088014 -0.0173
v -0.02038431 -0.00863297 -0.0173
v -0.02030779 -0.00847856 -0.0173
v -0.02019585 -0.00834752 -0.0173
v -0.0200553 -0.00824781 -0.0173
v -0.01989464 -0.00818545 -0.0173
v -0.01631142 -0.01319515 -0.0173
v -0.01642928 -0.01347103 -0.017
v -0.01800153 -0.01257704 -0.017
v -0.01782471 -0.01233468 -0.0173
v -0.01946466 -0.0111965 -0.017
v -0.01923298 -0.01100592 -0.0173
v -0.02053715 -0.00949462 -0.017
v -0.02026525 -0.00936786 -0.0173
v -0.01503642 -0.01255144 -0.017
v -0.01503642 -0.01255144 -0.0159
v -0.01506673 -0.01279575 -0.0159
v -0.01506673 -0.01279575 -0.017
v -0.01515581 -0.01302526 -0.0159
v -0.01515581 -0.01302526 -0.017
v -0.01529826 -0.01322605 -0.0159
v -0.01529826 -0.01322605 -0.017
v -0.01548545 -0.01338596 -0.0159
v -0.01548545 -0.01338596 -0.017
v -0.01570604 -0.01349528 -0.0159
v -0.01570604 -0.01349528 -0.017
v -0.01594665 -0.0135474 -0.0159
v -0.01594665 -0.0135474 -0.017
v -0.0161927 -0.01353915 -0.0159
v -0.0161927 -0.01353915 -0.017
v -0.01642928 -0.01347103 -0.0159
v -0.01533642 -0.01255144 -0.0173
v -0.01535764 -0.01272246 -0.0173
v -0.01541999 -0.01288311 -0.0173
v -0.01551971 -0.01302367 -0.0173
v -0.01565074 -0.0131356 -0.0173
v -0.01580515 -0.01321213 -0.0173
v -0.01597358 -0.01324861 -0.0173
v -0.01614582 -0.01324283 -0.0173
v -0.01533642 -0.01211424 -0.0173
v -0.01503642 -0.01211424 -0.017
v -0.01503642 -0.01211424 -0.0159
v -0.01153642 -0.01211424 -0.017
v -0.01153642 -0.01255144 -0.017
v -0.01153642 -0.01211424 -0.0159
v -0.01153642 -0.01255144 -0.0159
v -0.01159605 -0.01166131 -0.017
v -0.01499204 -0.01172259 -0.0159
v -0.01158081 -0.01172259 -0.0159
v -0.0117264 -0.01132126 -0.0159
v -0.0117264 -0.01132126 -0.017
v -0.01196482 -0.01096713 -0.0159
v -0.01196482 -0.01096713 -0.017
v -0.01177088 -0.01123924 -0.017
v -0.0122819 -0.01068126 -0.0159
v -0.01265875 -0.01048067 -0.0159
v -0.01265875 -0.01048067 -0.017
v -0.01241142 -0.01059869 -0.017
v -0.0122819 -0.01068126 -0.017
v -0.01204899 -0.0108768 -0.017
v -0.01349988 -0.01037731 -0.0159
v -0.01328642 -0.01036424 -0.017
v -0.01307297 -0.01037731 -0.0159
v -0.01307297 -0.01037731 -0.017
v -0.01283349 -0.01042387 -0.017
v -0.01391409 -0.01048067 -0.0159
v -0.01373936 -0.01042387 -0.017
v -0.01349988 -0.01037731 -0.017
v -0.01429095 -0.01068126 -0.0159
v -0.01416142 -0.01059869 -0.017
v -0.01391409 -0.01048067 -0.017
v -0.01460803 -0.01096713 -0.0159
v -0.01452386 -0.0108768 -0.017
v -0.01429095 -0.01068126 -0.017
v -0.01497679 -0.01166131 -0.017
v -0.01484645 -0.01132126 -0.017
v -0.01484645 -0.01132126 -0.0159
v -0.01480197 -0.01123924 -0.017
v -0.01460803 -0.01096713 -0.017
v -0.01123642 -0.01211424 -0.0173
v -0.01130628 -0.01158366 -0.0173
v -0.01151107 -0.01108924 -0.0173
v -0.01183685 -0.01066467 -0.0173
v -0.01226142 -0.01033889 -0.0173
v -0.01275584 -0.01013409 -0.0173
v -0.01328642 -0.01006424 -0.0173
v -0.013817 -0.01013409 -0.0173
v -0.01431142 -0.01033889 -0.0173
v -0.01473599 -0.01066467 -0.0173
v -0.01506178 -0.01108924 -0.0173
v -0.01526657 -0.01158366 -0.0173
v -0.01123642 -0.01255144 -0.0173
v -0.00337095 0.00343193 -0.017
v -0.00328642 0.0043474 -0.017
v -0.00337095 0.00343193 -0.0145
v -0.00328642 0.0043474 -0.0145
v -0.00358642 0.0043474 -0.0173
v -0.00366588 0.00348685 -0.0173
v -0.00496572 -0.0034924 -0.0173
v -0.00467079 -0.00354733 -0.017
v -0.00542166 -0.007579 -0.0145
v -0.00542166 -0.007579 -0.0158
v -0.00467079 -0.00354733 -0.0158
v -0.00565389 -0.00436424 -0.0158
v -0.00565389 -0.00436424 -0.017
v -0.00542483 -0.00433765 -0.017
v -0.00542483 -0.00433765 -0.0158
v -0.00520795 -0.0042593 -0.017
v -0.00520795 -0.0042593 -0.0158
v -0.00501478 -0.00413336 -0.017
v -0.00501478 -0.00413336 -0.0158
v -0.0048556 -0.00396652 -0.017
v -0.0048556 -0.00396652 -0.0158
v -0.00473887 -0.00376765 -0.017
v -0.00473887 -0.00376765 -0.0158
v -0.00501337 -0.00364663 -0.0173
v -0.00509509 -0.00378583 -0.0173
v -0.00520651 -0.00390262 -0.0173
v -0.00534173 -0.00399078 -0.0173
v -0.00549354 -0.00404563 -0.0173
v -0.00565389 -0.00406424 -0.0173
v -0.00728642 -0.00436424 -0.017
v -0.00728642 -0.00406424 -0.0173
v -0.00587236 -0.00406424 -0.0173
v -0.00728642 -0.00436424 -0.0158
v -0.00767807 -0.00781985 -0.0158
v -0.00728642 -0.00786424 -0.0158
v -0.00728642 -0.00786424 -0.017
v -0.00773936 -0.00442387 -0.017
v -0.00767807 -0.00440863 -0.0158
v -0.0080794 -0.00455421 -0.0158
v -0.0080794 -0.00455421 -0.017
v -0.00843353 -0.00479263 -0.0158
v -0.00843353 -0.00479263 -0.017
v -0.00816142 -0.00459869 -0.017
v -0.0087194 -0.00510971 -0.0158
v -0.00891999 -0.00548657 -0.0158
v -0.00891999 -0.00548657 -0.017
v -0.00880197 -0.00523924 -0.017
v -0.0087194 -0.00510971 -0.017
v -0.00852386 -0.0048768 -0.017
v -0.00902336 -0.0063277 -0.0158
v -0.00903642 -0.00611424 -0.017
v -0.00902336 -0.00590078 -0.0158
v -0.00902336 -0.00590078 -0.017
v -0.00897679 -0.00566131 -0.017
v -0.00891999 -0.00674191 -0.0158
v -0.00897679 -0.00656717 -0.017
v -0.00902336 -0.0063277 -0.017
v -0.0087194 -0.00711877 -0.0158
v -0.00880197 -0.00698924 -0.017
v -0.00891999 -0.00674191 -0.017
v -0.00843353 -0.00743584 -0.0158
v -0.00852386 -0.00735168 -0.017
v -0.0087194 -0.00711877 -0.017
v -0.00773936 -0.00780461 -0.017
v -0.0080794 -0.00767427 -0.017
v -0.0080794 -0.00767427 -0.0158
v -0.00816142 -0.00762978 -0.017
v -0.00843353 -0.00743584 -0.017
v -0.007817 -0.00413409 -0.0173
v -0.00831142 -0.00433889 -0.0173
v -0.00873599 -0.00466467 -0.0173
v -0.00906178 -0.00508924 -0.0173
v -0.00926657 -0.00558366 -0.0173
v -0.00933642 -0.00611424 -0.0173
v -0.00926657 -0.00664482 -0.0173
v -0.00906178 -0.00713924 -0.0173
v -0.00873599 -0.00756381 -0.0173
v -0.00831142 -0.00788959 -0.0173
v -0.00728642 -0.00816424 -0.0173
v -0.007817 -0.00809439 -0.0173
v -0.00684923 -0.00816424 -0.0173
v -0.00684923 -0.00786424 -0.017
v -0.00684923 -0.00786424 -0.0158
v -0.00660491 -0.00789454 -0.0158
v -0.00660491 -0.00789454 -0.017
v -0.0063754 -0.00798362 -0.0158
v -0.0063754 -0.00798362 -0.017
v -0.00617461 -0.00812607 -0.0158
v -0.00617461 -0.00812607 -0.017
v -0.0060147 -0.00831327 -0.0158
v -0.0060147 -0.00831327 -0.017
v -0.00590538 -0.00853385 -0.0158
v -0.00590538 -0.00853385 -0.017
v -0.00585327 -0.00877446 -0.0158
v -0.00585327 -0.00877446 -0.017
v -0.00586151 -0.00902051 -0.0158
v -0.00586151 -0.00902051 -0.017
v -0.00592963 -0.0092571 -0.0158
v -0.00592963 -0.0092571 -0.017
v -0.0066782 -0.00818545 -0.0173
v -0.00651755 -0.00824781 -0.0173
v -0.00637699 -0.00834752 -0.0173
v -0.00626506 -0.00847856 -0.0173
v -0.00618854 -0.00863297 -0.0173
v -0.00615205 -0.0088014 -0.0173
v -0.00615783 -0.00897363 -0.0173
v -0.00620551 -0.00913924 -0.0173
v -0.0060357 -0.00949462 -0.017
v -0.0063076 -0.00936786 -0.0173
v -0.00710819 -0.0111965 -0.017
v -0.00733987 -0.01100592 -0.0173
v -0.00857132 -0.01257704 -0.017
v -0.00874814 -0.01233468 -0.0173
v -0.01014357 -0.01347103 -0.017
v -0.01026142 -0.01319515 -0.0173
v -0.01038015 -0.01353915 -0.017
v -0.01042703 -0.01324283 -0.0173
v -0.0106262 -0.0135474 -0.017
v -0.01059927 -0.01324861 -0.0173
v -0.01086681 -0.01349528 -0.017
v -0.01076769 -0.01321213 -0.0173
v -0.0110874 -0.01338596 -0.017
v -0.01092211 -0.0131356 -0.0173
v -0.01127459 -0.01322605 -0.017
v -0.01105314 -0.01302367 -0.0173
v -0.01141704 -0.01302526 -0.017
v -0.01115286 -0.01288311 -0.0173
v -0.01150612 -0.01279575 -0.017
v -0.01121521 -0.01272246 -0.0173
v -0.01150612 -0.01279575 -0.0159
v -0.01141704 -0.01302526 -0.0159
v -0.01127459 -0.01322605 -0.0159
v -0.0110874 -0.01338596 -0.0159
v -0.01086681 -0.01349528 -0.0159
v -0.0106262 -0.0135474 -0.0159
v -0.01038015 -0.01353915 -0.0159
v -0.01014357 -0.01347103 -0.0159
v -0.01033258 -0.01354894 -0.0159
v -0.00857132 -0.01257704 -0.0145
v -0.01624027 -0.01354894 -0.0145
v -0.01429224 -0.01405076 -0.0159
v -0.01429224 -0.01405076 -0.0145
v -0.01228061 -0.01405076 -0.0159
v -0.01228061 -0.01405076 -0.0145
v -0.01033258 -0.01354894 -0.0145
v -0.01800153 -0.01257704 -0.0145
v -0.01624027 -0.01354894 -0.0159
v -0.02053715 -0.00949462 -0.0145
v -0.00710819 -0.0111965 -0.0145
v -0.0060357 -0.00949462 -0.0145
v -0.00554783 -0.00814258 -0.0145
v -0.01946466 -0.0111965 -0.0145
v -0.0141741 -0.01262674 -0.0159
v -0.01328642 -0.01313924 -0.0159
v -0.01302113 -0.01310431 -0.0159
v -0.01277392 -0.01300191 -0.0159
v -0.01256164 -0.01283902 -0.0159
v -0.0142765 -0.01237953 -0.0159
v -0.01431142 -0.01211424 -0.0159
v -0.0142765 -0.01184895 -0.0159
v -0.0141741 -0.01160174 -0.0159
v -0.01401121 -0.01138945 -0.0159
v -0.01379892 -0.01122656 -0.0159
v -0.01355171 -0.01112416 -0.0159
v -0.01328642 -0.01108924 -0.0159
v -0.01355171 -0.01310431 -0.0159
v -0.01379892 -0.01300191 -0.0159
v -0.01401121 -0.01283902 -0.0159
v -0.01239875 -0.01262674 -0.0159
v -0.01302113 -0.01112416 -0.0159
v -0.01277392 -0.01122656 -0.0159
v -0.01256164 -0.01138945 -0.0159
v -0.01239875 -0.01160174 -0.0159
v -0.01229635 -0.01184895 -0.0159
v -0.01226142 -0.01211424 -0.0159
v -0.01229635 -0.01237953 -0.0159
v -0.01226142 -0.01211424 -0.0145
v -0.01229635 -0.01184895 -0.0145
v -0.01239875 -0.01160174 -0.0145
v -0.01256164 -0.01138945 -0.0145
v -0.01277392 -0.01122656 -0.0145
v -0.01302113 -0.01112416 -0.0145
v -0.01328642 -0.01108924 -0.0145
v -0.01355171 -0.01112416 -0.0145
v -0.01379892 -0.01122656 -0.0145
v -0.01401121 -0.01138945 -0.0145
v -0.0141741 -0.01160174 -0.0145
v -0.0142765 -0.01184895 -0.0145
v -0.01431142 -0.01211424 -0.0145
v -0.0142765 -0.01237953 -0.0145
v -0.0141741 -0.01262674 -0.0145
v -0.01401121 -0.01283902 -0.0145
v -0.01379892 -0.01300191 -0.0145
v -0.01355171 -0.01310431 -0.0145
v -0.01328642 -0.01313924 -0.0145
v -0.01302113 -0.01310431 -0.0145
v -0.01277392 -0.01300191 -0.0145
v -0.01256164 -0.01283902 -0.0145
v -0.01239875 -0.01262674 -0.0145
v -0.01229635 -0.01237953 -0.0145
v -0.01328642 0.00091076 -0.0145
v -0.01302113 0.00087584 -0.0145
v -0.01401121 0.00061055 -0.0145
v -0.01379892 0.00077344 -0.0145
v -0.01355171 0.00087584 -0.0145
v -0.01277392 0.00077344 -0.0145
v -0.01256164 0.00061055 -0.0145
v -0.01239875 0.00039826 -0.0145
v -0.01229635 0.00015105 -0.0145
v -0.01226142 -0.00011424 -0.0145
v -0.0142765 0.00015105 -0.0145
v -0.01529892 0.00788576 -0.0145
v -0.01431142 -0.00011424 -0.0145
v -0.0142765 -0.00037953 -0.0145
v -0.0141741 -0.00062674 -0.0145
v -0.00636331 0.00788576 -0.0145
v -0.0141741 0.00039826 -0.0145
v -0.01328642 0.00788576 -0.0145
v -0.01229635 -0.00037953 -0.0145
v -0.01239875 -0.00062674 -0.0145
v -0.01256164 -0.00083902 -0.0145
v -0.01277392 -0.00100191 -0.0145
v -0.01302113 -0.00110431 -0.0145
v -0.01328642 -0.00113924 -0.0145
v -0.01355171 -0.00110431 -0.0145
v -0.01379892 -0.00100191 -0.0145
v -0.01401121 -0.00083902 -0.0145
v -0.02328642 0.00659287 -0.0145
v -0.02020954 0.00788576 -0.0145
v -0.01431142 -0.00011424 -0.0158
v -0.0142765 -0.00037953 -0.0158
v -0.0141741 -0.00062674 -0.0158
v -0.01401121 -0.00083902 -0.0158
v -0.01379892 -0.00100191 -0.0158
v -0.01355171 -0.00110431 -0.0158
v -0.01328642 -0.00113924 -0.0158
v -0.01302113 -0.00110431 -0.0158
v -0.01277392 -0.00100191 -0.0158
v -0.01256164 -0.00083902 -0.0158
v -0.01239875 -0.00062674 -0.0158
v -0.01229635 -0.00037953 -0.0158
v -0.01226142 -0.00011424 -0.0158
v -0.01229635 0.00015105 -0.0158
v -0.01239875 0.00039826 -0.0158
v -0.01256164 0.00061055 -0.0158
v -0.01277392 0.00077344 -0.0158
v -0.01302113 0.00087584 -0.0158
v -0.01328642 0.00091076 -0.0158
v -0.01355171 0.00087584 -0.0158
v -0.01379892 0.00077344 -0.0158
v -0.01401121 0.00061055 -0.0158
v -0.0141741 0.00039826 -0.0158
v -0.0142765 0.00015105 -0.0158
v -0.02070049 0.00958576 -0.0173
v -0.01053642 0.00958576 -0.0173
v -0.00587236 0.00958576 -0.0173
v -0.0152187 -0.00248924 -0.0173
v -0.0152187 -0.0105283 -0.0173
v -0.01135414 -0.0105283 -0.0173
v -0.01135414 -0.00248924 -0.0173
v -0.00328642 0.0043474 0.0145
v -0.00328642 0.0043474 0.017
v -0.00358642 0.0043474 0.0173
v -0.00366588 0.00348685 0.0173
v -0.00496572 -0.0034924 0.0173
v -0.00337095 0.00343193 0.017
v -0.00467079 -0.00354733 0.017
v -0.00337095 0.00343193 0.0145
v -0.00542166 -0.007579 0.0158
v -0.00542166 -0.007579 0.0145
v -0.00467079 -0.00354733 0.0158
v -0.00565389 -0.00436424 0.017
v -0.00565389 -0.00436424 0.0158
v -0.00542483 -0.00433765 0.0158
v -0.00542483 -0.00433765 0.017
v -0.00520795 -0.0042593 0.0158
v -0.00520795 -0.0042593 0.017
v -0.00501478 -0.00413336 0.0158
v -0.00501478 -0.00413336 0.017
v -0.0048556 -0.00396652 0.0158
v -0.0048556 -0.00396652 0.017
v -0.00473887 -0.00376765 0.0158
v -0.00473887 -0.00376765 0.017
v -0.00565389 -0.00406424 0.0173
v -0.00549354 -0.00404563 0.0173
v -0.00534173 -0.00399078 0.0173
v -0.00520651 -0.00390262 0.0173
v -0.00509509 -0.00378583 0.0173
v -0.00501337 -0.00364663 0.0173
v -0.00728642 -0.00406424 0.0173
v -0.00728642 -0.00436424 0.017
v -0.00587236 -0.00406424 0.0173
v -0.00728642 -0.00436424 0.0158
v -0.00767807 -0.00440863 0.0158
v -0.00767807 -0.00440863 0.017
v -0.0080794 -0.00455421 0.0158
v -0.0080794 -0.00455421 0.017
v -0.00843353 -0.00479263 0.0158
v -0.00843353 -0.00479263 0.017
v -0.0087194 -0.00510971 0.0158
v -0.0087194 -0.00510971 0.017
v -0.00891999 -0.00548657 0.0158
v -0.00891999 -0.00548657 0.017
v -0.00902336 -0.00590078 0.0158
v -0.00902336 -0.00590078 0.017
v -0.00902336 -0.0063277 0.0158
v -0.00902336 -0.0063277 0.017
v -0.00891999 -0.00674191 0.0158
v -0.00891999 -0.00674191 0.017
v -0.0087194 -0.00711877 0.0158
v -0.0087194 -0.00711877 0.017
v -0.00843353 -0.00743584 0.0158
v -0.00843353 -0.00743584 0.017
v -0.0080794 -0.00767427 0.0158
v -0.0080794 -0.00767427 0.017
v -0.00767807 -0.00781985 0.0158
v -0.00767807 -0.00781985 0.017
v -0.00728642 -0.00786424 0.0158
v -0.00728642 -0.00786424 0.017
v -0.00774521 -0.00411624 0.0173
v -0.00821534 -0.00428678 0.0173
v -0.00863018 -0.00456607 0.0173
v -0.00896505 -0.0049375 0.0173
v -0.00920003 -0.00537897 0.0173
v -0.00932112 -0.00586419 0.0173
v -0.00932112 -0.00636429 0.0173
v -0.00920003 -0.00684951 0.0173
v -0.00896505 -0.00729097 0.0173
v -0.00863018 -0.0076624 0.0173
v -0.00821534 -0.0079417 0.0173
v -0.00774521 -0.00811224 0.0173
v -0.00728642 -0.00816424 0.0173
v -0.00684923 -0.00786424 0.017
v -0.00684923 -0.00816424 0.0173
v -0.00684923 -0.00786424 0.0158
v -0.00660491 -0.00789454 0.017
v -0.00660491 -0.00789454 0.0158
v -0.0063754 -0.00798362 0.017
v -0.0063754 -0.00798362 0.0158
v -0.00617461 -0.00812607 0.017
v -0.00617461 -0.00812607 0.0158
v -0.0060147 -0.00831327 0.017
v -0.0060147 -0.00831327 0.0158
v -0.00590538 -0.00853385 0.017
v -0.00590538 -0.00853385 0.0158
v -0.00585327 -0.00877446 0.017
v -0.00585327 -0.00877446 0.0158
v -0.00586151 -0.00902051 0.017
v -0.00586151 -0.00902051 0.0158
v -0.00592963 -0.0092571 0.017
v -0.00592963 -0.0092571 0.0158
v -0.00620551 -0.00913924 0.0173
v -0.00615783 -0.00897363 0.0173
v -0.00615205 -0.0088014 0.0173
v -0.00618854 -0.00863297 0.0173
v -0.00626506 -0.00847856 0.0173
v -0.00637699 -0.00834752 0.0173
v -0.00651755 -0.00824781 0.0173
v -0.0066782 -0.00818545 0.0173
v -0.01026142 -0.01319515 0.0173
v -0.01014357 -0.01347103 0.017
v -0.00857132 -0.01257704 0.017
v -0.00874814 -0.01233468 0.0173
v -0.00710819 -0.0111965 0.017
v -0.00733987 -0.01100592 0.0173
v -0.0060357 -0.00949462 0.017
v -0.0063076 -0.00936786 0.0173
v -0.01153642 -0.01255144 0.017
v -0.01153642 -0.01255144 0.0159
v -0.01150612 -0.01279575 0.0159
v -0.01150612 -0.01279575 0.017
v -0.01141704 -0.01302526 0.0159
v -0.01141704 -0.01302526 0.017
v -0.01127459 -0.01322605 0.0159
v -0.01127459 -0.01322605 0.017
v -0.0110874 -0.01338596 0.0159
v -0.0110874 -0.01338596 0.017
v -0.01086681 -0.01349528 0.0159
v -0.01086681 -0.01349528 0.017
v -0.0106262 -0.0135474 0.0159
v -0.0106262 -0.0135474 0.017
v -0.01038015 -0.01353915 0.0159
v -0.01038015 -0.01353915 0.017
v -0.01014357 -0.01347103 0.0159
v -0.01123642 -0.01255144 0.0173
v -0.01121521 -0.01272246 0.0173
v -0.01115286 -0.01288311 0.0173
v -0.01105314 -0.01302367 0.0173
v -0.01092211 -0.0131356 0.0173
v -0.01076769 -0.01321213 0.0173
v -0.01059927 -0.01324861 0.0173
v -0.01042703 -0.01324283 0.0173
v -0.01123642 -0.01211424 0.0173
v -0.01153642 -0.01211424 0.017
v -0.01153642 -0.01211424 0.0159
v -0.01503642 -0.01211424 0.017
v -0.01503642 -0.01255144 0.017
v -0.01503642 -0.01211424 0.0159
v -0.01503642 -0.01255144 0.0159
v -0.01158081 -0.01172259 0.0159
v -0.01158081 -0.01172259 0.017
v -0.0117264 -0.01132126 0.0159
v -0.0117264 -0.01132126 0.017
v -0.01196482 -0.01096713 0.0159
v -0.01196482 -0.01096713 0.017
v -0.0122819 -0.01068126 0.0159
v -0.0122819 -0.01068126 0.017
v -0.01265875 -0.01048067 0.0159
v -0.01265875 -0.01048067 0.017
v -0.01307297 -0.01037731 0.0159
v -0.01307297 -0.01037731 0.017
v -0.01349988 -0.01037731 0.0159
v -0.01349988 -0.01037731 0.017
v -0.01391409 -0.01048067 0.0159
v -0.01391409 -0.01048067 0.017
v -0.01429095 -0.01068126 0.0159
v -0.01429095 -0.01068126 0.017
v -0.01460803 -0.01096713 0.0159
v -0.01460803 -0.01096713 0.017
v -0.01484645 -0.01132126 0.0159
v -0.01484645 -0.01132126 0.017
v -0.01499204 -0.01172259 0.0159
v -0.01499204 -0.01172259 0.017
v -0.01128842 -0.01165545 0.0173
v -0.01145896 -0.01118532 0.0173
v -0.01173826 -0.01077048 0.0173
v -0.01210969 -0.01043561 0.0173
v -0.01255115 -0.01020064 0.0173
v -0.01303637 -0.01007955 0.0173
v -0.01353647 -0.01007955 0.0173
v -0.01402169 -0.01020064 0.0173
v -0.01446316 -0.01043561 0.0173
v -0.01483459 -0.01077048 0.0173
v -0.01511389 -0.01118532 0.0173
v -0.01528443 -0.01165545 0.0173
v -0.01533642 -0.01211424 0.0173
v -0.01533642 -0.01255144 0.0173
v -0.02328642 0.0043474 0.0145
v -0.0232019 0.00343193 0.0145
v -0.02328642 0.0043474 0.017
v -0.0232019 0.00343193 0.017
v -0.02298642 0.0043474 0.0173
v -0.02290697 0.00348685 0.0173
v -0.02160713 -0.0034924 0.0173
v -0.02190206 -0.00354733 0.017
v -0.02115119 -0.007579 0.0145
v -0.02115119 -0.007579 0.0158
v -0.02190206 -0.00354733 0.0158
v -0.02091896 -0.00436424 0.0158
v -0.02091896 -0.00436424 0.017
v -0.02114802 -0.00433765 0.017
v -0.02114802 -0.00433765 0.0158
v -0.0213649 -0.0042593 0.017
v -0.0213649 -0.0042593 0.0158
v -0.02155806 -0.00413336 0.017
v -0.02155806 -0.00413336 0.0158
v -0.02171725 -0.00396652 0.017
v -0.02171725 -0.00396652 0.0158
v -0.02183398 -0.00376765 0.017
v -0.02183398 -0.00376765 0.0158
v -0.02155947 -0.00364663 0.0173
v -0.02147776 -0.00378583 0.0173
v -0.02136633 -0.00390262 0.0173
v -0.02123112 -0.00399078 0.0173
v -0.0210793 -0.00404563 0.0173
v -0.02091896 -0.00406424 0.0173
v -0.01928642 -0.00436424 0.017
v -0.01928642 -0.00406424 0.0173
v -0.02070049 -0.00406424 0.0173
v -0.01928642 -0.00436424 0.0158
v -0.01928642 -0.00786424 0.0158
v -0.01928642 -0.00786424 0.017
v -0.01889477 -0.00781985 0.0158
v -0.01889477 -0.00781985 0.017
v -0.01849345 -0.00767427 0.0158
v -0.01849345 -0.00767427 0.017
v -0.01813931 -0.00743584 0.0158
v -0.01813931 -0.00743584 0.017
v -0.01785345 -0.00711877 0.0158
v -0.01785345 -0.00711877 0.017
v -0.01765286 -0.00674191 0.0158
v -0.01765286 -0.00674191 0.017
v -0.01754949 -0.0063277 0.0158
v -0.01754949 -0.0063277 0.017
v -0.01754949 -0.00590078 0.0158
v -0.01754949 -0.00590078 0.017
v -0.01765286 -0.00548657 0.0158
v -0.01765286 -0.00548657 0.017
v -0.01785345 -0.00510971 0.0158
v -0.01785345 -0.00510971 0.017
v -0.01813931 -0.00479263 0.0158
v -0.01813931 -0.00479263 0.017
v -0.01849345 -0.00455421 0.0158
v -0.01849345 -0.00455421 0.017
v -0.01889477 -0.00440863 0.0158
v -0.01889477 -0.00440863 0.017
v -0.01928642 -0.00816424 0.0173
v -0.01882763 -0.00811224 0.0173
v -0.01835751 -0.0079417 0.0173
v -0.01794267 -0.0076624 0.0173
v -0.01760779 -0.00729097 0.0173
v -0.01737282 -0.00684951 0.0173
v -0.01725173 -0.00636429 0.0173
v -0.01725173 -0.00586419 0.0173
v -0.01737282 -0.00537897 0.0173
v -0.01760779 -0.0049375 0.0173
v -0.01794267 -0.00456607 0.0173
v -0.01835751 -0.00428678 0.0173
v -0.01882763 -0.00411624 0.0173
v -0.01972362 -0.00816424 0.0173
v -0.01972362 -0.00786424 0.017
v -0.01972362 -0.00786424 0.0158
v -0.01996794 -0.00789454 0.0158
v -0.01996794 -0.00789454 0.017
v -0.02019745 -0.00798362 0.0158
v -0.02019745 -0.00798362 0.017
v -0.02039824 -0.00812607 0.0158
v -0.02039824 -0.00812607 0.017
v -0.02055814 -0.00831327 0.0158
v -0.02055814 -0.00831327 0.017
v -0.02066747 -0.00853385 0.0158
v -0.02066747 -0.00853385 0.017
v -0.02071958 -0.00877446 0.0158
v -0.02071958 -0.00877446 0.017
v -0.02071133 -0.00902051 0.0158
v -0.02071133 -0.00902051 0.017
v -0.02064322 -0.0092571 0.0158
v -0.02064322 -0.0092571 0.017
v -0.01989464 -0.00818545 0.0173
v -0.0200553 -0.00824781 0.0173
v -0.02019585 -0.00834752 0.0173
v -0.02030779 -0.00847856 0.0173
v -0.02038431 -0.00863297 0.0173
v -0.02042079 -0.0088014 0.0173
v -0.02041502 -0.00897363 0.0173
v -0.02036734 -0.00913924 0.0173
v -0.02053715 -0.00949462 0.017
v -0.02026525 -0.00936786 0.0173
v -0.01946466 -0.0111965 0.017
v -0.01923298 -0.01100592 0.0173
v -0.01800153 -0.01257704 0.017
v -0.01782471 -0.01233468 0.0173
v -0.01642928 -0.01347103 0.017
v -0.01631142 -0.01319515 0.0173
v -0.0161927 -0.01353915 0.017
v -0.01614582 -0.01324283 0.0173
v -0.01594665 -0.0135474 0.017
v -0.01597358 -0.01324861 0.0173
v -0.01570604 -0.01349528 0.017
v -0.01580515 -0.01321213 0.0173
v -0.01548545 -0.01338596 0.017
v -0.01565074 -0.0131356 0.0173
v -0.01529826 -0.01322605 0.017
v -0.01551971 -0.01302367 0.0173
v -0.01515581 -0.01302526 0.017
v -0.01541999 -0.01288311 0.0173
v -0.01506673 -0.01279575 0.017
v -0.01535764 -0.01272246 0.0173
v -0.01506673 -0.01279575 0.0159
v -0.01515581 -0.01302526 0.0159
v -0.01529826 -0.01322605 0.0159
v -0.01548545 -0.01338596 0.0159
v -0.01570604 -0.01349528 0.0159
v -0.01594665 -0.0135474 0.0159
v -0.0161927 -0.01353915 0.0159
v -0.01642928 -0.01347103 0.0159
v -0.01624027 -0.01354894 0.0159
v -0.01800153 -0.01257704 0.0145
v -0.01624027 -0.01354894 0.0145
v -0.01429224 -0.01405076 0.0145
v -0.01429224 -0.01405076 0.0159
v -0.01228061 -0.01405076 0.0145
v -0.01228061 -0.01405076 0.0159
v -0.01033258 -0.01354894 0.0145
v -0.01033258 -0.01354894 0.0159
v -0.00857132 -0.01257704 0.0145
v -0.00554783 -0.00814258 0.0145
v -0.0060357 -0.00949462 0.0145
v -0.00710819 -0.0111965 0.0145
v -0.02053715 -0.00949462 0.0145
v -0.01946466 -0.0111965 0.0145
v -0.01328642 -0.01313924 0.0159
v -0.01355171 -0.01310431 0.0159
v -0.01379892 -0.01300191 0.0159
v -0.01401121 -0.01283902 0.0159
v -0.01239875 -0.01262674 0.0159
v -0.01256164 -0.01283902 0.0159
v -0.01277392 -0.01300191 0.0159
v -0.01302113 -0.01310431 0.0159
v -0.0141741 -0.01262674 0.0159
v -0.01328642 -0.01108924 0.0159
v -0.01355171 -0.01112416 0.0159
v -0.01379892 -0.01122656 0.0159
v -0.01401121 -0.01138945 0.0159
v -0.0141741 -0.01160174 0.0159
v -0.0142765 -0.01184895 0.0159
v -0.01431142 -0.01211424 0.0159
v -0.0142765 -0.01237953 0.0159
v -0.01229635 -0.01237953 0.0159
v -0.01226142 -0.01211424 0.0159
v -0.01229635 -0.01184895 0.0159
v -0.01239875 -0.01160174 0.0159
v -0.01256164 -0.01138945 0.0159
v -0.01277392 -0.01122656 0.0159
v -0.01302113 -0.01112416 0.0159
v -0.01226142 -0.01211424 0.0145
v -0.01229635 -0.01184895 0.0145
v -0.01239875 -0.01160174 0.0145
v -0.01256164 -0.01138945 0.0145
v -0.01277392 -0.01122656 0.0145
v -0.01302113 -0.01112416 0.0145
v -0.01328642 -0.01108924 0.0145
v -0.01355171 -0.01112416 0.0145
v -0.01379892 -0.01122656 0.0145
v -0.01401121 -0.01138945 0.0145
v -0.0141741 -0.01160174 0.0145
v -0.0142765 -0.01184895 0.0145
v -0.01431142 -0.01211424 0.0145
v -0.0142765 -0.01237953 0.0145
v -0.0141741 -0.01262674 0.0145
v -0.01401121 -0.01283902 0.0145
v -0.01379892 -0.01300191 0.0145
v -0.01355171 -0.01310431 0.0145
v -0.01328642 -0.01313924 0.0145
v -0.01302113 -0.01310431 0.0145
v -0.01277392 -0.01300191 0.0145
v -0.01256164 -0.01283902 0.0145
v -0.01239875 -0.01262674 0.0145
v -0.01229635 -0.01237953 0.0145
v -0.01529892 0.00788576 0.0145
v -0.0141741 -0.00062674 0.0145
v -0.0141741 0.00039826 0.0145
v -0.01401121 0.00061055 0.0145
v -0.01379892 0.00077344 0.0145
v -0.00636331 0.00788576 0.0145
v -0.01355171 -0.00110431 0.0145
v -0.01379892 -0.00100191 0.0145
v -0.01401121 -0.00083902 0.0145
v -0.01277392 0.00077344 0.0145
v -0.01302113 0.00087584 0.0145
v -0.0142765 0.00015105 0.0145
v -0.01431142 -0.00011424 0.0145
v -0.0142765 -0.00037953 0.0145
v -0.01256164 0.00061055 0.0145
v -0.01328642 -0.00113924 0.0145
v -0.01302113 -0.00110431 0.0145
v -0.01277392 -0.00100191 0.0145
v -0.01256164 -0.00083902 0.0145
v -0.01239875 -0.00062674 0.0145
v -0.01229635 -0.00037953 0.0145
v -0.01226142 -0.00011424 0.0145
v -0.01229635 0.00015105 0.0145
v -0.01239875 0.00039826 0.0145
v -0.01328642 0.00091076 0.0145
v -0.01355171 0.00087584 0.0145
v -0.01328642 0.00788576 0.0145
v -0.02020954 0.00788576 0.0145
v -0.01431142 -0.00011424 0.0158
v -0.0142765 -0.00037953 0.0158
v -0.0141741 -0.00062674 0.0158
v -0.01401121 -0.00083902 0.0158
v -0.01379892 -0.00100191 0.0158
v -0.01355171 -0.00110431 0.0158
v -0.01328642 -0.00113924 0.0158
v -0.01302113 -0.00110431 0.0158
v -0.01277392 -0.00100191 0.0158
v -0.01256164 -0.00083902 0.0158
v -0.01239875 -0.00062674 0.0158
v -0.01229635 -0.00037953 0.0158
v -0.01226142 -0.00011424 0.0158
v -0.01229635 0.00015105 0.0158
v -0.01239875 0.00039826 0.0158
v -0.01256164 0.00061055 0.0158
v -0.01277392 0.00077344 0.0158
v -0.01302113 0.00087584 0.0158
v -0.01328642 0.00091076 0.0158
v -0.01355171 0.00087584 0.0158
v -0.01379892 0.00077344 0.0158
v -0.01401121 0.00061055 0.0158
v -0.0141741 0.00039826 0.0158
v -0.0142765 0.00015105 0.0158
v -0.01603642 0.00958576 0.0173
v -0.02070049 0.00958576 0.0173
v -0.00587236 0.00958576 0.0173
v -0.01135414 -0.00248924 0.0173
v -0.01135414 -0.0105283 0.0173
v -0.0152187 -0.0105283 0.0173
v -0.0152187 -0.00248924 0.0173
v -0.02328642 0.00838576 -0.01270711
v -0.02278642 0.00788576 0.00914833
v -0.02278642 0.00788576 -0.00914833
v -0.02278642 0.00788576 -0.00685167
v -0.02278642 0.00788576 -0
v -0.02278642 0.00788576 0.00685167
v -0.00636331 0.00788576 0.00914833
v -0.02020954 0.00788576 -0.00914833
v -0.02020954 0.00788576 0.00914833
v -0.00636331 0.00788576 -0.00914833
v -0.01628642 0.01088576 0.01075
v -0.01583349 0.01088576 0.01069037
v -0.01541142 0.01088576 0.01051554
v -0.01504899 0.01088576 0.01023744
v -0.01477088 0.01088576 0.009875
v -0.01459605 0.01088576 0.00945293
v -0.01453642 0.01088576 0.009
v -0.01459605 0.01088576 0.00854707
v -0.01477088 0.01088576 0.008125
v -0.01504899 0.01088576 0.00776256
v -0.01541142 0.01088576 0.00748446
v -0.01583349 0.01088576 0.00730963
v -0.01628642 0.01088576 0.00725
v -0.01673936 0.01088576 0.00730963
v -0.01716142 0.01088576 0.00748446
v -0.01752386 0.01088576 0.00776256
v -0.01780197 0.01088576 0.008125
v -0.01797679 0.01088576 0.00854707
v -0.01803642 0.01088576 0.009
v -0.01797679 0.01088576 0.00945293
v -0.01780197 0.01088576 0.009875
v -0.01752386 0.01088576 0.01023744
v -0.01716142 0.01088576 0.01051554
v -0.01673936 0.01088576 0.01069037
v -0.00904899 0.01088576 -0.00776256
v -0.00877088 0.01088576 -0.008125
v -0.00859605 0.01088576 -0.00854707
v -0.00853642 0.01088576 -0.009
v -0.00859605 0.01088576 -0.00945293
v -0.00877088 0.01088576 -0.009875
v -0.00904899 0.01088576 -0.01023744
v -0.00941142 0.01088576 -0.01051554
v -0.00983349 0.01088576 -0.01069037
v -0.01028642 0.01088576 -0.01075
v -0.01073936 0.01088576 -0.01069037
v -0.01116142 0.01088576 -0.01051554
v -0.01152386 0.01088576 -0.01023744
v -0.01180197 0.01088576 -0.009875
v -0.01197679 0.01088576 -0.00945293
v -0.01203642 0.01088576 -0.009
v -0.01197679 0.01088576 -0.00854707
v -0.01180197 0.01088576 -0.008125
v -0.01152386 0.01088576 -0.00776256
v -0.01116142 0.01088576 -0.00748446
v -0.01073936 0.01088576 -0.00730963
v -0.01028642 0.01088576 -0.00725
v -0.00983349 0.01088576 -0.00730963
v -0.00941142 0.01088576 -0.00748446
v -0.01973936 0.01088576 0.00169037
v -0.01928642 0.01088576 0.00175
v -0.01883349 0.01088576 0.00169037
v -0.01841142 0.01088576 0.00151554
v -0.01804899 0.01088576 0.00123744
v -0.01777088 0.01088576 0.000875
v -0.01759605 0.01088576 0.00045293
v -0.01753642 0.01088576 -0
v -0.01759605 0.01088576 -0.00045293
v -0.01777088 0.01088576 -0.000875
v -0.01804899 0.01088576 -0.00123744
v -0.01841142 0.01088576 -0.00151554
v -0.01883349 0.01088576 -0.00169037
v -0.01928642 0.01088576 -0.00175
v -0.01973936 0.01088576 -0.00169037
v -0.02016142 0.01088576 -0.00151554
v -0.02052386 0.01088576 -0.00123744
v -0.02080197 0.01088576 -0.000875
v -0.02097679 0.01088576 -0.00045293
v -0.02103642 0.01088576 -0
v -0.02097679 0.01088576 0.00045293
v -0.02080197 0.01088576 0.000875
v -0.02052386 0.01088576 0.00123744
v -0.02016142 0.01088576 0.00151554
v -0.00904899 0.01088576 0.00776256
v -0.00941142 0.01088576 0.00748446
v -0.00983349 0.01088576 0.00730963
v -0.01028642 0.01088576 0.00725
v -0.01073936 0.01088576 0.00730963
v -0.01116142 0.01088576 0.00748446
v -0.01152386 0.01088576 0.00776256
v -0.01180197 0.01088576 0.008125
v -0.01197679 0.01088576 0.00854707
v -0.01203642 0.01088576 0.009
v -0.01197679 0.01088576 0.00945293
v -0.01180197 0.01088576 0.009875
v -0.01152386 0.01088576 0.01023744
v -0.01116142 0.01088576 0.01051554
v -0.01073936 0.01088576 0.01069037
v -0.01028642 0.01088576 0.01075
v -0.00983349 0.01088576 0.01069037
v -0.00941142 0.01088576 0.01051554
v -0.00904899 0.01088576 0.01023744
v -0.00877088 0.01088576 0.009875
v -0.00859605 0.01088576 0.00945293
v -0.00853642 0.01088576 0.009
v -0.00859605 0.01088576 0.00854707
v -0.00877088 0.01088576 0.008125
v -0.01628642 0.01088576 -0.00725
v -0.01583349 0.01088576 -0.00730963
v -0.01541142 0.01088576 -0.00748446
v -0.01504899 0.01088576 -0.00776256
v -0.01477088 0.01088576 -0.008125
v -0.01459605 0.01088576 -0.00854707
v -0.01453642 0.01088576 -0.009
v -0.01459605 0.01088576 -0.00945293
v -0.01477088 0.01088576 -0.009875
v -0.01504899 0.01088576 -0.01023744
v -0.01541142 0.01088576 -0.01051554
v -0.01583349 0.01088576 -0.01069037
v -0.01628642 0.01088576 -0.01075
v -0.01673936 0.01088576 -0.01069037
v -0.01716142 0.01088576 -0.01051554
v -0.01752386 0.01088576 -0.01023744
v -0.01780197 0.01088576 -0.009875
v -0.01797679 0.01088576 -0.00945293
v -0.01803642 0.01088576 -0.009
v -0.01797679 0.01088576 -0.00854707
v -0.01780197 0.01088576 -0.008125
v -0.01752386 0.01088576 -0.00776256
v -0.01716142 0.01088576 -0.00748446
v -0.01673936 0.01088576 -0.00730963
v -0.00378642 0.01338576 0.004
v -0.00378642 0.01338576 0.012
v -0.00378642 0.01338576 -0.012
v -0.00378642 0.01338576 -0.004
v -0.00378642 0.03338576 -0.004
v -0.00378642 0.03338576 0.004
v -0.01178642 0.01338576 0.012
v -0.01940302 0.01338576 0.012
v -0.02278642 0.01338576 0.012
v -0.02278642 0.01338576 -0.012
v -0.02278642 0.01338576 -0.01060158
v -0.02278642 0.01425874 -0.01050433
v -0.02278642 0.0144751 -0.01056459
v -0.02278642 0.01383109 -0.01027173
v -0.02278642 0.01391398 -0.01033101
v -0.02278642 0.01412595 -0.01045012
v -0.02278642 0.01340025 -0.00968435
v -0.02278642 0.01341359 -0.00972809
v -0.02278642 0.01346707 -0.0098486
v -0.02278642 0.0145423 -0.01057704
v -0.02278642 0.01465966 -0.0105924
v -0.02278592 0.0148494 -0.01060041
v -0.02278642 0.01338587 -0.00959264
v -0.02278642 0.01338652 -0.00960424
v -0.02278642 0.01338835 -0.00962315
v -0.02278642 0.01339046 -0.00963811
v -0.02278642 0.01339166 -0.00964531
v -0.02278642 0.01339286 -0.00965184
v -0.02278642 0.01348645 -0.0098836
v -0.02278642 0.01359673 -0.01004533
v -0.02278642 0.01364449 -0.01010118
v -0.02278642 0.01365439 -0.01011197
v -0.02278642 0.01370499 -0.01016358
v -0.02278642 0.01338576 0.00958029
v -0.02278642 0.01338576 0.0095826
v -0.02278642 0.01338576 0.00822297
v -0.02278642 0.01338576 0.00797882
v -0.02278642 0.01338576 0.00949428
v -0.02278642 0.01338576 0.00942106
v -0.02278642 0.01338576 0.00693029
v -0.02278642 0.01338576 -0.00693727
v -0.02278642 0.01338576 -0.00798271
v -0.02278642 0.01338576 0.00887023
v -0.02278642 0.01338576 0.00867233
v -0.02278642 0.01338576 0.00845538
v -0.02278642 0.01338576 0.00957324
v -0.02278642 0.01338576 0.0095443
v -0.02278642 0.01338576 0.00932236
v -0.02278642 0.01338576 0.00919718
v -0.02278642 0.01338576 -0.00846005
v -0.02278642 0.01338576 -0.00887412
v -0.02278642 0.01338576 -0.00904992
v -0.02278642 0.01338576 -0.00920211
v -0.02278642 0.01338576 -0.00926871
v -0.02278642 0.01338576 -0.00932864
v -0.02278642 0.01338576 -0.00938164
v -0.02278642 0.01338576 -0.00942767
v -0.02278642 0.01338576 -0.00946721
v -0.02278642 0.01338576 -0.00950079
v -0.02278642 0.01338576 -0.00958958
v -0.02278642 0.01338576 -0.00958964
v -0.01940839 0.01338576 -0.012
v -0.01178642 0.01338576 -0.012
v -0.00389946 0.01338576 0.00534005
v -0.00446594 0.01338576 0.00722654
v -0.0054762 0.01338576 0.00891743
v -0.006869 0.01338576 0.01031022
v -0.00855989 0.01338576 0.01132048
v -0.01044637 0.01338576 0.01188697
v -0.01044637 0.01338576 -0.01188697
v -0.00855989 0.01338576 -0.01132048
v -0.006869 0.01338576 -0.01031022
v -0.0054762 0.01338576 -0.00891743
v -0.00446594 0.01338576 -0.00722654
v -0.00389946 0.01338576 -0.00534005
v -0.02144767 0.01338576 -0.01149177
v -0.02248023 0.01338576 -0.01086368
v -0.02061725 0.01338576 -0.01178293
v -0.01976307 0.01338576 -0.0119683
v -0.02275369 0.01338576 0.00993972
v -0.02276171 0.01338576 0.00985226
v -0.02278623 0.01338576 0.0095847
v -0.02278604 0.01338576 0.0095868
v -0.02213652 0.01338576 0.01105794
v -0.0223444 0.01338576 0.01083675
v -0.02245833 0.01338576 0.01068007
v -0.0226066 0.01338576 0.01040971
v -0.02277407 0.01338576 0.00971733
v -0.02278025 0.01338576 0.00964991
v -0.02278334 0.01338576 0.00961623
v -0.02278488 0.01338576 0.00959941
v -0.02278565 0.01338576 0.009591
v -0.01976922 0.01338576 0.01196619
v -0.02067978 0.01338576 0.01175961
v -0.02149856 0.01338576 0.01146139
v -0.02262253 0.01338576 0.01037356
v -0.02271253 0.01338576 0.01011803
v -0.02172101 0.01338576 0.0113508
v -0.02195139 0.01338576 0.01120812
v -0.01178642 0.03338576 0.012
v -0.01940302 0.03338576 0.012
v -0.00389946 0.03338576 0.00534005
v -0.01100251 0.03338576 0.0119615
v -0.00394001 0.03338576 0.00556004
v -0.00446594 0.03338576 0.00722654
v -0.00513391 0.03338576 0.00844343
v -0.0054762 0.03338576 0.00891743
v -0.0061295 0.03338576 0.00965678
v -0.006869 0.03338576 0.01031022
v -0.00734141 0.03338576 0.01065146
v -0.00855989 0.03338576 0.01132048
v -0.00872499 0.03338576 0.01139105
v -0.00946415 0.03338576 0.01165552
v -0.01022567 0.03338576 0.01184628
v -0.01044637 0.03338576 0.01188697
v -0.01178642 0.03338576 -0.012
v -0.01044637 0.03338576 -0.01188697
v -0.00382492 0.03338576 -0.00478392
v -0.01022638 0.03338576 -0.01184642
v -0.00855989 0.03338576 -0.01132048
v -0.00734299 0.03338576 -0.01065251
v -0.006869 0.03338576 -0.01031022
v -0.00612964 0.03338576 -0.00965693
v -0.0054762 0.03338576 -0.00891743
v -0.00513497 0.03338576 -0.00844501
v -0.00446594 0.03338576 -0.00722654
v -0.00439537 0.03338576 -0.00706143
v -0.0041309 0.03338576 -0.00632227
v -0.00394015 0.03338576 -0.00556076
v -0.00389946 0.03338576 -0.00534005
v -0.01940839 0.03338576 -0.012
v -0.01378642 0.04338576 0.002
v -0.01378642 0.04338576 -0.002
v -0.02238454 0.04338576 0.002
v -0.02238454 0.04338576 -0.002
v -0.01251775 0.04111503 -0.00834337
v -0.01229728 0.04006122 -0.0094457
v -0.02223543 0.04017659 -0.00934014
v -0.02205064 0.03952457 -0.00989309
v -0.01224033 0.03972981 -0.00973045
v -0.01220894 0.03953375 -0.00988741
v -0.02171922 0.03860607 -0.01052839
v -0.01212342 0.03894166 -0.01031504
v -0.02120284 0.0374068 -0.01115537
v -0.01184473 0.03578319 -0.01170849
v -0.02012416 0.03534678 -0.01180584
v -0.01187254 0.0362886 -0.01156943
v -0.0207758 0.03651553 -0.01149658
v -0.01193867 0.03721251 -0.01123877
v -0.02096599 0.03690289 -0.01136019
v -0.01195639 0.03741978 -0.01115019
v -0.01201773 0.03805427 -0.01084347
v -0.01179606 0.03436597 -0.01195184
v -0.01943622 0.03373327 -0.01199378
v -0.01959897 0.03433419 -0.01195481
v -0.01255731 0.04127322 -0.00814557
v -0.02238454 0.04125415 -0.00817159
v -0.01262124 0.04151232 -0.00782594
v -0.01267536 0.04169989 -0.00755534
v -0.02238454 0.04237055 -0.00639016
v -0.01297991 0.04253676 -0.00603259
v -0.02238454 0.04253636 -0.00603317
v -0.01302097 0.04262438 -0.00582727
v -0.01305931 0.04270132 -0.00563557
v -0.02238454 0.04316477 -0.0040907
v -0.01339623 0.0431926 -0.00395098
v -0.01354273 0.04331059 -0.00321847
v -0.00605589 0.03972986 0.00354611
v -0.00589897 0.03953378 0.00357749
v -0.00589868 0.03953331 -0.00357755
v -0.00383469 0.03436592 0.00399035
v -0.00398799 0.03538404 -0.00395969
v -0.00547139 0.03894166 -0.00366301
v -0.00547149 0.03894166 0.00366299
v -0.00476816 0.0377068 -0.00380365
v -0.00494287 0.03805363 0.00376871
v -0.00463607 0.03741942 -0.00383007
v -0.00463635 0.03741973 0.00383001
v -0.00454766 0.03721251 -0.00384775
v -0.00421702 0.03628854 0.00391388
v -0.00407743 0.03578046 0.0039418
v -0.0060927 0.03977425 -0.00353875
v -0.00671556 0.04045635 -0.00341417
v -0.00633871 0.04005919 0.00348954
v -0.00693686 0.0406706 -0.00336991
v -0.00744306 0.04111503 -0.00326867
v -0.00764079 0.04127331 0.00322913
v -0.00764131 0.04127358 -0.00322902
v -0.00796723 0.04151727 0.00316384
v -0.00823103 0.04169993 0.00311108
v -0.0089613 0.04214465 -0.00296503
v -0.00975386 0.04253674 0.00280651
v -0.0097542 0.04253692 -0.00280645
v -0.00995924 0.04262437 0.00276544
v -0.00995916 0.04262438 -0.00276545
v -0.01015745 0.04270385 0.00272579
v -0.01131059 0.04307345 -0.00249517
v -0.0118355 0.04319259 0.00239019
v -0.01183545 0.0431926 -0.0023902
v -0.01211206 0.04324366 0.00233487
v -0.01257544 0.04331151 0.0022422
v -0.01993288 0.03506687 0.0118579
v -0.01182682 0.03538506 0.01179801
v -0.02016168 0.03544891 0.01178486
v -0.01193868 0.03721248 0.0112387
v -0.02116358 0.03733833 0.01118372
v -0.01195638 0.03741938 0.01115023
v -0.01198315 0.03771025 0.01101639
v -0.02135265 0.03775192 0.01099477
v -0.01212344 0.03894166 0.01031493
v -0.02167662 0.03851113 0.01058503
v -0.01220887 0.03953334 0.00988779
v -0.01224781 0.03977519 0.00969307
v -0.02205051 0.03952862 0.00988777
v -0.02198801 0.03934098 0.01003059
v -0.01237222 0.04045641 0.00907102
v -0.01241642 0.0406704 0.00885001
v -0.02232458 0.04060472 0.00891817
v -0.01251772 0.04111509 0.0083435
v -0.02238454 0.04126098 0.00816287
v -0.01345153 0.04324364 0.00367447
v -0.02238454 0.0431655 0.00408727
v -0.01339624 0.04319259 0.00395093
v -0.02238454 0.04253636 0.00603317
v -0.0132913 0.04307348 0.00447561
v -0.01255739 0.04127367 0.00814517
v -0.01282145 0.04214478 0.00682488
v -0.02238454 0.04237388 0.00638336
v -0.01297998 0.04253689 0.00603222
v -0.01302099 0.04262437 0.00582719
v -0.01946578 0.03392546 0.0119852
v -0.01973932 0.03469375 0.0119142
v -0.011575 0.03918104 0.01012373
v -0.00662645 0.03908109 0.00726386
v -0.00613402 0.03812999 0.00764869
v -0.00539298 0.03794057 0.00644995
v -0.0071904 0.0408354 0.00426631
v -0.00589245 0.0393912 0.0047564
v -0.0130019 0.04325053 0.00356656
v -0.01221965 0.04283791 0.00511132
v -0.0114327 0.04290954 0.00435363
v -0.01221976 0.04325055 0.00278448
v -0.01031088 0.04274882 0.00316693
v -0.00791542 0.04143473 0.00400321
v -0.00868176 0.04195295 0.00373092
v -0.01260914 0.04326978 0.00317725
v -0.01067474 0.04283798 0.00356664
v -0.00917317 0.04213564 0.00434451
v -0.01144169 0.04213545 0.00661259
v -0.01068218 0.04111058 0.00803151
v -0.01084041 0.0422461 0.00608578
v -0.00987293 0.04127827 0.00738981
v -0.01261947 0.04274873 0.00547516
v -0.01205546 0.04195283 0.00710401
v -0.01178317 0.04143459 0.00787022
v -0.00739768 0.03466304 0.01058116
v -0.00619463 0.03468392 0.00959169
v -0.00876874 0.03460107 0.01131869
v -0.00820714 0.03585159 0.01078378
v -0.00843174 0.03699845 0.01046521
v -0.00908402 0.03690461 0.01080798
v -0.00889053 0.03578337 0.0111228
v -0.00846965 0.03997216 0.0082043
v -0.00757992 0.03817835 0.00921165
v -0.00751013 0.03914939 0.00827611
v -0.00705812 0.03819418 0.00872816
v -0.00813663 0.03813021 0.00965175
v -0.00894887 0.03992132 0.00860701
v -0.00872363 0.03805042 0.01004557
v -0.00944776 0.03983695 0.00897903
v -0.00933594 0.03794001 0.01039077
v -0.00996308 0.03971989 0.00931854
v -0.00996858 0.0378 0.01068501
v -0.01033044 0.03559332 0.01160468
v -0.01107407 0.03547295 0.01174236
v -0.00950026 0.0345556 0.01158611
v -0.00960045 0.03569704 0.01139729
v -0.01194525 0.04065853 0.00884461
v -0.01152006 0.04083527 0.00859509
v -0.01127493 0.03743521 0.01111131
v -0.01109844 0.04098612 0.00832366
v -0.01049156 0.039571 0.00962371
v -0.01102995 0.0393911 0.00989272
v -0.01061657 0.03763139 0.01092597
v -0.00400202 0.03450098 0.00553306
v -0.00446391 0.03460126 0.00701704
v -0.00520446 0.03466296 0.00838716
v -0.00446929 0.03664289 0.00533235
v -0.00418015 0.03559336 0.00545588
v -0.00497544 0.03690513 0.00670186
v -0.00466026 0.03578377 0.00689533
v -0.0057193 0.03706613 0.00797624
v -0.00540291 0.03590082 0.00822831
v -0.00667456 0.03712077 0.00911177
v -0.00638007 0.03594059 0.00940629
v -0.00722144 0.03710731 0.00961426
v -0.00694572 0.0359308 0.00992253
v -0.00780895 0.03706633 0.01006647
v -0.00755672 0.03590098 0.01038283
v -0.00533712 0.03854893 0.00497568
v -0.00646605 0.03972038 0.00582291
v -0.00709005 0.04046391 0.00547012
v -0.00651362 0.04015429 0.0045182
v -0.00775379 0.04111091 0.00510392
v -0.00485895 0.03763145 0.00516977
v -0.00589512 0.03887918 0.00615323
v -0.00717886 0.03992114 0.00683681
v -0.0083962 0.04127817 0.00591304
v -0.0080132 0.03998893 0.00777303
v -0.00910658 0.04133445 0.00667965
v -0.01025798 0.0422831 0.00552829
v -0.00970036 0.04224606 0.00494573
v -0.00566269 0.0391816 -0.00421134
v -0.01221996 0.04325119 -0.00278439
v -0.00852337 0.03908496 -0.00915923
v -0.0081379 0.03813061 -0.00965222
v -0.00933659 0.03794107 -0.01039332
v -0.0110302 0.03939226 -0.0098939
v -0.01061671 0.03763175 -0.01092745
v -0.01067526 0.04283912 -0.00356656
v -0.01143309 0.04291119 -0.00435344
v -0.01261961 0.0427495 -0.0054755
v -0.01178309 0.04143415 -0.00787108
v -0.01151996 0.04083469 -0.00859611
v -0.01205546 0.04195287 -0.0071047
v -0.01260935 0.04327068 -0.0031771
v -0.01300207 0.04325121 -0.00356656
v -0.01221999 0.04283919 -0.00511152
v -0.01144183 0.04213552 -0.00661336
v -0.00917376 0.04213533 -0.00434482
v -0.00775466 0.04110937 -0.00510457
v -0.00970052 0.04224596 -0.00494614
v -0.00839619 0.04127676 -0.00591395
v -0.0103113 0.04274942 -0.00316684
v -0.00868241 0.04195273 -0.003731
v -0.00791617 0.04143402 -0.00400338
v -0.00520565 0.03466409 -0.00838837
v -0.00619515 0.03468504 -0.00959139
v -0.00446804 0.03460192 -0.0070174
v -0.00500331 0.03585313 -0.00757867
v -0.0053213 0.03699769 -0.00735465
v -0.00497852 0.03690398 -0.00670237
v -0.0046642 0.03578473 -0.00689537
v -0.00758256 0.03997469 -0.00731632
v -0.00657497 0.038179 -0.00820629
v -0.00751117 0.03915355 -0.00827543
v -0.00705847 0.03819484 -0.00872809
v -0.00613483 0.03813083 -0.0076496
v -0.00717981 0.03992371 -0.00683712
v -0.00574097 0.03805099 -0.00706263
v -0.00680773 0.03983913 -0.00633827
v -0.00539572 0.03794052 -0.00645035
v -0.00646815 0.03972178 -0.00582301
v -0.00510143 0.03780041 -0.00581776
v -0.00418202 0.03559417 -0.00545571
v -0.00404413 0.03547346 -0.00471223
v -0.00420055 0.0345563 -0.00628594
v -0.00438958 0.03569817 -0.00618557
v -0.00694188 0.04065812 -0.00384123
v -0.0071913 0.04083455 -0.00426652
v -0.00467505 0.03743539 -0.00451148
v -0.00746262 0.04098514 -0.00468823
v -0.00616289 0.03957251 -0.0052946
v -0.0058938 0.03939217 -0.00475629
v -0.00486042 0.0376317 -0.0051698
v -0.01025352 0.03450148 -0.01178429
v -0.00876968 0.03460211 -0.01132224
v -0.00739965 0.03466401 -0.0105816
v -0.01045408 0.03664256 -0.01131708
v -0.01033082 0.03559419 -0.01160606
v -0.00908458 0.03690448 -0.01081089
v -0.00889164 0.03578511 -0.01112564
v -0.00781023 0.03706528 -0.01006703
v -0.00755882 0.03590248 -0.01038281
v -0.00667472 0.03711985 -0.00911179
v -0.0063809 0.03594235 -0.0094056
v -0.00617224 0.03710641 -0.00856492
v -0.00586465 0.03593254 -0.00883997
v -0.00572004 0.03706548 -0.00797743
v -0.00540432 0.03590264 -0.00822901
v -0.01081105 0.03855068 -0.01044917
v -0.00996386 0.03972226 -0.00932012
v -0.01031618 0.0404636 -0.00869651
v -0.01126817 0.0401541 -0.00927284
v -0.01068219 0.04110971 -0.00803293
v -0.0096338 0.03888224 -0.00989082
v -0.00895006 0.03992354 -0.00860717
v -0.00987295 0.04127667 -0.00739066
v -0.00801385 0.03999151 -0.00777277
v -0.00910629 0.04133284 -0.00668033
v -0.01025799 0.04228295 -0.00552859
v -0.01084057 0.04224592 -0.00608621
v -0.0197965 0.03366472 -0.01196232
v -0.01976307 0.03338576 -0.0119683
v -0.0201918 0.03417017 -0.01188318
v -0.02061725 0.03495458 -0.01178293
v -0.02029885 0.03459251 -0.01185927
v -0.01993538 0.0340403 -0.01193608
v -0.02145683 0.03565923 -0.01149088
v -0.02194392 0.03612353 -0.01123549
v -0.02247589 0.03666631 -0.01086848
v -0.02262799 0.03682771 -0.01074397
v -0.02326514 0.01507237 -0.01008755
v -0.02309605 0.03734889 -0.0102898
v -0.02333256 0.03763148 -0.01000793
v -0.02345801 0.01514158 -0.00983641
v -0.02369275 0.01521169 -0.00947524
v -0.02380219 0.01523945 -0.00927895
v -0.02389808 0.01526148 -0.00908753
v -0.02341281 0.03773139 -0.00990186
v -0.02395209 0.01527306 -0.0089698
v -0.02423582 0.01532535 -0.00814143
v -0.02405291 0.0386622 -0.0087298
v -0.02406992 0.01529657 -0.00867966
v -0.02395107 0.03848867 -0.00897617
v -0.0236537 0.03804735 -0.00954295
v -0.02438454 0.01534497 -0.00693727
v -0.02438454 0.03968047 -0.00693727
v -0.02436426 0.01534288 -0.00738153
v -0.02434929 0.03938387 -0.00753089
v -0.02430425 0.01533537 -0.00782267
v -0.02430618 0.03922612 -0.00781994
v -0.0242896 0.03917626 -0.00790788
v -0.01976922 0.03338576 0.01196619
v -0.01988752 0.0339313 0.0119436
v -0.02008853 0.03430745 0.01190222
v -0.02022651 0.03421102 0.01187177
v -0.02067978 0.03503628 0.01175961
v -0.01979013 0.03360988 0.01196233
v -0.0195869 0.03338576 0.01199153
v -0.02055343 0.03514125 0.01178633
v -0.02042437 0.03524549 0.01179949
v -0.02048918 0.0351935 0.01179461
v -0.0202804 0.0353584 0.0117982
v -0.02029348 0.03534828 0.011799
v -0.02249539 0.03988995 0.0095589
v -0.02396209 0.04065408 0.00768793
v -0.02404726 0.04056124 0.00761528
v -0.02398159 0.04025619 0.00808279
v -0.02417217 0.04000162 0.00788219
v -0.02421466 0.04032118 0.00742741
v -0.02434613 0.03999311 0.00717068
v -0.02435628 0.03994977 0.00713676
v -0.02438454 0.03968594 0.00693029
v -0.02436138 0.03944414 0.00741996
v -0.02268609 0.04058329 0.00889393
v -0.02277513 0.04123065 0.00813913
v -0.02319117 0.0411272 0.00805817
v -0.02297765 0.0387768 0.0100505
v -0.02254366 0.03806764 0.01057436
v -0.02233914 0.03819638 0.01061678
v -0.0225124 0.03671701 0.01083306
v -0.02206618 0.03626097 0.01115274
v -0.02194885 0.03635771 0.01121872
v -0.0229234 0.0371621 0.01046542
v -0.02266472 0.03687869 0.01070617
v -0.02253261 0.03700097 0.0108063
v -0.02320468 0.03748605 0.01015984
v -0.02306772 0.03763686 0.01029731
v -0.02291032 0.03778559 0.01041318
v -0.02238845 0.03712213 0.01088943
v -0.02223362 0.0372408 0.0109548
v -0.02169602 0.03654881 0.01131452
v -0.02156194 0.03664169 0.01134363
v -0.02181232 0.03601303 0.01130428
v -0.02141075 0.03564133 0.01150383
v -0.02182522 0.0364539 0.01127277
v -0.02121966 0.03578809 0.01157096
v -0.02112037 0.03586078 0.01159354
v -0.0217194 0.03756841 0.01103708
v -0.02361389 0.0409283 0.00790252
v -0.02379866 0.04079973 0.00780191
v -0.02373551 0.04048249 0.00825353
v -0.0233512 0.04033684 0.00878925
v -0.0231943 0.0404137 0.00883161
v -0.02332844 0.04107453 0.00801696
v -0.02335312 0.03947689 0.00941976
v -0.02308945 0.03964198 0.0095056
v -0.02349942 0.04025055 0.00873632
v -0.02363769 0.04015538 0.00867312
v -0.02350884 0.03981965 0.00906149
v -0.02303017 0.04048069 0.00886328
v -0.02271955 0.04123873 0.00814545
v -0.02280078 0.03978065 0.00955208
v -0.02248987 0.03905402 0.01014007
v -0.02274213 0.03892415 0.01011208
v -0.02434006 0.0395867 0.00754092
v -0.02429462 0.03919008 0.00788658
v -0.02422561 0.03900921 0.00819331
v -0.02409275 0.03916568 0.00855203
v -0.02393684 0.03887116 0.00895674
v -0.0238812 0.0399422 0.00851875
v -0.02404649 0.03865075 0.00874764
v -0.02396199 0.03850792 0.00895079
v -0.02375215 0.03856961 0.00933357
v -0.02367257 0.0380791 0.00950731
v -0.02354297 0.03826247 0.00968254
v -0.02378838 0.03824222 0.0093046
v -0.02387323 0.03836827 0.00914053
v -0.02344856 0.03778464 0.0098472
v -0.02331363 0.03795116 0.01000368
v -0.02334804 0.03765922 0.00998231
v -0.02319199 0.03861497 0.0099567
v -0.02273484 0.03792995 0.01050601
v -0.02206952 0.03735562 0.01100163
v -0.02189755 0.03746521 0.01102917
v -0.02128216 0.03681851 0.01136268
v -0.0233816 0.03844231 0.00983319
v -0.02359261 0.03876648 0.00950153
v -0.02378158 0.03908599 0.00914122
v -0.02421553 0.03945173 0.00811941
v -0.0239441 0.03939934 0.00875163
v -0.02358542 0.03928974 0.00929694
v -0.02430089 0.03972789 0.00765887
v -0.02407577 0.03970505 0.00833216
v -0.02374769 0.03961953 0.00892314
v -0.02212416 0.03831423 0.01063259
v -0.02190216 0.03841965 0.01062193
v -0.02271955 0.04313787 0.00408137
v -0.02435628 0.04087736 0.00565353
v -0.02438454 0.04057625 0.00550669
v -0.02438454 0.04138576 0.002
v -0.02438454 0.04120955 0.00366981
v -0.02435628 0.04172077 0.002
v -0.02435628 0.04153719 0.00373974
v -0.02431639 0.0419034 0.002
v -0.02421466 0.04199842 0.00383818
v -0.02396209 0.04241183 0.00392641
v -0.02411659 0.04238576 0.002
v -0.02421466 0.0421924 0.002
v -0.02361389 0.04275236 0.00399909
v -0.02379875 0.04279998 0.002
v -0.02396209 0.04261512 0.002
v -0.02319117 0.04299936 0.00405181
v -0.02338454 0.04311781 0.002
v -0.02361389 0.04296332 0.002
v -0.02271955 0.0433575 0.002
v -0.02290218 0.04331761 0.002
v -0.02319117 0.04321588 0.002
v -0.02271955 0.04234848 0.00637097
v -0.02319117 0.04222118 0.00630889
v -0.02361389 0.04199418 0.00619818
v -0.02396209 0.04168121 0.00604556
v -0.02421466 0.04130127 0.00586026
v -0.02271955 0.0433575 -0.002
v -0.02290218 0.04331761 -0.002
v -0.02319117 0.04321588 -0.002
v -0.02338454 0.04311781 -0.002
v -0.02361389 0.04296332 -0.002
v -0.02379875 0.04279998 -0.002
v -0.02396209 0.04261512 -0.002
v -0.02411659 0.04238576 -0.002
v -0.02421466 0.0421924 -0.002
v -0.02431639 0.0419034 -0.002
v -0.02435628 0.04172077 -0.002
v -0.02438454 0.04138576 -0.002
v -0.02435628 0.04153658 -0.0037426
v -0.02438454 0.04120897 -0.00367256
v -0.02438454 0.04057359 -0.00551213
v -0.02435628 0.03994407 -0.00714403
v -0.02435628 0.0408746 -0.00565921
v -0.02434613 0.03998738 -0.007178
v -0.02421466 0.04129834 -0.00586625
v -0.02429849 0.04013709 -0.00729543
v -0.02396209 0.04167815 -0.00605184
v -0.02404726 0.04055502 -0.00762322
v -0.02421466 0.04031516 -0.00743509
v -0.02361389 0.041991 -0.0062047
v -0.02379866 0.0407933 -0.00781012
v -0.02396209 0.04064777 -0.00769598
v -0.02319117 0.04221792 -0.00631558
v -0.02349655 0.04098848 -0.00796321
v -0.02361389 0.04092175 -0.00791087
v -0.02271955 0.04123191 -0.00815415
v -0.02271955 0.04234516 -0.00637776
v -0.02277513 0.04122384 -0.00814782
v -0.02319117 0.04112048 -0.00806675
v -0.02271955 0.04313714 -0.00408479
v -0.02319117 0.04299865 -0.00405518
v -0.02361389 0.04275166 -0.00400238
v -0.02396209 0.04241116 -0.00392958
v -0.02421466 0.04199778 -0.0038412
v -0.02304067 0.03759382 -0.0103324
v -0.02288351 0.03774058 -0.01044667
v -0.02235259 0.03706659 -0.0109232
v -0.02343809 0.04065941 -0.00840162
v -0.0243383 0.03957696 -0.00755501
v -0.02398345 0.03873733 -0.00888681
v -0.0235923 0.03813823 -0.00963277
v -0.02311198 0.03751956 -0.01026717
v -0.02406858 0.03968886 -0.00835309
v -0.02376505 0.03905917 -0.00917158
v -0.02414606 0.0395643 -0.00824976
v -0.02384865 0.03895371 -0.00908318
v -0.02420921 0.0394367 -0.00814061
v -0.02392164 0.03884621 -0.00898809
v -0.0242573 0.03930703 -0.0080264
v -0.02352272 0.03822869 -0.00971677
v -0.0234454 0.0383183 -0.00979464
v -0.02336078 0.03840661 -0.00986608
v -0.02317134 0.03857756 -0.00998842
v -0.02387362 0.03992501 -0.00853934
v -0.02356843 0.03926129 -0.00932632
v -0.02397753 0.03980941 -0.00844987
v -0.02367145 0.03916192 -0.00925279
v -0.02345659 0.0393566 -0.00939165
v -0.0237576 0.04003467 -0.00862075
v -0.02295786 0.03873798 -0.01008128
v -0.02333653 0.0394472 -0.00944829
v -0.02307414 0.03961159 -0.00953352
v -0.02363021 0.04013744 -0.00869335
v -0.02334431 0.04031848 -0.00880919
v -0.02310383 0.04080427 -0.00849363
v -0.0204967 0.03505418 -0.01180711
v -0.02097476 0.03585047 -0.0116338
v -0.02037382 0.03515315 -0.01181901
v -0.02138654 0.03665879 -0.01138867
v -0.02024938 0.03525089 -0.0118186
v -0.02124801 0.03674388 -0.01139166
v -0.02110751 0.03682541 -0.01138213
v -0.02210342 0.0382636 -0.010663
v -0.02188375 0.0383685 -0.01065254
v -0.02248473 0.03986006 -0.00958643
v -0.02231629 0.03814669 -0.0106474
v -0.02247361 0.03901373 -0.01016992
v -0.02117039 0.03571089 -0.0115981
v -0.02249602 0.03694768 -0.01084192
v -0.02178147 0.0363874 -0.01130466
v -0.02190379 0.03629369 -0.01125249
v -0.02373299 0.04047072 -0.00826784
v -0.02270887 0.03788313 -0.0105382
v -0.02219905 0.03718315 -0.01098709
v -0.02152215 0.03657061 -0.01137306
v -0.02203674 0.03729608 -0.01103287
v -0.02251903 0.03801923 -0.01060557
v -0.02272384 0.03888435 -0.01014222
v -0.02278753 0.0397502 -0.00957969
v -0.02302432 0.04046231 -0.00888301
v -0.02268158 0.04056528 -0.00891352
v -0.01958644 0.03338576 -0.01199206
v -0.02175221 0.01365812 0.01133441
v -0.02369022 0.01521087 0.0094721
v -0.02330174 0.01508718 0.01003794
v -0.0240692 0.0152966 0.00867783
v -0.02396091 0.01527529 0.00894425
v -0.02430811 0.01533526 0.00779841
v -0.02421022 0.01532072 0.00823842
v -0.02438454 0.01534497 0.00693029
v -0.02438208 0.0153447 0.00708498
v -0.02381043 0.01524154 0.00925621
v -0.0218412 0.01391785 0.01128529
v -0.02250811 0.01467629 0.01083468
v -0.0227315 0.0148201 0.01064515
v -0.0222832 0.01449723 0.0110047
v -0.02199808 0.01418363 0.01119318
v -0.02277286 0.01456452 0.01058599
v -0.02279314 0.01344925 0.00975418
v -0.02277885 0.0134286 0.00980989
v -0.02276192 0.01345336 0.00994116
v -0.02281641 0.01343293 0.00944382
v -0.02297407 0.01351352 0.00885605
v -0.02286564 0.01344524 0.00897121
v -0.0229388 0.01351282 0.00907165
v -0.02283144 0.01343919 0.00931278
v -0.02286962 0.01349877 0.0094278
v -0.02281331 0.01346852 0.00967318
v -0.02281501 0.01351615 0.0097978
v -0.0229009 0.01356416 0.00954177
v -0.02278643 0.01338581 0.00958312
v -0.02278642 0.01338583 0.00958523
v -0.02278641 0.01338586 0.0095899
v -0.02278553 0.01338762 0.0096431
v -0.02278636 0.0133859 0.00959866
v -0.02278614 0.01338596 0.00961573
v -0.02278555 0.01338779 0.00964283
v -0.02278708 0.01340603 0.00967742
v -0.02279399 0.01341582 0.00962454
v -0.0228038 0.01342497 0.00954742
v -0.02280899 0.01356763 0.00992077
v -0.02273644 0.01348016 0.01007064
v -0.02279529 0.0136227 0.01004155
v -0.02278343 0.01339195 0.00969541
v -0.02294243 0.01371095 0.00976453
v -0.02316573 0.0138552 0.00945844
v -0.02292519 0.013635 0.00965418
v -0.02306594 0.0136705 0.00926898
v -0.022774 0.01368112 0.0101596
v -0.02266049 0.01353939 0.01032197
v -0.02255228 0.01360525 0.01055934
v -0.02295253 0.01379166 0.00987233
v -0.02295103 0.01396598 0.01007829
v -0.02323608 0.01406333 0.00963626
v -0.02292011 0.01415518 0.01026808
v -0.02327493 0.01429127 0.00979867
v -0.0228602 0.01435598 0.01043827
v -0.02328134 0.01453472 0.00994241
v -0.02325576 0.01478851 0.01006489
v -0.02249135 0.0140878 0.01078152
v -0.02261415 0.01394334 0.01059394
v -0.02270887 0.01380702 0.0103854
v -0.02241315 0.0136767 0.01077819
v -0.02234311 0.01423766 0.01094507
v -0.02224542 0.01375249 0.01097458
v -0.02406529 0.01436694 0.00773566
v -0.02419805 0.01467388 0.00777249
v -0.02419966 0.01450514 0.00693029
v -0.02426845 0.01467351 0.00693029
v -0.0242786 0.01499966 0.00780067
v -0.02435134 0.01498206 0.00693029
v -0.02311385 0.01348268 0.00693029
v -0.02306405 0.01349963 0.0080956
v -0.02313526 0.01349121 0.00693029
v -0.02339328 0.01364329 0.00758411
v -0.02342035 0.01363409 0.00693029
v -0.02365655 0.01384514 0.00764007
v -0.02357197 0.01373562 0.00693029
v -0.02388303 0.01408824 0.0076911
v -0.02393434 0.0140808 0.00693029
v -0.02412668 0.01436266 0.00693029
v -0.02300753 0.01351085 0.00861911
v -0.02303788 0.01350583 0.00836437
v -0.02320487 0.01367478 0.008779
v -0.02331905 0.01366028 0.00820927
v -0.02337448 0.01387315 0.0089316
v -0.02354547 0.01386256 0.00831704
v -0.0235124 0.01410152 0.00907344
v -0.02373738 0.0141013 0.00841614
v -0.02361472 0.01435544 0.00920106
v -0.02388889 0.01437132 0.00850381
v -0.02367893 0.01462944 0.00931155
v -0.02399593 0.01466605 0.00857777
v -0.02370431 0.01491683 0.00940265
v -0.02405662 0.01497725 0.00863633
v -0.02313728 0.01367595 0.00903577
v -0.02300566 0.01358806 0.00917106
v -0.02323519 0.0136005 -0.00817422
v -0.02304983 0.01349227 -0.0080929
v -0.02308433 0.01348165 -0.00752597
v -0.02314089 0.01361502 -0.00872925
v -0.02299648 0.01350328 -0.00861477
v -0.02280825 0.0144892 -0.01054034
v -0.02279372 0.01344562 -0.0097468
v -0.02416519 0.01487748 -0.00821341
v -0.02425593 0.01488339 -0.00779489
v -0.02324023 0.01488013 -0.01010514
v -0.02388568 0.01484598 -0.00900841
v -0.02370185 0.01481473 -0.00937591
v -0.02404118 0.0148657 -0.00861935
v -0.02431165 0.01488545 -0.00736808
v -0.02433106 0.01488555 -0.00693727
v -0.02435134 0.01498206 -0.00693727
v -0.02309678 0.01347609 -0.00693727
v -0.02284014 0.01341136 -0.00849845
v -0.02282431 0.0134125 -0.00892137
v -0.02289815 0.01350026 -0.00925523
v -0.02286616 0.01349182 -0.00942034
v -0.02280841 0.0134099 -0.00925622
v -0.02280479 0.01340867 -0.00932424
v -0.02280141 0.01340721 -0.00938549
v -0.02279832 0.01340552 -0.0094397
v -0.02279555 0.01340362 -0.00948682
v -0.02279312 0.01340157 -0.00952734
v -0.02278655 0.01338698 -0.00959275
v -0.02278651 0.01338684 -0.00959529
v -0.02278642 0.01338576 -0.00958733
v -0.02278644 0.01338595 -0.0095855
v -0.02278787 0.01339498 -0.00961344
v -0.02278728 0.01339384 -0.0096229
v -0.02295442 0.01380495 -0.00989465
v -0.02293939 0.01369036 -0.009741
v -0.0228642 0.01365405 -0.00989507
v -0.02279985 0.0136087 -0.01001708
v -0.02326107 0.01417623 -0.00972377
v -0.02328038 0.0143431 -0.00983471
v -0.02291063 0.0141979 -0.0103117
v -0.02286644 0.01434152 -0.01043168
v -0.02349446 0.0147665 -0.00971673
v -0.02326977 0.01469694 -0.01002634
v -0.02293157 0.01350497 -0.00906459
v -0.02302606 0.0136131 -0.00920584
v -0.02310702 0.01373559 -0.00934375
v -0.02302162 0.01371752 -0.00955658
v -0.02327193 0.013745 -0.00884063
v -0.02317368 0.01387114 -0.00947695
v -0.02348813 0.01405326 -0.00904913
v -0.02357043 0.01422834 -0.00914375
v -0.02382033 0.01423504 -0.00846456
v -0.02370178 0.0140499 -0.00839921
v -0.02356331 0.01388118 -0.00832837
v -0.02328321 0.0145173 -0.00993588
v -0.02346312 0.01438784 -0.00954726
v -0.02363377 0.01441515 -0.00923033
v -0.02378664 0.01442904 -0.00888767
v -0.02349469 0.01371351 -0.00760921
v -0.02367681 0.01386449 -0.00764815
v -0.02371829 0.01385463 -0.00693727
v -0.02357197 0.01373562 -0.00693727
v -0.02352684 0.01370328 -0.00693727
v -0.02378124 0.01404323 -0.00804799
v -0.02383996 0.01403616 -0.00768457
v -0.02387634 0.01403055 -0.00731299
v -0.02393434 0.0140808 -0.00693727
v -0.02419966 0.01450514 -0.00693727
v -0.02414629 0.01443054 -0.00734464
v -0.0240987 0.01443328 -0.00774766
v -0.02402165 0.01443532 -0.00814204
v -0.023917 0.01443461 -0.00852348
v -0.02295477 0.01392842 -0.01004194
v -0.02278644 0.01338592 -0.00958741
v -0.02278659 0.01338711 -0.00958989
v -0.02278664 0.01338725 -0.00958672
v -0.02278669 0.01338738 -0.00958322
v -0.02278677 0.01339269 -0.00963103
v -0.02278675 0.01338751 -0.00957941
v -0.02278681 0.01338765 -0.00957527
v -0.02278695 0.01338791 -0.009566
v -0.02278928 0.01339723 -0.00959042
v -0.02279104 0.01339943 -0.00956178
v -0.02281274 0.01346389 -0.00966626
v -0.02283718 0.01347967 -0.00955794
v -0.02313526 0.01349121 -0.00693727
v -0.02329629 0.01358522 -0.00756829
v -0.02340706 0.01373076 -0.00825304
v -0.02338815 0.01389161 -0.00894768
v -0.02322529 0.01401845 -0.00960407
v -0.02294021 0.01405976 -0.01018141
v -0.01780197 0.03088576 -0.008125
v -0.01797679 0.03088576 -0.00854707
v -0.01628642 0.03088576 -0.009
v -0.01803642 0.03088576 -0.009
v -0.01797679 0.03088576 -0.00945293
v -0.01673936 0.03088576 -0.00730963
v -0.01716142 0.03088576 -0.00748446
v -0.01752386 0.03088576 -0.00776256
v -0.01541142 0.03088576 -0.00748446
v -0.01583349 0.03088576 -0.00730963
v -0.01628642 0.03088576 -0.00725
v -0.01459605 0.03088576 -0.00854707
v -0.01477088 0.03088576 -0.008125
v -0.01504899 0.03088576 -0.00776256
v -0.01477088 0.03088576 -0.009875
v -0.01459605 0.03088576 -0.00945293
v -0.01453642 0.03088576 -0.009
v -0.01583349 0.03088576 -0.01069037
v -0.01541142 0.03088576 -0.01051554
v -0.01504899 0.03088576 -0.01023744
v -0.01716142 0.03088576 -0.01051554
v -0.01673936 0.03088576 -0.01069037
v -0.01628642 0.03088576 -0.01075
v -0.01780197 0.03088576 -0.009875
v -0.01752386 0.03088576 -0.01023744
v -0.01180197 0.03088576 0.009875
v -0.01197679 0.03088576 0.00945293
v -0.01028642 0.03088576 0.009
v -0.01203642 0.03088576 0.009
v -0.01197679 0.03088576 0.00854707
v -0.01073936 0.03088576 0.01069037
v -0.01116142 0.03088576 0.01051554
v -0.01152386 0.03088576 0.01023744
v -0.00941142 0.03088576 0.01051554
v -0.00983349 0.03088576 0.01069037
v -0.01028642 0.03088576 0.01075
v -0.00859605 0.03088576 0.00945293
v -0.00877088 0.03088576 0.009875
v -0.00904899 0.03088576 0.01023744
v -0.00877088 0.03088576 0.008125
v -0.00859605 0.03088576 0.00854707
v -0.00853642 0.03088576 0.009
v -0.00983349 0.03088576 0.00730963
v -0.00941142 0.03088576 0.00748446
v -0.00904899 0.03088576 0.00776256
v -0.01116142 0.03088576 0.00748446
v -0.01073936 0.03088576 0.00730963
v -0.01028642 0.03088576 0.00725
v -0.01180197 0.03088576 0.008125
v -0.01152386 0.03088576 0.00776256
v -0.02080197 0.03088576 0.000875
v -0.02097679 0.03088576 0.00045293
v -0.01928642 0.03088576 -0
v -0.02103642 0.03088576 -0
v -0.02097679 0.03088576 -0.00045293
v -0.01973936 0.03088576 0.00169037
v -0.02016142 0.03088576 0.00151554
v -0.02052386 0.03088576 0.00123744
v -0.01841142 0.03088576 0.00151554
v -0.01883349 0.03088576 0.00169037
v -0.01928642 0.03088576 0.00175
v -0.01759605 0.03088576 0.00045293
v -0.01777088 0.03088576 0.000875
v -0.01804899 0.03088576 0.00123744
v -0.01777088 0.03088576 -0.000875
v -0.01759605 0.03088576 -0.00045293
v -0.01753642 0.03088576 -0
v -0.01883349 0.03088576 -0.00169037
v -0.01841142 0.03088576 -0.00151554
v -0.01804899 0.03088576 -0.00123744
v -0.02016142 0.03088576 -0.00151554
v -0.01973936 0.03088576 -0.00169037
v -0.01928642 0.03088576 -0.00175
v -0.02080197 0.03088576 -0.000875
v -0.02052386 0.03088576 -0.00123744
v -0.01180197 0.03088576 -0.008125
v -0.01197679 0.03088576 -0.00854707
v -0.01028642 0.03088576 -0.009
v -0.01203642 0.03088576 -0.009
v -0.01197679 0.03088576 -0.00945293
v -0.01073936 0.03088576 -0.00730963
v -0.01116142 0.03088576 -0.00748446
v -0.01152386 0.03088576 -0.00776256
v -0.00941142 0.03088576 -0.00748446
v -0.00983349 0.03088576 -0.00730963
v -0.01028642 0.03088576 -0.00725
v -0.00859605 0.03088576 -0.00854707
v -0.00877088 0.03088576 -0.008125
v -0.00904899 0.03088576 -0.00776256
v -0.00877088 0.03088576 -0.009875
v -0.00859605 0.03088576 -0.00945293
v -0.00853642 0.03088576 -0.009
v -0.00983349 0.03088576 -0.01069037
v -0.00941142 0.03088576 -0.01051554
v -0.00904899 0.03088576 -0.01023744
v -0.01116142 0.03088576 -0.01051554
v -0.01073936 0.03088576 -0.01069037
v -0.01028642 0.03088576 -0.01075
v -0.01180197 0.03088576 -0.009875
v -0.01152386 0.03088576 -0.01023744
v -0.01780197 0.03088576 0.009875
v -0.01797679 0.03088576 0.00945293
v -0.01628642 0.03088576 0.009
v -0.01803642 0.03088576 0.009
v -0.01797679 0.03088576 0.00854707
v -0.01673936 0.03088576 0.01069037
v -0.01716142 0.03088576 0.01051554
v -0.01752386 0.03088576 0.01023744
v -0.01541142 0.03088576 0.01051554
v -0.01583349 0.03088576 0.01069037
v -0.01628642 0.03088576 0.01075
v -0.01459605 0.03088576 0.00945293
v -0.01477088 0.03088576 0.009875
v -0.01504899 0.03088576 0.01023744
v -0.01477088 0.03088576 0.008125
v -0.01459605 0.03088576 0.00854707
v -0.01453642 0.03088576 0.009
v -0.01583349 0.03088576 0.00730963
v -0.01541142 0.03088576 0.00748446
v -0.01504899 0.03088576 0.00776256
v -0.01716142 0.03088576 0.00748446
v -0.01673936 0.03088576 0.00730963
v -0.01628642 0.03088576 0.00725
v -0.01780197 0.03088576 0.008125
v -0.01752386 0.03088576 0.00776256
v -0.00577088 0.03088576 -0.000875
v -0.00559605 0.03088576 -0.00045293
v -0.00728642 0.03088576 -0
v -0.00553642 0.03088576 -0
v -0.00559605 0.03088576 0.00045293
v -0.00683349 0.03088576 -0.00169037
v -0.00641142 0.03088576 -0.00151554
v -0.00604899 0.03088576 -0.00123744
v -0.00816142 0.03088576 -0.00151554
v -0.00773936 0.03088576 -0.00169037
v -0.00728642 0.03088576 -0.00175
v -0.00897679 0.03088576 -0.00045293
v -0.00880197 0.03088576 -0.000875
v -0.00852386 0.03088576 -0.00123744
v -0.00880197 0.03088576 0.000875
v -0.00897679 0.03088576 0.00045293
v -0.00903642 0.03088576 -0
v -0.00773936 0.03088576 0.00169037
v -0.00816142 0.03088576 0.00151554
v -0.00852386 0.03088576 0.00123744
v -0.00641142 0.03088576 0.00151554
v -0.00683349 0.03088576 0.00169037
v -0.00728642 0.03088576 0.00175
v -0.00577088 0.03088576 0.000875
v -0.00604899 0.03088576 0.00123744
v -0.00528642 0.01088576 0.008
v -0.02128642 0.01088576 0.008
v -0.00528642 0.01088576 -0.008
v -0.02128642 0.01088576 -0.008
v -0.01328642 0.01088576 -0
vn 0 -1 0
vn -0.95146 0 0.30776
vn -0.85299 -0 0.52193
vn -0.70711 -0 0.70711
vn -0.52194 -0 0.85299
vn -0.30776 -0 0.95146
vn 0.86603 0 0.5
vn 0.86603 0 0.5
vn 0.86603 0 0.5
vn 0.86603 0 0.5
vn 0.86603 0 0.49999
vn 0.86602 -0 0.5
vn 0.86602 -0 0.5
vn -0.34751 -0.47414 0.80897
vn -0.27675 -0.70838 0.64931
vn -0.23522 -0.79477 0.55947
vn -0.23768 -0.79106 0.56368
vn -0.31394 -0.60609 0.73082
vn -0.32442 -0.51777 0.79162
vn -0.30724 -0.62131 0.72082
vn -0.39363 -0.12967 0.91008
vn -0.3891 -0.07888 0.91781
vn -0.38813 -0.20303 0.89896
vn -0.36658 -0.38049 0.84903
vn -0.36632 -0.25478 0.89493
vn -0.36645 -0.36275 0.85681
vn -0.04758 -0.9929 0.10901
vn -0.0512 -0.99131 0.12114
vn -0.20429 -0.85497 0.47675
vn -0.16293 -0.91042 0.38024
vn -0.14916 -0.92279 0.35525
vn -0.11645 -0.956 0.26927
vn -0.09729 -0.96949 0.22498
vn -0.86603 0 -0.5
vn -0.86603 0 -0.5
vn -0.86603 -0 -0.5
vn -0.86599 -3E-05 -0.50007
vn -0.86602 0 -0.50001
vn -0.86603 -0 -0.5
vn -0.86603 1E-05 -0.49999
vn -0.86602 -0 -0.5
vn -0.86603 1E-05 -0.49999
vn -0.86603 0 0.5
vn -0.13053 -0 -0.99144
vn -0.38268 0 -0.92388
vn -0.60876 0 -0.79335
vn -0.79335 0 -0.60877
vn -0.92388 0 -0.38268
vn -0.99144 0 -0.13053
vn -0.99144 -0 0.13053
vn -0.92388 -0 0.38268
vn 0 0 -1
vn 0.78288 0 -0.62217
vn 0.34074 0 0.94016
vn 0.09141 0 0.99581
vn -0.16388 0 0.98648
vn -0.40848 0 0.91277
vn -0.62642 0 0.77949
vn -0.80347 0 0.59534
vn -0.9281 0 0.37234
vn -0.99215 0 0.12503
vn -0.99146 -0 -0.13043
vn -0.92606 -0 -0.37738
vn -0.80023 -0 -0.5997
vn -0.62217 -0 -0.78288
vn -0.40351 -0 -0.91498
vn -0.15852 -0 -0.98736
vn 0.09682 0 -0.9953
vn 0.34584 0 -0.93829
vn 0.57229 0 -0.82005
vn 0.76139 0 -0.64829
vn 0.90081 0 -0.43422
vn 0.98143 0 -0.19182
vn 0.99801 0 0.06311
vn 0.94945 0 0.31391
vn 0.83893 0 0.54423
vn -0.78288 0 0.62217
vn -0.86602 -0 -0.5
vn -0.86603 -0 -0.5
vn -0.86603 0 -0.5
vn -0.13053 -0 -0.99144
vn -0.60876 0 -0.79336
vn -0.79336 0 -0.60876
vn -0.99144 0 -0.13053
vn -0.99145 -0 0.13052
vn -0.86603 -0 -0.5
vn -0.86603 -0 -0.5
vn -0.86603 -0 -0.5
vn -0.86603 0 -0.5
vn -0.86603 0 0.5
vn -0.86603 0 0.5
vn 0 -0 1
vn 0.86603 -0 0.5
vn 0.86603 -0 0.5
vn 0.86603 0 0.5
vn 0.86603 0 -0.5
vn 0.13053 0 0.99144
vn 0.38268 -0 0.92388
vn 0.60877 -0 0.79335
vn 0.79335 -0 0.60876
vn 0.92388 -0 0.38268
vn 0.99145 -0 0.13052
vn 0.99144 -0 -0.13053
vn 0.92388 -0 -0.38268
vn -0.13052 0 0.99145
vn -0.38268 -0 0.92388
vn -0.60877 -0 0.79335
vn -0.79335 -0 0.60877
vn -0.86603 0 -0.5
vn 0.86603 -0 0.5
vn -0.60877 -0 0.79335
vn -0.79336 -0 0.60876
vn -0.86603 0 -0.5
vn -0.86603 0 0.5
vn 0.86603 -0 0.5
vn 0.86603 0 -0.5
vn 0.86603 0 -0.5
vn 0.86603 0 -0.5
vn 0.86602 0 -0.50001
vn -0.5 0 0.86603
vn 0.86603 0 0.5
vn 0.86327 -0.07975 0.49841
vn 0.86327 -0.07975 0.49841
vn 0.5 0 -0.86602
vn -0.5 -0 -0.86603
vn -0.86603 0 0.5
vn -0.86327 -0.07975 0.49841
vn -0.86327 -0.07975 0.49841
vn 0.5 -0 0.86602
vn -1 -0 -0
vn 0 -0.07975 0.99682
vn 1 0 0
vn -0.5 0 0.86602
vn 0.86603 0 0.5
vn 0.86327 -0.07975 0.49841
vn 0.86327 -0.07975 0.49841
vn 0.5 0 -0.86602
vn -0.5 -0 -0.86602
vn -0.86603 0 0.5
vn -0.86327 -0.07975 0.49841
vn 0.5 -0 0.86602
vn -0.5 -0 -0.86602
vn -0.86603 0 0.5
vn -0.86327 -0.07975 0.49841
vn 0.5 -0 0.86602
vn -0 -0.07975 -0.99682
vn 0.13053 0 -0.99144
vn 0.38268 -0 -0.92388
vn 0.60876 -0 -0.79336
vn 0.79335 -0 -0.60877
vn 0.86602 -0 0.5
vn 0.86603 0 -0.5
vn 0.78288 -0 0.62217
vn -0.83893 0 0.54423
vn -0.94945 0 0.31391
vn -0.99801 0 0.06311
vn -0.98143 -0 -0.19181
vn -0.90081 -0 -0.43422
vn -0.76139 -0 -0.64829
vn -0.57229 -0 -0.82005
vn -0.34584 -0 -0.93829
vn -0.09682 -0 -0.9953
vn 0.15852 0 -0.98736
vn 0.40351 0 -0.91498
vn 0.62217 0 -0.78288
vn 0.80023 0 -0.5997
vn 0.92606 0 -0.37738
vn 0.99146 0 -0.13043
vn 0.99215 0 0.12503
vn 0.9281 0 0.37234
vn 0.80348 0 0.59534
vn 0.62641 0 0.77949
vn 0.40848 0 0.91277
vn 0.16388 0 0.98648
vn -0.09141 0 0.99581
vn -0.34074 0 0.94016
vn -0.78288 0 -0.62217
vn -0.96428 0 0.26488
vn -0.92388 -0.00026 0.38268
vn -0.92143 0 0.38853
vn -0.13053 0 0.99144
vn -0.60876 -0 0.79336
vn -0.79336 -0 0.60876
vn -0.99145 -0 -0.13052
vn -0.92388 0 -0.38269
vn -0.96427 -0.00541 -0.26487
vn -0.92143 0 -0.38854
vn 0.13052 0 0.99145
vn 0.38269 -0 0.92388
vn 0.60876 -0 0.79336
vn 0.79335 -0 0.60877
vn 0.99144 -0 0.13053
vn 0.99145 -0 -0.13052
vn 0.92388 -0 -0.38269
vn 0.86603 -0 0.5
vn 0.13052 0 -0.99145
vn 0.38269 -0 -0.92388
vn 0.13053 0 -0.99144
vn 0.79336 -0 -0.60876
vn 0.99144 -0 -0.13053
vn 0.5 0 -0.86603
vn -0.86603 -0 -0.5
vn -0.86327 -0.07975 -0.49841
vn -0.86327 -0.07974 -0.49841
vn -0.5 0 0.86602
vn -0.86603 0 0.5
vn 0.86603 0 0.5
vn 0.86603 0 0.5
vn 0 -0.70711 -0.70711
vn 0.70711 -0.5 -0.5
vn 0.70711 -0.70711 0
vn 0.70711 -0.5 0.5
vn 0.70711 -0.5 0.5
vn 0 -0.70711 0.70711
vn 0.86603 0 -0.5
vn 0.22392 0 0.97461
vn 0.45107 -0 0.89249
vn 0.86603 0 -0.5
vn 0.5 0 0.86603
vn 0.99564 0 0.09329
vn 0.9899 -0 -0.14177
vn 0.92944 -0 -0.36899
vn 0.81759 -0 -0.57581
vn 0.66054 -0 -0.75079
vn 0.46697 -0 -0.88427
vn 0.47071 0 -0.88229
vn 0.28806 -0 -0.95761
vn 0.86603 0 0.5
vn -0.86603 0 0.5
vn -0.70711 -0.5 -0.5
vn -0.70711 -0.5 -0.5
vn -0.86603 -0 -0.5
vn -0.45107 0 0.89249
vn -0.22392 -0 0.97461
vn -0.86603 -0 -0.5
vn -0.46697 -0 -0.88427
vn -0.66054 0 -0.75079
vn -0.81759 0 -0.57581
vn -0.92943 0 -0.36899
vn -0.9899 0 -0.14177
vn -0.99564 -0 0.09329
vn -0.5 0 0.86603
vn -0.28807 -0 -0.95761
vn -0.4707 0 -0.88229
vn 0.86603 0 -0.5
vn 0.45107 0 -0.89249
vn 0.22392 -0 -0.97461
vn 0.86603 0 0.5
vn -0.90651 0.42219 0
vn -0.78262 0.6225 0
vn -0.61531 0.78828 0
vn -0.41387 0.91034 0
vn -0.18947 0.98189 0
vn 0.04544 0.99897 0
vn 0.27783 0.96063 0
vn 0.4948 0.869 0
vn -0.92641 0.37652 0
vn -0.86658 0.49903 -0
vn 0.86658 0.49903 -0
vn 0.92641 0.37652 0
vn -0.8931 0.44987 0
vn -0.97624 0.21671 0
vn -0.99956 -0.02973 0
vn -0.96163 -0.27434 0
vn -0.86478 -0.50214 0
vn -0.71494 -0.69918 0
vn -0.70711 -0.70711 -0
vn 0.70711 -0.70711 0
vn 0.44987 -0.8931 0
vn 0.21671 -0.97624 0
vn -0.02973 -0.99956 -0
vn -0.27434 -0.96163 -0
vn -0.50214 -0.86478 -0
vn -0.69918 -0.71495 -0
vn 0.49903 -0.86658 0
vn 0.37653 -0.92641 -0
vn 0.09829 0.99516 -0
vn 0.29108 0.9567 0
vn 0.47261 0.88127 0
vn 0.44987 0.8931 -0
vn 0.21671 0.97624 -0
vn -0.02973 0.99956 0
vn -0.27434 0.96163 0
vn -0.50214 0.86478 0
vn -0.69918 0.71495 0
vn 0.70711 0.70711 0
vn -0.70711 0.70711 0
vn -0.44986 0.8931 0
vn -0.21671 0.97624 0
vn 0.02973 0.99956 0
vn 0.27434 0.96163 0
vn 0.50215 0.86478 0
vn 0.69918 0.71495 0
vn -0.37653 -0.92641 0
vn -0.49903 -0.86658 -0
vn -0.47261 0.88127 0
vn -0.29108 0.9567 -0
vn -0.09829 0.99516 -0
vn -0.44986 -0.8931 0
vn -0.21671 -0.97624 0
vn 0.02973 -0.99956 0
vn 0.27434 -0.96163 0
vn 0.50214 -0.86478 0
vn 0.69918 -0.71495 0
vn -0.42219 -0.90651 -0
vn -0.6225 -0.78262 -0
vn -0.78829 -0.61531 -0
vn -0.91034 -0.41387 -0
vn -0.98189 -0.18947 -0
vn -0.99897 0.04544 0
vn -0.96063 0.27783 0
vn -0.869 0.4948 0
vn -0.65223 0.75802 0
vn -0.75802 0.65223 0
vn -0.4948 0.869 0
vn -0.27783 0.96063 0
vn -0.04544 0.99897 0
vn 0.18947 0.98189 0
vn 0.41387 0.91034 0
vn 0.61531 0.78828 0
vn 0.78262 0.6225 0
vn 0.90651 0.42219 0
vn 0 1 0
vn -0.95543 0.29522 0
vn -0.8624 0.50622 0
vn -0.72352 0.6903 0
vn -0.54616 0.83768 0
vn -0.33976 0.94051 0
vn -0.1153 0.99333 0
vn -0.9831 0.1831 0
vn 0.8931 -0.44987 0
vn 0.97624 -0.21671 0
vn 0.99956 0.02973 -0
vn 0.96163 0.27434 -0
vn 0.86478 0.50214 -0
vn 0.71494 0.69918 -0
vn 0.99516 -0.09829 0
vn 0.9567 -0.29108 -0
vn 0.88127 -0.47261 -0
vn -0.88127 -0.47261 0
vn -0.9567 -0.29108 -0
vn -0.99516 -0.09829 -0
vn -0.8931 -0.44987 -0
vn -0.97624 -0.21671 -0
vn -0.99956 0.02973 0
vn -0.96163 0.27434 0
vn -0.86478 0.50214 0
vn -0.71494 0.69918 0
vn 0.1153 0.99333 0
vn 0.33976 0.94051 0
vn 0.54616 0.83768 0
vn 0.72352 0.6903 0
vn 0.8624 0.50623 0
vn 0.95543 0.29522 0
vn 0.9831 0.1831 -0
vn 0.8931 0.44987 0
vn 0.97624 0.21671 0
vn 0.99956 -0.02973 0
vn 0.96163 -0.27434 0
vn 0.86478 -0.50214 0
vn 0.71494 -0.69918 0
vn 0.13053 -0.99144 0
vn 0.38268 -0.92388 0
vn 0.60876 -0.79335 0
vn 0.79335 -0.60876 0
vn 0.92388 -0.38268 0
vn 0.99144 -0.13053 0
vn 0.99144 0.13053 -0
vn 0.92388 0.38268 -0
vn 0.79335 0.60876 -0
vn 0.60876 0.79335 -0
vn 0.38268 0.92388 -0
vn 0.13053 0.99144 -0
vn -0.13053 0.99144 0
vn -0.38268 0.92388 0
vn -0.60876 0.79335 0
vn -0.79335 0.60876 0
vn -0.92388 0.38268 0
vn -0.99144 0.13053 0
vn -0.99144 -0.13053 0
vn -0.92388 -0.38268 0
vn -0.79335 -0.60876 0
vn -0.60876 -0.79335 0
vn -0.38268 -0.92388 0
vn -0.13053 -0.99144 0
vn -0.13053 0.99144 0
vn -0.38268 0.92388 0
vn -0.60876 0.79336 0
vn -0.79336 0.60876 0
vn -0.92388 0.38269 0
vn -0.99144 0.13053 0
vn -0.99144 -0.13053 0
vn -0.92388 -0.38269 0
vn -0.79336 -0.60876 0
vn -0.60876 -0.79336 0
vn -0.38268 -0.92388 0
vn -0.13053 -0.99144 0
vn 0.13053 -0.99144 0
vn 0.60876 -0.79336 0
vn 0.79335 -0.60876 0
vn 0.92388 -0.38268 0
vn 0.92388 0.38268 -0
vn 0.79335 0.60876 -0
vn 0.60876 0.79336 -0
vn 0.13053 0.99144 -0
vn -0.79334 0.60875 -0.00531
vn -0.72318 0.69066 -0
vn -0.60876 0.79335 0
vn -0.38268 0.92388 0
vn -0.13053 0.99144 0
vn 0.13053 0.99144 0
vn 0.38268 0.92388 0
vn 0.60876 0.79335 0
vn 0.79335 0.60876 0
vn 0.92388 0.38268 0
vn 0.99144 0.13053 0
vn 0.99144 -0.13053 0
vn 0.92388 -0.38268 0
vn 0.79335 -0.60876 0
vn 0.69066 -0.72318 -0
vn 0.60875 -0.79334 -0.00531
vn 0.59036 -0.80714 -0
vn 0.38268 -0.92388 0
vn 0.13053 -0.99144 0
vn -0.13053 -0.99144 -0
vn -0.38268 -0.92388 -0
vn -0.60876 -0.79335 -0
vn -0.79335 -0.60876 -0
vn -0.92388 -0.38268 -0
vn -0.99144 -0.13053 -0
vn -0.99144 0.13053 0
vn -0.92388 0.38268 0
vn -0.80714 0.59036 0
vn 0.99144 0.13053 -0
vn 0.92388 0.38268 -0
vn 0.79335 0.60876 -0
vn 0.60876 0.79335 -0
vn 0.38268 0.92388 -0
vn 0.13053 0.99144 -0
vn -0.13053 0.99144 0
vn -0.38268 0.92388 0
vn -0.60876 0.79335 0
vn -0.79335 0.60876 0
vn -0.92388 0.38268 0
vn -0.99144 0.13053 0
vn 0.75802 0.65223 -0
vn 0.65223 0.75802 -0
vn 0.86901 0.4948 0
vn 0.96063 0.27783 0
vn 0.99897 0.04544 0
vn 0.98189 -0.18948 0
vn 0.91034 -0.41387 0
vn 0.78828 -0.61531 0
vn 0.6225 -0.78262 0
vn 0.4222 -0.9065 0
vn 0.60875 -0.79334 0.00531
vn -0.79334 0.60875 0.00531
vn 0.70711 0.5 0.5
vn 0.70711 0.5 0.5
vn 0 0.70711 0.70711
vn -0.7071 0.5 0.5
vn -0.70711 0.5 0.5
vn -0.70711 0.70711 0
vn 0.13052 -0 0.99145
vn 0.38268 -0 0.92388
vn 0.60876 -0 0.79335
vn 0.79335 -0 0.60876
vn 0.92388 -0 0.38268
vn 0.99144 -0 0.13053
vn 0.99144 0 -0.13053
vn 0.92388 0 -0.38268
vn 0.79335 0 -0.60876
vn 0.60876 0 -0.79335
vn 0.38268 0 -0.92388
vn 0.13052 0 -0.99145
vn -0.13052 0 -0.99145
vn -0.38268 0 -0.92388
vn -0.60876 0 -0.79335
vn -0.79335 0 -0.60876
vn -0.92388 0 -0.38268
vn -0.99144 0 -0.13053
vn -0.99144 0 0.13053
vn -0.92388 0 0.38268
vn -0.79335 0 0.60876
vn -0.60876 0 0.79335
vn -0.38268 0 0.92388
vn -0.13052 0 0.99145
vn 0.13052 -0 0.99145
vn 0.13052 0 -0.99145
vn -0.13052 0 -0.99145
vn -0.38268 0 -0.92388
vn -0.60876 0 -0.79335
vn -0.79335 0 -0.60876
vn -0.99145 0 -0.13052
vn -0.99145 0 0.13052
vn -0.79335 0 0.60876
vn -0.60876 0 0.79335
vn -0.38268 0 0.92388
vn -0.13052 0 0.99145
vn 0.13052 -0 0.99145
vn 0.60876 -0 0.79335
vn 0.79335 -0 0.60876
vn 0.92388 -0 0.38268
vn 0.92388 0 -0.38268
vn 0.79335 0 -0.60876
vn 0.60876 0 -0.79335
vn 0.13052 0 -0.99145
vn -0.60876 0 -0.79335
vn -0.79335 0 -0.60876
vn -0.92388 0 -0.38269
vn -0.99144 0 -0.13053
vn -0.99144 0 0.13053
vn -0.92388 0 0.38269
vn -0.79335 0 0.60876
vn -0.60876 0 0.79335
vn 0.92388 -0 0.38268
vn 0.99144 -0 0.13053
vn 0.99144 0 -0.13053
vn 0.92388 0 -0.38268
vn -0.92388 0 -0.38268
vn -0.99144 0 -0.13053
vn -0.99144 0 0.13053
vn -0.92388 0 0.38268
vn -0.99145 0 -0.13052
vn -0.99145 0 0.13052
vn 0.92388 -0 0.38268
vn 0.92388 0 -0.38268
vn -0.92388 0 -0.38269
vn -0.99144 0 -0.13053
vn -0.99144 0 0.13053
vn -0.92388 0 0.38269
vn 0.13053 -0 0.99144
vn 0.60876 -0 0.79335
vn 0.79335 -0 0.60876
vn 0.99145 -0 0.13052
vn 0.99145 0 -0.13052
vn 0.79335 0 -0.60876
vn 0.60876 0 -0.79335
vn 0.13053 0 -0.99144
vn -0.13053 0 -0.99144
vn -0.60876 0 -0.79335
vn -0.79335 0 -0.60876
vn -0.79335 0 0.60876
vn -0.60876 0 0.79335
vn -0.13053 0 0.99144
vn 0.13053 -0 0.99144
vn 0.60876 -0 0.79335
vn 0.60876 0 -0.79335
vn 0.13053 0 -0.99144
vn -0.13053 0 -0.99144
vn -0.13053 0 0.99144
vn 0.99145 -0 0.13052
vn 0.99145 0 -0.13052
vn 0.99144 0 0.13053
vn 0.60876 0 0.79336
vn 0.13053 0 0.99144
vn -0.13053 0 0.99144
vn -0.60876 0 0.79336
vn -0.79336 0 0.60876
vn -0.99144 0 0.13053
vn -0.99144 -0 -0.13053
vn -0.79336 -0 -0.60876
vn -0.60876 -0 -0.79336
vn -0.13053 -0 -0.99144
vn 0.13053 0 -0.99144
vn 0.60876 0 -0.79336
vn 0.99144 0 -0.13053
vn 0.79335 0 0.60876
vn 0.60876 0 0.79335
vn 0.13053 0 0.99144
vn -0.13053 0 0.99144
vn -0.60876 0 0.79335
vn -0.79335 0 0.60876
vn -0.99144 0 0.13053
vn -0.99144 -0 -0.13053
vn -0.79335 -0 -0.60876
vn -0.60876 -0 -0.79335
vn -0.13053 -0 -0.99144
vn 0.13053 0 -0.99144
vn 0.60876 0 -0.79335
vn 0.79335 0 -0.60876
vn -0.79335 0 -0.60876
vn -0.92388 0 -0.38268
vn -0.99144 0 -0.13053
vn -0.99144 0 0.13053
vn -0.92388 0 0.38268
vn -0.79335 0 0.60876
vn 0.79335 -0 0.60876
vn 0.92388 -0 0.38268
vn 0.99144 -0 0.13053
vn 0.99144 -0 0.13053
vn 0.99144 0 -0.13053
vn 0.99144 -0 -0.13053
vn 0.92388 0 -0.38268
vn 0.79335 0 -0.60876
vn 0.13053 0 -0.99144
vn -0.60876 0 -0.79335
vn -0.79335 0 -0.60876
vn -0.99145 0 -0.13052
vn -0.99145 0 0.13052
vn -0.79335 0 0.60876
vn -0.60876 0 0.79335
vn 0.13053 -0 0.99144
vn 0.79335 -0 0.60876
vn 0.92388 -0 0.38268
vn 0.99144 0 0.13053
vn 0.99144 -0 -0.13053
vn 0.92388 0 -0.38268
vn 0.79335 0 -0.60876
vn -0.79336 0 -0.60876
vn -0.92388 0 -0.38269
vn -0.99144 0 -0.13053
vn -0.99144 0 0.13053
vn -0.92388 0 0.38269
vn -0.79336 0 0.60876
vn -0.96427 -0.00541 -0.26487
vn -0.92143 0 -0.38853
vn -0.92388 -0.00026 0.38269
vn -0.92143 0 0.38854
vn 0.92388 0 0.38269
vn -0.78288 0 -0.62217
vn 0.83893 0 -0.54423
vn 0.94945 0 -0.31391
vn 0.99801 0 -0.06311
vn 0.98143 0 0.19182
vn 0.90081 0 0.43422
vn 0.76139 0 0.64829
vn 0.57229 0 0.82005
vn 0.34584 0 0.93829
vn 0.09682 0 0.9953
vn -0.15852 0 0.98736
vn -0.40351 0 0.91498
vn -0.62217 0 0.78288
vn -0.80023 0 0.5997
vn -0.92606 0 0.37738
vn -0.99146 0 0.13043
vn -0.99215 -0 -0.12503
vn -0.9281 -0 -0.37234
vn -0.80347 -0 -0.59534
vn -0.62642 -0 -0.77949
vn -0.40848 -0 -0.91277
vn -0.16388 -0 -0.98648
vn 0.09141 0 -0.99581
vn 0.34074 0 -0.94016
vn 0.78288 -0 0.62217
vn 0.86603 -0 0.5
vn -0.49841 -0.07975 0.86327
vn -0.5 0 0.86603
vn -0.86603 -0 -0.5
vn 0.99682 -0.07975 0
vn -0.86603 0 0.5
vn -0.49841 -0.07975 -0.86327
vn -0.5 -0 -0.86603
vn 0.86603 0 -0.5
vn -0.4707 0 0.88229
vn -0.28807 -0 0.95761
vn -0.99564 -0 -0.09329
vn -0.9899 -0 0.14177
vn -0.92943 -0 0.36899
vn -0.81759 -0 0.57581
vn -0.66054 -0 0.75079
vn -0.46697 -0 0.88427
vn -0.5 -0 -0.86603
vn -0.86603 0 0.5
vn -0.22392 -0 -0.97461
vn -0.45107 0 -0.89249
vn -0.86603 -0 -0.5
vn 0.28806 0 0.95761
vn 0.47071 -0 0.88229
vn 0.5 0 -0.86603
vn 0.46697 0 0.88427
vn 0.66054 -0 0.75079
vn 0.81759 -0 0.57581
vn 0.92944 -0 0.36899
vn 0.9899 -0 0.14177
vn 0.99564 -0 -0.09329
vn -0.13053 0 0.99144
vn -0.60876 -0 0.79335
vn -0.79335 -0 0.60877
vn -0.99144 -0 0.13053
vn 0.5 -0 0.86603
vn -0.86327 -0.07974 0.49841
vn -0.86327 -0.07975 0.49841
vn -0.5 -0 -0.86602
vn -0.86603 0 0.5
vn -0.86602 -0 0.5
vn -0.86602 -0 0.50001
vn -0.86603 0 0.49999
vn -0.86602 -0 0.50001
vn -0.86603 0 0.5
vn -0.86602 -0 0.5
vn -0.86603 0 0.5
vn -0.3946 -0.10916 -0.91234
vn -0.3913 -0.12964 -0.91109
vn -0.38548 -0.23303 -0.89281
vn -0.38066 -0.2789 -0.88165
vn -0.36319 -0.38033 -0.85055
vn -0.36207 -0.39818 -0.84283
vn -0.34199 -0.49923 -0.79612
vn -0.31183 -0.60596 -0.73183
vn -0.31964 -0.55384 -0.76883
vn -0.1894 -0.87679 -0.442
vn -0.22907 -0.81348 -0.53457
vn -0.23726 -0.79103 -0.5639
vn -0.27676 -0.70836 -0.64933
vn -0.30069 -0.64179 -0.70547
vn -0.16639 -0.90548 -0.39041
vn -0.14846 -0.92276 -0.35564
vn -0.12564 -0.94858 -0.29053
vn -0.07996 -0.9795 -0.18489
vn -0.0487 -0.99126 -0.12257
vn -0.02975 -0.99723 -0.06815
vn 0.86603 0 -0.5
vn 0.86603 0 -0.5
vn 0.86603 0 -0.5
vn 0.86602 -0 -0.5
vn 0.86602 -0 -0.5
vn 0.86603 0 -0.49999
vn 0.86603 0 -0.5
vn -0.30776 -0 -0.95146
vn -0.52194 0 -0.85299
vn -0.70711 0 -0.70711
vn -0.85299 0 -0.52193
vn -0.95146 0 -0.30776
vn -0.5 0 0.86603
vn -0.5 0 0.86603
vn -0.5 0 0.86603
vn -0.5 0 0.86603
vn -0.5 0 0.86602
vn -0.5 0 0.86603
vn -0.5 0 0.86602
vn -0.80897 -0.47414 -0.34751
vn -0.64931 -0.70838 -0.27675
vn -0.55948 -0.79477 -0.23522
vn -0.56368 -0.79106 -0.23768
vn -0.73082 -0.60609 -0.31394
vn -0.79162 -0.51778 -0.32442
vn -0.72082 -0.62131 -0.30724
vn -0.91008 -0.12967 -0.39363
vn -0.91781 -0.07889 -0.3891
vn -0.89896 -0.20302 -0.38814
vn -0.84903 -0.38048 -0.36658
vn -0.89494 -0.25474 -0.36632
vn -0.85681 -0.36275 -0.36645
vn -0.10901 -0.9929 -0.04758
vn -0.12114 -0.99131 -0.0512
vn -0.47675 -0.85497 -0.20429
vn -0.38024 -0.91042 -0.16293
vn -0.35525 -0.92279 -0.14916
vn -0.26927 -0.956 -0.11645
vn -0.22497 -0.96949 -0.09729
vn 0.49841 -0.07975 -0.86327
vn 0.5 0 -0.86603
vn 0.5 0 -0.86603
vn 0.5 -0 -0.86602
vn 0.49998 1E-05 -0.86604
vn 0.5 -0 -0.86603
vn 0.5 -0 -0.86602
vn 0.5 0 -0.86603
vn 0.5 -0 -0.86602
vn 0.5 0 -0.86603
vn -0.99682 -0.07975 -0
vn 0.49841 -0.07975 0.86327
vn 0.5 0 0.86603
vn 0.5 -0 0.86603
vn 0.5 0 0.86603
vn 0.50002 -1E-05 0.86601
vn 0.5 0 0.86603
vn 0.5 -0 0.86602
vn 0.5 -0 0.86603
vn 0.5 -0 0.86603
vn 0.5 0 0.86603
vn -0.91234 -0.10916 0.3946
vn -0.91109 -0.12963 0.3913
vn -0.89281 -0.23303 0.38548
vn -0.88166 -0.27888 0.38066
vn -0.85055 -0.38033 0.36319
vn -0.84283 -0.39818 0.36207
vn -0.79613 -0.49921 0.342
vn -0.73183 -0.60596 0.31183
vn -0.76883 -0.55384 0.31964
vn -0.44201 -0.87679 0.18941
vn -0.53457 -0.81349 0.22907
vn -0.5639 -0.79103 0.23726
vn -0.64934 -0.70835 0.27676
vn -0.70547 -0.64179 0.30069
vn -0.39041 -0.90548 0.16639
vn -0.35564 -0.92276 0.14846
vn -0.29053 -0.94858 0.12564
vn -0.18489 -0.9795 0.07996
vn -0.12257 -0.99126 0.0487
vn -0.06815 -0.99723 0.02975
vn -0.5 0 -0.86603
vn -0.5 0 -0.86603
vn -0.5 0 -0.86603
vn -0.5 0 -0.86603
vn -0.5 -1E-05 -0.86603
vn -0.5 1E-05 -0.86603
vn -0.5 0 -0.86603
vn 0.34751 -0.47414 -0.80897
vn 0.27675 -0.70838 -0.64931
vn 0.23522 -0.79477 -0.55948
vn 0.23768 -0.79106 -0.56368
vn 0.31394 -0.60609 -0.73082
vn 0.32442 -0.51777 -0.79162
vn 0.30724 -0.62131 -0.72082
vn 0.39363 -0.12967 -0.91008
vn 0.3891 -0.07888 -0.91781
vn 0.38813 -0.20303 -0.89896
vn 0.36658 -0.38048 -0.84903
vn 0.36632 -0.25478 -0.89493
vn 0.36645 -0.36275 -0.85681
vn 0.04758 -0.9929 -0.10901
vn 0.0512 -0.99131 -0.12114
vn 0.20429 -0.85497 -0.47674
vn 0.16293 -0.91042 -0.38024
vn 0.14916 -0.92279 -0.35525
vn 0.11645 -0.956 -0.26927
vn 0.0973 -0.96949 -0.22498
vn -0.86603 -0 -0.5
vn -0.86603 -0 -0.5
vn -0.86603 0 -0.5
vn -0.86602 -1E-05 -0.5
vn -0.86603 1E-05 -0.5
vn -0.86603 1E-05 -0.5
vn -0.86603 -0 -0.5
vn 0.95146 0 -0.30776
vn 0.85299 -0 -0.52193
vn 0.70711 -0 -0.70711
vn 0.52194 -0 -0.85299
vn 0.30776 -0 -0.95146
vn 0.5 0 0.86603
vn 0.5 0 0.86603
vn 0.5 -0 0.86603
vn 0.5 -1E-05 0.86603
vn 0.5 -0 0.86603
vn 0.5 0 0.86603
vn 0.5 0 0.86603
vn 0.91234 -0.10915 -0.39461
vn 0.91109 -0.12963 -0.3913
vn 0.89281 -0.23303 -0.38548
vn 0.88165 -0.27891 -0.38066
vn 0.85055 -0.38033 -0.36319
vn 0.84283 -0.39818 -0.36207
vn 0.79615 -0.49918 -0.34201
vn 0.73183 -0.60596 -0.31183
vn 0.76882 -0.55385 -0.31963
vn 0.44201 -0.87679 -0.18941
vn 0.53457 -0.81349 -0.22907
vn 0.56389 -0.79103 -0.23726
vn 0.64934 -0.70835 -0.27676
vn 0.70548 -0.64178 -0.30069
vn 0.39041 -0.90548 -0.16639
vn 0.35564 -0.92276 -0.14846
vn 0.29053 -0.94858 -0.12565
vn 0.18489 -0.9795 -0.07996
vn 0.12257 -0.99126 -0.0487
vn 0.06815 -0.99723 -0.02975
vn -0.5 0 -0.86603
vn -0.50002 -1E-05 -0.86601
vn -0.5 0 -0.86603
vn -0.50001 -0 -0.86602
vn -0.49999 0 -0.86603
vn -0.5 -0 -0.86603
vn -0.5 -0 -0.86603
vn -0.5 0 0.86603
vn -0.5 0 0.86603
vn -0.50002 -1E-05 0.86602
vn -0.49999 0 0.86603
vn -0.5 0 0.86603
vn -0.5 0 0.86603
vn -0.5 0 0.86603
vn -0.50001 -1E-05 0.86602
vn 0.80894 -0.47419 0.3475
vn 0.64931 -0.70838 0.27675
vn 0.55947 -0.79477 0.23522
vn 0.56368 -0.79106 0.23768
vn 0.73082 -0.60609 0.31394
vn 0.79164 -0.51774 0.32442
vn 0.72082 -0.62131 0.30724
vn 0.91008 -0.12967 0.39363
vn 0.91781 -0.07889 0.38911
vn 0.89896 -0.20302 0.38814
vn 0.84903 -0.38048 0.36658
vn 0.89494 -0.25474 0.36632
vn 0.85681 -0.36275 0.36645
vn 0.10901 -0.9929 0.04758
vn 0.12114 -0.99131 0.0512
vn 0.47676 -0.85497 0.20429
vn 0.38024 -0.91042 0.16293
vn 0.35525 -0.92279 0.14916
vn 0.26927 -0.956 0.11645
vn 0.22499 -0.96949 0.0973
vn 0.5 0 -0.86603
vn 0.5 0 -0.86603
vn 0.5 -0 -0.86603
vn 0.5 -0 -0.86603
vn 0.5 0 -0.86602
vn 0.5 0 -0.86603
vn 0.5 0 -0.86603
vn 0.30776 0 0.95146
vn 0.52194 -0 0.85299
vn 0.70711 -0 0.70711
vn 0.85299 -0 0.52193
vn 0.95146 -0 0.30776
vn -0.86603 0 0.5
vn -0.86603 -0 0.5
vn -0.86603 0 0.5
vn -0.86603 0 0.5
vn -0.86602 -0 0.5
vn -0.86602 -1E-05 0.50001
vn -0.86604 1E-05 0.49998
vn 0.3946 -0.10916 0.91234
vn 0.3913 -0.12964 0.91109
vn 0.38548 -0.23303 0.89281
vn 0.38066 -0.2789 0.88165
vn 0.36319 -0.38033 0.85055
vn 0.36207 -0.39818 0.84283
vn 0.34199 -0.49923 0.79612
vn 0.31183 -0.60596 0.73183
vn 0.31964 -0.55384 0.76883
vn 0.1894 -0.87679 0.442
vn 0.22907 -0.81348 0.53458
vn 0.23726 -0.79103 0.5639
vn 0.27676 -0.70836 0.64933
vn 0.30069 -0.64179 0.70547
vn 0.16639 -0.90548 0.39041
vn 0.14846 -0.92276 0.35564
vn 0.12564 -0.94858 0.29053
vn 0.07996 -0.9795 0.18489
vn 0.0487 -0.99126 0.12257
vn 0.02975 -0.99723 0.06815
vn 0.86327 -0.07975 -0.49841
vn 0.86327 -0.07974 -0.49841
vn 0.86603 0 -0.5
vn 0.86603 0 -0.5
vn 0.86603 0 -0.5
vn 0.86603 0 -0.5
vn 0.86602 -0 -0.50001
vn 0.86602 -0 -0.50001
vn 0.86603 0 -0.5
vn 0.86602 -0 -0.50001
vn 0.86603 0 -0.49999
vn 0.86603 0 -0.5
vn 0.86327 -0.07974 0.49841
vn 0.86327 -0.07975 0.49841
vn 0.86603 -0 0.5
vn 0.86603 0 0.5
vn 0.86603 0 0.5
vn 0.86603 -0 0.49999
vn 0.86603 0 0.5
vn 0.86602 -0 0.5
vn 0.86603 0 0.5
vn 0.86602 -0 0.50001
vn 0.13053 0 0.99144
vn 0.79336 -0 0.60876
vn 0.99144 -0 0.13053
vn -0.78288 0 0.62217
vn -0.34074 -0 -0.94016
vn -0.09141 -0 -0.99581
vn 0.16388 0 -0.98648
vn 0.40848 0 -0.91277
vn 0.62641 0 -0.77949
vn 0.80348 0 -0.59534
vn 0.9281 0 -0.37234
vn 0.99215 0 -0.12503
vn 0.99146 0 0.13043
vn 0.92606 0 0.37738
vn 0.80023 0 0.5997
vn 0.62217 0 0.78288
vn 0.40351 0 0.91498
vn 0.15852 0 0.98736
vn -0.09682 0 0.9953
vn -0.34584 0 0.93829
vn -0.57229 0 0.82005
vn -0.72046 0 0.6935
vn -0.76137 0.00795 0.64827
vn -0.83893 0 -0.54423
vn -0.94945 0 -0.31391
vn -0.99801 0 -0.06311
vn -0.98143 0 0.19181
vn -0.90081 0 0.43422
vn -0.80314 0 0.59579
vn 0.78288 0 -0.62217
vn 0.86602 0 -0.5
vn 0.13053 0 0.99144
vn 0.86327 -0.07975 -0.49841
vn 0.86327 -0.07975 -0.49841
vn 0.86603 0 -0.5
vn -0.86327 -0.07975 -0.49841
vn -0.86327 -0.07975 -0.49841
vn -0.86603 -0 -0.5
vn 0.86327 -0.07975 -0.49841
vn -0.86327 -0.07975 -0.49841
vn -0.86327 -0.07975 -0.49841
vn -0.5 0 0.86602
vn -0.86327 -0.07975 -0.49841
vn -0.86603 -0 -0.5
vn 0.5 0 -0.86602
vn -0.86603 0 0.5
vn -0.86603 -0 0.5
vn -0.86602 -0 -0.5
vn -0.86603 -0 -0.5
vn -0.86603 0 -0.5
vn 0.86603 0 -0.5
vn 0.13053 0 -0.99144
vn 0.60877 -0 -0.79335
vn 0.79335 -0 -0.60876
vn -0.13052 -0 -0.99145
vn -0.60877 0 -0.79335
vn -0.79335 0 -0.60877
vn -0.86603 0 -0.5
vn -0.86603 0 -0.5
vn -0.86603 0 -0.5
vn -0.60877 0 -0.79335
vn -0.79336 0 -0.60876
vn -0.86603 0 0.5
vn -0.86603 0 -0.5
vn 0.86603 0 -0.5
vn 0.86603 0 0.5
vn 0.86603 0 0.5
vn 0.86602 0 0.50001
vn 0.39698 -0 0.91783
vn 0.79335 0 0.60876
vn 0.60876 0 0.79335
vn 0.91783 0 -0.39698
vn 0.92381 -0.01191 -0.38266
vn 0.96179 -0 -0.27378
vn 0.99145 0 -0.13052
vn 0.99145 0 0.13052
vn 0.92388 0 0.38268
vn 0.957 -0.09968 0.27242
vn 0.91783 0 0.39698
vn 0.79335 0 -0.60876
vn 0.60876 0 -0.79335
vn -0.39698 -0 -0.91783
vn -0.38266 -0.01191 -0.92381
vn -0.27378 -0 -0.96179
vn -0.13053 -0 -0.99144
vn 0.13053 0 -0.99144
vn 0.38268 0 -0.92388
vn 0.27242 -0.09968 -0.957
vn 0.39698 0 -0.91783
vn -0.60876 0 -0.79335
vn -0.79335 0 -0.60876
vn -0.91783 0 0.39698
vn -0.92381 -0.01191 0.38266
vn -0.96179 -0 0.27378
vn -0.99144 0 0.13053
vn -0.99144 -0 -0.13053
vn -0.92388 -0 -0.38268
vn -0.957 -0.09968 -0.27242
vn -0.91783 -0 -0.39698
vn -0.79335 0 0.60876
vn -0.60876 0 0.79335
vn 0.38266 -0.01191 0.92381
vn 0.27378 -0 0.96179
vn 0.13053 0 0.99144
vn -0.13053 0 0.99144
vn -0.38268 0 0.92388
vn -0.27242 -0.09968 0.957
vn -0.39698 0 0.91783
vn 0.13053 0 -0.99144
vn 0.38269 0 -0.92388
vn 0.60876 0 -0.79335
vn 0.79335 0 -0.60876
vn 0.92388 0 -0.38268
vn 0.99144 0 -0.13053
vn 0.99144 0 0.13053
vn 0.92388 0 0.38268
vn 0.79335 0 0.60876
vn 0.60876 0 0.79335
vn 0.38269 0 0.92388
vn 0.13052 0 0.99145
vn -0.13052 0 0.99145
vn -0.38269 0 0.92388
vn -0.60876 0 0.79335
vn -0.79335 0 0.60876
vn -0.92388 0 0.38268
vn -0.99144 0 0.13053
vn -0.99144 -0 -0.13053
vn -0.92388 -0 -0.38268
vn -0.79335 -0 -0.60876
vn -0.60876 -0 -0.79335
vn -0.38269 -0 -0.92388
vn -0.13053 -0 -0.99144
vn 0.38268 0 -0.92388
vn 0.60876 0 -0.79335
vn 0.92388 0 -0.38268
vn 0.99144 0 -0.13053
vn 0.99144 0 0.13053
vn 0.92388 0 0.38268
vn 0.60876 0 0.79335
vn 0.38268 0 0.92388
vn -0.13052 0 0.99145
vn -0.38268 0 0.92388
vn -0.60876 0 0.79335
vn -0.99144 0 0.13053
vn -0.99144 -0 -0.13053
vn -0.60876 -0 -0.79335
vn -0.38268 -0 -0.92388
vn -0.13053 -0 -0.99144
vn 0.13052 0 -0.99145
vn 0.79335 0 -0.60876
vn 0.92388 0 -0.38268
vn 0.99144 0 -0.13053
vn 0.99144 0 0.13053
vn 0.92388 0 0.38268
vn 0.79335 0 0.60876
vn 0.13053 0 0.99144
vn -0.13053 0 0.99144
vn -0.79335 0 0.60876
vn -0.92388 0 0.38268
vn -0.99144 0 0.13053
vn -0.99144 -0 -0.13053
vn -0.92388 -0 -0.38268
vn -0.79335 -0 -0.60876
vn -0.13052 -0 -0.99145
vn 0.92388 0 -0.38268
vn 0.99144 0 -0.13053
vn 0.99144 0 0.13053
vn 0.92388 0 0.38268
vn -0.13053 0 0.99144
vn -0.99144 0 0.13053
vn -0.99144 -0 -0.13053
vn -0.13052 -0 -0.99145
vn 0.70711 0.70711 0
vn 0.70711 0.5 -0.5
vn 0.70711 0.5 -0.5
vn 0 0.70711 -0.70711
vn -0.7071 0.5 -0.5
vn -0.70711 0.5 -0.5
vn -0.7071 -0 -0.70711
vn -0.99576 -0.09194 0
vn -0.70561 -0.06515 -0.7056
vn -0.7056 -0.06515 -0.70561
vn -0.69515 -0.12947 -0.70711
vn -0.69515 -0.12947 -0.70711
vn -0.9831 -0.1831 0
vn -0.9831 -0.1831 0
vn -0.9831 -0.1831 -0
vn -0.1153 -0.99333 0
vn -0.33976 -0.94051 -0
vn -0.54616 -0.83768 -0
vn -0.72352 -0.6903 -0
vn -0.8624 -0.50623 -0
vn -0.95543 -0.29522 -0
vn -0.0818 -0.70474 -0.70474
vn -0.0818 -0.70474 -0.70474
vn -0.24105 -0.66726 -0.70474
vn -0.24105 -0.66726 -0.70474
vn -0.38749 -0.59431 -0.70474
vn -0.38749 -0.5943 -0.70474
vn -0.51331 -0.48975 -0.70474
vn -0.51331 -0.48975 -0.70474
vn -0.61185 -0.35915 -0.70474
vn -0.61185 -0.35915 -0.70474
vn -0.67785 -0.20945 -0.70474
vn -0.67785 -0.20945 -0.70474
vn -0 -0.70711 -0.70711
vn -0.11262 -0.99364 0
vn -0.13053 0.99144 0
vn -0.11261 0.99362 0.00687
vn -0.341 0.94005 -0.00548
vn -0.35792 0.93375 0
vn -0.74271 0.66961 0
vn -0.76581 0.64294 -0.01255
vn -0.68172 0.73161 -0
vn -0.55848 0.82952 0
vn -0.58037 0.8143 -0.00948
vn -0.47674 0.87905 0
vn -0.97024 0.24213 0
vn -0.98144 0.19083 -0.01867
vn -0.95101 0.30916 -0
vn -0.88274 0.46985 0
vn -0.90241 0.4306 -0.01561
vn -0.84324 0.53753 0
vn -0.97019 -0.24212 -0.01067
vn -0.98162 -0.19087 -0
vn -0.9979 -0.06108 -0.02173
vn -0.99813 0.0611 0
vn -0.8827 -0.46983 -0.01002
vn -0.90252 -0.43066 -0
vn -0.95101 -0.30916 -0
vn -0.74269 -0.66958 -0.00894
vn -0.76587 -0.64299 -0
vn -0.84324 -0.53753 -0
vn -0.13052 -0.99143 0.00593
vn -0.35791 -0.93373 -0.00642
vn -0.34101 -0.94006 0
vn -0.47674 -0.87905 0
vn -0.55847 -0.82949 -0.00742
vn -0.5804 -0.81433 -0
vn -0.68172 -0.73161 -0
vn -0.09269 0.70406 -0.70406
vn -0.09269 0.70406 -0.70406
vn -0.27176 0.65608 -0.70406
vn -0.25988 0.67798 -0.68761
vn -0.33716 0.62169 -0.70698
vn -0.4323 0.56339 -0.70406
vn -0.42448 0.59557 -0.68199
vn -0.4822 0.51749 -0.70689
vn -0.56339 0.43231 -0.70406
vn -0.56421 0.47368 -0.67623
vn -0.59655 0.38028 -0.70677
vn -0.65608 0.27176 -0.70406
vn -0.66974 0.31958 -0.67031
vn -0.67293 0.21876 -0.70662
vn -0.70406 0.09269 -0.70406
vn -0.73379 0.14268 -0.66423
vn -0.70645 0.04324 -0.70645
vn -0.70645 -0.04324 -0.70645
vn -0.72176 -0.09502 -0.68559
vn -0.69495 -0.13513 -0.70625
vn -0.67293 -0.21876 -0.70662
vn -0.67199 -0.27835 -0.68626
vn -0.63916 -0.30499 -0.70602
vn -0.59655 -0.38028 -0.70677
vn -0.57605 -0.44202 -0.68759
vn -0.54258 -0.45552 -0.70577
vn -0.4822 -0.51749 -0.70689
vn -0.44088 -0.57456 -0.68957
vn -0.09269 -0.70406 -0.70406
vn -0.09269 -0.70406 -0.70406
vn -0.25377 -0.66206 -0.70518
vn -0.27619 -0.66678 -0.69219
vn -0.33716 -0.62169 -0.70698
vn -0.41134 -0.57714 -0.70549
vn -0.12309 0.9924 0
vn -0.36183 0.93225 -0
vn -0.57863 0.81559 -0
vn -0.76036 0.64951 -0
vn -0.896 0.44406 -0
vn -0.97734 0.21169 -0
vn -0.99944 -0.0335 0
vn -0.96096 -0.27668 0
vn -0.68209 -0.19638 -0.7044
vn -0.68209 -0.19638 -0.7044
vn -0.7094 -0.02378 -0.7044
vn -0.7094 -0.02378 -0.7044
vn -0.69371 0.15025 -0.7044
vn -0.69372 0.15025 -0.7044
vn -0.63598 0.3152 -0.7044
vn -0.63598 0.3152 -0.7044
vn -0.5397 0.46102 -0.7044
vn -0.5397 0.46102 -0.7044
vn -0.41071 0.57891 -0.7044
vn -0.41071 0.57891 -0.7044
vn -0.25682 0.66171 -0.7044
vn -0.25682 0.66171 -0.7044
vn -0.08737 0.7044 -0.7044
vn -0.08737 0.7044 -0.7044
vn -0.35064 -0.61666 -0.70483
vn -0.35064 -0.61666 -0.70483
vn -0.4872 -0.51635 -0.70429
vn -0.4872 -0.51635 -0.70429
vn -0.60061 -0.37849 -0.70429
vn -0.60061 -0.37849 -0.70428
vn -0.6457 -0.28835 -0.70706
vn -0.6457 -0.28835 -0.70706
vn 0.99239 -0.1231 0
vn 0.93225 -0.36183 -0
vn 0.81559 -0.57862 -0
vn 0.64951 -0.76035 -0
vn 0.44405 -0.896 -0
vn 0.21169 -0.97734 -0
vn -0.03351 -0.99944 -0
vn -0.27667 -0.96096 -0
vn 0.7044 -0.08737 -0.7044
vn 0.7044 -0.08737 -0.7044
vn 0.66171 -0.25682 -0.7044
vn 0.66171 -0.25682 -0.7044
vn 0.57891 -0.41071 -0.7044
vn 0.57891 -0.41071 -0.7044
vn 0.46102 -0.5397 -0.7044
vn 0.46102 -0.5397 -0.7044
vn 0.31519 -0.63598 -0.7044
vn 0.31519 -0.63598 -0.7044
vn 0.15026 -0.69371 -0.7044
vn 0.15026 -0.69371 -0.7044
vn -0.02378 -0.7094 -0.7044
vn -0.02378 -0.7094 -0.7044
vn -0.19638 -0.68209 -0.7044
vn -0.19638 -0.68209 -0.7044
vn 0.70711 0 -0.70711
vn -0.99144 -0.13053 0
vn 0.99364 -0.11261 0
vn -0.99361 -0.11261 0.00749
vn -0.94004 -0.341 -0.00597
vn -0.93375 -0.35792 0
vn -0.82952 -0.55848 -0
vn -0.81429 -0.58037 -0.01035
vn -0.87905 -0.47674 -0
vn -0.46985 -0.88275 0
vn -0.43059 -0.90238 -0.01703
vn -0.53752 -0.84325 -0
vn -0.66961 -0.74271 -0
vn -0.64293 -0.7658 -0.01369
vn -0.73161 -0.68173 -0
vn 0 -0.99993 -0.01188
vn -0.0611 -0.99813 -0
vn -0.24213 -0.97024 -0
vn -0.19082 -0.98141 -0.02037
vn -0.30917 -0.95101 -0
vn 0.24211 -0.97018 -0.01164
vn 0.19086 -0.98162 -0
vn 0.0611 -0.99813 0
vn 0.46982 -0.88269 -0.01093
vn 0.43066 -0.90252 -0
vn 0.30917 -0.95101 0
vn 0.66958 -0.74268 -0.00975
vn 0.64299 -0.76587 -0
vn 0.53752 -0.84325 0
vn 0.99142 -0.13052 0.00647
vn 0.93373 -0.35791 -0.007
vn 0.94006 -0.34101 0
vn 0.87905 -0.47673 -0
vn 0.82949 -0.55846 -0.0081
vn 0.81433 -0.5804 -0
vn 0.73161 -0.68172 0
vn -0.70406 -0.09269 -0.70406
vn -0.70406 -0.09269 -0.70406
vn -0.65608 -0.27176 -0.70406
vn -0.67798 -0.25988 -0.68761
vn -0.62169 -0.33716 -0.70698
vn -0.56339 -0.4323 -0.70406
vn -0.59557 -0.42448 -0.682
vn -0.51748 -0.4822 -0.70689
vn -0.4323 -0.56339 -0.70406
vn -0.47369 -0.56421 -0.67623
vn -0.38027 -0.59655 -0.70677
vn -0.27176 -0.65608 -0.70406
vn -0.31958 -0.66974 -0.67031
vn -0.21877 -0.67293 -0.70662
vn -0.09269 -0.70406 -0.70406
vn -0.14267 -0.73379 -0.66423
vn -0.04325 -0.70645 -0.70645
vn 0.04325 -0.70645 -0.70645
vn 0.09502 -0.72176 -0.68559
vn 0.13512 -0.69495 -0.70625
vn 0.21877 -0.67293 -0.70662
vn 0.27835 -0.67199 -0.68626
vn 0.30499 -0.63915 -0.70602
vn 0.38027 -0.59655 -0.70677
vn 0.44202 -0.57605 -0.68759
vn 0.45553 -0.54258 -0.70577
vn 0.51749 -0.4822 -0.70689
vn 0.57456 -0.44088 -0.68957
vn 0.70406 -0.09269 -0.70406
vn 0.70406 -0.09269 -0.70406
vn 0.66206 -0.25377 -0.70518
vn 0.66678 -0.27619 -0.69219
vn 0.62169 -0.33716 -0.70698
vn 0.57714 -0.41134 -0.70549
vn 0.99576 -0.09194 0
vn 0.7056 -0.06515 -0.70561
vn 0.7056 -0.06515 -0.70561
vn 0.69515 -0.12947 -0.70711
vn 0.69515 -0.12947 -0.70711
vn 0.9831 -0.1831 0
vn 0.9831 -0.1831 0
vn 0.9831 -0.1831 0
vn 0.1153 -0.99333 0
vn 0.33976 -0.94051 -0
vn 0.54616 -0.83768 -0
vn 0.72352 -0.6903 -0
vn 0.8624 -0.50622 -0
vn 0.95543 -0.29522 -0
vn 0.67785 -0.20945 -0.70474
vn 0.67785 -0.20945 -0.70474
vn 0.61185 -0.35915 -0.70474
vn 0.61185 -0.35915 -0.70474
vn 0.51331 -0.48975 -0.70474
vn 0.51331 -0.48975 -0.70474
vn 0.38748 -0.59431 -0.70474
vn 0.38748 -0.59431 -0.70474
vn 0.24105 -0.66726 -0.70474
vn 0.24105 -0.66726 -0.70474
vn 0.0818 -0.70474 -0.70474
vn 0.0818 -0.70474 -0.70474
vn 0.11262 0.99364 0
vn 0.13053 -0.99144 0
vn 0.11261 -0.99362 0.00687
vn 0.34101 -0.94005 -0.00548
vn 0.35792 -0.93375 0
vn 0.55848 -0.82952 0
vn 0.58037 -0.8143 -0.00948
vn 0.47674 -0.87905 0
vn 0.88275 -0.46985 0
vn 0.90241 -0.4306 -0.01561
vn 0.84325 -0.53753 -0
vn 0.74271 -0.66961 0
vn 0.76581 -0.64294 -0.01255
vn 0.68172 -0.73161 0
vn 0.99994 0 -0.01089
vn 0.99813 -0.0611 -0
vn 0.97024 -0.24213 0
vn 0.98145 -0.19083 -0.01867
vn 0.95101 -0.30917 0
vn 0.97019 0.24212 -0.01067
vn 0.98162 0.19086 -0
vn 0.99813 0.0611 0
vn 0.8827 0.46983 -0.01002
vn 0.90252 0.43066 -0
vn 0.95101 0.30917 0
vn 0.74268 0.66958 -0.00894
vn 0.76587 0.64299 -0
vn 0.84325 0.53753 0
vn 0.13052 0.99143 0.00593
vn 0.35791 0.93373 -0.00642
vn 0.34101 0.94006 0
vn 0.47674 0.87905 -0
vn 0.55847 0.82949 -0.00742
vn 0.5804 0.81433 -0
vn 0.68172 0.73161 0
vn 0.09269 -0.70406 -0.70406
vn 0.09269 -0.70406 -0.70406
vn 0.27176 -0.65608 -0.70406
vn 0.25988 -0.67798 -0.68761
vn 0.33716 -0.62169 -0.70698
vn 0.4323 -0.56339 -0.70406
vn 0.42448 -0.59557 -0.682
vn 0.4822 -0.51749 -0.70689
vn 0.56339 -0.4323 -0.70406
vn 0.56421 -0.47369 -0.67623
vn 0.59655 -0.38027 -0.70677
vn 0.65608 -0.27176 -0.70406
vn 0.66974 -0.31958 -0.67031
vn 0.67293 -0.21876 -0.70662
vn 0.70406 -0.09269 -0.70406
vn 0.73379 -0.14268 -0.66423
vn 0.70645 -0.04325 -0.70645
vn 0.70645 0.04325 -0.70645
vn 0.72176 0.09502 -0.68559
vn 0.69495 0.13513 -0.70625
vn 0.67293 0.21876 -0.70662
vn 0.67199 0.27835 -0.68626
vn 0.63916 0.30499 -0.70602
vn 0.59655 0.38027 -0.70677
vn 0.57605 0.44202 -0.68759
vn 0.54258 0.45552 -0.70577
vn 0.4822 0.51749 -0.70689
vn 0.44088 0.57456 -0.68957
vn 0.09269 0.70406 -0.70406
vn 0.09269 0.70406 -0.70406
vn 0.25377 0.66206 -0.70518
vn 0.27619 0.66678 -0.69219
vn 0.33716 0.62169 -0.70698
vn 0.41134 0.57714 -0.70549
vn 0.12309 0.9924 -0
vn 0.36183 0.93225 0
vn 0.57863 0.81559 0
vn 0.76035 0.64951 0
vn 0.896 0.44406 0
vn 0.97734 0.21169 0
vn 0.99944 -0.03351 -0
vn 0.96097 -0.27667 -0
vn 0.08737 0.7044 -0.7044
vn 0.08737 0.7044 -0.7044
vn 0.25682 0.66171 -0.7044
vn 0.25682 0.66171 -0.7044
vn 0.41071 0.57891 -0.7044
vn 0.41071 0.57891 -0.7044
vn 0.5397 0.46102 -0.7044
vn 0.5397 0.46102 -0.7044
vn 0.63598 0.31519 -0.7044
vn 0.63598 0.31519 -0.7044
vn 0.69371 0.15026 -0.7044
vn 0.69371 0.15026 -0.7044
vn 0.7094 -0.02378 -0.7044
vn 0.7094 -0.02378 -0.7044
vn 0.68209 -0.19638 -0.7044
vn 0.68209 -0.19638 -0.7044
vn 0.64569 -0.28835 -0.70706
vn 0.6457 -0.28835 -0.70706
vn 0.60061 -0.37849 -0.70428
vn 0.60061 -0.37849 -0.70429
vn 0.4872 -0.51635 -0.70429
vn 0.4872 -0.51635 -0.70429
vn 0.35064 -0.61666 -0.70483
vn 0.35064 -0.61666 -0.70483
vn 0.19638 -0.68209 -0.7044
vn 0.19638 -0.68209 -0.7044
vn 0.02378 -0.7094 -0.7044
vn 0.02378 -0.7094 -0.7044
vn -0.15026 -0.69371 -0.7044
vn -0.15026 -0.69371 -0.7044
vn -0.31519 -0.63598 -0.7044
vn -0.31519 -0.63598 -0.7044
vn -0.46102 -0.5397 -0.7044
vn -0.46102 -0.5397 -0.7044
vn -0.57891 -0.41071 -0.7044
vn -0.57891 -0.41071 -0.7044
vn -0.66171 -0.25682 -0.7044
vn -0.66171 -0.25683 -0.7044
vn -0.7044 -0.08737 -0.7044
vn -0.7044 -0.08737 -0.7044
vn -0.99239 -0.1231 -0
vn -0.93225 -0.36182 0
vn -0.81559 -0.57863 0
vn -0.64951 -0.76035 0
vn -0.44406 -0.896 0
vn -0.21169 -0.97734 0
vn 0.03351 -0.99944 -0
vn 0.27667 -0.96096 -0
vn -0.91309 -0.40776 -0
vn 0.49429 -0.8693 0
vn 0.37615 -0.91258 0.16032
vn -0.24946 -0.96839 0
vn 0.24946 -0.96839 -0
vn 0.48314 -0.87554 -0
vn -0.48308 -0.87542 0.0165
vn -0.38108 -0.92454 -0
vn -0.95227 -0.30524 -0
vn -0.95681 -0.28963 0.02515
vn 0.91309 -0.40776 0
vn 0.68628 -0.72734 -0
vn 0.84602 -0.53315 -0
vn 0.94053 -0.33938 0.01473
vn 0.9566 -0.28957 -0.03269
vn 0.97585 -0.21846 0
vn -0.84602 -0.53315 0
vn -0.68628 -0.72734 0
vn -0.49429 -0.8693 0
vn -0.99145 -0.13052 0
vn -0.79335 -0.60876 0
vn -0.60876 -0.79335 0
vn -0.13053 -0.99144 0
vn 0.13053 -0.99144 0
vn 0.60876 -0.79335 0
vn 0.99144 -0.13053 0
vn 0.99144 0.13053 -0
vn 0.60876 0.79335 -0
vn 0.13053 0.99144 -0
vn -0.13053 0.99144 0
vn -0.60876 0.79335 0
vn -0.79335 0.60876 0
vn -0.99145 0.13052 0
vn 0.99144 0.13053 -0
vn 0.92388 0.38268 -0
vn 0.79335 0.60876 -0
vn 0.60876 0.79335 -0
vn 0.13053 0.99144 -0
vn -0.60876 0.79335 0
vn -0.79335 0.60876 0
vn -0.92388 0.38268 0
vn -0.99145 0.13052 0
vn -0.99145 -0.13052 0
vn -0.92388 -0.38268 0
vn -0.79335 -0.60876 0
vn -0.60876 -0.79335 0
vn -0.38268 -0.92388 0
vn 0.13053 -0.99144 0
vn 0.38268 -0.92388 0
vn 0.79335 -0.60876 0
vn 0.92388 -0.38268 0
vn 0.99144 -0.13053 0
vn 0.70711 0 -0.70711
vn 0.70711 0 0.70711
vn 0.69515 -0.12947 0.70711
vn 0.69515 -0.12947 0.70711
vn 0.7056 -0.06515 0.70561
vn 0.7056 -0.06515 0.70561
vn 0.9831 -0.1831 -0
vn 0.0818 -0.70474 0.70474
vn 0.0818 -0.70474 0.70474
vn 0.24105 -0.66726 0.70474
vn 0.24105 -0.66726 0.70474
vn 0.38748 -0.59431 0.70474
vn 0.38748 -0.59431 0.70474
vn 0.51331 -0.48975 0.70474
vn 0.51331 -0.48975 0.70474
vn 0.61185 -0.35915 0.70474
vn 0.61185 -0.35915 0.70474
vn 0.67785 -0.20945 0.70474
vn 0.67785 -0.20945 0.70474
vn 0 -0.70711 0.70711
vn 0.11262 -0.99364 0
vn 0.34101 -0.94006 0
vn 0.97024 0.24213 -0
vn 0.88275 0.46985 -0
vn 0.74271 0.66961 -0
vn 0.55848 0.82952 -0
vn 0.07988 -0.70485 0.70485
vn 0.07989 -0.70485 0.70485
vn 0.24203 -0.66721 0.70445
vn 0.24203 -0.66721 0.70445
vn 0.39638 -0.58875 0.70445
vn 0.39638 -0.58875 0.70445
vn 0.52714 -0.47526 0.70445
vn 0.52714 -0.47526 0.70445
vn 0.62653 -0.33348 0.70445
vn 0.62653 -0.33348 0.70445
vn 0.68863 -0.17185 0.70445
vn 0.68863 -0.17185 0.70445
vn 0.70975 0 0.70445
vn 0.68863 0.17185 0.70445
vn 0.68863 0.17185 0.70445
vn 0.62653 0.33348 0.70445
vn 0.62653 0.33348 0.70445
vn 0.52714 0.47526 0.70445
vn 0.52714 0.47526 0.70445
vn 0.39638 0.58875 0.70445
vn 0.39638 0.58875 0.70445
vn 0.24203 0.66721 0.70445
vn 0.24203 0.66721 0.70445
vn 0.07989 0.70485 0.70485
vn 0.07988 0.70485 0.70485
vn 0.68209 -0.19638 0.7044
vn 0.68209 -0.19638 0.7044
vn 0.7094 -0.02378 0.7044
vn 0.7094 -0.02378 0.7044
vn 0.69371 0.15026 0.7044
vn 0.69371 0.15026 0.7044
vn 0.63598 0.31519 0.7044
vn 0.63598 0.31519 0.7044
vn 0.5397 0.46102 0.7044
vn 0.5397 0.46102 0.7044
vn 0.41071 0.57891 0.7044
vn 0.41071 0.57891 0.7044
vn 0.25682 0.66171 0.7044
vn 0.25682 0.66171 0.7044
vn 0.08737 0.7044 0.7044
vn 0.08737 0.7044 0.7044
vn 0.35064 -0.61666 0.70483
vn 0.35064 -0.61666 0.70483
vn 0.4872 -0.51635 0.70429
vn 0.4872 -0.51635 0.70429
vn 0.60061 -0.37849 0.70429
vn 0.60061 -0.37849 0.70428
vn 0.64569 -0.28835 0.70706
vn 0.64569 -0.28834 0.70706
vn -0.7044 -0.08737 0.7044
vn -0.7044 -0.08737 0.7044
vn -0.66171 -0.25682 0.7044
vn -0.66171 -0.25682 0.7044
vn -0.57891 -0.41071 0.7044
vn -0.57891 -0.41071 0.7044
vn -0.46102 -0.5397 0.7044
vn -0.46102 -0.5397 0.7044
vn -0.31519 -0.63598 0.7044
vn -0.31519 -0.63598 0.7044
vn -0.15026 -0.69371 0.7044
vn -0.15026 -0.69371 0.7044
vn 0.02378 -0.7094 0.7044
vn 0.02378 -0.7094 0.7044
vn 0.19638 -0.68209 0.7044
vn 0.19638 -0.68209 0.7044
vn -0.99364 -0.11262 0
vn -0.94006 -0.34101 0
vn 0.24213 -0.97024 0
vn 0.46985 -0.88275 0
vn 0.66961 -0.74271 0
vn 0.82952 -0.55848 0
vn -0.70485 -0.07989 0.70485
vn -0.70485 -0.07988 0.70485
vn -0.66721 -0.24203 0.70445
vn -0.66721 -0.24203 0.70445
vn -0.58875 -0.39638 0.70445
vn -0.58875 -0.39638 0.70445
vn -0.47526 -0.52714 0.70445
vn -0.47526 -0.52714 0.70445
vn -0.33348 -0.62653 0.70445
vn -0.33348 -0.62653 0.70445
vn -0.17185 -0.68863 0.70445
vn -0.17185 -0.68863 0.70445
vn 0 -0.70975 0.70445
vn 0.17185 -0.68863 0.70445
vn 0.17185 -0.68863 0.70445
vn 0.33348 -0.62653 0.70445
vn 0.33348 -0.62653 0.70445
vn 0.47526 -0.52714 0.70445
vn 0.47526 -0.52714 0.70445
vn 0.58875 -0.39638 0.70445
vn 0.58875 -0.39638 0.70445
vn 0.66721 -0.24203 0.70445
vn 0.66721 -0.24203 0.70445
vn 0.70485 -0.07988 0.70485
vn 0.70485 -0.07988 0.70485
vn 0.70711 -0 0.70711
vn -0.7056 -0.06515 0.70561
vn -0.70561 -0.06515 0.7056
vn -0.69515 -0.12947 0.70711
vn -0.69515 -0.12947 0.70711
vn -0.9831 -0.1831 -0
vn -0.67784 -0.20945 0.70474
vn -0.67785 -0.20945 0.70474
vn -0.61185 -0.35915 0.70474
vn -0.61185 -0.35915 0.70474
vn -0.51331 -0.48975 0.70474
vn -0.51331 -0.48975 0.70474
vn -0.38749 -0.59431 0.70474
vn -0.38749 -0.59431 0.70474
vn -0.24105 -0.66726 0.70474
vn -0.24105 -0.66726 0.70474
vn -0.0818 -0.70474 0.70474
vn -0.0818 -0.70474 0.70474
vn -0.11262 0.99364 0
vn -0.34101 0.94006 0
vn -0.97024 -0.24213 0
vn -0.88274 -0.46985 0
vn -0.74271 -0.66961 0
vn -0.55848 -0.82952 0
vn -0.07989 0.70485 0.70485
vn -0.07988 0.70485 0.70485
vn -0.24203 0.66721 0.70445
vn -0.24203 0.66721 0.70445
vn -0.39638 0.58875 0.70445
vn -0.39638 0.58875 0.70445
vn -0.52714 0.47526 0.70445
vn -0.52714 0.47526 0.70445
vn -0.62653 0.33348 0.70445
vn -0.62653 0.33348 0.70445
vn -0.68863 0.17185 0.70445
vn -0.68863 0.17185 0.70445
vn -0.70975 0 0.70445
vn -0.68863 -0.17185 0.70445
vn -0.68863 -0.17185 0.70445
vn -0.62653 -0.33348 0.70445
vn -0.62653 -0.33348 0.70445
vn -0.52714 -0.47525 0.70445
vn -0.52714 -0.47526 0.70445
vn -0.39638 -0.58875 0.70445
vn -0.39638 -0.58875 0.70445
vn -0.24203 -0.66721 0.70445
vn -0.24203 -0.66721 0.70445
vn -0.07988 -0.70485 0.70485
vn -0.07989 -0.70485 0.70485
vn -0.08737 0.7044 0.7044
vn -0.08737 0.7044 0.7044
vn -0.25682 0.66171 0.7044
vn -0.25682 0.66171 0.7044
vn -0.41071 0.57891 0.7044
vn -0.41071 0.57891 0.7044
vn -0.5397 0.46102 0.7044
vn -0.5397 0.46102 0.7044
vn -0.63598 0.3152 0.7044
vn -0.63598 0.31519 0.7044
vn -0.69371 0.15025 0.7044
vn -0.69371 0.15025 0.7044
vn -0.7094 -0.02378 0.7044
vn -0.7094 -0.02378 0.7044
vn -0.68209 -0.19638 0.7044
vn -0.6821 -0.19638 0.7044
vn -0.6457 -0.28835 0.70706
vn -0.64569 -0.28835 0.70706
vn -0.60061 -0.37849 0.70428
vn -0.60061 -0.37849 0.70429
vn -0.4872 -0.51635 0.70429
vn -0.4872 -0.51635 0.70429
vn -0.35064 -0.61666 0.70483
vn -0.35064 -0.61666 0.70483
vn -0.19638 -0.68209 0.7044
vn -0.19638 -0.68209 0.7044
vn -0.02378 -0.7094 0.7044
vn -0.02378 -0.7094 0.7044
vn 0.15026 -0.69371 0.7044
vn 0.15026 -0.69371 0.7044
vn 0.31519 -0.63598 0.7044
vn 0.31519 -0.63598 0.7044
vn 0.46102 -0.5397 0.7044
vn 0.46102 -0.5397 0.7044
vn 0.57891 -0.41071 0.7044
vn 0.57891 -0.41071 0.7044
vn 0.66171 -0.25682 0.7044
vn 0.66171 -0.25682 0.7044
vn 0.7044 -0.08737 0.7044
vn 0.7044 -0.08737 0.7044
vn -0.37615 -0.91258 -0.16032
vn -0.48314 -0.87554 0
vn 0.38108 -0.92454 0
vn 0.48308 -0.87542 -0.0165
vn 0.9566 -0.28957 0.03269
vn 0.94053 -0.33938 -0.01473
vn -0.95711 -0.28972 -0
vn -0.95205 -0.30517 -0.02192
vn -0.7071 0 0.70711
vn -0.70711 -0.5 0.5
vn -0.70711 -0.5 0.5
vn -0.70711 -0.70711 0
vn 0 0.87416 0.48564
vn -0.99857 0.00039 -0.05352
vn 0 0.87416 -0.48564
vn -0.0001 1 -0
vn 7E-05 1 0
vn 0.99646 -0 0.08405
vn 0.04905 0 0.9988
vn 0.08405 -0.00138 0.99646
vn 0.98343 0 0.18127
vn 0.95775 -0.00122 0.2876
vn 0.95364 0 0.30096
vn 0.87662 0 0.48119
vn 0.85845 -0.00254 0.5129
vn 0.81071 0 0.58545
vn 0.74937 0 0.66215
vn 0.7071 -0.00304 0.7071
vn 0.66216 0 0.74936
vn 0.58554 0 0.81064
vn 0.5129 -0.00253 0.85845
vn 0.48129 -0 0.87656
vn 0.39302 -0 0.91953
vn 0.33689 -0.00054 0.94154
vn 0.24298 -0.00526 0.97002
vn 0.2876 -0.00123 0.95775
vn 0.18132 -0 0.98342
vn 0.13283 -0 0.99114
vn 0.08405 0 -0.99646
vn 0.9988 0 -0.04905
vn 0.99646 -0.00138 -0.08405
vn 0.18127 -0 -0.98343
vn 0.2876 -0.00122 -0.95775
vn 0.30096 0 -0.95364
vn 0.48119 -0 -0.87662
vn 0.5129 -0.00254 -0.85845
vn 0.58544 0 -0.81071
vn 0.66215 -0 -0.74937
vn 0.7071 -0.00304 -0.7071
vn 0.74936 0 -0.66216
vn 0.81064 -0 -0.58554
vn 0.85845 -0.00253 -0.5129
vn 0.87656 -0 -0.48129
vn 0.91953 0 -0.39302
vn 0.94154 -0.00054 -0.33689
vn 0.97002 -0.00526 -0.24298
vn 0.95775 -0.00123 -0.2876
vn 0.98342 -0 -0.18132
vn 0.99114 0 -0.13283
vn 0.00105 0.72294 -0.69091
vn -0.0006 0.64669 -0.76275
vn -0.00106 0.65159 -0.75857
vn -0.00013 0.62493 -0.78068
vn -6E-05 0.56885 -0.82244
vn -0.00244 0.58527 -0.81084
vn 0.00345 0.46446 -0.88559
vn -0.00264 0.26514 -0.96421
vn -0.00141 0.25506 -0.96692
vn 0.00089 0.33702 -0.9415
vn 0.00128 0.33267 -0.94304
vn -0.00111 0.39289 -0.91959
vn -1E-05 0.37655 -0.92639
vn -0.00011 0.43522 -0.90033
vn -0.00684 0.51103 -0.85953
vn 0 0.04908 -0.9988
vn 0.00398 0.01822 -0.99983
vn -0.00858 0.16894 -0.98559
vn 0.01865 0.06973 -0.99739
vn 0.00385 0.14751 -0.98905
vn -0.01111 0.77983 -0.62589
vn 0.00037 0.73517 -0.67788
vn 3E-05 0.80075 -0.599
vn -0.00155 0.82172 -0.5699
vn -0.0052 0.84734 -0.53102
vn 0.0028 0.87661 -0.4812
vn -1E-05 0.90695 -0.42124
vn -1E-05 0.91976 -0.39249
vn -0.00053 0.928 -0.37258
vn -0.00371 0.95144 -0.3078
vn 0.00138 0.96008 -0.27971
vn -0.00058 0.98725 -0.15915
vn -0.00603 0.99444 -0.10512
vn 0 0.9981 -0.06158
vn 0.78076 0.62483 -1E-05
vn 0.99879 0.04919 0
vn 0.99492 0.10048 -0.00632
vn 0.81069 0.58548 -0
vn 0.81079 0.58534 1E-05
vn 0.86897 0.49486 1E-05
vn 0.85946 0.51119 -0.00358
vn 0.90868 0.4175 0.00184
vn 0.90028 0.43532 2E-05
vn 0.91956 0.39294 2E-05
vn 0.93761 0.34768 0.00145
vn 0.95609 0.293 -0.00585
vn 0.9643 0.2648 -0.00237
vn 0.98557 0.16922 0.00267
vn 0.77885 0.62721 -0.00012
vn 0.73848 0.67427 0.00039
vn 0.75897 0.65111 -0.00397
vn 0.69592 0.71811 0.00332
vn 0.66079 0.75052 0.00928
vn 0.68166 0.73166 0.00292
vn 0.62454 0.78099 -2E-05
vn 0.59862 0.80103 -2E-05
vn 0.56959 0.82193 -0.00229
vn 0.55009 0.83509 -0.00499
vn 0.48059 0.87692 0.00642
vn 0.44344 0.89631 0
vn 0.39247 0.91977 1E-05
vn 0.39246 0.91977 1E-05
vn 0.37215 0.92817 1E-05
vn 0.31491 0.94912 -0.00236
vn 0.27843 0.96043 0.00649
vn 0.22138 0.97519 0
vn 0.18159 0.98337 0
vn 0.1453 0.98939 -0.00219
vn 0.09652 0.99528 -0.01013
vn 0.0612 0.99813 0
vn -0.00011 0.18772 0.98222
vn 0.00073 0.29271 0.9562
vn -0.00156 0.30244 0.95317
vn -0.00012 0.39317 0.91947
vn -0.00037 0.41797 0.90846
vn -0.00025 0.41544 0.90962
vn 0.0002 0.49498 0.8689
vn 0.00341 0.47607 0.8794
vn -0.00343 0.58499 0.81103
vn -0.0003 0.62711 0.77893
vn -0.00029 0.60561 0.79576
vn 0.0012 0.55585 0.83128
vn -0.00228 0.67408 0.73866
vn -0.00999 0.71739 0.6966
vn 0.00067 0.66948 0.74283
vn -0.00044 0.75144 0.6598
vn -0.00085 0.75483 0.65592
vn 0 0.99642 0.08457
vn -0.00385 0.99447 0.10494
vn -0.00021 0.98337 0.18163
vn 0.0018 0.9515 0.30763
vn -0.01901 0.97418 0.22496
vn 0.00012 0.78103 0.62449
vn -9E-05 0.83468 0.55073
vn -0.00417 0.84784 0.53024
vn 0.00101 0.89641 0.44323
vn -1E-05 0.90711 0.4209
vn -1E-05 0.91977 0.39245
vn -0.00197 0.94886 0.31568
vn -0 0.02741 0.99962
vn 0.00515 0.10062 0.99491
vn 0.00638 0.09427 0.99553
vn 0.00142 0.14993 0.98869
vn 0.02551 0.58755 0.80879
vn 0.75058 0.54172 0.37839
vn 0.73719 0.65884 0.14992
vn 0.84775 0.51814 0.11335
vn 0.10865 0.97275 0.20481
vn 0.0445 0.99558 0.08272
vn 0.38349 0.92219 0.05004
vn 0.64716 0.76068 -0.05056
vn 0.5586 0.82658 0.06878
vn 0.54768 0.83529 0.04833
vn 0.59261 0.80437 0.04251
vn 0.6705 0.73712 0.08417
vn 0.07384 0.99697 0.02438
vn 0.18887 0.97202 0.13964
vn 0.2517 0.96771 0.01325
vn 0.3655 0.9221 0.12702
vn 0.36633 0.92991 0.03261
vn 0.27974 0.96007 -0.00058
vn 0.23661 0.96758 0.08837
vn 0.17627 0.98397 0.02715
vn 0.14119 0.98981 0.01866
vn 0.25771 0.84348 0.47129
vn 0.20467 0.85255 0.4809
vn 0.15296 0.90776 0.3906
vn 0.02067 0.83641 0.54772
vn 0.00394 0.82897 0.55928
vn 0.06826 0.8996 0.43135
vn 0.09894 0.90715 0.409
vn 0.5841 0.07024 0.80864
vn 0.63114 0.09802 0.76945
vn 0.39209 0.06874 0.91735
vn 0.40492 0.31748 0.85746
vn 0.39727 0.31098 0.8634
vn 0.42097 0.19031 0.88689
vn 0.46137 0.16563 0.87161
vn 0.46927 0.08194 0.87925
vn 0.48014 0.06928 0.87445
vn 0.46326 0.59739 0.65462
vn 0.55596 0.55564 0.6182
vn 0.64844 0.55396 0.52217
vn 0.39312 0.58975 0.70544
vn 0.41915 0.5846 0.69467
vn 0.31927 0.57782 0.75113
vn 0.35721 0.5711 0.73909
vn 0.24332 0.56197 0.79056
vn 0.18011 0.11546 0.97685
vn 0.24132 0.11689 0.96338
vn 0.04878 0.10595 0.99317
vn 0.09971 0.062 0.99308
vn 0.24522 0.17913 0.95277
vn 0.21047 0.34647 0.91414
vn 0.0558 0.78522 0.6167
vn 0.06787 0.77488 0.62845
vn 0.04458 0.77781 0.62691
vn 0.14978 0.66833 0.72863
vn 0.04197 0.42082 0.90617
vn 0.04318 0.39593 0.91726
vn 0.08318 0.2963 0.95147
vn 0.24901 0.71097 0.65766
vn 0.11886 0.6989 0.70528
vn 0.22928 0.53234 0.81489
vn 0.08469 0.51924 0.85042
vn 0.16817 0.31735 0.93328
vn 0.03416 0.30914 0.9504
vn 0.06154 0.10156 0.99292
vn 0.13205 0.10798 0.98534
vn 0.16251 0.11675 0.97977
vn 0.12021 0.32882 0.93671
vn 0.24975 0.33732 0.90766
vn 0.16517 0.5424 0.82372
vn 0.2939 0.5537 0.77913
vn 0.18561 0.7174 0.67147
vn 0.25675 0.72462 0.63953
vn 0.31404 0.74356 0.59034
vn 0.31438 0.74352 0.59021
vn 0.3791 0.74748 0.54549
vn 0.47961 0.59414 0.64573
vn 0.46486 0.59749 0.65339
vn 0.99522 0.04984 0.08395
vn 0.99213 0.07374 0.10116
vn 0.98172 0.05897 0.18096
vn 0.95424 0.06015 0.29294
vn 0.95243 0.05021 0.30058
vn 0.87842 0.07974 0.47119
vn 0.6605 0.07062 0.74749
vn 0.7475 0.07062 0.66049
vn 0.7696 0.0982 0.63093
vn 0.8087 0.0704 0.58399
vn 0.8745 0.06945 0.48003
vn 0.95632 0.2751 0.09887
vn 0.91542 0.28558 0.28364
vn 0.91533 0.30303 0.26521
vn 0.83699 0.31273 0.44905
vn 0.83862 0.32263 0.43889
vn 0.73064 0.32792 0.59886
vn 0.73168 0.33125 0.59576
vn 0.63366 0.33244 0.69855
vn 0.63282 0.33164 0.69968
vn 0.56112 0.33036 0.75895
vn 0.55822 0.32774 0.76222
vn 0.48447 0.32531 0.81207
vn 0.47925 0.32079 0.81695
vn 0.50321 0.19936 0.84085
vn 0.58315 0.20102 0.7871
vn 0.62378 0.17354 0.76209
vn 0.658 0.20404 0.72485
vn 0.7581 0.20329 0.61965
vn 0.75726 0.20114 0.62137
vn 0.86604 0.19777 0.45919
vn 0.86447 0.19139 0.46482
vn 0.94177 0.18526 0.28061
vn 0.94084 0.17396 0.29079
vn 0.98174 0.16658 0.0919
vn 0.98129 0.1714 0.08775
vn 0.89062 0.44128 0.10983
vn 0.82907 0.55757 0.042
vn 0.78011 0.5772 0.24141
vn 0.71239 0.68007 0.17323
vn 0.77088 0.63094 0.08751
vn 0.70501 0.70884 0.02248
vn 0.65626 0.72691 0.20231
vn 0.59899 0.78774 0.14379
vn 0.51469 0.84004 0.17155
vn 0.5133 0.84315 0.16005
vn 0.41936 0.9054 0.06628
vn 0.44916 0.89265 -0.03777
vn 0.4471 0.87724 0.17479
vn 0.93063 0.35232 0.09894
vn 0.87828 0.47281 0.07121
vn 0.83339 0.48888 0.2578
vn 0.77335 0.60243 0.19751
vn 0.69619 0.61675 0.36733
vn 0.64681 0.69345 0.31743
vn 0.57759 0.74512 0.33345
vn 0.64762 0.54907 0.52831
vn 0.59719 0.6442 0.47787
vn 0.51155 0.64602 0.56655
vn 0.43642 0.75381 0.49122
vn 0.41247 0.75813 0.50508
vn 0.30887 0.8622 0.40152
vn 0.32482 0.85872 0.39634
vn 0.33615 0.06612 0.93948
vn 0.33882 0.06807 0.93839
vn 0.3276 0.18212 0.9271
vn 0.33433 0.18747 0.92362
vn 0.29984 0.35271 0.88639
vn 0.16567 0.29298 0.94166
vn 0.30509 0.41886 0.85527
vn 0.37294 0.42342 0.82561
vn 0.38256 0.43195 0.81674
vn 0.45112 0.43584 0.7788
vn 0.45764 0.44175 0.77163
vn 0.52665 0.44464 0.72452
vn 0.53026 0.44805 0.71977
vn 0.59833 0.44958 0.66324
vn 0.59936 0.45062 0.6616
vn 0.69426 0.44908 0.56243
vn 0.69326 0.44483 0.56703
vn 0.79931 0.43819 0.41121
vn 0.79826 0.42559 0.42621
vn 0.87703 0.41327 0.245
vn 0.00479 0.99649 0.08362
vn 0.02722 0.98397 0.17626
vn 0.07383 0.97218 0.22229
vn 0.09417 0.97475 0.20245
vn 0.04317 0.95834 0.28234
vn -0.01484 0.94799 0.31797
vn 0.0505 0.92221 0.38338
vn 0.80435 0.59037 0.06695
vn 0.76207 0.6433 0.07359
vn 0.72077 0.65633 0.22299
vn 0.64703 0.74785 0.14857
vn 0.57585 0.76053 0.29999
vn 0.49252 0.84287 0.21681
vn 0.45582 0.85643 0.2424
vn 0.35722 0.9229 0.14373
vn 0.29167 0.93627 0.19578
vn 0.19727 0.9751 0.10132
vn 0.12485 0.97675 0.17425
vn 0.02435 0.99697 0.07386
vn 0.02651 0.75384 0.65652
vn 0.0261 0.72079 0.69266
vn 0.08007 0.66382 0.74359
vn 0.14232 0.68149 0.71785
vn 0.06385 0.63207 0.77227
vn 0.95766 0.26877 0.10317
vn 0.92402 0.37581 0.07045
vn 0.87908 0.39128 0.27223
vn 0.8289 0.51355 0.22178
vn 0.75047 0.5274 0.39829
vn 0.69529 0.63159 0.34301
vn 0.59661 0.63909 0.48541
vn 0.52173 0.74768 0.41081
vn 0.50949 0.75276 0.41686
vn 0.40552 0.85893 0.31272
vn 0.3913 0.86295 0.3197
vn 0.28498 0.93448 0.21337
vn 0.21339 0.93448 0.28496
vn 0.19565 0.93628 0.29172
vn 0.14341 0.92284 0.35749
vn 0.04981 0.91429 0.40199
vn 0.16496 0.83935 0.51796
vn 0.17366 0.84328 0.50865
vn 0.1553 0.80955 0.56614
vn 0.11107 0.78535 0.60901
vn 0.19952 0.69152 0.69426
vn 0.05037 0.67691 0.73434
vn 0.16339 0.50687 0.84639
vn 0.08151 0.5013 0.86143
vn 0.07867 0.50018 0.86234
vn 0.80872 0.58767 -0.02499
vn 0.10701 0.99332 0.04328
vn 0.37876 0.54091 -0.75097
vn 0.11295 0.51827 -0.84773
vn 0.11131 0.34192 -0.93311
vn 0.20477 0.97282 -0.10812
vn 0.04884 0.92215 -0.38374
vn 0.11646 0.72945 -0.67405
vn -0.04976 0.76079 -0.64709
vn 0.14982 0.65903 -0.73705
vn 0.06912 0.82632 -0.55895
vn 0.04836 0.83507 -0.54801
vn 0.04306 0.80412 -0.59291
vn 0.05548 0.78515 -0.61682
vn 0.02371 0.99699 -0.07376
vn 0.13908 0.97211 -0.18884
vn 0.01223 0.96768 -0.25188
vn 0.12671 0.92184 -0.36627
vn 0.03167 0.92974 -0.36685
vn -0.00306 0.95984 -0.28053
vn 0.08711 0.96763 -0.23686
vn 0.00694 0.98747 -0.15768
vn 0.08013 0.99575 -0.04541
vn 0.47156 0.84327 -0.25794
vn 0.48114 0.85231 -0.20509
vn 0.39112 0.90763 -0.15244
vn 0.22259 0.97221 -0.0726
vn 0.20269 0.97482 -0.09301
vn 0.28246 0.95836 -0.04211
vn 0.54772 0.83639 -0.02112
vn 0.55964 0.82873 -0.00387
vn 0.43139 0.89958 -0.06832
vn 0.40955 0.90698 -0.09832
vn 0.38362 0.92217 -0.04929
vn 0.3182 0.94789 0.01612
vn 0.80862 0.07059 -0.58408
vn 0.76941 0.09836 -0.63114
vn 0.91734 0.06901 -0.39209
vn 0.85744 0.31748 -0.40498
vn 0.86337 0.31097 -0.39735
vn 0.88681 0.19051 -0.42104
vn 0.87155 0.16588 -0.46139
vn 0.8792 0.08222 -0.4693
vn 0.87443 0.06962 -0.48012
vn 0.65561 0.59702 -0.46233
vn 0.6186 0.55479 -0.55636
vn 0.52257 0.55311 -0.64884
vn 0.70559 0.58947 -0.39328
vn 0.69485 0.58434 -0.41919
vn 0.75126 0.57757 -0.31941
vn 0.73926 0.57088 -0.35719
vn 0.79067 0.56176 -0.24342
vn 0.97684 0.11555 -0.1801
vn 0.96337 0.11699 -0.24131
vn 0.99317 0.10595 -0.04878
vn 0.99305 0.06219 -0.0999
vn 0.9527 0.17928 -0.24538
vn 0.91415 0.34639 -0.2106
vn 0.61668 0.78521 -0.0562
vn 0.62844 0.77486 -0.06827
vn 0.6269 0.7778 -0.04498
vn 0.72838 0.66859 -0.1498
vn 0.90634 0.42045 -0.04199
vn 0.91736 0.3957 -0.0432
vn 0.95147 0.29632 -0.08312
vn 0.65723 0.71147 -0.24872
vn 0.70497 0.69933 -0.11812
vn 0.81501 0.53222 -0.22912
vn 0.85049 0.51912 -0.08468
vn 0.93328 0.31734 -0.16817
vn 0.95041 0.30913 -0.03417
vn 0.99291 0.1014 -0.06202
vn 0.98534 0.10799 -0.13205
vn 0.97973 0.11683 -0.16275
vn 0.93671 0.32877 -0.12036
vn 0.90767 0.33726 -0.24979
vn 0.82382 0.54224 -0.16523
vn 0.77928 0.55352 -0.29382
vn 0.6711 0.71794 -0.18488
vn 0.63916 0.72519 -0.25608
vn 0.58978 0.7442 -0.31356
vn 0.58973 0.74419 -0.31368
vn 0.54499 0.74817 -0.37846
vn 0.64592 0.59386 -0.47971
vn 0.65354 0.59719 -0.46502
vn 0.08395 0.04973 -0.99523
vn 0.10128 0.0738 -0.99212
vn 0.18096 0.05907 -0.98172
vn 0.29304 0.06026 -0.9542
vn 0.30058 0.05047 -0.95242
vn 0.47124 0.08001 -0.87837
vn 0.74747 0.071 -0.66049
vn 0.66048 0.071 -0.74748
vn 0.63093 0.09854 -0.76956
vn 0.58398 0.07075 -0.80868
vn 0.48001 0.06979 -0.87448
vn 0.09906 0.27523 -0.95626
vn 0.2837 0.28567 -0.91537
vn 0.26532 0.30309 -0.91528
vn 0.44909 0.31275 -0.83696
vn 0.43896 0.32264 -0.83858
vn 0.59888 0.3279 -0.73063
vn 0.59578 0.33123 -0.73166
vn 0.69854 0.33242 -0.63367
vn 0.69967 0.33162 -0.63284
vn 0.75893 0.33035 -0.56115
vn 0.76221 0.32772 -0.55825
vn 0.81205 0.3253 -0.48452
vn 0.81693 0.32077 -0.47931
vn 0.84078 0.19962 -0.50324
vn 0.78704 0.20128 -0.58315
vn 0.76204 0.17383 -0.62376
vn 0.72479 0.20431 -0.65797
vn 0.61962 0.20356 -0.75804
vn 0.62136 0.2014 -0.7572
vn 0.4592 0.19802 -0.86598
vn 0.46489 0.19158 -0.86439
vn 0.28067 0.18544 -0.94172
vn 0.29095 0.17404 -0.94077
vn 0.09199 0.16664 -0.98172
vn 0.0878 0.17151 -0.98126
vn 0.10956 0.44117 -0.89071
vn 0.04144 0.55774 -0.82898
vn 0.24103 0.57743 -0.78005
vn 0.17238 0.68079 -0.71191
vn 0.08742 0.63105 -0.7708
vn 0.02231 0.70905 -0.7048
vn 0.20229 0.72713 -0.65601
vn 0.14408 0.78769 -0.59899
vn 0.1718 0.83983 -0.51494
vn 0.1603 0.84295 -0.51356
vn 0.06653 0.90526 -0.41961
vn -0.03752 0.89253 -0.44942
vn 0.17374 0.8773 -0.44739
vn 0.08888 0.39782 -0.91315
vn 0.07134 0.47233 -0.87853
vn 0.25783 0.48842 -0.83365
vn 0.19699 0.60273 -0.77325
vn 0.36699 0.61709 -0.69607
vn 0.31671 0.69422 -0.64634
vn 0.33257 0.74578 -0.57723
vn 0.52866 0.54827 -0.64801
vn 0.47758 0.64461 -0.59699
vn 0.56632 0.64643 -0.51128
vn 0.49066 0.75454 -0.4358
vn 0.50447 0.75885 -0.41189
vn 0.40181 0.86193 -0.30923
vn 0.39665 0.85847 -0.32512
vn 0.06645 0.5905 -0.8043
vn 0.07308 0.64379 -0.76171
vn 0.2226 0.65684 -0.72043
vn 0.14827 0.74819 -0.64671
vn 0.29978 0.76088 -0.5755
vn 0.21719 0.84266 -0.4927
vn 0.2427 0.85617 -0.45614
vn 0.14413 0.92267 -0.35763
vn 0.196 0.93601 -0.29234
vn 0.10079 0.97516 -0.19723
vn 0.17424 0.97683 -0.12429
vn 0.07379 0.99699 -0.02369
vn 0.93947 0.06633 -0.33615
vn 0.93834 0.06834 -0.33889
vn 0.92705 0.18227 -0.32765
vn 0.92354 0.18767 -0.33444
vn 0.88639 0.35262 -0.29994
vn 0.94154 0.29306 -0.16616
vn 0.85538 0.41851 -0.30525
vn 0.8257 0.42307 -0.37313
vn 0.81685 0.43158 -0.38274
vn 0.7789 0.43547 -0.45131
vn 0.77175 0.44136 -0.45782
vn 0.72464 0.44425 -0.52682
vn 0.7199 0.44765 -0.53043
vn 0.66337 0.44918 -0.59848
vn 0.66174 0.45021 -0.59951
vn 0.56259 0.44868 -0.69439
vn 0.56718 0.44444 -0.69339
vn 0.4114 0.43781 -0.79942
vn 0.42635 0.42526 -0.79836
vn 0.24522 0.41295 -0.87712
vn 0.65648 0.75386 -0.02697
vn 0.6926 0.72084 -0.02648
vn 0.74334 0.6641 -0.08018
vn 0.71803 0.6815 -0.14143
vn 0.7723 0.6321 -0.06321
vn 0.10319 0.26914 -0.95756
vn 0.07067 0.37561 -0.92408
vn 0.27233 0.39106 -0.87915
vn 0.22207 0.51287 -0.82924
vn 0.39851 0.52673 -0.75083
vn 0.34261 0.63197 -0.69515
vn 0.48513 0.63948 -0.59641
vn 0.41021 0.74837 -0.52122
vn 0.41628 0.75349 -0.50888
vn 0.31306 0.85867 -0.4058
vn 0.32002 0.86267 -0.39164
vn 0.21391 0.9342 -0.28552
vn 0.28551 0.9342 -0.21393
vn 0.29239 0.93603 -0.19587
vn 0.35792 0.92261 -0.1438
vn 0.40242 0.91408 -0.05021
vn 0.51822 0.83914 -0.1652
vn 0.50891 0.84307 -0.17391
vn 0.56617 0.80947 -0.1556
vn 0.609 0.78531 -0.1114
vn 0.69391 0.69191 -0.19938
vn 0.7341 0.67722 -0.04966
vn 0.84648 0.5068 -0.16317
vn 0.8615 0.50122 -0.08123
vn 0.86245 0.50006 -0.07829
vn -0.19995 -0.00297 -0.9798
vn -0.23928 -0.0057 -0.97093
vn -0.19971 0.00484 -0.97984
vn -0.20582 -0.00775 -0.97856
vn -0.19474 -0 -0.98086
vn -0.21207 -0.00037 -0.97725
vn -0.22934 0 -0.97335
vn -0.65029 0.00083 -0.75969
vn -0.32854 -0 -0.94449
vn -0.33087 -0.0001 -0.94368
vn -0.46449 -0.00016 -0.88558
vn -0.51969 -0.00171 -0.85435
vn -0.56791 -6E-05 -0.82309
vn -0.65267 -3E-05 -0.75764
vn -0.63379 -0.0005 -0.7735
vn -0.73049 0.00079 -0.68292
vn -0.69707 -0.00122 -0.717
vn -0.76607 -2E-05 -0.64275
vn -0.79314 -0.00022 -0.60904
vn -0.83842 0.00052 -0.54503
vn -0.87328 0.00245 -0.48721
vn -0.89387 0.00415 -0.44831
vn -0.79948 -0.0045 -0.60067
vn -0.90876 0.0045 -0.4173
vn -0.95564 6E-05 -0.29455
vn -0.92419 -0.00015 -0.38193
vn -0.92651 -6E-05 -0.37628
vn -0.88555 -9E-05 -0.46455
vn -0.83157 -0.00308 -0.55541
vn -0.99896 0 -0.04559
vn -0.99823 0.00025 -0.05939
vn -0.99087 -0.00022 -0.13479
vn -0.98906 -6E-05 -0.14749
vn -0.97772 -5E-05 -0.20992
vn -0.98274 -0.0004 -0.18498
vn -0.96086 0.00055 -0.27705
vn -0.22124 0 0.97522
vn -0.21175 -0.00566 0.97731
vn -0.2224 0.01034 0.9749
vn -0.24019 0 0.97073
vn -0.20366 -0.00084 0.97904
vn -0.20635 -0.00239 0.97848
vn -0.21337 -0.00772 0.97694
vn -0.13766 0 0.99048
vn -0.09194 -0.00042 0.99576
vn -0.04602 0 0.99894
vn -0.13766 0.00422 0.99047
vn -0.21801 0.01409 0.97585
vn -0.00263 0.10794 0.99415
vn -0.12549 0.0635 0.99006
vn -0.16405 0.0455 0.9854
vn -0.02254 0.17469 0.98436
vn -0.07928 0.10841 0.99094
vn -0.04601 0.02203 0.9987
vn -0.13758 0.04247 0.98958
vn -0.045 0.13609 0.98967
vn -0.08004 0.10667 0.99107
vn -0.13098 0.04329 0.99044
vn 0.14896 0.16771 0.97452
vn -0.11841 0.02197 0.99272
vn -0.13429 0.57147 0.80956
vn -0.80978 0.43281 0.39615
vn -0.95206 0.20127 0.23037
vn -0.99613 0.05037 0.07198
vn -0.30037 0.70621 0.64112
vn -0.40585 0.36921 0.83604
vn -0.53241 0.07037 0.84356
vn -0.6405 0.06538 0.76517
vn -0.72196 0.02538 0.69147
vn -0.6369 0.07798 0.767
vn -0.6374 0.07728 0.76665
vn -0.5743 0.12861 0.80848
vn -0.50802 0.20153 0.83744
vn -0.4548 0.10632 0.88422
vn -0.34355 0.20905 0.91557
vn -0.50048 0.01663 0.86559
vn -0.3876 0.07455 0.91881
vn -0.42605 0.0397 0.90383
vn -0.37791 0.06977 0.92321
vn -0.31326 0.13603 0.93987
vn -0.17593 0.12771 0.97608
vn -0.25554 0.04922 0.96554
vn -0.21134 0.10583 0.97167
vn -0.32094 -0.01528 0.94698
vn -0.26947 0.08015 0.95967
vn -0.08482 0.3817 0.92039
vn -0.66168 0.56689 0.49073
vn -0.47674 0.64263 0.59979
vn -0.53491 0.50037 0.68081
vn -0.56666 0.59957 0.56516
vn -0.62728 0.53652 0.56451
vn -0.61655 0.4828 0.62191
vn -0.43683 0.66206 0.60898
vn -0.3958 0.67579 0.62181
vn -0.27216 0.72299 0.63499
vn -0.1811 0.73585 0.65248
vn -0.08844 0.74741 0.65845
vn -0.08391 0.74889 0.65736
vn -0.217 0.55626 0.80218
vn -0.36221 0.48775 0.79429
vn -0.34636 0.50197 0.7925
vn -0.50176 0.40361 0.76507
vn -0.47297 0.43608 0.76559
vn -0.4577 0.54877 0.69955
vn -0.3917 0.57447 0.71871
vn -0.37703 0.58389 0.71897
vn -0.24469 0.63812 0.73002
vn -0.25375 0.63227 0.73201
vn 0.03666 0.69696 0.71618
vn -0.08913 0.6541 0.75114
vn -0.98257 0.11695 0.14448
vn -0.9469 0.13423 0.29218
vn -0.93597 -0.01192 0.35188
vn -0.87485 0.34018 0.34485
vn -0.86139 0.37424 0.34344
vn -0.85377 0.30892 0.41909
vn -0.74835 0.48902 0.44814
vn -0.75345 0.48138 0.44787
vn -0.74691 0.42866 0.50831
vn -0.7274 0.46636 0.50339
vn -0.71319 0.39565 0.57864
vn -0.92303 0.10922 0.36889
vn -0.9073 0.056 0.41674
vn -0.87922 0.05313 0.47345
vn -0.83811 0.07617 0.54015
vn -0.83894 0.04488 0.54237
vn -0.86986 0.05289 0.49045
vn -0.87944 0.0788 0.46944
vn -0.79708 0.08392 0.59801
vn -0.78036 0.04631 0.62362
vn -0.59333 0.22403 0.77315
vn -0.54916 0.13742 0.82434
vn -0.42622 0.25519 0.86788
vn -0.37739 0.16794 0.9107
vn -0.29665 0.23277 0.92618
vn -0.23048 0.26373 0.93666
vn -0.207 0.2856 0.93573
vn -0.80904 0.01022 0.58766
vn -0.74716 0.12331 0.6531
vn -0.76898 0.17491 0.61487
vn -0.78378 0.11435 0.61042
vn -0.81321 0.18953 0.55025
vn -0.82716 0.1279 0.54722
vn -0.85354 0.20588 0.47863
vn -0.99302 0.06509 0.09832
vn -0.98823 0.01904 0.15175
vn -0.96927 0.08886 0.22938
vn -0.9562 0.02992 0.29118
vn -0.88877 0.22361 0.40011
vn -0.86691 0.14377 0.47729
vn -0.76618 0.30552 0.56536
vn -0.74808 0.25054 0.61449
vn -0.67362 0.27714 0.68514
vn -0.68112 0.25778 0.68529
vn -0.6493 0.18544 0.73758
vn -0.67059 0.15874 0.72465
vn -0.67371 0.14907 0.72381
vn -0.74508 0.03906 0.66583
vn -0.74293 0.0677 0.66594
vn -0.93949 0.2569 0.22663
vn -0.93124 0.17893 0.31744
vn -0.83582 0.35879 0.41554
vn -0.82071 0.28269 0.49651
vn -0.69501 0.43239 0.57446
vn -0.67583 0.36329 0.6413
vn -0.43572 0.54823 0.71386
vn -0.53457 0.5005 0.68099
vn -0.55597 0.606 0.56891
vn -0.54392 0.61474 0.57118
vn -0.10341 0.3448 0.93296
vn 0.04769 0.31542 0.94775
vn -0.08916 0.25874 0.96182
vn -0.62105 0.0296 0.78321
vn -0.54686 0.03988 0.83627
vn -0.5339 0.05639 0.84367
vn -0.46799 0.10866 0.87703
vn -0.41195 0.16668 0.89583
vn -0.35792 0.07788 0.9305
vn -0.29797 0.13398 0.94513
vn -0.02485 0.29193 0.95612
vn -0.17557 0.17336 0.96908
vn -0.14569 0.19016 0.97088
vn -0.10766 0.21562 0.97052
vn -0.43142 0.34048 0.83543
vn -0.29712 0.42756 0.85376
vn -0.30922 0.41636 0.855
vn -0.18628 0.47901 0.85782
vn -0.05737 0.56963 0.81989
vn -0.09182 0.55883 0.82418
vn -0.29312 0.45265 0.84213
vn -0.97732 0.13446 0.16362
vn -0.97056 0.07929 0.22742
vn -0.91776 0.24177 0.31507
vn -0.90196 0.16121 0.4006
vn -0.80356 0.33189 0.49411
vn -0.78289 0.257 0.5666
vn -0.6587 0.39895 0.63793
vn -0.63181 0.32131 0.70539
vn -0.58373 0.3479 0.73364
vn -0.54902 0.26836 0.79156
vn -0.50218 0.29354 0.81342
vn -0.46024 0.21101 0.86236
vn -0.36504 0.28816 0.88528
vn -0.33494 0.30125 0.89279
vn -0.25869 0.35127 0.89983
vn -0.246 0.35553 0.90171
vn -0.1501 0.40716 0.90094
vn -0.10487 0.41765 0.90253
vn -0.04179 0.46066 0.88659
vn -0.08361 0.94817 0.30656
vn -0.08359 0.991 0.10458
vn -0.99642 0.07166 0.04481
vn -0.99642 0.08405 0.00887
vn -0.99642 0.08405 0.00887
vn -0.97672 0.21334 0.02251
vn -0.95751 0.28585 0.03822
vn -0.85754 0.51069 0.06186
vn -0.89084 0.45181 0.04768
vn -0.94268 0.33184 0.03502
vn -0.70553 0.70392 0.08201
vn -0.74755 0.66054 0.0697
vn -0.82795 0.5577 0.05885
vn -0.51113 0.85396 0.09747
vn -0.55655 0.82623 0.08719
vn -0.66009 0.74703 0.07883
vn -0.0836 0.991 0.10457
vn -0.21227 0.97182 0.10255
vn -0.28633 0.9521 0.10735
vn -0.33041 0.93863 0.09905
vn -0.45033 0.88793 0.0937
vn -0.08358 0.84488 0.52838
vn -0.08359 0.84488 0.52838
vn -0.18047 0.83393 0.52153
vn -0.28623 0.81393 0.50556
vn -0.51109 0.73208 0.45038
vn -0.436 0.76302 0.47719
vn -0.29959 0.8089 0.50588
vn -0.70553 0.60489 0.36923
vn -0.66007 0.63691 0.39832
vn -0.54317 0.71187 0.4452
vn -0.85748 0.4397 0.26719
vn -0.80906 0.4983 0.31163
vn -0.74752 0.56317 0.3522
vn -0.99642 0.07166 0.04481
vn -0.98325 0.15454 0.09665
vn -0.95741 0.24664 0.15015
vn -0.95315 0.25647 0.16039
vn -0.8754 0.40985 0.25632
vn -0.08404 0.9039 0.41941
vn -0.19758 0.92675 0.31952
vn -0.28565 0.906 0.31236
vn -0.28565 0.906 0.31236
vn -0.51009 0.81315 0.28035
vn -0.51009 0.81315 0.28035
vn -0.70448 0.67097 0.23133
vn -0.70448 0.67097 0.23133
vn -0.85676 0.48755 0.16809
vn -0.85676 0.48754 0.16809
vn -0.95716 0.27375 0.09438
vn -0.95716 0.27375 0.09438
vn -0.99641 0.08005 0.0276
vn -0.99641 0.08005 0.0276
vn -0.08406 0.99646 0
vn -0.21339 0.97697 0
vn -0.33204 0.94326 0
vn -0.45232 0.89186 0
vn -0.55868 0.82939 0
vn -0.66216 0.74937 0
vn -0.74937 0.66215 0
vn -0.82939 0.55867 0
vn -0.89185 0.45233 0
vn -0.94326 0.33205 0
vn -0.97697 0.2134 0
vn -0.99646 0.08405 0
vn -0.99642 0.08405 -0.00888
vn -0.99642 0.07161 -0.04488
vn -0.99642 0.07161 -0.04488
vn -0.98325 0.15445 -0.09679
vn -0.9574 0.2465 -0.15039
vn -0.96928 0.21562 -0.11834
vn -0.85748 0.43945 -0.26761
vn -0.8754 0.40961 -0.2567
vn -0.93709 0.29579 -0.18537
vn -0.70553 0.60454 -0.36981
vn -0.74752 0.56285 -0.35273
vn -0.80905 0.49802 -0.3121
vn -0.51108 0.73159 -0.45118
vn -0.58358 0.6881 -0.43123
vn -0.66006 0.63654 -0.39891
vn -0.08359 0.84439 -0.52917
vn -0.18045 0.83344 -0.52231
vn -0.28622 0.81346 -0.50633
vn -0.29959 0.80843 -0.50664
vn -0.47944 0.74362 -0.46602
vn -0.22083 0.92796 -0.3002
vn -0.08404 0.90374 -0.41975
vn -0.08359 0.84439 -0.52917
vn -0.21227 0.9718 -0.10272
vn -0.28633 0.95208 -0.1075
vn -0.51113 0.85394 -0.09761
vn -0.45032 0.88792 -0.09385
vn -0.3304 0.93861 -0.09921
vn -0.70552 0.70391 -0.08212
vn -0.66009 0.74703 -0.07896
vn -0.55654 0.82622 -0.08733
vn -0.85753 0.51069 -0.06194
vn -0.82795 0.5577 -0.05895
vn -0.74754 0.66054 -0.06982
vn -0.99642 0.08405 -0.00888
vn -0.97672 0.21334 -0.02255
vn -0.95751 0.28585 -0.03825
vn -0.94268 0.33184 -0.03508
vn -0.89083 0.45181 -0.04776
vn -0.99641 0.08004 -0.02764
vn -0.99641 0.08004 -0.02764
vn -0.95716 0.27371 -0.09454
vn -0.95716 0.27371 -0.09454
vn -0.85676 0.48746 -0.16837
vn -0.85676 0.48746 -0.16837
vn -0.70447 0.67085 -0.23171
vn -0.70447 0.67085 -0.23171
vn -0.51009 0.813 -0.2808
vn -0.51009 0.81299 -0.2808
vn -0.28563 0.90583 -0.31287
vn -0.28564 0.90583 -0.31287
vn -0.08342 0.94191 -0.32533
vn -0.08358 0.99098 -0.10475
vn -0.08359 0.99098 -0.10475
vn -0.08373 0.72722 -0.68128
vn -0.62325 0.06032 -0.7797
vn -0.48123 0.66907 -0.56636
vn -0.58512 0.6092 -0.53527
vn -0.98249 0.11553 -0.14619
vn -0.91821 0.02256 -0.39545
vn -0.73008 0.12258 -0.67228
vn -0.86002 0.06968 -0.50548
vn -0.73374 0.11671 -0.66933
vn -0.99579 0.04338 -0.0808
vn -0.99534 0.0461 -0.08473
vn -0.98545 0.03535 -0.16628
vn -0.87518 0.16791 -0.45373
vn -0.83599 0.2556 -0.48559
vn -0.90939 0.10604 -0.40221
vn -0.87451 0.20499 -0.43957
vn -0.93691 0.04183 -0.34706
vn -0.90805 0.15261 -0.39007
vn -0.95723 -0.02481 -0.28825
vn -0.92825 0.12988 -0.34854
vn -0.77879 0.01673 -0.62706
vn -0.74796 0.07192 -0.65983
vn -0.67359 0.15939 -0.72171
vn -0.70426 0.10711 -0.70181
vn -0.64508 0.18418 -0.74158
vn -0.78764 0.28533 -0.54609
vn -0.74441 0.35184 -0.56751
vn -0.68255 0.27053 -0.67893
vn -0.70543 0.23711 -0.66794
vn -0.65594 0.29276 -0.69572
vn -0.6913 0.39755 -0.60337
vn -0.7343 0.34121 -0.58684
vn -0.93303 0.21029 -0.29194
vn -0.90043 0.29422 -0.32042
vn -0.9649 0.12657 -0.23009
vn -0.93479 0.23428 -0.26699
vn -0.93994 0.22101 -0.26013
vn -0.95935 0.14003 -0.24502
vn -0.97647 0.06572 -0.2054
vn -0.97608 0.04913 -0.21181
vn -0.50375 0.40977 -0.76048
vn -0.53704 0.50804 -0.67341
vn -0.57078 0.47102 -0.67257
vn -0.58816 0.54859 -0.59423
vn -0.448 0.63233 -0.63202
vn -0.45236 0.66987 -0.58876
vn -0.17943 0.10516 -0.97813
vn 0.10016 0.33514 -0.93683
vn -0.1408 0.18338 -0.97291
vn -0.06868 0.21923 -0.97325
vn -0.12067 0.19749 -0.97285
vn -0.08686 0.26202 -0.96115
vn -0.14616 0.3596 -0.92159
vn -0.13218 0.36857 -0.92016
vn -0.20529 0.51302 -0.83347
vn -0.13601 0.18723 -0.97286
vn -0.21805 0.32262 -0.92107
vn -0.2369 0.30838 -0.92129
vn -0.29349 0.41974 -0.85889
vn 0.05489 0.56724 -0.82172
vn -0.24292 0.05897 -0.96825
vn -0.34659 -0.02432 -0.9377
vn -0.36716 0.12205 -0.92212
vn -0.64293 0.08583 -0.7611
vn -0.46858 0.12472 -0.87457
vn -0.61427 0.58304 -0.53173
vn -0.60987 0.54568 -0.57472
vn -0.69289 0.47684 -0.54086
vn -0.67432 0.39529 -0.62373
vn -0.63313 0.44165 -0.63568
vn -0.59617 0.33351 -0.73031
vn -0.58198 0.3494 -0.73431
vn -0.54554 0.26591 -0.79478
vn -0.58897 0.22278 -0.77684
vn -0.54406 0.13483 -0.82814
vn -0.50183 0.19973 -0.84159
vn -0.45432 0.11418 -0.88349
vn -0.51921 0.0428 -0.85357
vn -0.57712 0.147 -0.80332
vn -0.66893 0.02204 -0.743
vn -0.69199 0.03104 -0.72124
vn -0.75818 0.01566 -0.65185
vn -0.72547 0.13396 -0.67509
vn -0.22954 0.07342 -0.97053
vn -0.27221 0.1379 -0.95231
vn -0.22482 0.17611 -0.95835
vn -0.2677 0.24684 -0.93135
vn -0.13958 0.37031 -0.91836
vn -0.36157 0.28366 -0.88815
vn -0.39907 0.35771 -0.84427
vn -0.30931 0.41506 -0.8556
vn -0.34369 0.49371 -0.79883
vn -0.21819 0.55198 -0.8048
vn -0.24655 0.6346 -0.73246
vn -0.25446 0.6295 -0.73415
vn -0.27173 0.71296 -0.64641
vn -0.18108 0.73457 -0.65392
vn -0.82808 0.00547 -0.56059
vn -0.857 0.07522 -0.50979
vn -0.82928 0.13406 -0.54251
vn -0.86651 0.0283 -0.49836
vn -0.79258 0.17666 -0.58361
vn -0.8335 0.08273 -0.54629
vn -0.75244 0.21831 -0.62143
vn -0.79556 0.13561 -0.59051
vn -0.75638 0.1957 -0.62417
vn -0.79261 0.30454 -0.52823
vn -0.83457 0.22761 -0.50169
vn -0.85929 0.34843 -0.37445
vn -0.81366 0.4216 -0.40025
vn -0.87156 0.31097 -0.37905
vn -0.75868 0.4607 -0.46061
vn -0.80633 0.39504 -0.4402
vn -0.79827 0.4055 -0.44535
vn -0.74825 0.48696 -0.45054
vn -0.66162 0.56493 -0.49306
vn 0.02508 0.75189 -0.65881
vn -0.22332 0.59287 -0.77371
vn 0.02845 0.69421 -0.71921
vn -0.19974 0.50762 -0.8381
vn -0.14592 0.53568 -0.83172
vn -0.00019 0.46324 -0.88623
vn -0.22454 0.32192 -0.91976
vn -0.05014 0.35577 -0.93323
vn -0.0282 0.31963 -0.94712
vn -0.30102 0.73579 -0.60663
vn -0.20714 0.71373 -0.66909
vn -0.43242 0.63189 -0.64322
vn -0.4171 0.56092 -0.71512
vn -0.39506 0.57945 -0.71285
vn -0.36397 0.48846 -0.79305
vn -0.46729 0.42417 -0.7757
vn -0.43226 0.34409 -0.83352
vn -0.49854 0.2912 -0.81649
vn -0.45587 0.20741 -0.86554
vn -0.42112 0.25204 -0.87128
vn -0.37208 0.16444 -0.91352
vn -0.36423 0.17399 -0.91491
vn -0.32666 0.112 -0.93848
vn -0.40907 0.02613 -0.91213
vn -0.42068 0.00858 -0.90717
vn -0.53711 0.0425 -0.84244
vn -0.53877 0.04091 -0.84146
vn -0.61352 0.03062 -0.78908
vn -0.13332 0.00526 -0.99106
vn -0.0954 0.03422 -0.99485
vn -0.13812 0.05256 -0.98902
vn -0.21208 0.01951 -0.97706
vn -0.04455 0.01431 -0.9989
vn -0.09872 0.03775 -0.9944
vn -0.00761 0.14169 -0.98988
vn -0.15499 0.03672 -0.98723
vn -0.05428 0.07332 -0.99583
vn 0.1383 0.15735 -0.97781
vn -0.12704 0.05414 -0.99042
vn -0.04456 -0 -0.99901
vn -0.08903 -0.0004 -0.99603
vn -0.13332 0 -0.99107
vn -0.44519 0.0029 0.89543
vn -0.82443 -0.0003 0.56596
vn -0.9264 -0.00015 0.37653
vn -0.92458 -0.00513 0.38095
vn -0.9761 0.00377 0.21728
vn -0.95216 0.0008 0.30561
vn -0.99888 0 0.04723
vn -0.99987 0.00064 0.01591
vn -0.99 -0.00111 0.14104
vn -0.99467 0.00018 0.10313
vn -0.97565 -0.00026 0.21935
vn -0.95189 -0.00179 0.30643
vn -0.87355 0.00225 0.48672
vn -0.8687 -0.00125 0.49533
vn -0.88843 -0.00053 0.45901
vn -0.90582 -0.00016 0.42366
vn -0.90048 0.00449 0.43487
vn -0.80471 -0.0055 0.59364
vn -0.83615 -0.00297 0.54849
vn -0.64299 -0.00469 0.76586
vn -0.68271 -0.00245 0.73068
vn -0.73601 -0.0005 0.67697
vn -0.77804 -5E-05 0.62822
vn -0.42582 0.02515 0.90446
vn -0.44875 -0.00503 0.89364
vn -0.72864 0.00141 0.68489
vn -0.64699 -7E-05 0.7625
vn -0.58241 -5E-05 0.81289
vn -0.51409 -0.00211 0.85773
vn -0.60004 0.00588 0.79995
vn -0.54919 0.00293 0.83569
vn -0.50465 0.00131 0.86332
vn -0.457 0.00011 0.88947
vn -0.34223 -0.00044 0.93962
vn -0.33028 0 0.94388
vn -0.669 -0.06316 0.74057
vn -0.73655 -0.03714 0.67536
vn -0.96157 -0.21916 0.16536
vn -0.84385 -0.53658 0
vn -0.60125 -0.7933 0.09581
vn -0.63943 -0.76719 0.05043
vn -0.72249 -0.68201 0.11343
vn -0.83793 -0.51355 0.18479
vn -0.99927 -0.03814 -1E-05
vn -0.88808 0.45969 -0.00045
vn -0.94154 0.33687 0.00448
vn -0.98564 0.16842 0.01182
vn -0.88516 0.46528 -0.0024
vn -0.99343 -0.11332 0.01583
vn -0.99948 -0.03215 -0
vn -0.92666 -0.37227 0.05214
vn -0.96978 -0.24396 -0
vn -0.88208 -0.46768 0.05672
vn -0.91428 -0.40508 -0
vn -0.91236 -0.38643 0.13519
vn -0.90288 -0.3992 0.15952
vn -0.91934 -0.34487 0.18941
vn -0.91059 -0.33087 0.24768
vn -0.91162 -0.32505 0.25158
vn -0.86962 -0.48316 0.10155
vn -0.94886 -0.30416 0.08461
vn -0.92449 -0.36764 0.10082
vn -0.97765 -0.18863 0.09282
vn -0.9856 -0.14558 0.08598
vn -0.98123 -0.18507 0.0542
vn -0.99859 -0.03138 0.04274
vn -0.99736 -0.07052 0.01703
vn -0.80521 0.59296 -0.00584
vn -0.76248 -0.58244 0.28177
vn -0.74908 -0.62629 0.21598
vn -0.75967 -0.61153 0.22121
vn -0.89848 -0.30689 0.31393
vn -0.8847 -0.31675 0.34202
vn -0.87389 -0.18479 0.44964
vn -0.99923 -0.03936 2E-05
vn -0.68664 -0.72429 0.06262
vn -0.31977 -0.94743 0.01076
vn -0.28192 -0.95909 0.02599
vn -0.20736 -0.97824 0.00682
vn -0.15164 -0.98834 0.01385
vn -0.13865 -0.99033 0.00475
vn -0.09572 -0.99537 0.00878
vn -0.09383 -0.99558 0.00504
vn -0.07287 -0.99732 0.00668
vn -0.08266 -0.99465 0.06195
vn -0.37029 -0.9283 0.03394
vn -0.4336 -0.89643 0.09167
vn -0.64327 -0.76336 0.05896
vn -0.82418 -0.52898 0.20228
vn -0.95162 -0.29463 0.08723
vn -0.96113 -0.22089 0.16563
vn -0.98835 -0.1223 0.0906
vn -0.96867 -0.12257 0.21599
vn -0.78453 -0.5294 0.32286
vn -0.83073 -0.4219 0.36316
vn -0.74737 -0.55919 0.35882
vn -0.82539 -0.32689 0.4603
vn -0.76967 -0.45223 0.45065
vn -0.80773 -0.22189 0.5462
vn -0.77408 -0.33687 0.53601
vn -0.78124 -0.2057 0.58937
vn -0.74395 -0.05442 0.66602
vn -0.75529 -0.1376 0.64078
vn -0.73267 -0.16149 0.66114
vn -0.75492 -0.27811 0.59393
vn -0.76826 -0.15378 0.62139
vn -0.78513 -0.36997 0.49668
vn -0.81867 -0.23365 0.52458
vn -0.79806 -0.45706 0.39268
vn -0.81686 -0.551 0.17071
vn -0.84025 -0.48425 0.24388
vn -0.82406 -0.51852 0.22817
vn -0.83918 -0.45261 0.30153
vn -0.82718 -0.48427 0.28507
vn -0.83476 -0.41858 0.35771
vn -0.85731 -0.30297 0.41621
vn -0.8562 -0.30499 0.41702
vn -0.83372 -0.20504 0.51272
vn -0.79468 -0.20394 0.57175
vn -0.76954 -0.15139 0.62039
vn -0.68914 -0.09506 0.71837
vn -0.72457 -0.14327 0.67414
vn -0.69224 -0.09587 0.71527
vn -0.68485 -0.1089 0.7205
vn -0.65161 -0.0238 0.75818
vn -0.65466 -0.11254 0.7475
vn -0.91103 -0.40396 0.08268
vn -0.92295 -0.37708 0.07732
vn -0.96594 -0.24582 0.08085
vn -0.96222 -0.25847 0.08564
vn -0.9891 -0.12014 0.08509
vn -0.99572 -0.0911 0.01568
vn -0.93683 -0.19573 0.2899
vn -0.97326 -0.08413 0.21374
vn -0.99106 -0.08646 0.10161
vn -0.28384 -0.95887 0
vn -0.36876 -0.92907 0.02927
vn -0.36984 -0.92863 0.02931
vn -0.44301 -0.89589 0.03355
vn -0.44784 -0.89357 0.0311
vn -0.60322 -0.79676 0.03617
vn -0.55533 -0.82933 0.0618
vn -0.72961 -0.68361 0.01854
vn -0.68874 -0.72303 0.05352
vn -0.83081 -0.55316 0.06144
vn -0.82421 -0.56245 0.06582
vn -0.88784 -0.45478 0.07009
vn -0.39967 -0.91431 0.06563
vn -0.56278 -0.82661 0
vn -0.56447 -0.82435 0.04276
vn -0.60045 -0.79966 0
vn -0.69891 -0.71291 0.05735
vn -0.71043 -0.70214 0.04788
vn -0.7835 -0.61847 0.06026
vn -0.53071 -0.83788 0.12768
vn -0.68827 -0.70849 0.15597
vn -0.60557 -0.77474 0.18184
vn -0.76661 -0.6019 0.22366
vn -0.70494 -0.66689 0.2415
vn -0.83104 -0.47789 0.2846
vn -0.78809 -0.53883 0.29762
vn -0.87728 -0.34158 0.33718
vn -0.85001 -0.39592 0.34746
vn -0.90301 -0.20023 0.38011
vn -0.88781 -0.2463 0.38875
vn -0.59418 -0.79966 0.08655
vn -0.55686 -0.8169 0.15028
vn -0.6745 -0.7158 0.18078
vn -0.67301 -0.73259 0.10182
vn -0.64362 -0.75298 0.13703
vn -0.6426 -0.75929 0.10268
vn -0.64468 -0.75794 0.09957
vn -0.44929 -0.89036 0.07347
vn -0.4924 -0.87037 -0
vn -0.96451 -0.07105 0.2543
vn -0.93681 -0.25257 0.24207
vn -0.94479 -0.22846 0.23491
vn -0.88586 -0.40935 0.21836
vn -0.90114 -0.37977 0.20911
vn -0.80779 -0.55845 0.18869
vn -0.83276 -0.52466 0.17674
vn -0.70654 -0.69063 0.15438
vn -0.74295 -0.6548 0.13876
vn -0.58848 -0.79998 0.11714
vn -0.63719 -0.76465 0.09646
vn -0.50436 -0.85947 0.08326
vn -0.50944 -0.85771 0.06938
vn -0.35848 -0.93183 0.05639
vn -0.43089 -0.9024 0
vn -0.52651 -0.00914 0.85012
vn -0.51935 -0.01636 0.85441
vn -0.56257 -0.0034 0.82674
vn -0.58954 -0.06908 0.80478
vn -0.58822 -0.04969 0.80717
vn -0.96575 -0.13275 0.22294
vn -0.94077 -0.072 0.33133
vn -0.94082 -0.1269 0.31424
vn -0.91136 -0.0903 0.40158
vn -0.90017 -0.07023 0.42984
vn -0.87146 -0.11013 0.47794
vn -0.83432 -0.05544 0.54848
vn -0.80666 -0.07258 0.58655
vn -0.75102 -0.04489 0.65876
vn -0.72736 -0.0606 0.68357
vn -0.62994 -0.01053 0.77657
vn -0.83013 -0.09018 0.55022
vn -0.87574 -0.07083 0.47756
vn -0.90617 -0.11225 0.40775
vn -0.89739 -0.14307 0.41741
vn -0.92543 -0.08446 0.36939
vn -0.8324 -0.07864 0.54857
vn -0.82524 -0.23557 0.51331
vn -0.84573 -0.16038 0.50894
vn -0.80924 -0.37277 0.45406
vn -0.84547 -0.28785 0.44981
vn -0.77257 -0.50483 0.38507
vn -0.82893 -0.41132 0.37906
vn -0.71667 -0.62501 0.30944
vn -0.7976 -0.52434 0.29816
vn -0.68129 -0.68928 0.24646
vn -0.74999 -0.6256 0.21483
vn -0.67217 -0.71589 0.18891
vn -0.70189 -0.69555 0.1535
vn -0.74268 -0.64821 0.16807
vn -0.80518 -0.58216 0.11303
vn -0.78583 -0.60942 0.10523
vn -0.90345 -0.42159 0.07767
vn -0.78272 -0.62054 0.0477
vn -0.48855 -0.87132 -0.04606
vn -0.57202 -0.81674 -0.07569
vn -0.77081 -0.11604 -0.6264
vn -0.97267 -0.20313 -0.11251
vn -0.97064 -0.11951 -0.20876
vn -0.7986 -0.04857 -0.5999
vn -0.89368 -0.10954 -0.43512
vn -0.89256 -0.11109 -0.43704
vn -0.90781 -0.10444 -0.40616
vn -0.92478 -0.11089 -0.36399
vn -0.92374 -0.11286 -0.36602
vn -0.97768 -0.20544 -0.04399
vn -0.97181 -0.1165 -0.20498
vn -0.98528 -0.11322 -0.12808
vn -0.98432 -0.11709 -0.13191
vn -0.99111 -0.11592 -0.06531
vn -0.99483 -0.09102 -0.04497
vn -0.27945 -0.96016 0
vn -0.43017 -0.90275 -0
vn -0.41949 -0.90758 -0.01815
vn -0.57659 -0.81704 -0
vn -0.70648 -0.70048 -0.10105
vn -0.78018 -0.62555 -0
vn -0.74882 -0.66228 -0.02552
vn -0.81967 -0.57283 -0
vn -0.78622 -0.61742 -0.02564
vn -0.85674 -0.51575 -0
vn -0.89038 -0.45522 -0
vn -0.87706 -0.47955 -0.02835
vn -0.92073 -0.3902 -0
vn -0.96966 -0.24445 -0.00193
vn -0.99754 -0.0701 8E-05
vn -0.98425 -0.17213 -0.04032
vn -0.99739 -0.06911 -0.02108
vn -0.83959 -0.38788 -0.38031
vn -0.82283 -0.49117 -0.28583
vn -0.82046 -0.48973 -0.29497
vn -0.86591 -0.39169 -0.31111
vn -0.91514 -0.29708 -0.27251
vn -0.77751 -0.4081 -0.47847
vn -0.80238 -0.21745 -0.55579
vn -0.78127 -0.24075 -0.5759
vn -0.77632 -0.23826 -0.58357
vn -0.73754 -0.03384 -0.67445
vn -0.73748 -0.02656 -0.67485
vn -0.74818 -0.08609 -0.65788
vn -0.87504 -0.09853 -0.47391
vn -0.84298 -0.11232 -0.52609
vn -0.85653 -0.07947 -0.50994
vn -0.81867 -0.10083 -0.56534
vn -0.81603 -0.11235 -0.56698
vn -0.76352 -0.14739 -0.62874
vn -0.70958 -0.70459 -0.00681
vn -0.67346 -0.73785 -0.04502
vn -0.58514 -0.80671 -0.08265
vn -0.6328 -0.77389 -0.02577
vn -0.54197 -0.83071 -0.12723
vn -0.72217 -0.67018 -0.17129
vn -0.68508 -0.69577 -0.2158
vn -0.46769 -0.87794 -0.10243
vn -0.64108 -0.7566 -0.12871
vn -0.60836 -0.77181 -0.18496
vn -0.75884 -0.60647 -0.23738
vn -0.74975 -0.61318 -0.24876
vn -0.75757 -0.54788 -0.35485
vn -0.76274 -0.58538 -0.27486
vn -0.80788 -0.52474 -0.26829
vn -0.70107 -0.67363 -0.23395
vn -0.76281 -0.12489 -0.63444
vn -0.76855 -0.24092 -0.5927
vn -0.81294 -0.21222 -0.5423
vn -0.83091 -0.28314 -0.47898
vn -0.83727 -0.27961 -0.4699
vn -0.84997 -0.30207 -0.43164
vn -0.86421 -0.29558 -0.40716
vn -0.87121 -0.31579 -0.37586
vn -0.88835 -0.3093 -0.33937
vn -0.61783 -0.77676 -0.12215
vn -0.63029 -0.77491 -0.04753
vn -0.63152 -0.77393 -0.04717
vn -0.58201 -0.81219 -0.04021
vn -0.79475 -0.57619 -0.19074
vn -0.72329 -0.66766 -0.17631
vn -0.69086 -0.71202 -0.12547
vn -0.70387 -0.69747 -0.13456
vn -0.71395 -0.69556 -0.08042
vn -0.68731 -0.72463 -0.05015
vn -0.72297 -0.69061 -0.01923
vn -0.94327 -0.3258 -0.06394
vn -0.9383 -0.34325 -0.04219
vn -0.932 -0.34458 -0.1124
vn -0.93322 -0.33861 -0.1202
vn -0.9222 -0.34124 -0.18194
vn -0.92309 -0.33122 -0.19546
vn -0.90874 -0.33516 -0.2487
vn -0.84637 -0.52921 -0.05986
vn -0.82866 -0.55972 -0.00608
vn -0.82233 -0.56201 -0.08901
vn -0.8261 -0.55433 -0.10132
vn -0.81868 -0.55613 -0.14309
vn -0.82306 -0.54388 -0.16362
vn -0.82041 -0.54471 -0.17384
vn -0.84697 -0.4786 -0.23148
vn -0.82179 -0.48591 -0.29757
vn -0.81617 -0.37616 -0.43861
vn -0.82896 -0.4296 -0.35816
vn -0.82355 -0.43567 -0.36326
vn -0.77917 -0.53659 -0.32398
vn -0.74947 -0.61562 -0.24352
vn -0.95202 -0.10386 -0.28787
vn -0.95204 -0.1038 -0.28783
vn -0.90824 -0.32127 -0.26814
vn -0.89144 -0.32664 -0.31408
vn -0.81061 -0.51305 -0.2823
vn -0.82559 -0.44231 -0.35038
vn -0.80325 -0.45209 -0.38782
vn -0.80623 -0.43928 -0.39627
vn -0.80285 -0.39172 -0.44942
vn -0.82698 -0.29236 -0.48023
vn -0.77749 -0.32525 -0.53825
vn -0.78178 -0.13917 -0.60782
vn -0.75324 -0.17059 -0.63524
vn -0.77926 -0.16813 -0.60372
vn -0.99999 -0.00504 -0.00071
vn -0.99992 -0.0125 -0.00121
vn -0.99929 -0.03759 -0.0021
vn -0.96542 -0.2607 -0.00215
vn -0.99567 -0.09233 -0.01056
vn -0.99577 -0.09124 -0.01046
vn -0.99972 -0.02354 -0.00394
vn -0.60172 -0.79578 -0.06835
vn -0.99938 -0.03505 -0.00339
vn -0.9695 -0.24507 -0.00032
vn -0.97798 -0.20871 -0.00025
vn -0.99383 -0.11043 -0.01057
vn -0.9689 -0.24612 -0.02569
vn -0.95609 -0.2925 -0.01835
vn -0.99333 -0.11243 -0.02554
vn -0.99534 -0.09488 -0.01742
vn -0.99043 -0.1373 -0.01423
vn -0.99388 -0.10999 -0.01051
vn -0.95829 -0.28579 -0.00255
vn -0.95474 -0.29744 -0.00276
vn -0.94814 -0.31783 -0.00318
vn -0.98868 -0.14969 -0.0097
vn -0.98857 -0.15041 -0.00981
vn -0.96084 -0.27584 -0.02638
vn -0.98189 -0.18922 -0.00917
vn -0.99524 -0.09732 0.00477
vn -0.93762 -0.34765 -0.00395
vn -0.94477 -0.32771 -0.00341
vn -0.97334 -0.22547 -0.04217
vn -0.88028 -0.46318 -0.10286
vn -0.93417 -0.32521 -0.14689
vn -0.96932 -0.20308 -0.13847
vn -0.94781 -0.29142 -0.12932
vn -0.96653 -0.25103 -0.0529
vn -0.97569 -0.21567 -0.03907
vn -0.92359 -0.38288 -0.01951
vn -0.9102 -0.41348 -0.02385
vn -0.90258 -0.4296 -0.02804
vn -0.92947 -0.36736 -0.03353
vn -0.92686 -0.37361 -0.0367
vn -0.82701 -0.55206 -0.1062
vn -0.82192 -0.56904 -0.02527
vn -0.86448 -0.50175 -0.03048
vn -0.86226 -0.50536 -0.03347
vn -0.76812 -0.63147 -0.10599
vn -0.78805 -0.61493 -0.02881
vn -0.78691 -0.61631 -0.03073
vn -0.7104 -0.70335 -0.02508
vn -0.73927 -0.67341 0
vn -0.4762 -0.87929 -0.00947
vn -0.53697 -0.84272 -0.03852
vn -0.52678 -0.84475 -0.09433
vn -0.66134 -0.742 -0.10989
vn -0.63134 -0.75156 -0.19122
vn -0.75916 -0.61078 -0.225
vn -0.71586 -0.63075 -0.2995
vn -0.81505 -0.45598 -0.35744
vn -0.76807 -0.48838 -0.41419
vn -0.81615 -0.29424 -0.49731
vn -0.79802 -0.31414 -0.51428
vn -0.78216 -0.30523 -0.54319
vn -0.80199 -0.34748 -0.48588
vn -0.81626 -0.37563 -0.4389
vn -0.8229 -0.36828 -0.43267
vn -0.74998 -0.56273 -0.34764
vn -0.78995 -0.5351 -0.2994
vn -0.66615 -0.70525 -0.24265
vn -0.70346 -0.68796 -0.17846
vn -0.55366 -0.81963 -0.1472
vn -0.5789 -0.81158 -0.07885
vn -0.42742 -0.90165 -0.06585
vn -0.43518 -0.90005 -0.02303
vn -0.89837 -0.33381 -0.28547
vn -0.86425 -0.45301 -0.21875
vn -0.8225 -0.51445 -0.24258
vn -0.8988 -0.41458 -0.14242
vn -0.77482 -0.5847 -0.24035
vn -0.84238 -0.52267 -0.13123
vn -0.73049 -0.64265 -0.23107
vn -0.78216 -0.61135 -0.12027
vn -0.69139 -0.69001 -0.21416
vn -0.67984 -0.72634 -0.10124
vn -0.68012 -0.72612 -0.10088
vn -0.46602 -0.88196 -0.07057
vn -0.46849 -0.88096 -0.06646
vn -0.37224 -0.92811 -0.00729
vn -0.36038 -0.93197 -0.03939
vn -0.32832 -0.94443 -0.01587
vn -0.36572 -0.93058 -0.01653
vn -0.94521 -0.32647 -0.00072
vn -0.96576 -0.25942 0.00039
vn -0.97863 -0.20564 0
vn -0.99584 -0.09111 -0
vn -0.28384 -0.95887 0.00011
vn -0.36577 -0.9307 -1E-05
vn -0.37 -0.92903 -0
vn -0.47622 -0.87933 0
vn -0.44806 -0.894 -0.00102
vn -0.58248 -0.81284 0.00042
vn -0.55639 -0.83092 -0
vn -0.631 -0.77578 0
vn -0.68973 -0.72407 0.00106
vn -0.7231 -0.69074 0
vn -0.826 -0.56367 -0
vn -0.84789 -0.53016 -0.00098
vn -0.89003 -0.4559 -0
vn -0.92572 -0.37821 0
vn -0.99144 0 0.13053
vn -0.92388 0 0.38268
vn -0.79335 0 0.60876
vn -0.38268 0 0.92388
vn -0.13053 0 0.99144
vn 0.13053 -0 0.99144
vn 0.38268 -0 0.92388
vn 0.79335 -0 0.60876
vn 0.92388 -0 0.38268
vn 0.99145 -0 0.13052
vn 0.99145 0 -0.13052
vn 0.92388 0 -0.38268
vn 0.79335 0 -0.60876
vn 0.60876 0 -0.79335
vn 0.38268 0 -0.92388
vn 0.13053 0 -0.99144
vn -0.13053 0 -0.99144
vn -0.38268 0 -0.92388
vn -0.60876 0 -0.79335
vn -0.92388 0 -0.38268
vn -0.99144 0 -0.13053
vn -0.99144 0 0.13053
vn -0.60876 0 0.79335
vn -0.38268 0 0.92388
vn -0.13053 0 0.99144
vn 0.13053 -0 0.99144
vn 0.38268 -0 0.92388
vn 0.60876 -0 0.79335
vn 0.79335 -0 0.60876
vn 0.99144 -0 0.13053
vn 0.99144 0 -0.13053
vn 0.79335 0 -0.60876
vn 0.38268 0 -0.92388
vn 0.13053 0 -0.99144
vn -0.13053 0 -0.99144
vn -0.38268 0 -0.92388
vn -0.79335 0 -0.60876
vn -0.99144 0 -0.13053
vn -0.99144 0 0.13053
vn -0.92388 0 0.38268
vn -0.79335 0 0.60876
vn -0.60876 0 0.79335
vn -0.38268 0 0.92388
vn 0.38268 -0 0.92388
vn 0.60876 -0 0.79335
vn 0.79335 -0 0.60876
vn 0.99145 -0 0.13052
vn 0.99145 0 0.13052
vn 0.99145 -0 -0.13052
vn 0.99145 -0 -0.13052
vn 0.79335 0 -0.60876
vn 0.60876 0 -0.79335
vn 0.38268 0 -0.92388
vn -0.38268 0 -0.92388
vn -0.60876 0 -0.79335
vn -0.79335 0 -0.60876
vn -0.92388 0 -0.38268
vn -0.99144 0 -0.13053
vn 0.79335 -0 0.60876
vn 0.99144 -0 0.13053
vn 0.99144 0 -0.13053
vn 0.79335 0 -0.60876
vn 0.79335 -0 0.60876
vn 0.99145 -0 0.13052
vn 0.99145 0 -0.13052
vn 0.79335 0 -0.60876
vn -0.99144 0 0.13053
vn -0.79335 0 0.60876
vn -0.60876 0 0.79335
vn -0.38268 0 0.92388
vn -0.13053 0 0.99144
vn 0.13053 -0 0.99144
vn 0.92388 -0 0.38268
vn 0.99144 -0 0.13053
vn 0.99144 0 0.13053
vn 0.99144 -0 -0.13053
vn 0.99144 -0 -0.13053
vn 0.92388 0 -0.38268
vn 0.13053 0 -0.99144
vn -0.13053 0 -0.99144
vn -0.38268 0 -0.92388
vn -0.60876 0 -0.79335
vn -0.79335 0 -0.60876
vn -0.99144 0 -0.13053
f 1//1 2//1 3//1
f 2//1 4//1 3//1
f 3//1 4//1 5//1
f 6//1 7//1 3//1
f 7//1 8//1 3//1
f 3//1 8//1 1//1
f 9//1 10//1 3//1
f 10//1 11//1 3//1
f 3//1 11//1 6//1
f 12//1 13//1 3//1
f 13//1 14//1 3//1
f 3//1 14//1 9//1
f 15//1 16//1 3//1
f 16//1 17//1 3//1
f 3//1 17//1 12//1
f 18//1 19//1 3//1
f 19//1 20//1 3//1
f 3//1 20//1 15//1
f 21//1 22//1 3//1
f 22//1 23//1 3//1
f 3//1 23//1 18//1
f 5//1 24//1 3//1
f 24//1 25//1 3//1
f 3//1 25//1 21//1
f 26//1 27//1 28//1
f 27//1 29//1 28//1
f 28//1 29//1 30//1
f 31//1 32//1 28//1
f 32//1 33//1 28//1
f 28//1 33//1 26//1
f 34//1 35//1 28//1
f 35//1 36//1 28//1
f 28//1 36//1 31//1
f 37//1 38//1 28//1
f 38//1 39//1 28//1
f 28//1 39//1 34//1
f 40//1 41//1 28//1
f 41//1 42//1 28//1
f 28//1 42//1 37//1
f 43//1 44//1 28//1
f 44//1 45//1 28//1
f 28//1 45//1 40//1
f 46//1 47//1 28//1
f 47//1 48//1 28//1
f 28//1 48//1 43//1
f 30//1 49//1 28//1
f 49//1 50//1 28//1
f 28//1 50//1 46//1
f 51//1 52//1 53//1
f 52//1 54//1 53//1
f 53//1 54//1 55//1
f 56//1 57//1 53//1
f 57//1 58//1 53//1
f 53//1 58//1 51//1
f 59//1 60//1 53//1
f 60//1 61//1 53//1
f 53//1 61//1 56//1
f 62//1 63//1 53//1
f 63//1 64//1 53//1
f 53//1 64//1 59//1
f 65//1 66//1 53//1
f 66//1 67//1 53//1
f 53//1 67//1 62//1
f 68//1 69//1 53//1
f 69//1 70//1 53//1
f 53//1 70//1 65//1
f 71//1 72//1 53//1
f 72//1 73//1 53//1
f 53//1 73//1 68//1
f 55//1 74//1 53//1
f 74//1 75//1 53//1
f 53//1 75//1 71//1
f 76//1 77//1 78//1
f 77//1 79//1 78//1
f 78//1 79//1 80//1
f 81//1 82//1 78//1
f 82//1 83//1 78//1
f 78//1 83//1 76//1
f 84//1 85//1 78//1
f 85//1 86//1 78//1
f 78//1 86//1 81//1
f 87//1 88//1 78//1
f 88//1 89//1 78//1
f 78//1 89//1 84//1
f 90//1 91//1 78//1
f 91//1 92//1 78//1
f 78//1 92//1 87//1
f 93//1 94//1 78//1
f 94//1 95//1 78//1
f 78//1 95//1 90//1
f 96//1 97//1 78//1
f 97//1 98//1 78//1
f 78//1 98//1 93//1
f 80//1 99//1 78//1
f 99//1 100//1 78//1
f 78//1 100//1 96//1
f 101//1 102//1 103//1
f 102//1 104//1 103//1
f 103//1 104//1 105//1
f 106//1 107//1 103//1
f 107//1 108//1 103//1
f 103//1 108//1 101//1
f 109//1 110//1 103//1
f 110//1 111//1 103//1
f 103//1 111//1 106//1
f 112//1 113//1 103//1
f 113//1 114//1 103//1
f 103//1 114//1 109//1
f 115//1 116//1 103//1
f 116//1 117//1 103//1
f 103//1 117//1 112//1
f 118//1 119//1 103//1
f 119//1 120//1 103//1
f 103//1 120//1 115//1
f 121//1 122//1 103//1
f 122//1 123//1 103//1
f 103//1 123//1 118//1
f 105//1 124//1 103//1
f 124//1 125//1 103//1
f 103//1 125//1 121//1
f 126//1 127//1 128//1
f 127//1 129//1 128//1
f 128//1 129//1 130//1
f 131//1 132//1 128//1
f 132//1 133//1 128//1
f 128//1 133//1 126//1
f 134//1 135//1 128//1
f 135//1 136//1 128//1
f 128//1 136//1 131//1
f 137//1 138//1 128//1
f 138//1 139//1 128//1
f 128//1 139//1 134//1
f 140//1 141//1 128//1
f 141//1 142//1 128//1
f 128//1 142//1 137//1
f 143//1 144//1 128//1
f 144//1 145//1 128//1
f 128//1 145//1 140//1
f 146//1 147//1 128//1
f 147//1 148//1 128//1
f 128//1 148//1 143//1
f 130//1 149//1 128//1
f 149//1 150//1 128//1
f 128//1 150//1 146//1
f 151//1 152//1 153//1
f 152//1 154//1 153//1
f 153//1 154//1 155//1
f 156//1 157//1 153//1
f 157//1 158//1 153//1
f 153//1 158//1 151//1
f 159//1 160//1 153//1
f 160//1 161//1 153//1
f 153//1 161//1 156//1
f 162//1 163//1 153//1
f 163//1 164//1 153//1
f 153//1 164//1 159//1
f 165//1 166//1 153//1
f 166//1 167//1 153//1
f 153//1 167//1 162//1
f 168//1 169//1 153//1
f 169//1 170//1 153//1
f 153//1 170//1 165//1
f 171//1 172//1 153//1
f 172//1 173//1 153//1
f 153//1 173//1 168//1
f 155//1 174//1 153//1
f 174//1 175//1 153//1
f 153//1 175//1 171//1
f 176//1 177//1 178//1
f 177//1 179//1 178//1
f 178//1 179//1 180//1
f 181//1 182//1 178//1
f 182//1 183//1 178//1
f 178//1 183//1 176//1
f 184//1 185//1 178//1
f 185//1 186//1 178//1
f 178//1 186//1 181//1
f 187//1 188//1 178//1
f 188//1 189//1 178//1
f 178//1 189//1 184//1
f 190//1 191//1 178//1
f 191//1 192//1 178//1
f 178//1 192//1 187//1
f 193//1 194//1 178//1
f 194//1 195//1 178//1
f 178//1 195//1 190//1
f 196//1 197//1 178//1
f 197//1 198//1 178//1
f 178//1 198//1 193//1
f 180//1 199//1 178//1
f 199//1 200//1 178//1
f 178//1 200//1 196//1
f 201//1 202//1 203//1
f 202//1 204//1 203//1
f 203//1 204//1 205//1
f 206//1 207//1 203//1
f 207//1 208//1 203//1
f 203//1 208//1 201//1
f 209//1 210//1 203//1
f 210//1 211//1 203//1
f 203//1 211//1 206//1
f 212//1 213//1 203//1
f 213//1 214//1 203//1
f 203//1 214//1 209//1
f 215//1 216//1 203//1
f 216//1 217//1 203//1
f 203//1 217//1 212//1
f 218//1 219//1 203//1
f 219//1 220//1 203//1
f 203//1 220//1 215//1
f 221//1 222//1 203//1
f 222//1 223//1 203//1
f 203//1 223//1 218//1
f 205//1 224//1 203//1
f 224//1 225//1 203//1
f 203//1 225//1 221//1
f 226//1 227//1 228//1
f 227//1 229//1 228//1
f 228//1 229//1 230//1
f 231//1 232//1 228//1
f 232//1 233//1 228//1
f 228//1 233//1 226//1
f 234//1 235//1 228//1
f 235//1 236//1 228//1
f 228//1 236//1 231//1
f 237//1 238//1 228//1
f 238//1 239//1 228//1
f 228//1 239//1 234//1
f 240//1 241//1 228//1
f 241//1 242//1 228//1
f 228//1 242//1 237//1
f 243//1 244//1 228//1
f 244//1 245//1 228//1
f 228//1 245//1 240//1
f 246//1 247//1 228//1
f 247//1 248//1 228//1
f 228//1 248//1 243//1
f 230//1 249//1 228//1
f 249//1 250//1 228//1
f 228//1 250//1 246//1
f 251//1 252//1 253//1
f 252//1 254//1 253//1
f 253//1 254//1 255//1
f 256//1 257//1 253//1
f 257//1 258//1 253//1
f 253//1 258//1 251//1
f 259//1 260//1 253//1
f 260//1 261//1 253//1
f 253//1 261//1 256//1
f 262//1 263//1 253//1
f 263//1 264//1 253//1
f 253//1 264//1 259//1
f 265//1 266//1 253//1
f 266//1 267//1 253//1
f 253//1 267//1 262//1
f 268//1 269//1 253//1
f 269//1 270//1 253//1
f 253//1 270//1 265//1
f 271//1 272//1 253//1
f 272//1 273//1 253//1
f 253//1 273//1 268//1
f 255//1 274//1 253//1
f 274//1 275//1 253//1
f 253//1 275//1 271//1
f 276//1 277//1 278//1
f 277//1 279//1 278//1
f 278//1 279//1 280//1
f 281//1 282//1 278//1
f 282//1 283//1 278//1
f 278//1 283//1 276//1
f 284//1 285//1 278//1
f 285//1 286//1 278//1
f 278//1 286//1 281//1
f 287//1 288//1 278//1
f 288//1 289//1 278//1
f 278//1 289//1 284//1
f 290//1 291//1 278//1
f 291//1 292//1 278//1
f 278//1 292//1 287//1
f 293//1 294//1 278//1
f 294//1 295//1 278//1
f 278//1 295//1 290//1
f 296//1 297//1 278//1
f 297//1 298//1 278//1
f 278//1 298//1 293//1
f 280//1 299//1 278//1
f 299//1 300//1 278//1
f 278//1 300//1 296//1
f 301//2 302//2 303//2
f 301//2 303//2 304//2
f 303//3 305//3 304//3
f 304//3 305//3 306//3
f 305//4 307//4 306//4
f 306//4 307//4 308//4
f 307//5 309//5 308//5
f 308//5 309//5 310//5
f 309//6 311//6 310//6
f 310//6 311//6 312//6
f 301//7 313//7 302//7
f 313//7 314//7 302//7
f 302//8 314//8 315//8
f 314//9 316//9 315//9
f 314//10 317//10 318//10
f 318//11 319//11 314//11
f 319//12 320//12 314//12
f 314//13 320//13 316//13
f 321//14 322//14 318//14
f 323//15 324//15 319//15
f 324//16 325//16 319//16
f 319//17 325//17 320//17
f 318//18 322//18 319//18
f 322//19 326//19 319//19
f 319//20 326//20 323//20
f 317//21 314//21 327//21
f 327//22 328//22 317//22
f 328//23 329//23 317//23
f 317//24 329//24 318//24
f 329//25 330//25 318//25
f 318//26 330//26 321//26
f 331//27 315//27 332//27
f 315//28 316//28 332//28
f 325//29 333//29 320//29
f 333//30 334//30 320//30
f 320//31 334//31 316//31
f 334//32 335//32 316//32
f 316//33 335//33 332//33
f 336//34 337//34 338//34
f 337//34 339//34 338//34
f 340//35 331//35 341//35
f 331//36 332//36 341//36
f 341//37 332//37 335//37
f 324//38 342//38 325//38
f 342//39 341//39 325//39
f 335//40 334//40 341//40
f 334//41 333//41 341//41
f 341//42 333//42 325//42
f 338//43 339//43 343//43
f 339//43 344//43 343//43
f 345//44 346//44 347//44
f 345//44 347//44 348//44
f 347//45 349//45 348//45
f 348//45 349//45 350//45
f 349//46 351//46 350//46
f 350//46 351//46 352//46
f 351//47 353//47 352//47
f 352//47 353//47 354//47
f 353//48 355//48 354//48
f 354//48 355//48 356//48
f 355//49 357//49 356//49
f 356//49 357//49 358//49
f 357//50 359//50 358//50
f 358//50 359//50 360//50
f 359//51 343//51 360//51
f 360//51 343//51 344//51
f 361//52 362//52 363//52
f 362//52 364//52 363//52
f 346//52 345//52 365//52
f 345//52 366//52 365//52
f 367//52 368//52 369//52
f 368//52 370//52 369//52
f 371//52 372//52 373//52
f 372//52 374//52 373//52
f 363//53 364//53 375//53
f 364//53 376//53 375//53
f 377//54 378//54 379//54
f 378//54 380//54 379//54
f 379//55 380//55 381//55
f 380//55 382//55 381//55
f 381//56 382//56 383//56
f 382//56 384//56 383//56
f 383//57 384//57 385//57
f 384//57 386//57 385//57
f 385//58 386//58 387//58
f 386//58 388//58 387//58
f 387//59 388//59 389//59
f 388//59 390//59 389//59
f 389//60 390//60 391//60
f 390//60 392//60 391//60
f 391//61 392//61 393//61
f 392//61 394//61 393//61
f 393//62 394//62 395//62
f 394//62 396//62 395//62
f 395//63 396//63 397//63
f 396//63 398//63 397//63
f 397//64 398//64 399//64
f 398//64 400//64 399//64
f 399//65 400//65 401//65
f 400//65 402//65 401//65
f 401//66 402//66 403//66
f 402//66 404//66 403//66
f 403//67 404//67 405//67
f 404//67 406//67 405//67
f 405//68 406//68 407//68
f 406//68 408//68 407//68
f 407//69 408//69 409//69
f 408//69 410//69 409//69
f 409//70 410//70 411//70
f 410//70 412//70 411//70
f 411//71 412//71 413//71
f 412//71 414//71 413//71
f 413//72 414//72 415//72
f 414//72 416//72 415//72
f 415//73 416//73 417//73
f 416//73 418//73 417//73
f 417//74 418//74 419//74
f 418//74 420//74 419//74
f 419//75 420//75 421//75
f 420//75 422//75 421//75
f 421//76 422//76 376//76
f 422//76 375//76 376//76
f 378//77 377//77 423//77
f 377//77 424//77 423//77
f 425//78 426//78 427//78
f 426//79 423//79 427//79
f 427//80 423//80 424//80
f 426//43 425//43 428//43
f 425//43 429//43 428//43
f 430//81 431//81 432//81
f 430//81 432//81 433//81
f 432//45 434//45 433//45
f 433//45 434//45 435//45
f 434//82 436//82 435//82
f 435//82 436//82 437//82
f 436//83 438//83 437//83
f 437//83 438//83 439//83
f 438//48 440//48 439//48
f 439//48 440//48 441//48
f 440//84 442//84 441//84
f 441//84 442//84 443//84
f 442//85 444//85 443//85
f 443//85 444//85 445//85
f 444//51 428//51 445//51
f 445//51 428//51 429//51
f 446//52 447//52 448//52
f 447//52 449//52 448//52
f 448//52 449//52 450//52
f 431//52 430//52 451//52
f 430//52 452//52 451//52
f 453//52 454//52 455//52
f 454//52 456//52 455//52
f 457//52 458//52 459//52
f 458//52 460//52 459//52
f 459//52 460//52 461//52
f 460//52 462//52 461//52
f 463//52 464//52 465//52
f 464//52 466//52 465//52
f 467//52 468//52 469//52
f 468//52 470//52 469//52
f 471//86 472//86 473//86
f 472//87 450//87 473//87
f 473//88 450//88 474//88
f 450//89 449//89 474//89
f 475//90 476//90 477//90
f 476//90 478//90 477//90
f 472//91 471//91 479//91
f 471//91 480//91 479//91
f 477//92 478//92 481//92
f 478//92 482//92 481//92
f 481//92 482//92 483//92
f 484//93 485//93 486//93
f 485//93 487//93 486//93
f 488//7 489//7 490//7
f 489//94 483//94 490//94
f 490//95 483//95 482//95
f 486//96 487//96 491//96
f 487//96 492//96 491//96
f 493//97 494//97 495//97
f 493//97 495//97 496//97
f 495//98 497//98 496//98
f 496//98 497//98 498//98
f 497//99 499//99 498//99
f 498//99 499//99 500//99
f 499//100 501//100 500//100
f 500//100 501//100 502//100
f 501//101 503//101 502//101
f 502//101 503//101 504//101
f 503//102 505//102 504//102
f 504//102 505//102 506//102
f 505//103 507//103 506//103
f 506//103 507//103 508//103
f 507//104 491//104 508//104
f 508//104 491//104 492//104
f 509//92 510//92 511//92
f 510//92 512//92 511//92
f 494//92 493//92 513//92
f 493//92 514//92 513//92
f 511//105 512//105 515//105
f 511//105 515//105 516//105
f 515//106 517//106 516//106
f 516//106 517//106 518//106
f 517//107 519//107 518//107
f 518//107 519//107 520//107
f 519//108 521//108 520//108
f 520//108 521//108 522//108
f 521//51 523//51 522//51
f 522//51 523//51 524//51
f 523//85 525//85 524//85
f 524//85 525//85 526//85
f 525//84 527//84 526//84
f 526//84 527//84 528//84
f 527//48 529//48 528//48
f 528//48 529//48 530//48
f 530//109 529//109 531//109
f 529//109 532//109 531//109
f 533//91 534//91 535//91
f 534//91 536//91 535//91
f 531//91 532//91 537//91
f 532//91 538//91 537//91
f 539//92 535//92 536//92
f 540//92 541//92 542//92
f 541//92 539//92 542//92
f 542//92 539//92 543//92
f 539//92 536//92 543//92
f 544//93 545//93 546//93
f 545//93 547//93 546//93
f 541//110 540//110 548//110
f 540//110 549//110 548//110
f 546//96 547//96 550//96
f 547//96 551//96 550//96
f 552//97 553//97 554//97
f 552//97 554//97 555//97
f 554//98 556//98 555//98
f 555//98 556//98 557//98
f 556//99 558//99 557//99
f 557//99 558//99 559//99
f 558//100 560//100 559//100
f 559//100 560//100 561//100
f 560//101 562//101 561//101
f 561//101 562//101 563//101
f 562//102 564//102 563//102
f 563//102 564//102 565//102
f 564//103 566//103 565//103
f 565//103 566//103 567//103
f 566//104 550//104 567//104
f 567//104 550//104 551//104
f 568//92 569//92 570//92
f 569//92 571//92 570//92
f 553//92 552//92 572//92
f 552//92 573//92 572//92
f 570//105 571//105 574//105
f 570//105 574//105 575//105
f 574//106 576//106 575//106
f 575//106 576//106 577//106
f 576//111 578//111 577//111
f 577//111 578//111 579//111
f 578//112 580//112 579//112
f 579//112 580//112 581//112
f 580//51 582//51 581//51
f 581//51 582//51 583//51
f 582//85 584//85 583//85
f 583//85 584//85 585//85
f 584//84 586//84 585//84
f 585//84 586//84 587//84
f 586//48 588//48 587//48
f 587//48 588//48 589//48
f 589//113 588//113 590//113
f 588//113 591//113 590//113
f 592//114 593//114 594//114
f 593//114 595//114 594//114
f 590//114 591//114 596//114
f 591//114 597//114 596//114
f 594//92 595//92 598//92
f 595//92 599//92 598//92
f 598//92 599//92 600//92
f 599//92 601//92 600//92
f 602//115 603//115 604//115
f 603//115 605//115 604//115
f 600//93 601//93 606//93
f 601//93 607//93 606//93
f 462//116 604//116 605//116
f 605//117 608//117 462//117
f 608//118 609//118 462//118
f 462//119 609//119 461//119
f 610//120 603//120 611//120
f 603//120 602//120 611//120
f 612//121 610//121 613//121
f 610//121 611//121 613//121
f 602//122 606//122 611//122
f 606//123 613//123 611//123
f 606//124 607//124 613//124
f 607//124 612//124 613//124
f 614//125 593//125 615//125
f 593//125 592//125 615//125
f 616//126 614//126 617//126
f 614//126 615//126 617//126
f 592//127 596//127 615//127
f 596//128 617//128 615//128
f 596//129 597//129 617//129
f 597//129 616//129 617//129
f 618//130 569//130 619//130
f 569//130 568//130 619//130
f 620//92 618//92 621//92
f 618//92 619//92 621//92
f 568//131 572//131 619//131
f 572//131 621//131 619//131
f 572//132 573//132 621//132
f 573//132 620//132 621//132
f 622//133 545//133 623//133
f 545//133 544//133 623//133
f 624//134 622//134 625//134
f 622//134 623//134 625//134
f 544//135 548//135 623//135
f 548//136 625//136 623//136
f 548//137 549//137 625//137
f 549//137 624//137 625//137
f 626//138 534//138 627//138
f 534//138 533//138 627//138
f 628//139 626//139 629//139
f 626//139 627//139 629//139
f 533//128 537//128 627//128
f 537//140 629//140 627//140
f 537//141 538//141 629//141
f 538//141 628//141 629//141
f 630//130 510//130 631//130
f 510//130 509//130 631//130
f 632//92 630//92 633//92
f 630//92 631//92 633//92
f 509//131 513//131 631//131
f 513//131 633//131 631//131
f 513//132 514//132 633//132
f 514//132 632//132 633//132
f 634//133 485//133 635//133
f 485//133 484//133 635//133
f 636//134 634//134 637//134
f 634//134 635//134 637//134
f 484//135 489//135 635//135
f 489//136 637//136 635//136
f 489//137 488//137 637//137
f 488//137 636//137 637//137
f 638//142 476//142 639//142
f 476//142 475//142 639//142
f 640//143 638//143 641//143
f 638//143 639//143 641//143
f 475//144 479//144 639//144
f 479//144 641//144 639//144
f 479//145 480//145 641//145
f 480//145 640//145 641//145
f 447//132 446//132 642//132
f 446//132 643//132 642//132
f 642//132 643//132 644//132
f 645//52 644//52 646//52
f 644//52 643//52 646//52
f 446//146 451//146 643//146
f 451//146 646//146 643//146
f 645//130 646//130 647//130
f 646//130 451//130 647//130
f 647//130 451//130 452//130
f 455//147 456//147 648//147
f 455//147 648//147 649//147
f 648//148 650//148 649//148
f 649//148 650//148 651//148
f 650//149 652//149 651//149
f 651//149 652//149 653//149
f 652//150 654//150 653//150
f 653//150 654//150 655//150
f 654//104 656//104 655//104
f 655//104 656//104 657//104
f 656//103 658//103 657//103
f 657//103 658//103 659//103
f 658//102 660//102 659//102
f 659//102 660//102 661//102
f 660//101 662//101 661//101
f 661//101 662//101 663//101
f 663//151 662//151 664//151
f 662//151 665//151 664//151
f 664//152 665//152 666//152
f 665//152 667//152 666//152
f 666//153 667//153 668//153
f 667//153 669//153 668//153
f 670//154 671//154 672//154
f 671//154 673//154 672//154
f 672//155 673//155 674//155
f 673//155 675//155 674//155
f 674//156 675//156 676//156
f 675//156 677//156 676//156
f 676//157 677//157 678//157
f 677//157 679//157 678//157
f 678//158 679//158 680//158
f 679//158 681//158 680//158
f 680//159 681//159 682//159
f 681//159 683//159 682//159
f 682//160 683//160 684//160
f 683//160 685//160 684//160
f 684//161 685//161 686//161
f 685//161 687//161 686//161
f 686//162 687//162 688//162
f 687//162 689//162 688//162
f 688//163 689//163 690//163
f 689//163 691//163 690//163
f 690//164 691//164 692//164
f 691//164 693//164 692//164
f 692//165 693//165 694//165
f 693//165 695//165 694//165
f 694//166 695//166 696//166
f 695//166 697//166 696//166
f 696//167 697//167 698//167
f 697//167 699//167 698//167
f 698//168 699//168 700//168
f 699//168 701//168 700//168
f 700//169 701//169 702//169
f 701//169 703//169 702//169
f 702//170 703//170 704//170
f 703//170 705//170 704//170
f 704//171 705//171 706//171
f 705//171 707//171 706//171
f 706//172 707//172 708//172
f 707//172 709//172 708//172
f 708//173 709//173 710//173
f 709//173 711//173 710//173
f 710//174 711//174 712//174
f 711//174 713//174 712//174
f 712//175 713//175 714//175
f 713//175 715//175 714//175
f 714//176 715//176 669//176
f 715//176 668//176 669//176
f 671//177 670//177 371//177
f 670//177 372//177 371//177
f 454//132 453//132 716//132
f 453//132 717//132 716//132
f 716//132 717//132 718//132
f 719//52 718//52 720//52
f 718//52 717//52 720//52
f 453//146 458//146 717//146
f 458//146 720//146 717//146
f 719//130 720//130 721//130
f 720//130 458//130 721//130
f 721//130 458//130 457//130
f 722//130 723//130 724//130
f 723//130 465//130 724//130
f 724//130 465//130 466//130
f 467//146 465//146 725//146
f 465//146 723//146 725//146
f 722//52 726//52 723//52
f 726//52 725//52 723//52
f 468//132 467//132 727//132
f 467//132 725//132 727//132
f 727//132 725//132 726//132
f 464//81 463//81 728//81
f 464//81 728//81 729//81
f 728//45 730//45 729//45
f 729//45 730//45 731//45
f 730//82 732//82 731//82
f 731//82 732//82 733//82
f 732//83 734//83 733//83
f 733//83 734//83 735//83
f 734//48 736//48 735//48
f 735//48 736//48 737//48
f 736//84 738//84 737//84
f 737//84 738//84 739//84
f 738//85 740//85 739//85
f 739//85 740//85 741//85
f 741//178 740//178 742//178
f 740//179 743//179 742//179
f 742//180 743//180 744//180
f 745//43 746//43 743//43
f 746//43 744//43 743//43
f 747//109 748//109 745//109
f 748//109 746//109 745//109
f 749//181 750//181 751//181
f 749//181 751//181 752//181
f 751//106 753//106 752//106
f 752//106 753//106 754//106
f 753//182 755//182 754//182
f 754//182 755//182 756//182
f 755//183 757//183 756//183
f 756//183 757//183 758//183
f 757//51 759//51 758//51
f 758//51 759//51 760//51
f 759//50 761//50 760//50
f 760//50 761//50 762//50
f 761//184 763//184 762//184
f 762//184 763//184 764//184
f 764//185 763//185 747//185
f 763//186 765//186 747//186
f 747//187 765//187 748//187
f 766//92 767//92 749//92
f 767//92 750//92 749//92
f 768//92 769//92 770//92
f 769//92 771//92 770//92
f 767//130 766//130 772//130
f 766//130 773//130 772//130
f 772//130 773//130 774//130
f 775//92 774//92 776//92
f 774//92 773//92 776//92
f 766//131 770//131 773//131
f 770//131 776//131 773//131
f 775//132 776//132 777//132
f 776//132 770//132 777//132
f 777//132 770//132 771//132
f 769//188 768//188 778//188
f 769//188 778//188 779//188
f 778//189 780//189 779//189
f 779//189 780//189 781//189
f 780//190 782//190 781//190
f 781//190 782//190 783//190
f 782//191 784//191 783//191
f 783//191 784//191 785//191
f 784//101 786//101 785//101
f 785//101 786//101 787//101
f 786//192 788//192 787//192
f 787//192 788//192 789//192
f 788//193 790//193 789//193
f 789//193 790//193 791//193
f 790//194 792//194 791//194
f 791//194 792//194 793//194
f 794//96 795//96 792//96
f 795//96 793//96 792//96
f 796//195 797//195 794//195
f 797//195 795//195 794//195
f 469//196 470//196 798//196
f 469//196 798//196 799//196
f 798//197 800//197 799//197
f 799//197 800//197 801//197
f 800//149 802//149 801//149
f 801//149 802//149 803//149
f 802//150 804//150 803//150
f 803//150 804//150 805//150
f 804//104 806//104 805//104
f 805//104 806//104 807//104
f 806//103 808//103 807//103
f 807//103 808//103 809//103
f 808//102 810//102 809//102
f 809//102 810//102 811//102
f 810//101 797//101 811//101
f 811//101 797//101 796//101
f 812//132 362//132 813//132
f 362//132 361//132 813//132
f 814//52 812//52 815//52
f 812//52 813//52 815//52
f 361//146 365//146 813//146
f 365//146 815//146 813//146
f 365//130 366//130 815//130
f 366//130 814//130 815//130
f 369//198 370//198 816//198
f 369//198 816//198 817//198
f 816//148 818//148 817//148
f 817//148 818//148 819//148
f 818//149 820//149 819//149
f 819//149 820//149 821//149
f 820//199 822//199 821//199
f 821//199 822//199 823//199
f 822//104 824//104 823//104
f 823//104 824//104 825//104
f 824//200 826//200 825//200
f 825//200 826//200 827//200
f 826//192 828//192 827//192
f 827//192 828//192 829//192
f 828//101 830//101 829//101
f 829//101 830//101 831//101
f 831//195 830//195 832//195
f 830//195 833//195 832//195
f 834//132 368//132 835//132
f 368//132 367//132 835//132
f 836//52 834//52 837//52
f 834//52 835//52 837//52
f 367//146 373//146 835//146
f 373//146 837//146 835//146
f 373//130 374//130 837//130
f 374//130 836//130 837//130
f 838//201 337//201 839//201
f 337//201 336//201 839//201
f 840//202 838//202 841//202
f 838//202 839//202 841//202
f 336//203 340//203 839//203
f 340//204 841//204 839//204
f 340//205 341//205 841//205
f 341//205 840//205 841//205
f 324//130 323//130 342//130
f 323//130 326//130 342//130
f 342//130 326//130 322//130
f 322//130 321//130 342//130
f 321//130 330//130 342//130
f 342//130 330//130 329//130
f 329//130 328//130 342//130
f 328//130 327//130 342//130
f 342//130 327//130 842//130
f 843//206 844//206 845//206
f 844//206 846//206 845//206
f 844//207 847//207 846//207
f 847//207 848//207 846//207
f 849//130 850//130 851//130
f 851//130 852//130 849//130
f 852//130 853//130 849//130
f 849//130 853//130 854//130
f 855//130 856//130 857//130
f 856//130 858//130 857//130
f 857//130 858//130 859//130
f 851//208 860//208 852//208
f 860//208 861//208 852//208
f 849//209 854//209 862//209
f 854//209 863//209 862//209
f 862//210 863//210 864//210
f 863//210 865//210 864//210
f 866//211 867//211 868//211
f 865//211 863//211 869//211
f 869//211 870//211 865//211
f 870//211 871//211 865//211
f 865//211 871//211 868//211
f 871//211 872//211 868//211
f 868//211 872//211 866//211
f 873//212 868//212 874//212
f 868//213 867//213 874//213
f 859//214 858//214 867//214
f 858//214 874//214 867//214
f 875//215 855//215 876//215
f 855//215 857//215 876//215
f 877//130 878//130 879//130
f 878//130 880//130 879//130
f 881//216 882//216 883//216
f 881//216 883//216 884//216
f 883//217 880//217 884//217
f 884//217 880//217 878//217
f 881//218 877//218 882//218
f 877//218 879//218 882//218
f 885//219 886//219 887//219
f 886//219 888//219 887//219
f 889//220 890//220 891//220
f 889//220 891//220 892//220
f 891//221 893//221 892//221
f 892//221 893//221 894//221
f 893//222 895//222 894//222
f 894//222 895//222 896//222
f 895//223 897//223 896//223
f 896//223 897//223 898//223
f 897//224 899//224 898//224
f 898//224 899//224 900//224
f 899//225 888//225 900//225
f 900//225 888//225 886//225
f 901//226 902//226 903//226
f 901//226 903//226 904//226
f 903//227 890//227 904//227
f 904//227 890//227 889//227
f 901//130 885//130 902//130
f 885//130 887//130 902//130
f 905//228 906//228 907//228
f 906//228 908//228 907//228
f 909//229 905//229 910//229
f 905//229 907//229 910//229
f 911//132 912//132 913//132
f 912//132 914//132 913//132
f 913//132 914//132 915//132
f 914//132 916//132 915//132
f 917//132 918//132 919//132
f 918//132 920//132 919//132
f 919//132 920//132 921//132
f 922//206 911//206 923//206
f 911//206 913//206 923//206
f 916//209 914//209 924//209
f 914//209 925//209 924//209
f 926//230 927//230 925//230
f 927//231 924//231 925//231
f 919//214 921//214 928//214
f 921//214 929//214 928//214
f 918//232 930//232 920//232
f 930//232 931//232 920//232
f 932//233 933//233 934//233
f 932//233 934//233 935//233
f 934//234 936//234 935//234
f 935//234 936//234 937//234
f 932//132 938//132 933//132
f 938//132 939//132 933//132
f 938//235 937//235 939//235
f 937//235 936//235 939//235
f 940//236 941//236 942//236
f 940//236 942//236 943//236
f 942//237 944//237 943//237
f 943//237 944//237 945//237
f 944//238 946//238 945//238
f 945//238 946//238 947//238
f 946//239 948//239 947//239
f 947//239 948//239 949//239
f 948//240 950//240 949//240
f 949//240 950//240 951//240
f 950//241 952//241 951//241
f 951//241 952//241 953//241
f 940//242 954//242 941//242
f 954//242 955//242 941//242
f 954//132 956//132 955//132
f 956//132 957//132 955//132
f 953//243 952//243 958//243
f 953//243 958//243 959//243
f 958//244 957//244 959//244
f 959//244 957//244 956//244
f 960//232 961//232 962//232
f 961//232 963//232 962//232
f 964//245 960//245 965//245
f 960//245 962//245 965//245
f 966//246 967//246 968//246
f 966//246 968//246 969//246
f 968//247 970//247 969//247
f 969//247 970//247 971//247
f 966//130 972//130 967//130
f 972//130 973//130 967//130
f 972//248 971//248 973//248
f 971//248 970//248 973//248
f 974//249 975//249 976//249
f 975//249 977//249 976//249
f 976//250 977//250 978//250
f 977//250 979//250 978//250
f 978//251 979//251 980//251
f 979//251 981//251 980//251
f 980//252 981//252 982//252
f 981//252 983//252 982//252
f 982//253 983//253 984//253
f 983//253 985//253 984//253
f 984//254 985//254 986//254
f 985//254 987//254 986//254
f 986//255 987//255 988//255
f 987//255 989//255 988//255
f 988//256 989//256 990//256
f 989//256 991//256 990//256
f 975//257 974//257 992//257
f 975//257 992//257 993//257
f 992//258 994//258 993//258
f 993//258 994//258 995//258
f 996//259 997//259 998//259
f 996//259 998//259 999//259
f 998//260 1000//260 999//260
f 999//260 1000//260 1001//260
f 995//261 994//261 1002//261
f 994//261 1003//261 1002//261
f 1002//262 1003//262 1004//262
f 1003//262 1005//262 1004//262
f 1004//263 1005//263 1006//263
f 1005//263 1007//263 1006//263
f 1006//264 1007//264 1008//264
f 1007//264 1009//264 1008//264
f 1008//265 1009//265 1010//265
f 1009//265 1011//265 1010//265
f 1010//266 1011//266 1012//266
f 1011//266 1013//266 1012//266
f 1013//267 1014//267 1012//267
f 1014//267 1015//267 1012//267
f 1016//268 1017//268 1018//268
f 1017//268 1019//268 1018//268
f 1020//269 1021//269 1022//269
f 1021//269 1023//269 1022//269
f 1022//270 1023//270 1024//270
f 1023//270 1025//270 1024//270
f 1024//271 1025//271 1026//271
f 1025//271 1027//271 1026//271
f 1026//272 1027//272 1028//272
f 1027//272 1029//272 1028//272
f 1028//273 1029//273 1030//273
f 1029//273 1031//273 1030//273
f 1030//274 1031//274 1014//274
f 1031//274 1015//274 1014//274
f 1021//275 1020//275 1032//275
f 1021//275 1032//275 1033//275
f 1032//276 1034//276 1033//276
f 1033//276 1034//276 1035//276
f 1036//277 1037//277 1038//277
f 1036//277 1038//277 1039//277
f 1038//278 1040//278 1039//278
f 1039//278 1040//278 1041//278
f 1040//279 1042//279 1041//279
f 1041//279 1042//279 1043//279
f 1043//280 1042//280 1044//280
f 1042//280 1045//280 1044//280
f 1044//281 1045//281 1046//281
f 1045//281 1047//281 1046//281
f 1046//282 1047//282 1048//282
f 1047//282 1049//282 1048//282
f 1048//283 1049//283 1050//283
f 1049//283 1051//283 1050//283
f 1050//284 1051//284 1052//284
f 1051//284 1053//284 1052//284
f 1052//285 1053//285 1054//285
f 1053//285 1055//285 1054//285
f 1056//286 1057//286 1058//286
f 1057//286 1059//286 1058//286
f 1055//287 1060//287 1054//287
f 1060//287 1061//287 1054//287
f 1062//288 1063//288 1064//288
f 1063//288 1065//288 1064//288
f 1064//289 1065//289 1066//289
f 1065//289 1067//289 1066//289
f 1066//290 1067//290 1068//290
f 1067//290 1069//290 1068//290
f 1068//291 1069//291 1070//291
f 1069//291 1071//291 1070//291
f 1070//292 1071//292 1072//292
f 1071//292 1073//292 1072//292
f 1072//293 1073//293 1057//293
f 1073//293 1059//293 1057//293
f 1074//294 1075//294 1076//294
f 1074//294 1076//294 1077//294
f 1076//295 1078//295 1077//295
f 1077//295 1078//295 1079//295
f 1063//296 1062//296 1080//296
f 1063//296 1080//296 1081//296
f 1080//297 1082//297 1081//297
f 1081//297 1082//297 1083//297
f 1082//298 1084//298 1083//298
f 1083//298 1084//298 1085//298
f 1079//299 1078//299 1086//299
f 1078//299 1087//299 1086//299
f 1086//300 1087//300 1088//300
f 1087//300 1089//300 1088//300
f 1088//301 1089//301 1090//301
f 1089//301 1091//301 1090//301
f 1090//302 1091//302 1092//302
f 1091//302 1093//302 1092//302
f 1092//303 1093//303 1094//303
f 1093//303 1095//303 1094//303
f 1094//304 1095//304 1018//304
f 1095//304 1016//304 1018//304
f 1075//305 1074//305 1096//305
f 1074//305 1097//305 1096//305
f 1096//306 1097//306 1098//306
f 1097//306 1099//306 1098//306
f 1098//307 1099//307 1100//307
f 1099//307 1101//307 1100//307
f 1100//308 1101//308 1102//308
f 1101//308 1103//308 1102//308
f 1102//309 1103//309 1104//309
f 1103//309 1105//309 1104//309
f 1104//310 1105//310 1106//310
f 1105//310 1107//310 1106//310
f 1106//311 1107//311 1108//311
f 1107//311 1109//311 1108//311
f 1108//312 1109//312 1110//312
f 1109//312 1111//312 1110//312
f 1112//313 1113//313 1114//313
f 1113//313 1115//313 1114//313
f 1114//314 1115//314 1111//314
f 1115//314 1110//314 1111//314
f 1113//315 1112//315 1116//315
f 1112//315 1117//315 1116//315
f 1116//316 1117//316 1118//316
f 1117//316 1119//316 1118//316
f 1118//317 1119//317 1120//317
f 1119//317 1121//317 1120//317
f 1120//318 1121//318 1122//318
f 1121//318 1123//318 1122//318
f 1122//319 1123//319 1124//319
f 1123//319 1125//319 1124//319
f 1124//320 1125//320 1126//320
f 1125//320 1127//320 1126//320
f 1126//321 1127//321 1128//321
f 1127//321 1129//321 1128//321
f 1128//322 1129//322 1000//322
f 1129//322 1001//322 1000//322
f 1085//323 1084//323 1130//323
f 1084//323 1131//323 1130//323
f 1132//324 1133//324 1134//324
f 1133//324 1135//324 1134//324
f 1134//325 1135//325 1136//325
f 1135//325 1137//325 1136//325
f 1136//326 1137//326 1138//326
f 1137//326 1139//326 1138//326
f 1138//327 1139//327 1140//327
f 1139//327 1141//327 1140//327
f 1140//328 1141//328 1142//328
f 1141//328 1143//328 1142//328
f 1142//329 1143//329 1131//329
f 1143//329 1130//329 1131//329
f 1144//330 1145//330 1132//330
f 1145//330 1133//330 1132//330
f 1145//130 1144//130 1146//130
f 1144//130 1147//130 1146//130
f 1148//331 1149//331 1150//331
f 1149//331 1151//331 1150//331
f 1150//332 1151//332 1152//332
f 1151//332 1153//332 1152//332
f 1152//333 1153//333 1154//333
f 1153//333 1155//333 1154//333
f 1154//334 1155//334 1156//334
f 1155//334 1157//334 1156//334
f 1156//335 1157//335 1158//335
f 1157//335 1159//335 1158//335
f 1158//336 1159//336 1058//336
f 1159//336 1056//336 1058//336
f 1160//337 1161//337 1162//337
f 1160//337 1162//337 1163//337
f 1162//338 1164//338 1163//338
f 1163//338 1164//338 1165//338
f 1164//339 1149//339 1165//339
f 1165//339 1149//339 1148//339
f 1166//340 1167//340 1168//340
f 1166//340 1168//340 1169//340
f 1168//341 1170//341 1169//341
f 1169//341 1170//341 1171//341
f 1170//342 1172//342 1171//342
f 1171//342 1172//342 1173//342
f 1167//343 1166//343 1174//343
f 1166//343 1175//343 1174//343
f 1174//344 1175//344 1176//344
f 1175//344 1177//344 1176//344
f 1176//345 1177//345 1178//345
f 1177//345 1179//345 1178//345
f 1178//346 1179//346 1180//346
f 1179//346 1181//346 1180//346
f 1180//347 1181//347 1182//347
f 1181//347 1183//347 1182//347
f 1182//348 1183//348 1060//348
f 1183//348 1061//348 1060//348
f 1173//130 1172//130 1184//130
f 1172//130 1185//130 1184//130
f 1037//323 1036//323 1186//323
f 1036//323 1187//323 1186//323
f 1186//349 1187//349 1188//349
f 1187//349 1189//349 1188//349
f 1188//350 1189//350 1190//350
f 1189//350 1191//350 1190//350
f 1190//351 1191//351 1192//351
f 1191//351 1193//351 1192//351
f 1192//352 1193//352 1194//352
f 1193//352 1195//352 1194//352
f 1194//353 1195//353 1196//353
f 1195//353 1197//353 1196//353
f 1196//354 1197//354 1198//354
f 1197//354 1199//354 1198//354
f 1200//355 1201//355 1199//355
f 1201//355 1198//355 1199//355
f 1201//132 1200//132 1202//132
f 1200//132 1203//132 1202//132
f 997//356 996//356 1204//356
f 996//356 1205//356 1204//356
f 1204//357 1205//357 1206//357
f 1205//357 1207//357 1206//357
f 1206//358 1207//358 1208//358
f 1207//358 1209//358 1208//358
f 1208//359 1209//359 1210//359
f 1209//359 1211//359 1210//359
f 1210//360 1211//360 1212//360
f 1211//360 1213//360 1212//360
f 1212//361 1213//361 1017//361
f 1213//361 1019//361 1017//361
f 1214//362 1215//362 1216//362
f 1215//362 1217//362 1216//362
f 1216//363 1217//363 1218//363
f 1217//363 1219//363 1218//363
f 1218//364 1219//364 1220//364
f 1219//364 1221//364 1220//364
f 1220//365 1221//365 1222//365
f 1221//365 1223//365 1222//365
f 1222//366 1223//366 1224//366
f 1223//366 1225//366 1224//366
f 1224//367 1225//367 1226//367
f 1225//367 1227//367 1226//367
f 1226//368 1227//368 1228//368
f 1227//368 1229//368 1228//368
f 1228//369 1229//369 1230//369
f 1229//369 1231//369 1230//369
f 1230//370 1231//370 1232//370
f 1231//370 1233//370 1232//370
f 1232//371 1233//371 1234//371
f 1233//371 1235//371 1234//371
f 1234//372 1235//372 1236//372
f 1235//372 1237//372 1236//372
f 1236//373 1237//373 1238//373
f 1237//373 1239//373 1238//373
f 1238//374 1239//374 1240//374
f 1239//374 1241//374 1240//374
f 1240//375 1241//375 1242//375
f 1241//375 1243//375 1242//375
f 1242//376 1243//376 1244//376
f 1243//376 1245//376 1244//376
f 1244//377 1245//377 1246//377
f 1245//377 1247//377 1246//377
f 1246//378 1247//378 1248//378
f 1247//378 1249//378 1248//378
f 1248//379 1249//379 1250//379
f 1249//379 1251//379 1250//379
f 1250//380 1251//380 1252//380
f 1251//380 1253//380 1252//380
f 1252//381 1253//381 1254//381
f 1253//381 1255//381 1254//381
f 1254//382 1255//382 1256//382
f 1255//382 1257//382 1256//382
f 1256//383 1257//383 1258//383
f 1257//383 1259//383 1258//383
f 1258//384 1259//384 1260//384
f 1259//384 1261//384 1260//384
f 1260//385 1261//385 1214//385
f 1261//385 1215//385 1214//385
f 1262//386 1263//386 1264//386
f 1263//386 1265//386 1264//386
f 1264//387 1265//387 1266//387
f 1265//387 1267//387 1266//387
f 1266//388 1267//388 1268//388
f 1267//388 1269//388 1268//388
f 1268//389 1269//389 1270//389
f 1269//389 1271//389 1270//389
f 1270//390 1271//390 1272//390
f 1271//390 1273//390 1272//390
f 1272//391 1273//391 1274//391
f 1273//391 1275//391 1274//391
f 1274//392 1275//392 1276//392
f 1275//392 1277//392 1276//392
f 1276//393 1277//393 1278//393
f 1277//393 1279//393 1278//393
f 1278//394 1279//394 1280//394
f 1279//394 1281//394 1280//394
f 1280//395 1281//395 1282//395
f 1281//395 1283//395 1282//395
f 1282//396 1283//396 1284//396
f 1283//396 1285//396 1284//396
f 1284//397 1285//397 1286//397
f 1285//397 1287//397 1286//397
f 1286//398 1287//398 1288//398
f 1287//398 1289//398 1288//398
f 1288//363 1289//363 1290//363
f 1289//363 1291//363 1290//363
f 1290//399 1291//399 1292//399
f 1291//399 1293//399 1292//399
f 1292//400 1293//400 1294//400
f 1293//400 1295//400 1294//400
f 1294//401 1295//401 1296//401
f 1295//401 1297//401 1296//401
f 1296//367 1297//367 1298//367
f 1297//367 1299//367 1298//367
f 1298//368 1299//368 1300//368
f 1299//368 1301//368 1300//368
f 1300//402 1301//402 1302//402
f 1301//402 1303//402 1302//402
f 1302//403 1303//403 1304//403
f 1303//403 1305//403 1304//403
f 1304//404 1305//404 1306//404
f 1305//404 1307//404 1306//404
f 1306//372 1307//372 1308//372
f 1307//372 1309//372 1308//372
f 1308//405 1309//405 1262//405
f 1309//405 1263//405 1262//405
f 1310//406 1311//406 1312//406
f 1311//407 1313//407 1312//407
f 1312//408 1313//408 1314//408
f 1313//408 1315//408 1314//408
f 1314//409 1315//409 1316//409
f 1315//409 1317//409 1316//409
f 1316//410 1317//410 1318//410
f 1317//410 1319//410 1318//410
f 1318//411 1319//411 1320//411
f 1319//411 1321//411 1320//411
f 1320//412 1321//412 1322//412
f 1321//412 1323//412 1322//412
f 1322//413 1323//413 1324//413
f 1323//413 1325//413 1324//413
f 1324//414 1325//414 1326//414
f 1325//414 1327//414 1326//414
f 1326//415 1327//415 1328//415
f 1327//415 1329//415 1328//415
f 1328//416 1329//416 1330//416
f 1329//416 1331//416 1330//416
f 1330//417 1331//417 1332//417
f 1331//417 1333//417 1332//417
f 1332//418 1333//418 1334//418
f 1333//418 1335//418 1334//418
f 1334//419 1335//419 1336//419
f 1335//419 1337//419 1336//419
f 1337//420 1338//420 1336//420
f 1336//421 1338//421 1339//421
f 1338//422 1340//422 1339//422
f 1339//423 1340//423 1341//423
f 1340//423 1342//423 1341//423
f 1341//424 1342//424 1343//424
f 1342//424 1344//424 1343//424
f 1343//425 1344//425 1345//425
f 1344//425 1346//425 1345//425
f 1345//426 1346//426 1347//426
f 1346//426 1348//426 1347//426
f 1347//427 1348//427 1349//427
f 1348//427 1350//427 1349//427
f 1349//428 1350//428 1351//428
f 1350//428 1352//428 1351//428
f 1351//429 1352//429 1353//429
f 1352//429 1354//429 1353//429
f 1353//430 1354//430 1355//430
f 1354//430 1356//430 1355//430
f 1355//431 1356//431 1357//431
f 1356//431 1358//431 1357//431
f 1357//432 1358//432 1310//432
f 1358//432 1359//432 1310//432
f 1310//433 1359//433 1311//433
f 1360//130 1361//130 1362//130
f 1361//130 1363//130 1362//130
f 1364//434 1365//434 1366//434
f 1365//434 1367//434 1366//434
f 1366//435 1367//435 1368//435
f 1367//435 1369//435 1368//435
f 1368//436 1369//436 1370//436
f 1369//436 1371//436 1370//436
f 1370//437 1371//437 1372//437
f 1371//437 1373//437 1372//437
f 1372//438 1373//438 1374//438
f 1373//438 1375//438 1374//438
f 1374//439 1375//439 1376//439
f 1375//439 1377//439 1376//439
f 1376//440 1377//440 1378//440
f 1377//440 1379//440 1378//440
f 1378//441 1379//441 1380//441
f 1379//441 1381//441 1380//441
f 1380//442 1381//442 1382//442
f 1381//442 1383//442 1382//442
f 1382//443 1383//443 1384//443
f 1383//443 1385//443 1384//443
f 1384//444 1385//444 1386//444
f 1385//444 1387//444 1386//444
f 1386//445 1387//445 1360//445
f 1387//445 1361//445 1360//445
f 1365//132 1364//132 1388//132
f 1364//132 1389//132 1388//132
f 1390//92 1391//92 1392//92
f 1391//92 1393//92 1392//92
f 1392//92 1393//92 1394//92
f 1392//92 1395//92 1396//92
f 1395//92 1397//92 1396//92
f 1396//92 1397//92 1398//92
f 1398//92 1399//92 1396//92
f 1399//92 1400//92 1396//92
f 1396//92 1400//92 1401//92
f 1401//92 1402//92 1396//92
f 1402//92 1403//92 1396//92
f 1396//92 1403//92 1404//92
f 1394//92 1405//92 1392//92
f 1405//92 1406//92 1392//92
f 1392//92 1406//92 1395//92
f 1402//92 1407//92 1403//92
f 1407//92 1408//92 1403//92
f 1403//92 1408//92 1409//92
f 1409//92 1410//92 1403//92
f 1410//92 1411//92 1403//92
f 1403//92 1411//92 1412//92
f 1413//92 1414//92 1415//92
f 1416//92 1417//92 1392//92
f 1417//92 1418//92 1392//92
f 1392//92 1418//92 1390//92
f 1415//92 1419//92 1413//92
f 1419//92 1420//92 1413//92
f 1413//92 1420//92 1404//92
f 1420//92 1421//92 1404//92
f 1404//92 1421//92 1396//92
f 1422//92 1423//92 1392//92
f 1423//92 1424//92 1392//92
f 1392//92 1424//92 1416//92
f 1425//92 1426//92 1427//92
f 1427//92 1426//92 1428//92
f 1429//92 1430//92 1431//92
f 1432//92 1428//92 1433//92
f 1431//92 1434//92 1429//92
f 1434//92 1435//92 1429//92
f 1429//92 1435//92 1436//92
f 1436//92 1437//92 1429//92
f 1437//92 1438//92 1429//92
f 1429//92 1438//92 1439//92
f 1426//92 1440//92 1430//92
f 1440//92 1441//92 1430//92
f 1430//92 1441//92 1442//92
f 1442//92 1443//92 1430//92
f 1443//92 1444//92 1430//92
f 1430//92 1444//92 1431//92
f 1426//92 1430//92 1428//92
f 1430//92 1445//92 1428//92
f 1428//92 1445//92 1433//92
f 1446//92 1427//92 1447//92
f 1427//92 1448//92 1447//92
f 1446//92 1449//92 1427//92
f 1449//92 1450//92 1427//92
f 1427//92 1450//92 1425//92
f 1439//92 1451//92 1429//92
f 1451//92 1452//92 1429//92
f 1429//92 1452//92 1453//92
f 1453//92 1454//92 1429//92
f 1454//92 1455//92 1429//92
f 1429//92 1455//92 1456//92
f 1432//92 1433//92 1457//92
f 1433//92 1458//92 1457//92
f 1457//92 1458//92 1459//92
f 1460//92 1461//92 1462//92
f 1461//92 1463//92 1462//92
f 1460//92 1462//92 1464//92
f 1462//92 1465//92 1464//92
f 1464//92 1465//92 1466//92
f 1463//92 1467//92 1462//92
f 1467//92 1468//92 1462//92
f 1462//92 1468//92 1469//92
f 1468//92 1470//92 1469//92
f 1466//92 1471//92 1464//92
f 1471//92 1472//92 1464//92
f 1464//92 1472//92 1473//92
f 1466//92 1474//92 1471//92
f 1474//92 1475//92 1471//92
f 1471//92 1475//92 1476//92
f 1463//92 1477//92 1467//92
f 1477//92 1478//92 1467//92
f 1467//92 1478//92 1479//92
f 1479//92 1480//92 1467//92
f 1480//92 1481//92 1467//92
f 1467//92 1481//92 1482//92
f 1476//92 1483//92 1471//92
f 1483//92 1484//92 1471//92
f 1471//92 1484//92 1485//92
f 1468//92 1486//92 1470//92
f 1486//92 1487//92 1470//92
f 1470//92 1487//92 1488//92
f 1487//92 1489//92 1488//92
f 1490//288 1469//288 1491//288
f 1469//288 1470//288 1491//288
f 1491//289 1470//289 1492//289
f 1470//289 1488//289 1492//289
f 1492//290 1488//290 1493//290
f 1488//290 1489//290 1493//290
f 1493//291 1489//291 1494//291
f 1489//291 1487//291 1494//291
f 1494//292 1487//292 1495//292
f 1487//292 1486//292 1495//292
f 1495//293 1486//293 1496//293
f 1486//293 1468//293 1496//293
f 1429//294 1497//294 1498//294
f 1429//294 1498//294 1430//294
f 1498//295 1499//295 1430//295
f 1430//295 1499//295 1445//295
f 1469//296 1490//296 1500//296
f 1469//296 1500//296 1462//296
f 1500//297 1501//297 1462//297
f 1462//297 1501//297 1465//297
f 1501//298 1502//298 1465//298
f 1465//298 1502//298 1466//298
f 1445//299 1499//299 1433//299
f 1499//299 1503//299 1433//299
f 1433//300 1503//300 1458//300
f 1503//300 1504//300 1458//300
f 1458//301 1504//301 1459//301
f 1504//301 1505//301 1459//301
f 1459//302 1505//302 1457//302
f 1505//302 1506//302 1457//302
f 1457//303 1506//303 1432//303
f 1506//303 1507//303 1432//303
f 1432//304 1507//304 1428//304
f 1507//304 1508//304 1428//304
f 1497//305 1429//305 1509//305
f 1429//305 1456//305 1509//305
f 1509//306 1456//306 1510//306
f 1456//306 1455//306 1510//306
f 1510//307 1455//307 1511//307
f 1455//307 1454//307 1511//307
f 1511//308 1454//308 1512//308
f 1454//308 1453//308 1512//308
f 1512//309 1453//309 1513//309
f 1453//309 1452//309 1513//309
f 1513//310 1452//310 1514//310
f 1452//310 1451//310 1514//310
f 1514//311 1451//311 1515//311
f 1451//311 1439//311 1515//311
f 1515//312 1439//312 1516//312
f 1439//312 1438//312 1516//312
f 1436//313 1517//313 1437//313
f 1517//313 1518//313 1437//313
f 1437//314 1518//314 1438//314
f 1518//314 1516//314 1438//314
f 1517//315 1436//315 1519//315
f 1436//315 1435//315 1519//315
f 1519//316 1435//316 1520//316
f 1435//316 1434//316 1520//316
f 1520//317 1434//317 1521//317
f 1434//317 1431//317 1521//317
f 1521//318 1431//318 1522//318
f 1431//318 1444//318 1522//318
f 1522//319 1444//319 1523//319
f 1444//319 1443//319 1523//319
f 1523//320 1443//320 1524//320
f 1443//320 1442//320 1524//320
f 1524//321 1442//321 1525//321
f 1442//321 1441//321 1525//321
f 1525//322 1441//322 1526//322
f 1441//322 1440//322 1526//322
f 1466//323 1502//323 1474//323
f 1502//323 1527//323 1474//323
f 1528//324 1471//324 1529//324
f 1471//324 1485//324 1529//324
f 1529//325 1485//325 1530//325
f 1485//325 1484//325 1530//325
f 1530//326 1484//326 1531//326
f 1484//326 1483//326 1531//326
f 1531//327 1483//327 1532//327
f 1483//327 1476//327 1532//327
f 1532//328 1476//328 1533//328
f 1476//328 1475//328 1533//328
f 1533//329 1475//329 1527//329
f 1475//329 1474//329 1527//329
f 1534//330 1472//330 1528//330
f 1472//330 1471//330 1528//330
f 1535//132 1536//132 1537//132
f 1536//132 1538//132 1537//132
f 1539//356 1425//356 1540//356
f 1425//356 1450//356 1540//356
f 1540//357 1450//357 1541//357
f 1450//357 1449//357 1541//357
f 1541//358 1449//358 1542//358
f 1449//358 1446//358 1542//358
f 1542//359 1446//359 1543//359
f 1446//359 1447//359 1543//359
f 1543//360 1447//360 1544//360
f 1447//360 1448//360 1544//360
f 1544//361 1448//361 1545//361
f 1448//361 1427//361 1545//361
f 1536//355 1535//355 1546//355
f 1535//355 1547//355 1546//355
f 1548//349 1549//349 1550//349
f 1549//349 1551//349 1550//349
f 1550//350 1551//350 1552//350
f 1551//350 1553//350 1552//350
f 1552//351 1553//351 1554//351
f 1553//351 1555//351 1554//351
f 1554//352 1555//352 1556//352
f 1555//352 1557//352 1556//352
f 1556//353 1557//353 1558//353
f 1557//353 1559//353 1558//353
f 1558//354 1559//354 1547//354
f 1559//354 1546//354 1547//354
f 1560//323 1561//323 1548//323
f 1561//323 1549//323 1548//323
f 1472//130 1534//130 1473//130
f 1534//130 1562//130 1473//130
f 1563//132 1460//132 1564//132
f 1460//132 1464//132 1564//132
f 1477//331 1565//331 1478//331
f 1565//331 1566//331 1478//331
f 1478//332 1566//332 1479//332
f 1566//332 1567//332 1479//332
f 1479//333 1567//333 1480//333
f 1567//333 1568//333 1480//333
f 1480//334 1568//334 1481//334
f 1568//334 1569//334 1481//334
f 1481//335 1569//335 1482//335
f 1569//335 1570//335 1482//335
f 1482//336 1570//336 1467//336
f 1570//336 1571//336 1467//336
f 1460//337 1563//337 1572//337
f 1460//337 1572//337 1461//337
f 1572//338 1573//338 1461//338
f 1461//338 1573//338 1463//338
f 1573//339 1565//339 1463//339
f 1463//339 1565//339 1477//339
f 1574//340 1575//340 1576//340
f 1574//340 1576//340 1577//340
f 1576//341 1578//341 1577//341
f 1577//341 1578//341 1579//341
f 1578//342 1580//342 1579//342
f 1579//342 1580//342 1581//342
f 1575//343 1574//343 1582//343
f 1574//343 1583//343 1582//343
f 1582//344 1583//344 1584//344
f 1583//344 1585//344 1584//344
f 1584//345 1585//345 1586//345
f 1585//345 1587//345 1586//345
f 1586//346 1587//346 1588//346
f 1587//346 1589//346 1588//346
f 1588//347 1589//347 1590//347
f 1589//347 1591//347 1590//347
f 1590//348 1591//348 1592//348
f 1591//348 1593//348 1592//348
f 1571//286 1496//286 1467//286
f 1496//286 1468//286 1467//286
f 1594//287 1592//287 1595//287
f 1592//287 1593//287 1595//287
f 1596//280 1597//280 1598//280
f 1597//280 1599//280 1598//280
f 1598//281 1599//281 1600//281
f 1599//281 1601//281 1600//281
f 1600//282 1601//282 1602//282
f 1601//282 1603//282 1602//282
f 1602//283 1603//283 1604//283
f 1603//283 1605//283 1604//283
f 1604//284 1605//284 1606//284
f 1605//284 1607//284 1606//284
f 1606//285 1607//285 1595//285
f 1607//285 1594//285 1595//285
f 1421//275 1608//275 1609//275
f 1421//275 1609//275 1396//275
f 1609//276 1610//276 1396//276
f 1396//276 1610//276 1392//276
f 1561//277 1560//277 1611//277
f 1561//277 1611//277 1612//277
f 1611//278 1613//278 1612//278
f 1612//278 1613//278 1614//278
f 1613//279 1597//279 1614//279
f 1614//279 1597//279 1596//279
f 1608//269 1421//269 1615//269
f 1421//269 1420//269 1615//269
f 1615//270 1420//270 1616//270
f 1420//270 1419//270 1616//270
f 1616//271 1419//271 1617//271
f 1419//271 1415//271 1617//271
f 1617//272 1415//272 1618//272
f 1415//272 1414//272 1618//272
f 1618//273 1414//273 1619//273
f 1414//273 1413//273 1619//273
f 1619//274 1413//274 1620//274
f 1413//274 1404//274 1620//274
f 1508//268 1545//268 1428//268
f 1545//268 1427//268 1428//268
f 1621//267 1620//267 1403//267
f 1620//267 1404//267 1403//267
f 1407//261 1622//261 1408//261
f 1622//261 1623//261 1408//261
f 1408//262 1623//262 1409//262
f 1623//262 1624//262 1409//262
f 1409//263 1624//263 1410//263
f 1624//263 1625//263 1410//263
f 1410//264 1625//264 1411//264
f 1625//264 1626//264 1411//264
f 1411//265 1626//265 1412//265
f 1626//265 1627//265 1412//265
f 1412//266 1627//266 1403//266
f 1627//266 1621//266 1403//266
f 1425//259 1539//259 1628//259
f 1425//259 1628//259 1426//259
f 1628//260 1526//260 1426//260
f 1426//260 1526//260 1440//260
f 1401//257 1629//257 1630//257
f 1401//257 1630//257 1402//257
f 1630//258 1622//258 1402//258
f 1402//258 1622//258 1407//258
f 1629//249 1401//249 1631//249
f 1401//249 1400//249 1631//249
f 1631//250 1400//250 1632//250
f 1400//250 1399//250 1632//250
f 1632//251 1399//251 1633//251
f 1399//251 1398//251 1633//251
f 1633//252 1398//252 1634//252
f 1398//252 1397//252 1634//252
f 1634//253 1397//253 1635//253
f 1397//253 1395//253 1635//253
f 1635//254 1395//254 1636//254
f 1395//254 1406//254 1636//254
f 1636//255 1406//255 1637//255
f 1406//255 1405//255 1637//255
f 1637//256 1405//256 1638//256
f 1405//256 1394//256 1638//256
f 1391//446 1639//446 1393//446
f 1639//446 1640//446 1393//446
f 1393//447 1640//447 1394//447
f 1640//447 1638//447 1394//447
f 1639//448 1391//448 1641//448
f 1391//448 1390//448 1641//448
f 1641//449 1390//449 1642//449
f 1390//449 1418//449 1642//449
f 1642//450 1418//450 1643//450
f 1418//450 1417//450 1643//450
f 1643//451 1417//451 1644//451
f 1417//451 1416//451 1644//451
f 1644//452 1416//452 1645//452
f 1416//452 1424//452 1645//452
f 1645//453 1424//453 1646//453
f 1424//453 1423//453 1646//453
f 1646//454 1423//454 1647//454
f 1423//454 1422//454 1647//454
f 1647//455 1422//455 1610//455
f 1422//455 1392//455 1610//455
f 1549//92 1561//92 1546//92
f 1648//92 1538//92 1536//92
f 1577//92 1579//92 1614//92
f 1579//92 1581//92 1614//92
f 1614//92 1581//92 1612//92
f 1581//92 1648//92 1612//92
f 1612//92 1648//92 1561//92
f 1648//92 1536//92 1561//92
f 1561//92 1536//92 1546//92
f 1583//92 1574//92 1593//92
f 1574//92 1577//92 1593//92
f 1593//92 1577//92 1595//92
f 1577//92 1614//92 1595//92
f 1555//92 1546//92 1557//92
f 1546//92 1559//92 1557//92
f 1555//92 1553//92 1546//92
f 1553//92 1551//92 1546//92
f 1546//92 1551//92 1549//92
f 1602//92 1604//92 1606//92
f 1593//92 1591//92 1589//92
f 1589//92 1587//92 1593//92
f 1587//92 1585//92 1593//92
f 1593//92 1585//92 1583//92
f 1614//92 1596//92 1595//92
f 1596//92 1598//92 1595//92
f 1595//92 1598//92 1606//92
f 1598//92 1600//92 1606//92
f 1606//92 1600//92 1602//92
f 1649//446 1650//446 1651//446
f 1650//446 1652//446 1651//446
f 1651//447 1652//447 991//447
f 1652//447 990//447 991//447
f 1650//448 1649//448 1653//448
f 1649//448 1654//448 1653//448
f 1653//449 1654//449 1655//449
f 1654//449 1656//449 1655//449
f 1655//450 1656//450 1657//450
f 1656//450 1658//450 1657//450
f 1657//451 1658//451 1659//451
f 1658//451 1660//451 1659//451
f 1659//452 1660//452 1661//452
f 1660//452 1662//452 1661//452
f 1661//453 1662//453 1663//453
f 1662//453 1664//453 1663//453
f 1663//454 1664//454 1665//454
f 1664//454 1666//454 1665//454
f 1665//455 1666//455 1034//455
f 1666//455 1035//455 1034//455
f 1172//52 1170//52 1040//52
f 1170//52 1168//52 1040//52
f 1172//52 1040//52 1185//52
f 1040//52 1038//52 1185//52
f 1185//52 1038//52 1037//52
f 1168//52 1060//52 1040//52
f 1060//52 1055//52 1040//52
f 1040//52 1055//52 1042//52
f 1055//52 1045//52 1042//52
f 1037//52 1198//52 1185//52
f 1198//52 1201//52 1185//52
f 1185//52 1201//52 1202//52
f 1037//52 1186//52 1198//52
f 1186//52 1188//52 1198//52
f 1198//52 1188//52 1190//52
f 1168//52 1167//52 1060//52
f 1167//52 1174//52 1060//52
f 1060//52 1174//52 1176//52
f 1176//52 1178//52 1060//52
f 1178//52 1180//52 1060//52
f 1060//52 1180//52 1182//52
f 1190//52 1192//52 1198//52
f 1192//52 1194//52 1198//52
f 1198//52 1194//52 1196//52
f 1055//52 1053//52 1045//52
f 1053//52 1051//52 1045//52
f 1045//52 1051//52 1047//52
f 1051//52 1049//52 1047//52
f 1131//52 1084//52 1132//52
f 1149//52 1164//52 1056//52
f 1056//52 1164//52 1057//52
f 1667//52 1147//52 1144//52
f 1131//52 1132//52 1142//52
f 1164//52 1162//52 1080//52
f 1162//52 1161//52 1080//52
f 1080//52 1161//52 1082//52
f 1161//52 1667//52 1082//52
f 1082//52 1667//52 1084//52
f 1667//52 1144//52 1084//52
f 1084//52 1144//52 1132//52
f 1132//52 1134//52 1136//52
f 1164//52 1080//52 1057//52
f 1080//52 1062//52 1057//52
f 1057//52 1062//52 1064//52
f 1136//52 1138//52 1132//52
f 1138//52 1140//52 1132//52
f 1132//52 1140//52 1142//52
f 1155//52 1056//52 1157//52
f 1056//52 1159//52 1157//52
f 1155//52 1153//52 1056//52
f 1153//52 1151//52 1056//52
f 1056//52 1151//52 1149//52
f 1064//52 1066//52 1068//52
f 1068//52 1070//52 1064//52
f 1070//52 1072//52 1064//52
f 1064//52 1072//52 1057//52
f 1120//52 1076//52 1075//52
f 1075//52 1115//52 1113//52
f 1120//52 1122//52 1076//52
f 1122//52 1124//52 1076//52
f 1076//52 1124//52 1126//52
f 998//52 1017//52 1076//52
f 1017//52 1016//52 1076//52
f 1076//52 1016//52 1078//52
f 1016//52 1087//52 1078//52
f 1113//52 1116//52 1075//52
f 1116//52 1118//52 1075//52
f 1075//52 1118//52 1120//52
f 1126//52 1128//52 1076//52
f 1128//52 1000//52 1076//52
f 1076//52 1000//52 998//52
f 998//52 997//52 1017//52
f 997//52 1204//52 1017//52
f 1017//52 1204//52 1206//52
f 1206//52 1208//52 1017//52
f 1208//52 1210//52 1017//52
f 1017//52 1210//52 1212//52
f 1016//52 1095//52 1087//52
f 1095//52 1093//52 1087//52
f 1087//52 1093//52 1089//52
f 1093//52 1091//52 1089//52
f 1115//52 1075//52 1110//52
f 1075//52 1096//52 1110//52
f 1110//52 1096//52 1108//52
f 1096//52 1098//52 1108//52
f 1108//52 1098//52 1100//52
f 1100//52 1102//52 1108//52
f 1102//52 1104//52 1108//52
f 1108//52 1104//52 1106//52
f 1034//52 1032//52 984//52
f 1030//52 1014//52 1022//52
f 1003//52 994//52 1013//52
f 994//52 992//52 1013//52
f 1013//52 992//52 1014//52
f 984//52 986//52 1034//52
f 986//52 988//52 1034//52
f 1034//52 988//52 990//52
f 992//52 974//52 1032//52
f 974//52 976//52 1032//52
f 1032//52 976//52 978//52
f 978//52 980//52 1032//52
f 980//52 982//52 1032//52
f 1032//52 982//52 984//52
f 990//52 1652//52 1034//52
f 1652//52 1650//52 1034//52
f 1034//52 1650//52 1665//52
f 1650//52 1653//52 1665//52
f 1665//52 1653//52 1663//52
f 992//52 1032//52 1014//52
f 1032//52 1020//52 1014//52
f 1014//52 1020//52 1022//52
f 1013//52 1011//52 1009//52
f 1009//52 1007//52 1013//52
f 1007//52 1005//52 1013//52
f 1013//52 1005//52 1003//52
f 1030//52 1022//52 1028//52
f 1022//52 1024//52 1028//52
f 1028//52 1024//52 1026//52
f 1653//52 1655//52 1663//52
f 1655//52 1657//52 1663//52
f 1663//52 1657//52 1661//52
f 1657//52 1659//52 1661//52
f 1668//130 1669//130 1670//130
f 1669//130 1671//130 1670//130
f 1672//434 1673//434 1674//434
f 1673//434 1675//434 1674//434
f 1674//435 1675//435 1676//435
f 1675//435 1677//435 1676//435
f 1676//436 1677//436 1678//436
f 1677//436 1679//436 1678//436
f 1678//437 1679//437 1680//437
f 1679//437 1681//437 1680//437
f 1680//438 1681//438 1682//438
f 1681//438 1683//438 1682//438
f 1682//439 1683//439 1684//439
f 1683//439 1685//439 1684//439
f 1684//440 1685//440 1686//440
f 1685//440 1687//440 1686//440
f 1686//441 1687//441 1688//441
f 1687//441 1689//441 1688//441
f 1688//442 1689//442 1690//442
f 1689//442 1691//442 1690//442
f 1690//443 1691//443 1692//443
f 1691//443 1693//443 1692//443
f 1692//444 1693//444 1694//444
f 1693//444 1695//444 1694//444
f 1694//445 1695//445 1668//445
f 1695//445 1669//445 1668//445
f 1673//132 1672//132 1696//132
f 1672//132 1697//132 1696//132
f 1698//456 1699//456 1700//456
f 1699//420 1701//420 1700//420
f 1700//419 1701//419 1702//419
f 1701//419 1703//419 1702//419
f 1702//418 1703//418 1704//418
f 1703//418 1705//418 1704//418
f 1704//417 1705//417 1706//417
f 1705//417 1707//417 1706//417
f 1706//416 1707//416 1708//416
f 1707//416 1709//416 1708//416
f 1708//415 1709//415 1710//415
f 1709//415 1711//415 1710//415
f 1710//414 1711//414 1712//414
f 1711//414 1713//414 1712//414
f 1712//413 1713//413 1714//413
f 1713//413 1715//413 1714//413
f 1714//412 1715//412 1716//412
f 1715//412 1717//412 1716//412
f 1716//411 1717//411 1718//411
f 1717//411 1719//411 1718//411
f 1718//410 1719//410 1720//410
f 1719//410 1721//410 1720//410
f 1720//409 1721//409 1722//409
f 1721//409 1723//409 1722//409
f 1722//408 1723//408 1724//408
f 1723//408 1725//408 1724//408
f 1725//407 1726//407 1724//407
f 1724//457 1726//457 1727//457
f 1726//433 1728//433 1727//433
f 1727//432 1728//432 1729//432
f 1728//432 1730//432 1729//432
f 1729//431 1730//431 1731//431
f 1730//431 1732//431 1731//431
f 1731//430 1732//430 1733//430
f 1732//430 1734//430 1733//430
f 1733//429 1734//429 1735//429
f 1734//429 1736//429 1735//429
f 1735//428 1736//428 1737//428
f 1736//428 1738//428 1737//428
f 1737//427 1738//427 1739//427
f 1738//427 1740//427 1739//427
f 1739//426 1740//426 1741//426
f 1740//426 1742//426 1741//426
f 1741//425 1742//425 1743//425
f 1742//425 1744//425 1743//425
f 1743//424 1744//424 1745//424
f 1744//424 1746//424 1745//424
f 1745//423 1746//423 1698//423
f 1746//423 1747//423 1698//423
f 1698//422 1747//422 1699//422
f 1748//386 1749//386 1750//386
f 1749//386 1751//386 1750//386
f 1750//387 1751//387 1752//387
f 1751//387 1753//387 1752//387
f 1752//388 1753//388 1754//388
f 1753//388 1755//388 1754//388
f 1754//389 1755//389 1756//389
f 1755//389 1757//389 1756//389
f 1756//390 1757//390 1758//390
f 1757//390 1759//390 1758//390
f 1758//391 1759//391 1760//391
f 1759//391 1761//391 1760//391
f 1760//392 1761//392 1762//392
f 1761//392 1763//392 1762//392
f 1762//393 1763//393 1764//393
f 1763//393 1765//393 1764//393
f 1764//394 1765//394 1766//394
f 1765//394 1767//394 1766//394
f 1766//395 1767//395 1768//395
f 1767//395 1769//395 1768//395
f 1768//396 1769//396 1770//396
f 1769//396 1771//396 1770//396
f 1770//397 1771//397 1772//397
f 1771//397 1773//397 1772//397
f 1772//398 1773//398 1774//398
f 1773//398 1775//398 1774//398
f 1774//363 1775//363 1776//363
f 1775//363 1777//363 1776//363
f 1776//399 1777//399 1778//399
f 1777//399 1779//399 1778//399
f 1778//400 1779//400 1780//400
f 1779//400 1781//400 1780//400
f 1780//401 1781//401 1782//401
f 1781//401 1783//401 1782//401
f 1782//367 1783//367 1784//367
f 1783//367 1785//367 1784//367
f 1784//368 1785//368 1786//368
f 1785//368 1787//368 1786//368
f 1786//402 1787//402 1788//402
f 1787//402 1789//402 1788//402
f 1788//403 1789//403 1790//403
f 1789//403 1791//403 1790//403
f 1790//404 1791//404 1792//404
f 1791//404 1793//404 1792//404
f 1792//372 1793//372 1794//372
f 1793//372 1795//372 1794//372
f 1794//405 1795//405 1748//405
f 1795//405 1749//405 1748//405
f 1796//362 1797//362 1798//362
f 1797//362 1799//362 1798//362
f 1798//363 1799//363 1800//363
f 1799//363 1801//363 1800//363
f 1800//364 1801//364 1802//364
f 1801//364 1803//364 1802//364
f 1802//365 1803//365 1804//365
f 1803//365 1805//365 1804//365
f 1804//366 1805//366 1806//366
f 1805//366 1807//366 1806//366
f 1806//367 1807//367 1808//367
f 1807//367 1809//367 1808//367
f 1808//368 1809//368 1810//368
f 1809//368 1811//368 1810//368
f 1810//369 1811//369 1812//369
f 1811//369 1813//369 1812//369
f 1812//370 1813//370 1814//370
f 1813//370 1815//370 1814//370
f 1814//371 1815//371 1816//371
f 1815//371 1817//371 1816//371
f 1816//372 1817//372 1818//372
f 1817//372 1819//372 1818//372
f 1818//373 1819//373 1820//373
f 1819//373 1821//373 1820//373
f 1820//374 1821//374 1822//374
f 1821//374 1823//374 1822//374
f 1822//375 1823//375 1824//375
f 1823//375 1825//375 1824//375
f 1824//376 1825//376 1826//376
f 1825//376 1827//376 1826//376
f 1826//377 1827//377 1828//377
f 1827//377 1829//377 1828//377
f 1828//378 1829//378 1830//378
f 1829//378 1831//378 1830//378
f 1830//379 1831//379 1832//379
f 1831//379 1833//379 1832//379
f 1832//380 1833//380 1834//380
f 1833//380 1835//380 1834//380
f 1834//381 1835//381 1836//381
f 1835//381 1837//381 1836//381
f 1836//382 1837//382 1838//382
f 1837//382 1839//382 1838//382
f 1838//383 1839//383 1840//383
f 1839//383 1841//383 1840//383
f 1840//384 1841//384 1842//384
f 1841//384 1843//384 1842//384
f 1842//385 1843//385 1796//385
f 1843//385 1797//385 1796//385
f 1844//458 1845//458 1846//458
f 1845//459 1847//459 1846//459
f 1848//460 1849//460 1850//460
f 1850//460 1851//460 1848//460
f 1851//460 1852//460 1848//460
f 1848//460 1852//460 1853//460
f 1846//460 1847//460 1854//460
f 1847//460 1853//460 1854//460
f 1854//460 1853//460 1855//460
f 1853//460 1852//460 1855//460
f 1850//461 1849//461 1856//461
f 1849//462 1857//462 1856//462
f 1858//463 1857//463 1859//463
f 1857//463 1849//463 1859//463
f 1860//464 4//464 1861//464
f 4//464 2//464 1861//464
f 1861//465 2//465 1862//465
f 2//465 1//465 1862//465
f 1862//466 1//466 1863//466
f 1//466 8//466 1863//466
f 1863//467 8//467 1864//467
f 8//467 7//467 1864//467
f 1864//468 7//468 1865//468
f 7//468 6//468 1865//468
f 1865//469 6//469 1866//469
f 6//469 11//469 1866//469
f 1866//470 11//470 1867//470
f 11//470 10//470 1867//470
f 1867//471 10//471 1868//471
f 10//471 9//471 1868//471
f 1868//472 9//472 1869//472
f 9//472 14//472 1869//472
f 1869//473 14//473 1870//473
f 14//473 13//473 1870//473
f 1870//474 13//474 1871//474
f 13//474 12//474 1871//474
f 1871//475 12//475 1872//475
f 12//475 17//475 1872//475
f 1872//476 17//476 1873//476
f 17//476 16//476 1873//476
f 1873//477 16//477 1874//477
f 16//477 15//477 1874//477
f 1874//478 15//478 1875//478
f 15//478 20//478 1875//478
f 1875//479 20//479 1876//479
f 20//479 19//479 1876//479
f 1876//480 19//480 1877//480
f 19//480 18//480 1877//480
f 1877//481 18//481 1878//481
f 18//481 23//481 1878//481
f 1878//482 23//482 1879//482
f 23//482 22//482 1879//482
f 1879//483 22//483 1880//483
f 22//483 21//483 1880//483
f 1880//484 21//484 1881//484
f 21//484 25//484 1881//484
f 1881//485 25//485 1882//485
f 25//485 24//485 1882//485
f 1882//486 24//486 1883//486
f 24//486 5//486 1883//486
f 1883//487 5//487 1860//487
f 5//487 4//487 1860//487
f 1884//488 29//488 1885//488
f 29//488 27//488 1885//488
f 1885//465 27//465 1886//465
f 27//465 26//465 1886//465
f 1886//466 26//466 1887//466
f 26//466 33//466 1887//466
f 1887//467 33//467 1888//467
f 33//467 32//467 1888//467
f 1888//468 32//468 1889//468
f 32//468 31//468 1889//468
f 1889//469 31//469 1890//469
f 31//469 36//469 1890//469
f 1890//470 36//470 1891//470
f 36//470 35//470 1891//470
f 1891//471 35//471 1892//471
f 35//471 34//471 1892//471
f 1892//472 34//472 1893//472
f 34//472 39//472 1893//472
f 1893//473 39//473 1894//473
f 39//473 38//473 1894//473
f 1894//474 38//474 1895//474
f 38//474 37//474 1895//474
f 1895//489 37//489 1896//489
f 37//489 42//489 1896//489
f 1896//490 42//490 1897//490
f 42//490 41//490 1897//490
f 1897//491 41//491 1898//491
f 41//491 40//491 1898//491
f 1898//492 40//492 1899//492
f 40//492 45//492 1899//492
f 1899//493 45//493 1900//493
f 45//493 44//493 1900//493
f 1900//480 44//480 1901//480
f 44//480 43//480 1901//480
f 1901//494 43//494 1902//494
f 43//494 48//494 1902//494
f 1902//495 48//495 1903//495
f 48//495 47//495 1903//495
f 1903//483 47//483 1904//483
f 47//483 46//483 1904//483
f 1904//496 46//496 1905//496
f 46//496 50//496 1905//496
f 1905//497 50//497 1906//497
f 50//497 49//497 1906//497
f 1906//498 49//498 1907//498
f 49//498 30//498 1907//498
f 1907//499 30//499 1884//499
f 30//499 29//499 1884//499
f 1908//500 54//500 1909//500
f 54//500 52//500 1909//500
f 1909//465 52//465 1910//465
f 52//465 51//465 1910//465
f 1910//501 51//501 1911//501
f 51//501 58//501 1911//501
f 1911//502 58//502 1912//502
f 58//502 57//502 1912//502
f 1912//503 57//503 1913//503
f 57//503 56//503 1913//503
f 1913//469 56//469 1914//469
f 56//469 61//469 1914//469
f 1914//470 61//470 1915//470
f 61//470 60//470 1915//470
f 1915//504 60//504 1916//504
f 60//504 59//504 1916//504
f 1916//505 59//505 1917//505
f 59//505 64//505 1917//505
f 1917//506 64//506 1918//506
f 64//506 63//506 1918//506
f 1918//474 63//474 1919//474
f 63//474 62//474 1919//474
f 1919//507 62//507 1920//507
f 62//507 67//507 1920//507
f 1920//490 67//490 1921//490
f 67//490 66//490 1921//490
f 1921//491 66//491 1922//491
f 66//491 65//491 1922//491
f 1922//508 65//508 1923//508
f 65//508 70//508 1923//508
f 1923//509 70//509 1924//509
f 70//509 69//509 1924//509
f 1924//510 69//510 1925//510
f 69//510 68//510 1925//510
f 1925//511 68//511 1926//511
f 68//511 73//511 1926//511
f 1926//512 73//512 1927//512
f 73//512 72//512 1927//512
f 1927//513 72//513 1928//513
f 72//513 71//513 1928//513
f 1928//514 71//514 1929//514
f 71//514 75//514 1929//514
f 1929//515 75//515 1930//515
f 75//515 74//515 1930//515
f 1930//498 74//498 1931//498
f 74//498 55//498 1931//498
f 1931//499 55//499 1908//499
f 55//499 54//499 1908//499
f 1932//464 79//464 1933//464
f 79//464 77//464 1933//464
f 1933//465 77//465 1934//465
f 77//465 76//465 1934//465
f 1934//466 76//466 1935//466
f 76//466 83//466 1935//466
f 1935//467 83//467 1936//467
f 83//467 82//467 1936//467
f 1936//516 82//516 1937//516
f 82//516 81//516 1937//516
f 1937//517 81//517 1938//517
f 81//517 86//517 1938//517
f 1938//518 86//518 1939//518
f 86//518 85//518 1939//518
f 1939//519 85//519 1940//519
f 85//519 84//519 1940//519
f 1940//472 84//472 1941//472
f 84//472 89//472 1941//472
f 1941//473 89//473 1942//473
f 89//473 88//473 1942//473
f 1942//474 88//474 1943//474
f 88//474 87//474 1943//474
f 1943//475 87//475 1944//475
f 87//475 92//475 1944//475
f 1944//476 92//476 1945//476
f 92//476 91//476 1945//476
f 1945//477 91//477 1946//477
f 91//477 90//477 1946//477
f 1946//478 90//478 1947//478
f 90//478 95//478 1947//478
f 1947//479 95//479 1948//479
f 95//479 94//479 1948//479
f 1948//520 94//520 1949//520
f 94//520 93//520 1949//520
f 1949//521 93//521 1950//521
f 93//521 98//521 1950//521
f 1950//522 98//522 1951//522
f 98//522 97//522 1951//522
f 1951//523 97//523 1952//523
f 97//523 96//523 1952//523
f 1952//484 96//484 1953//484
f 96//484 100//484 1953//484
f 1953//485 100//485 1954//485
f 100//485 99//485 1954//485
f 1954//486 99//486 1955//486
f 99//486 80//486 1955//486
f 1955//487 80//487 1932//487
f 80//487 79//487 1932//487
f 1956//488 104//488 1957//488
f 104//488 102//488 1957//488
f 1957//465 102//465 1958//465
f 102//465 101//465 1958//465
f 1958//466 101//466 1959//466
f 101//466 108//466 1959//466
f 1959//467 108//467 1960//467
f 108//467 107//467 1960//467
f 1960//516 107//516 1961//516
f 107//516 106//516 1961//516
f 1961//517 106//517 1962//517
f 106//517 111//517 1962//517
f 1962//518 111//518 1963//518
f 111//518 110//518 1963//518
f 1963//519 110//519 1964//519
f 110//519 109//519 1964//519
f 1964//472 109//472 1965//472
f 109//472 114//472 1965//472
f 1965//473 114//473 1966//473
f 114//473 113//473 1966//473
f 1966//474 113//474 1967//474
f 113//474 112//474 1967//474
f 1967//489 112//489 1968//489
f 112//489 117//489 1968//489
f 1968//490 117//490 1969//490
f 117//490 116//490 1969//490
f 1969//491 116//491 1970//491
f 116//491 115//491 1970//491
f 1970//492 115//492 1971//492
f 115//492 120//492 1971//492
f 1971//493 120//493 1972//493
f 120//493 119//493 1972//493
f 1972//520 119//520 1973//520
f 119//520 118//520 1973//520
f 1973//524 118//524 1974//524
f 118//524 123//524 1974//524
f 1974//525 123//525 1975//525
f 123//525 122//525 1975//525
f 1975//523 122//523 1976//523
f 122//523 121//523 1976//523
f 1976//496 121//496 1977//496
f 121//496 125//496 1977//496
f 1977//497 125//497 1978//497
f 125//497 124//497 1978//497
f 1978//498 124//498 1979//498
f 124//498 105//498 1979//498
f 1979//499 105//499 1956//499
f 105//499 104//499 1956//499
f 1980//500 129//500 1981//500
f 129//500 127//500 1981//500
f 1981//465 127//465 1982//465
f 127//465 126//465 1982//465
f 1982//501 126//501 1983//501
f 126//501 133//501 1983//501
f 1983//502 133//502 1984//502
f 133//502 132//502 1984//502
f 1984//526 132//526 1985//526
f 132//526 131//526 1985//526
f 1985//517 131//517 1986//517
f 131//517 136//517 1986//517
f 1986//518 136//518 1987//518
f 136//518 135//518 1987//518
f 1987//527 135//527 1988//527
f 135//527 134//527 1988//527
f 1988//505 134//505 1989//505
f 134//505 139//505 1989//505
f 1989//506 139//506 1990//506
f 139//506 138//506 1990//506
f 1990//474 138//474 1991//474
f 138//474 137//474 1991//474
f 1991//507 137//507 1992//507
f 137//507 142//507 1992//507
f 1992//490 142//490 1993//490
f 142//490 141//490 1993//490
f 1993//491 141//491 1994//491
f 141//491 140//491 1994//491
f 1994//508 140//508 1995//508
f 140//508 145//508 1995//508
f 1995//509 145//509 1996//509
f 145//509 144//509 1996//509
f 1996//528 144//528 1997//528
f 144//528 143//528 1997//528
f 1997//529 143//529 1998//529
f 143//529 148//529 1998//529
f 1998//530 148//530 1999//530
f 148//530 147//530 1999//530
f 1999//531 147//531 2000//531
f 147//531 146//531 2000//531
f 2000//514 146//514 2001//514
f 146//514 150//514 2001//514
f 2001//515 150//515 2002//515
f 150//515 149//515 2002//515
f 2002//498 149//498 2003//498
f 149//498 130//498 2003//498
f 2003//499 130//499 1980//499
f 130//499 129//499 1980//499
f 2004//532 2005//532 2006//532
f 2005//532 2007//532 2006//532
f 2006//465 2007//465 2008//465
f 2007//465 2009//465 2008//465
f 2008//533 2009//533 2010//533
f 2009//533 2011//533 2010//533
f 2010//534 2011//534 2012//534
f 2011//534 2013//534 2012//534
f 2012//516 2013//516 2014//516
f 2013//516 2015//516 2014//516
f 2014//535 2015//535 2016//535
f 2015//535 2017//535 2016//535
f 2016//536 2017//536 2018//536
f 2017//536 2019//536 2018//536
f 2018//471 2019//471 2020//471
f 2019//471 2021//471 2020//471
f 2020//537 2021//537 2022//537
f 2021//537 2023//537 2022//537
f 2022//538 2023//538 2024//538
f 2023//538 2025//538 2024//538
f 2024//474 2025//474 2026//474
f 2025//474 2027//474 2026//474
f 2026//539 2027//539 2028//539
f 2027//539 2029//539 2028//539
f 2028//540 2029//540 2030//540
f 2029//540 2031//540 2030//540
f 2030//491 2031//491 2032//491
f 2031//491 2033//491 2032//491
f 2032//541 2033//541 2034//541
f 2033//541 2035//541 2034//541
f 2034//542 2035//542 2036//542
f 2035//542 2037//542 2036//542
f 2036//480 2037//480 2038//480
f 2037//480 2039//480 2038//480
f 2038//529 2039//529 2040//529
f 2039//529 2041//529 2040//529
f 2040//530 2041//530 2042//530
f 2041//530 2043//530 2042//530
f 2042//523 2043//523 2044//523
f 2043//523 2045//523 2044//523
f 2044//543 2045//543 2046//543
f 2045//543 2047//543 2046//543
f 2046//544 2047//544 2048//544
f 2047//544 2049//544 2048//544
f 2048//498 2049//498 2050//498
f 2049//498 2051//498 2050//498
f 2050//545 2051//545 2004//545
f 2051//545 2005//545 2004//545
f 2052//546 2053//546 2054//546
f 2053//546 2055//546 2054//546
f 2054//465 2055//465 2056//465
f 2055//465 2057//465 2056//465
f 2056//547 2057//547 2058//547
f 2057//547 2059//547 2058//547
f 2058//534 2059//534 2060//534
f 2059//534 2061//534 2060//534
f 2060//526 2061//526 2062//526
f 2061//526 2063//526 2062//526
f 2062//517 2063//517 2064//517
f 2063//517 2065//517 2064//517
f 2064//518 2065//518 2066//518
f 2065//518 2067//518 2066//518
f 2066//504 2067//504 2068//504
f 2067//504 2069//504 2068//504
f 2068//537 2069//537 2070//537
f 2069//537 2071//537 2070//537
f 2070//548 2071//548 2072//548
f 2071//548 2073//548 2072//548
f 2072//474 2073//474 2074//474
f 2073//474 2075//474 2074//474
f 2074//549 2075//549 2076//549
f 2075//549 2077//549 2076//549
f 2076//550 2077//550 2078//550
f 2077//550 2079//550 2078//550
f 2078//491 2079//491 2080//491
f 2079//491 2081//491 2080//491
f 2080//541 2081//541 2082//541
f 2081//541 2083//541 2082//541
f 2082//542 2083//542 2084//542
f 2083//542 2085//542 2084//542
f 2084//480 2085//480 2086//480
f 2085//480 2087//480 2086//480
f 2086//529 2087//529 2088//529
f 2087//529 2089//529 2088//529
f 2088//530 2089//530 2090//530
f 2089//530 2091//530 2090//530
f 2090//523 2091//523 2092//523
f 2091//523 2093//523 2092//523
f 2092//543 2093//543 2094//543
f 2093//543 2095//543 2094//543
f 2094//544 2095//544 2096//544
f 2095//544 2097//544 2096//544
f 2096//498 2097//498 2098//498
f 2097//498 2099//498 2098//498
f 2098//551 2099//551 2052//551
f 2099//551 2053//551 2052//551
f 2100//532 2101//532 2102//532
f 2101//532 2103//532 2102//532
f 2102//465 2103//465 2104//465
f 2103//465 2105//465 2104//465
f 2104//533 2105//533 2106//533
f 2105//533 2107//533 2106//533
f 2106//534 2107//534 2108//534
f 2107//534 2109//534 2108//534
f 2108//516 2109//516 2110//516
f 2109//516 2111//516 2110//516
f 2110//552 2111//552 2112//552
f 2111//552 2113//552 2112//552
f 2112//553 2113//553 2114//553
f 2113//553 2115//553 2114//553
f 2114//471 2115//471 2116//471
f 2115//471 2117//471 2116//471
f 2116//537 2117//537 2118//537
f 2117//537 2119//537 2118//537
f 2118//538 2119//538 2120//538
f 2119//538 2121//538 2120//538
f 2120//474 2121//474 2122//474
f 2121//474 2123//474 2122//474
f 2122//539 2123//539 2124//539
f 2123//539 2125//539 2124//539
f 2124//540 2125//540 2126//540
f 2125//540 2127//540 2126//540
f 2126//491 2127//491 2128//491
f 2127//491 2129//491 2128//491
f 2128//541 2129//541 2130//541
f 2129//541 2131//541 2130//541
f 2130//542 2131//542 2132//542
f 2131//542 2133//542 2132//542
f 2132//480 2133//480 2134//480
f 2133//480 2135//480 2134//480
f 2134//511 2135//511 2136//511
f 2135//511 2137//511 2136//511
f 2136//512 2137//512 2138//512
f 2137//512 2139//512 2138//512
f 2138//523 2139//523 2140//523
f 2139//523 2141//523 2140//523
f 2140//543 2141//543 2142//543
f 2141//543 2143//543 2142//543
f 2142//544 2143//544 2144//544
f 2143//544 2145//544 2144//544
f 2144//498 2145//498 2146//498
f 2145//498 2147//498 2146//498
f 2146//545 2147//545 2100//545
f 2147//545 2101//545 2100//545
f 2148//546 2149//546 2150//546
f 2149//546 2151//546 2150//546
f 2150//465 2151//465 2152//465
f 2151//465 2153//465 2152//465
f 2152//547 2153//547 2154//547
f 2153//547 2155//547 2154//547
f 2154//534 2155//534 2156//534
f 2155//534 2157//534 2156//534
f 2156//526 2157//526 2158//526
f 2157//526 2159//526 2158//526
f 2158//469 2159//469 2160//469
f 2159//469 2161//469 2160//469
f 2160//470 2161//470 2162//470
f 2161//470 2163//470 2162//470
f 2162//504 2163//504 2164//504
f 2163//504 2165//504 2164//504
f 2164//537 2165//537 2166//537
f 2165//537 2167//537 2166//537
f 2166//548 2167//548 2168//548
f 2167//548 2169//548 2168//548
f 2168//474 2169//474 2170//474
f 2169//474 2171//474 2170//474
f 2170//549 2171//549 2172//549
f 2171//549 2173//549 2172//549
f 2172//550 2173//550 2174//550
f 2173//550 2175//550 2174//550
f 2174//491 2175//491 2176//491
f 2175//491 2177//491 2176//491
f 2176//541 2177//541 2178//541
f 2177//541 2179//541 2178//541
f 2178//542 2179//542 2180//542
f 2179//542 2181//542 2180//542
f 2180//480 2181//480 2182//480
f 2181//480 2183//480 2182//480
f 2182//511 2183//511 2184//511
f 2183//511 2185//511 2184//511
f 2184//512 2185//512 2186//512
f 2185//512 2187//512 2186//512
f 2186//523 2187//523 2188//523
f 2187//523 2189//523 2188//523
f 2188//543 2189//543 2190//543
f 2189//543 2191//543 2190//543
f 2190//544 2191//544 2192//544
f 2191//544 2193//544 2192//544
f 2192//498 2193//498 2194//498
f 2193//498 2195//498 2194//498
f 2194//551 2195//551 2148//551
f 2195//551 2149//551 2148//551
f 154//554 2196//554 155//554
f 2196//554 2197//554 155//554
f 155//526 2197//526 174//526
f 2197//526 2198//526 174//526
f 174//534 2198//534 175//534
f 2198//534 2199//534 175//534
f 175//555 2199//555 171//555
f 2199//555 2200//555 171//555
f 171//465 2200//465 172//465
f 2200//465 2201//465 172//465
f 172//556 2201//556 173//556
f 2201//556 2202//556 173//556
f 173//557 2202//557 168//557
f 2202//557 2203//557 168//557
f 168//498 2203//498 169//498
f 2203//498 2204//498 169//498
f 169//558 2204//558 170//558
f 2204//558 2205//558 170//558
f 170//559 2205//559 165//559
f 2205//559 2206//559 165//559
f 165//531 2206//531 166//531
f 2206//531 2207//531 166//531
f 166//560 2207//560 167//560
f 2207//560 2208//560 167//560
f 167//561 2208//561 162//561
f 2208//561 2209//561 162//561
f 162//510 2209//510 163//510
f 2209//510 2210//510 163//510
f 163//562 2210//562 164//562
f 2210//562 2211//562 164//562
f 164//563 2211//563 159//563
f 2211//563 2212//563 159//563
f 159//491 2212//491 160//491
f 2212//491 2213//491 160//491
f 160//564 2213//564 161//564
f 2213//564 2214//564 161//564
f 161//565 2214//565 156//565
f 2214//565 2215//565 156//565
f 156//474 2215//474 157//474
f 2215//474 2216//474 157//474
f 157//566 2216//566 158//566
f 2216//566 2217//566 158//566
f 158//537 2217//537 151//537
f 2217//537 2218//537 151//537
f 151//504 2218//504 152//504
f 2218//504 2219//504 152//504
f 152//567 2219//567 154//567
f 2219//567 2196//567 154//567
f 179//554 2220//554 180//554
f 2220//554 2221//554 180//554
f 180//516 2221//516 199//516
f 2221//516 2222//516 199//516
f 199//568 2222//568 200//568
f 2222//568 2223//568 200//568
f 200//569 2223//569 196//569
f 2223//569 2224//569 196//569
f 196//465 2224//465 197//465
f 2224//465 2225//465 197//465
f 197//570 2225//570 198//570
f 2225//570 2226//570 198//570
f 198//571 2226//571 193//571
f 2226//571 2227//571 193//571
f 193//486 2227//486 194//486
f 2227//486 2228//486 194//486
f 194//572 2228//572 195//572
f 2228//572 2229//572 195//572
f 195//573 2229//573 190//573
f 2229//573 2230//573 190//573
f 190//523 2230//523 191//523
f 2230//523 2231//523 191//523
f 191//574 2231//574 192//574
f 2231//574 2232//574 192//574
f 192//575 2232//575 187//575
f 2232//575 2233//575 187//575
f 187//480 2233//480 188//480
f 2233//480 2234//480 188//480
f 188//576 2234//576 189//576
f 2234//576 2235//576 189//576
f 189//577 2235//577 184//577
f 2235//577 2236//577 184//577
f 184//477 2236//477 185//477
f 2236//477 2237//477 185//477
f 185//578 2237//578 186//578
f 2237//578 2238//578 186//578
f 186//579 2238//579 181//579
f 2238//579 2239//579 181//579
f 181//474 2239//474 182//474
f 2239//474 2240//474 182//474
f 182//580 2240//580 183//580
f 2240//580 2241//580 183//580
f 183//581 2241//581 176//581
f 2241//581 2242//581 176//581
f 176//471 2242//471 177//471
f 2242//471 2243//471 177//471
f 177//567 2243//567 179//567
f 2243//567 2220//567 179//567
f 204//554 2244//554 205//554
f 2244//554 2245//554 205//554
f 205//526 2245//526 224//526
f 2245//526 2246//526 224//526
f 224//534 2246//534 225//534
f 2246//534 2247//534 225//534
f 225//555 2247//555 221//555
f 2247//555 2248//555 221//555
f 221//465 2248//465 222//465
f 2248//465 2249//465 222//465
f 222//556 2249//556 223//556
f 2249//556 2250//556 223//556
f 223//557 2250//557 218//557
f 2250//557 2251//557 218//557
f 218//498 2251//498 219//498
f 2251//498 2252//498 219//498
f 219//558 2252//558 220//558
f 2252//558 2253//558 220//558
f 220//559 2253//559 215//559
f 2253//559 2254//559 215//559
f 215//531 2254//531 216//531
f 2254//531 2255//531 216//531
f 216//560 2255//560 217//560
f 2255//560 2256//560 217//560
f 217//561 2256//561 212//561
f 2256//561 2257//561 212//561
f 212//510 2257//510 213//510
f 2257//510 2258//510 213//510
f 213//562 2258//562 214//562
f 2258//562 2259//562 214//562
f 214//563 2259//563 209//563
f 2259//563 2260//563 209//563
f 209//491 2260//491 210//491
f 2260//491 2261//491 210//491
f 210//564 2261//564 211//564
f 2261//564 2262//564 211//564
f 211//565 2262//565 206//565
f 2262//565 2263//565 206//565
f 206//474 2263//474 207//474
f 2263//474 2264//474 207//474
f 207//566 2264//566 208//566
f 2264//566 2265//566 208//566
f 208//537 2265//537 201//537
f 2265//537 2266//537 201//537
f 201//504 2266//504 202//504
f 2266//504 2267//504 202//504
f 202//567 2267//567 204//567
f 2267//567 2244//567 204//567
f 229//554 2268//554 230//554
f 2268//554 2269//554 230//554
f 230//516 2269//516 249//516
f 2269//516 2270//516 249//516
f 249//568 2270//568 250//568
f 2270//568 2271//568 250//568
f 250//569 2271//569 246//569
f 2271//569 2272//569 246//569
f 246//465 2272//465 247//465
f 2272//465 2273//465 247//465
f 247//570 2273//570 248//570
f 2273//570 2274//570 248//570
f 248//571 2274//571 243//571
f 2274//571 2275//571 243//571
f 243//486 2275//486 244//486
f 2275//486 2276//486 244//486
f 244//572 2276//572 245//572
f 2276//572 2277//572 245//572
f 245//573 2277//573 240//573
f 2277//573 2278//573 240//573
f 240//523 2278//523 241//523
f 2278//523 2279//523 241//523
f 241//574 2279//574 242//574
f 2279//574 2280//574 242//574
f 242//575 2280//575 237//575
f 2280//575 2281//575 237//575
f 237//480 2281//480 238//480
f 2281//480 2282//480 238//480
f 238//576 2282//576 239//576
f 2282//576 2283//576 239//576
f 239//577 2283//577 234//577
f 2283//577 2284//577 234//577
f 234//477 2284//477 235//477
f 2284//477 2285//477 235//477
f 235//578 2285//578 236//578
f 2285//578 2286//578 236//578
f 236//579 2286//579 231//579
f 2286//579 2287//579 231//579
f 231//474 2287//474 232//474
f 2287//474 2288//474 232//474
f 232//580 2288//580 233//580
f 2288//580 2289//580 233//580
f 233//581 2289//581 226//581
f 2289//581 2290//581 226//581
f 226//471 2290//471 227//471
f 2290//471 2291//471 227//471
f 227//567 2291//567 229//567
f 2291//567 2268//567 229//567
f 2292//578 2293//578 2294//578
f 2293//578 2295//578 2294//578
f 2294//477 2295//477 2296//477
f 2295//477 2297//477 2296//477
f 2296//577 2297//577 2298//577
f 2297//577 2299//577 2298//577
f 2298//582 2299//582 2300//582
f 2299//582 2301//582 2300//582
f 2300//583 2301//583 2302//583
f 2301//583 2303//583 2302//583
f 2302//584 2303//584 2304//584
f 2303//584 2305//584 2304//584
f 2304//585 2305//585 2306//585
f 2305//585 2307//585 2306//585
f 2306//586 2307//586 2308//586
f 2307//586 2309//586 2308//586
f 2308//587 2309//587 2310//587
f 2309//587 2311//587 2310//587
f 2310//572 2311//572 2312//572
f 2311//572 2313//572 2312//572
f 2312//486 2313//486 2314//486
f 2313//486 2315//486 2314//486
f 2314//571 2315//571 2316//571
f 2315//571 2317//571 2316//571
f 2316//570 2317//570 2318//570
f 2317//570 2319//570 2318//570
f 2318//465 2319//465 2320//465
f 2319//465 2321//465 2320//465
f 2320//569 2321//569 2322//569
f 2321//569 2323//569 2322//569
f 2322//588 2323//588 2324//588
f 2323//588 2325//588 2324//588
f 2324//589 2325//589 2326//589
f 2325//589 2327//589 2326//589
f 2326//590 2327//590 2328//590
f 2327//591 2329//591 2328//591
f 2328//592 2329//592 2330//592
f 2329//593 2331//593 2330//593
f 2330//594 2331//594 2332//594
f 2331//594 2333//594 2332//594
f 2332//595 2333//595 2334//595
f 2333//595 2335//595 2334//595
f 2334//580 2335//580 2336//580
f 2335//580 2337//580 2336//580
f 2336//474 2337//474 2338//474
f 2337//474 2339//474 2338//474
f 2338//579 2339//579 2292//579
f 2339//579 2293//579 2292//579
f 2340//567 254//567 2341//567
f 254//567 252//567 2341//567
f 2341//471 252//471 2342//471
f 252//471 251//471 2342//471
f 2342//581 251//581 2343//581
f 251//581 258//581 2343//581
f 2343//580 258//580 2344//580
f 258//580 257//580 2344//580
f 2344//474 257//474 2345//474
f 257//474 256//474 2345//474
f 2345//596 256//596 2346//596
f 256//596 261//596 2346//596
f 2346//564 261//564 2347//564
f 261//564 260//564 2347//564
f 2347//491 260//491 2348//491
f 260//491 259//491 2348//491
f 2348//597 259//597 2349//597
f 259//597 264//597 2349//597
f 2349//598 264//598 2350//598
f 264//598 263//598 2350//598
f 2350//480 263//480 2351//480
f 263//480 262//480 2351//480
f 2351//599 262//599 2352//599
f 262//599 267//599 2352//599
f 2352//600 267//600 2353//600
f 267//600 266//600 2353//600
f 2353//523 266//523 2354//523
f 266//523 265//523 2354//523
f 2354//601 265//601 2355//601
f 265//601 270//601 2355//601
f 2355//602 270//602 2356//602
f 270//602 269//602 2356//602
f 2356//498 269//498 2357//498
f 269//498 268//498 2357//498
f 2357//557 268//557 2358//557
f 268//557 273//557 2358//557
f 2358//603 273//603 2359//603
f 273//603 272//603 2359//603
f 2359//465 272//465 2360//465
f 272//465 271//465 2360//465
f 2360//569 271//569 2361//569
f 271//569 275//569 2361//569
f 2361//568 275//568 2362//568
f 275//568 274//568 2362//568
f 2362//516 274//516 2363//516
f 274//516 255//516 2363//516
f 2363//554 255//554 2340//554
f 255//554 254//554 2340//554
f 2364//556 2365//556 2366//556
f 2365//556 2367//556 2366//556
f 2366//465 2367//465 2368//465
f 2367//465 2369//465 2368//465
f 2368//555 2369//555 2370//555
f 2369//555 2371//555 2370//555
f 2370//604 2371//604 2372//604
f 2371//604 2373//604 2372//604
f 2372//605 2373//605 2374//605
f 2373//605 2375//605 2374//605
f 2374//590 2375//590 2376//590
f 2375//606 2377//606 2376//606
f 2376//607 2377//607 2378//607
f 2377//593 2379//593 2378//593
f 2378//608 2379//608 2380//608
f 2379//608 2381//608 2380//608
f 2380//609 2381//609 2382//609
f 2381//609 2383//609 2382//609
f 2382//566 2383//566 2384//566
f 2383//566 2385//566 2384//566
f 2384//474 2385//474 2386//474
f 2385//474 2387//474 2386//474
f 2386//565 2387//565 2388//565
f 2387//565 2389//565 2388//565
f 2388//564 2389//564 2390//564
f 2389//564 2391//564 2390//564
f 2390//491 2391//491 2392//491
f 2391//491 2393//491 2392//491
f 2392//563 2393//563 2394//563
f 2393//563 2395//563 2394//563
f 2394//610 2395//610 2396//610
f 2395//610 2397//610 2396//610
f 2396//611 2397//611 2398//611
f 2397//611 2399//611 2398//611
f 2398//612 2399//612 2400//612
f 2399//612 2401//612 2400//612
f 2400//613 2401//613 2402//613
f 2401//613 2403//613 2402//613
f 2402//614 2403//614 2404//614
f 2403//614 2405//614 2404//614
f 2404//615 2405//615 2406//615
f 2405//615 2407//615 2406//615
f 2406//558 2407//558 2408//558
f 2407//558 2409//558 2408//558
f 2408//498 2409//498 2410//498
f 2409//498 2411//498 2410//498
f 2410//557 2411//557 2364//557
f 2411//557 2365//557 2364//557
f 2412//600 279//600 2413//600
f 279//600 277//600 2413//600
f 2413//523 277//523 2414//523
f 277//523 276//523 2414//523
f 2414//601 276//601 2415//601
f 276//601 283//601 2415//601
f 2415//602 283//602 2416//602
f 283//602 282//602 2416//602
f 2416//498 282//498 2417//498
f 282//498 281//498 2417//498
f 2417//557 281//557 2418//557
f 281//557 286//557 2418//557
f 2418//603 286//603 2419//603
f 286//603 285//603 2419//603
f 2419//465 285//465 2420//465
f 285//465 284//465 2420//465
f 2420//569 284//569 2421//569
f 284//569 289//569 2421//569
f 2421//568 289//568 2422//568
f 289//568 288//568 2422//568
f 2422//516 288//516 2423//516
f 288//516 287//516 2423//516
f 2423//554 287//554 2424//554
f 287//554 292//554 2424//554
f 2424//567 292//567 2425//567
f 292//567 291//567 2425//567
f 2425//471 291//471 2426//471
f 291//471 290//471 2426//471
f 2426//581 290//581 2427//581
f 290//581 295//581 2427//581
f 2427//580 295//580 2428//580
f 295//580 294//580 2428//580
f 2428//474 294//474 2429//474
f 294//474 293//474 2429//474
f 2429//596 293//596 2430//596
f 293//596 298//596 2430//596
f 2430//564 298//564 2431//564
f 298//564 297//564 2431//564
f 2431//491 297//491 2432//491
f 297//491 296//491 2432//491
f 2432//597 296//597 2433//597
f 296//597 300//597 2433//597
f 2433//598 300//598 2434//598
f 300//598 299//598 2434//598
f 2434//480 299//480 2435//480
f 299//480 280//480 2435//480
f 2435//599 280//599 2412//599
f 280//599 279//599 2412//599
f 2436//181 2437//181 2438//181
f 2436//181 2438//181 2439//181
f 2438//106 2440//106 2439//106
f 2439//106 2440//106 2441//106
f 2440//182 2442//182 2441//182
f 2441//182 2442//182 2443//182
f 2442//183 2444//183 2443//183
f 2443//183 2444//183 2445//183
f 2444//51 2446//51 2445//51
f 2445//51 2446//51 2447//51
f 2446//50 2448//50 2447//50
f 2447//50 2448//50 2449//50
f 2448//184 2450//184 2449//184
f 2449//184 2450//184 2451//184
f 2451//48 2450//48 2452//48
f 2450//616 2453//616 2452//616
f 2452//617 2453//617 2454//617
f 2452//109 2454//109 2455//109
f 2454//109 2456//109 2455//109
f 2455//43 2456//43 2457//43
f 2456//43 2458//43 2457//43
f 2459//81 2460//81 2461//81
f 2459//81 2461//81 2462//81
f 2461//45 2463//45 2462//45
f 2462//45 2463//45 2464//45
f 2463//82 2465//82 2464//82
f 2464//82 2465//82 2466//82
f 2465//83 2467//83 2466//83
f 2466//83 2467//83 2468//83
f 2467//48 2469//48 2468//48
f 2468//48 2469//48 2470//48
f 2469//84 2471//84 2470//84
f 2470//84 2471//84 2472//84
f 2471//85 2473//85 2472//85
f 2472//85 2473//85 2474//85
f 2474//178 2473//178 2475//178
f 2473//618 2457//618 2475//618
f 2475//619 2457//619 2458//619
f 2476//130 2477//130 2478//130
f 2477//130 2479//130 2478//130
f 2478//130 2479//130 2480//130
f 2481//146 2479//146 2482//146
f 2479//146 2477//146 2482//146
f 2476//52 2483//52 2477//52
f 2483//52 2482//52 2477//52
f 2484//132 2481//132 2485//132
f 2481//132 2482//132 2485//132
f 2485//132 2482//132 2483//132
f 2460//52 2459//52 2479//52
f 2459//52 2480//52 2479//52
f 2481//52 2484//52 2486//52
f 2484//52 2487//52 2486//52
f 2486//196 2487//196 2488//196
f 2486//196 2488//196 2489//196
f 2488//197 2490//197 2489//197
f 2489//197 2490//197 2491//197
f 2490//149 2492//149 2491//149
f 2491//149 2492//149 2493//149
f 2492//150 2494//150 2493//150
f 2493//150 2494//150 2495//150
f 2494//104 2496//104 2495//104
f 2495//104 2496//104 2497//104
f 2496//103 2498//103 2497//103
f 2497//103 2498//103 2499//103
f 2498//102 2500//102 2499//102
f 2499//102 2500//102 2501//102
f 2500//620 2502//620 2501//620
f 2501//620 2502//620 2503//620
f 2503//195 2502//195 2504//195
f 2502//195 2505//195 2504//195
f 2504//96 2505//96 2506//96
f 2505//96 2507//96 2506//96
f 2508//188 2509//188 2510//188
f 2508//188 2510//188 2511//188
f 2510//189 2512//189 2511//189
f 2511//189 2512//189 2513//189
f 2512//190 2514//190 2513//190
f 2513//190 2514//190 2515//190
f 2514//191 2516//191 2515//191
f 2515//191 2516//191 2517//191
f 2516//101 2518//101 2517//101
f 2517//101 2518//101 2519//101
f 2518//192 2520//192 2519//192
f 2519//192 2520//192 2521//192
f 2520//193 2522//193 2521//193
f 2521//193 2522//193 2523//193
f 2522//104 2506//104 2523//104
f 2523//104 2506//104 2507//104
f 2524//132 2525//132 2526//132
f 2525//132 2527//132 2526//132
f 2526//132 2527//132 2528//132
f 2529//131 2527//131 2530//131
f 2527//131 2525//131 2530//131
f 2524//92 2531//92 2525//92
f 2531//92 2530//92 2525//92
f 2532//130 2529//130 2533//130
f 2529//130 2530//130 2533//130
f 2533//130 2530//130 2531//130
f 2534//181 2535//181 2536//181
f 2534//181 2536//181 2537//181
f 2536//106 2538//106 2537//106
f 2537//106 2538//106 2539//106
f 2538//182 2540//182 2539//182
f 2539//182 2540//182 2541//182
f 2540//183 2542//183 2541//183
f 2541//183 2542//183 2543//183
f 2542//51 2544//51 2543//51
f 2543//51 2544//51 2545//51
f 2544//50 2546//50 2545//50
f 2545//50 2546//50 2547//50
f 2546//184 2548//184 2547//184
f 2547//184 2548//184 2549//184
f 2548//48 2550//48 2549//48
f 2549//48 2550//48 2551//48
f 2551//109 2550//109 2552//109
f 2550//109 2553//109 2552//109
f 2552//206 2553//206 2554//206
f 2553//206 2555//206 2554//206
f 2554//621 2555//621 2556//621
f 2555//621 2557//621 2556//621
f 2558//622 2559//622 2560//622
f 2559//622 2561//622 2560//622
f 2560//623 2561//623 2562//623
f 2561//623 2563//623 2562//623
f 2562//624 2563//624 2564//624
f 2563//624 2565//624 2564//624
f 2564//625 2565//625 2566//625
f 2565//625 2567//625 2566//625
f 2566//626 2567//626 2568//626
f 2567//626 2569//626 2568//626
f 2568//627 2569//627 2570//627
f 2569//627 2571//627 2570//627
f 2570//628 2571//628 2572//628
f 2571//628 2573//628 2572//628
f 2572//629 2573//629 2574//629
f 2573//629 2575//629 2574//629
f 2574//630 2575//630 2576//630
f 2575//630 2577//630 2576//630
f 2576//631 2577//631 2578//631
f 2577//631 2579//631 2578//631
f 2578//632 2579//632 2580//632
f 2579//632 2581//632 2580//632
f 2580//633 2581//633 2582//633
f 2581//633 2583//633 2582//633
f 2582//634 2583//634 2584//634
f 2583//634 2585//634 2584//634
f 2584//635 2585//635 2586//635
f 2585//635 2587//635 2586//635
f 2586//636 2587//636 2588//636
f 2587//636 2589//636 2588//636
f 2588//637 2589//637 2590//637
f 2589//637 2591//637 2590//637
f 2590//638 2591//638 2592//638
f 2591//638 2593//638 2592//638
f 2592//639 2593//639 2594//639
f 2593//639 2595//639 2594//639
f 2594//640 2595//640 2596//640
f 2595//640 2597//640 2596//640
f 2596//641 2597//641 2598//641
f 2597//641 2599//641 2598//641
f 2598//642 2599//642 2600//642
f 2599//642 2601//642 2600//642
f 2600//643 2601//643 2602//643
f 2601//643 2603//643 2602//643
f 2602//644 2603//644 2557//644
f 2603//644 2556//644 2557//644
f 2559//645 2558//645 2604//645
f 2558//645 2605//645 2604//645
f 2606//132 2607//132 2608//132
f 2607//132 2609//132 2608//132
f 2610//131 2606//131 2611//131
f 2606//131 2608//131 2611//131
f 2609//92 2612//92 2608//92
f 2612//92 2611//92 2608//92
f 2612//130 2613//130 2611//130
f 2613//130 2610//130 2611//130
f 2614//92 2615//92 2616//92
f 2615//92 2617//92 2616//92
f 2616//92 2617//92 2618//92
f 2618//92 2619//92 2616//92
f 2619//92 2620//92 2616//92
f 2616//92 2620//92 2621//92
f 2621//92 2622//92 2616//92
f 2622//92 2623//92 2616//92
f 2616//92 2623//92 2624//92
f 2625//646 2626//646 2627//646
f 2626//646 2628//646 2627//646
f 2629//647 2625//647 2630//647
f 2625//647 2627//647 2630//647
f 2628//648 2631//648 2627//648
f 2631//648 2630//648 2627//648
f 2631//649 2632//649 2630//649
f 2632//649 2629//649 2630//649
f 2633//52 2634//52 2635//52
f 2634//52 2636//52 2635//52
f 2633//650 2635//650 2637//650
f 2635//650 2638//650 2637//650
f 2637//650 2638//650 2639//650
f 2636//132 2640//132 2635//132
f 2640//132 2638//132 2635//132
f 2640//92 2641//92 2638//92
f 2641//92 2639//92 2638//92
f 2642//651 2643//651 2644//651
f 2643//651 2645//651 2644//651
f 2646//652 2642//652 2647//652
f 2642//652 2644//652 2647//652
f 2645//653 2648//653 2644//653
f 2648//653 2647//653 2644//653
f 2648//654 2649//654 2647//654
f 2649//654 2646//654 2647//654
f 2650//132 2651//132 2652//132
f 2651//132 2653//132 2652//132
f 2650//655 2652//655 2654//655
f 2650//655 2654//655 2655//655
f 2654//656 2656//656 2655//656
f 2655//656 2656//656 2657//656
f 2657//657 2656//657 2658//657
f 2657//657 2658//657 2659//657
f 2658//658 2660//658 2659//658
f 2659//658 2660//658 2661//658
f 2660//659 2662//659 2661//659
f 2661//659 2662//659 2663//659
f 2662//660 2664//660 2663//660
f 2663//660 2664//660 2665//660
f 2664//661 2666//661 2665//661
f 2665//661 2666//661 2667//661
f 2666//662 2668//662 2667//662
f 2667//662 2668//662 2669//662
f 2651//663 2669//663 2653//663
f 2669//663 2668//663 2653//663
f 2670//664 2671//664 2672//664
f 2671//664 2673//664 2672//664
f 2670//665 2672//665 2674//665
f 2670//665 2674//665 2675//665
f 2674//666 2676//666 2675//666
f 2675//666 2676//666 2677//666
f 2671//132 2677//132 2673//132
f 2677//132 2676//132 2673//132
f 2678//667 2679//667 2680//667
f 2679//667 2681//667 2680//667
f 2682//152 2678//152 2683//152
f 2678//152 2680//152 2683//152
f 2684//668 2685//668 2686//668
f 2684//668 2686//668 2687//668
f 2686//669 2688//669 2687//669
f 2687//669 2688//669 2689//669
f 2690//130 2689//130 2691//130
f 2689//130 2688//130 2691//130
f 2692//670 2690//670 2693//670
f 2690//670 2691//670 2693//670
f 2692//671 2693//671 2694//671
f 2692//671 2694//671 2695//671
f 2694//672 2696//672 2695//672
f 2695//672 2696//672 2697//672
f 2696//673 2698//673 2697//673
f 2697//673 2698//673 2699//673
f 2698//674 2700//674 2699//674
f 2699//674 2700//674 2701//674
f 2700//675 2702//675 2701//675
f 2701//675 2702//675 2703//675
f 2702//676 2685//676 2703//676
f 2703//676 2685//676 2684//676
f 2704//677 2705//677 2706//677
f 2704//677 2706//677 2707//677
f 2706//106 2708//106 2707//106
f 2707//106 2708//106 2709//106
f 2708//678 2710//678 2709//678
f 2709//678 2710//678 2711//678
f 2710//679 2712//679 2711//679
f 2711//679 2712//679 2713//679
f 2712//51 2714//51 2713//51
f 2713//51 2714//51 2715//51
f 2714//680 2716//680 2715//680
f 2715//680 2716//680 2717//680
f 2716//84 2718//84 2717//84
f 2717//84 2718//84 2719//84
f 2718//48 2720//48 2719//48
f 2719//48 2720//48 2721//48
f 2721//109 2720//109 2722//109
f 2720//109 2723//109 2722//109
f 2724//681 2725//681 2726//681
f 2725//681 2727//681 2726//681
f 2728//682 2724//682 2729//682
f 2724//683 2726//683 2729//683
f 2727//139 2730//139 2726//139
f 2730//139 2729//139 2726//139
f 2730//684 2731//684 2729//684
f 2731//684 2728//684 2729//684
f 2722//91 2723//91 2724//91
f 2723//91 2725//91 2724//91
f 2732//685 2733//685 2731//685
f 2733//686 2734//686 2731//686
f 2734//687 2735//687 2731//687
f 2735//688 2736//688 2731//688
f 2731//689 2736//689 2737//689
f 2737//690 2738//690 2731//690
f 2738//691 2739//691 2731//691
f 2731//692 2739//692 2728//692
f 2740//130 2741//130 2732//130
f 2741//130 2742//130 2732//130
f 2732//130 2742//130 2743//130
f 2743//130 2744//130 2732//130
f 2744//130 2745//130 2732//130
f 2732//130 2745//130 2746//130
f 2746//130 2747//130 2732//130
f 2747//130 2748//130 2732//130
f 2732//130 2748//130 2733//130
f 2741//693 2749//693 2742//693
f 2749//694 2750//694 2742//694
f 2742//695 2750//695 2743//695
f 2743//696 2750//696 2744//696
f 2750//697 2751//697 2744//697
f 2744//698 2751//698 2745//698
f 2745//699 2751//699 2746//699
f 2751//700 2752//700 2746//700
f 2746//701 2752//701 2747//701
f 2735//702 2734//702 2753//702
f 2734//703 2733//703 2753//703
f 2753//704 2733//704 2752//704
f 2733//705 2748//705 2752//705
f 2752//706 2748//706 2747//706
f 2735//707 2753//707 2736//707
f 2753//708 2754//708 2736//708
f 2736//709 2754//709 2737//709
f 2737//710 2754//710 2738//710
f 2754//711 2755//711 2738//711
f 2738//712 2755//712 2739//712
f 2756//713 2757//713 2749//713
f 2757//713 2758//713 2749//713
f 2758//714 2755//714 2749//714
f 2755//715 2754//715 2749//715
f 2749//716 2754//716 2753//716
f 2753//717 2752//717 2749//717
f 2752//718 2751//718 2749//718
f 2749//719 2751//719 2750//719
f 2759//720 2760//720 2761//720
f 2759//720 2761//720 2762//720
f 2761//721 2763//721 2762//721
f 2762//721 2763//721 2764//721
f 2763//722 2765//722 2764//722
f 2764//722 2765//722 2766//722
f 2765//723 2767//723 2766//723
f 2766//723 2767//723 2768//723
f 2767//724 2758//724 2768//724
f 2768//724 2758//724 2757//724
f 2759//725 2769//725 2760//725
f 2769//725 2770//725 2760//725
f 2771//726 2772//726 2770//726
f 2772//727 2773//727 2770//727
f 2770//728 2773//728 2760//728
f 2774//729 2775//729 2770//729
f 2775//730 2776//730 2770//730
f 2770//731 2776//731 2771//731
f 2777//732 2778//732 2775//732
f 2779//733 2780//733 2776//733
f 2780//734 2781//734 2776//734
f 2776//735 2781//735 2771//735
f 2775//736 2778//736 2776//736
f 2778//737 2782//737 2776//737
f 2776//738 2782//738 2779//738
f 2774//739 2770//739 2783//739
f 2783//740 2784//740 2774//740
f 2784//741 2785//741 2774//741
f 2774//742 2785//742 2775//742
f 2785//743 2786//743 2775//743
f 2775//744 2786//744 2777//744
f 2787//745 2773//745 2788//745
f 2773//746 2772//746 2788//746
f 2781//747 2789//747 2771//747
f 2789//748 2790//748 2771//748
f 2771//749 2790//749 2772//749
f 2790//750 2791//750 2772//750
f 2772//751 2791//751 2788//751
f 2780//52 2779//52 2792//52
f 2779//52 2782//52 2792//52
f 2792//52 2782//52 2778//52
f 2778//52 2777//52 2792//52
f 2777//52 2786//52 2792//52
f 2792//52 2786//52 2785//52
f 2785//52 2784//52 2792//52
f 2784//52 2783//52 2792//52
f 2792//52 2783//52 2793//52
f 2794//649 2795//649 2796//649
f 2795//649 2797//649 2796//649
f 2798//752 2794//752 2799//752
f 2794//752 2796//752 2799//752
f 2797//753 2800//753 2796//753
f 2800//753 2799//753 2796//753
f 2800//646 2801//646 2799//646
f 2801//646 2798//646 2799//646
f 2794//754 2787//754 2795//754
f 2787//755 2788//755 2795//755
f 2795//756 2788//756 2791//756
f 2780//137 2792//137 2781//137
f 2792//757 2795//757 2781//757
f 2791//758 2790//758 2795//758
f 2790//759 2789//759 2795//759
f 2795//760 2789//760 2781//760
f 2798//761 2801//761 2802//761
f 2801//761 2803//761 2802//761
f 2802//653 2803//653 2804//653
f 2803//653 2805//653 2804//653
f 2806//92 2807//92 2808//92
f 2807//92 2809//92 2808//92
f 2806//762 2808//762 2810//762
f 2808//762 2811//762 2810//762
f 2810//762 2811//762 2812//762
f 2809//130 2813//130 2808//130
f 2813//130 2811//130 2808//130
f 2813//52 2814//52 2811//52
f 2814//52 2812//52 2811//52
f 2804//130 2805//130 2806//130
f 2805//130 2807//130 2806//130
f 2812//130 2814//130 2815//130
f 2814//130 2816//130 2815//130
f 2815//648 2816//648 2817//648
f 2816//648 2818//648 2817//648
f 2819//654 2820//654 2821//654
f 2820//654 2822//654 2821//654
f 2823//763 2819//763 2824//763
f 2819//763 2821//763 2824//763
f 2822//764 2825//764 2821//764
f 2825//764 2824//764 2821//764
f 2825//651 2826//651 2824//651
f 2826//651 2823//651 2824//651
f 2817//765 2818//765 2819//765
f 2818//765 2820//765 2819//765
f 2827//764 2828//764 2826//764
f 2828//766 2829//766 2826//766
f 2829//767 2830//767 2826//767
f 2830//768 2831//768 2826//768
f 2826//769 2831//769 2832//769
f 2832//770 2833//770 2826//770
f 2833//771 2834//771 2826//771
f 2826//772 2834//772 2823//772
f 2835//92 2836//92 2827//92
f 2836//92 2837//92 2827//92
f 2827//92 2837//92 2838//92
f 2838//92 2839//92 2827//92
f 2839//92 2840//92 2827//92
f 2827//92 2840//92 2841//92
f 2841//92 2842//92 2827//92
f 2842//92 2843//92 2827//92
f 2827//92 2843//92 2828//92
f 2836//773 2844//773 2837//773
f 2844//774 2845//774 2837//774
f 2837//775 2845//775 2838//775
f 2838//776 2845//776 2839//776
f 2845//777 2846//777 2839//777
f 2839//778 2846//778 2840//778
f 2840//779 2846//779 2841//779
f 2846//780 2847//780 2841//780
f 2841//781 2847//781 2842//781
f 2830//782 2829//782 2848//782
f 2829//783 2828//783 2848//783
f 2848//784 2828//784 2847//784
f 2828//785 2843//785 2847//785
f 2847//786 2843//786 2842//786
f 2830//787 2848//787 2831//787
f 2848//788 2849//788 2831//788
f 2831//789 2849//789 2832//789
f 2832//790 2849//790 2833//790
f 2849//791 2850//791 2833//791
f 2833//792 2850//792 2834//792
f 2844//793 2851//793 312//793
f 312//793 311//793 2844//793
f 311//794 2850//794 2844//794
f 2844//795 2850//795 2845//795
f 2850//796 2846//796 2845//796
f 2849//797 2848//797 2850//797
f 2848//798 2847//798 2850//798
f 2850//799 2847//799 2846//799
f 2663//1 2665//1 2651//1
f 2665//1 2667//1 2651//1
f 2651//1 2667//1 2669//1
f 2657//1 2659//1 2655//1
f 2659//1 2650//1 2655//1
f 2650//1 2659//1 2651//1
f 2659//1 2661//1 2651//1
f 2651//1 2661//1 2663//1
f 2677//1 2671//1 2675//1
f 2671//1 2670//1 2675//1
f 917//1 930//1 918//1
f 2679//1 2678//1 2682//1
f 2692//1 2695//1 2690//1
f 2695//1 2697//1 2690//1
f 2697//1 2699//1 2690//1
f 2699//1 2701//1 2690//1
f 2690//1 2701//1 2689//1
f 2701//1 2703//1 2689//1
f 2689//1 2703//1 2687//1
f 2703//1 2684//1 2687//1
f 971//1 972//1 969//1
f 972//1 966//1 969//1
f 855//1 875//1 856//1
f 960//1 964//1 961//1
f 940//1 943//1 954//1
f 943//1 945//1 954//1
f 945//1 947//1 954//1
f 947//1 949//1 954//1
f 954//1 949//1 956//1
f 949//1 951//1 956//1
f 956//1 951//1 959//1
f 951//1 953//1 959//1
f 937//1 938//1 935//1
f 938//1 932//1 935//1
f 911//1 922//1 912//1
f 905//1 909//1 906//1
f 896//1 898//1 885//1
f 898//1 900//1 885//1
f 885//1 900//1 886//1
f 889//1 892//1 904//1
f 892//1 901//1 904//1
f 901//1 892//1 885//1
f 892//1 894//1 885//1
f 885//1 894//1 896//1
f 878//1 877//1 884//1
f 877//1 881//1 884//1
f 860//1 851//1 850//1
f 847//1 844//1 843//1
f 2768//1 2757//1 2756//1
f 2769//1 2759//1 2762//1
f 2769//1 2762//1 2852//1
f 2762//1 2764//1 2852//1
f 2852//1 2764//1 2756//1
f 2764//1 2766//1 2756//1
f 2756//1 2766//1 2768//1
f 310//1 312//1 2851//1
f 313//1 301//1 304//1
f 313//1 304//1 2853//1
f 304//1 306//1 2853//1
f 2853//1 306//1 2851//1
f 306//1 308//1 2851//1
f 2851//1 308//1 310//1
f 2854//1 2855//1 2856//1
f 2855//1 2857//1 2856//1
f 2856//1 2857//1 2858//1
f 2857//1 2859//1 2858//1
f 2858//1 2859//1 2860//1
f 2859//1 2861//1 2860//1
f 2860//1 2861//1 2862//1
f 2863//1 2864//1 2865//1
f 2864//1 2866//1 2865//1
f 2865//1 2866//1 2867//1
f 2866//1 2868//1 2867//1
f 2867//1 2868//1 2869//1
f 2868//1 2870//1 2869//1
f 2869//1 2870//1 2871//1
f 2872//800 2873//800 2874//800
f 2875//801 2876//801 2877//801
f 2876//802 2878//802 2877//802
f 2877//803 2878//803 2879//803
f 2874//804 2873//804 2877//804
f 2873//805 2880//805 2877//805
f 2877//806 2880//806 2875//806
f 2881//807 2882//807 2883//807
f 2883//808 2884//808 2881//808
f 2884//809 2885//809 2881//809
f 2881//810 2885//810 2874//810
f 2885//811 2886//811 2874//811
f 2874//812 2886//812 2872//812
f 2887//813 2888//813 2889//813
f 2888//814 2890//814 2889//814
f 2878//815 2891//815 2879//815
f 2891//816 2892//816 2879//816
f 2879//817 2892//817 2890//817
f 2892//818 2893//818 2890//818
f 2890//819 2893//819 2889//819
f 2863//820 2865//820 2894//820
f 2865//820 2882//820 2894//820
f 2894//821 2882//821 2888//821
f 2882//822 2881//822 2888//822
f 2888//823 2881//823 2874//823
f 2874//824 2877//824 2888//824
f 2877//825 2879//825 2888//825
f 2888//826 2879//826 2890//826
f 2863//827 2894//827 2895//827
f 2863//827 2895//827 2864//827
f 2895//828 2896//828 2864//828
f 2864//828 2896//828 2866//828
f 2896//829 2897//829 2866//829
f 2866//829 2897//829 2868//829
f 2897//830 2898//830 2868//830
f 2868//830 2898//830 2870//830
f 2898//831 2899//831 2870//831
f 2870//831 2899//831 2871//831
f 2900//832 2901//832 2902//832
f 2869//833 2871//833 2901//833
f 2871//833 2899//833 2901//833
f 2901//834 2899//834 2902//834
f 2902//835 2903//835 2904//835
f 2904//836 2905//836 2902//836
f 2905//837 2906//837 2902//837
f 2902//838 2906//838 2900//838
f 2907//839 2901//839 2908//839
f 2901//840 2900//840 2908//840
f 2908//841 2900//841 2909//841
f 2909//842 2900//842 2910//842
f 2900//843 2906//843 2910//843
f 2910//844 2906//844 2911//844
f 2911//845 2906//845 2912//845
f 2906//846 2905//846 2912//846
f 2912//847 2905//847 2913//847
f 2914//848 2915//848 2904//848
f 2915//849 2916//849 2904//849
f 2904//850 2916//850 2905//850
f 2916//851 2917//851 2905//851
f 2905//852 2917//852 2913//852
f 2914//853 2904//853 2918//853
f 2904//854 2903//854 2918//854
f 2918//855 2903//855 2919//855
f 2919//856 2903//856 2920//856
f 2903//857 2902//857 2920//857
f 2920//858 2902//858 2921//858
f 2922//52 2907//52 2923//52
f 2907//52 2908//52 2923//52
f 2923//52 2908//52 2909//52
f 2909//52 2910//52 2923//52
f 2910//52 2911//52 2923//52
f 2923//52 2911//52 2912//52
f 2912//52 2913//52 2923//52
f 2913//52 2917//52 2923//52
f 2923//52 2917//52 2916//52
f 2924//653 2925//653 2642//653
f 2925//653 2643//653 2642//653
f 2923//653 2916//653 2649//653
f 2916//859 2915//859 2649//859
f 2915//860 2914//860 2649//860
f 2914//861 2918//861 2649//861
f 2649//862 2918//862 2919//862
f 2919//863 2920//863 2649//863
f 2920//864 2921//864 2649//864
f 2649//865 2921//865 2646//865
f 2926//753 2927//753 2924//753
f 2927//753 2925//753 2924//753
f 2928//132 2929//132 2633//132
f 2929//132 2634//132 2633//132
f 2639//132 2641//132 2926//132
f 2641//132 2927//132 2926//132
f 2930//764 2931//764 2928//764
f 2931//764 2929//764 2928//764
f 2625//866 2932//866 2626//866
f 2932//867 2933//867 2626//867
f 2626//868 2933//868 2934//868
f 2614//869 2616//869 2935//869
f 2616//870 2626//870 2935//870
f 2934//871 2936//871 2626//871
f 2936//872 2937//872 2626//872
f 2626//873 2937//873 2935//873
f 2629//648 2632//648 2930//648
f 2632//648 2931//648 2930//648
f 2619//874 2618//874 2938//874
f 2615//875 2614//875 2939//875
f 2614//876 2935//876 2939//876
f 2939//877 2935//877 2940//877
f 2938//878 2618//878 2939//878
f 2618//879 2617//879 2939//879
f 2939//880 2617//880 2615//880
f 2941//881 2942//881 2623//881
f 2623//882 2622//882 2941//882
f 2622//883 2621//883 2941//883
f 2941//884 2621//884 2938//884
f 2621//885 2620//885 2938//885
f 2938//886 2620//886 2619//886
f 2932//887 2943//887 2933//887
f 2943//888 2944//888 2933//888
f 2935//889 2937//889 2940//889
f 2937//890 2936//890 2940//890
f 2940//891 2936//891 2944//891
f 2936//892 2934//892 2944//892
f 2944//893 2934//893 2933//893
f 2854//894 2856//894 2945//894
f 2856//894 2942//894 2945//894
f 2940//895 2944//895 2942//895
f 2944//896 2943//896 2942//896
f 2942//897 2943//897 2945//897
f 2941//898 2938//898 2942//898
f 2938//899 2939//899 2942//899
f 2942//900 2939//900 2940//900
f 2854//901 2945//901 2946//901
f 2854//901 2946//901 2855//901
f 2946//902 2947//902 2855//902
f 2855//902 2947//902 2857//902
f 2947//903 2948//903 2857//903
f 2857//903 2948//903 2859//903
f 2948//904 2949//904 2859//904
f 2859//904 2949//904 2861//904
f 2949//905 2950//905 2861//905
f 2861//905 2950//905 2862//905
f 2860//906 2862//906 2951//906
f 2862//906 2950//906 2951//906
f 2950//907 2952//907 2951//907
f 2952//908 2953//908 2951//908
f 2951//909 2953//909 2954//909
f 2954//910 2955//910 2951//910
f 2955//911 2956//911 2951//911
f 2951//912 2956//912 2957//912
f 2958//913 2951//913 2959//913
f 2951//914 2957//914 2959//914
f 2959//915 2957//915 2960//915
f 2960//916 2957//916 2961//916
f 2957//917 2956//917 2961//917
f 2961//918 2956//918 2962//918
f 2962//919 2956//919 2963//919
f 2956//920 2955//920 2963//920
f 2963//921 2955//921 2964//921
f 2965//922 2966//922 2954//922
f 2966//923 2967//923 2954//923
f 2954//924 2967//924 2955//924
f 2967//925 2968//925 2955//925
f 2955//926 2968//926 2964//926
f 2965//927 2954//927 2969//927
f 2954//928 2953//928 2969//928
f 2969//929 2953//929 2970//929
f 2970//930 2953//930 2971//930
f 2953//931 2952//931 2971//931
f 2971//932 2952//932 2972//932
f 2973//684 2974//684 2975//684
f 2974//684 2976//684 2975//684
f 2977//933 2973//933 2978//933
f 2973//934 2975//934 2978//934
f 2976//935 2979//935 2975//935
f 2979//935 2978//935 2975//935
f 2979//681 2980//681 2978//681
f 2980//681 2977//681 2978//681
f 832//936 833//936 2973//936
f 833//936 2974//936 2973//936
f 2981//937 2967//937 2980//937
f 2967//938 2966//938 2980//938
f 2966//939 2965//939 2980//939
f 2965//940 2969//940 2980//940
f 2980//941 2969//941 2970//941
f 2970//942 2971//942 2980//942
f 2971//943 2972//943 2980//943
f 2980//944 2972//944 2977//944
f 2982//132 2958//132 2981//132
f 2958//132 2959//132 2981//132
f 2981//132 2959//132 2960//132
f 2960//132 2961//132 2981//132
f 2961//132 2962//132 2981//132
f 2981//132 2962//132 2963//132
f 2963//132 2964//132 2981//132
f 2964//132 2968//132 2981//132
f 2981//132 2968//132 2967//132
f 2876//132 2875//132 2983//132
f 2875//132 2880//132 2983//132
f 2983//132 2880//132 2873//132
f 2873//132 2872//132 2983//132
f 2872//132 2886//132 2983//132
f 2983//132 2886//132 2885//132
f 2885//132 2884//132 2983//132
f 2884//132 2883//132 2983//132
f 2983//132 2883//132 2984//132
f 2985//201 2986//201 2987//201
f 2986//201 2988//201 2987//201
f 2989//945 2985//945 2990//945
f 2985//946 2987//946 2990//946
f 2988//134 2991//134 2987//134
f 2991//134 2990//134 2987//134
f 2991//205 2992//205 2990//205
f 2992//205 2989//205 2990//205
f 2985//947 2887//947 2986//947
f 2887//948 2889//948 2986//948
f 2986//949 2889//949 2893//949
f 2876//950 2983//950 2878//950
f 2983//951 2986//951 2878//951
f 2893//952 2892//952 2986//952
f 2892//953 2891//953 2986//953
f 2986//954 2891//954 2878//954
f 2989//93 2992//93 2993//93
f 2992//93 2994//93 2993//93
f 2993//96 2994//96 2995//96
f 2994//96 2996//96 2995//96
f 2997//955 2998//955 2999//955
f 2997//955 2999//955 3000//955
f 2999//98 3001//98 3000//98
f 3000//98 3001//98 3002//98
f 3001//190 3003//190 3002//190
f 3002//190 3003//190 3004//190
f 3003//956 3005//956 3004//956
f 3004//956 3005//956 3006//956
f 3005//101 3007//101 3006//101
f 3006//101 3007//101 3008//101
f 3007//957 3009//957 3008//957
f 3008//957 3009//957 3010//957
f 3009//103 3011//103 3010//103
f 3010//103 3011//103 3012//103
f 3011//104 2995//104 3012//104
f 3012//104 2995//104 2996//104
f 3013//132 3014//132 3015//132
f 3014//132 3016//132 3015//132
f 3017//131 3013//131 3018//131
f 3013//131 3015//131 3018//131
f 3016//92 3019//92 3015//92
f 3019//92 3018//92 3015//92
f 3019//130 3020//130 3018//130
f 3020//130 3017//130 3018//130
f 2604//92 2605//92 2606//92
f 2605//92 2607//92 2606//92
f 2610//92 2613//92 2704//92
f 2613//92 2705//92 2704//92
f 2998//92 2997//92 3013//92
f 2997//92 3014//92 3013//92
f 3017//92 3020//92 3021//92
f 3020//92 3022//92 3021//92
f 3021//958 3022//958 3023//958
f 3022//958 3024//958 3023//958
f 3025//959 3026//959 3027//959
f 3026//959 3028//959 3027//959
f 3027//960 3028//960 3029//960
f 3028//960 3030//960 3029//960
f 3029//961 3030//961 3031//961
f 3030//961 3032//961 3031//961
f 3031//962 3032//962 3033//962
f 3032//962 3034//962 3033//962
f 3033//963 3034//963 3035//963
f 3034//963 3036//963 3035//963
f 3035//964 3036//964 3037//964
f 3036//964 3038//964 3037//964
f 3037//965 3038//965 3039//965
f 3038//965 3040//965 3039//965
f 3039//966 3040//966 3041//966
f 3040//966 3042//966 3041//966
f 3041//967 3042//967 3043//967
f 3042//967 3044//967 3043//967
f 3043//968 3044//968 3045//968
f 3044//968 3046//968 3045//968
f 3045//969 3046//969 3047//969
f 3046//969 3048//969 3047//969
f 3047//970 3048//970 3049//970
f 3048//970 3050//970 3049//970
f 3049//971 3050//971 3051//971
f 3050//971 3052//971 3051//971
f 3051//972 3052//972 3053//972
f 3052//972 3054//972 3053//972
f 3053//973 3054//973 3055//973
f 3054//973 3056//973 3055//973
f 3055//974 3056//974 3057//974
f 3056//974 3058//974 3057//974
f 3057//975 3058//975 3059//975
f 3058//975 3060//975 3059//975
f 3059//976 3060//976 3061//976
f 3060//977 3062//977 3061//977
f 3023//978 3024//978 3063//978
f 3024//978 3064//978 3063//978
f 3063//979 3064//979 3065//979
f 3064//979 3066//979 3065//979
f 3065//980 3066//980 3067//980
f 3066//980 3068//980 3067//980
f 3067//981 3068//981 3069//981
f 3068//981 3070//981 3069//981
f 3069//982 3070//982 3062//982
f 3070//982 3071//982 3062//982
f 3062//983 3071//983 3061//983
f 3026//984 3025//984 3072//984
f 3025//984 3073//984 3072//984
f 3072//228 3073//228 3074//228
f 3073//228 3075//228 3074//228
f 3074//985 3075//985 3076//985
f 3075//985 3077//985 3076//985
f 3078//986 3079//986 3080//986
f 3078//986 3080//986 3081//986
f 3080//98 3082//98 3081//98
f 3081//98 3082//98 3083//98
f 3082//190 3084//190 3083//190
f 3083//190 3084//190 3085//190
f 3084//191 3086//191 3085//191
f 3085//191 3086//191 3087//191
f 3086//101 3088//101 3087//101
f 3087//101 3088//101 3089//101
f 3088//192 3090//192 3089//192
f 3089//192 3090//192 3091//192
f 3090//193 3092//193 3091//193
f 3091//193 3092//193 3093//193
f 3092//104 3076//104 3093//104
f 3093//104 3076//104 3077//104
f 3094//132 3095//132 3096//132
f 3095//132 3097//132 3096//132
f 3096//132 3097//132 3098//132
f 3099//131 3097//131 3100//131
f 3097//131 3095//131 3100//131
f 3094//92 3101//92 3095//92
f 3101//92 3100//92 3095//92
f 3102//130 3099//130 3103//130
f 3099//130 3100//130 3103//130
f 3103//130 3100//130 3101//130
f 3104//125 3105//125 3106//125
f 3105//125 3107//125 3106//125
f 3108//987 3104//987 3109//987
f 3104//988 3106//988 3109//988
f 3107//989 3110//989 3106//989
f 3110//989 3109//989 3106//989
f 3110//129 3111//129 3109//129
f 3111//129 3108//129 3109//129
f 3112//120 3113//120 3114//120
f 3113//120 3115//120 3114//120
f 3116//990 3112//990 3117//990
f 3112//991 3114//991 3117//991
f 3115//992 3118//992 3114//992
f 3118//992 3117//992 3114//992
f 3118//124 3119//124 3117//124
f 3119//124 3116//124 3117//124
f 3120//130 3121//130 3122//130
f 3121//130 3123//130 3122//130
f 3124//146 3120//146 3125//146
f 3120//146 3122//146 3125//146
f 3123//52 3126//52 3122//52
f 3126//52 3125//52 3122//52
f 3126//132 3127//132 3125//132
f 3127//132 3124//132 3125//132
f 3128//138 3129//138 3130//138
f 3129//138 3131//138 3130//138
f 3132//993 3128//993 3133//993
f 3128//987 3130//987 3133//987
f 3131//935 3134//935 3130//935
f 3134//935 3133//935 3130//935
f 3134//141 3135//141 3133//141
f 3135//141 3132//141 3133//141
f 3136//133 3137//133 3138//133
f 3137//133 3139//133 3138//133
f 3140//994 3136//994 3141//994
f 3136//995 3138//995 3141//995
f 3139//202 3142//202 3138//202
f 3142//202 3141//202 3138//202
f 3142//137 3143//137 3141//137
f 3143//137 3140//137 3141//137
f 3144//130 3145//130 3146//130
f 3145//130 3147//130 3146//130
f 3148//146 3144//146 3149//146
f 3144//146 3146//146 3149//146
f 3147//52 3150//52 3146//52
f 3150//52 3149//52 3146//52
f 3150//132 3151//132 3149//132
f 3151//132 3148//132 3149//132
f 3152//138 3153//138 3154//138
f 3153//138 3155//138 3154//138
f 3156//993 3152//993 3157//993
f 3152//987 3154//987 3157//987
f 3155//935 3158//935 3154//935
f 3158//935 3157//935 3154//935
f 3158//141 3159//141 3157//141
f 3159//141 3156//141 3157//141
f 3160//996 3161//996 3162//996
f 3161//996 3163//996 3162//996
f 3164//997 3160//997 3165//997
f 3160//997 3162//997 3165//997
f 3163//998 3166//998 3162//998
f 3166//998 3165//998 3162//998
f 3166//999 3167//999 3165//999
f 3167//999 3164//999 3165//999
f 3168//1000 3169//1000 3170//1000
f 3169//1001 3171//1001 3170//1001
f 3170//664 3171//664 3172//664
f 3161//1002 3160//1002 3173//1002
f 3160//1003 3174//1003 3173//1003
f 3173//1004 3174//1004 3175//1004
f 3164//34 3167//34 3171//34
f 3167//34 3172//34 3171//34
f 3176//52 3177//52 3178//52
f 3177//52 3175//52 3178//52
f 3178//52 3175//52 3174//52
f 3179//936 3180//936 3152//936
f 3180//936 3153//936 3152//936
f 3156//1005 3159//1005 3176//1005
f 3159//1005 3177//1005 3176//1005
f 3181//195 3182//195 3179//195
f 3182//195 3180//195 3179//195
f 3183//1006 3184//1006 3185//1006
f 3183//1006 3185//1006 3186//1006
f 3185//148 3187//148 3186//148
f 3186//148 3187//148 3188//148
f 3187//1007 3189//1007 3188//1007
f 3188//1007 3189//1007 3190//1007
f 3189//1008 3191//1008 3190//1008
f 3190//1008 3191//1008 3192//1008
f 3191//104 3193//104 3192//104
f 3192//104 3193//104 3194//104
f 3193//193 3195//193 3194//193
f 3194//193 3195//193 3196//193
f 3195//192 3197//192 3196//192
f 3196//192 3197//192 3198//192
f 3197//101 3182//101 3198//101
f 3198//101 3182//101 3181//101
f 3199//52 3200//52 3144//52
f 3200//52 3145//52 3144//52
f 3148//52 3151//52 3183//52
f 3151//52 3184//52 3183//52
f 3200//1009 3199//1009 3201//1009
f 3200//1009 3201//1009 3202//1009
f 3201//45 3203//45 3202//45
f 3202//45 3203//45 3204//45
f 3203//1010 3205//1010 3204//1010
f 3204//1010 3205//1010 3206//1010
f 3205//1011 3207//1011 3206//1011
f 3206//1011 3207//1011 3208//1011
f 3207//48 3209//48 3208//48
f 3208//48 3209//48 3210//48
f 3209//184 3211//184 3210//184
f 3210//184 3211//184 3212//184
f 3211//50 3213//50 3212//50
f 3212//50 3213//50 3214//50
f 3213//51 3215//51 3214//51
f 3214//51 3215//51 3216//51
f 3217//43 3218//43 3215//43
f 3218//43 3216//43 3215//43
f 3136//34 3219//34 3220//34
f 3220//1012 3221//1012 3136//1012
f 3221//1013 3222//1013 3136//1013
f 3136//1014 3222//1014 3137//1014
f 3140//34 3143//34 3217//34
f 3143//34 3218//34 3217//34
f 3220//52 3219//52 3223//52
f 3219//52 3224//52 3223//52
f 3223//52 3224//52 3225//52
f 3224//52 3226//52 3225//52
f 3225//52 3226//52 3227//52
f 3228//936 3229//936 3128//936
f 3229//936 3129//936 3128//936
f 3132//1005 3135//1005 3226//1005
f 3135//1005 3227//1005 3226//1005
f 3230//195 3231//195 3228//195
f 3231//195 3229//195 3228//195
f 3232//1006 3233//1006 3234//1006
f 3232//1006 3234//1006 3235//1006
f 3234//148 3236//148 3235//148
f 3235//148 3236//148 3237//148
f 3236//1007 3238//1007 3237//1007
f 3237//1007 3238//1007 3239//1007
f 3238//1008 3240//1008 3239//1008
f 3239//1008 3240//1008 3241//1008
f 3240//104 3242//104 3241//104
f 3241//104 3242//104 3243//104
f 3242//193 3244//193 3243//193
f 3243//193 3244//193 3245//193
f 3244//192 3246//192 3245//192
f 3245//192 3246//192 3247//192
f 3246//101 3231//101 3247//101
f 3247//101 3231//101 3230//101
f 3248//52 3249//52 3120//52
f 3249//52 3121//52 3120//52
f 3124//52 3127//52 3232//52
f 3127//52 3233//52 3232//52
f 3249//1009 3248//1009 3250//1009
f 3249//1009 3250//1009 3251//1009
f 3250//45 3252//45 3251//45
f 3251//45 3252//45 3253//45
f 3252//1015 3254//1015 3253//1015
f 3253//1015 3254//1015 3255//1015
f 3254//1016 3256//1016 3255//1016
f 3255//1016 3256//1016 3257//1016
f 3256//48 3258//48 3257//48
f 3257//48 3258//48 3259//48
f 3258//184 3260//184 3259//184
f 3259//184 3260//184 3261//184
f 3260//50 3262//50 3261//50
f 3261//50 3262//50 3263//50
f 3262//51 3264//51 3263//51
f 3263//51 3264//51 3265//51
f 3266//1017 3267//1017 3264//1017
f 3267//1017 3265//1017 3264//1017
f 3268//1018 3269//1018 3112//1018
f 3269//1018 3113//1018 3112//1018
f 3116//1018 3119//1018 3266//1018
f 3119//1018 3267//1018 3266//1018
f 3270//52 3271//52 3272//52
f 3271//52 3273//52 3272//52
f 3272//52 3273//52 3268//52
f 3273//52 3269//52 3268//52
f 3274//1019 3275//1019 3104//1019
f 3275//1019 3105//1019 3104//1019
f 3108//936 3111//936 3270//936
f 3111//936 3271//936 3270//936
f 3275//1020 3274//1020 3276//1020
f 3274//1021 3277//1021 3276//1021
f 3276//1022 3277//1022 3278//1022
f 3279//92 3280//92 2436//92
f 3280//92 2437//92 2436//92
f 2509//92 2508//92 3281//92
f 2508//92 3282//92 3281//92
f 3169//92 3168//92 3283//92
f 3168//92 2528//92 3283//92
f 3283//92 2528//92 2527//92
f 2529//92 2532//92 2534//92
f 2532//92 2535//92 2534//92
f 3079//92 3078//92 3097//92
f 3078//92 3098//92 3097//92
f 3099//92 3102//92 3284//92
f 3102//92 3285//92 3284//92
f 3284//92 3285//92 3277//92
f 3285//92 3278//92 3277//92
f 3280//130 3279//130 3286//130
f 3279//130 3287//130 3286//130
f 3286//130 3287//130 3288//130
f 3289//92 3288//92 3290//92
f 3288//92 3287//92 3290//92
f 3279//131 3281//131 3287//131
f 3281//131 3290//131 3287//131
f 3289//132 3290//132 3291//132
f 3290//132 3281//132 3291//132
f 3291//132 3281//132 3282//132
f 2645//1 2643//1 2925//1
f 2931//1 2632//1 2631//1
f 2925//1 2927//1 2645//1
f 2927//1 2641//1 2645//1
f 2645//1 2641//1 2640//1
f 2406//1 2408//1 2631//1
f 2408//1 2410//1 2631//1
f 2631//1 2410//1 2931//1
f 2923//1 2649//1 2628//1
f 2649//1 2648//1 2628//1
f 3292//1 2616//1 3293//1
f 2616//1 2624//1 3293//1
f 2370//1 2372//1 2636//1
f 2394//1 2396//1 2648//1
f 2626//1 2616//1 2628//1
f 2616//1 3292//1 2628//1
f 2628//1 3292//1 2923//1
f 3292//1 3294//1 2923//1
f 2923//1 3294//1 2922//1
f 2410//1 2364//1 2931//1
f 2364//1 2366//1 2931//1
f 2931//1 2366//1 2368//1
f 2396//1 2398//1 2648//1
f 2398//1 2400//1 2648//1
f 2648//1 2400//1 2628//1
f 2400//1 2402//1 2628//1
f 2628//1 2402//1 2631//1
f 2402//1 2404//1 2631//1
f 2631//1 2404//1 2406//1
f 2634//1 2929//1 2636//1
f 2929//1 2931//1 2636//1
f 2636//1 2931//1 2370//1
f 2931//1 2368//1 2370//1
f 2372//1 2374//1 2636//1
f 2374//1 2376//1 2636//1
f 2636//1 2376//1 2640//1
f 2376//1 2378//1 2640//1
f 2640//1 2378//1 2380//1
f 2380//1 2382//1 2640//1
f 2382//1 2384//1 2640//1
f 2640//1 2384//1 2645//1
f 2384//1 2386//1 2645//1
f 2386//1 2388//1 2645//1
f 2388//1 2390//1 2645//1
f 2645//1 2390//1 2648//1
f 2390//1 2392//1 2648//1
f 2648//1 2392//1 2394//1
f 3295//1 3296//1 3297//1
f 750//1 767//1 772//1
f 775//1 777//1 3295//1
f 785//1 787//1 3295//1
f 722//1 724//1 3298//1
f 682//1 3299//1 680//1
f 626//1 536//1 534//1
f 640//1 480//1 471//1
f 645//1 647//1 3300//1
f 427//1 424//1 3301//1
f 838//1 840//1 3297//1
f 3302//1 3303//1 342//1
f 339//1 337//1 344//1
f 337//1 838//1 344//1
f 344//1 838//1 360//1
f 838//1 3297//1 360//1
f 360//1 3297//1 358//1
f 3297//1 356//1 358//1
f 3304//1 376//1 364//1
f 812//1 814//1 3296//1
f 814//1 366//1 3296//1
f 366//1 345//1 3296//1
f 3296//1 345//1 348//1
f 348//1 350//1 3296//1
f 350//1 352//1 3296//1
f 3296//1 352//1 3297//1
f 352//1 354//1 3297//1
f 3297//1 354//1 356//1
f 415//1 417//1 3305//1
f 417//1 419//1 3305//1
f 3305//1 419//1 421//1
f 2274//1 2273//1 3306//1
f 2273//1 2272//1 3306//1
f 2275//1 387//1 2276//1
f 387//1 2277//1 2276//1
f 2277//1 387//1 2278//1
f 387//1 389//1 2278//1
f 2278//1 389//1 2279//1
f 389//1 391//1 2279//1
f 2279//1 391//1 2280//1
f 391//1 393//1 2280//1
f 2280//1 393//1 2281//1
f 393//1 395//1 2281//1
f 2281//1 395//1 2282//1
f 395//1 397//1 2282//1
f 2282//1 397//1 2283//1
f 397//1 399//1 2283//1
f 2283//1 399//1 2284//1
f 399//1 401//1 2284//1
f 2284//1 401//1 2285//1
f 401//1 403//1 2285//1
f 2285//1 403//1 2286//1
f 403//1 405//1 2286//1
f 2286//1 405//1 2287//1
f 405//1 407//1 2287//1
f 2287//1 407//1 2288//1
f 407//1 409//1 2288//1
f 2288//1 409//1 3307//1
f 409//1 411//1 3307//1
f 3307//1 411//1 3305//1
f 411//1 413//1 3305//1
f 3305//1 413//1 415//1
f 379//1 381//1 3306//1
f 381//1 383//1 3306//1
f 2275//1 2274//1 387//1
f 2274//1 3306//1 387//1
f 387//1 3306//1 385//1
f 3306//1 383//1 385//1
f 364//1 3301//1 3304//1
f 3301//1 424//1 3304//1
f 3304//1 424//1 3306//1
f 424//1 377//1 3306//1
f 3306//1 377//1 379//1
f 647//1 452//1 430//1
f 435//1 437//1 3300//1
f 647//1 430//1 3300//1
f 430//1 433//1 3300//1
f 3300//1 433//1 435//1
f 437//1 439//1 3300//1
f 439//1 441//1 3300//1
f 3300//1 441//1 443//1
f 425//1 427//1 429//1
f 427//1 445//1 429//1
f 642//1 644//1 473//1
f 473//1 644//1 3308//1
f 473//1 474//1 642//1
f 474//1 449//1 642//1
f 642//1 449//1 447//1
f 478//1 476//1 482//1
f 476//1 638//1 482//1
f 1879//1 1880//1 638//1
f 1880//1 1881//1 638//1
f 1860//1 482//1 1883//1
f 482//1 638//1 1883//1
f 1883//1 638//1 1882//1
f 638//1 1881//1 1882//1
f 1868//1 1869//1 3308//1
f 1869//1 1870//1 3308//1
f 1860//1 1861//1 482//1
f 1861//1 1862//1 482//1
f 482//1 1862//1 490//1
f 1862//1 1863//1 490//1
f 490//1 1863//1 1864//1
f 1870//1 1871//1 3308//1
f 1871//1 1872//1 3308//1
f 3308//1 1872//1 473//1
f 1872//1 1873//1 473//1
f 473//1 1873//1 1874//1
f 1874//1 1875//1 473//1
f 1875//1 1876//1 473//1
f 473//1 1876//1 1877//1
f 1864//1 1865//1 490//1
f 1865//1 1866//1 490//1
f 490//1 1866//1 3308//1
f 1866//1 1867//1 3308//1
f 3308//1 1867//1 1868//1
f 471//1 473//1 640//1
f 473//1 1877//1 640//1
f 640//1 1877//1 638//1
f 1877//1 1878//1 638//1
f 638//1 1878//1 1879//1
f 512//1 510//1 630//1
f 527//1 525//1 3309//1
f 525//1 523//1 3309//1
f 3309//1 523//1 521//1
f 521//1 519//1 3309//1
f 519//1 517//1 3309//1
f 3309//1 517//1 515//1
f 515//1 512//1 3309//1
f 512//1 630//1 3309//1
f 3309//1 630//1 3310//1
f 630//1 632//1 3310//1
f 3310//1 632//1 514//1
f 538//1 532//1 628//1
f 532//1 529//1 628//1
f 514//1 493//1 3310//1
f 493//1 496//1 3310//1
f 3310//1 496//1 498//1
f 498//1 500//1 3310//1
f 500//1 502//1 3310//1
f 3310//1 502//1 504//1
f 504//1 506//1 3310//1
f 506//1 634//1 3310//1
f 3310//1 634//1 3308//1
f 634//1 636//1 3308//1
f 3308//1 636//1 490//1
f 636//1 488//1 490//1
f 487//1 485//1 492//1
f 485//1 634//1 492//1
f 492//1 634//1 508//1
f 634//1 506//1 508//1
f 543//1 536//1 3311//1
f 536//1 626//1 3311//1
f 3311//1 626//1 3309//1
f 626//1 628//1 3309//1
f 3309//1 628//1 527//1
f 628//1 529//1 527//1
f 3312//1 622//1 624//1
f 549//1 540//1 624//1
f 540//1 542//1 624//1
f 624//1 542//1 3312//1
f 616//1 586//1 584//1
f 597//1 591//1 616//1
f 591//1 588//1 616//1
f 616//1 588//1 586//1
f 576//1 574//1 3313//1
f 574//1 571//1 3313//1
f 582//1 580//1 3313//1
f 580//1 578//1 3313//1
f 3313//1 578//1 576//1
f 573//1 3312//1 620//1
f 3312//1 3313//1 620//1
f 620//1 3313//1 618//1
f 3313//1 571//1 618//1
f 618//1 571//1 569//1
f 573//1 552//1 3312//1
f 552//1 555//1 3312//1
f 3312//1 555//1 557//1
f 557//1 559//1 3312//1
f 559//1 561//1 3312//1
f 3312//1 561//1 563//1
f 547//1 545//1 551//1
f 545//1 622//1 551//1
f 551//1 622//1 567//1
f 622//1 3312//1 567//1
f 567//1 3312//1 565//1
f 3312//1 563//1 565//1
f 1930//1 1931//1 599//1
f 1925//1 616//1 3313//1
f 616//1 584//1 3313//1
f 3313//1 584//1 582//1
f 1929//1 1930//1 614//1
f 1930//1 599//1 614//1
f 614//1 599//1 593//1
f 599//1 595//1 593//1
f 1931//1 1908//1 599//1
f 1908//1 1909//1 599//1
f 599//1 1909//1 1910//1
f 1918//1 1919//1 3314//1
f 1919//1 1920//1 3314//1
f 3314//1 1920//1 3313//1
f 1920//1 1921//1 3313//1
f 3313//1 1921//1 1922//1
f 1922//1 1923//1 3313//1
f 1923//1 1924//1 3313//1
f 3313//1 1924//1 1925//1
f 1925//1 1926//1 616//1
f 1926//1 1927//1 616//1
f 616//1 1927//1 614//1
f 1927//1 1928//1 614//1
f 614//1 1928//1 1929//1
f 605//1 603//1 610//1
f 1915//1 1916//1 3314//1
f 1916//1 1917//1 3314//1
f 3314//1 1917//1 1918//1
f 605//1 610//1 608//1
f 607//1 601//1 612//1
f 601//1 599//1 612//1
f 1910//1 1911//1 599//1
f 1911//1 1912//1 599//1
f 599//1 1912//1 612//1
f 1912//1 1913//1 612//1
f 612//1 1913//1 610//1
f 1913//1 1914//1 610//1
f 1914//1 1915//1 610//1
f 1915//1 3314//1 610//1
f 610//1 3314//1 608//1
f 3314//1 3315//1 608//1
f 608//1 3315//1 609//1
f 721//1 457//1 3315//1
f 457//1 459//1 3315//1
f 3315//1 459//1 609//1
f 459//1 461//1 609//1
f 721//1 3315//1 719//1
f 3315//1 3314//1 719//1
f 719//1 3314//1 718//1
f 3314//1 3313//1 718//1
f 718//1 3313//1 716//1
f 650//1 648//1 3316//1
f 648//1 456//1 3316//1
f 3316//1 658//1 656//1
f 667//1 665//1 3317//1
f 665//1 662//1 3317//1
f 3317//1 662//1 3316//1
f 662//1 660//1 3316//1
f 3316//1 660//1 658//1
f 656//1 654//1 3316//1
f 654//1 652//1 3316//1
f 3316//1 652//1 650//1
f 3318//1 669//1 3319//1
f 669//1 667//1 3319//1
f 704//1 706//1 3318//1
f 706//1 708//1 3318//1
f 3318//1 708//1 710//1
f 710//1 712//1 3318//1
f 712//1 714//1 3318//1
f 3318//1 714//1 669//1
f 702//1 3320//1 700//1
f 3320//1 698//1 700//1
f 692//1 694//1 3320//1
f 694//1 696//1 3320//1
f 3320//1 696//1 698//1
f 2264//1 2263//1 690//1
f 690//1 2263//1 688//1
f 2263//1 2262//1 688//1
f 688//1 2262//1 686//1
f 2262//1 2261//1 686//1
f 686//1 2261//1 684//1
f 2261//1 2260//1 684//1
f 684//1 2260//1 682//1
f 672//1 674//1 670//1
f 674//1 676//1 670//1
f 670//1 676//1 678//1
f 370//1 368//1 834//1
f 818//1 816//1 3321//1
f 374//1 372//1 3317//1
f 667//1 3317//1 3319//1
f 3317//1 372//1 3319//1
f 3319//1 372//1 670//1
f 816//1 370//1 3321//1
f 370//1 834//1 3321//1
f 3321//1 834//1 3317//1
f 834//1 836//1 3317//1
f 3317//1 836//1 374//1
f 826//1 824//1 3322//1
f 824//1 822//1 3322//1
f 3322//1 822//1 3321//1
f 822//1 820//1 3321//1
f 3321//1 820//1 818//1
f 833//1 830//1 3322//1
f 830//1 828//1 3322//1
f 3322//1 828//1 826//1
f 2974//1 833//1 2976//1
f 833//1 3322//1 2976//1
f 2976//1 3322//1 2979//1
f 3322//1 3323//1 2979//1
f 2979//1 3323//1 2980//1
f 3323//1 2981//1 2980//1
f 2982//1 2981//1 3324//1
f 2981//1 3323//1 3324//1
f 3324//1 3323//1 3325//1
f 3323//1 3302//1 3325//1
f 3325//1 3302//1 3326//1
f 3302//1 342//1 3326//1
f 3326//1 342//1 842//1
f 802//1 800//1 3327//1
f 800//1 798//1 3327//1
f 3327//1 798//1 470//1
f 3295//1 787//1 3296//1
f 787//1 789//1 3296//1
f 3296//1 789//1 791//1
f 810//1 808//1 3328//1
f 808//1 806//1 3328//1
f 3328//1 806//1 3327//1
f 806//1 804//1 3327//1
f 3327//1 804//1 802//1
f 779//1 781//1 3295//1
f 781//1 783//1 3295//1
f 3295//1 783//1 785//1
f 779//1 3295//1 769//1
f 3295//1 777//1 769//1
f 769//1 777//1 771//1
f 774//1 775//1 2418//1
f 753//1 751//1 3321//1
f 751//1 750//1 3321//1
f 750//1 772//1 3321//1
f 3321//1 772//1 3322//1
f 772//1 774//1 3322//1
f 3322//1 774//1 2419//1
f 774//1 2418//1 2419//1
f 3298//1 2052//1 3316//1
f 2052//1 2054//1 3316//1
f 2092//1 2094//1 3298//1
f 2054//1 2056//1 3316//1
f 2056//1 2058//1 3316//1
f 3316//1 2058//1 2060//1
f 2068//1 2070//1 3317//1
f 2070//1 2072//1 3317//1
f 759//1 757//1 3321//1
f 757//1 755//1 3321//1
f 3321//1 755//1 753//1
f 2094//1 2096//1 3298//1
f 2096//1 2098//1 3298//1
f 3298//1 2098//1 2052//1
f 2088//1 2090//1 742//1
f 2060//1 2062//1 3316//1
f 2062//1 2064//1 3316//1
f 3316//1 2064//1 3317//1
f 2064//1 2066//1 3317//1
f 3317//1 2066//1 2068//1
f 2072//1 2074//1 3317//1
f 2074//1 2076//1 3317//1
f 3317//1 2076//1 3321//1
f 2076//1 2078//1 3321//1
f 3321//1 2078//1 2080//1
f 761//1 759//1 2084//1
f 759//1 3321//1 2084//1
f 2084//1 3321//1 2082//1
f 3321//1 2080//1 2082//1
f 2086//1 765//1 2084//1
f 765//1 763//1 2084//1
f 2084//1 763//1 761//1
f 742//1 2090//1 741//1
f 2090//1 2092//1 741//1
f 741//1 2092//1 739//1
f 746//1 748//1 744//1
f 748//1 765//1 744//1
f 744//1 765//1 742//1
f 765//1 2086//1 742//1
f 742//1 2086//1 2088//1
f 3298//1 729//1 731//1
f 729//1 3298//1 464//1
f 3298//1 724//1 464//1
f 464//1 724//1 466//1
f 731//1 733//1 3298//1
f 733//1 735//1 3298//1
f 3298//1 735//1 2092//1
f 735//1 737//1 2092//1
f 2092//1 737//1 739//1
f 2419//1 2420//1 3322//1
f 2420//1 2421//1 3322//1
f 3322//1 2421//1 2422//1
f 2425//1 3323//1 2424//1
f 3323//1 3322//1 2424//1
f 2424//1 3322//1 2423//1
f 3322//1 2422//1 2423//1
f 2434//1 3302//1 2433//1
f 3302//1 2432//1 2433//1
f 2425//1 2426//1 3323//1
f 2426//1 2427//1 3323//1
f 3323//1 2427//1 2428//1
f 2434//1 2435//1 3302//1
f 2435//1 2412//1 3302//1
f 3302//1 2412//1 3329//1
f 2412//1 2413//1 3329//1
f 3329//1 2413//1 2414//1
f 2414//1 2415//1 3329//1
f 2415//1 2416//1 3329//1
f 3329//1 2416//1 775//1
f 2416//1 2417//1 775//1
f 775//1 2417//1 2418//1
f 2428//1 2429//1 3323//1
f 2429//1 2430//1 3323//1
f 3323//1 2430//1 3302//1
f 2430//1 2431//1 3302//1
f 3302//1 2431//1 2432//1
f 421//1 376//1 3305//1
f 376//1 3304//1 3305//1
f 3305//1 3304//1 2268//1
f 2272//1 2271//1 3306//1
f 2271//1 2270//1 3306//1
f 3306//1 2270//1 3304//1
f 2270//1 2269//1 3304//1
f 3304//1 2269//1 2268//1
f 2268//1 2291//1 3305//1
f 2291//1 2290//1 3305//1
f 3305//1 2290//1 3307//1
f 2290//1 2289//1 3307//1
f 3307//1 2289//1 2288//1
f 2257//1 2256//1 3299//1
f 2257//1 3299//1 2258//1
f 682//1 2260//1 3299//1
f 2260//1 2259//1 3299//1
f 3299//1 2259//1 2258//1
f 2266//1 3320//1 2267//1
f 3320//1 2244//1 2267//1
f 690//1 692//1 2264//1
f 692//1 3320//1 2264//1
f 2264//1 3320//1 2265//1
f 3320//1 2266//1 2265//1
f 678//1 680//1 670//1
f 680//1 3299//1 670//1
f 670//1 3299//1 3319//1
f 3299//1 2256//1 3319//1
f 3319//1 2256//1 2255//1
f 702//1 704//1 3320//1
f 704//1 3318//1 3320//1
f 3320//1 3318//1 2244//1
f 3318//1 2245//1 2244//1
f 2255//1 2254//1 3319//1
f 2254//1 2253//1 3319//1
f 3319//1 2253//1 2252//1
f 2248//1 2247//1 3318//1
f 2247//1 2246//1 3318//1
f 3318//1 2246//1 2245//1
f 2252//1 2251//1 3319//1
f 2251//1 2250//1 3319//1
f 3319//1 2250//1 3318//1
f 2250//1 2249//1 3318//1
f 3318//1 2249//1 2248//1
f 2008//1 2010//1 3328//1
f 3296//1 2018//1 2020//1
f 2048//1 2050//1 3330//1
f 2050//1 2004//1 3330//1
f 3330//1 2004//1 3328//1
f 2004//1 2006//1 3328//1
f 3328//1 2006//1 2008//1
f 2010//1 2012//1 3328//1
f 2012//1 2014//1 3328//1
f 3328//1 2014//1 2016//1
f 2040//1 2042//1 3330//1
f 795//1 797//1 793//1
f 797//1 810//1 793//1
f 793//1 810//1 791//1
f 810//1 3328//1 791//1
f 791//1 3328//1 3296//1
f 3328//1 2016//1 3296//1
f 3296//1 2016//1 2018//1
f 2042//1 2044//1 3330//1
f 2044//1 2046//1 3330//1
f 3330//1 2046//1 2048//1
f 2020//1 2022//1 3296//1
f 2022//1 2024//1 3296//1
f 3296//1 2024//1 2026//1
f 2028//1 2030//1 3301//1
f 2030//1 2032//1 3301//1
f 443//1 445//1 3300//1
f 445//1 427//1 3300//1
f 3300//1 427//1 3330//1
f 427//1 3301//1 3330//1
f 3330//1 3301//1 2040//1
f 3301//1 2038//1 2040//1
f 2026//1 2028//1 3296//1
f 2028//1 3301//1 3296//1
f 3296//1 3301//1 812//1
f 3301//1 364//1 812//1
f 812//1 364//1 362//1
f 2032//1 2034//1 3301//1
f 2034//1 2036//1 3301//1
f 3301//1 2036//1 2038//1
f 644//1 645//1 3308//1
f 645//1 3300//1 3308//1
f 3308//1 3300//1 3310//1
f 3300//1 3330//1 3310//1
f 3310//1 3330//1 3309//1
f 3330//1 3328//1 3309//1
f 3309//1 3328//1 3311//1
f 3328//1 3327//1 3311//1
f 3311//1 3327//1 727//1
f 3327//1 470//1 727//1
f 727//1 470//1 468//1
f 775//1 3295//1 3329//1
f 3295//1 3297//1 3329//1
f 3329//1 3297//1 3302//1
f 3297//1 840//1 3302//1
f 3302//1 840//1 3303//1
f 840//1 341//1 3303//1
f 3303//1 341//1 342//1
f 1885//1 542//1 1884//1
f 542//1 543//1 1884//1
f 1884//1 543//1 1907//1
f 1896//1 1897//1 3311//1
f 1885//1 1886//1 542//1
f 1886//1 1887//1 542//1
f 542//1 1887//1 1888//1
f 1888//1 1889//1 542//1
f 1889//1 1890//1 542//1
f 542//1 1890//1 3312//1
f 1890//1 1891//1 3312//1
f 3312//1 1891//1 1892//1
f 1892//1 1893//1 3312//1
f 1893//1 1894//1 3312//1
f 3312//1 1894//1 1895//1
f 727//1 726//1 3311//1
f 726//1 3312//1 3311//1
f 3311//1 3312//1 1896//1
f 3312//1 1895//1 1896//1
f 1897//1 1898//1 3311//1
f 1898//1 1899//1 3311//1
f 3311//1 1899//1 1900//1
f 1900//1 1901//1 3311//1
f 1901//1 1902//1 3311//1
f 3311//1 1902//1 543//1
f 1902//1 1903//1 543//1
f 543//1 1903//1 1904//1
f 1904//1 1905//1 543//1
f 1905//1 1906//1 543//1
f 543//1 1906//1 1907//1
f 726//1 722//1 3312//1
f 722//1 3298//1 3312//1
f 3312//1 3298//1 3313//1
f 3298//1 3316//1 3313//1
f 3313//1 3316//1 716//1
f 3316//1 456//1 716//1
f 716//1 456//1 454//1
f 2822//1 2820//1 2818//1
f 2805//1 2803//1 2801//1
f 2816//1 2814//1 2818//1
f 2814//1 2813//1 2818//1
f 2801//1 2800//1 2805//1
f 2800//1 2809//1 2805//1
f 2805//1 2809//1 2807//1
f 2827//1 2826//1 2797//1
f 2826//1 2825//1 2797//1
f 3331//1 2792//1 3332//1
f 2792//1 2793//1 3332//1
f 2795//1 2792//1 2797//1
f 2792//1 3331//1 2797//1
f 2797//1 3331//1 2827//1
f 3331//1 3333//1 2827//1
f 2827//1 3333//1 2835//1
f 2825//1 2322//1 2324//1
f 2306//1 2813//1 2304//1
f 2813//1 2809//1 2304//1
f 2304//1 2809//1 2302//1
f 2809//1 2300//1 2302//1
f 2324//1 2326//1 2825//1
f 2326//1 2328//1 2825//1
f 2825//1 2328//1 2797//1
f 2328//1 2330//1 2797//1
f 2797//1 2330//1 2332//1
f 2332//1 2334//1 2797//1
f 2334//1 2336//1 2797//1
f 2797//1 2336//1 2800//1
f 2336//1 2338//1 2800//1
f 2800//1 2338//1 2292//1
f 2292//1 2294//1 2800//1
f 2294//1 2296//1 2800//1
f 2800//1 2296//1 2809//1
f 2296//1 2298//1 2809//1
f 2809//1 2298//1 2300//1
f 2312//1 2818//1 2310//1
f 2818//1 2813//1 2310//1
f 2310//1 2813//1 2308//1
f 2813//1 2306//1 2308//1
f 2312//1 2314//1 2818//1
f 2314//1 2316//1 2818//1
f 2818//1 2316//1 2822//1
f 2316//1 2318//1 2822//1
f 2822//1 2318//1 2825//1
f 2318//1 2320//1 2825//1
f 2825//1 2320//1 2322//1
f 3334//1 3335//1 3336//1
f 2146//1 2100//1 3337//1
f 2517//1 2519//1 3338//1
f 2730//1 2732//1 2731//1
f 3158//1 3155//1 3339//1
f 3094//1 3096//1 3340//1
f 3037//1 3341//1 3035//1
f 3043//1 3045//1 3047//1
f 2983//1 2984//1 3342//1
f 2988//1 2986//1 2983//1
f 3008//1 3010//1 3343//1
f 3010//1 3012//1 3343//1
f 3343//1 3012//1 2996//1
f 2994//1 2992//1 2991//1
f 2983//1 3342//1 2988//1
f 3342//1 3343//1 2988//1
f 2988//1 3343//1 2991//1
f 3343//1 2996//1 2991//1
f 2991//1 2996//1 2994//1
f 3022//1 3020//1 3019//1
f 3024//1 3022//1 3344//1
f 3022//1 3334//1 3344//1
f 2997//1 3000//1 3335//1
f 3000//1 3002//1 3335//1
f 3002//1 3004//1 3335//1
f 3335//1 3004//1 3343//1
f 3004//1 3006//1 3343//1
f 3343//1 3006//1 3008//1
f 3022//1 3019//1 3334//1
f 3019//1 3016//1 3334//1
f 3334//1 3016//1 3335//1
f 3016//1 3014//1 3335//1
f 3335//1 3014//1 2997//1
f 3066//1 3071//1 3068//1
f 3071//1 3070//1 3068//1
f 2212//1 2211//1 3344//1
f 2211//1 2210//1 3344//1
f 3344//1 2210//1 2209//1
f 3066//1 3064//1 3071//1
f 3064//1 3024//1 3071//1
f 3071//1 3024//1 3061//1
f 3024//1 3344//1 3061//1
f 3061//1 3344//1 2208//1
f 3344//1 2209//1 2208//1
f 2219//1 3341//1 2196//1
f 3341//1 3047//1 2196//1
f 2196//1 3047//1 2197//1
f 3047//1 2198//1 2197//1
f 2208//1 2207//1 3061//1
f 2207//1 2206//1 3061//1
f 3061//1 2206//1 3059//1
f 2206//1 2205//1 3059//1
f 3059//1 2205//1 3057//1
f 2205//1 2204//1 3057//1
f 3057//1 2204//1 3055//1
f 2204//1 2203//1 3055//1
f 3055//1 2203//1 3053//1
f 2203//1 2202//1 3053//1
f 3053//1 2202//1 3051//1
f 2202//1 2201//1 3051//1
f 3051//1 2201//1 3049//1
f 2201//1 2200//1 3049//1
f 3049//1 2200//1 3047//1
f 2200//1 2199//1 3047//1
f 3047//1 2199//1 2198//1
f 2219//1 2218//1 3341//1
f 2218//1 2217//1 3341//1
f 3341//1 2217//1 2216//1
f 2216//1 2215//1 3341//1
f 2215//1 2214//1 3341//1
f 3341//1 2214//1 3344//1
f 2214//1 2213//1 3344//1
f 3344//1 2213//1 2212//1
f 3043//1 3047//1 3041//1
f 3341//1 3037//1 3047//1
f 3037//1 3039//1 3047//1
f 3047//1 3039//1 3041//1
f 3029//1 3031//1 3341//1
f 3031//1 3033//1 3341//1
f 3341//1 3033//1 3035//1
f 3340//1 3081//1 3083//1
f 3083//1 3085//1 3340//1
f 3085//1 3087//1 3340//1
f 3340//1 3087//1 3089//1
f 3075//1 3073//1 3077//1
f 3073//1 3345//1 3077//1
f 3077//1 3345//1 3093//1
f 3345//1 3340//1 3093//1
f 3093//1 3340//1 3091//1
f 3340//1 3089//1 3091//1
f 3081//1 3340//1 3078//1
f 3340//1 3096//1 3078//1
f 3078//1 3096//1 3098//1
f 3103//1 3101//1 1984//1
f 3115//1 3113//1 3346//1
f 2000//1 2001//1 3094//1
f 1988//1 1989//1 3346//1
f 1989//1 1990//1 3346//1
f 3346//1 1990//1 1991//1
f 1998//1 1999//1 3118//1
f 1999//1 2000//1 3118//1
f 2001//1 2002//1 3094//1
f 2002//1 2003//1 3094//1
f 3094//1 2003//1 3101//1
f 2003//1 1980//1 3101//1
f 3101//1 1980//1 1981//1
f 1981//1 1982//1 3101//1
f 1982//1 1983//1 3101//1
f 3101//1 1983//1 1984//1
f 1991//1 1992//1 3346//1
f 1992//1 1993//1 3346//1
f 3346//1 1993//1 3115//1
f 1993//1 1994//1 3115//1
f 1994//1 1995//1 3115//1
f 1995//1 1996//1 3115//1
f 3115//1 1996//1 3118//1
f 1996//1 1997//1 3118//1
f 3118//1 1997//1 1998//1
f 3347//1 3276//1 3285//1
f 3276//1 3278//1 3285//1
f 3105//1 3275//1 3107//1
f 3275//1 3276//1 3107//1
f 1986//1 3107//1 1985//1
f 3107//1 3276//1 1985//1
f 1985//1 3276//1 1984//1
f 3276//1 3347//1 1984//1
f 1984//1 3347//1 3103//1
f 3347//1 3285//1 3103//1
f 3103//1 3285//1 3102//1
f 1986//1 1987//1 3107//1
f 1987//1 1988//1 3107//1
f 3107//1 1988//1 3110//1
f 1988//1 3346//1 3110//1
f 3110//1 3346//1 3111//1
f 3271//1 3111//1 3273//1
f 3111//1 3346//1 3273//1
f 3273//1 3346//1 3269//1
f 3346//1 3113//1 3269//1
f 3134//1 3131//1 3348//1
f 3348//1 3126//1 3340//1
f 3126//1 3123//1 3340//1
f 3242//1 3240//1 3348//1
f 3240//1 3238//1 3348//1
f 3348//1 3238//1 3236//1
f 3127//1 3126//1 3233//1
f 3126//1 3348//1 3233//1
f 3233//1 3348//1 3234//1
f 3348//1 3236//1 3234//1
f 2000//1 3094//1 3118//1
f 3094//1 3340//1 3118//1
f 3118//1 3340//1 3261//1
f 3131//1 3129//1 3229//1
f 3255//1 3340//1 3253//1
f 3340//1 3251//1 3253//1
f 3255//1 3257//1 3340//1
f 3257//1 3259//1 3340//1
f 3340//1 3259//1 3261//1
f 3267//1 3119//1 3265//1
f 3119//1 3118//1 3265//1
f 3265//1 3118//1 3263//1
f 3118//1 3261//1 3263//1
f 3229//1 3231//1 3131//1
f 3231//1 3246//1 3131//1
f 3131//1 3246//1 3348//1
f 3246//1 3244//1 3348//1
f 3348//1 3244//1 3242//1
f 3123//1 3121//1 3340//1
f 3121//1 3249//1 3340//1
f 3340//1 3249//1 3251//1
f 3137//1 3222//1 3139//1
f 3222//1 3221//1 3139//1
f 3139//1 3221//1 3349//1
f 3191//1 3189//1 3339//1
f 3191//1 3339//1 3193//1
f 3150//1 3147//1 3350//1
f 3189//1 3187//1 3339//1
f 3187//1 3185//1 3339//1
f 3339//1 3185//1 3184//1
f 3202//1 3204//1 3350//1
f 3204//1 3206//1 3350//1
f 3350//1 3206//1 3208//1
f 3193//1 3339//1 3195//1
f 3339//1 3155//1 3195//1
f 3195//1 3155//1 3197//1
f 3147//1 3145//1 3350//1
f 3145//1 3200//1 3350//1
f 3350//1 3200//1 3202//1
f 3153//1 3180//1 3155//1
f 3180//1 3182//1 3155//1
f 3155//1 3182//1 3197//1
f 3208//1 3210//1 3350//1
f 3210//1 3212//1 3350//1
f 3350//1 3212//1 3142//1
f 3218//1 3143//1 3216//1
f 3143//1 3142//1 3216//1
f 3216//1 3142//1 3214//1
f 3142//1 3212//1 3214//1
f 3173//1 3175//1 3177//1
f 3172//1 3167//1 3170//1
f 3167//1 3166//1 3170//1
f 3170//1 3166//1 2524//1
f 3177//1 3351//1 3173//1
f 3351//1 3163//1 3173//1
f 3173//1 3163//1 3161//1
f 1940//1 1941//1 3351//1
f 1941//1 1942//1 3351//1
f 1933//1 1934//1 3352//1
f 1934//1 1935//1 3352//1
f 3352//1 1935//1 1936//1
f 1942//1 1943//1 3351//1
f 1943//1 1944//1 3351//1
f 3351//1 1944//1 3163//1
f 1944//1 1945//1 3163//1
f 3163//1 1945//1 1946//1
f 1936//1 1937//1 3352//1
f 1937//1 1938//1 3352//1
f 3352//1 1938//1 3351//1
f 1938//1 1939//1 3351//1
f 3351//1 1939//1 1940//1
f 1932//1 2531//1 1955//1
f 2531//1 2524//1 1955//1
f 1955//1 2524//1 1954//1
f 1946//1 1947//1 3163//1
f 1947//1 1948//1 3163//1
f 3163//1 1948//1 3166//1
f 1948//1 1949//1 3166//1
f 3166//1 1949//1 1950//1
f 1950//1 1951//1 3166//1
f 1951//1 1952//1 3166//1
f 3166//1 1952//1 2524//1
f 1952//1 1953//1 2524//1
f 2524//1 1953//1 1954//1
f 2524//1 2526//1 3170//1
f 2526//1 2528//1 3170//1
f 3170//1 2528//1 3168//1
f 2542//1 2540//1 3352//1
f 2540//1 2538//1 3352//1
f 2538//1 2536//1 3352//1
f 3352//1 2536//1 2535//1
f 1932//1 1933//1 2531//1
f 1933//1 3352//1 2531//1
f 2531//1 3352//1 2533//1
f 3352//1 2535//1 2533//1
f 2533//1 2535//1 2532//1
f 2555//1 2553//1 2550//1
f 2550//1 2548//1 2555//1
f 2548//1 2546//1 2555//1
f 2555//1 2546//1 3352//1
f 2546//1 2544//1 3352//1
f 3352//1 2544//1 2542//1
f 3177//1 3159//1 3351//1
f 3159//1 3158//1 3351//1
f 3351//1 3158//1 3352//1
f 3158//1 3339//1 3352//1
f 3352//1 3339//1 2555//1
f 3339//1 3337//1 2555//1
f 3353//1 3354//1 3355//1
f 3354//1 2557//1 3355//1
f 2594//1 2596//1 3354//1
f 2596//1 2598//1 3354//1
f 2598//1 2600//1 3354//1
f 2600//1 2602//1 3354//1
f 3354//1 2602//1 2557//1
f 2241//1 2240//1 3354//1
f 2237//1 2594//1 2238//1
f 2594//1 3354//1 2238//1
f 2238//1 3354//1 2239//1
f 3354//1 2240//1 2239//1
f 2224//1 2572//1 2225//1
f 2572//1 2574//1 2225//1
f 2225//1 2574//1 2226//1
f 2574//1 2576//1 2226//1
f 2226//1 2576//1 2227//1
f 2576//1 2578//1 2227//1
f 2227//1 2578//1 2228//1
f 2578//1 2580//1 2228//1
f 2228//1 2580//1 2229//1
f 2580//1 2582//1 2229//1
f 2229//1 2582//1 2230//1
f 2582//1 2584//1 2230//1
f 2230//1 2584//1 2231//1
f 2584//1 2586//1 2231//1
f 2231//1 2586//1 2232//1
f 2586//1 2588//1 2232//1
f 2232//1 2588//1 2233//1
f 2588//1 2590//1 2233//1
f 2233//1 2590//1 2234//1
f 2590//1 2592//1 2234//1
f 2234//1 2592//1 2235//1
f 2592//1 2594//1 2235//1
f 2235//1 2594//1 2236//1
f 2594//1 2237//1 2236//1
f 2224//1 2223//1 2572//1
f 2223//1 2222//1 2572//1
f 2572//1 2222//1 2570//1
f 2222//1 2221//1 2570//1
f 2221//1 2220//1 2570//1
f 2570//1 2220//1 3353//1
f 2220//1 2243//1 3353//1
f 3353//1 2243//1 3354//1
f 2243//1 2242//1 3354//1
f 3354//1 2242//1 2241//1
f 2558//1 2560//1 2562//1
f 2562//1 2564//1 2558//1
f 2564//1 2566//1 2558//1
f 2558//1 2566//1 2568//1
f 2609//1 3355//1 2612//1
f 3355//1 3356//1 2612//1
f 2712//1 2710//1 3356//1
f 2710//1 2708//1 3356//1
f 2613//1 2612//1 2705//1
f 2612//1 3356//1 2705//1
f 2705//1 3356//1 2706//1
f 3356//1 2708//1 2706//1
f 2609//1 2607//1 3355//1
f 2607//1 2605//1 3355//1
f 3355//1 2605//1 3353//1
f 2605//1 2558//1 3353//1
f 3353//1 2558//1 2570//1
f 2558//1 2568//1 2570//1
f 3357//1 2730//1 2727//1
f 2716//1 2714//1 3357//1
f 2725//1 2723//1 2727//1
f 2723//1 2720//1 2727//1
f 2727//1 2720//1 3357//1
f 2720//1 2718//1 3357//1
f 3357//1 2718//1 2716//1
f 3358//1 2740//1 2732//1
f 2362//1 3342//1 2361//1
f 3342//1 2360//1 2361//1
f 2347//1 2348//1 3359//1
f 2348//1 2349//1 3359//1
f 2355//1 3358//1 2354//1
f 3358//1 2353//1 2354//1
f 2362//1 2363//1 3342//1
f 2363//1 2340//1 3342//1
f 3342//1 2340//1 3343//1
f 2340//1 2341//1 3343//1
f 3343//1 2341//1 2342//1
f 2349//1 2350//1 3359//1
f 2350//1 2351//1 3359//1
f 3359//1 2351//1 2352//1
f 2730//1 3357//1 2732//1
f 3357//1 3359//1 2732//1
f 2732//1 3359//1 3358//1
f 3359//1 2352//1 3358//1
f 3358//1 2352//1 2353//1
f 2355//1 2356//1 3358//1
f 2356//1 2357//1 3358//1
f 3358//1 2357//1 3360//1
f 2357//1 2358//1 3360//1
f 3360//1 2358//1 3342//1
f 2358//1 2359//1 3342//1
f 3342//1 2359//1 2360//1
f 3291//1 1976//1 3289//1
f 1976//1 1977//1 3289//1
f 1956//1 3288//1 1979//1
f 3288//1 3289//1 1979//1
f 1979//1 3289//1 1978//1
f 3289//1 1977//1 1978//1
f 1962//1 1963//1 3361//1
f 1957//1 1958//1 3348//1
f 1958//1 1959//1 3348//1
f 1959//1 1960//1 3348//1
f 3348//1 1960//1 1961//1
f 3349//1 1973//1 1974//1
f 3135//1 3134//1 3361//1
f 3134//1 3348//1 3361//1
f 3361//1 3348//1 1962//1
f 3348//1 1961//1 1962//1
f 1963//1 1964//1 3361//1
f 1964//1 1965//1 3361//1
f 3361//1 1965//1 1966//1
f 3142//1 3139//1 3350//1
f 3139//1 3349//1 3350//1
f 3350//1 3349//1 3338//1
f 3349//1 1974//1 3338//1
f 3338//1 1974//1 1975//1
f 1966//1 1967//1 3361//1
f 1967//1 1968//1 3361//1
f 3361//1 1968//1 3349//1
f 1968//1 1969//1 3349//1
f 3349//1 1969//1 1970//1
f 1970//1 1971//1 3349//1
f 1971//1 1972//1 3349//1
f 3349//1 1972//1 1973//1
f 2440//1 2438//1 3348//1
f 2438//1 2437//1 3348//1
f 1956//1 1957//1 3288//1
f 1957//1 3348//1 3288//1
f 3288//1 3348//1 3286//1
f 3348//1 2437//1 3286//1
f 3286//1 2437//1 3280//1
f 3345//1 2148//1 2150//1
f 2446//1 2444//1 3348//1
f 2444//1 2442//1 3348//1
f 3348//1 2442//1 2440//1
f 2150//1 2152//1 3345//1
f 2152//1 2154//1 3345//1
f 3345//1 2154//1 2156//1
f 2164//1 2166//1 3340//1
f 2166//1 2168//1 3340//1
f 2184//1 2186//1 2475//1
f 2156//1 2158//1 3345//1
f 2158//1 2160//1 3345//1
f 3345//1 2160//1 3340//1
f 2160//1 2162//1 3340//1
f 3340//1 2162//1 2164//1
f 2168//1 2170//1 3340//1
f 2170//1 2172//1 3340//1
f 3340//1 2172//1 3348//1
f 2172//1 2174//1 3348//1
f 3348//1 2174//1 2176//1
f 2448//1 2446//1 2180//1
f 2446//1 3348//1 2180//1
f 2180//1 3348//1 2178//1
f 3348//1 2176//1 2178//1
f 2188//1 2190//1 3336//1
f 2190//1 2192//1 3336//1
f 3336//1 2192//1 2194//1
f 2182//1 2453//1 2180//1
f 2453//1 2450//1 2180//1
f 2180//1 2450//1 2448//1
f 2475//1 2186//1 2474//1
f 2186//1 2188//1 2474//1
f 2474//1 2188//1 2472//1
f 2456//1 2454//1 2458//1
f 2454//1 2453//1 2458//1
f 2458//1 2453//1 2475//1
f 2453//1 2182//1 2475//1
f 2475//1 2182//1 2184//1
f 2462//1 2464//1 3336//1
f 2462//1 3336//1 2459//1
f 2464//1 2466//1 3336//1
f 2466//1 2468//1 3336//1
f 3336//1 2468//1 2188//1
f 2468//1 2470//1 2188//1
f 2188//1 2470//1 2472//1
f 2480//1 2459//1 2478//1
f 2459//1 3336//1 2478//1
f 2478//1 3336//1 2476//1
f 3336//1 3335//1 2476//1
f 2476//1 3335//1 2483//1
f 2492//1 2490//1 3362//1
f 2490//1 2488//1 3362//1
f 3362//1 2488//1 2487//1
f 3338//1 2519//1 3350//1
f 2519//1 2521//1 3350//1
f 3350//1 2521//1 2523//1
f 2500//1 2498//1 3363//1
f 2498//1 2496//1 3363//1
f 3363//1 2496//1 3362//1
f 2496//1 2494//1 3362//1
f 3362//1 2494//1 2492//1
f 2508//1 2511//1 3338//1
f 2511//1 2513//1 3338//1
f 2513//1 2515//1 3338//1
f 3338//1 2515//1 2517//1
f 1975//1 1976//1 3338//1
f 1976//1 3291//1 3338//1
f 3338//1 3291//1 2508//1
f 3291//1 3282//1 2508//1
f 2485//1 2483//1 3364//1
f 2483//1 3335//1 3364//1
f 3364//1 3335//1 2346//1
f 2342//1 2343//1 3343//1
f 2343//1 2344//1 3343//1
f 3343//1 2344//1 3335//1
f 2344//1 2345//1 3335//1
f 3335//1 2345//1 2346//1
f 2104//1 2106//1 3363//1
f 3337//1 2100//1 3363//1
f 2100//1 2102//1 3363//1
f 3363//1 2102//1 2104//1
f 3350//1 2114//1 2116//1
f 2124//1 2126//1 3339//1
f 2106//1 2108//1 3363//1
f 2108//1 2110//1 3363//1
f 3363//1 2110//1 2112//1
f 2505//1 2502//1 2507//1
f 2502//1 2500//1 2507//1
f 2507//1 2500//1 2523//1
f 2500//1 3363//1 2523//1
f 2523//1 3363//1 3350//1
f 3363//1 2112//1 3350//1
f 3350//1 2112//1 2114//1
f 2116//1 2118//1 3350//1
f 2118//1 2120//1 3350//1
f 3350//1 2120//1 2122//1
f 2122//1 2124//1 3350//1
f 2124//1 3339//1 3350//1
f 3350//1 3339//1 3150//1
f 3339//1 3184//1 3150//1
f 3150//1 3184//1 3151//1
f 2126//1 2128//1 3339//1
f 2128//1 2130//1 3339//1
f 3339//1 2130//1 2132//1
f 2132//1 2134//1 3339//1
f 2134//1 2136//1 3339//1
f 3339//1 2136//1 3337//1
f 2136//1 2138//1 3337//1
f 3337//1 2138//1 2140//1
f 2140//1 2142//1 3337//1
f 2142//1 2144//1 3337//1
f 3337//1 2144//1 2146//1
f 2714//1 2712//1 3357//1
f 2712//1 3356//1 3357//1
f 3357//1 3356//1 3359//1
f 3356//1 3364//1 3359//1
f 3359//1 3364//1 2347//1
f 3364//1 2346//1 2347//1
f 2557//1 2555//1 3355//1
f 2555//1 3337//1 3355//1
f 3355//1 3337//1 3356//1
f 3337//1 3363//1 3356//1
f 3356//1 3363//1 3364//1
f 3363//1 3362//1 3364//1
f 3364//1 3362//1 2485//1
f 3362//1 2487//1 2485//1
f 2485//1 2487//1 2484//1
f 3221//1 3220//1 3349//1
f 3220//1 3223//1 3349//1
f 3349//1 3223//1 3361//1
f 3223//1 3225//1 3361//1
f 3361//1 3225//1 3135//1
f 3225//1 3227//1 3135//1
f 2194//1 2148//1 3336//1
f 2148//1 3345//1 3336//1
f 3336//1 3345//1 3334//1
f 3345//1 3073//1 3334//1
f 3334//1 3073//1 3344//1
f 3073//1 3025//1 3344//1
f 3344//1 3025//1 3341//1
f 3025//1 3027//1 3341//1
f 3341//1 3027//1 3029//1
f 2951//1023 2958//1023 2860//1023
f 2958//1023 2982//1023 2860//1023
f 3365//1024 2856//1024 3366//1024
f 2856//1024 2858//1024 3366//1024
f 3366//1025 2858//1025 3367//1025
f 2869//1026 2901//1026 2907//1026
f 3368//1027 2922//1027 3369//1027
f 2922//1028 3294//1028 3369//1028
f 3369//1029 3294//1029 3370//1029
f 3294//1029 3292//1029 3370//1029
f 3370//1030 3292//1030 3371//1030
f 3292//1030 3293//1030 3371//1030
f 3371//1031 3293//1031 3365//1031
f 3293//1032 2624//1032 3365//1032
f 3365//1033 2624//1033 2856//1033
f 2624//1033 2623//1033 2856//1033
f 2856//1033 2623//1033 2942//1033
f 2907//1026 2922//1026 2869//1026
f 2922//1026 3368//1026 2869//1026
f 2869//1034 3368//1034 2867//1034
f 3368//1034 3372//1034 2867//1034
f 2867//1035 3372//1035 2865//1035
f 3372//1035 3373//1035 2865//1035
f 2756//1036 2749//1036 2741//1036
f 3374//1037 2740//1037 3375//1037
f 2740//1038 3358//1038 3375//1038
f 3375//1039 3358//1039 3376//1039
f 3358//1039 3360//1039 3376//1039
f 3376//1040 3360//1040 3377//1040
f 3360//1040 3342//1040 3377//1040
f 3377//1041 3342//1041 3373//1041
f 3342//1042 2984//1042 3373//1042
f 3373//1043 2984//1043 2865//1043
f 2984//1043 2883//1043 2865//1043
f 2865//1043 2883//1043 2882//1043
f 2741//1036 2740//1036 2756//1036
f 2740//1036 3374//1036 2756//1036
f 2756//1044 3374//1044 2852//1044
f 3374//1044 3378//1044 2852//1044
f 2852//1045 3378//1045 2769//1045
f 3378//1045 3379//1045 2769//1045
f 2851//1046 2844//1046 2836//1046
f 3380//1047 2835//1047 3381//1047
f 2835//1048 3333//1048 3381//1048
f 3381//1049 3333//1049 3382//1049
f 3333//1049 3331//1049 3382//1049
f 3382//1050 3331//1050 3383//1050
f 3331//1050 3332//1050 3383//1050
f 3383//1051 3332//1051 3379//1051
f 3332//1052 2793//1052 3379//1052
f 3379//1053 2793//1053 2769//1053
f 2793//1053 2783//1053 2769//1053
f 2769//1053 2783//1053 2770//1053
f 2836//1046 2835//1046 2851//1046
f 2835//1046 3380//1046 2851//1046
f 2851//1054 3380//1054 2853//1054
f 3380//1054 3384//1054 2853//1054
f 2853//1055 3384//1055 313//1055
f 3384//1055 3385//1055 313//1055
f 2858//1025 2860//1025 3367//1025
f 2860//1023 2982//1023 3367//1023
f 3367//1056 2982//1056 3386//1056
f 2982//1057 3324//1057 3386//1057
f 3386//1058 3324//1058 3387//1058
f 3324//1058 3325//1058 3387//1058
f 3387//1059 3325//1059 3388//1059
f 3325//1059 3326//1059 3388//1059
f 3388//1060 3326//1060 3385//1060
f 3326//1061 842//1061 3385//1061
f 3385//1062 842//1062 313//1062
f 842//1062 327//1062 313//1062
f 313//1062 327//1062 314//1062
f 3389//1063 3390//1063 3391//1063
f 3390//1063 3392//1063 3391//1063
f 3391//1064 3392//1064 3393//1064
f 3392//1064 3394//1064 3393//1064
f 3393//1065 3394//1065 3395//1065
f 3394//1065 3396//1065 3395//1065
f 3395//1066 3396//1066 3397//1066
f 3396//1066 3398//1066 3397//1066
f 3397//1067 3398//1067 3399//1067
f 3398//1067 3400//1067 3399//1067
f 3399//1068 3400//1068 3401//1068
f 3400//1068 3402//1068 3401//1068
f 3401//1069 3402//1069 3403//1069
f 3402//1069 3404//1069 3403//1069
f 3403//1070 3404//1070 3405//1070
f 3404//1070 3406//1070 3405//1070
f 3405//1071 3406//1071 3407//1071
f 3406//1071 3408//1071 3407//1071
f 3407//1072 3408//1072 3409//1072
f 3408//1072 3410//1072 3409//1072
f 3409//1073 3410//1073 3411//1073
f 3410//1073 3412//1073 3411//1073
f 3411//1074 3412//1074 3413//1074
f 3412//1074 3414//1074 3413//1074
f 3413//1075 3414//1075 3415//1075
f 3414//1075 3416//1075 3415//1075
f 3415//1076 3416//1076 3417//1076
f 3416//1076 3418//1076 3417//1076
f 3417//1077 3418//1077 3419//1077
f 3418//1077 3420//1077 3419//1077
f 3419//1078 3420//1078 3421//1078
f 3420//1078 3422//1078 3421//1078
f 3421//1079 3422//1079 3423//1079
f 3422//1079 3424//1079 3423//1079
f 3423//1080 3424//1080 3425//1080
f 3424//1080 3426//1080 3425//1080
f 3425//1081 3426//1081 3427//1081
f 3426//1081 3428//1081 3427//1081
f 3427//1082 3428//1082 3429//1082
f 3428//1082 3430//1082 3429//1082
f 3429//1083 3430//1083 3431//1083
f 3430//1083 3432//1083 3431//1083
f 3431//1084 3432//1084 3433//1084
f 3432//1084 3434//1084 3433//1084
f 3433//1085 3434//1085 3435//1085
f 3434//1085 3436//1085 3435//1085
f 3435//1086 3436//1086 3389//1086
f 3436//1086 3390//1086 3389//1086
f 3437//1063 3438//1063 3439//1063
f 3438//1063 3440//1063 3439//1063
f 3439//1087 3440//1087 3441//1087
f 3440//1087 3442//1087 3441//1087
f 3441//1088 3442//1088 3443//1088
f 3442//1088 3444//1088 3443//1088
f 3443//1066 3444//1066 3445//1066
f 3444//1066 3446//1066 3445//1066
f 3445//1089 3446//1089 3447//1089
f 3446//1089 3448//1089 3447//1089
f 3447//1090 3448//1090 3449//1090
f 3448//1090 3450//1090 3449//1090
f 3449//1091 3450//1091 3451//1091
f 3450//1091 3452//1091 3451//1091
f 3451//1092 3452//1092 3453//1092
f 3452//1092 3454//1092 3453//1092
f 3453//1071 3454//1071 3455//1071
f 3454//1071 3456//1071 3455//1071
f 3455//1093 3456//1093 3457//1093
f 3456//1093 3458//1093 3457//1093
f 3457//1094 3458//1094 3459//1094
f 3458//1094 3460//1094 3459//1094
f 3459//1074 3460//1074 3461//1074
f 3460//1074 3462//1074 3461//1074
f 3461//1095 3462//1095 3463//1095
f 3462//1095 3464//1095 3463//1095
f 3463//1096 3464//1096 3465//1096
f 3464//1096 3466//1096 3465//1096
f 3465//1097 3466//1097 3467//1097
f 3466//1097 3468//1097 3467//1097
f 3467//1078 3468//1078 3469//1078
f 3468//1078 3470//1078 3469//1078
f 3469//1079 3470//1079 3471//1079
f 3470//1079 3472//1079 3471//1079
f 3471//1098 3472//1098 3473//1098
f 3472//1098 3474//1098 3473//1098
f 3473//1099 3474//1099 3475//1099
f 3474//1099 3476//1099 3475//1099
f 3475//1082 3476//1082 3477//1082
f 3476//1082 3478//1082 3477//1082
f 3477//1083 3478//1083 3479//1083
f 3478//1083 3480//1083 3479//1083
f 3479//1100 3480//1100 3481//1100
f 3480//1100 3482//1100 3481//1100
f 3481//1101 3482//1101 3483//1101
f 3482//1101 3484//1101 3483//1101
f 3483//1102 3484//1102 3437//1102
f 3484//1102 3438//1102 3437//1102
f 3485//1103 3486//1103 3487//1103
f 3486//1103 3488//1103 3487//1103
f 3487//1064 3488//1064 3489//1064
f 3488//1064 3490//1064 3489//1064
f 3489//1065 3490//1065 3491//1065
f 3490//1065 3492//1065 3491//1065
f 3491//1104 3492//1104 3493//1104
f 3492//1104 3494//1104 3493//1104
f 3493//1105 3494//1105 3495//1105
f 3494//1105 3496//1105 3495//1105
f 3495//1106 3496//1106 3497//1106
f 3496//1106 3498//1106 3497//1106
f 3497//1107 3498//1107 3499//1107
f 3498//1107 3500//1107 3499//1107
f 3499//1108 3500//1108 3501//1108
f 3500//1108 3502//1108 3501//1108
f 3501//1109 3502//1109 3503//1109
f 3502//1109 3504//1109 3503//1109
f 3503//1072 3504//1072 3505//1072
f 3504//1072 3506//1072 3505//1072
f 3505//1073 3506//1073 3507//1073
f 3506//1073 3508//1073 3507//1073
f 3507//1110 3508//1110 3509//1110
f 3508//1110 3510//1110 3509//1110
f 3509//1111 3510//1111 3511//1111
f 3510//1111 3512//1111 3511//1111
f 3511//1076 3512//1076 3513//1076
f 3512//1076 3514//1076 3513//1076
f 3513//1077 3514//1077 3515//1077
f 3514//1077 3516//1077 3515//1077
f 3515//1112 3516//1112 3517//1112
f 3516//1112 3518//1112 3517//1112
f 3517//1113 3518//1113 3519//1113
f 3518//1113 3520//1113 3519//1113
f 3519//1114 3520//1114 3521//1114
f 3520//1114 3522//1114 3521//1114
f 3521//1115 3522//1115 3523//1115
f 3522//1115 3524//1115 3523//1115
f 3523//1116 3524//1116 3525//1116
f 3524//1116 3526//1116 3525//1116
f 3525//1117 3526//1117 3527//1117
f 3526//1117 3528//1117 3527//1117
f 3527//1084 3528//1084 3529//1084
f 3528//1084 3530//1084 3529//1084
f 3529//1085 3530//1085 3531//1085
f 3530//1085 3532//1085 3531//1085
f 3531//1118 3532//1118 3485//1118
f 3532//1118 3486//1118 3485//1118
f 3533//1103 3534//1103 3535//1103
f 3534//1103 3536//1103 3535//1103
f 3535//1087 3536//1087 3537//1087
f 3536//1087 3538//1087 3537//1087
f 3537//1088 3538//1088 3539//1088
f 3538//1088 3540//1088 3539//1088
f 3539//1104 3540//1104 3541//1104
f 3540//1104 3542//1104 3541//1104
f 3541//1119 3542//1119 3543//1119
f 3542//1119 3544//1119 3543//1119
f 3543//1120 3544//1120 3545//1120
f 3544//1120 3546//1120 3545//1120
f 3545//1121 3546//1121 3547//1121
f 3546//1121 3548//1121 3547//1121
f 3547//1122 3548//1122 3549//1122
f 3548//1122 3550//1122 3549//1122
f 3549//1109 3550//1109 3551//1109
f 3550//1109 3552//1109 3551//1109
f 3551//1093 3552//1093 3553//1093
f 3552//1093 3554//1093 3553//1093
f 3553//1094 3554//1094 3555//1094
f 3554//1094 3556//1094 3555//1094
f 3555//1110 3556//1110 3557//1110
f 3556//1110 3558//1110 3557//1110
f 3557//1123 3558//1123 3559//1123
f 3558//1123 3560//1123 3559//1123
f 3559//1096 3560//1096 3561//1096
f 3560//1096 3562//1096 3561//1096
f 3561//1097 3562//1097 3563//1097
f 3562//1097 3564//1097 3563//1097
f 3563//1112 3564//1112 3565//1112
f 3564//1112 3566//1112 3565//1112
f 3565//1113 3566//1113 3567//1113
f 3566//1113 3568//1113 3567//1113
f 3567//1124 3568//1124 3569//1124
f 3568//1124 3570//1124 3569//1124
f 3569//1125 3570//1125 3571//1125
f 3570//1125 3572//1125 3571//1125
f 3571//1116 3572//1116 3573//1116
f 3572//1116 3574//1116 3573//1116
f 3573//1117 3574//1117 3575//1117
f 3574//1117 3576//1117 3575//1117
f 3575//1100 3576//1100 3577//1100
f 3576//1100 3578//1100 3577//1100
f 3577//1101 3578//1101 3579//1101
f 3578//1101 3580//1101 3579//1101
f 3579//1126 3580//1126 3533//1126
f 3580//1126 3534//1126 3533//1126
f 2339//323 3581//323 2293//323
f 3581//323 3582//323 2293//323
f 2293//323 3582//323 2295//323
f 3582//323 3583//323 2295//323
f 2295//323 3583//323 2297//323
f 3583//323 3584//323 2297//323
f 2297//323 3584//323 2299//323
f 3584//323 3585//323 2299//323
f 2299//323 3585//323 2301//323
f 3585//323 3586//323 2301//323
f 2301//323 3586//323 2303//323
f 3586//323 3587//323 2303//323
f 2303//323 3587//323 2305//323
f 3587//323 3588//323 2305//323
f 2305//323 3588//323 2307//323
f 3588//323 3589//323 2307//323
f 2307//323 3589//323 2309//323
f 3589//323 3590//323 2309//323
f 2309//323 3590//323 2311//323
f 3590//323 3591//323 2311//323
f 2311//323 3591//323 2313//323
f 3591//323 3592//323 2313//323
f 2313//323 3592//323 2315//323
f 3592//323 3593//323 2315//323
f 2315//323 3593//323 2317//323
f 3593//323 3594//323 2317//323
f 2317//323 3594//323 2319//323
f 3594//323 3595//323 2319//323
f 2319//323 3595//323 2321//323
f 3595//323 3596//323 2321//323
f 2321//323 3596//323 2323//323
f 3596//323 3597//323 2323//323
f 2323//323 3597//323 2325//323
f 3597//323 3598//323 2325//323
f 2325//323 3598//323 2327//323
f 3598//323 3599//323 2327//323
f 2327//323 3599//323 2329//323
f 3599//323 3600//323 2329//323
f 2329//323 3600//323 2331//323
f 3600//323 3601//323 2331//323
f 2331//323 3601//323 2333//323
f 3601//323 3602//323 2333//323
f 2333//323 3602//323 2335//323
f 3602//323 3603//323 2335//323
f 2335//323 3603//323 2337//323
f 3603//323 3604//323 2337//323
f 2337//323 3604//323 2339//323
f 3604//323 3581//323 2339//323
f 1845//1127 3605//1127 1847//1127
f 3605//1127 3606//1127 1847//1127
f 3607//1128 3606//1128 3608//1128
f 3606//1129 3605//1129 3608//1129
f 3606//1130 3607//1130 3609//1130
f 3607//1130 3610//1130 3609//1130
f 3611//1130 1859//1130 3612//1130
f 1859//1130 3613//1130 3612//1130
f 3612//1130 3613//1130 3614//1130
f 3613//1130 3609//1130 3614//1130
f 3614//1130 3609//1130 3615//1130
f 3609//1130 3610//1130 3615//1130
f 3616//1131 1858//1131 3611//1131
f 1858//1132 1859//1132 3611//1132
f 3611//1133 3617//1133 3616//1133
f 3617//1133 3618//1133 3616//1133
f 3618//1134 3619//1134 3620//1134
f 3619//1134 3621//1134 3620//1134
f 3619//1135 3618//1135 3622//1135
f 3618//1136 3617//1136 3622//1136
f 3623//1137 3619//1137 3624//1137
f 3619//1138 3622//1138 3624//1138
f 3625//1139 3626//1139 3627//1139
f 3626//1140 3621//1140 3627//1140
f 3627//1141 3621//1141 3623//1141
f 3621//1141 3619//1141 3623//1141
f 3628//1142 3629//1142 3630//1142
f 3628//1142 3630//1142 3631//1142
f 3630//1143 3632//1143 3631//1143
f 3631//1143 3632//1143 3633//1143
f 3632//1144 3634//1144 3633//1144
f 3633//1144 3634//1144 3635//1144
f 3634//1145 3636//1145 3635//1145
f 3635//1145 3636//1145 3637//1145
f 3636//1146 3638//1146 3637//1146
f 3637//1146 3638//1146 3639//1146
f 3638//1147 3627//1147 3639//1147
f 3639//1147 3627//1147 3623//1147
f 3640//1148 3628//1148 3631//1148
f 3640//1149 3631//1149 3641//1149
f 3631//1150 3633//1150 3641//1150
f 3641//1151 3633//1151 3642//1151
f 3633//1152 3635//1152 3642//1152
f 3642//1153 3635//1153 3643//1153
f 3635//1154 3637//1154 3643//1154
f 3643//1155 3637//1155 3644//1155
f 3637//1156 3639//1156 3644//1156
f 3644//1157 3639//1157 3645//1157
f 3639//1158 3623//1158 3645//1158
f 3645//1159 3623//1159 3624//1159
f 3646//1160 3647//1160 3648//1160
f 3647//1160 3628//1160 3648//1160
f 3648//1160 3628//1160 3640//1160
f 3649//1 3629//1 3647//1
f 3629//1 3628//1 3647//1
f 3650//1161 3649//1161 3647//1161
f 3651//1162 3652//1162 3653//1162
f 3653//1163 3654//1163 3651//1163
f 3654//1164 3655//1164 3651//1164
f 3651//1165 3655//1165 3656//1165
f 3657//1166 3658//1166 3659//1166
f 3659//1167 3660//1167 3657//1167
f 3660//1168 3661//1168 3657//1168
f 3657//1169 3661//1169 3655//1169
f 3661//1170 3662//1170 3655//1170
f 3655//1171 3662//1171 3656//1171
f 3663//1172 3664//1172 3665//1172
f 3665//1173 3666//1173 3663//1173
f 3666//1174 3667//1174 3663//1174
f 3663//1175 3667//1175 3658//1175
f 3667//1176 3668//1176 3658//1176
f 3658//1177 3668//1177 3659//1177
f 3669//1178 3670//1178 3671//1178
f 3670//1179 3672//1179 3671//1179
f 3671//130 3672//130 3664//130
f 3672//1180 3673//1180 3664//1180
f 3664//1181 3673//1181 3665//1181
f 3674//1182 3675//1182 3669//1182
f 3675//1183 3676//1183 3669//1183
f 3669//1184 3676//1184 3670//1184
f 3677//1185 3678//1185 3674//1185
f 3678//1186 3679//1186 3674//1186
f 3674//1187 3679//1187 3675//1187
f 3647//1188 3680//1188 3650//1188
f 3680//1189 3681//1189 3650//1189
f 3650//1190 3681//1190 3682//1190
f 3681//1191 3683//1191 3682//1191
f 3682//1192 3683//1192 3677//1192
f 3683//1193 3684//1193 3677//1193
f 3677//1194 3684//1194 3678//1194
f 3685//1195 3652//1195 3686//1195
f 3652//1196 3651//1196 3686//1196
f 3686//1197 3651//1197 3687//1197
f 3651//1198 3656//1198 3687//1198
f 3656//1199 3662//1199 3687//1199
f 3687//1200 3662//1200 3688//1200
f 3662//1201 3661//1201 3688//1201
f 3661//1202 3660//1202 3688//1202
f 3688//1203 3660//1203 3689//1203
f 3660//1204 3659//1204 3689//1204
f 3659//1205 3668//1205 3689//1205
f 3689//1206 3668//1206 3690//1206
f 3668//1207 3667//1207 3690//1207
f 3667//1208 3666//1208 3690//1208
f 3690//1209 3666//1209 3691//1209
f 3666//1210 3665//1210 3691//1210
f 3665//1211 3673//1211 3691//1211
f 3673//1212 3672//1212 3691//1212
f 3691//1213 3672//1213 3692//1213
f 3672//1214 3670//1214 3692//1214
f 3670//1215 3676//1215 3692//1215
f 3692//1216 3676//1216 3693//1216
f 3676//1217 3675//1217 3693//1217
f 3675//1218 3679//1218 3693//1218
f 3693//1219 3679//1219 3694//1219
f 3679//1220 3678//1220 3694//1220
f 3678//1221 3684//1221 3694//1221
f 3694//1222 3684//1222 3695//1222
f 3647//1223 3646//1223 3680//1223
f 3646//1224 3696//1224 3680//1224
f 3680//1225 3696//1225 3681//1225
f 3696//1226 3695//1226 3681//1226
f 3681//1227 3695//1227 3683//1227
f 3695//1228 3684//1228 3683//1228
f 3697//1130 3652//1130 3698//1130
f 3652//1130 3685//1130 3698//1130
f 3699//323 3653//323 3697//323
f 3653//323 3652//323 3697//323
f 3699//1229 3697//1229 3700//1229
f 3699//1229 3700//1229 3701//1229
f 3700//1230 3702//1230 3701//1230
f 3701//1230 3702//1230 3703//1230
f 3702//1231 3704//1231 3703//1231
f 3703//1231 3704//1231 3705//1231
f 3704//1232 3706//1232 3705//1232
f 3705//1232 3706//1232 3707//1232
f 3706//1233 3708//1233 3707//1233
f 3707//1233 3708//1233 3709//1233
f 3708//1234 3710//1234 3709//1234
f 3709//1234 3710//1234 3711//1234
f 3710//1235 3712//1235 3711//1235
f 3711//1235 3712//1235 3713//1235
f 3712//1236 3714//1236 3713//1236
f 3713//1236 3714//1236 3715//1236
f 3716//1237 3714//1237 3712//1237
f 3716//1238 3712//1238 3717//1238
f 3712//1239 3710//1239 3717//1239
f 3717//1240 3710//1240 3718//1240
f 3710//1241 3708//1241 3718//1241
f 3718//1242 3708//1242 3719//1242
f 3708//1243 3706//1243 3719//1243
f 3719//1244 3706//1244 3720//1244
f 3706//1245 3704//1245 3720//1245
f 3720//1246 3704//1246 3721//1246
f 3704//1247 3702//1247 3721//1247
f 3721//1248 3702//1248 3722//1248
f 3702//1249 3700//1249 3722//1249
f 3722//1250 3700//1250 3723//1250
f 3700//1251 3697//1251 3723//1251
f 3723//1252 3697//1252 3698//1252
f 3724//1253 3725//1253 3726//1253
f 3724//1254 3726//1254 3727//1254
f 3726//1255 3728//1255 3727//1255
f 3727//1256 3728//1256 3729//1256
f 3728//1257 3730//1257 3729//1257
f 3729//1258 3730//1258 3731//1258
f 3730//1259 3714//1259 3731//1259
f 3731//1260 3714//1260 3716//1260
f 3732//1261 3733//1261 3734//1261
f 3732//1261 3734//1261 3735//1261
f 3734//1262 3736//1262 3735//1262
f 3735//1262 3736//1262 3737//1262
f 3736//1263 3738//1263 3737//1263
f 3737//1263 3738//1263 3739//1263
f 3738//1264 3740//1264 3739//1264
f 3739//1264 3740//1264 3741//1264
f 3740//1265 3742//1265 3741//1265
f 3741//1265 3742//1265 3743//1265
f 3742//1266 3744//1266 3743//1266
f 3743//1266 3744//1266 3745//1266
f 3744//1267 3746//1267 3745//1267
f 3745//1267 3746//1267 3747//1267
f 3746//1268 3748//1268 3747//1268
f 3747//1268 3748//1268 3725//1268
f 3749//1269 3732//1269 3735//1269
f 3749//1270 3735//1270 3750//1270
f 3735//1271 3737//1271 3750//1271
f 3750//1272 3737//1272 3751//1272
f 3737//1273 3739//1273 3751//1273
f 3751//1274 3739//1274 3752//1274
f 3739//1275 3741//1275 3752//1275
f 3752//1276 3741//1276 3753//1276
f 3741//1277 3743//1277 3753//1277
f 3753//1278 3743//1278 3754//1278
f 3743//1279 3745//1279 3754//1279
f 3754//1280 3745//1280 3755//1280
f 3745//1281 3747//1281 3755//1281
f 3755//1282 3747//1282 3756//1282
f 3747//1283 3725//1283 3756//1283
f 3756//1284 3725//1284 3724//1284
f 3749//1285 3757//1285 3732//1285
f 3757//1285 3758//1285 3732//1285
f 3732//132 3758//132 3733//132
f 3758//132 3759//132 3733//132
f 3760//130 3761//130 3762//130
f 3761//130 3763//130 3762//130
f 3764//1286 3760//1286 3762//1286
f 3765//1287 3759//1287 3758//1287
f 3762//1288 3766//1288 3764//1288
f 3766//1289 3767//1289 3764//1289
f 3764//1290 3767//1290 3768//1290
f 3769//1291 3770//1291 3767//1291
f 3770//1292 3771//1292 3767//1292
f 3767//1293 3771//1293 3768//1293
f 3772//1294 3773//1294 3774//1294
f 3774//1295 3775//1295 3772//1295
f 3775//1296 3776//1296 3772//1296
f 3772//1297 3776//1297 3769//1297
f 3776//1298 3777//1298 3769//1298
f 3769//1299 3777//1299 3770//1299
f 3778//1300 3779//1300 3780//1300
f 3779//1301 3781//1301 3780//1301
f 3780//1302 3781//1302 3773//1302
f 3781//1303 3782//1303 3773//1303
f 3773//1304 3782//1304 3774//1304
f 3783//1305 3784//1305 3778//1305
f 3784//1306 3785//1306 3778//1306
f 3778//1307 3785//1307 3779//1307
f 3786//1308 3787//1308 3783//1308
f 3787//1309 3788//1309 3783//1309
f 3783//1310 3788//1310 3784//1310
f 3789//1311 3790//1311 3786//1311
f 3790//1312 3791//1312 3786//1312
f 3786//1313 3791//1313 3787//1313
f 3758//1314 3792//1314 3765//1314
f 3792//1315 3793//1315 3765//1315
f 3765//1316 3793//1316 3794//1316
f 3793//1317 3795//1317 3794//1317
f 3794//1318 3795//1318 3789//1318
f 3795//1319 3796//1319 3789//1319
f 3789//1320 3796//1320 3790//1320
f 3797//1321 3760//1321 3798//1321
f 3760//1322 3764//1322 3798//1322
f 3798//1323 3764//1323 3799//1323
f 3764//1324 3768//1324 3799//1324
f 3768//1325 3771//1325 3799//1325
f 3799//1326 3771//1326 3800//1326
f 3771//1327 3770//1327 3800//1327
f 3770//1328 3777//1328 3800//1328
f 3800//1329 3777//1329 3801//1329
f 3777//1330 3776//1330 3801//1330
f 3776//1331 3775//1331 3801//1331
f 3801//1332 3775//1332 3802//1332
f 3775//1333 3774//1333 3802//1333
f 3774//1334 3782//1334 3802//1334
f 3802//1335 3782//1335 3803//1335
f 3782//1336 3781//1336 3803//1336
f 3781//1337 3779//1337 3803//1337
f 3779//1338 3785//1338 3803//1338
f 3803//1339 3785//1339 3804//1339
f 3785//1340 3784//1340 3804//1340
f 3784//1341 3788//1341 3804//1341
f 3804//1342 3788//1342 3805//1342
f 3788//1343 3787//1343 3805//1343
f 3787//1344 3791//1344 3805//1344
f 3805//1345 3791//1345 3806//1345
f 3791//1346 3790//1346 3806//1346
f 3790//1347 3796//1347 3806//1347
f 3806//1348 3796//1348 3807//1348
f 3758//1349 3757//1349 3792//1349
f 3757//1350 3808//1350 3792//1350
f 3792//1351 3808//1351 3793//1351
f 3808//1352 3807//1352 3793//1352
f 3793//1353 3807//1353 3795//1353
f 3807//1354 3796//1354 3795//1354
f 3761//722 3760//722 3809//722
f 3760//722 3797//722 3809//722
f 3810//1355 3811//1355 3812//1355
f 3811//1355 3813//1355 3812//1355
f 3811//1356 3810//1356 3814//1356
f 3810//1357 3815//1357 3814//1357
f 3816//1358 3815//1358 3817//1358
f 3815//1359 3810//1359 3817//1359
f 3818//1360 3819//1360 3820//1360
f 3817//1361 3810//1361 3820//1361
f 3810//1361 3812//1361 3820//1361
f 3820//1362 3812//1362 3818//1362
f 3821//1363 3822//1363 3823//1363
f 3821//1363 3823//1363 3824//1363
f 3823//1364 3825//1364 3824//1364
f 3824//1364 3825//1364 3826//1364
f 3825//1365 3827//1365 3826//1365
f 3826//1365 3827//1365 3828//1365
f 3827//1366 3829//1366 3828//1366
f 3828//1366 3829//1366 3830//1366
f 3829//1367 3831//1367 3830//1367
f 3830//1367 3831//1367 3832//1367
f 3831//1368 3817//1368 3832//1368
f 3832//1368 3817//1368 3820//1368
f 3816//1369 3817//1369 3831//1369
f 3816//1370 3831//1370 3833//1370
f 3831//1371 3829//1371 3833//1371
f 3833//1372 3829//1372 3834//1372
f 3829//1373 3827//1373 3834//1373
f 3834//1374 3827//1374 3835//1374
f 3827//1375 3825//1375 3835//1375
f 3835//1376 3825//1376 3836//1376
f 3825//1377 3823//1377 3836//1377
f 3836//1378 3823//1378 3837//1378
f 3823//1379 3822//1379 3837//1379
f 3837//1380 3822//1380 3838//1380
f 3839//1160 3840//1160 3822//1160
f 3840//1160 3841//1160 3822//1160
f 3822//1160 3841//1160 3838//1160
f 3821//1 3842//1 3822//1
f 3842//1 3839//1 3822//1
f 3843//1381 3844//1381 3845//1381
f 3846//1382 3839//1382 3842//1382
f 3842//1383 3847//1383 3846//1383
f 3847//1384 3848//1384 3846//1384
f 3846//1385 3848//1385 3849//1385
f 3850//1386 3851//1386 3848//1386
f 3851//1387 3852//1387 3848//1387
f 3848//1388 3852//1388 3849//1388
f 3853//1389 3854//1389 3855//1389
f 3855//1390 3856//1390 3853//1390
f 3856//1391 3857//1391 3853//1391
f 3853//1392 3857//1392 3850//1392
f 3857//1393 3858//1393 3850//1393
f 3850//1394 3858//1394 3851//1394
f 3859//1395 3860//1395 3861//1395
f 3860//1396 3862//1396 3861//1396
f 3861//1397 3862//1397 3854//1397
f 3862//1398 3863//1398 3854//1398
f 3854//1399 3863//1399 3855//1399
f 3864//1400 3865//1400 3859//1400
f 3865//1401 3866//1401 3859//1401
f 3859//1402 3866//1402 3860//1402
f 3867//1403 3868//1403 3864//1403
f 3868//1404 3869//1404 3864//1404
f 3864//1405 3869//1405 3865//1405
f 3870//1406 3871//1406 3867//1406
f 3871//1407 3872//1407 3867//1407
f 3867//1408 3872//1408 3868//1408
f 3845//1409 3873//1409 3843//1409
f 3873//1410 3874//1410 3843//1410
f 3843//1411 3874//1411 3875//1411
f 3874//1412 3876//1412 3875//1412
f 3875//1413 3876//1413 3870//1413
f 3876//1414 3877//1414 3870//1414
f 3870//1415 3877//1415 3871//1415
f 3840//1416 3839//1416 3878//1416
f 3839//1417 3846//1417 3878//1417
f 3878//1418 3846//1418 3879//1418
f 3846//1419 3849//1419 3879//1419
f 3849//1420 3852//1420 3879//1420
f 3879//1421 3852//1421 3880//1421
f 3852//1422 3851//1422 3880//1422
f 3851//1423 3858//1423 3880//1423
f 3880//1424 3858//1424 3881//1424
f 3858//1425 3857//1425 3881//1425
f 3857//1426 3856//1426 3881//1426
f 3881//1427 3856//1427 3882//1427
f 3856//1428 3855//1428 3882//1428
f 3855//1429 3863//1429 3882//1429
f 3882//1430 3863//1430 3883//1430
f 3863//1431 3862//1431 3883//1431
f 3862//1432 3860//1432 3883//1432
f 3860//1433 3866//1433 3883//1433
f 3883//1434 3866//1434 3884//1434
f 3866//1435 3865//1435 3884//1435
f 3865//1436 3869//1436 3884//1436
f 3884//1437 3869//1437 3885//1437
f 3869//1438 3868//1438 3885//1438
f 3868//1439 3872//1439 3885//1439
f 3885//1440 3872//1440 3886//1440
f 3872//1441 3871//1441 3886//1441
f 3871//1442 3877//1442 3886//1442
f 3886//1443 3877//1443 3887//1443
f 3845//1444 3888//1444 3873//1444
f 3888//1445 3889//1445 3873//1445
f 3873//1446 3889//1446 3874//1446
f 3889//1447 3887//1447 3874//1447
f 3874//1448 3887//1448 3876//1448
f 3887//1449 3877//1449 3876//1449
f 3890//1130 3888//1130 3891//1130
f 3888//1130 3845//1130 3891//1130
f 3844//323 3892//323 3845//323
f 3892//323 3891//323 3845//323
f 3891//1450 3892//1450 3893//1450
f 3891//1450 3893//1450 3894//1450
f 3893//1451 3895//1451 3894//1451
f 3894//1451 3895//1451 3896//1451
f 3895//1452 3897//1452 3896//1452
f 3896//1452 3897//1452 3898//1452
f 3897//1453 3899//1453 3898//1453
f 3898//1453 3899//1453 3900//1453
f 3899//1454 3901//1454 3900//1454
f 3900//1454 3901//1454 3902//1454
f 3901//1455 3903//1455 3902//1455
f 3902//1455 3903//1455 3904//1455
f 3903//1456 3905//1456 3904//1456
f 3904//1456 3905//1456 3906//1456
f 3905//1457 3907//1457 3906//1457
f 3906//1457 3907//1457 3908//1457
f 3890//1458 3891//1458 3894//1458
f 3890//1459 3894//1459 3909//1459
f 3894//1460 3896//1460 3909//1460
f 3909//1461 3896//1461 3910//1461
f 3896//1462 3898//1462 3910//1462
f 3910//1463 3898//1463 3911//1463
f 3898//1464 3900//1464 3911//1464
f 3911//1465 3900//1465 3912//1465
f 3900//1466 3902//1466 3912//1466
f 3912//1467 3902//1467 3913//1467
f 3902//1468 3904//1468 3913//1468
f 3913//1469 3904//1469 3914//1469
f 3904//1470 3906//1470 3914//1470
f 3914//1471 3906//1471 3915//1471
f 3906//1472 3908//1472 3915//1472
f 3915//1473 3908//1473 3916//1473
f 3916//1474 3908//1474 3917//1474
f 3916//1475 3917//1475 3918//1475
f 3917//1476 3919//1476 3918//1476
f 3918//1477 3919//1477 3920//1477
f 3919//1478 3921//1478 3920//1478
f 3920//1479 3921//1479 3922//1479
f 3921//1480 3923//1480 3922//1480
f 3922//1481 3923//1481 3924//1481
f 3924//1482 3923//1482 3925//1482
f 3924//1483 3925//1483 3926//1483
f 3925//1484 3927//1484 3926//1484
f 3926//1485 3927//1485 3928//1485
f 3927//1486 3929//1486 3928//1486
f 3928//1487 3929//1487 3930//1487
f 3929//1488 3931//1488 3930//1488
f 3930//1489 3931//1489 3932//1489
f 3931//1490 3933//1490 3932//1490
f 3932//1491 3933//1491 3934//1491
f 3933//1492 3935//1492 3934//1492
f 3934//1493 3935//1493 3936//1493
f 3935//1494 3937//1494 3936//1494
f 3936//1495 3937//1495 3938//1495
f 3937//1496 3761//1496 3938//1496
f 3938//1497 3761//1497 3809//1497
f 3763//1498 3761//1498 3937//1498
f 3763//1498 3937//1498 3939//1498
f 3937//1499 3935//1499 3939//1499
f 3939//1499 3935//1499 3940//1499
f 3935//1500 3933//1500 3940//1500
f 3940//1500 3933//1500 3941//1500
f 3933//1501 3931//1501 3941//1501
f 3941//1501 3931//1501 3942//1501
f 3931//1502 3929//1502 3942//1502
f 3942//1502 3929//1502 3943//1502
f 3929//1503 3927//1503 3943//1503
f 3943//1503 3927//1503 3944//1503
f 3927//1504 3925//1504 3944//1504
f 3944//1504 3925//1504 3945//1504
f 3925//1505 3923//1505 3945//1505
f 3945//1505 3923//1505 3946//1505
f 3715//1506 3714//1506 3730//1506
f 3946//1507 3923//1507 3921//1507
f 3947//1508 3946//1508 3948//1508
f 3949//1509 3950//1509 3951//1509
f 3950//1 3952//1 3951//1
f 3951//1 3952//1 3953//1
f 3952//1510 3947//1510 3953//1510
f 3953//1510 3947//1510 3954//1510
f 3947//1511 3948//1511 3954//1511
f 3955//1512 3748//1512 3949//1512
f 3748//1513 3956//1513 3949//1513
f 3949//1509 3956//1509 3950//1509
f 3626//1514 3625//1514 3957//1514
f 3625//1515 3715//1515 3957//1515
f 3917//1516 3908//1516 3907//1516
f 3946//1507 3921//1507 3948//1507
f 3921//1517 3919//1517 3948//1517
f 3948//1517 3919//1517 3958//1517
f 3919//1518 3917//1518 3958//1518
f 3958//1518 3917//1518 3959//1518
f 3917//1516 3907//1516 3959//1516
f 3959//1519 3907//1519 3960//1519
f 3907//1520 3819//1520 3960//1520
f 3960//1521 3819//1521 3818//1521
f 3715//1506 3730//1506 3957//1506
f 3730//1522 3728//1522 3957//1522
f 3957//1522 3728//1522 3961//1522
f 3728//1523 3726//1523 3961//1523
f 3961//1523 3726//1523 3955//1523
f 3726//1524 3725//1524 3955//1524
f 3955//1524 3725//1524 3748//1524
f 3962//52 3736//52 3734//52
f 3950//52 3744//52 3742//52
f 3963//52 3964//52 3952//52
f 3964//52 3965//52 3952//52
f 3952//52 3965//52 3966//52
f 3946//52 3947//52 3945//52
f 3947//52 3952//52 3945//52
f 3962//52 3734//52 3967//52
f 3734//52 3733//52 3967//52
f 3967//52 3733//52 3968//52
f 3733//52 3759//52 3968//52
f 3968//52 3759//52 3969//52
f 3759//52 3765//52 3969//52
f 3969//52 3765//52 3970//52
f 3765//52 3794//52 3970//52
f 3970//52 3794//52 3971//52
f 3794//52 3789//52 3971//52
f 3971//52 3789//52 3972//52
f 3789//52 3786//52 3972//52
f 3972//52 3786//52 3973//52
f 3786//52 3783//52 3973//52
f 3973//52 3783//52 3974//52
f 3744//52 3950//52 3746//52
f 3950//52 3956//52 3746//52
f 3746//52 3956//52 3748//52
f 3963//52 3952//52 3975//52
f 3952//52 3950//52 3975//52
f 3975//52 3950//52 3976//52
f 3950//52 3742//52 3976//52
f 3976//52 3742//52 3977//52
f 3742//52 3740//52 3977//52
f 3977//52 3740//52 3962//52
f 3740//52 3738//52 3962//52
f 3962//52 3738//52 3736//52
f 3940//52 3941//52 3978//52
f 3941//52 3942//52 3978//52
f 3978//52 3942//52 3966//52
f 3942//52 3943//52 3966//52
f 3966//52 3943//52 3952//52
f 3943//52 3944//52 3952//52
f 3952//52 3944//52 3945//52
f 3783//52 3778//52 3974//52
f 3778//52 3780//52 3974//52
f 3974//52 3780//52 3979//52
f 3780//52 3773//52 3979//52
f 3979//52 3773//52 3980//52
f 3773//52 3772//52 3980//52
f 3980//52 3772//52 3981//52
f 3772//52 3769//52 3981//52
f 3981//52 3769//52 3982//52
f 3769//52 3767//52 3982//52
f 3982//52 3767//52 3983//52
f 3767//52 3766//52 3983//52
f 3983//52 3766//52 3984//52
f 3766//52 3762//52 3984//52
f 3984//52 3762//52 3985//52
f 3762//52 3763//52 3985//52
f 3985//52 3763//52 3978//52
f 3763//52 3939//52 3978//52
f 3978//52 3939//52 3940//52
f 3984//1525 3986//1525 3983//1525
f 3986//1525 3987//1525 3983//1525
f 3983//381 3987//381 3982//381
f 3987//381 3988//381 3982//381
f 3982//1526 3988//1526 3981//1526
f 3988//1526 3989//1526 3981//1526
f 3981//1527 3989//1527 3980//1527
f 3989//1527 3990//1527 3980//1527
f 3980//396 3990//396 3979//396
f 3990//396 3991//396 3979//396
f 3979//1528 3991//1528 3974//1528
f 3991//1528 3992//1528 3974//1528
f 3974//1529 3992//1529 3973//1529
f 3992//1529 3993//1529 3973//1529
f 3973//363 3993//363 3972//363
f 3993//363 3994//363 3972//363
f 3972//1530 3994//1530 3971//1530
f 3994//1530 3995//1530 3971//1530
f 3971//365 3995//365 3970//365
f 3995//365 3996//365 3970//365
f 3970//366 3996//366 3969//366
f 3996//366 3997//366 3969//366
f 3969//1531 3997//1531 3968//1531
f 3997//1531 3998//1531 3968//1531
f 3968//1532 3998//1532 3967//1532
f 3998//1532 3999//1532 3967//1532
f 3967//369 3999//369 3962//369
f 3999//369 4000//369 3962//369
f 3962//370 4000//370 3977//370
f 4000//370 4001//370 3977//370
f 3977//1533 4001//1533 3976//1533
f 4001//1533 4002//1533 3976//1533
f 3976//372 4002//372 3975//372
f 4002//372 4003//372 3975//372
f 3975//1534 4003//1534 3963//1534
f 4003//1534 4004//1534 3963//1534
f 3963//1535 4004//1535 3964//1535
f 4004//1535 4005//1535 3964//1535
f 3964//387 4005//387 3965//387
f 4005//387 4006//387 3965//387
f 3965//1536 4006//1536 3966//1536
f 4006//1536 4007//1536 3966//1536
f 3966//1537 4007//1537 3978//1537
f 4007//1537 4008//1537 3978//1537
f 3978//378 4008//378 3985//378
f 4008//378 4009//378 3985//378
f 3985//1538 4009//1538 3984//1538
f 4009//1538 3986//1538 3984//1538
f 3813//92 873//92 874//92
f 856//92 875//92 858//92
f 875//92 876//92 858//92
f 4010//92 4011//92 858//92
f 876//92 4012//92 4013//92
f 876//92 4013//92 858//92
f 4013//92 4014//92 858//92
f 858//92 4014//92 4010//92
f 961//92 964//92 963//92
f 964//92 965//92 963//92
f 1843//92 1841//92 3812//92
f 1833//92 3818//92 1835//92
f 3818//92 3812//92 1835//92
f 4011//92 4015//92 858//92
f 4015//92 4016//92 858//92
f 858//92 4016//92 874//92
f 4016//92 4017//92 874//92
f 874//92 4017//92 3813//92
f 4017//92 4018//92 3813//92
f 3813//92 4018//92 3812//92
f 4018//92 4019//92 3812//92
f 1801//92 1799//92 4019//92
f 1841//92 1839//92 3812//92
f 1839//92 1837//92 3812//92
f 3812//92 1837//92 1835//92
f 1833//92 1831//92 3818//92
f 1831//92 1829//92 3818//92
f 3818//92 1829//92 3960//92
f 1829//92 1827//92 3960//92
f 1827//92 1825//92 3960//92
f 3960//92 1825//92 1823//92
f 4019//92 1799//92 3812//92
f 1799//92 1797//92 3812//92
f 3812//92 1797//92 1843//92
f 1726//92 1815//92 1813//92
f 1821//92 1819//92 1726//92
f 1819//92 1817//92 1726//92
f 1726//92 1817//92 1815//92
f 1738//92 1736//92 1807//92
f 1736//92 1734//92 1807//92
f 1807//92 1734//92 1809//92
f 1734//92 1732//92 1809//92
f 1809//92 1732//92 1811//92
f 1732//92 1730//92 1811//92
f 1811//92 1730//92 1813//92
f 1730//92 1728//92 1813//92
f 1813//92 1728//92 1726//92
f 1738//92 1807//92 1740//92
f 1807//92 1805//92 1740//92
f 1740//92 1805//92 1803//92
f 4020//92 4021//92 4022//92
f 4021//92 1699//92 4022//92
f 4022//92 1699//92 4023//92
f 1699//92 4024//92 4023//92
f 876//92 4025//92 4012//92
f 4025//92 963//92 4012//92
f 4012//92 963//92 4026//92
f 963//92 965//92 4026//92
f 4026//92 965//92 4020//92
f 965//92 4027//92 4020//92
f 4020//92 4027//92 4021//92
f 4019//92 4028//92 1801//92
f 4028//92 4029//92 1801//92
f 1801//92 4029//92 1803//92
f 4029//92 4030//92 1803//92
f 1803//92 4030//92 1740//92
f 4030//92 4031//92 1740//92
f 1740//92 4031//92 1742//92
f 4031//92 4032//92 1742//92
f 1742//92 4032//92 1744//92
f 4032//92 4033//92 1744//92
f 1744//92 4033//92 1746//92
f 4033//92 4034//92 1746//92
f 1746//92 4034//92 1747//92
f 4034//92 4035//92 1747//92
f 1747//92 4035//92 1699//92
f 4035//92 4036//92 1699//92
f 1699//92 4036//92 4024//92
f 4005//92 4004//92 3953//92
f 4000//92 3999//92 3949//92
f 3953//92 4004//92 3951//92
f 1713//92 3995//92 3994//92
f 3954//92 4007//92 3953//92
f 4007//92 4006//92 3953//92
f 3953//92 4006//92 4005//92
f 4004//92 4003//92 3951//92
f 4003//92 4002//92 3951//92
f 3951//92 4002//92 3949//92
f 4002//92 4001//92 3949//92
f 3949//92 4001//92 4000//92
f 3987//92 3986//92 3948//92
f 3986//92 4009//92 3948//92
f 3948//92 4009//92 3954//92
f 4009//92 4008//92 3954//92
f 3954//92 4008//92 4007//92
f 3999//92 3998//92 3949//92
f 3998//92 3997//92 3949//92
f 3949//92 3997//92 1713//92
f 3997//92 3996//92 1713//92
f 1713//92 3996//92 3995//92
f 3990//92 1723//92 3991//92
f 1723//92 1721//92 3991//92
f 3991//92 1721//92 3992//92
f 1721//92 1719//92 3992//92
f 3992//92 1719//92 3993//92
f 1719//92 1717//92 3993//92
f 3993//92 1717//92 3994//92
f 1717//92 1715//92 3994//92
f 3994//92 1715//92 1713//92
f 1823//92 1821//92 3960//92
f 1821//92 1726//92 3960//92
f 3960//92 1726//92 3990//92
f 1726//92 1725//92 3990//92
f 3990//92 1725//92 1723//92
f 3948//92 3958//92 3987//92
f 3958//92 3959//92 3987//92
f 3987//92 3959//92 3988//92
f 3959//92 3960//92 3988//92
f 3988//92 3960//92 3989//92
f 3960//92 3990//92 3989//92
f 3957//92 3961//92 1713//92
f 3961//92 3955//92 1713//92
f 1713//92 3955//92 3949//92
f 1701//92 1699//92 1765//92
f 1757//92 1755//92 1709//92
f 1757//92 1709//92 1759//92
f 3957//92 1751//92 1749//92
f 1789//92 1787//92 3626//92
f 1787//92 1785//92 3626//92
f 3626//92 1785//92 3621//92
f 1785//92 1783//92 3621//92
f 1783//92 1781//92 3621//92
f 3621//92 1781//92 1779//92
f 1779//92 1777//92 3621//92
f 1777//92 1775//92 3621//92
f 3621//92 1775//92 2681//92
f 3621//92 919//92 3620//92
f 919//92 928//92 3620//92
f 3620//92 928//92 4037//92
f 1751//92 3957//92 1753//92
f 3957//92 1713//92 1753//92
f 1753//92 1713//92 1755//92
f 1713//92 1711//92 1755//92
f 1755//92 1711//92 1709//92
f 1749//92 1795//92 3957//92
f 1795//92 1793//92 3957//92
f 3957//92 1793//92 3626//92
f 1793//92 1791//92 3626//92
f 3626//92 1791//92 1789//92
f 1775//92 1773//92 2681//92
f 1773//92 1771//92 2681//92
f 2681//92 1771//92 4021//92
f 1771//92 1769//92 4021//92
f 4021//92 1769//92 1699//92
f 1769//92 1767//92 1699//92
f 1699//92 1767//92 1765//92
f 2679//92 2682//92 2681//92
f 2682//92 2683//92 2681//92
f 2681//92 2683//92 3621//92
f 2683//92 4038//92 3621//92
f 3621//92 4038//92 919//92
f 4038//92 931//92 919//92
f 919//92 931//92 917//92
f 931//92 930//92 917//92
f 1759//92 1709//92 1761//92
f 1709//92 1707//92 1761//92
f 1761//92 1707//92 1763//92
f 1707//92 1705//92 1763//92
f 1763//92 1705//92 1765//92
f 1705//92 1703//92 1765//92
f 1765//92 1703//92 1701//92
f 4039//1539 4022//1539 4040//1539
f 4022//1539 4023//1539 4040//1539
f 4040//1540 4023//1540 4041//1540
f 4023//1540 4024//1540 4041//1540
f 4041//1541 4024//1541 4042//1541
f 4024//1541 4036//1541 4042//1541
f 4042//1542 4036//1542 4043//1542
f 4036//1542 4035//1542 4043//1542
f 4043//372 4035//372 4044//372
f 4035//372 4034//372 4044//372
f 4044//1543 4034//1543 4045//1543
f 4034//1543 4033//1543 4045//1543
f 4045//386 4033//386 4046//386
f 4033//386 4032//386 4046//386
f 4046//387 4032//387 4047//387
f 4032//387 4031//387 4047//387
f 4047//1544 4031//1544 4048//1544
f 4031//1544 4030//1544 4048//1544
f 4048//1545 4030//1545 4049//1545
f 4030//1545 4029//1545 4049//1545
f 4049//1546 4029//1546 4050//1546
f 4029//1546 4028//1546 4050//1546
f 4050//1547 4028//1547 4051//1547
f 4028//1547 4019//1547 4051//1547
f 4051//1548 4019//1548 4052//1548
f 4019//1548 4018//1548 4052//1548
f 4052//1549 4018//1549 4053//1549
f 4018//1549 4017//1549 4053//1549
f 4053//1550 4017//1550 4054//1550
f 4017//1550 4016//1550 4054//1550
f 4054//1551 4016//1551 4055//1551
f 4016//1551 4015//1551 4055//1551
f 4055//1552 4015//1552 4056//1552
f 4015//1552 4011//1552 4056//1552
f 4056//397 4011//397 4057//397
f 4011//397 4010//397 4057//397
f 4057//1553 4010//1553 4058//1553
f 4010//1553 4014//1553 4058//1553
f 4058//1554 4014//1554 4059//1554
f 4014//1554 4013//1554 4059//1554
f 4059//364 4013//364 4060//364
f 4013//364 4012//364 4060//364
f 4060//1555 4012//1555 4061//1555
f 4012//1555 4026//1555 4061//1555
f 4061//1556 4026//1556 4062//1556
f 4026//1556 4020//1556 4062//1556
f 4062//1557 4020//1557 4039//1557
f 4020//1557 4022//1557 4039//1557
f 1671//52 1669//52 4052//52
f 4059//52 4060//52 1696//52
f 4060//52 4061//52 1696//52
f 1696//52 4061//52 1673//52
f 4052//52 4053//52 1671//52
f 4053//52 4054//52 1671//52
f 1671//52 4054//52 4055//52
f 4061//52 4062//52 1673//52
f 4062//52 4039//52 1673//52
f 1673//52 4039//52 1675//52
f 4039//52 4040//52 1675//52
f 1675//52 4040//52 1677//52
f 4040//52 4041//52 1677//52
f 1677//52 4041//52 1679//52
f 4041//52 4042//52 1679//52
f 1679//52 4042//52 1681//52
f 4042//52 4043//52 1681//52
f 1681//52 4043//52 1683//52
f 4043//52 4044//52 1683//52
f 1683//52 4044//52 1685//52
f 4044//52 4045//52 1685//52
f 1685//52 4045//52 1687//52
f 4045//52 4046//52 1687//52
f 1687//52 4046//52 1689//52
f 4046//52 4047//52 1689//52
f 1689//52 4047//52 1691//52
f 4047//52 4048//52 1691//52
f 1691//52 4048//52 1693//52
f 4048//52 4049//52 1693//52
f 1693//52 4049//52 1695//52
f 4049//52 4050//52 1695//52
f 1695//52 4050//52 1669//52
f 4050//52 4051//52 1669//52
f 1669//52 4051//52 4052//52
f 4055//52 4056//52 1671//52
f 4056//52 4057//52 1671//52
f 1671//52 4057//52 1696//52
f 4057//52 4058//52 1696//52
f 1696//52 4058//52 4059//52
f 3832//52 3820//52 3819//52
f 3819//52 3907//52 3905//52
f 1830//52 1832//52 3819//52
f 1832//52 3830//52 3819//52
f 3819//52 3830//52 3832//52
f 1832//52 1834//52 3830//52
f 1834//52 1836//52 3830//52
f 3830//52 1836//52 3828//52
f 1836//52 3826//52 3828//52
f 3905//52 3903//52 3819//52
f 3903//52 3901//52 3819//52
f 3819//52 3901//52 3899//52
f 3897//52 1824//52 3899//52
f 1824//52 1826//52 3899//52
f 3899//52 1826//52 3819//52
f 1826//52 1828//52 3819//52
f 3819//52 1828//52 1830//52
f 3826//52 1836//52 3824//52
f 1836//52 1838//52 3824//52
f 3824//52 1838//52 3821//52
f 1838//52 1840//52 3821//52
f 3821//52 1840//52 3842//52
f 3897//52 3895//52 1824//52
f 3895//52 3893//52 1824//52
f 1824//52 3893//52 1822//52
f 3893//52 3892//52 1822//52
f 1822//52 3892//52 1820//52
f 3892//52 3844//52 1820//52
f 1820//52 3844//52 1818//52
f 3844//52 3843//52 1818//52
f 1818//52 3843//52 1816//52
f 3843//52 3875//52 1816//52
f 1816//52 3875//52 1814//52
f 3875//52 3870//52 1814//52
f 1814//52 3870//52 1812//52
f 3870//52 3867//52 1812//52
f 1812//52 3867//52 1810//52
f 3867//52 3864//52 1810//52
f 1810//52 3864//52 1808//52
f 3864//52 3859//52 1808//52
f 3859//52 3861//52 1808//52
f 1808//52 3861//52 1806//52
f 3861//52 3854//52 1806//52
f 1806//52 3854//52 1804//52
f 3854//52 3853//52 1804//52
f 1804//52 3853//52 1802//52
f 3853//52 3850//52 1802//52
f 1802//52 3850//52 1800//52
f 3850//52 3848//52 1800//52
f 1800//52 3848//52 1798//52
f 3848//52 3847//52 1798//52
f 1798//52 3847//52 1796//52
f 3847//52 3842//52 1796//52
f 1796//52 3842//52 1842//52
f 3842//52 1840//52 1842//52
f 1782//52 1784//52 3636//52
f 1784//52 1786//52 3636//52
f 1786//52 3625//52 3636//52
f 3636//52 3625//52 3638//52
f 3625//52 3627//52 3638//52
f 1786//52 1788//52 3625//52
f 1788//52 1790//52 3625//52
f 3625//52 1790//52 1792//52
f 1760//52 1762//52 3669//52
f 3669//52 1762//52 3674//52
f 1762//52 1764//52 3674//52
f 3674//52 1764//52 3677//52
f 1764//52 1766//52 3677//52
f 3677//52 1766//52 3682//52
f 1766//52 1768//52 3682//52
f 3682//52 1768//52 3650//52
f 1768//52 1770//52 3650//52
f 3650//52 1770//52 3649//52
f 3715//52 3625//52 3713//52
f 3625//52 3711//52 3713//52
f 3703//52 3705//52 1792//52
f 3705//52 3707//52 1792//52
f 1792//52 3707//52 3625//52
f 3707//52 3709//52 3625//52
f 3625//52 3709//52 3711//52
f 1782//52 3636//52 1780//52
f 3636//52 3634//52 1780//52
f 1780//52 3634//52 1778//52
f 1770//52 1772//52 3649//52
f 1772//52 1774//52 3649//52
f 3649//52 1774//52 3629//52
f 1774//52 1776//52 3629//52
f 3629//52 1776//52 3630//52
f 1776//52 1778//52 3630//52
f 3630//52 1778//52 3632//52
f 1778//52 3634//52 3632//52
f 3669//52 3671//52 1760//52
f 3671//52 3664//52 1760//52
f 1760//52 3664//52 1758//52
f 3664//52 3663//52 1758//52
f 1758//52 3663//52 1756//52
f 3663//52 3658//52 1756//52
f 1756//52 3658//52 1754//52
f 3658//52 3657//52 1754//52
f 1754//52 3657//52 1752//52
f 3657//52 3655//52 1752//52
f 1752//52 3655//52 1750//52
f 3655//52 3654//52 1750//52
f 1750//52 3654//52 1748//52
f 3654//52 3653//52 1748//52
f 1748//52 3653//52 1794//52
f 3653//52 3699//52 1794//52
f 1794//52 3699//52 1792//52
f 3699//52 3701//52 1792//52
f 1792//52 3701//52 3703//52
f 1184//1 1185//1 4063//1
f 1185//1 1202//1 4063//1
f 4063//1 1202//1 1203//1
f 1667//1 4064//1 1147//1
f 4064//1 4065//1 1147//1
f 1147//1 4065//1 1146//1
f 1697//1 1670//1 1696//1
f 1670//1 1671//1 1696//1
f 1161//132 1160//132 1667//132
f 1160//132 4064//132 1667//132
f 1698//52 1700//52 4066//52
f 3807//52 3808//52 4067//52
f 3640//52 3641//52 1195//52
f 3641//52 3642//52 1195//52
f 1195//52 3642//52 3643//52
f 3643//52 3644//52 1195//52
f 3644//52 3645//52 1195//52
f 1195//52 3645//52 3624//52
f 1046//52 1048//52 3694//52
f 3640//52 1195//52 3648//52
f 1195//52 1193//52 3648//52
f 3648//52 1193//52 1191//52
f 1050//52 1052//52 1700//52
f 1052//52 1054//52 1700//52
f 3696//52 1041//52 3695//52
f 1041//52 1043//52 3695//52
f 3695//52 1043//52 3694//52
f 1043//52 1044//52 3694//52
f 3694//52 1044//52 1046//52
f 1191//52 1189//52 3648//52
f 1189//52 1187//52 3648//52
f 3648//52 1187//52 3646//52
f 1187//52 1036//52 3646//52
f 3646//52 1036//52 3696//52
f 1036//52 1039//52 3696//52
f 3696//52 1039//52 1041//52
f 1008//52 1010//52 1714//52
f 1048//52 1050//52 3694//52
f 1050//52 1700//52 3694//52
f 3694//52 1700//52 3693//52
f 1700//52 1702//52 3693//52
f 3693//52 1702//52 3692//52
f 1702//52 1704//52 3692//52
f 3692//52 1704//52 3691//52
f 1704//52 1706//52 3691//52
f 3691//52 1706//52 3690//52
f 1706//52 1708//52 3690//52
f 3690//52 1708//52 3689//52
f 1708//52 1710//52 3689//52
f 3689//52 1710//52 1712//52
f 3686//52 3687//52 1033//52
f 1712//52 1714//52 3689//52
f 1714//52 1031//52 3689//52
f 3689//52 1031//52 3688//52
f 1031//52 1029//52 3688//52
f 3688//52 1029//52 1027//52
f 3721//52 1662//52 3720//52
f 1662//52 1660//52 3720//52
f 1658//52 3731//52 1660//52
f 3731//52 3716//52 1660//52
f 1660//52 3716//52 3717//52
f 1027//52 1025//52 3688//52
f 1025//52 1023//52 3688//52
f 3688//52 1023//52 3687//52
f 1023//52 1021//52 3687//52
f 3687//52 1021//52 1033//52
f 995//52 1002//52 4067//52
f 1002//52 1004//52 4067//52
f 4067//52 1004//52 1714//52
f 1004//52 1006//52 1714//52
f 1714//52 1006//52 1008//52
f 1010//52 1012//52 1714//52
f 1012//52 1015//52 1714//52
f 1714//52 1015//52 1031//52
f 1033//52 1035//52 3686//52
f 1035//52 1666//52 3686//52
f 3686//52 1666//52 3685//52
f 1666//52 1664//52 3685//52
f 3717//52 3718//52 1660//52
f 3718//52 3719//52 1660//52
f 1660//52 3719//52 3720//52
f 1658//52 1656//52 3731//52
f 1656//52 1654//52 3731//52
f 3731//52 1654//52 3729//52
f 3721//52 3722//52 1662//52
f 3722//52 3723//52 1662//52
f 1662//52 3723//52 1664//52
f 3723//52 3698//52 1664//52
f 1664//52 3698//52 3685//52
f 3751//52 3752//52 981//52
f 995//52 4067//52 993//52
f 4067//52 3808//52 993//52
f 993//52 3808//52 975//52
f 3724//52 3727//52 989//52
f 989//52 987//52 3724//52
f 987//52 985//52 3724//52
f 3724//52 985//52 3756//52
f 985//52 983//52 3756//52
f 3756//52 983//52 3755//52
f 983//52 3754//52 3755//52
f 1654//52 1649//52 3729//52
f 1649//52 1651//52 3729//52
f 3729//52 1651//52 3727//52
f 1651//52 991//52 3727//52
f 3727//52 991//52 989//52
f 981//52 3752//52 983//52
f 3752//52 3753//52 983//52
f 983//52 3753//52 3754//52
f 975//52 3808//52 977//52
f 3808//52 3757//52 977//52
f 977//52 3757//52 979//52
f 3757//52 3749//52 979//52
f 979//52 3749//52 981//52
f 3749//52 3750//52 981//52
f 981//52 3750//52 3751//52
f 3798//52 3799//52 4068//52
f 3799//52 3800//52 4068//52
f 4068//52 3800//52 1722//52
f 3800//52 3801//52 1722//52
f 1722//52 3801//52 1720//52
f 3801//52 3802//52 1720//52
f 1720//52 3802//52 1718//52
f 3802//52 3803//52 1718//52
f 1718//52 3803//52 1716//52
f 3803//52 3804//52 1716//52
f 1716//52 3804//52 1714//52
f 3804//52 3805//52 1714//52
f 1714//52 3805//52 4067//52
f 3805//52 3806//52 4067//52
f 4067//52 3806//52 3807//52
f 3932//52 3934//52 1125//52
f 3924//52 1121//52 1119//52
f 3924//52 1119//52 3922//52
f 3932//52 1125//52 3930//52
f 1119//52 1117//52 3922//52
f 1117//52 1112//52 3922//52
f 3922//52 1112//52 3920//52
f 3798//52 1001//52 3797//52
f 1001//52 1129//52 3797//52
f 3797//52 1129//52 3809//52
f 1129//52 1127//52 3809//52
f 3809//52 1127//52 3938//52
f 1127//52 1125//52 3938//52
f 3938//52 1125//52 3936//52
f 1125//52 3934//52 3936//52
f 1121//52 3924//52 1123//52
f 3924//52 3926//52 1123//52
f 1123//52 3926//52 1125//52
f 3926//52 3928//52 1125//52
f 1125//52 3928//52 3930//52
f 1099//52 1097//52 3889//52
f 1112//52 1114//52 3920//52
f 1114//52 1111//52 3920//52
f 3920//52 1111//52 3918//52
f 1111//52 1109//52 3918//52
f 3889//52 3888//52 1099//52
f 3888//52 3890//52 1099//52
f 1099//52 3890//52 1101//52
f 3890//52 3909//52 1101//52
f 1097//52 1074//52 3889//52
f 1074//52 1077//52 3889//52
f 3889//52 1077//52 3887//52
f 1077//52 1079//52 3887//52
f 3887//52 1079//52 3886//52
f 1079//52 1086//52 3886//52
f 1109//52 1107//52 3918//52
f 1107//52 1105//52 3918//52
f 3918//52 1105//52 3916//52
f 1105//52 1103//52 3916//52
f 3909//52 3910//52 1101//52
f 3910//52 3911//52 1101//52
f 1101//52 3911//52 3912//52
f 3912//52 3913//52 1101//52
f 3913//52 3914//52 1101//52
f 1101//52 3914//52 1103//52
f 3914//52 3915//52 1103//52
f 1103//52 3915//52 3916//52
f 1086//52 1088//52 3886//52
f 1088//52 1090//52 3886//52
f 3886//52 1090//52 3885//52
f 1090//52 1092//52 3885//52
f 3885//52 1092//52 1722//52
f 1092//52 1094//52 1722//52
f 1094//52 1018//52 1722//52
f 1018//52 1019//52 1722//52
f 1722//52 1019//52 1213//52
f 1213//52 1211//52 1722//52
f 1211//52 1209//52 1722//52
f 1722//52 1209//52 4068//52
f 1209//52 1207//52 4068//52
f 1207//52 1205//52 4068//52
f 1205//52 996//52 4068//52
f 4068//52 996//52 3798//52
f 996//52 999//52 3798//52
f 3798//52 999//52 1001//52
f 3879//52 1081//52 3878//52
f 1081//52 1083//52 3878//52
f 3878//52 1083//52 3840//52
f 1083//52 1085//52 3840//52
f 3840//52 1085//52 3841//52
f 1085//52 1130//52 3841//52
f 3841//52 1130//52 1143//52
f 1073//52 1071//52 3880//52
f 1071//52 1069//52 3880//52
f 1069//52 1067//52 3880//52
f 1067//52 1065//52 3880//52
f 3880//52 1065//52 3879//52
f 1065//52 1063//52 3879//52
f 3879//52 1063//52 1081//52
f 3880//52 3881//52 1073//52
f 3881//52 1737//52 1073//52
f 1073//52 1737//52 1059//52
f 1737//52 1058//52 1059//52
f 1722//52 1724//52 3885//52
f 1724//52 1727//52 3885//52
f 3885//52 1727//52 3884//52
f 1727//52 1729//52 3884//52
f 3884//52 1729//52 3883//52
f 1729//52 1731//52 3883//52
f 3883//52 1731//52 3882//52
f 1731//52 1733//52 3882//52
f 3882//52 1733//52 3881//52
f 1733//52 1735//52 3881//52
f 3881//52 1735//52 1737//52
f 1137//52 3835//52 3836//52
f 3816//52 3833//52 1137//52
f 3833//52 3834//52 1137//52
f 1137//52 3834//52 3835//52
f 1143//52 1141//52 3841//52
f 1141//52 1139//52 3841//52
f 3841//52 1139//52 3838//52
f 1139//52 1137//52 3838//52
f 3838//52 1137//52 3837//52
f 1137//52 3836//52 3837//52
f 1137//52 1135//52 3816//52
f 1135//52 1133//52 3816//52
f 3816//52 1133//52 3815//52
f 1133//52 1145//52 3815//52
f 3815//52 1145//52 3814//52
f 1200//52 1199//52 3624//52
f 1199//52 1197//52 3624//52
f 3624//52 1197//52 1195//52
f 4069//52 1737//52 1739//52
f 1739//52 1741//52 4069//52
f 1741//52 1743//52 4069//52
f 4069//52 1743//52 4066//52
f 1743//52 1745//52 4066//52
f 4066//52 1745//52 1698//52
f 1054//52 1061//52 1700//52
f 1061//52 1183//52 1700//52
f 1700//52 1183//52 4066//52
f 1183//52 1181//52 4066//52
f 4066//52 1181//52 1179//52
f 1177//52 1175//52 3614//52
f 1175//52 1166//52 3614//52
f 1169//52 1171//52 1173//52
f 3624//52 3622//52 1200//52
f 3622//52 3617//52 1200//52
f 1200//52 3617//52 1203//52
f 3617//52 3611//52 1203//52
f 1203//52 3611//52 4063//52
f 3611//52 3612//52 4063//52
f 4063//52 3612//52 1184//52
f 3612//52 3614//52 1184//52
f 1184//52 3614//52 1173//52
f 3614//52 1166//52 1173//52
f 1173//52 1166//52 1169//52
f 1152//52 4069//52 3615//52
f 1152//52 1154//52 4069//52
f 1154//52 1156//52 4069//52
f 4069//52 1156//52 1737//52
f 1156//52 1158//52 1737//52
f 1737//52 1158//52 1058//52
f 3814//52 1145//52 3607//52
f 1145//52 1146//52 3607//52
f 3607//52 1146//52 3610//52
f 1146//52 4065//52 3610//52
f 3610//52 4065//52 3615//52
f 4065//52 4064//52 3615//52
f 3615//52 4064//52 1160//52
f 1163//52 1165//52 1160//52
f 1165//52 1148//52 1160//52
f 1160//52 1148//52 3615//52
f 1148//52 1150//52 3615//52
f 3615//52 1150//52 1152//52
f 1672//52 1674//52 4066//52
f 1179//52 1177//52 4066//52
f 1177//52 3614//52 4066//52
f 4066//52 3614//52 1672//52
f 3614//52 1697//52 1672//52
f 1674//52 1676//52 4066//52
f 1676//52 1678//52 4066//52
f 4066//52 1678//52 1680//52
f 1697//52 3614//52 1670//52
f 3614//52 3615//52 1670//52
f 1670//52 3615//52 1668//52
f 3615//52 4069//52 1668//52
f 1668//52 4069//52 1694//52
f 1680//52 1682//52 4066//52
f 1682//52 1684//52 4066//52
f 4066//52 1684//52 4069//52
f 1684//52 1686//52 4069//52
f 4069//52 1686//52 1688//52
f 1688//52 1690//52 4069//52
f 1690//52 1692//52 4069//52
f 4069//52 1692//52 1694//52
f 3608//1558 3811//1558 3607//1558
f 3811//1558 3814//1558 3607//1558
f 3813//132 3811//132 873//132
f 3811//132 3608//132 873//132
f 873//132 3608//132 868//132
f 3608//132 3605//132 868//132
f 868//132 3605//132 865//132
f 3605//132 1845//132 865//132
f 865//132 1845//132 864//132
f 1845//132 1844//132 864//132
f 864//132 1844//132 4070//132
f 1844//132 4071//132 4070//132
f 1846//1559 4072//1559 1844//1559
f 4072//1559 4071//1559 1844//1559
f 4073//1560 4074//1560 4075//1560
f 4074//1561 4076//1561 4075//1561
f 4075//1562 4071//1562 4073//1562
f 4071//1563 4072//1563 4073//1563
f 4077//1355 4070//1355 4075//1355
f 4070//1355 4071//1355 4075//1355
f 4078//1360 4079//1360 4080//1360
f 4079//1564 4077//1564 4080//1564
f 4080//1361 4077//1361 4076//1361
f 4077//1361 4075//1361 4076//1361
f 4081//1363 4082//1363 4083//1363
f 4081//1363 4083//1363 4084//1363
f 4083//1364 4085//1364 4084//1364
f 4084//1364 4085//1364 4086//1364
f 4085//1365 4087//1365 4086//1365
f 4086//1365 4087//1365 4088//1365
f 4087//1366 4089//1366 4088//1366
f 4088//1366 4089//1366 4090//1366
f 4089//1367 4091//1367 4090//1367
f 4090//1367 4091//1367 4092//1367
f 4091//1368 4080//1368 4092//1368
f 4092//1368 4080//1368 4076//1368
f 4093//1565 4081//1565 4084//1565
f 4093//1566 4084//1566 4094//1566
f 4084//1567 4086//1567 4094//1567
f 4094//1568 4086//1568 4095//1568
f 4086//1569 4088//1569 4095//1569
f 4095//1570 4088//1570 4096//1570
f 4088//1571 4090//1571 4096//1571
f 4096//1572 4090//1572 4097//1572
f 4090//1573 4092//1573 4097//1573
f 4097//1574 4092//1574 4098//1574
f 4092//1575 4076//1575 4098//1575
f 4098//1576 4076//1576 4074//1576
f 4099//1577 4100//1577 4101//1577
f 4100//1577 4081//1577 4101//1577
f 4101//1577 4081//1577 4093//1577
f 4102//1 4082//1 4100//1
f 4082//1 4081//1 4100//1
f 4102//1578 4100//1578 4103//1578
f 4100//1578 4104//1578 4103//1578
f 4103//1579 4104//1579 4105//1579
f 4104//1579 4106//1579 4105//1579
f 4105//1386 4106//1386 4107//1386
f 4106//1386 4108//1386 4107//1386
f 4107//1392 4108//1392 4109//1392
f 4108//1392 4110//1392 4109//1392
f 4109//1389 4110//1389 4111//1389
f 4110//1389 4112//1389 4111//1389
f 4111//1397 4112//1397 4113//1397
f 4112//1397 4114//1397 4113//1397
f 4113//132 4114//132 4115//132
f 4114//132 4116//132 4115//132
f 4115//1580 4116//1580 4117//1580
f 4116//1580 4118//1580 4117//1580
f 4117//1581 4118//1581 4119//1581
f 4118//1581 4120//1581 4119//1581
f 4119//1582 4120//1582 4121//1582
f 4120//1582 4122//1582 4121//1582
f 4121//1583 4122//1583 4123//1583
f 4122//1583 4124//1583 4123//1583
f 4123//1411 4124//1411 4125//1411
f 4124//1411 4126//1411 4125//1411
f 4125//1381 4126//1381 4127//1381
f 4126//1381 4128//1381 4127//1381
f 4100//1584 4099//1584 4104//1584
f 4099//1585 4129//1585 4104//1585
f 4104//1586 4129//1586 4106//1586
f 4129//1587 4130//1587 4106//1587
f 4106//1588 4130//1588 4108//1588
f 4130//1589 4131//1589 4108//1589
f 4108//1590 4131//1590 4110//1590
f 4131//1591 4132//1591 4110//1591
f 4110//1592 4132//1592 4112//1592
f 4132//1593 4133//1593 4112//1593
f 4112//1594 4133//1594 4114//1594
f 4133//1595 4134//1595 4114//1595
f 4114//1596 4134//1596 4116//1596
f 4134//1596 4135//1596 4116//1596
f 4116//1597 4135//1597 4118//1597
f 4135//1598 4136//1598 4118//1598
f 4118//1599 4136//1599 4120//1599
f 4136//1600 4137//1600 4120//1600
f 4120//1601 4137//1601 4122//1601
f 4137//1602 4138//1602 4122//1602
f 4122//1603 4138//1603 4124//1603
f 4138//1604 4139//1604 4124//1604
f 4124//1605 4139//1605 4126//1605
f 4139//1606 4140//1606 4126//1606
f 4126//1607 4140//1607 4128//1607
f 4140//1608 4141//1608 4128//1608
f 4142//460 4128//460 4143//460
f 4128//460 4141//460 4143//460
f 4144//323 4127//323 4142//323
f 4127//323 4128//323 4142//323
f 4144//1450 4142//1450 4145//1450
f 4144//1450 4145//1450 4146//1450
f 4145//1451 4147//1451 4146//1451
f 4146//1451 4147//1451 4148//1451
f 4147//1452 4149//1452 4148//1452
f 4148//1452 4149//1452 4150//1452
f 4149//1453 4151//1453 4150//1453
f 4150//1453 4151//1453 4152//1453
f 4151//1454 4153//1454 4152//1454
f 4152//1454 4153//1454 4154//1454
f 4153//1455 4155//1455 4154//1455
f 4154//1455 4155//1455 4156//1455
f 4155//1456 4157//1456 4156//1456
f 4156//1456 4157//1456 4158//1456
f 4157//1457 4159//1457 4158//1457
f 4158//1457 4159//1457 4160//1457
f 4161//1609 4159//1609 4157//1609
f 4161//1610 4157//1610 4162//1610
f 4157//1611 4155//1611 4162//1611
f 4162//1612 4155//1612 4163//1612
f 4155//1613 4153//1613 4163//1613
f 4163//1614 4153//1614 4164//1614
f 4153//1615 4151//1615 4164//1615
f 4164//1616 4151//1616 4165//1616
f 4151//1617 4149//1617 4165//1617
f 4165//1618 4149//1618 4166//1618
f 4149//1619 4147//1619 4166//1619
f 4166//1620 4147//1620 4167//1620
f 4147//1621 4145//1621 4167//1621
f 4167//1622 4145//1622 4168//1622
f 4145//1623 4142//1623 4168//1623
f 4168//1624 4142//1624 4143//1624
f 4169//1625 4170//1625 4171//1625
f 4169//1626 4171//1626 4172//1626
f 4171//1627 4173//1627 4172//1627
f 4172//1628 4173//1628 4174//1628
f 4173//1629 4175//1629 4174//1629
f 4174//1630 4175//1630 4176//1630
f 4175//1631 4159//1631 4176//1631
f 4176//1632 4159//1632 4161//1632
f 4177//1498 4178//1498 4179//1498
f 4177//1498 4179//1498 4180//1498
f 4179//1499 4181//1499 4180//1499
f 4180//1499 4181//1499 4182//1499
f 4181//1500 4183//1500 4182//1500
f 4182//1500 4183//1500 4184//1500
f 4183//1501 4185//1501 4184//1501
f 4184//1501 4185//1501 4186//1501
f 4185//1502 4187//1502 4186//1502
f 4186//1502 4187//1502 4188//1502
f 4187//1503 4189//1503 4188//1503
f 4188//1503 4189//1503 4190//1503
f 4189//1504 4191//1504 4190//1504
f 4190//1504 4191//1504 4192//1504
f 4191//1505 4193//1505 4192//1505
f 4192//1505 4193//1505 4170//1505
f 4194//1633 4177//1633 4180//1633
f 4194//1634 4180//1634 4195//1634
f 4180//1635 4182//1635 4195//1635
f 4195//1636 4182//1636 4196//1636
f 4182//1637 4184//1637 4196//1637
f 4196//1638 4184//1638 4197//1638
f 4184//1639 4186//1639 4197//1639
f 4197//1640 4186//1640 4198//1640
f 4186//1641 4188//1641 4198//1641
f 4198//1642 4188//1642 4199//1642
f 4188//1643 4190//1643 4199//1643
f 4199//1644 4190//1644 4200//1644
f 4190//1645 4192//1645 4200//1645
f 4200//1646 4192//1646 4201//1646
f 4192//1647 4170//1647 4201//1647
f 4201//1648 4170//1648 4169//1648
f 4194//4 4202//4 4177//4
f 4202//4 4203//4 4177//4
f 4177//130 4203//130 4178//130
f 4203//130 4204//130 4178//130
f 4205//132 4206//132 4207//132
f 4206//132 4208//132 4207//132
f 4204//1649 4203//1649 4209//1649
f 4203//1649 4210//1649 4209//1649
f 4209//1650 4210//1650 4211//1650
f 4210//1650 4212//1650 4211//1650
f 4211//1291 4212//1291 4213//1291
f 4212//1291 4214//1291 4213//1291
f 4213//1297 4214//1297 4215//1297
f 4214//1297 4216//1297 4215//1297
f 4215//1294 4216//1294 4217//1294
f 4216//1294 4218//1294 4217//1294
f 4217//1302 4218//1302 4219//1302
f 4218//1302 4220//1302 4219//1302
f 4219//1 4220//1 4221//1
f 4220//1 4222//1 4221//1
f 4221//1651 4222//1651 4223//1651
f 4222//1651 4224//1651 4223//1651
f 4223//1652 4224//1652 4225//1652
f 4224//1652 4226//1652 4225//1652
f 4225//1653 4226//1653 4227//1653
f 4226//1653 4228//1653 4227//1653
f 4227//1654 4228//1654 4229//1654
f 4228//1654 4230//1654 4229//1654
f 4229//1316 4230//1316 4231//1316
f 4230//1316 4232//1316 4231//1316
f 4231//1287 4232//1287 4207//1287
f 4232//1287 4205//1287 4207//1287
f 4203//1655 4202//1655 4210//1655
f 4202//1656 4233//1656 4210//1656
f 4210//1657 4233//1657 4212//1657
f 4233//1658 4234//1658 4212//1658
f 4212//1659 4234//1659 4214//1659
f 4234//1660 4235//1660 4214//1660
f 4214//1661 4235//1661 4216//1661
f 4235//1662 4236//1662 4216//1662
f 4216//1663 4236//1663 4218//1663
f 4236//1664 4237//1664 4218//1664
f 4218//1665 4237//1665 4220//1665
f 4237//1666 4238//1666 4220//1666
f 4220//1667 4238//1667 4222//1667
f 4238//1667 4239//1667 4222//1667
f 4222//1668 4239//1668 4224//1668
f 4239//1669 4240//1669 4224//1669
f 4224//1670 4240//1670 4226//1670
f 4240//1671 4241//1671 4226//1671
f 4226//1672 4241//1672 4228//1672
f 4241//1673 4242//1673 4228//1673
f 4228//1674 4242//1674 4230//1674
f 4242//1675 4243//1675 4230//1675
f 4230//1676 4243//1676 4232//1676
f 4243//1677 4244//1677 4232//1677
f 4232//1678 4244//1678 4205//1678
f 4244//1679 4245//1679 4205//1679
f 4206//1680 4205//1680 4246//1680
f 4205//1680 4245//1680 4246//1680
f 4247//1134 4248//1134 4249//1134
f 4248//1134 4250//1134 4249//1134
f 4249//1681 4250//1681 4251//1681
f 4250//1682 4252//1682 4251//1682
f 4253//1683 4252//1683 4254//1683
f 4252//1684 4250//1684 4254//1684
f 4255//1139 4256//1139 4257//1139
f 4254//1141 4250//1141 4257//1141
f 4250//1141 4248//1141 4257//1141
f 4257//1685 4248//1685 4255//1685
f 4258//1142 4259//1142 4260//1142
f 4258//1142 4260//1142 4261//1142
f 4260//1143 4262//1143 4261//1143
f 4261//1143 4262//1143 4263//1143
f 4262//1144 4264//1144 4263//1144
f 4263//1144 4264//1144 4265//1144
f 4264//1145 4266//1145 4265//1145
f 4265//1145 4266//1145 4267//1145
f 4266//1146 4268//1146 4267//1146
f 4267//1146 4268//1146 4269//1146
f 4268//1147 4254//1147 4269//1147
f 4269//1147 4254//1147 4257//1147
f 4253//1686 4254//1686 4268//1686
f 4253//1687 4268//1687 4270//1687
f 4268//1688 4266//1688 4270//1688
f 4270//1689 4266//1689 4271//1689
f 4266//1690 4264//1690 4271//1690
f 4271//1691 4264//1691 4272//1691
f 4264//1692 4262//1692 4272//1692
f 4272//1693 4262//1693 4273//1693
f 4262//1694 4260//1694 4273//1694
f 4273//1695 4260//1695 4274//1695
f 4260//1696 4259//1696 4274//1696
f 4274//1697 4259//1697 4275//1697
f 4276//1577 4277//1577 4259//1577
f 4277//1577 4278//1577 4259//1577
f 4259//1577 4278//1577 4275//1577
f 4258//1 4279//1 4259//1
f 4279//1 4276//1 4259//1
f 4280//1698 4281//1698 4282//1698
f 4281//1698 4283//1698 4282//1698
f 4282//1699 4283//1699 4284//1699
f 4283//1699 4285//1699 4284//1699
f 4284//1169 4285//1169 4286//1169
f 4285//1169 4287//1169 4286//1169
f 4286//1166 4287//1166 4288//1166
f 4287//1166 4289//1166 4288//1166
f 4288//1175 4289//1175 4290//1175
f 4289//1175 4291//1175 4290//1175
f 4290//1172 4291//1172 4292//1172
f 4291//1172 4293//1172 4292//1172
f 4292//130 4293//130 4294//130
f 4293//130 4295//130 4294//130
f 4294//1700 4295//1700 4296//1700
f 4295//1700 4297//1700 4296//1700
f 4296//1701 4297//1701 4298//1701
f 4297//1701 4299//1701 4298//1701
f 4298//1702 4299//1702 4300//1702
f 4299//1702 4301//1702 4300//1702
f 4300//1703 4301//1703 4302//1703
f 4301//1703 4303//1703 4302//1703
f 4302//1190 4303//1190 4304//1190
f 4303//1190 4305//1190 4304//1190
f 4304//1161 4305//1161 4279//1161
f 4305//1161 4276//1161 4279//1161
f 4281//1704 4306//1704 4283//1704
f 4306//1705 4307//1705 4283//1705
f 4283//1706 4307//1706 4285//1706
f 4307//1707 4308//1707 4285//1707
f 4285//1708 4308//1708 4287//1708
f 4308//1709 4309//1709 4287//1709
f 4287//1710 4309//1710 4289//1710
f 4309//1711 4310//1711 4289//1711
f 4289//1712 4310//1712 4291//1712
f 4310//1713 4311//1713 4291//1713
f 4291//1714 4311//1714 4293//1714
f 4311//1715 4312//1715 4293//1715
f 4293//1716 4312//1716 4295//1716
f 4312//1716 4313//1716 4295//1716
f 4295//1717 4313//1717 4297//1717
f 4313//1718 4314//1718 4297//1718
f 4297//1719 4314//1719 4299//1719
f 4314//1720 4315//1720 4299//1720
f 4299//1721 4315//1721 4301//1721
f 4315//1722 4316//1722 4301//1722
f 4301//1723 4316//1723 4303//1723
f 4316//1724 4317//1724 4303//1724
f 4303//1725 4317//1725 4305//1725
f 4317//1726 4318//1726 4305//1726
f 4305//1727 4318//1727 4276//1727
f 4318//1728 4277//1728 4276//1728
f 4319//460 4306//460 4320//460
f 4306//460 4281//460 4320//460
f 4280//323 4321//323 4281//323
f 4321//323 4320//323 4281//323
f 4320//1229 4321//1229 4322//1229
f 4320//1229 4322//1229 4323//1229
f 4322//1230 4324//1230 4323//1230
f 4323//1230 4324//1230 4325//1230
f 4324//1231 4326//1231 4325//1231
f 4325//1231 4326//1231 4327//1231
f 4326//1232 4328//1232 4327//1232
f 4327//1232 4328//1232 4329//1232
f 4328//1233 4330//1233 4329//1233
f 4329//1233 4330//1233 4331//1233
f 4330//1234 4332//1234 4331//1234
f 4331//1234 4332//1234 4333//1234
f 4332//1235 4334//1235 4333//1235
f 4333//1235 4334//1235 4335//1235
f 4334//1236 4336//1236 4335//1236
f 4335//1236 4336//1236 4337//1236
f 4319//1729 4320//1729 4323//1729
f 4319//1730 4323//1730 4338//1730
f 4323//1731 4325//1731 4338//1731
f 4338//1732 4325//1732 4339//1732
f 4325//1733 4327//1733 4339//1733
f 4339//1734 4327//1734 4340//1734
f 4327//1735 4329//1735 4340//1735
f 4340//1736 4329//1736 4341//1736
f 4329//1737 4331//1737 4341//1737
f 4341//1738 4331//1738 4342//1738
f 4331//1739 4333//1739 4342//1739
f 4342//1740 4333//1740 4343//1740
f 4333//1741 4335//1741 4343//1741
f 4343//1742 4335//1742 4344//1742
f 4335//1743 4337//1743 4344//1743
f 4344//1744 4337//1744 4345//1744
f 4345//1745 4337//1745 4346//1745
f 4345//1746 4346//1746 4347//1746
f 4346//1747 4348//1747 4347//1747
f 4347//1748 4348//1748 4349//1748
f 4348//1749 4350//1749 4349//1749
f 4349//1750 4350//1750 4351//1750
f 4350//1751 4352//1751 4351//1751
f 4351//1752 4352//1752 4353//1752
f 4353//1753 4352//1753 4354//1753
f 4353//1754 4354//1754 4355//1754
f 4354//1755 4356//1755 4355//1755
f 4355//1756 4356//1756 4357//1756
f 4356//1757 4358//1757 4357//1757
f 4357//1758 4358//1758 4359//1758
f 4358//1759 4360//1759 4359//1759
f 4359//1760 4360//1760 4361//1760
f 4360//1761 4362//1761 4361//1761
f 4361//1762 4362//1762 4363//1762
f 4362//1763 4364//1763 4363//1763
f 4363//1764 4364//1764 4365//1764
f 4364//1765 4366//1765 4365//1765
f 4365//1766 4366//1766 4367//1766
f 4366//1767 4206//1767 4367//1767
f 4367//1768 4206//1768 4246//1768
f 4208//1261 4206//1261 4366//1261
f 4208//1261 4366//1261 4368//1261
f 4366//1262 4364//1262 4368//1262
f 4368//1262 4364//1262 4369//1262
f 4364//1263 4362//1263 4369//1263
f 4369//1263 4362//1263 4370//1263
f 4362//1264 4360//1264 4370//1264
f 4370//1264 4360//1264 4371//1264
f 4360//1265 4358//1265 4371//1265
f 4371//1265 4358//1265 4372//1265
f 4358//1266 4356//1266 4372//1266
f 4372//1266 4356//1266 4373//1266
f 4356//1267 4354//1267 4373//1267
f 4373//1267 4354//1267 4374//1267
f 4354//1268 4352//1268 4374//1268
f 4374//1268 4352//1268 4375//1268
f 4376//1769 4375//1769 4377//1769
f 4377//1770 4378//1770 4376//1770
f 4378//1509 4379//1509 4376//1509
f 4376//1509 4379//1509 4380//1509
f 4379//1 4381//1 4380//1
f 4380//1 4381//1 4382//1
f 4381//1510 4383//1510 4382//1510
f 4382//1510 4383//1510 4384//1510
f 4384//1771 4383//1771 4193//1771
f 4383//1772 4385//1772 4193//1772
f 4193//1507 4385//1507 4170//1507
f 4079//1521 4078//1521 4386//1521
f 4078//1773 4160//1773 4386//1773
f 4386//1774 4160//1774 4387//1774
f 4346//1506 4337//1506 4336//1506
f 4170//1507 4385//1507 4171//1507
f 4385//1517 4388//1517 4171//1517
f 4171//1517 4388//1517 4173//1517
f 4388//1518 4387//1518 4173//1518
f 4173//1518 4387//1518 4175//1518
f 4387//1516 4160//1516 4175//1516
f 4175//1516 4160//1516 4159//1516
f 4256//1775 4255//1775 4336//1775
f 4255//1776 4389//1776 4336//1776
f 4336//1506 4389//1506 4346//1506
f 4389//1522 4390//1522 4346//1522
f 4346//1522 4390//1522 4348//1522
f 4390//1523 4377//1523 4348//1523
f 4348//1523 4377//1523 4350//1523
f 4377//1524 4375//1524 4350//1524
f 4350//1524 4375//1524 4352//1524
f 4380//92 4382//92 4391//92
f 4382//92 4189//92 4187//92
f 4391//92 4392//92 4380//92
f 4392//92 4393//92 4380//92
f 4380//92 4393//92 4394//92
f 4375//92 4376//92 4374//92
f 4376//92 4380//92 4374//92
f 4189//92 4382//92 4191//92
f 4382//92 4384//92 4191//92
f 4191//92 4384//92 4193//92
f 4183//92 4395//92 4185//92
f 4395//92 4396//92 4185//92
f 4185//92 4396//92 4187//92
f 4396//92 4397//92 4187//92
f 4187//92 4397//92 4382//92
f 4397//92 4398//92 4382//92
f 4382//92 4398//92 4391//92
f 4369//92 4370//92 4399//92
f 4370//92 4371//92 4399//92
f 4399//92 4371//92 4394//92
f 4371//92 4372//92 4394//92
f 4394//92 4372//92 4380//92
f 4372//92 4373//92 4380//92
f 4380//92 4373//92 4374//92
f 4400//92 4221//92 4401//92
f 4221//92 4223//92 4401//92
f 4401//92 4223//92 4402//92
f 4223//92 4225//92 4402//92
f 4402//92 4225//92 4403//92
f 4225//92 4227//92 4403//92
f 4403//92 4227//92 4404//92
f 4227//92 4229//92 4404//92
f 4404//92 4229//92 4405//92
f 4229//92 4231//92 4405//92
f 4405//92 4231//92 4406//92
f 4231//92 4207//92 4406//92
f 4406//92 4207//92 4407//92
f 4207//92 4208//92 4407//92
f 4407//92 4208//92 4399//92
f 4208//92 4368//92 4399//92
f 4399//92 4368//92 4369//92
f 4183//92 4181//92 4395//92
f 4181//92 4179//92 4395//92
f 4395//92 4179//92 4408//92
f 4179//92 4178//92 4408//92
f 4408//92 4178//92 4409//92
f 4178//92 4204//92 4409//92
f 4409//92 4204//92 4410//92
f 4204//92 4209//92 4410//92
f 4410//92 4209//92 4411//92
f 4209//92 4211//92 4411//92
f 4411//92 4211//92 4412//92
f 4211//92 4213//92 4412//92
f 4412//92 4213//92 4413//92
f 4213//92 4215//92 4413//92
f 4413//92 4215//92 4414//92
f 4215//92 4217//92 4414//92
f 4414//92 4217//92 4400//92
f 4217//92 4219//92 4400//92
f 4400//92 4219//92 4221//92
f 4415//1525 4409//1525 4416//1525
f 4409//1525 4410//1525 4416//1525
f 4416//381 4410//381 4417//381
f 4410//381 4411//381 4417//381
f 4417//1526 4411//1526 4418//1526
f 4411//1526 4412//1526 4418//1526
f 4418//1527 4412//1527 4419//1527
f 4412//1527 4413//1527 4419//1527
f 4419//396 4413//396 4420//396
f 4413//396 4414//396 4420//396
f 4420//1528 4414//1528 4421//1528
f 4414//1528 4400//1528 4421//1528
f 4421//1529 4400//1529 4422//1529
f 4400//1529 4401//1529 4422//1529
f 4422//363 4401//363 4423//363
f 4401//363 4402//363 4423//363
f 4423//1530 4402//1530 4424//1530
f 4402//1530 4403//1530 4424//1530
f 4424//365 4403//365 4425//365
f 4403//365 4404//365 4425//365
f 4425//366 4404//366 4426//366
f 4404//366 4405//366 4426//366
f 4426//1531 4405//1531 4427//1531
f 4405//1531 4406//1531 4427//1531
f 4427//1532 4406//1532 4428//1532
f 4406//1532 4407//1532 4428//1532
f 4428//369 4407//369 4429//369
f 4407//369 4399//369 4429//369
f 4429//370 4399//370 4430//370
f 4399//370 4394//370 4430//370
f 4430//1533 4394//1533 4431//1533
f 4394//1533 4393//1533 4431//1533
f 4431//372 4393//372 4432//372
f 4393//372 4392//372 4432//372
f 4432//1534 4392//1534 4433//1534
f 4392//1534 4391//1534 4433//1534
f 4433//1535 4391//1535 4434//1535
f 4391//1535 4398//1535 4434//1535
f 4434//387 4398//387 4435//387
f 4398//387 4397//387 4435//387
f 4435//1536 4397//1536 4436//1536
f 4397//1536 4396//1536 4436//1536
f 4436//1537 4396//1537 4437//1537
f 4396//1537 4395//1537 4437//1537
f 4437//378 4395//378 4438//378
f 4395//378 4408//378 4438//378
f 4438//1538 4408//1538 4415//1538
f 4408//1538 4409//1538 4415//1538
f 910//52 4439//52 1338//52
f 848//52 4077//52 1260//52
f 1340//52 1338//52 4440//52
f 4077//52 849//52 4070//52
f 849//52 862//52 4070//52
f 4070//52 862//52 864//52
f 4386//52 1238//52 1240//52
f 1240//52 1242//52 4386//52
f 1242//52 1244//52 4386//52
f 4386//52 1244//52 4079//52
f 1244//52 1246//52 4079//52
f 1246//52 1248//52 4079//52
f 1248//52 1250//52 4079//52
f 4079//52 1250//52 4077//52
f 1250//52 1252//52 4077//52
f 4077//52 1252//52 1254//52
f 1254//52 1256//52 4077//52
f 1256//52 1258//52 4077//52
f 4077//52 1258//52 1260//52
f 4441//52 4439//52 4442//52
f 4439//52 4443//52 4442//52
f 847//52 843//52 848//52
f 843//52 845//52 848//52
f 848//52 845//52 4077//52
f 845//52 4444//52 4077//52
f 4077//52 4444//52 849//52
f 4444//52 861//52 849//52
f 849//52 861//52 850//52
f 861//52 860//52 850//52
f 1238//52 4386//52 1236//52
f 4386//52 1311//52 1236//52
f 1236//52 1311//52 1234//52
f 1354//52 1224//52 1356//52
f 1224//52 1226//52 1356//52
f 1356//52 1226//52 1358//52
f 1226//52 1228//52 1358//52
f 1358//52 1228//52 1359//52
f 1228//52 1230//52 1359//52
f 1359//52 1230//52 1311//52
f 1230//52 1232//52 1311//52
f 1311//52 1232//52 1234//52
f 4445//52 1224//52 4446//52
f 1224//52 4447//52 4446//52
f 4448//52 4449//52 4439//52
f 4441//52 4450//52 4439//52
f 4450//52 4451//52 4439//52
f 4439//52 4451//52 1338//52
f 4451//52 4452//52 1338//52
f 1338//52 4452//52 4440//52
f 4448//52 4439//52 4453//52
f 1348//52 4447//52 1350//52
f 4447//52 1224//52 1350//52
f 1350//52 1224//52 1352//52
f 1224//52 1354//52 1352//52
f 4445//52 4454//52 1224//52
f 4454//52 4455//52 1224//52
f 1224//52 4455//52 1222//52
f 4455//52 4456//52 1222//52
f 1222//52 4456//52 1220//52
f 4456//52 4457//52 1220//52
f 1220//52 4457//52 1218//52
f 4457//52 4458//52 1218//52
f 1218//52 4458//52 4459//52
f 4459//52 4460//52 1218//52
f 4460//52 4461//52 1218//52
f 1218//52 4461//52 4462//52
f 4449//52 4463//52 4439//52
f 4463//52 4464//52 4439//52
f 4439//52 4464//52 4443//52
f 1348//52 1346//52 4447//52
f 1346//52 1344//52 4447//52
f 4447//52 1344//52 4440//52
f 1344//52 1342//52 4440//52
f 4440//52 1342//52 1340//52
f 1260//52 1214//52 848//52
f 1214//52 1216//52 848//52
f 848//52 1216//52 4465//52
f 1216//52 1218//52 4465//52
f 4465//52 1218//52 4439//52
f 1218//52 4462//52 4439//52
f 4439//52 4462//52 4453//52
f 914//52 912//52 922//52
f 1308//52 1262//52 4389//52
f 1286//52 1288//52 914//52
f 922//52 923//52 914//52
f 923//52 4466//52 914//52
f 914//52 4466//52 1338//52
f 4466//52 908//52 1338//52
f 1338//52 908//52 910//52
f 908//52 906//52 910//52
f 910//52 906//52 909//52
f 1278//52 1280//52 1338//52
f 1280//52 1282//52 1338//52
f 1338//52 1282//52 914//52
f 1282//52 1284//52 914//52
f 914//52 1284//52 1286//52
f 4248//52 1290//52 1292//52
f 1292//52 1294//52 4248//52
f 1294//52 1296//52 4248//52
f 4248//52 1296//52 4255//52
f 1296//52 1298//52 4255//52
f 4255//52 1298//52 1300//52
f 1300//52 1302//52 4255//52
f 1302//52 1304//52 4255//52
f 4255//52 1304//52 4389//52
f 1304//52 1306//52 4389//52
f 4389//52 1306//52 1308//52
f 1329//52 1327//52 1268//52
f 1327//52 1325//52 1268//52
f 1268//52 1325//52 1266//52
f 1325//52 1264//52 1266//52
f 1338//52 1337//52 1278//52
f 1337//52 1335//52 1278//52
f 1278//52 1335//52 1333//52
f 1288//52 1290//52 914//52
f 1290//52 4248//52 914//52
f 914//52 4248//52 925//52
f 4248//52 4247//52 925//52
f 925//52 4247//52 926//52
f 1268//52 1270//52 1329//52
f 1270//52 1272//52 1329//52
f 1329//52 1272//52 1331//52
f 1272//52 1274//52 1331//52
f 1331//52 1274//52 1333//52
f 1274//52 1276//52 1333//52
f 1333//52 1276//52 1278//52
f 1262//52 1264//52 4389//52
f 1264//52 1325//52 4389//52
f 4389//52 1325//52 4390//52
f 1325//52 4377//52 4390//52
f 4426//52 4427//52 4378//52
f 4427//52 4428//52 4378//52
f 4433//52 4381//52 4432//52
f 4381//52 4379//52 4432//52
f 4428//52 4429//52 4378//52
f 4429//52 4430//52 4378//52
f 4378//52 4430//52 4379//52
f 4430//52 4431//52 4379//52
f 4379//52 4431//52 4432//52
f 4433//52 4434//52 4381//52
f 4434//52 4435//52 4381//52
f 4381//52 4435//52 4383//52
f 4435//52 4436//52 4383//52
f 4436//52 4437//52 4383//52
f 4383//52 4437//52 4385//52
f 4377//52 1325//52 4378//52
f 1325//52 4425//52 4378//52
f 4378//52 4425//52 4426//52
f 1315//52 4419//52 1317//52
f 4419//52 4420//52 1317//52
f 1317//52 4420//52 1319//52
f 4420//52 4421//52 1319//52
f 1319//52 4421//52 1321//52
f 4421//52 4422//52 1321//52
f 1321//52 4422//52 1323//52
f 4422//52 4423//52 1323//52
f 1323//52 4423//52 1325//52
f 4423//52 4424//52 1325//52
f 1325//52 4424//52 4425//52
f 4437//52 4438//52 4385//52
f 4438//52 4415//52 4385//52
f 4385//52 4415//52 4388//52
f 4415//52 4416//52 4388//52
f 4388//52 4416//52 4387//52
f 4416//52 4386//52 4387//52
f 1315//52 1313//52 4419//52
f 1313//52 1311//52 4419//52
f 4419//52 1311//52 4418//52
f 1311//52 4386//52 4418//52
f 4418//52 4386//52 4417//52
f 4386//52 4416//52 4417//52
f 4451//1539 4467//1539 4452//1539
f 4467//1539 4468//1539 4452//1539
f 4452//1540 4468//1540 4440//1540
f 4468//1540 4469//1540 4440//1540
f 4440//1541 4469//1541 4447//1541
f 4469//1541 4470//1541 4447//1541
f 4447//1542 4470//1542 4446//1542
f 4470//1542 4471//1542 4446//1542
f 4446//372 4471//372 4445//372
f 4471//372 4472//372 4445//372
f 4445//1543 4472//1543 4454//1543
f 4472//1543 4473//1543 4454//1543
f 4454//386 4473//386 4455//386
f 4473//386 4474//386 4455//386
f 4455//387 4474//387 4456//387
f 4474//387 4475//387 4456//387
f 4456//1544 4475//1544 4457//1544
f 4475//1544 4476//1544 4457//1544
f 4457//1545 4476//1545 4458//1545
f 4476//1545 4477//1545 4458//1545
f 4458//1546 4477//1546 4459//1546
f 4477//1546 4478//1546 4459//1546
f 4459//1547 4478//1547 4460//1547
f 4478//1547 4479//1547 4460//1547
f 4460//1548 4479//1548 4461//1548
f 4479//1548 4480//1548 4461//1548
f 4461//1549 4480//1549 4462//1549
f 4480//1549 4481//1549 4462//1549
f 4462//1550 4481//1550 4453//1550
f 4481//1550 4482//1550 4453//1550
f 4453//1551 4482//1551 4448//1551
f 4482//1551 4483//1551 4448//1551
f 4448//1552 4483//1552 4449//1552
f 4483//1552 4484//1552 4449//1552
f 4449//397 4484//397 4463//397
f 4484//397 4485//397 4463//397
f 4463//1553 4485//1553 4464//1553
f 4485//1553 4486//1553 4464//1553
f 4464//1554 4486//1554 4443//1554
f 4486//1554 4487//1554 4443//1554
f 4443//364 4487//364 4442//364
f 4487//364 4488//364 4442//364
f 4442//1555 4488//1555 4441//1555
f 4488//1555 4489//1555 4441//1555
f 4441//1556 4489//1556 4450//1556
f 4489//1556 4490//1556 4450//1556
f 4450//1557 4490//1557 4451//1557
f 4490//1557 4467//1557 4451//1557
f 1362//92 4484//92 4483//92
f 4483//92 4482//92 1362//92
f 4482//92 4481//92 1362//92
f 1362//92 4481//92 1360//92
f 1364//92 4490//92 1389//92
f 4490//92 4489//92 1389//92
f 1389//92 4489//92 4488//92
f 4488//92 4487//92 1389//92
f 4487//92 4486//92 1389//92
f 1389//92 4486//92 1362//92
f 4486//92 4485//92 1362//92
f 1362//92 4485//92 4484//92
f 4481//92 4480//92 1360//92
f 4480//92 4479//92 1360//92
f 1360//92 4479//92 1386//92
f 4479//92 4478//92 1386//92
f 1386//92 4478//92 1384//92
f 4478//92 4477//92 1384//92
f 1384//92 4477//92 1382//92
f 4477//92 4476//92 1382//92
f 1382//92 4476//92 1380//92
f 4476//92 4475//92 1380//92
f 1380//92 4475//92 1378//92
f 4475//92 4474//92 1378//92
f 1378//92 4474//92 1376//92
f 4474//92 4473//92 1376//92
f 1376//92 4473//92 1374//92
f 4473//92 4472//92 1374//92
f 1374//92 4472//92 1372//92
f 4472//92 4471//92 1372//92
f 1372//92 4471//92 1370//92
f 4471//92 4470//92 1370//92
f 1370//92 4470//92 1368//92
f 4470//92 4469//92 1368//92
f 1368//92 4469//92 1366//92
f 4469//92 4468//92 1366//92
f 1366//92 4468//92 1364//92
f 4468//92 4467//92 1364//92
f 1364//92 4467//92 4490//92
f 4269//92 4257//92 4256//92
f 1297//92 1295//92 4267//92
f 4269//92 4256//92 4267//92
f 4267//92 1295//92 4265//92
f 4279//92 4258//92 1291//92
f 4256//92 4330//92 4328//92
f 1297//92 4267//92 1299//92
f 4267//92 4256//92 1299//92
f 1299//92 4256//92 1301//92
f 4336//92 4334//92 4256//92
f 4334//92 4332//92 4256//92
f 4256//92 4332//92 4330//92
f 1291//92 4258//92 1293//92
f 4258//92 4261//92 1293//92
f 1293//92 4261//92 1295//92
f 4261//92 4263//92 1295//92
f 1295//92 4263//92 4265//92
f 4326//92 1307//92 4328//92
f 1307//92 1305//92 4328//92
f 4328//92 1305//92 4256//92
f 1305//92 1303//92 4256//92
f 4256//92 1303//92 1301//92
f 1291//92 1289//92 4279//92
f 1289//92 1287//92 4279//92
f 4279//92 1287//92 4304//92
f 1287//92 1285//92 4304//92
f 4304//92 1285//92 4302//92
f 1285//92 1283//92 4302//92
f 4302//92 1283//92 4300//92
f 1283//92 1281//92 4300//92
f 4300//92 1281//92 4298//92
f 1281//92 1279//92 4298//92
f 4298//92 1279//92 4296//92
f 1279//92 1277//92 4296//92
f 4296//92 1277//92 4294//92
f 1277//92 1275//92 4294//92
f 4326//92 4324//92 1307//92
f 4324//92 4322//92 1307//92
f 1307//92 4322//92 1309//92
f 4322//92 4321//92 1309//92
f 1309//92 4321//92 1263//92
f 4321//92 4280//92 1263//92
f 1263//92 4280//92 1265//92
f 4280//92 4282//92 1265//92
f 1265//92 4282//92 1267//92
f 4282//92 4284//92 1267//92
f 1267//92 4284//92 1269//92
f 4284//92 4286//92 1269//92
f 1269//92 4286//92 1271//92
f 4286//92 4288//92 1271//92
f 1271//92 4288//92 1273//92
f 4288//92 4290//92 1273//92
f 1273//92 4290//92 1275//92
f 4290//92 4292//92 1275//92
f 1275//92 4292//92 4294//92
f 1255//92 1253//92 4089//92
f 4080//92 4091//92 4078//92
f 4091//92 4089//92 4078//92
f 1253//92 1251//92 4089//92
f 1251//92 1249//92 4089//92
f 4089//92 1249//92 4078//92
f 1249//92 1247//92 4078//92
f 4152//92 4154//92 4078//92
f 1227//92 1225//92 4111//92
f 4148//92 4150//92 1243//92
f 4111//92 1225//92 4109//92
f 1225//92 1223//92 4109//92
f 4109//92 1223//92 4107//92
f 1223//92 1221//92 4107//92
f 4107//92 1221//92 4105//92
f 1221//92 1219//92 4105//92
f 4105//92 1219//92 4103//92
f 1219//92 1217//92 4103//92
f 4103//92 1217//92 4102//92
f 4150//92 4152//92 1243//92
f 4152//92 4078//92 1243//92
f 1243//92 4078//92 1245//92
f 4078//92 1247//92 1245//92
f 4154//92 4156//92 4078//92
f 4156//92 4158//92 4078//92
f 4078//92 4158//92 4160//92
f 4089//92 4087//92 1255//92
f 4087//92 4085//92 1255//92
f 1255//92 4085//92 1257//92
f 4085//92 4083//92 1257//92
f 1257//92 4083//92 1259//92
f 4083//92 4082//92 1259//92
f 1259//92 4082//92 1261//92
f 4082//92 4102//92 1261//92
f 1261//92 4102//92 1215//92
f 4102//92 1217//92 1215//92
f 4111//92 4113//92 1227//92
f 4113//92 4115//92 1227//92
f 1227//92 4115//92 1229//92
f 4115//92 4117//92 1229//92
f 1229//92 4117//92 1231//92
f 4117//92 4119//92 1231//92
f 1231//92 4119//92 1233//92
f 4119//92 4121//92 1233//92
f 1233//92 4121//92 1235//92
f 4121//92 4123//92 1235//92
f 1235//92 4123//92 1237//92
f 4123//92 4125//92 1237//92
f 1237//92 4125//92 1239//92
f 4125//92 4127//92 1239//92
f 1239//92 4127//92 1241//92
f 4127//92 4144//92 1241//92
f 1241//92 4144//92 1243//92
f 4144//92 4146//92 1243//92
f 1243//92 4146//92 4148//92
f 1648//1 4491//1 1538//1
f 4491//1 4492//1 1538//1
f 1538//1 4492//1 1537//1
f 1564//1 1464//1 4493//1
f 1464//1 1473//1 4493//1
f 4493//1 1473//1 1562//1
f 1363//1 1388//1 1362//1
f 1388//1 1389//1 1362//1
f 1581//130 1580//130 1648//130
f 1580//130 4491//130 1648//130
f 1347//92 1349//92 4494//92
f 1534//92 1528//92 4074//92
f 1351//92 1493//92 1494//92
f 4132//92 4131//92 1491//92
f 1351//92 1353//92 1493//92
f 1353//92 4132//92 1493//92
f 1493//92 4132//92 1492//92
f 4132//92 1491//92 1492//92
f 1494//92 1495//92 1351//92
f 1495//92 1496//92 1351//92
f 1351//92 1496//92 1349//92
f 4101//92 1531//92 1532//92
f 1532//92 1533//92 4101//92
f 1533//92 1527//92 4101//92
f 4101//92 1527//92 4099//92
f 1527//92 1502//92 4099//92
f 4099//92 1502//92 4129//92
f 1502//92 1501//92 4129//92
f 4129//92 1501//92 4130//92
f 1501//92 1500//92 4130//92
f 4130//92 1500//92 4131//92
f 1500//92 1490//92 4131//92
f 4131//92 1490//92 1491//92
f 4137//92 4136//92 1357//92
f 4136//92 4135//92 1357//92
f 1357//92 4135//92 1355//92
f 4135//92 4134//92 1355//92
f 1355//92 4134//92 1353//92
f 4134//92 4133//92 1353//92
f 1353//92 4133//92 4132//92
f 4137//92 1357//92 4138//92
f 1357//92 1310//92 4138//92
f 4138//92 1310//92 4139//92
f 1506//92 1310//92 1507//92
f 1310//92 1312//92 1507//92
f 1507//92 1312//92 1508//92
f 1506//92 1505//92 1310//92
f 1505//92 1504//92 1310//92
f 1310//92 1504//92 1503//92
f 4141//92 4140//92 4176//92
f 4140//92 4139//92 4176//92
f 1628//92 1539//92 4495//92
f 1539//92 1540//92 4495//92
f 1508//92 1312//92 1545//92
f 1312//92 1314//92 1545//92
f 1545//92 1314//92 1544//92
f 4176//92 1509//92 1510//92
f 1541//92 1542//92 1314//92
f 1542//92 1543//92 1314//92
f 1314//92 1543//92 1544//92
f 1509//92 4176//92 1497//92
f 4141//92 4176//92 4143//92
f 4176//92 4161//92 4143//92
f 4143//92 4161//92 4162//92
f 4139//92 1310//92 4176//92
f 1310//92 1503//92 4176//92
f 4176//92 1503//92 1497//92
f 1503//92 1499//92 1497//92
f 1497//92 1499//92 1498//92
f 1510//92 1511//92 4176//92
f 1511//92 1512//92 4176//92
f 4176//92 1512//92 1513//92
f 1513//92 1514//92 4176//92
f 1514//92 1515//92 4176//92
f 4176//92 1515//92 4174//92
f 4162//92 4163//92 4143//92
f 4163//92 4164//92 4143//92
f 4143//92 4164//92 4165//92
f 4165//92 4166//92 4143//92
f 4166//92 4167//92 4143//92
f 4143//92 4167//92 4168//92
f 4196//92 4197//92 1523//92
f 4169//92 4172//92 1519//92
f 1519//92 1520//92 4169//92
f 1520//92 1521//92 4169//92
f 4169//92 1521//92 4201//92
f 1521//92 1522//92 4201//92
f 4201//92 1522//92 4200//92
f 1522//92 1523//92 4200//92
f 1515//92 1516//92 4174//92
f 1516//92 1518//92 4174//92
f 4174//92 1518//92 4172//92
f 1518//92 1517//92 4172//92
f 4172//92 1517//92 1519//92
f 4197//92 4198//92 1523//92
f 4198//92 4199//92 1523//92
f 1523//92 4199//92 4200//92
f 1526//92 4233//92 1525//92
f 4233//92 4202//92 1525//92
f 1525//92 4202//92 1524//92
f 4202//92 4194//92 1524//92
f 1524//92 4194//92 1523//92
f 4194//92 4195//92 1523//92
f 1523//92 4195//92 4196//92
f 4495//92 4236//92 4235//92
f 1526//92 1628//92 4233//92
f 1628//92 4495//92 4233//92
f 4233//92 4495//92 4234//92
f 4495//92 4235//92 4234//92
f 1322//92 4496//92 1320//92
f 4496//92 4241//92 1320//92
f 1540//92 1541//92 4495//92
f 1541//92 1314//92 4495//92
f 4495//92 1314//92 4236//92
f 1314//92 1316//92 4236//92
f 4241//92 4240//92 1320//92
f 4240//92 4239//92 1320//92
f 1320//92 4239//92 1318//92
f 4239//92 4238//92 1318//92
f 1318//92 4238//92 1316//92
f 4238//92 4237//92 1316//92
f 1316//92 4237//92 4236//92
f 4244//92 4243//92 4496//92
f 4243//92 4242//92 4496//92
f 4496//92 4242//92 4241//92
f 1630//92 1629//92 4244//92
f 4353//92 1635//92 1636//92
f 4353//92 1636//92 4351//92
f 4244//92 1629//92 4245//92
f 1629//92 1631//92 4245//92
f 4245//92 1631//92 4246//92
f 1631//92 1632//92 4246//92
f 4246//92 1632//92 4367//92
f 1632//92 1633//92 4367//92
f 4367//92 1633//92 4365//92
f 4359//92 4361//92 1633//92
f 4361//92 4363//92 1633//92
f 1633//92 4363//92 4365//92
f 1635//92 4353//92 1634//92
f 4353//92 4355//92 1634//92
f 1634//92 4355//92 1633//92
f 4355//92 4357//92 1633//92
f 1633//92 4357//92 4359//92
f 1636//92 1637//92 4351//92
f 1637//92 1638//92 4351//92
f 4351//92 1638//92 4349//92
f 1630//92 4244//92 1622//92
f 4244//92 4496//92 1622//92
f 1622//92 4496//92 1623//92
f 1617//92 1618//92 1324//92
f 1608//92 1615//92 4309//92
f 1326//92 1328//92 4310//92
f 1617//92 1324//92 1616//92
f 1324//92 1326//92 1616//92
f 1616//92 1326//92 1615//92
f 1326//92 4310//92 1615//92
f 1615//92 4310//92 4309//92
f 1627//92 1626//92 1322//92
f 1626//92 1625//92 1322//92
f 1322//92 1625//92 4496//92
f 1625//92 1624//92 4496//92
f 4496//92 1624//92 1623//92
f 1618//92 1619//92 1324//92
f 1619//92 1620//92 1324//92
f 1324//92 1620//92 1322//92
f 1620//92 1621//92 1322//92
f 1322//92 1621//92 1627//92
f 1638//92 1640//92 4349//92
f 1640//92 1639//92 4349//92
f 4349//92 1639//92 4347//92
f 1639//92 1641//92 4347//92
f 1641//92 1642//92 4347//92
f 1642//92 1643//92 4347//92
f 4347//92 1643//92 4345//92
f 1643//92 1644//92 4345//92
f 4339//92 4340//92 1645//92
f 4340//92 4341//92 1645//92
f 1608//92 4309//92 1609//92
f 4309//92 4308//92 1609//92
f 1609//92 4308//92 1610//92
f 4308//92 4307//92 1610//92
f 1610//92 4307//92 1647//92
f 4307//92 4306//92 1647//92
f 1647//92 4306//92 1646//92
f 4306//92 4319//92 1646//92
f 1646//92 4319//92 1645//92
f 4319//92 4338//92 1645//92
f 1645//92 4338//92 4339//92
f 4341//92 4342//92 1645//92
f 4342//92 4343//92 1645//92
f 1645//92 4343//92 1644//92
f 4343//92 4344//92 1644//92
f 1644//92 4344//92 4345//92
f 4315//92 4314//92 1332//92
f 4314//92 4313//92 1332//92
f 1332//92 4313//92 1330//92
f 4313//92 4312//92 1330//92
f 1330//92 4312//92 1328//92
f 4312//92 4311//92 1328//92
f 1328//92 4311//92 4310//92
f 1332//92 1334//92 1603//92
f 1332//92 1603//92 4315//92
f 1603//92 1601//92 4315//92
f 4315//92 1601//92 4316//92
f 1594//92 1607//92 1334//92
f 1607//92 1605//92 1334//92
f 1334//92 1605//92 1603//92
f 1594//92 1334//92 1592//92
f 1334//92 1336//92 1592//92
f 1592//92 1336//92 1590//92
f 1601//92 1599//92 4316//92
f 1599//92 1597//92 4316//92
f 4316//92 1597//92 4317//92
f 1597//92 1613//92 4317//92
f 4317//92 1613//92 4318//92
f 1613//92 1611//92 4318//92
f 4318//92 1611//92 4277//92
f 1611//92 1560//92 4277//92
f 4277//92 1560//92 4278//92
f 1560//92 1548//92 4278//92
f 4278//92 1548//92 1550//92
f 1550//92 1552//92 4278//92
f 1552//92 1554//92 4278//92
f 4278//92 1554//92 4275//92
f 1554//92 1556//92 4275//92
f 4275//92 1556//92 4274//92
f 4271//92 1556//92 4270//92
f 1556//92 4253//92 4270//92
f 4271//92 4272//92 1556//92
f 4272//92 4273//92 1556//92
f 1556//92 4273//92 4274//92
f 1556//92 1558//92 4253//92
f 1558//92 1547//92 4253//92
f 4253//92 1547//92 4252//92
f 1547//92 1535//92 4252//92
f 4252//92 1535//92 4251//92
f 4094//92 4095//92 1530//92
f 4095//92 4096//92 1530//92
f 1530//92 4096//92 4097//92
f 1531//92 4101//92 1530//92
f 4101//92 4093//92 1530//92
f 1530//92 4093//92 4094//92
f 1528//92 1529//92 4074//92
f 1529//92 1530//92 4074//92
f 4074//92 1530//92 4098//92
f 1530//92 4097//92 4098//92
f 1568//92 1567//92 4494//92
f 1496//92 1571//92 1349//92
f 1571//92 1570//92 1349//92
f 1349//92 1570//92 4494//92
f 1570//92 1569//92 4494//92
f 4494//92 1569//92 1568//92
f 1567//92 1566//92 1855//92
f 1566//92 1565//92 1855//92
f 1573//92 1572//92 1563//92
f 4074//92 4073//92 1534//92
f 4073//92 4072//92 1534//92
f 1534//92 4072//92 1562//92
f 4072//92 1846//92 1562//92
f 1562//92 1846//92 4493//92
f 1846//92 1854//92 4493//92
f 4493//92 1854//92 1564//92
f 1854//92 1855//92 1564//92
f 1564//92 1855//92 1563//92
f 1855//92 1565//92 1563//92
f 1563//92 1565//92 1573//92
f 1339//92 4497//92 1336//92
f 4497//92 1588//92 1336//92
f 1336//92 1588//92 1590//92
f 1339//92 1341//92 4497//92
f 1341//92 1343//92 4497//92
f 4497//92 1343//92 4494//92
f 1343//92 1345//92 4494//92
f 4494//92 1345//92 1347//92
f 1852//92 1584//92 4497//92
f 1584//92 1586//92 4497//92
f 4497//92 1586//92 1588//92
f 4251//92 1535//92 1850//92
f 1535//92 1537//92 1850//92
f 1850//92 1537//92 1851//92
f 1537//92 4492//92 1851//92
f 1851//92 4492//92 1852//92
f 4492//92 4491//92 1852//92
f 1852//92 4491//92 1580//92
f 1578//92 1576//92 1580//92
f 1576//92 1575//92 1580//92
f 1580//92 1575//92 1852//92
f 1575//92 1582//92 1852//92
f 1852//92 1582//92 1584//92
f 1567//92 1855//92 4494//92
f 1855//92 1361//92 4494//92
f 4494//92 1361//92 1387//92
f 1387//92 1385//92 4494//92
f 1385//92 1383//92 4494//92
f 4494//92 1383//92 1381//92
f 1369//92 4497//92 1371//92
f 4497//92 1373//92 1371//92
f 1369//92 1367//92 4497//92
f 1367//92 1365//92 4497//92
f 4497//92 1365//92 1852//92
f 1365//92 1388//92 1852//92
f 1852//92 1388//92 1855//92
f 1388//92 1363//92 1855//92
f 1855//92 1363//92 1361//92
f 1381//92 1379//92 4494//92
f 1379//92 1377//92 4494//92
f 4494//92 1377//92 4497//92
f 1377//92 1375//92 4497//92
f 4497//92 1375//92 1373//92
f 1856//1777 4249//1777 1850//1777
f 4249//1777 4251//1777 1850//1777
f 4247//130 4249//130 926//130
f 4249//130 1856//130 926//130
f 926//130 1856//130 927//130
f 1856//130 1857//130 927//130
f 927//130 1857//130 4498//130
f 1857//130 1858//130 4498//130
f 4498//130 1858//130 4037//130
f 1858//130 3616//130 4037//130
f 4037//130 3616//130 3620//130
f 3616//130 3618//130 3620//130
f 928//1778 929//1778 4037//1778
f 929//1779 4498//1779 4037//1779
f 4499//1780 924//1780 927//1780
f 4498//1780 929//1780 4500//1780
f 4500//1780 4501//1780 4498//1780
f 4501//1780 4502//1780 4498//1780
f 4498//1780 4502//1780 927//1780
f 4502//1780 4503//1780 927//1780
f 927//1780 4503//1780 4499//1780
f 2503//1 2504//1 2486//1
f 2460//1 2479//1 2455//1
f 2506//1 2509//1 2504//1
f 2509//1 3281//1 2504//1
f 2504//1 3281//1 2455//1
f 2455//1 2479//1 2504//1
f 2479//1 2481//1 2504//1
f 2504//1 2481//1 2486//1
f 3281//1 3279//1 2455//1
f 3279//1 2436//1 2455//1
f 2455//1 2436//1 2452//1
f 2436//1 2451//1 2452//1
f 2506//1 2522//1 2509//1
f 2522//1 2520//1 2509//1
f 2509//1 2520//1 2510//1
f 2455//1 2457//1 2460//1
f 2457//1 2473//1 2460//1
f 2460//1 2473//1 2471//1
f 2497//1 2499//1 2486//1
f 2499//1 2501//1 2486//1
f 2486//1 2501//1 2503//1
f 2520//1 2518//1 2516//1
f 2460//1 2465//1 2461//1
f 2465//1 2463//1 2461//1
f 2489//1 2491//1 2493//1
f 2516//1 2514//1 2520//1
f 2514//1 2512//1 2520//1
f 2520//1 2512//1 2510//1
f 2451//1 2436//1 2449//1
f 2436//1 2439//1 2449//1
f 2449//1 2439//1 2441//1
f 2471//1 2469//1 2460//1
f 2469//1 2467//1 2460//1
f 2460//1 2467//1 2465//1
f 2441//1 2443//1 2449//1
f 2443//1 2445//1 2449//1
f 2449//1 2445//1 2447//1
f 2489//1 2493//1 2486//1
f 2493//1 2495//1 2486//1
f 2486//1 2495//1 2497//1
f 463//1 465//1 745//1
f 745//1 465//1 794//1
f 792//1 768//1 794//1
f 768//1 770//1 794//1
f 794//1 770//1 745//1
f 465//1 467//1 794//1
f 467//1 469//1 794//1
f 794//1 469//1 796//1
f 469//1 811//1 796//1
f 770//1 766//1 745//1
f 766//1 749//1 745//1
f 745//1 749//1 747//1
f 749//1 764//1 747//1
f 745//1 743//1 463//1
f 743//1 740//1 463//1
f 463//1 740//1 738//1
f 792//1 790//1 768//1
f 790//1 788//1 768//1
f 768//1 788//1 778//1
f 728//1 463//1 730//1
f 463//1 732//1 730//1
f 788//1 786//1 784//1
f 738//1 736//1 463//1
f 736//1 734//1 463//1
f 463//1 734//1 732//1
f 799//1 801//1 469//1
f 801//1 803//1 469//1
f 469//1 803//1 805//1
f 805//1 807//1 469//1
f 807//1 809//1 469//1
f 469//1 809//1 811//1
f 784//1 782//1 788//1
f 782//1 780//1 788//1
f 788//1 780//1 778//1
f 764//1 749//1 762//1
f 749//1 752//1 762//1
f 762//1 752//1 754//1
f 754//1 756//1 762//1
f 756//1 758//1 762//1
f 762//1 758//1 760//1
f 3017//1 3021//1 3023//1
f 3230//1 3228//1 3232//1
f 2551//1 2552//1 2534//1
f 2597//1 2595//1 4504//1
f 361//1 363//1 375//1
f 663//1 664//1 455//1
f 709//1 707//1 4505//1
f 2798//1 2802//1 888//1
f 924//1 4499//1 933//1
f 4499//1 4506//1 933//1
f 933//1 4506//1 934//1
f 3277//1 939//1 4506//1
f 939//1 936//1 4506//1
f 4506//1 936//1 934//1
f 933//1 939//1 924//1
f 939//1 3277//1 924//1
f 924//1 3277//1 916//1
f 3277//1 3274//1 916//1
f 916//1 3274//1 915//1
f 3274//1 3104//1 915//1
f 915//1 3104//1 913//1
f 3104//1 923//1 913//1
f 3104//1 3108//1 923//1
f 3108//1 3270//1 923//1
f 923//1 3270//1 4466//1
f 3270//1 3272//1 4466//1
f 4466//1 3272//1 908//1
f 3116//1 907//1 3112//1
f 907//1 908//1 3112//1
f 3112//1 908//1 3268//1
f 908//1 3272//1 3268//1
f 3128//1 3132//1 910//1
f 910//1 3132//1 4439//1
f 3132//1 3226//1 4439//1
f 4439//1 3226//1 4465//1
f 3226//1 3224//1 4465//1
f 4465//1 3224//1 848//1
f 3140//1 846//1 3136//1
f 846//1 848//1 3136//1
f 3136//1 848//1 3219//1
f 848//1 3224//1 3219//1
f 3152//1 3156//1 845//1
f 3156//1 3176//1 845//1
f 845//1 3176//1 4444//1
f 3176//1 3178//1 4444//1
f 4444//1 3178//1 861//1
f 3178//1 3174//1 861//1
f 3174//1 3160//1 861//1
f 861//1 3160//1 852//1
f 3160//1 3164//1 852//1
f 883//1 4504//1 880//1
f 4504//1 869//1 880//1
f 880//1 869//1 879//1
f 869//1 863//1 879//1
f 863//1 854//1 879//1
f 879//1 854//1 882//1
f 3171//1 854//1 3164//1
f 854//1 853//1 3164//1
f 3164//1 853//1 852//1
f 883//1 882//1 4504//1
f 882//1 854//1 4504//1
f 4504//1 854//1 3169//1
f 854//1 3171//1 3169//1
f 867//1 866//1 967//1
f 450//1 973//1 4507//1
f 973//1 970//1 4507//1
f 4507//1 970//1 968//1
f 967//1 973//1 867//1
f 973//1 450//1 867//1
f 867//1 450//1 859//1
f 450//1 472//1 859//1
f 859//1 472//1 857//1
f 472//1 479//1 857//1
f 857//1 479//1 876//1
f 479//1 475//1 876//1
f 475//1 477//1 876//1
f 876//1 477//1 4025//1
f 477//1 481//1 4025//1
f 4025//1 481//1 963//1
f 513//1 509//1 531//1
f 509//1 511//1 531//1
f 531//1 511//1 530//1
f 513//1 962//1 494//1
f 962//1 486//1 494//1
f 513//1 531//1 962//1
f 531//1 537//1 962//1
f 962//1 537//1 965//1
f 481//1 483//1 963//1
f 483//1 489//1 963//1
f 963//1 489//1 962//1
f 489//1 484//1 962//1
f 962//1 484//1 486//1
f 505//1 503//1 501//1
f 486//1 491//1 494//1
f 491//1 507//1 494//1
f 494//1 507//1 495//1
f 507//1 497//1 495//1
f 530//1 511//1 528//1
f 511//1 516//1 528//1
f 528//1 516//1 518//1
f 505//1 501//1 507//1
f 501//1 499//1 507//1
f 507//1 499//1 497//1
f 518//1 520//1 528//1
f 520//1 522//1 528//1
f 528//1 522//1 526//1
f 522//1 524//1 526//1
f 589//1 590//1 570//1
f 553//1 572//1 546//1
f 572//1 568//1 546//1
f 546//1 568//1 2680//1
f 570//1 590//1 568//1
f 568//1 590//1 2680//1
f 590//1 596//1 2680//1
f 2680//1 596//1 2683//1
f 537//1 533//1 965//1
f 533//1 535//1 965//1
f 965//1 535//1 4027//1
f 535//1 539//1 4027//1
f 4027//1 539//1 4021//1
f 539//1 541//1 4021//1
f 4021//1 541//1 2681//1
f 541//1 548//1 2681//1
f 2681//1 548//1 2680//1
f 548//1 544//1 2680//1
f 2680//1 544//1 546//1
f 570//1 581//1 583//1
f 581//1 570//1 579//1
f 570//1 575//1 579//1
f 579//1 575//1 577//1
f 583//1 585//1 570//1
f 585//1 587//1 570//1
f 570//1 587//1 589//1
f 564//1 562//1 560//1
f 546//1 550//1 553//1
f 550//1 566//1 553//1
f 553//1 566//1 554//1
f 566//1 556//1 554//1
f 564//1 560//1 566//1
f 560//1 558//1 566//1
f 566//1 558//1 556//1
f 2674//1 4505//1 2676//1
f 4505//1 4500//1 2676//1
f 2676//1 4500//1 2673//1
f 4500//1 929//1 2673//1
f 929//1 921//1 2673//1
f 2673//1 921//1 2672//1
f 596//1 592//1 2683//1
f 592//1 594//1 2683//1
f 2683//1 594//1 4038//1
f 594//1 598//1 4038//1
f 4038//1 598//1 931//1
f 2674//1 2672//1 4505//1
f 2672//1 921//1 4505//1
f 4505//1 921//1 462//1
f 598//1 600//1 931//1
f 600//1 606//1 931//1
f 931//1 606//1 920//1
f 606//1 602//1 920//1
f 920//1 602//1 921//1
f 602//1 604//1 921//1
f 921//1 604//1 462//1
f 705//1 2652//1 4501//1
f 2652//1 2653//1 4501//1
f 4501//1 2653//1 4502//1
f 2633//1 4502//1 2928//1
f 4502//1 2653//1 2928//1
f 2928//1 2653//1 2930//1
f 2653//1 2668//1 2930//1
f 2930//1 2668//1 2629//1
f 695//1 2664//1 697//1
f 2664//1 2662//1 697//1
f 697//1 2662//1 699//1
f 2662//1 2660//1 699//1
f 699//1 2660//1 701//1
f 2660//1 2658//1 701//1
f 701//1 2658//1 703//1
f 2658//1 2656//1 703//1
f 703//1 2656//1 705//1
f 2656//1 2654//1 705//1
f 705//1 2654//1 2652//1
f 829//1 831//1 671//1
f 693//1 2668//1 695//1
f 2668//1 2666//1 695//1
f 695//1 2666//1 2664//1
f 2943//1 2932//1 2625//1
f 2972//1 2952//1 2977//1
f 2952//1 2950//1 2977//1
f 2977//1 2950//1 2973//1
f 2950//1 832//1 2973//1
f 2943//1 2625//1 2945//1
f 823//1 825//1 671//1
f 825//1 827//1 671//1
f 671//1 827//1 829//1
f 831//1 832//1 671//1
f 832//1 2950//1 671//1
f 671//1 2950//1 673//1
f 2950//1 675//1 673//1
f 693//1 691//1 2668//1
f 691//1 2945//1 2668//1
f 2668//1 2945//1 2629//1
f 2945//1 2625//1 2629//1
f 691//1 689//1 2945//1
f 689//1 687//1 2945//1
f 2945//1 687//1 2946//1
f 687//1 685//1 2946//1
f 2946//1 685//1 2947//1
f 685//1 683//1 2947//1
f 2947//1 683//1 2948//1
f 683//1 681//1 2948//1
f 2948//1 681//1 2949//1
f 681//1 679//1 2949//1
f 2949//1 679//1 2950//1
f 679//1 677//1 2950//1
f 2950//1 677//1 675//1
f 872//1 871//1 2691//1
f 2817//1 2693//1 2815//1
f 2693//1 2691//1 2815//1
f 2815//1 2691//1 2812//1
f 2691//1 871//1 2812//1
f 2812//1 871//1 2810//1
f 2685//1 390//1 2686//1
f 390//1 2688//1 2686//1
f 2696//1 400//1 2698//1
f 400//1 398//1 2698//1
f 2698//1 398//1 2700//1
f 398//1 396//1 2700//1
f 2700//1 396//1 2702//1
f 396//1 394//1 2702//1
f 2702//1 394//1 2685//1
f 394//1 392//1 2685//1
f 2685//1 392//1 390//1
f 2823//1 2834//1 2850//1
f 2823//1 2850//1 2819//1
f 2850//1 311//1 2819//1
f 2819//1 311//1 2817//1
f 336//1 338//1 302//1
f 338//1 375//1 302//1
f 302//1 375//1 422//1
f 338//1 343//1 375//1
f 343//1 359//1 375//1
f 375//1 359//1 357//1
f 336//1 302//1 340//1
f 302//1 315//1 340//1
f 340//1 315//1 331//1
f 2817//1 311//1 2693//1
f 311//1 406//1 2693//1
f 2693//1 406//1 404//1
f 2696//1 2694//1 400//1
f 2694//1 2693//1 400//1
f 400//1 2693//1 402//1
f 2693//1 404//1 402//1
f 422//1 420//1 302//1
f 420//1 418//1 302//1
f 302//1 418//1 303//1
f 418//1 416//1 303//1
f 303//1 416//1 305//1
f 416//1 414//1 305//1
f 305//1 414//1 307//1
f 414//1 412//1 307//1
f 307//1 412//1 309//1
f 412//1 410//1 309//1
f 309//1 410//1 311//1
f 410//1 408//1 311//1
f 311//1 408//1 406//1
f 4502//1 955//1 4503//1
f 955//1 957//1 4503//1
f 4503//1 957//1 3038//1
f 957//1 958//1 3038//1
f 3038//1 958//1 952//1
f 944//1 3048//1 946//1
f 3048//1 3046//1 946//1
f 946//1 3046//1 948//1
f 3046//1 3044//1 948//1
f 948//1 3044//1 950//1
f 3044//1 3042//1 950//1
f 950//1 3042//1 952//1
f 3042//1 3040//1 952//1
f 952//1 3040//1 3038//1
f 944//1 942//1 3048//1
f 942//1 941//1 3048//1
f 3048//1 941//1 3050//1
f 2633//1 2637//1 4502//1
f 2637//1 2639//1 4502//1
f 4502//1 2639//1 955//1
f 2639//1 2926//1 955//1
f 955//1 2926//1 941//1
f 2926//1 2924//1 941//1
f 941//1 2924//1 2899//1
f 2924//1 2642//1 2899//1
f 2899//1 2642//1 2902//1
f 2642//1 2646//1 2902//1
f 2902//1 2646//1 2921//1
f 2989//1 2993//1 2894//1
f 2993//1 3023//1 2894//1
f 2894//1 3023//1 3063//1
f 2993//1 2995//1 3023//1
f 2995//1 3011//1 3023//1
f 3023//1 3011//1 3009//1
f 2989//1 2894//1 2985//1
f 2894//1 2888//1 2985//1
f 2985//1 2888//1 2887//1
f 3063//1 3065//1 2894//1
f 3065//1 3067//1 2894//1
f 2894//1 3067//1 2895//1
f 3067//1 3069//1 2895//1
f 2895//1 3069//1 2896//1
f 3069//1 3062//1 2896//1
f 2896//1 3062//1 2897//1
f 3062//1 3060//1 2897//1
f 2897//1 3060//1 2898//1
f 3060//1 3058//1 2898//1
f 2898//1 3058//1 2899//1
f 3058//1 3056//1 2899//1
f 3056//1 3054//1 2899//1
f 2899//1 3054//1 941//1
f 3054//1 3052//1 941//1
f 941//1 3052//1 3050//1
f 2593//1 902//1 870//1
f 902//1 887//1 870//1
f 870//1 887//1 871//1
f 888//1 2802//1 887//1
f 2802//1 2804//1 887//1
f 887//1 2804//1 871//1
f 2804//1 2806//1 871//1
f 871//1 2806//1 2810//1
f 2583//1 897//1 2585//1
f 897//1 895//1 2585//1
f 2585//1 895//1 2587//1
f 895//1 893//1 2587//1
f 2587//1 893//1 2589//1
f 893//1 891//1 2589//1
f 2589//1 891//1 2591//1
f 891//1 890//1 2591//1
f 2591//1 890//1 2593//1
f 890//1 903//1 2593//1
f 2593//1 903//1 902//1
f 2773//1 2787//1 2794//1
f 2719//1 2721//1 2559//1
f 2581//1 888//1 2583//1
f 888//1 899//1 2583//1
f 2583//1 899//1 897//1
f 2773//1 2794//1 2760//1
f 2719//1 2559//1 2717//1
f 2739//1 2755//1 2728//1
f 2755//1 2758//1 2728//1
f 2728//1 2758//1 2724//1
f 2758//1 2722//1 2724//1
f 2581//1 2579//1 888//1
f 2579//1 2760//1 888//1
f 888//1 2760//1 2798//1
f 2760//1 2794//1 2798//1
f 2579//1 2577//1 2760//1
f 2577//1 2575//1 2760//1
f 2760//1 2575//1 2761//1
f 2575//1 2573//1 2761//1
f 2761//1 2573//1 2763//1
f 2573//1 2571//1 2763//1
f 2763//1 2571//1 2765//1
f 2571//1 2569//1 2765//1
f 2765//1 2569//1 2767//1
f 2569//1 2567//1 2767//1
f 2767//1 2567//1 2758//1
f 2567//1 2565//1 2758//1
f 2758//1 2565//1 2563//1
f 2721//1 2722//1 2559//1
f 2722//1 2758//1 2559//1
f 2559//1 2758//1 2561//1
f 2758//1 2563//1 2561//1
f 671//1 371//1 373//1
f 671//1 373//1 823//1
f 373//1 367//1 823//1
f 823//1 367//1 369//1
f 369//1 817//1 823//1
f 817//1 819//1 823//1
f 823//1 819//1 821//1
f 3422//1 3420//1 4505//1
f 3420//1 3418//1 4505//1
f 3398//1 3396//1 4501//1
f 3406//1 4500//1 3408//1
f 4500//1 3410//1 3408//1
f 3418//1 3416//1 4505//1
f 3416//1 3414//1 4505//1
f 4505//1 3414//1 4500//1
f 3414//1 3412//1 4500//1
f 4500//1 3412//1 3410//1
f 3406//1 3404//1 4500//1
f 3404//1 3402//1 4500//1
f 4500//1 3402//1 4501//1
f 3402//1 3400//1 4501//1
f 4501//1 3400//1 3398//1
f 3430//1 3428//1 707//1
f 3428//1 3426//1 707//1
f 707//1 3426//1 4505//1
f 3426//1 3424//1 4505//1
f 4505//1 3424//1 3422//1
f 3396//1 3394//1 4501//1
f 3394//1 3392//1 4501//1
f 4501//1 3392//1 705//1
f 3392//1 3390//1 705//1
f 3390//1 3436//1 705//1
f 3436//1 3434//1 705//1
f 705//1 3434//1 707//1
f 3434//1 3432//1 707//1
f 707//1 3432//1 3430//1
f 664//1 666//1 668//1
f 668//1 715//1 664//1
f 715//1 713//1 664//1
f 664//1 713//1 4505//1
f 713//1 711//1 4505//1
f 4505//1 711//1 709//1
f 462//1 460//1 4505//1
f 460//1 458//1 4505//1
f 4505//1 458//1 664//1
f 458//1 453//1 664//1
f 664//1 453//1 455//1
f 455//1 649//1 651//1
f 651//1 653//1 455//1
f 653//1 655//1 455//1
f 455//1 655//1 657//1
f 657//1 659//1 455//1
f 659//1 661//1 455//1
f 455//1 661//1 663//1
f 451//1 446//1 4507//1
f 446//1 448//1 4507//1
f 4507//1 448//1 450//1
f 442//1 440//1 438//1
f 426//1 428//1 431//1
f 428//1 444//1 431//1
f 431//1 444//1 432//1
f 444//1 434//1 432//1
f 442//1 438//1 444//1
f 438//1 436//1 444//1
f 444//1 436//1 434//1
f 4507//1 388//1 386//1
f 386//1 384//1 4507//1
f 384//1 426//1 4507//1
f 4507//1 426//1 451//1
f 426//1 431//1 451//1
f 378//1 423//1 380//1
f 423//1 426//1 380//1
f 380//1 426//1 382//1
f 426//1 384//1 382//1
f 4507//1 3462//1 3460//1
f 3470//1 3468//1 866//1
f 3468//1 3466//1 866//1
f 866//1 3466//1 3464//1
f 968//1 967//1 4507//1
f 967//1 866//1 4507//1
f 4507//1 866//1 3462//1
f 866//1 3464//1 3462//1
f 3440//1 3438//1 390//1
f 3438//1 872//1 390//1
f 390//1 872//1 2688//1
f 872//1 2691//1 2688//1
f 3438//1 3484//1 872//1
f 3484//1 3482//1 872//1
f 872//1 3482//1 3480//1
f 872//1 3474//1 866//1
f 3474//1 3472//1 866//1
f 866//1 3472//1 3470//1
f 3460//1 3458//1 4507//1
f 3458//1 3456//1 4507//1
f 4507//1 3456//1 3454//1
f 3454//1 3452//1 4507//1
f 3452//1 3450//1 4507//1
f 4507//1 3450//1 388//1
f 3450//1 3448//1 388//1
f 3448//1 3446//1 388//1
f 3446//1 3444//1 388//1
f 388//1 3444//1 390//1
f 3444//1 3442//1 390//1
f 390//1 3442//1 3440//1
f 3480//1 3478//1 872//1
f 3478//1 3476//1 872//1
f 872//1 3476//1 3474//1
f 349//1 347//1 346//1
f 357//1 355//1 375//1
f 355//1 353//1 375//1
f 375//1 353//1 361//1
f 353//1 365//1 361//1
f 365//1 353//1 346//1
f 353//1 351//1 346//1
f 346//1 351//1 349//1
f 2559//1 2604//1 2606//1
f 2606//1 2713//1 2559//1
f 2713//1 2715//1 2559//1
f 2559//1 2715//1 2717//1
f 2704//1 2707//1 2709//1
f 2606//1 2610//1 2713//1
f 2610//1 2704//1 2713//1
f 2713//1 2704//1 2711//1
f 2704//1 2709//1 2711//1
f 3542//1 3540//1 4504//1
f 3540//1 3538//1 4504//1
f 870//1 3566//1 3564//1
f 3580//1 869//1 3534//1
f 869//1 4504//1 3534//1
f 3534//1 4504//1 3536//1
f 4504//1 3538//1 3536//1
f 3558//1 2593//1 3560//1
f 2593//1 870//1 3560//1
f 3560//1 870//1 3562//1
f 870//1 3564//1 3562//1
f 3580//1 3578//1 869//1
f 3578//1 3576//1 869//1
f 869//1 3576//1 3574//1
f 3574//1 3572//1 869//1
f 3572//1 3570//1 869//1
f 869//1 3570//1 870//1
f 3570//1 3568//1 870//1
f 870//1 3568//1 3566//1
f 3558//1 3556//1 2593//1
f 3556//1 3554//1 2593//1
f 2593//1 3554//1 2595//1
f 3554//1 3552//1 2595//1
f 2595//1 3552//1 3550//1
f 3550//1 3548//1 2595//1
f 3548//1 3546//1 2595//1
f 2595//1 3546//1 4504//1
f 3546//1 3544//1 4504//1
f 4504//1 3544//1 3542//1
f 2552//1 2554//1 2556//1
f 2556//1 2603//1 2552//1
f 2603//1 2601//1 2552//1
f 2552//1 2601//1 4504//1
f 2601//1 2599//1 4504//1
f 4504//1 2599//1 2597//1
f 3169//1 3283//1 4504//1
f 3283//1 2527//1 4504//1
f 4504//1 2527//1 2552//1
f 2527//1 2529//1 2552//1
f 2552//1 2529//1 2534//1
f 2545//1 2547//1 2534//1
f 2547//1 2549//1 2534//1
f 2534//1 2549//1 2551//1
f 2534//1 2537//1 2545//1
f 2537//1 2539//1 2545//1
f 2545//1 2539//1 2543//1
f 2539//1 2541//1 2543//1
f 845//1 846//1 3152//1
f 846//1 3140//1 3152//1
f 3152//1 3140//1 3179//1
f 3140//1 3217//1 3179//1
f 3181//1 3179//1 3183//1
f 3179//1 3148//1 3183//1
f 3148//1 3179//1 3144//1
f 3179//1 3217//1 3144//1
f 3144//1 3217//1 3199//1
f 3217//1 3215//1 3199//1
f 3199//1 3215//1 3213//1
f 3205//1 3203//1 3207//1
f 3203//1 3209//1 3207//1
f 3213//1 3211//1 3199//1
f 3211//1 3209//1 3199//1
f 3199//1 3209//1 3201//1
f 3209//1 3203//1 3201//1
f 3194//1 3196//1 3183//1
f 3196//1 3198//1 3183//1
f 3183//1 3198//1 3181//1
f 3183//1 3186//1 3194//1
f 3186//1 3188//1 3194//1
f 3194//1 3188//1 3192//1
f 3188//1 3190//1 3192//1
f 910//1 907//1 3128//1
f 907//1 3116//1 3128//1
f 3128//1 3116//1 3228//1
f 3116//1 3266//1 3228//1
f 3248//1 3120//1 3266//1
f 3266//1 3120//1 3228//1
f 3120//1 3124//1 3228//1
f 3228//1 3124//1 3232//1
f 3256//1 3254//1 3252//1
f 3266//1 3264//1 3248//1
f 3264//1 3262//1 3248//1
f 3248//1 3262//1 3260//1
f 3260//1 3258//1 3248//1
f 3258//1 3256//1 3248//1
f 3248//1 3256//1 3250//1
f 3256//1 3252//1 3250//1
f 3243//1 3245//1 3232//1
f 3245//1 3247//1 3232//1
f 3232//1 3247//1 3230//1
f 3232//1 3235//1 3243//1
f 3235//1 3237//1 3243//1
f 3243//1 3237//1 3241//1
f 3237//1 3239//1 3241//1
f 3097//1 3099//1 4506//1
f 3099//1 3284//1 4506//1
f 4506//1 3284//1 3277//1
f 3086//1 3084//1 3082//1
f 3074//1 3076//1 3079//1
f 3076//1 3092//1 3079//1
f 3079//1 3092//1 3090//1
f 3090//1 3088//1 3079//1
f 3088//1 3086//1 3079//1
f 3079//1 3086//1 3080//1
f 3086//1 3082//1 3080//1
f 4506//1 3036//1 3034//1
f 3034//1 3032//1 4506//1
f 3032//1 3074//1 4506//1
f 4506//1 3074//1 3097//1
f 3074//1 3079//1 3097//1
f 3026//1 3072//1 3028//1
f 3072//1 3074//1 3028//1
f 3028//1 3074//1 3030//1
f 3074//1 3032//1 3030//1
f 3514//1 3038//1 3516//1
f 3038//1 3036//1 3516//1
f 3516//1 3036//1 3518//1
f 4503//1 3506//1 3504//1
f 3496//1 3494//1 4499//1
f 3494//1 3492//1 4499//1
f 4499//1 3492//1 3490//1
f 3514//1 3512//1 3038//1
f 3512//1 3510//1 3038//1
f 3038//1 3510//1 4503//1
f 3510//1 3508//1 4503//1
f 4503//1 3508//1 3506//1
f 3504//1 3502//1 4503//1
f 3502//1 3500//1 4503//1
f 4503//1 3500//1 4499//1
f 3500//1 3498//1 4499//1
f 4499//1 3498//1 3496//1
f 3526//1 4506//1 3528//1
f 4506//1 3530//1 3528//1
f 3526//1 3524//1 4506//1
f 3524//1 3522//1 4506//1
f 4506//1 3522//1 3036//1
f 3522//1 3520//1 3036//1
f 3036//1 3520//1 3518//1
f 3490//1 3488//1 4499//1
f 3488//1 3486//1 4499//1
f 4499//1 3486//1 4506//1
f 3486//1 3532//1 4506//1
f 4506//1 3532//1 3530//1
f 3005//1 3003//1 3001//1
f 3009//1 3007//1 3023//1
f 3007//1 3005//1 3023//1
f 3023//1 3005//1 3017//1
f 3005//1 3013//1 3017//1
f 3001//1 2999//1 3005//1
f 2999//1 2998//1 3005//1
f 3005//1 2998//1 3013//1
f 1847//323 3606//323 1853//323
f 3606//323 3609//323 1853//323
f 1859//323 1849//323 3613//323
f 1849//323 1848//323 3613//323
f 2173//323 4508//323 2175//323
f 4508//323 4509//323 2175//323
f 2175//323 4509//323 2177//323
f 4509//323 4510//323 2177//323
f 2177//323 4510//323 2179//323
f 4510//323 4511//323 2179//323
f 2179//323 4511//323 2181//323
f 4511//323 4512//323 2181//323
f 2181//323 4512//323 2183//323
f 4512//323 4513//323 2183//323
f 2183//323 4513//323 2185//323
f 4513//323 4514//323 2185//323
f 2185//323 4514//323 2187//323
f 4514//323 4515//323 2187//323
f 2187//323 4515//323 2189//323
f 4515//323 4516//323 2189//323
f 2189//323 4516//323 2191//323
f 4516//323 4517//323 2191//323
f 2191//323 4517//323 2193//323
f 4517//323 4518//323 2193//323
f 2193//323 4518//323 2195//323
f 4518//323 4519//323 2195//323
f 2195//323 4519//323 2149//323
f 4519//323 4520//323 2149//323
f 2149//323 4520//323 2151//323
f 4520//323 4521//323 2151//323
f 2151//323 4521//323 2153//323
f 4521//323 4522//323 2153//323
f 2153//323 4522//323 2155//323
f 4522//323 4523//323 2155//323
f 2155//323 4523//323 2157//323
f 4523//323 4524//323 2157//323
f 2157//323 4524//323 2159//323
f 4524//323 4525//323 2159//323
f 2159//323 4525//323 2161//323
f 4525//323 4526//323 2161//323
f 2161//323 4526//323 2163//323
f 4526//323 4527//323 2163//323
f 2163//323 4527//323 2165//323
f 4527//323 4528//323 2165//323
f 2165//323 4528//323 2167//323
f 4528//323 4529//323 2167//323
f 2167//323 4529//323 2169//323
f 4529//323 4530//323 2169//323
f 2169//323 4530//323 2171//323
f 4530//323 4531//323 2171//323
f 2171//323 4531//323 2173//323
f 4531//323 4508//323 2173//323
f 2035//323 4532//323 2037//323
f 4532//323 4533//323 2037//323
f 2037//323 4533//323 2039//323
f 4533//323 4534//323 2039//323
f 2039//323 4534//323 2041//323
f 4534//323 4535//323 2041//323
f 2041//323 4535//323 2043//323
f 4535//323 4536//323 2043//323
f 2043//323 4536//323 2045//323
f 4536//323 4537//323 2045//323
f 2045//323 4537//323 2047//323
f 4537//323 4538//323 2047//323
f 2047//323 4538//323 2049//323
f 4538//323 4539//323 2049//323
f 2049//323 4539//323 2051//323
f 4539//323 4540//323 2051//323
f 2051//323 4540//323 2005//323
f 4540//323 4541//323 2005//323
f 2005//323 4541//323 2007//323
f 4541//323 4542//323 2007//323
f 2007//323 4542//323 2009//323
f 4542//323 4543//323 2009//323
f 2009//323 4543//323 2011//323
f 4543//323 4544//323 2011//323
f 2011//323 4544//323 2013//323
f 4544//323 4545//323 2013//323
f 2013//323 4545//323 2015//323
f 4545//323 4546//323 2015//323
f 2015//323 4546//323 2017//323
f 4546//323 4547//323 2017//323
f 2017//323 4547//323 2019//323
f 4547//323 4548//323 2019//323
f 2019//323 4548//323 2021//323
f 4548//323 4549//323 2021//323
f 2021//323 4549//323 2023//323
f 4549//323 4550//323 2023//323
f 2023//323 4550//323 2025//323
f 4550//323 4551//323 2025//323
f 2025//323 4551//323 2027//323
f 4551//323 4552//323 2027//323
f 2027//323 4552//323 2029//323
f 4552//323 4553//323 2029//323
f 2029//323 4553//323 2031//323
f 4553//323 4554//323 2031//323
f 2031//323 4554//323 2033//323
f 4554//323 4555//323 2033//323
f 2033//323 4555//323 2035//323
f 4555//323 4532//323 2035//323
f 2387//323 4556//323 2389//323
f 4556//323 4557//323 2389//323
f 2389//323 4557//323 2391//323
f 4557//323 4558//323 2391//323
f 2391//323 4558//323 2393//323
f 4558//323 4559//323 2393//323
f 2393//323 4559//323 2395//323
f 4559//323 4560//323 2395//323
f 2395//323 4560//323 2397//323
f 4560//323 4561//323 2397//323
f 2397//323 4561//323 2399//323
f 4561//323 4562//323 2399//323
f 2399//323 4562//323 2401//323
f 4562//323 4563//323 2401//323
f 2401//323 4563//323 2403//323
f 4563//323 4564//323 2403//323
f 2403//323 4564//323 2405//323
f 4564//323 4565//323 2405//323
f 2405//323 4565//323 2407//323
f 4565//323 4566//323 2407//323
f 2407//323 4566//323 2409//323
f 4566//323 4567//323 2409//323
f 2409//323 4567//323 2411//323
f 4567//323 4568//323 2411//323
f 2411//323 4568//323 2365//323
f 4568//323 4569//323 2365//323
f 2365//323 4569//323 2367//323
f 4569//323 4570//323 2367//323
f 2367//323 4570//323 2369//323
f 4570//323 4571//323 2369//323
f 2369//323 4571//323 2371//323
f 4571//323 4572//323 2371//323
f 2371//323 4572//323 2373//323
f 4572//323 4573//323 2373//323
f 2373//323 4573//323 2375//323
f 4573//323 4574//323 2375//323
f 2375//323 4574//323 2377//323
f 4574//323 4575//323 2377//323
f 2377//323 4575//323 2379//323
f 4575//323 4576//323 2379//323
f 2379//323 4576//323 2381//323
f 4576//323 4577//323 2381//323
f 2381//323 4577//323 2383//323
f 4577//323 4578//323 2383//323
f 2383//323 4578//323 2385//323
f 4578//323 4579//323 2385//323
f 2385//323 4579//323 2387//323
f 4579//323 4556//323 2387//323
f 2143//323 4580//323 2145//323
f 4580//323 4581//323 2145//323
f 2145//323 4581//323 2147//323
f 4581//323 4582//323 2147//323
f 2147//323 4582//323 2101//323
f 4582//323 4583//323 2101//323
f 2101//323 4583//323 2103//323
f 4583//323 4584//323 2103//323
f 2103//323 4584//323 2105//323
f 4584//323 4585//323 2105//323
f 2105//323 4585//323 2107//323
f 4585//323 4586//323 2107//323
f 2107//323 4586//323 2109//323
f 4586//323 4587//323 2109//323
f 2109//323 4587//323 2111//323
f 4587//323 4588//323 2111//323
f 2111//323 4588//323 2113//323
f 4588//323 4589//323 2113//323
f 2113//323 4589//323 2115//323
f 4589//323 4590//323 2115//323
f 2115//323 4590//323 2117//323
f 4590//323 4591//323 2117//323
f 2117//323 4591//323 2119//323
f 4591//323 4592//323 2119//323
f 2119//323 4592//323 2121//323
f 4592//323 4593//323 2121//323
f 2121//323 4593//323 2123//323
f 4593//323 4594//323 2123//323
f 2123//323 4594//323 2125//323
f 4594//323 4595//323 2125//323
f 2125//323 4595//323 2127//323
f 4595//323 4596//323 2127//323
f 2127//323 4596//323 2129//323
f 4596//323 4597//323 2129//323
f 2129//323 4597//323 2131//323
f 4597//323 4598//323 2131//323
f 2131//323 4598//323 2133//323
f 4598//323 4599//323 2133//323
f 2133//323 4599//323 2135//323
f 4599//323 4600//323 2135//323
f 2135//323 4600//323 2137//323
f 4600//323 4601//323 2137//323
f 2137//323 4601//323 2139//323
f 4601//323 4602//323 2139//323
f 2139//323 4602//323 2141//323
f 4602//323 4603//323 2141//323
f 2141//323 4603//323 2143//323
f 4603//323 4580//323 2143//323
f 2077//323 4604//323 2079//323
f 4604//323 4605//323 2079//323
f 2079//323 4605//323 2081//323
f 4605//323 4606//323 2081//323
f 2081//323 4606//323 2083//323
f 4606//323 4607//323 2083//323
f 2083//323 4607//323 2085//323
f 4607//323 4608//323 2085//323
f 2085//323 4608//323 2087//323
f 4608//323 4609//323 2087//323
f 2087//323 4609//323 2089//323
f 4609//323 4610//323 2089//323
f 2089//323 4610//323 2091//323
f 4610//323 4611//323 2091//323
f 2091//323 4611//323 2093//323
f 4611//323 4612//323 2093//323
f 2093//323 4612//323 2095//323
f 4612//323 4613//323 2095//323
f 2095//323 4613//323 2097//323
f 4613//323 4614//323 2097//323
f 2097//323 4614//323 2099//323
f 4614//323 4615//323 2099//323
f 2099//323 4615//323 2053//323
f 4615//323 4616//323 2053//323
f 2053//323 4616//323 2055//323
f 4616//323 4617//323 2055//323
f 2055//323 4617//323 2057//323
f 4617//323 4618//323 2057//323
f 2057//323 4618//323 2059//323
f 4618//323 4619//323 2059//323
f 2059//323 4619//323 2061//323
f 4619//323 4620//323 2061//323
f 2061//323 4620//323 2063//323
f 4620//323 4621//323 2063//323
f 2063//323 4621//323 2065//323
f 4621//323 4622//323 2065//323
f 2065//323 4622//323 2067//323
f 4622//323 4623//323 2067//323
f 2067//323 4623//323 2069//323
f 4623//323 4624//323 2069//323
f 2069//323 4624//323 2071//323
f 4624//323 4625//323 2071//323
f 2071//323 4625//323 2073//323
f 4625//323 4626//323 2073//323
f 2073//323 4626//323 2075//323
f 4626//323 4627//323 2075//323
f 2075//323 4627//323 2077//323
f 4627//323 4604//323 2077//323
f 4628//132 4629//132 1853//132
f 3609//132 4630//132 4631//132
f 4632//132 4633//132 4631//132
f 4633//132 4628//132 4631//132
f 4631//132 4628//132 3609//132
f 4628//132 1853//132 3609//132
f 1853//1781 4629//1781 4634//1781
f 1853//1781 4634//1781 1848//1781
f 4634//1781 4635//1781 1848//1781
f 1848//1781 4635//1781 4636//1781
f 4637//130 3613//130 4638//130
f 3613//130 1848//130 4638//130
f 4638//130 4639//130 4640//130
f 4641//130 4642//130 4638//130
f 4642//130 4643//130 4638//130
f 4638//130 4643//130 4639//130
f 4644//130 4645//130 4638//130
f 4645//130 4646//130 4638//130
f 4640//130 4647//130 4638//130
f 4647//130 4648//130 4638//130
f 4638//1782 4648//1782 4649//1782
f 4650//130 4651//130 4638//130
f 4651//130 4652//130 4638//130
f 4638//130 4652//130 4653//130
f 4653//130 4654//130 4638//130
f 4654//130 4655//130 4638//130
f 4638//130 4655//130 4644//130
f 4646//130 4656//130 4638//130
f 4656//130 4657//130 4638//130
f 4638//130 4657//130 4658//130
f 4658//130 4659//130 4638//130
f 4659//130 4660//130 4638//130
f 4638//130 4660//130 4641//130
f 4661//130 1848//130 4662//130
f 1848//130 4636//130 4662//130
f 1848//130 4663//130 4664//130
f 4665//130 4666//130 1848//130
f 4664//130 4667//130 1848//130
f 4667//130 4668//130 1848//130
f 1848//130 4668//130 4669//130
f 4670//130 4671//130 1848//130
f 4671//130 4672//130 1848//130
f 1848//130 4672//130 4663//130
f 4661//130 4673//130 1848//130
f 4673//130 4674//130 1848//130
f 1848//130 4674//130 4665//130
f 4666//130 4675//130 1848//130
f 4675//130 4676//130 1848//130
f 1848//130 4676//130 4670//130
f 4669//130 4677//130 1848//130
f 4677//130 4678//130 1848//130
f 1848//130 4678//130 4679//130
f 4679//130 4680//130 1848//130
f 4680//130 4681//130 1848//130
f 1848//130 4681//130 4682//130
f 4682//130 4683//130 1848//130
f 4683//130 4684//130 1848//130
f 1848//130 4684//130 4685//130
f 4685//130 4686//130 1848//130
f 4686//130 4687//130 1848//130
f 1848//130 4687//130 4638//130
f 4687//130 4688//130 4638//130
f 4638//130 4688//130 4650//130
f 3613//1783 4637//1783 4689//1783
f 3613//1783 4689//1783 3609//1783
f 4689//1783 4690//1783 3609//1783
f 3609//1783 4690//1783 4630//1783
f 4629//323 4628//323 4691//323
f 4691//323 4692//323 4629//323
f 4692//323 4693//323 4629//323
f 4629//323 4693//323 4694//323
f 4694//323 4695//323 4629//323
f 4695//323 4696//323 4629//323
f 4629//323 4696//323 4634//323
f 4630//323 4690//323 4697//323
f 4697//323 4698//323 4630//323
f 4698//323 4699//323 4630//323
f 4630//323 4699//323 4700//323
f 4700//323 4701//323 4630//323
f 4701//323 4702//323 4630//323
f 4630//323 4702//323 4631//323
f 4703//323 4637//323 4704//323
f 4637//323 4638//323 4704//323
f 4703//323 4705//323 4637//323
f 4705//323 4706//323 4637//323
f 4637//323 4706//323 4689//323
f 4636//1784 4707//1784 4708//1784
f 4662//323 4636//323 4709//323
f 4636//323 4710//323 4709//323
f 4711//323 4712//323 4636//323
f 4712//323 4713//323 4636//323
f 4636//323 4713//323 4714//323
f 4708//1785 4715//1785 4636//1785
f 4715//323 4716//323 4636//323
f 4636//323 4716//323 4717//323
f 4717//323 4718//323 4636//323
f 4718//323 4719//323 4636//323
f 4636//323 4719//323 4710//323
f 4635//323 4720//323 4636//323
f 4720//323 4721//323 4636//323
f 4636//323 4721//323 4722//323
f 4714//323 4723//323 4636//323
f 4723//323 4724//323 4636//323
f 4636//323 4724//323 4707//323
f 4722//323 4725//323 4636//323
f 4725//323 4726//323 4636//323
f 4636//323 4726//323 4711//323
f 4634//92 4727//92 4635//92
f 4727//92 4728//92 4635//92
f 4628//1786 4633//1786 4729//1786
f 4727//1787 4634//1787 4730//1787
f 4634//1788 4696//1788 4730//1788
f 4628//1786 4729//1786 4691//1786
f 4729//1789 4731//1789 4691//1789
f 4691//1790 4731//1790 4692//1790
f 4731//1791 4732//1791 4692//1791
f 4732//1792 4733//1792 4692//1792
f 4692//1793 4733//1793 4693//1793
f 4733//1794 4734//1794 4693//1794
f 4734//1795 4735//1795 4693//1795
f 4693//1796 4735//1796 4694//1796
f 4735//1797 4736//1797 4694//1797
f 4736//1798 4737//1798 4694//1798
f 4694//1799 4737//1799 4695//1799
f 4737//1800 4738//1800 4695//1800
f 4695//1801 4738//1801 4739//1801
f 4739//1802 4740//1802 4695//1802
f 4740//1803 4741//1803 4695//1803
f 4695//1804 4741//1804 4696//1804
f 4741//1805 4742//1805 4696//1805
f 4696//1806 4742//1806 4730//1806
f 4690//1807 4743//1807 4744//1807
f 4632//1808 4631//1808 4745//1808
f 4631//1809 4702//1809 4745//1809
f 4690//1807 4744//1807 4697//1807
f 4744//1810 4746//1810 4697//1810
f 4697//1811 4746//1811 4698//1811
f 4746//1812 4747//1812 4698//1812
f 4747//1813 4748//1813 4698//1813
f 4698//1814 4748//1814 4699//1814
f 4748//1815 4749//1815 4699//1815
f 4749//1816 4750//1816 4699//1816
f 4699//1817 4750//1817 4700//1817
f 4750//1818 4751//1818 4700//1818
f 4751//1819 4752//1819 4700//1819
f 4700//1820 4752//1820 4701//1820
f 4752//1821 4753//1821 4701//1821
f 4701//1822 4753//1822 4754//1822
f 4754//1823 4755//1823 4701//1823
f 4755//1824 4756//1824 4701//1824
f 4701//1825 4756//1825 4702//1825
f 4756//1826 4757//1826 4702//1826
f 4702//1827 4757//1827 4745//1827
f 4743//52 4690//52 4758//52
f 4690//52 4689//52 4758//52
f 4759//323 4760//323 4761//323
f 4760//323 4762//323 4761//323
f 4763//1828 4764//1828 4765//1828
f 4764//1829 4766//1829 4765//1829
f 4764//1830 4767//1830 4766//1830
f 4767//1831 4768//1831 4766//1831
f 4766//1832 4768//1832 4769//1832
f 4768//1833 4770//1833 4769//1833
f 4769//1834 4770//1834 4771//1834
f 4772//1835 4773//1835 4774//1835
f 4773//1836 4775//1836 4774//1836
f 4774//1837 4775//1837 4776//1837
f 4775//1838 4777//1838 4776//1838
f 4776//1839 4777//1839 4778//1839
f 4777//1840 4771//1840 4778//1840
f 4778//1841 4771//1841 4779//1841
f 4771//1842 4770//1842 4779//1842
f 4743//1843 4758//1843 4780//1843
f 4758//1844 4781//1844 4780//1844
f 4780//1845 4781//1845 4772//1845
f 4781//1846 4782//1846 4772//1846
f 4772//1847 4782//1847 4773//1847
f 4763//1848 4765//1848 4783//1848
f 4765//1849 4784//1849 4783//1849
f 4783//1850 4784//1850 4785//1850
f 4785//1851 4784//1851 4786//1851
f 4784//1852 4787//1852 4786//1852
f 4786//1853 4787//1853 4788//1853
f 4787//1854 4789//1854 4788//1854
f 4788//1855 4789//1855 4790//1855
f 4790//1856 4789//1856 4791//1856
f 4789//1857 4792//1857 4791//1857
f 4791//1858 4792//1858 4793//1858
f 4793//1859 4792//1859 4794//1859
f 4792//1860 4762//1860 4794//1860
f 4794//1861 4762//1861 4760//1861
f 4795//1862 4796//1862 4797//1862
f 4633//1863 4632//1863 4798//1863
f 4632//1864 4799//1864 4798//1864
f 4797//1865 4796//1865 4800//1865
f 4796//1866 4801//1866 4800//1866
f 4800//1867 4801//1867 4802//1867
f 4801//1868 4803//1868 4802//1868
f 4802//1869 4803//1869 4804//1869
f 4803//1870 4805//1870 4804//1870
f 4804//1871 4805//1871 4806//1871
f 4805//1872 4807//1872 4806//1872
f 4806//1873 4807//1873 4799//1873
f 4807//1874 4808//1874 4799//1874
f 4799//1875 4808//1875 4798//1875
f 4797//1876 4809//1876 4795//1876
f 4809//1877 4810//1877 4795//1877
f 4795//1878 4810//1878 4811//1878
f 4810//1879 4812//1879 4811//1879
f 4812//1880 4813//1880 4811//1880
f 4811//1881 4813//1881 4814//1881
f 4813//1882 4815//1882 4814//1882
f 4814//1883 4815//1883 4816//1883
f 4816//1884 4815//1884 4817//1884
f 4815//1885 4818//1885 4817//1885
f 4817//1886 4818//1886 4819//1886
f 4818//1887 4820//1887 4819//1887
f 4819//1888 4820//1888 4821//1888
f 4820//1889 4822//1889 4821//1889
f 4821//1890 4822//1890 4823//1890
f 4822//1891 4824//1891 4823//1891
f 4823//1892 4824//1892 4825//1892
f 4824//1893 4826//1893 4825//1893
f 4825//1894 4826//1894 4827//1894
f 4827//1895 4826//1895 4828//1895
f 4826//1896 4760//1896 4828//1896
f 4828//1897 4760//1897 4759//1897
f 4829//1898 4830//1898 4831//1898
f 4830//1899 4832//1899 4831//1899
f 4831//1900 4832//1900 4833//1900
f 4832//1901 4834//1901 4833//1901
f 4834//1902 4835//1902 4833//1902
f 4833//1903 4835//1903 4836//1903
f 4835//1904 4837//1904 4836//1904
f 4836//1905 4837//1905 4838//1905
f 4837//1906 4839//1906 4838//1906
f 4840//1907 4841//1907 4839//1907
f 4841//1908 4842//1908 4839//1908
f 4839//1909 4842//1909 4838//1909
f 4840//1910 4843//1910 4841//1910
f 4843//1911 4844//1911 4841//1911
f 4841//1912 4844//1912 4845//1912
f 4844//1913 4846//1913 4845//1913
f 4845//1914 4846//1914 4847//1914
f 4759//1915 4761//1915 4848//1915
f 4761//1916 4849//1916 4848//1916
f 4848//1917 4849//1917 4850//1917
f 4849//1918 4851//1918 4850//1918
f 4850//1919 4851//1919 4852//1919
f 4846//1920 4853//1920 4847//1920
f 4853//1921 4854//1921 4847//1921
f 4847//1922 4854//1922 4855//1922
f 4854//1923 4856//1923 4855//1923
f 4855//1924 4856//1924 4851//1924
f 4856//1925 4857//1925 4851//1925
f 4851//1926 4857//1926 4852//1926
f 4728//1927 4727//1927 4858//1927
f 4727//1928 4830//1928 4858//1928
f 4858//1929 4830//1929 4859//1929
f 4830//1930 4829//1930 4859//1930
f 4839//1931 4837//1931 4860//1931
f 4861//1932 4862//1932 4863//1932
f 4795//1933 4811//1933 4864//1933
f 4803//1934 4801//1934 4865//1934
f 4866//1935 4867//1935 4868//1935
f 4828//1936 4759//1936 4869//1936
f 4819//1937 4821//1937 4870//1937
f 4864//1938 4811//1938 4871//1938
f 4817//1939 4872//1939 4816//1939
f 4872//1940 4871//1940 4816//1940
f 4816//1941 4871//1941 4814//1941
f 4871//1942 4811//1942 4814//1942
f 4759//1943 4873//1943 4869//1943
f 4873//1944 4874//1944 4869//1944
f 4869//1945 4874//1945 4870//1945
f 4874//1946 4875//1946 4870//1946
f 4821//1947 4823//1947 4870//1947
f 4823//1948 4825//1948 4870//1948
f 4870//1949 4825//1949 4869//1949
f 4825//1950 4827//1950 4869//1950
f 4869//1951 4827//1951 4828//1951
f 4876//1952 4877//1952 4878//1952
f 4877//1953 4879//1953 4878//1953
f 4867//1954 4880//1954 4881//1954
f 4853//1955 4882//1955 4854//1955
f 4882//1956 4881//1956 4854//1956
f 4854//1957 4881//1957 4856//1957
f 4881//1958 4880//1958 4856//1958
f 4883//1959 4737//1959 4736//1959
f 4883//1960 4736//1960 4884//1960
f 4885//1961 4739//1961 4738//1961
f 4886//1962 4887//1962 4888//1962
f 4888//1963 4889//1963 4886//1963
f 4889//1964 4885//1964 4886//1964
f 4886//1965 4885//1965 4883//1965
f 4885//1966 4738//1966 4883//1966
f 4883//1967 4738//1967 4737//1967
f 4890//1968 4891//1968 4892//1968
f 4891//1969 4893//1969 4892//1969
f 4892//1970 4893//1970 4862//1970
f 4894//1971 4895//1971 4896//1971
f 4895//1972 4897//1972 4896//1972
f 4896//1973 4897//1973 4898//1973
f 4897//1974 4899//1974 4898//1974
f 4898//1975 4899//1975 4900//1975
f 4742//1976 4741//1976 4901//1976
f 4741//1977 4740//1977 4901//1977
f 4727//1978 4730//1978 4902//1978
f 4740//1979 4903//1979 4901//1979
f 4903//1980 4904//1980 4901//1980
f 4901//1981 4904//1981 4900//1981
f 4853//1982 4846//1982 4882//1982
f 4846//1983 4905//1983 4882//1983
f 4882//1984 4905//1984 4906//1984
f 4905//1985 4860//1985 4906//1985
f 4835//1986 4834//1986 4907//1986
f 4834//1987 4832//1987 4907//1987
f 4907//1988 4832//1988 4830//1988
f 4877//1989 4908//1989 4909//1989
f 4908//1990 4910//1990 4909//1990
f 4909//1991 4910//1991 4911//1991
f 4910//1992 4907//1992 4911//1992
f 4911//1993 4907//1993 4902//1993
f 4907//1994 4830//1994 4902//1994
f 4902//1995 4830//1995 4727//1995
f 4730//1996 4742//1996 4902//1996
f 4742//1997 4901//1997 4902//1997
f 4902//1998 4901//1998 4911//1998
f 4901//1999 4900//1999 4911//1999
f 4911//2000 4900//2000 4909//2000
f 4900//2001 4899//2001 4909//2001
f 4909//2002 4899//2002 4877//2002
f 4899//2003 4897//2003 4877//2003
f 4877//2004 4897//2004 4879//2004
f 4897//2005 4895//2005 4879//2005
f 4879//2006 4895//2006 4890//2006
f 4895//2007 4894//2007 4890//2007
f 4890//2008 4894//2008 4891//2008
f 4633//2009 4798//2009 4729//2009
f 4798//2010 4912//2010 4729//2010
f 4729//2011 4912//2011 4731//2011
f 4912//2012 4913//2012 4731//2012
f 4731//2013 4913//2013 4732//2013
f 4913//2014 4914//2014 4732//2014
f 4736//2015 4735//2015 4884//2015
f 4735//2016 4734//2016 4884//2016
f 4884//2017 4734//2017 4914//2017
f 4734//2018 4733//2018 4914//2018
f 4914//2019 4733//2019 4732//2019
f 4808//2020 4915//2020 4916//2020
f 4915//2021 4917//2021 4916//2021
f 4916//2022 4917//2022 4918//2022
f 4917//2023 4919//2023 4918//2023
f 4918//2024 4919//2024 4920//2024
f 4919//2025 4921//2025 4920//2025
f 4920//2026 4921//2026 4922//2026
f 4921//2027 4923//2027 4922//2027
f 4922//2028 4923//2028 4924//2028
f 4923//2029 4925//2029 4924//2029
f 4924//2030 4925//2030 4926//2030
f 4925//2031 4887//2031 4926//2031
f 4887//2032 4886//2032 4926//2032
f 4886//2033 4883//2033 4926//2033
f 4926//2034 4883//2034 4924//2034
f 4883//2035 4884//2035 4924//2035
f 4924//2036 4884//2036 4922//2036
f 4884//2037 4914//2037 4922//2037
f 4922//2038 4914//2038 4920//2038
f 4914//2039 4913//2039 4920//2039
f 4920//2040 4913//2040 4918//2040
f 4913//2041 4912//2041 4918//2041
f 4918//2042 4912//2042 4916//2042
f 4912//2043 4798//2043 4916//2043
f 4916//2044 4798//2044 4808//2044
f 4805//2045 4803//2045 4927//2045
f 4803//2046 4865//2046 4927//2046
f 4927//2047 4865//2047 4928//2047
f 4865//2048 4929//2048 4928//2048
f 4796//2049 4795//2049 4930//2049
f 4795//2050 4864//2050 4930//2050
f 4930//2051 4864//2051 4931//2051
f 4864//2052 4871//2052 4931//2052
f 4931//2053 4871//2053 4875//2053
f 4871//2054 4872//2054 4875//2054
f 4875//2055 4872//2055 4870//2055
f 4872//2056 4817//2056 4870//2056
f 4870//2057 4817//2057 4819//2057
f 4807//2058 4805//2058 4932//2058
f 4805//2059 4927//2059 4932//2059
f 4932//2060 4927//2060 4933//2060
f 4927//2061 4928//2061 4933//2061
f 4933//2062 4928//2062 4934//2062
f 4928//2063 4929//2063 4934//2063
f 4934//2064 4929//2064 4935//2064
f 4862//2065 4861//2065 4892//2065
f 4861//2066 4936//2066 4892//2066
f 4892//2067 4936//2067 4890//2067
f 4936//2068 4937//2068 4890//2068
f 4890//2069 4937//2069 4879//2069
f 4937//2070 4938//2070 4879//2070
f 4879//2071 4938//2071 4878//2071
f 4740//2072 4739//2072 4903//2072
f 4739//2073 4885//2073 4903//2073
f 4903//2074 4885//2074 4904//2074
f 4885//2075 4889//2075 4904//2075
f 4904//2076 4889//2076 4900//2076
f 4889//2077 4888//2077 4900//2077
f 4900//2078 4888//2078 4898//2078
f 4888//2079 4887//2079 4898//2079
f 4898//2080 4887//2080 4896//2080
f 4887//2081 4925//2081 4896//2081
f 4896//2082 4925//2082 4894//2082
f 4925//2083 4923//2083 4894//2083
f 4894//2084 4923//2084 4891//2084
f 4923//2085 4921//2085 4891//2085
f 4891//2086 4921//2086 4893//2086
f 4921//2087 4919//2087 4893//2087
f 4893//2088 4919//2088 4862//2088
f 4919//2089 4917//2089 4862//2089
f 4862//2090 4917//2090 4863//2090
f 4917//2091 4915//2091 4863//2091
f 4759//2092 4848//2092 4866//2092
f 4848//2093 4850//2093 4866//2093
f 4866//2094 4850//2094 4867//2094
f 4850//2095 4852//2095 4867//2095
f 4867//2096 4852//2096 4880//2096
f 4852//2097 4857//2097 4880//2097
f 4880//2098 4857//2098 4856//2098
f 4801//2099 4796//2099 4865//2099
f 4796//2100 4930//2100 4865//2100
f 4865//2101 4930//2101 4929//2101
f 4930//2102 4931//2102 4929//2102
f 4929//2103 4931//2103 4935//2103
f 4931//2104 4875//2104 4935//2104
f 4935//2105 4875//2105 4939//2105
f 4875//2106 4874//2106 4939//2106
f 4939//2107 4874//2107 4868//2107
f 4874//2108 4873//2108 4868//2108
f 4868//2109 4873//2109 4866//2109
f 4873//2110 4759//2110 4866//2110
f 4846//2111 4844//2111 4905//2111
f 4844//2112 4843//2112 4905//2112
f 4905//2113 4843//2113 4860//2113
f 4843//2114 4840//2114 4860//2114
f 4860//2115 4840//2115 4839//2115
f 4808//2116 4807//2116 4915//2116
f 4807//2117 4932//2117 4915//2117
f 4915//2118 4932//2118 4863//2118
f 4932//2119 4933//2119 4863//2119
f 4863//2120 4933//2120 4861//2120
f 4933//2121 4934//2121 4861//2121
f 4861//2122 4934//2122 4936//2122
f 4934//2123 4935//2123 4936//2123
f 4936//2124 4935//2124 4937//2124
f 4935//2125 4939//2125 4937//2125
f 4937//2126 4939//2126 4938//2126
f 4939//2127 4868//2127 4938//2127
f 4938//2128 4868//2128 4878//2128
f 4868//2129 4867//2129 4878//2129
f 4878//2130 4867//2130 4876//2130
f 4867//2131 4881//2131 4876//2131
f 4876//2132 4881//2132 4877//2132
f 4881//2133 4882//2133 4877//2133
f 4877//2134 4882//2134 4908//2134
f 4882//2135 4906//2135 4908//2135
f 4908//2136 4906//2136 4910//2136
f 4906//2137 4860//2137 4910//2137
f 4910//2138 4860//2138 4907//2138
f 4860//2139 4837//2139 4907//2139
f 4907//2140 4837//2140 4835//2140
f 4797//2141 4800//2141 4940//2141
f 4941//2142 4760//2142 4826//2142
f 4942//2143 4943//2143 4944//2143
f 4779//2144 4770//2144 4945//2144
f 4774//2145 4776//2145 4946//2145
f 4941//2146 4947//2146 4948//2146
f 4788//2147 4790//2147 4949//2147
f 4763//2148 4950//2148 4764//2148
f 4950//2149 4951//2149 4764//2149
f 4764//2150 4951//2150 4767//2150
f 4786//2151 4952//2151 4785//2151
f 4952//2152 4950//2152 4785//2152
f 4785//2153 4950//2153 4783//2153
f 4950//2154 4763//2154 4783//2154
f 4760//2155 4953//2155 4954//2155
f 4953//2156 4955//2156 4954//2156
f 4954//2157 4955//2157 4949//2157
f 4955//2158 4956//2158 4949//2158
f 4790//2159 4791//2159 4949//2159
f 4791//2160 4793//2160 4949//2160
f 4949//2161 4793//2161 4954//2161
f 4793//2162 4794//2162 4954//2162
f 4954//2163 4794//2163 4760//2163
f 4957//2164 4958//2164 4959//2164
f 4958//2165 4960//2165 4959//2165
f 4947//2166 4961//2166 4962//2166
f 4941//2167 4826//2167 4947//2167
f 4826//2168 4824//2168 4947//2168
f 4947//2169 4824//2169 4961//2169
f 4815//2170 4963//2170 4818//2170
f 4963//2171 4962//2171 4818//2171
f 4818//2172 4962//2172 4820//2172
f 4962//2173 4961//2173 4820//2173
f 4820//2174 4961//2174 4822//2174
f 4961//2175 4824//2175 4822//2175
f 4964//2176 4752//2176 4751//2176
f 4964//2177 4751//2177 4965//2177
f 4966//2178 4754//2178 4753//2178
f 4967//2179 4968//2179 4969//2179
f 4969//2180 4970//2180 4967//2180
f 4970//2181 4966//2181 4967//2181
f 4967//2182 4966//2182 4964//2182
f 4966//2183 4753//2183 4964//2183
f 4964//2184 4753//2184 4752//2184
f 4971//2185 4972//2185 4973//2185
f 4972//2186 4974//2186 4973//2186
f 4973//2187 4974//2187 4943//2187
f 4975//2188 4976//2188 4977//2188
f 4976//2189 4978//2189 4977//2189
f 4977//2190 4978//2190 4979//2190
f 4978//2191 4980//2191 4979//2191
f 4979//2192 4980//2192 4981//2192
f 4757//2193 4756//2193 4982//2193
f 4756//2194 4755//2194 4982//2194
f 4632//2195 4745//2195 4983//2195
f 4755//2196 4984//2196 4982//2196
f 4984//2197 4985//2197 4982//2197
f 4982//2198 4985//2198 4981//2198
f 4815//2199 4813//2199 4963//2199
f 4813//2200 4986//2200 4963//2200
f 4963//2201 4986//2201 4987//2201
f 4986//2202 4940//2202 4987//2202
f 4802//2203 4804//2203 4988//2203
f 4804//2204 4806//2204 4988//2204
f 4988//2205 4806//2205 4799//2205
f 4958//2206 4989//2206 4990//2206
f 4989//2207 4991//2207 4990//2207
f 4990//2208 4991//2208 4992//2208
f 4991//2209 4988//2209 4992//2209
f 4992//2210 4988//2210 4983//2210
f 4988//2211 4799//2211 4983//2211
f 4983//2212 4799//2212 4632//2212
f 4745//2213 4757//2213 4983//2213
f 4757//2214 4982//2214 4983//2214
f 4983//2215 4982//2215 4992//2215
f 4982//2216 4981//2216 4992//2216
f 4992//2217 4981//2217 4990//2217
f 4981//2218 4980//2218 4990//2218
f 4990//2219 4980//2219 4958//2219
f 4980//2220 4978//2220 4958//2220
f 4958//2221 4978//2221 4960//2221
f 4978//2222 4976//2222 4960//2222
f 4960//2223 4976//2223 4971//2223
f 4976//2224 4975//2224 4971//2224
f 4971//2225 4975//2225 4972//2225
f 4743//2226 4780//2226 4744//2226
f 4780//2227 4993//2227 4744//2227
f 4744//2228 4993//2228 4746//2228
f 4993//2229 4994//2229 4746//2229
f 4746//2230 4994//2230 4747//2230
f 4994//2231 4995//2231 4747//2231
f 4751//2232 4750//2232 4965//2232
f 4750//2233 4749//2233 4965//2233
f 4965//2234 4749//2234 4995//2234
f 4749//2235 4748//2235 4995//2235
f 4995//2236 4748//2236 4747//2236
f 4772//2237 4996//2237 4997//2237
f 4996//2238 4998//2238 4997//2238
f 4997//2239 4998//2239 4999//2239
f 4998//2240 5000//2240 4999//2240
f 4999//2241 5000//2241 5001//2241
f 5000//2242 5002//2242 5001//2242
f 5001//2243 5002//2243 5003//2243
f 5002//2244 5004//2244 5003//2244
f 5003//2245 5004//2245 5005//2245
f 5004//2246 5006//2246 5005//2246
f 5005//2247 5006//2247 5007//2247
f 5006//2248 4968//2248 5007//2248
f 4968//2249 4967//2249 5007//2249
f 4967//2250 4964//2250 5007//2250
f 5007//2251 4964//2251 5005//2251
f 4964//2252 4965//2252 5005//2252
f 5005//2253 4965//2253 5003//2253
f 4965//2254 4995//2254 5003//2254
f 5003//2255 4995//2255 5001//2255
f 4995//2256 4994//2256 5001//2256
f 5001//2257 4994//2257 4999//2257
f 4994//2258 4993//2258 4999//2258
f 4999//2259 4993//2259 4997//2259
f 4993//2260 4780//2260 4997//2260
f 4997//2261 4780//2261 4772//2261
f 4778//2262 4779//2262 5008//2262
f 4779//2263 4945//2263 5008//2263
f 5008//2264 4945//2264 5009//2264
f 4945//2265 5010//2265 5009//2265
f 4768//2266 4767//2266 5011//2266
f 4767//2267 4951//2267 5011//2267
f 5011//2268 4951//2268 5012//2268
f 4951//2269 4950//2269 5012//2269
f 5012//2270 4950//2270 4956//2270
f 4950//2271 4952//2271 4956//2271
f 4956//2272 4952//2272 4949//2272
f 4952//2273 4786//2273 4949//2273
f 4949//2274 4786//2274 4788//2274
f 4776//2275 4778//2275 4946//2275
f 4778//2276 5008//2276 4946//2276
f 4946//2277 5008//2277 5013//2277
f 5008//2278 5009//2278 5013//2278
f 5013//2279 5009//2279 5014//2279
f 5009//2280 5010//2280 5014//2280
f 5014//2281 5010//2281 5015//2281
f 4943//2282 4942//2282 4973//2282
f 4942//2283 5016//2283 4973//2283
f 4973//2284 5016//2284 4971//2284
f 5016//2285 5017//2285 4971//2285
f 4971//2286 5017//2286 4960//2286
f 5017//2287 5018//2287 4960//2287
f 4960//2288 5018//2288 4959//2288
f 4770//2289 4768//2289 4945//2289
f 4768//2290 5011//2290 4945//2290
f 4945//2291 5011//2291 5010//2291
f 5011//2292 5012//2292 5010//2292
f 5010//2293 5012//2293 5015//2293
f 5012//2294 4956//2294 5015//2294
f 5015//2295 4956//2295 5019//2295
f 4956//2296 4955//2296 5019//2296
f 5019//2297 4955//2297 4948//2297
f 4955//2298 4953//2298 4948//2298
f 4948//2299 4953//2299 4941//2299
f 4953//2300 4760//2300 4941//2300
f 4755//2301 4754//2301 4984//2301
f 4754//2302 4966//2302 4984//2302
f 4984//2303 4966//2303 4985//2303
f 4966//2304 4970//2304 4985//2304
f 4985//2305 4970//2305 4981//2305
f 4970//2306 4969//2306 4981//2306
f 4981//2307 4969//2307 4979//2307
f 4969//2308 4968//2308 4979//2308
f 4979//2309 4968//2309 4977//2309
f 4968//2310 5006//2310 4977//2310
f 4977//2311 5006//2311 4975//2311
f 5006//2312 5004//2312 4975//2312
f 4975//2313 5004//2313 4972//2313
f 5004//2314 5002//2314 4972//2314
f 4972//2315 5002//2315 4974//2315
f 5002//2316 5000//2316 4974//2316
f 4974//2317 5000//2317 4943//2317
f 5000//2318 4998//2318 4943//2318
f 4943//2319 4998//2319 4944//2319
f 4998//2320 4996//2320 4944//2320
f 4813//2321 4812//2321 4986//2321
f 4812//2322 4810//2322 4986//2322
f 4986//2323 4810//2323 4940//2323
f 4810//2324 4809//2324 4940//2324
f 4940//2325 4809//2325 4797//2325
f 4772//2326 4774//2326 4996//2326
f 4774//2327 4946//2327 4996//2327
f 4996//2328 4946//2328 4944//2328
f 4946//2329 5013//2329 4944//2329
f 4944//2330 5013//2330 4942//2330
f 5013//2331 5014//2331 4942//2331
f 4942//2332 5014//2332 5016//2332
f 5014//2333 5015//2333 5016//2333
f 5016//2334 5015//2334 5017//2334
f 5015//2335 5019//2335 5017//2335
f 5017//2336 5019//2336 5018//2336
f 5019//2337 4948//2337 5018//2337
f 5018//2338 4948//2338 4959//2338
f 4948//2339 4947//2339 4959//2339
f 4959//2340 4947//2340 4957//2340
f 4947//2341 4962//2341 4957//2341
f 4957//2342 4962//2342 4958//2342
f 4962//2343 4963//2343 4958//2343
f 4958//2344 4963//2344 4989//2344
f 4963//2345 4987//2345 4989//2345
f 4989//2346 4987//2346 4991//2346
f 4987//2347 4940//2347 4991//2347
f 4991//2348 4940//2348 4988//2348
f 4940//2349 4800//2349 4988//2349
f 4988//2350 4800//2350 4802//2350
f 5020//2351 5021//2351 5022//2351
f 5023//2352 5024//2352 5022//2352
f 5024//2353 5025//2353 5022//2353
f 5022//2354 5025//2354 5020//2354
f 5021//2355 4706//2355 5022//2355
f 4706//2356 4705//2356 5022//2356
f 5022//2357 4705//2357 5023//2357
f 4704//2358 4638//2358 4649//2358
f 5023//2359 4705//2359 5026//2359
f 4705//2360 4703//2360 5026//2360
f 5026//2361 4703//2361 5027//2361
f 4703//2362 4704//2362 5027//2362
f 5027//2363 4704//2363 5028//2363
f 4704//2364 4649//2364 5028//2364
f 5028//2365 4649//2365 5029//2365
f 4649//2366 5030//2366 5029//2366
f 5029//2367 5030//2367 5031//2367
f 5031//2368 5030//2368 5032//2368
f 5030//2369 5033//2369 5032//2369
f 5032//2370 5033//2370 5034//2370
f 5034//2371 5035//2371 5032//2371
f 5035//2372 5036//2372 5032//2372
f 5032//2373 5036//2373 5037//2373
f 5036//2374 5038//2374 5037//2374
f 5039//2375 5040//2375 5041//2375
f 5040//2376 5042//2376 5041//2376
f 5041//2377 5042//2377 5038//2377
f 5042//2378 5043//2378 5038//2378
f 5038//2379 5043//2379 5037//2379
f 5044//2380 5045//2380 5046//2380
f 5045//2381 5047//2381 5046//2381
f 5046//2382 5047//2382 5048//2382
f 5047//2383 5049//2383 5048//2383
f 5048//2384 5049//2384 5039//2384
f 5049//2385 5050//2385 5039//2385
f 5039//2386 5050//2386 5040//2386
f 4721//2387 4720//2387 5051//2387
f 5052//2388 5053//2388 5054//2388
f 5053//2389 5055//2389 5054//2389
f 5054//2390 5055//2390 4721//2390
f 4721//2391 5051//2391 5054//2391
f 5051//2392 5056//2392 5054//2392
f 5054//2393 5056//2393 5052//2393
f 5051//2394 4720//2394 5057//2394
f 4720//2395 4635//2395 5057//2395
f 5057//2396 4635//2396 4728//2396
f 5056//2397 5051//2397 5057//2397
f 5058//2398 5055//2398 5053//2398
f 5052//2399 5059//2399 5053//2399
f 5059//2400 5060//2400 5053//2400
f 5053//2401 5060//2401 5058//2401
f 4831//2402 5061//2402 4829//2402
f 5061//2403 4859//2403 4829//2403
f 4728//2404 4858//2404 5057//2404
f 4858//2405 4859//2405 5057//2405
f 5061//2406 5062//2406 4859//2406
f 5062//2407 5059//2407 4859//2407
f 4859//2408 5059//2408 5057//2408
f 5059//2409 5052//2409 5057//2409
f 5057//2410 5052//2410 5056//2410
f 4842//2411 4841//2411 5063//2411
f 5064//2412 5065//2412 5066//2412
f 5067//2413 5068//2413 5069//2413
f 5070//2414 5071//2414 5072//2414
f 5073//2415 5074//2415 5075//2415
f 5076//2416 5077//2416 5078//2416
f 5079//2417 5080//2417 5081//2417
f 5082//2418 5083//2418 5084//2418
f 5085//2419 5082//2419 5086//2419
f 5082//2420 5084//2420 5086//2420
f 5086//2421 5084//2421 5087//2421
f 5084//2422 5088//2422 5087//2422
f 5087//2423 5088//2423 5089//2423
f 5088//2424 5090//2424 5089//2424
f 5089//2425 5090//2425 5091//2425
f 5080//2426 5092//2426 5081//2426
f 5092//2427 5093//2427 5081//2427
f 5081//2428 5093//2428 5094//2428
f 5093//2429 5095//2429 5094//2429
f 5094//2430 5095//2430 5096//2430
f 5059//2431 5096//2431 5060//2431
f 5096//2432 5095//2432 5060//2432
f 5060//2433 5095//2433 5058//2433
f 5095//2434 5093//2434 5058//2434
f 5058//2435 5093//2435 5055//2435
f 4833//2436 4836//2436 5097//2436
f 5098//2437 5099//2437 5100//2437
f 5101//2438 5102//2438 5103//2438
f 5104//2439 5105//2439 5101//2439
f 5098//2440 5100//2440 5106//2440
f 5100//2441 5107//2441 5106//2441
f 5106//2442 5107//2442 5108//2442
f 5103//2443 5102//2443 5075//2443
f 5102//2444 5109//2444 5075//2444
f 5075//2445 5109//2445 5073//2445
f 5074//2446 5073//2446 5110//2446
f 5073//2447 4845//2447 5110//2447
f 5110//2448 4845//2448 4847//2448
f 5063//2449 5111//2449 5112//2449
f 5111//2450 5105//2450 5112//2450
f 5112//2451 5105//2451 5113//2451
f 5105//2452 5104//2452 5113//2452
f 5113//2453 5104//2453 5076//2453
f 5101//2454 5105//2454 5102//2454
f 5105//2455 5111//2455 5102//2455
f 5102//2456 5111//2456 5109//2456
f 5111//2457 5063//2457 5109//2457
f 5109//2458 5063//2458 5073//2458
f 5063//2459 4841//2459 5073//2459
f 5073//2460 4841//2460 4845//2460
f 5069//2461 5070//2461 5114//2461
f 5115//2462 5116//2462 5117//2462
f 5117//2463 5116//2463 5118//2463
f 5065//2464 5068//2464 5066//2464
f 5068//2465 5067//2465 5066//2465
f 5066//2466 5067//2466 5119//2466
f 5099//2467 5064//2467 5100//2467
f 5064//2468 5066//2468 5100//2468
f 5100//2469 5066//2469 5107//2469
f 5066//2470 5119//2470 5107//2470
f 5107//2471 5119//2471 5108//2471
f 5116//2472 5120//2472 5118//2472
f 5120//2473 5121//2473 5118//2473
f 5118//2474 5121//2474 5122//2474
f 5123//2475 5124//2475 5125//2475
f 5124//2476 5122//2476 5125//2476
f 5125//2477 5122//2477 5126//2477
f 5122//2478 5121//2478 5126//2478
f 5123//2479 5127//2479 5128//2479
f 5127//2480 5129//2480 5128//2480
f 5130//2481 5087//2481 5131//2481
f 5087//2482 5089//2482 5131//2482
f 5131//2483 5089//2483 5132//2483
f 5089//2484 5091//2484 5132//2484
f 5132//2485 5091//2485 5133//2485
f 5091//2486 5134//2486 5133//2486
f 5133//2487 5134//2487 5097//2487
f 5123//2488 5128//2488 5124//2488
f 5128//2489 5135//2489 5124//2489
f 5124//2490 5135//2490 5122//2490
f 5135//2491 5136//2491 5122//2491
f 5122//2492 5136//2492 5118//2492
f 5136//2493 5137//2493 5118//2493
f 5118//2494 5137//2494 5117//2494
f 5070//2495 5072//2495 5114//2495
f 5072//2496 5115//2496 5114//2496
f 5114//2497 5115//2497 5138//2497
f 5115//2498 5117//2498 5138//2498
f 5138//2499 5117//2499 5139//2499
f 5117//2500 5137//2500 5139//2500
f 5139//2501 5137//2501 5140//2501
f 5137//2502 5136//2502 5140//2502
f 5140//2503 5136//2503 5130//2503
f 5136//2504 5135//2504 5130//2504
f 5130//2505 5135//2505 5087//2505
f 5135//2506 5128//2506 5087//2506
f 5087//2507 5128//2507 5086//2507
f 5128//2508 5129//2508 5086//2508
f 5086//2509 5129//2509 5085//2509
f 5069//2510 5141//2510 5067//2510
f 5141//2511 5142//2511 5067//2511
f 5067//2512 5142//2512 5119//2512
f 5142//2513 5143//2513 5119//2513
f 5119//2514 5143//2514 5108//2514
f 5143//2515 5104//2515 5108//2515
f 5108//2516 5104//2516 5106//2516
f 5104//2517 5101//2517 5106//2517
f 5106//2518 5101//2518 5098//2518
f 5101//2519 5103//2519 5098//2519
f 5097//2520 5134//2520 4833//2520
f 5134//2521 5061//2521 4833//2521
f 4833//2522 5061//2522 4831//2522
f 5083//2523 5079//2523 5084//2523
f 5079//2524 5081//2524 5084//2524
f 5084//2525 5081//2525 5088//2525
f 5081//2526 5094//2526 5088//2526
f 5088//2527 5094//2527 5090//2527
f 5094//2528 5096//2528 5090//2528
f 5090//2529 5096//2529 5091//2529
f 5096//2530 5059//2530 5091//2530
f 5091//2531 5059//2531 5134//2531
f 5059//2532 5062//2532 5134//2532
f 5134//2533 5062//2533 5061//2533
f 5076//2534 5078//2534 5113//2534
f 5078//2535 5144//2535 5113//2535
f 5113//2536 5144//2536 5112//2536
f 5144//2537 5145//2537 5112//2537
f 5112//2538 5145//2538 5063//2538
f 5145//2539 4838//2539 5063//2539
f 5063//2540 4838//2540 4842//2540
f 5069//2541 5114//2541 5141//2541
f 5114//2542 5138//2542 5141//2542
f 5141//2543 5138//2543 5142//2543
f 5138//2544 5139//2544 5142//2544
f 5142//2545 5139//2545 5143//2545
f 5139//2546 5140//2546 5143//2546
f 5143//2547 5140//2547 5104//2547
f 5140//2548 5130//2548 5104//2548
f 5104//2549 5130//2549 5076//2549
f 5130//2550 5131//2550 5076//2550
f 5076//2551 5131//2551 5077//2551
f 5131//2552 5132//2552 5077//2552
f 5077//2553 5132//2553 5078//2553
f 5132//2554 5133//2554 5078//2554
f 5078//2555 5133//2555 5144//2555
f 5133//2556 5097//2556 5144//2556
f 5144//2557 5097//2557 5145//2557
f 5097//2558 4836//2558 5145//2558
f 5145//2559 4836//2559 4838//2559
f 4851//2560 4849//2560 5146//2560
f 4849//2561 4761//2561 5146//2561
f 5147//2562 5148//2562 5071//2562
f 5149//2563 5150//2563 5151//2563
f 5150//2564 5152//2564 5151//2564
f 5151//2565 5152//2565 5153//2565
f 5152//2566 5154//2566 5153//2566
f 5155//2567 5156//2567 5154//2567
f 5156//2568 5157//2568 5154//2568
f 5154//2569 5157//2569 5153//2569
f 5158//2570 5159//2570 5155//2570
f 5159//2571 5160//2571 5155//2571
f 5155//2572 5160//2572 5156//2572
f 5161//2573 5162//2573 5158//2573
f 5162//2574 5163//2574 5158//2574
f 5158//2575 5163//2575 5159//2575
f 4761//2576 5164//2576 5146//2576
f 5164//2577 5165//2577 5146//2577
f 5146//2578 5165//2578 5161//2578
f 5165//2579 5166//2579 5161//2579
f 5161//2580 5166//2580 5162//2580
f 4847//2581 4855//2581 5110//2581
f 4855//2582 5167//2582 5110//2582
f 5110//2583 5167//2583 5074//2583
f 5167//2584 5168//2584 5074//2584
f 5169//2585 5103//2585 5168//2585
f 5103//2586 5075//2586 5168//2586
f 5168//2587 5075//2587 5074//2587
f 5170//2588 5099//2588 5169//2588
f 5099//2589 5098//2589 5169//2589
f 5169//2590 5098//2590 5103//2590
f 5171//2591 5065//2591 5170//2591
f 5065//2592 5064//2592 5170//2592
f 5170//2593 5064//2593 5099//2593
f 5071//2594 5070//2594 5147//2594
f 5070//2595 5069//2595 5147//2595
f 5147//2596 5069//2596 5171//2596
f 5069//2597 5068//2597 5171//2597
f 5171//2598 5068//2598 5065//2598
f 4855//2599 4851//2599 5167//2599
f 4851//2600 5146//2600 5167//2600
f 5167//2601 5146//2601 5168//2601
f 5146//2602 5161//2602 5168//2602
f 5168//2603 5161//2603 5169//2603
f 5161//2604 5158//2604 5169//2604
f 5169//2605 5158//2605 5170//2605
f 5158//2606 5155//2606 5170//2606
f 5170//2607 5155//2607 5171//2607
f 5155//2608 5154//2608 5171//2608
f 5171//2609 5154//2609 5147//2609
f 5154//2610 5152//2610 5147//2610
f 5147//2611 5152//2611 5148//2611
f 5152//2612 5150//2612 5148//2612
f 4761//2613 4762//2613 5164//2613
f 4762//2613 5172//2613 5164//2613
f 5164//2614 5172//2614 5165//2614
f 5172//2614 5173//2614 5165//2614
f 5165//2615 5173//2615 5166//2615
f 5173//2615 5174//2615 5166//2615
f 5166//2616 5174//2616 5162//2616
f 5174//2616 5175//2616 5162//2616
f 5162//2617 5175//2617 5163//2617
f 5175//2617 5176//2617 5163//2617
f 5163//2618 5176//2618 5159//2618
f 5176//2618 5177//2618 5159//2618
f 5159//2619 5177//2619 5160//2619
f 5177//2619 5178//2619 5160//2619
f 5160//2620 5178//2620 5156//2620
f 5178//2620 5179//2620 5156//2620
f 5156//2621 5179//2621 5157//2621
f 5179//2621 5180//2621 5157//2621
f 5157//2622 5180//2622 5153//2622
f 5180//2622 5181//2622 5153//2622
f 5153//2623 5181//2623 5151//2623
f 5181//2623 5182//2623 5151//2623
f 5151//2624 5182//2624 5149//2624
f 5182//2624 5183//2624 5149//2624
f 5184//2625 5185//2625 5183//2625
f 5045//2626 5186//2626 5187//2626
f 5186//2627 5188//2627 5187//2627
f 5187//2628 5188//2628 5189//2628
f 5188//2629 5190//2629 5189//2629
f 5189//2630 5190//2630 5191//2630
f 5192//2631 5193//2631 5190//2631
f 5193//2632 5194//2632 5190//2632
f 5190//2633 5194//2633 5191//2633
f 5195//2634 5196//2634 5192//2634
f 5196//2635 5197//2635 5192//2635
f 5192//2636 5197//2636 5193//2636
f 5198//2637 5199//2637 5195//2637
f 5199//2638 5200//2638 5195//2638
f 5195//2639 5200//2639 5196//2639
f 4784//2640 5201//2640 5202//2640
f 5201//2641 5203//2641 5202//2641
f 5202//2642 5203//2642 5198//2642
f 5203//2643 5204//2643 5198//2643
f 5198//2644 5204//2644 5199//2644
f 4792//2645 4789//2645 5202//2645
f 4789//2646 4787//2646 5202//2646
f 5202//2647 4787//2647 4784//2647
f 5172//2648 5205//2648 5173//2648
f 5205//2649 5206//2649 5173//2649
f 5207//2650 5175//2650 5206//2650
f 5175//2651 5174//2651 5206//2651
f 5206//2652 5174//2652 5173//2652
f 5208//2653 5177//2653 5207//2653
f 5177//2654 5176//2654 5207//2654
f 5207//2655 5176//2655 5175//2655
f 5209//2656 5179//2656 5208//2656
f 5179//2657 5178//2657 5208//2657
f 5208//2658 5178//2658 5177//2658
f 5183//2659 5182//2659 5184//2659
f 5182//2660 5181//2660 5184//2660
f 5184//2661 5181//2661 5209//2661
f 5181//2662 5180//2662 5209//2662
f 5209//2663 5180//2663 5179//2663
f 5186//2664 5185//2664 5188//2664
f 5185//2665 5184//2665 5188//2665
f 5188//2666 5184//2666 5190//2666
f 5184//2667 5209//2667 5190//2667
f 5190//2668 5209//2668 5192//2668
f 5209//2669 5208//2669 5192//2669
f 5192//2670 5208//2670 5195//2670
f 5208//2671 5207//2671 5195//2671
f 5195//2672 5207//2672 5198//2672
f 5207//2673 5206//2673 5198//2673
f 5198//2674 5206//2674 5202//2674
f 5206//2675 5205//2675 5202//2675
f 5202//2676 5205//2676 4792//2676
f 5205//2677 5172//2677 4792//2677
f 4792//2678 5172//2678 4762//2678
f 5201//2679 4784//2679 4765//2679
f 5210//2680 5211//2680 5212//2680
f 5213//2681 5199//2681 5204//2681
f 5199//2682 5213//2682 5200//2682
f 5214//2683 5187//2683 5189//2683
f 5042//2684 5040//2684 5215//2684
f 5037//2685 5216//2685 5217//2685
f 5042//2686 5215//2686 5043//2686
f 5217//2687 5216//2687 5210//2687
f 5045//2688 5187//2688 5047//2688
f 5187//2689 5214//2689 5047//2689
f 5047//2690 5214//2690 5049//2690
f 5218//2691 5219//2691 5220//2691
f 5219//2692 5221//2692 5220//2692
f 5220//2693 5221//2693 5222//2693
f 5221//2694 5223//2694 5222//2694
f 5222//2695 5223//2695 5224//2695
f 5223//2696 5215//2696 5224//2696
f 5224//2697 5215//2697 5050//2697
f 5215//2698 5040//2698 5050//2698
f 5216//2699 5225//2699 5210//2699
f 5225//2700 5226//2700 5210//2700
f 5210//2701 5226//2701 5211//2701
f 5226//2702 5227//2702 5211//2702
f 5211//2703 5227//2703 5228//2703
f 5229//2704 5230//2704 5231//2704
f 5230//2705 5232//2705 5231//2705
f 5227//2706 5232//2706 5228//2706
f 5232//2707 5230//2707 5228//2707
f 5228//2708 5230//2708 5233//2708
f 5230//2709 5229//2709 5233//2709
f 5233//2710 5229//2710 5234//2710
f 5194//2711 5218//2711 5191//2711
f 5218//2712 5220//2712 5191//2712
f 5191//2713 5220//2713 5189//2713
f 5220//2714 5222//2714 5189//2714
f 5189//2715 5222//2715 5214//2715
f 5222//2716 5224//2716 5214//2716
f 5214//2717 5224//2717 5049//2717
f 5224//2718 5050//2718 5049//2718
f 5235//2719 5236//2719 5237//2719
f 5236//2720 5238//2720 5237//2720
f 5237//2721 5238//2721 5239//2721
f 5238//2722 5213//2722 5239//2722
f 5239//2723 5213//2723 5240//2723
f 5213//2724 5204//2724 5240//2724
f 5241//2725 5242//2725 5243//2725
f 5242//2726 5244//2726 5243//2726
f 5243//2727 5244//2727 5245//2727
f 4773//2728 5245//2728 4775//2728
f 5245//2729 5246//2729 4775//2729
f 4775//2730 5246//2730 5247//2730
f 5246//2731 5248//2731 5247//2731
f 5247//2732 5248//2732 5249//2732
f 5248//2733 5250//2733 5249//2733
f 5245//2734 5244//2734 5246//2734
f 5244//2735 5251//2735 5246//2735
f 5246//2736 5251//2736 5248//2736
f 5251//2737 5252//2737 5248//2737
f 5248//2738 5252//2738 5250//2738
f 5241//2739 5023//2739 5253//2739
f 5023//2740 5026//2740 5253//2740
f 5253//2741 5026//2741 5027//2741
f 5254//2742 5029//2742 5031//2742
f 5255//2743 5256//2743 5254//2743
f 5200//2744 5213//2744 5257//2744
f 5213//2745 5238//2745 5257//2745
f 5257//2746 5238//2746 5234//2746
f 5238//2747 5236//2747 5234//2747
f 5234//2748 5236//2748 5233//2748
f 5236//2749 5235//2749 5233//2749
f 5233//2750 5235//2750 5228//2750
f 5235//2751 5258//2751 5228//2751
f 5228//2752 5258//2752 5211//2752
f 5258//2753 5259//2753 5211//2753
f 5211//2754 5259//2754 5212//2754
f 5259//2755 5255//2755 5212//2755
f 5255//2756 5254//2756 5212//2756
f 5212//2757 5254//2757 5210//2757
f 5254//2758 5031//2758 5210//2758
f 5210//2759 5031//2759 5217//2759
f 5031//2760 5032//2760 5217//2760
f 5217//2761 5032//2761 5037//2761
f 5241//2762 5253//2762 5242//2762
f 5253//2763 5260//2763 5242//2763
f 5242//2764 5260//2764 5244//2764
f 5260//2765 5261//2765 5244//2765
f 5244//2766 5261//2766 5251//2766
f 5261//2767 5262//2767 5251//2767
f 5262//2768 5263//2768 5251//2768
f 5251//2769 5263//2769 5252//2769
f 5263//2770 5264//2770 5252//2770
f 5252//2771 5264//2771 5250//2771
f 5264//2772 5265//2772 5250//2772
f 5250//2773 5265//2773 5266//2773
f 5265//2774 5203//2774 5266//2774
f 5266//2775 5203//2775 5201//2775
f 5037//2776 5043//2776 5216//2776
f 5043//2777 5215//2777 5216//2777
f 5216//2778 5215//2778 5225//2778
f 5215//2779 5223//2779 5225//2779
f 5225//2780 5223//2780 5226//2780
f 5223//2781 5221//2781 5226//2781
f 5226//2782 5221//2782 5227//2782
f 5221//2783 5219//2783 5227//2783
f 5227//2784 5219//2784 5232//2784
f 5219//2785 5218//2785 5232//2785
f 5232//2786 5218//2786 5231//2786
f 5218//2787 5194//2787 5231//2787
f 5231//2788 5194//2788 5229//2788
f 5194//2789 5193//2789 5229//2789
f 5229//2790 5193//2790 5234//2790
f 5193//2791 5197//2791 5234//2791
f 5234//2792 5197//2792 5257//2792
f 5197//2793 5196//2793 5257//2793
f 5257//2794 5196//2794 5200//2794
f 5201//2795 4765//2795 5266//2795
f 4765//2796 4766//2796 5266//2796
f 5266//2797 4766//2797 5250//2797
f 4766//2798 4769//2798 5250//2798
f 5250//2799 4769//2799 5249//2799
f 4769//2800 4771//2800 5249//2800
f 5249//2801 4771//2801 5247//2801
f 4771//2802 4777//2802 5247//2802
f 5247//2803 4777//2803 4775//2803
f 5204//2804 5203//2804 5240//2804
f 5203//2805 5265//2805 5240//2805
f 5240//2806 5265//2806 5239//2806
f 5265//2807 5264//2807 5239//2807
f 5239//2808 5264//2808 5237//2808
f 5264//2809 5263//2809 5237//2809
f 5237//2810 5263//2810 5235//2810
f 5263//2811 5262//2811 5235//2811
f 5235//2812 5262//2812 5258//2812
f 5262//2813 5261//2813 5258//2813
f 5258//2814 5261//2814 5259//2814
f 5261//2815 5260//2815 5259//2815
f 5259//2816 5260//2816 5255//2816
f 5260//2817 5253//2817 5255//2817
f 5255//2818 5253//2818 5256//2818
f 5253//2819 5027//2819 5256//2819
f 5256//2820 5027//2820 5254//2820
f 5027//2821 5028//2821 5254//2821
f 5254//2822 5028//2822 5029//2822
f 5021//2823 5020//2823 5267//2823
f 5020//2824 5025//2824 5267//2824
f 5243//2825 5024//2825 5241//2825
f 5024//2826 5023//2826 5241//2826
f 4781//2827 4758//2827 5267//2827
f 4781//2828 5267//2828 4782//2828
f 4773//2829 4782//2829 5245//2829
f 4782//2830 5267//2830 5245//2830
f 5245//2831 5267//2831 5243//2831
f 5267//2832 5025//2832 5243//2832
f 5243//2833 5025//2833 5024//2833
f 4758//2834 4689//2834 5267//2834
f 4689//2835 4706//2835 5267//2835
f 5267//2836 4706//2836 5021//2836
f 5268//2837 4725//2837 4722//2837
f 5269//2838 5270//2838 5129//2838
f 5271//2839 5272//2839 5121//2839
f 5120//2840 5273//2840 5121//2840
f 5273//2841 5274//2841 5121//2841
f 5121//2842 5274//2842 5271//2842
f 5071//2843 5275//2843 5072//2843
f 5275//2844 5276//2844 5072//2844
f 5072//2845 5276//2845 5115//2845
f 5276//2846 5273//2846 5115//2846
f 5115//2847 5273//2847 5116//2847
f 5273//2848 5120//2848 5116//2848
f 5269//2849 5129//2849 5277//2849
f 5123//2850 5125//2850 5272//2850
f 5125//2851 5126//2851 5272//2851
f 5272//2852 5126//2852 5121//2852
f 5277//2853 5129//2853 5272//2853
f 5129//2854 5127//2854 5272//2854
f 5272//2855 5127//2855 5123//2855
f 5079//2856 5083//2856 5270//2856
f 5083//2857 5082//2857 5270//2857
f 5082//2858 5085//2858 5270//2858
f 5270//2859 5085//2859 5129//2859
f 5268//2860 4722//2860 5278//2860
f 5093//2861 5092//2861 5279//2861
f 5270//2862 5280//2862 5079//2862
f 5280//2863 5279//2863 5079//2863
f 5079//2864 5279//2864 5080//2864
f 5279//2865 5092//2865 5080//2865
f 5279//2866 5281//2866 5093//2866
f 5281//2867 5282//2867 5093//2867
f 5093//2868 5282//2868 5278//2868
f 5278//2869 4722//2869 5093//2869
f 4722//2870 4721//2870 5093//2870
f 5093//2871 4721//2871 5055//2871
f 5186//130 5045//130 5044//130
f 5275//130 5071//130 5148//130
f 5186//130 5044//130 5185//130
f 5148//130 5150//130 5275//130
f 5150//130 5149//130 5275//130
f 5275//130 5149//130 5044//130
f 5149//130 5183//130 5044//130
f 5044//130 5183//130 5185//130
f 5279//2872 5280//2872 5283//2872
f 5280//2873 5270//2873 5283//2873
f 5284//2874 5285//2874 5286//2874
f 4676//2875 4675//2875 5287//2875
f 5288//2876 5289//2876 5290//2876
f 5289//2877 5291//2877 5290//2877
f 5290//2878 5291//2878 5292//2878
f 5293//2879 5294//2879 5295//2879
f 4673//2880 4661//2880 5296//2880
f 5297//2881 5298//2881 5299//2881
f 5298//2882 5300//2882 5299//2882
f 5299//2883 5300//2883 5301//2883
f 5296//2884 5302//2884 4673//2884
f 5302//2885 5303//2885 4673//2885
f 4673//2886 5303//2886 4674//2886
f 5303//2887 5304//2887 4674//2887
f 4674//2888 5304//2888 4665//2888
f 5304//2889 5305//2889 4665//2889
f 4665//2890 5305//2890 4666//2890
f 5293//2891 5284//2891 5294//2891
f 5284//2892 5286//2892 5294//2892
f 5294//2893 5286//2893 5306//2893
f 5286//2894 5307//2894 5306//2894
f 5306//2895 5307//2895 5308//2895
f 5293//2896 5305//2896 5284//2896
f 5305//2897 5304//2897 5284//2897
f 5284//2898 5304//2898 5285//2898
f 5304//2899 5303//2899 5285//2899
f 5285//2900 5303//2900 5309//2900
f 5303//2901 5302//2901 5309//2901
f 5309//2902 5302//2902 5299//2902
f 5302//2903 5296//2903 5299//2903
f 5299//2904 5296//2904 5297//2904
f 5310//2905 5311//2905 5312//2905
f 5311//2906 5313//2906 5312//2906
f 5312//2907 5313//2907 5295//2907
f 5308//2908 5307//2908 5314//2908
f 5307//2909 5315//2909 5314//2909
f 5314//2910 5315//2910 5316//2910
f 4661//2911 4662//2911 5296//2911
f 4662//2912 4709//2912 5296//2912
f 5296//2913 4709//2913 5297//2913
f 4709//2914 4710//2914 5297//2914
f 5297//2915 4710//2915 5298//2915
f 4710//2916 4719//2916 5298//2916
f 5298//2917 4719//2917 5300//2917
f 4719//2918 4718//2918 5300//2918
f 5300//2919 4718//2919 5301//2919
f 4718//2920 4717//2920 5301//2920
f 5301//2921 4717//2921 5299//2921
f 4717//2922 4716//2922 5299//2922
f 5299//2923 4716//2923 5309//2923
f 4716//2924 4715//2924 5309//2924
f 5309//2925 4715//2925 5285//2925
f 4715//2926 4708//2926 5285//2926
f 5285//2927 4708//2927 5286//2927
f 4708//2928 4707//2928 5286//2928
f 5286//2929 4707//2929 5307//2929
f 5310//2930 5317//2930 5311//2930
f 5317//2931 5318//2931 5311//2931
f 5311//2932 5318//2932 5319//2932
f 5318//2933 5320//2933 5319//2933
f 5319//2934 5320//2934 5321//2934
f 5320//2935 5322//2935 5321//2935
f 5321//2936 5322//2936 5323//2936
f 5322//2937 5324//2937 5323//2937
f 5270//2938 5324//2938 5283//2938
f 5324//2939 5322//2939 5283//2939
f 5283//2940 5322//2940 5325//2940
f 5322//2941 5320//2941 5325//2941
f 5325//2942 5320//2942 5326//2942
f 5320//2943 5318//2943 5326//2943
f 5326//2944 5318//2944 5327//2944
f 5318//2945 5317//2945 5327//2945
f 5295//2946 5294//2946 5312//2946
f 5294//2947 5306//2947 5312//2947
f 5312//2948 5306//2948 5310//2948
f 5306//2949 5308//2949 5310//2949
f 5310//2950 5308//2950 5317//2950
f 5308//2951 5314//2951 5317//2951
f 5317//2952 5314//2952 5327//2952
f 5314//2953 5316//2953 5327//2953
f 5327//2954 5316//2954 5326//2954
f 5316//2955 5328//2955 5326//2955
f 5326//2956 5328//2956 5325//2956
f 4726//2957 5329//2957 5330//2957
f 5328//2958 5330//2958 5325//2958
f 5330//2959 5329//2959 5325//2959
f 5325//2960 5329//2960 5283//2960
f 5329//2961 5281//2961 5283//2961
f 5283//2962 5281//2962 5279//2962
f 5331//2963 5332//2963 5333//2963
f 5333//2964 5332//2964 5334//2964
f 5332//2965 5335//2965 5334//2965
f 5334//2966 5335//2966 5336//2966
f 5335//2967 5276//2967 5336//2967
f 5336//2968 5276//2968 5275//2968
f 5271//2969 5274//2969 5335//2969
f 5274//2970 5273//2970 5335//2970
f 5335//2971 5273//2971 5276//2971
f 4667//2972 4664//2972 5337//2972
f 4664//2973 5338//2973 5337//2973
f 5337//2974 5338//2974 5339//2974
f 5338//2975 5340//2975 5339//2975
f 5339//2976 5340//2976 5341//2976
f 5340//2977 5342//2977 5341//2977
f 5341//2978 5342//2978 5343//2978
f 5342//2979 5344//2979 5343//2979
f 5343//2980 5344//2980 5345//2980
f 5344//2981 5331//2981 5345//2981
f 5345//2982 5331//2982 5346//2982
f 5331//2983 5333//2983 5346//2983
f 5347//2984 5348//2984 4663//2984
f 4672//2985 4671//2985 5288//2985
f 4671//2985 4670//2985 5288//2985
f 5288//2986 4670//2986 5289//2986
f 4670//2987 4676//2987 5289//2987
f 5289//2988 4676//2988 5291//2988
f 4676//2989 5287//2989 5291//2989
f 5291//2990 5287//2990 5292//2990
f 5348//2991 5349//2991 5350//2991
f 5349//2992 5351//2992 5350//2992
f 5350//2993 5351//2993 5352//2993
f 5351//2994 5353//2994 5352//2994
f 5352//2995 5353//2995 5354//2995
f 5353//2996 5355//2996 5354//2996
f 5354//2997 5355//2997 5356//2997
f 5355//2998 5357//2998 5356//2998
f 5356//2999 5357//2999 5358//2999
f 5357//3000 5359//3000 5358//3000
f 5358//3001 5359//3001 5360//3001
f 5348//3002 5347//3002 5349//3002
f 5347//3003 5361//3003 5349//3003
f 5349//3004 5361//3004 5351//3004
f 5292//3005 5362//3005 5290//3005
f 5362//3006 5361//3006 5290//3006
f 5290//3007 5361//3007 5288//3007
f 5361//3008 5347//3008 5288//3008
f 5288//3009 5347//3009 4672//3009
f 5347//3010 4663//3010 4672//3010
f 5271//3011 5335//3011 5360//3011
f 5335//3012 5332//3012 5360//3012
f 5360//3013 5332//3013 5358//3013
f 5332//3014 5331//3014 5358//3014
f 5358//3015 5331//3015 5356//3015
f 5331//3016 5344//3016 5356//3016
f 5356//3017 5344//3017 5354//3017
f 5344//3018 5342//3018 5354//3018
f 5354//3019 5342//3019 5352//3019
f 5342//3020 5340//3020 5352//3020
f 5352//3021 5340//3021 5350//3021
f 5340//3022 5338//3022 5350//3022
f 5350//3023 5338//3023 5348//3023
f 5338//3024 4664//3024 5348//3024
f 5348//3025 4664//3025 4663//3025
f 4725//3026 5268//3026 4726//3026
f 5268//3027 5278//3027 4726//3027
f 4726//3028 5278//3028 5329//3028
f 5278//3029 5282//3029 5329//3029
f 5329//3030 5282//3030 5281//3030
f 4707//3031 4724//3031 5307//3031
f 4724//3032 4723//3032 5307//3032
f 5307//3033 4723//3033 5315//3033
f 4723//3034 4714//3034 5315//3034
f 5315//3035 4714//3035 5316//3035
f 4714//3036 4713//3036 5316//3036
f 5316//3037 4713//3037 5328//3037
f 4713//3038 4712//3038 5328//3038
f 5328//3039 4712//3039 5330//3039
f 4712//3040 4711//3040 5330//3040
f 5330//3041 4711//3041 4726//3041
f 5270//3042 5269//3042 5359//3042
f 5269//3043 5277//3043 5359//3043
f 5359//3044 5277//3044 5360//3044
f 5277//3045 5272//3045 5360//3045
f 5360//3046 5272//3046 5271//3046
f 5270//3047 5359//3047 5324//3047
f 5359//3048 5357//3048 5324//3048
f 5324//3049 5357//3049 5323//3049
f 5357//3050 5355//3050 5323//3050
f 5323//3051 5355//3051 5321//3051
f 5355//3052 5353//3052 5321//3052
f 5321//3053 5353//3053 5319//3053
f 5353//3054 5351//3054 5319//3054
f 5319//3055 5351//3055 5311//3055
f 5351//3056 5361//3056 5311//3056
f 5311//3057 5361//3057 5313//3057
f 5361//3058 5362//3058 5313//3058
f 5313//3059 5362//3059 5295//3059
f 5362//3060 5292//3060 5295//3060
f 5295//3061 5292//3061 5293//3061
f 5292//3062 5287//3062 5293//3062
f 5293//3063 5287//3063 5305//3063
f 5287//3064 4675//3064 5305//3064
f 5305//2890 4675//2890 4666//2890
f 5363//3065 5364//3065 5365//3065
f 5366//3066 5367//3066 5364//3066
f 4640//3067 5368//3067 4647//3067
f 4646//3068 5369//3068 4656//3068
f 5039//3069 5370//3069 5371//3069
f 5033//3070 5030//3070 5372//3070
f 5036//3071 5035//3071 5373//3071
f 5035//3072 5374//3072 5373//3072
f 5036//3073 5373//3073 5038//3073
f 5373//3074 5375//3074 5038//3074
f 5038//3075 5375//3075 5041//3075
f 5376//3076 5377//3076 5378//3076
f 5039//3077 5371//3077 5048//3077
f 5371//3078 5376//3078 5048//3078
f 5048//3079 5376//3079 5046//3079
f 5376//3080 5378//3080 5046//3080
f 5046//3081 5378//3081 5044//3081
f 4669//3082 4668//3082 5379//3082
f 4669//3083 5380//3083 4677//3083
f 5380//3084 5381//3084 4677//3084
f 4677//3085 5381//3085 4678//3085
f 5381//3085 4679//3085 4678//3085
f 5382//3086 5383//3086 5384//3086
f 4680//3087 5385//3087 4681//3087
f 5385//3088 5386//3088 4681//3088
f 4681//3089 5386//3089 4682//3089
f 5386//3090 5387//3090 4682//3090
f 4682//3091 5387//3091 4683//3091
f 4684//3092 5388//3092 4685//3092
f 5388//3093 5389//3093 4685//3093
f 4685//3094 5389//3094 4686//3094
f 5390//3095 5391//3095 4686//3095
f 5392//130 4687//130 4686//130
f 4686//3096 5391//3096 5393//3096
f 5394//3097 4645//3097 5395//3097
f 4645//3098 4644//3098 5395//3098
f 5396//3099 4660//3099 4659//3099
f 5397//3100 5396//3100 5398//3100
f 5396//3101 4659//3101 5398//3101
f 5398//3102 4659//3102 5399//3102
f 4659//3103 4658//3103 5399//3103
f 5400//3104 5401//3104 5402//3104
f 5401//3105 5403//3105 5402//3105
f 5402//3106 5403//3106 4643//3106
f 5403//3107 4639//3107 4643//3107
f 5030//3108 4649//3108 5372//3108
f 4649//3109 4648//3109 5372//3109
f 5372//3110 4648//3110 4647//3110
f 5035//3111 5034//3111 5374//3111
f 5034//3112 5033//3112 5374//3112
f 5374//3113 5033//3113 5404//3113
f 5033//3114 5372//3114 5404//3114
f 5404//3115 5372//3115 5405//3115
f 5372//3116 4647//3116 5405//3116
f 5384//3117 4679//3117 5382//3117
f 4679//3118 5381//3118 5382//3118
f 5382//3119 5381//3119 5406//3119
f 5381//3120 5380//3120 5406//3120
f 5367//3121 5366//3121 5407//3121
f 5366//3122 5408//3122 5407//3122
f 5407//3123 5408//3123 5409//3123
f 5364//3124 5363//3124 5366//3124
f 5363//3125 5410//3125 5366//3125
f 5366//3126 5410//3126 5408//3126
f 5410//3127 5411//3127 5408//3127
f 5408//3128 5411//3128 5409//3128
f 5412//3129 5413//3129 5400//3129
f 5414//3130 5413//3130 5415//3130
f 5413//3131 5412//3131 5415//3131
f 5415//3132 5412//3132 5416//3132
f 4647//3133 5368//3133 5405//3133
f 5368//3134 5417//3134 5405//3134
f 5405//3135 5417//3135 5404//3135
f 5417//3136 5418//3136 5404//3136
f 5404//3137 5418//3137 5374//3137
f 5418//3138 5419//3138 5374//3138
f 5374//3139 5419//3139 5373//3139
f 5419//3140 5420//3140 5373//3140
f 5373//3141 5420//3141 5375//3141
f 5421//3142 5422//3142 5416//3142
f 5423//3143 5422//3143 5424//3143
f 5422//3144 5421//3144 5424//3144
f 5424//3145 5421//3145 5425//3145
f 5414//3146 5415//3146 5426//3146
f 5415//3147 5416//3147 5426//3147
f 5426//3148 5416//3148 5427//3148
f 5416//3149 5422//3149 5427//3149
f 5427//3150 5422//3150 5428//3150
f 5422//3151 5423//3151 5428//3151
f 5428//3152 5423//3152 5429//3152
f 5430//3153 5377//3153 5431//3153
f 5377//3154 5376//3154 5431//3154
f 5431//3155 5376//3155 5432//3155
f 5376//3156 5371//3156 5432//3156
f 5432//3157 5371//3157 5433//3157
f 5371//3158 5370//3158 5433//3158
f 5433//3159 5370//3159 5434//3159
f 5429//3160 5430//3160 5428//3160
f 5430//3161 5431//3161 5428//3161
f 5428//3162 5431//3162 5427//3162
f 5431//3163 5432//3163 5427//3163
f 5427//3164 5432//3164 5426//3164
f 5432//3165 5433//3165 5426//3165
f 5426//3166 5433//3166 5414//3166
f 5433//3167 5434//3167 5414//3167
f 5414//3168 5434//3168 5413//3168
f 4641//3169 4660//3169 5435//3169
f 4660//3170 5396//3170 5435//3170
f 5435//3171 5396//3171 5411//3171
f 5396//3172 5397//3172 5411//3172
f 5411//3173 5397//3173 5409//3173
f 5039//3174 5041//3174 5370//3174
f 5041//3175 5375//3175 5370//3175
f 5370//3176 5375//3176 5434//3176
f 5375//3177 5420//3177 5434//3177
f 5434//3178 5420//3178 5413//3178
f 5420//3179 5419//3179 5413//3179
f 5413//3180 5419//3180 5400//3180
f 5419//3181 5418//3181 5400//3181
f 5400//3182 5418//3182 5401//3182
f 5418//3183 5417//3183 5401//3183
f 5401//3184 5417//3184 5403//3184
f 5417//3185 5368//3185 5403//3185
f 5403//3186 5368//3186 4639//3186
f 5368//3187 4640//3187 4639//3187
f 4653//3188 4652//3188 5436//3188
f 4652//3189 4651//3189 5436//3189
f 5436//3190 4651//3190 4650//3190
f 4686//3191 5437//3191 5390//3191
f 5437//3192 4654//3192 5390//3192
f 5390//3193 4654//3193 5391//3193
f 4654//3194 4653//3194 5391//3194
f 5391//3195 4653//3195 5393//3195
f 4653//3196 5436//3196 5393//3196
f 5393//3197 5436//3197 4686//3197
f 5436//3198 4650//3198 4686//3198
f 4686//130 4650//130 5392//130
f 4650//130 4688//130 5392//130
f 5392//130 4688//130 4687//130
f 5438//3199 5439//3199 5440//3199
f 5439//3200 5395//3200 5440//3200
f 5440//3201 5395//3201 4655//3201
f 5395//3202 4644//3202 4655//3202
f 4655//3203 4654//3203 5440//3203
f 4654//3204 5437//3204 5440//3204
f 5440//3205 5437//3205 5438//3205
f 5437//3206 4686//3206 5438//3206
f 5438//3207 4686//3207 5439//3207
f 4686//3208 5441//3208 5439//3208
f 5439//3209 5441//3209 5395//3209
f 5441//3210 5442//3210 5395//3210
f 5395//3211 5442//3211 5394//3211
f 5442//3212 5443//3212 5394//3212
f 5394//3213 5443//3213 4686//3213
f 5443//3214 5442//3214 4686//3214
f 4686//3215 5442//3215 5441//3215
f 5444//3216 5445//3216 5369//3216
f 5445//3217 5446//3217 5369//3217
f 5369//3218 5446//3218 4656//3218
f 5446//3219 4657//3219 4656//3219
f 4646//3220 4645//3220 5369//3220
f 4645//3221 5394//3221 5369//3221
f 5369//3222 5394//3222 5444//3222
f 5394//3223 4686//3223 5444//3223
f 5444//3224 4686//3224 5445//3224
f 4686//3225 5389//3225 5445//3225
f 5445//3226 5389//3226 5446//3226
f 5389//3227 5388//3227 5446//3227
f 5446//3228 5388//3228 5447//3228
f 4684//3092 4683//3092 5388//3092
f 4683//3229 5387//3229 5388//3229
f 5388//3230 5387//3230 5447//3230
f 5387//3231 5386//3231 5447//3231
f 5447//3232 5386//3232 5383//3232
f 5386//3233 5385//3233 5383//3233
f 5383//3234 5385//3234 5384//3234
f 5385//3235 4680//3235 5384//3235
f 5384//3236 4680//3236 4679//3236
f 5448//3237 5425//3237 5449//3237
f 5425//3238 5421//3238 5449//3238
f 5449//3239 5421//3239 5450//3239
f 5421//3240 5416//3240 5450//3240
f 5450//3241 5416//3241 5451//3241
f 5416//3242 5412//3242 5451//3242
f 5451//3243 5412//3243 5452//3243
f 5412//3244 5400//3244 5452//3244
f 5452//3245 5400//3245 5453//3245
f 5400//3246 5402//3246 5453//3246
f 5453//3247 5402//3247 4642//3247
f 5402//3248 4643//3248 4642//3248
f 4642//3249 4641//3249 5453//3249
f 4641//3250 5435//3250 5453//3250
f 5453//3251 5435//3251 5452//3251
f 5435//3252 5411//3252 5452//3252
f 5452//3253 5411//3253 5451//3253
f 5411//3254 5410//3254 5451//3254
f 5451//3255 5410//3255 5450//3255
f 5410//3256 5363//3256 5450//3256
f 5450//3257 5363//3257 5449//3257
f 5363//3258 5365//3258 5449//3258
f 5449//3259 5365//3259 5448//3259
f 4658//3260 4657//3260 5399//3260
f 4657//3261 5446//3261 5399//3261
f 5399//3262 5446//3262 5398//3262
f 5446//3263 5447//3263 5398//3263
f 5398//3264 5447//3264 5397//3264
f 5447//3265 5383//3265 5397//3265
f 5397//3266 5383//3266 5409//3266
f 5383//3267 5382//3267 5409//3267
f 5409//3268 5382//3268 5407//3268
f 5382//3269 5406//3269 5407//3269
f 5407//3270 5406//3270 5367//3270
f 5406//3271 5380//3271 5367//3271
f 5367//3272 5380//3272 5364//3272
f 5380//3273 4669//3273 5364//3273
f 5364//3274 4669//3274 5365//3274
f 4669//3275 5379//3275 5365//3275
f 5365//3276 5379//3276 5448//3276
f 5430//3277 5334//3277 5377//3277
f 5334//3278 5336//3278 5377//3278
f 5377//3279 5336//3279 5378//3279
f 5336//3280 5275//3280 5378//3280
f 5378//3280 5275//3280 5044//3280
f 4668//3082 4667//3082 5379//3082
f 4667//3281 5337//3281 5379//3281
f 5379//3282 5337//3282 5448//3282
f 5337//3283 5339//3283 5448//3283
f 5448//3284 5339//3284 5425//3284
f 5339//3285 5341//3285 5425//3285
f 5425//3286 5341//3286 5424//3286
f 5341//3287 5343//3287 5424//3287
f 5424//3288 5343//3288 5423//3288
f 5343//3289 5345//3289 5423//3289
f 5423//3290 5345//3290 5429//3290
f 5345//3291 5346//3291 5429//3291
f 5429//3292 5346//3292 5430//3292
f 5346//3293 5333//3293 5430//3293
f 5430//3294 5333//3294 5334//3294
f 5454//1 5455//1 5456//1
f 5455//1 5457//1 5456//1
f 5456//1 5457//1 5458//1
f 5459//1 5460//1 5456//1
f 5460//1 5461//1 5456//1
f 5456//1 5461//1 5454//1
f 5462//1 5463//1 5456//1
f 5463//1 5464//1 5456//1
f 5456//1 5464//1 5459//1
f 5465//1 5466//1 5456//1
f 5466//1 5467//1 5456//1
f 5456//1 5467//1 5462//1
f 5468//1 5469//1 5456//1
f 5469//1 5470//1 5456//1
f 5456//1 5470//1 5465//1
f 5471//1 5472//1 5456//1
f 5472//1 5473//1 5456//1
f 5456//1 5473//1 5468//1
f 5474//1 5475//1 5456//1
f 5475//1 5476//1 5456//1
f 5456//1 5476//1 5471//1
f 5458//1 5477//1 5456//1
f 5477//1 5478//1 5456//1
f 5456//1 5478//1 5474//1
f 4610//3295 5470//3295 4611//3295
f 5470//3295 5469//3295 4611//3295
f 4611//3296 5469//3296 4612//3296
f 5469//3296 5468//3296 4612//3296
f 4612//3297 5468//3297 4613//3297
f 5468//3297 5473//3297 4613//3297
f 4613//1055 5473//1055 4614//1055
f 5473//1055 5472//1055 4614//1055
f 4614//3298 5472//3298 4615//3298
f 5472//3298 5471//3298 4615//3298
f 4615//3299 5471//3299 4616//3299
f 5471//3299 5476//3299 4616//3299
f 4616//3300 5476//3300 4617//3300
f 5476//3300 5475//3300 4617//3300
f 4617//3301 5475//3301 4618//3301
f 5475//3301 5474//3301 4618//3301
f 4618//1025 5474//1025 4619//1025
f 5474//1025 5478//1025 4619//1025
f 4619//3302 5478//3302 4620//3302
f 5478//3302 5477//3302 4620//3302
f 4620//3303 5477//3303 4621//3303
f 5477//3303 5458//3303 4621//3303
f 4621//3304 5458//3304 4622//3304
f 5458//3304 5457//3304 4622//3304
f 4622//3305 5457//3305 4623//3305
f 5457//3305 5455//3305 4623//3305
f 4623//3306 5455//3306 4624//3306
f 5455//3306 5454//3306 4624//3306
f 4624//3307 5454//3307 4625//3307
f 5454//3307 5461//3307 4625//3307
f 4625//3308 5461//3308 4626//3308
f 5461//3308 5460//3308 4626//3308
f 4626//3309 5460//3309 4627//3309
f 5460//3309 5459//3309 4627//3309
f 4627//3310 5459//3310 4604//3310
f 5459//3310 5464//3310 4604//3310
f 4604//3311 5464//3311 4605//3311
f 5464//3311 5463//3311 4605//3311
f 4605//3312 5463//3312 4606//3312
f 5463//3312 5462//3312 4606//3312
f 4606//3313 5462//3313 4607//3313
f 5462//3313 5467//3313 4607//3313
f 4607//1045 5467//1045 4608//1045
f 5467//1045 5466//1045 4608//1045
f 4608//3314 5466//3314 4609//3314
f 5466//3314 5465//3314 4609//3314
f 4609//3315 5465//3315 4610//3315
f 5465//3315 5470//3315 4610//3315
f 5479//1 5480//1 5481//1
f 5480//1 5482//1 5481//1
f 5481//1 5482//1 5483//1
f 5484//1 5485//1 5481//1
f 5485//1 5486//1 5481//1
f 5481//1 5486//1 5479//1
f 5487//1 5488//1 5481//1
f 5488//1 5489//1 5481//1
f 5481//1 5489//1 5484//1
f 5490//1 5491//1 5481//1
f 5491//1 5492//1 5481//1
f 5481//1 5492//1 5487//1
f 5493//1 5494//1 5481//1
f 5494//1 5495//1 5481//1
f 5481//1 5495//1 5490//1
f 5496//1 5497//1 5481//1
f 5497//1 5498//1 5481//1
f 5481//1 5498//1 5493//1
f 5499//1 5500//1 5481//1
f 5500//1 5501//1 5481//1
f 5481//1 5501//1 5496//1
f 5483//1 5502//1 5481//1
f 5502//1 5503//1 5481//1
f 5481//1 5503//1 5499//1
f 4601//3316 5495//3316 4602//3316
f 5495//3316 5494//3316 4602//3316
f 4602//3296 5494//3296 4603//3296
f 5494//3296 5493//3296 4603//3296
f 4603//1054 5493//1054 4580//1054
f 5493//1054 5498//1054 4580//1054
f 4580//3317 5498//3317 4581//3317
f 5498//3317 5497//3317 4581//3317
f 4581//3318 5497//3318 4582//3318
f 5497//3318 5496//3318 4582//3318
f 4582//3319 5496//3319 4583//3319
f 5496//3319 5501//3319 4583//3319
f 4583//3320 5501//3320 4584//3320
f 5501//3320 5500//3320 4584//3320
f 4584//3321 5500//3321 4585//3321
f 5500//3321 5499//3321 4585//3321
f 4585//3322 5499//3322 4586//3322
f 5499//3322 5503//3322 4586//3322
f 4586//3323 5503//3323 4587//3323
f 5503//3323 5502//3323 4587//3323
f 4587//3303 5502//3303 4588//3303
f 5502//3303 5483//3303 4588//3303
f 4588//3324 5483//3324 4589//3324
f 5483//3324 5482//3324 4589//3324
f 4589//3325 5482//3325 4590//3325
f 5482//3325 5480//3325 4590//3325
f 4590//3306 5480//3306 4591//3306
f 5480//3306 5479//3306 4591//3306
f 4591//3326 5479//3326 4592//3326
f 5479//3326 5486//3326 4592//3326
f 4592//1035 5486//1035 4593//1035
f 5486//1035 5485//1035 4593//1035
f 4593//3327 5485//3327 4594//3327
f 5485//3327 5484//3327 4594//3327
f 4594//3328 5484//3328 4595//3328
f 5484//3328 5489//3328 4595//3328
f 4595//3329 5489//3329 4596//3329
f 5489//3329 5488//3329 4596//3329
f 4596//3330 5488//3330 4597//3330
f 5488//3330 5487//3330 4597//3330
f 4597//1044 5487//1044 4598//1044
f 5487//1044 5492//1044 4598//1044
f 4598//3331 5492//3331 4599//3331
f 5492//3331 5491//3331 4599//3331
f 4599//3314 5491//3314 4600//3314
f 5491//3314 5490//3314 4600//3314
f 4600//3332 5490//3332 4601//3332
f 5490//3332 5495//3332 4601//3332
f 5504//1 5505//1 5506//1
f 5505//1 5507//1 5506//1
f 5506//1 5507//1 5508//1
f 5509//1 5510//1 5506//1
f 5510//1 5511//1 5506//1
f 5506//1 5511//1 5504//1
f 5512//1 5513//1 5506//1
f 5513//1 5514//1 5506//1
f 5506//1 5514//1 5509//1
f 5515//1 5516//1 5506//1
f 5516//1 5517//1 5506//1
f 5506//1 5517//1 5512//1
f 5518//1 5519//1 5506//1
f 5519//1 5520//1 5506//1
f 5506//1 5520//1 5515//1
f 5521//1 5522//1 5506//1
f 5522//1 5523//1 5506//1
f 5506//1 5523//1 5518//1
f 5524//1 5525//1 5506//1
f 5525//1 5526//1 5506//1
f 5506//1 5526//1 5521//1
f 5508//1 5527//1 5506//1
f 5527//1 5528//1 5506//1
f 5506//1 5528//1 5524//1
f 4563//3333 5520//3333 4564//3333
f 5520//3333 5519//3333 4564//3333
f 4564//3334 5519//3334 4565//3334
f 5519//3334 5518//3334 4565//3334
f 4565//3335 5518//3335 4566//3335
f 5518//3335 5523//3335 4566//3335
f 4566//3336 5523//3336 4567//3336
f 5523//3336 5522//3336 4567//3336
f 4567//3337 5522//3337 4568//3337
f 5522//3337 5521//3337 4568//3337
f 4568//557 5521//557 4569//557
f 5521//557 5526//557 4569//557
f 4569//556 5526//556 4570//556
f 5526//556 5525//556 4570//556
f 4570//3338 5525//3338 4571//3338
f 5525//3338 5524//3338 4571//3338
f 4571//3339 5524//3339 4572//3339
f 5524//3339 5528//3339 4572//3339
f 4572//3340 5528//3340 4573//3340
f 5528//3340 5527//3340 4573//3340
f 4573//1070 5527//1070 4574//1070
f 5527//1070 5508//1070 4574//1070
f 4574//3341 5508//3341 4575//3341
f 5508//3342 5507//3342 4575//3342
f 4575//3343 5507//3343 4576//3343
f 5507//3344 5505//3344 4576//3344
f 4576//1105 5505//1105 4577//1105
f 5505//1105 5504//1105 4577//1105
f 4577//3345 5504//3345 4578//3345
f 5504//3345 5511//3345 4578//3345
f 4578//3346 5511//3346 4579//3346
f 5511//3346 5510//3346 4579//3346
f 4579//3347 5510//3347 4556//3347
f 5510//3347 5509//3347 4556//3347
f 4556//565 5509//565 4557//565
f 5509//565 5514//565 4557//565
f 4557//564 5514//564 4558//564
f 5514//564 5513//564 4558//564
f 4558//3348 5513//3348 4559//3348
f 5513//3348 5512//3348 4559//3348
f 4559//3349 5512//3349 4560//3349
f 5512//3349 5517//3349 4560//3349
f 4560//3350 5517//3350 4561//3350
f 5517//3350 5516//3350 4561//3350
f 4561//3351 5516//3351 4562//3351
f 5516//3351 5515//3351 4562//3351
f 4562//3352 5515//3352 4563//3352
f 5515//3352 5520//3352 4563//3352
f 5529//1 5530//1 5531//1
f 5530//1 5532//1 5531//1
f 5531//1 5532//1 5533//1
f 5534//1 5535//1 5531//1
f 5535//1 5536//1 5531//1
f 5531//1 5536//1 5529//1
f 5537//1 5538//1 5531//1
f 5538//1 5539//1 5531//1
f 5531//1 5539//1 5534//1
f 5540//1 5541//1 5531//1
f 5541//1 5542//1 5531//1
f 5531//1 5542//1 5537//1
f 5543//1 5544//1 5531//1
f 5544//1 5545//1 5531//1
f 5531//1 5545//1 5540//1
f 5546//1 5547//1 5531//1
f 5547//1 5548//1 5531//1
f 5531//1 5548//1 5543//1
f 5549//1 5550//1 5531//1
f 5550//1 5551//1 5531//1
f 5531//1 5551//1 5546//1
f 5533//1 5552//1 5531//1
f 5552//1 5553//1 5531//1
f 5531//1 5553//1 5549//1
f 4535//3295 5545//3295 4536//3295
f 5545//3295 5544//3295 4536//3295
f 4536//3296 5544//3296 4537//3296
f 5544//3296 5543//3296 4537//3296
f 4537//3297 5543//3297 4538//3297
f 5543//3297 5548//3297 4538//3297
f 4538//1055 5548//1055 4539//1055
f 5548//1055 5547//1055 4539//1055
f 4539//3318 5547//3318 4540//3318
f 5547//3318 5546//3318 4540//3318
f 4540//3319 5546//3319 4541//3319
f 5546//3319 5551//3319 4541//3319
f 4541//3320 5551//3320 4542//3320
f 5551//3320 5550//3320 4542//3320
f 4542//3321 5550//3321 4543//3321
f 5550//3321 5549//3321 4543//3321
f 4543//1025 5549//1025 4544//1025
f 5549//1025 5553//1025 4544//1025
f 4544//3353 5553//3353 4545//3353
f 5553//3353 5552//3353 4545//3353
f 4545//3303 5552//3303 4546//3303
f 5552//3303 5533//3303 4546//3303
f 4546//3354 5533//3354 4547//3354
f 5533//3354 5532//3354 4547//3354
f 4547//3355 5532//3355 4548//3355
f 5532//3355 5530//3355 4548//3355
f 4548//3306 5530//3306 4549//3306
f 5530//3306 5529//3306 4549//3306
f 4549//3356 5529//3356 4550//3356
f 5529//3356 5536//3356 4550//3356
f 4550//3308 5536//3308 4551//3308
f 5536//3308 5535//3308 4551//3308
f 4551//3327 5535//3327 4552//3327
f 5535//3327 5534//3327 4552//3327
f 4552//3328 5534//3328 4553//3328
f 5534//3328 5539//3328 4553//3328
f 4553//3329 5539//3329 4554//3329
f 5539//3329 5538//3329 4554//3329
f 4554//3330 5538//3330 4555//3330
f 5538//3330 5537//3330 4555//3330
f 4555//3313 5537//3313 4532//3313
f 5537//3313 5542//3313 4532//3313
f 4532//1045 5542//1045 4533//1045
f 5542//1045 5541//1045 4533//1045
f 4533//3314 5541//3314 4534//3314
f 5541//3314 5540//3314 4534//3314
f 4534//3315 5540//3315 4535//3315
f 5540//3315 5545//3315 4535//3315
f 5554//1 5555//1 5556//1
f 5555//1 5557//1 5556//1
f 5556//1 5557//1 5558//1
f 5559//1 5560//1 5556//1
f 5560//1 5561//1 5556//1
f 5556//1 5561//1 5554//1
f 5562//1 5563//1 5556//1
f 5563//1 5564//1 5556//1
f 5556//1 5564//1 5559//1
f 5565//1 5566//1 5556//1
f 5566//1 5567//1 5556//1
f 5556//1 5567//1 5562//1
f 5568//1 5569//1 5556//1
f 5569//1 5570//1 5556//1
f 5556//1 5570//1 5565//1
f 5571//1 5572//1 5556//1
f 5572//1 5573//1 5556//1
f 5556//1 5573//1 5568//1
f 5574//1 5575//1 5556//1
f 5575//1 5576//1 5556//1
f 5556//1 5576//1 5571//1
f 5558//1 5577//1 5556//1
f 5577//1 5578//1 5556//1
f 5556//1 5578//1 5574//1
f 4514//3316 5570//3316 4515//3316
f 5570//3316 5569//3316 4515//3316
f 4515//3296 5569//3296 4516//3296
f 5569//3296 5568//3296 4516//3296
f 4516//1054 5568//1054 4517//1054
f 5568//1054 5573//1054 4517//1054
f 4517//3317 5573//3317 4518//3317
f 5573//3317 5572//3317 4518//3317
f 4518//3298 5572//3298 4519//3298
f 5572//3298 5571//3298 4519//3298
f 4519//3299 5571//3299 4520//3299
f 5571//3299 5576//3299 4520//3299
f 4520//3300 5576//3300 4521//3300
f 5576//3300 5575//3300 4521//3300
f 4521//3301 5575//3301 4522//3301
f 5575//3301 5574//3301 4522//3301
f 4522//3322 5574//3322 4523//3322
f 5574//3322 5578//3322 4523//3322
f 4523//3357 5578//3357 4524//3357
f 5578//3357 5577//3357 4524//3357
f 4524//3303 5577//3303 4525//3303
f 5577//3303 5558//3303 4525//3303
f 4525//3358 5558//3358 4526//3358
f 5558//3358 5557//3358 4526//3358
f 4526//3359 5557//3359 4527//3359
f 5557//3359 5555//3359 4527//3359
f 4527//3306 5555//3306 4528//3306
f 5555//3306 5554//3306 4528//3306
f 4528//3360 5554//3360 4529//3360
f 5554//3360 5561//3360 4529//3360
f 4529//1035 5561//1035 4530//1035
f 5561//1035 5560//1035 4530//1035
f 4530//3309 5560//3309 4531//3309
f 5560//3309 5559//3309 4531//3309
f 4531//3310 5559//3310 4508//3310
f 5559//3310 5564//3310 4508//3310
f 4508//3311 5564//3311 4509//3311
f 5564//3311 5563//3311 4509//3311
f 4509//3312 5563//3312 4510//3312
f 5563//3312 5562//3312 4510//3312
f 4510//1044 5562//1044 4511//1044
f 5562//1044 5567//1044 4511//1044
f 4511//3331 5567//3331 4512//3331
f 5567//3331 5566//3331 4512//3331
f 4512//3314 5566//3314 4513//3314
f 5566//3314 5565//3314 4513//3314
f 4513//3332 5565//3332 4514//3332
f 5565//3332 5570//3332 4514//3332
f 5579//1 5580//1 5581//1
f 5580//1 5582//1 5581//1
f 5581//1 5582//1 5583//1
f 5584//1 5585//1 5581//1
f 5585//1 5586//1 5581//1
f 5581//1 5586//1 5579//1
f 5587//1 5588//1 5581//1
f 5588//1 5589//1 5581//1
f 5581//1 5589//1 5584//1
f 5590//1 5591//1 5581//1
f 5591//1 5592//1 5581//1
f 5581//1 5592//1 5587//1
f 5593//1 5594//1 5581//1
f 5594//1 5595//1 5581//1
f 5581//1 5595//1 5590//1
f 5596//1 5597//1 5581//1
f 5597//1 5598//1 5581//1
f 5581//1 5598//1 5593//1
f 5599//1 5600//1 5581//1
f 5600//1 5601//1 5581//1
f 5581//1 5601//1 5596//1
f 5583//1 5602//1 5581//1
f 5602//1 5603//1 5581//1
f 5581//1 5603//1 5599//1
f 3588//3361 5582//3361 3589//3361
f 5582//3361 5580//3361 3589//3361
f 3589//1079 5580//1079 3590//1079
f 5580//1079 5579//1079 3590//1079
f 3590//3362 5579//3362 3591//3362
f 5579//3362 5586//3362 3591//3362
f 3591//3363 5586//3363 3592//3363
f 5586//3363 5585//3363 3592//3363
f 3592//3364 5585//3364 3593//3364
f 5585//3364 5584//3364 3593//3364
f 3593//3365 5584//3365 3594//3365
f 5584//3365 5589//3365 3594//3365
f 3594//3366 5589//3366 3595//3366
f 5589//3366 5588//3366 3595//3366
f 3595//3338 5588//3338 3596//3338
f 5588//3338 5587//3338 3596//3338
f 3596//3339 5587//3339 3597//3339
f 5587//3339 5592//3339 3597//3339
f 3597//3340 5592//3340 3598//3340
f 5592//3340 5591//3340 3598//3340
f 3598//3367 5591//3367 3599//3367
f 5591//3367 5590//3367 3599//3367
f 3599//3368 5590//3368 3600//3368
f 5590//3369 5595//3369 3600//3369
f 3600//3370 5595//3370 3601//3370
f 5595//3371 5594//3371 3601//3371
f 3601//3372 5594//3372 3602//3372
f 5594//3372 5593//3372 3602//3372
f 3602//3345 5593//3345 3603//3345
f 5593//3345 5598//3345 3603//3345
f 3603//3346 5598//3346 3604//3346
f 5598//3346 5597//3346 3604//3346
f 3604//3347 5597//3347 3581//3347
f 5597//3347 5596//3347 3581//3347
f 3581//3373 5596//3373 3582//3373
f 5596//3373 5601//3373 3582//3373
f 3582//3374 5601//3374 3583//3374
f 5601//3374 5600//3374 3583//3374
f 3583//3375 5600//3375 3584//3375
f 5600//3375 5599//3375 3584//3375
f 3584//3376 5599//3376 3585//3376
f 5599//3376 5603//3376 3585//3376
f 3585//3377 5603//3377 3586//3377
f 5603//3377 5602//3377 3586//3377
f 3586//1116 5602//1116 3587//1116
f 5602//1116 5583//1116 3587//1116
f 3587//3378 5583//3378 3588//3378
f 5583//3378 5582//3378 3588//3378
f 3577//1 3579//1 5604//1
f 3579//1 3533//1 5604//1
f 5604//1 3533//1 3535//1
f 3571//1 3573//1 5604//1
f 3573//1 3575//1 5604//1
f 5604//1 3575//1 3577//1
f 3565//1 3567//1 5604//1
f 3567//1 3569//1 5604//1
f 5604//1 3569//1 3571//1
f 3559//1 3561//1 5604//1
f 3561//1 3563//1 5604//1
f 5604//1 3563//1 3565//1
f 3553//1 3555//1 5604//1
f 3555//1 3557//1 5604//1
f 5604//1 3557//1 3559//1
f 3547//1 3549//1 5604//1
f 3549//1 3551//1 5604//1
f 5604//1 3551//1 3553//1
f 3541//1 3543//1 5604//1
f 3543//1 3545//1 5604//1
f 5604//1 3545//1 3547//1
f 3535//1 3537//1 5604//1
f 3537//1 3539//1 5604//1
f 5604//1 3539//1 3541//1
f 3529//1 3531//1 5605//1
f 3531//1 3485//1 5605//1
f 5605//1 3485//1 3487//1
f 3523//1 3525//1 5605//1
f 3525//1 3527//1 5605//1
f 5605//1 3527//1 3529//1
f 3517//1 3519//1 5605//1
f 3519//1 3521//1 5605//1
f 5605//1 3521//1 3523//1
f 3511//1 3513//1 5605//1
f 3513//1 3515//1 5605//1
f 5605//1 3515//1 3517//1
f 3505//1 3507//1 5605//1
f 3507//1 3509//1 5605//1
f 5605//1 3509//1 3511//1
f 3499//1 3501//1 5605//1
f 3501//1 3503//1 5605//1
f 5605//1 3503//1 3505//1
f 3493//1 3495//1 5605//1
f 3495//1 3497//1 5605//1
f 5605//1 3497//1 3499//1
f 3487//1 3489//1 5605//1
f 3489//1 3491//1 5605//1
f 5605//1 3491//1 3493//1
f 3481//1 3483//1 5606//1
f 3483//1 3437//1 5606//1
f 5606//1 3437//1 3439//1
f 3475//1 3477//1 5606//1
f 3477//1 3479//1 5606//1
f 5606//1 3479//1 3481//1
f 3469//1 3471//1 5606//1
f 3471//1 3473//1 5606//1
f 5606//1 3473//1 3475//1
f 3463//1 3465//1 5606//1
f 3465//1 3467//1 5606//1
f 5606//1 3467//1 3469//1
f 3457//1 3459//1 5606//1
f 3459//1 3461//1 5606//1
f 5606//1 3461//1 3463//1
f 3451//1 3453//1 5606//1
f 3453//1 3455//1 5606//1
f 5606//1 3455//1 3457//1
f 3445//1 3447//1 5606//1
f 3447//1 3449//1 5606//1
f 5606//1 3449//1 3451//1
f 3439//1 3441//1 5606//1
f 3441//1 3443//1 5606//1
f 5606//1 3443//1 3445//1
f 3433//1 3435//1 5607//1
f 3435//1 3389//1 5607//1
f 5607//1 3389//1 3391//1
f 3427//1 3429//1 5607//1
f 3429//1 3431//1 5607//1
f 5607//1 3431//1 3433//1
f 3421//1 3423//1 5607//1
f 3423//1 3425//1 5607//1
f 5607//1 3425//1 3427//1
f 3415//1 3417//1 5607//1
f 3417//1 3419//1 5607//1
f 5607//1 3419//1 3421//1
f 3409//1 3411//1 5607//1
f 3411//1 3413//1 5607//1
f 5607//1 3413//1 3415//1
f 3403//1 3405//1 5607//1
f 3405//1 3407//1 5607//1
f 5607//1 3407//1 3409//1
f 3397//1 3399//1 5607//1
f 3399//1 3401//1 5607//1
f 5607//1 3401//1 3403//1
f 3391//1 3393//1 5607//1
f 3393//1 3395//1 5607//1
f 5607//1 3395//1 3397//1
f 3374//1 3375//1 5608//1
f 3375//1 3376//1 5608//1
f 5608//1 3376//1 3377//1
f 3383//1 3379//1 5608//1
f 3379//1 3378//1 5608//1
f 5608//1 3378//1 3374//1
f 3380//1 3381//1 5608//1
f 3381//1 3382//1 5608//1
f 5608//1 3382//1 3383//1
f 3388//1 3385//1 5608//1
f 3385//1 3384//1 5608//1
f 5608//1 3384//1 3380//1
f 3367//1 3386//1 5608//1
f 3386//1 3387//1 5608//1
f 5608//1 3387//1 3388//1
f 3371//1 3365//1 5608//1
f 3365//1 3366//1 5608//1
f 5608//1 3366//1 3367//1
f 3368//1 3369//1 5608//1
f 3369//1 3370//1 5608//1
f 5608//1 3370//1 3371//1
f 3377//1 3373//1 5608//1
f 3373//1 3372//1 5608//1
f 5608//1 3372//1 3368//1
# Vertices: 5608, normals: 3378, texture coordinates: 0, faces: 11252

