# File generated by ImageToStl.com - Free Image and 3D model conversion tools

o obj1
v -0.01352832 0.0147304 0.00847224
v -0.0132667 0.01496645 0.00820226
v -0.01226929 0.01579444 0.01
v -0.01306273 0.0151448 0.00785
v -0.01293319 0.01525558 0.00743961
v -0.0147304 0.01352832 0.00847224
v -0.01444994 0.01382748 0.00864203
v -0.01508434 0.0131325 0.01
v -0.01414214 0.01414214 0.0087
v -0.01382726 0.01445015 0.00864195
v -0.01288887 0.01529304 0.007
v -0.0129332 0.01525557 0.00656034
v -0.01226929 0.01579444 0.0035
v -0.01306273 0.0151448 0.00615
v -0.01326673 0.01496643 0.00579771
v -0.01352832 0.0147304 0.00552776
v -0.01414043 0.01414384 0.0035
v -0.01382635 0.01445102 0.00535839
v -0.01414214 0.01414214 0.0053
v -0.01508434 0.0131325 0.0035
v -0.01444959 0.01382785 0.00535783
v -0.0147304 0.01352832 0.00552776
v -0.01508434 0.0131325 0.00600745
v -0.01733333 0.00997775 0.0035
v -0.01529304 0.01288887 0.007
v -0.01733333 0.00997775 0.01
v -0.01525542 0.01293337 0.00655949
v -0.0151448 0.01306273 0.00615
v -0.01525548 0.0129333 0.00744016
v -0.01514479 0.01306275 0.00785003
v -0.01508434 0.0131325 0.00799256
v -0.01352832 -0.0147304 0.00552776
v -0.0132667 -0.01496645 0.00579774
v -0.01226929 -0.01579444 0.0035
v -0.01306273 -0.0151448 0.00615
v -0.01293319 -0.01525558 0.00656039
v -0.0147304 -0.01352832 0.00552776
v -0.01444994 -0.01382748 0.00535797
v -0.01508434 -0.0131325 0.0035
v -0.01414214 -0.01414214 0.0053
v -0.01382726 -0.01445015 0.00535805
v -0.01288887 -0.01529304 0.007
v -0.0129332 -0.01525557 0.00743966
v -0.01226929 -0.01579444 0.01
v -0.01306273 -0.0151448 0.00785
v -0.01326673 -0.01496643 0.00820229
v -0.01352832 -0.0147304 0.00847224
v -0.01382635 -0.01445102 0.00864161
v -0.01508434 -0.0131325 0.01
v -0.01414214 -0.01414214 0.0087
v -0.01444959 -0.01382785 0.00864217
v -0.0147304 -0.01352832 0.00847224
v -0.01508434 -0.0131325 0.00799256
v -0.01733333 -0.00997775 0.01
v -0.0151448 -0.01306273 0.00785
v -0.01525542 -0.01293337 0.00744051
v -0.01529304 -0.01288887 0.007
v -0.01733333 -0.00997775 0.0035
v -0.01525548 -0.0129333 0.00655984
v -0.01514479 -0.01306275 0.00614997
v -0.01508434 -0.0131325 0.00600745
v 0.01288887 -0.01529304 0.007
v 0.0129333 -0.01525548 0.00655984
v 0.01284919 -0.01532639 0.0035
v 0.01293337 -0.01525542 0.00744051
v 0.01284919 -0.01532639 0.01
v 0.00965309 -0.01751622 0.01
v 0.00965309 -0.01751622 0.0035
v 0.00609475 -0.01904873 0.01
v 0.00609475 -0.01904873 0.0035
v 0.00230769 -0.01986642 0.01
v 0.00230769 -0.01986642 0.0035
v -0.00156597 -0.0199386 0.01
v -0.00156597 -0.0199386 0.0035
v -0.00538086 -0.01926256 0.01
v -0.00538086 -0.01926256 0.0035
v -0.00899383 -0.01786368 0.01
v -0.00899383 -0.01786368 0.0035
v 0.01306273 -0.0151448 0.00615
v 0.01326656 -0.01496657 0.00579792
v 0.01352832 -0.0147304 0.00552776
v 0.01382748 -0.01444994 0.00535797
v 0.01414214 -0.01414214 0.0053
v 0.01556312 -0.01256142 0.0035
v 0.01445015 -0.01382726 0.00535805
v 0.0147304 -0.01352832 0.00552776
v 0.01496645 -0.0132667 0.00579774
v 0.0151448 -0.01306273 0.00615
v 0.01525558 -0.01293319 0.00656039
v 0.01529304 -0.01288887 0.007
v 0.01525557 -0.0129332 0.00743966
v 0.01556312 -0.01256142 0.01
v 0.0151448 -0.01306273 0.00785
v 0.01496643 -0.01326673 0.00820229
v 0.0147304 -0.01352832 0.00847224
v 0.01445102 -0.01382635 0.00864161
v 0.01414214 -0.01414214 0.0087
v 0.01382785 -0.01444959 0.00864217
v 0.01352832 -0.0147304 0.00847224
v 0.01326642 -0.0149667 0.00820189
v 0.01306273 -0.0151448 0.00785
v 0.01769302 -0.00932508 0.0035
v 0.01769302 -0.00932508 0.01
v 0.01915897 -0.0057388 0.0035
v 0.01915897 -0.0057388 0.01
v 0.01990596 -0.00193716 0.0035
v 0.01990596 -0.00193716 0.01
v 0.01990596 0.00193716 0.0035
v 0.01990596 0.00193716 0.01
v 0.01915897 0.0057388 0.0035
v 0.01915897 0.0057388 0.01
v 0.01769302 0.00932508 0.0035
v 0.01769302 0.00932508 0.01
v 0.01556312 0.01256142 0.0035
v 0.01556312 0.01256142 0.01
v 0.0151448 0.01306273 0.00615
v 0.01496643 0.01326673 0.00579771
v 0.0147304 0.01352832 0.00552776
v 0.01445102 0.01382635 0.00535839
v 0.01284919 0.01532639 0.0035
v 0.01414214 0.01414214 0.0053
v 0.01382785 0.01444959 0.00535783
v 0.01352832 0.0147304 0.00552776
v 0.01326642 0.0149667 0.00579811
v 0.01306273 0.0151448 0.00615
v 0.01293337 0.01525542 0.00655949
v 0.01496645 0.0132667 0.00820226
v 0.0151448 0.01306273 0.00785
v 0.01284919 0.01532639 0.01
v 0.01288887 0.01529304 0.007
v 0.0129333 0.01525548 0.00744016
v 0.01306273 0.0151448 0.00785
v 0.01326656 0.01496657 0.00820208
v 0.01352832 0.0147304 0.00847224
v 0.0147304 0.01352832 0.00847224
v 0.01382748 0.01444994 0.00864203
v 0.01414214 0.01414214 0.0087
v 0.01445015 0.01382726 0.00864195
v 0.01525558 0.01293319 0.00743961
v 0.01529304 0.01288887 0.007
v 0.01525557 0.0129332 0.00656034
v 0.00965309 0.01751622 0.0035
v 0.00965309 0.01751622 0.01
v 0.00609475 0.01904873 0.0035
v 0.00609475 0.01904873 0.01
v 0.00230769 0.01986642 0.0035
v 0.00230769 0.01986642 0.01
v -0.00156597 0.0199386 0.0035
v -0.00156597 0.0199386 0.01
v -0.00538086 0.01926256 0.0035
v -0.00538086 0.01926256 0.01
v -0.00899383 0.01786368 0.0035
v -0.00899383 0.01786368 0.01
v 0.01065568 0.00637449 0.0035
v 0.00916974 0.00620707 0.0035
v 0.01129297 0.00302594 0.0035
v -0.01783046 -0.00877431 0.0035
v -0.01129297 -0.00302594 0.0035
v -0.018 -0.00748331 0.0035
v -0.01065568 -0.00637449 0.0035
v -0.00916974 -0.00620707 0.0035
v -0.00775831 -0.00670095 0.0035
v -0.00670095 -0.00775831 0.0035
v -0.00302594 -0.01129297 0.0035
v -0.00620707 -0.00916974 0.0035
v -0.00637449 -0.01065568 0.0035
v -0.00717006 -0.01192182 0.0035
v -0.0084362 -0.01271739 0.0035
v -0.00992214 -0.01288481 0.0035
v -0.01133357 -0.01239093 0.0035
v -0.01239093 -0.01133357 0.0035
v -0.01288481 -0.00992214 0.0035
v -0.01271739 -0.0084362 0.0035
v -0.01192182 -0.00717006 0.0035
v -0.00413351 0.00413351 0.0035
v -0.00986855 0.00238432 0.0035
v -0.01066412 0.00111818 0.0035
v -0.01193026 0.00032261 0.0035
v -0.0134162 0.00015518 0.0035
v -0.01482763 0.00064906 0.0035
v -0.01414974 0.00666551 0.0035
v -0.0126638 0.00683293 0.0035
v -0.01125237 0.00633905 0.0035
v -0.01019501 0.00528168 0.0035
v -0.00970113 0.00387026 0.0035
v -0.01588499 0.00170643 0.0035
v -0.01637887 0.00311786 0.0035
v -0.018 0.00748331 0.0035
v -0.01621145 0.00460379 0.0035
v -0.01783046 0.00877431 0.0035
v -0.01541588 0.00586994 0.0035
v -0.00387026 0.00970113 0.0035
v -0.00528168 0.01019501 0.0035
v -0.00064906 0.01482763 0.0035
v -0.00015518 0.0134162 0.0035
v 0.00302594 0.01129297 0.0035
v -0.00633905 0.01125237 0.0035
v -0.00683293 0.0126638 0.0035
v -0.00666551 0.01414974 0.0035
v -0.00586994 0.01541588 0.0035
v -0.00460379 0.01621145 0.0035
v -0.00311786 0.01637887 0.0035
v -0.00170643 0.01588499 0.0035
v -0.00032261 0.01193026 0.0035
v -0.00111818 0.01066412 0.0035
v -0.00238432 0.00986855 0.0035
v 0.00889846 0.01716549 0.0035
v 0.01716549 0.00889846 0.0035
v 0.01541588 -0.00586994 0.0035
v 0.01414974 -0.00666551 0.0035
v 0.01239252 -0.01239252 0.0035
v 0.01019501 -0.00528168 0.0035
v 0.00413351 -0.00413351 0.0035
v 0.01125237 -0.00633905 0.0035
v 0.0126638 -0.00683293 0.0035
v 0.00970113 -0.00387026 0.0035
v 0.00986855 -0.00238432 0.0035
v 0.01066412 -0.00111818 0.0035
v 0.01193026 -0.00032261 0.0035
v 0.01637887 -0.00311786 0.0035
v 0.01621145 -0.00460379 0.0035
v 0.0134162 -0.00015518 0.0035
v 0.01482763 -0.00064906 0.0035
v 0.01588499 -0.00170643 0.0035
v 0.00064906 -0.01482763 0.0035
v 0.00015518 -0.0134162 0.0035
v 0.00170643 -0.01588499 0.0035
v 0.00460379 -0.01621145 0.0035
v 0.00311786 -0.01637887 0.0035
v 0.00032261 -0.01193026 0.0035
v 0.00111818 -0.01066412 0.0035
v 0.00238432 -0.00986855 0.0035
v 0.00387026 -0.00970113 0.0035
v 0.00528168 -0.01019501 0.0035
v 0.00633905 -0.01125237 0.0035
v 0.00683293 -0.0126638 0.0035
v 0.00666551 -0.01414974 0.0035
v 0.00586994 -0.01541588 0.0035
v 0.00670095 0.00775831 0.0035
v 0.00620707 0.00916974 0.0035
v 0.01192182 0.00717006 0.0035
v 0.00775831 0.00670095 0.0035
v 0.0084362 0.01271739 0.0035
v 0.00717006 0.01192182 0.0035
v 0.00637449 0.01065568 0.0035
v 0.01271739 0.0084362 0.0035
v 0.01288481 0.00992214 0.0035
v 0.00992214 0.01288481 0.0035
v 0.01133357 0.01239093 0.0035
v 0.01239093 0.01133357 0.0035
v 0.01424208 -0.00229198 -0
v 0.01347999 -0.00185198 -0
v 0.01129297 0.00302594 0
v -0.01711722 -0.01349966 -0
v -0.01359887 -0.0170385 -0
v -0.01523847 -0.01558939 -0
v -0.00834386 -0.00834386 -0
v -0.00910595 -0.00790387 -0
v -0.01129297 -0.00302594 -0
v 0.01887935 -0.0109 -0
v 0.01659296 -0.01413909 -0
v 0.01461637 -0.01461637 -0
v -0.02780978 -0.00279616 -0
v -0.0283 -0.0019 -0
v -0.02792733 -0.00112543 -0
v -0.0283 0.0019 0
v -0.02774621 0.003369 0
v 0.02440482 -0.01131408 -0
v 0.02720954 -0.00847884 -0
v 0.02460878 -0.01266729 -0
v 0.02549709 -0.01273376 -0
v 0.02420541 -0.013975 -0
v 0.02312427 -0.01665888 -0
v 0.02165021 -0.01767685 -0
v 0.02015254 -0.02015254 -0
v 0.01853428 -0.02092087 -0
v 0.01665888 -0.02312427 -0
v 0.01493832 -0.02362306 -0
v 0.01273376 -0.02549709 -0
v 0.01095547 -0.02571343 -0
v 0.00847884 -0.02720954 -0
v 0.00668887 -0.02713782 -0
v 0.00400432 -0.02821729 -0
v 0.00224904 -0.02785937 -0
v -0.00057391 -0.02849422 -0
v -0.00224904 -0.02785937 -0
v -0.00513727 -0.02803317 -0
v -0.00668887 -0.02713782 -0
v -0.00956758 -0.02684607 -0
v -0.01095547 -0.02571343 -0
v -0.01375009 -0.02496367 -0
v -0.01493832 -0.02362306 -0
v -0.01757649 -0.02243473 -0
v -0.01853428 -0.02092087 -0
v -0.02094766 -0.01932474 -0
v -0.02165021 -0.01767685 -0
v -0.0237763 -0.01571425 -0
v -0.02420541 -0.013975 -0
v -0.02598915 -0.01169677 -0
v -0.0261337 -0.00991121 -0
v -0.02752889 -0.00737634 -0
v -0.02738515 -0.00559072 -0
v -0.02835564 -0.00286488 -0
v -0.0284366 -0.0019 -0
v 0.02363391 -0.01018337 -0
v 0.02244875 -0.00949911 -0
v 0.02177583 -0.00745692 -0
v 0.02108408 -0.00939685 -0
v 0.01981017 -0.00989682 -0
v 0.02803317 0.00513727 0
v 0.02849422 0.00057391 0
v 0.02729631 -0.00193643 -0
v 0.02821729 -0.00400432 -0
v 0.02684607 0.00956758 0
v 0.01681345 0.00854642 0
v 0.01932474 0.02094766 0
v 0.02243473 0.01757649 0
v 0.02496367 0.01375009 0
v 0.00286488 0.02835564 0
v 0 0.02795 0
v -0.00172079 0.028448 0
v -0.0044835 0.02758805 0
v -0.00626188 0.02780358 0
v -0.00885087 0.02651159 0
v -0.0106408 0.02643905 0
v -0.01298901 0.0247485 0
v -0.01474413 0.02438977 0
v -0.01679075 0.02234443 0
v -0.01846559 0.0217088 0
v -0.02015761 0.01936164 0
v -0.0217088 0.01846559 0
v -0.0230024 0.01587741 0
v -0.02438977 0.01474413 0
v -0.02525144 0.01198196 0
v -0.02643905 0.0106408 0
v -0.02684648 0.00777618 0
v -0.02780358 0.00626188 0
v -0.0284366 0.0019 0
v -0.00394833 0.02143946 0
v 0 0.0218 0
v 0.00302594 0.01129297 0
v 0.00133419 0.02210452 0
v 0.00854642 0.01681345 0
v 0.00240413 0.02295777 0
v 0.01571425 0.0237763 0
v 0.0029979 0.02419075 0
v 0.01169677 0.02598915 0
v 0.0029979 0.02555925 0
v 0.00737634 0.02752889 0
v 0.00240413 0.02679223 0
v 0.00133419 0.02764548 0
v -0.00393405 0.01468207 0
v -0.00776607 0.02036978 0
v -0.00469614 0.01424208 0
v -0.01132693 0.01862634 0
v -0.01461637 0.01461637 0
v -0.00513613 0.01347999 0
v -0.00513613 0.01260001 0
v -0.00413351 0.00413351 0
v -0.00469614 0.01183792 0
v -0.00393405 0.01139793 0
v -0.00305406 0.01139793 0
v -0.00229198 0.01183792 0
v -0.00185198 0.01260001 0
v -0.00185198 0.01347999 0
v -0.00229198 0.01424208 0
v -0.00305406 0.01468207 0
v -0.0193559 0.01002942 0
v -0.01721929 0.01336921 0
v -0.01451313 0.0162668 0
v -0.01260001 0.00513613 0
v -0.01347999 0.00513613 0
v -0.01424208 0.00469614 0
v -0.02085228 0.00635788 0
v -0.01468207 0.00393405 0
v -0.01468207 0.00305406 0
v -0.01424208 0.00229198 0
v -0.01347999 0.00185198 0
v -0.01183792 0.00469614 0
v -0.01139793 0.00393405 0
v -0.01260001 0.00185198 0
v -0.01183792 0.00229198 0
v -0.01139793 0.00305406 0
v -0.02174918 -0.00148768 -0
v -0.02112004 -0.00540221 -0
v -0.01979232 -0.00913805 -0
v -0.02165893 0.00247605 0
v -0.00834386 -0.01074802 -0
v -0.00790387 -0.00998593 -0
v -0.00302594 -0.01129297 -0
v -0.00790387 -0.00910595 -0
v -0.00998593 -0.00790387 -0
v -0.01074802 -0.00834386 -0
v -0.01118802 -0.00910595 -0
v -0.01780994 -0.01257163 -0
v -0.01118802 -0.00998593 -0
v -0.00910595 -0.01118802 -0
v -0.00868514 -0.01999521 -0
v -0.00998593 -0.01118802 -0
v -0.01216296 -0.0180915 -0
v -0.01074802 -0.01074802 -0
v 0.00296843 -0.02159695 -0
v -0.00099222 -0.02177741 -0
v -0.00492005 -0.02123754 -0
v 0.00305406 -0.01468207 -0
v 0.0068309 -0.02070215 -0
v 0.00393405 -0.01468207 -0
v 0.01046742 -0.01912258 -0
v 0.00469614 -0.01183792 -0
v 0.00413351 -0.00413351 -0
v 0.00513613 -0.01260001 -0
v 0.00513613 -0.01347999 -0
v 0.00469614 -0.01424208 -0
v 0.00393405 -0.01139793 -0
v 0.00305406 -0.01139793 -0
v 0.00229198 -0.01183792 -0
v 0.00185198 -0.01260001 -0
v 0.00185198 -0.01347999 -0
v 0.00229198 -0.01424208 -0
v 0.01375772 -0.01691051 -0
v 0.01118802 0.00910595 0
v 0.01118802 0.00998593 0
v 0.00998593 0.00790387 0
v 0.01074802 0.00834386 0
v 0.01074802 0.01074802 0
v 0.00834386 0.01074802 0
v 0.00910595 0.01118802 0
v 0.00998593 0.01118802 0
v 0.00790387 0.00998593 0
v 0.00790387 0.00910595 0
v 0.00834386 0.00834386 0
v 0.00910595 0.00790387 0
v 0.01468207 -0.00393405 -0
v 0.01468207 -0.00305406 -0
v 0.01424208 -0.00469614 -0
v 0.01347999 -0.00513613 -0
v 0.01260001 -0.00185198 -0
v 0.01183792 -0.00229198 -0
v 0.01139793 -0.00305406 -0
v 0.01139793 -0.00393405 -0
v 0.01183792 -0.00469614 -0
v 0.01260001 -0.00513613 -0
v -0.01910708 0.02114639 0.00400563
v -0.01845491 0.02171787 0.0046878
v -0.01846559 0.0217088 0
v -0.0284366 0.0019 0
v -0.0284366 0.0019 0.003
v -0.02780358 0.00626188 0
v -0.028448 0.00172079 0.00380554
v -0.02845246 0.00164544 0.00395001
v -0.02846832 0.00134347 0.00434353
v -0.028448 0.00172079 0.0105
v -0.02848416 0.00095 0.00464545
v -0.02848416 -0.00095 0.00464545
v -0.02846833 -0.00134328 0.00434372
v -0.02835564 -0.00286488 0.0105
v -0.02849576 0.00049192 0.00483522
v -0.0285 -0 0.0049
v -0.02849575 -0.0004923 0.00483511
v -0.02845246 -0.00164545 0.00395
v -0.02844084 -0.00183538 0.00349132
v -0.0284366 -0.0019 0.003
v -0.01961995 -0.02067142 0.01026676
v -0.01757649 -0.02243473 0.0105
v -0.02015254 -0.02015254 0.01036
v -0.02094766 -0.01932474 0.0105
v -0.02056065 -0.019736 0.01030296
v -0.01910708 -0.02114639 0.00999437
v -0.01865366 -0.02154742 0.00957174
v -0.01827753 -0.02186737 0.0090243
v -0.01800255 -0.0220943 0.00839662
v -0.01783322 -0.0222312 0.0077098
v -0.01777666 -0.02227645 0.00700147
v -0.01783322 -0.0222312 0.0062902
v -0.01800208 -0.02209468 0.00560475
v -0.01757649 -0.02243473 0
v -0.01827765 -0.02186727 0.00497549
v -0.01845491 -0.02171787 0.0046878
v -0.01910708 -0.02114639 0.00400563
v -0.01961847 -0.02067282 0.00373376
v -0.02094766 -0.01932474 0
v -0.02015254 -0.02015254 0.00364
v -0.02056256 -0.01973401 0.00369759
v -0.02095467 -0.01931714 0.0038709
v -0.0237763 -0.01571425 0
v -0.02114639 -0.01910708 0.00400563
v -0.02154669 -0.01865449 0.00442729
v -0.02209429 -0.01800257 0.00839668
v -0.02186737 -0.01827753 0.0090243
v -0.0237763 -0.01571425 0.0105
v -0.02186737 -0.01827753 0.0049757
v -0.02209441 -0.01800242 0.00560377
v -0.0222312 -0.01783322 0.0062902
v -0.02227645 -0.01777666 0.00700154
v -0.0222312 -0.01783322 0.0077098
v -0.02154808 -0.01865289 0.00957084
v -0.02114657 -0.01910687 0.00999422
v -0.02094766 -0.01932474 0.01013335
v 0.02067142 -0.01961995 0.01026676
v 0.02312427 -0.01665888 0.0105
v 0.02015254 -0.02015254 0.0105
v 0.02114639 -0.01910708 0.00999437
v 0.02154742 -0.01865366 0.00957174
v 0.02186737 -0.01827753 0.0090243
v 0.0220943 -0.01800255 0.00839662
v 0.0222312 -0.01783322 0.0077098
v 0.02227645 -0.01777666 0.00700147
v 0.0222312 -0.01783322 0.0062902
v 0.02209468 -0.01800208 0.00560475
v 0.02312427 -0.01665888 0
v 0.02186727 -0.01827765 0.00497549
v 0.02171787 -0.01845491 0.0046878
v 0.02114639 -0.01910708 0.00400563
v 0.02015254 -0.02015254 0
v 0.02067282 -0.01961847 0.00373376
v 0.02015254 -0.02015254 0.00364
v 0.01961917 -0.02067216 0.00373351
v 0.01665888 -0.02312427 0
v 0.01827753 -0.02186737 0.0090243
v 0.01865289 -0.02154808 0.00957084
v 0.01665888 -0.02312427 0.0105
v 0.01910708 -0.02114639 0.00400563
v 0.01865449 -0.02154669 0.00442729
v 0.01827753 -0.02186737 0.0049757
v 0.01777666 -0.02227645 0.00700154
v 0.01783322 -0.0222312 0.0077098
v 0.01800257 -0.02209429 0.00839668
v 0.01800242 -0.02209441 0.00560377
v 0.01783322 -0.0222312 0.0062902
v 0.01910708 -0.02114639 0.00999437
v 0.01962043 -0.02067097 0.01026693
v 0.02015254 -0.02015254 0.01036
v 0.02067108 0.0196203 0.00373312
v 0.02243473 0.01757649 0
v 0.02015254 0.02015254 0.00364
v 0.01932474 0.02094766 0
v 0.01973351 0.02056304 0.00369773
v 0.02154805 0.01865292 0.00957087
v 0.02114639 0.01910708 0.00999437
v 0.02243473 0.01757649 0.0105
v 0.02186737 0.01827753 0.0090243
v 0.02114639 0.01910708 0.00400563
v 0.02171787 0.01845491 0.0046878
v 0.02186737 0.01827753 0.0049757
v 0.02227645 0.01777666 0.0070014
v 0.0222312 0.01783322 0.0077098
v 0.02209434 0.01800251 0.00839651
v 0.02209456 0.01800223 0.00560432
v 0.0222312 0.01783322 0.0062902
v 0.02067091 0.01962049 0.01026695
v 0.02015254 0.02015254 0.01036
v 0.01932474 0.02094766 0.0105
v 0.0197343 0.02056228 0.01030249
v 0.01931713 0.02095467 0.0101291
v 0.01571425 0.0237763 0.0105
v 0.01800239 0.02209443 0.00560383
v 0.01827753 0.02186737 0.0049757
v 0.01571425 0.0237763 0
v 0.01910708 0.02114639 0.00999437
v 0.01865358 0.02154748 0.00957165
v 0.01827753 0.02186737 0.0090243
v 0.01783322 0.0222312 0.0062902
v 0.01800259 0.02209427 0.00839674
v 0.01783322 0.0222312 0.0077098
v 0.01777666 0.02227645 0.00700156
v 0.01865493 0.02154631 0.00442677
v 0.01910687 0.02114657 0.00400578
v 0.01932474 0.02094766 0.00386665
v -0.01474413 0.02438977 0
v -0.01827753 0.02186737 0.0049757
v -0.01800223 0.02209456 0.00560432
v -0.01783322 0.0222312 0.0062902
v -0.01777666 0.02227645 0.0070014
v -0.01783322 0.0222312 0.0077098
v -0.01474413 0.02438977 0.0105
v -0.01846559 0.0217088 0.00932764
v -0.01846559 0.0217088 0.0105
v -0.01827765 0.02186727 0.00902452
v -0.01800251 0.02209434 0.00839651
v -0.02114639 0.01910708 0.00400563
v -0.02067166 0.0196197 0.00373333
v -0.0217088 0.01846559 0
v -0.02015254 0.02015254 0.00364
v -0.0196203 0.02067108 0.00373312
v -0.0217088 0.01846559 0.0105
v -0.0217088 0.01846559 0.00932764
v -0.02438977 0.01474413 0.0105
v -0.02186737 0.01827753 0.0090243
v -0.02209427 0.01800259 0.00839674
v -0.0222312 0.01783322 0.0077098
v -0.02227645 0.01777666 0.00700156
v -0.0222312 0.01783322 0.0062902
v -0.02209443 0.01800239 0.00560383
v -0.02438977 0.01474413 0
v -0.02186727 0.01827765 0.00497548
v -0.0217088 0.01846559 0.00467236
v -0.01910708 0.02114639 0.00999437
v -0.01962049 0.02067091 0.01026695
v -0.02015254 0.02015254 0.0105
v -0.02015254 0.02015254 0.01036
v -0.02067137 0.01962 0.01026678
v -0.02114639 0.01910708 0.00999437
v 0.02496367 0.01375009 0.0105
v 0.02496367 0.01375009 0
v 0.02684607 0.00956758 0.0105
v 0.02684607 0.00956758 0
v 0.02803317 0.00513727 0.0105
v 0.02803317 0.00513727 0
v 0.02849422 0.00057391 0.0105
v 0.02849422 0.00057391 0
v 0.02821729 -0.00400432 0.0105
v 0.02821729 -0.00400432 0
v 0.02720954 -0.00847884 0.0105
v 0.02720954 -0.00847884 0
v 0.02549709 -0.01273376 0.0105
v 0.02549709 -0.01273376 0
v -0.0106408 0.02643905 0.0105
v -0.0106408 0.02643905 0
v -0.00626188 0.02780358 0.0105
v -0.00626188 0.02780358 0
v -0.00172079 0.028448 0.0105
v -0.00172079 0.028448 0
v 0.00286488 0.02835564 0.0105
v 0.00286488 0.02835564 0
v 0.00737634 0.02752889 0.0105
v 0.00737634 0.02752889 0
v 0.01169677 0.02598915 0.0105
v 0.01169677 0.02598915 0
v -0.02780358 0.00626188 0.0105
v -0.02643905 0.0106408 0.0105
v -0.02643905 0.0106408 0
v -0.02598915 -0.01169677 0.0105
v -0.02598915 -0.01169677 0
v -0.02752889 -0.00737634 0.0105
v -0.02752889 -0.00737634 0
v -0.02835564 -0.00286488 0
v -0.0284366 -0.0019 0
v 0.01273376 -0.02549709 0.0105
v 0.01273376 -0.02549709 0
v 0.00847884 -0.02720954 0.0105
v 0.00847884 -0.02720954 0
v 0.00400432 -0.02821729 0.0105
v 0.00400432 -0.02821729 0
v -0.00057391 -0.02849422 0.0105
v -0.00057391 -0.02849422 0
v -0.00513727 -0.02803317 0.0105
v -0.00513727 -0.02803317 0
v -0.00956758 -0.02684607 0.0105
v -0.00956758 -0.02684607 0
v -0.01375009 -0.02496367 0.0105
v -0.01375009 -0.02496367 0
v -0.0185 -0.00748331 0.0105
v -0.0183135 -0.00890341 0.0105
v -0.01776667 -0.0102272 0.0105
v -0.01546145 -0.01346082 0.0105
v -0.01257603 -0.01618931 0.0105
v -0.00921867 -0.01831027 0.0105
v -0.00551538 -0.01974413 0.0105
v -0.0185 0.00748331 0.0105
v -0.00551538 0.01974413 0.0105
v -0.00921867 0.01831027 0.0105
v -0.01257603 0.01618931 0.0105
v -0.01546145 0.01346082 0.0105
v -0.01776667 0.0102272 0.0105
v -0.0183135 0.00890341 0.0105
v 0.01317042 -0.01570955 0.0105
v 0.0159522 -0.01287546 0.0105
v 0.01813534 -0.0095582 0.0105
v 0.01963795 -0.00588227 0.0105
v 0.02040361 -0.00198559 0.0105
v 0.02040361 0.00198559 0.0105
v -0.00160512 -0.02043706 0.0105
v 0.00236538 -0.02036308 0.0105
v 0.00624711 -0.01952495 0.0105
v 0.00989442 -0.01795412 0.0105
v 0.00989442 0.01795412 0.0105
v 0.00624711 0.01952495 0.0105
v 0.00236538 0.02036308 0.0105
v -0.00160512 0.02043706 0.0105
v 0.01963795 0.00588227 0.0105
v 0.01813534 0.0095582 0.0105
v 0.0159522 0.01287546 0.0105
v 0.01317042 0.01570955 0.0105
v 0.00188946 -0.01247852 0.00184
v 0.00185198 -0.01260001 0
v 0.00229198 -0.01183792 0
v 0.00185198 -0.01260001 0.00184
v 0.00180475 -0.01323034 0.00184
v 0.00185198 -0.01347999 0
v 0.00185198 -0.01347999 0.00184
v 0.00205463 -0.01394445 0.00184
v 0.00229198 -0.01424208 0
v 0.00229198 -0.01424208 0.00184
v 0.0025896 -0.01447943 0.00184
v 0.00305406 -0.01468207 0
v 0.00305406 -0.01468207 0.00184
v 0.00330372 -0.01472931 0.00184
v 0.00393405 -0.01468207 0
v 0.00393405 -0.01468207 0.00184
v 0.00405553 -0.0146446 0.00184
v 0.00469614 -0.01424208 0
v 0.00469614 -0.01424208 0.00184
v 0.00509866 -0.01360147 0.00184
v 0.00513613 -0.01347999 0
v 0.00513613 -0.01347999 0.00184
v 0.00518337 -0.01284966 0.00184
v 0.00513613 -0.01260001 0
v 0.00513613 -0.01260001 0.00184
v 0.00493349 -0.01213554 0.00184
v 0.00469614 -0.01183792 0
v 0.00469614 -0.01183792 0.00184
v 0.00439851 -0.01160057 0.00184
v 0.00393405 -0.01139793 0
v 0.00393405 -0.01139793 0.00184
v 0.0036844 -0.01135069 0.00184
v 0.00305406 -0.01139793 0
v 0.00305406 -0.01139793 0.00184
v 0.00293258 -0.0114354 0.00184
v 0.00229198 -0.01183792 0.00184
v 0.0114354 -0.00293258 0.00184
v 0.01139793 -0.00305406 0
v 0.01183792 -0.00229198 0
v 0.01139793 -0.00305406 0.00184
v 0.01135069 -0.0036844 0.00184
v 0.01139793 -0.00393405 0
v 0.01139793 -0.00393405 0.00184
v 0.01160057 -0.00439851 0.00184
v 0.01183792 -0.00469614 0
v 0.01183792 -0.00469614 0.00184
v 0.01213554 -0.00493349 0.00184
v 0.01260001 -0.00513613 0
v 0.01260001 -0.00513613 0.00184
v 0.01284966 -0.00518337 0.00184
v 0.01347999 -0.00513613 0
v 0.01347999 -0.00513613 0.00184
v 0.01360147 -0.00509866 0.00184
v 0.01424208 -0.00469614 0
v 0.01424208 -0.00469614 0.00184
v 0.0146446 -0.00405553 0.00184
v 0.01468207 -0.00393405 0
v 0.01468207 -0.00393405 0.00184
v 0.01472931 -0.00330372 0.00184
v 0.01468207 -0.00305406 0
v 0.01468207 -0.00305406 0.00184
v 0.01447943 -0.0025896 0.00184
v 0.01424208 -0.00229198 0
v 0.01424208 -0.00229198 0.00184
v 0.01394445 -0.00205463 0.00184
v 0.01347999 -0.00185198 0
v 0.01347999 -0.00185198 0.00184
v 0.01323034 -0.00180475 0.00184
v 0.01260001 -0.00185198 0
v 0.01260001 -0.00185198 0.00184
v 0.01247852 -0.00188946 0.00184
v 0.01183792 -0.00229198 0.00184
v 0.00794134 0.01010742 0.00184
v 0.00790387 0.00998593 0
v 0.00834386 0.01074802 0
v 0.00790387 0.00998593 0.00184
v 0.00785663 0.0093556 0.00184
v 0.00790387 0.00910595 0
v 0.00790387 0.00910595 0.00184
v 0.00810651 0.00864149 0.00184
v 0.00834386 0.00834386 0
v 0.00834386 0.00834386 0.00184
v 0.00864149 0.00810651 0.00184
v 0.00910595 0.00790387 0
v 0.00910595 0.00790387 0.00184
v 0.0093556 0.00785663 0.00184
v 0.00998593 0.00790387 0
v 0.00998593 0.00790387 0.00184
v 0.01010742 0.00794134 0.00184
v 0.01074802 0.00834386 0
v 0.01074802 0.00834386 0.00184
v 0.01115054 0.00898447 0.00184
v 0.01118802 0.00910595 0
v 0.01118802 0.00910595 0.00184
v 0.01123525 0.00973628 0.00184
v 0.01118802 0.00998593 0
v 0.01118802 0.00998593 0.00184
v 0.01098537 0.0104504 0.00184
v 0.01074802 0.01074802 0
v 0.01074802 0.01074802 0.00184
v 0.0104504 0.01098537 0.00184
v 0.00998593 0.01118802 0
v 0.00998593 0.01118802 0.00184
v 0.00973628 0.01123525 0.00184
v 0.00910595 0.01118802 0
v 0.00910595 0.01118802 0.00184
v 0.00898447 0.01115054 0.00184
v 0.00834386 0.01074802 0.00184
v -0.00509866 0.01360147 0.00184
v -0.00513613 0.01347999 0
v -0.00469614 0.01424208 0
v -0.00513613 0.01347999 0.00184
v -0.00518337 0.01284966 0.00184
v -0.00513613 0.01260001 0
v -0.00513613 0.01260001 0.00184
v -0.00493349 0.01213554 0.00184
v -0.00469614 0.01183792 0
v -0.00469614 0.01183792 0.00184
v -0.00439851 0.01160057 0.00184
v -0.00393405 0.01139793 0
v -0.00393405 0.01139793 0.00184
v -0.0036844 0.01135069 0.00184
v -0.00305406 0.01139793 0
v -0.00305406 0.01139793 0.00184
v -0.00293258 0.0114354 0.00184
v -0.00229198 0.01183792 0
v -0.00229198 0.01183792 0.00184
v -0.00188946 0.01247852 0.00184
v -0.00185198 0.01260001 0
v -0.00185198 0.01260001 0.00184
v -0.00180475 0.01323034 0.00184
v -0.00185198 0.01347999 0
v -0.00185198 0.01347999 0.00184
v -0.00205463 0.01394445 0.00184
v -0.00229198 0.01424208 0
v -0.00229198 0.01424208 0.00184
v -0.0025896 0.01447943 0.00184
v -0.00305406 0.01468207 0
v -0.00305406 0.01468207 0.00184
v -0.00330372 0.01472931 0.00184
v -0.00393405 0.01468207 0
v -0.00393405 0.01468207 0.00184
v -0.00405553 0.0146446 0.00184
v -0.00469614 0.01424208 0.00184
v -0.0146446 0.00405553 0.00184
v -0.01468207 0.00393405 0
v -0.01424208 0.00469614 0
v -0.01468207 0.00393405 0.00184
v -0.01472931 0.00330372 0.00184
v -0.01468207 0.00305406 0
v -0.01468207 0.00305406 0.00184
v -0.01447943 0.0025896 0.00184
v -0.01424208 0.00229198 0
v -0.01424208 0.00229198 0.00184
v -0.01394445 0.00205463 0.00184
v -0.01347999 0.00185198 0
v -0.01347999 0.00185198 0.00184
v -0.01323034 0.00180475 0.00184
v -0.01260001 0.00185198 0
v -0.01260001 0.00185198 0.00184
v -0.01247852 0.00188946 0.00184
v -0.01183792 0.00229198 0
v -0.01183792 0.00229198 0.00184
v -0.0114354 0.00293258 0.00184
v -0.01139793 0.00305406 0
v -0.01139793 0.00305406 0.00184
v -0.01135069 0.0036844 0.00184
v -0.01139793 0.00393405 0
v -0.01139793 0.00393405 0.00184
v -0.01160057 0.00439851 0.00184
v -0.01183792 0.00469614 0
v -0.01183792 0.00469614 0.00184
v -0.01213554 0.00493349 0.00184
v -0.01260001 0.00513613 0
v -0.01260001 0.00513613 0.00184
v -0.01284966 0.00518337 0.00184
v -0.01347999 0.00513613 0
v -0.01347999 0.00513613 0.00184
v -0.01360147 0.00509866 0.00184
v -0.01424208 0.00469614 0.00184
v -0.01115054 -0.00898447 0.00184
v -0.01118802 -0.00910595 0
v -0.01074802 -0.00834386 0
v -0.01118802 -0.00910595 0.00184
v -0.01123525 -0.00973628 0.00184
v -0.01118802 -0.00998593 0
v -0.01118802 -0.00998593 0.00184
v -0.01098537 -0.0104504 0.00184
v -0.01074802 -0.01074802 0
v -0.01074802 -0.01074802 0.00184
v -0.0104504 -0.01098537 0.00184
v -0.00998593 -0.01118802 0
v -0.00998593 -0.01118802 0.00184
v -0.00973628 -0.01123525 0.00184
v -0.00910595 -0.01118802 0
v -0.00910595 -0.01118802 0.00184
v -0.00898447 -0.01115054 0.00184
v -0.00834386 -0.01074802 0
v -0.00834386 -0.01074802 0.00184
v -0.00794134 -0.01010742 0.00184
v -0.00790387 -0.00998593 0
v -0.00790387 -0.00998593 0.00184
v -0.00785663 -0.0093556 0.00184
v -0.00790387 -0.00910595 0
v -0.00790387 -0.00910595 0.00184
v -0.00810651 -0.00864149 0.00184
v -0.00834386 -0.00834386 0
v -0.00834386 -0.00834386 0.00184
v -0.00864149 -0.00810651 0.00184
v -0.00910595 -0.00790387 0
v -0.00910595 -0.00790387 0.00184
v -0.0093556 -0.00785663 0.00184
v -0.00998593 -0.00790387 0
v -0.00998593 -0.00790387 0.00184
v -0.01010742 -0.00794134 0.00184
v -0.01074802 -0.00834386 0.00184
v -0.01845718 -0.01950031 0.00853165
v -0.01897875 -0.01897875 0.0087
v -0.01950031 -0.01845718 0.00853165
v -0.01957979 -0.0183777 0.00847224
v -0.01991857 -0.01803892 0.00805993
v -0.02001978 -0.01793771 0.00785
v -0.02015069 -0.0178068 0.00737829
v -0.02018083 -0.01777666 0.007
v -0.02015069 -0.0178068 0.00662171
v -0.02001978 -0.01793771 0.00615
v -0.01991857 -0.01803892 0.00594007
v -0.01957979 -0.0183777 0.00552776
v -0.01950031 -0.01845718 0.00546835
v -0.01897875 -0.01897875 0.0053
v -0.01845718 -0.01950031 0.00546835
v -0.0183777 -0.01957979 0.00552776
v -0.01803892 -0.01991857 0.00594007
v -0.01793771 -0.02001978 0.00615
v -0.0178068 -0.02015069 0.00662171
v -0.01777666 -0.02018083 0.007
v -0.0178068 -0.02015069 0.00737829
v -0.01793771 -0.02001978 0.00785
v -0.01803892 -0.01991857 0.00805993
v -0.0183777 -0.01957979 0.00847224
v 0.01950031 -0.01845718 0.00853165
v 0.01897875 -0.01897875 0.0087
v 0.01845718 -0.01950031 0.00853165
v 0.0183777 -0.01957979 0.00847224
v 0.01803892 -0.01991857 0.00805993
v 0.01793771 -0.02001978 0.00785
v 0.0178068 -0.02015069 0.00737829
v 0.01777666 -0.02018083 0.007
v 0.0178068 -0.02015069 0.00662171
v 0.01793771 -0.02001978 0.00615
v 0.01803892 -0.01991857 0.00594007
v 0.0183777 -0.01957979 0.00552776
v 0.01845718 -0.01950031 0.00546835
v 0.01897875 -0.01897875 0.0053
v 0.01950031 -0.01845718 0.00546835
v 0.01957979 -0.0183777 0.00552776
v 0.01991857 -0.01803892 0.00594007
v 0.02001978 -0.01793771 0.00615
v 0.02015069 -0.0178068 0.00662171
v 0.02018083 -0.01777666 0.007
v 0.02015069 -0.0178068 0.00737829
v 0.02001978 -0.01793771 0.00785
v 0.01991857 -0.01803892 0.00805993
v 0.01957979 -0.0183777 0.00847224
v 0.01950031 0.01845718 0.00546835
v 0.01897875 0.01897875 0.0053
v 0.01845718 0.01950031 0.00546835
v 0.0183777 0.01957979 0.00552776
v 0.01803892 0.01991857 0.00594007
v 0.01793771 0.02001978 0.00615
v 0.0178068 0.02015069 0.00662171
v 0.01777666 0.02018083 0.007
v 0.0178068 0.02015069 0.00737829
v 0.01793771 0.02001978 0.00785
v 0.01803892 0.01991857 0.00805993
v 0.0183777 0.01957979 0.00847224
v 0.01845718 0.01950031 0.00853165
v 0.01897875 0.01897875 0.0087
v 0.01950031 0.01845718 0.00853165
v 0.01957979 0.0183777 0.00847224
v 0.01991857 0.01803892 0.00805993
v 0.02001978 0.01793771 0.00785
v 0.02015069 0.0178068 0.00737829
v 0.02018083 0.01777666 0.007
v 0.02015069 0.0178068 0.00662171
v 0.02001978 0.01793771 0.00615
v 0.01991857 0.01803892 0.00594007
v 0.01957979 0.0183777 0.00552776
v -0.01845718 0.01950031 0.00546835
v -0.01897875 0.01897875 0.0053
v -0.01950031 0.01845718 0.00546835
v -0.01957979 0.0183777 0.00552776
v -0.01991857 0.01803892 0.00594007
v -0.02001978 0.01793771 0.00615
v -0.02015069 0.0178068 0.00662171
v -0.02018083 0.01777666 0.007
v -0.02015069 0.0178068 0.00737829
v -0.02001978 0.01793771 0.00785
v -0.01991857 0.01803892 0.00805993
v -0.01957979 0.0183777 0.00847224
v -0.01950031 0.01845718 0.00853165
v -0.01897875 0.01897875 0.0087
v -0.01845718 0.01950031 0.00853165
v -0.0183777 0.01957979 0.00847224
v -0.01803892 0.01991857 0.00805993
v -0.01793771 0.02001978 0.00785
v -0.0178068 0.02015069 0.00737829
v -0.01777666 0.02018083 0.007
v -0.0178068 0.02015069 0.00662171
v -0.01793771 0.02001978 0.00615
v -0.01803892 0.01991857 0.00594007
v -0.0183777 0.01957979 0.00552776
v 0 0.02775 0.004
v 0 0.02775 0.0002
v 0.00124742 0.02746529 0.004
v 0.00124742 0.02746529 0.0002
v 0.00224777 0.02666753 0.004
v 0.00224777 0.02666753 0.0002
v 0.00280292 0.02551475 0.004
v 0.00280292 0.02551475 0.0002
v 0.00280292 0.02423525 0.004
v 0.00280292 0.02423525 0.0002
v 0.00224777 0.02308247 0.004
v 0.00224777 0.02308247 0.0002
v 0.00124742 0.02228471 0.004
v 0.00124742 0.02228471 0.0002
v 0 0.022 0.004
v 0 0.022 0.0002
v 0.02403221 -0.013875 0.004
v 0.02403221 -0.013875 0.0002
v 0.02149529 -0.01755036 0.004
v 0.02149529 -0.01755036 0.0002
v 0.01840165 -0.02077117 0.004
v 0.01840165 -0.02077117 0.0002
v 0.01483143 -0.02345403 0.004
v 0.01483143 -0.02345403 0.0002
v 0.01087707 -0.02552943 0.004
v 0.01087707 -0.02552943 0.0002
v 0.00664101 -0.02694364 0.004
v 0.00664101 -0.02694364 0.0002
v 0.00223295 -0.02766002 0.004
v 0.00223295 -0.02766002 0.0002
v -0.00223295 -0.02766002 0.004
v -0.00223295 -0.02766002 0.0002
v -0.00664101 -0.02694364 0.004
v -0.00664101 -0.02694364 0.0002
v -0.01087707 -0.02552943 0.004
v -0.01087707 -0.02552943 0.0002
v -0.01483143 -0.02345403 0.004
v -0.01483143 -0.02345403 0.0002
v -0.01840165 -0.02077117 0.004
v -0.01840165 -0.02077117 0.0002
v -0.02149529 -0.01755036 0.004
v -0.02149529 -0.01755036 0.0002
v -0.02403221 -0.013875 0.004
v -0.02403221 -0.013875 0.0002
v -0.0259467 -0.00984029 0.004
v -0.0259467 -0.00984029 0.0002
v -0.02718919 -0.00555071 0.004
v -0.02718919 -0.00555071 0.0002
v -0.02772749 -0.00111738 0.004
v -0.02772749 -0.00111738 0.0002
v -0.02754767 0.00334489 0.004
v -0.02754767 0.00334489 0.0002
v -0.02665438 0.00772053 0.004
v -0.02665438 0.00772053 0.0002
v -0.02507075 0.01189622 0.004
v -0.02507075 0.01189622 0.0002
v -0.0228378 0.0157638 0.004
v -0.0228378 0.0157638 0.0002
v -0.02001337 0.0192231 0.004
v -0.02001337 0.0192231 0.0002
v -0.0166706 0.02218454 0.004
v -0.0166706 0.02218454 0.0002
v -0.01289607 0.0245714 0.004
v -0.01289607 0.0245714 0.0002
v -0.00878754 0.02632189 0.004
v -0.00878754 0.02632189 0.0002
v -0.00445141 0.02739064 0.004
v -0.00445141 0.02739064 0.0002
v 0 0.02775 0.004
v 0 0.02775 0.0002
v 0.01905256 -0.011 0.004
v 0.01905256 -0.011 0.0002
v 0.01992284 -0.01006206 0.004
v 0.01992284 -0.01006206 0.0002
v 0.02111389 -0.00959461 0.004
v 0.02111389 -0.00959461 0.0002
v 0.0223898 -0.00969023 0.004
v 0.0223898 -0.00969023 0.0002
v 0.02349788 -0.01032998 0.004
v 0.02349788 -0.01032998 0.0002
v 0.02421864 -0.01138714 0.004
v 0.02421864 -0.01138714 0.0002
v 0.02440934 -0.01265235 0.004
v 0.02440934 -0.01265235 0.0002
v 0 0.022 0.004
v 0 0.022 0.0002
v -0.00398456 0.02163616 0.0002
v -0.00398456 0.02163616 0.004
v -0.00783732 0.02055666 0.0002
v -0.00783732 0.02055666 0.004
v -0.01143085 0.01879723 0.0002
v -0.01143085 0.01879723 0.004
v -0.01464628 0.01641604 0.0002
v -0.01464628 0.01641604 0.004
v -0.01737727 0.01349187 0.0002
v -0.01737727 0.01349187 0.004
v -0.01953347 0.01012143 0.0002
v -0.01953347 0.01012143 0.004
v -0.02104358 0.00641621 0.0002
v -0.02104358 0.00641621 0.004
v -0.02185763 0.00249876 0.0002
v -0.02185763 0.00249876 0.004
v -0.02194871 -0.00150133 0.0002
v -0.02194871 -0.00150133 0.004
v -0.0213138 -0.00545177 0.0002
v -0.0213138 -0.00545177 0.004
v -0.0199739 -0.00922188 0.0002
v -0.0199739 -0.00922188 0.004
v -0.01797334 -0.01268697 0.0002
v -0.01797334 -0.01268697 0.004
v -0.01537827 -0.01573241 0.0002
v -0.01537827 -0.01573241 0.004
v -0.01227455 -0.01825748 0.0002
v -0.01227455 -0.01825748 0.004
v -0.00876482 -0.02017865 0.0002
v -0.00876482 -0.02017865 0.004
v -0.00496519 -0.02143238 0.0002
v -0.00496519 -0.02143238 0.004
v -0.00100132 -0.0219772 0.0002
v -0.00100132 -0.0219772 0.004
v 0.00299567 -0.02179509 0.0002
v 0.00299567 -0.02179509 0.004
v 0.00689357 -0.02089207 0.0002
v 0.00689357 -0.02089207 0.004
v 0.01056345 -0.01929802 0.0002
v 0.01056345 -0.01929802 0.004
v 0.01388393 -0.01706565 0.0002
v 0.01388393 -0.01706565 0.004
v 0.01674518 -0.01426881 0.0002
v 0.01674518 -0.01426881 0.004
v 0 0.02775 0.004
v 0 0.022 0.004
v -0.0283 0.0019 0
v -0.0283 -0.0019 0
v -0.0283 0.0019 0.003
v -0.0283 -0.0019 0.003
v -0.0283 0.00164545 0.00395
v -0.0283 -0.00095 0.00464545
v -0.0283 -0 0.0049
v -0.0283 0.00095 0.00464545
v -0.0283 -0.00164545 0.00395
v -0.0283 0.0019 -0
v -0.0284366 0.0019 0
v -0.0285 -0 0.0049
v -0.0284366 -0.0019 0
v -0.0283 -0.0019 -0
v 0.01887935 -0.0109 0
v 0.01659296 -0.01413909 0
v 0.01375772 -0.01691051 0
v 0.01046742 -0.01912258 0
v 0.0068309 -0.02070215 0
v 0.00296843 -0.02159695 0
v -0.00099222 -0.02177741 0
v -0.00492005 -0.02123754 0
v -0.00868514 -0.01999521 0
v -0.01216296 -0.0180915 0
v -0.01523847 -0.01558939 0
v -0.01780994 -0.01257163 0
v -0.01979232 -0.00913805 0
v -0.02112004 -0.00540221 0
v -0.02174918 -0.00148768 0
v -0.02165893 0.00247605 0
v -0.02085228 0.00635788 0
v -0.0193559 0.01002942 0
v -0.01721929 0.01336921 0
v -0.01451313 0.0162668 0
v -0.01132693 0.01862634 0
v -0.00776607 0.02036978 0
v -0.00394833 0.02143946 0
v 0 0.022 0.0002
v 0 0.0218 0
v 0.01887935 -0.0109 -0
v 0.01981017 -0.00989682 -0
v 0.02108408 -0.00939685 -0
v 0.02244875 -0.00949911 -0
v 0.02363391 -0.01018337 -0
v 0.02440482 -0.01131408 -0
v 0.02460878 -0.01266729 -0
v 0.02420541 -0.013975 -0
v 0 0.02775 0.0002
v 0 0.02795 -0
v 0.00133419 0.02764548 -0
v 0.00240413 0.02679223 -0
v 0.0029979 0.02555925 -0
v 0.0029979 0.02419075 -0
v 0.00240413 0.02295777 -0
v 0.00133419 0.02210452 -0
v 0 0.022 0.0002
v 0 0.0218 -0
v 0 0.02795 0
v 0 0.02775 0.0002
v -0.0044835 0.02758805 0
v -0.00885087 0.02651159 0
v -0.01298901 0.0247485 0
v -0.01679075 0.02234443 0
v -0.02015761 0.01936164 0
v -0.0230024 0.01587741 0
v -0.02525144 0.01198196 0
v -0.02684648 0.00777618 0
v -0.02774621 0.003369 0
v -0.02792733 -0.00112543 -0
v 0.02420541 -0.013975 -0
v 0.02165021 -0.01767685 -0
v 0.01853428 -0.02092087 -0
v 0.01493832 -0.02362306 -0
v 0.01095547 -0.02571343 -0
v 0.00668887 -0.02713782 -0
v 0.00224904 -0.02785937 -0
v -0.00224904 -0.02785937 -0
v -0.00668887 -0.02713782 -0
v -0.01095547 -0.02571343 -0
v -0.01493832 -0.02362306 -0
v -0.01853428 -0.02092087 -0
v -0.02165021 -0.01767685 -0
v -0.02420541 -0.013975 -0
v -0.0261337 -0.00991121 -0
v -0.02738515 -0.00559072 -0
v -0.018 -0.00748331 0.01
v -0.018 0.00748331 0.01
v -0.01783046 0.00877431 0.01
v -0.01783046 -0.00877431 0.01
v -0.00891506 -0.01044134 0.05
v -0.00891506 -0.01044134 0.044
v -0.00905709 -0.01068734 0.05
v -0.00905709 -0.01068734 0.044
v -0.01378405 -0.0025 0.05
v -0.01378405 -0.0025 0.044
v -0.0136361 -0.0025 0.05
v -0.0135 -0.0025 0.044
v -0.0135 -0.0025 0.05
v -0.0101459 -0.001 0.044
v -0.0101459 -0.001 0.05
v -0.01096239 -0.00117426 0.044
v -0.01096239 -0.00117426 0.05
v -0.01163661 -0.00166667 0.044
v -0.01163661 -0.00166667 0.05
v -0.00726168 -0.00924427 0.044
v -0.00726168 -0.00924427 0.05
v -0.00649813 -0.00890658 0.044
v -0.00649813 -0.00890658 0.05
v -0.00593897 -0.00828661 0.044
v -0.00593897 -0.00828661 0.05
v -0.01247938 -0.00228218 0.044
v -0.00821611 -0.00966637 0.044
v -0.01575975 -0.0041892 0.044
v -0.0156853 -0.00512069 0.044
v -0.01428942 -0.00825 0.044
v -0.0122773 -0.01102352 0.044
v -0.01469265 -0.0027183 0.044
v -0.0154029 -0.00332556 0.044
v -0.00650894 -0.00161626 0.044
v -0.00716796 -0.00116051 0.044
v -0.0060817 -0.00229412 0.044
v -0.00795299 -0.001 0.044
v -0.01150783 -0.01155375 0.044
v -0.01058147 -0.01167653 0.044
v -0.00970045 -0.01136506 0.044
v -0.00458901 -0.00562738 0.044
v -0.00465419 -0.00482878 0.044
v -0.00484252 -0.00638749 0.044
v -0.00502761 -0.00411984 0.044
v 0.0135 -0.0025 0.05
v 0.0135 -0.0025 0.044
v 0.01378405 -0.0025 0.05
v 0.01378405 -0.0025 0.044
v 0.00891506 -0.01044134 0.044
v 0.00891506 -0.01044134 0.05
v 0.00905709 -0.01068734 0.044
v 0.00905709 -0.01068734 0.05
v 0.00593897 -0.00828661 0.044
v 0.00593897 -0.00828661 0.05
v 0.00649813 -0.00890658 0.044
v 0.00649813 -0.00890658 0.05
v 0.00726168 -0.00924427 0.044
v 0.00726168 -0.00924427 0.05
v 0.01163661 -0.00166667 0.044
v 0.01163661 -0.00166667 0.05
v 0.01096239 -0.00117426 0.044
v 0.01096239 -0.00117426 0.05
v 0.0101459 -0.001 0.044
v 0.0101459 -0.001 0.05
v 0.00821611 -0.00966637 0.044
v 0.01247938 -0.00228218 0.044
v 0.0156853 -0.00512069 0.044
v 0.01575975 -0.0041892 0.044
v 0.00465419 -0.00482878 0.044
v 0.00458901 -0.00562738 0.044
v 0.00502761 -0.00411984 0.044
v 0.00484252 -0.00638749 0.044
v 0.0060817 -0.00229412 0.044
v 0.01469265 -0.0027183 0.044
v 0.0154029 -0.00332556 0.044
v 0.00970045 -0.01136506 0.044
v 0.01058147 -0.01167653 0.044
v 0.00716796 -0.00116051 0.044
v 0.00650894 -0.00161626 0.044
v 0.00795299 -0.001 0.044
v 0.01428942 -0.00825 0.044
v 0.0122773 -0.01102352 0.044
v 0.01150783 -0.01155375 0.044
v -0.00458494 0.01294134 0.05
v -0.00458494 0.01294134 0.044
v -0.00472696 0.01318734 0.05
v -0.00472696 0.01318734 0.044
v 0.00458494 0.01294134 0.044
v 0.00458494 0.01294134 0.05
v 0.00472696 0.01318734 0.044
v 0.00472696 0.01318734 0.05
v 0.00420692 0.00928661 0.044
v 0.00420692 0.00928661 0.05
v 0.00446426 0.01008084 0.044
v 0.00446426 0.01008084 0.05
v 0.00437493 0.01091093 0.044
v 0.00437493 0.01091093 0.05
v -0.00437493 0.01091093 0.044
v -0.00437493 0.01091093 0.05
v -0.00446426 0.01008084 0.044
v -0.00446426 0.01008084 0.05
v -0.00420692 0.00928661 0.044
v -0.00420692 0.00928661 0.05
v -0.00499221 0.01408336 0.044
v 0.00426327 0.01194855 0.044
v -0.003408 0.01614421 0.044
v 0 0.0165 0.044
v 0.003408 0.01614421 0.044
v -0.00426327 0.01194855 0.044
v -0.00425192 0.01574295 0.044
v -0.00482143 0.01500208 0.044
v -0.00257895 0.00678789 0.044
v -0.00185475 0.00644504 0.044
v -0.00311047 0.00738749 0.044
v -0.00105408 0.00641396 0.044
v 0.00185475 0.00644504 0.044
v 0.00257895 0.00678789 0.044
v 0.00105408 0.00641396 0.044
v 0.00311047 0.00738749 0.044
v 0.00499221 0.01408336 0.044
v 0.00482143 0.01500208 0.044
v 0.00425192 0.01574295 0.044
v -0.00173205 -0.01315 0.046
v -0.001 -0.01388205 0.046
v -0 -0.01215 0.046
v -0 -0.01415 0.046
v 0.001 -0.01388205 0.046
v -0.001 -0.01041795 0.046
v -0.00173205 -0.01115 0.046
v -0.002 -0.01215 0.046
v 0.00173205 -0.01115 0.046
v 0.001 -0.01041795 0.046
v -0 -0.01015 0.046
v 0.00173205 -0.01315 0.046
v 0.002 -0.01215 0.046
v -0.01225426 0.005075 0.046
v -0.01152221 0.00434295 0.046
v -0.01052221 0.006075 0.046
v -0.01052221 0.004075 0.046
v -0.00952221 0.00434295 0.046
v -0.01152221 0.00780705 0.046
v -0.01225426 0.007075 0.046
v -0.01252221 0.006075 0.046
v -0.00879016 0.007075 0.046
v -0.00952221 0.00780705 0.046
v -0.01052221 0.008075 0.046
v -0.00879016 0.005075 0.046
v -0.00852221 0.006075 0.046
v 0.00879016 0.005075 0.046
v 0.00952221 0.00434295 0.046
v 0.01052221 0.006075 0.046
v 0.01052221 0.004075 0.046
v 0.01152221 0.00434295 0.046
v 0.00952221 0.00780705 0.046
v 0.00879016 0.007075 0.046
v 0.00852221 0.006075 0.046
v 0.01225426 0.007075 0.046
v 0.01152221 0.00780705 0.046
v 0.01052221 0.008075 0.046
v 0.01225426 0.005075 0.046
v 0.01252221 0.006075 0.046
v -0.00675 0.01169134 0.04424892
v -0.006125 0.01060881 0.045
v -0.00566747 0.01106634 0.045
v -0.00675 0.01044134 0.045
v -0.00566747 0.01231634 0.045
v -0.006125 0.01277388 0.045
v -0.0055 0.01169134 0.045
v -0.007375 0.01277388 0.045
v -0.00783253 0.01231634 0.045
v -0.00675 0.01294134 0.045
v -0.00783253 0.01106634 0.045
v -0.007375 0.01060881 0.045
v -0.008 0.01169134 0.045
v -0.0135 0 0.04424892
v -0.012875 -0.00108253 0.045
v -0.01241747 -0.000625 0.045
v -0.0135 -0.00125 0.045
v -0.01241747 0.000625 0.045
v -0.012875 0.00108253 0.045
v -0.01225 0 0.045
v -0.014125 0.00108253 0.045
v -0.01458253 0.000625 0.045
v -0.0135 0.00125 0.045
v -0.01458253 -0.000625 0.045
v -0.014125 -0.00108253 0.045
v -0.01475 0 0.045
v -0.00675 -0.01169134 0.04424892
v -0.006125 -0.01277388 0.045
v -0.00566747 -0.01231634 0.045
v -0.00675 -0.01294134 0.045
v -0.00566747 -0.01106634 0.045
v -0.006125 -0.01060881 0.045
v -0.0055 -0.01169134 0.045
v -0.007375 -0.01060881 0.045
v -0.00783253 -0.01106634 0.045
v -0.00675 -0.01044134 0.045
v -0.00783253 -0.01231634 0.045
v -0.007375 -0.01277388 0.045
v -0.008 -0.01169134 0.045
v 0.00675 -0.01169134 0.04424892
v 0.007375 -0.01277388 0.045
v 0.00783253 -0.01231634 0.045
v 0.00675 -0.01294134 0.045
v 0.00783253 -0.01106634 0.045
v 0.007375 -0.01060881 0.045
v 0.008 -0.01169134 0.045
v 0.006125 -0.01060881 0.045
v 0.00566747 -0.01106634 0.045
v 0.00675 -0.01044134 0.045
v 0.00566747 -0.01231634 0.045
v 0.006125 -0.01277388 0.045
v 0.0055 -0.01169134 0.045
v 0.0135 0 0.04424892
v 0.014125 -0.00108253 0.045
v 0.01458253 -0.000625 0.045
v 0.0135 -0.00125 0.045
v 0.01458253 0.000625 0.045
v 0.014125 0.00108253 0.045
v 0.01475 0 0.045
v 0.012875 0.00108253 0.045
v 0.01241747 0.000625 0.045
v 0.0135 0.00125 0.045
v 0.01241747 -0.000625 0.045
v 0.012875 -0.00108253 0.045
v 0.01225 0 0.045
v 0.00675 0.01169134 0.04424892
v 0.007375 0.01060881 0.045
v 0.00783253 0.01106634 0.045
v 0.00675 0.01044134 0.045
v 0.00783253 0.01231634 0.045
v 0.007375 0.01277388 0.045
v 0.008 0.01169134 0.045
v 0.006125 0.01277388 0.045
v 0.00566747 0.01231634 0.045
v 0.00675 0.01294134 0.045
v 0.00566747 0.01106634 0.045
v 0.006125 0.01060881 0.045
v 0.0055 0.01169134 0.045
v -0.00821611 -0.00966637 0.05
v -0.0122773 -0.01102352 0.05
v -0.01150783 -0.01155375 0.05
v -0.01058147 -0.01167653 0.05
v -0.00970045 -0.01136506 0.05
v -0.0156853 -0.00512069 0.05
v -0.01428942 -0.00825 0.05
v -0.01369944 -0.00919648 0.05
v -0.01286126 -0.01033625 0.05
v -0.01469265 -0.0027183 0.05
v -0.0154029 -0.00332556 0.05
v -0.01575975 -0.0041892 0.05
v -0.01247938 -0.00228218 0.05
v -0.0082611 -0.001 0.05
v -0.00795299 -0.001 0.05
v -0.0060817 -0.00229412 0.05
v -0.00650894 -0.00161626 0.05
v -0.00716796 -0.00116051 0.05
v -0.00502761 -0.00411984 0.05
v -0.00484252 -0.00638749 0.05
v -0.00458901 -0.00562738 0.05
v -0.00465419 -0.00482878 0.05
v 0.01247938 -0.00228218 0.05
v 0.0156853 -0.00512069 0.05
v 0.01575975 -0.0041892 0.05
v 0.0154029 -0.00332556 0.05
v 0.01469265 -0.0027183 0.05
v 0.0122773 -0.01102352 0.05
v 0.01428942 -0.00825 0.05
v 0.00970045 -0.01136506 0.05
v 0.01058147 -0.01167653 0.05
v 0.01150783 -0.01155375 0.05
v 0.00821611 -0.00966637 0.05
v 0.00484252 -0.00638749 0.05
v 0.00502761 -0.00411984 0.05
v 0.00465419 -0.00482878 0.05
v 0.00458901 -0.00562738 0.05
v 0.0060817 -0.00229412 0.05
v 0.00795299 -0.001 0.05
v 0.00716796 -0.00116051 0.05
v 0.00650894 -0.00161626 0.05
v 0.0082611 -0.001 0.05
v -0.00426327 0.01194855 0.05
v -0.003408 0.01614421 0.05
v -0.00425192 0.01574295 0.05
v -0.00482143 0.01500208 0.05
v -0.00499221 0.01408336 0.05
v 0.003408 0.01614421 0.05
v 0 0.0165 0.044
v 0 0.0165 0.05
v 0.00499221 0.01408336 0.05
v 0.00482143 0.01500208 0.05
v 0.00425192 0.01574295 0.05
v 0.00426327 0.01194855 0.05
v 0.00311047 0.00738749 0.05
v 0.00105408 0.00641396 0.05
v 0.00185475 0.00644504 0.05
v 0.00257895 0.00678789 0.05
v -0.00105408 0.00641396 0.05
v -0.00311047 0.00738749 0.05
v -0.00257895 0.00678789 0.05
v -0.00185475 0.00644504 0.05
v -0 -0.01415 0.05
v 0.001 -0.01388205 0.05
v 0.00173205 -0.01315 0.05
v 0.002 -0.01215 0.05
v 0.00173205 -0.01115 0.05
v 0.001 -0.01041795 0.05
v -0 -0.01015 0.05
v -0.001 -0.01041795 0.05
v -0.00173205 -0.01115 0.05
v -0.002 -0.01215 0.05
v -0.00173205 -0.01315 0.05
v -0.001 -0.01388205 0.05
v -0.01052221 0.004075 0.05
v -0.00952221 0.00434295 0.05
v -0.00879016 0.005075 0.05
v -0.00852221 0.006075 0.05
v -0.00879016 0.007075 0.05
v -0.00952221 0.00780705 0.05
v -0.01052221 0.008075 0.05
v -0.01152221 0.00780705 0.05
v -0.01225426 0.007075 0.05
v -0.01252221 0.006075 0.05
v -0.01225426 0.005075 0.05
v -0.01152221 0.00434295 0.05
v 0.01052221 0.004075 0.05
v 0.01152221 0.00434295 0.05
v 0.01225426 0.005075 0.05
v 0.01252221 0.006075 0.05
v 0.01225426 0.007075 0.05
v 0.01152221 0.00780705 0.05
v 0.01052221 0.008075 0.05
v 0.00952221 0.00780705 0.05
v 0.00879016 0.007075 0.05
v 0.00852221 0.006075 0.05
v 0.00879016 0.005075 0.05
v 0.00952221 0.00434295 0.05
v -0.00675 0.01044134 0.05
v -0.006125 0.01060881 0.05
v -0.00566747 0.01106634 0.05
v -0.0055 0.01169134 0.05
v -0.00566747 0.01231634 0.05
v -0.006125 0.01277388 0.05
v -0.00675 0.01294134 0.05
v -0.007375 0.01277388 0.05
v -0.00783253 0.01231634 0.05
v -0.008 0.01169134 0.05
v -0.00783253 0.01106634 0.05
v -0.007375 0.01060881 0.05
v -0.01458253 -0.000625 0.05
v -0.014125 -0.00108253 0.05
v -0.01364366 -0.00124172 0.05
v -0.0135 -0.00125 0.05
v -0.012875 -0.00108253 0.05
v -0.01241747 -0.000625 0.05
v -0.01225 0 0.045
v -0.01225 0 0.05
v -0.01241747 0.000625 0.05
v -0.012875 0.00108253 0.05
v -0.0135 0.00125 0.05
v -0.014125 0.00108253 0.05
v -0.01458253 0.000625 0.05
v -0.01475 0 0.045
v -0.01475 0 0.05
v -0.00675 -0.01294134 0.05
v -0.006125 -0.01277388 0.05
v -0.00566747 -0.01231634 0.05
v -0.0055 -0.01169134 0.05
v -0.00566747 -0.01106634 0.05
v -0.006125 -0.01060881 0.05
v -0.00675 -0.01044134 0.05
v -0.007375 -0.01060881 0.05
v -0.00783253 -0.01106634 0.05
v -0.008 -0.01169134 0.05
v -0.00783253 -0.01231634 0.05
v -0.007375 -0.01277388 0.05
v 0.00675 -0.01294134 0.05
v 0.007375 -0.01277388 0.05
v 0.00783253 -0.01231634 0.05
v 0.008 -0.01169134 0.05
v 0.00783253 -0.01106634 0.05
v 0.007375 -0.01060881 0.05
v 0.00675 -0.01044134 0.05
v 0.006125 -0.01060881 0.05
v 0.00566747 -0.01106634 0.05
v 0.0055 -0.01169134 0.05
v 0.00566747 -0.01231634 0.05
v 0.006125 -0.01277388 0.05
v 0.0135 -0.00125 0.05
v 0.014125 -0.00108253 0.05
v 0.01458253 -0.000625 0.05
v 0.01475 0 0.045
v 0.01475 0 0.05
v 0.01458253 0.000625 0.05
v 0.014125 0.00108253 0.05
v 0.0135 0.00125 0.05
v 0.012875 0.00108253 0.05
v 0.01241747 0.000625 0.05
v 0.01225 0 0.045
v 0.01225 0 0.05
v 0.01241747 -0.000625 0.05
v 0.012875 -0.00108253 0.05
v 0.00675 0.01044134 0.05
v 0.007375 0.01060881 0.05
v 0.00783253 0.01106634 0.05
v 0.008 0.01169134 0.05
v 0.00783253 0.01231634 0.05
v 0.007375 0.01277388 0.05
v 0.00675 0.01294134 0.05
v 0.006125 0.01277388 0.05
v 0.00566747 0.01231634 0.05
v 0.0055 0.01169134 0.05
v 0.00566747 0.01106634 0.05
v 0.006125 0.01060881 0.05
v 0.00524746 0.00523124 0.05
v 0.0082611 0.00523124 0.05
v 0.0082611 0.00925817 0.05
v -0.00902219 0.014995 0.05
v -0.0082611 0.01472067 0.05
v -0.00558778 0.01658393 0.05
v -0.01367717 -0.01091719 0.05
v -0.0136361 -0.01029567 0.05
v -0.01411374 -0.0103466 0.05
v -0.00524746 0.01472067 0.05
v 0.0082611 -0.01029567 0.05
v -0.00328728 -0.0057 0.05
v -0.00524746 0.000125 0.05
v -0.0082611 0.000125 0.05
v -0.01225 0 0.05
v -0.01686212 -0.00468175 0.05
v -0.01747433 -0.00094743 0.05
v -0.01526702 0.000125 0.05
v -0.01529533 -0.00850311 0.05
v -0.01546146 -0.00819715 0.05
v -0.01059055 -0.01393163 0.05
v -0.01333784 -0.01132926 0.05
v -0.00830392 -0.01540438 0.05
v -0.00524746 -0.01029567 0.05
v -0.00328728 -0.01029567 0.05
v -0.0082611 -0.01029567 0.05
v 0.00524746 0.000125 0.05
v 0.0082611 0.000125 0.05
v 0.00328728 0.000125 0.05
v 0.00524746 -0.01029567 0.05
v 0.00830392 -0.01540438 0.05
v 0.01039863 -0.01407546 0.05
v 0.01059055 -0.01393163 0.05
v 0.01333784 -0.01132926 0.05
v 0.01546146 -0.00819715 0.05
v 0.01686212 -0.00468175 0.05
v 0.01747433 -0.00094743 0.05
v 0.0103861 0.000125 0.05
v -0.00328728 0.00523124 0.05
v 0.00328728 0.00523124 0.05
v 0.00524746 0.01472067 0.05
v 0.00524746 0.00925817 0.05
v -0.00189208 0.01739741 0.05
v 0 0.0165 0.05
v 0.00189208 0.01739741 0.05
v 0.00558778 0.01658393 0.05
v -0.00524746 0.00925817 0.05
v 0.00376198 -0.01709086 0.05
v 0.00328728 -0.01029567 0.05
v -0 -0.0175 0.05
v -0 -0.01415 0.05
v -0.00376198 -0.01709086 0.05
v 0.00328728 -0.0057 0.05
v -0.0136361 0.00925817 0.05
v -0.0136361 0.00523124 0.05
v -0.0082611 0.00925817 0.05
v 0.01726946 0.00283119 0.05
v 0.01475 0 0.05
v 0.01225 0 0.05
v 0.01625709 0.00647742 0.05
v 0.01448456 0.00982077 0.05
v 0.0103861 0.00925817 0.05
v -0.01475 0 0.05
v -0.01526702 0.00523124 0.05
v -0.00734806 -0.01588257 0.05
v -0.01535642 0.00839228 0.05
v -0.01625709 0.00647742 0.05
v -0.01726946 0.00283119 0.05
v -0.01203474 0.01270492 0.05
v -0.01448456 0.00982077 0.05
v 0.00940929 0.01475517 0.05
v 0.00902219 0.014995 0.05
v 0.0082611 0.01472067 0.05
v 0.00734806 -0.01588257 0.05
v 0.01203474 0.01270492 0.05
v -0.00328728 0.000125 0.05
v -0.00524746 0.00523124 0.05
v -0.0082611 0.00523124 0.05
v -0.01333784 -0.01132926 0.0485
v -0.01059055 -0.01393163 0.0485
v -0.01546146 -0.00819715 0.0485
v -0.01726946 0.00283119 0.0485
v -0.01747433 -0.00094743 0.0485
v -0.01686212 -0.00468175 0.0485
v -0.01448456 0.00982077 0.0485
v -0.01625709 0.00647742 0.0485
v -0.01203474 0.01270492 0.0485
v -0.00902219 0.014995 0.0485
v -0.00558778 0.01658393 0.0485
v -0.00189208 0.01739741 0.0485
v 0.00189208 0.01739741 0.0485
v 0.00558778 0.01658393 0.0485
v 0.00902219 0.014995 0.0485
v 0.01203474 0.01270492 0.0485
v 0.01448456 0.00982077 0.0485
v 0.01625709 0.00647742 0.0485
v 0.01726946 0.00283119 0.0485
v 0.01747433 -0.00094743 0.0485
v 0.01686212 -0.00468175 0.0485
v 0.01546146 -0.00819715 0.0485
v 0.01333784 -0.01132926 0.0485
v 0.01059055 -0.01393163 0.0485
v 0.00734806 -0.01588257 0.0485
v 0.00376198 -0.01709086 0.0485
v -0 -0.0175 0.05
v -0 -0.0175 0.0485
v -0.00376198 -0.01709086 0.0485
v -0.00734806 -0.01588257 0.0485
v 0.00517144 0.02339815 0.039
v 0.00572048 0.02284911 0.039
v 0.00647048 0.02414815 0.039
v 0.00647048 0.02264815 0.039
v 0.00722048 0.02284911 0.039
v 0.00572048 0.02544718 0.039
v 0.00517144 0.02489815 0.039
v 0.00497048 0.02414815 0.039
v 0.00776951 0.02489815 0.039
v 0.00722048 0.02544718 0.039
v 0.00647048 0.02564815 0.039
v 0.00776951 0.02339815 0.039
v 0.00797048 0.02414815 0.039
v -0.00776951 -0.02489815 0.039
v -0.00722048 -0.02544718 0.039
v -0.00647048 -0.02414815 0.039
v -0.00647048 -0.02564815 0.039
v -0.00572048 -0.02544718 0.039
v -0.00722048 -0.02284911 0.039
v -0.00776951 -0.02339815 0.039
v -0.00797048 -0.02414815 0.039
v -0.00517144 -0.02339815 0.039
v -0.00572048 -0.02284911 0.039
v -0.00647048 -0.02264815 0.039
v -0.00517144 -0.02489815 0.039
v -0.00497048 -0.02414815 0.039
v 0 0.025 0.04424892
v 0.000625 0.02391747 0.045
v 0.00108253 0.024375 0.045
v 0 0.02375 0.045
v 0.00108253 0.025625 0.045
v 0.000625 0.02608253 0.045
v 0.00125 0.025 0.045
v -0.000625 0.02608253 0.045
v -0.00108253 0.025625 0.045
v 0 0.02625 0.045
v -0.00108253 0.024375 0.045
v -0.000625 0.02391747 0.045
v -0.00125 0.025 0.045
v -0.02165063 0.0125 0.04424892
v -0.02102564 0.01141747 0.045
v -0.0205681 0.011875 0.045
v -0.02165063 0.01125 0.045
v -0.0205681 0.013125 0.045
v -0.02102564 0.01358253 0.045
v -0.02040064 0.0125 0.045
v -0.02227564 0.01358253 0.045
v -0.02273317 0.013125 0.045
v -0.02165063 0.01375 0.045
v -0.02273317 0.011875 0.045
v -0.02227564 0.01141747 0.045
v -0.02290064 0.0125 0.045
v -0.02165063 -0.0125 0.04424892
v -0.02102564 -0.01358253 0.045
v -0.0205681 -0.013125 0.045
v -0.02165063 -0.01375 0.045
v -0.0205681 -0.011875 0.045
v -0.02102564 -0.01141747 0.045
v -0.02040064 -0.0125 0.045
v -0.02227564 -0.01141747 0.045
v -0.02273317 -0.011875 0.045
v -0.02165063 -0.01125 0.045
v -0.02273317 -0.013125 0.045
v -0.02227564 -0.01358253 0.045
v -0.02290064 -0.0125 0.045
v 0 -0.025 0.04424892
v 0.000625 -0.02608253 0.045
v 0.00108253 -0.025625 0.045
v 0 -0.02625 0.045
v 0.00108253 -0.024375 0.045
v 0.000625 -0.02391747 0.045
v 0.00125 -0.025 0.045
v -0.000625 -0.02391747 0.045
v -0.00108253 -0.024375 0.045
v 0 -0.02375 0.045
v -0.00108253 -0.025625 0.045
v -0.000625 -0.02608253 0.045
v -0.00125 -0.025 0.045
v 0.02165063 -0.0125 0.04424892
v 0.02227564 -0.01358253 0.045
v 0.02273317 -0.013125 0.045
v 0.02165063 -0.01375 0.045
v 0.02273317 -0.011875 0.045
v 0.02227564 -0.01141747 0.045
v 0.02290064 -0.0125 0.045
v 0.02102564 -0.01141747 0.045
v 0.0205681 -0.011875 0.045
v 0.02165063 -0.01125 0.045
v 0.0205681 -0.013125 0.045
v 0.02102564 -0.01358253 0.045
v 0.02040064 -0.0125 0.045
v 0.02165063 0.0125 0.04424892
v 0.02227564 0.01141747 0.045
v 0.02273317 0.011875 0.045
v 0.02165063 0.01125 0.045
v 0.02273317 0.013125 0.045
v 0.02227564 0.01358253 0.045
v 0.02290064 0.0125 0.045
v 0.02102564 0.01358253 0.045
v 0.0205681 0.013125 0.045
v 0.02165063 0.01375 0.045
v 0.0205681 0.011875 0.045
v 0.02102564 0.01141747 0.045
v 0.02040064 0.0125 0.045
v 0.01074184 -0.01413065 0.0485
v 0.01352838 -0.01149111 0.0485
v 0.01568234 -0.00831425 0.0485
v 0.01710301 -0.00474863 0.0485
v 0.01772397 -0.00096097 0.0485
v 0.01751617 0.00287163 0.0485
v 0.01648934 0.00656995 0.0485
v 0.01469148 0.00996107 0.0485
v 0.01220667 0.01288642 0.0485
v 0.00915108 0.01520921 0.0485
v 0.0056676 0.01682084 0.0485
v 0.00191911 0.01764595 0.0485
v -0.00191911 0.01764595 0.0485
v -0.0056676 0.01682084 0.0485
v -0.00915108 0.01520921 0.0485
v -0.01220667 0.01288642 0.0485
v -0.01469148 0.00996107 0.0485
v -0.01648934 0.00656995 0.0485
v -0.01751617 0.00287163 0.0485
v -0.01772397 -0.00096097 0.0485
v -0.01710301 -0.00474863 0.0485
v -0.01568234 -0.00831425 0.0485
v -0.01352838 -0.01149111 0.0485
v -0.01074184 -0.01413065 0.0485
v -0.00745303 -0.01610946 0.0485
v -0.00381573 -0.01733501 0.0485
v -0 -0.0175 0.0485
v -0 -0.01775 0.0485
v 0.00381573 -0.01733501 0.0485
v 0.00745303 -0.01610946 0.0485
v 0.00647048 0.02264815 0.049
v 0.00722048 0.02284911 0.049
v 0.00776951 0.02339815 0.049
v 0.00797048 0.02414815 0.049
v 0.00776951 0.02489815 0.049
v 0.00722048 0.02544718 0.049
v 0.00647048 0.02564815 0.049
v 0.00572048 0.02544718 0.049
v 0.00517144 0.02489815 0.049
v 0.00497048 0.02414815 0.049
v 0.00517144 0.02339815 0.049
v 0.00572048 0.02284911 0.049
v -0.00647048 -0.02564815 0.049
v -0.00572048 -0.02544718 0.049
v -0.00517144 -0.02489815 0.049
v -0.00497048 -0.02414815 0.049
v -0.00517144 -0.02339815 0.049
v -0.00572048 -0.02284911 0.049
v -0.00647048 -0.02264815 0.049
v -0.00722048 -0.02284911 0.049
v -0.00776951 -0.02339815 0.049
v -0.00797048 -0.02414815 0.049
v -0.00776951 -0.02489815 0.049
v -0.00722048 -0.02544718 0.049
v 0 0.02375 0.045
v 0 0.02375 0.049
v 0.000625 0.02391747 0.049
v 0.00108253 0.024375 0.049
v 0.00125 0.025 0.049
v 0.00108253 0.025625 0.049
v 0.000625 0.02608253 0.049
v 0 0.02625 0.045
v 0 0.02625 0.049
v -0.000625 0.02608253 0.049
v -0.00108253 0.025625 0.049
v -0.00125 0.025 0.049
v -0.00108253 0.024375 0.049
v -0.000625 0.02391747 0.049
v -0.02165063 0.01125 0.049
v -0.02102564 0.01141747 0.049
v -0.0205681 0.011875 0.049
v -0.02040064 0.0125 0.049
v -0.0205681 0.013125 0.049
v -0.02102564 0.01358253 0.049
v -0.02165063 0.01375 0.049
v -0.02227564 0.01358253 0.049
v -0.02273317 0.013125 0.049
v -0.02290064 0.0125 0.049
v -0.02273317 0.011875 0.049
v -0.02227564 0.01141747 0.049
v -0.02165063 -0.01375 0.049
v -0.02102564 -0.01358253 0.049
v -0.0205681 -0.013125 0.049
v -0.02040064 -0.0125 0.049
v -0.0205681 -0.011875 0.049
v -0.02102564 -0.01141747 0.049
v -0.02165063 -0.01125 0.049
v -0.02227564 -0.01141747 0.049
v -0.02273317 -0.011875 0.049
v -0.02290064 -0.0125 0.049
v -0.02273317 -0.013125 0.049
v -0.02227564 -0.01358253 0.049
v 0 -0.02625 0.045
v 0 -0.02625 0.049
v 0.000625 -0.02608253 0.049
v 0.00108253 -0.025625 0.049
v 0.00125 -0.025 0.049
v 0.00108253 -0.024375 0.049
v 0.000625 -0.02391747 0.049
v 0 -0.02375 0.045
v 0 -0.02375 0.049
v -0.000625 -0.02391747 0.049
v -0.00108253 -0.024375 0.049
v -0.00125 -0.025 0.049
v -0.00108253 -0.025625 0.049
v -0.000625 -0.02608253 0.049
v 0.02165063 -0.01375 0.049
v 0.02227564 -0.01358253 0.049
v 0.02273317 -0.013125 0.049
v 0.02290064 -0.0125 0.049
v 0.02273317 -0.011875 0.049
v 0.02227564 -0.01141747 0.049
v 0.02165063 -0.01125 0.049
v 0.02102564 -0.01141747 0.049
v 0.0205681 -0.011875 0.049
v 0.02040064 -0.0125 0.049
v 0.0205681 -0.013125 0.049
v 0.02102564 -0.01358253 0.049
v 0.02165063 0.01125 0.049
v 0.02227564 0.01141747 0.049
v 0.02273317 0.011875 0.049
v 0.02290064 0.0125 0.049
v 0.02273317 0.013125 0.049
v 0.02227564 0.01358253 0.049
v 0.02165063 0.01375 0.049
v 0.02102564 0.01358253 0.049
v 0.0205681 0.013125 0.049
v 0.02040064 0.0125 0.049
v 0.0205681 0.011875 0.049
v 0.02102564 0.01141747 0.049
v -0 -0.01775 0.0485
v -0 -0.01775 0.049
v 0.00381573 -0.01733501 0.049
v 0.00745303 -0.01610946 0.049
v 0.01074184 -0.01413065 0.049
v 0.01352838 -0.01149111 0.049
v 0.01568234 -0.00831425 0.049
v 0.01710301 -0.00474863 0.049
v 0.01772397 -0.00096097 0.049
v 0.01751617 0.00287163 0.049
v 0.01648934 0.00656995 0.049
v 0.01469148 0.00996107 0.049
v 0.01220667 0.01288642 0.049
v 0.00915108 0.01520921 0.049
v 0.0056676 0.01682084 0.049
v 0.00191911 0.01764595 0.049
v -0.00191911 0.01764595 0.049
v -0.0056676 0.01682084 0.049
v -0.00915108 0.01520921 0.049
v -0.01220667 0.01288642 0.049
v -0.01469148 0.00996107 0.049
v -0.01648934 0.00656995 0.049
v -0.01751617 0.00287163 0.049
v -0.01772397 -0.00096097 0.049
v -0.01710301 -0.00474863 0.049
v -0.01568234 -0.00831425 0.049
v -0.01352838 -0.01149111 0.049
v -0.01074184 -0.01413065 0.049
v -0.00745303 -0.01610946 0.049
v -0.00381573 -0.01733501 0.049
v -0 -0.0285 0.0105
v -0.00481652 -0.02809005 0.0105
v -0 -0 0.0105
v 0.01389931 -0.0248809 0.0105
v 0.00949448 -0.02687201 0.0105
v 0.00481652 -0.02809005 0.0105
v 0.02426858 -0.01494276 0.0105
v 0.02139416 -0.01882923 0.0105
v 0.01790427 -0.02217402 0.0105
v 0.02847432 -0.00120957 0.0105
v 0.02786032 -0.00600436 0.0105
v 0.02644484 -0.01062641 0.0105
v 0.02544839 0.01283081 0.0105
v 0.02725075 0.00834545 0.0105
v 0.02826916 0.00362001 0.0105
v 0.01595928 0.02361253 0.0105
v 0.01972026 0.02057575 0.0105
v 0.02291392 0.01694705 0.0105
v 0.00241697 0.02839733 0.0105
v 0.00718137 0.02758039 0.0105
v 0.01173919 0.02597001 0.0105
v -0.01173919 0.02597001 0.0105
v -0.00718137 0.02758039 0.0105
v -0.00241697 0.02839733 0.0105
v -0.02291392 0.01694705 0.0105
v -0.01972026 0.02057575 0.0105
v -0.01595928 0.02361253 0.0105
v -0.02826916 0.00362001 0.0105
v -0.02725075 0.00834545 0.0105
v -0.02544839 0.01283081 0.0105
v -0.02644484 -0.01062641 0.0105
v -0.02786032 -0.00600436 0.0105
v -0.02847432 -0.00120957 0.0105
v -0.01790427 -0.02217402 0.0105
v -0.02139416 -0.01882923 0.0105
v -0.02426858 -0.01494276 0.0105
v -0.00949448 -0.02687201 0.0105
v -0.01389931 -0.0248809 0.0105
v -0.02139416 -0.01882923 0.049
v -0.01907532 -0.02019907 0.049
v -0.01907532 -0.01575 0.049
v -0.01790427 -0.02217402 0.049
v -0.01498205 -0.02194967 0.049
v -0.01594692 -0.02362088 0.049
v 0.01972026 0.02057575 0.049
v 0.01907532 0.02019907 0.049
v 0.02008049 0.02022434 0.049
v -0.02826916 0.00362001 0.049
v -0.02842974 0.002 0.049
v -0.0265 0.002 0.049
v -0.01907532 0 0.049
v -0.00481652 -0.02809005 0.049
v -0.00311024 -0.02319907 0.049
v -0.00949448 -0.02687201 0.049
v -0.01248282 -0.02562088 0.049
v -0.01425 -0.02121762 0.049
v -0.01325 -0.02094967 0.049
v -0.00311024 -0.02019907 0.049
v -0.01225 -0.02121762 0.049
v -0.01151795 -0.02394967 0.049
v -0.01125 -0.02294967 0.049
v -0.01151795 -0.02194967 0.049
v -0.00311024 0.02594907 0.049
v -0.00311024 0.02019907 0.049
v 0.00311024 0.02594907 0.049
v 0.00311024 0.02019907 0.049
v 0 0.02375 0.049
v 0 0.02625 0.049
v -0.00241697 0.02839733 0.049
v 0.00241697 0.02839733 0.049
v 0.00311024 -0.02019907 0.049
v 0.01790427 -0.02217402 0.049
v 0.02139416 -0.01882923 0.049
v 0.01907532 -0.02019907 0.049
v 0.01907532 -0.01575 0.049
v -0.01907532 0.02019907 0.049
v -0 -0.01775 0.049
v -0.02644484 -0.01062641 0.049
v -0.0265 -0.002 0.049
v -0.02786032 -0.00600436 0.049
v -0.02842974 -0.002 0.049
v -0.02426858 -0.01494276 0.049
v -0.0245 0 0.049
v -0.02476795 -0.001 0.049
v -0.0255 -0.00173205 0.049
v -0.0255 0.00173205 0.049
v -0.02476795 0.001 0.049
v -0.02570555 0.0123075 0.049
v -0.02544839 0.01283081 0.049
v -0.02291392 0.01694705 0.049
v -0.01972026 0.02057575 0.049
v -0.02725075 0.00834545 0.049
v -0.01151795 0.02194967 0.049
v -0.01225 0.02121762 0.049
v -0.01325 0.02094967 0.049
v -0.01425 0.02121762 0.049
v -0.01498205 0.02194967 0.049
v -0.01595928 0.02361253 0.049
v -0.01594692 0.02362088 0.049
v -0.01173919 0.02597001 0.049
v -0.01248282 0.02562088 0.049
v -0.01151795 0.02394967 0.049
v -0.01125 0.02294967 0.049
v -0.00718137 0.02758039 0.049
v 0.00718137 0.02758039 0.049
v 0.01173919 0.02597001 0.049
v 0.01125 0.02294967 0.049
v 0.01151795 0.02194967 0.049
v 0.01225 0.02121762 0.049
v 0.01498205 0.02194967 0.049
v 0.01595928 0.02361253 0.049
v 0.01594692 0.02362088 0.049
v 0.01248282 0.02562088 0.049
v 0.01151795 0.02394967 0.049
v 0.01325 0.02094967 0.049
v 0.01425 0.02121762 0.049
v 0.01907532 0 0.049
v 0.02476795 0.001 0.049
v 0.0255 0.00173205 0.049
v 0.0265 0.002 0.049
v 0.02291392 0.01694705 0.049
v 0.02544839 0.01283081 0.049
v 0.02725075 0.00834545 0.049
v 0.02826916 0.00362001 0.049
v 0.02842974 0.002 0.049
v 0.02644484 -0.01062641 0.049
v 0.0255 -0.00173205 0.049
v 0.02476795 -0.001 0.049
v 0.0245 -0 0.049
v 0.02426858 -0.01494276 0.049
v 0.0265 -0.002 0.049
v 0.02842974 -0.002 0.049
v 0.02786032 -0.00600436 0.049
v 0.01138825 -0.02221899 0.049
v 0.01188965 -0.02148357 0.049
v 0.01125559 -0.02309913 0.049
v 0.01266049 -0.02103853 0.049
v 0.01354808 -0.02097201 0.049
v 0.01437664 -0.0212972 0.049
v 0.01498205 -0.02194967 0.049
v 0.01594692 -0.02362088 0.049
v 0.00311024 -0.02319907 0.049
v 0.00481652 -0.02809005 0.049
v 0.01151795 -0.02394967 0.049
v 0.00949448 -0.02687201 0.049
v 0.01248282 -0.02562088 0.049
v 0 -0.02375 0.049
v -0 -0.0285 0.049
v 0 -0.02625 0.049
v -0.02842974 0.002 0.045
v 0.01594692 0.02362088 0.045
v -0.01248282 -0.02562088 0.045
v 0.01594692 -0.02362088 0.045
v 0.02842974 0.002 0.045
v 0.01248282 0.02562088 0.045
v -0.01594692 0.02362088 0.045
v -0.02842974 -0.002 0.045
v -0.02847432 -0.00120957 0.045
v -0.01248282 0.02562088 0.045
v 0.02842974 -0.002 0.045
v 0.02847432 -0.00120957 0.045
v 0.01248282 -0.02562088 0.045
v 0.01389931 -0.0248809 0.045
v -0.01594692 -0.02362088 0.045
v -0.01389931 -0.0248809 0.045
v -0 -0.0285 0.0105
v -0 -0.0285 0.049
v -0.01498205 0.02194967 0.045
v -0.01425 0.02121762 0.045
v -0.01325 0.02094967 0.045
v -0.01225 0.02121762 0.045
v -0.01151795 0.02194967 0.045
v -0.01125 0.02294967 0.045
v -0.01151795 0.02394967 0.045
v 0.01151795 0.02394967 0.045
v 0.01125 0.02294967 0.045
v 0.01151795 0.02194967 0.045
v 0.01225 0.02121762 0.045
v 0.01325 0.02094967 0.045
v 0.01425 0.02121762 0.045
v 0.01498205 0.02194967 0.045
v 0.0265 0.002 0.045
v 0.0255 0.00173205 0.045
v 0.02476795 0.001 0.045
v 0.0245 -0 0.045
v 0.0245 -0 0.049
v 0.02476795 -0.001 0.045
v 0.0255 -0.00173205 0.045
v 0.0265 -0.002 0.045
v 0.01498205 -0.02194967 0.045
v 0.01437664 -0.0212972 0.045
v 0.01354808 -0.02097201 0.045
v 0.01266049 -0.02103853 0.045
v 0.01188965 -0.02148357 0.045
v 0.01138825 -0.02221899 0.045
v 0.01125559 -0.02309913 0.045
v 0.01151795 -0.02394967 0.045
v -0.01151795 -0.02394967 0.045
v -0.01125 -0.02294967 0.045
v -0.01151795 -0.02194967 0.045
v -0.01225 -0.02121762 0.045
v -0.01325 -0.02094967 0.045
v -0.01425 -0.02121762 0.045
v -0.01498205 -0.02194967 0.045
v -0.0265 -0.002 0.045
v -0.0255 -0.00173205 0.045
v -0.02476795 -0.001 0.045
v -0.0245 0 0.045
v -0.0245 0 0.049
v -0.02476795 0.001 0.045
v -0.0255 0.00173205 0.045
v -0.0265 0.002 0.045
v 0.0035 -0.0725 0.0626
v 0.0035 -0.0725 0.06155
v 0.0035 0.0725 0.0626
v 0.0035 0.0725 0.06155
v 0.0025 0.0725 0.06105
v 0.0025 -0.0725 0.06105
v 0.0025 0.0725 0.06055
v 0.0025 -0.0725 0.06055
v 0.0035 0.0725 0.06005
v 0.0035 -0.0725 0.06005
v 0.0035 0.0725 0.0582
v 0.0035 -0.0725 0.0582
v -0.00225 -0.0725 0.058
v -0.0033 -0.0725 0.058
v -0.00225 -0.06 0.058
v -0.0033 -0.06 0.058
v -0.00225 -0.045 0.058
v -0.0033 -0.045 0.058
v -0.00225 -0.03 0.058
v -0.0033 -0 0.058
v -0.00225 -0 0.058
v -0.0033 -0.015 0.058
v -0.00225 -0.015 0.058
v -0.0033 -0.03 0.058
v -0.0033 0.0725 0.058
v -0.00225 0.0725 0.058
v -0.0033 0.0706 0.058
v -0.00225 0.0706 0.058
v -0.0033 0.06 0.058
v -0.00225 0.06 0.058
v -0.0033 0.045 0.058
v -0.00225 0.045 0.058
v -0.0033 0.03 0.058
v -0.00225 0.03 0.058
v 0.0006 -0.06646077 0.058
v 0 -0.0663 0.058
v -0.0006 -0.06646077 0.058
v 0.0006 -0.06853923 0.058
v 0.0033 -0.0725 0.058
v 0 -0.0687 0.058
v -0.0006 -0.06853923 0.058
v -0.00103923 -0.0669 0.058
v -0.0012 -0.0675 0.058
v -0.00103923 -0.0681 0.058
v 0.00103923 -0.0681 0.058
v 0.0012 -0.0675 0.058
v 0.0033 -0.06 0.058
v 0.00103923 -0.0669 0.058
v -0.0006 -0.05353923 0.058
v 0 -0.0537 0.058
v 0.0006 -0.05146077 0.058
v 0 -0.0513 0.058
v -0.0006 -0.05146077 0.058
v 0.0006 -0.05353923 0.058
v 0.00103923 -0.0531 0.058
v 0.0012 -0.0525 0.058
v 0.0033 -0.045 0.058
v 0.00103923 -0.0519 0.058
v -0.00103923 -0.0519 0.058
v -0.0012 -0.0525 0.058
v -0.00103923 -0.0531 0.058
v 0.0033 -0.03 0.058
v 0.0006 -0.03646077 0.058
v 0 -0.0363 0.058
v -0.0006 -0.03646077 0.058
v -0.0006 -0.03853923 0.058
v 0 -0.0387 0.058
v 0.0006 -0.03853923 0.058
v 0.00103923 -0.0381 0.058
v 0.0012 -0.0375 0.058
v 0.00103923 -0.0369 0.058
v -0.00103923 -0.0369 0.058
v -0.0012 -0.0375 0.058
v -0.00103923 -0.0381 0.058
v 0.0006 -0.02146077 0.058
v 0 -0.0213 0.058
v -0.0006 -0.02146077 0.058
v -0.00103923 -0.0219 0.058
v -0.0012 -0.0225 0.058
v -0.00103923 -0.0231 0.058
v -0.0006 -0.02353923 0.058
v 0 -0.0237 0.058
v 0.0006 -0.02353923 0.058
v 0.00103923 -0.0231 0.058
v 0.0012 -0.0225 0.058
v 0.0033 -0.015 0.058
v 0.00103923 -0.0219 0.058
v -0.0006 -0.00853923 0.058
v 0 -0.0087 0.058
v 0.0006 -0.00853923 0.058
v -0.0006 -0.00646077 0.058
v -0.00103923 -0.0069 0.058
v -0.0012 -0.0075 0.058
v -0.00103923 -0.0081 0.058
v 0.00103923 -0.0081 0.058
v 0.0012 -0.0075 0.058
v 0.0033 -0 0.058
v 0.00103923 -0.0069 0.058
v 0.0006 -0.00646077 0.058
v 0 -0.0063 0.058
v 0.0006 0.00646077 0.058
v 0 0.0063 0.058
v -0.0006 0.00646077 0.058
v -0.00103923 0.0069 0.058
v -0.0006 0.02353923 0.058
v -0.00103923 0.0231 0.058
v -0.0012 0.0225 0.058
v -0.0012 0.0075 0.058
v -0.00103923 0.0219 0.058
v 0 0.0087 0.058
v -0.0006 0.00853923 0.058
v -0.00103923 0.0081 0.058
v 0.0012 0.0225 0.058
v 0.00103923 0.0231 0.058
v 0.0033 0.03 0.058
v 0.0006 0.02353923 0.058
v 0 0.0237 0.058
v 0.00103923 0.0069 0.058
v 0.0012 0.0075 0.058
v 0.00103923 0.0081 0.058
v -0.0006 0.02146077 0.058
v 0 0.0213 0.058
v 0.0006 0.00853923 0.058
v 0.0006 0.02146077 0.058
v 0.00103923 0.0219 0.058
v 0.00103923 0.0369 0.058
v 0.0012 0.0375 0.058
v -0.0006 0.03853923 0.058
v -0.00103923 0.0381 0.058
v -0.0012 0.0375 0.058
v -0.00103923 0.0369 0.058
v 0.0033 0.045 0.058
v 0.00103923 0.0381 0.058
v 0.0006 0.03853923 0.058
v 0 0.0387 0.058
v -0.0006 0.03646077 0.058
v 0 0.0363 0.058
v 0.0006 0.03646077 0.058
v 0.00103923 0.0519 0.058
v 0.0012 0.0525 0.058
v 0.0033 0.06 0.058
v 0.00103923 0.0531 0.058
v 0.0006 0.05353923 0.058
v 0 0.0537 0.058
v -0.0006 0.05353923 0.058
v -0.00103923 0.0519 0.058
v -0.0012 0.0525 0.058
v -0.00103923 0.0531 0.058
v -0.0006 0.05146077 0.058
v 0 0.0513 0.058
v 0.0006 0.05146077 0.058
v 0.0006 0.06853923 0.058
v 0 0.0687 0.058
v -0.0006 0.06853923 0.058
v -0.00103923 0.0669 0.058
v -0.0012 0.0675 0.058
v -0.00103923 0.0681 0.058
v 0.00103923 0.0669 0.058
v 0.0033 0.0706 0.058
v 0.0012 0.0675 0.058
v 0.00103923 0.0681 0.058
v -0.0006 0.06646077 0.058
v 0 0.0663 0.058
v 0.0006 0.06646077 0.058
v 0.0033 0.0725 0.058
v -0.0035 -0.0725 0.0582
v -0.0035 -0.0725 0.06005
v -0.0035 0.0725 0.0582
v -0.0035 0.0725 0.06005
v -0.0025 0.0725 0.06055
v -0.0025 -0.0725 0.06055
v -0.0025 0.0725 0.06105
v -0.0025 -0.0725 0.06105
v -0.0035 0.0725 0.06155
v -0.0035 -0.0725 0.06155
v -0.0035 0.0725 0.0626
v -0.0035 -0.0725 0.0626
v -0.0033 0.045 0.0628
v -0.0033 0.03 0.0628
v -0.0027625 0.03 0.0628
v -0.0027625 0.06 0.0628
v -0.0027625 0.0725 0.0628
v -0.0033 0.0725 0.0628
v -0.0027625 0.015 0.0628
v -0.0033 0.015 0.0628
v -0.0027625 -0 0.0628
v -0.0033 -0 0.0628
v -0.0027625 -0.03 0.0628
v -0.0033 -0.0725 0.0628
v -0.0027625 -0.0725 0.0628
v -0.0033 -0.0711125 0.0628
v -0.0027625 -0.0711125 0.0628
v -0.0033 -0.06 0.0628
v -0.0027625 -0.06 0.0628
v -0.0033 -0.045 0.0628
v 0.0033 0.06 0.0628
v 0.0011125 0.0655731 0.0628
v 0 0.065275 0.0628
v -0.0011125 0.0655731 0.0628
v 0.0011125 0.06942691 0.0628
v 0.00192691 0.0686125 0.0628
v 0.0033 0.0725 0.0628
v 0.002225 0.0675 0.0628
v 0.00192691 0.0663875 0.0628
v 0 0.069725 0.0628
v -0.0011125 0.06942691 0.0628
v -0.00192691 0.0663875 0.0628
v -0.002225 0.0675 0.0628
v -0.00192691 0.0686125 0.0628
v -0.002225 0.0525 0.0628
v -0.00192691 0.0536125 0.0628
v -0.0011125 0.05057309 0.0628
v -0.00192691 0.0513875 0.0628
v -0.0027625 0.045 0.0628
v 0.0033 0.045 0.0628
v 0.002225 0.0525 0.0628
v 0.00192691 0.0536125 0.0628
v 0.00192691 0.0513875 0.0628
v 0.0011125 0.05057309 0.0628
v 0 0.050275 0.0628
v -0.0033 0.06 0.0628
v -0.0011125 0.0544269 0.0628
v 0 0.054725 0.0628
v 0.0011125 0.0544269 0.0628
v -0.002225 0.0375 0.0628
v -0.00192691 0.0386125 0.0628
v -0.00192691 0.0363875 0.0628
v -0.0011125 0.0355731 0.0628
v 0 0.035275 0.0628
v 0.0011125 0.0355731 0.0628
v 0.0033 0.03 0.0628
v 0.00192691 0.0363875 0.0628
v 0.002225 0.0375 0.0628
v 0.00192691 0.0386125 0.0628
v -0.0011125 0.03942691 0.0628
v 0 0.039725 0.0628
v 0.0011125 0.03942691 0.0628
v 0.0033 0.015 0.0628
v 0.0011125 0.02057309 0.0628
v 0 0.020275 0.0628
v -0.0011125 0.02057309 0.0628
v -0.00192691 0.0236125 0.0628
v -0.002225 0.0225 0.0628
v -0.00192691 0.0213875 0.0628
v -0.0011125 0.02442691 0.0628
v 0 0.024725 0.0628
v 0.0011125 0.02442691 0.0628
v 0.00192691 0.0236125 0.0628
v 0.002225 0.0225 0.0628
v 0.00192691 0.0213875 0.0628
v 0.0033 -0 0.0628
v 0.0011125 0.00557309 0.0628
v 0 0.005275 0.0628
v -0.0011125 0.00557309 0.0628
v -0.00192691 0.0063875 0.0628
v -0.002225 0.0075 0.0628
v -0.00192691 0.0086125 0.0628
v 0.0011125 0.00942691 0.0628
v 0 0.009725 0.0628
v -0.0011125 0.00942691 0.0628
v 0.00192691 0.0086125 0.0628
v 0.002225 0.0075 0.0628
v 0.00192691 0.0063875 0.0628
v 0 -0.020275 0.0628
v 0.0011125 -0.00942691 0.0628
v -0.0011125 -0.02057309 0.0628
v 0 -0.009725 0.0628
v -0.00192691 -0.0213875 0.0628
v -0.002225 -0.0225 0.0628
v 0.0033 -0.03 0.0628
v 0.002225 -0.0225 0.0628
v 0.00192691 -0.0213875 0.0628
v 0 -0.024725 0.0628
v 0.0011125 -0.02442691 0.0628
v 0.00192691 -0.0236125 0.0628
v 0.0011125 -0.00557309 0.0628
v 0.00192691 -0.0063875 0.0628
v 0.002225 -0.0075 0.0628
v 0 -0.005275 0.0628
v -0.0011125 -0.00557309 0.0628
v 0.0011125 -0.02057309 0.0628
v 0.00192691 -0.0086125 0.0628
v -0.0011125 -0.02442691 0.0628
v -0.00192691 -0.0236125 0.0628
v -0.0011125 -0.00942691 0.0628
v -0.00192691 -0.0086125 0.0628
v -0.002225 -0.0075 0.0628
v -0.00192691 -0.0063875 0.0628
v -0.0027625 -0.045 0.0628
v 0.0033 -0.045 0.0628
v 0.0011125 -0.03942691 0.0628
v 0 -0.039725 0.0628
v -0.0011125 -0.03942691 0.0628
v -0.00192691 -0.0386125 0.0628
v -0.002225 -0.0375 0.0628
v -0.00192691 -0.0363875 0.0628
v -0.0033 -0.03 0.0628
v 0.0011125 -0.0355731 0.0628
v 0 -0.035275 0.0628
v -0.0011125 -0.0355731 0.0628
v 0.00192691 -0.0363875 0.0628
v 0.002225 -0.0375 0.0628
v 0.00192691 -0.0386125 0.0628
v -0.0011125 -0.0544269 0.0628
v -0.00192691 -0.0536125 0.0628
v -0.002225 -0.0525 0.0628
v -0.00192691 -0.0513875 0.0628
v 0.0033 -0.06 0.0628
v 0.0011125 -0.0544269 0.0628
v 0 -0.054725 0.0628
v -0.0011125 -0.05057309 0.0628
v 0 -0.050275 0.0628
v 0.0011125 -0.05057309 0.0628
v 0.00192691 -0.0513875 0.0628
v 0.002225 -0.0525 0.0628
v 0.00192691 -0.0536125 0.0628
v 0 -0.069725 0.0628
v -0.0011125 -0.06942691 0.0628
v -0.00192691 -0.0663875 0.0628
v -0.002225 -0.0675 0.0628
v -0.00192691 -0.0686125 0.0628
v -0.0011125 -0.0655731 0.0628
v 0 -0.065275 0.0628
v 0.0011125 -0.0655731 0.0628
v 0.00192691 -0.0663875 0.0628
v 0.002225 -0.0675 0.0628
v 0.0033 -0.0711125 0.0628
v 0.00192691 -0.0686125 0.0628
v 0.0011125 -0.06942691 0.0628
v 0.0033 -0.0725 0.0628
v -0.0033 -0 0.058
v 0.0033 -0 0.058
v 0.0033 -0 0.0628
v 0 0.0663 0.058
v 0 0.0663 0.0604
v 0.0006 0.06646077 0.0604
v 0.00103923 0.0669 0.0604
v 0.0012 0.0675 0.0604
v 0.00103923 0.0681 0.0604
v 0.0006 0.06853923 0.0604
v 0 0.0687 0.058
v 0 0.0687 0.0604
v -0.0006 0.06853923 0.0604
v -0.00103923 0.0681 0.0604
v -0.0012 0.0675 0.0604
v -0.00103923 0.0669 0.0604
v -0.0006 0.06646077 0.0604
v 0.00105 0.06568135 0.0604
v 0.00181865 0.06645 0.0604
v 0.0021 0.0675 0.0604
v 0.00181865 0.06855 0.0604
v 0.00105 0.06931865 0.0604
v 0 0.0687 0.0604
v 0 0.0696 0.0604
v -0.00105 0.06931865 0.0604
v -0.00181865 0.06855 0.0604
v -0.0021 0.0675 0.0604
v -0.00181865 0.06645 0.0604
v -0.00105 0.06568135 0.0604
v 0 0.0663 0.0604
v 0 0.0654 0.0604
v 0 0.0654 0.0604
v 0 0.0654 0.062675
v 0.00105 0.06568135 0.062675
v 0.00181865 0.06645 0.062675
v 0.0021 0.0675 0.062675
v 0.00181865 0.06855 0.062675
v 0.00105 0.06931865 0.062675
v 0 0.0696 0.0604
v 0 0.0696 0.062675
v -0.00105 0.06931865 0.062675
v -0.00181865 0.06855 0.062675
v -0.0021 0.0675 0.062675
v -0.00181865 0.06645 0.062675
v -0.00105 0.06568135 0.062675
v 0 0.0696 0.062675
v 0 0.069725 0.0628
v 0 0.0654 0.062675
v 0 0.065275 0.0628
v 0 0.0513 0.058
v 0 0.0513 0.0604
v 0.0006 0.05146077 0.0604
v 0.00103923 0.0519 0.0604
v 0.0012 0.0525 0.0604
v 0.00103923 0.0531 0.0604
v 0.0006 0.05353923 0.0604
v 0 0.0537 0.058
v 0 0.0537 0.0604
v -0.0006 0.05353923 0.0604
v -0.00103923 0.0531 0.0604
v -0.0012 0.0525 0.0604
v -0.00103923 0.0519 0.0604
v -0.0006 0.05146077 0.0604
v 0.00105 0.05068135 0.0604
v 0.00181865 0.05145 0.0604
v 0.0021 0.0525 0.0604
v 0.00181865 0.05355 0.0604
v 0.00105 0.05431865 0.0604
v 0 0.0537 0.0604
v 0 0.0546 0.0604
v -0.00105 0.05431865 0.0604
v -0.00181865 0.05355 0.0604
v -0.0021 0.0525 0.0604
v -0.00181865 0.05145 0.0604
v -0.00105 0.05068135 0.0604
v 0 0.0513 0.0604
v 0 0.0504 0.0604
v 0 0.0504 0.0604
v 0 0.0504 0.062675
v 0.00105 0.05068135 0.062675
v 0.00181865 0.05145 0.062675
v 0.0021 0.0525 0.062675
v 0.00181865 0.05355 0.062675
v 0.00105 0.05431865 0.062675
v 0 0.0546 0.0604
v 0 0.0546 0.062675
v -0.00105 0.05431865 0.062675
v -0.00181865 0.05355 0.062675
v -0.0021 0.0525 0.062675
v -0.00181865 0.05145 0.062675
v -0.00105 0.05068135 0.062675
v 0 0.0546 0.062675
v 0 0.054725 0.0628
v 0 0.0504 0.062675
v 0 0.050275 0.0628
v 0 0.0363 0.058
v 0 0.0363 0.0604
v 0.0006 0.03646077 0.0604
v 0.00103923 0.0369 0.0604
v 0.0012 0.0375 0.0604
v 0.00103923 0.0381 0.0604
v 0.0006 0.03853923 0.0604
v 0 0.0387 0.058
v 0 0.0387 0.0604
v -0.0006 0.03853923 0.0604
v -0.00103923 0.0381 0.0604
v -0.0012 0.0375 0.0604
v -0.00103923 0.0369 0.0604
v -0.0006 0.03646077 0.0604
v 0.00105 0.03568135 0.0604
v 0.00181865 0.03645 0.0604
v 0.0021 0.0375 0.0604
v 0.00181865 0.03855 0.0604
v 0.00105 0.03931865 0.0604
v 0 0.0387 0.0604
v 0 0.0396 0.0604
v -0.00105 0.03931865 0.0604
v -0.00181865 0.03855 0.0604
v -0.0021 0.0375 0.0604
v -0.00181865 0.03645 0.0604
v -0.00105 0.03568135 0.0604
v 0 0.0363 0.0604
v 0 0.0354 0.0604
v 0 0.0354 0.0604
v 0 0.0354 0.062675
v 0.00105 0.03568135 0.062675
v 0.00181865 0.03645 0.062675
v 0.0021 0.0375 0.062675
v 0.00181865 0.03855 0.062675
v 0.00105 0.03931865 0.062675
v 0 0.0396 0.0604
v 0 0.0396 0.062675
v -0.00105 0.03931865 0.062675
v -0.00181865 0.03855 0.062675
v -0.0021 0.0375 0.062675
v -0.00181865 0.03645 0.062675
v -0.00105 0.03568135 0.062675
v 0 0.0396 0.062675
v 0 0.039725 0.0628
v 0 0.0354 0.062675
v 0 0.035275 0.0628
v 0 0.0213 0.058
v 0 0.0213 0.0604
v 0.0006 0.02146077 0.0604
v 0.00103923 0.0219 0.0604
v 0.0012 0.0225 0.0604
v 0.00103923 0.0231 0.0604
v 0.0006 0.02353923 0.0604
v 0 0.0237 0.058
v 0 0.0237 0.0604
v -0.0006 0.02353923 0.0604
v -0.00103923 0.0231 0.0604
v -0.0012 0.0225 0.0604
v -0.00103923 0.0219 0.0604
v -0.0006 0.02146077 0.0604
v 0.00105 0.02068135 0.0604
v 0.00181865 0.02145 0.0604
v 0.0021 0.0225 0.0604
v 0.00181865 0.02355 0.0604
v 0.00105 0.02431865 0.0604
v 0 0.0237 0.0604
v 0 0.0246 0.0604
v -0.00105 0.02431865 0.0604
v -0.00181865 0.02355 0.0604
v -0.0021 0.0225 0.0604
v -0.00181865 0.02145 0.0604
v -0.00105 0.02068135 0.0604
v 0 0.0213 0.0604
v 0 0.0204 0.0604
v 0 0.0204 0.0604
v 0 0.0204 0.062675
v 0.00105 0.02068135 0.062675
v 0.00181865 0.02145 0.062675
v 0.0021 0.0225 0.062675
v 0.00181865 0.02355 0.062675
v 0.00105 0.02431865 0.062675
v 0 0.0246 0.0604
v 0 0.0246 0.062675
v -0.00105 0.02431865 0.062675
v -0.00181865 0.02355 0.062675
v -0.0021 0.0225 0.062675
v -0.00181865 0.02145 0.062675
v -0.00105 0.02068135 0.062675
v 0 0.0246 0.062675
v 0 0.024725 0.0628
v 0 0.0204 0.062675
v 0 0.020275 0.0628
v 0 0.0063 0.058
v 0 0.0063 0.0604
v 0.0006 0.00646077 0.0604
v 0.00103923 0.0069 0.0604
v 0.0012 0.0075 0.0604
v 0.00103923 0.0081 0.0604
v 0.0006 0.00853923 0.0604
v 0 0.0087 0.058
v 0 0.0087 0.0604
v -0.0006 0.00853923 0.0604
v -0.00103923 0.0081 0.0604
v -0.0012 0.0075 0.0604
v -0.00103923 0.0069 0.0604
v -0.0006 0.00646077 0.0604
v 0.0021 0.0075 0.0604
v 0.00181865 0.00855 0.0604
v 0.00105 0.00931865 0.0604
v 0 0.0087 0.0604
v 0 0.0096 0.0604
v -0.00105 0.00931865 0.0604
v -0.00181865 0.00855 0.0604
v -0.0021 0.0075 0.0604
v -0.00181865 0.00645 0.0604
v -0.00105 0.00568135 0.0604
v 0 0.0063 0.0604
v 0 0.0054 0.0604
v 0.00105 0.00568135 0.0604
v 0.00181865 0.00645 0.0604
v 0 0.0054 0.0604
v 0 0.0054 0.062675
v 0.00105 0.00568135 0.062675
v 0.00181865 0.00645 0.062675
v 0.0021 0.0075 0.062675
v 0.00181865 0.00855 0.062675
v 0.00105 0.00931865 0.062675
v 0 0.0096 0.0604
v 0 0.0096 0.062675
v -0.00105 0.00931865 0.062675
v -0.00181865 0.00855 0.062675
v -0.0021 0.0075 0.062675
v -0.00181865 0.00645 0.062675
v -0.00105 0.00568135 0.062675
v 0 0.0096 0.062675
v 0 0.009725 0.0628
v 0 0.0054 0.062675
v 0 0.005275 0.0628
v 0 -0.0087 0.058
v 0 -0.0087 0.0604
v 0.0006 -0.00853923 0.0604
v 0.00103923 -0.0081 0.0604
v 0.0012 -0.0075 0.0604
v 0.00103923 -0.0069 0.0604
v 0.0006 -0.00646077 0.0604
v 0 -0.0063 0.058
v 0 -0.0063 0.0604
v -0.0006 -0.00646077 0.0604
v -0.00103923 -0.0069 0.0604
v -0.0012 -0.0075 0.0604
v -0.00103923 -0.0081 0.0604
v -0.0006 -0.00853923 0.0604
v 0.00181865 -0.00855 0.0604
v 0.0021 -0.0075 0.0604
v 0.00181865 -0.00645 0.0604
v 0.00105 -0.00568135 0.0604
v 0 -0.0063 0.0604
v 0 -0.0054 0.0604
v -0.00105 -0.00568135 0.0604
v -0.00181865 -0.00645 0.0604
v -0.0021 -0.0075 0.0604
v -0.00181865 -0.00855 0.0604
v -0.00105 -0.00931865 0.0604
v 0 -0.0087 0.0604
v 0 -0.0096 0.0604
v 0.00105 -0.00931865 0.0604
v 0 -0.0096 0.0604
v 0 -0.0096 0.062675
v 0.00105 -0.00931865 0.062675
v 0.00181865 -0.00855 0.062675
v 0.0021 -0.0075 0.062675
v 0.00181865 -0.00645 0.062675
v 0.00105 -0.00568135 0.062675
v 0 -0.0054 0.0604
v 0 -0.0054 0.062675
v -0.00105 -0.00568135 0.062675
v -0.00181865 -0.00645 0.062675
v -0.0021 -0.0075 0.062675
v -0.00181865 -0.00855 0.062675
v -0.00105 -0.00931865 0.062675
v 0 -0.0054 0.062675
v 0 -0.005275 0.0628
v 0 -0.0096 0.062675
v 0 -0.009725 0.0628
v 0 -0.0237 0.058
v 0 -0.0237 0.0604
v 0.0006 -0.02353923 0.0604
v 0.00103923 -0.0231 0.0604
v 0.0012 -0.0225 0.0604
v 0.00103923 -0.0219 0.0604
v 0.0006 -0.02146077 0.0604
v 0 -0.0213 0.058
v 0 -0.0213 0.0604
v -0.0006 -0.02146077 0.0604
v -0.00103923 -0.0219 0.0604
v -0.0012 -0.0225 0.0604
v -0.00103923 -0.0231 0.0604
v -0.0006 -0.02353923 0.0604
v 0.00105 -0.02431865 0.0604
v 0.00181865 -0.02355 0.0604
v 0.0021 -0.0225 0.0604
v 0.00181865 -0.02145 0.0604
v 0.00105 -0.02068135 0.0604
v 0 -0.0213 0.0604
v 0 -0.0204 0.0604
v -0.00105 -0.02068135 0.0604
v -0.00181865 -0.02145 0.0604
v -0.0021 -0.0225 0.0604
v -0.00181865 -0.02355 0.0604
v -0.00105 -0.02431865 0.0604
v 0 -0.0237 0.0604
v 0 -0.0246 0.0604
v 0 -0.0246 0.0604
v 0 -0.0246 0.062675
v 0.00105 -0.02431865 0.062675
v 0.00181865 -0.02355 0.062675
v 0.0021 -0.0225 0.062675
v 0.00181865 -0.02145 0.062675
v 0.00105 -0.02068135 0.062675
v 0 -0.0204 0.0604
v 0 -0.0204 0.062675
v -0.00105 -0.02068135 0.062675
v -0.00181865 -0.02145 0.062675
v -0.0021 -0.0225 0.062675
v -0.00181865 -0.02355 0.062675
v -0.00105 -0.02431865 0.062675
v 0 -0.0204 0.062675
v 0 -0.020275 0.0628
v 0 -0.0246 0.062675
v 0 -0.024725 0.0628
v 0 -0.0387 0.058
v 0 -0.0387 0.0604
v 0.0006 -0.03853923 0.0604
v 0.00103923 -0.0381 0.0604
v 0.0012 -0.0375 0.0604
v 0.00103923 -0.0369 0.0604
v 0.0006 -0.03646077 0.0604
v 0 -0.0363 0.058
v 0 -0.0363 0.0604
v -0.0006 -0.03646077 0.0604
v -0.00103923 -0.0369 0.0604
v -0.0012 -0.0375 0.0604
v -0.00103923 -0.0381 0.0604
v -0.0006 -0.03853923 0.0604
v 0.00105 -0.03931865 0.0604
v 0.00181865 -0.03855 0.0604
v 0.0021 -0.0375 0.0604
v 0.00181865 -0.03645 0.0604
v 0.00105 -0.03568135 0.0604
v 0 -0.0363 0.0604
v 0 -0.0354 0.0604
v -0.00105 -0.03568135 0.0604
v -0.00181865 -0.03645 0.0604
v -0.0021 -0.0375 0.0604
v -0.00181865 -0.03855 0.0604
v -0.00105 -0.03931865 0.0604
v 0 -0.0387 0.0604
v 0 -0.0396 0.0604
v 0 -0.0396 0.0604
v 0 -0.0396 0.062675
v 0.00105 -0.03931865 0.062675
v 0.00181865 -0.03855 0.062675
v 0.0021 -0.0375 0.062675
v 0.00181865 -0.03645 0.062675
v 0.00105 -0.03568135 0.062675
v 0 -0.0354 0.0604
v 0 -0.0354 0.062675
v -0.00105 -0.03568135 0.062675
v -0.00181865 -0.03645 0.062675
v -0.0021 -0.0375 0.062675
v -0.00181865 -0.03855 0.062675
v -0.00105 -0.03931865 0.062675
v 0 -0.0354 0.062675
v 0 -0.035275 0.0628
v 0 -0.0396 0.062675
v 0 -0.039725 0.0628
v 0 -0.0537 0.058
v 0 -0.0537 0.0604
v 0.0006 -0.05353923 0.0604
v 0.00103923 -0.0531 0.0604
v 0.0012 -0.0525 0.0604
v 0.00103923 -0.0519 0.0604
v 0.0006 -0.05146077 0.0604
v 0 -0.0513 0.058
v 0 -0.0513 0.0604
v -0.0006 -0.05146077 0.0604
v -0.00103923 -0.0519 0.0604
v -0.0012 -0.0525 0.0604
v -0.00103923 -0.0531 0.0604
v -0.0006 -0.05353923 0.0604
v 0.00105 -0.05431865 0.0604
v 0.00181865 -0.05355 0.0604
v 0.0021 -0.0525 0.0604
v 0.00181865 -0.05145 0.0604
v 0.00105 -0.05068135 0.0604
v 0 -0.0513 0.0604
v 0 -0.0504 0.0604
v -0.00105 -0.05068135 0.0604
v -0.00181865 -0.05145 0.0604
v -0.0021 -0.0525 0.0604
v -0.00181865 -0.05355 0.0604
v -0.00105 -0.05431865 0.0604
v 0 -0.0537 0.0604
v 0 -0.0546 0.0604
v 0 -0.0546 0.0604
v 0 -0.0546 0.062675
v 0.00105 -0.05431865 0.062675
v 0.00181865 -0.05355 0.062675
v 0.0021 -0.0525 0.062675
v 0.00181865 -0.05145 0.062675
v 0.00105 -0.05068135 0.062675
v 0 -0.0504 0.0604
v 0 -0.0504 0.062675
v -0.00105 -0.05068135 0.062675
v -0.00181865 -0.05145 0.062675
v -0.0021 -0.0525 0.062675
v -0.00181865 -0.05355 0.062675
v -0.00105 -0.05431865 0.062675
v 0 -0.0504 0.062675
v 0 -0.050275 0.0628
v 0 -0.0546 0.062675
v 0 -0.054725 0.0628
v 0 -0.0687 0.058
v 0 -0.0687 0.0604
v 0.0006 -0.06853923 0.0604
v 0.00103923 -0.0681 0.0604
v 0.0012 -0.0675 0.0604
v 0.00103923 -0.0669 0.0604
v 0.0006 -0.06646077 0.0604
v 0 -0.0663 0.058
v 0 -0.0663 0.0604
v -0.0006 -0.06646077 0.0604
v -0.00103923 -0.0669 0.0604
v -0.0012 -0.0675 0.0604
v -0.00103923 -0.0681 0.0604
v -0.0006 -0.06853923 0.0604
v 0.00105 -0.06931865 0.0604
v 0.00181865 -0.06855 0.0604
v 0.0021 -0.0675 0.0604
v 0.00181865 -0.06645 0.0604
v 0.00105 -0.06568135 0.0604
v 0 -0.0663 0.0604
v 0 -0.0654 0.0604
v -0.00105 -0.06568135 0.0604
v -0.00181865 -0.06645 0.0604
v -0.0021 -0.0675 0.0604
v -0.00181865 -0.06855 0.0604
v -0.00105 -0.06931865 0.0604
v 0 -0.0687 0.0604
v 0 -0.0696 0.0604
v 0 -0.0696 0.0604
v 0 -0.0696 0.062675
v 0.00105 -0.06931865 0.062675
v 0.00181865 -0.06855 0.062675
v 0.0021 -0.0675 0.062675
v 0.00181865 -0.06645 0.062675
v 0.00105 -0.06568135 0.062675
v 0 -0.0654 0.0604
v 0 -0.0654 0.062675
v -0.00105 -0.06568135 0.062675
v -0.00181865 -0.06645 0.062675
v -0.0021 -0.0675 0.062675
v -0.00181865 -0.06855 0.062675
v -0.00105 -0.06931865 0.062675
v 0 -0.0654 0.062675
v 0 -0.065275 0.0628
v 0 -0.0696 0.062675
v 0 -0.069725 0.0628
v 0.01125791 -0.01713211 0.052
v 0.00834218 -0.01872586 0.052
v 0.00835302 -0.01874105 0.052
v 0.02165063 0.00914 0.052
v 0.01997063 0.00959015 0.052
v 0.01900996 0.00767278 0.052
v 0.01874079 0.01082 0.052
v 0.01621703 0.01254025 0.052
v 0.01829064 0.0125 0.052
v 0.01220883 0.01646798 0.052
v 0.01874079 0.01418 0.052
v 0.02037831 0.00223032 0.052
v 0.02021956 -0.00337928 0.052
v 0.02333063 0.00959015 0.052
v 0.02456048 0.01082 0.052
v 0.01162818 -0.05267369 0.052
v 0.0272385 -0.00995309 0.052
v 0.02456048 -0.01418 0.052
v 0.02501063 -0.0125 0.052
v 0.0093879 0.01822409 0.052
v 0.00939959 0.01823864 0.052
v 0.01357616 0.02348804 0.052
v 0.01997063 0.01540984 0.052
v 0.01406588 0.02427651 0.052
v 0.02333063 -0.01540984 0.052
v 0.02165063 -0.01586 0.052
v 0.01997063 -0.01540984 0.052
v 0.01291492 -0.02592856 0.052
v 0.01294653 -0.0268562 0.052
v 0.01874079 -0.01082 0.052
v 0.01854558 -0.00873563 0.052
v 0.01829064 -0.0125 0.052
v 0.01548184 -0.01343736 0.052
v 0.01874079 -0.01418 0.052
v 0.00809934 -0.05657589 0.052
v 0.01021379 -0.05717391 0.052
v 0.01267037 -0.02503317 0.052
v 0.02165063 -0.00914 0.052
v 0.02501063 0.0125 0.052
v 0.01997063 -0.00959015 0.052
v 0.01107903 -0.0299203 0.052
v 0.0118039 -0.02934059 0.052
v 0.01237565 -0.02860941 0.052
v 0.01276349 -0.02776615 0.052
v 0.02836169 -0.00605099 0.052
v 0.02333063 -0.00959015 0.052
v 0.02456048 -0.01082 0.052
v 0.01162818 0.05267369 0.052
v 0.01021379 0.05717391 0.052
v 0.00809857 0.05657579 0.052
v 0.00779148 0.03103696 0.052
v 0.0045 0.03168201 0.052
v 0.00590042 0.05657593 0.052
v 0.0045 0.05690066 0.052
v 0.01024005 -0.03031734 0.052
v 0.00691034 -0.03124495 0.052
v 0.00590196 -0.05657572 0.052
v 0.0045 -0.03168201 0.052
v 0.0045 -0.05690066 0.052
v 0.01222603 -0.02421826 0.052
v 0.02165063 0.01586 0.052
v 0.02333063 0.01540984 0.052
v 0.02456048 0.01418 0.052
v 0.0272385 0.00995309 0.052
v 0.02836169 0.00605099 0.052
v 0.02892884 0.00203027 0.052
v 0.02892884 -0.00203027 0.052
v 0.01344441 0.02862604 0.052
v 0.01275348 0.02924582 0.052
v 0.01193831 0.02968968 0.052
v 0.0139739 0.0278637 0.052
v 0.01431342 0.02699984 0.052
v 0.01444471 0.026081 0.052
v 0.01436068 0.02515663 0.052
v -0.01125791 0.01713211 0.052
v -0.00834218 0.01872586 0.052
v -0.00835302 0.01874105 0.052
v -0.01874079 0.01418 0.052
v -0.01829064 0.0125 0.052
v -0.01548184 0.01343736 0.052
v -0.01900996 -0.00767278 0.052
v -0.01874079 -0.01082 0.052
v -0.01621703 -0.01254025 0.052
v -0.01829064 -0.0125 0.052
v -0.01220883 -0.01646798 0.052
v -0.01874079 -0.01418 0.052
v -0.01162818 0.05267369 0.052
v -0.0272385 0.00995309 0.052
v -0.02456048 0.01418 0.052
v -0.02501063 0.0125 0.052
v -0.01854558 0.00873563 0.052
v -0.01874079 0.01082 0.052
v -0.02021956 0.00337928 0.052
v -0.02333063 0.01540984 0.052
v -0.02165063 0.01586 0.052
v -0.01997063 0.01540984 0.052
v -0.01222603 0.02421826 0.052
v -0.01267037 0.02503317 0.052
v -0.01291492 0.02592856 0.052
v -0.01294653 0.0268562 0.052
v -0.02501063 -0.0125 0.052
v -0.02456048 -0.01082 0.052
v -0.02165063 0.00914 0.052
v -0.02333063 -0.00959015 0.052
v -0.02165063 -0.00914 0.052
v -0.0093879 -0.01822409 0.052
v -0.00939959 -0.01823864 0.052
v -0.01357616 -0.02348804 0.052
v -0.01997063 -0.01540984 0.052
v -0.01406588 -0.02427651 0.052
v -0.01436068 -0.02515663 0.052
v -0.02836169 0.00605099 0.052
v -0.02333063 0.00959015 0.052
v -0.02456048 0.01082 0.052
v -0.00809934 0.05657589 0.052
v -0.01021379 0.05717391 0.052
v -0.01162818 -0.05267369 0.052
v -0.01021379 -0.05717391 0.052
v -0.00809857 -0.05657579 0.052
v -0.00779148 -0.03103696 0.052
v -0.0045 -0.03168201 0.052
v -0.00590042 -0.05657593 0.052
v -0.0045 -0.05690066 0.052
v -0.02165063 -0.01586 0.052
v -0.02333063 -0.01540984 0.052
v -0.02456048 -0.01418 0.052
v -0.0272385 -0.00995309 0.052
v -0.02836169 -0.00605099 0.052
v -0.02892884 -0.00203027 0.052
v -0.02892884 0.00203027 0.052
v -0.01107903 0.0299203 0.052
v -0.0118039 0.02934059 0.052
v -0.01237565 0.02860941 0.052
v -0.01276349 0.02776615 0.052
v -0.01444471 -0.026081 0.052
v -0.01431342 -0.02699984 0.052
v -0.0139739 -0.0278637 0.052
v -0.01997063 0.00959015 0.052
v -0.02037831 -0.00223032 0.052
v -0.01997063 -0.00959015 0.052
v -0.01193831 -0.02968968 0.052
v -0.01275348 -0.02924582 0.052
v -0.01344441 -0.02862604 0.052
v -0.01024005 0.03031734 0.052
v -0.00691034 0.03124495 0.052
v -0.00590196 0.05657572 0.052
v -0.0045 0.03168201 0.052
v -0.0045 0.05690066 0.052
v 0.0025 -0.03075147 0.05785464
v 0.0025 -0.0315 0.058
v 0.0025 -0.03180802 0.057
v 0.0025 -0.0585 0.058
v 0.0025 -0.0585 0.05440192
v 0.0025 -0.05802626 0.05419363
v 0.0025 -0.02976795 0.057
v 0.0025 -0.02993949 0.05725093
v 0.0025 -0.03180802 0.054
v 0.0025 -0.05690066 0.054
v 0.0025 -0.05770716 0.05409832
v 0.0025 -0.03002056 0.05734583
v 0.0025 -0.0306912 0.05782916
v -0.0025 -0.03180802 0.057
v -0.0025 -0.03180802 0.054
v -0.0025 -0.0585 0.058
v -0.0025 -0.05690066 0.054
v -0.0025 -0.05770716 0.05409832
v -0.0025 -0.05802626 0.05419363
v -0.0025 -0.0585 0.05440192
v -0.0025 -0.0315 0.058
v -0.0025 -0.03075147 0.05785464
v -0.0025 -0.0306912 0.05782916
v -0.0025 -0.03002056 0.05734583
v -0.0025 -0.02993949 0.05725093
v -0.0025 -0.02976795 0.057
v -0.00404628 -0.03171341 0.05205214
v -0.00350003 -0.03174901 0.05226794
v -0.00373463 -0.05690066 0.05215224
v -0.0035 -0.05690066 0.05226795
v -0.00265224 -0.05690066 0.05323463
v -0.00261162 -0.03180183 0.0533412
v -0.00276795 -0.05690066 0.053
v -0.00276797 -0.03179299 0.05299997
v -0.00308579 -0.05690066 0.05258579
v -0.00293342 -0.03178342 0.05275669
v -0.0034294 -0.03175344 0.05231067
v 0.00350006 -0.03174901 0.05226792
v 0.00324321 -0.03176493 0.05244421
v 0.0035 -0.05690066 0.05226795
v 0.00279704 -0.03179133 0.05295122
v 0.00254585 -0.03180549 0.0535742
v 0.00265224 -0.05690066 0.05323463
v 0.00276795 -0.03179299 0.05299999
v 0.00276795 -0.05690066 0.053
v 0.00308579 -0.05690066 0.05258579
v 0.00383453 -0.0317275 0.05211396
v 0.00373463 -0.05690066 0.05215224
v 0.0025 0.03180802 0.057
v 0.0025 0.03180802 0.054
v 0.0025 0.0585 0.058
v 0.0025 0.05690066 0.054
v 0.0025 0.05741652 0.05404001
v 0.0025 0.05773282 0.05410474
v 0.0025 0.0585 0.05440192
v 0.0025 0.0315 0.058
v 0.0025 0.03075147 0.05785464
v 0.0025 0.0306912 0.05782916
v 0.0025 0.03002056 0.05734583
v 0.0025 0.02993949 0.05725093
v 0.0025 0.02976795 0.057
v -0.0025 0.03075147 0.05785464
v -0.0025 0.0315 0.058
v -0.0025 0.03180802 0.057
v -0.0025 0.0585 0.058
v -0.0025 0.05690066 0.054
v -0.0025 0.03180802 0.054
v -0.0025 0.02976795 0.057
v -0.0025 0.02993949 0.05725093
v -0.0025 0.0585 0.05440192
v -0.0025 0.05773282 0.05410474
v -0.0025 0.05741652 0.05404001
v -0.0025 0.03002056 0.05734583
v -0.0025 0.0306912 0.05782916
v -0.00254585 0.03180549 0.0535742
v -0.00265224 0.05690066 0.05323463
v -0.00276795 0.03179299 0.05299999
v -0.0035 0.05690066 0.05226795
v -0.00279704 0.03179133 0.05295122
v -0.00308579 0.05690066 0.05258579
v -0.00276795 0.05690066 0.053
v -0.00383453 0.0317275 0.05211396
v -0.00373463 0.05690066 0.05215224
v -0.00350006 0.03174901 0.05226792
v -0.00324321 0.03176493 0.05244421
v 0.0035 0.05690066 0.05226795
v 0.00350003 0.03174901 0.05226794
v 0.00373463 0.05690066 0.05215224
v 0.00404628 0.03171341 0.05205214
v 0.00265224 0.05690066 0.05323463
v 0.00261162 0.03180183 0.0533412
v 0.00276795 0.05690066 0.053
v 0.00276797 0.03179299 0.05299997
v 0.00308579 0.05690066 0.05258579
v 0.00293342 0.03178342 0.05275669
v 0.0034294 0.03175344 0.05231067
v -0.01139289 0.02829226 0.04429289
v -0.01175388 0.0281442 0.04406181
v -0.0121 0.02799714 0.044
v -0.01410473 0.02704268 0.045
v -0.0111 0.02840845 0.045
v -0.01160182 0.02820723 0.0445
v -0.01116181 0.02838422 0.04465388
v -0.01427553 0.02695291 0.044
v -0.01729857 0.0251199 0.044
v -0.01729857 0.0251199 0.045
v 0.00724612 -0.02962674 0.04406181
v 0.00760711 -0.02953611 0.04429289
v 0.00695943 -0.02969539 0.045
v 0.00783819 -0.02947563 0.04465388
v 0.0079 -0.02945912 0.045
v 0.00328462 -0.03032262 0.045
v 0.00328462 -0.03032262 0.044
v 0.0069 -0.02970926 0.044
v -0.01160182 -0.02820723 0.0445
v -0.0111 -0.02840845 0.045
v -0.01410473 -0.02704268 0.045
v -0.01116181 -0.02838422 0.04465388
v -0.01139289 -0.02829226 0.04429289
v -0.01175388 -0.0281442 0.04406181
v -0.0121 -0.02799714 0.044
v -0.01427553 -0.02695291 0.044
v -0.01729857 -0.0251199 0.045
v -0.01729857 -0.0251199 0.044
v 0.00695943 0.02969539 0.045
v 0.0079 0.02945912 0.045
v 0.00783819 0.02947563 0.04465388
v 0.00328462 0.03032262 0.044
v 0.00328462 0.03032262 0.045
v 0.0069 0.02970926 0.044
v 0.00724612 0.02962674 0.04406181
v 0.00760711 0.02953611 0.04429289
v -0.01087669 -0.01737664 0.049
v -0.01065147 -0.0175156 0.049
v -0.01082532 -0.0219 0.049
v -0.02271253 -0.01738105 0.049
v -0.02192532 -0.01735 0.049
v -0.02236038 -0.01783181 0.049
v 0.02192532 0.01735 0.049
v 0.01082532 0.01735 0.049
v 0.01082532 0.0219 0.049
v 0.02271253 0.01738105 0.049
v 0.02236038 0.01783181 0.049
v 0.01240908 -0.02576771 0.049
v 0.0063641 -0.02788294 0.049
v 0.00147224 -0.02585 0.049
v -0.0063641 -0.02788294 0.049
v -0.01240908 -0.02576771 0.049
v -0.0017 -0.025 0.049
v 0.0017 -0.025 0.049
v 0.00147224 -0.02415 0.049
v 0.01082532 -0.0219 0.049
v 0.00085 -0.02352776 0.049
v 0 -0.0233 0.049
v -0.00085 -0.02352776 0.049
v -0.00147224 -0.02415 0.049
v -0.00147224 -0.02585 0.049
v -0.00085 -0.02647224 0.049
v 0 -0.0286 0.049
v 0 -0.0267 0.049
v 0.00085 -0.02647224 0.049
v 0.01783181 -0.02236038 0.049
v 0.01065147 -0.0175156 0.049
v 0.02196958 -0.01831113 0.049
v 0.02192532 -0.01735 0.049
v 0.02236038 -0.01783181 0.049
v 0.02192532 -0 0.049
v 0.02165063 0.0108 0.049
v 0.0286 -0 0.049
v 0.02250063 0.01102776 0.049
v 0.02788294 0.0063641 0.049
v 0.02312288 0.01165 0.049
v 0.02576771 0.01240908 0.049
v 0.01783181 0.02236038 0.049
v 0.01240908 0.02576771 0.049
v -0.01240908 0.02576771 0.049
v -0.0063641 0.02788294 0.049
v -0.00147224 0.02585 0.049
v -0.0017 0.025 0.049
v -0.00147224 0.02415 0.049
v -0.01082532 0.0219 0.049
v -0.00085 0.02352776 0.049
v 0 0.0233 0.049
v 0.00085 0.02352776 0.049
v 0.00147224 0.02415 0.049
v 0.0017 0.025 0.049
v 0.0063641 0.02788294 0.049
v 0.00147224 0.02585 0.049
v 0.00085 0.02647224 0.049
v 0 0.0286 0.049
v 0 0.0267 0.049
v -0.00085 0.02647224 0.049
v -0.01783181 0.02236038 0.049
v -0.01082532 0.01735 0.049
v -0.02196958 0.01831113 0.049
v -0.02192532 0.01735 0.049
v -0.02236038 0.01783181 0.049
v -0.02576771 0.01240908 0.049
v -0.02250063 0.01397224 0.049
v -0.01783181 -0.02236038 0.049
v 0.02576771 -0.01240908 0.049
v 0.02335064 -0.0125 0.049
v 0.02788294 -0.0063641 0.049
v 0.02312288 -0.01165 0.049
v 0.02250063 -0.01102776 0.049
v 0.02165063 -0.0108 0.049
v 0.02080064 -0.01102776 0.049
v 0.02080064 -0.01397224 0.049
v 0.02165063 -0.0142 0.049
v 0.02250063 -0.01397224 0.049
v 0.02312288 -0.01335 0.049
v 0.01995064 0.0125 0.049
v 0.02017839 0.01165 0.049
v 0.01674788 0.01182195 0.049
v 0.01931635 0.00686503 0.049
v 0.02335064 0.0125 0.049
v 0.02312288 0.01335 0.049
v 0.02250063 0.01397224 0.049
v 0.02165063 0.0142 0.049
v 0.02080064 0.01397224 0.049
v 0.02017839 0.01335 0.049
v 0.02080064 0.01102776 0.049
v 0.02045221 0.00139897 0.049
v 0.02007122 -0.00417085 0.049
v 0.01820165 -0.00943133 0.049
v 0.02017839 -0.01165 0.049
v 0.01498214 -0.01399234 0.049
v 0.01995064 -0.0125 0.049
v 0.02017839 -0.01335 0.049
v -0.0129373 0.01590208 0.049
v -0.01674788 0.01182195 0.049
v -0.01995064 0.0125 0.049
v -0.01931635 0.00686503 0.049
v -0.02045221 0.00139897 0.049
v -0.02192532 -0 0.049
v -0.02165063 0.0142 0.049
v -0.02080064 0.01397224 0.049
v -0.02017839 0.01335 0.049
v -0.02312288 0.01335 0.049
v -0.02335064 0.0125 0.049
v -0.02788294 0.0063641 0.049
v -0.02312288 0.01165 0.049
v -0.0286 -0 0.049
v -0.02250063 0.01102776 0.049
v -0.02165063 0.0108 0.049
v -0.02080064 0.01102776 0.049
v -0.02017839 0.01165 0.049
v -0.02576771 -0.01240908 0.049
v -0.02312288 -0.01335 0.049
v -0.02250063 -0.01397224 0.049
v -0.02165063 -0.0142 0.049
v -0.02007122 -0.00417085 0.049
v -0.02165063 -0.0108 0.049
v -0.02250063 -0.01102776 0.049
v -0.02788294 -0.0063641 0.049
v -0.02312288 -0.01165 0.049
v -0.02335064 -0.0125 0.049
v -0.02080064 -0.01397224 0.049
v -0.02017839 -0.01335 0.049
v -0.01498214 -0.01399234 0.049
v -0.01995064 -0.0125 0.049
v -0.01820165 -0.00943133 0.049
v -0.02017839 -0.01165 0.049
v -0.02080064 -0.01102776 0.049
v -0.00816722 0.01880283 0.049
v -0.00279142 0.02030906 0.049
v 0 0.0205 0.049
v 0.0129373 0.01590208 0.049
v 0.00816722 0.01880283 0.049
v 0.00279142 0.02030906 0.049
v -0.00553083 -0.0197398 0.049
v 0 -0.0205 0.049
v 0.00553083 -0.0197398 0.049
v -0.00744874 0.051 0.049
v -0.00740151 0.05112924 0.049
v -0.0055 0.051 0.049
v -0.00567111 0.05677063 0.049
v -0.0055 0.05747461 0.049
v -0.01200743 0.03234303 0.049
v -0.0146753 0.03122316 0.049
v -0.01110279 0.041 0.049
v -0.0055 0.041 0.049
v -0.0055 0.03405877 0.049
v -0.00787214 0.03358987 0.049
v 0.0055 0.05747461 0.049
v 0.00567111 0.05677063 0.049
v 0.0055 0.051 0.049
v 0.00740151 0.05112924 0.049
v 0.00744874 0.051 0.049
v 0.0055 0.03405877 0.049
v 0.0055 0.041 0.049
v 0.00787214 0.03358987 0.049
v 0.01110279 0.041 0.049
v 0.01200743 0.03234303 0.049
v 0.0146753 0.03122316 0.049
v -0.0015 0.068349 0.044
v -0.0015 0.049 0.044
v -0.0015 0.068349 0.045
v -0.0015 0.049 0.045
v -0.0015 0.03231099 0.045
v -0.0015 0.043 0.045
v -0.0015 0.03231099 0.044
v -0.0015 0.043 0.044
v 0.0015 0.068349 0.045
v 0.0015 0.049 0.045
v 0.0015 0.068349 0.044
v 0.0015 0.049 0.044
v 0.0015 0.03231099 0.044
v 0.0015 0.043 0.044
v 0.0015 0.03231099 0.045
v 0.0015 0.043 0.045
v 0.0121874 0.04968642 0.045
v 0.01115855 0.05250208 0.045
v 0.0121874 0.04968642 0.044
v 0.01115855 0.05250208 0.044
v 0.01437983 0.04368642 0.044
v 0.02031142 0.02745353 0.044
v 0.01437983 0.04368642 0.045
v 0.02031142 0.02745353 0.045
v -0.0121874 0.04968642 0.044
v -0.01115855 0.05250208 0.044
v -0.0121874 0.04968642 0.045
v -0.01115855 0.05250208 0.045
v -0.02031142 0.02745353 0.044
v -0.01437983 0.04368642 0.044
v -0.02031142 0.02745353 0.045
v -0.01437983 0.04368642 0.045
v 0.00744874 -0.051 0.049
v 0.00740151 -0.05112924 0.049
v 0.0055 -0.051 0.049
v 0.00567111 -0.05677063 0.049
v 0.00549998 -0.05747479 0.049
v -0.00549998 -0.05747479 0.049
v -0.00567111 -0.05677063 0.049
v -0.0055 -0.051 0.049
v -0.00740151 -0.05112924 0.049
v -0.00744874 -0.051 0.049
v 0.0015 -0.068349 0.044
v 0.0015 -0.049 0.044
v 0.0015 -0.068349 0.045
v 0.0015 -0.049 0.045
v -0.0015 -0.049 0.044
v -0.0015 -0.068349 0.044
v -0.0015 -0.049 0.045
v -0.0015 -0.068349 0.045
v 0.01200743 -0.03234303 0.049
v 0.0146753 -0.03122316 0.049
v 0.01110279 -0.041 0.049
v 0.0055 -0.041 0.049
v 0.0055 -0.03405877 0.049
v 0.00787214 -0.03358987 0.049
v -0.0055 -0.03405877 0.049
v -0.0055 -0.041 0.049
v -0.00787214 -0.03358987 0.049
v -0.01110279 -0.041 0.049
v -0.01200743 -0.03234303 0.049
v -0.0146753 -0.03122316 0.049
v 0.0015 -0.043 0.044
v 0.0015 -0.03231099 0.044
v 0.0015 -0.043 0.045
v 0.0015 -0.03231099 0.045
v -0.0015 -0.03231099 0.044
v -0.0015 -0.043 0.044
v -0.0015 -0.03231099 0.045
v -0.0015 -0.043 0.045
v 0.02031142 -0.02745353 0.044
v 0.01437983 -0.04368642 0.044
v 0.02031142 -0.02745353 0.045
v 0.01437983 -0.04368642 0.045
v 0.0121874 -0.04968642 0.044
v 0.01115855 -0.05250208 0.044
v 0.0121874 -0.04968642 0.045
v 0.01115855 -0.05250208 0.045
v -0.0121874 -0.04968642 0.045
v -0.01115855 -0.05250208 0.045
v -0.0121874 -0.04968642 0.044
v -0.01115855 -0.05250208 0.044
v -0.01437983 -0.04368642 0.044
v -0.02031142 -0.02745353 0.044
v -0.01437983 -0.04368642 0.045
v -0.02031142 -0.02745353 0.045
v -0.00724612 0.02962674 0.04406181
v -0.00760711 0.02953611 0.04429289
v -0.00695943 0.02969539 0.045
v -0.00783819 0.02947563 0.04465388
v -0.0079 0.02945912 0.045
v -0.00328462 0.03032262 0.045
v -0.00328462 0.03032262 0.044
v -0.0069 0.02970926 0.044
v 0.02982868 -0.00636397 0.0505
v 0.02864739 -0.0104679 0.0505
v 0.03003328 -0.00531529 0.0445
v 0.02864739 -0.0104679 0.0445
v 0.03042516 -0.00213528 0.0505
v 0.0305 -0 0.0445
v 0.0305 -0 0.0505
v 0.03042516 0.00213528 0.0505
v 0.03003328 0.00531529 0.0445
v 0.02982868 0.00636397 0.0505
v 0.02864739 0.0104679 0.0445
v 0.02864739 0.0104679 0.0505
v 0.01139289 -0.02829226 0.04429289
v 0.01175388 -0.0281442 0.04406181
v 0.0121 -0.02799714 0.044
v 0.01410473 -0.02704268 0.045
v 0.0111 -0.02840845 0.045
v 0.01160182 -0.02820723 0.0445
v 0.01116181 -0.02838422 0.04465388
v 0.01427553 -0.02695291 0.044
v 0.01729857 -0.0251199 0.044
v 0.01729857 -0.0251199 0.045
v 0.0055 0.0615 0.058
v 0.0055 0.0615 0.05587197
v 0.00573187 0.0615 0.058
v 0.00698882 0.0615 0.05699134
v 0.007 0.0615 0.057
v 0.007 0.0615 0.0625
v 0.00573187 0.0615 0.0625
v 0.007 -0.0615 0.0625
v 0.007 -0.0615 0.057
v 0.00698882 -0.0615 0.05699134
v 0.00573187 -0.0615 0.0625
v 0.00573187 -0.0615 0.058
v 0.0055 -0.0615 0.058
v 0.0055 -0.0615 0.05587197
v -0.00695943 -0.02969539 0.045
v -0.0079 -0.02945912 0.045
v -0.00783819 -0.02947563 0.04465388
v -0.00328462 -0.03032262 0.044
v -0.00328462 -0.03032262 0.045
v -0.0069 -0.02970926 0.044
v -0.00724612 -0.02962674 0.04406181
v -0.00760711 -0.02953611 0.04429289
v 0.01160182 0.02820723 0.0445
v 0.0111 0.02840845 0.045
v 0.01410473 0.02704268 0.045
v 0.01116181 0.02838422 0.04465388
v 0.01139289 0.02829226 0.04429289
v 0.01175388 0.0281442 0.04406181
v 0.0121 0.02799714 0.044
v 0.01427553 0.02695291 0.044
v 0.01729857 0.0251199 0.045
v 0.01729857 0.0251199 0.044
v 0.00095263 0.06695 0.058
v 0.00055 0.06654737 0.058
v 0.0036 0.06179963 0.058
v -0.00055 0.06845263 0.058
v 0 0.0686 0.058
v -0.0036 0.0725 0.058
v 0.0036 0.0725 0.058
v -0.0036 0.06179963 0.058
v -0.00573187 0.0615 0.058
v -0.0055 0.0615 0.058
v -0.00086603 0.053 0.058
v 0 0.0664 0.058
v -0.001 0.0525 0.058
v 0.00055 0.06845263 0.058
v 0.00095263 0.06805 0.058
v 0.0011 0.0675 0.058
v 0.00272836 0.05964805 0.058
v 0.00337868 0.06062132 0.058
v -0.00086603 0.038 0.058
v -0.001 0.0375 0.058
v -0.00086603 0.037 0.058
v -0.0005 0.03663398 0.058
v -0.0005 0.05336602 0.058
v 0 0.0535 0.058
v 0.0005 0.05336602 0.058
v 0.00435195 0.06127164 0.058
v 0.00086603 0.038 0.058
v 0.00086603 0.052 0.058
v 0.0005 0.03836603 0.058
v 0.0005 0.05163398 0.058
v 0 0.0385 0.058
v 0 0.0515 0.058
v -0.0005 0.03836603 0.058
v 0.00086603 0.053 0.058
v 0.001 0.0525 0.058
v 0.001 0.0375 0.058
v 0.00086603 0.037 0.058
v 0.0005 0.03663398 0.058
v 0 0.0365 0.058
v -0.00055 0.06654737 0.058
v -0.004 0.06109808 0.058
v -0.00290192 0.06 0.058
v -0.00086603 0.052 0.058
v -0.0005 0.05163398 0.058
v -0.00095263 0.06695 0.058
v -0.0011 0.0675 0.058
v -0.00095263 0.06805 0.058
v -0.0055 -0.0615 0.058
v -0.00573187 -0.0615 0.058
v -0.0036 -0.06179963 0.058
v 0.0036 -0.06179963 0.058
v 0.00435195 -0.06127164 0.058
v 0.00337868 -0.06062132 0.058
v -0.00055 -0.06845263 0.058
v -0.0036 -0.0725 0.058
v 0 -0.0686 0.058
v 0.0036 -0.0725 0.058
v 0.00055 -0.06845263 0.058
v 0 -0.0535 0.058
v -0.0011 -0.0675 0.058
v -0.00095263 -0.06805 0.058
v -0.0005 -0.03836603 0.058
v -0.00086603 -0.038 0.058
v -0.0005 -0.05163398 0.058
v -0.00086603 -0.052 0.058
v -0.001 -0.0375 0.058
v -0.00086603 -0.037 0.058
v -0.00095263 -0.06695 0.058
v -0.00055 -0.06654737 0.058
v 0.0005 -0.05336602 0.058
v 0 -0.0664 0.058
v 0.00086603 -0.053 0.058
v 0.001 -0.0525 0.058
v -0.0005 -0.05336602 0.058
v -0.00290192 -0.06 0.058
v -0.004 -0.06109808 0.058
v 0.0005 -0.03663398 0.058
v 0 -0.0365 0.058
v -0.0005 -0.03663398 0.058
v 0.00086603 -0.038 0.058
v 0.001 -0.0375 0.058
v 0.00086603 -0.037 0.058
v 0.00095263 -0.06695 0.058
v 0.0011 -0.0675 0.058
v 0.00095263 -0.06805 0.058
v -0.00086603 -0.053 0.058
v -0.001 -0.0525 0.058
v 0 -0.0385 0.058
v 0 -0.0515 0.058
v 0.0005 -0.03836603 0.058
v 0.0005 -0.05163398 0.058
v 0.00055 -0.06654737 0.058
v 0.00272836 -0.05964805 0.058
v 0.00086603 -0.052 0.058
v -0.00746144 -0.01855605 0.053
v -0.00746144 -0.01855605 0.0555
v -0.00539594 -0.01925835 0.0555
v 0.01262176 0.01551423 0.0495
v 0.01191105 0.01606633 0.0515
v 0.00796802 0.01834423 0.0495
v 0.00915893 0.0177796 0.0515
v 0.00852883 0.0180903 0.0516694
v 0.00813642 0.01827016 0.0519694
v 0.00790066 0.01837334 0.05224729
v 0.00272333 0.01981372 0.0495
v 0.00746144 0.01855605 0.053
v 0.00746144 0.01855605 0.0555
v 0.0163394 0.01153361 0.0495
v 0.01582149 0.01223439 0.0515
v 0.01262176 0.01551423 0.0515
v 0.01884522 0.00669759 0.0495
v 0.0185463 0.00748564 0.0515
v 0.0163394 0.01153361 0.0515
v 0.01995338 0.00136485 0.0495
v 0.01988128 0.00217592 0.0515
v 0.01884522 0.00669759 0.0515
v 0.01958168 -0.00406912 0.0495
v 0.0197264 -0.00329685 0.0515
v 0.01995338 0.00136485 0.0515
v 0.0177577 -0.0092013 0.0495
v 0.01809325 -0.00852257 0.0515
v 0.01958168 -0.00406912 0.0515
v 0.01461672 -0.01365106 0.0495
v 0.01510423 -0.01310962 0.0515
v 0.0177577 -0.0092013 0.0515
v 0.01039168 -0.01708839 0.0495
v 0.01098333 -0.01671426 0.0515
v 0.01461672 -0.01365106 0.0515
v 0.0070901 -0.01870108 0.0519694
v 0.00539594 -0.01925835 0.0495
v 0.00670837 -0.01884138 0.05245158
v 0.00640003 -0.01894834 0.053
v 0.00775868 -0.01843374 0.0515577
v 0.00813871 -0.01826914 0.0515
v 0.01039168 -0.01708839 0.0515
v -0.00852883 -0.0180903 0.0516694
v -0.00539594 -0.01925835 0.0495
v -0.00915893 -0.0177796 0.0515
v -0.01039168 -0.01708839 0.0495
v -0.01039168 -0.01708839 0.0515
v -0.00813642 -0.01827016 0.0519694
v -0.00790066 -0.01837334 0.05224729
v -0.01461672 -0.01365106 0.0495
v -0.0177577 -0.0092013 0.0495
v -0.0177577 -0.0092013 0.0515
v -0.01582149 -0.01223439 0.0515
v -0.01461672 -0.01365106 0.0515
v -0.01191105 -0.01606633 0.0515
v -0.01958168 -0.00406912 0.0495
v -0.01995338 0.00136485 0.0495
v -0.01995338 0.00136485 0.0515
v -0.01988128 -0.00217592 0.0515
v -0.01958168 -0.00406912 0.0515
v -0.0185463 -0.00748564 0.0515
v -0.01884522 0.00669759 0.0495
v -0.0163394 0.01153361 0.0495
v -0.0163394 0.01153361 0.0515
v -0.01809325 0.00852257 0.0515
v -0.01884522 0.00669759 0.0515
v -0.0197264 0.00329685 0.0515
v -0.00796802 0.01834423 0.0495
v -0.00796622 0.01834501 0.05151188
v -0.00813871 0.01826914 0.0515
v -0.01262176 0.01551423 0.0495
v -0.01098333 0.01671426 0.0515
v -0.01262176 0.01551423 0.0515
v -0.01510423 0.01310962 0.0515
v -0.00640003 0.01894834 0.0555
v -0.00640003 0.01894834 0.053
v -0.00272333 0.01981372 0.0495
v -0.00670837 0.01884138 0.05245158
v -0.0070901 0.01870108 0.0519694
v -0.00775868 0.01843374 0.0515577
v -0.00291561 -0.01978634 0.0555
v 0 -0.02 0.0495
v 0.00291561 0.01978634 0.0555
v 0.00272333 0.01981372 0.0555
v 0 0.02 0.0495
v -0.00179189 0.01991957 0.0555
v -0.00272333 0.01981372 0.0555
v 0.00640003 -0.01894834 0.0555
v 0.00539594 -0.01925835 0.0555
v 0.00179189 -0.01991957 0.0555
v 0 -0.02 0.0555
v 0.02165063 -0.0108 0.05034
v 0.02080064 -0.01102776 0.05034
v 0.02017839 -0.01165 0.05034
v 0.01995064 -0.0125 0.05034
v 0.02017839 -0.01335 0.05034
v 0.02080064 -0.01397224 0.05034
v 0.02165063 -0.0142 0.05034
v 0.02250063 -0.01397224 0.05034
v 0.02312288 -0.01335 0.05034
v 0.02335064 -0.0125 0.05034
v 0.02312288 -0.01165 0.05034
v 0.02250063 -0.01102776 0.05034
v 0.02165063 0.0142 0.05034
v 0.02080064 0.01397224 0.05034
v 0.02017839 0.01335 0.05034
v 0.01995064 0.0125 0.05034
v 0.02017839 0.01165 0.05034
v 0.02080064 0.01102776 0.05034
v 0.02165063 0.0108 0.05034
v 0.02250063 0.01102776 0.05034
v 0.02312288 0.01165 0.05034
v 0.02335064 0.0125 0.05034
v 0.02312288 0.01335 0.05034
v 0.02250063 0.01397224 0.05034
v 0 0.0267 0.05034
v -0.00085 0.02647224 0.05034
v -0.00147224 0.02585 0.05034
v -0.0017 0.025 0.05034
v -0.00147224 0.02415 0.05034
v -0.00085 0.02352776 0.05034
v 0 0.0233 0.05034
v 0.00085 0.02352776 0.05034
v 0.00147224 0.02415 0.05034
v 0.0017 0.025 0.05034
v 0.00147224 0.02585 0.05034
v 0.00085 0.02647224 0.05034
v -0.00168 0.02790985 0.052
v -0.00290985 0.02668 0.052
v -0.00336 0.025 0.052
v -0.00290985 0.02332 0.052
v -0.00168 0.02209015 0.052
v 0 0.02164 0.052
v 0.00168 0.02209015 0.052
v 0.00290985 0.02332 0.052
v 0.00336 0.025 0.052
v 0.00290985 0.02668 0.052
v 0.00168 0.02790985 0.052
v 0 0.02836 0.052
v -0.02165063 0.0142 0.05034
v -0.02250063 0.01397224 0.05034
v -0.02312288 0.01335 0.05034
v -0.02335064 0.0125 0.05034
v -0.02312288 0.01165 0.05034
v -0.02250063 0.01102776 0.05034
v -0.02165063 0.0108 0.05034
v -0.02080064 0.01102776 0.05034
v -0.02017839 0.01165 0.05034
v -0.01995064 0.0125 0.05034
v -0.02017839 0.01335 0.05034
v -0.02080064 0.01397224 0.05034
v -0.02165063 -0.0108 0.05034
v -0.02250063 -0.01102776 0.05034
v -0.02312288 -0.01165 0.05034
v -0.02335064 -0.0125 0.05034
v -0.02312288 -0.01335 0.05034
v -0.02250063 -0.01397224 0.05034
v -0.02165063 -0.0142 0.05034
v -0.02080064 -0.01397224 0.05034
v -0.02017839 -0.01335 0.05034
v -0.01995064 -0.0125 0.05034
v -0.02017839 -0.01165 0.05034
v -0.02080064 -0.01102776 0.05034
v 0 -0.0233 0.05034
v -0.00085 -0.02352776 0.05034
v -0.00147224 -0.02415 0.05034
v -0.0017 -0.025 0.05034
v -0.00147224 -0.02585 0.05034
v -0.00085 -0.02647224 0.05034
v 0 -0.0267 0.05034
v 0.00085 -0.02647224 0.05034
v 0.00147224 -0.02585 0.05034
v 0.0017 -0.025 0.05034
v 0.00147224 -0.02415 0.05034
v 0.00085 -0.02352776 0.05034
v -0.00168 -0.02209015 0.052
v -0.00290985 -0.02332 0.052
v -0.00336 -0.025 0.052
v -0.00290985 -0.02668 0.052
v -0.00168 -0.02790985 0.052
v 0 -0.02836 0.052
v 0.00168 -0.02790985 0.052
v 0.00290985 -0.02668 0.052
v 0.00336 -0.025 0.052
v 0.00290985 -0.02332 0.052
v 0.00168 -0.02209015 0.052
v 0 -0.02164 0.052
v -0.02744742 0.01375185 0.0445
v -0.02744742 0.01375185 0.0505
v -0.01303707 0.0531885 0.0445
v -0.01303707 0.0531885 0.0505
v -0.01 0.0715 0.0625
v -0.01 0.0715 0.0445
v -0.01 0.070349 0.0505
v -0.01 0.070349 0.0445
v -0.01 0.0645 0.0625
v -0.01 0.0645 0.055
v -0.01 0.06439612 0.05388835
v -0.01 0.07030934 0.05051507
v -0.01 0.06409447 0.05283161
v 0.0036 0.0725 0.0625
v 0.009 0.0725 0.0625
v 0.009 0.0725 0.0445
v -0.009 0.0725 0.0445
v -0.0036 0.0725 0.0625
v -0.009 0.0725 0.0625
v 0.01 0.070349 0.0445
v 0.01 0.0715 0.0445
v 0.01 0.070349 0.0505
v 0.01 0.0715 0.0625
v 0.01 0.0645 0.0625
v 0.01 0.06409447 0.05283161
v 0.01 0.07030934 0.05051507
v 0.01 0.06439617 0.05388865
v 0.01 0.0645 0.055
v 0.01303707 0.0531885 0.0445
v 0.01303707 0.0531885 0.0505
v 0.01303707 -0.0531885 0.0445
v 0.01303707 -0.0531885 0.0505
v 0.01 -0.0715 0.0625
v 0.01 -0.0715 0.0445
v 0.01 -0.070349 0.0505
v 0.01 -0.070349 0.0445
v 0.01 -0.0645 0.0625
v 0.01 -0.0645 0.055
v 0.01 -0.06439612 0.05388835
v 0.01 -0.07030934 0.05051507
v 0.01 -0.06409447 0.05283161
v -0.0036 -0.0725 0.0625
v -0.009 -0.0725 0.0625
v -0.009 -0.0725 0.0445
v 0.009 -0.0725 0.0445
v 0.0036 -0.0725 0.0625
v 0.009 -0.0725 0.0625
v -0.01 -0.070349 0.0445
v -0.01 -0.0715 0.0445
v -0.01 -0.070349 0.0505
v -0.01 -0.0715 0.0625
v -0.01 -0.0645 0.0625
v -0.01 -0.06409447 0.05283161
v -0.01 -0.07030934 0.05051507
v -0.01 -0.06439617 0.05388865
v -0.01 -0.0645 0.055
v -0.01303707 -0.0531885 0.0445
v -0.01303707 -0.0531885 0.0505
v -0.02744742 -0.01375185 0.0445
v -0.02744742 -0.01375185 0.0505
v -0.0055 -0.0615 0.05587197
v -0.00698882 -0.0615 0.05699134
v -0.007 -0.0615 0.057
v -0.007 -0.0615 0.0625
v -0.00573187 -0.0615 0.0625
v -0.007 0.0615 0.0625
v -0.007 0.0615 0.057
v -0.00698882 0.0615 0.05699134
v -0.00573187 0.0615 0.0625
v -0.0055 0.0615 0.05587197
v 0 0.0686 0.049
v -0.00055 0.06845263 0.049
v -0.00095263 0.06805 0.049
v -0.0011 0.0675 0.049
v -0.00095263 0.06695 0.049
v -0.00055 0.06654737 0.049
v 0 0.0664 0.049
v 0.00055 0.06654737 0.049
v 0.00095263 0.06695 0.049
v 0.0011 0.0675 0.049
v 0.00095263 0.06805 0.049
v 0.00055 0.06845263 0.049
v 0 -0.0664 0.049
v -0.00055 -0.06654737 0.049
v -0.00095263 -0.06695 0.049
v -0.0011 -0.0675 0.049
v -0.00095263 -0.06805 0.049
v -0.00055 -0.06845263 0.049
v 0 -0.0686 0.049
v 0.00055 -0.06845263 0.049
v 0.00095263 -0.06805 0.049
v 0.0011 -0.0675 0.049
v 0.00095263 -0.06695 0.049
v 0.00055 -0.06654737 0.049
v 0.0036 -0.06179963 0.0625
v 0.00576684 -0.062 0.063
v 0.0041 -0.06223427 0.063
v 0.0041 -0.072 0.063
v 0.009 -0.072 0.063
v 0.00825 -0.06233494 0.063
v 0.007 -0.062 0.063
v 0.00925 -0.07193302 0.063
v 0.00943301 -0.07175 0.063
v 0.0095 -0.0715 0.063
v 0.0095 -0.0645 0.063
v 0.00916506 -0.06325 0.063
v -0.0036 -0.06179963 0.0625
v -0.00943301 -0.07175 0.063
v -0.00925 -0.07193302 0.063
v -0.0095 -0.0715 0.063
v -0.009 -0.072 0.063
v -0.0095 -0.0645 0.063
v -0.00916506 -0.06325 0.063
v -0.00825 -0.06233494 0.063
v -0.007 -0.062 0.063
v -0.0041 -0.072 0.063
v -0.00576684 -0.062 0.063
v -0.0041 -0.06223427 0.063
v -0.0036 0.06179963 0.0625
v -0.0095 0.0715 0.063
v -0.0095 0.0645 0.063
v -0.00576684 0.062 0.063
v -0.00916506 0.06325 0.063
v -0.00825 0.06233494 0.063
v -0.007 0.062 0.063
v -0.00925 0.07193302 0.063
v -0.00943301 0.07175 0.063
v -0.009 0.072 0.063
v -0.0041 0.072 0.063
v -0.0041 0.06223427 0.063
v 0.0036 0.06179963 0.0625
v 0.00943301 0.07175 0.063
v 0.00925 0.07193302 0.063
v 0.0095 0.0715 0.063
v 0.009 0.072 0.063
v 0.0095 0.0645 0.063
v 0.00916506 0.06325 0.063
v 0.00825 0.06233494 0.063
v 0.007 0.062 0.063
v 0.0041 0.072 0.063
v 0.00576684 0.062 0.063
v 0.0041 0.06223427 0.063
v -0.01134941 -0.05881122 0.0505
v -0.01135751 -0.05877713 0.0445
v -0.01076512 -0.06163541 0.0505
v -0.01076512 -0.06163541 0.0445
v -0.01033242 -0.06459298 0.0505
v -0.01034054 -0.06452339 0.0445
v 0.01033242 -0.06459298 0.0505
v 0.01034054 -0.06452339 0.0445
v 0.01076512 -0.06163541 0.0505
v 0.01076512 -0.06163541 0.0445
v 0.01134941 -0.05881122 0.0505
v 0.01135751 -0.05877713 0.0445
v 0.01134941 0.05881122 0.0505
v 0.01135751 0.05877713 0.0445
v 0.01076512 0.06163541 0.0505
v 0.01076512 0.06163541 0.0445
v 0.01033242 0.06459298 0.0505
v 0.01034054 0.06452339 0.0445
v -0.01033242 0.06459298 0.0505
v -0.01034054 0.06452339 0.0445
v -0.01076512 0.06163541 0.0505
v -0.01076512 0.06163541 0.0445
v -0.01134941 0.05881122 0.0505
v -0.01135751 0.05877713 0.0445
v -0.02070444 0.03074844 0.044
v -0.02070444 0.026125 0.044
v -0.02239387 0.026125 0.044
v 0.02448387 0.01572737 0.044
v 0.02028719 0.02086241 0.044
v 0.02070444 0.026125 0.044
v -0.0121 0.02646507 0.044
v -0.01503684 -0.02491392 0.044
v -0.0121 -0.02646507 0.044
v -0.0192239 -0.02493018 0.044
v -0.02448387 -0.01572737 0.044
v -0.02028719 -0.02086241 0.044
v -0.01823677 -0.02477675 0.044
v 0 -0.0291 0.044
v 0 -0.046 0.044
v -0.00176795 -0.044 0.044
v -0.0069 -0.02827013 0.044
v -0.00255105 -0.02898797 0.044
v -0.0023781 -0.03065529 0.044
v -0.00173311 -0.03137392 0.044
v -0.01395491 -0.04437371 0.044
v -0.01513144 -0.046 0.044
v -0.0132927 -0.04483677 0.044
v -0.02001369 -0.02554191 0.044
v -0.02040907 -0.02645933 0.044
v -0.01250132 -0.045 0.044
v -0.0035 -0.045 0.044
v -0.0025 -0.04473205 0.044
v -0.02891046 -0.0033159 0.044
v -0.031925 -0 0.044
v -0.02891046 0.0033159 0.044
v -0.0299674 0.0104168 0.044
v -0.02740894 0.00977549 0.044
v -0.02814635 0.0116902 0.044
v -0.02697779 0.01358025 0.044
v -0.02448387 0.01572737 0.044
v -0.02028719 0.02086241 0.044
v -0.01503684 0.02491392 0.044
v -0.01823677 0.02477675 0.044
v -0.0192239 0.02493018 0.044
v -0.0023781 0.03065529 0.044
v 0 0.0291 0.044
v -0.00255105 0.02898797 0.044
v -0.0069 0.02827013 0.044
v -0.00173311 0.03137392 0.044
v 0 0.046 0.044
v -0.00176795 0.044 0.044
v -0.0025 0.04473205 0.044
v -0.0035 0.045 0.044
v -0.01513144 0.046 0.044
v -0.01250132 0.045 0.044
v -0.0132927 0.04483677 0.044
v -0.01395491 0.04437371 0.044
v -0.02040907 0.02645933 0.044
v -0.02001369 0.02554191 0.044
v 0.01513144 0.046 0.044
v 0.01395491 0.04437371 0.044
v 0.0132927 0.04483677 0.044
v 0.01250132 0.045 0.044
v 0.0035 0.045 0.044
v 0.0025 0.04473205 0.044
v 0.00176795 0.044 0.044
v 0.0069 0.02827013 0.044
v 0.00255105 0.02898797 0.044
v 0.0023781 0.03065529 0.044
v 0.00173311 0.03137392 0.044
v 0.01823677 0.02477675 0.044
v 0.0192239 0.02493018 0.044
v 0.02001369 0.02554191 0.044
v 0.02040907 0.02645933 0.044
v 0.01503684 0.02491392 0.044
v 0.0121 0.02646507 0.044
v 0.02891046 -0.0033159 0.044
v 0.02891046 0.0033159 0.044
v 0.02954093 0.00522815 0.044
v 0.02817776 0.0102963 0.044
v 0.02740894 0.00977549 0.044
v 0.02239387 0.026125 0.044
v 0.02070444 0.03074844 0.044
v 0.02070444 -0.03074844 0.044
v 0.02448387 -0.01572737 0.044
v 0.02817776 -0.0102963 0.044
v 0.02740894 -0.00977549 0.044
v 0.02954093 -0.00522815 0.044
v 0.03 -0 0.044
v 0.0023781 -0.03065529 0.044
v 0.00255105 -0.02898797 0.044
v 0.0069 -0.02827013 0.044
v 0.02001369 -0.02554191 0.044
v 0.0192239 -0.02493018 0.044
v 0.00176795 -0.044 0.044
v 0.0025 -0.04473205 0.044
v 0.0035 -0.045 0.044
v 0.01513144 -0.046 0.044
v 0.01250132 -0.045 0.044
v 0.0132927 -0.04483677 0.044
v 0.02028719 -0.02086241 0.044
v 0.01823677 -0.02477675 0.044
v 0.01503684 -0.02491392 0.044
v 0.0121 -0.02646507 0.044
v 0.00173311 -0.03137392 0.044
v 0.01395491 -0.04437371 0.044
v 0.02040907 -0.02645933 0.044
v -0.00943301 0.07175 0.044
v -0.00925 0.07193302 0.044
v -0.0095 0.0715 0.044
v -0.009 0.072 0.044
v -0.0095 0.070349 0.044
v -0.0095 0.0711745 0.044
v -0.00701559 0.07009327 0.044
v -0.00176795 0.069349 0.044
v -0.0025 0.07008105 0.044
v 0 0.0711745 0.044
v -0.0035 0.070349 0.044
v -0.00603705 0.070349 0.044
v -0.0025 0.04726795 0.044
v -0.00176795 0.048 0.044
v -0.01229202 0.04874083 0.044
v -0.01194792 0.04785388 0.044
v -0.01123295 0.04722627 0.044
v -0.01030889 0.047 0.044
v -0.0035 0.047 0.044
v -0.01256744 0.0530169 0.044
v -0.00897236 0.06034003 0.044
v -0.00774388 0.06939147 0.044
v -0.00803568 0.06842307 0.044
v -0.00984394 0.06446514 0.044
v -0.01087108 0.05866141 0.044
v -0.03491747 0.006625 0.044
v -0.03214371 0.0099679 0.044
v -0.035375 0.00708253 0.044
v -0.035 0.0099679 0.044
v -0.036 0.00725 0.044
v -0.03725 0.00936502 0.044
v -0.036625 0.00708253 0.044
v -0.03889712 0.0077179 0.044
v -0.03708253 0.006625 0.044
v -0.0395 0.0054679 0.044
v -0.036 0.00475 0.044
v -0.035375 0.00491747 0.044
v -0.03491747 0.005375 0.044
v -0.03475 0.006 0.044
v -0.03725 0.006 0.044
v -0.03708253 0.005375 0.044
v -0.0395 -0 0.044
v -0.036625 0.00491747 0.044
v -0.03491747 -0.005375 0.044
v -0.035375 -0.00491747 0.044
v -0.036 -0.00475 0.044
v -0.036625 -0.00491747 0.044
v -0.0395 -0.0054679 0.044
v -0.02070444 -0.03074844 0.044
v -0.02697779 -0.01358025 0.044
v -0.02740894 -0.00977549 0.044
v -0.02814635 -0.0116902 0.044
v -0.0299674 -0.0104168 0.044
v -0.03475 -0.006 0.044
v -0.03708253 -0.005375 0.044
v -0.03725 -0.006 0.044
v -0.03889712 -0.0077179 0.044
v -0.03708253 -0.006625 0.044
v -0.03725 -0.00936502 0.044
v -0.036625 -0.00708253 0.044
v -0.035 -0.0099679 0.044
v -0.036 -0.00725 0.044
v -0.03214371 -0.0099679 0.044
v -0.035375 -0.00708253 0.044
v -0.03491747 -0.006625 0.044
v -0.00176795 -0.048 0.044
v -0.0025 -0.04726795 0.044
v -0.0025 -0.07008105 0.044
v -0.00176795 -0.069349 0.044
v 0 -0.072 0.044
v -0.00925 -0.07193302 0.044
v -0.00701559 -0.07009327 0.044
v -0.009 -0.072 0.044
v -0.00603705 -0.070349 0.044
v -0.0035 -0.070349 0.044
v -0.0035 -0.047 0.044
v -0.01030889 -0.047 0.044
v -0.01123295 -0.04722627 0.044
v -0.01194792 -0.04785388 0.044
v -0.01229202 -0.04874083 0.044
v -0.01256744 -0.0530169 0.044
v -0.01087108 -0.05866141 0.044
v -0.00897236 -0.06034003 0.044
v -0.00984394 -0.06446514 0.044
v -0.00803568 -0.06842307 0.044
v -0.0095 -0.070349 0.044
v -0.00774388 -0.06939147 0.044
v -0.0095 -0.0715 0.044
v -0.00943301 -0.07175 0.044
v 0.01229202 -0.04874083 0.044
v 0.01194792 -0.04785388 0.044
v 0.0025 -0.04726795 0.044
v 0.00176795 -0.048 0.044
v 0.00176795 -0.069349 0.044
v 0.0025 -0.07008105 0.044
v 0.0035 -0.070349 0.044
v 0.009 -0.072 0.044
v 0.00603705 -0.070349 0.044
v 0.00701559 -0.07009327 0.044
v 0.01123295 -0.04722627 0.044
v 0.01030889 -0.047 0.044
v 0.0035 -0.047 0.044
v 0.00925 -0.07193302 0.044
v 0.00943301 -0.07175 0.044
v 0.0095 -0.0715 0.044
v 0.0095 -0.070349 0.044
v 0.01256744 -0.0530169 0.044
v 0.00897236 -0.06034003 0.044
v 0.00774388 -0.06939147 0.044
v 0.00803568 -0.06842307 0.044
v 0.00984394 -0.06446514 0.044
v 0.01087108 -0.05866141 0.044
v 0.00176795 0.048 0.044
v 0.0025 0.04726795 0.044
v 0.0025 0.07008105 0.044
v 0.0035 0.070349 0.044
v 0.0095 0.0711745 0.044
v 0.00603705 0.070349 0.044
v 0.00176795 0.069349 0.044
v 0.0035 0.047 0.044
v 0.01030889 0.047 0.044
v 0.01123295 0.04722627 0.044
v 0.01194792 0.04785388 0.044
v 0.01229202 0.04874083 0.044
v 0.01256744 0.0530169 0.044
v 0.01087108 0.05866141 0.044
v 0.00897236 0.06034003 0.044
v 0.00984394 0.06446514 0.044
v 0.00803568 0.06842307 0.044
v 0.0095 0.070349 0.044
v 0.00774388 0.06939147 0.044
v 0.00701559 0.07009327 0.044
v 0.009 0.072 0.044
v 0.00925 0.07193302 0.044
v 0.00943301 0.07175 0.044
v 0.0095 0.0715 0.044
v 0 0.072 0.044
v 0.01993861 -0.02050395 0.0445
v 0.01783181 -0.02236038 0.0445
v -0.01993861 0.02050395 0.0445
v -0.01783181 0.02236038 0.0445
v 0.01171151 -0.02609215 0.04453498
v 0.01155303 -0.02616271 0.04463809
v 0.01164691 -0.02612106 0.04475
v 0.0118921 -0.02601035 0.0445
v 0.01240908 -0.02576771 0.0445
v 0.01140069 -0.02622946 0.0465
v 0.01140069 -0.02622946 0.045
v 0.01144152 -0.02621167 0.04480046
v 0.00702742 -0.02772319 0.04475
v 0.00678144 -0.02778438 0.0445
v 0.00712645 -0.0276979 0.04464395
v 0.00696761 -0.02773828 0.04453727
v 0.00727285 -0.02765982 0.0465
v 0.00727285 -0.02765982 0.045
v 0.0072344 -0.0276699 0.04480612
v 0.00678144 0.02778438 0.0445
v 0.00702742 0.02772319 0.04475
v 0.00696722 0.02773838 0.0445371
v 0.0071262 0.02769796 0.0446437
v 0.00727285 0.02765982 0.0465
v 0.00727285 0.02765982 0.045
v 0.00723424 0.02766994 0.04480573
v 0.01164691 0.02612106 0.04475
v 0.0118921 0.02601035 0.0445
v 0.01155274 0.02616284 0.04463837
v 0.01171124 0.02609227 0.04453509
v 0.01140069 0.02622946 0.0465
v 0.01140069 0.02622946 0.045
v 0.01144135 0.02621174 0.04480084
v -0.01171151 0.02609215 0.04453498
v -0.01155303 0.02616271 0.04463809
v -0.01164691 0.02612106 0.04475
v -0.0118921 0.02601035 0.0445
v -0.01240908 0.02576771 0.0445
v -0.01140069 0.02622946 0.0465
v -0.01140069 0.02622946 0.045
v -0.01144152 0.02621167 0.04480046
v -0.00702742 0.02772319 0.04475
v -0.00678144 0.02778438 0.0445
v -0.00712645 0.0276979 0.04464395
v -0.00696761 0.02773828 0.04453727
v -0.00727285 0.02765982 0.0465
v -0.00727285 0.02765982 0.045
v -0.0072344 0.0276699 0.04480612
v -0.00678144 -0.02778438 0.0445
v -0.00702742 -0.02772319 0.04475
v -0.00696722 -0.02773838 0.0445371
v -0.0071262 -0.02769796 0.0446437
v -0.00727285 -0.02765982 0.0465
v -0.00727285 -0.02765982 0.045
v -0.00723424 -0.02766994 0.04480573
v -0.01164691 -0.02612106 0.04475
v -0.0118921 -0.02601035 0.0445
v -0.01155274 -0.02616284 0.04463837
v -0.01171124 -0.02609227 0.04453509
v -0.01140069 -0.02622946 0.0465
v -0.01140069 -0.02622946 0.045
v -0.01144135 -0.02621174 0.04480084
v -0.0063641 0.02788294 0.0445
v -0.00250722 0.02848989 0.0445
v -0.01477848 0.02448584 0.0445
v -0.02236038 0.01783181 0.0445
v -0.02788294 0.0063641 0.0445
v -0.02693799 0.00960752 0.0445
v -0.02576771 0.01240908 0.0445
v -0.02406319 0.01545713 0.0445
v -0.02841372 -0.00325893 0.0445
v -0.0286 -0 0.0445
v -0.02841372 0.00325893 0.0445
v -0.02693799 -0.00960752 0.0445
v -0.02788294 -0.0063641 0.0445
v -0.01993861 -0.02050395 0.0445
v -0.02236038 -0.01783181 0.0445
v -0.02406319 -0.01545713 0.0445
v -0.02576771 -0.01240908 0.0445
v -0.01240908 -0.02576771 0.0445
v -0.01477848 -0.02448584 0.0445
v -0.01783181 -0.02236038 0.0445
v -0.00250722 -0.02848989 0.0445
v -0.0063641 -0.02788294 0.0445
v 0.0063641 -0.02788294 0.0445
v 0.00250722 -0.02848989 0.0445
v 0 -0.0286 0.0445
v 0.01477848 -0.02448584 0.0445
v 0.02236038 -0.01783181 0.0445
v 0.02788294 -0.0063641 0.0445
v 0.02693799 -0.00960752 0.0445
v 0.02576771 -0.01240908 0.0445
v 0.02406319 -0.01545713 0.0445
v 0.02841372 0.00325893 0.0445
v 0.0286 -0 0.0445
v 0.02841372 -0.00325893 0.0445
v 0.02693799 0.00960752 0.0445
v 0.02788294 0.0063641 0.0445
v 0.01993861 0.02050395 0.0445
v 0.02236038 0.01783181 0.0445
v 0.02406319 0.01545713 0.0445
v 0.02576771 0.01240908 0.0445
v 0.01240908 0.02576771 0.0445
v 0.01477848 0.02448584 0.0445
v 0.01783181 0.02236038 0.0445
v 0 0.0286 0.0445
v 0.00250722 0.02848989 0.0445
v 0.0063641 0.02788294 0.0445
v 0 -0.0675 0.049
v 0 0.0675 0.049
v -0.00235142 -0.02961438 0.05666667
v -0.00255719 -0.02961438 0.05666667
v 0.00235142 -0.02961438 0.05666667
v 0.00023922 -0.02958473 0.05657597
v -0.00164858 -0.02960744 0.0566467
v 0.00255719 -0.02961438 0.05666667
v 0.00235142 0.02961438 0.05666667
v 0.00255719 0.02961438 0.05666667
v -0.00235142 0.02961438 0.05666667
v -0.00023922 0.02958473 0.05657597
v 0.00164858 0.02960744 0.0566467
v -0.00255719 0.02961438 0.05666667
v -0.00290325 0.0600023 0.05477613
v -0.00269023 0.05955129 0.05463628
v -0.00264258 0.05941386 0.05459927
v -0.00331285 0.06055338 0.05499993
v -0.00318866 0.06041251 0.0549355
v -0.0045398 0.06134218 0.05555593
v -0.00423921 0.06122221 0.05543165
v -0.00400097 0.06109864 0.05532747
v 0.00481188 0.06142002 0.05566014
v 0.00442877 0.06130222 0.05551103
v 0.00346193 0.06070143 0.05507466
v 0.00318009 0.06040211 0.05493097
v 0.00265141 0.05944103 0.05460641
v 0.00264258 -0.05941386 0.05459927
v 0.00269023 -0.05955129 0.05463628
v 0.00318866 -0.06041251 0.0549355
v 0.00331285 -0.06055338 0.05499993
v 0.00423921 -0.06122221 0.05543165
v 0.0045398 -0.06134218 0.05555593
v -0.00481188 -0.06142002 0.05566014
v -0.00442877 -0.06130222 0.05551103
v -0.0029035 -0.06000273 0.05477628
v -0.00318009 -0.06040211 0.05493097
v -0.00346193 -0.06070143 0.05507466
v -0.00400083 -0.06109855 0.0553274
v -0.00265141 -0.05944103 0.05460641
v 0.00803568 -0.06842307 0.045
v 0.00850508 -0.06311895 0.045
v 0.00955175 -0.05774052 0.045
v 0.00897236 -0.06034003 0.045
v 0.00955175 0.05774052 0.045
v 0.00803568 0.06842307 0.045
v 0.00850508 0.06311895 0.045
v 0.00897236 0.06034003 0.045
v -0.00803568 0.06842307 0.045
v -0.00850508 0.06311895 0.045
v -0.00955175 0.05774052 0.045
v -0.00897236 0.06034003 0.045
v -0.00955175 -0.05774052 0.045
v -0.00803568 -0.06842307 0.045
v -0.00850508 -0.06311895 0.045
v -0.00897236 -0.06034003 0.045
v -0.0044985 0.070349 0.04673118
v -0.0047681 0.070349 0.04686127
v -0.00509759 0.070349 0.04669526
v -0.00519155 0.070349 0.04663273
v -0.00396717 0.070349 0.04628469
v -0.00362042 0.070349 0.0456835
v -0.0035 0.070349 0.045
v -0.005599 0.070349 0.04624875
v -0.00566701 0.070349 0.04615862
v -0.00592435 0.070349 0.04566167
v -0.00595874 0.070349 0.04555399
v -0.00603705 0.070349 0.045
v 0.0035 0.070349 0.045
v 0.00509759 0.070349 0.04669526
v 0.00603705 0.070349 0.045
v 0.0047681 0.070349 0.04686127
v 0.0044985 0.070349 0.04673118
v 0.00566701 0.070349 0.04615862
v 0.005599 0.070349 0.04624875
v 0.00519155 0.070349 0.04663273
v 0.00396717 0.070349 0.04628469
v 0.00362042 0.070349 0.0456835
v 0.00595874 0.070349 0.04555399
v 0.00592435 0.070349 0.04566167
v -0.01250132 -0.045 0.045
v -0.0035 -0.045 0.045
v -0.0035 -0.047 0.045
v -0.01030889 -0.047 0.045
v 0.0035 -0.045 0.045
v 0.01250132 -0.045 0.045
v 0.01030889 -0.047 0.045
v 0.0035 -0.047 0.045
v -0.00603705 -0.070349 0.045
v -0.00566701 -0.070349 0.04615862
v -0.005599 -0.070349 0.04624875
v -0.0047681 -0.070349 0.04686127
v -0.0044985 -0.070349 0.04673118
v -0.00509759 -0.070349 0.04669526
v -0.00396717 -0.070349 0.04628469
v -0.00519155 -0.070349 0.04663273
v -0.0035 -0.070349 0.045
v -0.00362042 -0.070349 0.0456835
v -0.00595874 -0.070349 0.04555399
v -0.00592435 -0.070349 0.04566167
v 0.0044985 -0.070349 0.04673118
v 0.0047681 -0.070349 0.04686127
v 0.00509759 -0.070349 0.04669526
v 0.0035 -0.070349 0.045
v 0.00519155 -0.070349 0.04663273
v 0.00362042 -0.070349 0.0456835
v 0.00396717 -0.070349 0.04628469
v 0.005599 -0.070349 0.04624875
v 0.00566701 -0.070349 0.04615862
v 0.00592435 -0.070349 0.04566167
v 0.00595874 -0.070349 0.04555399
v 0.00603705 -0.070349 0.045
v -0.01250132 0.045 0.045
v -0.0035 0.045 0.045
v -0.01030889 0.047 0.045
v -0.0035 0.047 0.045
v 0.01030889 0.047 0.045
v 0.0035 0.047 0.045
v 0.01250132 0.045 0.045
v 0.0035 0.045 0.045
v 0.01057998 0.05833999 0.05185575
v 0.01049579 0.05782266 0.05193537
v 0.01233262 0.05293109 0.05179904
v 0.01036462 0.05741734 0.05198555
v 0.01048297 0.05776913 0.05194288
v 0.01115387 0.05876485 0.05125
v 0.01056548 0.06131333 0.05133442
v 0.01061722 0.06018657 0.05153846
v 0.01062972 0.05968526 0.05162585
v 0.01061889 0.05885941 0.05176895
v 0.01061965 0.05863815 0.05179904
v 0.01051727 0.06200169 0.05121589
v 0.01053225 0.06180739 0.05124793
v 0.01000002 0.07030493 0.05050348
v 0.01037719 0.06345195 0.05103806
v 0.01044564 0.06279796 0.0511026
v 0.01284831 0.05311953 0.05125
v 0.02854015 0.01042872 0.05107402
v 0.02845864 0.01039893 0.05125
v 0.02823474 0.01031712 0.05156066
v 0.02794295 0.0102105 0.05179904
v 0.02777766 0.0101501 0.05188582
v 0.02892308 -0.00617077 0.05188582
v 0.02892308 0.00617077 0.05188582
v 0.02939901 0.0062723 0.05156066
v 0.02950146 0.00207045 0.05188582
v 0.02950146 -0.00207045 0.05188582
v 0.0299869 0.00210452 0.05156066
v 0.0299869 -0.00210452 0.05156066
v 0.03031126 0.00212729 0.05107402
v 0.02939901 -0.0062723 0.05156066
v 0.02971701 0.00634015 0.05107402
v 0.02777766 -0.0101501 0.05188582
v 0.02794295 -0.0102105 0.05179904
v 0.02823474 -0.01031712 0.05156066
v 0.02845864 -0.01039893 0.05125
v 0.03031126 -0.00212729 0.05107402
v 0.02971701 -0.00634015 0.05107402
v 0.02854015 -0.01042872 0.05107402
v 0.01292982 -0.05314931 0.05107402
v 0.01284831 -0.05311953 0.05125
v 0.01262441 -0.05303771 0.05156066
v 0.01233262 -0.05293109 0.05179904
v 0.01216733 -0.0528707 0.05188582
v 0.01000002 -0.07030493 0.05050348
v 0.0105143 -0.06203853 0.05120997
v 0.01044819 -0.0627722 0.05110572
v 0.01123831 -0.05878487 0.05107402
v 0.01058292 -0.06099979 0.05139153
v 0.01061722 -0.06018657 0.05153846
v 0.01092193 -0.05870984 0.05156066
v 0.01063042 -0.05928567 0.05169547
v 0.01058664 -0.05840346 0.0518454
v 0.01059793 -0.05852724 0.05182497
v 0.01026151 -0.05723464 0.05199873
v 0.01040439 -0.05751338 0.05197544
v 0.01050834 -0.05787944 0.0519272
v 0.01037719 -0.06345195 0.05103806
v -0.01000002 0.07030493 0.05050348
v -0.01053152 0.06181721 0.05124628
v -0.01115387 0.05876485 0.05125
v -0.01058292 0.06099979 0.05139153
v -0.0105143 0.06203853 0.05120997
v -0.01044819 0.0627722 0.05110572
v -0.01037719 0.06345195 0.05103806
v -0.01233262 0.05293109 0.05179904
v -0.01026151 0.05723464 0.05199873
v -0.01040439 0.05751338 0.05197544
v -0.01050834 0.05787944 0.0519272
v -0.01058664 0.05840346 0.0518454
v -0.01059793 0.05852724 0.05182497
v -0.01061965 0.05863815 0.05179904
v -0.01063042 0.05928567 0.05169547
v -0.01061722 0.06018657 0.05153846
v -0.01284831 0.05311953 0.05125
v -0.01262441 0.05303771 0.05156066
v -0.02768557 0.01275331 0.05108558
v -0.02779083 0.01220565 0.05126227
v -0.02785973 0.01188294 0.05133539
v -0.02801782 0.01124213 0.05143317
v -0.02807344 0.01104199 0.0514535
v -0.02751951 0.01352862 0.05066323
v -0.02754906 0.0134182 0.05073829
v -0.02764777 0.01295547 0.05099817
v -0.02745019 0.01374425 0.05050572
v -0.02829299 0.0103384 0.05149478
v -0.02781993 0.01016555 0.05186631
v -0.02781993 -0.01016555 0.05186631
v -0.02896709 0.00618016 0.05186631
v -0.03003464 0.00223974 0.0515
v -0.02954635 0.0020736 0.05186631
v -0.03003464 -0.00223974 0.0515
v -0.02954635 -0.0020736 0.05186631
v -0.02937025 -0.00666967 0.0515
v -0.02896709 -0.00618016 0.05186631
v -0.02841058 -0.00999674 0.0515
v -0.0283511 -0.01016763 0.0514987
v -0.02794295 -0.0102105 0.05179904
v -0.02829299 -0.0103384 0.05149478
v -0.0283511 0.01016763 0.0514987
v -0.02841058 0.00999674 0.0515
v -0.02937025 0.00666967 0.0515
v -0.02779083 -0.01220565 0.05126227
v -0.02768557 -0.01275331 0.05108558
v -0.01292982 -0.05314931 0.05107402
v -0.02764777 -0.01295547 0.05099817
v -0.02754906 -0.0134182 0.05073829
v -0.02751951 -0.01352862 0.05066323
v -0.02745019 -0.01374425 0.05050572
v -0.02801782 -0.01124213 0.05143317
v -0.02807344 -0.01104199 0.0514535
v -0.01233262 -0.05293109 0.05179904
v -0.02785973 -0.01188294 0.05133539
v -0.01262441 -0.05303771 0.05156066
v -0.01284831 -0.05311953 0.05125
v -0.01216733 -0.0528707 0.05188582
v -0.01044564 -0.06279796 0.0511026
v -0.01037719 -0.06345195 0.05103806
v -0.01000002 -0.07030493 0.05050348
v -0.01057998 -0.05833999 0.05185575
v -0.01049579 -0.05782266 0.05193537
v -0.01036462 -0.05741734 0.05198555
v -0.01048297 -0.05776913 0.05194288
v -0.01092193 -0.05870984 0.05156066
v -0.01061889 -0.05885941 0.05176895
v -0.01051727 -0.06200169 0.05121589
v -0.01123831 -0.05878487 0.05107402
v -0.01056548 -0.06131333 0.05133442
v -0.01061722 -0.06018657 0.05153846
v -0.01062972 -0.05968526 0.05162585
v 0.00845013 -0.04959952 0.04874682
v 0.00518223 -0.05036447 0.04894919
v 0.00886805 -0.04901506 0.04847275
v 0.00450459 -0.04900918 0.04846939
v 0.00957216 -0.04803034 0.04767976
v 0.00421685 -0.04843369 0.04806823
v 0.00991965 -0.04754436 0.04701459
v 0.00377067 -0.04754134 0.04700939
v 0.01016413 -0.04720245 0.04625644
v 0.00364836 -0.04729672 0.04651186
v 0.00883927 -0.0516546 0.04869552
v 0.00910784 -0.05054009 0.04874682
v 0.00928003 -0.05181566 0.0484641
v 0.00980023 -0.05034816 0.04847275
v 0.01005814 -0.05209998 0.04782843
v 0.0109668 -0.05002478 0.04767976
v 0.0106552 -0.05231816 0.047
v 0.01154252 -0.04986519 0.04701459
v 0.01087256 -0.05239758 0.04653073
v 0.01194756 -0.04975291 0.04625644
v 0.00503128 -0.06246463 0.04897244
v 0.0047681 -0.068349 0.04893247
v 0.00349699 -0.068349 0.04846236
v 0.00549796 -0.05749214 0.049
v 0.00549695 -0.05750081 0.049
v 0.00350918 -0.05000459 0.04846939
v 0.00486447 -0.05068224 0.04894919
v 0.00174083 -0.068349 0.04636699
v 0.00179672 -0.04914836 0.04651186
v 0.0020359 -0.068349 0.047
v 0.00204133 -0.04927067 0.04700939
v 0.00243433 -0.068349 0.04756938
v 0.00293369 -0.04971685 0.04806823
v 0.00925635 -0.05766669 0.04653073
v 0.00715617 -0.05714179 0.04869552
v 0.0060598 -0.06277563 0.04869552
v 0.0049163 -0.06836485 0.04890187
v 0.00476798 -0.06836216 0.0489324
v 0.00734489 -0.06295606 0.04782843
v 0.0071602 -0.0684064 0.04749749
v 0.00634584 -0.06839112 0.04826547
v 0.00615806 -0.06838763 0.04839052
v 0.0051352 -0.06836883 0.04884593
v 0.00787917 -0.06842007 0.04610798
v 0.00820356 -0.06307662 0.04653073
v 0.00781043 -0.06841876 0.04632335
v 0.00729612 -0.06840897 0.04731725
v 0.00841514 -0.05745644 0.04782843
v -0.01087256 -0.05239758 0.04653073
v -0.01194756 -0.04975291 0.04625644
v -0.0106552 -0.05231816 0.047
v -0.01154252 -0.04986519 0.04701459
v -0.01005814 -0.05209998 0.04782843
v -0.0109668 -0.05002478 0.04767976
v -0.00928003 -0.05181566 0.0484641
v -0.00980023 -0.05034816 0.04847275
v -0.00883927 -0.0516546 0.04869552
v -0.00910784 -0.05054009 0.04874682
v -0.00518223 -0.05036447 0.04894919
v -0.00845013 -0.04959952 0.04874682
v -0.00886805 -0.04901506 0.04847275
v -0.00450459 -0.04900918 0.04846939
v -0.00957216 -0.04803034 0.04767976
v -0.00421685 -0.04843369 0.04806823
v -0.00991965 -0.04754436 0.04701459
v -0.00377067 -0.04754134 0.04700939
v -0.01016413 -0.04720245 0.04625644
v -0.00364836 -0.04729672 0.04651186
v -0.00925635 -0.05766669 0.04653073
v -0.00715617 -0.05714179 0.04869552
v -0.0049163 -0.06836485 0.04890187
v -0.0051352 -0.06836883 0.04884593
v -0.0060598 -0.06277563 0.04869552
v -0.0047681 -0.068349 0.04893247
v -0.00476798 -0.06836216 0.0489324
v -0.00503128 -0.06246463 0.04897244
v -0.00549695 -0.05750081 0.049
v -0.00549796 -0.05749214 0.049
v -0.00787917 -0.06842007 0.04610798
v -0.00820356 -0.06307662 0.04653073
v -0.00781043 -0.06841876 0.04632335
v -0.00729612 -0.06840897 0.04731725
v -0.00734489 -0.06295606 0.04782843
v -0.0071602 -0.0684064 0.04749749
v -0.00615806 -0.06838763 0.04839052
v -0.00634584 -0.06839112 0.04826547
v -0.00686413 -0.06840082 0.04782843
v -0.00841514 -0.05745644 0.04782843
v -0.00349699 -0.068349 0.04846236
v -0.00350918 -0.05000459 0.04846939
v -0.00486447 -0.05068224 0.04894919
v -0.00179672 -0.04914836 0.04651186
v -0.00174083 -0.068349 0.04636699
v -0.00204133 -0.04927067 0.04700939
v -0.0020359 -0.068349 0.047
v -0.00243433 -0.068349 0.04756938
v -0.00293369 -0.04971685 0.04806823
v -0.0146863 -0.03121668 0.04899999
v -0.01122826 -0.04110286 0.04899707
v -0.01235265 -0.04202459 0.04869764
v -0.01406499 -0.04342832 0.04671076
v -0.01947717 -0.02807762 0.0470569
v -0.01341621 -0.04289648 0.04783305
v -0.01863879 -0.02867874 0.04780722
v -0.01299014 -0.04254719 0.04826999
v -0.01810772 -0.02904696 0.04814075
v -0.01648796 -0.03011516 0.04877513
v -0.02029916 -0.02746289 0.04525745
v -0.02022563 -0.02751896 0.04567937
v -0.01996889 -0.02771305 0.04634428
v -0.0079 -0.02946788 0.04526004
v -0.0036925 -0.03104803 0.04735513
v -0.00393469 -0.03146989 0.04787111
v -0.00722676 -0.03083606 0.04782843
v -0.00549205 -0.03404617 0.04899998
v -0.01424554 -0.02731265 0.04653073
v -0.0172611 -0.02521612 0.04567937
v -0.01729322 -0.02513365 0.04525745
v -0.01655536 -0.02697546 0.04780722
v -0.01693129 -0.02605067 0.0470569
v -0.01714856 -0.02550339 0.04634428
v -0.01555697 -0.0293043 0.04877513
v -0.01524664 -0.02923205 0.04869552
v -0.01468187 -0.03121263 0.04899999
v -0.01147467 -0.030908 0.04869552
v -0.00407165 -0.03170568 0.04809502
v -0.00462784 -0.03264398 0.04869598
v -0.00752286 -0.03209952 0.04869552
v -0.00479096 -0.0329136 0.0488031
v -0.00341614 -0.03055866 0.04638926
v -0.00702891 -0.02999184 0.04653073
v -0.00329876 -0.03034811 0.04546283
v -0.00328833 -0.03032932 0.04523764
v -0.0079 -0.02959061 0.046
v -0.01065947 -0.02871219 0.046
v -0.01072124 -0.02887856 0.04653073
v -0.0111 -0.02854477 0.046
v -0.0111 -0.02841369 0.04519749
v -0.01631349 -0.02755613 0.04814075
v -0.01464652 -0.02808145 0.04782843
v -0.01102302 -0.02969144 0.04782843
v -0.01236696 -0.0446157 0.04671076
v -0.00364836 -0.04470328 0.04651186
v -0.01231319 -0.04446193 0.04700375
v -0.00377067 -0.04445866 0.04700939
v -0.01190824 -0.04330372 0.04826999
v -0.00421685 -0.04356631 0.04806823
v -0.01180098 -0.04299692 0.04846588
v -0.00450459 -0.04299082 0.04846939
v -0.01115634 -0.04115316 0.04899707
v -0.00518223 -0.04163553 0.04894919
v -0.00150707 -0.03231416 0.04523764
v -0.00486447 -0.04131776 0.04894919
v -0.00548629 -0.03405294 0.04899998
v -0.00350918 -0.04199541 0.04846939
v -0.00426047 -0.03352691 0.0488031
v -0.00397038 -0.03340121 0.04869598
v -0.00350249 -0.03319747 0.04846554
v -0.00293369 -0.04228316 0.04806823
v -0.00296605 -0.03296234 0.04809502
v -0.00204133 -0.04272933 0.04700939
v -0.00271491 -0.03285167 0.04787111
v -0.00226683 -0.0326533 0.04735513
v -0.00203728 -0.03255121 0.0470024
v -0.00179672 -0.04285164 0.04651186
v -0.00174901 -0.03242254 0.04638926
v -0.00152687 -0.03232304 0.04546283
v 0.00426047 -0.03352691 0.0488031
v 0.00548629 -0.03405294 0.04899998
v 0.00350918 -0.04199541 0.04846939
v 0.00486447 -0.04131776 0.04894919
v 0.00271491 -0.03285167 0.04787111
v 0.00296605 -0.03296234 0.04809502
v 0.00204133 -0.04272933 0.04700939
v 0.00293369 -0.04228316 0.04806823
v 0.00350249 -0.03319747 0.04846554
v 0.00397038 -0.03340121 0.04869598
v 0.00150707 -0.03231416 0.04523764
v 0.00152687 -0.03232304 0.04546283
v 0.00174901 -0.03242254 0.04638926
v 0.00179672 -0.04285164 0.04651186
v 0.00203728 -0.03255121 0.0470024
v 0.00226683 -0.0326533 0.04735513
v 0.01693129 -0.02605067 0.0470569
v 0.01655536 -0.02697546 0.04780722
v 0.01464652 -0.02808145 0.04782843
v 0.01468076 -0.03121162 0.04899999
v 0.00407165 -0.03170568 0.04809502
v 0.00393469 -0.03146989 0.04787111
v 0.00722676 -0.03083606 0.04782843
v 0.0036925 -0.03104803 0.04735513
v 0.00341614 -0.03055866 0.04638926
v 0.00702891 -0.02999184 0.04653073
v 0.00329876 -0.03034811 0.04546283
v 0.00328833 -0.03032932 0.04523764
v 0.00549205 -0.03404617 0.04899998
v 0.00752286 -0.03209952 0.04869552
v 0.00479096 -0.0329136 0.0488031
v 0.00462784 -0.03264398 0.04869598
v 0.01714856 -0.02550339 0.04634428
v 0.01424554 -0.02731265 0.04653073
v 0.0172611 -0.02521612 0.04567937
v 0.01729322 -0.02513365 0.04525745
v 0.01072124 -0.02887856 0.04653073
v 0.0111 -0.02854477 0.046
v 0.01065947 -0.02871219 0.046
v 0.0111 -0.02841939 0.0452853
v 0.0079 -0.02959061 0.046
v 0.0079 -0.02946505 0.04521387
v 0.01631349 -0.02755613 0.04814075
v 0.01555697 -0.0293043 0.04877513
v 0.01524664 -0.02923205 0.04869552
v 0.01147467 -0.030908 0.04869552
v 0.01102302 -0.02969144 0.04782843
v 0.00518223 -0.04163553 0.04894919
v 0.01115634 -0.04115316 0.04899707
v 0.00450459 -0.04299082 0.04846939
v 0.01180098 -0.04299692 0.04846588
v 0.00421685 -0.04356631 0.04806823
v 0.01190824 -0.04330372 0.04826999
v 0.00377067 -0.04445866 0.04700939
v 0.01231319 -0.04446193 0.04700375
v 0.00364836 -0.04470328 0.04651186
v 0.01236696 -0.0446157 0.04671076
v 0.01122826 -0.04110286 0.04899707
v 0.01468519 -0.03121567 0.04899999
v 0.01273879 -0.04234114 0.04846588
v 0.01648796 -0.03011516 0.04877513
v 0.01742079 -0.0295097 0.04846948
v 0.01299014 -0.04254719 0.04826999
v 0.01810772 -0.02904696 0.04814075
v 0.01393902 -0.04332505 0.04700375
v 0.02022563 -0.02751896 0.04567937
v 0.02029916 -0.02746289 0.04525745
v 0.01406499 -0.04342832 0.04671076
v 0.01863879 -0.02867874 0.04780722
v 0.01947717 -0.02807762 0.0470569
v 0.01996889 -0.02771305 0.04634428
v 0.01468519 0.03121567 0.04899999
v 0.01742079 0.0295097 0.04846948
v 0.01648796 0.03011516 0.04877513
v 0.01273879 0.04234114 0.04846588
v 0.01122826 0.04110286 0.04899707
v 0.01863879 0.02867874 0.04780722
v 0.01810772 0.02904696 0.04814075
v 0.01393902 0.04332505 0.04700375
v 0.01299014 0.04254719 0.04826999
v 0.01406499 0.04342832 0.04671076
v 0.02029916 0.02746289 0.04525745
v 0.02022563 0.02751896 0.04567937
v 0.01996889 0.02771305 0.04634428
v 0.01947717 0.02807762 0.0470569
v 0.0036925 0.03104803 0.04735513
v 0.00393469 0.03146989 0.04787111
v 0.00722676 0.03083606 0.04782843
v 0.00549205 0.03404617 0.04899998
v 0.0111 0.0284151 0.04522248
v 0.01424554 0.02731265 0.04653073
v 0.0172611 0.02521612 0.04567937
v 0.01729322 0.02513365 0.04525745
v 0.01655536 0.02697546 0.04780722
v 0.01693129 0.02605067 0.0470569
v 0.01714856 0.02550339 0.04634428
v 0.01555697 0.0293043 0.04877513
v 0.01524664 0.02923205 0.04869552
v 0.01468076 0.03121162 0.04899999
v 0.01147467 0.030908 0.04869552
v 0.00407165 0.03170568 0.04809502
v 0.00462784 0.03264398 0.04869598
v 0.00752286 0.03209952 0.04869552
v 0.00479096 0.0329136 0.0488031
v 0.00341614 0.03055866 0.04638926
v 0.00702891 0.02999184 0.04653073
v 0.00329876 0.03034811 0.04546283
v 0.00328833 0.03032932 0.04523764
v 0.0111 0.02854477 0.046
v 0.01072124 0.02887856 0.04653073
v 0.01065947 0.02871219 0.046
v 0.0079 0.02959061 0.046
v 0.0079 0.02958705 0.04598657
v 0.0079 0.02946314 0.04517603
v 0.01631349 0.02755613 0.04814075
v 0.01464652 0.02808145 0.04782843
v 0.01102302 0.02969144 0.04782843
v 0.01236696 0.0446157 0.04671076
v 0.00364836 0.04470328 0.04651186
v 0.01231319 0.04446193 0.04700375
v 0.00377067 0.04445866 0.04700939
v 0.01190824 0.04330372 0.04826999
v 0.00421685 0.04356631 0.04806823
v 0.01180098 0.04299692 0.04846588
v 0.00450459 0.04299082 0.04846939
v 0.01115634 0.04115316 0.04899707
v 0.00518223 0.04163553 0.04894919
v 0.00150707 0.03231416 0.04523764
v 0.00486447 0.04131776 0.04894919
v 0.00548629 0.03405294 0.04899998
v 0.00350918 0.04199541 0.04846939
v 0.00426047 0.03352691 0.0488031
v 0.00397038 0.03340121 0.04869598
v 0.00350249 0.03319747 0.04846554
v 0.00293369 0.04228316 0.04806823
v 0.00296605 0.03296234 0.04809502
v 0.00204133 0.04272933 0.04700939
v 0.00271491 0.03285167 0.04787111
v 0.00226683 0.0326533 0.04735513
v 0.00203728 0.03255121 0.0470024
v 0.00179672 0.04285164 0.04651186
v 0.00174901 0.03242254 0.04638926
v 0.00152687 0.03232304 0.04546283
v 0.00179672 0.04914836 0.04651186
v 0.00174083 0.068349 0.04636699
v 0.00204133 0.04927067 0.04700939
v 0.0020359 0.068349 0.047
v 0.00243433 0.068349 0.04756938
v 0.00293369 0.04971685 0.04806823
v 0.00349699 0.068349 0.04846236
v 0.00350918 0.05000459 0.04846939
v 0.0047681 0.068349 0.04893247
v 0.00497031 0.06337133 0.04896477
v 0.00549695 0.05750081 0.049
v 0.00486447 0.05068224 0.04894919
v 0.00549796 0.05749214 0.049
v 0.00925635 0.05766669 0.04653073
v 0.00928003 0.05181566 0.0484641
v 0.00883927 0.0516546 0.04869552
v 0.00715617 0.05714179 0.04869552
v 0.0060598 0.06277563 0.04869552
v 0.00787917 0.06842007 0.04610798
v 0.00820356 0.06307662 0.04653073
v 0.00781043 0.06841876 0.04632335
v 0.00729612 0.06840897 0.04731725
v 0.00734489 0.06295606 0.04782843
v 0.0071602 0.0684064 0.04749749
v 0.0051352 0.06836883 0.04884593
v 0.00615806 0.06838763 0.04839052
v 0.00634584 0.06839112 0.04826547
v 0.00686413 0.06840082 0.04782843
v 0.00476798 0.06836216 0.0489324
v 0.0049163 0.06836485 0.04890187
v 0.01005814 0.05209998 0.04782843
v 0.00841514 0.05745644 0.04782843
v 0.0106552 0.05231816 0.047
v 0.01087256 0.05239758 0.04653073
v 0.00518223 0.05036447 0.04894919
v 0.00845013 0.04959952 0.04874682
v 0.00886805 0.04901506 0.04847275
v 0.00450459 0.04900918 0.04846939
v 0.00957216 0.04803034 0.04767976
v 0.00421685 0.04843369 0.04806823
v 0.00991965 0.04754436 0.04701459
v 0.00377067 0.04754134 0.04700939
v 0.01016413 0.04720245 0.04625644
v 0.00364836 0.04729672 0.04651186
v 0.01194756 0.04975291 0.04625644
v 0.01154252 0.04986519 0.04701459
v 0.0109668 0.05002478 0.04767976
v 0.00980023 0.05034816 0.04847275
v 0.00910784 0.05054009 0.04874682
v -0.00150707 0.03231416 0.04523764
v -0.00152687 0.03232304 0.04546283
v -0.00174901 0.03242254 0.04638926
v -0.00179672 0.04285164 0.04651186
v -0.00203728 0.03255121 0.0470024
v -0.00204133 0.04272933 0.04700939
v -0.00226683 0.0326533 0.04735513
v -0.00271491 0.03285167 0.04787111
v -0.00296605 0.03296234 0.04809502
v -0.00293369 0.04228316 0.04806823
v -0.00350249 0.03319747 0.04846554
v -0.00350918 0.04199541 0.04846939
v -0.00397038 0.03340121 0.04869598
v -0.00426047 0.03352691 0.0488031
v -0.00548629 0.03405294 0.04899998
v -0.00486447 0.04131776 0.04894919
v -0.01693129 0.02605067 0.0470569
v -0.01655536 0.02697546 0.04780722
v -0.01464652 0.02808145 0.04782843
v -0.01468187 0.03121263 0.04899999
v -0.00407165 0.03170568 0.04809502
v -0.00393469 0.03146989 0.04787111
v -0.00722676 0.03083606 0.04782843
v -0.0079 0.02946314 0.04517603
v -0.0036925 0.03104803 0.04735513
v -0.00341614 0.03055866 0.04638926
v -0.00702891 0.02999184 0.04653073
v -0.00329876 0.03034811 0.04546283
v -0.00328833 0.03032932 0.04523764
v -0.00549205 0.03404617 0.04899998
v -0.00752286 0.03209952 0.04869552
v -0.00479096 0.0329136 0.0488031
v -0.00462784 0.03264398 0.04869598
v -0.01714856 0.02550339 0.04634428
v -0.01424554 0.02731265 0.04653073
v -0.0172611 0.02521612 0.04567937
v -0.01729322 0.02513365 0.04525745
v -0.0111 0.02854477 0.046
v -0.01072124 0.02887856 0.04653073
v -0.0079 0.02959061 0.046
v -0.01065947 0.02871219 0.046
v -0.0111 0.0284151 0.04522248
v -0.01631349 0.02755613 0.04814075
v -0.01555697 0.0293043 0.04877513
v -0.01524664 0.02923205 0.04869552
v -0.01147467 0.030908 0.04869552
v -0.01102302 0.02969144 0.04782843
v -0.00518223 0.04163553 0.04894919
v -0.01115634 0.04115316 0.04899707
v -0.00450459 0.04299082 0.04846939
v -0.01180098 0.04299692 0.04846588
v -0.00421685 0.04356631 0.04806823
v -0.01190824 0.04330372 0.04826999
v -0.00377067 0.04445866 0.04700939
v -0.01231319 0.04446193 0.04700375
v -0.00364836 0.04470328 0.04651186
v -0.01236696 0.0446157 0.04671076
v -0.01122826 0.04110286 0.04899707
v -0.0146863 0.03121668 0.04899999
v -0.01273879 0.04234114 0.04846588
v -0.01648796 0.03011516 0.04877513
v -0.01742079 0.0295097 0.04846948
v -0.01299014 0.04254719 0.04826999
v -0.01810772 0.02904696 0.04814075
v -0.01393902 0.04332505 0.04700375
v -0.02022563 0.02751896 0.04567937
v -0.02029916 0.02746289 0.04525745
v -0.01406499 0.04342832 0.04671076
v -0.01863879 0.02867874 0.04780722
v -0.01947717 0.02807762 0.0470569
v -0.01996889 0.02771305 0.04634428
v -0.00883927 0.0516546 0.04869552
v -0.00910784 0.05054009 0.04874682
v -0.00928003 0.05181566 0.0484641
v -0.00980023 0.05034816 0.04847275
v -0.01005814 0.05209998 0.04782843
v -0.0109668 0.05002478 0.04767976
v -0.0106552 0.05231816 0.047
v -0.01154252 0.04986519 0.04701459
v -0.01087256 0.05239758 0.04653073
v -0.01194756 0.04975291 0.04625644
v -0.00845013 0.04959952 0.04874682
v -0.00518223 0.05036447 0.04894919
v -0.00886805 0.04901506 0.04847275
v -0.00450459 0.04900918 0.04846939
v -0.00957216 0.04803034 0.04767976
v -0.00421685 0.04843369 0.04806823
v -0.00991965 0.04754436 0.04701459
v -0.00377067 0.04754134 0.04700939
v -0.01016413 0.04720245 0.04625644
v -0.00364836 0.04729672 0.04651186
v -0.00925635 0.05766669 0.04653073
v -0.00497031 0.06337133 0.04896477
v -0.00549695 0.05750081 0.049
v -0.00715617 0.05714179 0.04869552
v -0.00549796 0.05749214 0.049
v -0.0049163 0.06836485 0.04890187
v -0.0047681 0.068349 0.04893247
v -0.00476798 0.06836216 0.0489324
v -0.0060598 0.06277563 0.04869552
v -0.00734489 0.06295606 0.04782843
v -0.0071602 0.0684064 0.04749749
v -0.00634584 0.06839112 0.04826547
v -0.00615806 0.06838763 0.04839052
v -0.0051352 0.06836883 0.04884593
v -0.00787917 0.06842007 0.04610798
v -0.00820356 0.06307662 0.04653073
v -0.00781043 0.06841876 0.04632335
v -0.00729612 0.06840897 0.04731725
v -0.00841514 0.05745644 0.04782843
v -0.00349699 0.068349 0.04846236
v -0.00350918 0.05000459 0.04846939
v -0.00486447 0.05068224 0.04894919
v -0.00174083 0.068349 0.04636699
v -0.00179672 0.04914836 0.04651186
v -0.0020359 0.068349 0.047
v -0.00204133 0.04927067 0.04700939
v -0.00243433 0.068349 0.04756938
v -0.00293369 0.04971685 0.04806823
v -0.01395491 -0.04437371 0.045
v -0.0132927 -0.04483677 0.045
v -0.01304736 -0.04441086 0.04683895
v -0.01229433 -0.04309446 0.04835618
v -0.0112043 -0.04111964 0.0489975
v -0.01118032 -0.0411364 0.0489975
v -0.01266108 -0.042838 0.04835618
v -0.01363908 -0.04399709 0.04683895
v -0.02040907 -0.02645933 0.045
v -0.02001369 -0.02554191 0.045
v -0.0192239 -0.02493018 0.045
v -0.01823677 -0.02477675 0.045
v -0.01468409 -0.03121466 0.04899999
v -0.01821728 -0.02481184 0.04543149
v -0.01811549 -0.02499951 0.04607201
v -0.01786192 -0.02549393 0.04686075
v -0.01751111 -0.02620159 0.04751735
v -0.01699928 -0.0272045 0.04811781
v -0.01668808 -0.02778826 0.04837019
v -0.0157453 -0.02945804 0.04883695
v -0.01919252 -0.02497552 0.04553077
v -0.01903015 -0.02521189 0.04629419
v -0.01864078 -0.02578944 0.04714672
v -0.01814159 -0.02653625 0.04776527
v -0.01746927 -0.02751876 0.04828013
v -0.01707849 -0.02807183 0.04848856
v -0.01593554 -0.02961856 0.04886811
v -0.0161247 -0.02978331 0.04886811
v -0.01746063 -0.02838935 0.04848856
v -0.01792467 -0.02789107 0.04828013
v -0.01873274 -0.02700691 0.04776527
v -0.01933408 -0.02633263 0.04714672
v -0.01979217 -0.02580383 0.04629419
v -0.01997812 -0.02558426 0.04553077
v -0.01630981 -0.02994972 0.04883695
v -0.01781091 -0.02872122 0.04837019
v -0.01832608 -0.0282892 0.04811781
v -0.01920017 -0.02754636 0.04751735
v -0.01980738 -0.02701814 0.04686075
v -0.02022419 -0.02663754 0.04607201
v -0.02038009 -0.02648775 0.04543149
v -0.0023781 -0.03065529 0.045
v -0.00173311 -0.03137392 0.045
v -0.00549013 -0.03404843 0.04899998
v -0.00548821 -0.03405068 0.04899998
v -0.0017417 -0.03138034 0.04527355
v -0.00176569 -0.03139825 0.04553166
v -0.00202559 -0.03159137 0.04656217
v -0.00258202 -0.03199968 0.04754839
v -0.00302643 -0.03232143 0.0480325
v -0.00326537 -0.03249303 0.04823374
v -0.00417571 -0.03313892 0.04875014
v -0.00443007 -0.03331733 0.04883892
v -0.004608 -0.03311163 0.04883892
v -0.00439696 -0.03288408 0.04875014
v -0.00364429 -0.03206234 0.04823374
v -0.00344719 -0.03184478 0.0480325
v -0.00308068 -0.03143821 0.04754839
v -0.00262084 -0.03092586 0.04656217
v -0.00240519 -0.03068547 0.04553166
v -0.00238525 -0.03066325 0.04527355
v -0.0025 -0.04473205 0.045
v -0.00176795 -0.044 0.045
v -0.00212482 -0.0437086 0.04672776
v -0.00328471 -0.04277317 0.04823441
v -0.00507551 -0.04153061 0.04896037
v -0.00496939 -0.04142449 0.04896037
v -0.00372683 -0.04321529 0.04823441
v -0.0027914 -0.04437518 0.04672776
v 0.0025 -0.04473205 0.045
v 0.00176795 -0.044 0.045
v 0.0027914 -0.04437518 0.04672776
v 0.00372683 -0.04321529 0.04823441
v 0.00496939 -0.04142449 0.04896037
v 0.00507551 -0.04153061 0.04896037
v 0.00328471 -0.04277317 0.04823441
v 0.00212482 -0.0437086 0.04672776
v 0.01823677 -0.02477675 0.045
v 0.0192239 -0.02493018 0.045
v 0.02001369 -0.02554191 0.045
v 0.02040907 -0.02645933 0.045
v 0.01468298 -0.03121365 0.04899999
v 0.02038009 -0.02648775 0.04543149
v 0.01630981 -0.02994972 0.04883695
v 0.01781091 -0.02872122 0.04837019
v 0.01832608 -0.0282892 0.04811781
v 0.01920017 -0.02754636 0.04751735
v 0.01980738 -0.02701814 0.04686075
v 0.02022419 -0.02663754 0.04607201
v 0.01997812 -0.02558426 0.04553077
v 0.01979217 -0.02580383 0.04629419
v 0.01933408 -0.02633263 0.04714672
v 0.01873274 -0.02700691 0.04776527
v 0.01792467 -0.02789107 0.04828013
v 0.01746063 -0.02838935 0.04848856
v 0.0161247 -0.02978331 0.04886811
v 0.01593554 -0.02961856 0.04886811
v 0.01707849 -0.02807183 0.04848856
v 0.01746927 -0.02751876 0.04828013
v 0.01814159 -0.02653625 0.04776527
v 0.01864078 -0.02578944 0.04714672
v 0.01903015 -0.02521189 0.04629419
v 0.01919252 -0.02497552 0.04553077
v 0.0157453 -0.02945804 0.04883695
v 0.01668808 -0.02778826 0.04837019
v 0.01699928 -0.0272045 0.04811781
v 0.01751111 -0.02620159 0.04751735
v 0.01786192 -0.02549393 0.04686075
v 0.01811549 -0.02499951 0.04607201
v 0.01821728 -0.02481184 0.04543149
v 0.0132927 -0.04483677 0.045
v 0.01395491 -0.04437371 0.045
v 0.01363908 -0.04399709 0.04683895
v 0.01266108 -0.042838 0.04835618
v 0.01118032 -0.0411364 0.0489975
v 0.0112043 -0.04111964 0.0489975
v 0.01229433 -0.04309446 0.04835618
v 0.01304736 -0.04441086 0.04683895
v -0.00173311 0.03137392 0.045
v -0.0023781 0.03065529 0.045
v -0.00548821 0.03405068 0.04899998
v -0.00549013 0.03404843 0.04899998
v -0.00262084 0.03092586 0.04656217
v -0.00308068 0.03143821 0.04754839
v -0.00258202 0.03199968 0.04754839
v -0.00238525 0.03066325 0.04527355
v -0.0017417 0.03138034 0.04527355
v -0.00176569 0.03139825 0.04553166
v -0.00240519 0.03068547 0.04553166
v -0.00202559 0.03159137 0.04656217
v -0.00344719 0.03184478 0.0480325
v -0.00302643 0.03232143 0.0480325
v -0.00326537 0.03249303 0.04823374
v -0.00364429 0.03206234 0.04823374
v -0.00439696 0.03288408 0.04875014
v -0.004608 0.03311163 0.04883892
v -0.00443007 0.03331733 0.04883892
v -0.00417571 0.03313892 0.04875014
v -0.01823677 0.02477675 0.045
v -0.0192239 0.02493018 0.045
v -0.02001369 0.02554191 0.045
v -0.02040907 0.02645933 0.045
v -0.01468409 0.03121466 0.04899999
v -0.02038009 0.02648775 0.04543149
v -0.01630981 0.02994972 0.04883695
v -0.01781091 0.02872122 0.04837019
v -0.01832608 0.0282892 0.04811781
v -0.01920017 0.02754636 0.04751735
v -0.01980738 0.02701814 0.04686075
v -0.02022419 0.02663754 0.04607201
v -0.01997812 0.02558426 0.04553077
v -0.01979217 0.02580383 0.04629419
v -0.01933408 0.02633263 0.04714672
v -0.01873274 0.02700691 0.04776527
v -0.01792467 0.02789107 0.04828013
v -0.01746063 0.02838935 0.04848856
v -0.0161247 0.02978331 0.04886811
v -0.01593554 0.02961856 0.04886811
v -0.01707849 0.02807183 0.04848856
v -0.01746927 0.02751876 0.04828013
v -0.01814159 0.02653625 0.04776527
v -0.01864078 0.02578944 0.04714672
v -0.01903015 0.02521189 0.04629419
v -0.01919252 0.02497552 0.04553077
v -0.0157453 0.02945804 0.04883695
v -0.01668808 0.02778826 0.04837019
v -0.01699928 0.0272045 0.04811781
v -0.01751111 0.02620159 0.04751735
v -0.01786192 0.02549393 0.04686075
v -0.01811549 0.02499951 0.04607201
v -0.01821728 0.02481184 0.04543149
v -0.0132927 0.04483677 0.045
v -0.01395491 0.04437371 0.045
v -0.01363908 0.04399709 0.04683895
v -0.01266108 0.042838 0.04835618
v -0.01118032 0.0411364 0.0489975
v -0.0112043 0.04111964 0.0489975
v -0.01229433 0.04309446 0.04835618
v -0.01304736 0.04441086 0.04683895
v -0.0025 0.04473205 0.045
v -0.00176795 0.044 0.045
v -0.0027914 0.04437518 0.04672776
v -0.00372683 0.04321529 0.04823441
v -0.00496939 0.04142449 0.04896037
v -0.00507551 0.04153061 0.04896037
v -0.00328471 0.04277317 0.04823441
v -0.00212482 0.0437086 0.04672776
v 0.01395491 0.04437371 0.045
v 0.0132927 0.04483677 0.045
v 0.01304736 0.04441086 0.04683895
v 0.01229433 0.04309446 0.04835618
v 0.0112043 0.04111964 0.0489975
v 0.01118032 0.0411364 0.0489975
v 0.01266108 0.042838 0.04835618
v 0.01363908 0.04399709 0.04683895
v 0.02040907 0.02645933 0.045
v 0.02001369 0.02554191 0.045
v 0.0192239 0.02493018 0.045
v 0.01823677 0.02477675 0.045
v 0.01997812 0.02558426 0.04553077
v 0.02038009 0.02648775 0.04543149
v 0.01821728 0.02481184 0.04543149
v 0.01811549 0.02499951 0.04607201
v 0.01786192 0.02549393 0.04686075
v 0.01919252 0.02497552 0.04553077
v 0.01903015 0.02521189 0.04629419
v 0.01864078 0.02578944 0.04714672
v 0.01814159 0.02653625 0.04776527
v 0.01979217 0.02580383 0.04629419
v 0.01933408 0.02633263 0.04714672
v 0.01873274 0.02700691 0.04776527
v 0.01792467 0.02789107 0.04828013
v 0.02022419 0.02663754 0.04607201
v 0.01980738 0.02701814 0.04686075
v 0.01920017 0.02754636 0.04751735
v 0.01832608 0.0282892 0.04811781
v 0.01781091 0.02872122 0.04837019
v 0.01668808 0.02778826 0.04837019
v 0.0157453 0.02945804 0.04883695
v 0.01593554 0.02961856 0.04886811
v 0.01468298 0.03121365 0.04899999
v 0.01699928 0.0272045 0.04811781
v 0.01707849 0.02807183 0.04848856
v 0.0161247 0.02978331 0.04886811
v 0.01751111 0.02620159 0.04751735
v 0.01746927 0.02751876 0.04828013
v 0.01746063 0.02838935 0.04848856
v 0.01630981 0.02994972 0.04883695
v 0.0023781 0.03065529 0.045
v 0.00173311 0.03137392 0.045
v 0.00549013 0.03404843 0.04899998
v 0.00548821 0.03405068 0.04899998
v 0.0017417 0.03138034 0.04527355
v 0.00176569 0.03139825 0.04553166
v 0.00202559 0.03159137 0.04656217
v 0.00258202 0.03199968 0.04754839
v 0.00302643 0.03232143 0.0480325
v 0.00326537 0.03249303 0.04823374
v 0.00417571 0.03313892 0.04875014
v 0.00443007 0.03331733 0.04883892
v 0.004608 0.03311163 0.04883892
v 0.00439696 0.03288408 0.04875014
v 0.00364429 0.03206234 0.04823374
v 0.00344719 0.03184478 0.0480325
v 0.00308068 0.03143821 0.04754839
v 0.00262084 0.03092586 0.04656217
v 0.00240519 0.03068547 0.04553166
v 0.00238525 0.03066325 0.04527355
v 0.0025 0.04473205 0.045
v 0.00176795 0.044 0.045
v 0.00212482 0.0437086 0.04672776
v 0.00328471 0.04277317 0.04823441
v 0.00507551 0.04153061 0.04896037
v 0.00496939 0.04142449 0.04896037
v 0.00372683 0.04321529 0.04823441
v 0.0027914 0.04437518 0.04672776
v 0.00774388 0.06939147 0.045
v 0.00701559 0.07009327 0.045
v 0.0075997 0.06938976 0.04602736
v 0.00476799 0.06959055 0.04849207
v 0.00476802 0.07003096 0.04799395
v 0.00485895 0.07008435 0.04787898
v 0.0047681 0.07034897 0.04687211
v 0.00476802 0.07008173 0.04790812
v 0.00476805 0.07029025 0.04737075
v 0.005622 0.07008746 0.04753358
v 0.00476798 0.06901386 0.04881669
v 0.0048562 0.06935813 0.04863537
v 0.00505979 0.06936043 0.04858199
v 0.00600925 0.06937122 0.04815263
v 0.00618321 0.06937322 0.04803543
v 0.00689978 0.07009277 0.04582545
v 0.0068489 0.07009256 0.04598602
v 0.00646778 0.07009096 0.04672813
v 0.00636695 0.07009054 0.046863
v 0.00576179 0.07008803 0.04743933
v 0.00753636 0.06938901 0.04622719
v 0.00706192 0.06938343 0.04715069
v 0.00693641 0.06938195 0.04731849
v 0.00476799 0.06934951 0.04865926
v 0.0025 0.07008105 0.045
v 0.00176795 0.069349 0.045
v 0.00363117 0.069349 0.04823043
v 0.00399774 0.07008105 0.04759677
v 0.00263969 0.069349 0.04739726
v 0.00199265 0.069349 0.04627542
v 0.00268063 0.07008105 0.04602524
v 0.00320075 0.07008105 0.04692703
v 0.01123295 0.04722627 0.045
v 0.01194792 0.04785388 0.045
v 0.01229202 0.04874083 0.045
v 0.01193901 0.04891232 0.0465305
v 0.01077243 0.04945983 0.04793872
v 0.00862361 0.04982459 0.04880838
v 0.00895598 0.0502999 0.04880838
v 0.00879342 0.05005971 0.04882905
v 0.01003608 0.0484068 0.04793872
v 0.01045082 0.04890075 0.0480282
v 0.01095071 0.04749899 0.0465305
v 0.01158357 0.04810866 0.04662822
v 0.0025 0.04726795 0.045
v 0.00176795 0.048 0.045
v 0.0027914 0.04762482 0.04672776
v 0.00372683 0.04878471 0.04823441
v 0.00496939 0.05057551 0.04896037
v 0.00507551 0.05046939 0.04896037
v 0.00328471 0.04922683 0.04823441
v 0.00212482 0.0482914 0.04672776
v -0.01123295 0.04722627 0.045
v -0.01194792 0.04785388 0.045
v -0.01229202 0.04874083 0.045
v -0.01095071 0.04749899 0.0465305
v -0.01003608 0.0484068 0.04793872
v -0.00895598 0.0502999 0.04880838
v -0.00862361 0.04982459 0.04880838
v -0.00879342 0.05005971 0.04882905
v -0.01077243 0.04945983 0.04793872
v -0.01045082 0.04890075 0.0480282
v -0.01193901 0.04891232 0.0465305
v -0.01158357 0.04810866 0.04662822
v -0.0025 0.07008105 0.045
v -0.00176795 0.069349 0.045
v -0.00476798 0.06901386 0.04881669
v -0.00476799 0.06934951 0.04865926
v -0.00363117 0.069349 0.04823043
v -0.00476802 0.07003096 0.04799395
v -0.00476802 0.07008173 0.04790812
v -0.00399774 0.07008105 0.04759677
v -0.0047681 0.07034897 0.04687211
v -0.00476805 0.07029025 0.04737075
v -0.00476799 0.06959055 0.04849207
v -0.00199265 0.069349 0.04627542
v -0.00263969 0.069349 0.04739726
v -0.00320075 0.07008105 0.04692703
v -0.00268063 0.07008105 0.04602524
v -0.00701559 0.07009327 0.045
v -0.00774388 0.06939147 0.045
v -0.00689978 0.07009277 0.04582545
v -0.0048562 0.06935813 0.04863537
v -0.00505979 0.06936043 0.04858199
v -0.0075997 0.06938976 0.04602736
v -0.00753636 0.06938901 0.04622719
v -0.00706192 0.06938343 0.04715069
v -0.00693641 0.06938195 0.04731849
v -0.00618321 0.06937322 0.04803543
v -0.00600925 0.06937122 0.04815263
v -0.0068489 0.07009256 0.04598602
v -0.00646778 0.07009096 0.04672813
v -0.00636695 0.07009054 0.046863
v -0.00576179 0.07008803 0.04743933
v -0.005622 0.07008746 0.04753358
v -0.00485895 0.07008435 0.04787898
v -0.0025 0.04726795 0.045
v -0.00176795 0.048 0.045
v -0.00212482 0.0482914 0.04672776
v -0.00328471 0.04922683 0.04823441
v -0.00507551 0.05046939 0.04896037
v -0.00496939 0.05057551 0.04896037
v -0.00372683 0.04878471 0.04823441
v -0.0027914 0.04762482 0.04672776
v 0.00173311 -0.03137392 0.045
v 0.0023781 -0.03065529 0.045
v 0.00548821 -0.03405068 0.04899998
v 0.00549013 -0.03404843 0.04899998
v 0.00262084 -0.03092586 0.04656217
v 0.00308068 -0.03143821 0.04754839
v 0.00258202 -0.03199968 0.04754839
v 0.00238525 -0.03066325 0.04527355
v 0.0017417 -0.03138034 0.04527355
v 0.00176569 -0.03139825 0.04553166
v 0.00240519 -0.03068547 0.04553166
v 0.00202559 -0.03159137 0.04656217
v 0.00344719 -0.03184478 0.0480325
v 0.00302643 -0.03232143 0.0480325
v 0.00326537 -0.03249303 0.04823374
v 0.00364429 -0.03206234 0.04823374
v 0.00439696 -0.03288408 0.04875014
v 0.004608 -0.03311163 0.04883892
v 0.00443007 -0.03331733 0.04883892
v 0.00417571 -0.03313892 0.04875014
v 0.01123295 -0.04722627 0.045
v 0.01194792 -0.04785388 0.045
v 0.01229202 -0.04874083 0.045
v 0.01095071 -0.04749899 0.0465305
v 0.01003608 -0.0484068 0.04793872
v 0.00895598 -0.0502999 0.04880838
v 0.00862361 -0.04982459 0.04880838
v 0.00879342 -0.05005971 0.04882905
v 0.01077243 -0.04945983 0.04793872
v 0.01045082 -0.04890075 0.0480282
v 0.01193901 -0.04891232 0.0465305
v 0.01158357 -0.04810866 0.04662822
v 0.0025 -0.07008105 0.045
v 0.00176795 -0.069349 0.045
v 0.00476798 -0.06901386 0.04881669
v 0.00476799 -0.06934951 0.04865926
v 0.00363117 -0.069349 0.04823043
v 0.00476802 -0.07003096 0.04799395
v 0.00476802 -0.07008173 0.04790812
v 0.00399774 -0.07008105 0.04759677
v 0.0047681 -0.07034897 0.04687211
v 0.00476805 -0.07029025 0.04737075
v 0.00476799 -0.06959055 0.04849207
v 0.00199265 -0.069349 0.04627542
v 0.00263969 -0.069349 0.04739726
v 0.00320075 -0.07008105 0.04692703
v 0.00268063 -0.07008105 0.04602524
v 0.00701559 -0.07009327 0.045
v 0.00774388 -0.06939147 0.045
v 0.00689978 -0.07009277 0.04582545
v 0.0048562 -0.06935813 0.04863537
v 0.00505979 -0.06936043 0.04858199
v 0.0075997 -0.06938976 0.04602736
v 0.00753636 -0.06938901 0.04622719
v 0.00706192 -0.06938343 0.04715069
v 0.00693641 -0.06938195 0.04731849
v 0.00618321 -0.06937322 0.04803543
v 0.00600925 -0.06937122 0.04815263
v 0.0068489 -0.07009256 0.04598602
v 0.00646778 -0.07009096 0.04672813
v 0.00636695 -0.07009054 0.046863
v 0.00576179 -0.07008803 0.04743933
v 0.005622 -0.07008746 0.04753358
v 0.00485895 -0.07008435 0.04787898
v 0.0025 -0.04726795 0.045
v 0.00176795 -0.048 0.045
v 0.00212482 -0.0482914 0.04672776
v 0.00328471 -0.04922683 0.04823441
v 0.00507551 -0.05046939 0.04896037
v 0.00496939 -0.05057551 0.04896037
v 0.00372683 -0.04878471 0.04823441
v 0.0027914 -0.04762482 0.04672776
v -0.0025 -0.07008105 0.045
v -0.00176795 -0.069349 0.045
v -0.00774388 -0.06939147 0.045
v -0.00701559 -0.07009327 0.045
v -0.00476799 -0.06959055 0.04849207
v -0.00476799 -0.06934951 0.04865926
v -0.00363117 -0.069349 0.04823043
v -0.00476798 -0.06901386 0.04881669
v -0.00476805 -0.07029025 0.04737075
v -0.00476802 -0.07008173 0.04790812
v -0.00399774 -0.07008105 0.04759677
v -0.00476802 -0.07003096 0.04799395
v -0.0047681 -0.07034897 0.04687211
v -0.00263969 -0.069349 0.04739726
v -0.00199265 -0.069349 0.04627542
v -0.00268063 -0.07008105 0.04602524
v -0.00320075 -0.07008105 0.04692703
v -0.0075997 -0.06938976 0.04602736
v -0.005622 -0.07008746 0.04753358
v -0.00485895 -0.07008435 0.04787898
v -0.0048562 -0.06935813 0.04863537
v -0.00505979 -0.06936043 0.04858199
v -0.00600925 -0.06937122 0.04815263
v -0.00618321 -0.06937322 0.04803543
v -0.00689978 -0.07009277 0.04582545
v -0.0068489 -0.07009256 0.04598602
v -0.00646778 -0.07009096 0.04672813
v -0.00636695 -0.07009054 0.046863
v -0.00576179 -0.07008803 0.04743933
v -0.00753636 -0.06938901 0.04622719
v -0.00706192 -0.06938343 0.04715069
v -0.00693641 -0.06938195 0.04731849
v -0.0025 -0.04726795 0.045
v -0.00176795 -0.048 0.045
v -0.0027914 -0.04762482 0.04672776
v -0.00372683 -0.04878471 0.04823441
v -0.00496939 -0.05057551 0.04896037
v -0.00507551 -0.05046939 0.04896037
v -0.00328471 -0.04922683 0.04823441
v -0.00212482 -0.0482914 0.04672776
v -0.01123295 -0.04722627 0.045
v -0.01194792 -0.04785388 0.045
v -0.01229202 -0.04874083 0.045
v -0.01193901 -0.04891232 0.0465305
v -0.01077243 -0.04945983 0.04793872
v -0.00862361 -0.04982459 0.04880838
v -0.00895598 -0.0502999 0.04880838
v -0.00879342 -0.05005971 0.04882905
v -0.01003608 -0.0484068 0.04793872
v -0.01045082 -0.04890075 0.0480282
v -0.01095071 -0.04749899 0.0465305
v -0.01158357 -0.04810866 0.04662822
v -0.0095 -0.07236603 0.0625
v -0.0095 -0.07236603 0.0445
v -0.00986603 -0.072 0.0625
v -0.00986603 -0.072 0.0445
v 0.00986603 -0.072 0.0625
v 0.00986603 -0.072 0.0445
v 0.0095 -0.07236603 0.0625
v 0.0095 -0.07236603 0.0445
v -0.00986603 0.072 0.0625
v -0.00986603 0.072 0.0445
v -0.0095 0.07236603 0.0625
v -0.0095 0.07236603 0.0445
v 0.0095 0.07236603 0.0625
v 0.0095 0.07236603 0.0445
v 0.00986603 0.072 0.0625
v 0.00986603 0.072 0.0445
v -0.0095722 -0.06295606 0.05537869
v -0.00977164 -0.06335195 0.0625
v -0.00933088 -0.06261136 0.05599879
v -0.00959808 -0.063 0.0625
v -0.00912207 -0.06237943 0.05637494
v -0.00912132 -0.06237868 0.0625
v -0.00883875 -0.06212956 0.05671992
v -0.00880282 -0.06210211 0.0567525
v -0.00851298 -0.06190946 0.05693738
v -0.0085 -0.06190192 0.0625
v -0.00820517 -0.06175272 0.057
v -0.00814805 -0.06172836 0.0625
v -0.00741196 -0.06152842 0.057
v -0.00968169 -0.06315518 0.055
v -0.00998957 -0.06387737 0.05296372
v -0.0099437 -0.06364805 0.05329984
v -0.00986977 -0.06347461 0.05376464
v 0.00741225 -0.06152846 0.057
v 0.0085 -0.06190192 0.0625
v 0.00820517 -0.06175272 0.057
v 0.00829758 -0.06179514 0.05699451
v 0.00915083 -0.06240861 0.05633008
v 0.00959808 -0.063 0.0625
v 0.00920405 -0.06246477 0.05624155
v 0.00946651 -0.06279227 0.05568038
v 0.00887518 -0.06215827 0.05668453
v 0.0086038 -0.06196469 0.05689356
v 0.00850321 -0.06190378 0.05694138
v 0.00968169 -0.06315518 0.055
v 0.00960073 -0.06300461 0.05528737
v 0.0098252 -0.06339765 0.05403968
v 0.00998869 -0.06386935 0.05297149
v 0.00994673 -0.06365786 0.05327976
v 0.00820517 0.06175272 0.057
v 0.00851298 0.06190946 0.05693738
v 0.0085 0.06190192 0.0625
v 0.0095722 0.06295606 0.05537869
v 0.00968169 0.06315518 0.055
v 0.00883875 0.06212956 0.05671992
v 0.00912207 0.06237943 0.05637494
v 0.00959808 0.063 0.0625
v 0.00880282 0.06210211 0.0567525
v 0.00933088 0.06261136 0.05599879
v 0.00741196 0.06152842 0.057
v 0.00998957 0.06387737 0.05296372
v 0.0099437 0.06364805 0.05329984
v 0.00986977 0.06347461 0.05376464
v -0.00741225 0.06152846 0.057
v -0.0085 0.06190192 0.0625
v -0.00820517 0.06175272 0.057
v -0.00829758 0.06179514 0.05699451
v -0.00915083 0.06240861 0.05633008
v -0.00959808 0.063 0.0625
v -0.00920405 0.06246477 0.05624155
v -0.00946651 0.06279227 0.05568038
v -0.00887518 0.06215827 0.05668453
v -0.0086038 0.06196469 0.05689356
v -0.00850321 0.06190378 0.05694138
v -0.00968169 0.06315518 0.055
v -0.00960073 0.06300461 0.05528737
v -0.0098252 0.06339765 0.05403968
v -0.00998869 0.06386935 0.05297149
v -0.00994673 0.06365786 0.05327976
v -0.04 -0.0054679 0.0445
v -0.04 -0.0054679 0.05
v -0.04 0.0054679 0.0445
v -0.04 0.0054679 0.05
v -0.035 0.0104679 0.0445
v -0.035 0.0104679 0.05
v -0.03214371 0.0104679 0.0445
v -0.03214371 0.0104679 0.05
v -0.0395 0.0054679 0.0505
v -0.0395 -0.0054679 0.0505
v -0.036625 0.00491747 0.0505
v -0.036 0.00475 0.0505
v -0.03725 -0.006 0.0505
v -0.03708253 -0.005375 0.0505
v -0.03708253 -0.006625 0.0505
v -0.03889712 -0.0077179 0.0505
v -0.036625 -0.00708253 0.0505
v -0.03725 -0.00936502 0.0505
v -0.036 -0.00725 0.0505
v -0.035 -0.0099679 0.0505
v -0.035375 -0.00708253 0.0505
v -0.03214371 -0.0099679 0.0505
v -0.03491747 -0.006625 0.0505
v -0.03071889 -0.01015566 0.0505
v -0.03475 -0.006 0.0505
v -0.0315508 -0.00716485 0.0505
v -0.03491747 -0.005375 0.0505
v -0.03226452 -0.00240603 0.0505
v -0.035375 -0.00491747 0.0505
v -0.03708253 0.005375 0.0505
v -0.03725 0.006 0.0505
v -0.03889712 0.0077179 0.0505
v -0.03708253 0.006625 0.0505
v -0.03725 0.00936502 0.0505
v -0.036625 0.00708253 0.0505
v -0.035 0.0099679 0.0505
v -0.036 0.00725 0.0505
v -0.03214371 0.0099679 0.0505
v -0.035375 0.00708253 0.0505
v -0.03071889 0.01015566 0.0505
v -0.03491747 0.006625 0.0505
v -0.0315508 0.00716485 0.0505
v -0.03475 0.006 0.0505
v -0.03226452 0.00240603 0.0505
v -0.03491747 0.005375 0.0505
v -0.035375 0.00491747 0.0505
v -0.036625 -0.00491747 0.0505
v -0.036 -0.00475 0.0505
v -0.03214371 -0.0104679 0.0445
v -0.03214371 -0.0104679 0.05
v -0.035 -0.0104679 0.0445
v -0.035 -0.0104679 0.05
v -0.03084842 -0.01063859 0.05
v -0.03016525 -0.01087599 0.0445
v -0.0300204 -0.01094114 0.05008231
v -0.02982632 -0.01103736 0.05011787
v -0.02850974 -0.01203363 0.0445
v -0.02838535 -0.01217022 0.0503478
v -0.02850974 0.01203363 0.0445
v -0.0283858 0.0121697 0.05034773
v -0.02982632 0.01103736 0.05011787
v -0.03016525 0.01087599 0.0445
v -0.0300204 0.01094114 0.05008231
v -0.03084842 0.01063859 0.05
v -0.03933013 -0.0079679 0.0445
v -0.03933013 -0.0079679 0.05
v -0.0375 -0.00979803 0.0445
v -0.0375 -0.00979803 0.05
v -0.03933013 0.0079679 0.05
v -0.03933013 0.0079679 0.0445
v -0.0375 0.00979803 0.05
v -0.0375 0.00979803 0.0445
v -0.02970992 0.01066784 0.0505988
v -0.02896537 0.01048264 0.05092626
v -0.02866755 0.01099376 0.0509544
v -0.02938815 0.01092248 0.05063337
v -0.02858444 0.01114505 0.05095509
v -0.02892358 0.0113635 0.0506592
v -0.02745325 0.01373596 0.05050134
v -0.02745179 0.0137399 0.05050353
v -0.02762971 0.01330491 0.05053816
v -0.02757408 0.01340973 0.05060002
v -0.02772425 0.01310431 0.05055561
v -0.02763435 0.01325034 0.0506448
v -0.02810325 0.01242886 0.05061382
v -0.02786469 0.01266708 0.05078813
v -0.02825217 0.01220232 0.05063127
v -0.02795611 0.01244891 0.05083115
v -0.02833213 0.01208756 0.0506391
v -0.02818889 0.01192869 0.050908
v -0.02832148 0.01165324 0.05093399
v -0.02981049 0.0105942 0.05058538
v -0.02990976 0.01052425 0.05057056
v -0.02902159 0.01035705 0.05092397
v -0.02909582 0.01023785 0.05090751
v -0.03035646 0.00689363 0.05076139
v -0.03035646 -0.00689363 0.05076139
v -0.03104316 -0.00231495 0.05076139
v -0.03104316 0.00231495 0.05076139
v -0.02909582 -0.01023785 0.05090751
v -0.02990976 -0.01052425 0.05057056
v -0.02902159 -0.01035705 0.05092397
v -0.02981049 -0.0105942 0.05058538
v -0.02894683 -0.01047832 0.05093782
v -0.02970992 -0.01066784 0.0505988
v -0.02745179 -0.0137399 0.05050353
v -0.0275869 -0.01340182 0.0505298
v -0.02757408 -0.01340974 0.05060003
v -0.02763435 -0.01325035 0.0506448
v -0.02784988 -0.01286097 0.05057692
v -0.02786467 -0.0126671 0.05078814
v -0.02795609 -0.01244893 0.05083117
v -0.02833171 -0.01208814 0.05063907
v -0.02818886 -0.01192871 0.05090802
v -0.0286172 -0.01171278 0.05065718
v -0.02832144 -0.01165325 0.05093402
v -0.02881511 -0.0114813 0.05066044
v -0.0285844 -0.01114506 0.05095512
v -0.02919112 -0.01109783 0.05064807
v -0.0286675 -0.01099376 0.05095444
v -0.02930649 -0.01099322 0.05064008
v 0 -0.0365 0.049
v -0.0005 -0.03663398 0.049
v -0.00086603 -0.037 0.049
v -0.001 -0.0375 0.049
v -0.00086603 -0.038 0.049
v -0.0005 -0.03836603 0.049
v 0 -0.0385 0.049
v 0.0005 -0.03836603 0.049
v 0.00086603 -0.038 0.049
v 0.001 -0.0375 0.049
v 0.00086603 -0.037 0.049
v 0.0005 -0.03663398 0.049
v 0 -0.0375 0.049
v 0 -0.0515 0.049
v -0.0005 -0.05163398 0.049
v -0.00086603 -0.052 0.049
v -0.001 -0.0525 0.049
v -0.00086603 -0.053 0.049
v -0.0005 -0.05336602 0.049
v 0 -0.0535 0.049
v 0.0005 -0.05336602 0.049
v 0.00086603 -0.053 0.049
v 0.001 -0.0525 0.049
v 0.00086603 -0.052 0.049
v 0.0005 -0.05163398 0.049
v 0 -0.0525 0.049
v 0 0.0535 0.049
v -0.0005 0.05336602 0.049
v -0.00086603 0.053 0.049
v -0.001 0.0525 0.049
v -0.00086603 0.052 0.049
v -0.0005 0.05163398 0.049
v 0 0.0515 0.049
v 0.0005 0.05163398 0.049
v 0.00086603 0.052 0.049
v 0.001 0.0525 0.049
v 0.00086603 0.053 0.049
v 0.0005 0.05336602 0.049
v 0 0.0525 0.049
v 0 0.0385 0.049
v -0.0005 0.03836603 0.049
v -0.00086603 0.038 0.049
v -0.001 0.0375 0.049
v -0.00086603 0.037 0.049
v -0.0005 0.03663398 0.049
v 0 0.0365 0.049
v 0.0005 0.03663398 0.049
v 0.00086603 0.037 0.049
v 0.001 0.0375 0.049
v 0.00086603 0.038 0.049
v 0.0005 0.03836603 0.049
v 0 0.0375 0.049
v -0.0100952 -0.06376697 0.05191743
v -0.01009827 -0.0633339 0.0520061
v -0.01004991 -0.06282847 0.05220531
v -0.00994992 -0.06241411 0.05245499
v -0.00962967 -0.06176921 0.05304442
v -0.0093783 -0.062024 0.05388605
v -0.00909463 -0.06165393 0.05420452
v -0.00889761 -0.06145447 0.05436387
v -0.0086986 -0.06129179 0.05447512
v -0.00974618 -0.06088618 0.05258055
v -0.00954938 -0.06032924 0.0527111
v -0.00941792 -0.06001284 0.05275102
v -0.0092969 -0.05973671 0.05274758
v -0.00928596 -0.05971092 0.05274439
v -0.00855763 -0.061186 0.05449873
v -0.00867857 -0.06127733 0.05448312
v -0.00835807 -0.06140418 0.05508658
v -0.00847427 -0.06113927 0.0545
v -0.00879348 -0.06041162 0.05346446
v -0.00923957 -0.05955449 0.05270335
v -0.00920948 -0.05946331 0.05266987
v -0.00603252 -0.06127507 0.05511995
v -0.00653534 -0.06115148 0.05508658
v -0.00699329 -0.06149999 0.05698556
v -0.00467539 -0.05818373 0.05216386
v -0.00616341 -0.05847118 0.0523806
v -0.00475465 -0.05868568 0.05232271
v -0.00638637 -0.06007791 0.05346446
v -0.00502747 -0.05992098 0.05301068
v -0.00488462 -0.05942308 0.05266987
v -0.00574052 -0.06106427 0.05451839
v -0.00540714 -0.06065102 0.05379111
v -0.00529164 -0.06046754 0.05355161
v -0.00585278 -0.06116544 0.05476689
v -0.00746423 -0.06115142 0.05508658
v -0.00761307 -0.06007783 0.05346446
v -0.00783582 -0.05847108 0.0523806
v -0.0100952 0.06376697 0.05191743
v -0.00984992 0.06124568 0.05247234
v -0.00988282 0.06223222 0.05259336
v -0.00962967 0.06176921 0.05304442
v -0.00952696 0.06227051 0.05366734
v -0.01005362 0.06285127 0.05219396
v -0.01009767 0.06331714 0.052011
v -0.00965428 0.06061008 0.05265242
v -0.00849612 0.06115159 0.05450301
v -0.00847427 0.06113927 0.0545
v -0.00835807 0.06140418 0.05508658
v -0.00879348 0.06041162 0.05346446
v -0.00920948 0.05946331 0.05266987
v -0.00921511 0.0594856 0.05267987
v -0.00858627 0.06121445 0.05450957
v -0.00924662 0.06183827 0.05404814
v -0.00896968 0.0615227 0.05431107
v -0.00892212 0.0614771 0.05434662
v -0.00872005 0.06130762 0.05446583
v -0.00946515 0.06012305 0.05274114
v -0.00943384 0.06004966 0.05274828
v -0.00930896 0.05976469 0.05275036
v -0.009241 0.05959588 0.05272126
v -0.0076135 0.06007789 0.05346446
v -0.00699329 0.06149999 0.05698556
v -0.00468154 0.05822423 0.05217457
v -0.00488462 0.05942308 0.05266987
v -0.00616459 0.05847102 0.0523806
v -0.00502187 0.05990618 0.05299879
v -0.00505115 0.05998133 0.05306048
v -0.00638723 0.06007779 0.05346446
v -0.00460834 0.0577235 0.05206668
v -0.00529532 0.06047377 0.05355917
v -0.00534742 0.06055915 0.05366655
v -0.00568127 0.06100269 0.05438608
v -0.00746456 0.06115147 0.05508658
v -0.006536 0.06115139 0.05508658
v -0.00603252 0.06127507 0.05511995
v -0.00577405 0.0610967 0.05459322
v -0.00783641 0.05847116 0.0523806
v 0.00603252 0.06127507 0.05511995
v 0.00653534 0.06115148 0.05508658
v 0.00699329 0.06149999 0.05698556
v 0.00616341 0.05847118 0.0523806
v 0.00468154 0.05822423 0.05217457
v 0.00460834 0.0577235 0.05206668
v 0.00638637 0.06007791 0.05346446
v 0.00502747 0.05992098 0.05301068
v 0.00488462 0.05942308 0.05266987
v 0.00574052 0.06106427 0.05451839
v 0.00540714 0.06065102 0.05379111
v 0.00529164 0.06046754 0.05355161
v 0.00585278 0.06116544 0.05476689
v 0.00746423 0.06115142 0.05508658
v 0.00879348 0.06041162 0.05346446
v 0.00847427 0.06113927 0.0545
v 0.00835807 0.06140418 0.05508658
v 0.00761307 0.06007783 0.05346446
v 0.00783582 0.05847108 0.0523806
v 0.00920948 0.05946331 0.05266987
v 0.00962967 0.06176921 0.05304442
v 0.00952696 0.06227051 0.05366734
v 0.0093783 0.062024 0.05388605
v 0.00984992 0.06124568 0.05247234
v 0.00909463 0.06165393 0.05420452
v 0.00889761 0.06145447 0.05436387
v 0.0086986 0.06129179 0.05447512
v 0.00867857 0.06127733 0.05448312
v 0.00855349 0.06119311 0.05451348
v 0.00922819 0.05955628 0.05270914
v 0.00928596 0.05971092 0.05274439
v 0.0092969 0.05973671 0.05274758
v 0.00941792 0.06001284 0.05275102
v 0.00954938 0.06032924 0.0527111
v 0.00974618 0.06088618 0.05258055
v 0.0100952 0.06376697 0.05191743
v 0.01009827 0.0633339 0.0520061
v 0.01004991 0.06282847 0.05220531
v 0.00994992 0.06241411 0.05245499
v 0.0100952 -0.06376697 0.05191743
v 0.00984992 -0.06124568 0.05247234
v 0.00962967 -0.06176921 0.05304442
v 0.00988282 -0.06223222 0.05259336
v 0.00952696 -0.06227051 0.05366734
v 0.01005362 -0.06285127 0.05219396
v 0.01009767 -0.06331714 0.052011
v 0.00965428 -0.06061008 0.05265242
v 0.00849612 -0.06115159 0.05450301
v 0.00847427 -0.06113927 0.0545
v 0.00835807 -0.06140418 0.05508658
v 0.00879348 -0.06041162 0.05346446
v 0.00920948 -0.05946331 0.05266987
v 0.00921511 -0.0594856 0.05267987
v 0.00858627 -0.06121445 0.05450957
v 0.00924662 -0.06183827 0.05404814
v 0.00896968 -0.0615227 0.05431107
v 0.00892212 -0.0614771 0.05434662
v 0.00872005 -0.06130762 0.05446583
v 0.00946515 -0.06012305 0.05274114
v 0.00943384 -0.06004966 0.05274828
v 0.00930896 -0.05976469 0.05275036
v 0.009241 -0.05959588 0.05272126
v 0.0076135 -0.06007789 0.05346446
v 0.00699329 -0.06149999 0.05698556
v 0.00467539 -0.05818373 0.05216386
v 0.00475465 -0.05868568 0.05232271
v 0.00616459 -0.05847102 0.0523806
v 0.00502187 -0.05990618 0.05299879
v 0.00505115 -0.05998133 0.05306048
v 0.00638723 -0.06007779 0.05346446
v 0.00488462 -0.05942308 0.05266987
v 0.00529532 -0.06047377 0.05355917
v 0.00534742 -0.06055915 0.05366655
v 0.00568127 -0.06100269 0.05438608
v 0.00746456 -0.06115147 0.05508658
v 0.006536 -0.06115139 0.05508658
v 0.00603252 -0.06127507 0.05511995
v 0.00577405 -0.0610967 0.05459322
v 0.00783641 -0.05847116 0.0523806
v -0.00386228 0.0582005 0.05226774
v -0.00266278 0.05753801 0.05325907
v -0.00312462 0.05763971 0.05260525
v -0.00381035 0.05770509 0.05218498
v -0.00267011 0.05793196 0.05332254
v -0.0031515 0.05809723 0.0526734
v -0.00400991 0.05941196 0.05269074
v -0.00322902 0.05922627 0.05303915
v -0.00269142 0.05890157 0.05364842
v -0.00357947 0.06070489 0.05446583
v -0.00457913 0.06132026 0.05513106
v -0.00547047 0.06127476 0.05479677
v -0.00590621 0.06137241 0.05529833
v -0.00484032 0.06140009 0.05528828
v -0.00563803 0.06148569 0.05567705
v -0.00515488 0.0613773 0.05503169
v -0.00577408 0.06144296 0.05548492
v -0.00370797 0.06081954 0.05455654
v -0.00494603 0.06131526 0.05484667
v -0.00421565 0.06091255 0.05416009
v -0.00532012 0.06120747 0.05459381
v -0.00300634 0.05994503 0.05402197
v -0.0041022 0.06081749 0.05405003
v -0.00478213 0.06082258 0.05385258
v -0.00428811 0.0601785 0.05316645
v -0.00423824 0.06008321 0.05309277
v -0.00350519 0.06005111 0.05343317
v -0.00469689 0.06073739 0.05373579
v -0.0035686 0.06016573 0.05350477
v -0.00294263 0.05981512 0.05396429
v 0.00563803 0.06148569 0.05567705
v 0.00577408 0.06144296 0.05548492
v 0.00590621 0.06137241 0.05529833
v 0.00507101 0.06144857 0.05541803
v 0.00322902 0.05922627 0.05303915
v 0.00400991 0.05941196 0.05269074
v 0.00424778 0.06010218 0.05310703
v 0.00559983 0.06131924 0.05496423
v 0.00541593 0.06125228 0.05472388
v 0.00487914 0.06091037 0.05398575
v 0.00469083 0.06073103 0.0537275
v 0.00533646 0.06141462 0.05518359
v 0.00507885 0.06135713 0.05496537
v 0.00434552 0.06100879 0.05428492
v 0.00409417 0.06081033 0.05404219
v 0.00351728 0.06007399 0.05344704
v 0.00269142 0.05890157 0.05364842
v 0.0047447 0.06137404 0.05523182
v 0.0038575 0.06093684 0.05465988
v 0.00357045 0.06069631 0.05445939
v 0.00295468 0.05984098 0.05397546
v 0.00267011 0.05793196 0.05332254
v 0.00381035 0.05770509 0.05218498
v 0.00312462 0.05763971 0.05260525
v 0.00266278 0.05753801 0.05325907
v 0.00386228 0.0582005 0.05226774
v 0.0031515 0.05809723 0.0526734
v 0.00317888 -0.05852539 0.05277746
v 0.00314922 -0.05805998 0.05266621
v 0.00266949 -0.0578999 0.05331596
v 0.00400991 -0.05941196 0.05269074
v 0.00322902 -0.05922627 0.05303915
v 0.0039148 -0.05866199 0.05238991
v 0.00267761 -0.05830015 0.05341654
v 0.00269142 -0.05890157 0.05364842
v 0.00385789 -0.05816025 0.05225918
v 0.00294263 -0.05981512 0.05396429
v 0.00577408 -0.06144296 0.05548492
v 0.00590621 -0.06137241 0.05529833
v 0.00547047 -0.06127476 0.05479677
v 0.00423824 -0.06008321 0.05309277
v 0.00428811 -0.0601785 0.05316645
v 0.00469689 -0.06073739 0.05373579
v 0.00478213 -0.06082258 0.05385258
v 0.00532012 -0.06120747 0.05459381
v 0.00350519 -0.06005111 0.05343317
v 0.0035686 -0.06016573 0.05350477
v 0.0041022 -0.06081749 0.05405003
v 0.00421565 -0.06091255 0.05416009
v 0.00494603 -0.06131526 0.05484667
v 0.00515488 -0.0613773 0.05503169
v 0.00563803 -0.06148569 0.05567705
v 0.00300634 -0.05994503 0.05402197
v 0.00357947 -0.06070489 0.05446583
v 0.00370797 -0.06081954 0.05455654
v 0.00457913 -0.06132026 0.05513106
v 0.00484032 -0.06140009 0.05528828
v -0.00563803 -0.06148569 0.05567705
v -0.00577408 -0.06144296 0.05548492
v -0.00590621 -0.06137241 0.05529833
v -0.00295468 -0.05984098 0.05397546
v -0.00400991 -0.05941196 0.05269074
v -0.00424778 -0.06010218 0.05310703
v -0.00322902 -0.05922627 0.05303915
v -0.00269142 -0.05890157 0.05364842
v -0.00351728 -0.06007399 0.05344704
v -0.00357045 -0.06069631 0.05445939
v -0.00409417 -0.06081033 0.05404219
v -0.0038575 -0.06093684 0.05465988
v -0.00469083 -0.06073103 0.0537275
v -0.00487914 -0.06091037 0.05398575
v -0.00434552 -0.06100879 0.05428492
v -0.00507885 -0.06135713 0.05496537
v -0.0047447 -0.06137404 0.05523182
v -0.00507101 -0.06144857 0.05541803
v -0.00559983 -0.06131924 0.05496423
v -0.00541593 -0.06125228 0.05472388
v -0.00533646 -0.06141462 0.05518359
v -0.00317888 -0.05852539 0.05277746
v -0.00314922 -0.05805998 0.05266621
v -0.00385789 -0.05816025 0.05225918
v -0.00267761 -0.05830015 0.05341654
v -0.0039148 -0.05866199 0.05238991
v -0.00266949 -0.0578999 0.05331596
v -0.0111 0.02689981 0.046
v -0.0111 0.02668801 0.04619567
v -0.0111 0.02668801 0.045
v -0.0079 0.02814338 0.046
v -0.0079 0.02814338 0.045
v -0.00777032 0.0280434 0.046
v 0.0079 0.02814338 0.045
v 0.0079 0.02814338 0.046
v 0.0111 0.02668801 0.045
v 0.0111 0.02668801 0.04619567
v 0.0111 0.02689981 0.046
v 0.00777032 0.0280434 0.046
v 0.0079 -0.02814338 0.046
v 0.0079 -0.02814338 0.045
v 0.0111 -0.02689981 0.046
v 0.0111 -0.02668801 0.04619567
v 0.0111 -0.02668801 0.045
v 0.00777032 -0.0280434 0.046
v -0.0111 -0.02668801 0.045
v -0.0111 -0.02668801 0.04619567
v -0.0111 -0.02689981 0.046
v -0.0079 -0.02814338 0.046
v -0.0079 -0.02814338 0.045
v -0.00777032 -0.0280434 0.046
v -0.01173197 -0.02654843 0.04407018
v -0.01140942 -0.02662023 0.04427674
v -0.01118275 -0.02666999 0.04460168
v -0.00782143 -0.02815368 0.04461147
v -0.00760158 -0.02818219 0.04428741
v -0.00727805 -0.02822332 0.04407421
v 0.00727884 -0.02822322 0.04407454
v 0.00760207 -0.02818213 0.04428789
v 0.00782176 -0.02815364 0.04461224
v 0.01118309 -0.02666992 0.04460092
v 0.01141001 -0.0266201 0.04427619
v 0.01173251 -0.02654831 0.04406997
v 0.01173197 0.02654843 0.04407018
v 0.01140942 0.02662023 0.04427674
v 0.01118275 0.02666999 0.04460168
v 0.00782143 0.02815368 0.04461147
v 0.00760158 0.02818219 0.04428741
v 0.00727805 0.02822332 0.04407421
v -0.00727884 0.02822322 0.04407454
v -0.00760207 0.02818213 0.04428789
v -0.00782176 0.02815364 0.04461224
v -0.01118309 0.02666992 0.04460092
v -0.01141001 0.0266201 0.04427619
v -0.01173251 0.02654831 0.04406997
v 0.00339062 0.03081402 0.055509
v 0.00355738 0.03079521 0.0555
v 0.00339062 0.03081402 0.054
v 0.00344469 0.03080802 0.0536706
v 0.0041396 0.03072236 0.05302607
v 0.00384081 0.03076115 0.05315534
v 0.00360056 0.03079019 0.05337834
v 0.01156524 0.02876187 0.0555
v 0.01156524 0.02876187 0.053
v 0.00762935 0.03004651 0.0555
v 0.007548 0.03006705 0.053
v 0.00435938 0.03069195 0.053
v -0.00339062 0.03081402 0.054
v -0.00341283 0.03081156 0.0537871
v -0.0035345 0.03079784 0.05347561
v -0.00375062 0.03077227 0.05322211
v -0.00403704 0.03073601 0.05305698
v -0.00435938 0.03069195 0.053
v -0.00992005 0.02936993 0.053
v -0.00992005 0.02936993 0.0555
v -0.00669439 0.03026855 0.053
v -0.00677629 0.03025032 0.0555
v -0.00355738 0.03079521 0.0555
v -0.00339062 0.03081402 0.055509
v 0.0075063 0.02956189 0.056
v 0.0035 0.03029851 0.056
v 0.0035 0.02867157 0.056
v -0.0035 0.02867157 0.056
v -0.0035 0.03029851 0.056
v -0.01100128 0.02508429 0.056
v -0.006667 0.02976241 0.056
v -0.00976005 0.02889622 0.056
v 0.01286315 0.02661683 0.056
v 0.01232002 0.0276332 0.056
v 0.01289268 0.02546482 0.056
v 0.0113787 0.02829797 0.056
v 0.01240236 0.02442195 0.056
v 0.00822578 0.01917255 0.056
v 0.00235142 0.02867157 0.056
v 0.00324011 0.02791741 0.056
v 0.00414661 0.02634731 0.056
v 0.00433612 0.02454426 0.056
v 0.00377587 0.02282 0.056
v -0.01073746 0.02828575 0.056
v -0.0113372 0.02730172 0.056
v -0.01143185 0.02615323 0.056
v 0.00256274 0.02147269 0.056
v 0.0029885 0.020281 0.056
v 0.00090649 0.02073528 0.056
v -0.00183669 0.02041756 0.056
v 0.00806172 0.01903845 0.056
v 0.00785686 0.01898435 0.056
v 0.00764798 0.01901995 0.056
v -0.00697207 0.01946392 0.056
v -0.00677059 0.01939832 0.056
v -0.00712828 0.01960708 0.056
v -0.00656004 0.01942205 0.056
v -0.00377587 0.02282 0.056
v -0.00256274 0.02147269 0.056
v -0.00090649 0.02073528 0.056
v -0.00433612 0.02454426 0.056
v -0.00414661 0.02634731 0.056
v -0.00324011 0.02791741 0.056
v -0.00235142 0.02867157 0.056
v 0.00861705 0.01886124 0.0555
v 0.00861705 0.01886124 0.053
v 0.01279362 0.02411065 0.0555
v 0.01279362 0.02411065 0.053
v -0.01140953 0.02479562 0.0555
v -0.01140953 0.02479562 0.053
v -0.00753653 0.0193184 0.0555
v -0.00753653 0.0193184 0.053
v -0.00339062 -0.03081402 0.055509
v -0.00355738 -0.03079521 0.0555
v -0.00339062 -0.03081402 0.054
v -0.00344469 -0.03080802 0.0536706
v -0.0041396 -0.03072236 0.05302607
v -0.00384081 -0.03076115 0.05315534
v -0.00360056 -0.03079019 0.05337834
v -0.01156524 -0.02876187 0.0555
v -0.01156524 -0.02876187 0.053
v -0.00762935 -0.03004651 0.0555
v -0.007548 -0.03006705 0.053
v -0.00435938 -0.03069195 0.053
v 0.00339062 -0.03081402 0.054
v 0.00341283 -0.03081156 0.0537871
v 0.0035345 -0.03079784 0.05347561
v 0.00375062 -0.03077227 0.05322211
v 0.00403704 -0.03073601 0.05305698
v 0.00435938 -0.03069195 0.053
v 0.00992005 -0.02936993 0.053
v 0.00992005 -0.02936993 0.0555
v 0.00669439 -0.03026855 0.053
v 0.00677629 -0.03025032 0.0555
v 0.00355738 -0.03079521 0.0555
v 0.00339062 -0.03081402 0.055509
v -0.0075063 -0.02956189 0.056
v -0.0035 -0.03029851 0.056
v -0.0035 -0.02867157 0.056
v 0.01100128 -0.02508429 0.056
v 0.0035 -0.02867157 0.056
v 0.0035 -0.03029851 0.056
v 0.00697207 -0.01946392 0.056
v 0.00677059 -0.01939832 0.056
v 0.00656004 -0.01942205 0.056
v 0.00976005 -0.02889622 0.056
v 0.01073746 -0.02828575 0.056
v 0.0113372 -0.02730172 0.056
v -0.00377587 -0.02718 0.056
v -0.00433612 -0.02545574 0.056
v -0.00822578 -0.01917255 0.056
v -0.00414661 -0.02365269 0.056
v -0.00806172 -0.01903845 0.056
v 0.006667 -0.02976241 0.056
v 0.01143185 -0.02615323 0.056
v -0.00235142 -0.02867157 0.056
v -0.00256274 -0.02852731 0.056
v -0.01240236 -0.02442195 0.056
v -0.0113787 -0.02829797 0.056
v -0.01289268 -0.02546482 0.056
v -0.01232002 -0.0276332 0.056
v -0.01286315 -0.02661683 0.056
v 0.00414661 -0.02365269 0.056
v 0.00324011 -0.02208259 0.056
v 0.00712828 -0.01960708 0.056
v 0.00177337 -0.02101694 0.056
v 0.00183669 -0.02041756 0.056
v 0 -0.02064 0.056
v -0.0029885 -0.020281 0.056
v -0.00177337 -0.02101694 0.056
v -0.00324011 -0.02208259 0.056
v -0.00764798 -0.01901995 0.056
v -0.00785686 -0.01898435 0.056
v 0.00433612 -0.02545574 0.056
v 0.00377587 -0.02718 0.056
v 0.00256274 -0.02852731 0.056
v 0.00235142 -0.02867157 0.056
v -0.00861705 -0.01886124 0.0555
v -0.00861705 -0.01886124 0.053
v -0.01279362 -0.02411065 0.0555
v -0.01279362 -0.02411065 0.053
v 0.01140953 -0.02479562 0.0555
v 0.01140953 -0.02479562 0.053
v 0.00753653 -0.0193184 0.0555
v 0.00753653 -0.0193184 0.053
v -0.00069858 -0.02828658 0.055
v -0.00197496 -0.0277183 0.055
v -0.00168 -0.02790985 0.055
v -0.00334159 -0.02535122 0.055
v -0.00290985 -0.02668 0.055
v -0.00319555 -0.0239617 0.055
v -0.00336 -0.025 0.055
v -0.00249697 -0.02275172 0.055
v -0.00290985 -0.02332 0.055
v -0.00136664 -0.02193049 0.055
v -0.00168 -0.02209015 0.055
v 0.00136664 -0.02193049 0.055
v 0 -0.02164 0.055
v 0.00249697 -0.02275172 0.055
v 0.00168 -0.02209015 0.055
v 0.00319555 -0.0239617 0.055
v 0.00290985 -0.02332 0.055
v 0.00334159 -0.02535122 0.055
v 0.00336 -0.025 0.055
v 0.00197496 -0.0277183 0.055
v 0.00290985 -0.02668 0.055
v 0 -0.02836 0.055
v 0.00069858 -0.02828658 0.055
v 0.00168 -0.02790985 0.055
v -0.00069858 0.02171342 0.055
v -0.00197496 0.0222817 0.055
v -0.00168 0.02209015 0.055
v -0.00334159 0.02464878 0.055
v -0.00290985 0.02332 0.055
v -0.00319555 0.0260383 0.055
v -0.00336 0.025 0.055
v -0.00249697 0.02724828 0.055
v -0.00290985 0.02668 0.055
v -0.00136664 0.02806951 0.055
v -0.00168 0.02790985 0.055
v 0.00136664 0.02806951 0.055
v 0 0.02836 0.055
v 0.00249697 0.02724828 0.055
v 0.00168 0.02790985 0.055
v 0.00319555 0.0260383 0.055
v 0.00290985 0.02668 0.055
v 0.00334159 0.02464878 0.055
v 0.00336 0.025 0.055
v 0.00197496 0.0222817 0.055
v 0.00290985 0.02332 0.055
v 0 0.02164 0.055
v 0.00069858 0.02171342 0.055
v 0.00168 0.02209015 0.055
v 0.00724035 -0.01904178 0.053
v 0.0072241 -0.01903209 0.0555
v 0.00679465 -0.01889854 0.053
v 0.00682115 -0.01890088 0.0555
v -0.00785261 -0.01848401 0.053
v -0.0078792 -0.01848485 0.0555
v -0.0083057 -0.01860181 0.053
v -0.00828893 -0.01859306 0.0555
v -0.00724035 0.01904178 0.053
v -0.0072241 0.01903209 0.0555
v -0.00679465 0.01889854 0.053
v -0.00682115 0.01890088 0.0555
v 0.00785261 0.01848401 0.053
v 0.0078792 0.01848485 0.0555
v 0.0083057 0.01860181 0.053
v 0.00828893 0.01859306 0.0555
v -0.00026307 0.02898882 0.05593198
v -0.00161772 0.02863346 0.05592388
v -0.00295572 0.02766134 0.05592388
v 0.0013976 0.02813905 0.05538268
v 0.00255354 0.02729921 0.05538268
v 0.00148577 0.02833708 0.05570711
v 0.00326794 0.02606182 0.05538268
v 0.0034173 0.02464083 0.05538268
v 0.00297577 0.02328194 0.05538268
v 0.0020197 0.02222012 0.05538268
v 0.00071441 0.02163897 0.05538268
v -0.00071441 0.02163897 0.05538268
v -0.0020197 0.02222012 0.05538268
v -0.00297577 0.02328194 0.05538268
v -0.0034173 0.02464083 0.05538268
v -0.00326794 0.02606182 0.05538268
v -0.00255354 0.02729921 0.05538268
v -0.0013976 0.02813905 0.05538268
v 0.00271463 0.02744426 0.05570711
v 0.00347411 0.02612881 0.05570711
v 0.00363288 0.02461817 0.05570711
v 0.0031635 0.02317355 0.05570711
v 0.00214712 0.02204475 0.05570711
v 0.00075948 0.02142693 0.05570711
v -0.00075948 0.02142693 0.05570711
v -0.00214712 0.02204475 0.05570711
v -0.0031635 0.02317355 0.05570711
v -0.00363288 0.02461817 0.05570711
v -0.00347411 0.02612881 0.05570711
v -0.00271463 0.02744426 0.05570711
v -0.00148577 0.02833708 0.05570711
v 0 0.02843612 0.05538268
v 0 0.02865289 0.05570711
v -2.23E-06 0.02899302 0.05593023
v 0.00161772 0.02863346 0.05592388
v 0.00295572 0.02766134 0.05592388
v 0.00378265 0.02622906 0.05592388
v 0.00395553 0.02458426 0.05592388
v 0.00344446 0.02301134 0.05592388
v 0.00233781 0.02178228 0.05592388
v 0.00082693 0.0211096 0.05592388
v -0.00082693 0.0211096 0.05592388
v -0.00233781 0.02178228 0.05592388
v -0.00344446 0.02301134 0.05592388
v -0.00395553 0.02458426 0.05592388
v -0.00378265 0.02622906 0.05592388
v 0.00171937 0.02881836 0.05598503
v -0.00082693 -0.0288904 0.05592388
v 0.00026307 -0.02898882 0.05593198
v 0.00082693 -0.0288904 0.05592388
v 0.00233781 -0.02821772 0.05592388
v -0.00233781 -0.02821772 0.05592388
v -0.00171937 -0.02881836 0.05598503
v -0.00084813 -0.02894966 0.05594731
v 0.00255354 -0.02270079 0.05538268
v 0.00326794 -0.02393818 0.05538268
v 0.0034173 -0.02535917 0.05538268
v 0.00297577 -0.02671806 0.05538268
v 0.0020197 -0.02777988 0.05538268
v 0.00071441 -0.02836103 0.05538268
v -0.00071441 -0.02836103 0.05538268
v -0.0020197 -0.02777988 0.05538268
v -0.00297577 -0.02671806 0.05538268
v -0.0034173 -0.02535917 0.05538268
v -0.00326794 -0.02393818 0.05538268
v -0.00255354 -0.02270079 0.05538268
v -0.0013976 -0.02186095 0.05538268
v 0 -0.02156388 0.05538268
v 0.0013976 -0.02186095 0.05538268
v -0.00148577 -0.02166292 0.05570711
v -0.00271463 -0.02255574 0.05570711
v -0.00347411 -0.02387119 0.05570711
v -0.00363288 -0.02538183 0.05570711
v -0.0031635 -0.02682645 0.05570711
v -0.00214712 -0.02795525 0.05570711
v -0.00075948 -0.02857307 0.05570711
v 0.00075948 -0.02857307 0.05570711
v 0.00214712 -0.02795525 0.05570711
v 0.0031635 -0.02682645 0.05570711
v 0.00363288 -0.02538183 0.05570711
v 0.00347411 -0.02387119 0.05570711
v 0.00271463 -0.02255574 0.05570711
v 0.00148577 -0.02166292 0.05570711
v 0 -0.02134711 0.05570711
v -0.00161772 -0.02136654 0.05592388
v -0.00295572 -0.02233865 0.05592388
v -0.00378265 -0.02377094 0.05592388
v -0.00395553 -0.02541574 0.05592388
v -0.00344446 -0.02698866 0.05592388
v 0.00344446 -0.02698866 0.05592388
v 0.00395553 -0.02541574 0.05592388
v 0.00378265 -0.02377094 0.05592388
v 0.00295572 -0.02233865 0.05592388
v 0.00161772 -0.02136654 0.05592388
v 0 -0.02102268 0.05592388
v -0.01316091 -0.024702 0.053
v -0.01338202 -0.02536209 0.0555
v -0.01338202 -0.02536209 0.053
v -0.01344503 -0.02605536 0.053
v -0.01334657 -0.0267445 0.0555
v -0.01334657 -0.0267445 0.053
v -0.01309193 -0.02739239 0.053
v -0.01269482 -0.02796414 0.0555
v -0.01217662 -0.02842898 0.053
v -0.01269482 -0.02796414 0.053
v 0.01054928 -0.02907215 0.053
v 0.01109294 -0.02863736 0.0555
v 0.01109294 -0.02863736 0.053
v 0.01152175 -0.02808898 0.053
v 0.01181263 -0.02745653 0.0555
v 0.01181263 -0.02745653 0.053
v 0.01194991 -0.02677407 0.053
v 0.01192621 -0.02607833 0.0555
v 0.01174279 -0.0254068 0.053
v 0.01192621 -0.02607833 0.053
v 0.01316091 0.024702 0.053
v 0.01338202 0.02536209 0.0555
v 0.01338202 0.02536209 0.053
v 0.01344503 0.02605536 0.053
v 0.01334657 0.0267445 0.0555
v 0.01334657 0.0267445 0.053
v 0.01309193 0.02739239 0.053
v 0.01269482 0.02796414 0.0555
v 0.01217662 0.02842898 0.053
v 0.01269482 0.02796414 0.053
v -0.01054928 0.02907215 0.053
v -0.01109294 0.02863736 0.0555
v -0.01109294 0.02863736 0.053
v -0.01152175 0.02808898 0.053
v -0.01181263 0.02745653 0.0555
v -0.01181263 0.02745653 0.053
v -0.01194991 0.02677407 0.053
v -0.01192621 0.02607833 0.0555
v -0.01174279 0.0254068 0.053
v -0.01192621 0.02607833 0.053
v -0.00690849 0.01886356 0.05269
v -0.00727251 0.018989 0.05265388
v -0.00738158 0.01887679 0.05238066
v -0.00665169 0.01888636 0.05284738
v -0.007587 0.01928272 0.05265388
v -0.007826 0.01885393 0.05212306
v -0.00777568 0.0191493 0.05229289
v -0.00794478 0.01902973 0.05213397
v -0.00807042 0.01894088 0.05206181
v -0.00757821 0.01887664 0.05225556
v -0.00749897 0.0188783 0.05230459
v -0.00764592 0.01924105 0.0525
v -0.00681395 0.01886795 0.05274869
v -0.01181778 0.02450694 0.05213397
v -0.01151892 0.02471827 0.0525
v -0.01008005 0.02984363 0.05213397
v -0.01081415 0.02949622 0.05213397
v -0.01144842 0.02898897 0.05213397
v -0.0119487 0.02834919 0.05213397
v -0.01228806 0.02761134 0.05213397
v -0.01244822 0.02681513 0.05213397
v -0.01242056 0.02600344 0.05213397
v -0.01220658 0.02521999 0.05213397
v -0.00996292 0.02949686 0.0525
v -0.01062026 0.02918578 0.0525
v -0.01118819 0.02873158 0.0525
v -0.01163615 0.0281587 0.0525
v -0.01194002 0.02749801 0.0525
v -0.01208343 0.02678507 0.0525
v -0.01205867 0.02605827 0.0525
v -0.01186706 0.02535674 0.0525
v -0.00680237 0.03075675 0.05213397
v -0.00442969 0.03118698 0.05213397
v -0.00672332 0.03039936 0.0525
v -0.00437822 0.03082459 0.0525
v -0.00389397 0.03088273 0.05259689
v -0.00275523 0.0311407 0.054
v -0.00261629 0.03133998 0.054
v -0.0026574 0.03133705 0.05360982
v -0.00293812 0.0309808 0.054
v -0.00297075 0.03097782 0.05368676
v -0.00288285 0.0313205 0.05303735
v -0.00328451 0.03128919 0.05256713
v -0.00382023 0.03124376 0.05225351
v -0.00346857 0.03092912 0.05284929
v -0.0031497 0.03096101 0.0532271
v -0.00254865 0.0314999 0.05653782
v -0.00275138 0.03114502 0.05600551
v -0.00310395 0.03088979 0.05562266
v 0.00308768 0.03089698 0.05563344
v 0.00293812 0.0309808 0.054
v 0.00275523 0.0311407 0.054
v 0.00275523 0.0311407 0.05599903
v 0.00261629 0.03133998 0.054
v 0.00254856 0.03150019 0.05653825
v 0.00301757 0.0309735 0.05351514
v 0.00271639 0.03133279 0.05339605
v 0.00442969 0.03118698 0.05213397
v 0.00437822 0.03082459 0.0525
v 0.00401329 0.03122636 0.05219225
v 0.00345273 0.03127537 0.05244166
v 0.00300544 0.0313112 0.05285767
v 0.00324702 0.03095154 0.05308278
v 0.00360212 0.03091503 0.05274839
v 0.00404732 0.03086493 0.05254743
v 0.00766974 0.03055201 0.05213397
v 0.01175177 0.02922577 0.05213397
v 0.00758062 0.030197 0.0525
v 0.01161522 0.02888617 0.0525
v 0.01318489 0.02379934 0.05213397
v 0.01361339 0.02448926 0.05213397
v 0.01387135 0.02525936 0.05213397
v 0.01394487 0.02606818 0.05213397
v 0.01383 0.02687217 0.05213397
v 0.01353291 0.02762804 0.05213397
v 0.01306961 0.02829509 0.05213397
v 0.01246505 0.0288374 0.05213397
v 0.01289846 0.02402723 0.0525
v 0.01328215 0.024645 0.0525
v 0.01351313 0.02533456 0.0525
v 0.01357897 0.0260588 0.0525
v 0.0134761 0.02677871 0.0525
v 0.01321009 0.02745553 0.0525
v 0.01279524 0.02805282 0.0525
v 0.0122539 0.02853842 0.0525
v 0.00912874 0.01845413 0.05206181
v 0.00900832 0.01854994 0.05213397
v 0.00884625 0.01867888 0.05229289
v 0.00872189 0.01877783 0.0525
v 0.00866542 0.01882276 0.05265388
v 0.00787936 0.01845123 0.05274299
v 0.00833482 0.01854729 0.05265388
v 0.00840907 0.0184298 0.05239938
v 0.00846049 0.0184284 0.05236545
v 0.00855407 0.018424 0.05230496
v 0.008971 0.01836047 0.05208436
v 0.00916491 0.01830485 0.05202504
v 0.00901301 0.01834972 0.05206877
v 0.00795729 0.01844323 0.0526944
v 0.00805196 0.01843696 0.05263439
v 0.00690849 -0.01886356 0.05269
v 0.00727251 -0.018989 0.05265388
v 0.00738158 -0.01887679 0.05238066
v 0.00665169 -0.01888636 0.05284738
v 0.007587 -0.01928272 0.05265388
v 0.007826 -0.01885393 0.05212306
v 0.00777568 -0.0191493 0.05229289
v 0.00794478 -0.01902973 0.05213397
v 0.00807042 -0.01894088 0.05206181
v 0.00757821 -0.01887664 0.05225556
v 0.00749897 -0.0188783 0.05230459
v 0.00764592 -0.01924105 0.0525
v 0.00681395 -0.01886795 0.05274869
v 0.01181778 -0.02450694 0.05213397
v 0.01151892 -0.02471827 0.0525
v 0.01008005 -0.02984363 0.05213397
v 0.01081415 -0.02949622 0.05213397
v 0.01144842 -0.02898897 0.05213397
v 0.0119487 -0.02834919 0.05213397
v 0.01228806 -0.02761134 0.05213397
v 0.01244822 -0.02681513 0.05213397
v 0.01242056 -0.02600344 0.05213397
v 0.01220658 -0.02521999 0.05213397
v 0.00996292 -0.02949686 0.0525
v 0.01062026 -0.02918578 0.0525
v 0.01118819 -0.02873158 0.0525
v 0.01163615 -0.0281587 0.0525
v 0.01194002 -0.02749801 0.0525
v 0.01208343 -0.02678507 0.0525
v 0.01205867 -0.02605827 0.0525
v 0.01186706 -0.02535674 0.0525
v 0.00680237 -0.03075675 0.05213397
v 0.00442969 -0.03118698 0.05213397
v 0.00672332 -0.03039936 0.0525
v 0.00437822 -0.03082459 0.0525
v 0.00389397 -0.03088273 0.05259689
v 0.00275523 -0.0311407 0.054
v 0.00261629 -0.03133998 0.054
v 0.0026574 -0.03133705 0.05360982
v 0.00293812 -0.0309808 0.054
v 0.00297075 -0.03097782 0.05368676
v 0.00288285 -0.0313205 0.05303735
v 0.00328451 -0.03128919 0.05256713
v 0.00382023 -0.03124376 0.05225351
v 0.00346857 -0.03092912 0.05284929
v 0.0031497 -0.03096101 0.0532271
v 0.00254865 -0.0314999 0.05653782
v 0.00275138 -0.03114502 0.05600551
v 0.00310395 -0.03088979 0.05562266
v -0.00308768 -0.03089698 0.05563344
v -0.00293812 -0.0309808 0.054
v -0.00275523 -0.0311407 0.054
v -0.00275523 -0.0311407 0.05599903
v -0.00261629 -0.03133998 0.054
v -0.00254856 -0.03150019 0.05653825
v -0.00301757 -0.0309735 0.05351514
v -0.00271639 -0.03133279 0.05339605
v -0.00442969 -0.03118698 0.05213397
v -0.00437822 -0.03082459 0.0525
v -0.00401329 -0.03122636 0.05219225
v -0.00345273 -0.03127537 0.05244166
v -0.00300544 -0.0313112 0.05285767
v -0.00324702 -0.03095154 0.05308278
v -0.00360212 -0.03091503 0.05274839
v -0.00404732 -0.03086493 0.05254743
v -0.00766974 -0.03055201 0.05213397
v -0.01175177 -0.02922577 0.05213397
v -0.00758062 -0.030197 0.0525
v -0.01161522 -0.02888617 0.0525
v -0.01302282 -0.02392829 0.05229289
v -0.01318489 -0.02379934 0.05213397
v -0.01361339 -0.02448926 0.05213397
v -0.01289846 -0.02402723 0.0525
v -0.01387135 -0.02525936 0.05213397
v -0.01394487 -0.02606818 0.05213397
v -0.01383 -0.02687217 0.05213397
v -0.01353291 -0.02762804 0.05213397
v -0.01306961 -0.02829509 0.05213397
v -0.01246505 -0.0288374 0.05213397
v -0.0122539 -0.02853842 0.0525
v -0.01279524 -0.02805282 0.0525
v -0.01321009 -0.02745553 0.0525
v -0.0134761 -0.02677871 0.0525
v -0.01357897 -0.0260588 0.0525
v -0.01351313 -0.02533456 0.0525
v -0.01328215 -0.024645 0.0525
v -0.00912874 -0.01845413 0.05206181
v -0.00884625 -0.01867888 0.05229289
v -0.00866542 -0.01882276 0.05265388
v -0.00787936 -0.01845123 0.05274299
v -0.00833482 -0.01854729 0.05265388
v -0.00840907 -0.0184298 0.05239938
v -0.00846049 -0.0184284 0.05236545
v -0.00916491 -0.01830485 0.05202504
v -0.00901301 -0.01834972 0.05206877
v -0.00855407 -0.018424 0.05230496
v -0.00795729 -0.01844323 0.0526944
v -0.00805196 -0.01843696 0.05263439
v -0.0031011 -0.02907048 0.056083
v -0.00310395 -0.03043068 0.05608177
v -0.0027886 -0.03075383 0.05629721
v -0.00339062 -0.03031702 0.056006
v -0.00275138 -0.03081352 0.056337
v -0.00276842 -0.02940316 0.05631825
v -0.00255635 -0.0313116 0.05666905
v -0.00235142 -0.02940316 0.05631825
v -0.00235142 -0.02907048 0.056083
v -0.00170156 -0.02915739 0.05610348
v -0.0016769 -0.02943226 0.05633397
v 0.00024824 -0.02945528 0.05630357
v 0.00025644 -0.02925042 0.05608219
v 0.00235142 -0.02907048 0.056083
v 0.00235142 -0.02940316 0.05631825
v 0.0031011 -0.02907048 0.056083
v 0.00276842 -0.02940316 0.05631825
v 0.00255624 -0.03131206 0.05666936
v 0.00275523 -0.03080704 0.05633268
v 0.00278919 -0.03075294 0.05629662
v 0.00308768 -0.03044146 0.05608896
v 0.00339062 -0.03031702 0.056006
v 0.00315003 -0.03040288 0.05606324
v 0.0031011 0.02907048 0.056083
v 0.00310395 0.03043068 0.05608177
v 0.0027886 0.03075383 0.05629721
v 0.00339062 0.03031702 0.056006
v 0.00275138 0.03081352 0.056337
v 0.00276842 0.02940316 0.05631825
v 0.00255635 0.0313116 0.05666905
v 0.00235142 0.02940316 0.05631825
v 0.00235142 0.02907048 0.056083
v 0.00170156 0.02915739 0.05610348
v 0.0016769 0.02943226 0.05633397
v -0.00025644 0.02925042 0.05608219
v -0.00024824 0.02945528 0.05630357
v -0.00235142 0.02907048 0.056083
v -0.00235142 0.02940316 0.05631825
v -0.0031011 0.02907048 0.056083
v -0.00276842 0.02940316 0.05631825
v -0.00255624 0.03131206 0.05666936
v -0.00275523 0.03080704 0.05633268
v -0.00278919 0.03075294 0.05629662
v -0.00308768 0.03044146 0.05608896
v -0.00339062 0.03031702 0.056006
v -0.00315003 0.03040288 0.05606324
v 0.00275523 0.03097387 0.05616585
v 0.00339062 0.03056552 0.0557575
v 0.00304276 0.03069634 0.05588832
v -0.00339062 0.03056552 0.0557575
v -0.00275523 0.03097387 0.05616585
v -0.00304276 0.03069634 0.05588832
v 0.00339062 -0.03056552 0.0557575
v 0.00275523 -0.03097387 0.05616585
v 0.00304276 -0.03069634 0.05588832
v -0.00339062 -0.03056552 0.0557575
v -0.00275523 -0.03097387 0.05616585
v -0.00304276 -0.03069634 0.05588832
vn 0.65882 -0.75206 -0.01914
vn 0.64883 -0.76087 -0.00954
vn 0.64117 -0.76739 -0.00475
vn 0.73155 -0.68175 -0.00715
vn 0.71669 -0.69705 -0.02192
vn 0.68556 -0.725 -0.06618
vn 0.68967 -0.71984 -0.07864
vn 0.67175 -0.73979 -0.03835
vn 0.63516 -0.77238 0.00179
vn 0.64203 -0.76667 0.00428
vn 0.65002 -0.75987 0.00834
vn 0.66053 -0.75063 0.01623
vn 0.66143 -0.74981 0.01723
vn 0.68221 -0.73114 0.00555
vn 0.69926 -0.71487 -2E-05
vn 0.73106 -0.68232 5E-05
vn 0.71625 -0.69765 0.0164
vn 0.7311 -0.68225 0.00556
vn 0.74543 -0.66658 0
vn 0.81427 -0.58049 0
vn 0.82528 -0.56456 0.01344
vn 0.81806 -0.57513 0
vn 0.8033 -0.59486 0.02908
vn 0.79698 -0.60246 0.04316
vn 0.81362 -0.5813 -0.01074
vn 0.80512 -0.59233 -0.03037
vn 0.81426 -0.58048 -0.00406
vn 0.75573 -0.65489 0
vn 0.66053 0.75063 0.01623
vn 0.65002 0.75987 0.00834
vn 0.64203 0.76667 0.00428
vn 0.73111 0.68224 0.00556
vn 0.71626 0.69764 0.01639
vn 0.68628 0.72576 0.04785
vn 0.69231 0.71908 0.06025
vn 0.67408 0.73799 0.03128
vn 0.63458 0.77286 -0.00189
vn 0.64117 0.76739 -0.00475
vn 0.64883 0.76087 -0.00954
vn 0.65882 0.75206 -0.01914
vn 0.67173 0.73981 -0.03831
vn 0.68544 0.72487 -0.06881
vn 0.69282 0.71892 -0.0562
vn 0.71668 0.69706 -0.02193
vn 0.73154 0.68176 -0.00715
vn 0.74543 0.66658 0
vn 0.81427 0.58049 0
vn 0.79939 0.59905 -0.04585
vn 0.80512 0.59233 -0.03037
vn 0.81361 0.58131 -0.01075
vn 0.8189 0.57394 0
vn 0.81284 0.58239 0.01057
vn 0.80331 0.59486 0.02908
vn 0.81427 0.58048 0.00329
vn 0.75573 0.65489 -0
vn -0.64533 0.7639 4E-05
vn -0.64531 0.76392 -4E-05
vn -0.64345 0.76549 0
vn -0.56521 0.82494 0
vn -0.39556 0.91844 0
vn -0.21105 0.97747 0
vn -0.01863 0.99983 0
vn 0.17449 0.98466 0
vn 0.36106 0.93254 0
vn 0.53409 0.84543 0
vn 0.62908 0.77734 0
vn 0.63515 0.77238 0.00179
vn -0.64948 0.76038 0.00023
vn -0.65699 0.7539 0.00128
vn -0.66728 0.74479 0.00458
vn -0.68014 0.73298 0.01235
vn -0.69633 0.71716 0.02834
vn -0.71271 0.69955 0.05169
vn -0.71814 0.69457 0.04302
vn -0.73532 0.67739 0.02103
vn -0.74743 0.66427 0.00981
vn -0.75647 0.65402 0.00431
vn -0.76293 0.64648 0.00187
vn -0.76773 0.64077 -0.00082
vn -0.76332 0.64602 -0.00212
vn -0.75708 0.65331 -0.00503
vn -0.74841 0.66314 -0.01176
vn -0.73669 0.67573 -0.02612
vn -0.71202 0.69887 -0.06787
vn -0.72023 0.68792 -0.08965
vn -0.69525 0.71778 -0.03761
vn -0.67913 0.73385 -0.01561
vn -0.66669 0.74532 -0.0056
vn -0.65674 0.75412 -0.00154
vn -0.64941 0.76044 -0.00027
vn -0.76743 0.64113 0.00076
vn -0.77145 0.63629 0
vn -0.83533 0.54975 0
vn -0.92565 0.37838 0
vn -0.98124 0.19281 0
vn -1 0 0
vn -0.98124 -0.19281 0
vn -0.92565 -0.37838 0
vn -0.83533 -0.54975 0
vn -0.75647 -0.65402 0.00431
vn -0.74743 -0.66427 0.00981
vn -0.73534 -0.67737 0.02101
vn -0.71278 -0.69962 0.04966
vn -0.71916 -0.69214 0.0612
vn -0.69634 -0.71715 0.02835
vn -0.68015 -0.73297 0.01236
vn -0.66728 -0.74479 0.00457
vn -0.65699 -0.7539 0.00128
vn -0.64948 -0.76038 0.00023
vn -0.75708 -0.65331 -0.00503
vn -0.6453 -0.76393 -4E-05
vn -0.64941 -0.76044 -0.00027
vn -0.65674 -0.75411 -0.00154
vn -0.66669 -0.74531 -0.00561
vn -0.74841 -0.66314 -0.01176
vn -0.67912 -0.73386 -0.0156
vn -0.69524 -0.71779 -0.03758
vn -0.71184 -0.6987 -0.07148
vn -0.7189 -0.69281 -0.0566
vn -0.73667 -0.67575 -0.02615
vn -0.76332 -0.64602 -0.00212
vn -0.76773 -0.64077 -0.00082
vn -0.77145 -0.63629 -0
vn -0.76743 -0.64113 0.00076
vn -0.76293 -0.64648 0.00187
vn -0.64534 -0.7639 4E-05
vn -0.64345 -0.76549 0
vn -0.56521 -0.82494 0
vn -0.39556 -0.91844 0
vn -0.21105 -0.97747 0
vn -0.01863 -0.99983 0
vn 0.17449 -0.98466 0
vn 0.36106 -0.93254 0
vn 0.53409 -0.84543 0
vn 0.62908 -0.77734 0
vn 0.63458 -0.77286 -0.00188
vn 0 0 1
vn 0 0 -1
vn 0 0 -1
vn 0 0 -1
vn 0 0 -1
vn 0 0 -1
vn 0 0 -1
vn 0 0 -1
vn 0 0 -1
vn 0 0 -1
vn 0 0 -1
vn 0 0 -1
vn 0 0 -1
vn 0 0 -1
vn 0 0 -1
vn 0 0 -1
vn 0 0 -1
vn 0 0 -1
vn 0 0 -1
vn 0 0 -1
vn 0 0 -1
vn 0 0 -1
vn 0 0 -1
vn 0 0 -1
vn 0 0 -1
vn 0 0 -1
vn 0 0 -1
vn 0 0 -1
vn 0 0 -1
vn 0 0 -1
vn 0 0 -1
vn 0 0 -1
vn 0 0 -1
vn 0 0 -1
vn 0 0 -1
vn 0 0 -1
vn 0 0 -1
vn 0 0 -1
vn 0 0 -1
vn 0 0 -1
vn 0 0 -1
vn 0 0 -1
vn 0 0 -1
vn 0 0 -1
vn 0 0 -1
vn 0 0 -1
vn 0 0 -1
vn 0 0 -1
vn 0 0 -1
vn 0 0 -1
vn 0 0 -1
vn 0 0 -1
vn 0 0 -1
vn 0 0 -1
vn 0 0 -1
vn 0 0 -1
vn 0 0 -1
vn 0 0 -1
vn 0 0 -1
vn 0 0 -1
vn 0 0 -1
vn 0 0 -1
vn 0 0 -1
vn 0 0 -1
vn 0 0 -1
vn 0 0 -1
vn 0 0 -1
vn 0 0 -1
vn 0 0 -1
vn 0 0 -1
vn 0 0 -1
vn 0 0 -1
vn 0 0 -1
vn 0 0 -1
vn 0 0 -1
vn 0 0 -1
vn 0 0 -1
vn 0 0 -1
vn 0 0 -1
vn 0 0 -1
vn 0 0 -1
vn 0 0 -1
vn 0 0 -1
vn 0 0 -1
vn 0 0 -1
vn 0 0 -1
vn 0 0 -1
vn 0 0 -1
vn 0 0 -1
vn 0 0 -1
vn 0 0 -1
vn 0 0 -1
vn 0 0 -1
vn 0 0 -1
vn 0 0 -1
vn 0 0 -1
vn 0 0 -1
vn 0 0 -1
vn 0 0 -1
vn 0 0 -1
vn 0 0 -1
vn 0 0 -1
vn 0 0 -1
vn 0 0 -1
vn 0 0 -1
vn 0 0 -1
vn 0 0 -1
vn 0 0 -1
vn 0 0 -1
vn 0 0 -1
vn 0 0 -1
vn 0 0 -1
vn 0 0 -1
vn 0 0 -1
vn 0 0 -1
vn 0 0 -1
vn 0 0 -1
vn 0 0 -1
vn 0 0 -1
vn 0 0 -1
vn 0 0 -1
vn 0 0 -1
vn 0 0 -1
vn 0 0 -1
vn 0 0 -1
vn 0 0 -1
vn 0 0 -1
vn 0 0 -1
vn 0 0 -1
vn 0 0 -1
vn 0 0 -1
vn 0 0 -1
vn 0 0 -1
vn 0 0 -1
vn 0 0 -1
vn 0 0 -1
vn 0 0 -1
vn 0 0 -1
vn 0 0 -1
vn 0 0 -1
vn 0 0 -1
vn 0 0 -1
vn 0 0 -1
vn 0 0 -1
vn 0 0 -1
vn 0 0 -1
vn 0 0 -1
vn 0 0 -1
vn 0 0 -1
vn 0 0 -1
vn 0 0 -1
vn 0 0 -1
vn 0 0 -1
vn 0 0 -1
vn 0 0 -1
vn 0 0 -1
vn 0 0 -1
vn 0 0 -1
vn 0 0 -1
vn 0 0 -1
vn 0 0 -1
vn 0 0 -1
vn 0 0 -1
vn 0 0 -1
vn 0 0 -1
vn 0 0 -1
vn 0 0 -1
vn 0 0 -1
vn 0 0 -1
vn 0 0 -1
vn 0 0 -1
vn 0 0 -1
vn 0 0 -1
vn 0 0 -1
vn 0 0 -1
vn 0 0 -1
vn 0 0 -1
vn 0 0 -1
vn 0 0 -1
vn -0.65908 0.75207 4E-05
vn -0.98963 0.14362 0
vn -0.98724 0.15781 0.02113
vn -0.99862 0.05253 8E-05
vn -0.99917 0.04085 0.00079
vn -0.99893 -0.0456 0.00701
vn -0.99965 0.02642 0.0027
vn -0.99993 0.00947 0.00638
vn -0.99968 -0.02013 0.01547
vn -0.99974 -0.01127 0.02
vn -0.99947 -0.03029 0.01203
vn -0.99833 -0.05766 0.00402
vn -0.99777 -0.06668 0.00233
vn -0.99722 -0.07448 0.00118
vn -0.646 -0.71236 0.27425
vn -0.60768 -0.65872 0.44363
vn -0.71665 -0.69597 0.04503
vn -0.65633 -0.75088 0.07353
vn -0.64872 -0.76059 0.02574
vn -0.64035 -0.76803 0.00892
vn -0.63267 -0.77442 0.00282
vn -0.62669 -0.77927 0.00082
vn -0.62286 -0.78233 0.00024
vn -0.62765 -0.7785 -0.00043
vn -0.63471 -0.77275 -0.00131
vn -0.64164 -0.767 -0.00294
vn -0.65481 -0.75576 -0.00713
vn -0.67363 -0.7388 -0.01978
vn -0.67787 -0.73479 -0.02398
vn -0.69677 -0.71721 -0.0109
vn -0.71454 -0.69959 -0.00302
vn -0.7284 -0.68515 3E-05
vn -0.78718 -0.61672 -0.00021
vn -0.75536 -0.65282 -0.05702
vn -0.76651 -0.641 -0.03968
vn -0.7956 -0.60541 0.02242
vn -0.77862 -0.62702 -0.0243
vn -0.78775 -0.61581 -0.01502
vn -0.7951 -0.60641 -0.00897
vn -0.81311 -0.58208 -0.00544
vn -0.8054 -0.59271 0.00413
vn -0.80048 -0.59924 0.01181
vn -0.78985 -0.61192 0.04117
vn -0.78215 -0.61805 0.07902
vn -0.78643 -0.61612 0.04388
vn -0.73851 -0.67425 -0
vn -0.72825 -0.68531 -0
vn 0.74469 -0.63343 0.21025
vn 0.75964 -0.63885 0.12172
vn 0.77155 -0.63405 0.05188
vn 0.77871 -0.62691 0.02439
vn 0.78446 -0.62006 0.01197
vn 0.78917 -0.61414 0.00589
vn 0.79356 -0.60849 0.00211
vn 0.78552 -0.61882 -0.004
vn 0.77915 -0.6268 -0.00709
vn 0.77327 -0.63399 -0.01091
vn 0.76194 -0.64736 -0.01943
vn 0.76156 -0.64779 -0.01988
vn 0.73517 -0.67787 -0.00548
vn 0.71629 -0.6978 0
vn 0.69781 -0.71628 0
vn 0.64786 -0.76164 -0.01345
vn 0.6269 -0.77871 0.02438
vn 0.66722 -0.74376 -0.04054
vn 0.65043 -0.75923 -0.02265
vn 0.63719 -0.77061 -0.01262
vn 0.60849 -0.79356 0.00211
vn 0.61414 -0.78917 0.00589
vn 0.62006 -0.78446 0.01198
vn 0.62681 -0.77914 -0.00709
vn 0.61882 -0.78552 -0.004
vn 0.61124 -0.79144 -0.00175
vn 0.63404 -0.77156 0.05184
vn 0.63885 -0.75963 0.12177
vn 0.63343 -0.74469 0.21025
vn 0.69783 -0.71626 0
vn 0.71627 -0.69782 0
vn 0.71918 0.69367 -0.04001
vn 0.73487 0.67794 -0.01904
vn 0.69958 0.71455 -0.00301
vn 0.7606 0.64871 0.02571
vn 0.76804 0.64034 0.00891
vn 0.73877 0.67367 -0.0198
vn 0.75576 0.65481 -0.00713
vn 0.767 0.64164 -0.00294
vn 0.78233 0.62286 0.00024
vn 0.77927 0.62669 0.00082
vn 0.77442 0.63267 0.00282
vn 0.77275 0.63471 -0.00131
vn 0.77849 0.62765 -0.00043
vn 0.78179 0.62355 -0.00015
vn 0.75087 0.65634 0.07357
vn 0.7123 0.64596 0.27452
vn 0.65872 0.60768 0.44363
vn 0.69596 0.71669 0.04476
vn 0.68521 0.72835 -0.00028
vn 0.61672 0.78718 0.00224
vn 0.61581 0.78775 -0.01502
vn 0.61952 0.77336 0.13456
vn 0.61806 0.78215 0.07908
vn 0.61193 0.78984 0.04119
vn 0.60641 0.7951 -0.00897
vn 0.60541 0.7956 0.02242
vn 0.59924 0.80048 0.01181
vn 0.59271 0.8054 0.00413
vn 0.62703 0.77862 -0.0243
vn 0.64101 0.76651 -0.03969
vn 0.61671 0.78717 -0.00555
vn 0.67424 0.73851 -0
vn 0.68527 0.72829 -0
vn -0.58452 0.81138 -0.00024
vn -0.61161 0.79044 -0.03362
vn -0.60307 0.79733 -0.02406
vn -0.5924 0.80552 -0.0145
vn -0.57651 0.81707 0.00616
vn -0.56593 0.82442 -0.00745
vn -0.64463 0.7645 0
vn -0.58447 0.81131 0.01269
vn -0.58986 0.80682 0.03328
vn -0.58354 0.81188 0.01796
vn -0.73511 0.67793 -0.00535
vn -0.71757 0.6963 -0.0159
vn -0.70688 0.70688 -0.02538
vn -0.69631 0.71756 -0.01591
vn -0.67794 0.7351 -0.00536
vn -0.81138 0.58452 0
vn -0.80261 0.59431 0.05112
vn -0.80682 0.58986 0.03329
vn -0.81188 0.58354 0.01796
vn -0.81707 0.57651 0.00616
vn -0.80551 0.5924 -0.0145
vn -0.79732 0.60307 -0.02406
vn -0.81137 0.58452 -0.00376
vn -0.7645 0.64463 0
vn -0.75193 0.65924 0
vn -0.65924 0.75193 0
vn -0.67126 0.74071 0.02773
vn -0.67552 0.73225 0.08651
vn -0.69783 0.71626 0
vn -0.71627 0.69782 0
vn -0.73225 0.67552 0.08648
vn -0.74071 0.67125 0.02771
vn 0.78441 0.62024 0
vn 0.83426 0.55138 -0
vn 0.9119 0.41041 -0
vn 0.96593 0.25882 -0
vn 0.99493 0.10052 -0
vn 0.99818 -0.06038 0
vn 0.97556 -0.21972 0
vn 0.92769 -0.37336 0
vn 0.85578 -0.51734 0
vn 0.79675 -0.60432 0
vn 0.79144 -0.61124 -0.00175
vn -0.57279 0.81971 0
vn -0.4468 0.89463 0
vn -0.2975 0.95472 0
vn -0.1405 0.99008 0
vn 0.02014 0.9998 -0
vn 0.18026 0.98362 -0
vn 0.3357 0.94197 -0
vn 0.48246 0.87592 -0
vn 0.58815 0.80875 -0
vn 0.59624 0.80279 -0.00366
vn -0.99825 0.05908 0
vn -0.99008 0.1405 0
vn -0.95472 0.2975 0
vn -0.89463 0.4468 0
vn -0.82043 0.57174 0
vn -0.81426 0.58047 -0.00564
vn -0.808 -0.58918 0
vn -0.87592 -0.48246 0
vn -0.94197 -0.3357 0
vn -0.98362 -0.18026 0
vn -0.9965 -0.08361 0
vn 0.60432 -0.79675 0
vn 0.51734 -0.85578 0
vn 0.37336 -0.92769 0
vn 0.21972 -0.97556 0
vn 0.06038 -0.99818 0
vn -0.10052 -0.99493 0
vn -0.25882 -0.96593 0
vn -0.41041 -0.9119 0
vn -0.55138 -0.83426 0
vn -0.62024 -0.78441 0
vn -0.62355 -0.78179 -0.00015
vn 0.86592 -0.49994 0.01537
vn 0.95557 -0.29475 0
vn 0.9972 -0.07473 0
vn 0.99967 -0 0.02566
vn 0.98257 0.18591 0
vn 0.91656 0.39989 -0
vn 0.86561 0.49976 0.03082
vn 0.78183 0.62349 0
vn 0.62349 0.78183 -0
vn 0.49976 0.86561 0.03082
vn 0.39989 0.91656 0
vn 0.18591 0.98257 -0
vn -0 0.99967 0.02566
vn -0.07473 0.9972 0
vn -0.29475 0.95557 0
vn -0.49994 0.86592 0.01537
vn -0.53203 0.84672 0
vn -0.84672 0.53203 0
vn -0.86592 0.49994 0.01537
vn -0.95557 0.29476 0
vn -0.9972 0.07473 0
vn -0.99967 -0 0.02566
vn -0.98257 -0.18591 0
vn -0.91656 -0.39989 0
vn -0.86561 -0.49976 0.03082
vn -0.78183 -0.62349 0
vn -0.62349 -0.78183 0
vn -0.49976 -0.86561 0.03082
vn -0.39989 -0.91656 0
vn -0.18591 -0.98257 0
vn -0 -0.99967 0.02566
vn 0.07473 -0.9972 0
vn 0.29475 -0.95557 0
vn 0.49994 -0.86592 0.01537
vn 0.53203 -0.84672 0
vn 0.84672 -0.53203 0
vn 0.08074 -0.7166 0.69279
vn 0.05331 -0.7113 0.70086
vn -0.13165 -0.69575 0.70612
vn -0.2392 -0.68359 0.68955
vn -0.28435 -0.65174 0.70312
vn -0.50631 -0.50631 0.69807
vn -0.46509 -0.5832 0.66601
vn -0.55458 -0.44226 0.70487
vn -0.67584 -0.23649 0.69807
vn -0.67402 -0.29407 0.67766
vn -0.69575 -0.13164 0.70612
vn -0.71152 0.08017 0.69807
vn -0.72338 0.05421 0.68832
vn -0.67593 0.2085 0.70686
vn -0.60628 0.38095 0.69807
vn -0.60628 0.38095 0.69807
vn -0.38095 0.60628 0.69807
vn -0.38095 0.60628 0.69807
vn -0.20849 0.67593 0.70686
vn -0.08074 0.7166 0.69279
vn -0.05331 0.7113 0.70086
vn 0.13165 0.69575 0.70612
vn 0.2392 0.68359 0.68955
vn 0.28435 0.65174 0.70312
vn 0.50631 0.50631 0.69807
vn 0.46509 0.5832 0.66601
vn 0.55458 0.44226 0.70487
vn 0.67585 0.23649 0.69807
vn 0.67402 0.29407 0.67766
vn 0.69575 0.13164 0.70612
vn 0.71152 -0.08017 0.69807
vn 0.72338 -0.05421 0.68832
vn 0.67593 -0.2085 0.70686
vn 0.60628 -0.38095 0.69807
vn 0.60628 -0.38095 0.69807
vn 0.38095 -0.60628 0.69807
vn 0.38095 -0.60628 0.69807
vn 0.20849 -0.67593 0.70686
vn 0.86592 -0.49994 0.01537
vn 0.95557 -0.29475 0
vn 0.9972 -0.07473 0
vn 0.99967 -0 0.02566
vn 0.98257 0.18591 0
vn 0.91656 0.39989 -0
vn 0.86561 0.49976 0.03082
vn 0.78183 0.62349 0
vn 0.62349 0.78183 -0
vn 0.49976 0.86561 0.03082
vn 0.39989 0.91656 0
vn 0.18591 0.98257 -0
vn -0 0.99967 0.02566
vn -0.07473 0.9972 0
vn -0.29476 0.95557 0
vn -0.49994 0.86592 0.01537
vn -0.53203 0.84672 0
vn -0.84672 0.53203 0
vn -0.86592 0.49994 0.01537
vn -0.95557 0.29475 0
vn -0.9972 0.07473 0
vn -0.99967 -0 0.02566
vn -0.98257 -0.18591 0
vn -0.91656 -0.39989 0
vn -0.86561 -0.49976 0.03082
vn -0.78183 -0.62349 0
vn -0.62349 -0.78183 0
vn -0.49976 -0.86561 0.03082
vn -0.39989 -0.91656 0
vn -0.18591 -0.98257 0
vn -0 -0.99967 0.02566
vn 0.07473 -0.9972 0
vn 0.29475 -0.95557 0
vn 0.49994 -0.86592 0.01537
vn 0.53203 -0.84672 0
vn 0.84672 -0.53203 0
vn 0.08074 -0.7166 0.69279
vn 0.0533 -0.7113 0.70086
vn -0.13164 -0.69575 0.70612
vn -0.2392 -0.68359 0.68955
vn -0.28435 -0.65174 0.70312
vn -0.50631 -0.50631 0.69807
vn -0.46509 -0.5832 0.66601
vn -0.55458 -0.44226 0.70487
vn -0.67584 -0.23649 0.69807
vn -0.67402 -0.29407 0.67766
vn -0.69575 -0.13165 0.70612
vn -0.71152 0.08017 0.69807
vn -0.72337 0.05421 0.68832
vn -0.67593 0.20849 0.70686
vn -0.60628 0.38095 0.69807
vn -0.60628 0.38095 0.69807
vn -0.38095 0.60628 0.69807
vn -0.38095 0.60628 0.69807
vn -0.2085 0.67593 0.70686
vn -0.08074 0.7166 0.69279
vn -0.05331 0.7113 0.70086
vn 0.13164 0.69575 0.70612
vn 0.2392 0.68359 0.68955
vn 0.28435 0.65174 0.70312
vn 0.50631 0.50631 0.69807
vn 0.46509 0.5832 0.66601
vn 0.55458 0.44226 0.70487
vn 0.67584 0.23649 0.69807
vn 0.67402 0.29407 0.67766
vn 0.69575 0.13165 0.70612
vn 0.71152 -0.08017 0.69807
vn 0.72337 -0.05421 0.68832
vn 0.67593 -0.20849 0.70686
vn 0.60628 -0.38095 0.69807
vn 0.38095 -0.60628 0.69807
vn 0.38095 -0.60628 0.69807
vn 0.2085 -0.67593 0.70686
vn 0.86592 -0.49994 0.01537
vn 0.95557 -0.29476 0
vn 0.9972 -0.07473 0
vn 0.99967 -0 0.02566
vn 0.98257 0.18591 0
vn 0.91656 0.39989 -0
vn 0.86561 0.49976 0.03082
vn 0.78183 0.62349 0
vn 0.62349 0.78183 -0
vn 0.49976 0.86561 0.03082
vn 0.39989 0.91656 0
vn 0.18591 0.98257 -0
vn -0 0.99967 0.02566
vn -0.07473 0.9972 0
vn -0.29476 0.95557 0
vn -0.49994 0.86592 0.01537
vn -0.53203 0.84672 0
vn -0.84672 0.53203 0
vn -0.86592 0.49994 0.01537
vn -0.95557 0.29475 0
vn -0.9972 0.07473 0
vn -0.99967 -0 0.02566
vn -0.98257 -0.18591 0
vn -0.91656 -0.39989 0
vn -0.86561 -0.49976 0.03082
vn -0.78183 -0.62349 0
vn -0.62349 -0.78183 0
vn -0.49976 -0.86561 0.03082
vn -0.39989 -0.91656 0
vn -0.18591 -0.98257 0
vn -0 -0.99967 0.02566
vn 0.07473 -0.9972 0
vn 0.29475 -0.95557 0
vn 0.49994 -0.86592 0.01537
vn 0.53203 -0.84672 0
vn 0.84672 -0.53203 0
vn 0.08074 -0.7166 0.69279
vn 0.0533 -0.7113 0.70086
vn -0.13164 -0.69575 0.70612
vn -0.2392 -0.68359 0.68955
vn -0.28435 -0.65174 0.70312
vn -0.50631 -0.50631 0.69807
vn -0.46508 -0.5832 0.66601
vn -0.55458 -0.44226 0.70487
vn -0.67584 -0.23649 0.69807
vn -0.67402 -0.29407 0.67766
vn -0.69575 -0.13164 0.70612
vn -0.71152 0.08017 0.69807
vn -0.72338 0.05421 0.68832
vn -0.67593 0.20849 0.70686
vn -0.60628 0.38095 0.69807
vn -0.38095 0.60628 0.69807
vn -0.38095 0.60628 0.69807
vn -0.2085 0.67593 0.70686
vn -0.08074 0.7166 0.69279
vn -0.0533 0.7113 0.70086
vn 0.13164 0.69575 0.70612
vn 0.2392 0.68359 0.68955
vn 0.28435 0.65174 0.70312
vn 0.50631 0.50631 0.69807
vn 0.46508 0.5832 0.66601
vn 0.55458 0.44226 0.70487
vn 0.67584 0.23649 0.69807
vn 0.67402 0.29407 0.67766
vn 0.69575 0.13164 0.70612
vn 0.71152 -0.08017 0.69807
vn 0.72338 -0.05421 0.68832
vn 0.67593 -0.2085 0.70686
vn 0.60628 -0.38095 0.69807
vn 0.60628 -0.38095 0.69807
vn 0.38095 -0.60628 0.69807
vn 0.38095 -0.60628 0.69807
vn 0.20849 -0.67593 0.70686
vn 0.86592 -0.49994 0.01537
vn 0.95557 -0.29476 0
vn 0.9972 -0.07473 0
vn 0.99967 -0 0.02566
vn 0.98257 0.18591 0
vn 0.91656 0.39989 -0
vn 0.86561 0.49976 0.03082
vn 0.78183 0.62349 0
vn -0.29475 0.95557 0
vn -0.49994 0.86592 0.01537
vn -0.53203 0.84672 0
vn -0.84672 0.53203 0
vn -0.86592 0.49994 0.01537
vn -0.95557 0.29475 0
vn -0.9972 0.07473 0
vn -0.99967 -0 0.02566
vn -0.98257 -0.18591 0
vn -0.91656 -0.39989 0
vn -0.86561 -0.49976 0.03082
vn -0.78183 -0.62349 0
vn 0.29475 -0.95557 0
vn 0.49994 -0.86592 0.01537
vn 0.53203 -0.84672 0
vn 0.84672 -0.53203 0
vn -0.55458 -0.44226 0.70487
vn -0.67585 -0.23649 0.69807
vn -0.67402 -0.29407 0.67766
vn -0.69575 -0.13164 0.70612
vn -0.71152 0.08017 0.69807
vn -0.72338 0.05421 0.68832
vn -0.67593 0.2085 0.70686
vn -0.60628 0.38095 0.69807
vn -0.60628 0.38095 0.69807
vn -0.38095 0.60628 0.69807
vn -0.38095 0.60628 0.69807
vn -0.20849 0.67593 0.70686
vn 0.55458 0.44226 0.70487
vn 0.67584 0.23649 0.69807
vn 0.67402 0.29407 0.67766
vn 0.69575 0.13164 0.70612
vn 0.71152 -0.08017 0.69807
vn 0.72338 -0.05421 0.68832
vn 0.67593 -0.2085 0.70686
vn 0.60628 -0.38095 0.69807
vn 0.60628 -0.38095 0.69807
vn 0.38095 -0.60628 0.69807
vn 0.38095 -0.60628 0.69807
vn 0.20849 -0.67593 0.70686
vn 0.86592 -0.49994 0.01537
vn 0.95557 -0.29475 0
vn 0.62349 0.78183 -0
vn 0.49976 0.86561 0.03082
vn 0.39989 0.91656 0
vn 0.18591 0.98257 -0
vn -0 0.99967 0.02566
vn -0.07473 0.9972 0
vn -0.29475 0.95557 0
vn -0.49994 0.86592 0.01537
vn -0.53203 0.84672 0
vn -0.84672 0.53203 0
vn -0.86592 0.49994 0.01537
vn -0.95557 0.29475 0
vn -0.99967 -0 0.02566
vn -0.62349 -0.78183 0
vn -0.49976 -0.86561 0.03082
vn -0.39989 -0.91656 0
vn -0.18591 -0.98257 0
vn -0 -0.99967 0.02566
vn 0.07473 -0.9972 0
vn 0.29476 -0.95557 0
vn 0.49994 -0.86592 0.01537
vn 0.53203 -0.84672 0
vn 0.84672 -0.53203 0
vn 0.08074 -0.7166 0.69279
vn 0.05331 -0.7113 0.70086
vn -0.13164 -0.69575 0.70612
vn -0.2392 -0.68359 0.68955
vn -0.28435 -0.65174 0.70312
vn -0.46509 -0.5832 0.66601
vn -0.67593 0.20849 0.70686
vn -0.60628 0.38095 0.69807
vn -0.38095 0.60628 0.69807
vn -0.38095 0.60628 0.69807
vn -0.2085 0.67593 0.70686
vn -0.08074 0.7166 0.69279
vn -0.0533 0.7113 0.70086
vn 0.13164 0.69575 0.70612
vn 0.2392 0.68359 0.68955
vn 0.28435 0.65174 0.70312
vn 0.46509 0.5832 0.66601
vn 0.67593 -0.20849 0.70686
vn 0.60628 -0.38095 0.69807
vn 0.60628 -0.38095 0.69807
vn 0.38095 -0.60628 0.69807
vn 0.38095 -0.60628 0.69807
vn 0.2085 -0.67593 0.70686
vn 0.86592 -0.49994 0.01537
vn 0.95557 -0.29475 0
vn -0.29475 0.95557 0
vn -0.49994 0.86592 0.01537
vn -0.53203 0.84672 0
vn -0.84672 0.53203 0
vn -0.86592 0.49994 0.01537
vn -0.95557 0.29476 0
vn -0.99967 -0 0.02566
vn 0.29476 -0.95557 0
vn 0.49994 -0.86592 0.01537
vn 0.53203 -0.84672 0
vn 0.84672 -0.53203 0
vn 0.08074 -0.7166 0.69279
vn -0.2392 -0.68359 0.68955
vn -0.28435 -0.65174 0.70312
vn -0.50631 -0.50631 0.69807
vn -0.46508 -0.5832 0.66601
vn -0.55458 -0.44226 0.70487
vn -0.67584 -0.23649 0.69807
vn -0.71152 0.08017 0.69807
vn -0.72338 0.05421 0.68832
vn -0.67593 0.2085 0.70686
vn -0.60628 0.38095 0.69807
vn -0.60628 0.38095 0.69807
vn -0.38095 0.60628 0.69807
vn -0.38095 0.60628 0.69807
vn -0.20849 0.67593 0.70686
vn -0.08074 0.7166 0.69279
vn 0.2392 0.68359 0.68955
vn 0.28435 0.65174 0.70312
vn 0.50631 0.50631 0.69807
vn 0.46508 0.5832 0.66601
vn 0.55458 0.44226 0.70487
vn 0.67584 0.23649 0.69807
vn 0.71152 -0.08017 0.69807
vn 0.72338 -0.05421 0.68832
vn 0.67593 -0.20849 0.70686
vn 0.60628 -0.38095 0.69807
vn 0.38095 -0.60628 0.69807
vn 0.38095 -0.60628 0.69807
vn 0.2085 -0.67593 0.70686
vn -0.08548 0.09999 -0.99131
vn -0.15735 0.15735 -0.97493
vn 0.09222 -0.09222 -0.99146
vn 0.16163 -0.15306 -0.97491
vn 0.26927 -0.27172 -0.92394
vn 0.33041 -0.33041 -0.88412
vn 0.47442 -0.47442 -0.74152
vn 0.45941 -0.46306 -0.75797
vn 0.59462 -0.59333 -0.54257
vn 0.58424 -0.58424 -0.56332
vn 0.65324 -0.65324 -0.38283
vn 0.65908 -0.65737 -0.36534
vn 0.70031 -0.70178 -0.13069
vn 0.70266 -0.70266 -0.11196
vn 0.70105 -0.70105 0.13058
vn 0.70181 -0.70351 0.11196
vn 0.65425 -0.6523 0.3827
vn 0.65823 -0.65823 0.36534
vn 0.59396 -0.59396 0.54261
vn 0.58467 -0.5838 0.56332
vn 0.47275 -0.47598 0.74158
vn 0.46124 -0.46124 0.75797
vn 0.27063 -0.27063 0.92386
vn 0.32613 -0.33468 0.8841
vn 0.09969 -0.08511 0.99137
vn 0.15735 -0.15735 0.97493
vn -0.09239 0.09239 0.99143
vn -0.15306 0.16162 0.97491
vn -0.27188 0.26943 0.92384
vn -0.33041 0.33041 0.88412
vn -0.43042 0.43042 0.7934
vn -0.45867 0.4638 0.75797
vn -0.56238 0.55945 0.60889
vn -0.58424 0.58424 0.56332
vn -0.65331 0.65331 0.38257
vn -0.65738 0.65907 0.36534
vn -0.70179 0.70034 0.13042
vn -0.70266 0.70266 0.11196
vn -0.70107 0.70107 -0.13043
vn -0.7035 0.70182 -0.11196
vn -0.65236 0.65428 -0.38255
vn -0.65823 0.65823 -0.36534
vn -0.56095 0.56095 -0.60883
vn -0.5868 0.58167 -0.56332
vn -0.42688 0.43417 -0.79327
vn -0.46124 0.46124 -0.75797
vn -0.27094 0.27094 -0.92368
vn -0.33464 0.32616 -0.8841
vn -0.39577 -0.61571 0.68138
vn -0.18086 -0.82759 0.5314
vn -0.22955 -0.76438 0.60253
vn -0.26611 -0.73354 0.62538
vn -0.30416 -0.69528 0.65121
vn -0.37217 -0.63248 0.67931
vn -0.26611 -0.73354 -0.62538
vn -0.22931 -0.76457 -0.60237
vn -0.18088 -0.82759 -0.53138
vn -0.14386 -0.85296 -0.50176
vn -0.0856 -0.913 -0.39889
vn -0.07093 -0.92282 -0.37865
vn -0.03767 -0.96554 -0.2575
vn -0.02505 -0.97177 -0.2346
vn -0 -0.99684 -0.07942
vn -6E-05 -0.99683 -0.07959
vn 6E-05 -0.99684 0.07943
vn 3E-05 -0.99685 0.07925
vn -0.02914 -0.96523 0.25978
vn -0.03113 -0.97189 0.23336
vn -0.0775 -0.91218 0.4024
vn -0.07385 -0.92301 0.37762
vn -0.14399 -0.8528 0.50199
vn -0.39574 -0.61569 -0.6814
vn -0.37337 -0.63158 -0.67948
vn -0.30488 -0.69452 -0.65169
vn -0.82759 -0.18087 -0.53139
vn -0.76447 -0.22943 -0.60245
vn -0.73354 -0.26611 -0.62538
vn -0.66393 -0.3329 -0.66961
vn -0.61617 -0.3965 -0.68053
vn -0.55443 -0.44243 -0.70489
vn -0.45533 -0.54276 -0.70575
vn -0.45511 -0.54296 0.70574
vn -0.55458 -0.44226 0.70487
vn -0.61617 -0.3965 0.68053
vn -0.66408 -0.33276 0.66953
vn -0.73354 -0.26611 0.62538
vn -0.78668 -0.20092 0.58375
vn -0.82727 -0.17929 0.53243
vn -0.87253 -0.12667 0.47186
vn -0.913 -0.0856 0.39889
vn -0.92287 -0.07084 0.37854
vn -0.96554 -0.03771 0.25749
vn -0.97181 -0.02502 0.23443
vn -0.99684 -0 0.07942
vn -0.99685 6E-05 0.07926
vn -0.99684 -6E-05 -0.07942
vn -0.99683 -3E-05 -0.07958
vn -0.96523 -0.02914 -0.25978
vn -0.97188 -0.03113 -0.23341
vn -0.91218 -0.07752 -0.40239
vn -0.92299 -0.07387 -0.37766
vn -0.85288 -0.14392 -0.50187
vn -0.09999 -0.08548 -0.99131
vn -0.15735 -0.15735 -0.97493
vn 0.09222 0.09222 -0.99146
vn 0.15306 0.16163 -0.97491
vn 0.27172 0.26927 -0.92394
vn 0.33041 0.33041 -0.88412
vn 0.43051 0.43051 -0.7933
vn 0.45868 0.46379 -0.75797
vn 0.56244 0.55952 -0.60876
vn 0.58424 0.58424 -0.56332
vn 0.65324 0.65324 -0.38283
vn 0.65737 0.65908 -0.36534
vn 0.70178 0.70031 -0.13069
vn 0.70266 0.70266 -0.11196
vn 0.70105 0.70105 0.13058
vn 0.70351 0.70181 0.11196
vn 0.65231 0.65425 0.38269
vn 0.65823 0.65823 0.36534
vn 0.56099 0.56099 0.60876
vn 0.58679 0.58168 0.56332
vn 0.42693 0.43421 0.79321
vn 0.46124 0.46124 0.75797
vn 0.27063 0.27063 0.92386
vn 0.33468 0.32613 0.8841
vn 0.08511 0.09969 0.99137
vn 0.15735 0.15735 0.97493
vn -0.09239 -0.09239 0.99143
vn -0.16162 -0.15306 0.97491
vn -0.26943 -0.27188 0.92384
vn -0.33041 -0.33041 0.88412
vn -0.43042 -0.43042 0.7934
vn -0.4638 -0.45867 0.75797
vn -0.55945 -0.56238 0.60889
vn -0.58424 -0.58424 0.56332
vn -0.65331 -0.65331 0.38257
vn -0.65907 -0.65738 0.36534
vn -0.70034 -0.70179 0.13042
vn -0.70266 -0.70266 0.11196
vn -0.70107 -0.70107 -0.13043
vn -0.70182 -0.7035 -0.11196
vn -0.65428 -0.65236 -0.38255
vn -0.65823 -0.65823 -0.36534
vn -0.56095 -0.56095 -0.60883
vn -0.58167 -0.5868 -0.56332
vn -0.43417 -0.42688 -0.79327
vn -0.46124 -0.46124 -0.75797
vn -0.27094 -0.27094 -0.92368
vn -0.32616 -0.33464 -0.8841
vn 0.82759 -0.18086 0.5314
vn 0.76438 -0.22955 0.60253
vn 0.73354 -0.26611 0.62538
vn 0.66401 -0.33282 0.66957
vn 0.61617 -0.3965 0.68053
vn 0.61617 -0.3965 -0.68053
vn 0.66388 -0.33294 -0.66964
vn 0.73354 -0.26611 -0.62538
vn 0.76455 -0.22933 -0.60239
vn 0.82759 -0.18088 -0.53138
vn 0.85296 -0.14386 -0.50176
vn 0.913 -0.0856 -0.39889
vn 0.92282 -0.07093 -0.37865
vn 0.96554 -0.03767 -0.2575
vn 0.97177 -0.02505 -0.2346
vn 0.99684 -0 -0.07942
vn 0.99683 -6E-05 -0.07959
vn 0.99684 6E-05 0.07943
vn 0.99685 3E-05 0.07925
vn 0.96523 -0.02914 0.25978
vn 0.97189 -0.03113 0.23336
vn 0.91218 -0.0775 0.4024
vn 0.92301 -0.07385 0.37762
vn 0.8528 -0.14399 0.50199
vn 0.18087 -0.82759 -0.53139
vn 0.22943 -0.76447 -0.60245
vn 0.26611 -0.73354 -0.62538
vn 0.3329 -0.66393 -0.66961
vn 0.3965 -0.61617 -0.68053
vn 0.44243 -0.55443 -0.70489
vn 0.55439 -0.44248 -0.70489
vn 0.55451 -0.44234 0.70488
vn 0.44226 -0.55458 0.70487
vn 0.3965 -0.61617 0.68053
vn 0.33276 -0.66408 0.66953
vn 0.26611 -0.73354 0.62538
vn 0.20092 -0.78668 0.58375
vn 0.17929 -0.82727 0.53243
vn 0.12667 -0.87253 0.47186
vn 0.0856 -0.913 0.39889
vn 0.07084 -0.92287 0.37854
vn 0.03771 -0.96554 0.25749
vn 0.02502 -0.97181 0.23443
vn 0 -0.99684 0.07942
vn -6E-05 -0.99685 0.07926
vn 6E-05 -0.99684 -0.07942
vn 3E-05 -0.99683 -0.07958
vn 0.02914 -0.96523 -0.25978
vn 0.03113 -0.97188 -0.23341
vn 0.07752 -0.91218 -0.40239
vn 0.07387 -0.92299 -0.37766
vn 0.14392 -0.85288 -0.50187
vn -0.09999 0.08548 0.99131
vn -0.15735 0.15735 0.97493
vn 0.09222 -0.09222 0.99146
vn 0.15306 -0.16162 0.97491
vn 0.27172 -0.26927 0.92394
vn 0.33041 -0.33041 0.88412
vn 0.4305 -0.4305 0.7933
vn 0.45868 -0.46379 0.75797
vn 0.56244 -0.55952 0.60876
vn 0.58424 -0.58424 0.56332
vn 0.65324 -0.65324 0.38283
vn 0.65737 -0.65908 0.36534
vn 0.70178 -0.70031 0.13069
vn 0.70266 -0.70266 0.11196
vn 0.70105 -0.70105 -0.13058
vn 0.70351 -0.70181 -0.11196
vn 0.65231 -0.65425 -0.38269
vn 0.65823 -0.65823 -0.36534
vn 0.56099 -0.56099 -0.60876
vn 0.58679 -0.58168 -0.56332
vn 0.42693 -0.43421 -0.79321
vn 0.46124 -0.46124 -0.75797
vn 0.27063 -0.27063 -0.92386
vn 0.33468 -0.32612 -0.8841
vn 0.08511 -0.09969 -0.99137
vn 0.15735 -0.15735 -0.97493
vn -0.09239 0.09239 -0.99143
vn -0.16162 0.15307 -0.97491
vn -0.26943 0.27188 -0.92384
vn -0.33041 0.33041 -0.88412
vn -0.43042 0.43042 -0.7934
vn -0.4638 0.45867 -0.75797
vn -0.55945 0.56238 -0.60889
vn -0.58424 0.58424 -0.56332
vn -0.65331 0.65331 -0.38258
vn -0.65907 0.65738 -0.36534
vn -0.70034 0.70179 -0.13042
vn -0.70266 0.70266 -0.11196
vn -0.70107 0.70107 0.13043
vn -0.70182 0.7035 0.11196
vn -0.65428 0.65236 0.38255
vn -0.65823 0.65823 0.36534
vn -0.56095 0.56095 0.60883
vn -0.58167 0.5868 0.56332
vn -0.43417 0.42688 0.79327
vn -0.46124 0.46124 0.75797
vn -0.27094 0.27094 0.92368
vn -0.32616 0.33464 0.8841
vn 0.3965 0.61617 -0.68053
vn 0.33294 0.66387 -0.66964
vn 0.26611 0.73354 -0.62538
vn 0.22933 0.76455 -0.60239
vn 0.18088 0.82759 -0.53138
vn 0.14386 0.85296 -0.50177
vn 0.0856 0.913 -0.39889
vn 0.07092 0.92283 -0.37863
vn 0.03768 0.96554 -0.2575
vn 0.02504 0.97177 -0.23458
vn 0 0.99684 -0.07942
vn 5E-05 0.99683 -0.07957
vn -5E-05 0.99684 0.07943
vn -2E-05 0.99685 0.07927
vn 0.02914 0.96523 0.25978
vn 0.03114 0.97191 0.23329
vn 0.07747 0.91218 0.40241
vn 0.6157 0.39577 -0.68138
vn 0.54293 0.45514 -0.70574
vn 0.44248 0.55438 -0.70489
vn 0.82759 0.18087 -0.53139
vn 0.76447 0.22942 -0.60245
vn 0.73354 0.26611 -0.62538
vn 0.69528 0.30416 -0.65121
vn 0.63245 0.3722 -0.67932
vn 0.73354 0.26611 0.62538
vn 0.76435 0.22959 0.60254
vn 0.82759 0.18085 0.53141
vn 0.85276 0.14403 0.50205
vn 0.913 0.0856 0.39889
vn 0.92284 0.0709 0.3786
vn 0.96554 0.03769 0.2575
vn 0.97178 0.02504 0.23454
vn 0.99684 0 0.07942
vn 0.99685 -6E-05 0.07925
vn 0.99684 6E-05 -0.07942
vn 0.99683 3E-05 -0.07959
vn 0.96523 0.02914 -0.25978
vn 0.97188 0.03113 -0.23342
vn 0.91218 0.07752 -0.40239
vn 0.92299 0.07388 -0.37767
vn 0.85289 0.14392 -0.50186
vn 0.61571 0.39578 0.68137
vn 0.63183 0.37312 0.67939
vn 0.69452 0.30488 0.65169
vn 0.07382 0.92304 0.37756
vn 0.12666 0.87254 0.47184
vn 0.17929 0.82727 0.53243
vn 0.20092 0.78668 0.58375
vn 0.26611 0.73354 0.62538
vn 0.33293 0.66389 0.66963
vn 0.3965 0.61617 0.68053
vn 0.44247 0.5544 0.70489
vn 0.54301 0.45506 0.70574
vn -0.08548 -0.09999 0.99131
vn -0.15735 -0.15735 0.97493
vn 0.09222 0.09222 0.99146
vn 0.16162 0.15306 0.97491
vn 0.26927 0.27172 0.92394
vn 0.33041 0.33041 0.88412
vn 0.47442 0.47442 0.74152
vn 0.45941 0.46306 0.75797
vn 0.59462 0.59333 0.54257
vn 0.58424 0.58424 0.56332
vn 0.65324 0.65324 0.38283
vn 0.65908 0.65737 0.36534
vn 0.70031 0.70178 0.13069
vn 0.70266 0.70266 0.11196
vn 0.70105 0.70105 -0.13058
vn 0.70181 0.70351 -0.11196
vn 0.65425 0.6523 -0.3827
vn 0.65823 0.65823 -0.36534
vn 0.59396 0.59396 -0.54261
vn 0.58467 0.5838 -0.56332
vn 0.47275 0.47598 -0.74158
vn 0.46124 0.46124 -0.75797
vn 0.27063 0.27063 -0.92386
vn 0.32612 0.33468 -0.8841
vn 0.09969 0.08511 -0.99137
vn 0.15735 0.15735 -0.97493
vn -0.09239 -0.09239 -0.99143
vn -0.15307 -0.16162 -0.97491
vn -0.27188 -0.26943 -0.92384
vn -0.33041 -0.33041 -0.88412
vn -0.43042 -0.43042 -0.7934
vn -0.45867 -0.4638 -0.75797
vn -0.56238 -0.55945 -0.60889
vn -0.58424 -0.58424 -0.56332
vn -0.65331 -0.65331 -0.38258
vn -0.65738 -0.65907 -0.36534
vn -0.70179 -0.70034 -0.13042
vn -0.70266 -0.70266 -0.11196
vn -0.70107 -0.70107 0.13043
vn -0.7035 -0.70182 0.11196
vn -0.65236 -0.65428 0.38255
vn -0.65823 -0.65823 0.36534
vn -0.56095 -0.56095 0.60883
vn -0.5868 -0.58167 0.56332
vn -0.42688 -0.43417 0.79327
vn -0.46124 -0.46124 0.75797
vn -0.27094 -0.27094 0.92368
vn -0.33464 -0.32616 0.8841
vn -0.61617 0.3965 -0.68053
vn -0.66387 0.33294 -0.66964
vn -0.73354 0.26611 -0.62538
vn -0.78545 0.20256 -0.58485
vn -0.82735 0.17967 -0.53218
vn -0.87145 0.12766 -0.47358
vn -0.913 0.0856 -0.39889
vn -0.92281 0.07093 -0.37866
vn -0.96554 0.03768 -0.2575
vn -0.97177 0.02504 -0.23458
vn -0.99684 0 -0.07942
vn -0.99683 5E-05 -0.07957
vn -0.99684 -5E-05 0.07943
vn -0.99685 -2E-05 0.07927
vn -0.96523 0.02914 0.25978
vn -0.97191 0.03114 0.23329
vn -0.91218 0.07747 0.40241
vn -0.17967 0.82735 -0.53218
vn -0.20256 0.78545 -0.58485
vn -0.26611 0.73354 -0.62538
vn -0.3329 0.66392 -0.66961
vn -0.3965 0.61617 -0.68053
vn -0.44243 0.55443 -0.70489
vn -0.55438 0.44248 -0.70489
vn -0.3965 0.61617 0.68053
vn -0.33287 0.66395 0.6696
vn -0.26611 0.73354 0.62538
vn -0.20256 0.78545 0.58485
vn -0.17967 0.82735 0.53218
vn -0.12766 0.87145 0.47358
vn -0.0856 0.913 0.39889
vn -0.07091 0.92283 0.37863
vn -0.03769 0.96554 0.2575
vn -0.02504 0.97178 0.23454
vn -0 0.99684 0.07942
vn 6E-05 0.99685 0.07925
vn -6E-05 0.99684 -0.07942
vn -3E-05 0.99683 -0.07959
vn -0.02914 0.96523 -0.25978
vn -0.03113 0.97188 -0.23342
vn -0.07752 0.91218 -0.40239
vn -0.07388 0.92299 -0.37767
vn -0.12764 0.87147 -0.47355
vn -0.92304 0.07382 0.37756
vn -0.87254 0.12666 0.47184
vn -0.82727 0.17929 0.53243
vn -0.78668 0.20092 0.58375
vn -0.73354 0.26611 0.62538
vn -0.66389 0.33293 0.66963
vn -0.61617 0.3965 0.68053
vn -0.5544 0.44247 0.70489
vn -0.4424 0.55446 0.70488
vn -0.22252 -0.97493 -0
vn -0.22252 -0.97493 -0
vn -0.62349 -0.78183 -0
vn -0.90097 -0.43388 -0
vn -0.90097 0.43388 0
vn -0.62349 0.78183 0
vn -0.22252 0.97493 0
vn -0.22252 0.97493 -0
vn -0.82298 0.56806 0
vn -0.7212 0.69272 0
vn -0.60074 0.79944 0
vn -0.46472 0.88546 0
vn -0.31667 0.94854 0
vn -0.16041 0.98705 0
vn 0 1 0
vn 0.16041 0.98705 0
vn 0.31667 0.94854 0
vn 0.46472 0.88546 0
vn 0.60074 0.79944 0
vn 0.7212 0.69272 0
vn 0.82298 0.56806 0
vn 0.90345 0.42869 0
vn 0.96052 0.27822 0
vn 0.99271 0.12054 0
vn 0.99919 -0.04027 0
vn 0.97979 -0.20003 0
vn 0.93502 -0.3546 0
vn 0.86603 -0.5 0
vn 0.7746 -0.63245 0
vn 0.66312 -0.74851 0
vn 0.53447 -0.84519 0
vn 0.39197 -0.91998 0
vn 0.23932 -0.97094 0
vn 0.08047 -0.99676 0
vn 0.73305 -0.68017 0
vn 0.36534 -0.93087 0
vn -0.07473 -0.9972 -0
vn -0.5 -0.86603 -0
vn -0.82624 -0.56332 -0
vn -0.98883 -0.14904 -0
vn -0.95557 0.29475 0
vn -0.09093 0.99586 0
vn -0.2698 0.96292 0
vn -0.43973 0.89813 0
vn -0.59513 0.80363 0
vn -0.73084 0.68255 0
vn -0.84237 0.5389 0
vn -0.92604 0.37742 0
vn -0.97908 0.20346 0
vn -0.99974 0.02276 0
vn -0.98733 -0.15868 -0
vn -0.94226 -0.33488 -0
vn -0.86603 -0.5 -0
vn -0.76114 -0.64858 -0
vn -0.63109 -0.77571 -0
vn -0.48016 -0.87718 -0
vn -0.31334 -0.94964 -0
vn -0.13617 -0.99069 -0
vn 0.04551 -0.99896 0
vn 0.22569 -0.9742 0
vn 0.3984 -0.91721 0
vn 0.55793 -0.82989 0
vn 0.69901 -0.71511 0
vn 0.81697 -0.57668 0
vn 0 -0 -1
vn -0 -1 -0
vn 0 0.6087 -0.7934
vn 0 -0.97613 -0.21717
vn -0.23251 -0.93945 -0.25173
vn 0 -0.88666 -0.46241
vn -1E-05 -0.79334 -0.60877
vn -0.359 -0.65997 -0.65997
vn 0 -0.60875 -0.79336
vn 0 -0.38273 -0.92386
vn -0.314 -0.24573 -0.91707
vn 0 -0.13057 -0.99144
vn 0 0.25882 -0.96593
vn -0.52749 0.3138 -0.78948
vn -0 0.13067 -0.99143
vn -0.57262 0.63906 -0.51352
vn 0 0.70711 -0.70711
vn 0 0.92392 -0.38257
vn -0.41766 0.87764 -0.23516
vn 0 0.99146 -0.13041
vn 0.57888 -0.40862 -0.70564
vn 0.57888 -0.40862 -0.70564
vn 0.4953 -0.50671 -0.70564
vn 0.4953 -0.50671 -0.70564
vn 0.39534 -0.58804 -0.70564
vn 0.39534 -0.58803 -0.70564
vn 0.2823 -0.64991 -0.70564
vn 0.2823 -0.64991 -0.70563
vn 0.15992 -0.69029 -0.70563
vn 0.15992 -0.69029 -0.70564
vn 0.03225 -0.70784 -0.70564
vn 0.03225 -0.70784 -0.70564
vn -0.09648 -0.70197 -0.70564
vn -0.09648 -0.70197 -0.70564
vn -0.22203 -0.67289 -0.70564
vn -0.22203 -0.67289 -0.70563
vn -0.34023 -0.62155 -0.70564
vn -0.34023 -0.62155 -0.70564
vn -0.41833 -0.57045 -0.70681
vn -0.5532 -0.67997 -0.48127
vn -0.46857 -0.53016 -0.70666
vn -0.52639 -0.47324 -0.70637
vn -0.64613 -0.55057 -0.52857
vn -0.56675 -0.42305 -0.70698
vn -0.61364 -0.35429 -0.70564
vn -0.61364 -0.35429 -0.70564
vn -0.66766 -0.23729 -0.70564
vn -0.66766 -0.23729 -0.70564
vn -0.6996 -0.11244 -0.70564
vn -0.69959 -0.11244 -0.70564
vn -0.70839 0.01613 -0.70564
vn -0.70839 0.01613 -0.70564
vn -0.69375 0.14416 -0.70564
vn -0.69375 0.14416 -0.70564
vn -0.65617 0.26743 -0.70564
vn -0.65617 0.26743 -0.70564
vn -0.59688 0.38185 -0.70564
vn -0.59688 0.38185 -0.70564
vn -0.51785 0.48364 -0.70564
vn -0.51785 0.48364 -0.70564
vn -0.42169 0.56943 -0.70564
vn -0.42169 0.56943 -0.70564
vn -0.31159 0.63639 -0.70564
vn -0.31158 0.63639 -0.70564
vn -0.19117 0.6823 -0.70564
vn -0.19117 0.6823 -0.70564
vn -0.06443 0.70564 -0.70564
vn -0.06443 0.70564 -0.70564
vn 0.52488 -0.48702 -0.69807
vn 0.52488 -0.48702 -0.69807
vn 0.26159 -0.66653 -0.69807
vn 0.26159 -0.66653 -0.69807
vn -0.05351 -0.71402 -0.69807
vn -0.05351 -0.71402 -0.69807
vn -0.35801 -0.6201 -0.69807
vn -0.35801 -0.6201 -0.69807
vn -0.59161 -0.40335 -0.69807
vn -0.59161 -0.40335 -0.69807
vn -0.70803 -0.10672 -0.69807
vn -0.70803 -0.10672 -0.69807
vn -0.68421 0.21105 -0.69807
vn -0.68421 0.21105 -0.69807
vn -0.15933 -0.69807 -0.69807
vn -0.15933 -0.69807 -0.69807
vn -0.44643 -0.55981 -0.69807
vn -0.44643 -0.55981 -0.69807
vn -0.64512 -0.31067 -0.69807
vn -0.64512 -0.31067 -0.69807
vn -0.71603 -0 -0.69807
vn -0.71603 0 -0.69807
vn -0.64512 0.31067 -0.69807
vn -0.64512 0.31067 -0.69807
vn -0.44643 0.55981 -0.69807
vn -0.44643 0.55981 -0.69807
vn -0.15933 0.69807 -0.69807
vn -0.15933 0.69807 -0.69807
vn 0.05699 -0.70596 -0.70596
vn 0.05699 -0.70596 -0.70596
vn 0.1695 -0.68767 -0.70596
vn 0.1695 -0.68767 -0.70596
vn 0.27761 -0.65158 -0.70596
vn 0.27761 -0.65158 -0.70596
vn 0.37854 -0.59861 -0.70596
vn 0.37854 -0.59861 -0.70596
vn 0.46966 -0.53014 -0.70596
vn 0.46966 -0.53014 -0.70596
vn 0.54862 -0.44793 -0.70596
vn 0.54862 -0.44793 -0.70596
vn 0.61337 -0.35413 -0.70596
vn 0.61337 -0.35413 -0.70596
vn 0.66223 -0.25115 -0.70596
vn 0.66223 -0.25115 -0.70596
vn 0.69394 -0.14167 -0.70596
vn 0.69394 -0.14167 -0.70596
vn 0.70768 -0.02852 -0.70596
vn 0.70768 -0.02852 -0.70596
vn 0.70552 0.04964 -0.70695
vn 0.57152 0.0694 -0.81765
vn -0.58288 0.40233 -0.70596
vn -0.58288 0.40233 -0.70596
vn -0.51079 0.49062 -0.70596
vn -0.5108 0.49063 -0.70596
vn -0.42548 0.56621 -0.70596
vn -0.42548 0.56621 -0.70596
vn -0.32914 0.62713 -0.70596
vn -0.32914 0.62713 -0.70596
vn -0.22428 0.67181 -0.70596
vn -0.22428 0.67181 -0.70596
vn -0.11361 0.69908 -0.70596
vn -0.11361 0.69908 -0.70596
vn 0 0.70825 -0.70596
vn 0.11361 0.69908 -0.70596
vn 0.11361 0.69908 -0.70596
vn 0.22428 0.67181 -0.70596
vn 0.22428 0.67181 -0.70596
vn 0.32914 0.62713 -0.70596
vn 0.32914 0.62713 -0.70596
vn 0.42548 0.56621 -0.70596
vn 0.42548 0.56621 -0.70596
vn 0.5108 0.49063 -0.70596
vn 0.51079 0.49062 -0.70596
vn 0.58288 0.40233 -0.70596
vn 0.58288 0.40233 -0.70596
vn 0.63987 0.30362 -0.70596
vn 0.63987 0.30362 -0.70596
vn 0.68029 0.19705 -0.70596
vn 0.68029 0.19705 -0.70596
vn 0.69953 0.10629 -0.70665
vn 1 -0 0
vn 0.92425 -0.38179 0
vn 0.99149 -0.13021 0
vn 0.99149 0.13021 -0
vn 0.92425 0.38179 -0
vn 0.57713 0.41143 0.70544
vn 0.57713 0.41143 0.70544
vn 0.48698 0.51499 0.70544
vn 0.48698 0.51499 0.70544
vn 0.37855 0.59921 0.70544
vn 0.37855 0.59921 0.70544
vn 0.25591 0.66096 0.70544
vn 0.25591 0.66096 0.70544
vn 0.12367 0.6979 0.70544
vn 0.12367 0.6979 0.70544
vn -0.0132 0.70865 0.70544
vn -0.0132 0.70865 0.70544
vn -0.14959 0.69281 0.70544
vn -0.14959 0.69281 0.70544
vn -0.28036 0.65097 0.70544
vn -0.28036 0.65096 0.70544
vn -0.40061 0.5847 0.70544
vn -0.40061 0.5847 0.70544
vn -0.50582 0.49649 0.70544
vn -0.50582 0.49649 0.70544
vn -0.59206 0.38964 0.70544
vn -0.59206 0.38964 0.70544
vn -0.65608 0.26818 0.70544
vn -0.65608 0.26818 0.70544
vn -0.69547 0.13666 0.70544
vn -0.69547 0.13666 0.70544
vn -0.70877 0 0.70544
vn -0.69547 -0.13666 0.70544
vn -0.69547 -0.13666 0.70544
vn -0.65608 -0.26818 0.70544
vn -0.65608 -0.26818 0.70544
vn -0.59206 -0.38964 0.70544
vn -0.59206 -0.38964 0.70544
vn -0.50582 -0.49649 0.70544
vn -0.50582 -0.49649 0.70544
vn -0.40061 -0.5847 0.70544
vn -0.40061 -0.5847 0.70544
vn -0.28036 -0.65096 0.70544
vn -0.28036 -0.65097 0.70544
vn -0.14959 -0.69281 0.70544
vn -0.14959 -0.69281 0.70544
vn -0.0132 -0.70865 0.70544
vn -0.0132 -0.70865 0.70544
vn 0.12367 -0.6979 0.70544
vn 0.12367 -0.6979 0.70544
vn 0.25591 -0.66096 0.70544
vn 0.25591 -0.66096 0.70544
vn 0.37855 -0.59921 0.70544
vn 0.37855 -0.59921 0.70544
vn 0.48698 -0.51499 0.70544
vn 0.48698 -0.51499 0.70544
vn 0.57713 -0.41143 0.70544
vn 0.57713 -0.41143 0.70544
vn 0.70408 0.09246 0.70408
vn 0.70408 0.09246 0.70408
vn 0.65633 0.27112 0.70408
vn 0.65633 0.27112 0.70408
vn 0.65633 -0.27112 0.70408
vn 0.65633 -0.27112 0.70408
vn 0.70408 -0.09246 0.70408
vn 0.70408 -0.09246 0.70408
vn 0.70711 0 0.70711
vn -0.86603 0.5 0
vn 0.20872 -0.97798 0
vn 0.58979 -0.80755 0
vn -0.40447 0.91455 0
vn -0.74259 0.66975 0
vn 0.86603 0.5 -0
vn 0.74259 0.66975 -0
vn 0.40447 0.91455 -0
vn -0.58979 -0.80755 0
vn -0.20872 -0.97798 0
vn 0.86603 0.5 0
vn -0.86603 0.5 0
vn -0.95131 0.30823 0
vn -0.99426 -0.107 0
vn 0.99426 -0.107 0
vn 0.95131 0.30823 -0
vn -0.37349 0.37349 0.84912
vn -0.13671 0.5102 0.84912
vn -0.37349 -0.37349 0.84912
vn -0.5102 -0.13671 0.84912
vn -0.5102 0.13671 0.84912
vn 0.3735 -0.3735 0.84912
vn 0.13671 -0.5102 0.84912
vn -0.13671 -0.5102 0.84912
vn 0.3735 0.3735 0.84912
vn 0.5102 0.13671 0.84912
vn 0.5102 -0.13671 0.84912
vn 0.13671 0.5102 0.84912
vn -0.37349 0.37349 0.84912
vn -0.13671 0.5102 0.84912
vn -0.37349 -0.37349 0.84912
vn -0.5102 -0.13671 0.84912
vn -0.5102 0.13671 0.84912
vn 0.3735 -0.3735 0.84912
vn 0.13671 -0.5102 0.84912
vn -0.13671 -0.5102 0.84912
vn 0.3735 0.3735 0.84912
vn 0.5102 0.13671 0.84912
vn 0.5102 -0.13671 0.84912
vn 0.13671 0.5102 0.84912
vn -0.3735 0.3735 0.84912
vn -0.13671 0.5102 0.84912
vn -0.3735 -0.3735 0.84912
vn -0.5102 -0.13671 0.84912
vn -0.5102 0.13671 0.84912
vn 0.37349 -0.37349 0.84912
vn 0.13671 -0.5102 0.84912
vn -0.13671 -0.5102 0.84912
vn 0.37349 0.37349 0.84912
vn 0.5102 0.13671 0.84912
vn 0.5102 -0.13671 0.84912
vn 0.13671 0.5102 0.84912
vn -0.3735 0.3735 0.84912
vn -0.13671 0.5102 0.84912
vn -0.3735 -0.3735 0.84912
vn -0.5102 -0.13671 0.84912
vn -0.5102 0.13671 0.84912
vn 0.37349 -0.37349 0.84912
vn 0.13671 -0.5102 0.84912
vn -0.13671 -0.5102 0.84912
vn 0.37349 0.37349 0.84912
vn 0.5102 0.13671 0.84912
vn 0.5102 -0.13671 0.84912
vn 0.13671 0.5102 0.84912
vn -0.74259 0.66975 0
vn -0.40447 0.91455 0
vn 0.56741 0.82343 -0
vn 0.13139 0.99133 -0
vn -0.33331 0.94282 0
vn -0.72525 0.68848 0
vn 0.91326 0.40737 0
vn 0.84863 0.52898 -0
vn 0.80936 0.58717 0.01304
vn 0.80557 0.59241 0.01055
vn 0.76206 0.64751 -0
vn 0.23362 -0.97233 0
vn 0.64985 -0.76007 0
vn 0.92421 -0.38188 0
vn 0.99682 0.07968 -0
vn 0.58979 -0.80755 0
vn 0.20872 -0.97798 0
vn -0.84598 -0.53321 0
vn -0.5688 -0.82248 0
vn -0.20032 -0.97973 0
vn -0.86603 -0.5 -0
vn -0.94863 0.31639 0
vn -0.99669 -0.08135 0
vn -0.88477 -0.46604 0
vn -0.86603 0.5 0
vn -0.20872 -0.97798 0
vn -0.58979 -0.80755 0
vn -0.99682 0.07968 0
vn -0.92421 -0.38188 0
vn -0.64985 -0.76007 0
vn -0.23362 -0.97233 0
vn -0.80943 0.58722 0
vn -0.91326 0.40737 0
vn 0.72525 0.68848 -0
vn 0.33331 0.94282 -0
vn -0.13139 0.99133 0
vn -0.56741 0.82343 0
vn 0.40447 0.91455 -0
vn 0.74259 0.66975 -0
vn 0.86603 0.5 -0
vn 0.88477 -0.46604 0
vn 0.99669 -0.08135 0
vn 0.94863 0.31639 -0
vn 0.86603 -0.5 0
vn 0.20032 -0.97973 0
vn 0.5688 -0.82248 0
vn 0.84598 -0.53321 0
vn 0.95131 0.30823 -0
vn 0.99426 -0.107 0
vn 0.42941 -0.90311 0
vn 0.79282 -0.60945 0
vn 0.98316 -0.18275 0
vn 0.95887 0.28385 -0
vn -0.10383 -0.99459 0
vn -0.10383 -0.99459 0
vn 0.10383 -0.99459 -0
vn 0.10383 -0.99459 0
vn -0.95887 0.28385 0
vn -0.98316 -0.18275 0
vn -0.79282 -0.60945 0
vn -0.42941 -0.90311 0
vn -0.99426 -0.107 0
vn -0.95131 0.30823 0
vn -0.86603 0.5 0
vn -0.03878 0.99925 0
vn -0.42789 0.90383 0
vn -0.74831 0.66334 0
vn 0.74831 0.66334 -0
vn 0.42789 0.90383 -0
vn 0.03878 0.99925 -0
vn 0.86603 0.5 -0
vn -0.25882 0.96593 0
vn -0.25882 0.96593 0
vn -0.70711 0.70711 0
vn -0.96593 0.25882 0
vn -0.96593 -0.25882 0
vn -0.70711 -0.70711 0
vn -0.25882 -0.96593 0
vn -0.25882 -0.96593 0
vn 0.25882 -0.96593 -0
vn 0.25882 -0.96593 0
vn 0.70711 -0.70711 0
vn 0.96593 -0.25882 0
vn 0.96593 0.25882 -0
vn 0.70711 0.70711 -0
vn 0.25882 0.96593 -0
vn 0.25882 0.96593 -0
vn -0.70711 0.70711 0
vn -0.96593 0.25882 0
vn -0.96593 -0.25882 0
vn 0.25882 -0.96593 0
vn 0.96593 -0.25882 0
vn 0.70711 0.70711 -0
vn 0.25882 0.96593 -0
vn -0.25882 0.96593 0
vn -0.25882 -0.96593 0
vn -0.25882 0.96593 0
vn -0.96593 0.25882 0
vn -0.96593 -0.25882 0
vn -0.70711 -0.70711 0
vn -0.25882 -0.96593 0
vn 0.25882 -0.96593 0
vn 0.70711 -0.70711 0
vn 0.96593 -0.25882 0
vn 0.96593 0.25882 -0
vn 0.25882 0.96593 -0
vn 0.31399 0.94943 -0
vn 0.25881 0.96591 0.00584
vn 0.05756 0.99834 -0
vn -0.25882 0.96593 0
vn -0.96593 0.25882 0
vn -0.96593 0.25882 -0
vn -0.96593 -0.25882 0
vn -0.96593 -0.25882 0
vn -0.25882 -0.96593 0
vn 0.25882 -0.96593 0
vn 0.96593 -0.25882 0
vn 0.96593 -0.25882 0
vn 0.96593 0.25882 -0
vn 0.96593 0.25882 -0
vn -0.25882 0.96593 0
vn -0.96593 0.25882 0
vn -0.96593 -0.25882 0
vn -0.25882 -0.96593 0
vn 0.25882 -0.96593 0
vn 0.96593 -0.25882 0
vn 0.96593 0.25882 -0
vn 0.25882 0.96593 -0
vn -0.25882 0.96593 0
vn -0.25882 -0.96593 0
vn 0.25882 -0.96593 0
vn 0.25882 0.96593 -0
vn -0.6877 -0.726 -0
vn -0.77195 -0.63569 -0
vn -0.79413 -0.60762 -0.01273
vn -0.82618 -0.56016 -0.06039
vn -0.84179 -0.53954 -0.01682
vn -0.96355 0.26753 0
vn -0.99853 0.05414 0
vn -0.98683 -0.16178 -0
vn -0.92898 -0.37014 -0
vn -0.87881 -0.47717 -0
vn -0.89839 0.42256 -0.11976
vn -0.88351 0.46841 0
vn -0.85358 0.52097 0
vn -0.76216 0.64739 0
vn -0.60517 0.79609 0
vn -0.41989 0.90758 0
vn -0.21497 0.97662 0
vn 0.21497 0.97662 -0
vn 0.41989 0.90758 -0
vn 0.52666 0.85008 -0
vn 0.60492 0.79576 -0.02888
vn 0.61548 0.78815 0
vn 0.76216 0.64739 -0
vn 0.88351 0.46841 -0
vn 0.96355 0.26753 -0
vn 0.99853 0.05414 -0
vn 0.98683 -0.16178 0
vn 0.92898 -0.37014 0
vn 0.82769 -0.56119 0
vn 0.6877 -0.726 0
vn 0.59971 -0.80022 0
vn 0.51549 -0.85674 -0.0162
vn 0.53432 -0.84221 -0.072
vn 0.44741 -0.89433 0
vn 0.3193 -0.94765 0
vn 0.10812 -0.99414 0
vn -0.10812 -0.99414 0
vn -0.10812 -0.99414 0
vn -0.3193 -0.94765 0
vn -0.44741 -0.89433 0
vn -0.51477 -0.85555 -0.05529
vn -0.54148 -0.84071 0
vn -0.37349 0.3735 0.84912
vn -0.13671 0.5102 0.84912
vn -0.3735 -0.37349 0.84912
vn -0.5102 -0.13671 0.84912
vn -0.5102 0.13671 0.84912
vn 0.3735 -0.37349 0.84912
vn 0.13671 -0.5102 0.84912
vn -0.13671 -0.5102 0.84912
vn 0.37349 0.3735 0.84912
vn 0.5102 0.13671 0.84912
vn 0.5102 -0.13671 0.84912
vn 0.13671 0.5102 0.84912
vn -0.37349 0.3735 0.84912
vn -0.13671 0.5102 0.84912
vn -0.37349 -0.3735 0.84912
vn -0.5102 -0.13671 0.84912
vn -0.5102 0.13671 0.84912
vn 0.3735 -0.37349 0.84912
vn 0.13671 -0.5102 0.84912
vn -0.13671 -0.5102 0.84912
vn 0.3735 0.37349 0.84912
vn 0.5102 0.13671 0.84912
vn 0.5102 -0.13671 0.84912
vn 0.13671 0.5102 0.84912
vn -0.37349 0.3735 0.84912
vn -0.13671 0.5102 0.84912
vn -0.37349 -0.3735 0.84912
vn -0.5102 -0.13671 0.84912
vn -0.5102 0.13671 0.84912
vn 0.3735 -0.37349 0.84912
vn 0.13671 -0.5102 0.84912
vn -0.13671 -0.5102 0.84912
vn 0.3735 0.37349 0.84912
vn 0.5102 0.13671 0.84912
vn 0.5102 -0.13671 0.84912
vn 0.13671 0.5102 0.84912
vn -0.3735 0.37349 0.84912
vn -0.13671 0.5102 0.84912
vn -0.37349 -0.3735 0.84912
vn -0.5102 -0.13671 0.84912
vn -0.5102 0.13671 0.84912
vn 0.37349 -0.3735 0.84912
vn 0.13671 -0.5102 0.84912
vn -0.13671 -0.5102 0.84912
vn 0.3735 0.37349 0.84912
vn 0.5102 0.13671 0.84912
vn 0.5102 -0.13671 0.84912
vn 0.13671 0.5102 0.84912
vn -0.3735 0.37349 0.84912
vn -0.13671 0.5102 0.84912
vn -0.3735 -0.37349 0.84912
vn -0.5102 -0.13671 0.84912
vn -0.5102 0.13671 0.84912
vn 0.37349 -0.3735 0.84912
vn 0.13671 -0.5102 0.84912
vn -0.13671 -0.5102 0.84912
vn 0.37349 0.3735 0.84912
vn 0.5102 0.13671 0.84912
vn 0.5102 -0.13671 0.84912
vn 0.13671 0.5102 0.84912
vn -0.3735 0.37349 0.84912
vn -0.13671 0.5102 0.84912
vn -0.3735 -0.37349 0.84912
vn -0.5102 -0.13671 0.84912
vn -0.5102 0.13671 0.84912
vn 0.37349 -0.3735 0.84912
vn 0.13671 -0.5102 0.84912
vn -0.13671 -0.5102 0.84912
vn 0.37349 0.3735 0.84912
vn 0.5102 0.13671 0.84912
vn 0.5102 -0.13671 0.84912
vn 0.13671 0.5102 0.84912
vn -0.25882 0.96593 0
vn -0.70711 0.70711 0
vn -0.96593 0.25882 0
vn -0.96593 -0.25882 0
vn -0.70711 -0.70711 0
vn -0.25882 -0.96593 0
vn 0.25882 -0.96593 0
vn 0.70711 -0.70711 0
vn 0.96593 -0.25882 0
vn 0.96593 0.25882 -0
vn 0.70711 0.70711 -0
vn 0.25882 0.96593 -0
vn -0.25882 0.96593 0
vn -0.70711 0.70711 0
vn -0.70711 -0.70711 0
vn -0.25882 -0.96593 0
vn 0.25882 -0.96593 0
vn 0.70711 -0.70711 0
vn 0.70711 0.70711 -0
vn 0.25882 0.96593 -0
vn -0.25882 0.96593 0
vn -0.25882 0.96593 0
vn -0.70711 0.70711 0
vn -0.96593 0.25882 0
vn -0.96593 -0.25882 0
vn -0.70711 -0.70711 0
vn -0.25882 -0.96593 0
vn -0.25882 -0.96593 0
vn 0.25882 -0.96593 -0
vn 0.25882 -0.96593 0
vn 0.70711 -0.70711 0
vn 0.96593 -0.25882 0
vn 0.96593 0.25882 -0
vn 0.70711 0.70711 -0
vn 0.25882 0.96593 -0
vn 0.25882 0.96593 -0
vn -0.25882 0.96593 0
vn -0.96593 0.25882 0
vn -0.96593 -0.25882 0
vn -0.70711 -0.70711 0
vn -0.25882 -0.96593 0
vn 0.96593 -0.25882 0
vn 0.70711 0.70711 -0
vn -0.25882 0.96593 0
vn -0.96593 0.25882 0
vn -0.96593 -0.25882 0
vn -0.25882 -0.96593 0
vn 0.96593 0.25882 -0
vn -0.25882 0.96593 0
vn -0.25882 0.96593 0
vn -0.70711 0.70711 0
vn -0.96593 0.25882 0
vn -0.96593 -0.25882 0
vn -0.25882 -0.96593 0
vn -0.25882 -0.96593 0
vn 0.25882 -0.96593 -0
vn 0.25882 -0.96593 0
vn 0.70711 -0.70711 0
vn 0.96593 -0.25882 0
vn 0.96593 0.25882 -0
vn 0.25882 0.96593 -0
vn 0.25882 0.96593 -0
vn -0.96593 0.25882 0
vn 0.25882 -0.96593 0
vn 0.96593 -0.25882 0
vn 0.96593 0.25882 -0
vn 0.25882 0.96593 -0
vn -0.96593 -0.25882 0
vn 0.25882 -0.96593 0
vn 0.96593 -0.25882 0
vn 0.96593 0.25882 -0
vn 0.25882 0.96593 -0
vn -0.10812 0.99414 0
vn -0.10812 0.99414 0
vn -0.3193 0.94765 0
vn -0.51555 0.85686 0
vn -0.6877 0.726 0
vn -0.82769 0.56119 0
vn -0.92898 0.37014 0
vn -0.98683 0.16178 0
vn -0.99853 -0.05414 0
vn -0.96355 -0.26753 0
vn -0.88351 -0.46841 0
vn -0.76216 -0.64739 0
vn -0.60517 -0.79609 0
vn -0.41989 -0.90758 0
vn -0.21497 -0.97662 0
vn 0.21497 -0.97662 0
vn 0.41989 -0.90758 0
vn 0.60517 -0.79609 0
vn 0.76216 -0.64739 0
vn 0.88351 -0.46841 0
vn 0.96355 -0.26753 0
vn 0.99853 -0.05414 0
vn 0.98683 0.16178 -0
vn 0.92898 0.37014 -0
vn 0.82769 0.56119 -0
vn 0.6877 0.726 -0
vn 0.51555 0.85686 -0
vn 0.3193 0.94765 -0
vn 0.10812 0.99414 -0
vn 0.10812 0.99414 -0
vn -0.99512 0.09864 0
vn 0.55973 0.82867 -0
vn -0.38619 -0.92242 0
vn 0.59442 -0.80415 0
vn 0.99512 0.09864 0
vn 0.42499 0.9052 0
vn -0.55973 0.82867 0
vn -0.99004 -0.14078 0
vn -0.9999 0.01389 -0.004
vn -0.9991 0.04244 0
vn -0.99841 -0.05631 -0
vn -0.9919 -0.12702 -0.00163
vn -0.95617 -0.29282 -0
vn -0.89293 -0.4502 -0
vn -0.804 -0.59463 -0
vn -0.69194 -0.72196 -0
vn -0.97756 0.21068 0
vn -0.93165 0.36335 0
vn -0.92789 0.37286 -0.00113
vn -0.5 0.86602 -0.00201
vn -0.48769 0.87301 -4E-05
vn -0.62822 0.77804 0
vn -0.75067 0.66067 0
vn -0.85153 0.52431 0
vn -0.89749 0.44104 0
vn 0.5 0.86603 -3E-05
vn 0.48769 0.87301 -0.00168
vn 0.33314 0.94288 0
vn 0.169 0.98562 0
vn -0.169 0.98562 0
vn -0.33314 0.94288 0
vn -0.42499 0.9052 0
vn 0.62822 0.77804 -0
vn 0.69829 0.71582 -0
vn 0.75067 0.66067 -0.00099
vn 0.99836 -0.05631 -0.00994
vn 0.9919 -0.12702 0
vn 0.9999 0.01389 0
vn 0.9991 0.04244 -0.00266
vn 0.97756 0.21068 0
vn 0.92789 0.37286 0
vn 0.85153 0.52431 0
vn 0.75648 0.65402 0
vn 0.46301 -0.88632 -0.00796
vn 0.4119 -0.91123 0
vn 0.52408 -0.85167 0
vn 0.55997 -0.82851 -0.00298
vn 0.69194 -0.72196 0
vn 0.804 -0.59463 0
vn 0.89293 -0.4502 0
vn 0.95617 -0.29282 0
vn 0.99004 -0.14078 0
vn -0.59442 -0.80415 -0
vn -0.52408 -0.85165 -0.00598
vn -0.55997 -0.82851 -0
vn -0.46303 -0.88634 -0
vn -0.4119 -0.91123 -0.00263
vn -0.25198 -0.96773 -0
vn -0.08481 -0.9964 -0
vn -0.08481 -0.9964 0
vn 0.08481 -0.9964 -0
vn 0.08481 -0.9964 0
vn 0.25198 -0.96773 0
vn 0.38619 -0.92242 0
vn -0.70711 0.70711 0
vn -0.96593 0.25882 0
vn 0.86603 0.5 0
vn -0.86603 -0.5 0
vn 0.96593 0.25882 -0
vn 0.70711 0.70711 -0
vn 0.86603 -0.5 0
vn -0.86603 0.5 0
vn 0.25882 -0.96593 0
vn 0.96593 -0.25882 0
vn 0.96593 0.25882 -0
vn 0.70711 0.70711 -0
vn 0.25882 0.96593 -0
vn -0.73305 -0.68017 0
vn -0.36534 -0.93087 0
vn 0.07473 -0.9972 0
vn 0.5 -0.86602 0
vn 0.82624 -0.56332 0
vn 0.98883 -0.14904 0
vn 0.95557 0.29476 -0
vn -0.86603 -0.5 -0
vn -0.70711 -0.70711 0
vn 0.86603 -0.5 0
vn -0.25882 0.96593 0
vn -0.70711 0.70711 0
vn -0.96593 0.25882 -0
vn -0.96593 -0.25882 0
vn -0.25882 -0.96593 0
vn 0.44721 0 -0.89443
vn 0.44721 0 0.89443
vn -0.44721 0 0.89443
vn -0.44721 -0 -0.89443
vn -0.7071 0 0.70711
vn -0.70711 -0 -0.7071
vn 0.70711 0 -0.7071
vn 0.7071 0 0.70711
vn -0.25882 0.96593 0
vn -0.25882 0.96593 0
vn -0.70711 0.7071 0
vn -0.96593 0.25882 0
vn -0.96593 -0.25882 0
vn -0.70711 -0.7071 0
vn -0.25882 -0.96593 0
vn -0.25882 -0.96593 0
vn 0.25882 -0.96593 -0
vn 0.25882 -0.96593 0
vn 0.70711 -0.7071 0
vn 0.96593 -0.25882 0
vn 0.96593 0.25882 -0
vn 0.70711 0.7071 -0
vn 0.25882 0.96593 -0
vn 0.25882 0.96593 -0
vn -0.25882 0.96593 0
vn -0.25882 0.96593 0
vn -0.70711 0.70711 0
vn -0.96593 0.25882 0
vn -0.96593 -0.25882 0
vn -0.70711 -0.70711 0
vn -0.25882 -0.96593 0
vn -0.25882 -0.96593 0
vn 0.25882 -0.96593 -0
vn 0.25882 -0.96593 0
vn 0.70711 -0.70711 0
vn 0.96593 -0.25882 0
vn 0.96593 0.25882 -0
vn 0.70711 0.70711 -0
vn 0.25882 0.96593 -0
vn 0.25882 0.96593 -0
vn -0.50859 0.50859 0.69474
vn -0.50858 0.50858 0.69476
vn -0.69474 0.18615 0.69475
vn -0.69474 0.18615 0.69475
vn -0.69474 -0.18616 0.69475
vn -0.69474 -0.18616 0.69475
vn -0.50858 -0.50858 0.69476
vn -0.50858 -0.50858 0.69476
vn -0.18615 -0.69473 0.69476
vn -0.18615 -0.69475 0.69475
vn 0.18616 -0.69475 0.69475
vn 0.18615 -0.69473 0.69476
vn 0.50858 -0.50858 0.69476
vn 0.50858 -0.50858 0.69476
vn 0.69474 -0.18616 0.69475
vn 0.69474 -0.18616 0.69475
vn 0.69474 0.18616 0.69475
vn 0.69474 0.18615 0.69475
vn 0.50858 0.50858 0.69476
vn 0.50859 0.50859 0.69474
vn 0.18616 0.69475 0.69474
vn 0.18616 0.69475 0.69475
vn -0.18616 0.69475 0.69475
vn -0.18616 0.69475 0.69474
vn -0.70711 0.70711 0
vn -0.96593 -0.25882 0
vn -0.70711 -0.70711 0
vn 0.70711 -0.70711 0
vn 0.96593 -0.25882 0
vn 0.70711 0.70711 -0
vn -0.25882 0.96593 0
vn -0.25882 0.96593 0
vn -0.96593 0.25882 0
vn -0.96593 -0.25882 0
vn -0.70711 -0.70711 0
vn -0.25882 -0.96593 0
vn 0.25882 -0.96593 -0
vn 0.70711 -0.70711 0
vn 0.96593 -0.25882 0
vn 0.96593 0.25882 -0
vn 0.25882 0.96593 -0
vn 0.25882 0.96593 -0
vn -0.50859 0.50859 0.69475
vn -0.50859 0.50859 0.69475
vn -0.69474 0.18616 0.69475
vn -0.69474 0.18616 0.69475
vn -0.69474 -0.18616 0.69475
vn -0.69474 -0.18616 0.69475
vn -0.50859 -0.50859 0.69475
vn -0.50859 -0.50859 0.69475
vn -0.18616 -0.69474 0.69475
vn -0.18616 -0.69475 0.69475
vn 0.18616 -0.69474 0.69475
vn 0.50859 -0.50859 0.69475
vn 0.50859 -0.50859 0.69475
vn 0.69474 -0.18616 0.69475
vn 0.69474 -0.18616 0.69475
vn 0.69474 0.18616 0.69475
vn 0.69474 0.18616 0.69475
vn 0.50859 0.50859 0.69475
vn 0.50859 0.50859 0.69475
vn 0.18615 0.69474 0.69475
vn 0.18615 0.69475 0.69475
vn -0.18616 0.69475 0.69475
vn -0.18615 0.69474 0.69475
vn -0.70711 0.70711 0
vn -0.96593 -0.25882 0
vn -0.25882 -0.96593 0
vn -0.25882 -0.96593 0
vn 0.25882 -0.96593 -0
vn 0.25882 -0.96593 0
vn 0.96593 -0.25882 0
vn 0.70711 0.70711 -0
vn -0.50859 0.50859 0.69475
vn -0.50859 0.50859 0.69475
vn -0.69474 0.18616 0.69475
vn -0.69474 0.18616 0.69475
vn -0.69474 -0.18616 0.69475
vn -0.69474 -0.18616 0.69475
vn -0.50859 -0.50859 0.69475
vn -0.50859 -0.50859 0.69475
vn -0.18615 -0.69474 0.69475
vn 0.18616 -0.69475 0.69475
vn 0.18615 -0.69474 0.69475
vn 0.50859 -0.50859 0.69475
vn 0.50859 -0.50859 0.69475
vn 0.69474 -0.18616 0.69475
vn 0.69474 0.18616 0.69475
vn 0.50859 0.50859 0.69475
vn 0.50859 0.50859 0.69475
vn 0.18616 0.69474 0.69475
vn 0.18616 0.69475 0.69475
vn -0.18616 0.69474 0.69475
vn -0.25882 0.96593 0
vn -0.25882 0.96593 0
vn -0.96593 0.25882 0
vn -0.25882 -0.96593 0
vn -0.25882 -0.96593 0
vn 0.25882 -0.96593 -0
vn 0.25882 -0.96593 0
vn 0.96593 0.25882 -0
vn 0.25882 0.96593 -0
vn 0.25882 0.96593 -0
vn -0.69474 0.18616 0.69475
vn -0.69474 0.18616 0.69475
vn -0.18615 -0.69474 0.69475
vn 0.18615 -0.69474 0.69475
vn 0.18615 -0.69474 0.69475
vn 0.69474 0.18616 0.69475
vn 0.69474 0.18616 0.69475
vn 0.18615 0.69474 0.69475
vn -0.18615 0.69474 0.69475
vn -0.18615 0.69474 0.69475
vn -0.25882 0.96593 0
vn -0.96593 0.25882 0
vn -0.96593 -0.25882 0
vn -0.25882 -0.96593 0
vn 0.25882 -0.96593 -0
vn 0.96593 -0.25882 0
vn 0.96593 0.25882 -0
vn 0.25882 0.96593 -0
vn -0.25882 0.96593 0
vn -0.25882 0.96593 0
vn -0.70711 0.70711 0
vn -0.96593 -0.25882 0
vn -0.70711 -0.70711 0
vn -0.25882 -0.96593 0
vn -0.25882 -0.96593 0
vn 0.25882 -0.96593 -0
vn 0.25882 -0.96593 0
vn 0.70711 -0.70711 0
vn 0.96593 -0.25882 0
vn 0.70711 0.70711 -0
vn 0.25882 0.96593 -0
vn 0.25882 0.96593 -0
vn -0.50859 0.50859 0.69475
vn -0.50859 0.50859 0.69475
vn -0.69474 0.18616 0.69475
vn -0.69474 0.18616 0.69475
vn -0.69474 -0.18616 0.69475
vn -0.69474 -0.18616 0.69475
vn -0.50859 -0.50859 0.69475
vn -0.50859 -0.50859 0.69475
vn -0.18616 -0.69474 0.69475
vn -0.18616 -0.69474 0.69475
vn 0.18616 -0.69474 0.69475
vn 0.18616 -0.69474 0.69475
vn 0.50859 -0.50859 0.69475
vn 0.50859 -0.50859 0.69475
vn 0.69474 -0.18616 0.69475
vn 0.69474 -0.18616 0.69475
vn 0.69474 0.18616 0.69475
vn 0.69474 0.18616 0.69475
vn 0.50859 0.50859 0.69475
vn 0.50859 0.50859 0.69475
vn 0.18616 0.69474 0.69475
vn 0.18616 0.69474 0.69475
vn -0.18616 0.69474 0.69475
vn -0.18616 0.69474 0.69475
vn -0.96593 0.25882 0
vn -0.96593 -0.25882 0
vn -0.25882 -0.96593 0
vn 0.25882 -0.96593 -0
vn 0.96593 -0.25882 0
vn 0.96593 0.25882 -0
vn -0.25882 0.96593 0
vn -0.25882 0.96593 0
vn -0.70711 0.70711 0
vn -0.70711 -0.70711 0
vn -0.25882 -0.96593 0
vn -0.25882 -0.96593 0
vn 0.25882 -0.96593 -0
vn 0.25882 -0.96593 0
vn 0.70711 -0.70711 0
vn 0.70711 0.70711 -0
vn 0.25882 0.96593 -0
vn 0.25882 0.96593 -0
vn -0.50859 0.50859 0.69475
vn -0.50859 0.50859 0.69475
vn -0.69474 0.18616 0.69475
vn -0.69474 -0.18616 0.69475
vn -0.69474 -0.18616 0.69475
vn -0.50859 -0.50859 0.69475
vn -0.50859 -0.50859 0.69475
vn -0.18616 -0.69474 0.69475
vn -0.18616 -0.69474 0.69475
vn 0.18616 -0.69474 0.69475
vn 0.18616 -0.69474 0.69475
vn 0.50859 -0.50859 0.69475
vn 0.50859 -0.50859 0.69475
vn 0.69474 -0.18616 0.69475
vn 0.69474 0.18616 0.69475
vn 0.69474 0.18616 0.69475
vn 0.50859 0.50859 0.69475
vn 0.50859 0.50859 0.69475
vn 0.18616 0.69474 0.69475
vn 0.18616 0.69474 0.69475
vn -0.18616 0.69474 0.69475
vn -0.18616 0.69474 0.69475
vn -0.96593 -0.25882 0
vn 0.96593 -0.25882 0
vn -0.69474 -0.18616 0.69475
vn -0.69474 -0.18616 0.69475
vn 0.69474 -0.18616 0.69475
vn 0.69474 -0.18616 0.69475
vn -0.25882 -0.96593 0
vn 0.25882 -0.96593 -0
vn -0.96593 0.25882 0
vn 0.96593 0.25882 -0
vn -0.96593 0.25882 0
vn 0.96593 0.25882 -0
vn -0.50858 0.50858 0.69476
vn -0.50858 0.50858 0.69476
vn -0.69474 0.18616 0.69475
vn -0.69474 -0.18615 0.69475
vn -0.50859 -0.50859 0.69474
vn -0.18616 -0.69475 0.69474
vn -0.18616 -0.69475 0.69475
vn 0.18616 -0.69475 0.69474
vn 0.50859 -0.50859 0.69474
vn 0.50858 -0.50858 0.69476
vn 0.69474 -0.18615 0.69475
vn 0.69474 -0.18615 0.69475
vn 0.69474 0.18616 0.69475
vn 0.69474 0.18616 0.69475
vn 0.50858 0.50858 0.69476
vn 0.18615 0.69473 0.69476
vn -0.18615 0.69473 0.69476
vn -0.11417 0 0.99346
vn -0.36714 0.00469 0.93015
vn -0.19509 -0.00269 0.98078
vn -0.44229 0 0.89687
vn -0.98079 0 0.19509
vn -0.98595 0.00089 0.16705
vn -0.89687 -0.00043 0.44229
vn -0.90911 -0 0.41655
vn -0.79335 0 0.60876
vn -0.82687 0.00119 0.56239
vn -0.60876 -0.00171 0.79335
vn -0.66864 0.00061 0.74359
vn -0.51774 -0 0.85554
vn 0.5659 -0 0.82448
vn 0.75064 0.00304 0.66071
vn 0.99425 0 0.10706
vn 0.98078 0.00152 0.19509
vn 0.93267 -0.00093 0.36073
vn 0.89687 -0 0.44229
vn 0.85884 -0 0.51225
vn 0.79335 0.00026 0.60876
vn 0.60876 -0.00455 0.79334
vn 0.16879 -0 0.98565
vn 0.41813 0 0.90839
vn 0.44229 -0.00039 0.89687
vn 0.19509 0.00072 0.98078
vn -0.99425 0 0.10706
vn -0.98078 -0.00152 0.19509
vn -0.93267 0.00093 0.36073
vn -0.60876 0.00455 0.79334
vn -0.8588 -0.00242 0.51231
vn -0.79335 -0 0.60876
vn -0.89687 0 0.44229
vn -0.16879 0 0.98565
vn -0.19509 -0.00072 0.98078
vn -0.41815 0.00028 0.90838
vn -0.44229 -0 0.89687
vn -0.5659 0 0.82448
vn -0.75064 -0.00304 0.66071
vn 0.44229 -0 0.89687
vn 0.36746 0.00085 0.93004
vn 0.19509 -0.00148 0.98078
vn 0.11417 0 0.99346
vn 0.98079 0 0.19509
vn 0.98595 -0.00089 0.16705
vn 0.89687 0.00043 0.44229
vn 0.90911 0 0.41655
vn 0.79335 -0 0.60876
vn 0.82687 -0.00119 0.56239
vn 0.60876 0.00171 0.79335
vn 0.66864 -0.00061 0.74359
vn 0.51774 0 0.85554
vn -0.39532 0.91807 0.02934
vn -0.4133 0.90928 0.04888
vn -0.37373 0.92753 0.00182
vn -0.37417 0.92735 0.00328
vn -0.38275 0.92383 -0.00681
vn -0.43213 0.90029 0.05228
vn -0.42332 0.90594 -0.00903
vn -0.51844 0.85503 0.01179
vn -0.51577 0.85673 0
vn 0.24177 -0.97033 0.00288
vn 0.24475 -0.96957 0.00578
vn 0.24363 -0.96987 0.00274
vn 0.16825 -0.98574 0
vn 0.16726 -0.98591 0.00373
vn 0.23195 -0.97273 -0.0003
vn -0.4133 -0.90928 0.04888
vn -0.3716 -0.92839 0.00138
vn -0.37458 -0.92719 0.00281
vn -0.37849 -0.92561 -0.00178
vn -0.39159 -0.92013 0.00355
vn -0.41621 -0.90867 0.0329
vn -0.43271 -0.9015 -0.00702
vn -0.51574 -0.85667 0.01118
vn -0.51848 -0.85509 0
vn 0.24363 0.96987 0.00274
vn 0.16726 0.98591 -0
vn 0.16825 0.98574 0.00367
vn 0.23195 0.97273 -0.0003
vn 0.24394 0.96978 0.00358
vn 0.2367 0.97152 0.01126
vn -0.93926 -0.34321 -0
vn -0.93926 -0.34321 0
vn 0.93926 -0.34321 0
vn 0.93926 -0.34321 0
vn -0.93926 0.34321 0
vn -0.93926 0.34321 0
vn 0.93926 0.34321 0
vn 0.93926 0.34321 -0
vn -0.24177 0.97033 0.00288
vn -0.24475 0.96957 0.00578
vn -0.24363 0.96987 0.00274
vn -0.16825 0.98574 0
vn -0.16726 0.98591 0.00373
vn -0.23195 0.97273 -0.0003
vn 0.96087 -0.27658 -0.01557
vn 0.96568 -0.25974 0
vn 0.99015 -0.13967 0.00935
vn 0.99599 -0.08746 -0.0187
vn 0.99939 -0.03503 0
vn 0.99939 0.03503 -0
vn 0.99599 0.08746 -0.0187
vn 0.99015 0.13967 0.00935
vn 0.9656 0.25972 -0.01247
vn 0.96098 0.27661 0
vn 0.39532 -0.91807 0.02934
vn 0.4133 -0.90928 0.04888
vn 0.37373 -0.92753 0.00182
vn 0.37417 -0.92735 0.00328
vn 0.38275 -0.92383 -0.00681
vn 0.43213 -0.90029 0.05228
vn 0.42332 -0.90594 -0.00903
vn 0.51844 -0.85503 0.01179
vn 0.51577 -0.85673 0
vn -0.24363 -0.96987 0.00274
vn -0.16726 -0.98591 0
vn -0.16825 -0.98574 0.00367
vn -0.23195 -0.97273 -0.0003
vn -0.24394 -0.96978 0.00358
vn -0.2367 -0.97152 0.01126
vn 0.4133 0.90928 0.04888
vn 0.3716 0.92839 0.00138
vn 0.37458 0.92719 0.00281
vn 0.37849 0.92561 -0.00178
vn 0.39159 0.92013 0.00355
vn 0.41621 0.90867 0.0329
vn 0.43271 0.9015 -0.00702
vn 0.51574 0.85667 0.01118
vn 0.51848 0.85509 0
vn 0.32191 0.94677 -0
vn -0.5189 -0.8533 0.05116
vn -0.52701 -0.84656 0.07481
vn -0.44035 -0.89778 0.00875
vn -0.41597 -0.90938 0.00109
vn -0.40105 -0.91605 -0.00013
vn -0.2698 -0.96291 0.00359
vn -0.29627 -0.95331 0.05852
vn -0.25655 -0.96653 0
vn -0.72993 -0.6817 0.04985
vn -0.71579 -0.69831 0
vn -0.61348 -0.78971 0
vn -0.88684 -0.45952 0.04852
vn -0.87799 -0.47867 0
vn -0.80421 -0.59434 0
vn -0.97799 -0.20323 0.04716
vn -0.97474 -0.22334 0
vn -0.935 -0.35466 0
vn -0.99662 0.06817 0.04579
vn -0.99882 0.04863 0
vn -0.99607 -0.08854 0
vn -0.94133 0.33455 0.0444
vn -0.94843 0.31698 0
vn -0.98289 0.18419 0
vn -0.81621 0.57615 0.04298
vn -0.82734 0.5617 0
vn -0.89643 0.44318 0
vn -0.63054 0.77504 0.04155
vn -0.64457 0.76455 0
vn -0.74315 0.66913 0
vn -0.33 0.94389 0.01339
vn -0.31678 0.94847 0.00687
vn -0.35405 0.93468 0.03198
vn -0.38663 0.91913 0.07561
vn -0.3967 0.91329 0.09231
vn -0.4642 0.88573 0
vn -0.53446 0.8452 0
vn 0.41484 0.90286 0.11296
vn 0.39739 0.91488 0.07125
vn 0.48907 0.87224 0
vn 0.38154 0.92277 0.05415
vn 0.36633 0.92985 0.03445
vn 0.35333 0.93527 0.02085
vn 0.81697 0.57668 0
vn 0.83622 0.53381 0.12561
vn 0.76178 0.64784 -0
vn 0.63109 0.77571 -0
vn 0.66082 0.74028 0.12371
vn 0.55815 0.82974 -0
vn 0.99767 0.06824 0
vn 0.99139 0.02019 0.1294
vn 0.98771 0.15631 -0
vn 0.94226 0.33488 -0
vn 0.94921 0.28766 0.12751
vn 0.90861 0.41764 -0
vn 0.88789 -0.46007 0
vn 0.8564 -0.49883 0.13319
vn 0.92459 -0.38097 0
vn 0.97908 -0.20346 0
vn 0.95965 -0.24866 0.1313
vn 0.99317 -0.11668 0
vn 0.40263 -0.91536 -0
vn 0.51954 -0.85436 0.01226
vn 0.47541 -0.86975 0.1324
vn 0.59089 -0.80675 0
vn 0.73084 -0.68255 0
vn 0.68938 -0.7117 0.13508
vn 0.78708 -0.61685 0
vn 0.22911 -0.9734 0
vn 0.26427 -0.96364 0.03935
vn 0.27774 -0.95884 0.05912
vn 0.26954 -0.96202 0.04319
vn 0.36979 -0.92911 0.0028
vn 0.39313 -0.91948 1E-05
vn 0.20821 0.97808 -0
vn 0.1361 0.99021 0.03087
vn -0.26124 -0.96527 0.00397
vn -0.14098 -0.99001 0
vn -0.06824 -0.99767 0
vn -0.02343 -0.99952 -0.0204
vn 0.06824 -0.99764 0.00701
vn 0.11291 -0.9936 0
vn -0.295 0.9555 0
vn -0.18045 0.98358 0
vn -0.13612 0.99031 0.02738
vn -0.04484 0.99899 0
vn 0.07309 0.99733 -0
vn 0.25882 -0.96593 0
vn 0.96593 -0.25882 0
vn 0.96593 0.25882 -0
vn 0.70711 0.70711 -0
vn 0.25882 0.96593 -0
vn -0.25882 0.96593 0
vn -0.70711 0.70711 0
vn -0.96593 0.25882 0
vn -0.96593 -0.25882 0
vn -0.70711 -0.70711 0
vn -0.25882 -0.96593 0
vn 0.50859 -0.50859 0.69475
vn 0.50859 -0.50859 0.69475
vn 0.69475 -0.18616 0.69475
vn 0.69475 -0.18616 0.69475
vn 0.69475 0.18616 0.69475
vn 0.69475 0.18616 0.69475
vn 0.50859 0.50859 0.69475
vn 0.50859 0.50859 0.69475
vn 0.18616 0.69475 0.69475
vn 0.18616 0.69475 0.69475
vn -0.18616 0.69475 0.69475
vn -0.18616 0.69475 0.69475
vn -0.50859 0.50859 0.69475
vn -0.50859 0.50859 0.69475
vn -0.69475 0.18616 0.69475
vn -0.69475 0.18616 0.69475
vn -0.69475 -0.18616 0.69475
vn -0.69475 -0.18616 0.69475
vn -0.50859 -0.50859 0.69475
vn -0.50859 -0.50859 0.69475
vn -0.18616 -0.69475 0.69475
vn -0.18616 -0.69475 0.69475
vn 0.18616 -0.69475 0.69475
vn 0.18616 -0.69475 0.69475
vn 0.70711 -0.70711 0
vn 0.96593 -0.25882 0
vn 0.96593 0.25882 -0
vn -0.70711 0.70711 0
vn -0.96593 0.25882 0
vn -0.96593 -0.25882 0
vn -0.70711 -0.70711 0
vn 0.50859 -0.50859 0.69475
vn 0.69475 -0.18616 0.69475
vn 0.69475 0.18616 0.69475
vn 0.69475 0.18616 0.69475
vn 0.50859 0.50859 0.69475
vn 0.18616 0.69475 0.69475
vn 0.18616 0.69475 0.69475
vn -0.18616 0.69475 0.69475
vn -0.50859 0.50859 0.69475
vn -0.50859 0.50859 0.69475
vn -0.69475 0.18616 0.69475
vn -0.69475 -0.18616 0.69475
vn -0.69475 -0.18616 0.69475
vn -0.50859 -0.50859 0.69475
vn -0.50859 -0.50859 0.69475
vn -0.18616 -0.69475 0.69475
vn -0.18616 -0.69475 0.69475
vn 0.18616 -0.69475 0.69475
vn 0.25882 -0.96593 -0
vn 0.70711 -0.70711 0
vn 0.70711 0.70711 -0
vn 0.25882 0.96593 -0
vn -0.25882 0.96593 0
vn -0.70711 0.70711 0
vn -0.70711 -0.70711 0
vn -0.25882 -0.96593 0
vn 0.50859 -0.50859 0.69475
vn 0.50859 -0.50859 0.69475
vn 0.69475 -0.18616 0.69475
vn 0.69475 -0.18616 0.69475
vn 0.69475 0.18616 0.69475
vn 0.69475 0.18616 0.69475
vn 0.50859 0.50859 0.69475
vn 0.50859 0.50859 0.69475
vn 0.18616 0.69475 0.69475
vn 0.18616 0.69475 0.69475
vn -0.18616 0.69475 0.69475
vn -0.18616 0.69475 0.69475
vn -0.50859 0.50859 0.69475
vn -0.50859 0.50859 0.69475
vn -0.69475 0.18616 0.69475
vn -0.69475 0.18616 0.69475
vn -0.69475 -0.18616 0.69475
vn -0.69475 -0.18616 0.69475
vn -0.50859 -0.50859 0.69475
vn -0.50859 -0.50859 0.69475
vn -0.18616 -0.69475 0.69475
vn -0.18616 -0.69475 0.69475
vn 0.18616 -0.69475 0.69475
vn 0.18616 -0.69475 0.69475
vn 0.70711 -0.70711 0
vn 0.70711 0.70711 -0
vn -0.70711 -0.70711 0
vn 0.50859 -0.50859 0.69475
vn 0.50859 -0.50859 0.69475
vn 0.69475 -0.18616 0.69475
vn 0.69475 0.18616 0.69475
vn 0.69475 0.18616 0.69475
vn 0.50859 0.50859 0.69475
vn 0.50859 0.50859 0.69475
vn -0.50859 0.50859 0.69475
vn -0.50859 0.50859 0.69475
vn -0.69475 0.18616 0.69475
vn -0.69475 -0.18616 0.69475
vn -0.69475 -0.18616 0.69475
vn -0.50859 -0.50859 0.69475
vn -0.50859 -0.50859 0.69475
vn 0.70711 -0.70711 0
vn 0.70711 0.70711 -0
vn -0.70711 0.70711 0
vn 0.50859 -0.50859 0.69475
vn 0.50859 -0.50859 0.69475
vn 0.69475 0.18616 0.69475
vn 0.69475 0.18616 0.69475
vn 0.50859 0.50859 0.69475
vn 0.50859 0.50859 0.69475
vn -0.50859 0.50859 0.69475
vn -0.69475 -0.18616 0.69475
vn -0.69475 -0.18616 0.69475
vn -0.50859 -0.50859 0.69475
vn 0.70711 -0.70711 0
vn 0.70711 0.70711 -0
vn -0.70711 0.70711 0
vn -0.70711 -0.70711 0
vn 0.50859 -0.50859 0.69475
vn 0.50859 -0.50859 0.69475
vn 0.50859 0.50859 0.69475
vn 0.50859 0.50859 0.69475
vn 0.18616 0.69475 0.69475
vn -0.18616 0.69475 0.69475
vn -0.18616 0.69475 0.69475
vn -0.50859 0.50859 0.69475
vn -0.50859 0.50859 0.69475
vn -0.50859 -0.50859 0.69475
vn -0.50859 -0.50859 0.69475
vn -0.18616 -0.69475 0.69475
vn 0.18616 -0.69475 0.69475
vn 0.18616 -0.69475 0.69475
vn -0.93926 0.34321 0
vn 0.93926 0.34321 -0
vn 0.93926 -0.34321 0
vn -0.93926 -0.34321 0
vn 0.25882 -0.96593 0
vn 0.25882 -0.96593 0
vn 0.70711 -0.70711 0
vn 0.96593 -0.25882 0
vn 0.96593 0.25882 -0
vn 0.70711 0.70711 -0
vn 0.25882 0.96593 -0
vn 0.25882 0.96593 -0
vn -0.25882 0.96593 0
vn -0.25882 0.96593 0
vn -0.70711 0.70711 0
vn -0.96593 0.25882 0
vn -0.96593 -0.25882 0
vn -0.70711 -0.70711 0
vn -0.25882 -0.96593 0
vn -0.25882 -0.96593 -0
vn 0.25882 -0.96593 -0
vn 0.96593 -0.25882 0
vn 0.96593 0.25882 -0
vn 0.25882 0.96593 -0
vn -0.25882 0.96593 0
vn -0.96593 0.25882 0
vn -0.96593 -0.25882 0
vn -0.25882 -0.96593 0
vn -0.95779 -0.28748 -0
vn -0.95769 -0.28781 -0.00034
vn -0.97926 -0.2026 0.00017
vn -0.97919 -0.20294 -0
vn -0.98947 -0.14476 -0
vn -0.98936 -0.14545 -0.00035
vn -0.99834 -0.05766 0.00068
vn -0.9983 -0.05836 -0
vn 0.99834 -0.05766 0
vn 0.9983 -0.05836 0.00067
vn 0.98947 -0.14476 -0.00034
vn 0.98937 -0.14545 0
vn 0.97926 -0.2026 0
vn 0.97919 -0.20294 0.00017
vn 0.95779 -0.28748 -0.00034
vn 0.95769 -0.28781 0
vn 0.95779 0.28748 0
vn 0.95769 0.28781 -0.00034
vn 0.97926 0.2026 0.00017
vn 0.97919 0.20294 0
vn 0.98947 0.14476 0
vn 0.98936 0.14545 -0.00035
vn 0.99834 0.05766 0.00068
vn 0.9983 0.05836 0
vn -0.99834 0.05766 0
vn -0.9983 0.05836 0.00067
vn -0.98947 0.14476 -0.00034
vn -0.98937 0.14545 0
vn -0.97926 0.2026 0
vn -0.97919 0.20294 0.00017
vn -0.95779 0.28748 -0.00034
vn -0.95769 0.28781 0
vn -0.66112 0.75028 0
vn 0.66112 -0.75028 0
vn -0.40633 0.91373 0.00073
vn -0.41292 0.91077 -0.00164
vn -0.41293 0.91076 -0.00167
vn -0.42487 0.90526 0
vn -0.33 0.94309 -0.04108
vn -0.41289 0.91078 -0.00168
vn -0.40294 0.91523 0
vn -0.40416 0.91469 -0.00144
vn -0.40313 0.91514 -0.00092
vn -0.24042 0.97067 -0.00104
vn -0.24436 0.96968 0.00307
vn -0.23778 0.97122 -0.01361
vn -0.32722 0.94431 -0.03467
vn -0.23844 0.97116 0
vn -0.24784 0.9688 -0.00227
vn -0.24909 0.96848 -0.00096
vn -0.24895 0.96851 -0.0015
vn -0.24042 -0.97067 -0.00104
vn -0.2401 -0.97075 -0.00137
vn -0.2468 -0.96907 0.00064
vn -0.33007 -0.94328 -0.03579
vn -0.24167 -0.97036 -0.00125
vn -0.25001 -0.96824 -0
vn -0.24876 -0.96856 -0.0013
vn -0.24998 -0.96825 -0.00077
vn -0.41293 -0.91076 -0.00167
vn -0.40878 -0.91263 0.00323
vn -0.4151 -0.90964 -0.01554
vn -0.32712 -0.94403 -0.04241
vn -0.41633 -0.90921 0
vn -0.40569 -0.91401 -0.00324
vn -0.40387 -0.91482 -0.0011
vn -0.40398 -0.91477 -0.00162
vn 0.40633 -0.91373 0.00073
vn 0.41292 -0.91077 -0.00164
vn 0.41293 -0.91076 -0.00167
vn 0.42487 -0.90526 0
vn 0.33 -0.94309 -0.04108
vn 0.41289 -0.91078 -0.00168
vn 0.40294 -0.91523 0
vn 0.40416 -0.91469 -0.00144
vn 0.40313 -0.91514 -0.00092
vn 0.24042 -0.97067 -0.00104
vn 0.24436 -0.96968 0.00307
vn 0.23778 -0.97122 -0.01361
vn 0.32722 -0.94431 -0.03467
vn 0.23844 -0.97116 0
vn 0.24784 -0.9688 -0.00227
vn 0.24909 -0.96848 -0.00096
vn 0.24895 -0.96851 -0.0015
vn 0.24042 0.97067 -0.00104
vn 0.2401 0.97075 -0.00137
vn 0.2468 0.96907 0.00064
vn 0.33007 0.94328 -0.03579
vn 0.24167 0.97036 -0.00125
vn 0.25001 0.96824 0
vn 0.24876 0.96856 -0.0013
vn 0.24998 0.96825 -0.00077
vn 0.41293 0.91076 -0.00167
vn 0.40878 0.91263 0.00323
vn 0.4151 0.90964 -0.01554
vn 0.32712 0.94403 -0.04241
vn 0.41633 0.90921 0
vn 0.40569 0.91401 -0.00324
vn 0.40387 0.91482 -0.0011
vn 0.40398 0.91477 -0.00162
vn 0.22983 -0.97323 0
vn 0.15546 -0.98784 0
vn 0.11188 -0.99299 -0.03804
vn 0.57004 -0.81889 -0.06688
vn 0.47584 -0.87953 0
vn 0.73917 -0.66991 -0.0697
vn 0.69934 -0.71463 0.01539
vn 0.77504 -0.63191 0
vn 0.94388 -0.33028 0
vn 0.95736 -0.27892 -0.07533
vn 0.92273 -0.38545 0
vn 0.8705 -0.4868 -0.07251
vn 0.81266 -0.58274 0
vn 0.99292 0.11188 -0.03992
vn 0.99837 0.05707 -0
vn 0.99371 -0.11196 0
vn 0.99532 -0.05689 -0.07814
vn 0.9857 -0.16849 0
vn 0.94313 0.33002 -0.03982
vn 0.96008 0.27971 0
vn 0.9857 0.16849 0
vn 0.70656 0.70656 -0.03931
vn 0.74097 0.67154 0
vn 0.78803 0.61564 0
vn 0.81265 0.58273 0.00522
vn 0.85157 0.52327 -0.03188
vn 0.8728 0.48808 0
vn 0.92273 0.38545 0
vn 0.42487 0.90526 0
vn 0.47584 0.87953 0
vn 0.53163 0.84608 -0.03891
vn 0.57132 0.82073 0
vn 0.66112 0.75028 0
vn 0.11188 0.99299 -0.03804
vn 0.15546 0.98784 0
vn 0.22983 0.97323 0
vn -0.22983 0.97323 0
vn -0.15546 0.98784 0
vn -0.11188 0.99299 -0.03804
vn -0.04387 0.99904 -0
vn 0.04387 0.99904 0
vn -0.57004 0.81889 -0.06688
vn -0.47584 0.87953 0
vn -0.73917 0.66991 -0.0697
vn -0.69934 0.71463 0.01539
vn -0.77504 0.63191 0
vn -0.94388 0.33028 0
vn -0.95736 0.27892 -0.07533
vn -0.92273 0.38545 0
vn -0.8705 0.4868 -0.07251
vn -0.81266 0.58274 0
vn -0.99292 -0.11188 -0.03992
vn -0.99837 -0.05707 0
vn -0.99371 0.11196 -0
vn -0.99532 0.05689 -0.07814
vn -0.9857 0.16849 0
vn -0.94313 -0.33002 -0.03982
vn -0.96008 -0.27971 -0
vn -0.9857 -0.16849 -0
vn -0.70656 -0.70656 -0.03931
vn -0.74097 -0.67154 -0
vn -0.78803 -0.61564 -0
vn -0.81265 -0.58273 0.00522
vn -0.85157 -0.52327 -0.03188
vn -0.8728 -0.48808 -0
vn -0.92273 -0.38545 -0
vn -0.42487 -0.90526 0
vn -0.47584 -0.87953 -0
vn -0.53163 -0.84608 -0.03891
vn -0.57132 -0.82073 -0
vn -0.66112 -0.75028 -0
vn 0.04387 -0.99904 0
vn -0.04387 -0.99904 -0
vn -0.11188 -0.99299 -0.03804
vn -0.15546 -0.98784 -0
vn -0.22983 -0.97323 -0
vn -0 0.19063 0.98166
vn 0 0.90825 0.41843
vn -0.00327 0.92549 0.37876
vn 0.00497 0.90587 0.42352
vn 0.00296 0.90774 0.41952
vn 0 0.82553 0.56436
vn 0 0.76035 0.64952
vn 0 0.58468 0.81126
vn 0 0.38936 0.92109
vn 0 -0.19063 0.98166
vn 0 -0.90825 0.41843
vn 0.00327 -0.92549 0.37876
vn -0.00497 -0.90587 0.42352
vn -0.00296 -0.90774 0.41952
vn 0 -0.82553 0.56436
vn 0 -0.76035 0.64952
vn 0 -0.58468 0.81126
vn 0 -0.38936 0.92109
vn -0.96593 -0.25882 0.00021
vn -0.91048 -0.4066 -0.07559
vn -0.94755 -0.31638 -0.04529
vn -0.98805 -0.15415 -0
vn -0.70671 -0.70671 -0.03356
vn -0.75403 -0.6566 -0.01783
vn -0.82088 -0.5711 -7E-05
vn -0.25882 -0.96593 -0
vn -0.18053 -0.98185 -0.05819
vn -0.37423 -0.92728 -0.00996
vn -0.46044 -0.88769 -2E-05
vn -0.62103 -0.78379 6E-05
vn 0.11546 -0.99331 0
vn 0.19504 -0.98051 -0.02384
vn 0.29483 -0.95555 -0.00264
vn 0.55556 -0.83145 0.00693
vn 0.53042 -0.84769 -0.00812
vn 0.72758 -0.68602 0.00192
vn 0.83139 -0.55552 -0.01412
vn 0.87475 -0.48447 0.00972
vn 0.98073 -0.19508 -0.01034
vn 0.9873 -0.15886 0
vn 0.98805 0.15415 -0
vn 0.98072 0.19508 -0.0113
vn 0.94491 0.32732 -0.00129
vn 0.86479 0.50211 0.00464
vn 0.83139 0.55552 -0.0137
vn 0.75046 0.66092 -0.0015
vn 0.55556 0.83145 0.00664
vn 0.58848 0.80845 -0.01027
vn 0.19509 0.98078 0
vn 0.16716 0.98581 -0.01561
vn 0.37012 0.92898 0.00163
vn -0.11546 0.99331 0
vn -0.25858 0.96503 -0.04306
vn -0.303 0.95264 -0.02594
vn -0.82212 0.56932 -8E-05
vn -0.73324 0.67959 -0.02258
vn -0.70669 0.70669 -0.03416
vn -0.59323 0.80503 4E-05
vn -0.42975 0.90295 -3E-05
vn -0.91232 0.40948 0.0001
vn -0.96553 0.25871 -0.02866
vn -0.9873 0.15886 0
vn -0.99335 0.11511 0
vn -0.97274 0.08609 -0.21531
vn -0.95604 0.29325 0
vn -0.95389 0.26606 -0.13896
vn -0.97605 0.21755 0
vn -0.98616 0.16582 0
vn -0.96323 -0.26867 0
vn -0.93593 -0.28708 -0.204
vn -0.99611 -0.08815 -0
vn -0.98317 -0.11393 -0.1428
vn -0.98616 -0.16582 0
vn -0.97605 -0.21755 -0
vn 0.99335 -0.11511 0
vn 0.97274 -0.08609 -0.21531
vn 0.95604 -0.29325 0
vn 0.95389 -0.26606 -0.13896
vn 0.97605 -0.21755 0
vn 0.98616 -0.16582 0
vn 0.96323 0.26867 -0
vn 0.93593 0.28708 -0.204
vn 0.99611 0.08815 0
vn 0.98317 0.11393 -0.1428
vn 0.98616 0.16582 0
vn 0.97605 0.21755 0
vn 0.31855 0.09333 0.9433
vn 0.06342 0.01993 0.99779
vn 0.25009 0.06956 0.96572
vn 0.20537 0.04945 0.97743
vn 0.26324 0.07204 0.96204
vn 0.74817 0.15134 0.64602
vn 0.72383 0.13597 0.67645
vn 0.70202 0.11264 0.70319
vn 0.70179 0.09838 0.70556
vn 0.95549 0.11828 0.27029
vn 0.77621 0.159 0.61009
vn 0.94637 0.19353 0.2587
vn 0.94814 0.19616 0.2501
vn 0.80769 0.04665 0.58776
vn 0.99751 0.05803 0.04006
vn 0.9654 0.14124 0.21919
vn 0.95632 0.12612 0.2637
vn 0.95557 0.124 0.2674
vn 0.92526 0.27771 0.2584
vn 0.92526 0.27771 0.2584
vn 0.67784 0.20345 0.7065
vn 0.67784 0.20345 0.7065
vn 0.39915 0.1198 0.90903
vn 0.36625 0.12662 0.92186
vn 0.92121 0.33662 0.19509
vn 0.84125 0.31094 0.44228
vn 0.90725 0.33152 0.25882
vn 0.74516 0.27229 0.60876
vn 0.66377 0.24374 0.70711
vn 0.57178 0.20893 0.79335
vn 0.41544 0.1518 0.89687
vn 0.24281 0.08962 0.96592
vn 0.18324 0.06696 0.98079
vn 0.18792 -0.05409 0.98069
vn 0.18792 0.05409 0.98069
vn 0.18792 0.05409 0.98069
vn 0.42588 0.12259 0.89643
vn 0.53621 0.14795 0.83102
vn 0.19555 0 0.98069
vn 0.55652 0 0.83084
vn 0.8321 0 0.55463
vn 0.19363 -0.02731 0.98069
vn 0.19363 -0.02731 0.98069
vn 0.55106 -0.07773 0.83084
vn 0.55106 -0.07773 0.83084
vn 0.80116 0.22433 0.55481
vn 0.76309 0.21965 0.60782
vn 0.58591 0.16865 0.79263
vn 0.18792 -0.05409 0.98069
vn 0.42588 -0.12259 0.89643
vn 0.53621 -0.14795 0.83102
vn 0.58591 -0.16865 0.79263
vn 0.76309 -0.21965 0.60782
vn 0.82394 -0.11622 0.55463
vn 0.82394 -0.11622 0.55463
vn 0.80116 -0.22433 0.55481
vn 0.86229 -0.2482 0.44141
vn 0.9426 0.27132 0.19463
vn 0.9426 0.27132 0.19463
vn 0.86229 0.2482 0.44141
vn 0.19363 0.02731 0.98069
vn 0.19363 0.02731 0.98069
vn 0.55106 0.07773 0.83084
vn 0.55106 0.07773 0.83084
vn 0.82394 0.11622 0.55463
vn 0.82394 0.11622 0.55463
vn 0.97126 0.137 0.19463
vn 0.97126 0.137 0.19463
vn 0.98021 0.03435 0.19498
vn 0.94997 0 0.31235
vn 0.98021 -0.03435 0.19498
vn 0.97126 -0.137 0.19463
vn 0.97126 -0.137 0.19463
vn 0.9426 -0.27132 0.19463
vn 0.9426 -0.27132 0.19463
vn 0.92121 -0.33662 0.19509
vn 0.92121 -0.33662 0.19509
vn 0.8424 -0.30782 0.44229
vn 0.8424 -0.30782 0.44229
vn 0.74516 -0.27229 0.60876
vn 0.74516 -0.27229 0.60876
vn 0.57178 -0.20893 0.79335
vn 0.57178 -0.20893 0.79335
vn 0.41544 -0.1518 0.89687
vn 0.41544 -0.1518 0.89687
vn 0.18324 -0.06696 0.98079
vn 0.18324 -0.06696 0.98079
vn 0.80769 -0.04665 0.58776
vn 0.8018 -0.1543 0.57733
vn 0.80091 -0.15404 0.57864
vn 0.77924 -0.14311 0.61017
vn 0.81267 -0.17604 0.5555
vn 0.63256 -0.14197 0.76139
vn 0.54705 -0.1642 0.82084
vn 0.60432 -0.07577 0.79313
vn 0.58978 -0.11131 0.79985
vn 0.1863 -0.05855 0.98075
vn 0.03819 0.00917 0.99923
vn 0.11451 -0.02431 0.99313
vn 0.58237 -0.17909 0.79296
vn 0.42409 -0.12771 0.89657
vn 0.32196 -0.09886 0.94158
vn 0.22149 -0.06533 0.97297
vn 0.96046 -0.19871 0.19501
vn 0.97019 -0.19107 0.14905
vn 0.96081 -0.14057 0.23892
vn 0.97796 -0.1192 0.17142
vn 0.99751 -0.05803 0.04006
vn 0.93944 -0.28197 0.19477
vn 0.93944 -0.28197 0.19477
vn 0.7968 -0.23916 0.55491
vn 0.85538 -0.2702 0.44194
vn 0.76035 -0.22822 0.6081
vn -0.80769 0.04665 0.58776
vn -0.9484 0.19621 0.24907
vn -0.94642 0.19328 0.2587
vn -0.7714 0.15803 0.61641
vn -0.95547 0.11865 0.27017
vn -0.95563 0.12408 0.26715
vn -0.96081 0.14057 0.23892
vn -0.97796 0.1192 0.17142
vn -0.99751 0.05803 0.04006
vn -0.24716 0.07768 0.96586
vn -0.053 -0.02082 0.99838
vn -0.12967 0.0164 0.99142
vn -0.23441 0.06129 0.9702
vn -0.32984 0.09728 0.93901
vn -0.38691 0.11569 0.91483
vn -0.42301 0.12696 0.89719
vn -0.37751 0.14012 0.91534
vn -0.70126 0.1012 0.70569
vn -0.71456 0.13027 0.68734
vn -0.7445 0.14898 0.65079
vn -0.92526 0.27771 0.2584
vn -0.92526 0.27771 0.2584
vn -0.67784 0.20345 0.7065
vn -0.755 0.24436 0.6085
vn -0.5837 0.1752 0.79285
vn -0.74544 0.27152 0.60876
vn -0.8362 0.30727 0.45427
vn -0.79302 0.29064 0.5354
vn -0.75714 0.27705 0.59159
vn -0.72938 0.26671 0.62998
vn -0.92941 0.34237 0.13775
vn -0.90941 0.33354 0.24843
vn -0.87535 0.32027 0.36221
vn -0.90725 0.33152 0.25882
vn -0.93762 0.34755 0.00827
vn -0.9362 0.34601 0.06167
vn -0.71333 0.26075 0.65051
vn -0.55769 0.20341 0.80474
vn -0.57198 0.20839 0.79335
vn -0.19799 0.07324 0.97746
vn -0.2431 0.08883 0.96592
vn -0.20334 -0.05853 0.97736
vn -0.58012 0.08183 0.81041
vn -0.6001 0 0.79992
vn -0.57877 -0.0868 0.81086
vn -0.61066 -0.08614 0.78719
vn -0.55119 -0.15899 0.81909
vn -0.55278 -0.15911 0.818
vn -0.55705 -0.20001 0.80604
vn -0.54124 0.31342 0.78028
vn -0.59306 -0.21959 0.77463
vn -0.55612 0.20771 0.80473
vn -0.55705 0.20001 0.80604
vn -0.55278 0.15911 0.818
vn -0.55119 0.15899 0.81909
vn -0.60689 0.09102 0.78956
vn -0.20334 -0.05853 0.97736
vn -0.20952 -0.02955 0.97736
vn -0.20952 -0.02955 0.97736
vn -0.2116 0 0.97736
vn -0.20952 0.02955 0.97736
vn -0.20952 0.02955 0.97736
vn -0.20334 0.05853 0.97736
vn -0.20334 0.05853 0.97736
vn -0.83863 -0.30646 0.45031
vn -0.92123 -0.33656 0.19509
vn -0.87315 -0.32162 0.36628
vn -0.90956 -0.33338 0.2481
vn -0.93064 -0.34039 0.13436
vn -0.93776 -0.34267 0.0564
vn -0.93926 -0.34321 0.00171
vn -0.56854 -0.23801 0.78747
vn -0.58943 -0.22937 0.77457
vn -0.5723 -0.20752 0.79335
vn -0.79302 -0.29064 0.5354
vn -0.74515 -0.27233 0.60876
vn -0.8424 -0.30779 0.44229
vn -0.18324 -0.06696 0.98079
vn -0.19835 -0.07225 0.97746
vn -0.41542 -0.15185 0.89687
vn -0.42915 -0.15682 0.88951
vn -0.64151 -0.23441 0.73042
vn -0.51747 -0.25241 0.81763
vn -0.95632 -0.12612 0.2637
vn -0.9654 -0.14124 0.21919
vn -0.99751 -0.05803 0.04006
vn -0.80769 -0.04665 0.58776
vn -0.30992 -0.09515 0.94599
vn -0.06342 -0.01993 0.99779
vn -0.18827 -0.05314 0.98068
vn -0.1915 -0.05443 0.97998
vn -0.25153 -0.07525 0.96492
vn -0.59369 -0.08918 0.79973
vn -0.80179 -0.15426 0.57735
vn -0.96249 -0.18872 0.19495
vn -0.9713 -0.20095 0.12727
vn -0.80458 -0.15507 0.57324
vn -0.78194 -0.14566 0.60609
vn -0.81267 -0.17604 0.5555
vn -0.65277 -0.14587 0.74338
vn -0.604 -0.12837 0.78658
vn -0.93944 -0.28197 0.19477
vn -0.93944 -0.28197 0.19477
vn -0.8593 -0.25792 0.44167
vn -0.79562 -0.24333 0.55478
vn -0.76035 -0.22822 0.6081
vn -0.53868 -0.16168 0.82685
vn -0.58196 -0.18026 0.79299
vn -0.42399 -0.12798 0.89658
vn -0 -0.1779 -0.98405
vn -0.03847 -0.09873 -0.99437
vn 0.05112 -0.45374 -0.88967
vn 0.00028 -0.3336 -0.94271
vn -0.00024 -0.6271 -0.77894
vn -0.01577 -0.57707 -0.81654
vn 0.01884 -0.81197 -0.58339
vn 0.00017 -0.76463 -0.64447
vn -0.0001 -0.91158 -0.41113
vn -0.00427 -0.89781 -0.44037
vn 0.00808 -0.98738 -0.15817
vn -0 -0.98128 -0.19259
vn -0.18324 0.06696 -0.98079
vn -0.17382 0.08704 -0.98092
vn -0.4189 0.14223 -0.89682
vn -0.39897 0.14676 -0.90514
vn -0.57229 0.20754 -0.79335
vn -0.58824 0.20146 -0.78319
vn -0.74186 0.28122 -0.60873
vn -0.75833 0.27782 -0.5897
vn -0.84254 0.30741 -0.44229
vn -0.85783 0.30586 -0.41301
vn -0.91549 0.3519 -0.19506
vn -0.9273 0.33884 -0.15908
vn 0.34686 -0.00914 -0.93787
vn 0.18238 -0.02122 -0.983
vn 0.07969 -0 -0.99682
vn 0.34481 0.02524 -0.93833
vn 0.18235 -0.02123 -0.983
vn 0.98483 0 -0.17351
vn 0.98125 -0.0014 -0.19272
vn 0.90637 0.00055 -0.42249
vn 0.8974 -4E-05 -0.44122
vn 0.81932 5E-05 -0.57334
vn 0.76399 -0.0032 -0.64522
vn 0.64334 0.00326 -0.76557
vn 0.57182 -7E-05 -0.82038
vn 0.31494 0.00015 -0.94911
vn 0.20797 -0.01408 -0.97803
vn -0.93772 0.28763 -0.19483
vn -0.18676 0.05729 -0.98073
vn -0.18496 0.02153 -0.98251
vn -0.18495 0.02152 -0.98251
vn -0.2517 0.02898 -0.96737
vn -0.18957 0.04607 -0.98078
vn -0.2006 0.01563 -0.97955
vn -0.20152 0.00681 -0.97946
vn -0.55129 0.06916 -0.83144
vn -0.68573 0.02079 -0.72756
vn -0.55348 0.03553 -0.8321
vn -0.24604 0.0483 -0.96806
vn -0.40651 0.01242 -0.91356
vn -0.24728 0.01641 -0.9688
vn -0.98764 0.07101 -0.1397
vn -0.94934 0.08164 -0.30347
vn -0.82758 0.08246 -0.55526
vn -0.88677 0.051 -0.45938
vn -0.79639 0.06351 -0.60144
vn -0.18803 0.03659 -0.98148
vn -0.54586 0.10623 -0.83111
vn -0.54586 0.10623 -0.83111
vn -0.81651 0.1589 -0.55504
vn -0.81651 0.1589 -0.55504
vn -0.18676 0.05729 -0.98073
vn -0.42332 0.12985 -0.89663
vn -0.52852 0.17466 -0.83076
vn -0.58251 0.17867 -0.79295
vn -0.79526 0.24393 -0.55504
vn -0.75296 0.25032 -0.60859
vn -0.85768 0.26308 -0.4418
vn -0.93772 0.28763 -0.19483
vn -0.95731 0.21337 -0.19503
vn -0.97051 0.18887 -0.14978
vn -0.96722 0.16264 -0.19502
vn -0.97702 0.08646 -0.19484
vn 0.92121 0.33662 -0.19509
vn 0.9205 0.35791 -0.15677
vn 0.84594 0.29798 -0.44227
vn 0.85637 0.31222 -0.41128
vn 0.74488 0.27307 -0.60876
vn 0.75702 0.28951 -0.58575
vn 0.57658 0.19563 -0.79327
vn 0.589 0.21338 -0.77945
vn 0.41518 0.15246 -0.89687
vn 0.39727 0.1375 -0.90734
vn 0.17569 0.08747 -0.98055
vn 0.16709 0.06105 -0.98405
vn 0 -0.07969 -0.99682
vn 0.02323 -0.16174 -0.98656
vn -0.05112 -0.45374 -0.88967
vn -0.00028 -0.3336 -0.94271
vn 0.00024 -0.6271 -0.77894
vn 0.01577 -0.57707 -0.81654
vn -0.01884 -0.81197 -0.58339
vn -0.00017 -0.76463 -0.64447
vn 0.0001 -0.91158 -0.41113
vn 0.00427 -0.89781 -0.44037
vn -0.00808 -0.98738 -0.15817
vn 0.95731 0.21337 -0.19503
vn 0.42332 0.12985 -0.89663
vn 0.24732 0.01483 -0.96882
vn 0.20152 0.00681 -0.97946
vn 0.2006 0.01563 -0.97955
vn 0.25528 0.01654 -0.96672
vn 0.2517 0.02898 -0.96737
vn 0.18496 0.02153 -0.98251
vn 0.18495 0.02152 -0.98251
vn 0.98636 0.08729 -0.13957
vn 0.97801 0.07478 -0.19472
vn 0.94934 0.08164 -0.30347
vn 0.88474 0.08291 -0.45865
vn 0.82994 0.05942 -0.55468
vn 0.79639 0.06351 -0.60144
vn 0.40571 0.04252 -0.91301
vn 0.55348 0.03553 -0.8321
vn 0.55556 0.03532 -0.83073
vn 0.64298 0.05677 -0.76377
vn 0.74312 0.06562 -0.66594
vn 0.18676 0.05729 -0.98073
vn 0.18676 0.05729 -0.98073
vn 0.18957 0.04607 -0.98078
vn 0.57664 0.19547 -0.79327
vn 0.53166 0.16308 -0.83111
vn 0.75887 0.23277 -0.60823
vn 0.79178 0.25575 -0.55469
vn 0.85768 0.26308 -0.4418
vn 0.93772 0.28763 -0.19483
vn 0.93772 0.28763 -0.19483
vn 0.18803 0.03659 -0.98148
vn 0.54586 0.10623 -0.83111
vn 0.54586 0.10623 -0.83111
vn 0.81651 0.1589 -0.55504
vn 0.81651 0.1589 -0.55504
vn 0.96278 0.18736 -0.19483
vn 0.9806 0.16489 -0.10603
vn -0.34686 -0.00914 -0.93787
vn -0.3447 0.02498 -0.93838
vn -0.03561 -0.00414 -0.99936
vn -0.07968 -3E-05 -0.99682
vn -0.98128 -0 -0.19259
vn -0.98483 -0.00156 -0.17351
vn -0.89747 0.00072 -0.44107
vn -0.90637 -5E-05 -0.42249
vn -0.81932 5E-05 -0.57334
vn -0.76399 -0.0032 -0.64522
vn -0.64334 0.00326 -0.76557
vn -0.57182 -7E-05 -0.82038
vn -0.31494 0.00015 -0.94911
vn -0.20797 -0.01408 -0.97803
vn 0.00086 0.00032 -1
vn 0.01797 0.00658 -0.99982
vn 0.20198 0.07094 -0.97682
vn 0.76609 0.28311 -0.57703
vn 0.74262 0.27167 -0.61213
vn 0.6043 0.22059 -0.76561
vn 0.62714 0.23061 -0.74399
vn 0.45361 0.16356 -0.87606
vn 0.45077 0.16223 -0.87777
vn 0.16104 0.06233 -0.98498
vn 0.93877 0.34303 -0.0322
vn 0.93237 0.34204 -0.11704
vn 0.91448 0.33988 -0.21957
vn 0.90767 0.3351 -0.25267
vn 0.84932 0.30909 -0.42791
vn -0.2435 -0.96935 -0.03266
vn -0.13305 -0.73579 -0.66401
vn -0.00031 -0.00158 -1
vn -0.52233 -0.83027 -0.19448
vn -0.51707 -0.8466 -0.12611
vn -0.51546 -0.8562 -0.03502
vn -0.43241 -0.66755 -0.60613
vn -0.45026 -0.76919 -0.45345
vn -0.4963 -0.82438 -0.27216
vn -0.19843 -0.20396 -0.95866
vn -0.0768 -0.17286 -0.98195
vn -0.08909 -0.056 -0.99445
vn -0.09336 -0.49716 -0.86262
vn -0.06292 -0.33537 -0.93998
vn -0.15963 -0.95807 -0.23796
vn -0.1483 -0.96962 -0.19451
vn -0.16385 -0.98241 -0.08954
vn -0.16817 -0.98529 -0.03043
vn -0.27307 -0.94903 -0.1574
vn -0.31025 -0.93059 -0.1943
vn -0.29609 -0.93014 -0.21721
vn -0.27383 -0.90819 -0.31656
vn -0.33691 -0.88653 -0.31711
vn -0.3905 -0.87887 -0.27405
vn -0.38234 -0.91193 -0.14896
vn -0.39655 -0.89713 -0.1947
vn -0.41368 -0.9101 -0.02414
vn -0.01034 -0.16504 -0.98623
vn -0.03677 -0.19175 -0.98075
vn -0.05642 -0.18714 -0.98071
vn -0.05642 -0.18714 -0.98071
vn -0.07557 -0.18004 -0.98075
vn -0.14209 -0.39142 -0.90918
vn -0.30296 -0.46772 -0.83033
vn -0.22589 -0.5084 -0.83097
vn -0.22589 -0.5084 -0.83097
vn -0.1606 -0.53264 -0.83097
vn -0.1606 -0.53264 -0.83097
vn -0.08166 -0.55088 -0.83058
vn -0.11501 -0.64807 -0.75284
vn -0.3211 -0.56872 -0.75727
vn -0.41231 -0.72226 -0.55529
vn -0.33782 -0.7603 -0.55482
vn -0.33782 -0.7603 -0.55482
vn -0.24017 -0.79655 -0.55482
vn -0.24017 -0.79655 -0.55482
vn -0.1236 -0.82309 -0.5543
vn -0.15422 -0.86287 -0.48132
vn 0 0.97569 -0.21918
vn 0.00548 0.98137 -0.19207
vn -0.0017 0.88559 -0.46446
vn -5E-05 0.8974 -0.44123
vn 0.00016 0.73786 -0.67496
vn 0.00933 0.76656 -0.6421
vn -0.00369 0.53905 -0.84226
vn -8E-05 0.57182 -0.82038
vn 0.00023 0.27677 -0.96094
vn 0.02013 0.34259 -0.93927
vn -0.00629 0.02134 -0.99975
vn 0 0.07969 -0.99682
vn -0.99956 0 -0.02972
vn -0.07969 0 -0.99682
vn -0.00444 0.00661 -0.99997
vn -0.34378 -0.02286 -0.93877
vn -0.16851 0.02388 -0.98541
vn -0.34868 0.006 -0.93722
vn -0.44181 -6E-05 -0.89711
vn -0.57182 8E-05 -0.82038
vn -0.56844 0.00039 -0.82273
vn -0.76483 -0.0008 -0.64423
vn -0.67001 0.01905 -0.7421
vn -0.75608 0.00554 -0.65445
vn -0.83814 -4E-05 -0.54546
vn -0.8974 5E-05 -0.44123
vn -0.9049 -0.00086 -0.42563
vn -0.98124 0.00222 -0.1928
vn -0.97259 0.00763 -0.23239
vn -0.99616 0.00129 -0.08754
vn 0.16851 0.02388 -0.98541
vn 0.34378 -0.02286 -0.93877
vn 0.00444 0.00661 -0.99997
vn 0.07969 0 -0.99682
vn 0.67001 0.01905 -0.7421
vn 0.76483 -0.0008 -0.64423
vn 0.56844 0.00039 -0.82273
vn 0.57182 8E-05 -0.82038
vn 0.44181 -6E-05 -0.89711
vn 0.34868 0.006 -0.93722
vn 0.99956 0 -0.02972
vn 0.99616 0.00129 -0.08754
vn 0.97259 0.00763 -0.23239
vn 0.98124 0.00222 -0.1928
vn 0.9049 -0.00086 -0.42563
vn 0.8974 5E-05 -0.44123
vn 0.83814 -4E-05 -0.54546
vn 0.75608 0.00554 -0.65445
vn 0.38169 -0.67095 -0.63573
vn 0.00034 -0.00081 -1
vn 0.11501 -0.64807 -0.75284
vn 0.15422 -0.86287 -0.48132
vn 0.15963 -0.95807 -0.23796
vn 0.1483 -0.96962 -0.19451
vn 0.16385 -0.98241 -0.08954
vn 0.16817 -0.98529 -0.03043
vn -0.09183 -0.05966 -0.99399
vn 0.01034 -0.16504 -0.98623
vn 0.06292 -0.33537 -0.93998
vn 0.4963 -0.82438 -0.27216
vn 0.52233 -0.83027 -0.19448
vn 0.51707 -0.8466 -0.12611
vn 0.51546 -0.8562 -0.03502
vn 0.3905 -0.87887 -0.27405
vn 0.33691 -0.88653 -0.31711
vn 0.38604 -0.90173 -0.19455
vn 0.3988 -0.90324 -0.15847
vn 0.41355 -0.90981 -0.03488
vn 0.28771 -0.9038 -0.3168
vn 0.28006 -0.92884 -0.24254
vn 0.33768 -0.92948 -0.14846
vn 0.27488 -0.94153 -0.19482
vn 0.24354 -0.96952 -0.02685
vn 0.14209 -0.39142 -0.90918
vn 0.19838 -0.20415 -0.95863
vn 0.07687 -0.173 -0.98192
vn 0.07611 -0.17984 -0.98075
vn 0.05642 -0.18714 -0.98071
vn 0.05642 -0.18714 -0.98071
vn 0.03785 -0.1915 -0.98076
vn 0.09336 -0.49716 -0.86262
vn 0.08166 -0.55088 -0.83058
vn 0.1606 -0.53264 -0.83097
vn 0.1606 -0.53264 -0.83097
vn 0.22589 -0.5084 -0.83097
vn 0.22589 -0.5084 -0.83097
vn 0.30296 -0.46772 -0.83033
vn 0.3211 -0.56872 -0.75727
vn 0.13305 -0.73579 -0.66401
vn 0.1236 -0.82309 -0.5543
vn 0.24017 -0.79655 -0.55482
vn 0.24017 -0.79655 -0.55482
vn 0.33782 -0.7603 -0.55482
vn 0.33782 -0.7603 -0.55482
vn 0.44042 -0.70614 -0.55443
vn 0.45026 -0.76919 -0.45345
vn 0.00629 0.02134 -0.99975
vn -0.02013 0.34259 -0.93927
vn -0.00023 0.27677 -0.96094
vn 8E-05 0.57182 -0.82038
vn 0.00369 0.53905 -0.84226
vn -0.00933 0.76656 -0.6421
vn -0.00016 0.73786 -0.67496
vn 5E-05 0.8974 -0.44123
vn 0.0017 0.88559 -0.46446
vn -0.00548 0.98137 -0.19207
vn -0.01798 0.00657 -0.99982
vn -0.00082 0.00058 -1
vn -0.26236 0.09202 -0.96057
vn -0.16945 0.07682 -0.98254
vn -0.39065 0.1428 -0.9094
vn -0.50547 0.18467 -0.84285
vn -0.52557 0.19129 -0.82896
vn -0.69168 0.25573 -0.67542
vn -0.92882 0.35221 -0.11507
vn -0.93201 0.36109 -0.03122
vn -0.91642 0.33487 -0.21917
vn -0.63109 0.24292 -0.73669
vn -0.74266 0.27188 -0.612
vn -0.83176 0.30373 -0.46468
vn -0.84932 0.30909 -0.42791
vn -0.90767 0.3351 -0.25267
vn -0.00052 -0.00019 -1
vn -0.39065 -0.1428 -0.9094
vn -0.16945 -0.07682 -0.98254
vn -0.26236 -0.09202 -0.96057
vn -0.01797 -0.00658 -0.99982
vn -0.63109 -0.24292 -0.73669
vn -0.52594 -0.19214 -0.82854
vn -0.50608 -0.18377 -0.84268
vn -0.69168 -0.25573 -0.67542
vn -0.91642 -0.33487 -0.21917
vn -0.93201 -0.36109 -0.03122
vn -0.92882 -0.35221 -0.11507
vn -0.90767 -0.3351 -0.25267
vn -0.83256 -0.30195 -0.4644
vn -0.84925 -0.30996 -0.42743
vn -0.74266 -0.27188 -0.612
vn 0.13305 0.73579 -0.66401
vn 0.00031 0.00158 -1
vn 0.41365 0.91003 -0.02719
vn 0.52233 0.83027 -0.19448
vn 0.51707 0.8466 -0.12611
vn 0.51546 0.8562 -0.03502
vn 0.43241 0.66755 -0.60613
vn 0.45026 0.76919 -0.45345
vn 0.4963 0.82438 -0.27216
vn 0.19838 0.20415 -0.95863
vn 0.07687 0.173 -0.98192
vn 0.09037 0.04347 -0.99496
vn 0.09336 0.49716 -0.86262
vn 0.06292 0.33537 -0.93998
vn 0.15963 0.95807 -0.23796
vn 0.1483 0.96962 -0.19451
vn 0.16385 0.98241 -0.08954
vn 0.16817 0.98529 -0.03043
vn 0.39555 0.89757 -0.19469
vn 0.38261 0.91132 -0.15199
vn 0.3905 0.87887 -0.27405
vn 0.33691 0.88653 -0.31711
vn 0.27383 0.90819 -0.31656
vn 0.29609 0.93014 -0.21721
vn 0.27764 0.92857 -0.24631
vn 0.31096 0.93035 -0.19429
vn 0.2628 0.95377 -0.14581
vn 0.24357 0.96963 -0.0221
vn 0.01034 0.16504 -0.98623
vn 0.03677 0.19175 -0.98075
vn 0.05642 0.18714 -0.98071
vn 0.05642 0.18714 -0.98071
vn 0.07557 0.18004 -0.98075
vn 0.14209 0.39142 -0.90918
vn 0.30296 0.46772 -0.83033
vn 0.22589 0.5084 -0.83097
vn 0.22589 0.5084 -0.83097
vn 0.1606 0.53264 -0.83097
vn 0.1606 0.53264 -0.83097
vn 0.08166 0.55088 -0.83058
vn 0.11501 0.64807 -0.75284
vn 0.3211 0.56872 -0.75727
vn 0.41231 0.72226 -0.55529
vn 0.33782 0.7603 -0.55482
vn 0.33782 0.7603 -0.55482
vn 0.24017 0.79655 -0.55482
vn 0.24017 0.79655 -0.55482
vn 0.1236 0.82309 -0.5543
vn 0.15422 0.86287 -0.48132
vn 0 -0.97569 -0.21918
vn -0.00548 -0.98137 -0.19207
vn 0.0017 -0.88559 -0.46446
vn 5E-05 -0.8974 -0.44123
vn -0.00016 -0.73786 -0.67496
vn -0.00933 -0.76656 -0.6421
vn 0.00369 -0.53905 -0.84226
vn 8E-05 -0.57182 -0.82038
vn -0.00023 -0.27677 -0.96094
vn -0.02013 -0.34259 -0.93927
vn 0.00629 -0.02134 -0.99975
vn 0.00444 -0.00661 -0.99997
vn 0.34378 0.02286 -0.93877
vn 0.16851 -0.02388 -0.98541
vn 0.34868 -0.006 -0.93722
vn 0.44181 6E-05 -0.89711
vn 0.57182 -8E-05 -0.82038
vn 0.56844 -0.00039 -0.82273
vn 0.76483 0.0008 -0.64423
vn 0.67001 -0.01905 -0.7421
vn 0.75608 -0.00554 -0.65445
vn 0.83814 4E-05 -0.54546
vn 0.8974 -5E-05 -0.44123
vn 0.9049 0.00086 -0.42563
vn 0.98124 -0.00222 -0.1928
vn 0.97259 -0.00763 -0.23239
vn 0.99616 -0.00129 -0.08754
vn 0.98128 0 -0.19259
vn 0.98483 0.00156 -0.17351
vn 0.89747 -0.00072 -0.44107
vn 0.90637 5E-05 -0.42249
vn 0.81932 -5E-05 -0.57334
vn 0.76399 0.0032 -0.64522
vn 0.64334 -0.00326 -0.76557
vn 0.57182 7E-05 -0.82038
vn 0.34687 0.008 -0.93788
vn 0.32231 -0.00015 -0.94664
vn 0.21146 0.01311 -0.9773
vn 0.3447 -0.02498 -0.93838
vn 0.03561 0.00414 -0.99936
vn 0.07968 3E-05 -0.99682
vn -0.95731 -0.21337 -0.19503
vn -0.42332 -0.12985 -0.89663
vn -0.25455 -0.02864 -0.96664
vn -0.98636 -0.08729 -0.13957
vn -0.97801 -0.07478 -0.19472
vn -0.94934 -0.08164 -0.30347
vn -0.88474 -0.08291 -0.45865
vn -0.82994 -0.05942 -0.55468
vn -0.79639 -0.06351 -0.60144
vn -0.40571 -0.04252 -0.91301
vn -0.55348 -0.03553 -0.8321
vn -0.55556 -0.03532 -0.83073
vn -0.64298 -0.05677 -0.76377
vn -0.74312 -0.06562 -0.66594
vn -0.20152 -0.00681 -0.97946
vn -0.24732 -0.01483 -0.96882
vn -0.24755 -0.01488 -0.96876
vn -0.20072 -0.01451 -0.97954
vn -0.18496 -0.02153 -0.98251
vn -0.18495 -0.02152 -0.98251
vn -0.18676 -0.05729 -0.98073
vn -0.18676 -0.05729 -0.98073
vn -0.18957 -0.04608 -0.98078
vn -0.57664 -0.19547 -0.79327
vn -0.53166 -0.16308 -0.83111
vn -0.75887 -0.23277 -0.60823
vn -0.79178 -0.25575 -0.55469
vn -0.85768 -0.26308 -0.4418
vn -0.93772 -0.28763 -0.19483
vn -0.93772 -0.28763 -0.19483
vn -0.18803 -0.03659 -0.98148
vn -0.54586 -0.10623 -0.83111
vn -0.54586 -0.10623 -0.83111
vn -0.81651 -0.1589 -0.55504
vn -0.81651 -0.1589 -0.55504
vn -0.96278 -0.18736 -0.19483
vn -0.9806 -0.16489 -0.10603
vn -0.02323 0.16174 -0.98656
vn 0.05112 0.45374 -0.88967
vn 0.00028 0.3336 -0.94271
vn -0.00024 0.6271 -0.77894
vn -0.01577 0.57707 -0.81654
vn 0.01884 0.81197 -0.58339
vn 0.00017 0.76463 -0.64447
vn -0.0001 0.91158 -0.41113
vn -0.00427 0.89781 -0.44037
vn 0.00808 0.98738 -0.15817
vn 0 0.98128 -0.19259
vn -0.92121 -0.33662 -0.19509
vn -0.9205 -0.35791 -0.15677
vn -0.84594 -0.29798 -0.44227
vn -0.85637 -0.31222 -0.41128
vn -0.74488 -0.27307 -0.60876
vn -0.75702 -0.28951 -0.58575
vn -0.57658 -0.19563 -0.79327
vn -0.589 -0.21338 -0.77945
vn -0.41518 -0.15246 -0.89687
vn -0.39727 -0.1375 -0.90734
vn -0.17569 -0.08747 -0.98055
vn -0.16709 -0.06105 -0.98405
vn -0.99616 -0.00129 -0.08754
vn -0.97259 -0.00763 -0.23239
vn -0.98124 -0.00222 -0.1928
vn -0.9049 0.00086 -0.42563
vn -0.8974 -5E-05 -0.44123
vn -0.83814 4E-05 -0.54546
vn -0.75608 -0.00554 -0.65445
vn -0.67001 -0.01905 -0.7421
vn -0.76483 0.0008 -0.64423
vn -0.56844 -0.00039 -0.82273
vn -0.57182 -8E-05 -0.82038
vn -0.44181 6E-05 -0.89711
vn -0.34868 -0.006 -0.93722
vn -0.16851 -0.02388 -0.98541
vn -0.34378 0.02286 -0.93877
vn -0.00444 -0.00661 -0.99997
vn -0.38169 0.67095 -0.63573
vn -0.0002 0.00048 -1
vn -0.11501 0.64807 -0.75284
vn -0.24357 0.96963 -0.0221
vn -0.15422 0.86287 -0.48132
vn -0.15963 0.95807 -0.23796
vn -0.1483 0.96962 -0.19451
vn -0.16385 0.98241 -0.08954
vn -0.16817 0.98529 -0.03043
vn 0.09183 0.05966 -0.99399
vn -0.01034 0.16504 -0.98623
vn -0.06292 0.33537 -0.93998
vn -0.4963 0.82438 -0.27216
vn -0.52233 0.83027 -0.19448
vn -0.51707 0.8466 -0.12611
vn -0.51546 0.8562 -0.03502
vn -0.3905 0.87887 -0.27405
vn -0.26936 0.94312 -0.19488
vn -0.34042 0.92922 -0.14375
vn -0.28006 0.92884 -0.24254
vn -0.28771 0.9038 -0.3168
vn -0.33691 0.88653 -0.31711
vn -0.38604 0.90173 -0.19455
vn -0.40147 0.90339 -0.15067
vn -0.41365 0.91003 -0.02719
vn -0.14209 0.39142 -0.90918
vn -0.19843 0.20396 -0.95866
vn -0.0768 0.17286 -0.98195
vn -0.07602 0.17987 -0.98075
vn -0.05642 0.18714 -0.98071
vn -0.05642 0.18714 -0.98071
vn -0.03785 0.1915 -0.98076
vn -0.09336 0.49716 -0.86262
vn -0.08166 0.55088 -0.83058
vn -0.1606 0.53264 -0.83097
vn -0.1606 0.53264 -0.83097
vn -0.22589 0.5084 -0.83097
vn -0.22589 0.5084 -0.83097
vn -0.30296 0.46772 -0.83033
vn -0.3211 0.56872 -0.75727
vn -0.13305 0.73579 -0.66401
vn -0.1236 0.82309 -0.5543
vn -0.24017 0.79655 -0.55482
vn -0.24017 0.79655 -0.55482
vn -0.33782 0.7603 -0.55482
vn -0.33782 0.7603 -0.55482
vn -0.44042 0.70614 -0.55443
vn -0.45026 0.76919 -0.45345
vn -0.00629 -0.02134 -0.99975
vn 0.02013 -0.34259 -0.93927
vn 0.00023 -0.27677 -0.96094
vn -8E-05 -0.57182 -0.82038
vn -0.00369 -0.53905 -0.84226
vn 0.00933 -0.76656 -0.6421
vn 0.00016 -0.73786 -0.67496
vn -5E-05 -0.8974 -0.44123
vn -0.0017 -0.88559 -0.46446
vn 0.00548 -0.98137 -0.19207
vn 0.01798 -0.00657 -0.99982
vn 0.00107 -0.00067 -1
vn 0.26234 -0.09205 -0.96058
vn 0.16962 -0.07687 -0.98251
vn 0.39065 -0.1428 -0.9094
vn 0.50547 -0.18467 -0.84285
vn 0.52557 -0.19129 -0.82896
vn 0.69168 -0.25573 -0.67542
vn 0.92882 -0.35221 -0.11507
vn 0.93201 -0.36109 -0.03122
vn 0.91642 -0.33487 -0.21917
vn 0.63109 -0.24292 -0.73669
vn 0.74266 -0.27188 -0.612
vn 0.83176 -0.30373 -0.46468
vn 0.84932 -0.30909 -0.42791
vn 0.90767 -0.3351 -0.25267
vn 0.18324 -0.06696 -0.98079
vn 0.17382 -0.08704 -0.98092
vn 0.4189 -0.14223 -0.89682
vn 0.39897 -0.14676 -0.90514
vn 0.57229 -0.20754 -0.79335
vn 0.58824 -0.20146 -0.78319
vn 0.74186 -0.28122 -0.60873
vn 0.75833 -0.27782 -0.5897
vn 0.84254 -0.30741 -0.44229
vn 0.85783 -0.30586 -0.41301
vn 0.91549 -0.3519 -0.19506
vn 0.9273 -0.33884 -0.15908
vn 0 0.1779 -0.98405
vn 0.03847 0.09873 -0.99437
vn -0.05112 0.45374 -0.88967
vn -0.00028 0.3336 -0.94271
vn 0.00024 0.6271 -0.77894
vn 0.01577 0.57707 -0.81654
vn -0.01884 0.81197 -0.58339
vn -0.00017 0.76463 -0.64447
vn 0.0001 0.91158 -0.41113
vn 0.00427 0.89781 -0.44037
vn -0.00808 0.98738 -0.15817
vn 0.93772 -0.28763 -0.19483
vn 0.18676 -0.05729 -0.98073
vn 0.18516 -0.02251 -0.98245
vn 0.18495 -0.02152 -0.98251
vn 0.18496 -0.02153 -0.98251
vn 0.18957 -0.04608 -0.98078
vn 0.20072 -0.01451 -0.97954
vn 0.20152 -0.00681 -0.97946
vn 0.55129 -0.06916 -0.83144
vn 0.68573 -0.02079 -0.72756
vn 0.55348 -0.03553 -0.8321
vn 0.26416 -0.04773 -0.9633
vn 0.40659 -0.00831 -0.91357
vn 0.24731 -0.01488 -0.96882
vn 0.98764 -0.07101 -0.1397
vn 0.94934 -0.08164 -0.30347
vn 0.82758 -0.08246 -0.55526
vn 0.88677 -0.051 -0.45938
vn 0.79639 -0.06351 -0.60144
vn 0.2662 -0.0518 -0.96253
vn 0.54586 -0.10623 -0.83111
vn 0.54586 -0.10623 -0.83111
vn 0.81651 -0.1589 -0.55504
vn 0.81651 -0.1589 -0.55504
vn 0.18676 -0.05729 -0.98073
vn 0.42332 -0.12985 -0.89663
vn 0.52852 -0.17466 -0.83076
vn 0.58251 -0.17867 -0.79295
vn 0.79526 -0.24393 -0.55504
vn 0.75296 -0.25032 -0.60859
vn 0.85768 -0.26308 -0.4418
vn 0.93772 -0.28763 -0.19483
vn 0.95731 -0.21337 -0.19503
vn 0.97051 -0.18887 -0.14978
vn 0.96722 -0.16264 -0.19502
vn 0.97702 -0.08646 -0.19484
vn -0.34687 0.008 -0.93788
vn -0.18238 0.02122 -0.983
vn -0.34481 -0.02524 -0.93833
vn -0.18234 0.02123 -0.98301
vn -0.98483 -0 -0.17351
vn -0.98125 0.0014 -0.19272
vn -0.90637 -0.00055 -0.42249
vn -0.8974 4E-05 -0.44122
vn -0.81932 -5E-05 -0.57334
vn -0.76399 0.0032 -0.64522
vn -0.64334 -0.00326 -0.76557
vn -0.57182 7E-05 -0.82038
vn -0.32231 -0.00015 -0.94664
vn -0.21146 0.01311 -0.9773
vn 0.85056 0.52587 -0
vn 0.57306 0.81951 -0
vn 0.20201 0.97938 -0
vn 0.16803 0.85985 -0.4821
vn 0.08812 0.51398 -0.85327
vn 0.0204 0.00361 -0.99979
vn 0.00918 0.01313 -0.99987
vn -0.00361 0.0204 -0.99979
vn 0.17077 0.21718 -0.96108
vn 0.41862 0.21198 -0.88308
vn 0.14516 0.2324 -0.96173
vn 0.15753 0.22528 -0.96147
vn 0.15754 0.22528 -0.96147
vn -0.09004 0.41434 -0.90566
vn 0.12946 0.15997 -0.9786
vn 0.20404 0.68899 -0.69546
vn 0.7031 0.39294 -0.59266
vn 0.2141 0.68272 -0.69861
vn 0.40613 0.5808 -0.7055
vn 0.40614 0.5808 -0.7055
vn 0.44728 0.54792 -0.70691
vn 0.5148 0.35067 -0.78231
vn 0.82785 0.51183 -0.22957
vn 0.80132 0.54394 -0.24902
vn 0.55377 0.79192 -0.25729
vn 0.55377 0.79192 -0.25729
vn 0.19581 0.94929 -0.24598
vn 0.24039 0.94287 -0.23068
vn 0.99521 0.09776 0
vn 0.91834 -0.39579 0
vn 0.61235 -0.79058 0
vn 0.15359 -0.98814 0
vn -0.3435 -0.93915 -0
vn 0.00107 0.00067 -1
vn -0.34318 -0.93828 -0.04298
vn 0.153 -0.98439 -0.08697
vn -0.33851 -0.93898 -0.06107
vn -0.35069 -0.92377 -0.15386
vn -0.33213 -0.91811 -0.21623
vn -0.36699 -0.87495 -0.31589
vn -0.32039 -0.84557 -0.42703
vn -0.36764 -0.78833 -0.49334
vn -0.303 -0.72457 -0.61903
vn -0.34538 -0.67194 -0.65514
vn -0.23949 -0.58579 -0.77427
vn -0.26097 -0.56025 -0.78614
vn -0.21951 -0.4834 -0.84743
vn -0.2642 -0.42798 -0.86431
vn -0.06514 -0.30258 -0.95089
vn 0.60908 -0.78636 -0.10319
vn 0.15556 -0.98342 -0.0932
vn 0.1254 -0.93987 -0.31768
vn 0.14618 -0.94284 -0.29948
vn 0.0497 -0.8162 -0.57563
vn 0.11025 -0.8258 -0.55308
vn -0.03204 -0.65016 -0.75912
vn 0.05865 -0.66321 -0.74613
vn -0.07276 -0.50154 -0.86207
vn 0.03547 -0.49998 -0.86531
vn -0.05833 -0.38788 -0.91986
vn 0.00717 -0.3936 -0.91925
vn -0.07754 -0.29127 -0.95349
vn 0.04728 -0.24406 -0.96861
vn -0.05607 -0.12581 -0.99047
vn 0.04267 -0.049 -0.99789
vn 0.12756 -0.14645 -0.98096
vn 0.12357 -0.14872 -0.98113
vn 0.18853 -0.22689 -0.9555
vn 0.18562 -0.22705 -0.95603
vn 0.25201 -0.30825 -0.91732
vn 0.24645 -0.30955 -0.91839
vn 0.35408 -0.44473 -0.82271
vn 0.34888 -0.4453 -0.82461
vn 0.47808 -0.61021 -0.63173
vn 0.47449 -0.61083 -0.63383
vn 0.5744 -0.73945 -0.35112
vn 0.57322 -0.73976 -0.35238
vn 0.60922 -0.78621 -0.10355
vn 0.91439 -0.39408 -0.09272
vn 0.04464 -0.04702 -0.9979
vn 0.13074 0.04005 -0.99061
vn 0.21627 -0.05809 -0.9746
vn 0.30773 0.01454 -0.95136
vn 0.36294 -0.0512 -0.93041
vn 0.41053 -0.04256 -0.91085
vn 0.45565 -0.09872 -0.88467
vn 0.52612 -0.06624 -0.84783
vn 0.60758 -0.16989 -0.77588
vn 0.66222 -0.15105 -0.73393
vn 0.76124 -0.28199 -0.58395
vn 0.79365 -0.26536 -0.54745
vn 0.87363 -0.3678 -0.31857
vn 0.88356 -0.36021 -0.29929
vn 0.91369 -0.39688 -0.08753
vn -0.16351 -0.18907 -0.96825
vn 0.05452 -0.05958 -0.99673
vn 0.00021 -0.00023 -1
vn 0.20632 0.13975 -0.96845
vn 0.34947 -0.0263 -0.93658
vn 0.44302 0.2102 -0.87152
vn 0.5634 0.06668 -0.82349
vn 0.55837 0.19474 -0.80641
vn 0.68089 0.03662 -0.73147
vn 0.68115 0.24333 -0.69052
vn 0.8327 0.04422 -0.55196
vn 0.79933 0.22756 -0.55614
vn 0.9361 0.04197 -0.34921
vn 0.90286 0.17371 -0.39329
vn 0.98424 0.07062 -0.16214
vn 0.97085 0.11782 -0.20874
vn 0.99493 0.09043 -0.04406
vn 0.9934 0.09758 -0.06031
vn -0.34451 -0.93878 -0
vn -0.74421 -0.66795 -0
vn -0.97042 -0.24141 -0
vn -0.001 -0.00085 -1
vn -0.96993 -0.24128 -0.03206
vn -0.74364 -0.66744 -0.03903
vn -0.96955 -0.24223 -0.03615
vn -0.96637 -0.23919 -0.09441
vn -0.96463 -0.24119 -0.10637
vn -0.94184 -0.22462 -0.24996
vn -0.9267 -0.25 -0.28057
vn -0.87092 -0.19607 -0.45062
vn -0.79832 -0.243 -0.55103
vn -0.79024 -0.21096 -0.57533
vn -0.71864 -0.14549 -0.67999
vn -0.66666 -0.17084 -0.72552
vn -0.62595 -0.13391 -0.76828
vn -0.58083 -0.13305 -0.80308
vn -0.53725 -0.09492 -0.83806
vn -0.39618 -0.16391 -0.90342
vn -0.39545 -0.12157 -0.91041
vn -0.32351 -0.05824 -0.94443
vn -0.28593 -0.068 -0.95583
vn -0.17102 0.02995 -0.98481
vn -0.09571 -0.0798 -0.99221
vn -0.09494 -0.08091 -0.99219
vn -0.09442 -0.08167 -0.99218
vn -0.2088 -0.18061 -0.96114
vn -0.20882 -0.1813 -0.961
vn -0.31831 -0.27637 -0.90681
vn -0.31719 -0.27906 -0.90638
vn -0.42532 -0.3742 -0.82406
vn -0.42569 -0.37578 -0.82315
vn -0.49731 -0.43901 -0.7483
vn -0.49705 -0.44144 -0.74705
vn -0.61346 -0.54483 -0.57169
vn -0.61238 -0.54773 -0.57007
vn -0.71134 -0.63625 -0.29864
vn -0.71064 -0.63758 -0.29745
vn -0.73942 -0.6634 -0.11474
vn -0.73937 -0.66354 -0.11424
vn -0.74368 -0.66741 -0.03886
vn -0.00171 0.00019 -1
vn -8E-05 -0.00172 -1
vn -0.11576 -0.10013 -0.98822
vn 0.00475 -0.17377 -0.98477
vn -0.13389 -0.29487 -0.94611
vn -0.08297 -0.29452 -0.95204
vn -0.23378 -0.42234 -0.87577
vn -0.09979 -0.46229 -0.8811
vn -0.24261 -0.59019 -0.76994
vn -0.17881 -0.57592 -0.79771
vn -0.28907 -0.67017 -0.6836
vn -0.20129 -0.6697 -0.71483
vn -0.34727 -0.79271 -0.50101
vn -0.25474 -0.80442 -0.53667
vn -0.36059 -0.89862 -0.24991
vn -0.32042 -0.90548 -0.27828
vn -0.34531 -0.93378 -0.09388
vn -0.34109 -0.93395 -0.10674
vn -0.34552 -0.93787 -0.03187
vn -0.34428 -0.93816 -0.03631
vn -0.25882 0.96592 0
vn -0.70711 0.70711 0
vn -0.96593 0.25882 0
vn -0.85631 0.20885 -0.47235
vn -0.53527 0.09895 -0.83887
vn 0.01749 0.08837 -0.99593
vn -0.04142 0.04142 -0.99828
vn -0.08837 -0.01749 -0.99593
vn -0.22505 0.22169 -0.94879
vn -0.09895 0.53527 -0.83887
vn -0.27284 0.16899 -0.9471
vn -0.22669 0.22669 -0.94722
vn -0.22669 0.22669 -0.94722
vn -0.21902 0.23296 -0.9475
vn -0.15544 0.2597 -0.9531
vn -0.68379 0.25492 -0.6837
vn -0.20885 0.85631 -0.47235
vn -0.68229 0.25659 -0.68457
vn -0.50417 0.50417 -0.70116
vn -0.50417 0.50417 -0.70116
vn -0.25503 0.68317 -0.68428
vn -0.25721 0.6828 -0.68383
vn -0.25304 0.94435 -0.21017
vn -0.29359 0.92515 -0.24061
vn -0.68346 0.68346 -0.25644
vn -0.68346 0.68346 -0.25644
vn -0.93858 0.25149 -0.23628
vn -0.9293 0.30238 -0.21206
vn 0.25882 0.96592 0
vn 0.70711 0.70711 0
vn 0.96593 0.25882 0
vn 0.20885 0.85631 -0.47235
vn 0.09895 0.53527 -0.83887
vn 0.08837 -0.01749 -0.99593
vn 0.04142 0.04142 -0.99828
vn -0.01749 0.08837 -0.99593
vn 0.22169 0.22505 -0.94879
vn 0.53527 0.09895 -0.83887
vn 0.16899 0.27284 -0.9471
vn 0.22669 0.22669 -0.94722
vn 0.22669 0.22669 -0.94722
vn 0.23296 0.21902 -0.9475
vn 0.2597 0.15544 -0.9531
vn 0.25492 0.6838 -0.6837
vn 0.85631 0.20885 -0.47235
vn 0.25659 0.68229 -0.68457
vn 0.50417 0.50417 -0.70116
vn 0.50417 0.50417 -0.70116
vn 0.68317 0.25503 -0.68428
vn 0.6828 0.25721 -0.68383
vn 0.94435 0.25304 -0.21017
vn 0.92515 0.29359 -0.24061
vn 0.68346 0.68346 -0.25644
vn 0.68346 0.68346 -0.25644
vn 0.25149 0.93857 -0.23628
vn 0.30237 0.9293 -0.21206
vn 0.3435 -0.93915 0
vn -0.15359 -0.98814 -0
vn -0.61235 -0.79058 -0
vn -0.91834 -0.39579 -0
vn -0.99521 0.09776 0
vn 0.00076 -0.00101 -1
vn -0.91483 -0.39427 -0.08743
vn -0.31817 0.01166 -0.94796
vn -0.32947 0.04425 -0.94313
vn -0.50338 0.14172 -0.85237
vn -0.51832 0.12375 -0.84619
vn -0.59769 0.14839 -0.78787
vn -0.62595 0.11278 -0.77167
vn -0.72731 0.19189 -0.65894
vn -0.77744 0.12831 -0.61573
vn -0.84979 0.17265 -0.49804
vn -0.89939 0.10614 -0.42406
vn -0.93668 0.14122 -0.32046
vn -0.97216 0.09401 -0.21463
vn -0.9816 0.10939 -0.15653
vn -0.99379 0.09329 -0.06062
vn -0.99426 0.09766 -0.04377
vn -0.60906 -0.78633 -0.10355
vn -0.91346 -0.3962 -0.09283
vn -0.87909 -0.35632 -0.3166
vn -0.8771 -0.37428 -0.30101
vn -0.7793 -0.25077 -0.57429
vn -0.77441 -0.30297 -0.55543
vn -0.63964 -0.12526 -0.7584
vn -0.6317 -0.20361 -0.74799
vn -0.50464 -0.04095 -0.86236
vn -0.482 -0.13289 -0.86604
vn -0.39175 -0.01996 -0.91985
vn -0.38491 -0.07824 -0.91963
vn -0.29802 0.0258 -0.95421
vn -0.23535 -0.08044 -0.96858
vn -0.13056 0.04026 -0.99062
vn -0.04267 -0.049 -0.99789
vn -0.12682 -0.14561 -0.98118
vn -0.12393 -0.14915 -0.98102
vn -0.18734 -0.22547 -0.95607
vn -0.18661 -0.22827 -0.95555
vn -0.25027 -0.30613 -0.9185
vn -0.24778 -0.31122 -0.91747
vn -0.35224 -0.44242 -0.82474
vn -0.35044 -0.44729 -0.82287
vn -0.47698 -0.6088 -0.63391
vn -0.47549 -0.61212 -0.63184
vn -0.5741 -0.73907 -0.3524
vn -0.57351 -0.74013 -0.35114
vn -0.60924 -0.78624 -0.10318
vn -0.15292 -0.98385 -0.09308
vn -0.04293 -0.0488 -0.99789
vn 0.05589 -0.12602 -0.99045
vn -0.02598 -0.22008 -0.97513
vn 0.06751 -0.30377 -0.95035
vn 0.01813 -0.3638 -0.9313
vn 0.03774 -0.41344 -0.90975
vn -0.00306 -0.46251 -0.88661
vn 0.05017 -0.53176 -0.84541
vn -0.02668 -0.627 -0.77856
vn 0.0093 -0.68261 -0.73073
vn -0.09009 -0.80495 -0.58646
vn -0.06203 -0.83657 -0.54433
vn -0.13988 -0.93707 -0.3199
vn -0.12847 -0.94601 -0.2976
vn -0.15626 -0.98387 -0.08707
vn -0.2062 0.13988 -0.96846
vn -0.05402 -0.05906 -0.99679
vn -0.00021 -0.00023 -1
vn 0.16339 -0.18921 -0.96825
vn 0.02217 -0.3495 -0.93667
vn 0.2832 -0.40315 -0.87021
vn 0.16784 -0.54265 -0.82302
vn 0.30133 -0.50919 -0.80618
vn 0.16969 -0.66159 -0.73041
vn 0.38855 -0.61115 -0.68958
vn 0.22647 -0.80462 -0.5489
vn 0.41259 -0.72103 -0.55667
vn 0.2618 -0.90132 -0.34509
vn 0.39208 -0.83091 -0.39479
vn 0.31084 -0.93699 -0.15948
vn 0.3566 -0.91034 -0.21006
vn 0.33584 -0.94093 -0.04327
vn 0.34287 -0.93742 -0.06075
vn -0.20201 0.97938 0
vn -0.57306 0.81951 0
vn -0.85056 0.52587 0
vn -0.74995 0.45294 -0.4821
vn -0.45252 0.25917 -0.85326
vn 0.00361 0.0204 -0.99979
vn -0.00918 0.01313 -0.99987
vn -0.0204 0.00361 -0.99979
vn -0.14538 0.23494 -0.96108
vn -0.08812 0.51398 -0.85327
vn -0.16845 0.21612 -0.96173
vn -0.15753 0.22528 -0.96147
vn -0.15754 0.22528 -0.96147
vn -0.17065 0.21766 -0.96099
vn -0.14198 0.22788 -0.96328
vn -0.57711 0.42812 -0.69546
vn -0.16803 0.85985 -0.4821
vn -0.56777 0.43541 -0.69861
vn -0.40613 0.5808 -0.7055
vn -0.40614 0.5808 -0.7055
vn -0.20433 0.68692 -0.69742
vn -0.21602 0.68507 -0.69571
vn -0.19662 0.95323 -0.22957
vn -0.23587 0.93934 -0.24902
vn -0.55377 0.79192 -0.25729
vn -0.55377 0.79192 -0.25729
vn -0.82443 0.50972 -0.24598
vn -0.80309 0.5494 -0.23068
vn -0.97042 0.24141 0
vn -0.74421 0.66795 0
vn -0.34451 0.93878 0
vn -0.001 0.00085 -1
vn -0.61438 0.54564 -0.56992
vn -0.34531 0.93778 -0.03632
vn -0.34433 0.93831 -0.03186
vn -0.96964 0.24241 -0.03206
vn -0.96979 0.24125 -0.03613
vn -0.96558 0.24233 -0.09447
vn -0.96532 0.23847 -0.10625
vn -0.73933 0.6635 -0.11474
vn -0.74367 0.6674 -0.03903
vn -0.74365 0.66744 -0.03886
vn -0.342 0.935 -0.09383
vn -0.34397 0.93288 -0.10687
vn -0.73946 0.66344 -0.11424
vn -0.71037 0.63734 -0.2986
vn -0.93508 0.22085 -0.27722
vn -0.27288 0.82445 -0.4958
vn -0.77476 0.25576 -0.57822
vn -0.87092 0.19607 -0.45062
vn -0.93283 0.25811 -0.2514
vn -0.31875 0.77213 -0.54974
vn -0.23051 0.69752 -0.67847
vn -0.25097 0.63926 -0.72688
vn -0.49607 0.44057 -0.7482
vn -0.49847 0.44002 -0.74693
vn -0.42475 0.37495 -0.82402
vn -0.3253 0.91236 -0.24856
vn -0.35104 0.89296 -0.28177
vn -0.71163 0.63651 -0.2974
vn -0.61161 0.54704 -0.57156
vn -0.80527 0.22628 -0.54803
vn -0.68967 0.1215 -0.71386
vn -0.69956 0.20241 -0.68531
vn -0.59456 0.10674 -0.79694
vn -0.12176 0.48315 -0.86703
vn -0.37293 0.17434 -0.91133
vn -0.53725 0.09492 -0.83806
vn -0.61509 0.16434 -0.77114
vn -0.19327 0.38901 -0.90073
vn -0.10351 0.31252 -0.94426
vn -0.10806 0.27279 -0.95599
vn 0.00452 0.17398 -0.98474
vn -0.09425 0.08183 -0.99218
vn -0.09508 0.08104 -0.99217
vn -0.09441 0.08167 -0.99218
vn -0.20919 0.18095 -0.96099
vn -0.2085 0.18103 -0.96112
vn -0.3192 0.27714 -0.90626
vn -8E-05 0.00172 -1
vn -0.21169 0.60552 -0.76716
vn -0.20484 0.55819 -0.80403
vn -0.42637 0.37512 -0.8231
vn -0.31667 0.2786 -0.9067
vn -0.41311 0.1375 -0.90024
vn -0.3035 0.04102 -0.95195
vn -0.31061 0.0896 -0.9463
vn -0.17079 -0.03014 -0.98485
vn -0.11679 0.09774 -0.98834
vn -0.00171 -0.00019 -1
vn -0.3435 0.93915 0
vn 0.15359 0.98814 0
vn 0.61235 0.79058 0
vn 0.91834 0.39579 0
vn 0.99521 -0.09776 0
vn 0.00021 0.00023 -1
vn 0.91483 0.39427 -0.08743
vn 0.31817 -0.01166 -0.94796
vn 0.32947 -0.04425 -0.94313
vn 0.50338 -0.14172 -0.85237
vn 0.51832 -0.12375 -0.84619
vn 0.59769 -0.14839 -0.78787
vn 0.62595 -0.11278 -0.77167
vn 0.72731 -0.19189 -0.65894
vn 0.77744 -0.12831 -0.61573
vn 0.84979 -0.17265 -0.49804
vn 0.89939 -0.10614 -0.42406
vn 0.93668 -0.14122 -0.32046
vn 0.97216 -0.09401 -0.21463
vn 0.9816 -0.10939 -0.15653
vn 0.99379 -0.09329 -0.06062
vn 0.99426 -0.09766 -0.04377
vn 0.60906 0.78633 -0.10355
vn 0.91346 0.3962 -0.09283
vn 0.87909 0.35632 -0.3166
vn 0.8771 0.37428 -0.30101
vn 0.7793 0.25077 -0.57429
vn 0.77441 0.30297 -0.55543
vn 0.63964 0.12526 -0.7584
vn 0.6317 0.20361 -0.74799
vn 0.50464 0.04095 -0.86236
vn 0.482 0.13289 -0.86604
vn 0.39175 0.01996 -0.91985
vn 0.38491 0.07824 -0.91963
vn 0.29802 -0.0258 -0.95421
vn 0.23535 0.08044 -0.96858
vn 0.13062 -0.04019 -0.99062
vn 0.04267 0.049 -0.99789
vn 0.12682 0.14561 -0.98118
vn 0.12393 0.14915 -0.98102
vn 0.18734 0.22547 -0.95607
vn 0.18661 0.22827 -0.95555
vn 0.25027 0.30613 -0.9185
vn 0.24778 0.31122 -0.91747
vn 0.35224 0.44242 -0.82474
vn 0.35044 0.44729 -0.82287
vn 0.47698 0.6088 -0.63391
vn 0.47549 0.61212 -0.63184
vn 0.5741 0.73907 -0.3524
vn 0.57351 0.74013 -0.35114
vn 0.60924 0.78624 -0.10318
vn 0.15292 0.98385 -0.09308
vn 0.04393 0.04801 -0.99788
vn -0.05595 0.12595 -0.99046
vn 0.02598 0.22008 -0.97513
vn -0.06751 0.30377 -0.95035
vn -0.01813 0.3638 -0.9313
vn -0.03774 0.41344 -0.90975
vn 0.00306 0.46251 -0.88661
vn -0.05017 0.53176 -0.84541
vn 0.02668 0.627 -0.77856
vn -0.0093 0.68261 -0.73073
vn 0.09009 0.80495 -0.58646
vn 0.06203 0.83657 -0.54433
vn 0.13988 0.93707 -0.3199
vn 0.12847 0.94601 -0.2976
vn 0.15626 0.98387 -0.08707
vn 0.20632 -0.13975 -0.96845
vn 0.05477 0.0581 -0.99681
vn 0.00107 -0.00067 -1
vn -0.16351 0.18907 -0.96825
vn -0.02217 0.3495 -0.93667
vn -0.2832 0.40315 -0.87021
vn -0.16784 0.54265 -0.82302
vn -0.30133 0.50919 -0.80618
vn -0.16969 0.66159 -0.73041
vn -0.38855 0.61115 -0.68958
vn -0.22647 0.80462 -0.5489
vn -0.41259 0.72103 -0.55667
vn -0.2618 0.90132 -0.34509
vn -0.39208 0.83091 -0.39479
vn -0.31084 0.93699 -0.15948
vn -0.3566 0.91034 -0.21006
vn -0.33584 0.94093 -0.04327
vn -0.34287 0.93742 -0.06075
vn 0.20201 -0.97938 0
vn 0.57306 -0.81951 0
vn 0.85056 -0.52587 0
vn 0.74995 -0.45294 -0.4821
vn 0.45252 -0.25917 -0.85326
vn -0.00361 -0.0204 -0.99979
vn 0.00918 -0.01313 -0.99987
vn 0.0204 -0.00361 -0.99979
vn 0.14538 -0.23494 -0.96108
vn 0.08812 -0.51398 -0.85327
vn 0.16845 -0.21612 -0.96173
vn 0.15753 -0.22528 -0.96147
vn 0.15754 -0.22528 -0.96147
vn 0.17065 -0.21766 -0.96099
vn 0.14198 -0.22788 -0.96328
vn 0.57711 -0.42812 -0.69546
vn 0.16803 -0.85985 -0.4821
vn 0.56777 -0.43541 -0.69861
vn 0.40613 -0.5808 -0.7055
vn 0.40614 -0.5808 -0.7055
vn 0.20433 -0.68692 -0.69742
vn 0.21602 -0.68507 -0.69571
vn 0.19662 -0.95323 -0.22957
vn 0.23587 -0.93934 -0.24902
vn 0.55377 -0.79192 -0.25729
vn 0.55377 -0.79192 -0.25729
vn 0.82443 -0.50972 -0.24598
vn 0.80309 -0.5494 -0.23068
vn -0.25882 -0.96592 -0
vn -0.70711 -0.70711 -0
vn -0.96593 -0.25882 -0
vn -0.20885 -0.85631 -0.47235
vn -0.09895 -0.53527 -0.83887
vn -0.08837 0.01749 -0.99593
vn -0.04142 -0.04142 -0.99828
vn 0.01749 -0.08837 -0.99593
vn -0.22169 -0.22505 -0.94879
vn -0.53527 -0.09895 -0.83887
vn -0.16899 -0.27284 -0.9471
vn -0.22669 -0.22669 -0.94722
vn -0.22669 -0.22669 -0.94722
vn -0.23296 -0.21902 -0.9475
vn -0.2597 -0.15544 -0.9531
vn -0.25492 -0.6838 -0.6837
vn -0.85631 -0.20885 -0.47235
vn -0.25659 -0.68229 -0.68457
vn -0.50417 -0.50417 -0.70116
vn -0.50417 -0.50417 -0.70116
vn -0.68317 -0.25503 -0.68428
vn -0.6828 -0.25721 -0.68383
vn -0.94435 -0.25304 -0.21017
vn -0.92515 -0.29359 -0.24061
vn -0.68346 -0.68346 -0.25644
vn -0.68346 -0.68346 -0.25644
vn -0.25149 -0.93857 -0.23628
vn -0.30237 -0.9293 -0.21206
vn -0.85056 -0.52587 0
vn -0.57306 -0.81951 0
vn -0.20201 -0.97938 0
vn -0.16803 -0.85985 -0.4821
vn -0.08812 -0.51398 -0.85327
vn -0.0204 -0.00361 -0.99979
vn -0.00918 -0.01313 -0.99987
vn 0.00361 -0.0204 -0.99979
vn -0.17077 -0.21718 -0.96108
vn -0.45252 -0.25917 -0.85326
vn -0.14516 -0.2324 -0.96173
vn -0.15753 -0.22528 -0.96147
vn -0.15754 -0.22528 -0.96147
vn -0.14587 -0.23499 -0.96099
vn -0.1653 -0.21158 -0.96328
vn -0.20404 -0.68899 -0.69546
vn -0.74995 -0.45294 -0.4821
vn -0.2141 -0.68272 -0.69861
vn -0.40613 -0.5808 -0.7055
vn -0.40614 -0.5808 -0.7055
vn -0.57506 -0.42768 -0.69742
vn -0.56932 -0.43802 -0.69571
vn -0.82785 -0.51183 -0.22957
vn -0.80132 -0.54394 -0.24902
vn -0.55377 -0.79192 -0.25729
vn -0.55377 -0.79192 -0.25729
vn -0.19581 -0.94929 -0.24598
vn -0.24039 -0.94287 -0.23068
vn -0.99521 -0.09776 -0
vn -0.91834 0.39579 0
vn -0.61235 0.79058 0
vn -0.15359 0.98814 0
vn 0.3435 0.93915 0
vn -0.91369 0.39688 -0.08753
vn 0.34318 0.93828 -0.04298
vn -0.153 0.98439 -0.08697
vn 0.33851 0.93898 -0.06107
vn 0.35069 0.92377 -0.15386
vn 0.33213 0.91811 -0.21623
vn 0.36699 0.87495 -0.31589
vn 0.32039 0.84557 -0.42703
vn -0.60908 0.78636 -0.10319
vn -0.15556 0.98342 -0.0932
vn -0.1254 0.93987 -0.31768
vn -0.14618 0.94284 -0.29948
vn -0.0497 0.8162 -0.57563
vn -0.11025 0.8258 -0.55308
vn 0.03204 0.65016 -0.75912
vn -0.91439 0.39408 -0.09272
vn -0.60922 0.78621 -0.10355
vn -0.57322 0.73976 -0.35238
vn -0.5744 0.73945 -0.35112
vn -0.47449 0.61083 -0.63383
vn -0.47808 0.61021 -0.63173
vn -0.34888 0.4453 -0.82461
vn -0.35408 0.44473 -0.82271
vn -0.24645 0.30955 -0.91839
vn -0.88356 0.36021 -0.29929
vn -0.87363 0.3678 -0.31857
vn -0.79365 0.26536 -0.54745
vn -0.76124 0.28199 -0.58395
vn -0.66222 0.15105 -0.73393
vn -0.60758 0.16989 -0.77588
vn -0.52612 0.06624 -0.84783
vn -0.45565 0.09872 -0.88467
vn -0.41053 0.04256 -0.91085
vn -0.55837 -0.19474 -0.80641
vn -0.68089 -0.03662 -0.73147
vn -0.68115 -0.24333 -0.69052
vn -0.8327 -0.04422 -0.55196
vn -0.79933 -0.22756 -0.55614
vn -0.9361 -0.04197 -0.34921
vn -0.90286 -0.17371 -0.39329
vn -0.98424 -0.07062 -0.16214
vn -0.97085 -0.11782 -0.20874
vn -0.99493 -0.09043 -0.04406
vn -0.9934 -0.09758 -0.06031
vn -0.34016 -0.05005 -0.93904
vn -0.50338 -0.14172 -0.85237
vn -0.5634 -0.06668 -0.82349
vn 0.2642 0.42798 -0.86431
vn 0.06514 0.30258 -0.95089
vn -0.04728 0.24406 -0.96861
vn 0.05601 0.12588 -0.99046
vn 0.26097 0.56025 -0.78614
vn 0.21951 0.4834 -0.84743
vn -0.00717 0.3936 -0.91925
vn 0.07754 0.29127 -0.95349
vn -0.12756 0.14645 -0.98096
vn -0.04267 0.049 -0.99789
vn -0.04379 0.04787 -0.99789
vn -0.00021 0.00023 -1
vn 0.34538 0.67194 -0.65514
vn 0.23949 0.58579 -0.77427
vn -0.03547 0.49998 -0.86531
vn 0.05833 0.38788 -0.91986
vn -0.18853 0.22689 -0.9555
vn -0.12357 0.14872 -0.98113
vn -0.21627 0.05809 -0.9746
vn -0.13068 -0.04012 -0.99061
vn 0.16339 0.18921 -0.96825
vn -0.05341 0.06025 -0.99675
vn 0.00076 0.00101 -1
vn 0.36764 0.78833 -0.49334
vn 0.303 0.72457 -0.61903
vn -0.05865 0.66321 -0.74613
vn 0.07276 0.50154 -0.86207
vn -0.25201 0.30825 -0.91732
vn -0.18562 0.22705 -0.95603
vn -0.36294 0.0512 -0.93041
vn -0.30773 -0.01454 -0.95136
vn -0.31148 -0.01963 -0.95005
vn -0.2062 -0.13988 -0.96846
vn 0.34451 0.93878 0
vn 0.74421 0.66795 0
vn 0.97042 0.24141 0
vn 0.001 0.00085 -1
vn 0.96993 0.24128 -0.03206
vn 0.74364 0.66744 -0.03903
vn 0.96955 0.24223 -0.03615
vn 0.96637 0.23919 -0.09441
vn 0.96463 0.24119 -0.10637
vn 0.94184 0.22462 -0.24996
vn 0.9267 0.25 -0.28057
vn 0.87092 0.19607 -0.45062
vn 0.79832 0.243 -0.55103
vn 0.79024 0.21096 -0.57533
vn 0.71864 0.14549 -0.67999
vn 0.66666 0.17084 -0.72552
vn 0.62595 0.13391 -0.76828
vn 0.58083 0.13305 -0.80308
vn 0.53725 0.09492 -0.83806
vn 0.39618 0.16391 -0.90342
vn 0.39545 0.12157 -0.91041
vn 0.32351 0.05824 -0.94443
vn 0.28593 0.068 -0.95583
vn 0.17102 -0.02995 -0.98481
vn 0.09571 0.0798 -0.99221
vn 0.09494 0.08091 -0.99219
vn 0.09442 0.08167 -0.99218
vn 0.2088 0.18061 -0.96114
vn 0.20882 0.1813 -0.961
vn 0.31831 0.27637 -0.90681
vn 0.31719 0.27906 -0.90638
vn 0.42532 0.3742 -0.82406
vn 0.42569 0.37578 -0.82315
vn 0.49731 0.43901 -0.7483
vn 0.49705 0.44144 -0.74705
vn 0.61346 0.54483 -0.57169
vn 0.61238 0.54773 -0.57007
vn 0.71134 0.63625 -0.29864
vn 0.71064 0.63758 -0.29745
vn 0.73942 0.6634 -0.11474
vn 0.73937 0.66354 -0.11424
vn 0.74368 0.66741 -0.03886
vn 0.00171 -0.00019 -1
vn 8E-05 0.00172 -1
vn 0.11576 0.10013 -0.98822
vn -0.00475 0.17377 -0.98477
vn 0.13389 0.29487 -0.94611
vn 0.08297 0.29452 -0.95204
vn 0.23378 0.42234 -0.87577
vn 0.09979 0.46229 -0.8811
vn 0.24261 0.59019 -0.76994
vn 0.17881 0.57592 -0.79771
vn 0.28907 0.67017 -0.6836
vn 0.20129 0.6697 -0.71483
vn 0.34727 0.79271 -0.50101
vn 0.25474 0.80442 -0.53667
vn 0.36059 0.89862 -0.24991
vn 0.32042 0.90548 -0.27828
vn 0.34531 0.93378 -0.09388
vn 0.34109 0.93395 -0.10674
vn 0.34552 0.93787 -0.03187
vn 0.34428 0.93816 -0.03631
vn 0.25882 -0.96592 0
vn 0.70711 -0.70711 0
vn 0.96593 -0.25882 0
vn 0.85631 -0.20885 -0.47235
vn 0.53527 -0.09895 -0.83887
vn -0.01749 -0.08837 -0.99593
vn 0.04142 -0.04142 -0.99828
vn 0.08837 0.01749 -0.99593
vn 0.22505 -0.22169 -0.94879
vn 0.09895 -0.53527 -0.83887
vn 0.27284 -0.16899 -0.9471
vn 0.22669 -0.22669 -0.94722
vn 0.22669 -0.22669 -0.94722
vn 0.21902 -0.23296 -0.9475
vn 0.15544 -0.2597 -0.9531
vn 0.68379 -0.25492 -0.6837
vn 0.20885 -0.85631 -0.47235
vn 0.68229 -0.25659 -0.68457
vn 0.50417 -0.50417 -0.70116
vn 0.50417 -0.50417 -0.70116
vn 0.25503 -0.68317 -0.68428
vn 0.25721 -0.6828 -0.68383
vn 0.25304 -0.94435 -0.21017
vn 0.29359 -0.92515 -0.24061
vn 0.68346 -0.68346 -0.25644
vn 0.68346 -0.68346 -0.25644
vn 0.93858 -0.25149 -0.23628
vn 0.9293 -0.30238 -0.21206
vn -0.95748 -0.28851 0
vn -0.69389 -0.72008 0
vn -0.25285 -0.96751 0
vn -0.69054 -0.71661 -0.0981
vn -0.36945 -0.69617 -0.61551
vn -0.00139 -1 -0.00275
vn -0.137 -0.85259 -0.50431
vn -0.08868 -0.92859 -0.36035
vn -0.15346 -0.92509 -0.34734
vn -0.19568 -0.17144 -0.96557
vn -0.61379 -0.23902 -0.75242
vn -0.24175 -0.26507 -0.93343
vn -0.23408 -0.26666 -0.93493
vn -0.3949 -0.26424 -0.87991
vn -0.38727 -0.27167 -0.88103
vn -0.53516 -0.27421 -0.79901
vn -0.52927 -0.2756 -0.80245
vn -0.25293 -0.96682 -0.03575
vn -0.241 -0.96741 -0.07767
vn -0.24129 -0.96739 -0.07706
vn -0.22659 -0.96676 -0.11846
vn -0.22764 -0.96658 -0.11788
vn -0.20208 -0.96717 -0.15408
vn -0.20298 -0.96713 -0.15317
vn -0.17496 -0.96647 -0.18792
vn -0.17681 -0.9662 -0.18761
vn -0.14013 -0.96679 -0.21373
vn -0.14173 -0.96673 -0.21295
vn -0.1949 -0.96436 -0.17895
vn -0.06256 -0.99119 -0.11672
vn -0.25269 -0.96688 -0.03603
vn -0.69117 -0.7161 -0.0974
vn -0.66184 -0.71943 -0.21068
vn -0.66153 -0.71921 -0.21239
vn -0.6204 -0.71596 -0.32016
vn -0.62074 -0.71429 -0.32322
vn -0.5568 -0.71751 -0.41851
vn -0.5551 -0.71707 -0.42151
vn -0.48142 -0.71383 -0.5086
vn -0.48033 -0.71122 -0.51328
vn -0.38914 -0.7144 -0.58156
vn -0.38566 -0.7138 -0.5846
vn -0.28776 -0.71057 -0.6421
vn -0.28457 -0.70733 -0.64707
vn -0.3614 -0.69925 -0.6168
vn -0.20265 -0.56849 -0.79734
vn -0.16453 -0.56214 -0.81051
vn -0.19957 -0.41611 -0.88714
vn -0.6168 -0.2749 -0.73756
vn -0.65346 -0.31063 -0.69029
vn -0.7128 -0.2814 -0.64245
vn -0.76715 -0.28173 -0.57629
vn -0.76391 -0.28275 -0.58008
vn -0.85315 -0.28025 -0.43999
vn -0.85039 -0.28411 -0.44285
vn -0.91294 -0.28667 -0.29045
vn -0.91202 -0.28719 -0.29282
vn -0.94925 -0.2847 -0.13369
vn -0.94874 -0.28588 -0.13479
vn 0.96593 -0.25882 0
vn 0.29629 -0.54433 -0.78481
vn 0.34688 -0.00164 -0.93791
vn 0.34365 -0.16417 -0.92464
vn 0.14548 -0.92235 -0.35791
vn 0.20227 -0.84292 -0.49857
vn 0.00133 -1 -0.00275
vn 0.32335 -0.40184 -0.85672
vn 0.38198 -0.25714 -0.88768
vn 0.62205 -0.25515 -0.74024
vn 0.95224 -0.25515 -0.16776
vn 0.87571 -0.2579 -0.4082
vn 0.82393 -0.3087 -0.47522
vn 0.7916 -0.25791 -0.55394
vn 0.62205 -0.25515 -0.74024
vn 0.70168 -0.70168 -0.12362
vn 0.70168 -0.70168 -0.12362
vn 0.61719 -0.70168 -0.35598
vn 0.61719 -0.70168 -0.35598
vn 0.45837 -0.70168 -0.54547
vn 0.45837 -0.70168 -0.54547
vn 0.2979 -0.70566 -0.64289
vn 0.28102 -0.71899 -0.63567
vn 0.25855 -0.96492 -0.04555
vn 0.22742 -0.96492 -0.13117
vn 0.22742 -0.96492 -0.13117
vn 0.1689 -0.96492 -0.20099
vn 0.1689 -0.96492 -0.20099
vn 0.20938 -0.96176 -0.17659
vn 0.06091 -0.99129 -0.11673
vn -0.23784 0.9713 0
vn -0.6597 0.75153 0
vn -0.93229 0.3617 0
vn -0.99394 -0.10997 0
vn -0.88193 -0.13798 -0.45074
vn -0.58515 -0.16282 -0.79441
vn -0.12223 0.3484 -0.92934
vn 0.06077 0.21948 -0.97372
vn -0.12612 -1E-05 -0.99202
vn -0.18529 -0.13241 -0.97372
vn -0.20616 0.33936 -0.91778
vn -0.34203 0.15168 -0.92737
vn -0.39876 0.08321 -0.91327
vn -0.4193 0.03258 -0.90726
vn -0.30463 0.22326 -0.92594
vn -0.0479 0.60549 -0.79441
vn -0.26251 0.30085 -0.91683
vn -0.28045 0.28317 -0.91715
vn -0.04328 0.11846 -0.99202
vn -0.75355 0.02026 -0.65708
vn -0.17309 0.87571 -0.45074
vn -0.77433 -0.02345 -0.63235
vn -0.70381 0.22953 -0.67228
vn -0.66675 0.27252 -0.69367
vn -0.44688 0.57387 -0.68627
vn -0.50047 0.54245 -0.67474
vn -0.26828 0.72092 -0.63899
vn -0.22692 0.72611 -0.64905
vn -0.23392 0.95528 -0.18088
vn -0.27692 0.93588 -0.21783
vn -0.63916 0.72813 -0.24761
vn -0.64953 0.71547 -0.2573
vn -0.90114 0.34961 -0.25636
vn -0.89679 0.36648 -0.24791
vn -0.97134 -0.10747 -0.212
vn -0.98151 -0.05023 -0.1847
vn 0.70711 0.70711 0
vn 0.20885 0.85631 -0.47236
vn 0.68346 0.68346 -0.25644
vn 0.68346 0.68346 -0.25644
vn 0.25149 0.93858 -0.23628
vn 0.30238 0.9293 -0.21206
vn 0.23784 0.9713 0
vn 0.6597 0.75153 0
vn 0.93229 0.3617 0
vn 0.99394 -0.10997 0
vn 0.17309 0.87571 -0.45074
vn 0.0479 0.60549 -0.79441
vn 0.36918 -0.00477 -0.92934
vn 0.18529 -0.13241 -0.97372
vn 0.04328 0.11846 -0.99202
vn -0.06077 0.21948 -0.97372
vn 0.38951 0.07717 -0.91778
vn 0.25986 0.2692 -0.92737
vn 0.21502 0.34598 -0.91327
vn 0.17451 0.38265 -0.90726
vn 0.31425 0.2095 -0.92594
vn 0.58515 -0.16282 -0.79441
vn 0.37267 0.14331 -0.91683
vn 0.36223 0.16623 -0.91715
vn 0.12612 -1E-05 -0.99202
vn 0.27766 0.70083 -0.65708
vn 0.88193 -0.13798 -0.45074
vn 0.24374 0.73534 -0.63235
vn 0.45715 0.58228 -0.67228
vn 0.4848 0.53272 -0.69367
vn 0.69239 0.22278 -0.68627
vn 0.68127 0.2839 -0.67474
vn 0.7692 0.00456 -0.63899
vn 0.75989 -0.03607 -0.64905
vn 0.97754 -0.10815 -0.18088
vn 0.97407 -0.0611 -0.21783
vn 0.90326 0.35044 -0.24761
vn 0.89494 0.36452 -0.2573
vn 0.63766 0.72641 -0.25636
vn 0.65201 0.71654 -0.24791
vn 0.23244 0.94923 -0.212
vn 0.28969 0.93913 -0.1847
vn -0.96593 -0.25882 -0
vn -0.32335 -0.40184 -0.85672
vn -0.20227 -0.84292 -0.49857
vn -0.00133 -1 -0.00275
vn -0.06091 -0.99129 -0.11673
vn -0.28102 -0.71899 -0.63567
vn -0.34688 -0.00164 -0.93791
vn -0.95224 -0.25515 -0.16776
vn -0.83757 -0.25515 -0.48309
vn -0.34365 -0.16417 -0.92464
vn -0.38198 -0.25714 -0.88768
vn -0.62205 -0.25515 -0.74024
vn -0.62205 -0.25515 -0.74024
vn -0.7916 -0.25791 -0.55394
vn -0.84742 -0.35475 -0.39501
vn -0.29629 -0.54433 -0.78481
vn -0.2979 -0.70566 -0.64289
vn -0.45837 -0.70168 -0.54547
vn -0.45837 -0.70168 -0.54547
vn -0.61719 -0.70168 -0.35598
vn -0.61719 -0.70168 -0.35598
vn -0.70168 -0.70168 -0.12362
vn -0.70168 -0.70168 -0.12362
vn -0.14548 -0.92235 -0.35791
vn -0.20938 -0.96176 -0.17659
vn -0.1689 -0.96492 -0.20099
vn -0.1689 -0.96492 -0.20099
vn -0.22742 -0.96492 -0.13117
vn -0.22742 -0.96492 -0.13117
vn -0.25855 -0.96492 -0.04555
vn 0.25285 -0.96751 0
vn 0.69389 -0.72008 0
vn 0.95748 -0.28851 0
vn 0.6906 -0.71666 -0.09732
vn 0.19957 -0.41611 -0.88714
vn 0.16453 -0.56214 -0.81051
vn 0.20265 -0.56849 -0.79734
vn 0.3607 -0.69874 -0.61779
vn 0.00139 -1 -0.00275
vn 0.06256 -0.99119 -0.11672
vn 0.94907 -0.28474 -0.13483
vn 0.91278 -0.28721 -0.2904
vn 0.91216 -0.28669 -0.29286
vn 0.85209 -0.28425 -0.43947
vn 0.85138 -0.28039 -0.44333
vn 0.76689 -0.28279 -0.57611
vn 0.76415 -0.28176 -0.58025
vn 0.66031 -0.27938 -0.69709
vn 0.65724 -0.27335 -0.70237
vn 0.53491 -0.27565 -0.79868
vn 0.52949 -0.27426 -0.80276
vn 0.39394 -0.27195 -0.87798
vn 0.38819 -0.2645 -0.88281
vn 0.24161 -0.26672 -0.933
vn 0.23421 -0.26513 -0.93534
vn 0.61379 -0.23902 -0.75242
vn 0.19568 -0.17144 -0.96557
vn 0.94889 -0.28592 -0.13364
vn 0.691 -0.71616 -0.09817
vn 0.66134 -0.71941 -0.21233
vn 0.66208 -0.71919 -0.21076
vn 0.61938 -0.71578 -0.32253
vn 0.62209 -0.71411 -0.32102
vn 0.55478 -0.71746 -0.42127
vn 0.5572 -0.71702 -0.41881
vn 0.47868 -0.71355 -0.51158
vn 0.48345 -0.71094 -0.51073
vn 0.38535 -0.71433 -0.58415
vn 0.38952 -0.71374 -0.58211
vn 0.28335 -0.71021 -0.64445
vn 0.28926 -0.70698 -0.64537
vn 0.36678 -0.69849 -0.61448
vn 0.137 -0.85259 -0.50431
vn 0.08868 -0.92859 -0.36035
vn 0.15346 -0.92509 -0.34734
vn 0.1949 -0.96436 -0.17895
vn 0.14023 -0.96674 -0.21389
vn 0.14157 -0.9668 -0.21272
vn 0.17554 -0.96625 -0.18853
vn 0.17595 -0.96653 -0.18671
vn 0.20219 -0.96714 -0.15416
vn 0.20282 -0.96718 -0.15305
vn 0.22707 -0.96662 -0.1187
vn 0.22693 -0.96679 -0.11751
vn 0.24107 -0.96739 -0.07769
vn 0.24119 -0.96742 -0.07703
vn 0.25285 -0.96683 -0.03605
vn 0.25269 -0.96689 -0.03572
vn -0.70711 0.70711 0
vn -0.20885 0.85631 -0.47236
vn -0.25304 0.94435 -0.21017
vn -0.29359 0.92515 -0.24061
vn -0.68346 0.68346 -0.25644
vn 0.97042 -0.24141 0
vn 0.74421 -0.66795 0
vn 0.34451 -0.93878 0
vn 0.001 -0.00085 -1
vn 0.61438 -0.54564 -0.56992
vn 0.34531 -0.93778 -0.03632
vn 0.34433 -0.93831 -0.03186
vn 0.96964 -0.24241 -0.03206
vn 0.96979 -0.24125 -0.03613
vn 0.96558 -0.24233 -0.09447
vn 0.96532 -0.23847 -0.10625
vn 0.73933 -0.6635 -0.11474
vn 0.74367 -0.6674 -0.03903
vn 0.74365 -0.66744 -0.03886
vn 0.342 -0.935 -0.09383
vn 0.34397 -0.93288 -0.10687
vn 0.73946 -0.66344 -0.11424
vn 0.71037 -0.63734 -0.2986
vn 0.93508 -0.22085 -0.27722
vn 0.27288 -0.82445 -0.4958
vn 0.77476 -0.25576 -0.57822
vn 0.87092 -0.19607 -0.45062
vn 0.93283 -0.25811 -0.2514
vn 0.31875 -0.77213 -0.54974
vn 0.23051 -0.69752 -0.67847
vn 0.25097 -0.63926 -0.72688
vn 0.49607 -0.44057 -0.7482
vn 0.49847 -0.44002 -0.74693
vn 0.42475 -0.37495 -0.82402
vn 0.3253 -0.91236 -0.24856
vn 0.35104 -0.89296 -0.28177
vn 0.71163 -0.63651 -0.2974
vn 0.61161 -0.54704 -0.57156
vn 0.80527 -0.22628 -0.54803
vn 0.68967 -0.1215 -0.71386
vn 0.69956 -0.20241 -0.68531
vn 0.59456 -0.10674 -0.79694
vn 0.12176 -0.48315 -0.86703
vn 0.37293 -0.17434 -0.91133
vn 0.53725 -0.09492 -0.83806
vn 0.61509 -0.16434 -0.77114
vn 0.19327 -0.38901 -0.90073
vn 0.10351 -0.31252 -0.94426
vn 0.10806 -0.27279 -0.95599
vn -0.00452 -0.17398 -0.98474
vn 0.09425 -0.08183 -0.99218
vn 0.09508 -0.08104 -0.99217
vn 0.09441 -0.08167 -0.99218
vn 0.20919 -0.18095 -0.96099
vn 0.2085 -0.18103 -0.96112
vn 0.3192 -0.27714 -0.90626
vn 8E-05 -0.00172 -1
vn 0.21169 -0.60552 -0.76716
vn 0.20484 -0.55819 -0.80403
vn 0.42637 -0.37512 -0.8231
vn 0.31667 -0.2786 -0.9067
vn 0.41311 -0.1375 -0.90024
vn 0.3035 -0.04102 -0.95195
vn 0.31061 -0.0896 -0.9463
vn 0.17079 0.03014 -0.98485
vn 0.11679 -0.09774 -0.98834
vn 0.00171 0.00019 -1
vn -0.23784 -0.9713 -0
vn -0.6597 -0.75153 -0
vn -0.93229 -0.3617 -0
vn -0.99394 0.10997 0
vn -0.17309 -0.87571 -0.45074
vn -0.0479 -0.60549 -0.79441
vn -0.36918 0.00477 -0.92934
vn -0.18529 0.13241 -0.97372
vn -0.04328 -0.11846 -0.99202
vn 0.06077 -0.21948 -0.97372
vn -0.38951 -0.07717 -0.91778
vn -0.25986 -0.2692 -0.92737
vn -0.21502 -0.34598 -0.91327
vn -0.17451 -0.38265 -0.90726
vn -0.31425 -0.2095 -0.92594
vn -0.58515 0.16282 -0.79441
vn -0.37267 -0.14331 -0.91683
vn -0.36223 -0.16623 -0.91715
vn -0.12612 1E-05 -0.99202
vn -0.27766 -0.70083 -0.65708
vn -0.88193 0.13798 -0.45074
vn -0.24374 -0.73534 -0.63235
vn -0.45715 -0.58228 -0.67228
vn -0.4848 -0.53272 -0.69367
vn -0.69239 -0.22278 -0.68627
vn -0.68127 -0.2839 -0.67474
vn -0.7692 -0.00456 -0.63899
vn -0.75989 0.03607 -0.64905
vn -0.97754 0.10815 -0.18088
vn -0.97407 0.0611 -0.21783
vn -0.90326 -0.35044 -0.24761
vn -0.89494 -0.36452 -0.2573
vn -0.63766 -0.72641 -0.25636
vn -0.65201 -0.71654 -0.24791
vn -0.23244 -0.94923 -0.212
vn -0.28969 -0.93913 -0.1847
vn 0.96593 0.25882 0
vn 0.32335 0.40184 -0.85672
vn 0.20227 0.84292 -0.49857
vn 0.00133 1 -0.00275
vn 0.06091 0.99129 -0.11673
vn 0.28102 0.71899 -0.63567
vn 0.34688 0.00164 -0.93791
vn 0.95224 0.25515 -0.16776
vn 0.83757 0.25515 -0.48309
vn 0.34365 0.16417 -0.92464
vn 0.38198 0.25714 -0.88768
vn 0.62205 0.25515 -0.74024
vn 0.62205 0.25515 -0.74024
vn 0.7916 0.25791 -0.55394
vn 0.84742 0.35475 -0.39501
vn 0.29629 0.54433 -0.78481
vn 0.2979 0.70566 -0.64289
vn 0.45837 0.70168 -0.54547
vn 0.45837 0.70168 -0.54547
vn 0.61719 0.70168 -0.35598
vn 0.61719 0.70168 -0.35598
vn 0.70168 0.70168 -0.12362
vn 0.70168 0.70168 -0.12362
vn 0.14548 0.92235 -0.35791
vn 0.20938 0.96176 -0.17659
vn 0.1689 0.96492 -0.20099
vn 0.1689 0.96492 -0.20099
vn 0.22742 0.96492 -0.13117
vn 0.22742 0.96492 -0.13117
vn 0.25855 0.96492 -0.04555
vn -0.25285 0.96751 0
vn -0.69389 0.72008 0
vn -0.95748 0.28851 0
vn -0.6906 0.71666 -0.09732
vn -0.19957 0.41611 -0.88714
vn -0.16453 0.56214 -0.81051
vn -0.20265 0.56849 -0.79734
vn -0.3607 0.69874 -0.61779
vn -0.00139 1 -0.00275
vn -0.06256 0.99119 -0.11672
vn -0.94907 0.28474 -0.13483
vn -0.91278 0.28721 -0.2904
vn -0.91216 0.28669 -0.29286
vn -0.85209 0.28425 -0.43947
vn -0.85138 0.28039 -0.44333
vn -0.76689 0.28279 -0.57611
vn -0.76415 0.28176 -0.58025
vn -0.66031 0.27938 -0.69709
vn -0.65724 0.27335 -0.70237
vn -0.53491 0.27565 -0.79868
vn -0.52949 0.27426 -0.80276
vn -0.39394 0.27195 -0.87798
vn -0.38819 0.2645 -0.88281
vn -0.24161 0.26672 -0.933
vn -0.23421 0.26513 -0.93534
vn -0.61379 0.23902 -0.75242
vn -0.19568 0.17144 -0.96557
vn -0.94889 0.28592 -0.13364
vn -0.691 0.71616 -0.09817
vn -0.66134 0.71941 -0.21233
vn -0.66208 0.71919 -0.21076
vn -0.61938 0.71578 -0.32253
vn -0.62209 0.71411 -0.32102
vn -0.55478 0.71746 -0.42127
vn -0.5572 0.71702 -0.41881
vn -0.47868 0.71355 -0.51158
vn -0.48345 0.71094 -0.51073
vn -0.38535 0.71433 -0.58415
vn -0.38952 0.71374 -0.58211
vn -0.28335 0.71021 -0.64445
vn -0.28926 0.70698 -0.64537
vn -0.36678 0.69849 -0.61448
vn -0.137 0.85259 -0.50431
vn -0.08868 0.92859 -0.36035
vn -0.15346 0.92509 -0.34734
vn -0.1949 0.96436 -0.17895
vn -0.14023 0.96674 -0.21389
vn -0.14157 0.9668 -0.21272
vn -0.17554 0.96625 -0.18853
vn -0.17595 0.96653 -0.18671
vn -0.20219 0.96714 -0.15416
vn -0.20282 0.96718 -0.15305
vn -0.22707 0.96662 -0.1187
vn -0.22693 0.96679 -0.11751
vn -0.24107 0.96739 -0.07769
vn -0.24119 0.96742 -0.07703
vn -0.25285 0.96683 -0.03605
vn -0.25269 0.96689 -0.03572
vn 0.70711 -0.70711 0
vn 0.20885 -0.85631 -0.47236
vn 0.25304 -0.94435 -0.21017
vn 0.29359 -0.92515 -0.24061
vn 0.68346 -0.68346 -0.25644
vn -0.96593 0.25882 0
vn 0.95748 0.28851 -0
vn 0.69389 0.72008 -0
vn 0.25285 0.96751 -0
vn -0.29629 0.54433 -0.78481
vn -0.34688 0.00164 -0.93791
vn -0.34365 0.16417 -0.92464
vn -0.14548 0.92235 -0.35791
vn -0.20227 0.84292 -0.49857
vn -0.00133 1 -0.00275
vn -0.32335 0.40184 -0.85672
vn -0.38198 0.25714 -0.88768
vn -0.62205 0.25515 -0.74024
vn -0.95224 0.25515 -0.16776
vn -0.87571 0.2579 -0.4082
vn -0.82393 0.3087 -0.47522
vn -0.7916 0.25791 -0.55394
vn -0.62205 0.25515 -0.74024
vn -0.70168 0.70168 -0.12362
vn -0.70168 0.70168 -0.12362
vn -0.61719 0.70168 -0.35598
vn -0.61719 0.70168 -0.35598
vn -0.45837 0.70168 -0.54547
vn -0.45837 0.70168 -0.54547
vn -0.2979 0.70566 -0.64289
vn -0.28102 0.71899 -0.63567
vn -0.25855 0.96492 -0.04555
vn -0.22742 0.96492 -0.13117
vn -0.22742 0.96492 -0.13117
vn -0.1689 0.96492 -0.20099
vn -0.1689 0.96492 -0.20099
vn -0.20938 0.96176 -0.17659
vn -0.06091 0.99129 -0.11673
vn 0.69054 0.71661 -0.0981
vn 0.00139 1 -0.00275
vn 0.15346 0.92509 -0.34734
vn 0.36945 0.69617 -0.61551
vn 0.137 0.85259 -0.50431
vn 0.08868 0.92859 -0.36035
vn 0.19568 0.17144 -0.96557
vn 0.61379 0.23902 -0.75242
vn 0.24175 0.26507 -0.93343
vn 0.23408 0.26666 -0.93493
vn 0.3949 0.26424 -0.87991
vn 0.38727 0.27167 -0.88103
vn 0.53516 0.27421 -0.79901
vn 0.52927 0.2756 -0.80245
vn 0.25293 0.96682 -0.03575
vn 0.241 0.96741 -0.07767
vn 0.24129 0.96739 -0.07706
vn 0.22659 0.96676 -0.11846
vn 0.22764 0.96658 -0.11788
vn 0.20208 0.96717 -0.15408
vn 0.20298 0.96713 -0.15317
vn 0.17496 0.96647 -0.18792
vn 0.17681 0.9662 -0.18761
vn 0.14013 0.96679 -0.21373
vn 0.14173 0.96673 -0.21295
vn 0.1949 0.96436 -0.17895
vn 0.06256 0.99119 -0.11672
vn 0.25269 0.96688 -0.03603
vn 0.69117 0.7161 -0.0974
vn 0.66184 0.71943 -0.21068
vn 0.66153 0.71921 -0.21239
vn 0.6204 0.71596 -0.32016
vn 0.62074 0.71429 -0.32322
vn 0.5568 0.71751 -0.41851
vn 0.5551 0.71707 -0.42151
vn 0.48142 0.71383 -0.5086
vn 0.48033 0.71122 -0.51328
vn 0.38914 0.7144 -0.58156
vn 0.38566 0.7138 -0.5846
vn 0.28776 0.71057 -0.6421
vn 0.28457 0.70733 -0.64707
vn 0.3614 0.69925 -0.6168
vn 0.20265 0.56849 -0.79734
vn 0.16453 0.56214 -0.81051
vn 0.19957 0.41611 -0.88714
vn 0.6168 0.2749 -0.73756
vn 0.65346 0.31063 -0.69029
vn 0.7128 0.2814 -0.64245
vn 0.76715 0.28173 -0.57629
vn 0.76391 0.28275 -0.58008
vn 0.85315 0.28025 -0.43999
vn 0.85039 0.28411 -0.44285
vn 0.91294 0.28667 -0.29045
vn 0.91202 0.28719 -0.29282
vn 0.94925 0.2847 -0.13369
vn 0.94874 0.28588 -0.13479
vn -0.70711 -0.70711 -0
vn -0.20885 -0.85631 -0.47236
vn -0.68346 -0.68346 -0.25644
vn -0.68346 -0.68346 -0.25644
vn -0.25149 -0.93858 -0.23628
vn -0.30238 -0.9293 -0.21206
vn 0.23784 -0.9713 0
vn 0.6597 -0.75153 0
vn 0.93229 -0.3617 0
vn 0.99394 0.10997 -0
vn 0.88193 0.13798 -0.45074
vn 0.58515 0.16282 -0.79441
vn 0.12223 -0.3484 -0.92934
vn -0.06077 -0.21948 -0.97372
vn 0.12612 1E-05 -0.99202
vn 0.18529 0.13241 -0.97372
vn 0.20616 -0.33936 -0.91778
vn 0.34203 -0.15168 -0.92737
vn 0.39876 -0.08321 -0.91327
vn 0.4193 -0.03258 -0.90726
vn 0.30463 -0.22326 -0.92594
vn 0.0479 -0.60549 -0.79441
vn 0.26251 -0.30085 -0.91683
vn 0.28045 -0.28317 -0.91715
vn 0.04328 -0.11846 -0.99202
vn 0.75355 -0.02026 -0.65708
vn 0.17309 -0.87571 -0.45074
vn 0.77433 0.02345 -0.63235
vn 0.70381 -0.22953 -0.67228
vn 0.66675 -0.27252 -0.69367
vn 0.44688 -0.57387 -0.68627
vn 0.50047 -0.54245 -0.67474
vn 0.26828 -0.72092 -0.63899
vn 0.22692 -0.72611 -0.64905
vn 0.23392 -0.95528 -0.18088
vn 0.27692 -0.93588 -0.21783
vn 0.63916 -0.72813 -0.24761
vn 0.64953 -0.71547 -0.2573
vn 0.90114 -0.34961 -0.25636
vn 0.89679 -0.36648 -0.24791
vn 0.97134 0.10747 -0.212
vn 0.98151 0.05023 -0.1847
vn -0.25881 -0.96593 0
vn -0.70711 -0.7071 0
vn -0.96593 -0.25882 0
vn 0.96593 -0.25882 0
vn 0.70711 -0.7071 0
vn 0.25881 -0.96593 0
vn -0.96593 0.25882 0
vn -0.70711 0.7071 0
vn -0.25881 0.96593 0
vn 0.25881 0.96593 -0
vn 0.70711 0.7071 -0
vn 0.96593 0.25882 -0
vn -0.82604 0.56355 0.0082
vn -0.89682 0.44226 -0.01042
vn -0.75011 0.66125 0.0087
vn -0.79335 0.60876 2E-05
vn -0.66144 0.75 -1E-05
vn -0.60948 0.79279 0.00437
vn -0.55754 0.8301 0.00905
vn -0.60876 0.79335 0.00035
vn -0.45375 0.89113 -0.00015
vn -0.44229 0.89687 0.00062
vn -0.2721 0.96227 -0.00144
vn -0.19508 0.98074 0.00954
vn -0.06882 0.99763 0
vn -0.8779 0.47884 0.00203
vn -0.9731 0.23033 -0.00563
vn -0.98079 0.19509 0
vn -0.98295 -0.05877 0.17422
vn -0.99494 0.09657 0.02756
vn -0.9833 0.15234 0.09955
vn -0.98983 0.14165 0.01323
vn -0.96932 0.22943 0.08825
vn 0.06887 0.99763 -0
vn 0.25879 0.96583 0.0144
vn 0.27213 0.96219 0.01151
vn 0.4173 0.90877 0.00228
vn 0.73498 0.67798 0.01171
vn 0.78351 0.62137 0.00381
vn 0.68611 0.72722 0.01997
vn 0.60091 0.79827 0.04085
vn 0.7071 0.7071 0.00518
vn 0.51794 0.85541 1E-05
vn 0.46714 0.88419 -3E-05
vn 0.96185 0.22766 0.1517
vn 0.84525 0.53437 -3E-05
vn 0.96593 0.25882 0.00019
vn 0.96615 0.25796 0
vn 0.97289 0.23028 0.02152
vn 0.98196 0.15563 0.10745
vn 0.99902 0.04263 0.01217
vn 0.99164 0.11678 0.05486
vn 0.98227 0.15627 0.10358
vn 0.45375 -0.89113 -0.00015
vn 0.96086 -0.22743 0.15822
vn 0.67626 -0.73634 0.02205
vn 0.70711 -0.70711 0.00069
vn 0.57409 -0.81737 0.04826
vn 0.62644 -0.77868 0.03497
vn 0.96369 -0.26702 0
vn 0.96592 -0.25882 -0.00191
vn 0.81967 -0.57284 0.00056
vn 0.75011 -0.66125 0.0087
vn 0.27208 -0.9622 0.01152
vn 0.25879 -0.96583 0.01439
vn 0.06882 -0.99763 0
vn 0.98295 0.05877 0.17422
vn 0.99494 -0.09657 0.02756
vn 0.9833 -0.15234 0.09955
vn 0.98983 -0.14165 0.01323
vn 0.96932 -0.22943 0.08825
vn -0.06887 -0.99763 0
vn -0.25879 -0.96583 0.0144
vn -0.27213 -0.96219 0.01151
vn -0.4173 -0.90877 0.00228
vn -0.73498 -0.67798 0.01171
vn -0.78351 -0.62137 0.00381
vn -0.68611 -0.72722 0.01997
vn -0.60091 -0.79827 0.04085
vn -0.7071 -0.7071 0.00518
vn -0.51794 -0.85541 1E-05
vn -0.46714 -0.88419 -3E-05
vn -0.96185 -0.22766 0.1517
vn -0.84525 -0.53437 -3E-05
vn -0.96593 -0.25882 0.00019
vn -0.96615 -0.25796 0
vn -0.97289 -0.23028 0.02152
vn -0.98196 -0.15563 0.10745
vn -0.99902 -0.04263 0.01217
vn -0.99164 -0.11678 0.05486
vn -0.98227 -0.15627 0.10358
vn -0.13065 -0.99143 -0
vn -0.20198 -0.97924 0.01718
vn -0.34301 -0.93933 -0.00206
vn -0.44434 -0.89586 0.00107
vn -0.57302 -0.81947 0.01103
vn -0.61752 -0.78654 -0.00524
vn -0.85055 -0.52587 0.00581
vn -0.86013 -0.51007 0
vn -0.85056 0.52587 0
vn -0.86035 0.50967 0.00637
vn -0.61747 0.78658 -0.00522
vn -0.57302 0.81947 0.01103
vn -0.44434 0.89586 0.00107
vn -0.20201 0.97938 0
vn -0.1306 0.99108 0.02655
vn -0.34301 0.93933 -0.00206
vn -0.96593 -0.25882 -0
vn -0.25882 -0.96593 -0
vn -0.96593 0.25882 0
vn -0.25882 0.96593 0
vn -0.36344 0.16124 0.91756
vn -0.4056 0.40102 0.82138
vn -0.41501 0.22397 0.88182
vn -0.4346 0.41085 0.80145
vn -0.93861 0.34493 0.00568
vn -0.92568 0.37421 -0.05547
vn -0.90821 0.38461 0.16499
vn -0.89909 0.4306 0.07885
vn -0.88523 0.40097 0.23579
vn -0.86757 0.49266 0.06788
vn -0.77043 0.42174 0.4781
vn -0.77678 0.53607 0.33053
vn -0.72006 0.41185 0.55848
vn -0.73122 0.53805 0.41931
vn -0.6909 0.39829 0.60334
vn -0.59972 0.50707 0.61904
vn -0.51734 0.32378 0.79217
vn -0.5113 0.29803 0.80607
vn -0.93884 0.34435 0.00342
vn -0.93794 0.34679 -0.0021
vn -0.92341 0.37038 0.10065
vn -0.92259 0.37467 0.09187
vn -0.91375 0.36534 0.1777
vn -0.91119 0.39142 0.12853
vn -0.85277 0.38198 0.35621
vn -0.85446 0.41869 0.30756
vn -0.81981 0.34943 0.45365
vn -0.82613 0.42443 0.37064
vn -0.74527 0.33013 0.5793
vn -0.74877 0.40959 0.52113
vn -0.70631 0.29647 0.64284
vn -0.70692 0.39029 0.58986
vn -0.64764 0.26857 0.71305
vn -0.63871 0.34773 0.68639
vn -0.63455 0.25063 0.73112
vn -0.62376 0.32429 0.71116
vn -0.59862 0.23178 0.76677
vn -0.31581 0.2545 0.91405
vn -0.35326 0.09145 0.93104
vn -0.58553 0.25858 0.76831
vn -0.59508 0.21301 0.77492
vn -0.32669 0.28175 0.90216
vn -0.35414 0.14173 0.92439
vn -0.59289 0.2515 0.765
vn -0.59793 0.22115 0.77044
vn -0.09932 0.02762 0.99467
vn -0.60199 0.19307 0.77481
vn -0.58432 -0.08764 0.80678
vn -0.58432 -0.08764 0.80678
vn -0.59086 0 0.80678
vn -0.58432 0.08764 0.80678
vn -0.58432 0.08764 0.80678
vn -0.5673 0.16363 0.80709
vn -0.60789 -0.17534 0.77442
vn -0.56385 -0.1773 0.80662
vn -0.35295 -0.09237 0.93107
vn -0.11667 -0.06644 0.99095
vn -0.35295 0.09237 0.93107
vn -0.19677 0.07559 0.97753
vn -0.20696 0.03104 0.97786
vn -0.20696 0.03104 0.97786
vn -0.20927 0 0.97786
vn -0.20696 -0.03104 0.97786
vn -0.20696 -0.03104 0.97786
vn -0.20131 -0.05599 0.97793
vn -0.59997 -0.21468 0.77068
vn -0.57983 -0.25423 0.77406
vn -0.3667 -0.10067 0.92488
vn -0.30138 -0.23171 0.92492
vn -0.60401 -0.2231 0.76512
vn -0.58129 -0.2707 0.76735
vn -0.37619 -0.12708 0.91778
vn -0.31326 -0.26143 0.91297
vn -0.91523 -0.37685 0.14263
vn -0.9179 -0.37656 0.12516
vn -0.91606 -0.3813 0.12429
vn -0.86875 -0.4419 0.22361
vn -0.85112 -0.41509 0.32139
vn -0.84749 -0.41929 0.32551
vn -0.72085 -0.48893 0.49126
vn -0.69105 -0.39832 0.60316
vn -0.61119 -0.49467 0.61786
vn -0.59936 -0.35614 0.71689
vn -0.54726 -0.47757 0.68734
vn -0.54141 -0.31254 0.78051
vn -0.43796 -0.40353 0.80334
vn -0.4529 -0.24491 0.85727
vn -0.40746 -0.38613 0.82757
vn -0.43211 -0.20587 0.87801
vn -0.32702 -0.2914 0.89897
vn -0.93882 -0.34439 0.00348
vn -0.9434 -0.32968 0.03613
vn -0.9233 -0.37102 0.09935
vn -0.92623 -0.34737 0.14636
vn -0.91214 -0.38467 0.14153
vn -0.91286 -0.32987 0.24059
vn -0.85443 -0.41443 0.31337
vn -0.84663 -0.33654 0.41225
vn -0.82605 -0.42019 0.37561
vn -0.81361 -0.3142 0.4892
vn -0.74877 -0.41177 0.51941
vn -0.74153 -0.29489 0.60265
vn -0.70672 -0.39552 0.58661
vn -0.70496 -0.27375 0.65428
vn -0.6372 -0.35804 0.68249
vn -0.64883 -0.25322 0.71756
vn -0.6213 -0.33809 0.70689
vn -0.63563 -0.24137 0.73329
vn -0.58332 -0.29168 0.75806
vn 0.25882 -0.96593 0
vn 0.70711 -0.7071 0
vn 0.96592 -0.25882 0
vn 0.96592 0.25882 -0
vn 0.70711 0.7071 -0
vn 0.25882 0.96593 -0
vn -0.70711 0.7071 0
vn -0.96592 0.25882 0
vn -0.96592 -0.25882 0
vn -0.70711 -0.7071 0
vn -0.25882 -0.96593 0
vn 0.25882 -0.96593 0
vn 0.25882 0.96593 -0
vn -0.25882 0.96593 0
vn 0.25882 -0.96592 0
vn 0.25882 -0.96592 0
vn 0.96593 -0.25882 0
vn 0.96593 0.25882 -0
vn 0.25882 0.96593 -0
vn 0.25882 0.96593 -0
vn -0.25882 0.96593 0
vn -0.25882 0.96593 0
vn -0.96593 0.25882 0
vn -0.96593 -0.25882 0
vn -0.25882 -0.96592 0
vn -0.25882 -0.96592 -0
vn 0.25882 -0.96592 -0
vn 0.96593 -0.25882 0
vn 0.96593 0.25882 -0
vn 0.25882 0.96592 -0
vn 0.25882 0.96592 -0
vn -0.25882 0.96592 0
vn -0.25882 0.96592 0
vn -0.96593 0.25882 0
vn -0.96593 -0.25882 0
vn -0.25882 -0.96592 0
vn 0.25882 -0.96593 -0
vn 0.25882 -0.96593 0
vn 0.25882 0.96592 -0
vn -0.25882 0.96592 0
vn -0.25882 -0.96593 0
vn -0.25882 -0.96593 0
vn -0.13918 0.99027 0
vn 0.13918 0.99027 0
vn -0.13918 -0.99027 -0
vn 0.13918 -0.99027 0
vn -0.54241 -0.59761 0.59046
vn -0.64679 -0.31679 0.69376
vn -0.75069 -0.41013 0.51793
vn -0.55808 -0.56934 0.60366
vn -0.80011 -0.52253 0.29459
vn -0.75129 -0.58605 0.3035
vn -0.58153 -0.63699 0.50603
vn -0.56947 -0.49611 0.65542
vn -0.56959 -0.53849 0.62097
vn -0.51086 -0.59316 0.62225
vn -0.43517 -0.64602 0.62712
vn -0.5251 -0.60869 0.59478
vn -0.34686 -0.62812 0.69653
vn -0.3156 -0.68512 0.65652
vn -0.09278 -0.70406 0.70406
vn -0.09278 -0.70406 0.70406
vn 0 -0.70711 0.70711
vn -0.69475 -0.18616 0.69474
vn -0.69475 -0.18616 0.69475
vn -0.50859 -0.50859 0.69475
vn -0.50859 -0.50859 0.69475
vn -0.18616 -0.69475 0.69475
vn -0.18616 -0.69475 0.69475
vn -0.70711 0 0.7071
vn -0.18616 0.69475 0.69475
vn -0.18616 0.69475 0.69475
vn -0.50859 0.50859 0.69475
vn -0.50859 0.50859 0.69475
vn -0.69475 0.18616 0.69475
vn -0.69475 0.18616 0.69474
vn 0 0.70711 0.70711
vn -0.09278 0.70406 0.70406
vn -0.09278 0.70406 0.70406
vn -0.36079 0.66731 0.65156
vn -0.30512 0.64426 0.70131
vn -0.5251 0.60869 0.59478
vn -0.43517 0.64602 0.62712
vn -0.51086 0.59316 0.62225
vn -0.59816 0.2826 0.74989
vn -0.66318 0.32892 0.67231
vn -0.53849 0.60016 0.59147
vn -0.56542 0.56014 0.60543
vn -0.56027 0.59597 0.57525
vn -0.73306 0.60731 0.30626
vn -0.77299 0.55901 0.3
vn -0.78409 0.5391 0.30752
vn -0.79341 0.4777 0.37722
vn -0.73057 0.3929 0.55848
vn -1 -0.00045 0.00119
vn -1 -0.00045 0.0012
vn -0.99523 -0.03425 0.09137
vn -0.95705 -0.07453 0.2802
vn -0.99499 -0.0125 0.09914
vn -0.95676 -0.06484 0.28358
vn -0.99486 -0.02703 0.0976
vn -0.99224 0.01821 0.12297
vn -0.99067 0.04393 0.12903
vn -0.98907 0.05467 0.13691
vn -0.97654 0.13418 0.16841
vn -0.98811 0.08422 0.12866
vn -0.93703 0.29622 0.18501
vn -0.94877 -0.12782 0.28896
vn -0.94075 -0.04259 0.33643
vn -0.93424 -0.13122 0.33164
vn -0.91219 -0.02626 0.40893
vn -0.91718 -0.12915 0.37696
vn -0.87751 -0.00255 0.47955
vn -0.88401 -0.12229 0.45118
vn -0.95813 0.24503 0.14817
vn -0.55322 0.73698 0.38833
vn -0.90747 0.39908 0.13131
vn -0.84525 0.50965 0.16066
vn -0.84773 0.5062 0.15849
vn -0.7708 0.60708 0.19318
vn -0.77074 0.60715 0.19322
vn -0.6875 0.69337 0.21585
vn -0.62527 0.29668 0.72182
vn -0.95541 0.02835 0.29393
vn -0.87817 0.20949 0.43004
vn -0.84712 0.24236 0.47292
vn -0.8216 0.27863 0.49733
vn -0.77242 0.32899 0.54325
vn -0.76208 0.34085 0.55051
vn -0.67799 0.41395 0.60743
vn -0.71655 0.37658 0.58715
vn -0.60482 0.76039 0.23665
vn -0.63685 0.73516 0.23232
vn -0.47623 0.85759 0.19427
vn 0.21725 0.93688 0.27396
vn -0.44408 0.7803 0.44036
vn -0.39575 0.68956 0.60654
vn -0.70597 0.67684 0.20853
vn -0.62859 0.74137 0.23503
vn -0.60065 0.47826 0.64069
vn -0.50085 0.54876 0.66934
vn -0.70753 0.3681 0.60324
vn 0.68474 0.64966 0.33027
vn -0.46981 0.43673 0.76717
vn -0.80037 -0.12227 0.58691
vn -0.68512 0.07217 0.72484
vn -0.73552 -0.10629 0.66911
vn -0.55282 0.12577 0.82375
vn -0.6723 -0.07275 0.7367
vn -0.4112 0.19132 0.89124
vn -0.59085 -0.02793 0.8063
vn -0.26786 0.22931 0.93577
vn -0.54273 0.01209 0.83982
vn -0.15535 0.29357 0.94323
vn -0.46758 0.05027 0.88252
vn 0.03438 0.33442 0.9418
vn -0.31257 0.13788 0.93984
vn 0.21825 0.94917 0.22682
vn 0.02847 0.1228 0.99202
vn 0.10734 0.18141 0.97753
vn 0.08316 0.28872 0.9538
vn 0.21422 0.52565 0.82329
vn 0.19483 0.51534 0.83454
vn 0.0996 0.40941 0.9069
vn 0.26769 0.77986 0.56583
vn 0.20625 0.72618 0.65584
vn 0.17226 0.64961 0.74049
vn 0.16367 0.81568 0.55487
vn 0.43947 0.76986 0.46279
vn 0.38723 0.77955 0.49229
vn -0.06879 0.99715 -0.03094
vn -0.05979 0.97907 0.19454
vn -0.26697 0.94412 0.19331
vn -0.3448 0.71472 0.60851
vn -0.24449 0.86463 0.4389
vn -0.26697 0.94412 0.19331
vn -0.22691 0.80244 0.55191
vn -0.15217 0.53813 0.82901
vn -0.23776 0.56044 0.79333
vn 0.0582 0.2043 0.97718
vn -0.07105 0.25127 0.9653
vn 6E-05 0.98357 0.18052
vn 5E-05 0.8339 0.55191
vn 5E-05 0.8339 0.55191
vn 4E-05 0.55923 0.82901
vn 3E-05 0.55923 0.82901
vn 1E-05 0.19689 0.98043
vn 1E-05 0.19689 0.98043
vn -1 0.00045 0.00119
vn -0.99523 0.03408 0.09144
vn -0.9999 0.01372 -0.00385
vn -0.95705 0.07453 0.2802
vn -0.70343 -0.1096 0.70226
vn -0.90265 -0.08193 0.4225
vn -0.93113 -0.26496 0.2506
vn -0.82939 -0.36046 0.42684
vn -0.95792 -0.2776 0.07306
vn -0.90834 0.13557 0.39565
vn -0.9084 0.12785 0.39806
vn -0.90444 0.1125 0.4115
vn -0.99277 -0.02617 0.11718
vn -0.98995 -0.04037 0.13553
vn -0.99444 0.01485 0.1043
vn -0.99519 0.02514 0.09463
vn -0.98708 -0.10324 0.12251
vn -0.97006 -0.13928 0.19897
vn -0.91041 0.01553 0.41341
vn -0.92265 0.06222 0.38057
vn -0.94833 0.12679 0.29086
vn -0.94397 0.07217 0.32205
vn -0.95689 0.12599 0.26171
vn -0.87531 -0.13813 0.46341
vn -0.39341 -0.80615 0.44199
vn -0.32417 -0.72411 0.60875
vn 0.20554 -0.35681 0.91129
vn -0.50228 -0.82669 0.25356
vn 0.73897 -0.66425 0.11269
vn -0.41873 -0.88692 0.19502
vn -0.54226 -0.80332 0.24623
vn -0.37241 -0.60728 0.7018
vn 0.87795 -0.47125 0.08439
vn -0.43638 -0.45767 0.77467
vn -0.94345 -0.316 0.10023
vn -0.88604 -0.43612 0.15727
vn -0.91593 -0.38782 0.10328
vn -0.81438 -0.5421 0.20713
vn -0.86914 -0.4778 0.12765
vn -0.75425 -0.62152 0.21173
vn -0.82845 -0.53761 0.15696
vn -0.7022 -0.67218 0.23471
vn -0.77681 -0.60425 0.17735
vn -0.60691 -0.75536 0.24717
vn -0.67236 -0.70748 0.2177
vn -0.5837 -0.77574 0.23983
vn -0.89505 -0.2636 0.35972
vn -0.927 -0.10234 0.36082
vn -0.81352 -0.29769 0.49957
vn -0.8436 -0.2401 0.4803
vn -0.75361 -0.35427 0.55368
vn -0.80361 -0.29237 0.51839
vn -0.69397 -0.41222 0.59033
vn -0.76156 -0.32969 0.55797
vn -0.56576 -0.50703 0.65026
vn -0.69783 -0.38503 0.60397
vn -0.69244 -0.39031 0.60678
vn -0.24656 -0.17388 0.9534
vn 0.09765 -0.32955 0.93907
vn -0.37857 -0.11732 0.91811
vn -0.18428 -0.23853 0.95349
vn -0.52519 -0.03709 0.85018
vn -0.37702 -0.15858 0.91253
vn -0.6381 0.02477 0.76956
vn -0.49321 -0.12665 0.86064
vn -0.67693 0.05933 0.73365
vn -0.56579 -0.07005 0.82157
vn -0.75091 0.07977 0.65557
vn -0.69351 -0.00937 0.72039
vn -0.82502 0.10874 0.55454
vn -0.21667 -0.76609 0.60511
vn -0.06883 -0.99715 -0.03096
vn 0.06687 -0.37129 0.92611
vn 0.19864 -0.57444 0.79408
vn 0.10304 -0.1951 0.97536
vn 0.17447 -0.65659 0.73379
vn 0.20194 -0.71653 0.66768
vn 0.2428 -0.77142 0.58818
vn -0.26702 -0.9441 0.19331
vn -0.26702 -0.9441 0.19331
vn -0.05983 -0.97907 0.19454
vn -8E-05 -0.98357 0.18053
vn 0.21814 -0.9492 0.22678
vn 0.19378 -0.8964 0.39864
vn -0.24454 -0.86462 0.43891
vn -0.30701 -0.78041 0.5447
vn -7E-05 -0.8339 0.55191
vn -7E-05 -0.8339 0.55191
vn 0.29717 -0.78346 0.54579
vn 0.35402 -0.78175 0.51336
vn -0.16667 -0.58929 0.79054
vn -0.2073 -0.52716 0.8241
vn -5E-05 -0.55923 0.82901
vn -5E-05 -0.55923 0.82901
vn 0.21471 -0.52556 0.82322
vn 0.19346 -0.51401 0.83568
vn -0.00055 -0.2806 0.95982
vn -0.05358 -0.18945 0.98043
vn -2E-05 -0.19688 0.98043
vn -2E-05 -0.19688 0.98043
vn 0.11021 -0.18098 0.97729
vn 0.01817 -0.07838 0.99676
vn -0.21825 -0.94917 0.22682
vn -0.10566 -0.18167 0.97767
vn -0.12048 -0.19224 0.97392
vn -0.01817 -0.07838 0.99676
vn -0.21422 -0.52565 0.82329
vn -0.19483 -0.51534 0.83454
vn -0.06689 -0.37129 0.92611
vn -0.26769 -0.77986 0.56583
vn -0.20625 -0.72618 0.65584
vn -0.17226 -0.64961 0.74049
vn -0.16367 -0.81568 0.55487
vn -0.43947 -0.76986 0.46279
vn -0.38723 -0.77955 0.49229
vn 0.06879 -0.99715 -0.03094
vn 0.05979 -0.97907 0.19454
vn 0.26697 -0.94412 0.19331
vn 0.3448 -0.71472 0.60851
vn 0.24449 -0.86463 0.4389
vn 0.26697 -0.94412 0.19331
vn 0.22691 -0.80244 0.55191
vn 0.15217 -0.53813 0.82901
vn 0.23776 -0.56044 0.79333
vn -0.0582 -0.2043 0.97718
vn 0.07105 -0.25127 0.9653
vn -6E-05 -0.98357 0.18052
vn -5E-05 -0.8339 0.55191
vn -5E-05 -0.8339 0.55191
vn -4E-05 -0.55923 0.82901
vn -3E-05 -0.55923 0.82901
vn -1E-05 -0.19689 0.98043
vn -1E-05 -0.19689 0.98043
vn 0.90725 -0.24176 0.34415
vn 0.9415 -0.3207 0.10358
vn 0.95985 0.13531 0.24572
vn 0.47623 -0.85759 0.19427
vn 0.89845 -0.41528 0.1426
vn 0.90747 -0.39908 0.13131
vn 0.84525 -0.50965 0.16066
vn 0.84773 -0.5062 0.15849
vn 0.7708 -0.60708 0.19318
vn 0.77074 -0.60715 0.19322
vn 0.6875 -0.69337 0.21585
vn 0.70597 -0.67684 0.20853
vn 0.62859 -0.74137 0.23503
vn 0.63685 -0.73516 0.23232
vn 0.58163 -0.77741 0.23947
vn -0.21052 -0.93846 0.27383
vn 0.45234 -0.77578 0.43995
vn 0.49403 -0.42079 0.76083
vn 0.37306 -0.70112 0.60767
vn -0.70836 -0.634 0.31026
vn 0.51866 -0.52773 0.67268
vn 0.69498 -0.39639 0.59989
vn 0.60065 -0.47826 0.64069
vn 0.71655 -0.37658 0.58715
vn 0.67799 -0.41395 0.60743
vn 0.76208 -0.34085 0.55051
vn 0.77242 -0.32899 0.54325
vn 0.8216 -0.27863 0.49733
vn 0.84712 -0.24236 0.47292
vn 0.87817 -0.20949 0.43004
vn 0.91115 -0.14707 0.38493
vn 0.75929 -0.02336 0.65034
vn 0.80037 0.12227 0.58691
vn 0.68512 -0.07217 0.72484
vn 0.73552 0.10629 0.66911
vn 0.55282 -0.12577 0.82375
vn 0.6723 0.07275 0.7367
vn 0.4112 -0.19132 0.89124
vn 0.59085 0.02793 0.8063
vn 0.26786 -0.22931 0.93577
vn 0.54273 -0.01209 0.83982
vn 0.17609 -0.28088 0.94345
vn 0.46745 -0.05022 0.88259
vn -0.10597 -0.36871 0.92348
vn 0.31257 -0.13788 0.93984
vn 0.99499 0.0125 0.09914
vn 0.95676 0.06484 0.28358
vn 0.94877 0.12782 0.28896
vn 0.94075 0.04259 0.33643
vn 0.93424 0.13122 0.33164
vn 0.99486 0.02703 0.0976
vn 0.99224 -0.01821 0.12297
vn 0.99067 -0.04393 0.12903
vn 0.98907 -0.05467 0.13691
vn 0.97654 -0.13418 0.16841
vn 0.95757 -0.27859 0.07376
vn 0.91535 -0.2837 0.28574
vn 0.93433 -0.1862 0.30391
vn 0.90716 -0.07148 0.41467
vn 0.93369 0.12723 0.33471
vn 0.90678 0.03436 0.4202
vn 0.9169 0.12785 0.37809
vn 0.8465 -0.06459 0.52846
vn 0.83517 0.1349 0.5332
vn 1 0.00045 0.00119
vn 1 0.00045 0.0012
vn 0.99523 0.03425 0.09137
vn 0.95705 0.07453 0.2802
vn 1 -0.00045 0.00119
vn 0.99523 -0.03408 0.09144
vn 0.9999 -0.01372 -0.00385
vn 0.95705 -0.07453 0.2802
vn 0.90265 0.08193 0.4225
vn 0.95792 0.2776 0.07306
vn 0.82939 0.36046 0.42684
vn 0.70343 0.1096 0.70226
vn 0.93113 0.26496 0.2506
vn 0.98708 0.10324 0.12251
vn 0.97006 0.13928 0.19897
vn 0.99277 0.02617 0.11718
vn 0.98995 0.04037 0.13553
vn 0.99444 -0.01485 0.1043
vn 0.99519 -0.02514 0.09463
vn 0.90444 -0.1125 0.4115
vn 0.88565 -0.05326 0.4613
vn 0.93359 -0.12065 0.33743
vn 0.92265 -0.06222 0.38057
vn 0.94833 -0.12679 0.29086
vn 0.94397 -0.07217 0.32205
vn 0.95689 -0.12599 0.26171
vn 0.87531 0.13813 0.46341
vn 0.39341 0.80615 0.44199
vn 0.32417 0.72411 0.60875
vn -0.20554 0.35681 0.91129
vn 0.50228 0.82669 0.25356
vn -0.73897 0.66425 0.11269
vn 0.41873 0.88692 0.19502
vn 0.54226 0.80332 0.24623
vn 0.37241 0.60728 0.7018
vn -0.87795 0.47125 0.08439
vn 0.43638 0.45767 0.77467
vn 0.94345 0.316 0.10023
vn 0.88604 0.43612 0.15727
vn 0.91593 0.38782 0.10328
vn 0.81438 0.5421 0.20713
vn 0.86914 0.4778 0.12765
vn 0.75425 0.62152 0.21173
vn 0.82845 0.53761 0.15696
vn 0.7022 0.67218 0.23471
vn 0.77681 0.60425 0.17735
vn 0.60691 0.75536 0.24717
vn 0.67236 0.70748 0.2177
vn 0.5837 0.77574 0.23983
vn 0.89505 0.2636 0.35972
vn 0.927 0.10234 0.36082
vn 0.81352 0.29769 0.49957
vn 0.8436 0.2401 0.4803
vn 0.75361 0.35427 0.55368
vn 0.80361 0.29237 0.51839
vn 0.69397 0.41222 0.59033
vn 0.76156 0.32969 0.55797
vn 0.56576 0.50703 0.65026
vn 0.69783 0.38503 0.60397
vn 0.69244 0.39031 0.60678
vn 0.24656 0.17388 0.9534
vn -0.09765 0.32955 0.93907
vn 0.37857 0.11732 0.91811
vn 0.18428 0.23853 0.95349
vn 0.52519 0.03709 0.85018
vn 0.37702 0.15858 0.91253
vn 0.6381 -0.02477 0.76956
vn 0.49321 0.12665 0.86064
vn 0.67693 -0.05933 0.73365
vn 0.56579 0.07005 0.82157
vn 0.75091 -0.07977 0.65557
vn 0.69351 0.00937 0.72039
vn 0.82502 -0.10874 0.55454
vn 0.21667 0.76609 0.60511
vn 0.06883 0.99715 -0.03096
vn -0.08312 0.28872 0.9538
vn -0.19864 0.57444 0.79408
vn -0.22103 0.50518 0.83423
vn -0.17447 0.65659 0.73379
vn -0.20194 0.71653 0.66768
vn -0.2428 0.77142 0.58818
vn 0.26702 0.9441 0.19331
vn 0.26702 0.9441 0.19331
vn 0.05983 0.97907 0.19454
vn 8E-05 0.98357 0.18053
vn -0.21814 0.9492 0.22678
vn -0.19378 0.8964 0.39864
vn 0.24454 0.86462 0.43891
vn 0.30701 0.78041 0.5447
vn 7E-05 0.8339 0.55191
vn 7E-05 0.8339 0.55191
vn -0.29717 0.78346 0.54579
vn -0.35402 0.78175 0.51336
vn 0.16667 0.58929 0.79054
vn 0.2073 0.52716 0.8241
vn 5E-05 0.55923 0.82901
vn 5E-05 0.55923 0.82901
vn -0.20604 0.52744 0.82423
vn -0.09957 0.40941 0.9069
vn 0.00055 0.2806 0.95982
vn 0.05358 0.18945 0.98043
vn 2E-05 0.19688 0.98043
vn 2E-05 0.19688 0.98043
vn -0.10727 0.18144 0.97753
vn -0.02846 0.1228 0.99202
vn -0.11653 -0.22545 0.96726
vn -0.89642 -0.03177 0.44206
vn -0.81999 -0.09418 0.56457
vn -0.19476 -0.05818 0.97912
vn -0.44094 -0.0779 0.89415
vn -0.52704 -0.11651 0.84182
vn -0.60791 -0.05281 0.79225
vn -0.79203 -0.05763 0.60775
vn -0.9794 -0.04049 0.19785
vn -0.97942 -0.02388 0.20044
vn -0.98067 -0.01513 0.19507
vn -0.97851 -0.05042 0.19996
vn -0.81149 -0.10763 0.57438
vn -0.81922 -0.13127 0.55826
vn -0.50661 -0.15606 0.84793
vn -0.52601 -0.19347 0.82818
vn -0.14833 -0.17804 0.97278
vn -0.14817 -0.09924 0.98397
vn -0.02691 -0.38559 0.92228
vn -0.11598 -0.34 0.93325
vn -0.44954 -0.3428 0.82486
vn -0.50549 -0.29713 0.81006
vn -0.78772 -0.23814 0.56815
vn -0.81056 -0.20251 0.54953
vn -0.97566 -0.08883 0.20051
vn -0.9782 -0.07501 0.19364
vn -0.75026 -0.61564 0.24103
vn -0.39962 -0.90308 0.15731
vn 0.25457 -0.88351 0.39319
vn 0.15708 -0.90943 0.38505
vn -0.16947 -0.98527 -0.02289
vn -0.05277 -0.9925 0.11024
vn -0.34085 -0.93672 0.07988
vn -0.25104 -0.96522 0.07304
vn -0.13884 -0.95687 0.2552
vn -0.03966 -0.98984 0.13655
vn 0.03667 -0.98068 0.19216
vn -0.60251 -0.79591 0.05916
vn -0.40305 -0.89883 0.17222
vn -0.27099 -0.89058 0.36528
vn -0.12805 -0.97486 0.18235
vn 0.03821 -0.93363 0.35619
vn 0.10277 -0.95486 0.27873
vn 0.11081 -0.95304 0.28183
vn -0.70468 -0.69231 0.15538
vn -0.62567 -0.77458 0.0926
vn -0.44827 -0.80687 0.38472
vn -0.32404 -0.92511 0.1979
vn -0.05583 -0.88601 0.46029
vn 0.04008 -0.93919 0.34106
vn 0.22734 -0.8615 0.45402
vn 0.18674 -0.86042 0.47414
vn -0.87401 -0.4607 0.15446
vn -0.74474 -0.65001 0.15116
vn -0.53618 -0.68914 0.48745
vn -0.42361 -0.8543 0.30121
vn -0.16377 -0.8238 0.5427
vn -0.08009 -0.90722 0.41295
vn 0.19223 -0.80691 0.55852
vn 0.13647 -0.81376 0.56495
vn 0.05202 -0.62144 0.78173
vn 0.03916 -0.59825 0.80035
vn -0.33322 -0.67964 0.6535
vn 0.08941 -0.68647 0.72164
vn 0.07591 -0.68379 0.72572
vn -0.27871 -0.77777 0.56338
vn -0.34076 -0.62642 0.70106
vn -0.65802 -0.62569 0.41896
vn -0.90872 -0.36811 0.19679
vn -0.86469 -0.48389 0.1348
vn -0.67208 -0.54981 0.496
vn -0.58546 -0.7456 0.31829
vn -0.23936 -0.73078 0.63927
vn -0.15352 -0.8483 0.50678
vn 0.1388 -0.74909 0.64777
vn 0.13112 -0.74402 0.65517
vn -0.97163 -0.18375 0.1489
vn -0.91687 -0.32986 0.22481
vn -0.78423 -0.38413 0.48727
vn -0.69927 -0.485 0.52517
vn -0.44908 -0.50309 0.7384
vn -0.3673 -0.56667 0.73754
vn -0.02698 -0.52037 0.85351
vn 0.02641 -0.55745 0.82979
vn 0.00125 -1 0.00161
vn 0.31592 -0.90888 0.27227
vn 0.03596 -0.99821 0.04783
vn -0.00461 -0.99997 0.00615
vn 0.11931 -0.98373 0.13432
vn 0.21339 -0.95421 0.20964
vn -0.00125 -1 0.00161
vn -0.00123 -1 0.00163
vn -0.03578 -0.99821 0.04796
vn -0.11931 -0.98373 0.13432
vn -0.21339 -0.95421 0.20964
vn -0.31592 -0.90888 0.27227
vn -0.02675 -0.97964 0.19895
vn 0.444 -0.56999 0.69136
vn -0.23271 -0.88894 0.39451
vn -0.2165 -0.885 0.4122
vn -0.21652 -0.86616 0.45044
vn -0.16519 -0.84362 0.5109
vn -0.19555 -0.81146 0.55072
vn -0.14122 -0.76192 0.63209
vn -0.14116 -0.75182 0.64408
vn -0.07878 -0.67149 0.73681
vn -0.06943 -0.68459 0.72562
vn -0.01319 -0.51308 0.85824
vn 0.02684 -0.56987 0.8213
vn -0.21722 -0.91329 0.34457
vn -0.12442 -0.95584 0.26624
vn -0.07505 -0.94428 0.32048
vn -0.06261 -0.94443 0.32269
vn 0.01244 -0.91073 0.41281
vn 0.05835 -0.91273 0.40437
vn 0.12437 -0.85518 0.50319
vn 0.16197 -0.8395 0.51866
vn 0.22159 -0.75954 0.61156
vn 0.31023 -0.73266 0.60577
vn 0.38062 -0.50284 0.77606
vn 0.77111 -0.46926 0.43032
vn -0.12543 -0.95412 0.27189
vn -0.0195 -0.99238 0.12164
vn 0.05019 -0.9788 0.19858
vn 0.10911 -0.97398 0.19863
vn 0.18095 -0.9408 0.28662
vn 0.30964 -0.92367 0.22575
vn 0.37544 -0.86917 0.32186
vn 0.45173 -0.82406 0.34185
vn 0.50661 -0.74611 0.43205
vn 0.63531 -0.67233 0.37994
vn 0.70994 -0.4006 0.57922
vn 0.95152 -0.29591 0.08402
vn 0.92642 -0.21606 0.30833
vn 0.80759 -0.58957 0.01445
vn 0.78331 -0.53677 0.31353
vn 0.62767 -0.77772 0.03437
vn 0.6568 -0.72234 0.21641
vn 0.46883 -0.88168 -0.05329
vn 0.42403 -0.8686 0.25639
vn 0.22227 -0.97498 0.00073
vn 0.23954 -0.96028 0.14314
vn 0.07985 -0.99629 -0.03203
vn 0.07603 -0.98905 0.12646
vn 0.97846 -0.04139 0.20225
vn 0.44094 -0.0779 0.89415
vn 0.52704 -0.11651 0.84182
vn 0.98051 -0.02369 0.19504
vn 0.89642 -0.03177 0.44206
vn 0.81999 -0.09418 0.56457
vn 0.79203 -0.05763 0.60775
vn 0.60791 -0.05281 0.79225
vn 0.14792 -0.22893 0.96214
vn 0.14766 -0.05409 0.98756
vn 0.19402 -0.10458 0.97541
vn 0.11626 -0.17548 0.97759
vn 0.50736 -0.19345 0.83974
vn 0.52692 -0.15541 0.83558
vn 0.812 -0.13237 0.56846
vn 0.81987 -0.1059 0.56267
vn 0.97926 -0.04985 0.19636
vn 0.97932 -0.01564 0.2017
vn 0.97544 -0.07956 0.20539
vn 0.97787 -0.08564 0.19086
vn 0.78611 -0.21237 0.58046
vn 0.80874 -0.23079 0.54099
vn 0.44748 -0.30327 0.8413
vn 0.503 -0.33891 0.79506
vn 0.02672 -0.33244 0.94275
vn 0.11507 -0.39589 0.91106
vn 0.81186 0.18418 0.55405
vn 0.027 0.42968 0.90258
vn 0.45077 0.38098 0.80726
vn 0.97742 0.08504 0.19342
vn 0.97576 0.09787 0.19572
vn 0.97854 0.05898 0.19746
vn 0.97755 0.06979 0.19882
vn 0.80331 0.16042 0.57356
vn 0.80345 0.23016 0.54909
vn 0.08442 0.38017 0.92106
vn 0.08452 0.31275 0.94607
vn 0.11919 0.26297 0.95741
vn 0.11866 0.14173 0.98277
vn 0.19408 0.10183 0.97569
vn 0.43917 0.11858 0.89055
vn 0.50791 0.1384 0.85022
vn 0.50798 0.27067 0.81774
vn 0.48662 0.23231 0.84216
vn 0.48695 0.33588 0.80627
vn 0.78868 0.26377 0.55534
vn 0.98051 0.02377 0.19503
vn 0.97846 0.03347 0.20372
vn 0.89569 0.05141 0.4417
vn 0.81212 0.10166 0.57457
vn 0.79046 0.08533 0.60654
vn 0.6064 0.088 0.79027
vn 0.78423 0.38413 0.48727
vn -0.11081 0.95304 0.28183
vn -0.02641 0.55745 0.82979
vn -0.03916 0.59825 0.80035
vn -0.05202 0.62144 0.78173
vn -0.07591 0.68379 0.72572
vn -0.08941 0.68647 0.72164
vn -0.1388 0.74909 0.64777
vn -0.13112 0.74402 0.65517
vn -0.19223 0.80691 0.55852
vn -0.13647 0.81376 0.56495
vn -0.22734 0.8615 0.45402
vn -0.18674 0.86042 0.47414
vn -0.25457 0.88351 0.39319
vn -0.15708 0.90943 0.38505
vn 0.02698 0.52037 0.85351
vn 0.3673 0.56667 0.73754
vn 0.33322 0.67964 0.6535
vn 0.34076 0.62642 0.70106
vn 0.27871 0.77777 0.56338
vn 0.23936 0.73078 0.63927
vn 0.15352 0.8483 0.50678
vn 0.16377 0.8238 0.5427
vn 0.08009 0.90722 0.41295
vn 0.05583 0.88601 0.46029
vn -0.04008 0.93919 0.34106
vn -0.03821 0.93363 0.35619
vn -0.10277 0.95486 0.27873
vn -0.03667 0.98068 0.19216
vn 0.44908 0.50309 0.7384
vn 0.69927 0.485 0.52517
vn 0.65802 0.62569 0.41896
vn 0.67208 0.54981 0.496
vn 0.58546 0.7456 0.31829
vn 0.53618 0.68914 0.48745
vn 0.42361 0.8543 0.30121
vn 0.44827 0.80687 0.38472
vn 0.32404 0.92511 0.1979
vn 0.27099 0.89058 0.36528
vn 0.12805 0.97486 0.18235
vn 0.13884 0.95687 0.2552
vn 0.03966 0.98984 0.13655
vn 0.05277 0.9925 0.11024
vn 0.16947 0.98527 -0.02289
vn 0.25104 0.96522 0.07304
vn 0.34085 0.93672 0.07988
vn 0.40647 0.89834 0.16661
vn 0.57755 0.81598 0.02486
vn 0.62567 0.77458 0.0926
vn 0.70468 0.69231 0.15538
vn 0.72586 0.66021 0.19298
vn 0.84586 0.52406 0.09936
vn 0.86469 0.48389 0.1348
vn 0.90872 0.36811 0.19679
vn 0.91687 0.32986 0.22481
vn 0.97163 0.18375 0.1489
vn -0.00125 1 0.00161
vn -0.31592 0.90888 0.27227
vn -0.03596 0.99821 0.04783
vn 0.00461 0.99997 0.00615
vn -0.11931 0.98373 0.13432
vn -0.21339 0.95421 0.20964
vn 0.00125 1 0.00161
vn 0.00123 1 0.00163
vn 0.03578 0.99821 0.04796
vn 0.11931 0.98373 0.13432
vn 0.21339 0.95421 0.20964
vn 0.31592 0.90888 0.27227
vn -0.92642 0.21606 0.30833
vn -0.02684 0.56987 0.8213
vn 0.01319 0.51308 0.85824
vn -0.444 0.56999 0.69136
vn -0.77111 0.46926 0.43032
vn -0.95152 0.29591 0.08402
vn -0.70994 0.4006 0.57922
vn -0.63531 0.67233 0.37994
vn -0.73528 0.64577 0.20577
vn -0.77745 0.605 0.17188
vn -0.88538 0.44143 0.14574
vn -0.38062 0.50284 0.77606
vn -0.31023 0.73266 0.60577
vn -0.50661 0.74611 0.43205
vn -0.45173 0.82406 0.34185
vn -0.62767 0.77772 0.03437
vn -0.37533 0.91605 0.14133
vn -0.56798 0.81947 0.07657
vn -0.6568 0.72234 0.21641
vn 0.14116 0.75182 0.64408
vn 0.14122 0.76192 0.63209
vn -0.12437 0.85518 0.50319
vn -0.05835 0.91273 0.40437
vn -0.18095 0.9408 0.28662
vn -0.10911 0.97398 0.19863
vn 0.21722 0.91329 0.34457
vn 0.23271 0.88894 0.39451
vn 0.21652 0.86616 0.45044
vn 0.2165 0.885 0.4122
vn 0.07505 0.94428 0.32048
vn 0.12442 0.95584 0.26624
vn 0.12543 0.95412 0.27189
vn 0.19555 0.81146 0.55072
vn 0.16519 0.84362 0.5109
vn -0.01244 0.91073 0.41281
vn 0.06261 0.94443 0.32269
vn -0.05019 0.9788 0.19858
vn 0.0195 0.99238 0.12164
vn 0.02675 0.97964 0.19895
vn 0.06943 0.68459 0.72562
vn 0.07878 0.67149 0.73681
vn -0.22159 0.75954 0.61156
vn -0.16197 0.8395 0.51866
vn -0.37544 0.86917 0.32186
vn -0.30964 0.92367 0.22575
vn -0.35129 0.92246 0.16022
vn -0.22227 0.97498 0.00073
vn -0.23954 0.96028 0.14314
vn -0.07985 0.99629 -0.03203
vn -0.07603 0.98905 0.12646
vn -0.50896 0.23067 0.82931
vn -0.97565 0.08829 0.2008
vn -0.78767 0.2373 0.56856
vn -0.08399 0.43652 0.89577
vn -0.02688 0.37509 0.9266
vn -0.11883 0.31659 0.94109
vn -0.0843 0.26018 0.96187
vn -0.48743 0.27151 0.82988
vn -0.48536 0.37783 0.78846
vn -0.97719 0.09556 0.18966
vn -0.9775 0.06037 0.20213
vn -0.97839 0.06885 0.19499
vn -0.97828 0.02508 0.20575
vn -0.98026 0.03279 0.19499
vn -0.89569 0.05141 0.4417
vn -0.81212 0.10166 0.57457
vn -0.81259 0.15749 0.56116
vn -0.80387 0.18626 0.56489
vn -0.80224 0.25834 0.53821
vn -0.44944 0.34051 0.82586
vn -0.19288 0.1502 0.96966
vn -0.11799 0.09546 0.98842
vn -0.43917 0.11858 0.89055
vn -0.50791 0.1384 0.85022
vn -0.6064 0.088 0.79027
vn -0.79046 0.08533 0.60654
vn 0.18733 0 -0.9823
vn 0.17693 0.00274 -0.98422
vn 0.53882 -0.00298 -0.84242
vn 0.53831 -0.00282 -0.84274
vn 0.82035 0.00259 -0.57185
vn 0.84149 -0.00617 -0.54024
vn 0.97913 0.00578 -0.20316
vn 0.98443 0 -0.1758
vn -0.98016 0 -0.1982
vn -0.98435 0.00683 -0.1761
vn -0.82781 -0.00751 -0.56096
vn -0.84212 0.00125 -0.53929
vn -0.55034 -0.00114 -0.83494
vn -0.53999 -0.00485 -0.84166
vn -0.19211 0.0043 -0.98136
vn -0.1758 0 -0.98443
vn 0.19305 0 -0.98119
vn 0.17468 0.00486 -0.98461
vn 0.55134 -0.00529 -0.83426
vn 0.53933 -0.0011 -0.84209
vn 0.82791 0.00101 -0.56086
vn 0.84269 -0.00648 -0.53836
vn 0.9802 0.00595 -0.19793
vn 0.98443 0 -0.17579
vn -0.97901 0 -0.20382
vn -0.98449 0.0068 -0.17533
vn -0.81913 -0.00755 -0.57356
vn -0.84259 0.00324 -0.53855
vn -0.53824 -0.00291 -0.84279
vn -0.53829 -0.0029 -0.84275
vn -0.1876 0.00251 -0.98224
vn -0.1758 0 -0.98443
vn -0.18733 -0 -0.9823
vn -0.17693 -0.00274 -0.98422
vn -0.53882 0.00298 -0.84242
vn -0.53831 0.00282 -0.84274
vn -0.82035 -0.00259 -0.57185
vn -0.84149 0.00617 -0.54024
vn -0.97913 -0.00578 -0.20316
vn -0.98443 0 -0.1758
vn 0.98016 0 -0.1982
vn 0.98435 -0.00683 -0.1761
vn 0.82781 0.00751 -0.56096
vn 0.84212 -0.00125 -0.53929
vn 0.55034 0.00114 -0.83494
vn 0.53999 0.00485 -0.84166
vn 0.19211 -0.0043 -0.98136
vn 0.1758 0 -0.98443
vn -0.19305 -0 -0.98119
vn -0.17468 -0.00486 -0.98461
vn -0.55134 0.00529 -0.83426
vn -0.53933 0.0011 -0.84209
vn -0.82791 -0.00101 -0.56086
vn -0.84269 0.00648 -0.53836
vn -0.9802 -0.00595 -0.19793
vn -0.98443 0 -0.17579
vn 0.97901 0 -0.20382
vn 0.98449 -0.0068 -0.17533
vn 0.81913 0.00755 -0.57356
vn 0.84259 -0.00324 -0.53855
vn 0.53824 0.00291 -0.84279
vn 0.53829 0.0029 -0.84275
vn 0.1876 -0.00251 -0.98224
vn 0.1758 0 -0.98443
vn 0.28303 0.65159 -0.70379
vn 0.3713 0.60179 -0.7071
vn 0.4332 0.53248 -0.72719
vn 0.45168 0.54793 -0.7041
vn 0.58038 0.40968 -0.70379
vn 0.58038 0.40968 -0.70379
vn 0.66939 0.2379 -0.70379
vn 0.66939 0.2379 -0.70379
vn 0.70875 0.04848 -0.70379
vn 0.70875 0.04848 -0.70379
vn 0.69555 -0.14454 -0.70379
vn 0.69555 -0.14454 -0.70379
vn 0.63076 -0.32683 -0.70379
vn 0.63076 -0.32683 -0.70379
vn 0.51919 -0.48489 -0.70379
vn 0.51919 -0.48489 -0.70379
vn 0.36912 -0.60699 -0.70379
vn 0.36912 -0.60699 -0.70379
vn 0.19167 -0.68406 -0.70379
vn 0.19167 -0.68406 -0.70379
vn 0.04831 -0.70628 -0.70628
vn 0.04831 -0.70628 -0.70628
vn -0.04831 -0.70628 -0.70628
vn -0.04831 -0.70628 -0.70628
vn -0.19167 -0.68406 -0.70379
vn -0.19167 -0.68406 -0.70379
vn -0.36912 -0.60699 -0.70379
vn -0.36912 -0.60699 -0.70379
vn -0.51919 -0.48489 -0.70379
vn -0.51919 -0.48489 -0.70379
vn -0.63076 -0.32683 -0.70379
vn -0.63076 -0.32683 -0.70379
vn -0.69555 -0.14454 -0.70379
vn -0.69555 -0.14454 -0.70379
vn -0.70875 0.04848 -0.70379
vn -0.70875 0.04848 -0.70379
vn -0.66939 0.2379 -0.70379
vn -0.66939 0.2379 -0.70379
vn -0.58038 0.40968 -0.70379
vn -0.58038 0.40968 -0.70379
vn -0.44833 0.55107 -0.70379
vn -0.44833 0.55107 -0.70379
vn -0.28303 0.65159 -0.70379
vn -0.28303 0.65159 -0.70379
vn -0.09673 0.70379 -0.70379
vn -0.09673 0.70379 -0.70379
vn 0.09673 0.70379 -0.70379
vn 0.09673 0.70379 -0.70379
vn 0.28303 0.65159 -0.70379
vn 0 -0.70711 0.70711
vn -0.70711 0 0.70711
vn 0.18615 -0.69475 0.69475
vn 0.18614 -0.69475 0.69474
vn 0.5086 -0.50859 0.69474
vn 0.5086 -0.50859 0.69475
vn 0.69475 -0.18616 0.69475
vn -0.09841 0.70023 0.7071
vn -0.09841 0.70023 0.70711
vn 0.70711 0 0.70711
vn 0 0.70711 0.7071
vn 0.69475 0.18616 0.69475
vn 0.69475 0.18616 0.69475
vn 0.50859 0.50859 0.69474
vn 0.50859 0.50859 0.69475
vn 0.18616 0.69475 0.69475
vn 0.18616 0.69475 0.69474
vn -0.13928 0.70022 0.70021
vn -0.17246 0.64363 0.74565
vn -0.31308 0.63487 0.70635
vn -0.4323 0.56339 0.70406
vn -0.45934 0.45934 0.76027
vn -0.70022 0.13928 0.70021
vn -0.64363 0.17246 0.74565
vn -0.63487 0.31308 0.70635
vn -0.56339 0.4323 0.70406
vn 0.09841 0.70023 0.70711
vn 0.09841 0.70023 0.7071
vn -0.69475 -0.18616 0.69475
vn -0.5086 -0.50859 0.69475
vn -0.5086 -0.50859 0.69474
vn -0.18615 -0.69475 0.69474
vn -0.18614 -0.69475 0.69475
vn 0.18616 -0.69475 0.69474
vn 0.18616 -0.69475 0.69475
vn 0.50859 -0.50859 0.69475
vn 0.50859 -0.50859 0.69474
vn 0.69475 -0.18616 0.69475
vn 0.69475 -0.18616 0.69475
vn 0 -0.70711 0.7071
vn -0.09841 -0.70023 0.70711
vn -0.09841 -0.70023 0.7071
vn 0.69475 0.18616 0.69475
vn 0.5086 0.50859 0.69475
vn 0.5086 0.50859 0.69474
vn 0.18615 0.69475 0.69474
vn 0.18614 0.69475 0.69475
vn -0 0.70711 0.70711
vn -0.18615 0.69475 0.69475
vn -0.18614 0.69475 0.69474
vn -0.5086 0.50859 0.69474
vn -0.5086 0.50859 0.69475
vn -0.69475 0.18616 0.69475
vn 0.09841 -0.70023 0.7071
vn 0.09841 -0.70023 0.70711
vn -0.69475 -0.18616 0.69475
vn -0.69475 -0.18616 0.69475
vn -0.50859 -0.50859 0.69474
vn -0.50859 -0.50859 0.69475
vn -0.18616 -0.69475 0.69475
vn -0.18616 -0.69475 0.69474
vn -0.66416 -0.24269 -0.70711
vn -0.66416 -0.24269 -0.70711
vn -0.66416 -0.24269 -0.70711
vn -0.66416 -0.24269 -0.70711
vn -0.14432 -0.6997 -0.6997
vn -0.14432 -0.6997 -0.6997
vn -0.40941 -0.58549 -0.6997
vn -0.40941 -0.58549 -0.6997
vn -0.60767 -0.3757 -0.6997
vn -0.60767 -0.3757 -0.6997
vn -0.7065 -0.0413 -0.7065
vn -0.67776 -0.20369 -0.7065
vn -0.67776 -0.20369 -0.7065
vn -0.69254 -0.14353 -0.70696
vn -0.7585 -0.13424 -0.6377
vn -0.69974 -0.10287 -0.70696
vn -0.7065 -0.0413 -0.7065
vn 0 -0.70711 -0.70711
vn -0.70711 0 -0.70711
vn -0.18616 -0.69475 -0.69475
vn -0.18616 -0.69475 -0.69475
vn -0.50859 -0.50859 -0.69475
vn -0.50859 -0.50859 -0.69475
vn -0.69475 -0.18616 -0.69475
vn -0.69475 -0.18616 -0.69474
vn -0.18615 -0.69475 -0.69475
vn -0.18614 -0.69475 -0.69474
vn -0.5086 -0.50859 -0.69474
vn -0.5086 -0.50859 -0.69475
vn -0.69475 -0.18616 -0.69475
vn -0.70711 0 -0.7071
vn -0 -0.70711 -0.70711
vn -0.69475 0.18616 -0.69474
vn -0.69475 0.18616 -0.69475
vn -0.50859 0.50859 -0.69475
vn -0.50859 0.50859 -0.69475
vn -0.18616 0.69475 -0.69475
vn -0.18616 0.69475 -0.69475
vn 0.69475 -0.18616 -0.69475
vn 0.5086 -0.50859 -0.69475
vn 0.5086 -0.50859 -0.69474
vn 0.18615 -0.69475 -0.69474
vn 0.18614 -0.69475 -0.69475
vn 0 0.70711 -0.70711
vn 0.70711 0 -0.70711
vn -0.60767 0.3757 -0.6997
vn -0.60767 0.3757 -0.6997
vn -0.40941 0.58549 -0.6997
vn -0.40941 0.58549 -0.6997
vn -0.14432 0.6997 -0.6997
vn -0.14432 0.6997 -0.6997
vn 0.67776 -0.20369 -0.7065
vn 0.7065 -0.0413 -0.7065
vn 0.7065 -0.0413 -0.7065
vn 0.69974 -0.10287 -0.70696
vn 0.7585 -0.13424 -0.6377
vn 0.69254 -0.14353 -0.70696
vn 0.67776 -0.20369 -0.7065
vn -0.66416 0.24269 -0.70711
vn -0.66416 0.24269 -0.70711
vn -0.66416 0.24269 -0.70711
vn -0.66416 0.24269 -0.7071
vn -0.66416 0.24269 -0.70711
vn 0.66416 -0.24269 -0.70711
vn 0.66416 -0.24269 -0.70711
vn 0.66416 -0.24269 -0.70711
vn 0.66416 -0.24269 -0.70711
vn -0.67776 0.20369 -0.7065
vn -0.7065 0.0413 -0.7065
vn -0.7065 0.0413 -0.7065
vn -0.69974 0.10287 -0.70696
vn -0.7585 0.13424 -0.6377
vn -0.69254 0.14353 -0.70696
vn -0.67776 0.20369 -0.7065
vn 0.68415 0.18401 -0.70575
vn 0.68415 0.18401 -0.70575
vn 0.70575 0.06197 -0.70575
vn 0.70575 0.06197 -0.70575
vn 0.70575 -0.06197 -0.70575
vn 0.70575 -0.06197 -0.70575
vn 0.68415 -0.18401 -0.70575
vn 0.68415 -0.18401 -0.70575
vn 0.66416 0.24269 -0.70711
vn 0.66416 0.24269 -0.7071
vn 0.66416 0.24269 -0.70711
vn 0.66416 0.24269 -0.70711
vn 0.66416 0.24269 -0.70711
vn -0.69475 0.18616 -0.69475
vn -0.5086 0.50859 -0.69475
vn -0.5086 0.50859 -0.69474
vn -0.18615 0.69475 -0.69474
vn -0.18614 0.69475 -0.69475
vn 0.7065 0.0413 -0.7065
vn 0.67776 0.20369 -0.7065
vn 0.67776 0.20369 -0.7065
vn 0.69254 0.14353 -0.70696
vn 0.7585 0.13424 -0.6377
vn 0.69974 0.10287 -0.70696
vn 0.7065 0.0413 -0.7065
vn 0 0.70711 -0.70711
vn 0.18615 0.69475 -0.69475
vn 0.18614 0.69475 -0.69474
vn 0.5086 0.50859 -0.69474
vn 0.5086 0.50859 -0.69475
vn 0.69475 0.18616 -0.69475
vn -0.22416 -0.65267 -0.72372
vn -0.22481 -0.66122 -0.71572
vn -0.22022 -0.63552 -0.74001
vn -0.83625 -0.54835 0
vn 0.61062 -0.79193 0
vn 0.61062 -0.79193 -0
vn 0.61062 -0.79193 0
vn -0.8301 -0.54432 -0.12108
vn -0.83215 -0.53423 -0.14872
vn -0.74755 -0.57003 -0.34094
vn -0.71965 -0.55518 -0.41699
vn -0.60659 -0.60128 -0.52011
vn -0.52272 -0.59675 -0.60882
vn -0.41536 -0.63998 -0.64645
vn -0.28175 -0.64862 -0.70704
vn -0.03646 -0.71245 -0.70077
vn 0.05109 -0.70651 -0.70585
vn 0.23027 -0.74509 -0.62595
vn 0.30238 -0.73943 -0.6015
vn 0.45812 -0.77285 -0.43913
vn 0.49773 -0.76688 -0.40516
vn 0.59576 -0.78718 -0.15941
vn 0.60434 -0.78379 -0.14298
vn -0.30043 0.64013 -0.70709
vn -0.33951 0.64281 -0.68667
vn -0.6566 0.53662 -0.53002
vn -0.33665 0.62227 -0.70671
vn -0.40441 0.58096 -0.70636
vn -0.51731 0.67038 -0.53196
vn -0.46776 0.53085 -0.70668
vn -0.52446 0.47532 -0.7064
vn -0.82732 0.19231 -0.52778
vn -0.57501 0.41233 -0.70664
vn -0.61774 0.34545 -0.70645
vn -0.76183 0.3744 -0.52862
vn -0.65293 0.27275 -0.70661
vn -0.67948 0.19796 -0.70649
vn -0.69753 0.11923 -0.70657
vn -0.70653 0.04039 -0.70653
vn -0.84955 0 -0.52751
vn -0.70653 -0.04039 -0.70653
vn -0.69753 -0.11923 -0.70657
vn -0.82732 -0.19231 -0.52778
vn -0.67948 -0.19796 -0.70649
vn -0.65293 -0.27275 -0.70661
vn -0.76183 -0.3744 -0.52862
vn -0.61774 -0.34545 -0.70645
vn -0.57501 -0.41233 -0.70664
vn -0.6566 -0.53662 -0.53002
vn -0.52446 -0.47532 -0.7064
vn -0.46776 -0.53085 -0.70668
vn -0.51731 -0.67038 -0.53196
vn -0.40441 -0.58096 -0.70636
vn -0.33051 -0.62576 -0.70653
vn -0.34799 -0.64323 -0.68202
vn -0.30043 -0.64013 -0.70709
vn 0.16251 -0.68819 -0.7071
vn 0.11375 -0.7228 -0.68163
vn 0.11532 -0.69867 -0.70609
vn 0.03104 -0.70677 -0.70677
vn 0.03104 -0.70677 -0.70677
vn -0.03104 -0.70677 -0.70677
vn -0.03104 -0.70677 -0.70677
vn -0.11005 -0.69933 -0.70628
vn -0.11875 -0.71941 -0.68436
vn -0.16251 -0.68819 -0.7071
vn -0.40227 0.58784 -0.70187
vn -0.28278 0.67832 -0.67817
vn -0.61356 0.54968 -0.56692
vn -0.51444 0.62523 -0.58689
vn -0.76548 0.5291 -0.36619
vn -0.70856 0.57668 -0.40667
vn -0.83998 0.52806 -0.12481
vn -0.82709 0.54235 -0.1476
vn -0.60273 -0.7817 -0.16017
vn -0.60093 -0.78658 -0.14205
vn -0.47586 -0.75716 -0.44752
vn -0.48966 -0.77488 -0.39973
vn -0.25053 -0.72107 -0.64598
vn -0.29399 -0.75184 -0.59018
vn 0.02276 -0.68249 -0.73054
vn -0.04644 -0.72197 -0.69037
vn -0.83625 0.54835 0
vn -0.61062 -0.79193 -0
vn -0.61062 -0.79193 -0
vn -0.61062 -0.79193 0
vn -0.22698 0.66088 -0.71535
vn -0.2234 0.65326 -0.72342
vn -0.22022 0.63552 -0.74001
vn 0.22698 -0.66088 -0.71535
vn 0.2234 -0.65326 -0.72342
vn 0.22022 -0.63552 -0.74001
vn 0.61062 0.79193 0
vn 0.61062 0.79193 -0
vn 0.61062 0.79193 0
vn 0.83625 -0.54835 0
vn 0.60273 0.7817 -0.16017
vn 0.60093 0.78658 -0.14205
vn 0.47586 0.75716 -0.44752
vn 0.48966 0.77488 -0.39973
vn 0.25053 0.72107 -0.64598
vn 0.29399 0.75184 -0.59018
vn -0.02276 0.68249 -0.73054
vn 0.04644 0.72197 -0.69037
vn 0.40227 -0.58784 -0.70187
vn 0.28278 -0.67832 -0.67817
vn 0.61356 -0.54968 -0.56692
vn 0.51444 -0.62523 -0.58689
vn 0.76548 -0.5291 -0.36619
vn 0.70856 -0.57668 -0.40667
vn 0.83998 -0.52806 -0.12481
vn 0.82709 -0.54235 -0.1476
vn -0.16251 0.68819 -0.7071
vn -0.11375 0.7228 -0.68163
vn -0.11532 0.69867 -0.70609
vn -0.03104 0.70677 -0.70677
vn -0.03104 0.70677 -0.70677
vn 0.03104 0.70677 -0.70677
vn 0.03104 0.70677 -0.70677
vn 0.11005 0.69933 -0.70628
vn 0.11875 0.71941 -0.68436
vn 0.16251 0.68819 -0.7071
vn 0.30043 -0.64013 -0.70709
vn 0.33951 -0.64281 -0.68667
vn 0.6566 -0.53662 -0.53002
vn 0.33665 -0.62227 -0.70671
vn 0.40441 -0.58096 -0.70636
vn 0.51731 -0.67038 -0.53196
vn 0.46776 -0.53085 -0.70668
vn 0.52446 -0.47532 -0.7064
vn 0.82732 -0.19231 -0.52778
vn 0.57501 -0.41233 -0.70664
vn 0.61774 -0.34545 -0.70645
vn 0.76183 -0.3744 -0.52862
vn 0.65293 -0.27275 -0.70661
vn 0.67948 -0.19796 -0.70649
vn 0.69753 -0.11923 -0.70657
vn 0.70653 -0.04039 -0.70653
vn 0.84955 0 -0.52751
vn 0.70653 0.04039 -0.70653
vn 0.69753 0.11923 -0.70657
vn 0.82732 0.19231 -0.52778
vn 0.67948 0.19796 -0.70649
vn 0.65293 0.27275 -0.70661
vn 0.76183 0.3744 -0.52862
vn 0.61774 0.34545 -0.70645
vn 0.57501 0.41233 -0.70664
vn 0.6566 0.53662 -0.53002
vn 0.52446 0.47532 -0.7064
vn 0.46776 0.53085 -0.70668
vn 0.51731 0.67038 -0.53196
vn 0.40441 0.58096 -0.70636
vn 0.33051 0.62576 -0.70653
vn 0.34799 0.64323 -0.68202
vn 0.30043 0.64013 -0.70709
vn 0.03646 0.71245 -0.70077
vn -0.05109 0.70651 -0.70585
vn -0.23027 0.74509 -0.62595
vn -0.30238 0.73943 -0.6015
vn -0.45812 0.77285 -0.43913
vn -0.49773 0.76688 -0.40516
vn -0.59576 0.78718 -0.15941
vn -0.60434 0.78379 -0.14298
vn 0.8301 0.54432 -0.12108
vn 0.83215 0.53423 -0.14872
vn 0.74755 0.57003 -0.34094
vn 0.71965 0.55518 -0.41699
vn 0.60659 0.60128 -0.52011
vn 0.52272 0.59675 -0.60882
vn 0.41536 0.63998 -0.64645
vn 0.28175 0.64862 -0.70704
vn -0.61062 0.79193 0
vn -0.61062 0.79193 -0
vn -0.61062 0.79193 0
vn 0.83625 0.54835 0
vn 0.22416 0.65267 -0.72372
vn 0.22481 0.66122 -0.71572
vn 0.22022 0.63552 -0.74001
vn 0.11207 0.9937 0
vn 0.11099 0.99382 0.00012
vn 0.12923 0.99161 0.00122
vn 0.12012 0.99276 0.0001
vn 0.11356 0.99353 -4E-05
vn 0.31028 0.95064 0
vn 0.309 0.95106 -0.00224
vn 0.18083 0.98351 0.0022
vn 0.19228 0.98111 0.02116
vn 0.13745 0.9905 0.00318
vn -0.11288 0.99361 0.00033
vn -0.13971 0.98988 0.02495
vn -0.26837 0.96332 0
vn -0.26967 0.96295 -0.00181
vn -0.17842 0.98395 0.00133
vn -0.16689 0.98589 0.01282
vn -0.13122 0.99135 0.00115
vn -0.11207 0.9937 0
vn -0.11181 0.99373 3E-05
vn -0.11746 0.99308 -4E-05
vn 0.78253 -0.62261 0
vn -0.81649 -0.57735 -0
vn -0.11207 -0.9937 -0
vn -0.11099 -0.99382 0.00012
vn -0.12923 -0.99161 0.00122
vn -0.12012 -0.99276 0.0001
vn -0.11356 -0.99353 -4E-05
vn -0.31028 -0.95064 -0
vn -0.309 -0.95106 -0.00224
vn -0.18083 -0.98351 0.0022
vn -0.19228 -0.98111 0.02116
vn -0.13745 -0.9905 0.00318
vn 0.11288 -0.99361 0.00033
vn 0.13971 -0.98988 0.02495
vn 0.26837 -0.96332 0
vn 0.26967 -0.96295 -0.00181
vn 0.17842 -0.98395 0.00133
vn 0.16689 -0.98589 0.01282
vn 0.13122 -0.99135 0.00115
vn 0.11207 -0.9937 0
vn 0.11181 -0.99373 3E-05
vn 0.11746 -0.99308 -4E-05
vn -0.78253 0.62261 0
vn 0.81649 0.57735 0
vn 0.25865 0.96528 0.0366
vn 0.7069 0.7069 0.02437
vn 0.54464 0.83867 -0
vn 0.35837 0.93358 -0
vn 0.96564 0.25874 0.02437
vn 0.95106 0.30902 -0
vn 0.74314 0.66913 -0
vn 0.96528 -0.25865 0.0366
vn 0.98769 -0.15643 0
vn 0.99863 0.05234 -0
vn 0.70663 -0.70663 0.0366
vn 0.80902 -0.58778 0
vn 0.91355 -0.40674 0
vn 0.25874 -0.96564 0.02437
vn 0.45399 -0.89101 0
vn 0.62932 -0.77715 0
vn -0.25874 -0.96564 0.02437
vn -0.20791 -0.97815 0
vn 0.20791 -0.97815 -0
vn -0.70663 -0.70663 0.0366
vn -0.62932 -0.77715 0
vn -0.45399 -0.89101 0
vn -0.96528 -0.25865 0.0366
vn -0.91355 -0.40674 0
vn -0.80902 -0.58778 0
vn -0.96564 0.25874 0.02437
vn -0.99863 0.05234 0
vn -0.98769 -0.15643 0
vn -0.7069 0.7069 0.02437
vn -0.74314 0.66913 0
vn -0.95106 0.30902 0
vn 0.10453 0.99452 -0
vn -0.10453 0.99452 0
vn -0.25865 0.96528 0.0366
vn -0.35837 0.93358 0
vn -0.54464 0.83867 0
vn 0.25864 0.96528 0.0366
vn 0.7069 0.7069 0.02437
vn 0.35837 0.93358 -0
vn 0.96564 0.25874 0.02437
vn 0.95106 0.30902 -0
vn 0.74315 0.66913 -0
vn 0.96528 -0.25865 0.0366
vn 0.98769 -0.15643 0
vn 0.99863 0.05234 -0
vn 0.70663 -0.70663 0.0366
vn 0.80902 -0.58779 0
vn 0.91355 -0.40674 0
vn 0.25874 -0.96564 0.02437
vn 0.45399 -0.89101 0
vn -0.25874 -0.96564 0.02437
vn -0.20791 -0.97815 0
vn 0.20791 -0.97815 -0
vn -0.70663 -0.70663 0.0366
vn -0.45399 -0.89101 0
vn -0.96528 -0.25865 0.0366
vn -0.91355 -0.40674 0
vn -0.80902 -0.58779 0
vn -0.96564 0.25874 0.02437
vn -0.99863 0.05234 0
vn -0.98769 -0.15643 0
vn -0.7069 0.7069 0.02437
vn -0.74315 0.66913 0
vn -0.95106 0.30902 0
vn 0.10453 0.99452 -0
vn -0.10453 0.99452 0
vn -0.25864 0.96528 0.0366
vn -0.35837 0.93358 0
vn 0.68256 0.73083 0
vn 0.67562 0.73725 0.00153
vn 0.30596 0.95204 -0.0017
vn 0.30962 0.95086 -0.00239
vn -0.1252 0.99213 0.00225
vn -0.11199 0.99371 0
vn 0.18111 0.98346 0
vn 0.16801 0.98578 0.00212
vn -0.25163 0.96782 -0.00235
vn -0.25534 0.96685 -0.00167
vn -0.64014 0.76826 0.0016
vn -0.63284 0.77428 0
vn -0.68256 -0.73083 -0
vn -0.67562 -0.73725 0.00153
vn -0.30596 -0.95204 -0.0017
vn -0.30962 -0.95086 -0.00239
vn 0.1252 -0.99213 0.00225
vn 0.11199 -0.99371 0
vn -0.18111 -0.98346 -0
vn -0.16801 -0.98578 0.00212
vn 0.25163 -0.96782 -0.00235
vn 0.25534 -0.96685 -0.00167
vn 0.64014 -0.76826 0.0016
vn 0.63284 -0.77428 0
vn 0.08057 -0.32857 0.94104
vn 0.09554 -0.1315 0.9867
vn -0.44529 -0.87393 0.19483
vn -0.58703 -0.80798 0.05073
vn -0.49202 -0.67721 0.54709
vn -0.61752 -0.76257 0.19278
vn -0.79364 -0.57661 0.19406
vn -0.86602 -0.5 0.0027
vn -0.89618 -0.399 0.19406
vn -0.97622 -0.1026 0.19098
vn -0.98769 -0.15643 0.00106
vn -0.97949 0.05133 0.19483
vn -0.93355 0.30333 0.19098
vn -0.93355 0.30333 0.19098
vn -0.72947 0.65681 0.19099
vn -0.72947 0.65681 0.19098
vn -0.5342 0.8226 0.19483
vn -0.40621 0.91237 0.05073
vn -0.35164 0.91607 0.19278
vn -0.10254 0.97562 0.19406
vn 0 1 0.0027
vn 0.10254 0.97562 0.19406
vn 0.39925 0.89673 0.19098
vn 0.35837 0.93358 0.00105
vn 0.5342 0.8226 0.19483
vn 0.72947 0.65681 0.19098
vn 0.72947 0.65681 0.19099
vn 0.93355 0.30333 0.19098
vn 0.93355 0.30333 0.19098
vn 0.97949 0.05133 0.19483
vn 0.99324 -0.10439 0.05073
vn 0.96916 -0.1535 0.19278
vn 0.85008 -0.4908 0.19099
vn 0.89708 -0.39941 -0.18899
vn 0.79364 -0.57661 0.19406
vn 0.57697 -0.79413 0.19099
vn 0.62932 -0.77715 0.00106
vn 0.44529 -0.87393 0.19483
vn -0.49202 -0.67721 0.54709
vn -0.72493 -0.41854 0.54709
vn -0.72493 -0.41854 0.54709
vn -0.83249 -0.0875 0.54709
vn -0.83249 -0.0875 0.54709
vn -0.7961 0.25867 0.54709
vn -0.7961 0.25867 0.54709
vn -0.62207 0.56011 0.54709
vn -0.62207 0.56011 0.54709
vn -0.34047 0.76471 0.54709
vn -0.34047 0.7647 0.54709
vn 0 0.83707 0.54709
vn 0.34047 0.7647 0.54709
vn 0.34047 0.76471 0.54709
vn 0.62207 0.56011 0.54709
vn 0.62207 0.56011 0.54709
vn 0.7961 0.25867 0.54709
vn 0.7961 0.25867 0.54709
vn 0.83249 -0.0875 0.54709
vn 0.83249 -0.0875 0.54709
vn 0.72493 -0.41854 0.54709
vn 0.72493 -0.41854 0.54709
vn 0.49202 -0.67721 0.54709
vn 0.49202 -0.67721 0.54709
vn 0.20408 -0.96014 0.19099
vn 0.20408 -0.96014 0.19098
vn 0.17404 -0.81878 0.54709
vn 0.17404 -0.81878 0.54709
vn 0.11569 -0.54429 0.83088
vn -0.11776 -0.54523 0.82997
vn -0.20408 -0.96014 0.19098
vn -0.20408 -0.96014 0.19099
vn -0.17404 -0.81878 0.54709
vn -0.17404 -0.81878 0.54709
vn -0.11727 -0.55173 0.82574
vn -0.33155 -0.45633 0.82573
vn -0.33155 -0.45633 0.82573
vn -0.48849 -0.28203 0.82573
vn -0.48849 -0.28203 0.82573
vn -0.56097 -0.05896 0.82573
vn -0.56097 -0.05896 0.82573
vn -0.53645 0.1743 0.82573
vn -0.53645 0.1743 0.82573
vn -0.41918 0.37743 0.82573
vn -0.41918 0.37743 0.82573
vn -0.22942 0.51529 0.82574
vn -0.22942 0.51529 0.82573
vn 0 0.56406 0.82573
vn 0.22942 0.51529 0.82573
vn 0.22942 0.51529 0.82574
vn 0.41918 0.37743 0.82574
vn 0.41918 0.37743 0.82573
vn 0.53645 0.1743 0.82573
vn 0.53645 0.1743 0.82573
vn 0.56097 -0.05896 0.82573
vn 0.56097 -0.05896 0.82573
vn 0.48849 -0.28203 0.82573
vn 0.48849 -0.28203 0.82573
vn 0.33155 -0.45633 0.82573
vn 0.33155 -0.45633 0.82573
vn 0.11938 -0.55095 0.82595
vn 0.00752 -0.05142 0.99865
vn 0.12733 -0.15005 0.98044
vn 0.17258 -0.09964 0.97994
vn 0.17258 -0.09964 0.97994
vn 0.19819 -0.02083 0.97994
vn 0.19819 -0.02083 0.97994
vn 0.18953 0.06158 0.97994
vn 0.18953 0.06158 0.97994
vn 0.1481 0.13335 0.97994
vn 0.1481 0.13335 0.97994
vn 0.08106 0.18205 0.97994
vn 0.08106 0.18205 0.97994
vn 0 0.19928 0.97994
vn -0.08106 0.18205 0.97994
vn -0.08106 0.18205 0.97994
vn -0.1481 0.13335 0.97994
vn -0.1481 0.13335 0.97994
vn -0.18953 0.06158 0.97994
vn -0.18953 0.06158 0.97994
vn -0.19819 -0.02083 0.97994
vn -0.19819 -0.02083 0.97994
vn -0.17258 -0.09964 0.97994
vn -0.17258 -0.09964 0.97994
vn -0.12733 -0.15005 0.98044
vn -0.09554 -0.1315 0.9867
vn -0.08546 -0.27019 0.95901
vn -0.05927 -0.28393 0.95701
vn -0 0.08201 0.99663
vn -0.14929 0.89067 0.42944
vn -0.07251 0.16286 0.98398
vn 0.08198 0.18413 0.97948
vn 0.09146 0.33775 0.93678
vn 0.02555 0.35972 0.93271
vn -0.89618 -0.399 0.19406
vn -0.97622 -0.1026 0.19098
vn -0.98769 -0.15643 0.00106
vn -0.97949 0.05133 0.19483
vn -0.93355 0.30333 0.19098
vn -0.93355 0.30333 0.19098
vn -0.72947 0.65681 0.19098
vn -0.40621 0.91237 0.05073
vn -0.35165 0.91607 0.19278
vn 0.39925 0.89673 0.19098
vn 0.35837 0.93358 0.00106
vn 0.72947 0.65681 0.19098
vn 0.72947 0.65681 0.19098
vn 0.93355 0.30333 0.19098
vn 0.93355 0.30333 0.19098
vn 0.97949 0.05133 0.19483
vn 0.96916 -0.1535 0.19278
vn 0.85008 -0.4908 0.19098
vn 0.89708 -0.39941 -0.18898
vn 0.79364 -0.57661 0.19406
vn 0.57697 -0.79413 0.19098
vn 0.62932 -0.77715 0.00106
vn 0.44529 -0.87393 0.19483
vn -0.44529 -0.87393 0.19483
vn -0.58703 -0.80798 0.05073
vn -0.61752 -0.76257 0.19278
vn -0.79364 -0.57661 0.19406
vn 0.17404 -0.81878 0.54709
vn 0.49202 -0.67721 0.54709
vn 0.49202 -0.67721 0.54709
vn 0.72493 -0.41854 0.54709
vn 0.7961 0.25867 0.54709
vn 0.62207 0.56011 0.54709
vn 0.62207 0.56011 0.54709
vn 0.34047 0.7647 0.54709
vn 0.34047 0.76471 0.54709
vn 0 0.83708 0.54709
vn -0.34047 0.76471 0.54709
vn -0.34047 0.7647 0.54709
vn -0.62207 0.56011 0.54709
vn -0.62207 0.56011 0.54709
vn -0.7961 0.25867 0.54709
vn -0.7961 0.25867 0.54709
vn -0.72493 -0.41854 0.54709
vn -0.72493 -0.41854 0.54709
vn -0.49202 -0.67721 0.54709
vn -0.49202 -0.67721 0.54709
vn -0.17404 -0.81878 0.54709
vn 0.17404 -0.81878 0.54709
vn 0.11727 -0.55173 0.82573
vn 0.33155 -0.45633 0.82573
vn 0.48849 -0.28203 0.82573
vn 0.48849 -0.28203 0.82573
vn 0.41918 0.37743 0.82573
vn 0.41918 0.37743 0.82573
vn 0.22942 0.51529 0.82573
vn 0.22942 0.51529 0.82574
vn 0 0.56406 0.82574
vn -0.22942 0.51529 0.82574
vn -0.22942 0.51529 0.82573
vn -0.41918 0.37743 0.82573
vn -0.48849 -0.28203 0.82573
vn -0.48849 -0.28203 0.82573
vn -0.33155 -0.45633 0.82573
vn -0.33155 -0.45633 0.82573
vn -0.11727 -0.55173 0.82573
vn -0.11727 -0.55173 0.82574
vn 0.11727 -0.55173 0.82574
vn -0.11004 0.1612 0.98077
vn -0.1481 0.13335 0.97994
vn -0.18953 0.06158 0.97994
vn -0.17258 -0.09964 0.97994
vn -0.11714 -0.16122 0.97994
vn -0.11714 -0.16122 0.97994
vn -0.04143 -0.19493 0.97994
vn -0.04143 -0.19493 0.97994
vn 0.04143 -0.19493 0.97994
vn 0.04143 -0.19493 0.97994
vn 0.11714 -0.16122 0.97994
vn 0.11714 -0.16122 0.97994
vn 0.17258 -0.09964 0.97994
vn 0.17258 -0.09964 0.97994
vn 0.18953 0.06158 0.97994
vn 0.18953 0.06158 0.97994
vn 0.1481 0.13335 0.97994
vn 0.1481 0.13335 0.97994
vn 0.11004 0.1612 0.98077
vn 0.06125 0.16332 0.98467
vn -0.84949 0.52761 0
vn -0.90449 0.42527 0.03229
vn -0.94822 0.31762 0
vn -0.99589 0.09052 0
vn -0.99915 -0.02562 0.03229
vn -0.98995 -0.14144 0
vn -0.93069 -0.3658 -0
vn -0.88151 -0.47106 0.03229
vn -0.4782 -0.87825 0
vn -0.57656 -0.81641 0.03229
vn -0.66774 -0.74439 0
vn -0.82133 -0.57045 0
vn 0.42776 -0.90389 0
vn 0.52947 -0.84771 0.03229
vn 0.62457 -0.78097 0
vn 0.78775 -0.61599 0
vn 0.85346 -0.52016 0.03229
vn 0.90852 -0.41785 0
vn 0.98036 -0.19721 0
vn 0.9961 -0.08209 0.03229
vn 0.87797 0.47872 -0
vn 0.9271 0.37343 0.03229
vn 0.96466 0.26348 0
vn 0.99942 0.03405 -0
vn 0.84949 -0.52761 0
vn 0.90449 -0.42527 0.03229
vn 0.94822 -0.31762 0
vn 0.99589 -0.09052 0
vn 0.99915 0.02562 0.03229
vn 0.98995 0.14144 0
vn 0.93069 0.3658 0
vn 0.88151 0.47106 0.03229
vn 0.4782 0.87825 -0
vn 0.57656 0.81641 0.03229
vn 0.66774 0.74439 0
vn 0.82133 0.57045 -0
vn -0.42776 0.90389 0
vn -0.52947 0.84771 0.03229
vn -0.62457 0.78097 0
vn -0.78775 0.61599 0
vn -0.85346 0.52016 0.03229
vn -0.90852 0.41785 0
vn -0.98036 0.19721 0
vn -0.9961 0.08209 0.03229
vn -0.87797 -0.47872 0
vn -0.9271 -0.37343 0.03229
vn -0.96466 -0.26348 0
vn -0.99942 -0.03405 0
vn -0.32905 -0.8201 0.46815
vn 0.12285 -0.97352 0.1928
vn -0.67236 -0.7199 0.17226
vn -0.19653 -0.14034 0.9704
vn -0.4808 -0.37406 0.79304
vn -0.32479 -0.27559 0.90475
vn -0.23321 0.02918 0.97199
vn -0.4023 -0.40386 0.82161
vn -0.4653 -0.442 0.7669
vn -0.57054 -0.55648 0.604
vn -0.45626 -0.55815 0.69303
vn -0.66277 -0.61901 0.42137
vn -0.59233 -0.63421 0.49692
vn -0.67236 -0.7199 0.17226
vn -0.33617 -0.92588 0.17243
vn -0.29883 -0.92985 0.21468
vn -0.03037 -0.99193 0.1231
vn 0.04102 -0.99221 0.11765
vn -0.14353 -0.10149 0.98443
vn -0.20875 -0.15306 0.96592
vn -0.34668 -0.24514 0.90538
vn -0.49706 -0.35147 0.79335
vn -0.57441 -0.41239 0.7071
vn -0.80378 -0.56836 0.1758
vn -0.78609 -0.56131 0.25882
vn -0.73924 -0.52273 0.42459
vn -0.64776 -0.45804 0.60877
vn -0.11141 0.23542 0.96549
vn -0.11141 0.23542 0.96549
vn -0.16267 0.20341 0.96549
vn -0.16267 0.20341 0.96549
vn -0.20518 0.16044 0.96549
vn -0.20518 0.16044 0.96549
vn -0.23663 0.10883 0.96549
vn -0.23663 0.10883 0.96549
vn -0.25534 0.05136 0.96549
vn -0.25534 0.05136 0.96549
vn -0.26031 -0.00887 0.96549
vn -0.26031 -0.00887 0.96549
vn -0.25125 -0.06863 0.96549
vn -0.25125 -0.06863 0.96549
vn -0.22867 -0.12469 0.96549
vn -0.22867 -0.12469 0.96549
vn -0.3035 0.64131 0.70471
vn -0.3035 0.64131 0.70471
vn -0.44313 0.55409 0.70471
vn -0.55891 0.43704 0.70471
vn -0.55891 0.43704 0.70471
vn -0.64459 0.29646 0.70471
vn -0.64459 0.29646 0.70471
vn -0.69556 0.13992 0.70471
vn -0.69556 0.13992 0.70471
vn -0.70909 -0.02416 0.70471
vn -0.70909 -0.02416 0.70471
vn -0.68443 -0.18694 0.70471
vn -0.68443 -0.18694 0.70471
vn -0.62292 -0.33965 0.70471
vn -0.62292 -0.33965 0.70471
vn -0.41337 0.87349 0.25719
vn -0.41337 0.87349 0.25719
vn -0.60356 0.7547 0.25719
vn -0.60356 0.7547 0.25719
vn -0.76126 0.59527 0.25719
vn -0.76125 0.59527 0.25719
vn -0.87796 0.40379 0.25719
vn -0.87796 0.40379 0.25719
vn -0.94738 0.19057 0.25719
vn -0.94738 0.19057 0.25719
vn -0.9658 -0.03291 0.25719
vn -0.9658 -0.03291 0.25719
vn -0.93221 -0.25462 0.25719
vn -0.93221 -0.25462 0.25719
vn -0.84843 -0.46262 0.25719
vn -0.84843 -0.46262 0.25719
vn -0.04621 0.25484 0.96588
vn -0.04621 0.25484 0.96588
vn -0.12621 0.69602 0.70685
vn -0.12621 0.69602 0.70685
vn -0.17235 0.95047 0.25864
vn -0.17235 0.95047 0.25864
vn -0.06955 0.24966 0.96583
vn -0.06955 0.24966 0.96583
vn -0.1899 0.68167 0.70659
vn -0.1899 0.68166 0.70659
vn -0.25925 0.93058 0.25847
vn -0.25925 0.93058 0.25847
vn -0.22168 0.67718 0.70163
vn -0.81756 0.56999 0.08185
vn -0.96538 0.23986 0.10253
vn -0.3457 0.93795 0.02709
vn -0.96618 0.23768 0.10001
vn -0.90666 0.24217 0.34542
vn -0.90394 0.24739 0.34884
vn -0.83686 0.24231 0.49086
vn -0.73341 0.24934 0.63241
vn -0.74805 0.22615 0.62393
vn -0.55813 0.25266 0.79035
vn -0.50129 0.29446 0.81364
vn -0.41859 0.24028 0.87581
vn -0.18038 0.26771 0.94647
vn -0.20781 0.22792 0.95125
vn -0.20005 0.69639 0.68922
vn -0.41665 0.66974 0.61469
vn -0.42643 0.68284 0.5932
vn -0.59064 0.6627 0.4604
vn -0.59208 0.67327 0.44289
vn -0.70527 0.66006 0.25868
vn -0.70274 0.66637 0.24922
vn -0.72811 0.66803 0.15361
vn -0.65697 0.75143 0.06129
vn -0.34684 0.93758 0.02538
vn -0.33151 0.93868 0.09473
vn -0.33841 0.93659 0.09093
vn -0.29171 0.94187 0.16671
vn -0.30415 0.93829 0.16465
vn -0.23436 0.9467 0.22099
vn -0.24815 0.9426 0.22343
vn -0.16502 0.95337 0.25271
vn -0.17555 0.9499 0.25861
vn -0.98776 0.15597 0
vn -0.97044 0.24112 0.01067
vn -0.82023 0.57186 -0.01417
vn -0.8687 0.49534 0.0006
vn -0.6582 0.75284 -0.00036
vn -0.57692 0.81669 -0.01316
vn -0.34578 0.93816 0.01728
vn -0.25554 0.9668 0
vn 0.26413 0.96449 0
vn 0.34578 0.93817 0.01648
vn 0.65805 0.75266 -0.02163
vn 0.59124 0.8065 0
vn 0.82031 0.57191 0
vn 0.86093 0.50864 -0.00913
vn 0.97044 0.24112 0.01068
vn 0.98778 0.15582 0
vn 0.65516 0.74936 0.09607
vn 0.9586 0.23818 0.15604
vn 0.1273 0.24222 0.96183
vn 0.16394 0.68939 0.7056
vn 0.15808 0.26307 0.95174
vn 0.37038 0.23354 0.89904
vn 0.41069 0.27754 0.86851
vn 0.51272 0.25005 0.82134
vn 0.65856 0.22857 0.71698
vn 0.66987 0.25156 0.69856
vn 0.80736 0.23855 0.53969
vn 0.8487 0.28714 0.44415
vn 0.88399 0.24409 0.39872
vn 0.95917 0.233 0.16032
vn 0.81356 0.5672 0.12808
vn 0.72833 0.66513 0.16471
vn 0.6663 0.66823 0.33093
vn 0.67756 0.65922 0.3261
vn 0.53002 0.67624 0.51164
vn 0.54875 0.66204 0.51047
vn 0.34462 0.68723 0.63949
vn 0.36692 0.66938 0.64599
vn 0.1843 0.69769 0.69229
vn 0.15336 0.95368 0.25878
vn 0.162 0.95384 0.25288
vn 0.21506 0.94653 0.24047
vn 0.22183 0.94797 0.22836
vn 0.27818 0.941 0.19268
vn 0.28045 0.94297 0.1793
vn 0.32405 0.93783 0.12434
vn 0.32234 0.93966 0.1146
vn 0.34734 0.93676 0.04281
vn 0.34556 0.93756 0.03965
vn 0.08015 0.24668 0.96578
vn 0.08015 0.24668 0.96578
vn 0.21875 0.67329 0.70628
vn 0.21875 0.67328 0.70628
vn 0.29851 0.9188 0.25826
vn 0.29851 0.9188 0.25826
vn 0.04984 0.25431 0.96584
vn 0.04984 0.25431 0.96584
vn 0.13608 0.69438 0.70662
vn 0.13608 0.69438 0.70662
vn 0.18578 0.94798 0.25849
vn 0.18578 0.94798 0.25849
vn 0.22125 -0.13742 0.96549
vn 0.22125 -0.13742 0.96549
vn 0.24697 -0.08273 0.96549
vn 0.24697 -0.08273 0.96549
vn 0.25939 -0.02358 0.96549
vn 0.25939 -0.02358 0.96549
vn 0.25784 0.03684 0.96549
vn 0.25784 0.03684 0.96549
vn 0.24241 0.09527 0.96549
vn 0.24241 0.09527 0.96549
vn 0.21392 0.14858 0.96549
vn 0.21392 0.14858 0.96549
vn 0.17392 0.19388 0.96549
vn 0.17392 0.19388 0.96549
vn 0.12455 0.22875 0.96549
vn 0.12455 0.22875 0.96549
vn 0.60271 -0.37434 0.70471
vn 0.60271 -0.37434 0.70471
vn 0.67276 -0.22535 0.70471
vn 0.67276 -0.22535 0.70471
vn 0.70658 -0.06423 0.70471
vn 0.70658 -0.06423 0.70471
vn 0.70236 0.10035 0.70471
vn 0.70236 0.10035 0.70471
vn 0.66033 0.25953 0.70471
vn 0.66033 0.25953 0.70471
vn 0.58273 0.40473 0.70471
vn 0.58273 0.40474 0.70471
vn 0.47376 0.52815 0.70471
vn 0.47376 0.52814 0.70471
vn 0.33928 0.62312 0.70471
vn 0.33928 0.62312 0.70471
vn 0.82091 -0.50986 0.25719
vn 0.82091 -0.50986 0.25719
vn 0.91632 -0.30694 0.25719
vn 0.91632 -0.30693 0.25719
vn 0.96239 -0.08748 0.25719
vn 0.96239 -0.08748 0.25719
vn 0.95665 0.13668 0.25719
vn 0.95665 0.13669 0.25719
vn 0.89939 0.35349 0.25719
vn 0.89939 0.35349 0.25719
vn 0.7937 0.55126 0.25719
vn 0.7937 0.55126 0.25719
vn 0.64528 0.71935 0.25719
vn 0.64528 0.71935 0.25719
vn 0.46211 0.84871 0.25719
vn 0.46211 0.84871 0.25719
vn 0.13756 -0.10945 0.98443
vn 0.19976 -0.16462 0.96592
vn 0.33226 -0.26436 0.90538
vn 0.47638 -0.37902 0.79335
vn 0.55017 -0.44422 0.7071
vn 0.62082 -0.49394 0.60877
vn 0.7085 -0.5637 0.42459
vn 0.75309 -0.60487 0.25882
vn 0.77035 -0.61291 0.1758
vn -0.18009 -0.97792 0.10599
vn 0.58173 -0.69816 0.41733
vn 0.63057 -0.75678 0.17226
vn 0.63057 -0.75678 0.17226
vn 0.58198 -0.66033 0.47463
vn 0.43433 -0.58774 0.68258
vn 0.51179 -0.61417 0.60073
vn 0.45722 -0.48896 0.74288
vn 0.42092 -0.44509 0.79039
vn 0.40849 -0.30565 0.86007
vn 0.30575 -0.29707 0.90458
vn 0.08644 -0.06943 0.99383
vn 0.03881 -0.23011 0.97239
vn 0.22197 -0.18216 0.95789
vn 0.28042 -0.24902 0.92701
vn 0.24886 -0.95717 0.148
vn 0.12013 -0.93054 0.34593
vn 0.27891 -0.94474 0.17228
vn 0.27821 -0.80564 0.52301
vn 0.2925 -0.83288 0.46984
vn 0.32905 0.8201 0.46815
vn -0.12285 0.97352 0.1928
vn 0.67236 0.7199 0.17226
vn 0.19653 0.14034 0.9704
vn 0.4808 0.37406 0.79304
vn 0.32479 0.27559 0.90475
vn 0.23321 -0.02918 0.97199
vn 0.4023 0.40386 0.82161
vn 0.4653 0.442 0.7669
vn 0.57054 0.55648 0.604
vn 0.45626 0.55815 0.69303
vn 0.66277 0.61901 0.42137
vn 0.59233 0.63421 0.49692
vn 0.67236 0.7199 0.17226
vn 0.33617 0.92588 0.17243
vn 0.29883 0.92985 0.21468
vn 0.03037 0.99193 0.1231
vn -0.04102 0.99221 0.11765
vn 0.14353 0.10149 0.98443
vn 0.20875 0.15306 0.96592
vn 0.34668 0.24514 0.90538
vn 0.49706 0.35147 0.79335
vn 0.57441 0.41239 0.7071
vn 0.80378 0.56836 0.1758
vn 0.78609 0.56131 0.25882
vn 0.73924 0.52273 0.42459
vn 0.64776 0.45804 0.60877
vn 0.11141 -0.23542 0.96549
vn 0.11141 -0.23542 0.96549
vn 0.16267 -0.20341 0.96549
vn 0.16267 -0.20341 0.96549
vn 0.20518 -0.16044 0.96549
vn 0.20518 -0.16044 0.96549
vn 0.23663 -0.10883 0.96549
vn 0.23663 -0.10883 0.96549
vn 0.25534 -0.05136 0.96549
vn 0.25534 -0.05136 0.96549
vn 0.26031 0.00887 0.96549
vn 0.26031 0.00887 0.96549
vn 0.25125 0.06863 0.96549
vn 0.25125 0.06863 0.96549
vn 0.22867 0.12469 0.96549
vn 0.22867 0.12469 0.96549
vn 0.3035 -0.64131 0.70471
vn 0.3035 -0.64131 0.70471
vn 0.44313 -0.55409 0.70471
vn 0.55891 -0.43704 0.70471
vn 0.55891 -0.43704 0.70471
vn 0.64459 -0.29646 0.70471
vn 0.64459 -0.29646 0.70471
vn 0.69556 -0.13992 0.70471
vn 0.69556 -0.13992 0.70471
vn 0.70909 0.02416 0.70471
vn 0.70909 0.02416 0.70471
vn 0.68443 0.18694 0.70471
vn 0.68443 0.18694 0.70471
vn 0.62292 0.33965 0.70471
vn 0.62292 0.33965 0.70471
vn 0.41337 -0.87349 0.25719
vn 0.41337 -0.87349 0.25719
vn 0.60356 -0.7547 0.25719
vn 0.60356 -0.7547 0.25719
vn 0.76126 -0.59527 0.25719
vn 0.76125 -0.59527 0.25719
vn 0.87796 -0.40379 0.25719
vn 0.87796 -0.40379 0.25719
vn 0.94738 -0.19057 0.25719
vn 0.94738 -0.19057 0.25719
vn 0.9658 0.03291 0.25719
vn 0.9658 0.03291 0.25719
vn 0.93221 0.25462 0.25719
vn 0.93221 0.25462 0.25719
vn 0.84843 0.46262 0.25719
vn 0.84843 0.46262 0.25719
vn 0.04621 -0.25484 0.96588
vn 0.04621 -0.25484 0.96588
vn 0.12621 -0.69602 0.70685
vn 0.12621 -0.69602 0.70685
vn 0.17235 -0.95047 0.25864
vn 0.17235 -0.95047 0.25864
vn 0.06955 -0.24966 0.96583
vn 0.06955 -0.24966 0.96583
vn 0.1899 -0.68167 0.70659
vn 0.1899 -0.68166 0.70659
vn 0.25925 -0.93058 0.25847
vn 0.25925 -0.93058 0.25847
vn 0.22168 -0.67718 0.70163
vn 0.81756 -0.56999 0.08185
vn 0.96538 -0.23986 0.10253
vn 0.3457 -0.93795 0.02709
vn 0.96618 -0.23768 0.10001
vn 0.90666 -0.24217 0.34542
vn 0.90394 -0.24739 0.34884
vn 0.83686 -0.24231 0.49086
vn 0.73341 -0.24934 0.63241
vn 0.74805 -0.22615 0.62393
vn 0.55813 -0.25266 0.79035
vn 0.50129 -0.29446 0.81364
vn 0.41859 -0.24028 0.87581
vn 0.18038 -0.26771 0.94647
vn 0.20781 -0.22792 0.95125
vn 0.20005 -0.69639 0.68922
vn 0.41665 -0.66974 0.61469
vn 0.42643 -0.68284 0.5932
vn 0.59064 -0.6627 0.4604
vn 0.59208 -0.67327 0.44289
vn 0.70527 -0.66006 0.25868
vn 0.70274 -0.66637 0.24922
vn 0.72811 -0.66803 0.15361
vn 0.65697 -0.75143 0.06129
vn 0.34684 -0.93758 0.02538
vn 0.33151 -0.93868 0.09473
vn 0.33841 -0.93659 0.09093
vn 0.29171 -0.94187 0.16671
vn 0.30415 -0.93829 0.16465
vn 0.23436 -0.9467 0.22099
vn 0.24815 -0.9426 0.22343
vn 0.16502 -0.95337 0.25271
vn 0.17555 -0.9499 0.25861
vn 0.98776 -0.15597 0
vn 0.97044 -0.24112 0.01067
vn 0.82023 -0.57186 -0.01417
vn 0.8687 -0.49534 0.0006
vn 0.6582 -0.75284 -0.00036
vn 0.57692 -0.81669 -0.01316
vn 0.34578 -0.93816 0.01728
vn 0.25554 -0.9668 0
vn -0.26413 -0.96449 0
vn -0.34578 -0.93817 0.01648
vn -0.65805 -0.75266 -0.02163
vn -0.59124 -0.8065 0
vn -0.82031 -0.57191 -0
vn -0.86093 -0.50864 -0.00913
vn -0.97044 -0.24112 0.01068
vn -0.98778 -0.15582 0
vn -0.65516 -0.74936 0.09607
vn -0.9586 -0.23818 0.15604
vn -0.1273 -0.24222 0.96183
vn -0.16394 -0.68939 0.7056
vn -0.15808 -0.26307 0.95174
vn -0.37038 -0.23354 0.89904
vn -0.41069 -0.27754 0.86851
vn -0.51272 -0.25005 0.82134
vn -0.65856 -0.22857 0.71698
vn -0.66987 -0.25156 0.69856
vn -0.80736 -0.23855 0.53969
vn -0.8487 -0.28714 0.44415
vn -0.88399 -0.24409 0.39872
vn -0.95917 -0.233 0.16032
vn -0.81356 -0.5672 0.12808
vn -0.72833 -0.66513 0.16471
vn -0.6663 -0.66823 0.33093
vn -0.67756 -0.65922 0.3261
vn -0.53002 -0.67624 0.51164
vn -0.54875 -0.66204 0.51047
vn -0.34462 -0.68723 0.63949
vn -0.36692 -0.66938 0.64599
vn -0.1843 -0.69769 0.69229
vn -0.15336 -0.95368 0.25878
vn -0.162 -0.95384 0.25288
vn -0.21506 -0.94653 0.24047
vn -0.22183 -0.94797 0.22836
vn -0.27818 -0.941 0.19268
vn -0.28045 -0.94297 0.1793
vn -0.32405 -0.93783 0.12434
vn -0.32234 -0.93966 0.1146
vn -0.34734 -0.93676 0.04281
vn -0.34556 -0.93756 0.03965
vn -0.08015 -0.24668 0.96578
vn -0.08015 -0.24668 0.96578
vn -0.21875 -0.67329 0.70628
vn -0.21875 -0.67328 0.70628
vn -0.29851 -0.9188 0.25826
vn -0.29851 -0.9188 0.25826
vn -0.04984 -0.25431 0.96584
vn -0.04984 -0.25431 0.96584
vn -0.13608 -0.69438 0.70662
vn -0.13608 -0.69438 0.70662
vn -0.18578 -0.94798 0.25849
vn -0.18578 -0.94798 0.25849
vn -0.51934 0.32256 0.79135
vn -0.62635 0.48695 0.60874
vn -0.22125 0.13742 0.96549
vn -0.22125 0.13742 0.96549
vn -0.24697 0.08273 0.96549
vn -0.24697 0.08273 0.96549
vn -0.25939 0.02358 0.96549
vn -0.25939 0.02358 0.96549
vn -0.25784 -0.03684 0.96549
vn -0.25784 -0.03684 0.96549
vn -0.24241 -0.09527 0.96549
vn -0.24241 -0.09527 0.96549
vn -0.21392 -0.14858 0.96549
vn -0.21392 -0.14858 0.96549
vn -0.17392 -0.19388 0.96549
vn -0.17392 -0.19388 0.96549
vn -0.12455 -0.22875 0.96549
vn -0.12455 -0.22875 0.96549
vn -0.33928 -0.62312 0.70471
vn -0.33928 -0.62312 0.70471
vn -0.47376 -0.52814 0.70471
vn -0.47376 -0.52815 0.70471
vn -0.58273 -0.40474 0.70471
vn -0.58273 -0.40473 0.70471
vn -0.66033 -0.25953 0.70471
vn -0.66033 -0.25953 0.70471
vn -0.70236 -0.10035 0.70471
vn -0.70236 -0.10035 0.70471
vn -0.70658 0.06423 0.70471
vn -0.70658 0.06423 0.70471
vn -0.67276 0.22535 0.70471
vn -0.67276 0.22535 0.70471
vn -0.60271 0.37434 0.70471
vn -0.82091 0.50986 0.25719
vn -0.82091 0.50986 0.25719
vn -0.91632 0.30694 0.25719
vn -0.91632 0.30693 0.25719
vn -0.96239 0.08748 0.25719
vn -0.96239 0.08748 0.25719
vn -0.95665 -0.13668 0.25719
vn -0.95665 -0.13669 0.25719
vn -0.89939 -0.35349 0.25719
vn -0.89939 -0.35349 0.25719
vn -0.7937 -0.55126 0.25719
vn -0.7937 -0.55126 0.25719
vn -0.64528 -0.71935 0.25719
vn -0.64528 -0.71935 0.25719
vn -0.46211 -0.84871 0.25719
vn -0.46211 -0.84871 0.25719
vn -0.20253 0.16114 0.96593
vn -0.13348 0.11458 0.98441
vn -0.47976 0.37477 0.79334
vn -0.4219 0.33567 0.84221
vn -0.62082 0.49394 0.60877
vn -0.66112 0.52178 0.53914
vn -0.75309 0.60487 0.25882
vn -0.77035 0.61291 0.1758
vn 0.18009 0.97792 0.10599
vn -0.63057 0.75678 0.17226
vn -0.63057 0.75678 0.17226
vn -0.56293 0.67559 0.47612
vn -0.39743 0.66725 0.62994
vn -0.5298 0.66255 0.52946
vn -0.08644 0.06943 0.99383
vn -0.03881 0.23011 0.97239
vn -0.22197 0.18216 0.95789
vn -0.38933 0.37546 0.8411
vn -0.37187 0.38633 0.84407
vn -0.45722 0.48896 0.74288
vn -0.24886 0.95717 0.148
vn -0.12013 0.93054 0.34593
vn -0.27891 0.94474 0.17228
vn -0.27821 0.80564 0.52301
vn -0.2925 0.83288 0.46984
vn -0.5638 0.00043 0.82591
vn -0.20372 0 0.97903
vn -0.06263 -0.04704 0.99693
vn -0.25567 -0.00034 0.96676
vn -0.76681 -0.05171 0.63979
vn -0.85387 0.00466 0.52047
vn -0.58002 -0.00402 0.81459
vn -0.86209 0.00029 0.50676
vn -0.98587 -0.00025 0.16749
vn -0.9856 0 0.1691
vn -0 0.85513 0.51841
vn -0 0.57735 0.8165
vn -0 0.20371 0.97903
vn 0.09078 0.33271 0.93865
vn 0.09951 0.33284 0.93772
vn -0.0036 0.20371 0.97902
vn 0.0622 0.64456 0.76202
vn 0.00588 0.57734 0.81648
vn 0.00779 0.87272 0.48816
vn 0.02633 0.87316 0.48673
vn 0.00628 0.85512 0.5184
vn 0.01758 0.90283 0.42963
vn 0.0195 0.73348 0.67944
vn 0.03891 0.6441 0.76395
vn 0.03305 0.49704 0.8671
vn 0.03007 0.51876 0.85439
vn -0.06271 0.20331 0.9771
vn -0.04314 0.49831 0.86593
vn -0.04985 0.57663 0.81548
vn -0.02293 0.73421 0.67854
vn -0.0248 0.85487 0.51825
vn -0.00574 0.90326 0.42906
vn 0.98584 0 0.1677
vn 0.98562 -0.00028 0.16898
vn 0.86067 0.00033 0.50916
vn 0.85586 -0.00272 0.5172
vn 0.72782 0.00021 0.68576
vn 0.57408 -0.00429 0.81879
vn 0.57876 -0.00212 0.81549
vn 0.05475 -0 0.9985
vn 0.21391 -0.01066 0.9768
vn 0.23343 -0.00585 0.97236
vn 0.38121 0.00029 0.92449
vn 0.5638 -0.00043 0.82591
vn 0.20372 -0 0.97903
vn 0.06263 0.04704 0.99693
vn 0.25567 0.00034 0.96676
vn 0.76681 0.05171 0.63979
vn 0.85387 -0.00466 0.52047
vn 0.58002 0.00402 0.81459
vn 0.86209 -0.00029 0.50676
vn 0.98587 0.00025 0.16749
vn 0.9856 0 0.1691
vn 0 -0.85513 0.51841
vn 0 -0.57735 0.8165
vn 0 -0.20371 0.97903
vn -0.09951 -0.33284 0.93772
vn 0.0036 -0.20371 0.97902
vn -0.0622 -0.64456 0.76202
vn -0.00588 -0.57734 0.81648
vn -0.00779 -0.87272 0.48816
vn -0.02633 -0.87316 0.48673
vn -0.00628 -0.85512 0.5184
vn 0.01383 -0.49816 0.86697
vn -0.01758 -0.90283 0.42963
vn -0.0195 -0.73348 0.67944
vn -0.03891 -0.6441 0.76395
vn -0.03452 -0.53314 0.84532
vn -0.06365 -0.33213 0.94108
vn 0.06271 -0.20331 0.9771
vn 0.04314 -0.49831 0.86593
vn 0.04985 -0.57663 0.81548
vn 0.02293 -0.73421 0.67854
vn 0.0248 -0.85487 0.51825
vn 0.00574 -0.90326 0.42906
vn -0.98584 0 0.1677
vn -0.98562 0.00028 0.16898
vn -0.86067 -0.00033 0.50916
vn -0.85586 0.00272 0.5172
vn -0.72782 -0.00021 0.68576
vn -0.57408 0.00429 0.81879
vn -0.57876 0.00212 0.81549
vn -0.05475 0 0.9985
vn -0.21391 0.01066 0.9768
vn -0.23343 0.00585 0.97236
vn -0.38121 -0.00029 0.92449
vn -0.15471 -0.97698 0.14687
vn 0.14643 -0.95406 0.26138
vn -0.1735 -0.69525 0.69751
vn -0.15585 -0.69743 0.6995
vn -0.00479 -0.9879 0.15503
vn -1E-05 -0.93747 0.34807
vn 0.06927 -0.98837 0.13537
vn 0.03008 -0.98813 0.15065
vn -0.06422 -0.79952 0.5972
vn -0.00846 -0.83386 0.55191
vn 0.01838 -0.84674 0.53169
vn 0.05058 -0.93021 0.36352
vn 0.13169 -0.95296 0.273
vn -0.32857 0.62694 0.70639
vn -0.35515 0.64973 0.6721
vn -0.37431 -0.60128 0.70594
vn -0.37431 -0.60128 0.70594
vn -0.43385 -0.55848 0.70702
vn -0.5507 -0.56198 0.61718
vn -0.50781 -0.49541 0.70477
vn -0.56873 -0.42031 0.70702
vn -0.6807 -0.39058 0.61976
vn -0.62291 -0.3396 0.70474
vn -0.66122 -0.25081 0.70703
vn -0.75911 -0.19086 0.62235
vn -0.69157 -0.15846 0.70471
vn -0.7044 -0.06261 0.70703
vn -0.78034 0.02208 0.62496
vn -0.70869 0.03451 0.70468
vn -0.69508 0.13025 0.70704
vn -0.7431 0.23223 0.6276
vn -0.67296 0.22492 0.70465
vn -0.63393 0.3134 0.70704
vn -0.65048 0.42387 0.63024
vn -0.58707 0.39858 0.70462
vn -0.52553 0.47318 0.70705
vn -0.50974 0.58275 0.6329
vn -0.45739 0.54254 0.70459
vn -0.37795 0.59769 0.70705
vn -0.19002 0.97819 0.08394
vn 0.1983 0.94423 0.26288
vn -0.11829 0.97464 0.18994
vn 0.00741 0.99623 0.08643
vn -0.04825 0.9932 0.10595
vn -0.02029 0.73406 0.67878
vn -0.2407 0.76507 0.59727
vn 0.22829 0.79423 0.5631
vn -0.0091 0.84534 0.53415
vn 0.16415 0.94064 0.29709
vn 0.18745 0.94427 0.27058
vn 0.15471 0.97698 0.14687
vn -0.14643 0.95406 0.26138
vn 0.1735 0.69525 0.69751
vn 0.00479 0.9879 0.15503
vn 1E-05 0.93747 0.34807
vn -0.06927 0.98837 0.13537
vn -0.03008 0.98813 0.15065
vn 0.15585 0.69743 0.6995
vn 0.06422 0.79952 0.5972
vn -0.01683 0.84769 0.53023
vn -0.04186 0.92694 0.37287
vn -0.13169 0.95296 0.273
vn 0.34593 0.61696 0.70688
vn 0.39925 0.64133 0.65521
vn 0.72695 0.41712 0.54549
vn 0.39488 0.58702 0.70674
vn 0.47186 0.52859 0.70565
vn 0.58593 0.59793 0.54696
vn 0.53895 0.45834 0.70672
vn 0.59723 0.38125 0.70567
vn 0.83959 -0.02376 0.5427
vn 0.64285 0.29548 0.70671
vn 0.67807 0.20549 0.70569
vn 0.81371 0.20459 0.54407
vn 0.69882 0.11059 0.7067
vn 0.70835 0.01442 0.70571
vn 0.70512 -0.45947 0.54008
vn 0.70269 -0.08255 0.70669
vn 0.68583 -0.17771 0.70574
vn 0.80251 -0.2508 0.54137
vn 0.65418 -0.26955 0.70668
vn 0.61217 -0.35658 0.70576
vn 0.5569 -0.43646 0.70666
vn 0.49289 -0.50885 0.70578
vn 0.55463 -0.63407 0.53884
vn 0.41809 -0.57083 0.70665
vn 0.33971 -0.62149 0.70594
vn 0.33971 -0.62149 0.70594
vn 0.19002 -0.97819 0.08394
vn -0.1983 -0.94423 0.26288
vn 0.11829 -0.97464 0.18994
vn -0.00741 -0.99623 0.08643
vn 0.04825 -0.9932 0.10595
vn -0.18745 -0.94427 0.27058
vn -0.16415 -0.94064 0.29709
vn 0.0091 -0.84534 0.53415
vn -0.22829 -0.79423 0.5631
vn 0.19899 -0.77506 0.59973
vn 0.04051 -0.77239 0.63386
vn 0.24369 -0.66465 0.7063
vn 0.83023 0.50015 -0.24612
vn 0.42332 0.64062 0.64062
vn 0.46897 0.58795 0.65908
vn 0.77395 0.47948 0.41364
vn 0.80602 0.38873 0.44634
vn 0.46957 0.6243 0.6243
vn 0.43155 0.6703 0.60371
vn 0.80598 0.38774 0.44728
vn 0.7917 0.43197 0.43198
vn 0.95098 0.21868 0.21869
vn 0.84305 -0.2288 0.48675
vn 0.94866 0.21989 0.22735
vn 0.88392 0.33118 0.33015
vn 0.15645 0.6984 0.6984
vn 0.13234 0.69557 0.70616
vn 0.1171 0.70224 0.70224
vn 0.21965 0.67296 0.70632
vn 0.21965 0.67296 0.70632
vn 0.12801 0.69623 0.70632
vn 0.12801 0.69623 0.70632
vn 0.64858 -0.30494 0.69739
vn 0.64858 -0.30494 0.69739
vn 0.71645 0.01837 0.69739
vn 0.71645 0.01837 0.69739
vn 0.6321 0.33778 0.69739
vn 0.6321 0.33778 0.69739
vn 0.41343 0.58542 0.69739
vn 0.41343 0.58542 0.69739
vn 0.55334 -0.44025 0.70711
vn 0.55334 -0.44025 0.70711
vn -0.12016 -0.70501 0.69894
vn -0.12016 -0.70501 0.69894
vn 0.18262 -0.69147 0.69894
vn 0.18262 -0.69147 0.69894
vn 0.4526 -0.55375 0.69894
vn 0.4526 -0.55375 0.69894
vn 0.14634 -0.69432 0.70464
vn 0.18159 -0.77152 0.60973
vn 0.07985 -0.70268 0.70701
vn -0.02007 -0.70929 0.70463
vn -0.18537 -0.68493 0.70463
vn -0.18537 -0.68493 0.70463
vn -0.09969 -0.70005 0.7071
vn -0.01702 -0.72598 0.6875
vn -0.48319 -0.52727 0.69894
vn -0.48319 -0.52727 0.69894
vn -0.22143 -0.68004 0.69894
vn -0.22143 -0.68004 0.69894
vn 0.08009 -0.71068 0.69894
vn 0.0801 -0.71068 0.69894
vn -0.57735 -0.40825 0.70711
vn -0.57735 -0.40825 0.70711
vn -0.37966 0.60787 0.69739
vn -0.37966 0.60786 0.69739
vn -0.61198 0.37299 0.69739
vn -0.61198 0.37299 0.69739
vn -0.71427 0.05886 0.69739
vn -0.71427 0.05886 0.69739
vn -0.66479 -0.26777 0.69739
vn -0.66479 -0.26777 0.69739
vn -0.1181 0.69767 0.70661
vn -0.1181 0.69767 0.70662
vn -0.19082 0.68138 0.70662
vn -0.19082 0.68138 0.70661
vn -0.1557 0.6918 0.7051
vn -0.1171 0.70224 0.70224
vn -0.1171 0.70224 0.70224
vn -0.42332 0.64062 0.64063
vn -0.84287 -0.22904 0.48693
vn -0.83039 0.49998 -0.24591
vn -0.95121 0.22207 0.2142
vn -0.80668 0.41362 0.42213
vn -0.58779 0.56183 0.5821
vn -0.77874 0.46701 0.41889
vn -0.806 0.38833 0.44672
vn -0.88257 0.33247 0.33246
vn -0.9484 0.22421 0.22421
vn -0.38769 0.6518 0.6518
vn -0.46838 0.57239 0.67305
vn -0.46897 0.65908 0.58795
vn -0.792 0.39211 0.46796
vn 0.42332 -0.64062 0.64063
vn 0.84287 0.22904 0.48693
vn 0.83039 -0.49998 -0.24591
vn 0.95121 -0.22207 0.2142
vn 0.80668 -0.41362 0.42213
vn 0.58779 -0.56183 0.5821
vn 0.77874 -0.46701 0.41889
vn 0.806 -0.38833 0.44672
vn 0.88257 -0.33247 0.33246
vn 0.9484 -0.22421 0.22421
vn 0.38769 -0.6518 0.6518
vn 0.46838 -0.57239 0.67305
vn 0.46897 -0.65908 0.58795
vn 0.792 -0.39211 0.46796
vn 0.1557 -0.6918 0.7051
vn 0.1171 -0.70224 0.70224
vn 0.1171 -0.70224 0.70224
vn 0.19082 -0.68138 0.70661
vn 0.19082 -0.68138 0.70662
vn 0.1181 -0.69767 0.70662
vn 0.1181 -0.69767 0.70661
vn 0.37966 -0.60787 0.69739
vn 0.37966 -0.60786 0.69739
vn 0.61198 -0.37299 0.69739
vn 0.61198 -0.37299 0.69739
vn 0.71427 -0.05886 0.69739
vn 0.71427 -0.05886 0.69739
vn 0.66479 0.26777 0.69739
vn 0.66479 0.26777 0.69739
vn 0.57735 0.40825 0.70711
vn 0.57735 0.40825 0.70711
vn 0.48319 0.52727 0.69894
vn 0.48319 0.52727 0.69894
vn 0.22143 0.68004 0.69894
vn 0.22143 0.68004 0.69894
vn -0.08009 0.71068 0.69894
vn -0.0801 0.71068 0.69894
vn -0.20863 0.67575 0.70698
vn -0.161 0.76389 0.62494
vn 0.2278 0.66997 0.70658
vn 0.21237 0.78468 0.58239
vn -0.12787 0.69696 0.70561
vn -0.03172 0.70675 0.70675
vn 0.02284 0.80703 0.59006
vn 0.05175 0.70616 0.70616
vn 0.14737 0.69231 0.70639
vn 0.12016 0.70501 0.69894
vn 0.12016 0.70501 0.69894
vn -0.18262 0.69147 0.69894
vn -0.18262 0.69147 0.69894
vn -0.4526 0.55375 0.69894
vn -0.4526 0.55375 0.69894
vn -0.55334 0.44025 0.70711
vn -0.55334 0.44025 0.70711
vn -0.64858 0.30494 0.69739
vn -0.64858 0.30494 0.69739
vn -0.71645 -0.01837 0.69739
vn -0.71645 -0.01837 0.69739
vn -0.6321 -0.33778 0.69739
vn -0.6321 -0.33778 0.69739
vn -0.41343 -0.58542 0.69739
vn -0.41343 -0.58542 0.69739
vn -0.12801 -0.69623 0.70632
vn -0.12801 -0.69623 0.70632
vn -0.21965 -0.67296 0.70632
vn -0.21965 -0.67296 0.70632
vn -0.15645 -0.6984 0.6984
vn -0.13234 -0.69557 0.70616
vn -0.1171 -0.70224 0.70224
vn -0.83023 -0.50015 -0.24612
vn -0.42332 -0.64062 0.64062
vn -0.46897 -0.58795 0.65908
vn -0.77395 -0.47948 0.41364
vn -0.80602 -0.38873 0.44634
vn -0.46957 -0.6243 0.6243
vn -0.43155 -0.6703 0.60371
vn -0.80598 -0.38774 0.44728
vn -0.7917 -0.43197 0.43198
vn -0.95098 -0.21868 0.21869
vn -0.84305 0.2288 0.48675
vn -0.94866 -0.21989 0.22735
vn -0.88392 -0.33118 0.33015
f 1//1 2//1 3//1
f 3//2 2//2 4//2
f 3//3 4//3 5//3
f 6//4 7//4 8//4
f 8//5 7//5 9//5
f 8//6 9//6 3//6
f 3//7 9//7 10//7
f 3//8 10//8 1//8
f 11//9 12//9 13//9
f 13//10 12//10 14//10
f 14//11 15//11 13//11
f 13//12 15//12 16//12
f 13//13 16//13 17//13
f 16//14 18//14 17//14
f 17//15 18//15 19//15
f 17//16 19//16 20//16
f 20//17 19//17 21//17
f 21//18 22//18 20//18
f 20//19 22//19 23//19
f 20//20 23//20 24//20
f 25//21 26//21 27//21
f 27//22 26//22 24//22
f 27//23 24//23 28//23
f 28//24 24//24 23//24
f 25//25 29//25 26//25
f 26//26 29//26 30//26
f 26//27 30//27 8//27
f 8//28 30//28 31//28
f 8//19 31//19 6//19
f 32//29 33//29 34//29
f 34//30 33//30 35//30
f 34//31 35//31 36//31
f 37//32 38//32 39//32
f 39//33 38//33 40//33
f 39//34 40//34 34//34
f 34//35 40//35 41//35
f 34//36 41//36 32//36
f 42//37 43//37 44//37
f 44//38 43//38 45//38
f 44//39 45//39 46//39
f 46//40 47//40 44//40
f 44//41 47//41 48//41
f 44//42 48//42 49//42
f 49//43 48//43 50//43
f 49//44 50//44 51//44
f 51//45 52//45 49//45
f 49//46 52//46 53//46
f 49//47 53//47 54//47
f 54//48 53//48 55//48
f 55//49 56//49 54//49
f 54//50 56//50 57//50
f 54//51 57//51 58//51
f 57//52 59//52 58//52
f 58//53 59//53 60//53
f 58//54 60//54 39//54
f 39//55 60//55 61//55
f 39//46 61//46 37//46
f 62//56 63//56 64//56
f 65//57 62//57 66//57
f 66//58 62//58 64//58
f 66//59 64//59 67//59
f 67//59 64//59 68//59
f 67//60 68//60 69//60
f 69//60 68//60 70//60
f 69//61 70//61 71//61
f 71//61 70//61 72//61
f 71//62 72//62 73//62
f 73//62 72//62 74//62
f 73//63 74//63 75//63
f 75//63 74//63 76//63
f 75//64 76//64 77//64
f 77//64 76//64 78//64
f 77//65 78//65 44//65
f 44//65 78//65 34//65
f 44//66 34//66 42//66
f 42//67 34//67 36//67
f 63//68 79//68 64//68
f 64//69 79//69 80//69
f 64//70 80//70 81//70
f 81//71 82//71 64//71
f 64//72 82//72 83//72
f 64//73 83//73 84//73
f 84//74 83//74 85//74
f 84//75 85//75 86//75
f 86//76 87//76 84//76
f 84//77 87//77 88//77
f 84//78 88//78 89//78
f 90//79 91//79 92//79
f 92//80 91//80 93//80
f 92//81 93//81 94//81
f 94//82 95//82 92//82
f 92//83 95//83 96//83
f 92//84 96//84 66//84
f 96//85 97//85 66//85
f 66//86 97//86 98//86
f 66//87 98//87 99//87
f 99//88 100//88 66//88
f 66//89 100//89 101//89
f 66//90 101//90 65//90
f 89//91 90//91 84//91
f 84//92 90//92 92//92
f 84//93 92//93 102//93
f 102//93 92//93 103//93
f 102//94 103//94 104//94
f 104//94 103//94 105//94
f 104//95 105//95 106//95
f 106//95 105//95 107//95
f 106//96 107//96 108//96
f 108//96 107//96 109//96
f 108//97 109//97 110//97
f 110//97 109//97 111//97
f 110//98 111//98 112//98
f 112//98 111//98 113//98
f 112//99 113//99 114//99
f 114//99 113//99 115//99
f 114//100 116//100 117//100
f 117//101 118//101 114//101
f 114//102 118//102 119//102
f 114//103 119//103 120//103
f 119//104 121//104 120//104
f 120//105 121//105 122//105
f 120//106 122//106 123//106
f 123//107 124//107 120//107
f 120//108 124//108 125//108
f 120//109 125//109 126//109
f 127//110 128//110 115//110
f 129//111 130//111 131//111
f 131//112 132//112 129//112
f 129//113 132//113 133//113
f 129//114 133//114 134//114
f 127//115 115//115 135//115
f 134//116 136//116 129//116
f 129//117 136//117 137//117
f 129//118 137//118 115//118
f 115//119 137//119 138//119
f 115//120 138//120 135//120
f 128//121 139//121 115//121
f 115//122 139//122 140//122
f 115//123 140//123 114//123
f 114//124 140//124 141//124
f 114//125 141//125 116//125
f 126//126 130//126 120//126
f 120//127 130//127 129//127
f 120//128 129//128 142//128
f 142//128 129//128 143//128
f 142//129 143//129 144//129
f 144//129 143//129 145//129
f 144//130 145//130 146//130
f 146//130 145//130 147//130
f 146//131 147//131 148//131
f 148//131 147//131 149//131
f 148//132 149//132 150//132
f 150//132 149//132 151//132
f 150//133 151//133 152//133
f 152//133 151//133 153//133
f 152//134 153//134 13//134
f 13//134 153//134 3//134
f 13//135 3//135 11//135
f 11//136 3//136 5//136
f 154//137 155//137 156//137
f 157//137 158//137 159//137
f 158//137 160//137 161//137
f 162//137 163//137 164//137
f 163//137 165//137 164//137
f 164//137 165//137 166//137
f 164//137 166//137 167//137
f 167//137 168//137 78//137
f 78//137 168//137 169//137
f 78//137 169//137 34//137
f 34//137 169//137 170//137
f 34//137 170//137 39//137
f 39//137 170//137 171//137
f 39//137 171//137 58//137
f 58//137 171//137 172//137
f 58//137 172//137 157//137
f 157//137 172//137 173//137
f 157//137 173//137 158//137
f 158//137 173//137 174//137
f 158//137 174//137 160//137
f 158//137 175//137 176//137
f 176//137 177//137 158//137
f 158//137 177//137 178//137
f 158//137 178//137 159//137
f 159//137 178//137 179//137
f 159//137 179//137 180//137
f 181//137 182//137 17//137
f 183//137 184//137 175//137
f 175//137 184//137 185//137
f 175//137 185//137 176//137
f 180//137 186//137 159//137
f 159//137 186//137 187//137
f 159//137 187//137 188//137
f 188//137 187//137 189//137
f 188//137 189//137 190//137
f 190//137 189//137 191//137
f 190//137 191//137 24//137
f 24//137 191//137 181//137
f 24//137 181//137 20//137
f 20//137 181//137 17//137
f 192//137 193//137 175//137
f 175//137 193//137 17//137
f 175//137 17//137 183//137
f 183//137 17//137 182//137
f 194//137 195//137 196//137
f 193//137 197//137 17//137
f 17//137 197//137 198//137
f 17//137 198//137 13//137
f 13//137 198//137 199//137
f 13//137 199//137 152//137
f 152//137 199//137 200//137
f 152//137 200//137 150//137
f 150//137 200//137 201//137
f 150//137 201//137 148//137
f 148//137 201//137 202//137
f 148//137 202//137 203//137
f 195//137 204//137 196//137
f 196//137 204//137 205//137
f 196//137 205//137 175//137
f 175//137 205//137 206//137
f 175//137 206//137 192//137
f 196//137 207//137 144//137
f 203//137 194//137 148//137
f 148//137 194//137 196//137
f 148//137 196//137 146//137
f 146//137 196//137 144//137
f 208//137 120//137 207//137
f 207//137 120//137 142//137
f 207//137 142//137 144//137
f 110//137 112//137 208//137
f 208//137 112//137 114//137
f 208//137 114//137 120//137
f 110//137 208//137 108//137
f 108//137 208//137 156//137
f 108//137 156//137 106//137
f 209//137 210//137 211//137
f 212//137 213//137 214//137
f 214//137 213//137 211//137
f 214//137 211//137 215//137
f 215//137 211//137 210//137
f 212//137 216//137 213//137
f 213//137 216//137 217//137
f 213//137 217//137 156//137
f 156//137 217//137 218//137
f 156//137 218//137 219//137
f 106//137 220//137 104//137
f 104//137 220//137 221//137
f 219//137 222//137 156//137
f 156//137 222//137 223//137
f 156//137 223//137 106//137
f 106//137 223//137 224//137
f 106//137 224//137 220//137
f 221//137 209//137 104//137
f 104//137 209//137 211//137
f 104//137 211//137 102//137
f 102//137 211//137 84//137
f 70//137 68//137 211//137
f 211//137 68//137 64//137
f 211//137 64//137 84//137
f 164//137 225//137 226//137
f 227//137 225//137 72//137
f 72//137 225//137 164//137
f 72//137 164//137 74//137
f 70//137 228//137 72//137
f 72//137 228//137 229//137
f 72//137 229//137 227//137
f 226//137 230//137 164//137
f 164//137 230//137 231//137
f 164//137 231//137 213//137
f 213//137 231//137 232//137
f 232//137 233//137 213//137
f 213//137 233//137 234//137
f 213//137 234//137 211//137
f 211//137 234//137 235//137
f 235//137 236//137 211//137
f 211//137 236//137 237//137
f 211//137 237//137 70//137
f 70//137 237//137 238//137
f 70//137 238//137 228//137
f 167//137 78//137 164//137
f 164//137 78//137 76//137
f 164//137 76//137 74//137
f 239//137 240//137 196//137
f 154//137 156//137 241//137
f 239//137 196//137 242//137
f 155//137 242//137 156//137
f 156//137 242//137 196//137
f 156//137 196//137 213//137
f 213//137 196//137 175//137
f 213//137 175//137 164//137
f 164//137 175//137 158//137
f 164//137 158//137 162//137
f 162//137 158//137 161//137
f 243//137 207//137 244//137
f 244//137 207//137 196//137
f 244//137 196//137 245//137
f 245//137 196//137 240//137
f 241//137 156//137 246//137
f 246//137 156//137 208//137
f 246//137 208//137 247//137
f 243//137 248//137 207//137
f 207//137 248//137 249//137
f 207//137 249//137 208//137
f 208//137 249//137 250//137
f 208//137 250//137 247//137
f 251//138 252//138 253//138
f 254//139 255//139 256//139
f 257//140 258//140 259//140
f 260//141 261//141 262//141
f 263//142 264//142 265//142
f 265//143 264//143 266//143
f 265//144 266//144 267//144
f 268//145 269//145 270//145
f 270//146 269//146 271//146
f 270//147 271//147 272//147
f 272//148 271//148 273//148
f 272//149 273//149 274//149
f 274//150 273//150 275//150
f 274//151 275//151 276//151
f 276//152 275//152 277//152
f 276//153 277//153 278//153
f 278//154 277//154 279//154
f 278//155 279//155 280//155
f 280//156 279//156 281//156
f 280//157 281//157 282//157
f 282//158 281//158 283//158
f 282//159 283//159 284//159
f 284//160 283//160 285//160
f 284//161 285//161 286//161
f 286//162 285//162 287//162
f 286//163 287//163 288//163
f 288//164 287//164 289//164
f 288//165 289//165 290//165
f 290//166 289//166 291//166
f 290//167 291//167 292//167
f 292//168 291//168 293//168
f 292//169 293//169 294//169
f 294//170 293//170 295//170
f 294//171 295//171 296//171
f 296//172 295//172 297//172
f 296//173 297//173 298//173
f 298//174 297//174 299//174
f 298//175 299//175 300//175
f 300//176 299//176 301//176
f 300//177 301//177 302//177
f 302//178 301//178 303//178
f 302//179 303//179 263//179
f 263//180 303//180 304//180
f 263//181 304//181 264//181
f 305//182 306//182 307//182
f 307//183 306//183 308//183
f 307//184 308//184 309//184
f 260//185 262//185 309//185
f 310//186 311//186 312//186
f 312//187 311//187 313//187
f 312//188 313//188 269//188
f 314//189 310//189 315//189
f 315//190 310//190 312//190
f 315//191 312//191 307//191
f 307//192 312//192 269//192
f 307//193 269//193 305//193
f 305//194 269//194 268//194
f 316//195 317//195 315//195
f 315//196 317//196 318//196
f 315//197 318//197 314//197
f 319//198 320//198 321//198
f 321//199 320//199 322//199
f 321//200 322//200 323//200
f 323//201 322//201 324//201
f 323//202 324//202 325//202
f 325//203 324//203 326//203
f 325//204 326//204 327//204
f 327//205 326//205 328//205
f 327//206 328//206 329//206
f 329//207 328//207 330//207
f 329//208 330//208 331//208
f 331//209 330//209 332//209
f 331//210 332//210 333//210
f 333//211 332//211 334//211
f 333//212 334//212 335//212
f 335//213 334//213 336//213
f 335//214 336//214 337//214
f 337//215 336//215 267//215
f 337//216 267//216 338//216
f 338//217 267//217 266//217
f 339//218 340//218 341//218
f 341//219 340//219 342//219
f 341//220 342//220 343//220
f 343//221 342//221 344//221
f 343//222 344//222 345//222
f 345//223 344//223 346//223
f 345//224 346//224 347//224
f 347//225 346//225 348//225
f 347//226 348//226 349//226
f 349//227 348//227 350//227
f 349//228 350//228 319//228
f 319//229 350//229 351//229
f 319//230 351//230 320//230
f 339//145 352//145 353//145
f 353//231 352//231 354//231
f 353//232 354//232 355//232
f 355//233 354//233 356//233
f 354//234 357//234 356//234
f 356//235 357//235 358//235
f 356//236 358//236 359//236
f 359//237 358//237 360//237
f 360//238 361//238 359//238
f 359//239 361//239 362//239
f 359//240 362//240 341//240
f 341//241 362//241 363//241
f 341//242 363//242 364//242
f 364//243 365//243 341//243
f 341//244 365//244 366//244
f 341//245 366//245 339//245
f 339//246 366//246 367//246
f 339//247 367//247 352//247
f 368//248 369//248 356//248
f 356//249 369//249 370//249
f 356//250 370//250 355//250
f 356//251 371//251 372//251
f 356//252 372//252 368//252
f 368//253 372//253 373//253
f 368//254 373//254 374//254
f 374//255 373//255 375//255
f 374//256 375//256 376//256
f 377//138 378//138 259//138
f 371//257 356//257 379//257
f 379//191 356//191 359//191
f 379//258 359//258 380//258
f 378//251 381//251 259//251
f 259//259 381//259 382//259
f 259//260 382//260 359//260
f 359//261 382//261 383//261
f 359//262 383//262 380//262
f 384//263 259//263 385//263
f 385//264 259//264 386//264
f 376//265 377//265 374//265
f 374//266 377//266 259//266
f 374//267 259//267 387//267
f 387//263 259//263 384//263
f 388//268 389//268 390//268
f 390//269 389//269 391//269
f 390//270 391//270 257//270
f 258//271 392//271 259//271
f 259//272 392//272 393//272
f 259//273 393//273 386//273
f 386//274 393//274 394//274
f 386//275 394//275 395//275
f 395//276 394//276 396//276
f 388//277 390//277 397//277
f 397//277 390//277 398//277
f 397//278 398//278 399//278
f 399//279 398//279 400//279
f 399//280 400//280 401//280
f 401//281 400//281 255//281
f 401//282 255//282 396//282
f 396//283 255//283 254//283
f 396//284 254//284 395//284
f 402//138 403//138 390//138
f 390//285 403//285 404//285
f 390//286 404//286 398//286
f 402//287 405//287 406//287
f 406//239 405//239 407//239
f 406//288 407//288 408//288
f 409//237 410//237 411//237
f 411//236 410//236 262//236
f 411//235 262//235 412//235
f 412//234 262//234 413//234
f 409//238 414//238 410//238
f 410//239 414//239 415//239
f 410//240 415//240 390//240
f 390//241 415//241 416//241
f 416//242 417//242 390//242
f 390//243 417//243 418//243
f 390//289 418//289 402//289
f 402//290 418//290 419//290
f 402//291 419//291 405//291
f 407//292 413//292 408//292
f 408//293 413//293 262//293
f 408//294 262//294 420//294
f 420//295 262//295 261//295
f 421//296 422//296 315//296
f 423//272 424//272 253//272
f 422//297 425//297 315//297
f 315//298 425//298 343//298
f 315//299 343//299 316//299
f 316//300 343//300 345//300
f 426//277 341//277 427//277
f 427//301 341//301 343//301
f 427//302 343//302 428//302
f 428//303 343//303 425//303
f 426//268 429//268 341//268
f 341//269 429//269 430//269
f 341//270 430//270 431//270
f 423//271 253//271 432//271
f 433//304 434//304 307//304
f 433//305 307//305 435//305
f 434//297 251//297 307//297
f 307//306 251//306 253//306
f 307//307 253//307 315//307
f 315//308 253//308 424//308
f 315//309 424//309 421//309
f 309//310 262//310 307//310
f 307//311 262//311 436//311
f 307//312 436//312 435//312
f 252//251 437//251 253//251
f 253//259 437//259 438//259
f 253//260 438//260 410//260
f 410//261 438//261 439//261
f 439//262 440//262 410//262
f 410//258 440//258 441//258
f 410//191 441//191 262//191
f 262//257 441//257 442//257
f 262//251 442//251 436//251
f 257//313 259//313 390//313
f 390//314 259//314 359//314
f 390//315 359//315 410//315
f 410//315 359//315 341//315
f 410//314 341//314 253//314
f 253//313 341//313 431//313
f 253//140 431//140 432//140
f 443//316 444//316 445//316
f 446//317 447//317 448//317
f 448//318 447//318 449//318
f 450//319 451//319 452//319
f 452//320 451//320 453//320
f 454//321 455//321 456//321
f 453//322 457//322 452//322
f 452//323 457//323 458//323
f 452//324 458//324 456//324
f 456//325 458//325 459//325
f 456//326 459//326 454//326
f 455//327 460//327 456//327
f 456//328 460//328 461//328
f 456//329 461//329 462//329
f 463//330 464//330 465//330
f 465//331 464//331 466//331
f 465//332 466//332 467//332
f 463//333 468//333 464//333
f 464//334 468//334 469//334
f 464//335 469//335 470//335
f 470//336 471//336 464//336
f 464//337 471//337 472//337
f 464//338 472//338 473//338
f 474//339 475//339 476//339
f 476//340 475//340 477//340
f 476//341 477//341 478//341
f 478//342 479//342 476//342
f 476//343 479//343 480//343
f 476//344 480//344 481//344
f 481//345 480//345 482//345
f 482//346 483//346 481//346
f 481//347 483//347 484//347
f 481//348 484//348 485//348
f 485//349 484//349 486//349
f 485//350 486//350 487//350
f 488//351 489//351 490//351
f 487//352 491//352 485//352
f 485//353 491//353 492//353
f 485//354 492//354 493//354
f 493//355 494//355 490//355
f 490//356 494//356 495//356
f 490//357 495//357 488//357
f 489//358 496//358 490//358
f 490//359 496//359 497//359
f 490//360 497//360 466//360
f 466//361 497//361 498//361
f 466//362 498//362 467//362
f 499//363 500//363 501//363
f 499//364 502//364 500//364
f 500//365 502//365 503//365
f 500//366 503//366 504//366
f 504//367 505//367 500//367
f 500//368 505//368 506//368
f 500//369 506//369 507//369
f 508//370 509//370 510//370
f 510//371 509//371 511//371
f 511//372 512//372 510//372
f 510//373 512//373 513//373
f 510//374 513//374 514//374
f 514//375 513//375 515//375
f 515//376 516//376 514//376
f 514//377 516//377 517//377
f 514//378 517//378 518//378
f 519//379 520//379 521//379
f 517//380 522//380 518//380
f 518//381 522//381 523//381
f 518//382 523//382 524//382
f 525//383 526//383 521//383
f 521//384 526//384 527//384
f 521//385 527//385 519//385
f 524//386 528//386 518//386
f 518//387 528//387 529//387
f 518//388 529//388 525//388
f 520//389 530//389 521//389
f 521//390 530//390 531//390
f 521//391 531//391 501//391
f 501//392 531//392 532//392
f 501//393 532//393 499//393
f 533//394 534//394 535//394
f 535//395 534//395 536//395
f 535//396 536//396 537//396
f 538//397 539//397 540//397
f 538//398 540//398 541//398
f 533//399 542//399 534//399
f 534//400 542//400 543//400
f 534//401 543//401 544//401
f 545//402 546//402 540//402
f 540//403 546//403 547//403
f 540//404 547//404 541//404
f 544//405 548//405 534//405
f 534//406 548//406 549//406
f 534//407 549//407 545//407
f 539//408 550//408 540//408
f 540//409 550//409 551//409
f 540//410 551//410 552//410
f 551//411 553//411 552//411
f 552//412 553//412 554//412
f 552//413 554//413 555//413
f 556//414 557//414 558//414
f 554//415 559//415 555//415
f 555//416 559//416 560//416
f 555//417 560//417 561//417
f 556//418 558//418 562//418
f 561//419 563//419 555//419
f 555//420 563//420 564//420
f 555//421 564//421 565//421
f 557//422 566//422 558//422
f 558//423 566//423 567//423
f 558//424 567//424 536//424
f 536//425 567//425 568//425
f 536//426 568//426 537//426
f 445//427 444//427 569//427
f 444//428 570//428 569//428
f 569//429 570//429 571//429
f 569//430 571//430 572//430
f 573//431 574//431 575//431
f 573//432 575//432 572//432
f 576//433 577//433 578//433
f 578//434 577//434 575//434
f 578//435 575//435 579//435
f 579//436 575//436 574//436
f 580//437 581//437 582//437
f 582//438 581//438 583//438
f 582//439 583//439 445//439
f 445//440 583//440 584//440
f 445//441 584//441 443//441
f 585//442 586//442 587//442
f 587//443 586//443 588//443
f 588//444 589//444 587//444
f 587//445 589//445 590//445
f 587//446 590//446 591//446
f 592//447 593//447 594//447
f 594//448 593//448 595//448
f 594//449 595//449 582//449
f 582//450 595//450 596//450
f 582//451 596//451 580//451
f 576//452 597//452 577//452
f 577//453 597//453 598//453
f 577//454 598//454 599//454
f 598//455 600//455 599//455
f 599//456 600//456 601//456
f 599//457 601//457 585//457
f 585//458 601//458 602//458
f 585//451 602//451 586//451
f 545//459 540//459 534//459
f 534//460 540//460 603//460
f 534//460 603//460 604//460
f 604//461 603//461 605//461
f 604//461 605//461 606//461
f 606//462 605//462 607//462
f 606//462 607//462 608//462
f 608//463 607//463 609//463
f 608//463 609//463 610//463
f 610//464 609//464 611//464
f 610//464 611//464 612//464
f 612//465 611//465 613//465
f 612//465 613//465 614//465
f 614//466 613//466 615//466
f 614//466 615//466 616//466
f 616//467 615//467 500//467
f 616//467 500//467 510//467
f 510//468 500//468 507//468
f 510//469 507//469 508//469
f 572//470 575//470 569//470
f 569//471 575//471 617//471
f 569//471 617//471 618//471
f 618//472 617//472 619//472
f 618//472 619//472 620//472
f 620//473 619//473 621//473
f 620//473 621//473 622//473
f 622//474 621//474 623//474
f 622//474 623//474 624//474
f 624//475 623//475 625//475
f 624//475 625//475 626//475
f 626//476 625//476 627//476
f 626//476 627//476 628//476
f 628//477 627//477 555//477
f 628//477 555//477 558//477
f 558//478 555//478 565//478
f 558//479 565//479 562//479
f 450//480 452//480 449//480
f 449//481 452//481 629//481
f 449//481 629//481 448//481
f 448//482 629//482 630//482
f 448//482 630//482 631//482
f 631//483 630//483 587//483
f 631//483 587//483 594//483
f 594//484 587//484 591//484
f 594//485 591//485 592//485
f 493//486 490//486 485//486
f 485//487 490//487 632//487
f 485//487 632//487 633//487
f 633//488 632//488 634//488
f 633//488 634//488 635//488
f 635//489 634//489 456//489
f 635//489 456//489 636//489
f 636//490 456//490 462//490
f 636//490 462//490 637//490
f 525//491 521//491 518//491
f 518//492 521//492 638//492
f 518//492 638//492 639//492
f 639//493 638//493 640//493
f 639//493 640//493 641//493
f 641//494 640//494 642//494
f 641//494 642//494 643//494
f 643//495 642//495 644//495
f 643//495 644//495 645//495
f 645//496 644//496 646//496
f 645//496 646//496 647//496
f 647//497 646//497 648//497
f 647//497 648//497 649//497
f 649//498 648//498 650//498
f 649//498 650//498 651//498
f 651//499 650//499 464//499
f 651//499 464//499 476//499
f 476//500 464//500 473//500
f 476//501 473//501 474//501
f 652//137 634//137 653//137
f 653//137 634//137 632//137
f 653//137 632//137 654//137
f 654//137 632//137 490//137
f 654//137 490//137 655//137
f 655//137 490//137 466//137
f 655//137 466//137 656//137
f 656//137 466//137 464//137
f 656//137 464//137 657//137
f 657//137 464//137 650//137
f 657//137 650//137 658//137
f 659//137 452//137 652//137
f 652//137 452//137 456//137
f 652//137 456//137 634//137
f 660//137 617//137 661//137
f 661//137 617//137 575//137
f 661//137 575//137 662//137
f 575//137 577//137 662//137
f 662//137 577//137 599//137
f 662//137 599//137 663//137
f 663//137 599//137 585//137
f 663//137 585//137 664//137
f 664//137 585//137 587//137
f 664//137 587//137 665//137
f 665//137 587//137 630//137
f 665//137 630//137 659//137
f 659//137 630//137 629//137
f 659//137 629//137 452//137
f 666//137 501//137 667//137
f 667//137 501//137 500//137
f 667//137 500//137 668//137
f 668//137 500//137 615//137
f 668//137 615//137 669//137
f 669//137 615//137 613//137
f 669//137 613//137 670//137
f 670//137 613//137 611//137
f 670//137 611//137 671//137
f 650//137 648//137 658//137
f 658//137 648//137 646//137
f 658//137 646//137 672//137
f 672//137 646//137 644//137
f 672//137 644//137 673//137
f 673//137 644//137 642//137
f 673//137 642//137 674//137
f 674//137 642//137 640//137
f 674//137 640//137 675//137
f 675//137 640//137 638//137
f 675//137 638//137 666//137
f 666//137 638//137 521//137
f 666//137 521//137 501//137
f 676//137 627//137 677//137
f 677//137 627//137 625//137
f 677//137 625//137 678//137
f 678//137 625//137 623//137
f 678//137 623//137 679//137
f 679//137 623//137 621//137
f 679//137 621//137 660//137
f 660//137 621//137 619//137
f 660//137 619//137 617//137
f 611//137 609//137 671//137
f 671//137 609//137 607//137
f 671//137 607//137 680//137
f 680//137 607//137 605//137
f 680//137 605//137 681//137
f 681//137 605//137 603//137
f 681//137 603//137 682//137
f 682//137 603//137 540//137
f 682//137 540//137 683//137
f 683//137 540//137 552//137
f 683//137 552//137 676//137
f 676//137 552//137 555//137
f 676//137 555//137 627//137
f 684//502 685//502 686//502
f 684//503 687//503 685//503
f 685//504 687//504 688//504
f 685//505 688//505 689//505
f 688//506 690//506 689//506
f 689//507 690//507 691//507
f 689//508 691//508 692//508
f 691//509 693//509 692//509
f 692//510 693//510 694//510
f 692//511 694//511 695//511
f 694//512 696//512 695//512
f 695//513 696//513 697//513
f 695//514 697//514 698//514
f 697//515 699//515 698//515
f 698//516 699//516 700//516
f 698//517 700//517 701//517
f 700//518 702//518 701//518
f 701//519 702//519 703//519
f 701//520 703//520 704//520
f 703//521 705//521 704//521
f 704//522 705//522 706//522
f 704//523 706//523 707//523
f 706//524 708//524 707//524
f 707//525 708//525 709//525
f 707//526 709//526 710//526
f 709//527 711//527 710//527
f 710//528 711//528 712//528
f 710//529 712//529 713//529
f 712//530 714//530 713//530
f 713//531 714//531 715//531
f 713//532 715//532 716//532
f 715//533 717//533 716//533
f 716//534 717//534 718//534
f 716//535 718//535 686//535
f 686//536 718//536 719//536
f 686//537 719//537 684//537
f 233//538 232//538 717//538
f 717//539 715//539 233//539
f 233//540 715//540 714//540
f 233//541 714//541 234//541
f 234//542 714//542 712//542
f 234//543 712//543 235//543
f 712//544 711//544 235//544
f 235//545 711//545 709//545
f 235//546 709//546 236//546
f 709//547 708//547 236//547
f 236//548 708//548 706//548
f 236//549 706//549 237//549
f 706//550 705//550 237//550
f 237//551 705//551 703//551
f 237//552 703//552 238//552
f 238//553 703//553 702//553
f 238//554 702//554 228//554
f 702//555 700//555 228//555
f 228//556 700//556 699//556
f 228//557 699//557 229//557
f 699//558 697//558 229//558
f 229//559 697//559 696//559
f 229//560 696//560 227//560
f 227//561 696//561 694//561
f 227//562 694//562 225//562
f 694//563 693//563 225//563
f 225//564 693//564 691//564
f 225//565 691//565 226//565
f 691//566 690//566 226//566
f 226//567 690//567 688//567
f 226//568 688//568 230//568
f 688//569 687//569 230//569
f 230//570 687//570 684//570
f 230//571 684//571 231//571
f 231//572 684//572 719//572
f 231//573 719//573 232//573
f 232//574 719//574 718//574
f 232//575 718//575 717//575
f 720//576 721//576 722//576
f 720//577 723//577 721//577
f 721//578 723//578 724//578
f 721//579 724//579 725//579
f 724//580 726//580 725//580
f 725//581 726//581 727//581
f 725//582 727//582 728//582
f 727//583 729//583 728//583
f 728//584 729//584 730//584
f 728//585 730//585 731//585
f 730//586 732//586 731//586
f 731//587 732//587 733//587
f 731//588 733//588 734//588
f 733//589 735//589 734//589
f 734//590 735//590 736//590
f 734//591 736//591 737//591
f 736//592 738//592 737//592
f 737//593 738//593 739//593
f 737//594 739//594 740//594
f 739//595 741//595 740//595
f 740//596 741//596 742//596
f 740//597 742//597 743//597
f 742//598 744//598 743//598
f 743//599 744//599 745//599
f 743//600 745//600 746//600
f 745//601 747//601 746//601
f 746//602 747//602 748//602
f 746//603 748//603 749//603
f 748//604 750//604 749//604
f 749//605 750//605 751//605
f 749//606 751//606 752//606
f 751//607 753//607 752//607
f 752//608 753//608 754//608
f 752//609 754//609 722//609
f 722//610 754//610 755//610
f 722//611 755//611 720//611
f 222//612 219//612 753//612
f 753//613 751//613 222//613
f 222//614 751//614 750//614
f 222//615 750//615 223//615
f 223//616 750//616 748//616
f 223//617 748//617 224//617
f 748//618 747//618 224//618
f 224//619 747//619 745//619
f 224//620 745//620 220//620
f 745//621 744//621 220//621
f 220//622 744//622 742//622
f 220//623 742//623 221//623
f 742//624 741//624 221//624
f 221//625 741//625 739//625
f 221//626 739//626 209//626
f 209//627 739//627 738//627
f 209//628 738//628 210//628
f 738//629 736//629 210//629
f 210//630 736//630 735//630
f 210//631 735//631 215//631
f 735//632 733//632 215//632
f 215//633 733//633 732//633
f 215//634 732//634 214//634
f 214//635 732//635 730//635
f 214//636 730//636 212//636
f 730//637 729//637 212//637
f 212//638 729//638 727//638
f 212//639 727//639 216//639
f 727//640 726//640 216//640
f 216//641 726//641 724//641
f 216//642 724//642 217//642
f 724//643 723//643 217//643
f 217//644 723//644 720//644
f 217//645 720//645 218//645
f 218//571 720//571 755//571
f 218//646 755//646 219//646
f 219//647 755//647 754//647
f 219//648 754//648 753//648
f 756//649 757//649 758//649
f 756//650 759//650 757//650
f 757//651 759//651 760//651
f 757//652 760//652 761//652
f 760//653 762//653 761//653
f 761//654 762//654 763//654
f 761//655 763//655 764//655
f 763//656 765//656 764//656
f 764//657 765//657 766//657
f 764//658 766//658 767//658
f 766//659 768//659 767//659
f 767//660 768//660 769//660
f 767//661 769//661 770//661
f 769//662 771//662 770//662
f 770//663 771//663 772//663
f 770//664 772//664 773//664
f 772//665 774//665 773//665
f 773//666 774//666 775//666
f 773//667 775//667 776//667
f 775//668 777//668 776//668
f 776//669 777//669 778//669
f 776//670 778//670 779//670
f 778//671 780//671 779//671
f 779//672 780//672 781//672
f 779//673 781//673 782//673
f 781//674 783//674 782//674
f 782//675 783//675 784//675
f 782//676 784//676 785//676
f 784//677 786//677 785//677
f 785//678 786//678 787//678
f 785//679 787//679 788//679
f 787//680 789//680 788//680
f 788//681 789//681 790//681
f 788//682 790//682 758//682
f 758//683 790//683 791//683
f 758//684 791//684 756//684
f 248//685 243//685 789//685
f 789//686 787//686 248//686
f 248//687 787//687 786//687
f 248//688 786//688 249//688
f 249//689 786//689 784//689
f 249//690 784//690 250//690
f 784//691 783//691 250//691
f 250//692 783//692 781//692
f 250//693 781//693 247//693
f 781//694 780//694 247//694
f 247//695 780//695 778//695
f 247//696 778//696 246//696
f 778//697 777//697 246//697
f 246//698 777//698 775//698
f 246//626 775//626 241//626
f 241//699 775//699 774//699
f 241//700 774//700 154//700
f 774//701 772//701 154//701
f 154//702 772//702 771//702
f 154//703 771//703 155//703
f 771//704 769//704 155//704
f 155//705 769//705 768//705
f 155//706 768//706 242//706
f 242//707 768//707 766//707
f 242//708 766//708 239//708
f 766//709 765//709 239//709
f 239//710 765//710 763//710
f 239//711 763//711 240//711
f 763//712 762//712 240//712
f 240//713 762//713 760//713
f 240//714 760//714 245//714
f 760//715 759//715 245//715
f 245//716 759//716 756//716
f 245//717 756//717 244//717
f 244//718 756//718 791//718
f 244//719 791//719 243//719
f 243//720 791//720 790//720
f 243//721 790//721 789//721
f 792//722 793//722 794//722
f 792//723 795//723 793//723
f 793//724 795//724 796//724
f 793//725 796//725 797//725
f 796//726 798//726 797//726
f 797//727 798//727 799//727
f 797//728 799//728 800//728
f 799//729 801//729 800//729
f 800//510 801//510 802//510
f 800//511 802//511 803//511
f 802//512 804//512 803//512
f 803//513 804//513 805//513
f 803//514 805//514 806//514
f 805//515 807//515 806//515
f 806//730 807//730 808//730
f 806//731 808//731 809//731
f 808//732 810//732 809//732
f 809//733 810//733 811//733
f 809//734 811//734 812//734
f 811//735 813//735 812//735
f 812//736 813//736 814//736
f 812//737 814//737 815//737
f 814//738 816//738 815//738
f 815//739 816//739 817//739
f 815//740 817//740 818//740
f 817//741 819//741 818//741
f 818//528 819//528 820//528
f 818//529 820//529 821//529
f 820//530 822//530 821//530
f 821//531 822//531 823//531
f 821//532 823//532 824//532
f 823//533 825//533 824//533
f 824//742 825//742 826//742
f 824//743 826//743 794//743
f 794//744 826//744 827//744
f 794//745 827//745 792//745
f 202//538 201//538 825//538
f 825//539 823//539 202//539
f 202//540 823//540 822//540
f 202//541 822//541 203//541
f 203//542 822//542 820//542
f 203//543 820//543 194//543
f 820//544 819//544 194//544
f 194//746 819//746 817//746
f 194//747 817//747 195//747
f 817//748 816//748 195//748
f 195//749 816//749 814//749
f 195//750 814//750 204//750
f 814//751 813//751 204//751
f 204//752 813//752 811//752
f 204//753 811//753 205//753
f 205//754 811//754 810//754
f 205//755 810//755 206//755
f 810//756 808//756 206//756
f 206//757 808//757 807//757
f 206//557 807//557 192//557
f 807//558 805//558 192//558
f 192//559 805//559 804//559
f 192//560 804//560 193//560
f 193//561 804//561 802//561
f 193//562 802//562 197//562
f 802//563 801//563 197//563
f 197//758 801//758 799//758
f 197//759 799//759 198//759
f 799//760 798//760 198//760
f 198//761 798//761 796//761
f 198//762 796//762 199//762
f 796//763 795//763 199//763
f 199//764 795//764 792//764
f 199//765 792//765 200//765
f 200//766 792//766 827//766
f 200//767 827//767 201//767
f 201//768 827//768 826//768
f 201//769 826//769 825//769
f 828//770 829//770 830//770
f 828//771 831//771 829//771
f 829//578 831//578 832//578
f 829//579 832//579 833//579
f 832//580 834//580 833//580
f 833//581 834//581 835//581
f 833//582 835//582 836//582
f 835//583 837//583 836//583
f 836//772 837//772 838//772
f 836//773 838//773 839//773
f 838//774 840//774 839//774
f 839//775 840//775 841//775
f 839//776 841//776 842//776
f 841//777 843//777 842//777
f 842//778 843//778 844//778
f 842//779 844//779 845//779
f 844//780 846//780 845//780
f 845//781 846//781 847//781
f 845//782 847//782 848//782
f 847//783 849//783 848//783
f 848//596 849//596 850//596
f 848//784 850//784 851//784
f 850//598 852//598 851//598
f 851//599 852//599 853//599
f 851//600 853//600 854//600
f 853//601 855//601 854//601
f 854//785 855//785 856//785
f 854//786 856//786 857//786
f 856//787 858//787 857//787
f 857//788 858//788 859//788
f 857//789 859//789 860//789
f 859//790 861//790 860//790
f 860//791 861//791 862//791
f 860//792 862//792 830//792
f 830//793 862//793 863//793
f 830//794 863//794 828//794
f 182//795 181//795 861//795
f 861//796 859//796 182//796
f 182//797 859//797 858//797
f 182//798 858//798 183//798
f 183//799 858//799 856//799
f 183//617 856//617 184//617
f 856//800 855//800 184//800
f 184//619 855//619 853//619
f 184//620 853//620 185//620
f 853//621 852//621 185//621
f 185//622 852//622 850//622
f 185//623 850//623 176//623
f 850//624 849//624 176//624
f 176//801 849//801 847//801
f 176//802 847//802 177//802
f 177//753 847//753 846//753
f 177//803 846//803 178//803
f 846//804 844//804 178//804
f 178//805 844//805 843//805
f 178//806 843//806 179//806
f 843//807 841//807 179//807
f 179//808 841//808 840//808
f 179//809 840//809 180//809
f 180//810 840//810 838//810
f 180//636 838//636 186//636
f 838//811 837//811 186//811
f 186//638 837//638 835//638
f 186//639 835//639 187//639
f 835//640 834//640 187//640
f 187//641 834//641 832//641
f 187//642 832//642 189//642
f 832//643 831//643 189//643
f 189//812 831//812 828//812
f 189//813 828//813 191//813
f 191//814 828//814 863//814
f 191//815 863//815 181//815
f 181//816 863//816 862//816
f 181//817 862//817 861//817
f 864//818 865//818 866//818
f 864//819 867//819 865//819
f 865//651 867//651 868//651
f 865//652 868//652 869//652
f 868//653 870//653 869//653
f 869//654 870//654 871//654
f 869//655 871//655 872//655
f 871//656 873//656 872//656
f 872//657 873//657 874//657
f 872//658 874//658 875//658
f 874//659 876//659 875//659
f 875//660 876//660 877//660
f 875//661 877//661 878//661
f 877//662 879//662 878//662
f 878//820 879//820 880//820
f 878//821 880//821 881//821
f 880//822 882//822 881//822
f 881//823 882//823 883//823
f 881//824 883//824 884//824
f 883//825 885//825 884//825
f 884//669 885//669 886//669
f 884//826 886//826 887//826
f 886//671 888//671 887//671
f 887//672 888//672 889//672
f 887//673 889//673 890//673
f 889//674 891//674 890//674
f 890//675 891//675 892//675
f 890//676 892//676 893//676
f 892//677 894//677 893//677
f 893//678 894//678 895//678
f 893//679 895//679 896//679
f 895//680 897//680 896//680
f 896//827 897//827 898//827
f 896//828 898//828 866//828
f 866//829 898//829 899//829
f 866//830 899//830 864//830
f 161//831 160//831 897//831
f 897//686 895//686 161//686
f 161//687 895//687 894//687
f 161//832 894//832 162//832
f 162//833 894//833 892//833
f 162//834 892//834 163//834
f 892//835 891//835 163//835
f 163//836 891//836 889//836
f 163//837 889//837 165//837
f 889//694 888//694 165//694
f 165//695 888//695 886//695
f 165//838 886//838 166//838
f 886//839 885//839 166//839
f 166//840 885//840 883//840
f 166//841 883//841 167//841
f 167//842 883//842 882//842
f 167//843 882//843 168//843
f 882//844 880//844 168//844
f 168//845 880//845 879//845
f 168//846 879//846 169//846
f 879//704 877//704 169//704
f 169//705 877//705 876//705
f 169//847 876//847 170//847
f 170//848 876//848 874//848
f 170//849 874//849 171//849
f 874//850 873//850 171//850
f 171//851 873//851 871//851
f 171//852 871//852 172//852
f 871//712 870//712 172//712
f 172//713 870//713 868//713
f 172//853 868//853 173//853
f 868//854 867//854 173//854
f 173//855 867//855 864//855
f 173//813 864//813 174//813
f 174//856 864//856 899//856
f 174//857 899//857 160//857
f 160//858 899//858 898//858
f 160//859 898//859 897//859
f 48//860 900//860 50//860
f 50//861 900//861 901//861
f 50//862 901//862 51//862
f 51//863 901//863 902//863
f 51//864 902//864 52//864
f 52//865 902//865 903//865
f 52//866 903//866 53//866
f 53//867 903//867 904//867
f 53//868 904//868 55//868
f 55//869 904//869 905//869
f 55//870 905//870 56//870
f 56//871 905//871 906//871
f 56//872 906//872 57//872
f 57//873 906//873 907//873
f 57//874 907//874 59//874
f 59//875 907//875 908//875
f 59//876 908//876 60//876
f 60//877 908//877 909//877
f 60//878 909//878 61//878
f 61//879 909//879 910//879
f 61//880 910//880 37//880
f 37//881 910//881 911//881
f 37//882 911//882 38//882
f 38//883 911//883 912//883
f 38//884 912//884 40//884
f 40//885 912//885 913//885
f 40//886 913//886 41//886
f 41//887 913//887 914//887
f 41//888 914//888 32//888
f 32//889 914//889 915//889
f 32//890 915//890 33//890
f 33//891 915//891 916//891
f 33//892 916//892 35//892
f 35//893 916//893 917//893
f 35//894 917//894 36//894
f 36//895 917//895 918//895
f 36//896 918//896 42//896
f 42//897 918//897 919//897
f 42//898 919//898 43//898
f 43//899 919//899 920//899
f 43//900 920//900 45//900
f 45//901 920//901 921//901
f 45//902 921//902 46//902
f 46//903 921//903 922//903
f 46//904 922//904 47//904
f 47//905 922//905 923//905
f 47//906 923//906 48//906
f 48//907 923//907 900//907
f 483//908 913//908 912//908
f 910//909 487//909 911//909
f 911//910 487//910 486//910
f 911//911 486//911 912//911
f 912//912 486//912 484//912
f 912//913 484//913 483//913
f 902//914 497//914 903//914
f 903//915 497//915 496//915
f 903//916 496//916 904//916
f 904//917 496//917 489//917
f 904//918 489//918 905//918
f 905//919 489//919 488//919
f 905//920 488//920 906//920
f 906//921 488//921 495//921
f 906//922 495//922 907//922
f 907//923 495//923 494//923
f 907//924 494//924 908//924
f 908//925 494//925 493//925
f 908//926 493//926 909//926
f 909//927 493//927 492//927
f 909//928 492//928 910//928
f 910//929 492//929 491//929
f 910//930 491//930 487//930
f 901//931 467//931 902//931
f 902//932 467//932 498//932
f 902//933 498//933 497//933
f 922//934 469//934 923//934
f 923//935 469//935 468//935
f 923//936 468//936 900//936
f 900//937 468//937 463//937
f 900//938 463//938 901//938
f 901//939 463//939 465//939
f 901//940 465//940 467//940
f 483//941 482//941 913//941
f 913//942 482//942 480//942
f 913//943 480//943 914//943
f 914//944 480//944 479//944
f 914//945 479//945 915//945
f 915//946 479//946 478//946
f 915//947 478//947 916//947
f 916//948 478//948 477//948
f 916//949 477//949 917//949
f 917//950 477//950 475//950
f 917//951 475//951 918//951
f 918//952 475//952 474//952
f 918//953 474//953 919//953
f 919//954 474//954 473//954
f 919//955 473//955 920//955
f 920//956 473//956 472//956
f 920//957 472//957 921//957
f 921//958 472//958 471//958
f 921//959 471//959 922//959
f 922//960 471//960 470//960
f 922//961 470//961 469//961
f 96//962 924//962 97//962
f 97//963 924//963 925//963
f 97//964 925//964 98//964
f 98//965 925//965 926//965
f 98//966 926//966 99//966
f 99//967 926//967 927//967
f 99//968 927//968 100//968
f 100//969 927//969 928//969
f 100//970 928//970 101//970
f 101//971 928//971 929//971
f 101//972 929//972 65//972
f 65//973 929//973 930//973
f 65//974 930//974 62//974
f 62//975 930//975 931//975
f 62//976 931//976 63//976
f 63//977 931//977 932//977
f 63//978 932//978 79//978
f 79//979 932//979 933//979
f 79//980 933//980 80//980
f 80//981 933//981 934//981
f 80//982 934//982 81//982
f 81//983 934//983 935//983
f 81//984 935//984 82//984
f 82//985 935//985 936//985
f 82//986 936//986 83//986
f 83//987 936//987 937//987
f 83//988 937//988 85//988
f 85//989 937//989 938//989
f 85//990 938//990 86//990
f 86//991 938//991 939//991
f 86//992 939//992 87//992
f 87//993 939//993 940//993
f 87//994 940//994 88//994
f 88//995 940//995 941//995
f 88//996 941//996 89//996
f 89//997 941//997 942//997
f 89//998 942//998 90//998
f 90//999 942//999 943//999
f 90//1000 943//1000 91//1000
f 91//1001 943//1001 944//1001
f 91//1002 944//1002 93//1002
f 93//1003 944//1003 945//1003
f 93//1004 945//1004 94//1004
f 94//1005 945//1005 946//1005
f 94//1006 946//1006 95//1006
f 95//1007 946//1007 947//1007
f 95//1008 947//1008 96//1008
f 96//1009 947//1009 924//1009
f 934//1010 523//1010 935//1010
f 935//1011 523//1011 522//1011
f 935//1012 522//1012 936//1012
f 936//1013 522//1013 517//1013
f 936//1014 517//1014 937//1014
f 925//1015 531//1015 926//1015
f 926//1016 531//1016 530//1016
f 926//1017 530//1017 927//1017
f 927//1018 530//1018 520//1018
f 927//1019 520//1019 928//1019
f 928//1020 520//1020 519//1020
f 928//1021 519//1021 929//1021
f 929//1022 519//1022 527//1022
f 929//1023 527//1023 930//1023
f 930//1024 527//1024 526//1024
f 930//1025 526//1025 931//1025
f 931//1026 526//1026 525//1026
f 931//1027 525//1027 932//1027
f 932//1028 525//1028 529//1028
f 932//1029 529//1029 933//1029
f 933//1030 529//1030 528//1030
f 933//1031 528//1031 934//1031
f 934//1032 528//1032 524//1032
f 934//1033 524//1033 523//1033
f 946//1034 503//1034 947//1034
f 947//1035 503//1035 502//1035
f 947//1036 502//1036 924//1036
f 924//1037 502//1037 499//1037
f 924//1038 499//1038 925//1038
f 925//1039 499//1039 532//1039
f 925//1040 532//1040 531//1040
f 517//1041 516//1041 937//1041
f 937//1042 516//1042 515//1042
f 937//1043 515//1043 938//1043
f 938//1044 515//1044 513//1044
f 938//1045 513//1045 939//1045
f 939//1046 513//1046 512//1046
f 939//1047 512//1047 940//1047
f 940//1048 512//1048 511//1048
f 940//1049 511//1049 941//1049
f 941//1050 511//1050 509//1050
f 941//1051 509//1051 942//1051
f 942//1052 509//1052 508//1052
f 942//1053 508//1053 943//1053
f 943//1054 508//1054 507//1054
f 943//1055 507//1055 944//1055
f 944//1056 507//1056 506//1056
f 944//1057 506//1057 945//1057
f 945//1058 506//1058 505//1058
f 945//1059 505//1059 946//1059
f 946//1060 505//1060 504//1060
f 946//1061 504//1061 503//1061
f 119//1062 948//1062 121//1062
f 121//1063 948//1063 949//1063
f 121//1064 949//1064 122//1064
f 122//1065 949//1065 950//1065
f 122//1066 950//1066 123//1066
f 123//1067 950//1067 951//1067
f 123//1068 951//1068 124//1068
f 124//1069 951//1069 952//1069
f 124//1070 952//1070 125//1070
f 125//1071 952//1071 953//1071
f 125//1072 953//1072 126//1072
f 126//1073 953//1073 954//1073
f 126//1074 954//1074 130//1074
f 130//1075 954//1075 955//1075
f 130//1076 955//1076 131//1076
f 131//1077 955//1077 956//1077
f 131//1078 956//1078 132//1078
f 132//1079 956//1079 957//1079
f 132//1080 957//1080 133//1080
f 133//1081 957//1081 958//1081
f 133//1082 958//1082 134//1082
f 134//1083 958//1083 959//1083
f 134//1084 959//1084 136//1084
f 136//1085 959//1085 960//1085
f 136//1086 960//1086 137//1086
f 137//1087 960//1087 961//1087
f 137//1088 961//1088 138//1088
f 138//1089 961//1089 962//1089
f 138//1090 962//1090 135//1090
f 135//1091 962//1091 963//1091
f 135//1092 963//1092 127//1092
f 127//1093 963//1093 964//1093
f 127//1094 964//1094 128//1094
f 128//1095 964//1095 965//1095
f 128//1096 965//1096 139//1096
f 139//1097 965//1097 966//1097
f 139//1098 966//1098 140//1098
f 140//1099 966//1099 967//1099
f 140//1100 967//1100 141//1100
f 141//1101 967//1101 968//1101
f 141//1102 968//1102 116//1102
f 116//1103 968//1103 969//1103
f 116//1104 969//1104 117//1104
f 117//1105 969//1105 970//1105
f 117//1106 970//1106 118//1106
f 118//1107 970//1107 971//1107
f 118//1108 971//1108 119//1108
f 119//1109 971//1109 948//1109
f 961//1110 550//1110 962//1110
f 962//1111 550//1111 539//1111
f 962//1112 539//1112 963//1112
f 963//1113 539//1113 538//1113
f 963//1114 538//1114 964//1114
f 964//1115 538//1115 541//1115
f 964//1116 541//1116 965//1116
f 965//1117 541//1117 547//1117
f 965//1118 547//1118 966//1118
f 966//1119 547//1119 546//1119
f 966//1120 546//1120 967//1120
f 967//1121 546//1121 545//1121
f 967//1122 545//1122 968//1122
f 968//1123 545//1123 549//1123
f 968//1124 549//1124 969//1124
f 969//1125 549//1125 548//1125
f 969//1126 548//1126 970//1126
f 960//1127 553//1127 961//1127
f 961//1128 553//1128 551//1128
f 961//1129 551//1129 550//1129
f 958//1130 560//1130 959//1130
f 959//1131 560//1131 559//1131
f 959//1132 559//1132 960//1132
f 960//1133 559//1133 554//1133
f 960//1134 554//1134 553//1134
f 950//1135 567//1135 951//1135
f 951//1136 567//1136 566//1136
f 951//1137 566//1137 952//1137
f 952//1138 566//1138 557//1138
f 952//1139 557//1139 953//1139
f 953//1140 557//1140 556//1140
f 953//1141 556//1141 954//1141
f 954//1142 556//1142 562//1142
f 954//1143 562//1143 955//1143
f 955//1144 562//1144 565//1144
f 955//1145 565//1145 956//1145
f 956//1146 565//1146 564//1146
f 956//1147 564//1147 957//1147
f 957//1148 564//1148 563//1148
f 957//1149 563//1149 958//1149
f 958//1150 563//1150 561//1150
f 958//1151 561//1151 560//1151
f 949//1152 537//1152 950//1152
f 950//1153 537//1153 568//1153
f 950//1154 568//1154 567//1154
f 548//1155 544//1155 970//1155
f 970//1156 544//1156 543//1156
f 970//1157 543//1157 971//1157
f 971//1158 543//1158 542//1158
f 971//1159 542//1159 948//1159
f 948//1160 542//1160 533//1160
f 948//1161 533//1161 949//1161
f 949//1162 533//1162 535//1162
f 949//1163 535//1163 537//1163
f 18//1164 972//1164 19//1164
f 19//1165 972//1165 973//1165
f 19//1166 973//1166 21//1166
f 21//1167 973//1167 974//1167
f 21//1168 974//1168 22//1168
f 22//1169 974//1169 975//1169
f 22//1170 975//1170 23//1170
f 23//1171 975//1171 976//1171
f 23//1172 976//1172 28//1172
f 28//1173 976//1173 977//1173
f 28//1174 977//1174 27//1174
f 27//1175 977//1175 978//1175
f 27//1176 978//1176 25//1176
f 25//1177 978//1177 979//1177
f 25//1178 979//1178 29//1178
f 29//1179 979//1179 980//1179
f 29//1180 980//1180 30//1180
f 30//1181 980//1181 981//1181
f 30//1182 981//1182 31//1182
f 31//1183 981//1183 982//1183
f 31//1184 982//1184 6//1184
f 6//1185 982//1185 983//1185
f 6//1186 983//1186 7//1186
f 7//1187 983//1187 984//1187
f 7//1188 984//1188 9//1188
f 9//1189 984//1189 985//1189
f 9//1190 985//1190 10//1190
f 10//1191 985//1191 986//1191
f 10//1192 986//1192 1//1192
f 1//1193 986//1193 987//1193
f 1//1194 987//1194 2//1194
f 2//1195 987//1195 988//1195
f 2//1196 988//1196 4//1196
f 4//1197 988//1197 989//1197
f 4//1198 989//1198 5//1198
f 5//1199 989//1199 990//1199
f 5//1200 990//1200 11//1200
f 11//1201 990//1201 991//1201
f 11//1202 991//1202 12//1202
f 12//1203 991//1203 992//1203
f 12//1204 992//1204 14//1204
f 14//1205 992//1205 993//1205
f 14//1206 993//1206 15//1206
f 15//1207 993//1207 994//1207
f 15//1208 994//1208 16//1208
f 16//1209 994//1209 995//1209
f 16//1210 995//1210 18//1210
f 18//1211 995//1211 972//1211
f 985//1212 598//1212 986//1212
f 986//1213 598//1213 597//1213
f 986//1214 597//1214 987//1214
f 987//1215 597//1215 576//1215
f 987//1216 576//1216 988//1216
f 988//1217 576//1217 578//1217
f 988//1218 578//1218 989//1218
f 989//1219 578//1219 579//1219
f 989//1220 579//1220 990//1220
f 990//1221 579//1221 574//1221
f 990//1222 574//1222 991//1222
f 991//1223 574//1223 573//1223
f 991//1224 573//1224 992//1224
f 992//1225 573//1225 572//1225
f 992//1226 572//1226 993//1226
f 993//1227 572//1227 571//1227
f 993//1228 571//1228 994//1228
f 982//1229 586//1229 983//1229
f 983//1230 586//1230 602//1230
f 983//1231 602//1231 984//1231
f 984//1232 602//1232 601//1232
f 984//1233 601//1233 985//1233
f 985//1234 601//1234 600//1234
f 985//1235 600//1235 598//1235
f 973//1236 581//1236 974//1236
f 974//1237 581//1237 580//1237
f 974//1238 580//1238 975//1238
f 975//1239 580//1239 596//1239
f 975//1240 596//1240 976//1240
f 976//1241 596//1241 595//1241
f 976//1242 595//1242 977//1242
f 977//1243 595//1243 593//1243
f 977//1244 593//1244 978//1244
f 978//1245 593//1245 592//1245
f 978//1246 592//1246 979//1246
f 979//1247 592//1247 591//1247
f 979//1248 591//1248 980//1248
f 980//1249 591//1249 590//1249
f 980//1250 590//1250 981//1250
f 981//1251 590//1251 589//1251
f 981//1252 589//1252 982//1252
f 982//1253 589//1253 588//1253
f 982//1254 588//1254 586//1254
f 571//1255 570//1255 994//1255
f 994//1256 570//1256 444//1256
f 994//1257 444//1257 995//1257
f 995//1258 444//1258 443//1258
f 995//1259 443//1259 972//1259
f 972//1260 443//1260 584//1260
f 972//1261 584//1261 973//1261
f 973//1262 584//1262 583//1262
f 973//1263 583//1263 581//1263
f 996//1264 997//1264 998//1264
f 998//1265 997//1265 999//1265
f 998//1266 999//1266 1000//1266
f 1000//1266 999//1266 1001//1266
f 1000//1267 1001//1267 1002//1267
f 1002//1267 1001//1267 1003//1267
f 1002//96 1003//96 1004//96
f 1004//96 1003//96 1005//96
f 1004//1268 1005//1268 1006//1268
f 1006//1268 1005//1268 1007//1268
f 1006//1269 1007//1269 1008//1269
f 1008//1269 1007//1269 1009//1269
f 1008//1270 1009//1270 1010//1270
f 1010//1271 1009//1271 1011//1271
f 1012//1272 1013//1272 1014//1272
f 1014//1272 1013//1272 1015//1272
f 1014//1273 1015//1273 1016//1273
f 1016//1273 1015//1273 1017//1273
f 1016//1274 1017//1274 1018//1274
f 1018//1274 1017//1274 1019//1274
f 1018//1275 1019//1275 1020//1275
f 1020//1275 1019//1275 1021//1275
f 1020//1276 1021//1276 1022//1276
f 1022//1276 1021//1276 1023//1276
f 1022//1277 1023//1277 1024//1277
f 1024//1277 1023//1277 1025//1277
f 1024//1278 1025//1278 1026//1278
f 1026//1278 1025//1278 1027//1278
f 1026//1279 1027//1279 1028//1279
f 1028//1279 1027//1279 1029//1279
f 1028//1280 1029//1280 1030//1280
f 1030//1280 1029//1280 1031//1280
f 1030//1281 1031//1281 1032//1281
f 1032//1281 1031//1281 1033//1281
f 1032//1282 1033//1282 1034//1282
f 1034//1282 1033//1282 1035//1282
f 1034//1283 1035//1283 1036//1283
f 1036//1283 1035//1283 1037//1283
f 1036//1284 1037//1284 1038//1284
f 1038//1284 1037//1284 1039//1284
f 1038//1285 1039//1285 1040//1285
f 1040//1285 1039//1285 1041//1285
f 1040//1286 1041//1286 1042//1286
f 1042//1286 1041//1286 1043//1286
f 1042//1287 1043//1287 1044//1287
f 1044//1287 1043//1287 1045//1287
f 1044//1288 1045//1288 1046//1288
f 1046//1288 1045//1288 1047//1288
f 1046//1289 1047//1289 1048//1289
f 1048//1289 1047//1289 1049//1289
f 1048//1290 1049//1290 1050//1290
f 1050//1290 1049//1290 1051//1290
f 1050//1291 1051//1291 1052//1291
f 1052//1291 1051//1291 1053//1291
f 1052//1292 1053//1292 1054//1292
f 1054//1292 1053//1292 1055//1292
f 1054//1293 1055//1293 1056//1293
f 1056//1293 1055//1293 1057//1293
f 1056//1294 1057//1294 1058//1294
f 1058//1294 1057//1294 1059//1294
f 1058//1295 1059//1295 1060//1295
f 1060//1295 1059//1295 1061//1295
f 1060//1296 1061//1296 1062//1296
f 1062//1296 1061//1296 1063//1296
f 1062//1297 1063//1297 1064//1297
f 1064//1297 1063//1297 1065//1297
f 1066//1298 1067//1298 1068//1298
f 1068//1298 1067//1298 1069//1298
f 1068//1299 1069//1299 1070//1299
f 1070//1299 1069//1299 1071//1299
f 1070//1300 1071//1300 1072//1300
f 1072//1300 1071//1300 1073//1300
f 1072//1301 1073//1301 1074//1301
f 1074//1301 1073//1301 1075//1301
f 1074//1302 1075//1302 1076//1302
f 1076//1302 1075//1302 1077//1302
f 1076//1303 1077//1303 1078//1303
f 1078//1303 1077//1303 1079//1303
f 1078//1304 1079//1304 1012//1304
f 1012//1304 1079//1304 1013//1304
f 1080//1305 1081//1305 1082//1305
f 1080//1305 1082//1305 1083//1305
f 1083//1306 1082//1306 1084//1306
f 1083//1306 1084//1306 1085//1306
f 1085//1307 1084//1307 1086//1307
f 1085//1307 1086//1307 1087//1307
f 1087//1308 1086//1308 1088//1308
f 1087//1308 1088//1308 1089//1308
f 1089//1309 1088//1309 1090//1309
f 1089//1309 1090//1309 1091//1309
f 1091//1310 1090//1310 1092//1310
f 1091//1310 1092//1310 1093//1310
f 1093//1311 1092//1311 1094//1311
f 1093//1311 1094//1311 1095//1311
f 1095//1312 1094//1312 1096//1312
f 1095//1312 1096//1312 1097//1312
f 1097//1313 1096//1313 1098//1313
f 1097//1313 1098//1313 1099//1313
f 1099//1314 1098//1314 1100//1314
f 1099//1314 1100//1314 1101//1314
f 1101//1315 1100//1315 1102//1315
f 1101//1315 1102//1315 1103//1315
f 1103//1316 1102//1316 1104//1316
f 1103//1316 1104//1316 1105//1316
f 1105//1317 1104//1317 1106//1317
f 1105//1317 1106//1317 1107//1317
f 1107//1318 1106//1318 1108//1318
f 1107//1318 1108//1318 1109//1318
f 1109//1319 1108//1319 1110//1319
f 1109//1319 1110//1319 1111//1319
f 1111//1320 1110//1320 1112//1320
f 1111//1320 1112//1320 1113//1320
f 1113//1321 1112//1321 1114//1321
f 1113//1321 1114//1321 1115//1321
f 1115//1322 1114//1322 1116//1322
f 1115//1322 1116//1322 1117//1322
f 1117//1323 1116//1323 1118//1323
f 1117//1323 1118//1323 1119//1323
f 1119//1324 1118//1324 1120//1324
f 1119//1324 1120//1324 1121//1324
f 1121//1325 1120//1325 1122//1325
f 1121//1325 1122//1325 1123//1325
f 1123//1326 1122//1326 1124//1326
f 1123//1326 1124//1326 1125//1326
f 1125//1327 1124//1327 1067//1327
f 1125//1327 1067//1327 1066//1327
f 1076//1328 1078//1328 1012//1328
f 1121//1328 1018//1328 1020//1328
f 1002//1328 1004//1328 1000//1328
f 1000//1328 1004//1328 1126//1328
f 1000//1328 1126//1328 998//1328
f 1089//1328 1056//1328 1087//1328
f 1087//1328 1056//1328 1058//1328
f 1087//1328 1058//1328 1085//1328
f 1085//1328 1058//1328 1060//1328
f 1085//1328 1060//1328 1083//1328
f 1083//1328 1060//1328 1062//1328
f 1083//1328 1062//1328 1127//1328
f 1127//1328 1062//1328 1126//1328
f 1127//1328 1126//1328 1008//1328
f 1008//1328 1126//1328 1004//1328
f 1008//1328 1004//1328 1006//1328
f 1121//1328 1020//1328 1119//1328
f 1119//1328 1020//1328 1022//1328
f 1119//1328 1022//1328 1117//1328
f 1117//1328 1022//1328 1024//1328
f 1117//1328 1024//1328 1115//1328
f 1115//1328 1024//1328 1026//1328
f 1115//1328 1026//1328 1113//1328
f 1113//1328 1026//1328 1028//1328
f 1113//1328 1028//1328 1111//1328
f 1111//1328 1028//1328 1030//1328
f 1111//1328 1030//1328 1109//1328
f 1109//1328 1030//1328 1032//1328
f 1109//1328 1032//1328 1107//1328
f 1107//1328 1032//1328 1034//1328
f 1107//1328 1034//1328 1105//1328
f 1068//1328 1070//1328 1072//1328
f 1018//1328 1121//1328 1016//1328
f 1016//1328 1121//1328 1123//1328
f 1016//1328 1123//1328 1014//1328
f 1014//1328 1123//1328 1125//1328
f 1014//1328 1125//1328 1012//1328
f 1012//1328 1125//1328 1066//1328
f 1012//1328 1066//1328 1068//1328
f 1034//1328 1036//1328 1105//1328
f 1105//1328 1036//1328 1038//1328
f 1105//1328 1038//1328 1103//1328
f 1103//1328 1038//1328 1040//1328
f 1103//1328 1040//1328 1101//1328
f 1101//1328 1040//1328 1042//1328
f 1101//1328 1042//1328 1099//1328
f 1099//1328 1042//1328 1044//1328
f 1099//1328 1044//1328 1097//1328
f 1097//1328 1044//1328 1046//1328
f 1097//1328 1046//1328 1095//1328
f 1095//1328 1046//1328 1048//1328
f 1095//1328 1048//1328 1093//1328
f 1093//1328 1048//1328 1050//1328
f 1093//1328 1050//1328 1091//1328
f 1091//1328 1050//1328 1052//1328
f 1091//1328 1052//1328 1089//1328
f 1089//1328 1052//1328 1054//1328
f 1089//1328 1054//1328 1056//1328
f 1068//1328 1072//1328 1012//1328
f 1012//1328 1072//1328 1074//1328
f 1012//1328 1074//1328 1076//1328
f 1128//96 1129//96 1130//96
f 1130//96 1129//96 1131//96
f 1130//96 1131//96 1132//96
f 1133//96 1134//96 1135//96
f 1132//96 1131//96 1135//96
f 1135//96 1131//96 1136//96
f 1135//96 1136//96 1133//96
f 1130//1329 447//1329 1137//1329
f 1137//1329 447//1329 1138//1329
f 455//1330 454//1330 1133//1330
f 447//1331 1130//1331 449//1331
f 449//1332 1130//1332 1132//1332
f 449//1333 1132//1333 450//1333
f 450//1334 1132//1334 451//1334
f 451//1335 1132//1335 1135//1335
f 451//1336 1135//1336 453//1336
f 453//1337 1135//1337 457//1337
f 457//1338 1135//1338 1134//1338
f 457//1339 1134//1339 1139//1339
f 1133//1340 454//1340 1134//1340
f 1134//1341 454//1341 459//1341
f 1134//1342 459//1342 1139//1342
f 455//1343 1133//1343 460//1343
f 460//1344 1133//1344 1136//1344
f 460//1345 1136//1345 461//1345
f 461//1346 1136//1346 1131//1346
f 461//1347 1131//1347 462//1347
f 462//1278 1131//1278 1140//1278
f 1140//1278 1131//1278 1141//1278
f 1142//1348 1067//1348 1124//1348
f 1142//1349 1124//1349 1143//1349
f 1143//1350 1124//1350 1122//1350
f 1143//1351 1122//1351 1144//1351
f 1144//1352 1122//1352 1120//1352
f 1144//1353 1120//1353 1145//1353
f 1145//1354 1120//1354 1118//1354
f 1145//1355 1118//1355 1146//1355
f 1146//1356 1118//1356 1116//1356
f 1146//1357 1116//1357 1147//1357
f 1147//1358 1116//1358 1114//1358
f 1147//1359 1114//1359 1148//1359
f 1148//1360 1114//1360 1112//1360
f 1148//1361 1112//1361 1149//1361
f 1149//1362 1112//1362 1110//1362
f 1149//1363 1110//1363 1150//1363
f 1150//1364 1110//1364 1108//1364
f 1150//1365 1108//1365 1151//1365
f 1151//1366 1108//1366 255//1366
f 255//1367 1108//1367 1106//1367
f 255//1368 1106//1368 1152//1368
f 1152//1369 1106//1369 254//1369
f 254//1370 1106//1370 1104//1370
f 254//1371 1104//1371 1153//1371
f 1153//1372 1104//1372 1102//1372
f 1153//1373 1102//1373 1154//1373
f 1154//1374 1102//1374 1100//1374
f 1154//1375 1100//1375 1155//1375
f 1155//1376 1100//1376 1098//1376
f 1155//1377 1098//1377 1156//1377
f 1156//1378 1098//1378 1096//1378
f 1156//1379 1096//1379 1157//1379
f 1157//1380 1096//1380 1094//1380
f 1157//1381 1094//1381 1158//1381
f 1158//1382 1094//1382 1092//1382
f 1158//1383 1092//1383 1159//1383
f 1159//1384 1092//1384 1090//1384
f 1159//1385 1090//1385 1160//1385
f 1160//1386 1090//1386 1088//1386
f 1160//1387 1088//1387 1161//1387
f 1161//1388 1088//1388 1086//1388
f 1161//1389 1086//1389 1162//1389
f 1162//1390 1086//1390 1084//1390
f 1162//1391 1084//1391 1163//1391
f 1163//1392 1084//1392 1082//1392
f 1163//1393 1082//1393 1164//1393
f 1164//1394 1082//1394 1165//1394
f 1164//1395 1165//1395 1166//1395
f 1067//1396 1167//1396 1069//1396
f 1069//1397 1167//1397 1168//1397
f 1069//1398 1168//1398 1071//1398
f 1071//1399 1168//1399 1169//1399
f 1071//1400 1169//1400 1073//1400
f 1073//1401 1169//1401 1170//1401
f 1073//1402 1170//1402 1075//1402
f 1075//1403 1170//1403 1171//1403
f 1075//1404 1171//1404 1077//1404
f 1077//1405 1171//1405 1172//1405
f 1077//1406 1172//1406 1079//1406
f 1079//1407 1172//1407 1173//1407
f 1079//1408 1173//1408 1013//1408
f 1013//1409 1173//1409 1174//1409
f 1175//1410 1176//1410 999//1410
f 999//1411 1176//1411 1177//1411
f 999//1412 1177//1412 1001//1412
f 1001//1413 1177//1413 1178//1413
f 1001//1414 1178//1414 1003//1414
f 1003//1415 1178//1415 1179//1415
f 1003//1416 1179//1416 1005//1416
f 1005//1417 1179//1417 1180//1417
f 1005//1418 1180//1418 1007//1418
f 1007//1419 1180//1419 1181//1419
f 1007//1420 1181//1420 1009//1420
f 1009//1421 1181//1421 1182//1421
f 1009//1422 1182//1422 1183//1422
f 1183//1423 1182//1423 1184//1423
f 1185//1424 1186//1424 1187//1424
f 1187//1425 1186//1425 1063//1425
f 1187//1426 1063//1426 1188//1426
f 1188//1427 1063//1427 1061//1427
f 1188//1428 1061//1428 1189//1428
f 1189//1429 1061//1429 1059//1429
f 1189//1430 1059//1430 1190//1430
f 1190//1431 1059//1431 1057//1431
f 1190//1432 1057//1432 1191//1432
f 1191//1433 1057//1433 1055//1433
f 1191//1434 1055//1434 1192//1434
f 1192//1435 1055//1435 1053//1435
f 1192//1436 1053//1436 1193//1436
f 1193//1437 1053//1437 1051//1437
f 1193//1438 1051//1438 1194//1438
f 1194//1439 1051//1439 1049//1439
f 1194//1440 1049//1440 1195//1440
f 1195//1441 1049//1441 1047//1441
f 1195//1442 1047//1442 1196//1442
f 1196//1443 1047//1443 1045//1443
f 1196//1444 1045//1444 263//1444
f 263//1445 1045//1445 1043//1445
f 1013//1446 1197//1446 1015//1446
f 1015//1447 1197//1447 1198//1447
f 1015//1448 1198//1448 1017//1448
f 1017//1449 1198//1449 1199//1449
f 1017//1450 1199//1450 1019//1450
f 1019//1451 1199//1451 1200//1451
f 1019//1452 1200//1452 1021//1452
f 1021//1453 1200//1453 1201//1453
f 1021//1454 1201//1454 1023//1454
f 1023//1455 1201//1455 1202//1455
f 1023//1456 1202//1456 1025//1456
f 1025//1457 1202//1457 1203//1457
f 1025//1458 1203//1458 1027//1458
f 1027//1458 1203//1458 1204//1458
f 1027//1459 1204//1459 1029//1459
f 1029//1460 1204//1460 1205//1460
f 1029//1461 1205//1461 1031//1461
f 1031//1462 1205//1462 1206//1462
f 1031//1463 1206//1463 1033//1463
f 1033//1464 1206//1464 1207//1464
f 1033//1465 1207//1465 1035//1465
f 1035//1466 1207//1466 1208//1466
f 1035//1467 1208//1467 1037//1467
f 1037//1468 1208//1468 1209//1468
f 1037//1469 1209//1469 1039//1469
f 1039//1470 1209//1470 1210//1470
f 1039//1471 1210//1471 1041//1471
f 1041//1472 1210//1472 1211//1472
f 1041//1473 1211//1473 1043//1473
f 1043//1474 1211//1474 1212//1474
f 1043//1475 1212//1475 263//1475
f 1213//1476 159//1476 1214//1476
f 1214//1476 159//1476 188//1476
f 24//1477 26//1477 190//1477
f 190//1477 26//1477 1215//1477
f 190//1478 1215//1478 188//1478
f 188//1478 1215//1478 1214//1478
f 159//1479 1213//1479 157//1479
f 157//1479 1213//1479 1216//1479
f 157//1480 1216//1480 58//1480
f 58//1480 1216//1480 54//1480
f 54//1481 654//1481 49//1481
f 49//1482 654//1482 655//1482
f 49//1483 655//1483 44//1483
f 44//1484 655//1484 656//1484
f 44//1485 656//1485 77//1485
f 77//1486 656//1486 657//1486
f 77//1487 657//1487 75//1487
f 75//1488 657//1488 658//1488
f 75//1489 658//1489 73//1489
f 73//1490 658//1490 672//1490
f 73//1491 672//1491 71//1491
f 71//1492 672//1492 673//1492
f 71//1493 673//1493 69//1493
f 69//1494 673//1494 674//1494
f 69//1495 674//1495 67//1495
f 67//1496 674//1496 675//1496
f 67//1497 675//1497 66//1497
f 66//1498 675//1498 666//1498
f 66//1499 666//1499 92//1499
f 92//1500 666//1500 667//1500
f 92//1501 667//1501 103//1501
f 103//1502 667//1502 668//1502
f 103//1503 668//1503 105//1503
f 105//1504 668//1504 669//1504
f 105//1505 669//1505 107//1505
f 107//1506 669//1506 670//1506
f 107//1507 670//1507 109//1507
f 109//1507 670//1507 671//1507
f 109//1508 671//1508 111//1508
f 111//1509 671//1509 680//1509
f 111//1510 680//1510 113//1510
f 113//1511 680//1511 681//1511
f 113//1512 681//1512 115//1512
f 115//1513 681//1513 682//1513
f 115//1514 682//1514 129//1514
f 129//1515 682//1515 683//1515
f 129//1516 683//1516 143//1516
f 143//1517 683//1517 676//1517
f 143//1518 676//1518 145//1518
f 145//1519 676//1519 677//1519
f 145//1520 677//1520 147//1520
f 147//1521 677//1521 678//1521
f 147//1522 678//1522 149//1522
f 149//1523 678//1523 679//1523
f 149//1524 679//1524 151//1524
f 151//1525 679//1525 660//1525
f 151//1526 660//1526 153//1526
f 153//1527 660//1527 661//1527
f 153//1528 661//1528 3//1528
f 3//1529 661//1529 662//1529
f 3//1530 662//1530 8//1530
f 8//1531 662//1531 663//1531
f 8//1532 663//1532 26//1532
f 26//1533 663//1533 664//1533
f 1213//1534 652//1534 1216//1534
f 1216//1535 652//1535 653//1535
f 1216//1536 653//1536 54//1536
f 54//1537 653//1537 654//1537
f 26//1538 664//1538 1215//1538
f 1215//1539 664//1539 665//1539
f 1215//1540 665//1540 1214//1540
f 1214//1541 665//1541 659//1541
f 1214//1542 659//1542 1213//1542
f 1213//1542 659//1542 652//1542
f 1217//1543 1218//1543 1219//1543
f 1219//1543 1218//1543 1220//1543
f 1221//1329 1222//1329 1223//1329
f 1223//1329 1222//1329 1224//1329
f 1223//1329 1224//1329 1225//1329
f 1226//1544 1227//1544 1228//1544
f 1228//1544 1227//1544 1229//1544
f 1228//1545 1229//1545 1230//1545
f 1230//1545 1229//1545 1231//1545
f 1232//1546 1233//1546 1234//1546
f 1234//1546 1233//1546 1235//1546
f 1234//1547 1235//1547 1236//1547
f 1236//1547 1235//1547 1237//1547
f 1226//137 1228//137 1230//137
f 1234//137 1230//137 1232//137
f 1232//137 1230//137 1238//137
f 1232//137 1238//137 1239//137
f 1239//137 1238//137 1224//137
f 1239//137 1224//137 1218//137
f 1218//137 1224//137 1222//137
f 1240//137 1241//137 1218//137
f 1218//137 1241//137 1242//137
f 1218//137 1242//137 1220//137
f 1220//137 1242//137 1243//137
f 1222//137 1244//137 1218//137
f 1218//137 1244//137 1245//137
f 1218//137 1245//137 1240//137
f 1246//137 1247//137 1248//137
f 1248//137 1247//137 1249//137
f 1243//137 1250//137 1220//137
f 1220//137 1250//137 1251//137
f 1220//137 1251//137 1252//137
f 1253//137 1254//137 1255//137
f 1255//137 1254//137 1256//137
f 1255//137 1256//137 1236//137
f 1249//137 1226//137 1248//137
f 1248//137 1226//137 1230//137
f 1248//137 1230//137 1256//137
f 1256//137 1230//137 1234//137
f 1256//137 1234//137 1236//137
f 1257//1329 1258//1329 1259//1329
f 1259//1329 1258//1329 1260//1329
f 1261//1548 1262//1548 1263//1548
f 1263//1548 1262//1548 1264//1548
f 1265//1549 1266//1549 1267//1549
f 1267//1549 1266//1549 1268//1549
f 1267//1550 1268//1550 1269//1550
f 1269//1550 1268//1550 1270//1550
f 1271//1551 1272//1551 1273//1551
f 1273//1551 1272//1551 1274//1551
f 1273//1552 1274//1552 1275//1552
f 1275//1552 1274//1552 1276//1552
f 1277//137 1258//137 1278//137
f 1277//137 1278//137 1269//137
f 1269//137 1278//137 1271//137
f 1269//137 1271//137 1267//137
f 1261//137 1279//137 1280//137
f 1281//137 1282//137 1283//137
f 1283//137 1282//137 1284//137
f 1284//137 1265//137 1283//137
f 1283//137 1265//137 1267//137
f 1283//137 1267//137 1285//137
f 1258//137 1277//137 1260//137
f 1260//137 1277//137 1261//137
f 1260//137 1261//137 1286//137
f 1286//137 1261//137 1280//137
f 1286//137 1280//137 1287//137
f 1263//137 1288//137 1289//137
f 1290//137 1291//137 1292//137
f 1292//137 1291//137 1285//137
f 1292//137 1285//137 1275//137
f 1279//137 1261//137 1293//137
f 1293//137 1261//137 1263//137
f 1293//137 1263//137 1294//137
f 1294//137 1263//137 1289//137
f 1294//137 1289//137 1295//137
f 1267//137 1271//137 1285//137
f 1285//137 1271//137 1273//137
f 1285//137 1273//137 1275//137
f 1296//1553 1297//1553 1298//1553
f 1298//1553 1297//1553 1299//1553
f 1300//1554 1301//1554 1302//1554
f 1302//1554 1301//1554 1303//1554
f 1304//1555 1305//1555 1306//1555
f 1306//1555 1305//1555 1307//1555
f 1306//1556 1307//1556 1308//1556
f 1308//1556 1307//1556 1309//1556
f 1310//1557 1311//1557 1312//1557
f 1312//1557 1311//1557 1313//1557
f 1312//1558 1313//1558 1314//1558
f 1314//1558 1313//1558 1315//1558
f 1316//137 1299//137 1300//137
f 1300//137 1299//137 1317//137
f 1318//137 1300//137 1319//137
f 1319//137 1300//137 1302//137
f 1319//137 1302//137 1320//137
f 1299//137 1297//137 1317//137
f 1317//137 1297//137 1321//137
f 1317//137 1321//137 1308//137
f 1308//137 1321//137 1310//137
f 1308//137 1310//137 1306//137
f 1318//137 1322//137 1300//137
f 1300//137 1322//137 1323//137
f 1300//137 1323//137 1316//137
f 1324//137 1325//137 1326//137
f 1326//137 1325//137 1327//137
f 1326//137 1327//137 1314//137
f 1314//137 1327//137 1312//137
f 1328//137 1329//137 1330//137
f 1330//137 1329//137 1331//137
f 1331//137 1304//137 1330//137
f 1330//137 1304//137 1306//137
f 1330//137 1306//137 1327//137
f 1327//137 1306//137 1310//137
f 1327//137 1310//137 1312//137
f 1332//137 1333//137 1302//137
f 1302//137 1333//137 1334//137
f 1302//137 1334//137 1320//137
f 1335//137 1336//137 1337//137
f 1337//137 1336//137 1338//137
f 1337//137 1338//137 1339//137
f 1340//137 1341//137 1337//137
f 1337//137 1341//137 1342//137
f 1337//137 1342//137 1335//137
f 1343//137 1344//137 1337//137
f 1337//137 1344//137 1345//137
f 1337//137 1345//137 1340//137
f 1339//137 1346//137 1337//137
f 1337//137 1346//137 1347//137
f 1337//137 1347//137 1343//137
f 1348//137 1349//137 1350//137
f 1350//137 1349//137 1351//137
f 1350//137 1351//137 1352//137
f 1353//137 1354//137 1350//137
f 1350//137 1354//137 1355//137
f 1350//137 1355//137 1348//137
f 1356//137 1357//137 1350//137
f 1350//137 1357//137 1358//137
f 1350//137 1358//137 1353//137
f 1352//137 1359//137 1350//137
f 1350//137 1359//137 1360//137
f 1350//137 1360//137 1356//137
f 1361//137 1362//137 1363//137
f 1363//137 1362//137 1364//137
f 1363//137 1364//137 1365//137
f 1366//137 1367//137 1363//137
f 1363//137 1367//137 1368//137
f 1363//137 1368//137 1361//137
f 1369//137 1370//137 1363//137
f 1363//137 1370//137 1371//137
f 1363//137 1371//137 1366//137
f 1365//137 1372//137 1363//137
f 1363//137 1372//137 1373//137
f 1363//137 1373//137 1369//137
f 1374//1559 1375//1559 1376//1559
f 1377//1560 1375//1560 1374//1560
f 1374//1561 1378//1561 1379//1561
f 1380//1562 1378//1562 1374//1562
f 1376//1563 1380//1563 1374//1563
f 1374//1564 1381//1564 1382//1564
f 1383//1565 1381//1565 1374//1565
f 1379//1566 1383//1566 1374//1566
f 1374//1567 1384//1567 1385//1567
f 1386//1568 1384//1568 1374//1568
f 1382//1569 1386//1569 1374//1569
f 1385//1570 1377//1570 1374//1570
f 1387//1571 1388//1571 1389//1571
f 1390//1572 1388//1572 1387//1572
f 1387//1573 1391//1573 1392//1573
f 1393//1574 1391//1574 1387//1574
f 1389//1575 1393//1575 1387//1575
f 1387//1576 1394//1576 1395//1576
f 1396//1577 1394//1577 1387//1577
f 1392//1578 1396//1578 1387//1578
f 1387//1579 1397//1579 1398//1579
f 1399//1580 1397//1580 1387//1580
f 1395//1581 1399//1581 1387//1581
f 1398//1582 1390//1582 1387//1582
f 1400//1559 1401//1559 1402//1559
f 1403//1560 1401//1560 1400//1560
f 1400//1561 1404//1561 1405//1561
f 1406//1562 1404//1562 1400//1562
f 1402//1563 1406//1563 1400//1563
f 1400//1564 1407//1564 1408//1564
f 1409//1565 1407//1565 1400//1565
f 1405//1566 1409//1566 1400//1566
f 1400//1567 1410//1567 1411//1567
f 1412//1568 1410//1568 1400//1568
f 1408//1569 1412//1569 1400//1569
f 1411//1570 1403//1570 1400//1570
f 1413//1583 1414//1583 1415//1583
f 1416//1584 1414//1584 1413//1584
f 1413//1585 1417//1585 1418//1585
f 1419//1586 1417//1586 1413//1586
f 1415//1587 1419//1587 1413//1587
f 1413//1588 1420//1588 1421//1588
f 1422//1589 1420//1589 1413//1589
f 1418//1590 1422//1590 1413//1590
f 1413//1591 1423//1591 1424//1591
f 1425//1592 1423//1592 1413//1592
f 1421//1593 1425//1593 1413//1593
f 1424//1594 1416//1594 1413//1594
f 1426//1595 1427//1595 1428//1595
f 1429//1596 1427//1596 1426//1596
f 1426//1597 1430//1597 1431//1597
f 1432//1598 1430//1598 1426//1598
f 1428//1599 1432//1599 1426//1599
f 1426//1600 1433//1600 1434//1600
f 1435//1601 1433//1601 1426//1601
f 1431//1602 1435//1602 1426//1602
f 1426//1603 1436//1603 1437//1603
f 1438//1604 1436//1604 1426//1604
f 1434//1605 1438//1605 1426//1605
f 1437//1606 1429//1606 1426//1606
f 1439//1583 1440//1583 1441//1583
f 1442//1584 1440//1584 1439//1584
f 1439//1585 1443//1585 1444//1585
f 1445//1586 1443//1586 1439//1586
f 1441//1587 1445//1587 1439//1587
f 1439//1588 1446//1588 1447//1588
f 1448//1589 1446//1589 1439//1589
f 1444//1590 1448//1590 1439//1590
f 1439//1591 1449//1591 1450//1591
f 1451//1592 1449//1592 1439//1592
f 1447//1593 1451//1593 1439//1593
f 1450//1594 1442//1594 1439//1594
f 1218//1607 1217//1607 1452//1607
f 1218//1607 1452//1607 1239//1607
f 1239//1608 1452//1608 1233//1608
f 1239//1608 1233//1608 1232//1608
f 1243//1609 1453//1609 1250//1609
f 1250//1609 1453//1609 1454//1609
f 1250//1610 1454//1610 1251//1610
f 1251//1610 1454//1610 1455//1610
f 1251//1611 1455//1611 1252//1611
f 1252//1611 1455//1611 1456//1611
f 1252//1612 1456//1612 1220//1612
f 1220//1612 1456//1612 1219//1612
f 1242//1613 1241//1613 1457//1613
f 1457//1613 1458//1613 1242//1613
f 1242//1614 1458//1614 1459//1614
f 1242//1615 1459//1615 1243//1615
f 1243//1616 1459//1616 1460//1616
f 1243//1617 1460//1617 1453//1617
f 1222//1618 1221//1618 1244//1618
f 1244//1618 1221//1618 1461//1618
f 1244//1619 1461//1619 1245//1619
f 1245//1619 1461//1619 1462//1619
f 1245//1620 1462//1620 1240//1620
f 1240//1620 1462//1620 1463//1620
f 1240//1621 1463//1621 1241//1621
f 1241//1621 1463//1621 1457//1621
f 1230//1622 1231//1622 1464//1622
f 1230//1622 1464//1622 1238//1622
f 1238//1623 1464//1623 1225//1623
f 1238//1623 1225//1623 1224//1623
f 1227//1329 1226//1329 1465//1329
f 1465//1329 1226//1329 1249//1329
f 1465//1329 1249//1329 1466//1329
f 1248//1624 1467//1624 1246//1624
f 1246//1624 1467//1624 1468//1624
f 1246//1625 1468//1625 1247//1625
f 1247//1625 1468//1625 1469//1625
f 1247//1626 1469//1626 1249//1626
f 1249//1626 1469//1626 1466//1626
f 1470//1627 1467//1627 1256//1627
f 1256//1627 1467//1627 1248//1627
f 1255//1628 1471//1628 1253//1628
f 1253//1628 1471//1628 1472//1628
f 1253//1629 1472//1629 1254//1629
f 1254//1629 1472//1629 1473//1629
f 1254//1630 1473//1630 1256//1630
f 1256//1630 1473//1630 1470//1630
f 1236//1631 1237//1631 1255//1631
f 1255//1631 1237//1631 1471//1631
f 1258//1632 1257//1632 1474//1632
f 1258//1632 1474//1632 1278//1632
f 1278//1633 1474//1633 1272//1633
f 1278//1633 1272//1633 1271//1633
f 1279//1634 1475//1634 1280//1634
f 1280//1634 1475//1634 1476//1634
f 1280//1635 1476//1635 1287//1635
f 1287//1635 1476//1635 1477//1635
f 1287//1636 1477//1636 1286//1636
f 1286//1636 1477//1636 1478//1636
f 1286//1637 1478//1637 1260//1637
f 1260//1637 1478//1637 1259//1637
f 1294//1638 1479//1638 1293//1638
f 1293//1638 1479//1638 1480//1638
f 1293//1639 1480//1639 1279//1639
f 1279//1639 1480//1639 1475//1639
f 1263//1640 1264//1640 1288//1640
f 1288//1640 1264//1640 1481//1640
f 1288//1641 1481//1641 1289//1641
f 1289//1641 1481//1641 1482//1641
f 1289//1642 1482//1642 1295//1642
f 1295//1642 1482//1642 1483//1642
f 1295//1643 1483//1643 1294//1643
f 1294//1643 1483//1643 1479//1643
f 1269//1644 1270//1644 1484//1644
f 1269//1644 1484//1644 1277//1644
f 1277//1645 1484//1645 1262//1645
f 1277//1645 1262//1645 1261//1645
f 1284//1646 1485//1646 1265//1646
f 1265//1646 1485//1646 1266//1646
f 1283//1647 1486//1647 1281//1647
f 1281//1647 1486//1647 1487//1647
f 1281//1648 1487//1648 1282//1648
f 1282//1648 1487//1648 1488//1648
f 1282//1649 1488//1649 1284//1649
f 1284//1649 1488//1649 1485//1649
f 1489//1650 1486//1650 1285//1650
f 1285//1650 1486//1650 1283//1650
f 1292//1651 1490//1651 1290//1651
f 1290//1651 1490//1651 1491//1651
f 1290//1652 1491//1652 1291//1652
f 1291//1652 1491//1652 1492//1652
f 1291//1653 1492//1653 1285//1653
f 1285//1653 1492//1653 1489//1653
f 1490//1329 1292//1329 1493//1329
f 1493//1329 1292//1329 1275//1329
f 1493//1329 1275//1329 1276//1329
f 1297//1654 1296//1654 1494//1654
f 1297//1654 1494//1654 1321//1654
f 1321//1655 1494//1655 1311//1655
f 1321//1655 1311//1655 1310//1655
f 1318//1656 1495//1656 1322//1656
f 1322//1656 1495//1656 1496//1656
f 1322//1657 1496//1657 1323//1657
f 1323//1657 1496//1657 1497//1657
f 1323//1658 1497//1658 1316//1658
f 1316//1658 1497//1658 1498//1658
f 1316//1659 1498//1659 1299//1659
f 1299//1659 1498//1659 1298//1659
f 1320//1660 1499//1660 1500//1660
f 1500//1661 1499//1661 1501//1661
f 1500//1662 1501//1662 1318//1662
f 1318//1663 1501//1663 1495//1663
f 1302//1664 1303//1664 1332//1664
f 1332//1664 1303//1664 1502//1664
f 1332//1665 1502//1665 1333//1665
f 1333//1665 1502//1665 1503//1665
f 1333//1666 1503//1666 1334//1666
f 1334//1666 1503//1666 1504//1666
f 1334//1667 1504//1667 1320//1667
f 1320//1667 1504//1667 1499//1667
f 1308//1668 1309//1668 1505//1668
f 1308//1668 1505//1668 1317//1668
f 1317//1669 1505//1669 1301//1669
f 1317//1669 1301//1669 1300//1669
f 1331//1670 1506//1670 1304//1670
f 1304//1670 1506//1670 1305//1670
f 1330//1671 1507//1671 1328//1671
f 1328//1671 1507//1671 1508//1671
f 1328//1672 1508//1672 1329//1672
f 1329//1672 1508//1672 1509//1672
f 1329//1673 1509//1673 1331//1673
f 1331//1673 1509//1673 1506//1673
f 1510//1278 1507//1278 1327//1278
f 1327//1278 1507//1278 1330//1278
f 1326//1674 1511//1674 1324//1674
f 1324//1674 1511//1674 1512//1674
f 1324//1675 1512//1675 1325//1675
f 1325//1675 1512//1675 1513//1675
f 1325//1676 1513//1676 1327//1676
f 1327//1676 1513//1676 1510//1676
f 1314//1677 1315//1677 1326//1677
f 1326//1677 1315//1677 1511//1677
f 1338//1678 1514//1678 1339//1678
f 1339//1679 1514//1679 1515//1679
f 1339//1680 1515//1680 1346//1680
f 1346//1680 1515//1680 1516//1680
f 1346//1681 1516//1681 1347//1681
f 1347//1681 1516//1681 1517//1681
f 1347//1682 1517//1682 1343//1682
f 1343//1682 1517//1682 1518//1682
f 1343//1683 1518//1683 1344//1683
f 1344//1683 1518//1683 1519//1683
f 1344//1684 1519//1684 1345//1684
f 1345//1685 1519//1685 1520//1685
f 1345//1686 1520//1686 1340//1686
f 1340//1687 1520//1687 1521//1687
f 1340//1688 1521//1688 1341//1688
f 1341//1688 1521//1688 1522//1688
f 1341//1689 1522//1689 1342//1689
f 1342//1689 1522//1689 1523//1689
f 1342//1690 1523//1690 1335//1690
f 1335//1690 1523//1690 1524//1690
f 1335//1691 1524//1691 1336//1691
f 1336//1691 1524//1691 1525//1691
f 1336//1692 1525//1692 1338//1692
f 1338//1693 1525//1693 1514//1693
f 1351//1679 1526//1679 1352//1679
f 1352//1679 1526//1679 1527//1679
f 1352//1694 1527//1694 1359//1694
f 1359//1694 1527//1694 1528//1694
f 1359//1695 1528//1695 1360//1695
f 1360//1695 1528//1695 1529//1695
f 1360//1696 1529//1696 1356//1696
f 1356//1696 1529//1696 1530//1696
f 1356//1683 1530//1683 1357//1683
f 1357//1683 1530//1683 1531//1683
f 1357//1684 1531//1684 1358//1684
f 1358//1684 1531//1684 1532//1684
f 1358//1697 1532//1697 1353//1697
f 1353//1697 1532//1697 1533//1697
f 1353//1688 1533//1688 1354//1688
f 1354//1688 1533//1688 1534//1688
f 1354//1698 1534//1698 1355//1698
f 1355//1698 1534//1698 1535//1698
f 1355//462 1535//462 1348//462
f 1348//462 1535//462 1536//462
f 1348//1699 1536//1699 1349//1699
f 1349//1699 1536//1699 1537//1699
f 1349//1700 1537//1700 1351//1700
f 1351//1700 1537//1700 1526//1700
f 1364//1701 1538//1701 1365//1701
f 1365//1701 1538//1701 1539//1701
f 1365//1694 1539//1694 1372//1694
f 1372//1694 1539//1694 1540//1694
f 1372//1695 1540//1695 1373//1695
f 1373//1695 1540//1695 1541//1695
f 1373//1696 1541//1696 1369//1696
f 1369//1696 1541//1696 1542//1696
f 1369//1683 1542//1683 1370//1683
f 1370//1683 1542//1683 1543//1683
f 1370//1702 1543//1702 1371//1702
f 1371//1702 1543//1702 1544//1702
f 1371//1687 1544//1687 1366//1687
f 1366//1687 1544//1687 1545//1687
f 1366//1688 1545//1688 1367//1688
f 1367//1688 1545//1688 1546//1688
f 1367//1698 1546//1698 1368//1698
f 1368//1698 1546//1698 1547//1698
f 1368//462 1547//462 1361//462
f 1361//462 1547//462 1548//462
f 1361//1699 1548//1699 1362//1699
f 1362//1699 1548//1699 1549//1699
f 1362//1692 1549//1692 1364//1692
f 1364//1692 1549//1692 1538//1692
f 1377//1703 1550//1703 1375//1703
f 1375//1703 1550//1703 1551//1703
f 1375//1694 1551//1694 1376//1694
f 1376//1694 1551//1694 1552//1694
f 1376//1704 1552//1704 1380//1704
f 1380//1704 1552//1704 1553//1704
f 1380//1705 1553//1705 1378//1705
f 1378//1705 1553//1705 1554//1705
f 1378//1706 1554//1706 1379//1706
f 1379//1706 1554//1706 1555//1706
f 1379//1707 1555//1707 1383//1707
f 1383//1707 1555//1707 1556//1707
f 1383//1708 1556//1708 1381//1708
f 1381//1708 1556//1708 1557//1708
f 1381//1709 1557//1709 1382//1709
f 1382//1709 1557//1709 1558//1709
f 1382//1710 1558//1710 1386//1710
f 1386//1710 1558//1710 1559//1710
f 1386//1711 1559//1711 1384//1711
f 1384//1711 1559//1711 1560//1711
f 1384//1699 1560//1699 1385//1699
f 1385//1699 1560//1699 1561//1699
f 1385//1712 1561//1712 1377//1712
f 1377//1712 1561//1712 1550//1712
f 1562//1699 1563//1699 1398//1699
f 1398//1713 1563//1713 1564//1713
f 1398//1714 1564//1714 1390//1714
f 1390//1715 1564//1715 1565//1715
f 1390//1716 1565//1716 1388//1716
f 1388//1716 1565//1716 1566//1716
f 1388//1694 1566//1694 1389//1694
f 1389//1694 1566//1694 1567//1694
f 1389//1717 1567//1717 1568//1717
f 1568//1718 1567//1718 1569//1718
f 1568//1719 1569//1719 1391//1719
f 1391//1720 1569//1720 1570//1720
f 1391//1706 1570//1706 1392//1706
f 1392//1706 1570//1706 1571//1706
f 1392//1721 1571//1721 1396//1721
f 1396//1721 1571//1721 1572//1721
f 1396//1722 1572//1722 1394//1722
f 1394//1722 1572//1722 1573//1722
f 1394//1709 1573//1709 1395//1709
f 1395//1709 1573//1709 1574//1709
f 1395//1723 1574//1723 1575//1723
f 1575//1724 1574//1724 1576//1724
f 1575//1725 1576//1725 1397//1725
f 1397//1726 1576//1726 1562//1726
f 1397//1699 1562//1699 1398//1699
f 1403//1703 1577//1703 1401//1703
f 1401//1703 1577//1703 1578//1703
f 1401//1694 1578//1694 1402//1694
f 1402//1694 1578//1694 1579//1694
f 1402//1704 1579//1704 1406//1704
f 1406//1704 1579//1704 1580//1704
f 1406//1705 1580//1705 1404//1705
f 1404//1705 1580//1705 1581//1705
f 1404//1706 1581//1706 1405//1706
f 1405//1706 1581//1706 1582//1706
f 1405//1707 1582//1707 1409//1707
f 1409//1707 1582//1707 1583//1707
f 1409//1708 1583//1708 1407//1708
f 1407//1708 1583//1708 1584//1708
f 1407//1709 1584//1709 1408//1709
f 1408//1709 1584//1709 1585//1709
f 1408//1710 1585//1710 1412//1710
f 1412//1710 1585//1710 1586//1710
f 1412//1711 1586//1711 1410//1711
f 1410//1711 1586//1711 1587//1711
f 1410//1699 1587//1699 1411//1699
f 1411//1699 1587//1699 1588//1699
f 1411//1712 1588//1712 1403//1712
f 1403//1712 1588//1712 1577//1712
f 1416//1727 1589//1727 1414//1727
f 1414//1727 1589//1727 1590//1727
f 1414//1694 1590//1694 1415//1694
f 1415//1694 1590//1694 1591//1694
f 1415//1728 1591//1728 1419//1728
f 1419//1728 1591//1728 1592//1728
f 1419//1729 1592//1729 1417//1729
f 1417//1729 1592//1729 1593//1729
f 1417//1706 1593//1706 1418//1706
f 1418//1706 1593//1706 1594//1706
f 1418//1730 1594//1730 1422//1730
f 1422//1730 1594//1730 1595//1730
f 1422//1731 1595//1731 1420//1731
f 1420//1731 1595//1731 1596//1731
f 1420//1709 1596//1709 1421//1709
f 1421//1709 1596//1709 1597//1709
f 1421//1732 1597//1732 1425//1732
f 1425//1732 1597//1732 1598//1732
f 1425//1733 1598//1733 1423//1733
f 1423//1733 1598//1733 1599//1733
f 1423//1699 1599//1699 1424//1699
f 1424//1699 1599//1699 1600//1699
f 1424//1734 1600//1734 1416//1734
f 1416//1734 1600//1734 1589//1734
f 1429//1735 1601//1735 1427//1735
f 1427//1735 1601//1735 1602//1735
f 1427//1694 1602//1694 1428//1694
f 1428//1694 1602//1694 1603//1694
f 1428//1717 1603//1717 1604//1717
f 1604//1718 1603//1718 1605//1718
f 1604//1719 1605//1719 1430//1719
f 1430//1720 1605//1720 1606//1720
f 1430//1706 1606//1706 1431//1706
f 1431//1706 1606//1706 1607//1706
f 1431//1736 1607//1736 1435//1736
f 1435//1736 1607//1736 1608//1736
f 1435//1737 1608//1737 1433//1737
f 1433//1737 1608//1737 1609//1737
f 1433//1709 1609//1709 1434//1709
f 1434//1709 1609//1709 1610//1709
f 1434//1723 1610//1723 1611//1723
f 1611//1724 1610//1724 1612//1724
f 1611//1725 1612//1725 1436//1725
f 1436//1726 1612//1726 1613//1726
f 1436//1699 1613//1699 1437//1699
f 1437//1699 1613//1699 1614//1699
f 1437//1738 1614//1738 1429//1738
f 1429//1738 1614//1738 1601//1738
f 1442//1727 1615//1727 1440//1727
f 1440//1727 1615//1727 1616//1727
f 1440//1694 1616//1694 1441//1694
f 1441//1694 1616//1694 1617//1694
f 1441//1728 1617//1728 1445//1728
f 1445//1728 1617//1728 1618//1728
f 1445//1729 1618//1729 1443//1729
f 1443//1729 1618//1729 1619//1729
f 1443//1706 1619//1706 1444//1706
f 1444//1706 1619//1706 1620//1706
f 1444//1730 1620//1730 1448//1730
f 1448//1730 1620//1730 1621//1730
f 1448//1731 1621//1731 1446//1731
f 1446//1731 1621//1731 1622//1731
f 1446//1709 1622//1709 1447//1709
f 1447//1709 1622//1709 1623//1709
f 1447//1732 1623//1732 1451//1732
f 1451//1732 1623//1732 1624//1732
f 1451//1733 1624//1733 1449//1733
f 1449//1733 1624//1733 1625//1733
f 1449//1699 1625//1699 1450//1699
f 1450//1699 1625//1699 1626//1699
f 1450//1734 1626//1734 1442//1734
f 1442//1734 1626//1734 1615//1734
f 1627//137 1628//137 1629//137
f 1630//137 1631//137 1632//137
f 1633//137 1634//137 1635//137
f 1498//137 1497//137 1636//137
f 1484//137 1637//137 1262//137
f 1470//137 1473//137 1638//137
f 1638//137 1473//137 1472//137
f 1638//137 1472//137 1471//137
f 1639//137 1469//137 1468//137
f 1469//137 1639//137 1466//137
f 1466//137 1639//137 1640//137
f 1466//137 1640//137 1465//137
f 1465//137 1640//137 1227//137
f 1227//137 1640//137 1641//137
f 1227//137 1641//137 1229//137
f 1229//137 1641//137 1567//137
f 1229//137 1567//137 1231//137
f 1231//137 1567//137 1566//137
f 1231//137 1566//137 1464//137
f 1464//137 1566//137 1225//137
f 1225//137 1566//137 1565//137
f 1225//137 1565//137 1223//137
f 1223//137 1565//137 1564//137
f 1223//137 1564//137 1221//137
f 1221//137 1564//137 1563//137
f 1221//137 1563//137 1461//137
f 1461//137 1563//137 1562//137
f 1461//137 1562//137 1462//137
f 1457//137 1463//137 1642//137
f 1642//137 1463//137 1643//137
f 1643//137 1463//137 1462//137
f 1643//137 1462//137 1644//137
f 1459//137 1458//137 1645//137
f 1645//137 1458//137 1457//137
f 1645//137 1457//137 1646//137
f 1646//137 1457//137 1642//137
f 1647//137 1454//137 1648//137
f 1648//137 1454//137 1453//137
f 1648//137 1453//137 1633//137
f 1633//137 1453//137 1460//137
f 1633//137 1460//137 1634//137
f 1634//137 1460//137 1459//137
f 1634//137 1459//137 1635//137
f 1635//137 1459//137 1645//137
f 1217//137 1219//137 1649//137
f 1649//137 1219//137 1456//137
f 1649//137 1456//137 1647//137
f 1647//137 1456//137 1455//137
f 1647//137 1455//137 1454//137
f 1237//137 1650//137 1471//137
f 1471//137 1650//137 1651//137
f 1471//137 1651//137 1638//137
f 1452//137 1652//137 1233//137
f 1233//137 1652//137 1650//137
f 1233//137 1650//137 1235//137
f 1235//137 1650//137 1237//137
f 1489//137 1492//137 1653//137
f 1653//137 1492//137 1491//137
f 1653//137 1491//137 1654//137
f 1654//137 1491//137 1490//137
f 1489//137 1653//137 1486//137
f 1486//137 1653//137 1655//137
f 1486//137 1655//137 1487//137
f 1485//137 1656//137 1266//137
f 1266//137 1656//137 1268//137
f 1637//137 1484//137 1656//137
f 1656//137 1484//137 1270//137
f 1656//137 1270//137 1268//137
f 1262//137 1637//137 1264//137
f 1264//137 1637//137 1657//137
f 1264//137 1657//137 1481//137
f 1478//137 1477//137 1602//137
f 1478//137 1602//137 1259//137
f 1481//137 1657//137 1482//137
f 1482//137 1657//137 1658//137
f 1482//137 1658//137 1483//137
f 1483//137 1658//137 1659//137
f 1483//137 1659//137 1479//137
f 1479//137 1659//137 1660//137
f 1479//137 1660//137 1480//137
f 1480//137 1660//137 1661//137
f 1480//137 1661//137 1475//137
f 1475//137 1661//137 1662//137
f 1475//137 1662//137 1476//137
f 1476//137 1662//137 1477//137
f 1477//137 1662//137 1663//137
f 1477//137 1663//137 1602//137
f 1490//137 1493//137 1654//137
f 1654//137 1493//137 1276//137
f 1654//137 1276//137 1664//137
f 1664//137 1276//137 1274//137
f 1510//137 1513//137 1665//137
f 1510//137 1665//137 1507//137
f 1507//137 1665//137 1666//137
f 1507//137 1666//137 1508//137
f 1667//137 1503//137 1502//137
f 1309//137 1307//137 1668//137
f 1668//137 1307//137 1305//137
f 1668//137 1305//137 1506//137
f 1667//137 1502//137 1668//137
f 1505//137 1309//137 1301//137
f 1301//137 1309//137 1668//137
f 1301//137 1668//137 1303//137
f 1303//137 1668//137 1502//137
f 1636//137 1497//137 1632//137
f 1497//137 1496//137 1632//137
f 1632//137 1496//137 1495//137
f 1632//137 1495//137 1669//137
f 1669//137 1495//137 1670//137
f 1669//137 1670//137 1671//137
f 1671//137 1670//137 1499//137
f 1671//137 1499//137 1672//137
f 1672//137 1499//137 1504//137
f 1511//137 1315//137 1673//137
f 1673//137 1315//137 1313//137
f 1673//137 1313//137 1311//137
f 1673//137 1298//137 1498//137
f 1311//137 1494//137 1673//137
f 1673//137 1494//137 1296//137
f 1673//137 1296//137 1298//137
f 1674//137 1675//137 1517//137
f 1517//137 1516//137 1674//137
f 1674//137 1516//137 1515//137
f 1674//137 1515//137 1676//137
f 1676//137 1515//137 1677//137
f 1676//137 1677//137 1678//137
f 1678//137 1677//137 1525//137
f 1678//137 1525//137 1524//137
f 1523//137 1522//137 1651//137
f 1651//137 1522//137 1521//137
f 1651//137 1521//137 1638//137
f 1638//137 1521//137 1520//137
f 1638//137 1520//137 1679//137
f 1679//137 1520//137 1519//137
f 1679//137 1519//137 1675//137
f 1675//137 1519//137 1518//137
f 1675//137 1518//137 1517//137
f 1571//137 1570//137 1526//137
f 1526//137 1570//137 1641//137
f 1526//137 1641//137 1527//137
f 1527//137 1641//137 1640//137
f 1527//137 1640//137 1528//137
f 1535//137 1534//137 1680//137
f 1681//137 1536//137 1535//137
f 1534//137 1533//137 1680//137
f 1680//137 1533//137 1532//137
f 1680//137 1532//137 1682//137
f 1682//137 1532//137 1531//137
f 1682//137 1531//137 1530//137
f 1608//137 1607//137 1683//137
f 1607//137 1606//137 1683//137
f 1683//137 1606//137 1684//137
f 1683//137 1684//137 1663//137
f 1663//137 1684//137 1603//137
f 1663//137 1603//137 1602//137
f 1685//137 1610//137 1538//137
f 1538//137 1610//137 1539//137
f 1539//137 1610//137 1609//137
f 1539//137 1609//137 1540//137
f 1609//137 1608//137 1540//137
f 1540//137 1608//137 1683//137
f 1540//137 1683//137 1541//137
f 1541//137 1683//137 1686//137
f 1541//137 1686//137 1542//137
f 1542//137 1686//137 1687//137
f 1629//137 1545//137 1688//137
f 1688//137 1545//137 1544//137
f 1688//137 1544//137 1687//137
f 1687//137 1544//137 1543//137
f 1687//137 1543//137 1542//137
f 1549//137 1548//137 1628//137
f 1628//137 1548//137 1547//137
f 1628//137 1547//137 1629//137
f 1629//137 1547//137 1546//137
f 1629//137 1546//137 1545//137
f 1259//137 1602//137 1257//137
f 1257//137 1602//137 1601//137
f 1257//137 1601//137 1474//137
f 1474//137 1601//137 1614//137
f 1474//137 1614//137 1272//137
f 1272//137 1614//137 1613//137
f 1272//137 1613//137 1274//137
f 1274//137 1613//137 1685//137
f 1274//137 1685//137 1664//137
f 1664//137 1685//137 1538//137
f 1664//137 1538//137 1654//137
f 1462//137 1562//137 1644//137
f 1644//137 1562//137 1689//137
f 1644//137 1689//137 1690//137
f 1526//137 1537//137 1571//137
f 1571//137 1537//137 1536//137
f 1571//137 1536//137 1572//137
f 1572//137 1536//137 1681//137
f 1572//137 1681//137 1573//137
f 1573//137 1681//137 1690//137
f 1573//137 1690//137 1574//137
f 1574//137 1690//137 1689//137
f 1586//137 1585//137 1652//137
f 1452//137 1217//137 1652//137
f 1652//137 1217//137 1649//137
f 1652//137 1649//137 1586//137
f 1586//137 1649//137 1587//137
f 1585//137 1584//137 1652//137
f 1652//137 1584//137 1583//137
f 1652//137 1583//137 1650//137
f 1650//137 1583//137 1582//137
f 1650//137 1582//137 1581//137
f 1581//137 1580//137 1650//137
f 1650//137 1580//137 1678//137
f 1650//137 1678//137 1651//137
f 1651//137 1678//137 1524//137
f 1651//137 1524//137 1523//137
f 1580//137 1579//137 1678//137
f 1678//137 1579//137 1578//137
f 1678//137 1578//137 1691//137
f 1691//137 1578//137 1577//137
f 1691//137 1577//137 1649//137
f 1649//137 1577//137 1588//137
f 1649//137 1588//137 1587//137
f 1535//137 1680//137 1681//137
f 1681//137 1680//137 1692//137
f 1681//137 1692//137 1690//137
f 1690//137 1692//137 1693//137
f 1690//137 1693//137 1644//137
f 1644//137 1693//137 1694//137
f 1644//137 1694//137 1643//137
f 1631//137 1630//137 1682//137
f 1682//137 1630//137 1695//137
f 1682//137 1695//137 1680//137
f 1680//137 1695//137 1696//137
f 1680//137 1696//137 1692//137
f 1697//137 1698//137 1699//137
f 1699//137 1698//137 1672//137
f 1699//137 1672//137 1667//137
f 1667//137 1672//137 1504//137
f 1667//137 1504//137 1503//137
f 1598//137 1597//137 1656//137
f 1600//137 1599//137 1674//137
f 1599//137 1598//137 1674//137
f 1674//137 1598//137 1656//137
f 1674//137 1656//137 1675//137
f 1675//137 1656//137 1485//137
f 1675//137 1485//137 1679//137
f 1679//137 1485//137 1488//137
f 1600//137 1674//137 1589//137
f 1589//137 1674//137 1700//137
f 1589//137 1700//137 1590//137
f 1590//137 1700//137 1657//137
f 1590//137 1657//137 1591//137
f 1591//137 1657//137 1592//137
f 1592//137 1657//137 1637//137
f 1592//137 1637//137 1593//137
f 1597//137 1596//137 1656//137
f 1656//137 1596//137 1595//137
f 1656//137 1595//137 1637//137
f 1637//137 1595//137 1594//137
f 1637//137 1594//137 1593//137
f 1616//137 1615//137 1668//137
f 1668//137 1615//137 1626//137
f 1618//137 1617//137 1629//137
f 1623//137 1667//137 1624//137
f 1624//137 1667//137 1668//137
f 1624//137 1668//137 1625//137
f 1625//137 1668//137 1626//137
f 1687//137 1701//137 1688//137
f 1688//137 1701//137 1697//137
f 1688//137 1697//137 1629//137
f 1629//137 1697//137 1699//137
f 1629//137 1699//137 1618//137
f 1618//137 1699//137 1619//137
f 1617//137 1616//137 1629//137
f 1629//137 1616//137 1668//137
f 1629//137 1668//137 1627//137
f 1627//137 1668//137 1506//137
f 1627//137 1506//137 1666//137
f 1666//137 1506//137 1509//137
f 1666//137 1509//137 1508//137
f 1623//137 1622//137 1667//137
f 1667//137 1622//137 1621//137
f 1667//137 1621//137 1699//137
f 1699//137 1621//137 1620//137
f 1699//137 1620//137 1619//137
f 1488//137 1487//137 1679//137
f 1679//137 1487//137 1655//137
f 1679//137 1655//137 1638//137
f 1638//137 1655//137 1702//137
f 1638//137 1702//137 1470//137
f 1470//137 1702//137 1639//137
f 1470//137 1639//137 1467//137
f 1467//137 1639//137 1468//137
f 1538//137 1549//137 1654//137
f 1654//137 1549//137 1628//137
f 1654//137 1628//137 1653//137
f 1653//137 1628//137 1627//137
f 1653//137 1627//137 1655//137
f 1655//137 1627//137 1666//137
f 1655//137 1666//137 1702//137
f 1702//137 1666//137 1665//137
f 1702//137 1665//137 1639//137
f 1639//137 1665//137 1703//137
f 1639//137 1703//137 1640//137
f 1640//137 1703//137 1704//137
f 1640//137 1704//137 1528//137
f 1528//137 1704//137 1529//137
f 1513//137 1512//137 1665//137
f 1665//137 1512//137 1511//137
f 1665//137 1511//137 1703//137
f 1703//137 1511//137 1673//137
f 1703//137 1673//137 1704//137
f 1704//137 1673//137 1682//137
f 1704//137 1682//137 1529//137
f 1529//137 1682//137 1530//137
f 1498//137 1636//137 1673//137
f 1673//137 1636//137 1553//137
f 1673//137 1553//137 1552//137
f 1561//137 1682//137 1550//137
f 1550//137 1682//137 1673//137
f 1550//137 1673//137 1551//137
f 1551//137 1673//137 1552//137
f 1632//137 1631//137 1636//137
f 1636//137 1631//137 1557//137
f 1636//137 1557//137 1556//137
f 1556//137 1555//137 1636//137
f 1636//137 1555//137 1554//137
f 1636//137 1554//137 1553//137
f 1561//137 1560//137 1682//137
f 1682//137 1560//137 1559//137
f 1682//137 1559//137 1631//137
f 1631//137 1559//137 1558//137
f 1631//137 1558//137 1557//137
f 1648//1739 1705//1739 1706//1739
f 1648//1740 1633//1740 1705//1740
f 1705//1741 1633//1741 1635//1741
f 1705//1742 1635//1742 1707//1742
f 1707//1743 1635//1743 1645//1743
f 1693//1744 1708//1744 1694//1744
f 1694//1745 1708//1745 1709//1745
f 1694//1745 1709//1745 1643//1745
f 1643//1746 1709//1746 1710//1746
f 1643//1746 1710//1746 1642//1746
f 1642//1747 1710//1747 1707//1747
f 1642//1747 1707//1747 1646//1747
f 1646//1748 1707//1748 1645//1748
f 1692//1749 1711//1749 1693//1749
f 1693//1750 1711//1750 1712//1750
f 1693//1744 1712//1744 1708//1744
f 1692//1751 1696//1751 1711//1751
f 1711//1752 1696//1752 1695//1752
f 1711//1752 1695//1752 1713//1752
f 1713//1753 1695//1753 1630//1753
f 1713//1753 1630//1753 1714//1753
f 1714//1754 1630//1754 1632//1754
f 1714//1754 1632//1754 1715//1754
f 1715//1755 1632//1755 1669//1755
f 1715//1755 1669//1755 1716//1755
f 1716//1278 1669//1278 1671//1278
f 1716//1278 1671//1278 1717//1278
f 1717//1756 1671//1756 1672//1756
f 1717//1756 1672//1756 1718//1756
f 1718//1757 1672//1757 1698//1757
f 1718//1757 1698//1757 1719//1757
f 1719//1758 1698//1758 1697//1758
f 1719//1759 1697//1759 1720//1759
f 1697//1760 1701//1760 1720//1760
f 1720//1761 1701//1761 1687//1761
f 1720//1761 1687//1761 1721//1761
f 1721//1762 1687//1762 1686//1762
f 1721//1762 1686//1762 1722//1762
f 1722//1763 1686//1763 1683//1763
f 1722//1763 1683//1763 1723//1763
f 1723//1764 1683//1764 1663//1764
f 1723//1764 1663//1764 1724//1764
f 1724//1765 1663//1765 1662//1765
f 1724//1765 1662//1765 1725//1765
f 1725//1766 1662//1766 1661//1766
f 1725//1766 1661//1766 1726//1766
f 1726//1767 1661//1767 1660//1767
f 1726//1767 1660//1767 1727//1767
f 1727//1768 1660//1768 1659//1768
f 1727//1768 1659//1768 1728//1768
f 1728//1769 1659//1769 1658//1769
f 1728//1770 1658//1770 1729//1770
f 1729//1771 1658//1771 1657//1771
f 1657//1772 1700//1772 1729//1772
f 1729//1773 1700//1773 1674//1773
f 1729//1773 1674//1773 1730//1773
f 1730//1774 1674//1774 1731//1774
f 1730//1774 1731//1774 1732//1774
f 1732//1775 1731//1775 1678//1775
f 1732//1776 1678//1776 1733//1776
f 1733//1777 1678//1777 1691//1777
f 1733//1777 1691//1777 1734//1777
f 1734//1778 1691//1778 1649//1778
f 1734//1779 1649//1779 1706//1779
f 1706//1780 1649//1780 1647//1780
f 1706//1739 1647//1739 1648//1739
f 1735//137 1736//137 1737//137
f 1737//137 1736//137 1738//137
f 1737//137 1738//137 1739//137
f 1740//137 1741//137 1737//137
f 1737//137 1741//137 1742//137
f 1737//137 1742//137 1735//137
f 1743//137 1744//137 1737//137
f 1737//137 1744//137 1745//137
f 1737//137 1745//137 1740//137
f 1739//137 1746//137 1737//137
f 1737//137 1746//137 1747//137
f 1737//137 1747//137 1743//137
f 1748//137 1749//137 1750//137
f 1750//137 1749//137 1751//137
f 1750//137 1751//137 1752//137
f 1753//137 1754//137 1750//137
f 1750//137 1754//137 1755//137
f 1750//137 1755//137 1748//137
f 1756//137 1757//137 1750//137
f 1750//137 1757//137 1758//137
f 1750//137 1758//137 1753//137
f 1752//137 1759//137 1750//137
f 1750//137 1759//137 1760//137
f 1750//137 1760//137 1756//137
f 1761//1781 1762//1781 1763//1781
f 1764//1782 1762//1782 1761//1782
f 1761//1783 1765//1783 1766//1783
f 1767//1784 1765//1784 1761//1784
f 1763//1785 1767//1785 1761//1785
f 1761//1786 1768//1786 1769//1786
f 1770//1787 1768//1787 1761//1787
f 1766//1788 1770//1788 1761//1788
f 1761//1789 1771//1789 1772//1789
f 1773//1790 1771//1790 1761//1790
f 1769//1791 1773//1791 1761//1791
f 1772//1792 1764//1792 1761//1792
f 1774//1793 1775//1793 1776//1793
f 1777//1794 1775//1794 1774//1794
f 1774//1795 1778//1795 1779//1795
f 1780//1796 1778//1796 1774//1796
f 1776//1797 1780//1797 1774//1797
f 1774//1798 1781//1798 1782//1798
f 1783//1799 1781//1799 1774//1799
f 1779//1800 1783//1800 1774//1800
f 1774//1801 1784//1801 1785//1801
f 1786//1802 1784//1802 1774//1802
f 1782//1803 1786//1803 1774//1803
f 1785//1804 1777//1804 1774//1804
f 1787//1805 1788//1805 1789//1805
f 1790//1806 1788//1806 1787//1806
f 1787//1807 1791//1807 1792//1807
f 1793//1808 1791//1808 1787//1808
f 1789//1809 1793//1809 1787//1809
f 1787//1810 1794//1810 1795//1810
f 1796//1811 1794//1811 1787//1811
f 1792//1812 1796//1812 1787//1812
f 1787//1813 1797//1813 1798//1813
f 1799//1814 1797//1814 1787//1814
f 1795//1815 1799//1815 1787//1815
f 1798//1816 1790//1816 1787//1816
f 1800//1817 1801//1817 1802//1817
f 1803//1818 1801//1818 1800//1818
f 1800//1819 1804//1819 1805//1819
f 1806//1820 1804//1820 1800//1820
f 1802//1821 1806//1821 1800//1821
f 1800//1822 1807//1822 1808//1822
f 1809//1823 1807//1823 1800//1823
f 1805//1824 1809//1824 1800//1824
f 1800//1825 1810//1825 1811//1825
f 1812//1826 1810//1826 1800//1826
f 1808//1827 1812//1827 1800//1827
f 1811//1828 1803//1828 1800//1828
f 1813//1829 1814//1829 1815//1829
f 1816//1830 1814//1830 1813//1830
f 1813//1831 1817//1831 1818//1831
f 1819//1832 1817//1832 1813//1832
f 1815//1833 1819//1833 1813//1833
f 1813//1834 1820//1834 1821//1834
f 1822//1835 1820//1835 1813//1835
f 1818//1836 1822//1836 1813//1836
f 1813//1837 1823//1837 1824//1837
f 1825//1838 1823//1838 1813//1838
f 1821//1839 1825//1839 1813//1839
f 1824//1840 1816//1840 1813//1840
f 1826//1841 1827//1841 1828//1841
f 1829//1842 1827//1842 1826//1842
f 1826//1843 1830//1843 1831//1843
f 1832//1844 1830//1844 1826//1844
f 1828//1845 1832//1845 1826//1845
f 1826//1846 1833//1846 1834//1846
f 1835//1847 1833//1847 1826//1847
f 1831//1848 1835//1848 1826//1848
f 1826//1849 1836//1849 1837//1849
f 1838//1850 1836//1850 1826//1850
f 1834//1851 1838//1851 1826//1851
f 1837//1852 1829//1852 1826//1852
f 1728//137 1839//137 1727//137
f 1727//137 1839//137 1840//137
f 1727//137 1840//137 1726//137
f 1726//137 1840//137 1841//137
f 1726//137 1841//137 1725//137
f 1725//137 1841//137 1842//137
f 1725//137 1842//137 1724//137
f 1724//137 1842//137 1843//137
f 1724//137 1843//137 1723//137
f 1723//137 1843//137 1844//137
f 1723//137 1844//137 1722//137
f 1722//137 1844//137 1845//137
f 1722//137 1845//137 1721//137
f 1721//137 1845//137 1846//137
f 1721//137 1846//137 1720//137
f 1720//137 1846//137 1847//137
f 1720//137 1847//137 1719//137
f 1719//137 1847//137 1848//137
f 1719//137 1848//137 1718//137
f 1718//137 1848//137 1849//137
f 1718//137 1849//137 1717//137
f 1717//137 1849//137 1850//137
f 1717//137 1850//137 1716//137
f 1716//137 1850//137 1851//137
f 1716//137 1851//137 1715//137
f 1715//137 1851//137 1852//137
f 1715//137 1852//137 1714//137
f 1714//137 1852//137 1853//137
f 1714//137 1853//137 1713//137
f 1713//137 1853//137 1854//137
f 1713//137 1854//137 1711//137
f 1711//137 1854//137 1855//137
f 1711//137 1855//137 1712//137
f 1712//137 1855//137 1856//137
f 1712//137 1856//137 1708//137
f 1708//137 1856//137 1857//137
f 1708//137 1857//137 1709//137
f 1709//137 1857//137 1858//137
f 1709//137 1858//137 1710//137
f 1710//137 1858//137 1859//137
f 1710//137 1859//137 1707//137
f 1707//137 1859//137 1860//137
f 1707//137 1860//137 1705//137
f 1705//137 1860//137 1861//137
f 1705//137 1861//137 1706//137
f 1706//137 1861//137 1862//137
f 1706//137 1862//137 1734//137
f 1734//137 1862//137 1863//137
f 1734//137 1863//137 1733//137
f 1733//137 1863//137 1864//137
f 1733//137 1864//137 1865//137
f 1865//137 1864//137 1866//137
f 1865//137 1866//137 1730//137
f 1730//137 1866//137 1867//137
f 1730//137 1867//137 1729//137
f 1729//137 1867//137 1868//137
f 1729//137 1868//137 1728//137
f 1728//137 1868//137 1839//137
f 1738//1853 1869//1853 1739//1853
f 1739//1853 1869//1853 1870//1853
f 1739//1854 1870//1854 1746//1854
f 1746//1854 1870//1854 1871//1854
f 1746//1855 1871//1855 1747//1855
f 1747//1855 1871//1855 1872//1855
f 1747//1856 1872//1856 1743//1856
f 1743//1856 1872//1856 1873//1856
f 1743//1857 1873//1857 1744//1857
f 1744//1857 1873//1857 1874//1857
f 1744//1858 1874//1858 1745//1858
f 1745//1858 1874//1858 1875//1858
f 1745//1859 1875//1859 1740//1859
f 1740//1859 1875//1859 1876//1859
f 1740//1860 1876//1860 1741//1860
f 1741//1860 1876//1860 1877//1860
f 1741//1861 1877//1861 1742//1861
f 1742//1861 1877//1861 1878//1861
f 1742//1862 1878//1862 1735//1862
f 1735//1862 1878//1862 1879//1862
f 1735//1863 1879//1863 1736//1863
f 1736//1863 1879//1863 1880//1863
f 1736//1864 1880//1864 1738//1864
f 1738//1864 1880//1864 1869//1864
f 1751//1865 1881//1865 1752//1865
f 1752//1865 1881//1865 1882//1865
f 1752//1866 1882//1866 1759//1866
f 1759//1866 1882//1866 1883//1866
f 1759//1855 1883//1855 1760//1855
f 1760//1855 1883//1855 1884//1855
f 1760//1856 1884//1856 1756//1856
f 1756//1856 1884//1856 1885//1856
f 1756//1867 1885//1867 1757//1867
f 1757//1867 1885//1867 1886//1867
f 1757//1868 1886//1868 1758//1868
f 1758//1868 1886//1868 1887//1868
f 1758//1869 1887//1869 1753//1869
f 1753//1869 1887//1869 1888//1869
f 1753//1870 1888//1870 1754//1870
f 1754//1870 1888//1870 1889//1870
f 1754//1861 1889//1861 1755//1861
f 1755//1861 1889//1861 1890//1861
f 1755//1862 1890//1862 1748//1862
f 1748//1862 1890//1862 1891//1862
f 1748//1871 1891//1871 1749//1871
f 1749//1871 1891//1871 1892//1871
f 1749//1872 1892//1872 1751//1872
f 1751//1872 1892//1872 1881//1872
f 1893//1873 1894//1873 1762//1873
f 1762//1874 1894//1874 1895//1874
f 1762//1875 1895//1875 1763//1875
f 1763//1875 1895//1875 1896//1875
f 1763//1876 1896//1876 1767//1876
f 1767//1876 1896//1876 1897//1876
f 1767//1877 1897//1877 1765//1877
f 1765//1877 1897//1877 1898//1877
f 1765//1878 1898//1878 1766//1878
f 1766//1878 1898//1878 1899//1878
f 1766//1879 1899//1879 1900//1879
f 1900//1880 1899//1880 1901//1880
f 1900//1881 1901//1881 1768//1881
f 1768//1882 1901//1882 1902//1882
f 1768//1883 1902//1883 1769//1883
f 1769//1883 1902//1883 1903//1883
f 1769//1884 1903//1884 1773//1884
f 1773//1884 1903//1884 1904//1884
f 1773//1885 1904//1885 1771//1885
f 1771//1885 1904//1885 1905//1885
f 1771//1886 1905//1886 1772//1886
f 1772//1886 1905//1886 1906//1886
f 1772//1887 1906//1887 1893//1887
f 1893//1888 1906//1888 1894//1888
f 1777//1889 1907//1889 1775//1889
f 1775//1889 1907//1889 1908//1889
f 1775//1875 1908//1875 1776//1875
f 1776//1875 1908//1875 1909//1875
f 1776//1890 1909//1890 1780//1890
f 1780//1890 1909//1890 1910//1890
f 1780//1891 1910//1891 1778//1891
f 1778//1891 1910//1891 1911//1891
f 1778//1892 1911//1892 1779//1892
f 1779//1892 1911//1892 1912//1892
f 1779//1893 1912//1893 1783//1893
f 1783//1893 1912//1893 1913//1893
f 1783//1697 1913//1697 1781//1697
f 1781//1697 1913//1697 1914//1697
f 1781//1883 1914//1883 1782//1883
f 1782//1883 1914//1883 1915//1883
f 1782//1894 1915//1894 1786//1894
f 1786//1894 1915//1894 1916//1894
f 1786//1711 1916//1711 1784//1711
f 1784//1711 1916//1711 1917//1711
f 1784//1895 1917//1895 1785//1895
f 1785//1895 1917//1895 1918//1895
f 1785//1864 1918//1864 1777//1864
f 1777//1864 1918//1864 1907//1864
f 1790//1896 1919//1896 1788//1896
f 1788//1896 1919//1896 1920//1896
f 1788//1875 1920//1875 1789//1875
f 1789//1875 1920//1875 1921//1875
f 1789//1897 1921//1897 1793//1897
f 1793//1897 1921//1897 1922//1897
f 1793//1898 1922//1898 1791//1898
f 1791//1898 1922//1898 1923//1898
f 1791//1892 1923//1892 1792//1892
f 1792//1892 1923//1892 1924//1892
f 1792//1899 1924//1899 1796//1899
f 1796//1899 1924//1899 1925//1899
f 1796//1859 1925//1859 1794//1859
f 1794//1859 1925//1859 1926//1859
f 1794//1883 1926//1883 1795//1883
f 1795//1883 1926//1883 1927//1883
f 1795//1710 1927//1710 1799//1710
f 1799//1710 1927//1710 1928//1710
f 1799//1900 1928//1900 1797//1900
f 1797//1900 1928//1900 1929//1900
f 1797//1895 1929//1895 1798//1895
f 1798//1895 1929//1895 1930//1895
f 1798//1700 1930//1700 1790//1700
f 1790//1700 1930//1700 1919//1700
f 1931//1901 1932//1901 1801//1901
f 1801//1902 1932//1902 1933//1902
f 1801//1903 1933//1903 1802//1903
f 1802//1903 1933//1903 1934//1903
f 1802//1904 1934//1904 1806//1904
f 1806//1904 1934//1904 1935//1904
f 1806//1905 1935//1905 1804//1905
f 1804//1905 1935//1905 1936//1905
f 1804//1892 1936//1892 1805//1892
f 1805//1892 1936//1892 1937//1892
f 1805//1906 1937//1906 1938//1906
f 1938//1907 1937//1907 1939//1907
f 1938//1908 1939//1908 1807//1908
f 1807//1909 1939//1909 1940//1909
f 1807//1910 1940//1910 1808//1910
f 1808//1910 1940//1910 1941//1910
f 1808//1911 1941//1911 1812//1911
f 1812//1911 1941//1911 1942//1911
f 1812//1912 1942//1912 1810//1912
f 1810//1912 1942//1912 1943//1912
f 1810//1895 1943//1895 1811//1895
f 1811//1895 1943//1895 1944//1895
f 1811//1913 1944//1913 1931//1913
f 1931//1914 1944//1914 1932//1914
f 1816//1701 1945//1701 1814//1701
f 1814//1701 1945//1701 1946//1701
f 1814//1903 1946//1903 1815//1903
f 1815//1903 1946//1903 1947//1903
f 1815//1915 1947//1915 1819//1915
f 1819//1915 1947//1915 1948//1915
f 1819//1729 1948//1729 1817//1729
f 1817//1729 1948//1729 1949//1729
f 1817//1878 1949//1878 1818//1878
f 1818//1878 1949//1878 1950//1878
f 1818//1868 1950//1868 1822//1868
f 1822//1868 1950//1868 1951//1868
f 1822//1916 1951//1916 1820//1916
f 1820//1916 1951//1916 1952//1916
f 1820//1910 1952//1910 1821//1910
f 1821//1910 1952//1910 1953//1910
f 1821//1917 1953//1917 1825//1917
f 1825//1917 1953//1917 1954//1917
f 1825//1918 1954//1918 1823//1918
f 1823//1918 1954//1918 1955//1918
f 1823//1886 1955//1886 1824//1886
f 1824//1886 1955//1886 1956//1886
f 1824//1919 1956//1919 1816//1919
f 1816//1919 1956//1919 1945//1919
f 1829//1865 1957//1865 1827//1865
f 1827//1865 1957//1865 1958//1865
f 1827//1903 1958//1903 1828//1903
f 1828//1903 1958//1903 1959//1903
f 1828//1728 1959//1728 1832//1728
f 1832//1728 1959//1728 1960//1728
f 1832//1920 1960//1920 1830//1920
f 1830//1920 1960//1920 1961//1920
f 1830//1878 1961//1878 1831//1878
f 1831//1878 1961//1878 1962//1878
f 1831//1702 1962//1702 1835//1702
f 1835//1702 1962//1702 1963//1702
f 1835//1921 1963//1921 1833//1921
f 1833//1921 1963//1921 1964//1921
f 1833//1910 1964//1910 1834//1910
f 1834//1910 1964//1910 1965//1910
f 1834//1922 1965//1922 1838//1922
f 1838//1922 1965//1922 1966//1922
f 1838//1923 1966//1923 1836//1923
f 1836//1923 1966//1923 1967//1923
f 1836//1886 1967//1886 1837//1886
f 1837//1886 1967//1886 1968//1886
f 1837//1924 1968//1924 1829//1924
f 1829//1924 1968//1924 1957//1924
f 1969//1925 1970//1925 1867//1925
f 1867//1926 1970//1926 1971//1926
f 1867//1927 1971//1927 1868//1927
f 1868//1927 1971//1927 1972//1927
f 1868//1928 1972//1928 1839//1928
f 1839//1928 1972//1928 1973//1928
f 1839//1929 1973//1929 1840//1929
f 1840//1929 1973//1929 1974//1929
f 1840//1930 1974//1930 1841//1930
f 1841//1930 1974//1930 1975//1930
f 1841//1931 1975//1931 1842//1931
f 1842//1931 1975//1931 1976//1931
f 1842//1932 1976//1932 1843//1932
f 1843//1932 1976//1932 1977//1932
f 1843//1933 1977//1933 1844//1933
f 1844//1933 1977//1933 1978//1933
f 1844//1934 1978//1934 1845//1934
f 1845//1934 1978//1934 1979//1934
f 1845//1935 1979//1935 1846//1935
f 1846//1935 1979//1935 1980//1935
f 1846//1936 1980//1936 1847//1936
f 1847//1936 1980//1936 1981//1936
f 1847//1937 1981//1937 1848//1937
f 1848//1937 1981//1937 1982//1937
f 1848//1938 1982//1938 1849//1938
f 1849//1938 1982//1938 1983//1938
f 1849//1939 1983//1939 1850//1939
f 1850//1939 1983//1939 1984//1939
f 1850//1329 1984//1329 1851//1329
f 1851//1329 1984//1329 1985//1329
f 1851//1940 1985//1940 1852//1940
f 1852//1940 1985//1940 1986//1940
f 1852//1941 1986//1941 1853//1941
f 1853//1941 1986//1941 1987//1941
f 1853//1942 1987//1942 1854//1942
f 1854//1942 1987//1942 1988//1942
f 1854//1943 1988//1943 1855//1943
f 1855//1943 1988//1943 1989//1943
f 1855//1944 1989//1944 1856//1944
f 1856//1944 1989//1944 1990//1944
f 1856//1945 1990//1945 1857//1945
f 1857//1945 1990//1945 1991//1945
f 1857//1946 1991//1946 1858//1946
f 1858//1946 1991//1946 1992//1946
f 1858//1947 1992//1947 1859//1947
f 1859//1947 1992//1947 1993//1947
f 1859//1948 1993//1948 1860//1948
f 1860//1948 1993//1948 1994//1948
f 1860//1949 1994//1949 1861//1949
f 1861//1949 1994//1949 1995//1949
f 1861//1950 1995//1950 1862//1950
f 1862//1950 1995//1950 1996//1950
f 1862//1951 1996//1951 1863//1951
f 1863//1951 1996//1951 1997//1951
f 1863//1952 1997//1952 1864//1952
f 1864//1952 1997//1952 1998//1952
f 1864//1953 1998//1953 1969//1953
f 1969//1954 1998//1954 1970//1954
f 1999//1328 2000//1328 2001//1328
f 2002//1328 2003//1328 2001//1328
f 2001//1328 2003//1328 2004//1328
f 2001//1328 2004//1328 1999//1328
f 2005//1328 2006//1328 2001//1328
f 2001//1328 2006//1328 2007//1328
f 2001//1328 2007//1328 2002//1328
f 2008//1328 2009//1328 2001//1328
f 2001//1328 2009//1328 2010//1328
f 2001//1328 2010//1328 2005//1328
f 2011//1328 2012//1328 2001//1328
f 2001//1328 2012//1328 2013//1328
f 2001//1328 2013//1328 2008//1328
f 2014//1328 2015//1328 2001//1328
f 2001//1328 2015//1328 2016//1328
f 2001//1328 2016//1328 2011//1328
f 2017//1328 2018//1328 2001//1328
f 2001//1328 2018//1328 2019//1328
f 2001//1328 2019//1328 2014//1328
f 2020//1328 2021//1328 2001//1328
f 2001//1328 2021//1328 2022//1328
f 2001//1328 2022//1328 2017//1328
f 2023//1328 2024//1328 2001//1328
f 2001//1328 2024//1328 2025//1328
f 2001//1328 2025//1328 2020//1328
f 2026//1328 2027//1328 2001//1328
f 2001//1328 2027//1328 2028//1328
f 2001//1328 2028//1328 2023//1328
f 2029//1328 2030//1328 2001//1328
f 2001//1328 2030//1328 2031//1328
f 2001//1328 2031//1328 2026//1328
f 2032//1328 2033//1328 2001//1328
f 2001//1328 2033//1328 2034//1328
f 2001//1328 2034//1328 2029//1328
f 2000//1328 2035//1328 2001//1328
f 2001//1328 2035//1328 2036//1328
f 2001//1328 2036//1328 2032//1328
f 2037//137 2038//137 2039//137
f 2038//137 2037//137 2040//137
f 2041//137 2040//137 2042//137
f 2043//137 2044//137 2045//137
f 2046//137 2047//137 2048//137
f 1908//137 1907//137 2049//137
f 1883//137 2050//137 1884//137
f 1884//137 2050//137 2051//137
f 1884//137 2051//137 1885//137
f 1885//137 2051//137 1886//137
f 1883//137 1882//137 2050//137
f 2050//137 1882//137 1881//137
f 2050//137 1881//137 2052//137
f 1881//137 1892//137 2052//137
f 2052//137 1892//137 1891//137
f 2052//137 1891//137 2053//137
f 2040//137 2041//137 2038//137
f 2038//137 2041//137 2054//137
f 2038//137 2054//137 2055//137
f 2056//137 2055//137 2057//137
f 2053//137 1891//137 2058//137
f 2058//137 1891//137 1890//137
f 2058//137 1890//137 2059//137
f 2059//137 1890//137 1889//137
f 2059//137 1889//137 2060//137
f 2060//137 1889//137 1888//137
f 2060//137 1888//137 2057//137
f 2057//137 1888//137 1887//137
f 2057//137 1887//137 2056//137
f 1902//137 2061//137 1903//137
f 1903//137 2061//137 1904//137
f 1904//137 2061//137 1905//137
f 1905//137 2061//137 2062//137
f 1905//137 2062//137 1906//137
f 1899//137 1898//137 2063//137
f 2063//137 1898//137 1897//137
f 2063//137 1897//137 2064//137
f 1897//137 1896//137 2064//137
f 2064//137 1896//137 1895//137
f 2064//137 1895//137 2062//137
f 2062//137 1895//137 2065//137
f 2062//137 2065//137 1906//137
f 1902//137 2066//137 2067//137
f 2067//137 2066//137 2068//137
f 2056//137 2069//137 1971//137
f 2070//137 2071//137 2072//137
f 2072//137 2071//137 2073//137
f 2072//137 2073//137 2069//137
f 2069//137 2073//137 1972//137
f 2069//137 1972//137 1971//137
f 1977//137 1976//137 2073//137
f 2073//137 1976//137 1975//137
f 1975//137 1974//137 2073//137
f 2073//137 1974//137 1973//137
f 2073//137 1973//137 1972//137
f 1982//137 1981//137 2044//137
f 2044//137 1981//137 1980//137
f 2044//137 1980//137 1979//137
f 1982//137 2044//137 1983//137
f 1983//137 2044//137 2064//137
f 1983//137 2064//137 1984//137
f 1984//137 2064//137 2062//137
f 1984//137 2062//137 1985//137
f 1989//137 1988//137 2074//137
f 2074//137 1988//137 1987//137
f 2074//137 1987//137 2062//137
f 2062//137 1987//137 1986//137
f 2062//137 1986//137 1985//137
f 1993//137 1992//137 2049//137
f 2049//137 1992//137 1991//137
f 2049//137 1991//137 2074//137
f 2074//137 1991//137 1990//137
f 2074//137 1990//137 1989//137
f 1995//137 1994//137 2039//137
f 1971//137 2075//137 2056//137
f 2056//137 2075//137 1998//137
f 2056//137 1998//137 1997//137
f 2055//137 2056//137 2038//137
f 2038//137 2056//137 1997//137
f 2038//137 1997//137 2039//137
f 2039//137 1997//137 1996//137
f 2039//137 1996//137 1995//137
f 2076//137 2077//137 2078//137
f 2078//137 2077//137 2079//137
f 2076//137 2080//137 1929//137
f 1922//137 1921//137 2039//137
f 2039//137 1921//137 1920//137
f 2039//137 1920//137 2037//137
f 2037//137 1920//137 1919//137
f 2037//137 1919//137 2080//137
f 2080//137 1919//137 1930//137
f 2080//137 1930//137 1929//137
f 1994//137 1993//137 2039//137
f 2039//137 1993//137 2049//137
f 2039//137 2049//137 1922//137
f 1922//137 2049//137 1923//137
f 2049//137 2081//137 2082//137
f 1923//137 2049//137 1924//137
f 1924//137 2049//137 2082//137
f 1924//137 2082//137 2083//137
f 1929//137 1928//137 2076//137
f 2076//137 1928//137 1927//137
f 2076//137 1927//137 2077//137
f 2077//137 1927//137 1926//137
f 2077//137 1926//137 2083//137
f 2083//137 1926//137 1925//137
f 2083//137 1925//137 1924//137
f 1913//137 1912//137 2074//137
f 1912//137 1911//137 2074//137
f 2074//137 1911//137 1910//137
f 2074//137 1910//137 2049//137
f 2049//137 1910//137 1909//137
f 2049//137 1909//137 1908//137
f 1918//137 2048//137 1907//137
f 1907//137 2048//137 2084//137
f 1907//137 2084//137 2049//137
f 2049//137 2084//137 2085//137
f 2049//137 2085//137 2081//137
f 1918//137 1917//137 2086//137
f 2086//137 1917//137 1916//137
f 2086//137 1916//137 2087//137
f 2087//137 1916//137 1915//137
f 2087//137 1915//137 2088//137
f 2088//137 1915//137 1914//137
f 2088//137 1914//137 2089//137
f 1918//137 2086//137 2048//137
f 2048//137 2086//137 2090//137
f 2048//137 2090//137 2046//137
f 2091//137 2092//137 2062//137
f 2062//137 2092//137 2093//137
f 2062//137 2093//137 2074//137
f 2074//137 2093//137 2094//137
f 2074//137 2094//137 2095//137
f 1914//137 1913//137 2089//137
f 2089//137 1913//137 2074//137
f 2089//137 2074//137 2096//137
f 2096//137 2074//137 2095//137
f 2096//137 2095//137 2097//137
f 2098//137 2099//137 2061//137
f 2061//137 2099//137 2100//137
f 2061//137 2100//137 2062//137
f 2062//137 2100//137 2101//137
f 2062//137 2101//137 2091//137
f 1902//137 2067//137 2061//137
f 2061//137 2067//137 2102//137
f 2061//137 2102//137 2098//137
f 2066//137 1899//137 2068//137
f 2068//137 1899//137 2063//137
f 2068//137 2063//137 2103//137
f 2103//137 2063//137 2104//137
f 2104//137 1873//137 1872//137
f 1877//137 1876//137 2063//137
f 2063//137 1876//137 1875//137
f 2063//137 1875//137 2104//137
f 2104//137 1875//137 1874//137
f 2104//137 1874//137 1873//137
f 1869//137 1880//137 2064//137
f 2064//137 1880//137 1879//137
f 2064//137 1879//137 2063//137
f 2063//137 1879//137 1878//137
f 2063//137 1878//137 1877//137
f 2105//137 1870//137 2106//137
f 2106//137 1870//137 2107//137
f 2044//137 2043//137 2108//137
f 2108//137 2043//137 2109//137
f 2108//137 2109//137 2110//137
f 2111//137 2104//137 2112//137
f 2112//137 2104//137 1872//137
f 2112//137 1872//137 2105//137
f 2105//137 1872//137 1871//137
f 2105//137 1871//137 1870//137
f 1870//137 1869//137 2107//137
f 2107//137 1869//137 2064//137
f 2107//137 2064//137 2113//137
f 2113//137 2064//137 2044//137
f 2113//137 2044//137 2114//137
f 2114//137 2044//137 2108//137
f 1967//137 2115//137 1968//137
f 1968//137 2115//137 1957//137
f 1979//137 1978//137 2044//137
f 2044//137 1978//137 2115//137
f 2044//137 2115//137 1966//137
f 1966//137 2115//137 1967//137
f 2115//137 2116//137 1957//137
f 1957//137 2116//137 2117//137
f 1957//137 2117//137 1958//137
f 1958//137 2117//137 2118//137
f 1966//137 1965//137 2044//137
f 2044//137 1965//137 1964//137
f 2044//137 1964//137 2045//137
f 2045//137 1964//137 1963//137
f 2045//137 1963//137 2119//137
f 2119//137 1963//137 1962//137
f 2119//137 1962//137 2120//137
f 1962//137 1961//137 2120//137
f 2120//137 1961//137 1960//137
f 2120//137 1960//137 2121//137
f 2121//137 1960//137 1959//137
f 2121//137 1959//137 2122//137
f 2122//137 1959//137 1958//137
f 2122//137 1958//137 2123//137
f 2123//137 1958//137 2118//137
f 1955//137 1954//137 2073//137
f 2073//137 1954//137 2115//137
f 2073//137 2115//137 1977//137
f 1977//137 2115//137 1978//137
f 1949//137 1948//137 2124//137
f 2125//137 2126//137 2115//137
f 2115//137 2126//137 2127//137
f 2115//137 2127//137 2116//137
f 2124//137 1948//137 2128//137
f 1954//137 1953//137 2115//137
f 2115//137 1953//137 1952//137
f 2115//137 1952//137 2125//137
f 2125//137 1952//137 1951//137
f 2125//137 1951//137 2129//137
f 2129//137 1951//137 1950//137
f 2129//137 1950//137 2130//137
f 1948//137 1947//137 2128//137
f 2128//137 1947//137 1946//137
f 2128//137 1946//137 2071//137
f 2071//137 1946//137 1945//137
f 2071//137 1945//137 2073//137
f 2073//137 1945//137 1956//137
f 2073//137 1956//137 1955//137
f 1949//137 2124//137 1950//137
f 1950//137 2124//137 2131//137
f 1950//137 2131//137 2130//137
f 2132//137 2133//137 2069//137
f 2132//137 2069//137 2134//137
f 2133//137 2135//137 2069//137
f 2069//137 2135//137 2136//137
f 2069//137 2136//137 2072//137
f 2072//137 2136//137 2137//137
f 2072//137 2137//137 2070//137
f 2070//137 2137//137 2138//137
f 2070//137 2138//137 2139//137
f 2140//137 2141//137 2142//137
f 2142//137 2141//137 2143//137
f 2142//137 2143//137 2144//137
f 1943//137 1942//137 2050//137
f 2140//137 2051//137 2145//137
f 2145//137 2051//137 1940//137
f 2050//137 1942//137 2051//137
f 2051//137 1942//137 1941//137
f 2051//137 1941//137 1940//137
f 2145//137 1937//137 2140//137
f 2140//137 1937//137 1936//137
f 2140//137 1936//137 2141//137
f 2141//137 1936//137 1935//137
f 1935//137 1934//137 2141//137
f 2141//137 1934//137 1933//137
f 2141//137 1933//137 2146//137
f 2146//137 1933//137 2147//137
f 2146//137 2147//137 2050//137
f 2050//137 2147//137 1944//137
f 2050//137 1944//137 1943//137
f 2142//137 2134//137 2140//137
f 2140//137 2134//137 2069//137
f 2140//137 2069//137 2051//137
f 2051//137 2069//137 2056//137
f 2051//137 2056//137 1886//137
f 1886//137 2056//137 1887//137
f 2148//1955 2047//1955 2046//1955
f 2149//1956 2110//1956 2109//1956
f 2052//1957 2053//1957 2150//1957
f 2070//1958 2139//1958 2151//1958
f 2122//1959 2123//1959 2152//1959
f 2104//1960 2111//1960 2153//1960
f 2096//1961 2097//1961 2154//1961
f 2078//1962 2079//1962 2155//1962
f 2148//1963 2026//1963 2156//1963
f 2156//1964 2026//1964 2031//1964
f 2156//1965 2031//1965 2155//1965
f 2155//1966 2031//1966 2030//1966
f 2155//1962 2030//1962 2078//1962
f 2078//1967 2030//1967 2029//1967
f 2078//1967 2029//1967 2076//1967
f 2076//1968 2029//1968 2034//1968
f 2076//1968 2034//1968 2080//1968
f 2080//1969 2034//1969 2033//1969
f 2080//1969 2033//1969 2037//1969
f 2037//1970 2033//1970 2032//1970
f 2037//1970 2032//1970 2040//1970
f 2148//1955 2046//1955 2026//1955
f 2026//1971 2046//1971 2090//1971
f 2026//1971 2090//1971 2027//1971
f 2027//1972 2090//1972 2086//1972
f 2027//1973 2086//1973 2028//1973
f 2157//1974 2020//1974 2154//1974
f 2154//1975 2020//1975 2025//1975
f 2154//1961 2025//1961 2096//1961
f 2096//1976 2025//1976 2024//1976
f 2096//1976 2024//1976 2089//1976
f 2089//1977 2024//1977 2023//1977
f 2089//1977 2023//1977 2088//1977
f 2088//1978 2023//1978 2028//1978
f 2088//1978 2028//1978 2087//1978
f 2087//1979 2028//1979 2086//1979
f 2149//1980 2014//1980 2153//1980
f 2153//1981 2014//1981 2019//1981
f 2153//1960 2019//1960 2104//1960
f 2104//1982 2019//1982 2018//1982
f 2104//1982 2018//1982 2103//1982
f 2103//1983 2018//1983 2017//1983
f 2103//1983 2017//1983 2068//1983
f 2068//1278 2017//1278 2022//1278
f 2068//1278 2022//1278 2067//1278
f 2067//1984 2022//1984 2021//1984
f 2067//1984 2021//1984 2102//1984
f 2102//1985 2021//1985 2020//1985
f 2102//1985 2020//1985 2098//1985
f 2098//1986 2020//1986 2157//1986
f 2098//1986 2157//1986 2099//1986
f 2149//1956 2109//1956 2014//1956
f 2014//1987 2109//1987 2043//1987
f 2014//1987 2043//1987 2015//1987
f 2015//1988 2043//1988 2045//1988
f 2015//1989 2045//1989 2016//1989
f 2158//1990 2009//1990 2159//1990
f 2159//1991 2009//1991 2008//1991
f 2159//1992 2008//1992 2152//1992
f 2152//1993 2008//1993 2013//1993
f 2152//1959 2013//1959 2122//1959
f 2122//1994 2013//1994 2012//1994
f 2122//1994 2012//1994 2121//1994
f 2121//1995 2012//1995 2011//1995
f 2121//1995 2011//1995 2120//1995
f 2120//1996 2011//1996 2016//1996
f 2120//1996 2016//1996 2119//1996
f 2119//1997 2016//1997 2045//1997
f 2160//1998 2003//1998 2161//1998
f 2161//1999 2003//1999 2002//1999
f 2161//2000 2002//2000 2151//2000
f 2151//2001 2002//2001 2007//2001
f 2151//1958 2007//1958 2070//1958
f 2070//2002 2007//2002 2006//2002
f 2070//2002 2006//2002 2071//2002
f 2071//2003 2006//2003 2005//2003
f 2071//2003 2005//2003 2128//2003
f 2128//2004 2005//2004 2010//2004
f 2128//2004 2010//2004 2124//2004
f 2124//2005 2010//2005 2009//2005
f 2124//2005 2009//2005 2131//2005
f 2131//2006 2009//2006 2158//2006
f 2131//2006 2158//2006 2130//2006
f 2042//2007 2040//2007 2162//2007
f 2162//2007 2040//2007 2032//2007
f 2162//2008 2032//2008 2163//2008
f 2163//2009 2032//2009 2036//2009
f 2163//2010 2036//2010 2150//2010
f 2150//2011 2036//2011 2035//2011
f 2150//1957 2035//1957 2052//1957
f 2052//2012 2035//2012 2000//2012
f 2052//2012 2000//2012 2050//2012
f 2050//2013 2000//2013 2164//2013
f 2050//2014 2164//2014 2165//2014
f 2165//2015 2164//2015 2004//2015
f 2165//2016 2004//2016 2141//2016
f 2141//2017 2004//2017 2003//2017
f 2141//2017 2003//2017 2143//2017
f 2143//2018 2003//2018 2160//2018
f 2143//2018 2160//2018 2144//2018
f 2166//1699 2095//1699 2167//1699
f 2167//1699 2095//1699 2094//1699
f 2167//1692 2094//1692 2168//1692
f 2168//1692 2094//1692 2093//1692
f 2168//1679 2093//1679 2169//1679
f 2169//1679 2093//1679 2092//1679
f 2169//2019 2092//2019 2170//2019
f 2170//2019 2092//2019 2091//2019
f 2170//2020 2091//2020 2171//2020
f 2171//2020 2091//2020 2101//2020
f 2171//1696 2101//1696 2172//1696
f 2172//1696 2101//1696 2100//1696
f 2095//2021 2166//2021 2097//2021
f 2097//2021 2166//2021 2154//2021
f 2172//2022 2100//2022 2157//2022
f 2157//2022 2100//2022 2099//2022
f 2157//137 2154//137 2172//137
f 2172//137 2154//137 2166//137
f 2168//137 2169//137 2170//137
f 2166//137 2167//137 2172//137
f 2172//137 2167//137 2168//137
f 2172//137 2168//137 2171//137
f 2171//137 2168//137 2170//137
f 2173//1698 2112//1698 2174//1698
f 2174//1698 2112//1698 2105//1698
f 2174//2023 2105//2023 2175//2023
f 2175//2023 2105//2023 2106//2023
f 2175//2024 2106//2024 2176//2024
f 2176//2024 2106//2024 2107//2024
f 2176//1692 2107//1692 2177//1692
f 2177//1692 2107//1692 2113//1692
f 2177//1679 2113//1679 2178//1679
f 2178//1679 2113//1679 2114//1679
f 2178//1694 2114//1694 2179//1694
f 2179//1694 2114//1694 2108//1694
f 2112//2025 2173//2025 2111//2025
f 2111//2025 2173//2025 2153//2025
f 2179//2026 2108//2026 2149//2026
f 2149//2026 2108//2026 2110//2026
f 2149//137 2153//137 2179//137
f 2179//137 2153//137 2173//137
f 2179//137 2173//137 2174//137
f 2177//137 2178//137 2176//137
f 2176//137 2178//137 2179//137
f 2176//137 2179//137 2175//137
f 2175//137 2179//137 2174//137
f 2180//2027 2118//2027 2181//2027
f 2181//2027 2118//2027 2117//2027
f 2181//1688 2117//1688 2182//1688
f 2182//1688 2117//1688 2116//1688
f 2182//1698 2116//1698 2183//1698
f 2183//2028 2116//2028 2184//2028
f 2183//2029 2184//2029 2185//2029
f 2185//2023 2184//2023 2126//2023
f 2185//2030 2126//2030 2186//2030
f 2186//2030 2126//2030 2125//2030
f 2186//2031 2125//2031 2187//2031
f 2187//2031 2125//2031 2129//2031
f 2118//1329 2180//1329 2123//1329
f 2123//1329 2180//1329 2152//1329
f 2187//1278 2129//1278 2158//1278
f 2158//1278 2129//1278 2130//1278
f 2183//137 2185//137 2159//137
f 2159//137 2152//137 2180//137
f 2185//137 2186//137 2159//137
f 2159//137 2186//137 2187//137
f 2159//137 2187//137 2158//137
f 2180//137 2181//137 2159//137
f 2159//137 2181//137 2182//137
f 2159//137 2182//137 2183//137
f 2188//2032 2138//2032 2189//2032
f 2189//2032 2138//2032 2137//2032
f 2189//2033 2137//2033 2190//2033
f 2190//2033 2137//2033 2136//2033
f 2190//2034 2136//2034 2191//2034
f 2191//2034 2136//2034 2135//2034
f 2191//2035 2135//2035 2192//2035
f 2192//2035 2135//2035 2133//2035
f 2192//2036 2133//2036 2193//2036
f 2193//2036 2133//2036 2132//2036
f 2193//2037 2132//2037 2194//2037
f 2194//2037 2132//2037 2134//2037
f 2194//2038 2134//2038 2195//2038
f 2195//2038 2134//2038 2142//2038
f 2138//2039 2188//2039 2139//2039
f 2139//2039 2188//2039 2151//2039
f 2195//1646 2142//1646 2160//1646
f 2160//1646 2142//1646 2144//1646
f 2195//137 2160//137 2161//137
f 2151//137 2188//137 2161//137
f 2161//137 2188//137 2189//137
f 2161//137 2189//137 2190//137
f 2194//137 2195//137 2193//137
f 2193//137 2195//137 2161//137
f 2193//137 2161//137 2192//137
f 2192//137 2161//137 2190//137
f 2192//137 2190//137 2191//137
f 2196//2020 2058//2020 2197//2020
f 2197//2020 2058//2020 2059//2020
f 2197//1696 2059//1696 2198//1696
f 2198//1696 2059//1696 2060//1696
f 2198//2040 2060//2040 2199//2040
f 2199//2040 2060//2040 2057//2040
f 2199//1684 2057//1684 2200//1684
f 2200//1684 2057//1684 2055//1684
f 2200//1687 2055//1687 2201//1687
f 2201//1687 2055//1687 2054//1687
f 2201//1709 2054//1709 2202//1709
f 2202//1709 2054//1709 2041//1709
f 2058//1631 2196//1631 2053//1631
f 2053//1631 2196//1631 2150//1631
f 2202//2041 2041//2041 2162//2041
f 2162//2041 2041//2041 2042//2041
f 2202//137 2162//137 2163//137
f 2163//137 2150//137 2196//137
f 2201//137 2202//137 2200//137
f 2200//137 2202//137 2163//137
f 2200//137 2163//137 2199//137
f 2196//137 2197//137 2163//137
f 2163//137 2197//137 2198//137
f 2163//137 2198//137 2199//137
f 2203//2042 2077//2042 2204//2042
f 2204//2042 2077//2042 2083//2042
f 2204//2043 2083//2043 2205//2043
f 2205//2043 2083//2043 2082//2043
f 2205//2020 2082//2020 2206//2020
f 2206//2044 2082//2044 2207//2044
f 2206//2045 2207//2045 2208//2045
f 2208//1696 2207//1696 2085//1696
f 2208//1683 2085//1683 2209//1683
f 2209//1683 2085//1683 2084//1683
f 2209//2046 2084//2046 2210//2046
f 2210//2046 2084//2046 2048//2046
f 2077//1278 2203//1278 2079//1278
f 2079//1278 2203//1278 2155//1278
f 2210//1329 2048//1329 2148//1329
f 2148//1329 2048//1329 2047//1329
f 2203//137 2204//137 2205//137
f 2156//137 2155//137 2203//137
f 2208//137 2209//137 2156//137
f 2156//137 2209//137 2210//137
f 2156//137 2210//137 2148//137
f 2203//137 2205//137 2156//137
f 2156//137 2205//137 2206//137
f 2156//137 2206//137 2208//137
f 2211//1476 2212//1476 2213//1476
f 2213//1476 2212//1476 2214//1476
f 2215//2047 2214//2047 2216//2047
f 2216//2047 2214//2047 2212//2047
f 2217//1476 2215//1476 2218//1476
f 2218//1476 2215//1476 2216//1476
f 2219//2048 2217//2048 2220//2048
f 2220//2048 2217//2048 2218//2048
f 2221//1476 2219//1476 2222//1476
f 2222//1476 2219//1476 2220//1476
f 2223//1328 2224//1328 2225//1328
f 2225//1328 2224//1328 2226//1328
f 2225//1328 2226//1328 2227//1328
f 2227//1328 2226//1328 2228//1328
f 2227//1328 2228//1328 2229//1328
f 2230//1328 2231//1328 2232//1328
f 2232//1328 2231//1328 2233//1328
f 2232//1328 2233//1328 2234//1328
f 2235//1328 2236//1328 2237//1328
f 2237//1328 2236//1328 2238//1328
f 2237//1328 2238//1328 2239//1328
f 2239//1328 2238//1328 2240//1328
f 2239//1328 2240//1328 2241//1328
f 2241//1328 2240//1328 2242//1328
f 2241//1328 2242//1328 2243//1328
f 2243//1328 2242//1328 2244//1328
f 2243//1328 2244//1328 2230//1328
f 2245//1328 2246//1328 2225//1328
f 2225//1328 2246//1328 2247//1328
f 2248//1328 2249//1328 2250//1328
f 2250//1328 2249//1328 2223//1328
f 2250//1328 2223//1328 2251//1328
f 2247//1328 2252//1328 2225//1328
f 2225//1328 2252//1328 2253//1328
f 2225//1328 2253//1328 2223//1328
f 2223//1328 2253//1328 2254//1328
f 2223//1328 2254//1328 2251//1328
f 2248//1328 2255//1328 2249//1328
f 2249//1328 2255//1328 2256//1328
f 2249//1328 2256//1328 2257//1328
f 2257//1328 2256//1328 2258//1328
f 2257//1328 2258//1328 2245//1328
f 2259//1328 2260//1328 2225//1328
f 2261//1328 2262//1328 2227//1328
f 2227//1328 2262//1328 2263//1328
f 2245//1328 2225//1328 2257//1328
f 2257//1328 2225//1328 2260//1328
f 2257//1328 2260//1328 2264//1328
f 2264//1328 2265//1328 2257//1328
f 2257//1328 2265//1328 2266//1328
f 2257//1328 2266//1328 2267//1328
f 2267//1328 2266//1328 2268//1328
f 2267//1328 2268//1328 2261//1328
f 2263//1328 2269//1328 2227//1328
f 2227//1328 2269//1328 2270//1328
f 2227//1328 2270//1328 2225//1328
f 2225//1328 2270//1328 2271//1328
f 2225//1328 2271//1328 2259//1328
f 2272//1328 2273//1328 2229//1328
f 2229//1328 2273//1328 2274//1328
f 2229//1328 2274//1328 2275//1328
f 2227//1328 2276//1328 2277//1328
f 2261//1328 2227//1328 2267//1328
f 2267//1328 2227//1328 2277//1328
f 2267//1328 2277//1328 2278//1328
f 2278//1328 2279//1328 2267//1328
f 2267//1328 2279//1328 2280//1328
f 2267//1328 2280//1328 2272//1328
f 2272//1328 2280//1328 2281//1328
f 2272//1328 2281//1328 2273//1328
f 2275//1328 2282//1328 2229//1328
f 2229//1328 2282//1328 2283//1328
f 2229//1328 2283//1328 2227//1328
f 2227//1328 2283//1328 2284//1328
f 2227//1328 2284//1328 2276//1328
f 2285//1328 2286//1328 2233//1328
f 2233//1328 2286//1328 2287//1328
f 2233//1328 2287//1328 2288//1328
f 2289//1328 2290//1328 2229//1328
f 2228//1328 2234//1328 2229//1328
f 2229//1328 2234//1328 2233//1328
f 2229//1328 2233//1328 2289//1328
f 2289//1328 2233//1328 2288//1328
f 2290//1328 2291//1328 2229//1328
f 2229//1328 2291//1328 2292//1328
f 2229//1328 2292//1328 2272//1328
f 2272//1328 2292//1328 2293//1328
f 2293//1328 2294//1328 2272//1328
f 2272//1328 2294//1328 2295//1328
f 2272//1328 2295//1328 2296//1328
f 2296//1328 2295//1328 2297//1328
f 2296//1328 2297//1328 2285//1328
f 2233//1328 2298//1328 2299//1328
f 2285//1328 2233//1328 2296//1328
f 2296//1328 2233//1328 2299//1328
f 2296//1328 2299//1328 2300//1328
f 2301//1328 2302//1328 2231//1328
f 2231//1328 2302//1328 2303//1328
f 2231//1328 2303//1328 2233//1328
f 2233//1328 2303//1328 2304//1328
f 2233//1328 2304//1328 2298//1328
f 2300//1328 2305//1328 2296//1328
f 2296//1328 2305//1328 2306//1328
f 2296//1328 2306//1328 2307//1328
f 2306//1328 2308//1328 2307//1328
f 2307//1328 2308//1328 2309//1328
f 2307//1328 2309//1328 2231//1328
f 2231//1328 2309//1328 2310//1328
f 2231//1328 2310//1328 2301//1328
f 2311//1328 2307//1328 2312//1328
f 2312//1328 2307//1328 2231//1328
f 2312//1328 2231//1328 2313//1328
f 2313//1328 2231//1328 2314//1328
f 2315//1328 2316//1328 2244//1328
f 2244//1328 2316//1328 2317//1328
f 2230//1328 2244//1328 2231//1328
f 2231//1328 2244//1328 2318//1328
f 2231//1328 2318//1328 2314//1328
f 2319//1328 2320//1328 2317//1328
f 2317//1328 2320//1328 2321//1328
f 2317//1328 2321//1328 2244//1328
f 2244//1328 2321//1328 2322//1328
f 2244//1328 2322//1328 2318//1328
f 2323//1328 2324//1328 2325//1328
f 2325//1328 2324//1328 2326//1328
f 2325//1328 2326//1328 2244//1328
f 2244//1328 2326//1328 2327//1328
f 2244//1328 2327//1328 2315//1328
f 2311//1328 2328//1328 2307//1328
f 2307//1328 2328//1328 2329//1328
f 2307//1328 2329//1328 2325//1328
f 2325//1328 2329//1328 2330//1328
f 2325//1328 2330//1328 2323//1328
f 2319//1328 2331//1328 2320//1328
f 2320//1328 2331//1328 2332//1328
f 2320//1328 2332//1328 2333//1328
f 2333//1328 2332//1328 2334//1328
f 2333//1328 2334//1328 2330//1328
f 2330//1328 2334//1328 2335//1328
f 2330//1328 2335//1328 2323//1328
f 2336//1328 2337//1328 2325//1328
f 2338//1328 2339//1328 2242//1328
f 2242//1328 2339//1328 2340//1328
f 2242//1328 2340//1328 2244//1328
f 2244//1328 2340//1328 2341//1328
f 2325//1328 2337//1328 2342//1328
f 2337//1328 2343//1328 2342//1328
f 2342//1328 2343//1328 2344//1328
f 2342//1328 2344//1328 2242//1328
f 2242//1328 2344//1328 2345//1328
f 2242//1328 2345//1328 2338//1328
f 2341//1328 2346//1328 2244//1328
f 2244//1328 2346//1328 2347//1328
f 2244//1328 2347//1328 2325//1328
f 2325//1328 2347//1328 2348//1328
f 2325//1328 2348//1328 2336//1328
f 2349//1328 2350//1328 2342//1328
f 2342//1328 2350//1328 2351//1328
f 2350//1328 2352//1328 2351//1328
f 2351//1328 2352//1328 2353//1328
f 2351//1328 2353//1328 2240//1328
f 2240//1328 2353//1328 2354//1328
f 2240//1328 2354//1328 2355//1328
f 2356//1328 2242//1328 2357//1328
f 2357//1328 2242//1328 2240//1328
f 2357//1328 2240//1328 2358//1328
f 2358//1328 2240//1328 2355//1328
f 2356//1328 2359//1328 2242//1328
f 2242//1328 2359//1328 2360//1328
f 2242//1328 2360//1328 2342//1328
f 2342//1328 2360//1328 2361//1328
f 2342//1328 2361//1328 2349//1328
f 2362//1328 2363//1328 2238//1328
f 2238//1328 2363//1328 2364//1328
f 2365//1328 2240//1328 2366//1328
f 2366//1328 2240//1328 2238//1328
f 2366//1328 2238//1328 2367//1328
f 2367//1328 2238//1328 2364//1328
f 2351//1328 2368//1328 2369//1328
f 2369//1328 2368//1328 2370//1328
f 2369//1328 2370//1328 2371//1328
f 2365//1328 2372//1328 2240//1328
f 2240//1328 2372//1328 2373//1328
f 2240//1328 2373//1328 2351//1328
f 2351//1328 2373//1328 2374//1328
f 2351//1328 2374//1328 2368//1328
f 2236//1328 2375//1328 2238//1328
f 2238//1328 2375//1328 2369//1328
f 2238//1328 2369//1328 2362//1328
f 2362//1328 2369//1328 2371//1328
f 2376//96 2377//96 2378//96
f 2378//96 2377//96 2379//96
f 2380//2049 2379//2049 2381//2049
f 2381//2049 2379//2049 2377//2049
f 2382//96 2380//96 2383//96
f 2383//96 2380//96 2381//96
f 2384//2050 2382//2050 2385//2050
f 2385//2050 2382//2050 2383//2050
f 2386//96 2384//96 2387//96
f 2387//96 2384//96 2385//96
f 2388//137 2389//137 2390//137
f 2391//137 2392//137 2393//137
f 2390//137 2389//137 2394//137
f 2394//137 2389//137 2395//137
f 2394//137 2395//137 2396//137
f 2396//137 2395//137 2397//137
f 2396//137 2397//137 2398//137
f 2399//137 2400//137 2401//137
f 2401//137 2400//137 2402//137
f 2401//137 2402//137 2403//137
f 2403//137 2402//137 2404//137
f 2403//137 2404//137 2405//137
f 2406//137 2407//137 2391//137
f 2391//137 2407//137 2408//137
f 2391//137 2408//137 2409//137
f 2410//137 2411//137 2412//137
f 2412//137 2411//137 2413//137
f 2412//137 2413//137 2406//137
f 2406//137 2413//137 2414//137
f 2406//137 2414//137 2407//137
f 2410//137 2412//137 2415//137
f 2415//137 2412//137 2392//137
f 2415//137 2392//137 2416//137
f 2409//137 2417//137 2391//137
f 2391//137 2417//137 2418//137
f 2391//137 2418//137 2392//137
f 2392//137 2418//137 2419//137
f 2392//137 2419//137 2416//137
f 2420//137 2421//137 2391//137
f 2422//137 2423//137 2424//137
f 2425//137 2406//137 2426//137
f 2426//137 2406//137 2427//137
f 2426//137 2428//137 2425//137
f 2425//137 2428//137 2429//137
f 2425//137 2429//137 2424//137
f 2424//137 2429//137 2430//137
f 2424//137 2430//137 2422//137
f 2393//137 2431//137 2391//137
f 2391//137 2431//137 2424//137
f 2391//137 2424//137 2420//137
f 2420//137 2424//137 2423//137
f 2421//137 2432//137 2391//137
f 2391//137 2432//137 2433//137
f 2391//137 2433//137 2406//137
f 2406//137 2433//137 2434//137
f 2406//137 2434//137 2427//137
f 2435//137 2436//137 2424//137
f 2437//137 2390//137 2438//137
f 2438//137 2390//137 2439//137
f 2431//137 2388//137 2424//137
f 2424//137 2388//137 2390//137
f 2424//137 2390//137 2435//137
f 2435//137 2390//137 2437//137
f 2439//137 2390//137 2440//137
f 2440//137 2390//137 2441//137
f 2440//137 2441//137 2442//137
f 2442//137 2441//137 2443//137
f 2443//137 2441//137 2425//137
f 2443//137 2425//137 2444//137
f 2436//137 2445//137 2424//137
f 2424//137 2445//137 2446//137
f 2424//137 2446//137 2425//137
f 2425//137 2446//137 2447//137
f 2425//137 2447//137 2444//137
f 2448//137 2449//137 2394//137
f 2394//137 2449//137 2450//137
f 2394//137 2450//137 2451//137
f 2452//137 2390//137 2453//137
f 2453//137 2390//137 2394//137
f 2453//137 2394//137 2454//137
f 2454//137 2394//137 2451//137
f 2452//137 2455//137 2390//137
f 2390//137 2455//137 2456//137
f 2390//137 2456//137 2441//137
f 2441//137 2456//137 2457//137
f 2457//137 2458//137 2441//137
f 2441//137 2458//137 2459//137
f 2441//137 2459//137 2448//137
f 2448//137 2459//137 2460//137
f 2448//137 2460//137 2449//137
f 2461//137 2462//137 2396//137
f 2396//137 2462//137 2463//137
f 2396//137 2463//137 2464//137
f 2464//137 2465//137 2396//137
f 2396//137 2465//137 2466//137
f 2396//137 2466//137 2394//137
f 2394//137 2466//137 2467//137
f 2468//137 2448//137 2469//137
f 2469//137 2448//137 2394//137
f 2469//137 2394//137 2470//137
f 2470//137 2394//137 2467//137
f 2468//137 2471//137 2448//137
f 2448//137 2471//137 2472//137
f 2448//137 2472//137 2461//137
f 2461//137 2472//137 2473//137
f 2461//137 2473//137 2462//137
f 2474//137 2475//137 2476//137
f 2476//137 2475//137 2477//137
f 2476//137 2477//137 2478//137
f 2478//137 2477//137 2479//137
f 2480//137 2461//137 2481//137
f 2481//137 2461//137 2482//137
f 2483//137 2398//137 2484//137
f 2484//137 2398//137 2480//137
f 2484//137 2480//137 2485//137
f 2485//137 2480//137 2481//137
f 2486//137 2487//137 2461//137
f 2461//137 2487//137 2488//137
f 2486//137 2461//137 2489//137
f 2489//137 2461//137 2396//137
f 2489//137 2396//137 2490//137
f 2482//137 2461//137 2491//137
f 2491//137 2461//137 2488//137
f 2491//137 2488//137 2474//137
f 2474//137 2488//137 2492//137
f 2474//137 2492//137 2475//137
f 2483//137 2493//137 2398//137
f 2398//137 2493//137 2494//137
f 2398//137 2494//137 2479//137
f 2477//137 2495//137 2479//137
f 2479//137 2495//137 2496//137
f 2479//137 2496//137 2398//137
f 2398//137 2496//137 2497//137
f 2398//137 2497//137 2396//137
f 2396//137 2497//137 2498//137
f 2396//137 2498//137 2490//137
f 2499//137 2500//137 2501//137
f 2501//137 2502//137 2499//137
f 2499//137 2502//137 2503//137
f 2499//137 2503//137 2504//137
f 2398//137 2505//137 2506//137
f 2397//137 2507//137 2398//137
f 2398//137 2507//137 2499//137
f 2398//137 2499//137 2505//137
f 2505//137 2499//137 2504//137
f 2508//137 2480//137 2509//137
f 2509//137 2480//137 2398//137
f 2509//137 2398//137 2510//137
f 2510//137 2398//137 2506//137
f 2508//137 2511//137 2480//137
f 2480//137 2511//137 2512//137
f 2480//137 2512//137 2500//137
f 2500//137 2512//137 2513//137
f 2500//137 2513//137 2501//137
f 2514//137 2515//137 2404//137
f 2516//137 2517//137 2499//137
f 2518//137 2519//137 2404//137
f 2404//137 2519//137 2520//137
f 2404//137 2520//137 2514//137
f 2507//137 2405//137 2499//137
f 2499//137 2405//137 2404//137
f 2499//137 2404//137 2516//137
f 2516//137 2404//137 2515//137
f 2517//137 2521//137 2499//137
f 2499//137 2521//137 2522//137
f 2499//137 2522//137 2500//137
f 2500//137 2522//137 2523//137
f 2523//137 2524//137 2500//137
f 2500//137 2524//137 2525//137
f 2500//137 2525//137 2518//137
f 2518//137 2525//137 2526//137
f 2518//137 2526//137 2519//137
f 2402//137 2527//137 2528//137
f 2529//137 2404//137 2530//137
f 2530//137 2404//137 2402//137
f 2530//137 2402//137 2531//137
f 2531//137 2402//137 2528//137
f 2529//137 2532//137 2404//137
f 2404//137 2532//137 2533//137
f 2404//137 2533//137 2518//137
f 2518//137 2533//137 2534//137
f 2534//137 2535//137 2518//137
f 2518//137 2535//137 2536//137
f 2518//137 2536//137 2537//137
f 2537//137 2536//137 2538//137
f 2537//137 2538//137 2539//137
f 2400//137 2540//137 2402//137
f 2402//137 2540//137 2537//137
f 2402//137 2537//137 2527//137
f 2527//137 2537//137 2539//137
f 2217//1278 2219//1278 2221//1278
f 2380//1278 2375//1278 2236//1278
f 2379//1278 2380//1278 2378//1278
f 2378//1278 2380//1278 2236//1278
f 2378//1278 2236//1278 2235//1278
f 2213//1278 2214//1278 2412//1278
f 2412//1278 2214//1278 2215//1278
f 2412//1278 2215//1278 2392//1278
f 2382//1278 2384//1278 2386//1278
f 2221//1278 2375//1278 2217//1278
f 2217//1278 2375//1278 2380//1278
f 2217//1278 2380//1278 2215//1278
f 2215//1278 2380//1278 2382//1278
f 2215//1278 2382//1278 2392//1278
f 2392//1278 2382//1278 2386//1278
f 2392//1278 2386//1278 2393//1278
f 2216//1329 2212//1329 2211//1329
f 2223//1329 2249//1329 2381//1329
f 2387//1329 2385//1329 2383//1329
f 2218//1329 2216//1329 2383//1329
f 2211//1329 2540//1329 2216//1329
f 2216//1329 2540//1329 2400//1329
f 2216//1329 2400//1329 2383//1329
f 2383//1329 2400//1329 2399//1329
f 2383//1329 2399//1329 2387//1329
f 2222//1329 2220//1329 2249//1329
f 2249//1329 2220//1329 2218//1329
f 2249//1329 2218//1329 2381//1329
f 2381//1329 2218//1329 2383//1329
f 2377//1329 2376//1329 2381//1329
f 2381//1329 2376//1329 2224//1329
f 2381//1329 2224//1329 2223//1329
f 2399//2051 2401//2051 2387//2051
f 2387//2051 2401//2051 2403//2051
f 2387//2051 2403//2051 2405//2051
f 2389//2051 2388//2051 2386//2051
f 2386//2051 2388//2051 2431//2051
f 2386//2051 2431//2051 2393//2051
f 2405//2051 2507//2051 2387//2051
f 2387//2051 2507//2051 2397//2051
f 2387//2051 2397//2051 2386//2051
f 2386//2051 2397//2051 2395//2051
f 2386//2051 2395//2051 2389//2051
f 2235//2052 2237//2052 2378//2052
f 2378//2052 2237//2052 2239//2052
f 2378//2052 2239//2052 2241//2052
f 2234//2052 2228//2052 2376//2052
f 2376//2052 2228//2052 2226//2052
f 2376//2052 2226//2052 2224//2052
f 2241//2052 2243//2052 2378//2052
f 2378//2052 2243//2052 2541//2052
f 2378//2052 2541//2052 2376//2052
f 2376//2052 2541//2052 2232//2052
f 2376//2052 2232//2052 2234//2052
f 2342//2053 2351//2053 2221//2053
f 2221//2053 2351//2053 2369//2053
f 2221//2053 2369//2053 2375//2053
f 2249//2053 2257//2053 2222//2053
f 2222//2053 2257//2053 2267//2053
f 2222//2053 2267//2053 2272//2053
f 2272//2053 2296//2053 2222//2053
f 2222//2053 2296//2053 2542//2053
f 2222//2053 2542//2053 2221//2053
f 2221//2053 2542//2053 2325//2053
f 2221//2053 2325//2053 2342//2053
f 2412//2054 2406//2054 2213//2054
f 2213//2054 2406//2054 2425//2054
f 2213//2054 2425//2054 2441//2054
f 2441//2054 2448//2054 2213//2054
f 2213//2054 2448//2054 2543//2054
f 2213//2054 2543//2054 2211//2054
f 2211//2054 2543//2054 2480//2054
f 2211//2054 2480//2054 2500//2054
f 2500//2054 2518//2054 2211//2054
f 2211//2054 2518//2054 2537//2054
f 2211//2054 2537//2054 2540//2054
f 2544//2055 2545//2055 2374//2055
f 2374//2056 2545//2056 2546//2056
f 2374//2057 2546//2057 2368//2057
f 2368//2057 2546//2057 2547//2057
f 2368//2058 2547//2058 2370//2058
f 2370//2058 2547//2058 2548//2058
f 2370//2059 2548//2059 2371//2059
f 2371//2059 2548//2059 2549//2059
f 2371//2060 2549//2060 2362//2060
f 2362//2060 2549//2060 2550//2060
f 2362//2061 2550//2061 2551//2061
f 2551//2062 2550//2062 2552//2062
f 2551//2063 2552//2063 2364//2063
f 2364//2064 2552//2064 2553//2064
f 2364//2065 2553//2065 2367//2065
f 2367//2065 2553//2065 2554//2065
f 2367//2066 2554//2066 2366//2066
f 2366//2066 2554//2066 2555//2066
f 2366//2067 2555//2067 2365//2067
f 2365//2067 2555//2067 2556//2067
f 2365//2068 2556//2068 2372//2068
f 2372//2068 2556//2068 2557//2068
f 2372//2069 2557//2069 2544//2069
f 2544//2070 2557//2070 2545//2070
f 2546//137 2558//137 2547//137
f 2547//137 2558//137 2559//137
f 2547//137 2559//137 2548//137
f 2548//137 2559//137 2560//137
f 2548//137 2560//137 2549//137
f 2549//137 2560//137 2561//137
f 2549//137 2561//137 2550//137
f 2550//137 2561//137 2562//137
f 2550//137 2562//137 2563//137
f 2563//137 2562//137 2564//137
f 2563//137 2564//137 2553//137
f 2553//137 2564//137 2565//137
f 2553//137 2565//137 2554//137
f 2554//137 2565//137 2566//137
f 2554//137 2566//137 2555//137
f 2555//137 2566//137 2567//137
f 2555//137 2567//137 2556//137
f 2556//137 2567//137 2568//137
f 2556//137 2568//137 2557//137
f 2557//137 2568//137 2569//137
f 2557//137 2569//137 2570//137
f 2570//137 2569//137 2571//137
f 2570//137 2571//137 2546//137
f 2546//137 2571//137 2558//137
f 2572//2071 2573//2071 2558//2071
f 2558//2072 2573//2072 2574//2072
f 2558//2073 2574//2073 2559//2073
f 2559//2073 2574//2073 2575//2073
f 2559//2074 2575//2074 2560//2074
f 2560//2074 2575//2074 2576//2074
f 2560//2075 2576//2075 2561//2075
f 2561//2075 2576//2075 2577//2075
f 2561//2076 2577//2076 2562//2076
f 2562//2076 2577//2076 2578//2076
f 2562//2077 2578//2077 2579//2077
f 2579//2078 2578//2078 2580//2078
f 2579//2079 2580//2079 2565//2079
f 2565//2080 2580//2080 2581//2080
f 2565//2081 2581//2081 2566//2081
f 2566//2081 2581//2081 2582//2081
f 2566//2082 2582//2082 2567//2082
f 2567//2082 2582//2082 2583//2082
f 2567//2083 2583//2083 2568//2083
f 2568//2083 2583//2083 2584//2083
f 2568//2084 2584//2084 2569//2084
f 2569//2084 2584//2084 2585//2084
f 2569//2085 2585//2085 2572//2085
f 2572//2086 2585//2086 2573//2086
f 2574//2087 2407//2087 2575//2087
f 2575//2088 2407//2088 2414//2088
f 2575//2089 2414//2089 2576//2089
f 2576//2090 2414//2090 2413//2090
f 2576//2091 2413//2091 2577//2091
f 2577//2092 2413//2092 2411//2092
f 2577//2093 2411//2093 2578//2093
f 2578//2094 2411//2094 2410//2094
f 2578//2095 2410//2095 2586//2095
f 2586//2096 2410//2096 2587//2096
f 2586//2097 2587//2097 2581//2097
f 2581//2098 2587//2098 2416//2098
f 2581//2099 2416//2099 2582//2099
f 2582//2100 2416//2100 2419//2100
f 2582//2101 2419//2101 2583//2101
f 2583//2102 2419//2102 2418//2102
f 2583//2103 2418//2103 2584//2103
f 2584//2104 2418//2104 2417//2104
f 2584//2105 2417//2105 2585//2105
f 2585//2106 2417//2106 2409//2106
f 2585//2107 2409//2107 2588//2107
f 2588//2108 2409//2108 2589//2108
f 2588//2109 2589//2109 2574//2109
f 2574//2110 2589//2110 2407//2110
f 2590//2055 2591//2055 2361//2055
f 2361//2056 2591//2056 2592//2056
f 2361//2111 2592//2111 2349//2111
f 2349//2111 2592//2111 2593//2111
f 2349//1717 2593//1717 2350//1717
f 2350//1717 2593//1717 2594//1717
f 2350//2112 2594//2112 2352//2112
f 2352//2112 2594//2112 2595//2112
f 2352//2113 2595//2113 2353//2113
f 2353//2113 2595//2113 2596//2113
f 2353//2061 2596//2061 2597//2061
f 2597//2062 2596//2062 2598//2062
f 2597//2063 2598//2063 2355//2063
f 2355//2064 2598//2064 2599//2064
f 2355//2114 2599//2114 2358//2114
f 2358//2114 2599//2114 2600//2114
f 2358//2115 2600//2115 2357//2115
f 2357//2115 2600//2115 2601//2115
f 2357//1726 2601//1726 2356//1726
f 2356//1726 2601//1726 2602//1726
f 2356//2116 2602//2116 2359//2116
f 2359//2116 2602//2116 2603//2116
f 2359//2069 2603//2069 2590//2069
f 2590//2070 2603//2070 2591//2070
f 2592//137 2604//137 2593//137
f 2593//137 2604//137 2605//137
f 2593//137 2605//137 2594//137
f 2594//137 2605//137 2606//137
f 2594//137 2606//137 2595//137
f 2595//137 2606//137 2607//137
f 2595//137 2607//137 2596//137
f 2596//137 2607//137 2608//137
f 2596//137 2608//137 2609//137
f 2609//137 2608//137 2610//137
f 2609//137 2610//137 2599//137
f 2599//137 2610//137 2611//137
f 2599//137 2611//137 2600//137
f 2600//137 2611//137 2612//137
f 2600//137 2612//137 2601//137
f 2601//137 2612//137 2613//137
f 2601//137 2613//137 2602//137
f 2602//137 2613//137 2614//137
f 2602//137 2614//137 2603//137
f 2603//137 2614//137 2615//137
f 2603//137 2615//137 2616//137
f 2616//137 2615//137 2617//137
f 2616//137 2617//137 2592//137
f 2592//137 2617//137 2604//137
f 2618//2117 2619//2117 2604//2117
f 2604//2118 2619//2118 2620//2118
f 2604//2073 2620//2073 2605//2073
f 2605//2073 2620//2073 2621//2073
f 2605//2119 2621//2119 2606//2119
f 2606//2119 2621//2119 2622//2119
f 2606//2120 2622//2120 2607//2120
f 2607//2120 2622//2120 2623//2120
f 2607//2121 2623//2121 2608//2121
f 2608//2121 2623//2121 2624//2121
f 2608//2077 2624//2077 2625//2077
f 2625//2122 2624//2122 2626//2122
f 2625//2123 2626//2123 2611//2123
f 2611//2080 2626//2080 2627//2080
f 2611//2124 2627//2124 2612//2124
f 2612//2124 2627//2124 2628//2124
f 2612//2125 2628//2125 2613//2125
f 2613//2125 2628//2125 2629//2125
f 2613//2126 2629//2126 2614//2126
f 2614//2126 2629//2126 2630//2126
f 2614//2084 2630//2084 2615//2084
f 2615//2084 2630//2084 2631//2084
f 2615//2127 2631//2127 2618//2127
f 2618//2128 2631//2128 2619//2128
f 2620//2129 2429//2129 2621//2129
f 2621//2130 2429//2130 2428//2130
f 2621//2131 2428//2131 2622//2131
f 2622//2132 2428//2132 2426//2132
f 2622//2133 2426//2133 2623//2133
f 2623//2134 2426//2134 2427//2134
f 2623//2135 2427//2135 2624//2135
f 2624//2136 2427//2136 2434//2136
f 2624//2137 2434//2137 2632//2137
f 2632//2138 2434//2138 2633//2138
f 2632//2097 2633//2097 2627//2097
f 2627//2139 2633//2139 2432//2139
f 2627//2140 2432//2140 2628//2140
f 2628//2141 2432//2141 2421//2141
f 2628//2142 2421//2142 2629//2142
f 2629//2143 2421//2143 2420//2143
f 2629//2144 2420//2144 2630//2144
f 2630//2145 2420//2145 2423//2145
f 2630//2146 2423//2146 2631//2146
f 2631//2147 2423//2147 2422//2147
f 2631//2148 2422//2148 2634//2148
f 2634//2149 2422//2149 2635//2149
f 2634//2150 2635//2150 2620//2150
f 2620//2151 2635//2151 2429//2151
f 2636//2055 2637//2055 2348//2055
f 2348//2056 2637//2056 2638//2056
f 2348//2111 2638//2111 2336//2111
f 2336//2111 2638//2111 2639//2111
f 2336//2058 2639//2058 2337//2058
f 2337//2058 2639//2058 2640//2058
f 2337//1720 2640//1720 2343//1720
f 2343//1720 2640//1720 2641//1720
f 2343//2113 2641//2113 2344//2113
f 2344//2113 2641//2113 2642//2113
f 2344//2061 2642//2061 2643//2061
f 2643//2062 2642//2062 2644//2062
f 2643//2063 2644//2063 2338//2063
f 2338//2064 2644//2064 2645//2064
f 2338//2114 2645//2114 2339//2114
f 2339//2114 2645//2114 2646//2114
f 2339//1723 2646//1723 2340//1723
f 2340//1723 2646//1723 2647//1723
f 2340//2067 2647//2067 2341//2067
f 2341//2067 2647//2067 2648//2067
f 2341//2116 2648//2116 2346//2116
f 2346//2116 2648//2116 2649//2116
f 2346//2069 2649//2069 2636//2069
f 2636//2070 2649//2070 2637//2070
f 2638//137 2650//137 2639//137
f 2639//137 2650//137 2651//137
f 2639//137 2651//137 2640//137
f 2640//137 2651//137 2652//137
f 2640//137 2652//137 2641//137
f 2641//137 2652//137 2653//137
f 2641//137 2653//137 2642//137
f 2642//137 2653//137 2654//137
f 2642//137 2654//137 2655//137
f 2655//137 2654//137 2656//137
f 2655//137 2656//137 2645//137
f 2645//137 2656//137 2657//137
f 2645//137 2657//137 2646//137
f 2646//137 2657//137 2658//137
f 2646//137 2658//137 2647//137
f 2647//137 2658//137 2659//137
f 2647//137 2659//137 2648//137
f 2648//137 2659//137 2660//137
f 2648//137 2660//137 2649//137
f 2649//137 2660//137 2661//137
f 2649//137 2661//137 2662//137
f 2662//137 2661//137 2663//137
f 2662//137 2663//137 2638//137
f 2638//137 2663//137 2650//137
f 2664//2071 2665//2071 2650//2071
f 2650//2072 2665//2072 2666//2072
f 2650//2152 2666//2152 2651//2152
f 2651//2152 2666//2152 2667//2152
f 2651//2074 2667//2074 2652//2074
f 2652//2074 2667//2074 2668//2074
f 2652//2153 2668//2153 2653//2153
f 2653//2153 2668//2153 2669//2153
f 2653//2076 2669//2076 2654//2076
f 2654//2076 2669//2076 2670//2076
f 2654//2154 2670//2154 2671//2154
f 2671//2155 2670//2155 2672//2155
f 2671//2156 2672//2156 2657//2156
f 2657//2157 2672//2157 2673//2157
f 2657//2081 2673//2081 2658//2081
f 2658//2081 2673//2081 2674//2081
f 2658//2158 2674//2158 2659//2158
f 2659//2158 2674//2158 2675//2158
f 2659//2083 2675//2083 2660//2083
f 2660//2083 2675//2083 2676//2083
f 2660//2159 2676//2159 2661//2159
f 2661//2159 2676//2159 2677//2159
f 2661//2085 2677//2085 2664//2085
f 2664//2086 2677//2086 2665//2086
f 2666//2160 2440//2160 2667//2160
f 2667//2161 2440//2161 2442//2161
f 2667//2162 2442//2162 2668//2162
f 2668//2163 2442//2163 2443//2163
f 2668//2164 2443//2164 2669//2164
f 2669//2165 2443//2165 2444//2165
f 2669//2166 2444//2166 2670//2166
f 2670//2167 2444//2167 2447//2167
f 2670//2168 2447//2168 2678//2168
f 2678//2096 2447//2096 2679//2096
f 2678//2169 2679//2169 2673//2169
f 2673//2170 2679//2170 2445//2170
f 2673//2171 2445//2171 2674//2171
f 2674//2172 2445//2172 2436//2172
f 2674//2173 2436//2173 2675//2173
f 2675//2102 2436//2102 2435//2102
f 2675//2103 2435//2103 2676//2103
f 2676//2174 2435//2174 2437//2174
f 2676//2175 2437//2175 2677//2175
f 2677//2176 2437//2176 2438//2176
f 2677//2177 2438//2177 2680//2177
f 2680//2178 2438//2178 2681//2178
f 2680//2109 2681//2109 2666//2109
f 2666//2179 2681//2179 2440//2179
f 2682//2180 2683//2180 2334//2180
f 2334//2181 2683//2181 2684//2181
f 2334//2111 2684//2111 2335//2111
f 2335//2111 2684//2111 2685//2111
f 2335//2182 2685//2182 2323//2182
f 2323//2182 2685//2182 2686//2182
f 2323//1720 2686//1720 2324//1720
f 2324//1720 2686//1720 2687//1720
f 2324//2113 2687//2113 2326//2113
f 2326//2113 2687//2113 2688//2113
f 2326//2183 2688//2183 2689//2183
f 2689//2184 2688//2184 2690//2184
f 2689//2185 2690//2185 2315//2185
f 2315//2186 2690//2186 2691//2186
f 2315//2114 2691//2114 2316//2114
f 2316//2114 2691//2114 2692//2114
f 2316//1723 2692//1723 2317//1723
f 2317//1723 2692//1723 2693//1723
f 2317//2187 2693//2187 2319//2187
f 2319//2187 2693//2187 2694//2187
f 2319//2116 2694//2116 2331//2116
f 2331//2116 2694//2116 2695//2116
f 2331//2188 2695//2188 2682//2188
f 2682//2189 2695//2189 2683//2189
f 2684//137 2696//137 2685//137
f 2685//137 2696//137 2697//137
f 2685//137 2697//137 2686//137
f 2686//137 2697//137 2698//137
f 2686//137 2698//137 2687//137
f 2687//137 2698//137 2699//137
f 2687//137 2699//137 2688//137
f 2688//137 2699//137 2700//137
f 2688//137 2700//137 2701//137
f 2701//137 2700//137 2702//137
f 2701//137 2702//137 2691//137
f 2691//137 2702//137 2703//137
f 2691//137 2703//137 2692//137
f 2692//137 2703//137 2704//137
f 2692//137 2704//137 2693//137
f 2693//137 2704//137 2705//137
f 2693//137 2705//137 2694//137
f 2694//137 2705//137 2706//137
f 2694//137 2706//137 2695//137
f 2695//137 2706//137 2707//137
f 2695//137 2707//137 2708//137
f 2708//137 2707//137 2709//137
f 2708//137 2709//137 2684//137
f 2684//137 2709//137 2696//137
f 2710//2117 2711//2117 2696//2117
f 2696//2118 2711//2118 2712//2118
f 2696//2073 2712//2073 2697//2073
f 2697//2073 2712//2073 2713//2073
f 2697//2182 2713//2182 2698//2182
f 2698//2182 2713//2182 2714//2182
f 2698//2153 2714//2153 2699//2153
f 2699//2153 2714//2153 2715//2153
f 2699//2076 2715//2076 2700//2076
f 2700//2076 2715//2076 2716//2076
f 2700//2154 2716//2154 2717//2154
f 2717//2155 2716//2155 2718//2155
f 2717//2156 2718//2156 2703//2156
f 2703//2157 2718//2157 2719//2157
f 2703//2081 2719//2081 2704//2081
f 2704//2081 2719//2081 2720//2081
f 2704//2158 2720//2158 2705//2158
f 2705//2158 2720//2158 2721//2158
f 2705//2187 2721//2187 2706//2187
f 2706//2187 2721//2187 2722//2187
f 2706//2084 2722//2084 2707//2084
f 2707//2084 2722//2084 2723//2084
f 2707//2127 2723//2127 2710//2127
f 2710//2128 2723//2128 2711//2128
f 2712//2129 2449//2129 2713//2129
f 2713//2130 2449//2130 2460//2130
f 2713//2190 2460//2190 2714//2190
f 2714//2191 2460//2191 2459//2191
f 2714//2164 2459//2164 2715//2164
f 2715//2165 2459//2165 2458//2165
f 2715//2166 2458//2166 2716//2166
f 2716//2167 2458//2167 2457//2167
f 2716//2168 2457//2168 2724//2168
f 2724//2192 2457//2192 2725//2192
f 2724//2193 2725//2193 2719//2193
f 2719//2194 2725//2194 2455//2194
f 2719//2171 2455//2171 2720//2171
f 2720//2172 2455//2172 2452//2172
f 2720//2173 2452//2173 2721//2173
f 2721//2102 2452//2102 2453//2102
f 2721//2195 2453//2195 2722//2195
f 2722//2196 2453//2196 2454//2196
f 2722//2146 2454//2146 2723//2146
f 2723//2147 2454//2147 2451//2147
f 2723//2148 2451//2148 2726//2148
f 2726//2197 2451//2197 2727//2197
f 2726//2198 2727//2198 2712//2198
f 2712//2199 2727//2199 2449//2199
f 2728//2200 2729//2200 2311//2200
f 2311//2042 2729//2042 2730//2042
f 2311//2111 2730//2111 2328//2111
f 2328//2111 2730//2111 2731//2111
f 2328//2201 2731//2201 2329//2201
f 2329//2201 2731//2201 2732//2201
f 2329//2202 2732//2202 2330//2202
f 2330//2202 2732//2202 2733//2202
f 2330//2113 2733//2113 2333//2113
f 2333//2113 2733//2113 2734//2113
f 2333//2046 2734//2046 2735//2046
f 2735//2203 2734//2203 2736//2203
f 2735//2204 2736//2204 2321//2204
f 2321//2027 2736//2027 2737//2027
f 2321//2114 2737//2114 2322//2114
f 2322//2114 2737//2114 2738//2114
f 2322//2205 2738//2205 2318//2205
f 2318//2205 2738//2205 2739//2205
f 2318//2206 2739//2206 2314//2206
f 2314//2206 2739//2206 2740//2206
f 2314//2116 2740//2116 2313//2116
f 2313//2116 2740//2116 2741//2116
f 2313//2031 2741//2031 2728//2031
f 2728//2207 2741//2207 2729//2207
f 2732//137 2742//137 2733//137
f 2733//137 2742//137 2743//137
f 2733//137 2743//137 2734//137
f 2734//137 2743//137 2744//137
f 2734//137 2744//137 2745//137
f 2745//137 2744//137 2746//137
f 2745//137 2746//137 2737//137
f 2737//137 2746//137 2747//137
f 2737//137 2747//137 2738//137
f 2738//137 2747//137 2748//137
f 2738//137 2748//137 2739//137
f 2739//137 2748//137 2749//137
f 2739//137 2749//137 2740//137
f 2740//137 2749//137 2750//137
f 2740//137 2750//137 2741//137
f 2741//137 2750//137 2751//137
f 2741//137 2751//137 2752//137
f 2752//137 2751//137 2753//137
f 2752//137 2753//137 2730//137
f 2730//137 2753//137 2754//137
f 2730//137 2754//137 2731//137
f 2731//137 2754//137 2755//137
f 2731//137 2755//137 2732//137
f 2732//137 2755//137 2742//137
f 2756//2208 2757//2208 2754//2208
f 2754//2209 2757//2209 2758//2209
f 2754//2210 2758//2210 2755//2210
f 2755//2210 2758//2210 2759//2210
f 2755//1681 2759//1681 2742//1681
f 2742//1681 2759//1681 2760//1681
f 2742//2211 2760//2211 2743//2211
f 2743//2211 2760//2211 2761//2211
f 2743//2212 2761//2212 2744//2212
f 2744//2212 2761//2212 2762//2212
f 2744//2213 2762//2213 2763//2213
f 2763//2214 2762//2214 2764//2214
f 2763//2215 2764//2215 2747//2215
f 2747//2216 2764//2216 2765//2216
f 2747//2217 2765//2217 2748//2217
f 2748//2217 2765//2217 2766//2217
f 2748//2218 2766//2218 2749//2218
f 2749//2218 2766//2218 2767//2218
f 2749//1690 2767//1690 2750//1690
f 2750//1690 2767//1690 2768//1690
f 2750//2219 2768//2219 2751//2219
f 2751//2219 2768//2219 2769//2219
f 2751//2220 2769//2220 2756//2220
f 2756//2221 2769//2221 2757//2221
f 2758//2222 2462//2222 2759//2222
f 2759//2223 2462//2223 2473//2223
f 2759//2224 2473//2224 2760//2224
f 2760//2225 2473//2225 2472//2225
f 2760//2226 2472//2226 2761//2226
f 2761//2227 2472//2227 2471//2227
f 2761//2228 2471//2228 2762//2228
f 2762//2229 2471//2229 2468//2229
f 2762//2230 2468//2230 2770//2230
f 2770//2231 2468//2231 2771//2231
f 2770//2232 2771//2232 2765//2232
f 2765//2233 2771//2233 2470//2233
f 2765//2234 2470//2234 2766//2234
f 2766//2235 2470//2235 2467//2235
f 2766//2236 2467//2236 2767//2236
f 2767//2237 2467//2237 2466//2237
f 2767//2238 2466//2238 2768//2238
f 2768//2239 2466//2239 2465//2239
f 2768//2240 2465//2240 2769//2240
f 2769//2241 2465//2241 2464//2241
f 2769//2242 2464//2242 2772//2242
f 2772//2243 2464//2243 2773//2243
f 2772//2244 2773//2244 2758//2244
f 2758//2245 2773//2245 2462//2245
f 2774//2200 2775//2200 2300//2200
f 2300//2042 2775//2042 2776//2042
f 2300//2111 2776//2111 2305//2111
f 2305//2111 2776//2111 2777//2111
f 2305//2246 2777//2246 2306//2246
f 2306//2246 2777//2246 2778//2246
f 2306//2247 2778//2247 2308//2247
f 2308//2247 2778//2247 2779//2247
f 2308//2113 2779//2113 2309//2113
f 2309//2113 2779//2113 2780//2113
f 2309//2046 2780//2046 2781//2046
f 2781//2248 2780//2248 2782//2248
f 2781//2249 2782//2249 2301//2249
f 2301//2027 2782//2027 2783//2027
f 2301//2114 2783//2114 2302//2114
f 2302//2114 2783//2114 2784//2114
f 2302//2250 2784//2250 2303//2250
f 2303//2250 2784//2250 2785//2250
f 2303//2251 2785//2251 2304//2251
f 2304//2251 2785//2251 2786//2251
f 2304//2116 2786//2116 2298//2116
f 2298//2116 2786//2116 2787//2116
f 2298//2031 2787//2031 2774//2031
f 2774//2207 2787//2207 2775//2207
f 2777//137 2788//137 2778//137
f 2778//137 2788//137 2789//137
f 2778//137 2789//137 2779//137
f 2779//137 2789//137 2790//137
f 2779//137 2790//137 2780//137
f 2780//137 2790//137 2791//137
f 2780//137 2791//137 2792//137
f 2792//137 2791//137 2793//137
f 2792//137 2793//137 2783//137
f 2783//137 2793//137 2794//137
f 2783//137 2794//137 2784//137
f 2784//137 2794//137 2795//137
f 2784//137 2795//137 2785//137
f 2785//137 2795//137 2796//137
f 2785//137 2796//137 2786//137
f 2786//137 2796//137 2797//137
f 2786//137 2797//137 2787//137
f 2787//137 2797//137 2798//137
f 2787//137 2798//137 2799//137
f 2799//137 2798//137 2800//137
f 2799//137 2800//137 2776//137
f 2776//137 2800//137 2801//137
f 2776//137 2801//137 2777//137
f 2777//137 2801//137 2788//137
f 2802//2252 2803//2252 2801//2252
f 2801//2253 2803//2253 2804//2253
f 2801//2254 2804//2254 2788//2254
f 2788//2254 2804//2254 2805//2254
f 2788//1695 2805//1695 2789//1695
f 2789//1695 2805//1695 2806//1695
f 2789//1682 2806//1682 2790//1682
f 2790//1682 2806//1682 2807//1682
f 2790//2255 2807//2255 2791//2255
f 2791//2255 2807//2255 2808//2255
f 2791//2256 2808//2256 2809//2256
f 2809//2257 2808//2257 2810//2257
f 2809//2258 2810//2258 2794//2258
f 2794//2259 2810//2259 2811//2259
f 2794//2260 2811//2260 2795//2260
f 2795//2260 2811//2260 2812//2260
f 2795//1689 2812//1689 2796//1689
f 2796//1689 2812//1689 2813//1689
f 2796//462 2813//462 2797//462
f 2797//462 2813//462 2814//462
f 2797//2261 2814//2261 2798//2261
f 2798//2261 2814//2261 2815//2261
f 2798//2262 2815//2262 2802//2262
f 2802//2263 2815//2263 2803//2263
f 2804//2264 2475//2264 2805//2264
f 2805//2265 2475//2265 2492//2265
f 2805//2266 2492//2266 2806//2266
f 2806//2225 2492//2225 2488//2225
f 2806//2267 2488//2267 2807//2267
f 2807//2268 2488//2268 2487//2268
f 2807//2269 2487//2269 2808//2269
f 2808//2270 2487//2270 2486//2270
f 2808//2271 2486//2271 2816//2271
f 2816//2272 2486//2272 2817//2272
f 2816//2273 2817//2273 2811//2273
f 2811//2274 2817//2274 2490//2274
f 2811//2275 2490//2275 2812//2275
f 2812//2276 2490//2276 2498//2276
f 2812//2277 2498//2277 2813//2277
f 2813//2237 2498//2237 2497//2237
f 2813//2278 2497//2278 2814//2278
f 2814//2279 2497//2279 2496//2279
f 2814//2280 2496//2280 2815//2280
f 2815//2281 2496//2281 2495//2281
f 2815//2282 2495//2282 2818//2282
f 2818//2283 2495//2283 2819//2283
f 2818//2284 2819//2284 2804//2284
f 2804//2285 2819//2285 2475//2285
f 2820//2180 2821//2180 2293//2180
f 2293//2181 2821//2181 2822//2181
f 2293//2111 2822//2111 2294//2111
f 2294//2111 2822//2111 2823//2111
f 2294//1717 2823//1717 2295//1717
f 2295//1717 2823//1717 2824//1717
f 2295//2286 2824//2286 2297//2286
f 2297//2286 2824//2286 2825//2286
f 2297//2113 2825//2113 2285//2113
f 2285//2113 2825//2113 2826//2113
f 2285//2183 2826//2183 2827//2183
f 2827//2184 2826//2184 2828//2184
f 2827//2185 2828//2185 2287//2185
f 2287//2186 2828//2186 2829//2186
f 2287//2114 2829//2114 2288//2114
f 2288//2114 2829//2114 2830//2114
f 2288//2287 2830//2287 2289//2287
f 2289//2287 2830//2287 2831//2287
f 2289//1726 2831//1726 2290//1726
f 2290//1726 2831//1726 2832//1726
f 2290//2116 2832//2116 2291//2116
f 2291//2116 2832//2116 2833//2116
f 2291//2188 2833//2188 2820//2188
f 2820//2189 2833//2189 2821//2189
f 2822//137 2834//137 2823//137
f 2823//137 2834//137 2835//137
f 2823//137 2835//137 2824//137
f 2824//137 2835//137 2836//137
f 2824//137 2836//137 2825//137
f 2825//137 2836//137 2837//137
f 2825//137 2837//137 2826//137
f 2826//137 2837//137 2838//137
f 2826//137 2838//137 2839//137
f 2839//137 2838//137 2840//137
f 2839//137 2840//137 2829//137
f 2829//137 2840//137 2841//137
f 2829//137 2841//137 2830//137
f 2830//137 2841//137 2842//137
f 2830//137 2842//137 2831//137
f 2831//137 2842//137 2843//137
f 2831//137 2843//137 2832//137
f 2832//137 2843//137 2844//137
f 2832//137 2844//137 2833//137
f 2833//137 2844//137 2845//137
f 2833//137 2845//137 2846//137
f 2846//137 2845//137 2847//137
f 2846//137 2847//137 2822//137
f 2822//137 2847//137 2834//137
f 2848//2117 2849//2117 2834//2117
f 2834//2118 2849//2118 2850//2118
f 2834//2073 2850//2073 2835//2073
f 2835//2073 2850//2073 2851//2073
f 2835//2119 2851//2119 2836//2119
f 2836//2119 2851//2119 2852//2119
f 2836//2286 2852//2286 2837//2286
f 2837//2286 2852//2286 2853//2286
f 2837//2076 2853//2076 2838//2076
f 2838//2076 2853//2076 2854//2076
f 2838//2154 2854//2154 2855//2154
f 2855//2155 2854//2155 2856//2155
f 2855//2156 2856//2156 2841//2156
f 2841//2157 2856//2157 2857//2157
f 2841//2081 2857//2081 2842//2081
f 2842//2081 2857//2081 2858//2081
f 2842//2287 2858//2287 2843//2287
f 2843//2287 2858//2287 2859//2287
f 2843//2126 2859//2126 2844//2126
f 2844//2126 2859//2126 2860//2126
f 2844//2084 2860//2084 2845//2084
f 2845//2084 2860//2084 2861//2084
f 2845//2127 2861//2127 2848//2127
f 2848//2128 2861//2128 2849//2128
f 2850//2129 2484//2129 2851//2129
f 2851//2130 2484//2130 2485//2130
f 2851//2131 2485//2131 2852//2131
f 2852//2132 2485//2132 2481//2132
f 2852//2288 2481//2288 2853//2288
f 2853//2289 2481//2289 2482//2289
f 2853//2166 2482//2166 2854//2166
f 2854//2167 2482//2167 2491//2167
f 2854//2168 2491//2168 2862//2168
f 2862//2192 2491//2192 2863//2192
f 2862//2193 2863//2193 2857//2193
f 2857//2194 2863//2194 2476//2194
f 2857//2171 2476//2171 2858//2171
f 2858//2172 2476//2172 2478//2172
f 2858//2290 2478//2290 2859//2290
f 2859//2291 2478//2291 2479//2291
f 2859//2144 2479//2144 2860//2144
f 2860//2145 2479//2145 2494//2145
f 2860//2146 2494//2146 2861//2146
f 2861//2147 2494//2147 2493//2147
f 2861//2148 2493//2148 2864//2148
f 2864//2197 2493//2197 2865//2197
f 2864//2198 2865//2198 2850//2198
f 2850//2199 2865//2199 2484//2199
f 2866//2055 2867//2055 2278//2055
f 2278//2056 2867//2056 2868//2056
f 2278//2111 2868//2111 2279//2111
f 2279//2111 2868//2111 2869//2111
f 2279//1717 2869//1717 2280//1717
f 2280//1717 2869//1717 2870//1717
f 2280//2112 2870//2112 2281//2112
f 2281//2112 2870//2112 2871//2112
f 2281//2113 2871//2113 2273//2113
f 2273//2113 2871//2113 2872//2113
f 2273//2061 2872//2061 2873//2061
f 2873//2062 2872//2062 2874//2062
f 2873//2063 2874//2063 2275//2063
f 2275//2064 2874//2064 2875//2064
f 2275//2114 2875//2114 2282//2114
f 2282//2114 2875//2114 2876//2114
f 2282//2115 2876//2115 2283//2115
f 2283//2115 2876//2115 2877//2115
f 2283//1726 2877//1726 2284//1726
f 2284//1726 2877//1726 2878//1726
f 2284//2116 2878//2116 2276//2116
f 2276//2116 2878//2116 2879//2116
f 2276//2069 2879//2069 2866//2069
f 2866//2070 2879//2070 2867//2070
f 2868//137 2880//137 2869//137
f 2869//137 2880//137 2881//137
f 2869//137 2881//137 2870//137
f 2870//137 2881//137 2882//137
f 2870//137 2882//137 2871//137
f 2871//137 2882//137 2883//137
f 2871//137 2883//137 2872//137
f 2872//137 2883//137 2884//137
f 2872//137 2884//137 2885//137
f 2885//137 2884//137 2886//137
f 2885//137 2886//137 2875//137
f 2875//137 2886//137 2887//137
f 2875//137 2887//137 2876//137
f 2876//137 2887//137 2888//137
f 2876//137 2888//137 2877//137
f 2877//137 2888//137 2889//137
f 2877//137 2889//137 2878//137
f 2878//137 2889//137 2890//137
f 2878//137 2890//137 2879//137
f 2879//137 2890//137 2891//137
f 2879//137 2891//137 2892//137
f 2892//137 2891//137 2893//137
f 2892//137 2893//137 2868//137
f 2868//137 2893//137 2880//137
f 2894//2117 2895//2117 2880//2117
f 2880//2118 2895//2118 2896//2118
f 2880//2073 2896//2073 2881//2073
f 2881//2073 2896//2073 2897//2073
f 2881//2119 2897//2119 2882//2119
f 2882//2119 2897//2119 2898//2119
f 2882//2120 2898//2120 2883//2120
f 2883//2120 2898//2120 2899//2120
f 2883//2121 2899//2121 2884//2121
f 2884//2121 2899//2121 2900//2121
f 2884//2077 2900//2077 2901//2077
f 2901//2078 2900//2078 2902//2078
f 2901//2079 2902//2079 2887//2079
f 2887//2080 2902//2080 2903//2080
f 2887//2124 2903//2124 2888//2124
f 2888//2124 2903//2124 2904//2124
f 2888//2125 2904//2125 2889//2125
f 2889//2125 2904//2125 2905//2125
f 2889//2126 2905//2126 2890//2126
f 2890//2126 2905//2126 2906//2126
f 2890//2084 2906//2084 2891//2084
f 2891//2084 2906//2084 2907//2084
f 2891//2127 2907//2127 2894//2127
f 2894//2128 2907//2128 2895//2128
f 2896//2129 2501//2129 2897//2129
f 2897//2130 2501//2130 2513//2130
f 2897//2131 2513//2131 2898//2131
f 2898//2132 2513//2132 2512//2132
f 2898//2133 2512//2133 2899//2133
f 2899//2134 2512//2134 2511//2134
f 2899//2135 2511//2135 2900//2135
f 2900//2136 2511//2136 2508//2136
f 2900//2137 2508//2137 2908//2137
f 2908//2138 2508//2138 2909//2138
f 2908//2097 2909//2097 2903//2097
f 2903//2139 2909//2139 2510//2139
f 2903//2140 2510//2140 2904//2140
f 2904//2141 2510//2141 2506//2141
f 2904//2142 2506//2142 2905//2142
f 2905//2143 2506//2143 2505//2143
f 2905//2144 2505//2144 2906//2144
f 2906//2145 2505//2145 2504//2145
f 2906//2146 2504//2146 2907//2146
f 2907//2147 2504//2147 2503//2147
f 2907//2148 2503//2148 2910//2148
f 2910//2149 2503//2149 2911//2149
f 2910//2150 2911//2150 2896//2150
f 2896//2151 2911//2151 2501//2151
f 2912//2055 2913//2055 2264//2055
f 2264//2056 2913//2056 2914//2056
f 2264//2111 2914//2111 2265//2111
f 2265//2111 2914//2111 2915//2111
f 2265//2058 2915//2058 2266//2058
f 2266//2058 2915//2058 2916//2058
f 2266//1720 2916//1720 2268//1720
f 2268//1720 2916//1720 2917//1720
f 2268//2113 2917//2113 2261//2113
f 2261//2113 2917//2113 2918//2113
f 2261//2061 2918//2061 2919//2061
f 2919//2062 2918//2062 2920//2062
f 2919//2063 2920//2063 2263//2063
f 2263//2064 2920//2064 2921//2064
f 2263//2114 2921//2114 2269//2114
f 2269//2114 2921//2114 2922//2114
f 2269//1723 2922//1723 2270//1723
f 2270//1723 2922//1723 2923//1723
f 2270//2067 2923//2067 2271//2067
f 2271//2067 2923//2067 2924//2067
f 2271//2116 2924//2116 2259//2116
f 2259//2116 2924//2116 2925//2116
f 2259//2069 2925//2069 2912//2069
f 2912//2070 2925//2070 2913//2070
f 2914//137 2926//137 2915//137
f 2915//137 2926//137 2927//137
f 2915//137 2927//137 2916//137
f 2916//137 2927//137 2928//137
f 2916//137 2928//137 2917//137
f 2917//137 2928//137 2929//137
f 2917//137 2929//137 2918//137
f 2918//137 2929//137 2930//137
f 2918//137 2930//137 2931//137
f 2931//137 2930//137 2932//137
f 2931//137 2932//137 2921//137
f 2921//137 2932//137 2933//137
f 2921//137 2933//137 2922//137
f 2922//137 2933//137 2934//137
f 2922//137 2934//137 2923//137
f 2923//137 2934//137 2935//137
f 2923//137 2935//137 2924//137
f 2924//137 2935//137 2936//137
f 2924//137 2936//137 2925//137
f 2925//137 2936//137 2937//137
f 2925//137 2937//137 2938//137
f 2938//137 2937//137 2939//137
f 2938//137 2939//137 2914//137
f 2914//137 2939//137 2926//137
f 2940//2071 2941//2071 2926//2071
f 2926//2072 2941//2072 2942//2072
f 2926//2152 2942//2152 2927//2152
f 2927//2152 2942//2152 2943//2152
f 2927//2074 2943//2074 2928//2074
f 2928//2074 2943//2074 2944//2074
f 2928//2153 2944//2153 2929//2153
f 2929//2153 2944//2153 2945//2153
f 2929//2076 2945//2076 2930//2076
f 2930//2076 2945//2076 2946//2076
f 2930//2154 2946//2154 2947//2154
f 2947//2292 2946//2292 2948//2292
f 2947//2293 2948//2293 2933//2293
f 2933//2157 2948//2157 2949//2157
f 2933//2081 2949//2081 2934//2081
f 2934//2081 2949//2081 2950//2081
f 2934//2158 2950//2158 2935//2158
f 2935//2158 2950//2158 2951//2158
f 2935//2083 2951//2083 2936//2083
f 2936//2083 2951//2083 2952//2083
f 2936//2159 2952//2159 2937//2159
f 2937//2159 2952//2159 2953//2159
f 2937//2085 2953//2085 2940//2085
f 2940//2086 2953//2086 2941//2086
f 2942//2160 2519//2160 2943//2160
f 2943//2161 2519//2161 2526//2161
f 2943//2162 2526//2162 2944//2162
f 2944//2163 2526//2163 2525//2163
f 2944//2164 2525//2164 2945//2164
f 2945//2165 2525//2165 2524//2165
f 2945//2166 2524//2166 2946//2166
f 2946//2167 2524//2167 2523//2167
f 2946//2168 2523//2168 2954//2168
f 2954//2096 2523//2096 2955//2096
f 2954//2169 2955//2169 2949//2169
f 2949//2170 2955//2170 2521//2170
f 2949//2171 2521//2171 2950//2171
f 2950//2172 2521//2172 2517//2172
f 2950//2173 2517//2173 2951//2173
f 2951//2102 2517//2102 2516//2102
f 2951//2103 2516//2103 2952//2103
f 2952//2174 2516//2174 2515//2174
f 2952//2175 2515//2175 2953//2175
f 2953//2176 2515//2176 2514//2176
f 2953//2177 2514//2177 2956//2177
f 2956//2178 2514//2178 2957//2178
f 2956//2109 2957//2109 2942//2109
f 2942//2179 2957//2179 2519//2179
f 2958//2055 2959//2055 2248//2055
f 2248//2056 2959//2056 2960//2056
f 2248//2057 2960//2057 2255//2057
f 2255//2057 2960//2057 2961//2057
f 2255//2294 2961//2294 2256//2294
f 2256//2294 2961//2294 2962//2294
f 2256//2112 2962//2112 2258//2112
f 2258//2112 2962//2112 2963//2112
f 2258//2060 2963//2060 2245//2060
f 2245//2060 2963//2060 2964//2060
f 2245//2061 2964//2061 2965//2061
f 2965//2062 2964//2062 2966//2062
f 2965//2063 2966//2063 2247//2063
f 2247//2064 2966//2064 2967//2064
f 2247//2065 2967//2065 2252//2065
f 2252//2065 2967//2065 2968//2065
f 2252//2115 2968//2115 2253//2115
f 2253//2115 2968//2115 2969//2115
f 2253//2295 2969//2295 2254//2295
f 2254//2295 2969//2295 2970//2295
f 2254//2068 2970//2068 2251//2068
f 2251//2068 2970//2068 2971//2068
f 2251//2069 2971//2069 2958//2069
f 2958//2070 2971//2070 2959//2070
f 2960//137 2972//137 2961//137
f 2961//137 2972//137 2973//137
f 2961//137 2973//137 2962//137
f 2962//137 2973//137 2974//137
f 2962//137 2974//137 2963//137
f 2963//137 2974//137 2975//137
f 2963//137 2975//137 2964//137
f 2964//137 2975//137 2976//137
f 2964//137 2976//137 2977//137
f 2977//137 2976//137 2978//137
f 2977//137 2978//137 2967//137
f 2967//137 2978//137 2979//137
f 2967//137 2979//137 2968//137
f 2968//137 2979//137 2980//137
f 2968//137 2980//137 2969//137
f 2969//137 2980//137 2981//137
f 2969//137 2981//137 2970//137
f 2970//137 2981//137 2982//137
f 2970//137 2982//137 2971//137
f 2971//137 2982//137 2983//137
f 2971//137 2983//137 2984//137
f 2984//137 2983//137 2985//137
f 2984//137 2985//137 2960//137
f 2960//137 2985//137 2972//137
f 2986//2071 2987//2071 2972//2071
f 2972//2072 2987//2072 2988//2072
f 2972//2073 2988//2073 2973//2073
f 2973//2073 2988//2073 2989//2073
f 2973//2296 2989//2296 2974//2296
f 2974//2296 2989//2296 2990//2296
f 2974//2120 2990//2120 2975//2120
f 2975//2120 2990//2120 2991//2120
f 2975//2076 2991//2076 2976//2076
f 2976//2076 2991//2076 2992//2076
f 2976//2077 2992//2077 2993//2077
f 2993//2078 2992//2078 2994//2078
f 2993//2079 2994//2079 2979//2079
f 2979//2080 2994//2080 2995//2080
f 2979//2081 2995//2081 2980//2081
f 2980//2081 2995//2081 2996//2081
f 2980//2125 2996//2125 2981//2125
f 2981//2125 2996//2125 2997//2125
f 2981//2297 2997//2297 2982//2297
f 2982//2297 2997//2297 2998//2297
f 2982//2084 2998//2084 2983//2084
f 2983//2084 2998//2084 2999//2084
f 2983//2085 2999//2085 2986//2085
f 2986//2086 2999//2086 2987//2086
f 2988//2298 2539//2298 2989//2298
f 2989//2299 2539//2299 2538//2299
f 2989//2300 2538//2300 2990//2300
f 2990//2132 2538//2132 2536//2132
f 2990//2133 2536//2133 2991//2133
f 2991//2301 2536//2301 2535//2301
f 2991//2093 2535//2093 2992//2093
f 2992//2302 2535//2302 2534//2302
f 2992//2303 2534//2303 3000//2303
f 3000//2304 2534//2304 3001//2304
f 3000//2097 3001//2097 2995//2097
f 2995//2305 3001//2305 2532//2305
f 2995//2306 2532//2306 2996//2306
f 2996//2307 2532//2307 2529//2307
f 2996//2308 2529//2308 2997//2308
f 2997//2309 2529//2309 2530//2309
f 2997//2310 2530//2310 2998//2310
f 2998//2311 2530//2311 2531//2311
f 2998//2105 2531//2105 2999//2105
f 2999//2312 2531//2312 2528//2312
f 2999//2313 2528//2313 3002//2313
f 3002//2149 2528//2149 3003//2149
f 3002//2109 3003//2109 2988//2109
f 2988//2314 3003//2314 2539//2314
f 3004//137 3005//137 3006//137
f 3007//137 3008//137 3009//137
f 3009//137 3008//137 3010//137
f 3009//137 3010//137 3011//137
f 3011//137 3010//137 3012//137
f 3011//137 3012//137 3013//137
f 3013//137 3012//137 3014//137
f 3009//137 3015//137 3007//137
f 3007//137 3015//137 3016//137
f 3007//137 3016//137 3017//137
f 3017//137 3016//137 3018//137
f 3019//137 3020//137 3021//137
f 3021//137 3020//137 3022//137
f 3023//137 3013//137 3024//137
f 3024//137 3013//137 3014//137
f 3024//137 3014//137 3025//137
f 3025//137 3014//137 3026//137
f 3025//137 3026//137 3027//137
f 3021//137 3028//137 3019//137
f 3019//137 3028//137 3029//137
f 3019//137 3029//137 3030//137
f 3031//137 3032//137 3030//137
f 3033//137 3034//137 3035//137
f 3035//137 3034//137 3036//137
f 3035//137 3036//137 3037//137
f 3038//137 3039//137 3019//137
f 3031//137 3030//137 3040//137
f 3041//137 3042//137 3043//137
f 3043//137 3042//137 3018//137
f 3043//137 3018//137 3033//137
f 3033//137 3018//137 3016//137
f 3033//137 3016//137 3034//137
f 3044//137 3038//137 3045//137
f 3045//137 3038//137 3019//137
f 3045//137 3019//137 3046//137
f 3046//137 3019//137 3030//137
f 3046//137 3030//137 3047//137
f 3047//137 3030//137 3032//137
f 3048//137 3049//137 3020//137
f 3020//137 3049//137 3050//137
f 3020//137 3050//137 3022//137
f 3051//137 3052//137 3053//137
f 3054//137 3053//137 3055//137
f 3055//137 3053//137 3056//137
f 3055//137 3056//137 3057//137
f 3044//137 3058//137 3038//137
f 3038//137 3058//137 3059//137
f 3038//137 3059//137 3060//137
f 3060//137 3059//137 3061//137
f 3060//137 3061//137 3062//137
f 3036//137 3004//137 3037//137
f 3037//137 3004//137 3006//137
f 3037//137 3006//137 3030//137
f 3030//137 3006//137 3063//137
f 3030//137 3063//137 3040//137
f 3064//137 3065//137 3051//137
f 3051//137 3065//137 3066//137
f 3051//137 3066//137 3067//137
f 3067//137 3066//137 3042//137
f 3067//137 3042//137 3068//137
f 3068//137 3042//137 3041//137
f 3068//137 3041//137 3069//137
f 3069//137 3041//137 3049//137
f 3069//137 3049//137 3070//137
f 3070//137 3049//137 3048//137
f 3071//137 3051//137 3072//137
f 3072//137 3051//137 3053//137
f 3072//137 3053//137 3073//137
f 3073//137 3053//137 3054//137
f 3071//137 3074//137 3051//137
f 3051//137 3074//137 3075//137
f 3051//137 3075//137 3064//137
f 3064//137 3075//137 3076//137
f 3064//137 3076//137 3026//137
f 3026//137 3076//137 3077//137
f 3026//137 3077//137 3027//137
f 3078//137 3079//137 3080//137
f 3081//137 3082//137 3083//137
f 3084//137 3085//137 3086//137
f 3086//137 3085//137 3087//137
f 3086//137 3087//137 3088//137
f 3088//137 3087//137 3089//137
f 3090//137 3091//137 3092//137
f 3092//137 3091//137 3093//137
f 3083//137 3082//137 3094//137
f 3094//137 3082//137 3095//137
f 3094//137 3095//137 3096//137
f 3092//137 3097//137 3090//137
f 3090//137 3097//137 3098//137
f 3090//137 3098//137 3099//137
f 3083//137 3078//137 3081//137
f 3081//137 3078//137 3080//137
f 3081//137 3080//137 3099//137
f 3099//137 3080//137 3100//137
f 3100//137 3101//137 3099//137
f 3099//137 3101//137 3102//137
f 3099//137 3102//137 3103//137
f 3104//137 3105//137 3106//137
f 3106//137 3105//137 3107//137
f 3106//137 3107//137 3108//137
f 3109//137 3088//137 3110//137
f 3110//137 3088//137 3089//137
f 3110//137 3089//137 3111//137
f 3111//137 3089//137 3112//137
f 3111//137 3112//137 3113//137
f 3113//137 3112//137 3114//137
f 3115//137 3116//137 3091//137
f 3091//137 3116//137 3117//137
f 3091//137 3117//137 3093//137
f 3118//137 3119//137 3090//137
f 3120//137 3121//137 3122//137
f 3123//137 3122//137 3124//137
f 3124//137 3122//137 3125//137
f 3124//137 3125//137 3126//137
f 3127//137 3128//137 3120//137
f 3120//137 3128//137 3129//137
f 3120//137 3129//137 3130//137
f 3130//137 3129//137 3104//137
f 3130//137 3104//137 3131//137
f 3131//137 3104//137 3106//137
f 3131//137 3106//137 3132//137
f 3132//137 3106//137 3116//137
f 3132//137 3116//137 3133//137
f 3133//137 3116//137 3115//137
f 3134//137 3118//137 3135//137
f 3135//137 3118//137 3090//137
f 3135//137 3090//137 3136//137
f 3136//137 3090//137 3099//137
f 3136//137 3099//137 3137//137
f 3137//137 3099//137 3103//137
f 3114//137 3112//137 3138//137
f 3138//137 3112//137 3127//137
f 3138//137 3127//137 3139//137
f 3139//137 3127//137 3120//137
f 3139//137 3120//137 3140//137
f 3095//137 3141//137 3096//137
f 3096//137 3141//137 3106//137
f 3096//137 3106//137 3142//137
f 3142//137 3106//137 3108//137
f 3142//137 3108//137 3084//137
f 3084//137 3108//137 3143//137
f 3084//137 3143//137 3085//137
f 3123//137 3144//137 3122//137
f 3122//137 3144//137 3145//137
f 3122//137 3145//137 3120//137
f 3120//137 3145//137 3146//137
f 3120//137 3146//137 3140//137
f 3134//137 3147//137 3118//137
f 3118//137 3147//137 3148//137
f 3118//137 3148//137 3149//137
f 3149//137 3148//137 3150//137
f 3149//137 3150//137 3151//137
f 3152//1476 3153//1476 3154//1476
f 3154//1476 3153//1476 3155//1476
f 3155//1476 3156//1476 3157//1476
f 3154//1476 3158//1476 3159//1476
f 3160//1476 3154//1476 3161//1476
f 3161//1476 3154//1476 3155//1476
f 3161//1476 3155//1476 3162//1476
f 3162//1476 3155//1476 3157//1476
f 3159//1476 3163//1476 3154//1476
f 3154//1476 3163//1476 3164//1476
f 3154//1476 3164//1476 3152//1476
f 3165//96 3166//96 3167//96
f 3167//96 3166//96 3168//96
f 3168//96 3169//96 3167//96
f 3167//96 3169//96 3170//96
f 3167//96 3170//96 3171//96
f 3167//96 3172//96 3165//96
f 3165//96 3172//96 3173//96
f 3165//96 3173//96 3174//96
f 3174//96 3175//96 3165//96
f 3165//96 3175//96 3176//96
f 3165//96 3176//96 3177//96
f 3178//2315 3124//2315 3126//2315
f 3178//2316 3126//2316 3179//2316
f 3179//2317 3126//2317 3180//2317
f 3179//2318 3180//2318 3181//2318
f 3168//2319 3166//2319 3182//2319
f 3182//2320 3166//2320 3183//2320
f 3182//2321 3183//2321 3184//2321
f 3184//2322 3183//2322 3185//2322
f 3184//2323 3185//2323 3186//2323
f 3186//2324 3185//2324 3187//2324
f 3186//2325 3187//2325 3181//2325
f 3181//2326 3187//2326 3188//2326
f 3181//2327 3188//2327 3179//2327
f 3189//2328 3190//2328 3191//2328
f 3191//2329 3190//2329 3192//2329
f 3160//2330 3161//2330 3193//2330
f 3193//2331 3161//2331 3194//2331
f 3193//2332 3194//2332 3195//2332
f 3195//2333 3194//2333 3196//2333
f 3195//2334 3196//2334 3192//2334
f 3192//2335 3196//2335 3197//2335
f 3192//2336 3197//2336 3191//2336
f 3062//2337 3061//2337 3198//2337
f 3189//2338 3191//2338 3198//2338
f 3198//2339 3191//2339 3199//2339
f 3198//2340 3199//2340 3062//2340
f 3200//1476 3201//1476 3202//1476
f 3202//1476 3201//1476 3203//1476
f 3203//1476 3204//1476 3202//1476
f 3202//1476 3204//1476 3205//1476
f 3202//1476 3205//1476 3206//1476
f 3202//1476 3207//1476 3200//1476
f 3200//1476 3207//1476 3208//1476
f 3200//1476 3208//1476 3209//1476
f 3209//1476 3210//1476 3200//1476
f 3200//1476 3210//1476 3211//1476
f 3200//1476 3211//1476 3212//1476
f 3213//96 3214//96 3215//96
f 3214//96 3216//96 3215//96
f 3215//96 3216//96 3217//96
f 3215//96 3217//96 3218//96
f 3215//96 3219//96 3220//96
f 3221//96 3222//96 3216//96
f 3216//96 3222//96 3223//96
f 3216//96 3223//96 3217//96
f 3220//96 3224//96 3215//96
f 3215//96 3224//96 3225//96
f 3215//96 3225//96 3213//96
f 3218//2341 3217//2341 3226//2341
f 3226//2342 3217//2342 3227//2342
f 3226//2343 3227//2343 3228//2343
f 3229//2344 3230//2344 3231//2344
f 3231//2345 3230//2345 3228//2345
f 3231//2346 3228//2346 3232//2346
f 3232//2347 3228//2347 3227//2347
f 3151//2348 3150//2348 3233//2348
f 3151//2349 3233//2349 3234//2349
f 3234//2350 3233//2350 3235//2350
f 3234//2351 3235//2351 3229//2351
f 3229//2352 3235//2352 3236//2352
f 3229//2353 3236//2353 3230//2353
f 3237//2354 3238//2354 3239//2354
f 3239//2355 3238//2355 3240//2355
f 3239//2356 3240//2356 3057//2356
f 3057//2357 3240//2357 3055//2357
f 3203//2358 3201//2358 3241//2358
f 3241//2359 3201//2359 3242//2359
f 3241//2360 3242//2360 3243//2360
f 3243//2361 3242//2361 3244//2361
f 3243//2362 3244//2362 3245//2362
f 3245//2363 3244//2363 3246//2363
f 3245//2364 3246//2364 3237//2364
f 3237//2365 3246//2365 3247//2365
f 3237//2366 3247//2366 3238//2366
f 3248//2367 3249//2367 3250//2367
f 3251//2368 3252//2368 3253//2368
f 3253//2369 3252//2369 3254//2369
f 3253//2370 3254//2370 3248//2370
f 3248//2371 3250//2371 3253//2371
f 3253//2372 3250//2372 3255//2372
f 3253//2373 3255//2373 3251//2373
f 3251//2374 3255//2374 3256//2374
f 3251//2375 3256//2375 3257//2375
f 3258//2376 3259//2376 3260//2376
f 3260//2377 3259//2377 3261//2377
f 3260//2378 3261//2378 3262//2378
f 3263//2379 3264//2379 3260//2379
f 3260//2380 3264//2380 3265//2380
f 3260//2381 3265//2381 3258//2381
f 3266//2382 3267//2382 3268//2382
f 3269//2383 3267//2383 3270//2383
f 3270//2384 3267//2384 3266//2384
f 3270//2385 3266//2385 3271//2385
f 3271//2386 3266//2386 3272//2386
f 3272//2387 3266//2387 3268//2387
f 3272//2388 3268//2388 3273//2388
f 3273//2389 3268//2389 3274//2389
f 3273//2390 3274//2390 3275//2390
f 3276//2391 3277//2391 3278//2391
f 3279//2392 3280//2392 3281//2392
f 3281//2393 3280//2393 3276//2393
f 3281//2394 3276//2394 3282//2394
f 3282//2395 3276//2395 3278//2395
f 3282//2396 3278//2396 3283//2396
f 3284//1328 3285//1328 3286//1328
f 3287//1328 3288//1328 3289//1328
f 3290//1328 3291//1328 3292//1328
f 3293//1328 3290//1328 3294//1328
f 3295//1328 3296//1328 3297//1328
f 3298//1328 3299//1328 3300//1328
f 3301//1328 3302//1328 3303//1328
f 3302//1328 3304//1328 3303//1328
f 3303//1328 3304//1328 3305//1328
f 3303//1328 3305//1328 3286//1328
f 3286//1328 3305//1328 3306//1328
f 3286//1328 3306//1328 3307//1328
f 3300//1328 3308//1328 3298//1328
f 3298//1328 3308//1328 3309//1328
f 3298//1328 3309//1328 3310//1328
f 3310//1328 3309//1328 3311//1328
f 3310//1328 3311//1328 3296//1328
f 3296//1328 3311//1328 3312//1328
f 3296//1328 3312//1328 3297//1328
f 3297//1328 3301//1328 3295//1328
f 3295//1328 3301//1328 3303//1328
f 3295//1328 3303//1328 3313//1328
f 3313//1328 3303//1328 3314//1328
f 3313//1328 3314//1328 3315//1328
f 3315//1328 3314//1328 3316//1328
f 3315//1328 3316//1328 3317//1328
f 3318//1328 3319//1328 3320//1328
f 3320//1328 3319//1328 3321//1328
f 3320//1328 3321//1328 3322//1328
f 3322//1328 3321//1328 3323//1328
f 3322//1328 3323//1328 3324//1328
f 3294//1328 3290//1328 3325//1328
f 3325//1328 3290//1328 3292//1328
f 3325//1328 3292//1328 3326//1328
f 3327//1328 3328//1328 3329//1328
f 3330//1328 3331//1328 3332//1328
f 3332//1328 3331//1328 3333//1328
f 3332//1328 3333//1328 3334//1328
f 3334//1328 3335//1328 3292//1328
f 3292//1328 3335//1328 3336//1328
f 3292//1328 3336//1328 3326//1328
f 3326//1328 3336//1328 3337//1328
f 3326//1328 3337//1328 3338//1328
f 3337//1328 3339//1328 3338//1328
f 3338//1328 3339//1328 3340//1328
f 3338//1328 3340//1328 3341//1328
f 3341//1328 3340//1328 3342//1328
f 3341//1328 3342//1328 3328//1328
f 3328//1328 3342//1328 3343//1328
f 3328//1328 3343//1328 3329//1328
f 3329//1328 3330//1328 3327//1328
f 3327//1328 3330//1328 3332//1328
f 3327//1328 3332//1328 3344//1328
f 3344//1328 3332//1328 3345//1328
f 3344//1328 3345//1328 3346//1328
f 3346//1328 3345//1328 3347//1328
f 3346//1328 3347//1328 3348//1328
f 3349//1328 3348//1328 3350//1328
f 3284//1328 3286//1328 3288//1328
f 3289//1328 3288//1328 3351//1328
f 3351//1328 3288//1328 3286//1328
f 3351//1328 3286//1328 3299//1328
f 3299//1328 3286//1328 3307//1328
f 3299//1328 3307//1328 3300//1328
f 3352//1328 3353//1328 3354//1328
f 3354//1328 3353//1328 3355//1328
f 3354//1328 3355//1328 3320//1328
f 3320//1328 3355//1328 3356//1328
f 3320//1328 3356//1328 3318//1328
f 3318//1328 3356//1328 3357//1328
f 3318//1328 3357//1328 3358//1328
f 3314//1328 3359//1328 3316//1328
f 3316//1328 3359//1328 3360//1328
f 3316//1328 3360//1328 3317//1328
f 3317//1328 3360//1328 3361//1328
f 3317//1328 3361//1328 3352//1328
f 3352//1328 3361//1328 3362//1328
f 3352//1328 3362//1328 3353//1328
f 3363//1328 3364//1328 3365//1328
f 3365//1328 3364//1328 3366//1328
f 3323//1328 3367//1328 3324//1328
f 3324//1328 3367//1328 3368//1328
f 3324//1328 3368//1328 3293//1328
f 3293//1328 3368//1328 3369//1328
f 3293//1328 3369//1328 3290//1328
f 3290//1328 3369//1328 3370//1328
f 3290//1328 3370//1328 3291//1328
f 3291//1328 3370//1328 3371//1328
f 3291//1328 3371//1328 3372//1328
f 3364//1328 3373//1328 3366//1328
f 3366//1328 3373//1328 3319//1328
f 3366//1328 3319//1328 3374//1328
f 3374//1328 3319//1328 3318//1328
f 3374//1328 3318//1328 3375//1328
f 3375//1328 3318//1328 3358//1328
f 3375//1328 3358//1328 3376//1328
f 3376//1328 3358//1328 3377//1328
f 3376//1328 3377//1328 3378//1328
f 3378//1328 3377//1328 3379//1328
f 3378//1328 3379//1328 3314//1328
f 3314//1328 3379//1328 3380//1328
f 3314//1328 3380//1328 3359//1328
f 3381//1328 3382//1328 3383//1328
f 3384//1328 3385//1328 3386//1328
f 3350//1328 3348//1328 3387//1328
f 3387//1328 3348//1328 3347//1328
f 3387//1328 3347//1328 3388//1328
f 3388//1328 3347//1328 3345//1328
f 3388//1328 3345//1328 3389//1328
f 3350//1328 3390//1328 3349//1328
f 3349//1328 3390//1328 3391//1328
f 3349//1328 3391//1328 3392//1328
f 3392//1328 3391//1328 3393//1328
f 3392//1328 3393//1328 3394//1328
f 3394//1328 3393//1328 3395//1328
f 3394//1328 3395//1328 3386//1328
f 3386//1328 3395//1328 3396//1328
f 3386//1328 3396//1328 3384//1328
f 3384//1328 3396//1328 3397//1328
f 3384//1328 3397//1328 3382//1328
f 3382//1328 3397//1328 3398//1328
f 3382//1328 3398//1328 3383//1328
f 3399//1328 3400//1328 3287//1328
f 3287//1328 3400//1328 3401//1328
f 3287//1328 3401//1328 3288//1328
f 3288//1328 3401//1328 3402//1328
f 3288//1328 3402//1328 3284//1328
f 3385//1328 3403//1328 3386//1328
f 3386//1328 3403//1328 3404//1328
f 3386//1328 3404//1328 3394//1328
f 3394//1328 3404//1328 3405//1328
f 3394//1328 3405//1328 3406//1328
f 3406//1328 3405//1328 3407//1328
f 3406//1328 3407//1328 3399//1328
f 3399//1328 3407//1328 3408//1328
f 3399//1328 3408//1328 3400//1328
f 3402//1328 3409//1328 3284//1328
f 3284//1328 3409//1328 3410//1328
f 3284//1328 3410//1328 3411//1328
f 3411//1328 3410//1328 3412//1328
f 3411//1328 3412//1328 3413//1328
f 3413//1328 3412//1328 3414//1328
f 3413//1328 3414//1328 3403//1328
f 3403//1328 3414//1328 3415//1328
f 3403//1328 3415//1328 3404//1328
f 3383//1328 3389//1328 3381//1328
f 3381//1328 3389//1328 3345//1328
f 3381//1328 3345//1328 3416//1328
f 3416//1328 3345//1328 3332//1328
f 3416//1328 3332//1328 3417//1328
f 3334//1328 3292//1328 3332//1328
f 3332//1328 3292//1328 3418//1328
f 3332//1328 3418//1328 3417//1328
f 3363//1328 3365//1328 3372//1328
f 3372//1328 3365//1328 3419//1328
f 3372//1328 3419//1328 3291//1328
f 3291//1328 3419//1328 3420//1328
f 3291//1328 3420//1328 3292//1328
f 3292//1328 3420//1328 3421//1328
f 3292//1328 3421//1328 3418//1328
f 3285//1328 3422//1328 3286//1328
f 3286//1328 3422//1328 3423//1328
f 3286//1328 3423//1328 3303//1328
f 3303//1328 3423//1328 3424//1328
f 3303//1328 3424//1328 3314//1328
f 3425//1328 3426//1328 3427//1328
f 3427//1328 3426//1328 3428//1328
f 3427//1328 3428//1328 3429//1328
f 3430//1328 3431//1328 3432//1328
f 3433//1328 3434//1328 3432//1328
f 3432//1328 3434//1328 3435//1328
f 3432//1328 3435//1328 3430//1328
f 3436//1328 3437//1328 3438//1328
f 3438//1328 3437//1328 3439//1328
f 3438//1328 3439//1328 3440//1328
f 3441//1328 3442//1328 3443//1328
f 3443//1328 3442//1328 3444//1328
f 3443//1328 3444//1328 3445//1328
f 3445//1328 3444//1328 3446//1328
f 3447//96 3448//96 3449//96
f 3449//96 3448//96 3450//96
f 3451//96 3452//96 3453//96
f 3453//96 3452//96 3454//96
f 3455//1476 3456//1476 3457//1476
f 3457//1476 3456//1476 3458//1476
f 3459//1476 3460//1476 3461//1476
f 3461//1476 3460//1476 3462//1476
f 3463//2397 3464//2397 3465//2397
f 3465//2397 3464//2397 3466//2397
f 3467//2398 3468//2398 3469//2398
f 3469//2398 3468//2398 3470//2398
f 3471//2399 3472//2399 3473//2399
f 3473//2399 3472//2399 3474//2399
f 3475//2400 3476//2400 3477//2400
f 3477//2400 3476//2400 3478//2400
f 3479//1328 3480//1328 3481//1328
f 3481//1328 3480//1328 3482//1328
f 3481//1328 3482//1328 3483//1328
f 3484//1328 3485//1328 3486//1328
f 3486//1328 3485//1328 3487//1328
f 3486//1328 3487//1328 3488//1328
f 3489//1476 3490//1476 3491//1476
f 3491//1476 3490//1476 3492//1476
f 3493//96 3494//96 3495//96
f 3495//96 3494//96 3496//96
f 3497//1328 3498//1328 3499//1328
f 3500//1328 3501//1328 3499//1328
f 3499//1328 3501//1328 3502//1328
f 3499//1328 3502//1328 3497//1328
f 3503//1328 3504//1328 3505//1328
f 3505//1328 3504//1328 3506//1328
f 3505//1328 3506//1328 3507//1328
f 3507//1328 3506//1328 3508//1328
f 3509//1476 3510//1476 3511//1476
f 3511//1476 3510//1476 3512//1476
f 3513//96 3514//96 3515//96
f 3515//96 3514//96 3516//96
f 3517//2401 3518//2401 3519//2401
f 3519//2401 3518//2401 3520//2401
f 3521//2402 3522//2402 3523//2402
f 3523//2402 3522//2402 3524//2402
f 3525//2403 3526//2403 3527//2403
f 3527//2403 3526//2403 3528//2403
f 3529//2404 3530//2404 3531//2404
f 3531//2404 3530//2404 3532//2404
f 3533//2405 3534//2405 3535//2405
f 3535//2406 3534//2406 3536//2406
f 3535//2407 3536//2407 3537//2407
f 3538//2408 3539//2408 3535//2408
f 3535//2409 3539//2409 3540//2409
f 3535//2410 3540//2410 3533//2410
f 3541//2411 3542//2411 3543//2411
f 3543//2412 3542//2412 3544//2412
f 3541//2413 3543//2413 3545//2413
f 3545//2414 3543//2414 3546//2414
f 3545//2415 3546//2415 3547//2415
f 3547//2416 3546//2416 3548//2416
f 3548//2417 3546//2417 3549//2417
f 3548//2418 3549//2418 3550//2418
f 3550//2419 3549//2419 3551//2419
f 3550//2420 3551//2420 3552//2420
f 3553//2421 3554//2421 3555//2421
f 3556//2422 3557//2422 3558//2422
f 3558//2423 3557//2423 3559//2423
f 3558//2424 3559//2424 3553//2424
f 3553//2425 3555//2425 3558//2425
f 3558//2426 3555//2426 3560//2426
f 3558//2427 3560//2427 3556//2427
f 3556//2428 3560//2428 3561//2428
f 3556//2429 3561//2429 3562//2429
f 3563//1329 3564//1329 3565//1329
f 3565//1329 3564//1329 3566//1329
f 3566//1329 3567//1329 3565//1329
f 3565//1329 3567//1329 3568//1329
f 3565//1329 3568//1329 3569//1329
f 3570//1278 3571//1278 3572//1278
f 3573//1278 3570//1278 3574//1278
f 3574//1278 3570//1278 3572//1278
f 3574//1278 3572//1278 3575//1278
f 3575//1278 3572//1278 3576//1278
f 3577//2430 3578//2430 3579//2430
f 3580//2431 3581//2431 3582//2431
f 3582//2432 3581//2432 3577//2432
f 3582//2433 3577//2433 3583//2433
f 3583//2434 3577//2434 3579//2434
f 3583//2435 3579//2435 3584//2435
f 3585//2436 3586//2436 3587//2436
f 3588//2437 3586//2437 3589//2437
f 3589//2438 3586//2438 3585//2438
f 3589//2439 3585//2439 3590//2439
f 3590//2440 3585//2440 3591//2440
f 3591//2441 3585//2441 3587//2441
f 3591//2442 3587//2442 3592//2442
f 3592//2443 3587//2443 3593//2443
f 3592//2444 3593//2444 3594//2444
f 3595//137 3596//137 3597//137
f 3598//137 3599//137 3600//137
f 3600//137 3599//137 3601//137
f 3602//137 3603//137 3604//137
f 3597//137 3596//137 3605//137
f 3605//137 3596//137 3606//137
f 3605//137 3606//137 3607//137
f 3599//137 3608//137 3601//137
f 3601//137 3608//137 3609//137
f 3601//137 3609//137 3597//137
f 3597//137 3609//137 3610//137
f 3597//137 3610//137 3595//137
f 3611//137 3612//137 3597//137
f 3613//137 3216//137 3614//137
f 3614//137 3216//137 3214//137
f 3614//137 3214//137 3615//137
f 3615//137 3214//137 3616//137
f 3605//137 3617//137 3597//137
f 3597//137 3617//137 3618//137
f 3597//137 3618//137 3611//137
f 3611//137 3618//137 3619//137
f 3611//137 3619//137 3202//137
f 3612//137 3620//137 3597//137
f 3597//137 3620//137 3563//137
f 3597//137 3563//137 3565//137
f 3621//137 3622//137 3623//137
f 3623//137 3622//137 3624//137
f 3623//137 3624//137 3625//137
f 3625//137 3624//137 3626//137
f 3625//137 3626//137 3627//137
f 3619//137 3628//137 3202//137
f 3202//137 3628//137 3629//137
f 3202//137 3629//137 3207//137
f 3207//137 3629//137 3622//137
f 3207//137 3622//137 3630//137
f 3630//137 3622//137 3621//137
f 3630//137 3631//137 3207//137
f 3207//137 3631//137 3632//137
f 3207//137 3632//137 3214//137
f 3214//137 3632//137 3633//137
f 3214//137 3633//137 3616//137
f 3606//137 3634//137 3602//137
f 3604//137 3635//137 3602//137
f 3602//137 3635//137 3636//137
f 3602//137 3636//137 3606//137
f 3606//137 3636//137 3216//137
f 3606//137 3216//137 3607//137
f 3607//137 3216//137 3613//137
f 3607//137 3613//137 3637//137
f 3637//137 3613//137 3627//137
f 3637//137 3627//137 3638//137
f 3638//137 3627//137 3626//137
f 3634//137 3639//137 3602//137
f 3602//137 3639//137 3640//137
f 3602//137 3640//137 3600//137
f 3600//137 3640//137 3641//137
f 3600//137 3641//137 3598//137
f 3642//137 3643//137 3644//137
f 3574//137 3575//137 3645//137
f 3645//137 3575//137 3646//137
f 3645//137 3646//137 3647//137
f 3648//137 3649//137 3650//137
f 3650//137 3649//137 3651//137
f 3650//137 3651//137 3652//137
f 3653//137 3644//137 3654//137
f 3654//137 3644//137 3649//137
f 3654//137 3649//137 3655//137
f 3655//137 3649//137 3648//137
f 3656//137 3657//137 3658//137
f 3658//137 3657//137 3659//137
f 3660//137 3661//137 3172//137
f 3654//137 3662//137 3653//137
f 3653//137 3662//137 3663//137
f 3653//137 3663//137 3664//137
f 3664//137 3663//137 3665//137
f 3664//137 3665//137 3666//137
f 3666//137 3665//137 3667//137
f 3668//137 3167//137 3653//137
f 3653//137 3167//137 3669//137
f 3653//137 3669//137 3644//137
f 3644//137 3669//137 3670//137
f 3644//137 3670//137 3642//137
f 3671//137 3153//137 3672//137
f 3672//137 3153//137 3172//137
f 3672//137 3172//137 3673//137
f 3673//137 3172//137 3661//137
f 3674//137 3155//137 3675//137
f 3675//137 3155//137 3153//137
f 3675//137 3153//137 3676//137
f 3676//137 3153//137 3671//137
f 3645//137 3677//137 3678//137
f 3645//137 3678//137 3651//137
f 3651//137 3678//137 3679//137
f 3651//137 3679//137 3652//137
f 3668//137 3680//137 3167//137
f 3167//137 3680//137 3681//137
f 3167//137 3681//137 3172//137
f 3172//137 3681//137 3659//137
f 3172//137 3659//137 3660//137
f 3660//137 3659//137 3657//137
f 3656//137 3658//137 3682//137
f 3682//137 3658//137 3683//137
f 3682//137 3683//137 3684//137
f 3684//137 3683//137 3685//137
f 3684//137 3685//137 3674//137
f 3647//137 3665//137 3645//137
f 3645//137 3665//137 3686//137
f 3645//137 3686//137 3677//137
f 3647//137 3687//137 3665//137
f 3665//137 3687//137 3155//137
f 3665//137 3155//137 3667//137
f 3667//137 3155//137 3674//137
f 3667//137 3674//137 3688//137
f 3688//137 3674//137 3685//137
f 3689//2445 3690//2445 3691//2445
f 3692//2446 3693//2446 3694//2446
f 3694//2447 3693//2447 3695//2447
f 3694//2448 3695//2448 3696//2448
f 3696//2449 3697//2449 3694//2449
f 3694//2450 3697//2450 3698//2450
f 3694//2451 3698//2451 3699//2451
f 3699//2452 3698//2452 3700//2452
f 3699//2453 3700//2453 3701//2453
f 3702//2454 3703//2454 3692//2454
f 3692//2455 3703//2455 3704//2455
f 3692//2456 3704//2456 3693//2456
f 3705//2457 3706//2457 3702//2457
f 3702//2458 3706//2458 3707//2458
f 3702//2459 3707//2459 3703//2459
f 3708//2460 3709//2460 3705//2460
f 3705//2461 3709//2461 3710//2461
f 3705//2462 3710//2462 3706//2462
f 3711//2463 3712//2463 3708//2463
f 3708//2464 3712//2464 3713//2464
f 3708//2465 3713//2465 3709//2465
f 3714//2466 3715//2466 3711//2466
f 3711//2467 3715//2467 3716//2467
f 3711//2468 3716//2468 3712//2468
f 3717//2469 3718//2469 3714//2469
f 3714//2470 3718//2470 3719//2470
f 3714//2471 3719//2471 3715//2471
f 3720//2472 3721//2472 3717//2472
f 3717//2473 3721//2473 3722//2473
f 3717//2474 3722//2474 3718//2474
f 3723//2475 3724//2475 3725//2475
f 3725//2476 3724//2476 3726//2476
f 3723//2477 3727//2477 3724//2477
f 3724//2478 3727//2478 3728//2478
f 3724//2479 3728//2479 3720//2479
f 3720//2480 3728//2480 3729//2480
f 3720//2481 3729//2481 3721//2481
f 3730//2482 3731//2482 3732//2482
f 3732//2483 3731//2483 3733//2483
f 3732//2484 3733//2484 3734//2484
f 3730//2485 3735//2485 3731//2485
f 3731//2486 3735//2486 3736//2486
f 3731//2487 3736//2487 3689//2487
f 3737//2488 3738//2488 3739//2488
f 3739//2489 3740//2489 3737//2489
f 3737//2490 3740//2490 3741//2490
f 3737//2491 3741//2491 3733//2491
f 3733//2492 3741//2492 3742//2492
f 3733//2493 3742//2493 3734//2493
f 3743//2494 3744//2494 3745//2494
f 3745//2495 3746//2495 3743//2495
f 3743//2496 3746//2496 3747//2496
f 3743//2497 3747//2497 3738//2497
f 3738//2498 3747//2498 3748//2498
f 3738//2499 3748//2499 3739//2499
f 3749//2500 3750//2500 3751//2500
f 3751//2501 3752//2501 3749//2501
f 3749//2502 3752//2502 3753//2502
f 3749//2503 3753//2503 3744//2503
f 3744//2504 3753//2504 3754//2504
f 3744//2505 3754//2505 3745//2505
f 3755//2506 3756//2506 3757//2506
f 3755//2507 3757//2507 3758//2507
f 3757//2508 3759//2508 3758//2508
f 3758//2509 3759//2509 3760//2509
f 3758//2510 3760//2510 3750//2510
f 3750//2511 3760//2511 3761//2511
f 3750//2512 3761//2512 3751//2512
f 3762//2513 3763//2513 3764//2513
f 3763//2514 3765//2514 3764//2514
f 3764//2515 3765//2515 3766//2515
f 3764//2516 3766//2516 3755//2516
f 3755//2517 3766//2517 3767//2517
f 3755//2518 3767//2518 3756//2518
f 3689//2445 3691//2445 3731//2445
f 3731//2519 3691//2519 3768//2519
f 3731//2520 3768//2520 3769//2520
f 3701//2521 3770//2521 3699//2521
f 3699//2522 3770//2522 3771//2522
f 3699//2523 3771//2523 3772//2523
f 3772//2524 3771//2524 3773//2524
f 3772//2525 3773//2525 3764//2525
f 3764//2526 3773//2526 3774//2526
f 3764//2513 3774//2513 3762//2513
f 3775//2527 3726//2527 3776//2527
f 3776//2527 3726//2527 3724//2527
f 3776//2528 3724//2528 3777//2528
f 3777//2529 3724//2529 3769//2529
f 3777//2530 3769//2530 3778//2530
f 3778//2531 3769//2531 3768//2531
f 3357//2532 3779//2532 3358//2532
f 3358//2532 3779//2532 3780//2532
f 3358//1709 3780//1709 3377//1709
f 3377//1709 3780//1709 3781//1709
f 3377//2533 3781//2533 3379//2533
f 3379//2533 3781//2533 3782//2533
f 3379//2534 3782//2534 3380//2534
f 3380//2534 3782//2534 3783//2534
f 3380//2535 3783//2535 3359//2535
f 3359//2535 3783//2535 3784//2535
f 3359//2536 3784//2536 3360//2536
f 3360//2536 3784//2536 3785//2536
f 3360//2537 3785//2537 3361//2537
f 3361//2537 3785//2537 3786//2537
f 3361//2538 3786//2538 3362//2538
f 3362//2538 3786//2538 3787//2538
f 3362//2539 3787//2539 3353//2539
f 3353//2539 3787//2539 3788//2539
f 3353//2540 3788//2540 3355//2540
f 3355//2540 3788//2540 3789//2540
f 3355//2541 3789//2541 3356//2541
f 3356//2541 3789//2541 3790//2541
f 3356//2542 3790//2542 3357//2542
f 3357//2542 3790//2542 3779//2542
f 3780//2543 3043//2543 3781//2543
f 3781//2544 3043//2544 3033//2544
f 3781//2545 3033//2545 3782//2545
f 3782//2546 3033//2546 3035//2546
f 3782//2547 3035//2547 3783//2547
f 3783//2548 3035//2548 3037//2548
f 3783//2549 3037//2549 3784//2549
f 3784//2550 3037//2550 3030//2550
f 3784//2551 3030//2551 3785//2551
f 3785//2552 3030//2552 3029//2552
f 3785//2553 3029//2553 3786//2553
f 3786//2554 3029//2554 3028//2554
f 3786//2555 3028//2555 3787//2555
f 3787//2556 3028//2556 3021//2556
f 3787//2557 3021//2557 3788//2557
f 3788//2558 3021//2558 3022//2558
f 3788//2559 3022//2559 3789//2559
f 3789//2560 3022//2560 3050//2560
f 3789//2561 3050//2561 3790//2561
f 3790//2562 3050//2562 3049//2562
f 3790//2563 3049//2563 3779//2563
f 3779//2564 3049//2564 3041//2564
f 3779//2565 3041//2565 3780//2565
f 3780//2566 3041//2566 3043//2566
f 3370//2532 3791//2532 3371//2532
f 3371//2532 3791//2532 3792//2532
f 3371//2567 3792//2567 3372//2567
f 3372//2567 3792//2567 3793//2567
f 3372//2568 3793//2568 3363//2568
f 3363//2568 3793//2568 3794//2568
f 3363//2569 3794//2569 3364//2569
f 3364//2569 3794//2569 3795//2569
f 3364//1699 3795//1699 3373//1699
f 3373//1699 3795//1699 3796//1699
f 3373//2536 3796//2536 3319//2536
f 3319//2536 3796//2536 3797//2536
f 3319//2537 3797//2537 3321//2537
f 3321//2537 3797//2537 3798//2537
f 3321//2570 3798//2570 3323//2570
f 3323//2570 3798//2570 3799//2570
f 3323//2571 3799//2571 3367//2571
f 3367//2571 3799//2571 3800//2571
f 3367//2572 3800//2572 3368//2572
f 3368//2572 3800//2572 3801//2572
f 3368//2573 3801//2573 3369//2573
f 3369//2573 3801//2573 3802//2573
f 3369//2542 3802//2542 3370//2542
f 3370//2542 3802//2542 3791//2542
f 3792//2574 3026//2574 3793//2574
f 3793//2543 3026//2543 3014//2543
f 3793//2575 3014//2575 3794//2575
f 3794//2546 3014//2546 3012//2546
f 3794//2576 3012//2576 3795//2576
f 3795//2577 3012//2577 3010//2577
f 3795//2550 3010//2550 3796//2550
f 3796//2578 3010//2578 3008//2578
f 3796//2579 3008//2579 3797//2579
f 3797//2580 3008//2580 3007//2580
f 3797//2553 3007//2553 3798//2553
f 3798//2581 3007//2581 3017//2581
f 3798//2582 3017//2582 3799//2582
f 3799//2583 3017//2583 3018//2583
f 3799//2584 3018//2584 3800//2584
f 3800//2558 3018//2558 3042//2558
f 3800//2585 3042//2585 3801//2585
f 3801//2586 3042//2586 3066//2586
f 3801//2587 3066//2587 3802//2587
f 3802//2588 3066//2588 3065//2588
f 3802//2589 3065//2589 3791//2589
f 3791//2590 3065//2590 3064//2590
f 3791//2565 3064//2565 3792//2565
f 3792//2591 3064//2591 3026//2591
f 3342//2592 3803//2592 3343//2592
f 3343//1697 3803//1697 3804//1697
f 3343//2593 3804//2593 3329//2593
f 3329//2593 3804//2593 3805//2593
f 3329//2568 3805//2568 3330//2568
f 3330//2568 3805//2568 3806//2568
f 3330//2534 3806//2534 3331//2534
f 3331//2534 3806//2534 3807//2534
f 3331//2594 3807//2594 3333//2594
f 3333//2594 3807//2594 3808//2594
f 3333//1700 3808//1700 3334//1700
f 3334//2595 3808//2595 3809//2595
f 3334//2596 3809//2596 3335//2596
f 3335//1701 3809//1701 3810//1701
f 3335//2597 3810//2597 3336//2597
f 3336//2597 3810//2597 3811//2597
f 3336//2539 3811//2539 3337//2539
f 3337//2539 3811//2539 3812//2539
f 3337//2572 3812//2572 3339//2572
f 3339//2572 3812//2572 3813//2572
f 3339//2598 3813//2598 3340//2598
f 3340//2598 3813//2598 3814//2598
f 3340//1702 3814//1702 3342//1702
f 3342//2599 3814//2599 3803//2599
f 3804//2600 3815//2600 3805//2600
f 3805//2601 3815//2601 3816//2601
f 3805//2602 3816//2602 3806//2602
f 3806//2603 3816//2603 3817//2603
f 3806//2604 3817//2604 3807//2604
f 3807//2605 3817//2605 3818//2605
f 3807//2606 3818//2606 3808//2606
f 3808//2607 3818//2607 3819//2607
f 3808//2608 3819//2608 3809//2608
f 3809//2609 3819//2609 3820//2609
f 3809//2610 3820//2610 3810//2610
f 3810//2611 3820//2611 3821//2611
f 3810//2612 3821//2612 3811//2612
f 3811//2613 3821//2613 3822//2613
f 3811//2614 3822//2614 3812//2614
f 3812//2615 3822//2615 3823//2615
f 3812//2616 3823//2616 3813//2616
f 3813//2617 3823//2617 3824//2617
f 3813//2618 3824//2618 3814//2618
f 3814//2619 3824//2619 3825//2619
f 3814//2620 3825//2620 3803//2620
f 3803//2621 3825//2621 3826//2621
f 3803//2622 3826//2622 3804//2622
f 3804//2623 3826//2623 3815//2623
f 3387//2532 3827//2532 3350//2532
f 3350//2532 3827//2532 3828//2532
f 3350//2624 3828//2624 3390//2624
f 3390//2624 3828//2624 3829//2624
f 3390//2568 3829//2568 3391//2568
f 3391//2568 3829//2568 3830//2568
f 3391//2569 3830//2569 3393//2569
f 3393//2569 3830//2569 3831//2569
f 3393//2625 3831//2625 3395//2625
f 3395//2625 3831//2625 3832//2625
f 3395//2536 3832//2536 3396//2536
f 3396//2536 3832//2536 3833//2536
f 3396//2537 3833//2537 3397//2537
f 3397//2537 3833//2537 3834//2537
f 3397//1694 3834//1694 3398//1694
f 3398//1694 3834//1694 3835//1694
f 3398//2571 3835//2571 3383//2571
f 3383//2571 3835//2571 3836//2571
f 3383//2572 3836//2572 3389//2572
f 3389//2572 3836//2572 3837//2572
f 3389//2626 3837//2626 3388//2626
f 3388//2626 3837//2626 3838//2626
f 3388//2542 3838//2542 3387//2542
f 3387//2542 3838//2542 3827//2542
f 3828//2627 3097//2627 3829//2627
f 3829//2628 3097//2628 3092//2628
f 3829//2575 3092//2575 3830//2575
f 3830//2629 3092//2629 3093//2629
f 3830//2630 3093//2630 3831//2630
f 3831//2631 3093//2631 3117//2631
f 3831//2632 3117//2632 3832//2632
f 3832//2633 3117//2633 3116//2633
f 3832//2579 3116//2579 3833//2579
f 3833//2580 3116//2580 3106//2580
f 3833//2553 3106//2553 3834//2553
f 3834//2581 3106//2581 3141//2581
f 3834//2634 3141//2634 3835//2634
f 3835//2635 3141//2635 3095//2635
f 3835//2584 3095//2584 3836//2584
f 3836//2636 3095//2636 3082//2636
f 3836//2637 3082//2637 3837//2637
f 3837//2638 3082//2638 3081//2638
f 3837//2639 3081//2639 3838//2639
f 3838//2640 3081//2640 3099//2640
f 3838//2589 3099//2589 3827//2589
f 3827//2590 3099//2590 3098//2590
f 3827//2565 3098//2565 3828//2565
f 3828//2591 3098//2591 3097//2591
f 3404//2532 3839//2532 3405//2532
f 3405//2532 3839//2532 3840//2532
f 3405//2641 3840//2641 3407//2641
f 3407//2641 3840//2641 3841//2641
f 3407//2533 3841//2533 3408//2533
f 3408//2533 3841//2533 3842//2533
f 3408//2534 3842//2534 3400//2534
f 3400//2534 3842//2534 3843//2534
f 3400//2642 3843//2642 3401//2642
f 3401//2642 3843//2642 3844//2642
f 3401//2536 3844//2536 3402//2536
f 3402//2536 3844//2536 3845//2536
f 3402//2537 3845//2537 3409//2537
f 3409//2537 3845//2537 3846//2537
f 3409//2643 3846//2643 3410//2643
f 3410//2643 3846//2643 3847//2643
f 3410//2539 3847//2539 3412//2539
f 3412//2539 3847//2539 3848//2539
f 3412//2540 3848//2540 3414//2540
f 3414//2540 3848//2540 3849//2540
f 3414//1706 3849//1706 3415//1706
f 3415//1706 3849//1706 3850//1706
f 3415//2542 3850//2542 3404//2542
f 3404//2542 3850//2542 3839//2542
f 3840//2644 3107//2644 3841//2644
f 3841//2645 3107//2645 3105//2645
f 3841//2545 3105//2545 3842//2545
f 3842//2629 3105//2629 3104//2629
f 3842//2646 3104//2646 3843//2646
f 3843//2647 3104//2647 3129//2647
f 3843//2648 3129//2648 3844//2648
f 3844//2649 3129//2649 3128//2649
f 3844//2551 3128//2551 3845//2551
f 3845//2552 3128//2552 3127//2552
f 3845//2553 3127//2553 3846//2553
f 3846//2554 3127//2554 3112//2554
f 3846//2650 3112//2650 3847//2650
f 3847//2634 3112//2634 3089//2634
f 3847//2557 3089//2557 3848//2557
f 3848//2636 3089//2636 3087//2636
f 3848//2651 3087//2651 3849//2651
f 3849//2652 3087//2652 3085//2652
f 3849//2640 3085//2640 3850//2640
f 3850//2653 3085//2653 3143//2653
f 3850//2563 3143//2563 3839//2563
f 3839//2564 3143//2564 3108//2564
f 3839//2565 3108//2565 3840//2565
f 3840//2566 3108//2566 3107//2566
f 3305//2592 3851//2592 3306//2592
f 3306//1697 3851//1697 3852//1697
f 3306//2654 3852//2654 3307//2654
f 3307//2654 3852//2654 3853//2654
f 3307//2568 3853//2568 3300//2568
f 3300//2568 3853//2568 3854//2568
f 3300//2534 3854//2534 3308//2534
f 3308//2534 3854//2534 3855//2534
f 3308//2655 3855//2655 3309//2655
f 3309//2655 3855//2655 3856//2655
f 3309//1700 3856//1700 3311//1700
f 3311//2595 3856//2595 3857//2595
f 3311//2596 3857//2596 3312//2596
f 3312//1701 3857//1701 3858//1701
f 3312//2656 3858//2656 3297//2656
f 3297//2656 3858//2656 3859//2656
f 3297//2539 3859//2539 3301//2539
f 3301//2539 3859//2539 3860//2539
f 3301//2572 3860//2572 3302//2572
f 3302//2572 3860//2572 3861//2572
f 3302//2657 3861//2657 3304//2657
f 3304//2657 3861//2657 3862//2657
f 3304//1702 3862//1702 3305//1702
f 3305//2599 3862//2599 3851//2599
f 3852//2658 3863//2658 3853//2658
f 3853//2659 3863//2659 3864//2659
f 3853//2602 3864//2602 3854//2602
f 3854//2603 3864//2603 3865//2603
f 3854//2604 3865//2604 3855//2604
f 3855//2605 3865//2605 3866//2605
f 3855//2660 3866//2660 3856//2660
f 3856//2661 3866//2661 3867//2661
f 3856//2608 3867//2608 3857//2608
f 3857//2662 3867//2662 3868//2662
f 3857//2663 3868//2663 3858//2663
f 3858//2664 3868//2664 3869//2664
f 3858//2665 3869//2665 3859//2665
f 3859//2666 3869//2666 3870//2666
f 3859//2614 3870//2614 3860//2614
f 3860//2615 3870//2615 3871//2615
f 3860//2616 3871//2616 3861//2616
f 3861//2617 3871//2617 3872//2617
f 3861//2667 3872//2667 3862//2667
f 3862//2668 3872//2668 3873//2668
f 3862//2620 3873//2620 3851//2620
f 3851//2669 3873//2669 3874//2669
f 3851//2670 3874//2670 3852//2670
f 3852//2671 3874//2671 3863//2671
f 3875//2672 3876//2672 3877//2672
f 3877//2672 3876//2672 3878//2672
f 3879//96 3880//96 3881//96
f 3881//96 3880//96 3882//96
f 3883//96 3879//96 3884//96
f 3884//96 3879//96 3881//96
f 3884//96 3881//96 3885//96
f 3885//96 3881//96 3886//96
f 3885//96 3886//96 3887//96
f 3888//1278 3889//1278 3601//1278
f 3601//1278 3889//1278 3890//1278
f 3601//1278 3890//1278 3600//1278
f 3600//1278 3890//1278 3891//1278
f 3600//1278 3891//1278 3892//1278
f 3892//1278 3891//1278 3893//1278
f 3894//1476 3895//1476 3896//1476
f 3896//1476 3895//1476 3897//1476
f 3896//1476 3897//1476 3898//1476
f 3899//1476 3900//1476 3901//1476
f 3901//1476 3900//1476 3896//1476
f 3901//1476 3896//1476 3902//1476
f 3902//1476 3896//1476 3898//1476
f 3903//2673 3904//2673 3551//2673
f 3551//2673 3904//2673 3552//2673
f 3544//2674 3542//2674 3905//2674
f 3905//2674 3542//2674 3906//2674
f 3907//1476 3908//1476 3909//1476
f 3909//1476 3908//1476 3910//1476
f 3911//1476 3907//1476 3912//1476
f 3912//1476 3907//1476 3909//1476
f 3912//1476 3909//1476 3913//1476
f 3913//1476 3909//1476 3914//1476
f 3913//1476 3914//1476 3915//1476
f 3916//1329 3917//1329 3649//1329
f 3649//1329 3917//1329 3918//1329
f 3649//1329 3918//1329 3651//1329
f 3651//1329 3918//1329 3919//1329
f 3651//1329 3919//1329 3920//1329
f 3920//1329 3919//1329 3921//1329
f 3922//96 3923//96 3924//96
f 3924//96 3923//96 3925//96
f 3924//96 3925//96 3926//96
f 3927//96 3928//96 3929//96
f 3929//96 3928//96 3924//96
f 3929//96 3924//96 3930//96
f 3930//96 3924//96 3926//96
f 3931//2675 3932//2675 3933//2675
f 3933//2675 3932//2675 3934//2675
f 3642//1278 3935//1278 3643//1278
f 3643//1278 3935//1278 3936//1278
f 3936//1278 3937//1278 3643//1278
f 3643//1278 3937//1278 3938//1278
f 3643//1278 3938//1278 3939//1278
f 3940//1329 3941//1329 3942//1329
f 3943//1329 3940//1329 3603//1329
f 3603//1329 3940//1329 3942//1329
f 3603//1329 3942//1329 3604//1329
f 3604//1329 3942//1329 3944//1329
f 3945//2676 3599//2676 3946//2676
f 3946//2677 3599//2677 3598//2677
f 3946//2678 3598//2678 3947//2678
f 3947//2678 3598//2678 3641//2678
f 3947//2679 3641//2679 3948//2679
f 3948//2679 3641//2679 3640//2679
f 3948//2680 3640//2680 3949//2680
f 3949//2680 3640//2680 3639//2680
f 3949//2681 3639//2681 3950//2681
f 3950//2681 3639//2681 3634//2681
f 3950//2682 3634//2682 3951//2682
f 3951//2683 3634//2683 3606//2683
f 3951//2684 3606//2684 3952//2684
f 3952//2685 3606//2685 3596//2685
f 3952//2686 3596//2686 3953//2686
f 3953//2686 3596//2686 3595//2686
f 3953//2687 3595//2687 3954//2687
f 3954//2687 3595//2687 3610//2687
f 3954//2688 3610//2688 3955//2688
f 3955//2688 3610//2688 3609//2688
f 3955//2689 3609//2689 3956//2689
f 3956//2689 3609//2689 3608//2689
f 3956//2690 3608//2690 3945//2690
f 3945//2691 3608//2691 3599//2691
f 3957//2692 3665//2692 3958//2692
f 3958//2677 3665//2677 3663//2677
f 3958//2678 3663//2678 3959//2678
f 3959//2678 3663//2678 3662//2678
f 3959//2693 3662//2693 3960//2693
f 3960//2693 3662//2693 3654//2693
f 3960//2694 3654//2694 3961//2694
f 3961//2694 3654//2694 3655//2694
f 3961//2681 3655//2681 3962//2681
f 3962//2681 3655//2681 3648//2681
f 3962//2682 3648//2682 3963//2682
f 3963//2695 3648//2695 3650//2695
f 3963//2696 3650//2696 3964//2696
f 3964//2685 3650//2685 3652//2685
f 3964//2686 3652//2686 3965//2686
f 3965//2686 3652//2686 3679//2686
f 3965//2697 3679//2697 3966//2697
f 3966//2697 3679//2697 3678//2697
f 3966//2698 3678//2698 3967//2698
f 3967//2698 3678//2698 3677//2698
f 3967//2689 3677//2689 3968//2689
f 3968//2689 3677//2689 3686//2689
f 3968//2690 3686//2690 3957//2690
f 3957//2699 3686//2699 3665//2699
f 3969//96 3645//96 3920//96
f 3920//96 3645//96 3651//96
f 3970//137 3971//137 3972//137
f 3973//137 3974//137 3972//137
f 3972//137 3974//137 3975//137
f 3972//137 3975//137 3970//137
f 3976//137 3977//137 3973//137
f 3973//137 3977//137 3978//137
f 3973//137 3978//137 3974//137
f 3974//137 3978//137 3979//137
f 3974//137 3979//137 3980//137
f 3916//1476 3649//1476 3981//1476
f 3981//1476 3649//1476 3644//1476
f 3982//137 3983//137 3984//137
f 3984//137 3983//137 3985//137
f 3984//137 3985//137 3986//137
f 3987//137 3986//137 3988//137
f 3988//137 3986//137 3985//137
f 3988//137 3985//137 3989//137
f 3989//137 3985//137 3990//137
f 3989//137 3990//137 3991//137
f 3991//137 3990//137 3992//137
f 3993//1476 3602//1476 3892//1476
f 3892//1476 3602//1476 3600//1476
f 3994//137 3995//137 3996//137
f 3997//137 3998//137 3995//137
f 3995//137 3998//137 3999//137
f 3995//137 3999//137 3996//137
f 4000//137 4001//137 4002//137
f 4002//137 4001//137 3994//137
f 4002//137 3994//137 4003//137
f 4003//137 3994//137 3996//137
f 4003//137 3996//137 4004//137
f 3888//96 3601//96 4005//96
f 4005//96 3601//96 3597//96
f 4006//137 4007//137 4008//137
f 4008//137 4007//137 4009//137
f 4008//137 4009//137 4010//137
f 4011//137 4010//137 4012//137
f 4012//137 4010//137 4009//137
f 4012//137 4009//137 4013//137
f 4013//137 4009//137 4014//137
f 4013//137 4014//137 4015//137
f 4015//137 4014//137 4016//137
f 3932//2700 3931//2700 4017//2700
f 4017//2701 3931//2701 4018//2701
f 4017//2702 4018//2702 4019//2702
f 4019//2703 4018//2703 4020//2703
f 4019//2704 4020//2704 4021//2704
f 4021//2705 4020//2705 4022//2705
f 4021//2706 4022//2706 3924//2706
f 3924//2707 4022//2707 3922//2707
f 3909//2708 3910//2708 4023//2708
f 4023//2709 3910//2709 4024//2709
f 4023//2710 4024//2710 4025//2710
f 4025//2711 4024//2711 4026//2711
f 4025//2712 4026//2712 4027//2712
f 4027//2713 4026//2713 4028//2713
f 4027//2714 4028//2714 3906//2714
f 3906//2715 4028//2715 3905//2715
f 3904//2716 3903//2716 4029//2716
f 4029//2717 3903//2717 4030//2717
f 4029//2718 4030//2718 4031//2718
f 4031//2719 4030//2719 4032//2719
f 4031//2720 4032//2720 4033//2720
f 4033//2721 4032//2721 4034//2721
f 4033//2722 4034//2722 3896//2722
f 3896//2723 4034//2723 3894//2723
f 3881//2724 3882//2724 4035//2724
f 4035//2725 3882//2725 4036//2725
f 4035//2726 4036//2726 4037//2726
f 4037//2727 4036//2727 4038//2727
f 4037//2728 4038//2728 4039//2728
f 4039//2729 4038//2729 4040//2729
f 4039//2730 4040//2730 3878//2730
f 3878//2731 4040//2731 3877//2731
f 4041//1328 4042//1328 4043//1328
f 4044//1328 4045//1328 4046//1328
f 4047//1328 3255//1328 3250//1328
f 4048//1328 4049//1328 3272//1328
f 4050//1328 4051//1328 4052//1328
f 3272//1328 3273//1328 4048//1328
f 4048//1328 3273//1328 3275//1328
f 4048//1328 3275//1328 4052//1328
f 4052//1328 3275//1328 4053//1328
f 4052//1328 4053//1328 4050//1328
f 3513//1328 4054//1328 3514//1328
f 3514//1328 4054//1328 4055//1328
f 3514//1328 4055//1328 4056//1328
f 3582//1328 4057//1328 3580//1328
f 3580//1328 4057//1328 4058//1328
f 3580//1328 4058//1328 4059//1328
f 4059//1328 4058//1328 4054//1328
f 4059//1328 4054//1328 4060//1328
f 4060//1328 4054//1328 3513//1328
f 3529//1328 4061//1328 4062//1328
f 4062//1328 4061//1328 4063//1328
f 4050//1328 4064//1328 4051//1328
f 4051//1328 4064//1328 4065//1328
f 4051//1328 4065//1328 3530//1328
f 4063//1328 4066//1328 4062//1328
f 4062//1328 4066//1328 4067//1328
f 4062//1328 4067//1328 4055//1328
f 4055//1328 4067//1328 4068//1328
f 4055//1328 4068//1328 4056//1328
f 4069//1328 4070//1328 4071//1328
f 4071//1328 4070//1328 4072//1328
f 4071//1328 4072//1328 4073//1328
f 4072//1328 4074//1328 4073//1328
f 4073//1328 4074//1328 4075//1328
f 4073//1328 4075//1328 4076//1328
f 4076//1328 4075//1328 4043//1328
f 4076//1328 4043//1328 4077//1328
f 4077//1328 4043//1328 4042//1328
f 3255//1328 4047//1328 3256//1328
f 3256//1328 4047//1328 4078//1328
f 3256//1328 4078//1328 4079//1328
f 4079//1328 4078//1328 4077//1328
f 4079//1328 4077//1328 4080//1328
f 4081//1328 4082//1328 3539//1328
f 3539//1328 4082//1328 4083//1328
f 3539//1328 4083//1328 3540//1328
f 3540//1328 4083//1328 4084//1328
f 4081//1328 4085//1328 4082//1328
f 4082//1328 4085//1328 3453//1328
f 4082//1328 3453//1328 4086//1328
f 4086//1328 3453//1328 3454//1328
f 4086//1328 3454//1328 4087//1328
f 4087//1328 4088//1328 4086//1328
f 4086//1328 4088//1328 4089//1328
f 4086//1328 4089//1328 4090//1328
f 4090//1328 4089//1328 4091//1328
f 4090//1328 4091//1328 4092//1328
f 4092//1328 4093//1328 4090//1328
f 4090//1328 4093//1328 3476//1328
f 4090//1328 3476//1328 4041//1328
f 4041//1328 3476//1328 3475//1328
f 4041//1328 3475//1328 4042//1328
f 4042//1328 3475//1328 4094//1328
f 4042//1328 4094//1328 4077//1328
f 4077//1328 4094//1328 4095//1328
f 4077//1328 4095//1328 4080//1328
f 4096//1328 4097//1328 4098//1328
f 4098//1328 4099//1328 4096//1328
f 4096//1328 4099//1328 4100//1328
f 4096//1328 4100//1328 4086//1328
f 4086//1328 4100//1328 4101//1328
f 4101//1328 4102//1328 4086//1328
f 4086//1328 4102//1328 3460//1328
f 4086//1328 3460//1328 4082//1328
f 4082//1328 3460//1328 3459//1328
f 3281//1328 4103//1328 3279//1328
f 3279//1328 4103//1328 4104//1328
f 3279//1328 4104//1328 4105//1328
f 4105//1328 4104//1328 4082//1328
f 4105//1328 4082//1328 4106//1328
f 4106//1328 4082//1328 3459//1328
f 4107//1328 4108//1328 4045//1328
f 4045//1328 4108//1328 4109//1328
f 4045//1328 4109//1328 4046//1328
f 4046//1328 4109//1328 4110//1328
f 4046//1328 4110//1328 3468//1328
f 4107//1328 4045//1328 3594//1328
f 3594//1328 4045//1328 4111//1328
f 3594//1328 4111//1328 3592//1328
f 3592//1328 4111//1328 4112//1328
f 3592//1328 4112//1328 3591//1328
f 4113//1328 4114//1328 4115//1328
f 4115//1328 4114//1328 4116//1328
f 4114//1328 4117//1328 4116//1328
f 4116//1328 4117//1328 4044//1328
f 4116//1328 4044//1328 4118//1328
f 4118//1328 4044//1328 4046//1328
f 4118//1328 4046//1328 4119//1328
f 4119//1328 4046//1328 3468//1328
f 4119//1328 3468//1328 4096//1328
f 4096//1328 3468//1328 3467//1328
f 4096//1328 3467//1328 4097//1328
f 4120//1328 4121//1328 4122//1328
f 4122//1328 4121//1328 4123//1328
f 4122//1328 4123//1328 4124//1328
f 4124//1328 4123//1328 4113//1328
f 4124//1328 4113//1328 4125//1328
f 4125//1328 4113//1328 4115//1328
f 4126//1328 4054//1328 3264//1328
f 3264//1328 4054//1328 4127//1328
f 3264//1328 4127//1328 3265//1328
f 3265//1328 4127//1328 4128//1328
f 4121//1328 4129//1328 4130//1328
f 4131//1328 4132//1328 4055//1328
f 4055//1328 4132//1328 4133//1328
f 4055//1328 4133//1328 4134//1328
f 4134//1328 4133//1328 4135//1328
f 4134//1328 4135//1328 4136//1328
f 4121//1328 4130//1328 4137//1328
f 4137//1328 4130//1328 4138//1328
f 4137//1328 4138//1328 4139//1328
f 3555//1328 4140//1328 3560//1328
f 3560//1328 4140//1328 4139//1328
f 3560//1328 4139//1328 3561//1328
f 3561//1328 4139//1328 4138//1328
f 4126//1328 4141//1328 4054//1328
f 4054//1328 4141//1328 3510//1328
f 4054//1328 3510//1328 4055//1328
f 4055//1328 3510//1328 3509//1328
f 4055//1328 3509//1328 4131//1328
f 4136//1328 4142//1328 4134//1328
f 4134//1328 4142//1328 3518//1328
f 4134//1328 3518//1328 4120//1328
f 4120//1328 3518//1328 3517//1328
f 4120//1328 3517//1328 4121//1328
f 4121//1328 3517//1328 4143//1328
f 4121//1328 4143//1328 4129//1328
f 4144//1328 4145//1328 4146//1328
f 4146//1328 4145//1328 4147//1328
f 4148//1328 4149//1328 4150//1328
f 4151//1328 4152//1328 4153//1328
f 4153//1328 4152//1328 4154//1328
f 4153//1328 4154//1328 4149//1328
f 4149//1328 4154//1328 4155//1328
f 4149//1328 4155//1328 4150//1328
f 4156//1328 4157//1328 4086//1328
f 4086//1328 4157//1328 3448//1328
f 4086//1328 3448//1328 4153//1328
f 4153//1328 3448//1328 3447//1328
f 4153//1328 3447//1328 4151//1328
f 3471//1328 4158//1328 4090//1328
f 4090//1328 4158//1328 4159//1328
f 4159//1328 4160//1328 4090//1328
f 4090//1328 4160//1328 4161//1328
f 4090//1328 4161//1328 4086//1328
f 4086//1328 4161//1328 4162//1328
f 4086//1328 4162//1328 4156//1328
f 3471//1328 4090//1328 3472//1328
f 3472//1328 4090//1328 4163//1328
f 3472//1328 4163//1328 4164//1328
f 4150//1328 4165//1328 4148//1328
f 4148//1328 4165//1328 4166//1328
f 4148//1328 4166//1328 4167//1328
f 4167//1328 4166//1328 4164//1328
f 4167//1328 4164//1328 4168//1328
f 4168//1328 4164//1328 4163//1328
f 4072//1328 4169//1328 4170//1328
f 4170//1328 4169//1328 4171//1328
f 4170//1328 4171//1328 4172//1328
f 4172//1328 4171//1328 4173//1328
f 4172//1328 4173//1328 4174//1328
f 4174//1328 4173//1328 4175//1328
f 4174//1328 4175//1328 4176//1328
f 4176//1328 4175//1328 4177//1328
f 4176//1328 4177//1328 4178//1328
f 4179//1328 4180//1328 4070//1328
f 4070//1328 4180//1328 4181//1328
f 4070//1328 4181//1328 4072//1328
f 4072//1328 4181//1328 4182//1328
f 4072//1328 4182//1328 4169//1328
f 4177//1328 4183//1328 4178//1328
f 4178//1328 4183//1328 4184//1328
f 4178//1328 4184//1328 4185//1328
f 4185//1328 4184//1328 4186//1328
f 4187//1328 4188//1328 4070//1328
f 4070//1328 4188//1328 4185//1328
f 4070//1328 4185//1328 4179//1328
f 4179//1328 4185//1328 4186//1328
f 4188//1328 4189//1328 4185//1328
f 4185//1328 4189//1328 4190//1328
f 4185//1328 4190//1328 4191//1328
f 3529//1328 4062//1328 3530//1328
f 3530//1328 4062//1328 4192//1328
f 3530//1328 4192//1328 4051//1328
f 4051//1328 4192//1328 4193//1328
f 4051//1328 4193//1328 4194//1328
f 4194//1328 4193//1328 4195//1328
f 4194//1328 4195//1328 4069//1328
f 4069//1328 4195//1328 4196//1328
f 4069//1328 4196//1328 4070//1328
f 4070//1328 4196//1328 4197//1328
f 4070//1328 4197//1328 4187//1328
f 4190//1328 4198//1328 4191//1328
f 4191//1328 4198//1328 4199//1328
f 4191//1328 4199//1328 4200//1328
f 4200//1328 4199//1328 4201//1328
f 4200//1328 4201//1328 4202//1328
f 4202//1328 4201//1328 4203//1328
f 4202//1328 4203//1328 4204//1328
f 4204//1328 4203//1328 4205//1328
f 4204//1328 4205//1328 4206//1328
f 4206//1328 4205//1328 4207//1328
f 4206//1328 4207//1328 4196//1328
f 4196//1328 4207//1328 4208//1328
f 4196//1328 4208//1328 4197//1328
f 4055//1328 4209//1328 4210//1328
f 4211//1328 4212//1328 4213//1328
f 4213//1328 4212//1328 3494//1328
f 4213//1328 3494//1328 4055//1328
f 4055//1328 3494//1328 3493//1328
f 4055//1328 3493//1328 4209//1328
f 4214//1328 4215//1328 4216//1328
f 4216//1328 4215//1328 4217//1328
f 4216//1328 4217//1328 4213//1328
f 4213//1328 4217//1328 4218//1328
f 4213//1328 4218//1328 4211//1328
f 4210//1328 4219//1328 4055//1328
f 4055//1328 4219//1328 4220//1328
f 4055//1328 4220//1328 4062//1328
f 4062//1328 4220//1328 4221//1328
f 4062//1328 4221//1328 4222//1328
f 4222//1328 4223//1328 4062//1328
f 4062//1328 4223//1328 3527//1328
f 4062//1328 3527//1328 4224//1328
f 4224//1328 3527//1328 3528//1328
f 4224//1328 3528//1328 4225//1328
f 4225//1328 3528//1328 4226//1328
f 4225//1328 4226//1328 4227//1328
f 4227//1328 4226//1328 4228//1328
f 4227//1328 4228//1328 4229//1328
f 4229//1328 4228//1328 4230//1328
f 4229//1328 4230//1328 4231//1328
f 4231//1328 4230//1328 4215//1328
f 4231//1328 4215//1328 4232//1328
f 4232//1328 4215//1328 4214//1328
f 4233//1328 4234//1328 4134//1328
f 4235//1328 4236//1328 4055//1328
f 4055//1328 4236//1328 3490//1328
f 4055//1328 3490//1328 4213//1328
f 4213//1328 3490//1328 3489//1328
f 4213//1328 3489//1328 4237//1328
f 4237//1328 4238//1328 4213//1328
f 4213//1328 4238//1328 4239//1328
f 4213//1328 4239//1328 4240//1328
f 4240//1328 4239//1328 4241//1328
f 4240//1328 4241//1328 4242//1328
f 4233//1328 4134//1328 3521//1328
f 4234//1328 4243//1328 4134//1328
f 4134//1328 4243//1328 4244//1328
f 4134//1328 4244//1328 4055//1328
f 4055//1328 4244//1328 4245//1328
f 4055//1328 4245//1328 4235//1328
f 4246//1328 4240//1328 4247//1328
f 4247//1328 4240//1328 4242//1328
f 4247//1328 4242//1328 4248//1328
f 4248//1328 4242//1328 4249//1328
f 3521//1328 4134//1328 3522//1328
f 3522//1328 4134//1328 4250//1328
f 3522//1328 4250//1328 4251//1328
f 4242//1328 4252//1328 4249//1328
f 4249//1328 4252//1328 4253//1328
f 4249//1328 4253//1328 4254//1328
f 4254//1328 4253//1328 4251//1328
f 4254//1328 4251//1328 4255//1328
f 4255//1328 4251//1328 4250//1328
f 4256//1328 4257//1328 4086//1328
f 4258//1328 4153//1328 4259//1328
f 4259//1328 4153//1328 4260//1328
f 4259//1328 4260//1328 4261//1328
f 4258//1328 4262//1328 4153//1328
f 4153//1328 4262//1328 3457//1328
f 4153//1328 3457//1328 4086//1328
f 4086//1328 3457//1328 3458//1328
f 4086//1328 3458//1328 4256//1328
f 4257//1328 4263//1328 4086//1328
f 4086//1328 4263//1328 4264//1328
f 4086//1328 4264//1328 4096//1328
f 4096//1328 4264//1328 4265//1328
f 4096//1328 4265//1328 4266//1328
f 4266//1328 4267//1328 4096//1328
f 4096//1328 4267//1328 3465//1328
f 4096//1328 3465//1328 4268//1328
f 4268//1328 3465//1328 3466//1328
f 4268//1328 3466//1328 4269//1328
f 4269//1328 3466//1328 4270//1328
f 4269//1328 4270//1328 4271//1328
f 4271//1328 4270//1328 4272//1328
f 4271//1328 4272//1328 4273//1328
f 4273//1328 4272//1328 4274//1328
f 4273//1328 4274//1328 4260//1328
f 4260//1328 4274//1328 4275//1328
f 4260//1328 4275//1328 4261//1328
f 4276//1328 4277//1328 4278//1328
f 4278//1328 4279//1328 4276//1328
f 4276//1328 4279//1328 4260//1328
f 4276//1328 4260//1328 4280//1328
f 4280//1328 4260//1328 4153//1328
f 4280//1328 4153//1328 4147//1328
f 4147//1328 4153//1328 4149//1328
f 4147//1328 4149//1328 4146//1328
f 4281//2732 4282//2732 3313//2732
f 4283//2733 4284//2733 3344//2733
f 4285//2734 4286//2734 4287//2734
f 4285//2735 4287//2735 4288//2735
f 4288//2736 4287//2736 3295//2736
f 4288//2737 3295//2737 4289//2737
f 3296//2738 3295//2738 4290//2738
f 4290//2739 3295//2739 4287//2739
f 4290//2740 4287//2740 4291//2740
f 4291//2741 4287//2741 4286//2741
f 4291//2742 4286//2742 4292//2742
f 3296//2743 4293//2743 4294//2743
f 4294//2744 4293//2744 4295//2744
f 4294//2745 4295//2745 4296//2745
f 4290//2746 4297//2746 3296//2746
f 3296//2747 4297//2747 4298//2747
f 3296//2748 4298//2748 4293//2748
f 4293//2749 4298//2749 4299//2749
f 4293//2750 4299//2750 4295//2750
f 3338//2751 4300//2751 4301//2751
f 4301//2752 4300//2752 4302//2752
f 4301//2753 4302//2753 4303//2753
f 3326//2754 3338//2754 4304//2754
f 4304//2755 3338//2755 4301//2755
f 4304//2756 4301//2756 4305//2756
f 4305//2757 4301//2757 4303//2757
f 4305//2758 4303//2758 4306//2758
f 3326//2759 4307//2759 4308//2759
f 4308//2760 4307//2760 4309//2760
f 4308//2761 4309//2761 4310//2761
f 4304//2762 4311//2762 3326//2762
f 3326//2763 4311//2763 4312//2763
f 3326//2764 4312//2764 4307//2764
f 4307//2765 4312//2765 4313//2765
f 4307//2766 4313//2766 4309//2766
f 4314//2767 4315//2767 4316//2767
f 4314//2768 4316//2768 4317//2768
f 4317//2769 4316//2769 3327//2769
f 4317//2770 3327//2770 4318//2770
f 3328//2771 3327//2771 4319//2771
f 4319//2772 3327//2772 4316//2772
f 4319//2773 4316//2773 4320//2773
f 4320//2774 4316//2774 4315//2774
f 4320//2775 4315//2775 4321//2775
f 3328//2776 4322//2776 4323//2776
f 4323//2777 4322//2777 4324//2777
f 4323//2778 4324//2778 4325//2778
f 4319//2779 4326//2779 3328//2779
f 3328//2780 4326//2780 4327//2780
f 3328//2781 4327//2781 4322//2781
f 4322//2782 4327//2782 4328//2782
f 4322//2783 4328//2783 4324//2783
f 3298//2784 4329//2784 4330//2784
f 4330//2785 4329//2785 4331//2785
f 4330//2786 4331//2786 4332//2786
f 3299//2787 3298//2787 4333//2787
f 4333//2788 3298//2788 4330//2788
f 4333//2789 4330//2789 4334//2789
f 4334//2790 4330//2790 4332//2790
f 4334//2791 4332//2791 4335//2791
f 3299//2792 4336//2792 4337//2792
f 4337//2793 4336//2793 4338//2793
f 4337//2794 4338//2794 4339//2794
f 4333//2795 4340//2795 3299//2795
f 3299//2796 4340//2796 4341//2796
f 3299//2797 4341//2797 4336//2797
f 4336//2798 4341//2798 4342//2798
f 4336//2799 4342//2799 4338//2799
f 4323//2800 4343//2800 3328//2800
f 3328//2801 4343//2801 4344//2801
f 3328//2802 4344//2802 3341//2802
f 3344//683 4284//683 3327//683
f 3327//2803 4284//2803 4345//2803
f 3327//2804 4345//2804 4318//2804
f 4283//2805 3344//2805 4346//2805
f 4346//2806 3344//2806 3346//2806
f 4346//2807 3346//2807 3348//2807
f 3349//2808 3392//2808 4347//2808
f 4347//2809 4348//2809 3349//2809
f 3349//2810 4348//2810 4349//2810
f 3349//830 4349//830 3348//830
f 3348//2811 4349//2811 4350//2811
f 3348//2812 4350//2812 4346//2812
f 3406//2813 4351//2813 3394//2813
f 3394//2814 4351//2814 4352//2814
f 3394//2815 4352//2815 3392//2815
f 3392//2816 4352//2816 4353//2816
f 3392//2817 4353//2817 4347//2817
f 3399//2818 4354//2818 3406//2818
f 3406//2819 4354//2819 4355//2819
f 3406//2820 4355//2820 4351//2820
f 3351//2821 4356//2821 3289//2821
f 3289//2822 4356//2822 4357//2822
f 3289//2823 4357//2823 3287//2823
f 3287//2824 4357//2824 4358//2824
f 3287//2825 4358//2825 3399//2825
f 3399//2826 4358//2826 4359//2826
f 3399//2827 4359//2827 4354//2827
f 4337//2828 4360//2828 3299//2828
f 3299//2829 4360//2829 4361//2829
f 3299//2830 4361//2830 3351//2830
f 3351//2831 4361//2831 4362//2831
f 3351//2832 4362//2832 4356//2832
f 3310//2833 4363//2833 3298//2833
f 3298//2834 4363//2834 4364//2834
f 3298//2835 4364//2835 4329//2835
f 4294//2836 4365//2836 3296//2836
f 3296//2837 4365//2837 4366//2837
f 3296//2838 4366//2838 3310//2838
f 3310//2839 4366//2839 4367//2839
f 3310//2840 4367//2840 4363//2840
f 3313//822 4282//822 3295//822
f 3295//2841 4282//2841 4368//2841
f 3295//2842 4368//2842 4289//2842
f 4281//2843 3313//2843 4369//2843
f 4369//2844 3313//2844 3315//2844
f 4369//2845 3315//2845 3317//2845
f 3352//2846 3354//2846 4370//2846
f 4370//2847 4371//2847 3352//2847
f 3352//2848 4371//2848 4372//2848
f 3352//666 4372//666 3317//666
f 3317//2849 4372//2849 4373//2849
f 3317//2850 4373//2850 4369//2850
f 3322//2851 4374//2851 3320//2851
f 3320//2852 4374//2852 4375//2852
f 3320//2853 4375//2853 3354//2853
f 3354//2854 4375//2854 4376//2854
f 3354//2855 4376//2855 4370//2855
f 3324//2856 4377//2856 3322//2856
f 3322//2857 4377//2857 4378//2857
f 3322//2858 4378//2858 4374//2858
f 3325//2859 4379//2859 3294//2859
f 3294//2860 4379//2860 4380//2860
f 3294//2861 4380//2861 3293//2861
f 3293//2862 4380//2862 4381//2862
f 3293//2863 4381//2863 3324//2863
f 3324//2864 4381//2864 4382//2864
f 3324//2865 4382//2865 4377//2865
f 4308//2866 4383//2866 3326//2866
f 3326//2867 4383//2867 4384//2867
f 3326//2868 4384//2868 3325//2868
f 3325//2869 4384//2869 4385//2869
f 3325//2870 4385//2870 4379//2870
f 4344//2871 4386//2871 3341//2871
f 3341//2872 4386//2872 4387//2872
f 3341//2873 4387//2873 3338//2873
f 3338//2874 4387//2874 4388//2874
f 3338//2875 4388//2875 4300//2875
f 3967//137 3968//137 4389//137
f 4389//137 3968//137 3957//137
f 4389//137 3957//137 3958//137
f 3964//137 3965//137 4389//137
f 4389//137 3965//137 3966//137
f 4389//137 3966//137 3967//137
f 3961//137 3962//137 4389//137
f 4389//137 3962//137 3963//137
f 4389//137 3963//137 3964//137
f 3958//137 3959//137 4389//137
f 4389//137 3959//137 3960//137
f 4389//137 3960//137 3961//137
f 3955//137 3956//137 4390//137
f 4390//137 3956//137 3945//137
f 4390//137 3945//137 3946//137
f 3952//137 3953//137 4390//137
f 4390//137 3953//137 3954//137
f 4390//137 3954//137 3955//137
f 3949//137 3950//137 4390//137
f 4390//137 3950//137 3951//137
f 4390//137 3951//137 3952//137
f 3946//137 3947//137 4390//137
f 4390//137 3947//137 3948//137
f 4390//137 3948//137 3949//137
f 3172//2876 3153//2876 3152//2876
f 4391//2877 4392//2877 3177//2877
f 4393//2878 4394//2878 3177//2878
f 3177//2879 4394//2879 4395//2879
f 3177//2880 4395//2880 4391//2880
f 4396//2877 4393//2877 3158//2877
f 3158//2877 4393//2877 3177//2877
f 3158//2881 3177//2881 3159//2881
f 3159//2881 3177//2881 3176//2881
f 3159//2882 3176//2882 3163//2882
f 3163//2882 3176//2882 3175//2882
f 3163//2883 3175//2883 3164//2883
f 3164//2883 3175//2883 3174//2883
f 3164//2884 3174//2884 3152//2884
f 3152//2884 3174//2884 3173//2884
f 3152//2876 3173//2876 3172//2876
f 3207//2885 3214//2885 3213//2885
f 4397//2886 4398//2886 3212//2886
f 4399//2887 4400//2887 3212//2887
f 3212//2888 4400//2888 4401//2888
f 3212//2889 4401//2889 4397//2889
f 4402//2886 4399//2886 3219//2886
f 3219//2886 4399//2886 3212//2886
f 3219//2890 3212//2890 3220//2890
f 3220//2890 3212//2890 3211//2890
f 3220//2891 3211//2891 3224//2891
f 3224//2891 3211//2891 3210//2891
f 3224//2892 3210//2892 3225//2892
f 3225//2892 3210//2892 3209//2892
f 3225//2893 3209//2893 3213//2893
f 3213//2893 3209//2893 3208//2893
f 3213//2885 3208//2885 3207//2885
f 3216//2894 3636//2894 4403//2894
f 4403//2895 4404//2895 3216//2895
f 3216//2896 4404//2896 4405//2896
f 3216//2897 4405//2897 3221//2897
f 3635//2898 4406//2898 3636//2898
f 3636//2899 4406//2899 4407//2899
f 3636//2900 4407//2900 4403//2900
f 3604//2901 3944//2901 3635//2901
f 3635//2902 3944//2902 4408//2902
f 4408//2903 4409//2903 3635//2903
f 3635//2904 4409//2904 4410//2904
f 3635//2905 4410//2905 4406//2905
f 3564//2906 3563//2906 4411//2906
f 4411//2907 3563//2907 3620//2907
f 4411//2908 3620//2908 4412//2908
f 4412//2909 3620//2909 3612//2909
f 4412//2910 3612//2910 4413//2910
f 4413//2911 3612//2911 4414//2911
f 4414//2912 3612//2912 3611//2912
f 4414//2913 3611//2913 4415//2913
f 4415//2914 3611//2914 3202//2914
f 4415//2915 3202//2915 3206//2915
f 3156//2916 3155//2916 4416//2916
f 4416//2917 3155//2917 3687//2917
f 4416//2918 3687//2918 4417//2918
f 4417//2919 3687//2919 4418//2919
f 4418//2920 3687//2920 3647//2920
f 4418//2921 3647//2921 4419//2921
f 4419//2922 3647//2922 3646//2922
f 4419//2923 3646//2923 4420//2923
f 3575//2924 3576//2924 3646//2924
f 3646//2925 3576//2925 4421//2925
f 3646//2926 4421//2926 4420//2926
f 3935//2927 3642//2927 4422//2927
f 4422//2928 3642//2928 3670//2928
f 4422//2929 3670//2929 4423//2929
f 4424//2930 4425//2930 3669//2930
f 3669//2931 4425//2931 4426//2931
f 3669//2932 4426//2932 3670//2932
f 3670//2933 4426//2933 4427//2933
f 3670//2934 4427//2934 4423//2934
f 4424//2935 3669//2935 4428//2935
f 4428//2936 3669//2936 3167//2936
f 4428//2937 3167//2937 3171//2937
f 4253//2938 4429//2938 4251//2938
f 4251//2939 4429//2939 4430//2939
f 3524//2940 3522//2940 4431//2940
f 4431//2941 3522//2941 4251//2941
f 4431//2942 4251//2942 4432//2942
f 4432//2943 4251//2943 4430//2943
f 3466//2944 3464//2944 4270//2944
f 4270//2945 3464//2945 4433//2945
f 4434//2946 4272//2946 4435//2946
f 4435//2947 4272//2947 4270//2947
f 4435//2948 4270//2948 4436//2948
f 4436//2949 4270//2949 4433//2949
f 4166//2950 4437//2950 4164//2950
f 4164//2951 4437//2951 4438//2951
f 3474//2952 3472//2952 4439//2952
f 4439//2953 3472//2953 4164//2953
f 4439//2954 4164//2954 4440//2954
f 4440//2955 4164//2955 4438//2955
f 3528//2956 3526//2956 4226//2956
f 4226//2957 3526//2957 4441//2957
f 4442//2958 4228//2958 4443//2958
f 4443//2959 4228//2959 4226//2959
f 4443//2960 4226//2960 4444//2960
f 4444//2961 4226//2961 4441//2961
f 4445//1329 4446//1329 4447//1329
f 4154//1329 4447//1329 4448//1329
f 4449//1329 4445//1329 4450//1329
f 4450//1329 4445//1329 4447//1329
f 4450//1329 4447//1329 4451//1329
f 4451//1329 4447//1329 4154//1329
f 4448//1329 4452//1329 4154//1329
f 4154//1329 4452//1329 4453//1329
f 4154//1329 4453//1329 4454//1329
f 4454//1329 4455//1329 4154//1329
f 4154//1329 4455//1329 4456//1329
f 4154//1329 4456//1329 4155//1329
f 4457//1329 4259//1329 4458//1329
f 4259//1329 4261//1329 4459//1329
f 4458//1329 4460//1329 4461//1329
f 4462//1329 4463//1329 4259//1329
f 4259//1329 4463//1329 4464//1329
f 4259//1329 4464//1329 4458//1329
f 4461//1329 4465//1329 4458//1329
f 4458//1329 4465//1329 4466//1329
f 4458//1329 4466//1329 4457//1329
f 4459//1329 4467//1329 4259//1329
f 4259//1329 4467//1329 4468//1329
f 4259//1329 4468//1329 4462//1329
f 4469//1278 4470//1278 4066//1278
f 4066//1278 4470//1278 4067//1278
f 4471//1329 4472//1329 4219//1329
f 4219//1329 4472//1329 4220//1329
f 4473//1278 4474//1278 4133//1278
f 4133//1278 4474//1278 4135//1278
f 4475//1329 4476//1329 4244//1329
f 4244//1329 4476//1329 4245//1329
f 4218//1278 4217//1278 4477//1278
f 4478//1278 4479//1278 4218//1278
f 4480//1278 4481//1278 4482//1278
f 4482//1278 4481//1278 4483//1278
f 4479//1278 4484//1278 4218//1278
f 4218//1278 4484//1278 4482//1278
f 4218//1278 4482//1278 4485//1278
f 4485//1278 4482//1278 4483//1278
f 4485//1278 4483//1278 4486//1278
f 4477//1278 4487//1278 4218//1278
f 4218//1278 4487//1278 4488//1278
f 4218//1278 4488//1278 4478//1278
f 4489//1278 4490//1278 4491//1278
f 4492//1278 4491//1278 4239//1278
f 4239//1278 4491//1278 4493//1278
f 4492//1278 4494//1278 4491//1278
f 4491//1278 4494//1278 4495//1278
f 4491//1278 4495//1278 4489//1278
f 4493//1278 4496//1278 4239//1278
f 4239//1278 4496//1278 4497//1278
f 4239//1278 4497//1278 4498//1278
f 4498//1278 4499//1278 4239//1278
f 4239//1278 4499//1278 4500//1278
f 4239//1278 4500//1278 4241//1278
f 4091//1329 4089//1329 4501//1329
f 4501//1329 4089//1329 4502//1329
f 4503//1278 4504//1278 4161//1278
f 4161//1278 4504//1278 4162//1278
f 4264//1278 4263//1278 4505//1278
f 4505//1278 4263//1278 4506//1278
f 4507//1329 4508//1329 4099//1329
f 4099//1329 4508//1329 4100//1329
f 4509//2962 4510//2962 4511//2962
f 3052//2963 3051//2963 4512//2963
f 4512//2964 3051//2964 4511//2964
f 4512//2965 4511//2965 4513//2965
f 4513//2966 4511//2966 4510//2966
f 4514//2967 4515//2967 4516//2967
f 4516//2968 4517//2968 4514//2968
f 4514//2969 4517//2969 4518//2969
f 4514//2970 4518//2970 4519//2970
f 4031//2971 4520//2971 4521//2971
f 4515//2972 4514//2972 4521//2972
f 4521//2973 4514//2973 4029//2973
f 4521//2974 4029//2974 4031//2974
f 3896//2975 4522//2975 4033//2975
f 4033//2976 4522//2976 4523//2976
f 4033//2977 4523//2977 4031//2977
f 4031//2978 4523//2978 4524//2978
f 4031//2979 4524//2979 4520//2979
f 3904//2980 4029//2980 4525//2980
f 4525//2981 4029//2981 4514//2981
f 4525//2982 4514//2982 4511//2982
f 4511//2983 4514//2983 4519//2983
f 4511//2984 4519//2984 4509//2984
f 4509//2985 4519//2985 4518//2985
f 4526//2986 3552//2986 3904//2986
f 4526//2987 3904//2987 4527//2987
f 4527//2988 3904//2988 4525//2988
f 4527//2989 4525//2989 4528//2989
f 4528//2990 4525//2990 4511//2990
f 4528//2991 4511//2991 4529//2991
f 4529//2992 4511//2992 4530//2992
f 4530//2993 4511//2993 3051//2993
f 4530//2994 3051//2994 3067//2994
f 4531//2995 3048//2995 3020//2995
f 3067//2996 3068//2996 4530//2996
f 4530//2997 3068//2997 4532//2997
f 4530//2998 4532//2998 4529//2998
f 4529//2999 4532//2999 4533//2999
f 3069//3000 3070//3000 4534//3000
f 4534//3000 3070//3000 4535//3000
f 4534//3001 4535//3001 4536//3001
f 4536//3001 4535//3001 4537//3001
f 4536//3002 4537//3002 4538//3002
f 3070//3003 3048//3003 4535//3003
f 4535//3004 3048//3004 4531//3004
f 4535//3005 4531//3005 4537//3005
f 4537//3006 4531//3006 4539//3006
f 4540//3007 4527//3007 4533//3007
f 4533//3008 4527//3008 4528//3008
f 4533//3009 4528//3009 4529//3009
f 3020//3010 4541//3010 4531//3010
f 4531//3011 4541//3011 4542//3011
f 4531//3012 4542//3012 4539//3012
f 4539//3013 4542//3013 4543//3013
f 4539//3014 4543//3014 4544//3014
f 4538//3002 4537//3002 4545//3002
f 4545//3015 4537//3015 4539//3015
f 4545//3016 4539//3016 4546//3016
f 4546//3017 4539//3017 4544//3017
f 4546//3018 4544//3018 4547//3018
f 3550//3019 3552//3019 4540//3019
f 4540//3020 3552//3020 4526//3020
f 4540//3021 4526//3021 4527//3021
f 3068//3022 3069//3022 4532//3022
f 4532//3023 3069//3023 4534//3023
f 4532//3024 4534//3024 4533//3024
f 4533//3025 4534//3025 4536//3025
f 4533//3026 4536//3026 4540//3026
f 4540//3027 4536//3027 4538//3027
f 4540//3028 4538//3028 3550//3028
f 3550//3029 4538//3029 3548//3029
f 3548//3030 4538//3030 3547//3030
f 3547//3031 4538//3031 4545//3031
f 3547//3032 4545//3032 3545//3032
f 3545//3033 4545//3033 4546//3033
f 3545//3034 4546//3034 3541//3034
f 3541//3035 4546//3035 4547//3035
f 3541//3036 4547//3036 3542//3036
f 3906//3037 3542//3037 4548//3037
f 4548//3038 3542//3038 4547//3038
f 4548//3039 4547//3039 4549//3039
f 4549//3040 4547//3040 4544//3040
f 4549//3041 4544//3041 4550//3041
f 4550//3042 4544//3042 4543//3042
f 4550//3043 4543//3043 4551//3043
f 4551//3044 4543//3044 4542//3044
f 4551//3045 4542//3045 4552//3045
f 4552//3046 4542//3046 4541//3046
f 4552//3047 4541//3047 3019//3047
f 3019//3048 4541//3048 3020//3048
f 4553//3049 3909//3049 4023//3049
f 4554//3050 4555//3050 4556//3050
f 4554//3051 4556//3051 4557//3051
f 4557//3052 4556//3052 4558//3052
f 4558//3053 4556//3053 4559//3053
f 4558//3054 4559//3054 4560//3054
f 4550//3055 4561//3055 4559//3055
f 4559//3056 4561//3056 4562//3056
f 4559//3057 4562//3057 4560//3057
f 3019//3058 3039//3058 4552//3058
f 4552//3059 3039//3059 4563//3059
f 4552//3060 4563//3060 4564//3060
f 4550//3061 4551//3061 4561//3061
f 4561//3062 4551//3062 4552//3062
f 4561//3063 4552//3063 4565//3063
f 4565//3064 4552//3064 4564//3064
f 4027//3065 4556//3065 4025//3065
f 4025//3066 4556//3066 4555//3066
f 4025//3067 4555//3067 4023//3067
f 4023//3068 4555//3068 4566//3068
f 4023//3069 4566//3069 4553//3069
f 4027//3070 3906//3070 4556//3070
f 4556//3071 3906//3071 4548//3071
f 4556//3072 4548//3072 4559//3072
f 4559//3073 4548//3073 4549//3073
f 4559//3074 4549//3074 4550//3074
f 4567//3075 3881//3075 4035//3075
f 4037//3076 4039//3076 4568//3076
f 4568//3077 4039//3077 4569//3077
f 4568//3078 4569//3078 4570//3078
f 4568//3079 4571//3079 4037//3079
f 4037//3080 4571//3080 4572//3080
f 4037//3081 4572//3081 4035//3081
f 4035//3082 4572//3082 4573//3082
f 4035//3083 4573//3083 4567//3083
f 4574//3084 3090//3084 3119//3084
f 3119//3085 4575//3085 4574//3085
f 4574//3086 4575//3086 4576//3086
f 4574//3087 4576//3087 4577//3087
f 4577//3088 4578//3088 4574//3088
f 4574//3089 4578//3089 4579//3089
f 4574//3090 4579//3090 4580//3090
f 4580//3091 4579//3091 4581//3091
f 4580//3092 4581//3092 4569//3092
f 4569//3093 4581//3093 4582//3093
f 4569//3094 4582//3094 4570//3094
f 4039//3095 3878//3095 4569//3095
f 4569//3096 3878//3096 4583//3096
f 4569//3097 4583//3097 4580//3097
f 4580//3098 4583//3098 4584//3098
f 4580//3099 4584//3099 4574//3099
f 4583//3100 4585//3100 4584//3100
f 4584//3101 4585//3101 4586//3101
f 4586//3102 4587//3102 4584//3102
f 4584//3103 4587//3103 4588//3103
f 4584//3104 4588//3104 4589//3104
f 4590//3105 4591//3105 4583//3105
f 4583//3106 4591//3106 4592//3106
f 4583//3107 4592//3107 4585//3107
f 3878//3108 3876//3108 4583//3108
f 4583//3109 3876//3109 4593//3109
f 4583//3110 4593//3110 4590//3110
f 4589//3111 4594//3111 4584//3111
f 4584//3112 4594//3112 4595//3112
f 4584//3113 4595//3113 4574//3113
f 4574//3114 4595//3114 3091//3114
f 4574//3115 3091//3115 3090//3115
f 4596//3116 3130//3116 3131//3116
f 4597//3117 4598//3117 4599//3117
f 4599//3118 4598//3118 4600//3118
f 4599//3118 4600//3118 4601//3118
f 4601//3119 4600//3119 4602//3119
f 4601//3120 4602//3120 4603//3120
f 4603//3121 4602//3121 4604//3121
f 4603//3122 4604//3122 4596//3122
f 4596//3123 4604//3123 4605//3123
f 4596//3124 4605//3124 4606//3124
f 4606//3125 4605//3125 4607//3125
f 4594//3126 4608//3126 4595//3126
f 4595//3127 4608//3127 4609//3127
f 4595//3128 4609//3128 4597//3128
f 4597//3129 4609//3129 4610//3129
f 4597//3130 4610//3130 4598//3130
f 4596//3131 3131//3131 4603//3131
f 4603//3132 3131//3132 3132//3132
f 4603//3133 3132//3133 4601//3133
f 4601//3134 3132//3134 3133//3134
f 4601//3134 3133//3134 4599//3134
f 4599//3135 3133//3135 3115//3135
f 4599//3136 3115//3136 4597//3136
f 4597//3137 3115//3137 3091//3137
f 4597//3138 3091//3138 4595//3138
f 4611//3139 4612//3139 4613//3139
f 4613//3140 4612//3140 3932//3140
f 3932//3141 4612//3141 4614//3141
f 3932//3142 4614//3142 4615//3142
f 4615//3143 4616//3143 3932//3143
f 3932//3144 4616//3144 4617//3144
f 3932//3145 4617//3145 3934//3145
f 4618//3146 4606//3146 4619//3146
f 4619//3147 4606//3147 4607//3147
f 4620//3148 4621//3148 4622//3148
f 4622//3149 4621//3149 4611//3149
f 4622//3150 4611//3150 4623//3150
f 4623//3151 4611//3151 4613//3151
f 3120//3152 3130//3152 4624//3152
f 4624//3153 3130//3153 4596//3153
f 4624//3154 4596//3154 4620//3154
f 4620//3155 4596//3155 4606//3155
f 4620//3156 4606//3156 4621//3156
f 4621//3157 4606//3157 4618//3157
f 4625//3158 4019//3158 4626//3158
f 4626//3159 4019//3159 4021//3159
f 4626//3160 4021//3160 4627//3160
f 4627//3161 4021//3161 3924//3161
f 4624//3162 4628//3162 4629//3162
f 3121//3163 3120//3163 4630//3163
f 4630//3164 3120//3164 4624//3164
f 4630//3165 4624//3165 4631//3165
f 4631//3166 4624//3166 4629//3166
f 4632//3167 4633//3167 4628//3167
f 4634//3168 4635//3168 4625//3168
f 4625//3169 4635//3169 4017//3169
f 4625//3170 4017//3170 4019//3170
f 4634//3171 4636//3171 4635//3171
f 4635//3172 4636//3172 4637//3172
f 4635//3173 4637//3173 4632//3173
f 4632//3174 4637//3174 4638//3174
f 4632//3175 4638//3175 4633//3175
f 3932//3176 4017//3176 4613//3176
f 4613//3177 4017//3177 4635//3177
f 4613//3178 4635//3178 4623//3178
f 4623//3179 4635//3179 4632//3179
f 4623//3180 4632//3180 4622//3180
f 4622//3181 4632//3181 4628//3181
f 4622//3182 4628//3182 4620//3182
f 4620//3183 4628//3183 4624//3183
f 3479//3184 3481//3184 4639//3184
f 4639//3185 3481//3185 4640//3185
f 4639//3186 4640//3186 4641//3186
f 4641//3187 4640//3187 4642//3187
f 4641//3188 4642//3188 4643//3188
f 4643//3189 4642//3189 4644//3189
f 4643//3190 4644//3190 4645//3190
f 4645//3191 4644//3191 4646//3191
f 4645//3192 4646//3192 4647//3192
f 4647//3193 4646//3193 4648//3193
f 4647//3194 4648//3194 4475//3194
f 4475//3195 4648//3195 4476//3195
f 3480//3196 3479//3196 4649//3196
f 4649//3197 3479//3197 4650//3197
f 4649//3198 4650//3198 4651//3198
f 4651//3199 4650//3199 4652//3199
f 4651//3200 4652//3200 4653//3200
f 4653//3201 4652//3201 4654//3201
f 4653//3202 4654//3202 4655//3202
f 4655//3203 4654//3203 4656//3203
f 4655//3204 4656//3204 4657//3204
f 4657//3205 4656//3205 4658//3205
f 4657//3206 4658//3206 3524//3206
f 3524//3207 4658//3207 3523//3207
f 4659//3208 4660//3208 4661//3208
f 4662//3209 4663//3209 4664//3209
f 3481//3210 3483//3210 4665//3210
f 4665//3211 3483//3211 4664//3211
f 4664//3212 3483//3212 4662//3212
f 3491//3213 3492//3213 4666//3213
f 4666//3214 3492//3214 4667//3214
f 4666//3215 4667//3215 4668//3215
f 4668//3216 4667//3216 4669//3216
f 4668//3217 4669//3217 4670//3217
f 4670//3218 4669//3218 4671//3218
f 4670//3219 4671//3219 4661//3219
f 4661//3220 4671//3220 4664//3220
f 4661//3221 4664//3221 4659//3221
f 4659//3222 4664//3222 4663//3222
f 4672//3223 4657//3223 3524//3223
f 3482//3224 3480//3224 4649//3224
f 4662//3225 3483//3225 4673//3225
f 4662//3226 4673//3226 4663//3226
f 4674//3227 4659//3227 4663//3227
f 4673//3228 3483//3228 3482//3228
f 4659//3229 4675//3229 4660//3229
f 4660//3230 4675//3230 4676//3230
f 4674//3231 4677//3231 4678//3231
f 4678//3232 4679//3232 4674//3232
f 4674//3233 4679//3233 4680//3233
f 4674//3234 4680//3234 4659//3234
f 4659//3235 4680//3235 4681//3235
f 4659//3236 4681//3236 4675//3236
f 4429//3237 4682//3237 4683//3237
f 4683//3238 4682//3238 4684//3238
f 4683//3239 4684//3239 4677//3239
f 4677//3240 4684//3240 4685//3240
f 4677//3241 4685//3241 4678//3241
f 4663//3242 4673//3242 4674//3242
f 4674//3243 4673//3243 4686//3243
f 4674//3244 4686//3244 4677//3244
f 4677//3245 4686//3245 4672//3245
f 4677//3246 4672//3246 4683//3246
f 3482//3247 4649//3247 4673//3247
f 4673//3248 4649//3248 4651//3248
f 4673//3249 4651//3249 4686//3249
f 4686//3250 4651//3250 4653//3250
f 4686//3251 4653//3251 4672//3251
f 4672//3252 4653//3252 4655//3252
f 4672//3253 4655//3253 4657//3253
f 3524//3254 4431//3254 4672//3254
f 4672//3255 4431//3255 4432//3255
f 4672//3256 4432//3256 4683//3256
f 4683//3257 4432//3257 4430//3257
f 4683//3258 4430//3258 4429//3258
f 3526//3259 3525//3259 4687//3259
f 4687//3260 3525//3260 4688//3260
f 4687//3261 4688//3261 4689//3261
f 4689//3262 4688//3262 4690//3262
f 4689//3263 4690//3263 4691//3263
f 4691//3264 4690//3264 4692//3264
f 4691//3265 4692//3265 4693//3265
f 4693//3266 4692//3266 4694//3266
f 4693//3267 4694//3267 4695//3267
f 4695//3268 4694//3268 4696//3268
f 4695//3269 4696//3269 3487//3269
f 3487//3270 4696//3270 3488//3270
f 4697//3271 3486//3271 3488//3271
f 3488//3272 4698//3272 4697//3272
f 4697//3273 4698//3273 4699//3273
f 4697//3274 4699//3274 4700//3274
f 4700//3275 4699//3275 4701//3275
f 4700//3276 4701//3276 4702//3276
f 4702//3277 4701//3277 4703//3277
f 4702//3278 4703//3278 4704//3278
f 4704//3279 4703//3279 4705//3279
f 4704//3280 4705//3280 4706//3280
f 4706//3281 4705//3281 4472//3281
f 4706//3195 4472//3195 4471//3195
f 4444//3282 4441//3282 4707//3282
f 4693//3283 4695//3283 4708//3283
f 4709//3284 4710//3284 4711//3284
f 4712//3285 4713//3285 4709//3285
f 4712//3286 4709//3286 4714//3286
f 4714//3287 4709//3287 4711//3287
f 4714//3288 4711//3288 4715//3288
f 4708//3289 3484//3289 4716//3289
f 4708//3290 4716//3290 4715//3290
f 4442//3291 4443//3291 4717//3291
f 4717//3292 4443//3292 4718//3292
f 4717//3293 4718//3293 4719//3293
f 4719//3294 4718//3294 4720//3294
f 4720//3295 4718//3295 4721//3295
f 4720//3296 4721//3296 4722//3296
f 4710//3297 4723//3297 4711//3297
f 4711//3298 4723//3298 4724//3298
f 4711//3299 4724//3299 4721//3299
f 4721//3300 4724//3300 4725//3300
f 4721//3301 4725//3301 4722//3301
f 4695//3302 3487//3302 4708//3302
f 4708//3303 3487//3303 3485//3303
f 4708//3304 3485//3304 3484//3304
f 4693//3305 4708//3305 4691//3305
f 4691//3306 4708//3306 4726//3306
f 4691//3307 4726//3307 4689//3307
f 4689//3308 4726//3308 4707//3308
f 4689//3309 4707//3309 4687//3309
f 4687//3310 4707//3310 4441//3310
f 4687//3311 4441//3311 3526//3311
f 4715//3312 4711//3312 4708//3312
f 4708//3313 4711//3313 4721//3313
f 4708//3314 4721//3314 4726//3314
f 4726//3315 4721//3315 4718//3315
f 4726//3316 4718//3316 4707//3316
f 4707//3317 4718//3317 4443//3317
f 4707//3318 4443//3318 4444//3318
f 4727//3319 4712//3319 4714//3319
f 4728//3320 4715//3320 4729//3320
f 4729//3321 4715//3321 4716//3321
f 4729//3322 4716//3322 3486//3322
f 3486//1328 4716//1328 3484//1328
f 3495//3323 3496//3323 4730//3323
f 4730//3324 3496//3324 4731//3324
f 4730//3325 4731//3325 4732//3325
f 4731//3326 4733//3326 4732//3326
f 4732//3327 4733//3327 4734//3327
f 4732//3328 4734//3328 4735//3328
f 4735//3329 4734//3329 4727//3329
f 4735//3330 4727//3330 4728//3330
f 4728//3331 4727//3331 4714//3331
f 4728//3332 4714//3332 4715//3332
f 3508//3333 3506//3333 4736//3333
f 4736//3334 3506//3334 4737//3334
f 4736//3335 4737//3335 4738//3335
f 4739//3336 4740//3336 4741//3336
f 4741//3337 4740//3337 4742//3337
f 4741//3338 4742//3338 4743//3338
f 4743//3339 4742//3339 4744//3339
f 4743//3340 4744//3340 4738//3340
f 4738//3341 4744//3341 4745//3341
f 4738//3342 4745//3342 4736//3342
f 3532//3343 4746//3343 3531//3343
f 3531//3344 4746//3344 4747//3344
f 3531//3345 4747//3345 4739//3345
f 4739//3346 4747//3346 4748//3346
f 4739//3347 4748//3347 4740//3347
f 4749//3348 3578//3348 3577//3348
f 4750//3349 4751//3349 4752//3349
f 4753//3350 3503//3350 3505//3350
f 4754//3351 4755//3351 3268//3351
f 3268//3352 4755//3352 4756//3352
f 3268//3353 4756//3353 3274//3353
f 4757//3354 4758//3354 4754//3354
f 4754//3355 4758//3355 4759//3355
f 4754//3356 4759//3356 4755//3356
f 4760//3357 4761//3357 4762//3357
f 4762//3358 4761//3358 4763//3358
f 4762//3359 4763//3359 3508//3359
f 4764//3360 4765//3360 4766//3360
f 4766//3361 4765//3361 4767//3361
f 4768//3362 4769//3362 4770//3362
f 4770//3363 4769//3363 3577//3363
f 4770//3364 3577//3364 4771//3364
f 4771//3365 3577//3365 3581//3365
f 4749//3366 3577//3366 4772//3366
f 4772//3367 3577//3367 4769//3367
f 4772//3368 4769//3368 4773//3368
f 4773//3369 4769//3369 4774//3369
f 4773//3370 4774//3370 4775//3370
f 4775//3371 4774//3371 4754//3371
f 4775//3372 4754//3372 4776//3372
f 4776//3373 4754//3373 3268//3373
f 4776//3374 3268//3374 3267//3374
f 4767//3375 4753//3375 4766//3375
f 4766//3376 4753//3376 3505//3376
f 4766//3377 3505//3377 4763//3377
f 4763//3378 3505//3378 3507//3378
f 4763//3379 3507//3379 3508//3379
f 4760//3380 4777//3380 4761//3380
f 4761//3381 4777//3381 4778//3381
f 4761//3382 4778//3382 4763//3382
f 4763//3383 4778//3383 4779//3383
f 4763//3384 4779//3384 4766//3384
f 4766//3385 4779//3385 4752//3385
f 4766//3386 4752//3386 4764//3386
f 4764//3387 4752//3387 4751//3387
f 4777//3388 4757//3388 4778//3388
f 4778//3389 4757//3389 4754//3389
f 4778//3390 4754//3390 4779//3390
f 4779//3391 4754//3391 4774//3391
f 4779//3392 4774//3392 4752//3392
f 4752//3393 4774//3393 4769//3393
f 4752//3394 4769//3394 4750//3394
f 4750//3395 4769//3395 4768//3395
f 4470//3396 4469//3396 4780//3396
f 4470//3397 4780//3397 4781//3397
f 4781//3398 4780//3398 4782//3398
f 4781//3399 4782//3399 4783//3399
f 4783//3400 4782//3400 4784//3400
f 4783//3401 4784//3401 4785//3401
f 4785//3402 4784//3402 4786//3402
f 4785//3403 4786//3403 4787//3403
f 4787//3404 4786//3404 4788//3404
f 4787//3405 4788//3405 4789//3405
f 4789//3406 4788//3406 3506//3406
f 4789//3407 3506//3407 3504//3407
f 4790//3408 3515//3408 3516//3408
f 3504//3409 3503//3409 4791//3409
f 4791//3410 3503//3410 4792//3410
f 4791//3411 4792//3411 4793//3411
f 4793//3412 4792//3412 4794//3412
f 4794//3413 4795//3413 4793//3413
f 4793//3414 4795//3414 4796//3414
f 4793//3415 4796//3415 4797//3415
f 4797//3416 4796//3416 4798//3416
f 4797//3417 4798//3417 4799//3417
f 4799//3418 4798//3418 4800//3418
f 4800//3419 4801//3419 4799//3419
f 4799//3420 4801//3420 4802//3420
f 4799//3421 4802//3421 4803//3421
f 4803//3422 4802//3422 4804//3422
f 4803//3423 4804//3423 3516//3423
f 3516//3424 4804//3424 4805//3424
f 3516//3425 4805//3425 4790//3425
f 4806//3426 4807//3426 4808//3426
f 4808//3427 4807//3427 4809//3427
f 4809//3428 4807//3428 3501//3428
f 4809//3429 3501//3429 3500//3429
f 4810//3430 4811//3430 4812//3430
f 4812//3431 4811//3431 4813//3431
f 4813//3432 4811//3432 4814//3432
f 4813//3433 4814//3433 4808//3433
f 4808//3434 4814//3434 4815//3434
f 4808//3435 4815//3435 4806//3435
f 3511//3436 3512//3436 4816//3436
f 4816//3437 4817//3437 3511//3437
f 3511//3438 4817//3438 4818//3438
f 3511//3439 4818//3439 4819//3439
f 4819//3440 4818//3440 4820//3440
f 4819//3441 4820//3441 4812//3441
f 4812//3442 4820//3442 4821//3442
f 4812//3443 4821//3443 4810//3443
f 4822//3444 4823//3444 4824//3444
f 4825//3445 3498//3445 3497//3445
f 4826//3446 4827//3446 4828//3446
f 4829//3447 4830//3447 4831//3447
f 4831//3448 4830//3448 4832//3448
f 4831//3449 4832//3449 3260//3449
f 3260//3450 4832//3450 4833//3450
f 3260//3451 4833//3451 3263//3451
f 3501//3452 4834//3452 4835//3452
f 4835//3453 4834//3453 4836//3453
f 4835//3454 4836//3454 4837//3454
f 4838//3455 4839//3455 4840//3455
f 4840//3456 4839//3456 3556//3456
f 4840//3457 3556//3457 4841//3457
f 4841//3458 3556//3458 3562//3458
f 4839//3459 4842//3459 4843//3459
f 4843//3460 4842//3460 4844//3460
f 4839//3461 4843//3461 3556//3461
f 3556//3462 4843//3462 4845//3462
f 3556//3463 4845//3463 3557//3463
f 4844//3464 4842//3464 4846//3464
f 4846//3465 4842//3465 4831//3465
f 4846//3466 4831//3466 4847//3466
f 4847//3467 4831//3467 3260//3467
f 4847//3468 3260//3468 3262//3468
f 4848//3469 4849//3469 4850//3469
f 4850//3470 4849//3470 4825//3470
f 4850//3471 4825//3471 4851//3471
f 4851//3472 4825//3472 3497//3472
f 4851//3473 3497//3473 4835//3473
f 4835//3474 3497//3474 3502//3474
f 4835//3475 3502//3475 3501//3475
f 4837//3476 4826//3476 4835//3476
f 4835//3477 4826//3477 4828//3477
f 4835//3478 4828//3478 4851//3478
f 4851//3479 4828//3479 4852//3479
f 4851//3480 4852//3480 4850//3480
f 4850//3481 4852//3481 4824//3481
f 4850//3482 4824//3482 4848//3482
f 4848//3483 4824//3483 4823//3483
f 4827//3484 4829//3484 4828//3484
f 4828//3485 4829//3485 4831//3485
f 4828//3486 4831//3486 4852//3486
f 4852//3487 4831//3487 4842//3487
f 4852//3488 4842//3488 4824//3488
f 4824//3489 4842//3489 4839//3489
f 4824//3490 4839//3490 4822//3490
f 4822//3491 4839//3491 4838//3491
f 3500//3407 3499//3407 4853//3407
f 4853//3492 3499//3492 4854//3492
f 4853//3493 4854//3493 4855//3493
f 4855//3494 4854//3494 4856//3494
f 4855//3495 4856//3495 4857//3495
f 4857//3496 4856//3496 4858//3496
f 4857//3497 4858//3497 4859//3497
f 4859//3498 4858//3498 4860//3498
f 4859//3499 4860//3499 4861//3499
f 4861//3500 4860//3500 4862//3500
f 4861//3501 4862//3501 4473//3501
f 4473//3396 4862//3396 4474//3396
f 3499//3502 3498//3502 4863//3502
f 4863//3503 3498//3503 4864//3503
f 4863//3504 4864//3504 4865//3504
f 4864//3505 4866//3505 4865//3505
f 4865//3506 4866//3506 4867//3506
f 4865//3507 4867//3507 4868//3507
f 4868//3508 4867//3508 4869//3508
f 4868//3509 4869//3509 4870//3509
f 4871//3510 4872//3510 4873//3510
f 4873//3511 4872//3511 3519//3511
f 4873//3512 3519//3512 3520//3512
f 4869//3513 4874//3513 4870//3513
f 4870//3514 4874//3514 4875//3514
f 4870//3515 4875//3515 4873//3515
f 4873//3516 4875//3516 4876//3516
f 4873//3517 4876//3517 4871//3517
f 4877//3518 3446//3518 3444//3518
f 4878//3519 4879//3519 4880//3519
f 4880//3520 4879//3520 4877//3520
f 4880//3521 4877//3521 4881//3521
f 4881//3522 4877//3522 3444//3522
f 4882//3523 4883//3523 4884//3523
f 4878//3524 4880//3524 4883//3524
f 4883//3525 4880//3525 4885//3525
f 4883//3526 4885//3526 4884//3526
f 3469//3527 3470//3527 4886//3527
f 4886//3528 3470//3528 4887//3528
f 4887//3529 4888//3529 4886//3529
f 4886//3530 4888//3530 4889//3530
f 4886//3531 4889//3531 4884//3531
f 4884//3532 4889//3532 4890//3532
f 4884//3533 4890//3533 4882//3533
f 4891//3534 4892//3534 4893//3534
f 4894//3535 3441//3535 3443//3535
f 3587//3536 3586//3536 4895//3536
f 4896//3537 4897//3537 3587//3537
f 3587//3538 4897//3538 4898//3538
f 3587//3539 4898//3539 3593//3539
f 4899//3540 4900//3540 4896//3540
f 4896//3541 4900//3541 4901//3541
f 4896//3542 4901//3542 4897//3542
f 4902//3543 4903//3543 4904//3543
f 4904//3544 4903//3544 4905//3544
f 4904//3545 4905//3545 3446//3545
f 4906//3546 4907//3546 4908//3546
f 4908//3547 4907//3547 4909//3547
f 4910//3548 4911//3548 4912//3548
f 4912//3549 4911//3549 3276//3549
f 4912//3550 3276//3550 4913//3550
f 4913//3551 3276//3551 3280//3551
f 3587//3552 4895//3552 4896//3552
f 4896//3553 4895//3553 4914//3553
f 4896//3554 4914//3554 4915//3554
f 4915//3555 4914//3555 4916//3555
f 4915//3556 4916//3556 4911//3556
f 4916//3557 4917//3557 4911//3557
f 4911//3558 4917//3558 4918//3558
f 4911//3559 4918//3559 3276//3559
f 3276//3560 4918//3560 4919//3560
f 3276//3561 4919//3561 3277//3561
f 4909//3562 4894//3562 4908//3562
f 4908//3563 4894//3563 3443//3563
f 4908//3564 3443//3564 4905//3564
f 4905//3565 3443//3565 3445//3565
f 4905//3566 3445//3566 3446//3566
f 4902//3567 4920//3567 4903//3567
f 4903//3568 4920//3568 4921//3568
f 4903//3569 4921//3569 4905//3569
f 4905//3570 4921//3570 4922//3570
f 4905//3571 4922//3571 4908//3571
f 4908//3572 4922//3572 4893//3572
f 4908//3573 4893//3573 4906//3573
f 4906//3574 4893//3574 4892//3574
f 4920//3575 4899//3575 4921//3575
f 4921//3576 4899//3576 4896//3576
f 4921//3577 4896//3577 4922//3577
f 4922//3578 4896//3578 4915//3578
f 4922//3579 4915//3579 4893//3579
f 4893//3580 4915//3580 4911//3580
f 4893//3581 4911//3581 4891//3581
f 4891//3582 4911//3582 4910//3582
f 4508//3583 4507//3583 4923//3583
f 4508//3584 4923//3584 4924//3584
f 4924//3585 4923//3585 4925//3585
f 4924//3586 4925//3586 4926//3586
f 4926//3587 4925//3587 4927//3587
f 4926//3588 4927//3588 4928//3588
f 4928//3589 4927//3589 4929//3589
f 4928//3590 4929//3590 4930//3590
f 4930//3591 4929//3591 4931//3591
f 4930//3592 4931//3592 4932//3592
f 4932//3593 4931//3593 3444//3593
f 4932//3271 3444//3271 3442//3271
f 4933//3436 3461//3436 3462//3436
f 3442//3429 3441//3429 4934//3429
f 4934//3594 3441//3594 4935//3594
f 4934//3595 4935//3595 4936//3595
f 4936//3596 4935//3596 4937//3596
f 4937//3597 4938//3597 4936//3597
f 4936//3598 4938//3598 4939//3598
f 4936//3599 4939//3599 4940//3599
f 4940//3600 4939//3600 4941//3600
f 4940//3601 4941//3601 4942//3601
f 4942//3602 4941//3602 4943//3602
f 4943//3603 4944//3603 4942//3603
f 4942//3604 4944//3604 4945//3604
f 4942//3605 4945//3605 4946//3605
f 4946//3606 4945//3606 4947//3606
f 4946//3607 4947//3607 3462//3607
f 3462//3608 4947//3608 4948//3608
f 3462//3609 4948//3609 4933//3609
f 3456//3610 3455//3610 4949//3610
f 4949//3611 3455//3611 4950//3611
f 4949//3612 4950//3612 4951//3612
f 4950//3613 4952//3613 4951//3613
f 4951//3614 4952//3614 4953//3614
f 4951//3615 4953//3615 4954//3615
f 4954//3616 4953//3616 4955//3616
f 4954//3617 4955//3617 4956//3617
f 4955//3618 4957//3618 4958//3618
f 4955//3619 4958//3619 4956//3619
f 4956//3620 4958//3620 4959//3620
f 4956//3621 4959//3621 4960//3621
f 4960//3622 4959//3622 4961//3622
f 4960//3623 4961//3623 3438//3623
f 3438//1328 4961//1328 3436//1328
f 4436//3624 4433//3624 4962//3624
f 4963//3625 4964//3625 4965//3625
f 4959//3626 4958//3626 4966//3626
f 4434//3627 4435//3627 4967//3627
f 4967//3628 4435//3628 4968//3628
f 4967//3629 4968//3629 4969//3629
f 4969//3630 4968//3630 4970//3630
f 4970//3631 4968//3631 4971//3631
f 4970//3632 4971//3632 4972//3632
f 4973//3633 4974//3633 4966//3633
f 4966//3634 4974//3634 4975//3634
f 4966//3635 4975//3635 4971//3635
f 4971//3636 4975//3636 4976//3636
f 4971//3637 4976//3637 4972//3637
f 4957//3638 4977//3638 4978//3638
f 4973//3639 4966//3639 4978//3639
f 4978//3640 4966//3640 4958//3640
f 4978//3641 4958//3641 4957//3641
f 4965//3642 3436//3642 4961//3642
f 4965//3643 4961//3643 4959//3643
f 4964//3644 3439//3644 4965//3644
f 4965//3645 3439//3645 3437//3645
f 4965//3646 3437//3646 3436//3646
f 4963//3647 4965//3647 4979//3647
f 4979//3648 4965//3648 4980//3648
f 4979//3649 4980//3649 4981//3649
f 4981//3650 4980//3650 4962//3650
f 4981//3651 4962//3651 4982//3651
f 4982//3652 4962//3652 4433//3652
f 4982//3653 4433//3653 3464//3653
f 4959//3654 4966//3654 4965//3654
f 4965//3655 4966//3655 4971//3655
f 4965//3656 4971//3656 4980//3656
f 4980//3657 4971//3657 4968//3657
f 4980//3658 4968//3658 4962//3658
f 4962//3659 4968//3659 4435//3659
f 4962//3660 4435//3660 4436//3660
f 4983//3407 3438//3407 3440//3407
f 3440//3661 4984//3661 4983//3661
f 4983//3662 4984//3662 4985//3662
f 4983//3663 4985//3663 4986//3663
f 4986//3664 4985//3664 4987//3664
f 4986//3665 4987//3665 4988//3665
f 4988//3666 4987//3666 4989//3666
f 4988//3667 4989//3667 4990//3667
f 4990//3668 4989//3668 4991//3668
f 4990//3669 4991//3669 4992//3669
f 4992//3670 4991//3670 4505//3670
f 4992//3671 4505//3671 4506//3671
f 3464//3672 3463//3672 4982//3672
f 4982//3673 3463//3673 4993//3673
f 4982//3674 4993//3674 4981//3674
f 4981//3675 4993//3675 4994//3675
f 4981//3676 4994//3676 4979//3676
f 4979//3677 4994//3677 4995//3677
f 4979//3678 4995//3678 4963//3678
f 4963//3679 4995//3679 4996//3679
f 4963//3680 4996//3680 4964//3680
f 4964//3681 4996//3681 4997//3681
f 4964//3682 4997//3682 3439//3682
f 3439//3683 4997//3683 3440//3683
f 3452//3408 3451//3408 4998//3408
f 4998//3684 4999//3684 3452//3684
f 3452//3685 4999//3685 5000//3685
f 3452//3686 5000//3686 5001//3686
f 5001//3687 5000//3687 5002//3687
f 5001//3688 5002//3688 5003//3688
f 5003//3689 5002//3689 5004//3689
f 5004//3690 5005//3690 5003//3690
f 5003//3691 5005//3691 5006//3691
f 5003//3692 5006//3692 5007//3692
f 5007//3693 5006//3693 5008//3693
f 5007//3694 5008//3694 5009//3694
f 5009//3695 5008//3695 5010//3695
f 5010//3696 5011//3696 5009//3696
f 5009//3697 5011//3697 5012//3697
f 5009//3698 5012//3698 5013//3698
f 5013//3699 5012//3699 3434//3699
f 5013//3409 3434//3409 3433//3409
f 5014//3700 5015//3700 5016//3700
f 5017//3701 3431//3701 3430//3701
f 5018//3702 5019//3702 5020//3702
f 3535//3703 3537//3703 5021//3703
f 5022//3704 5023//3704 5024//3704
f 5024//3705 5023//3705 5025//3705
f 5024//3706 5025//3706 3535//3706
f 3535//3707 5025//3707 5026//3707
f 3535//3708 5026//3708 3538//3708
f 3434//3709 5027//3709 5028//3709
f 5028//3710 5027//3710 5029//3710
f 5028//3711 5029//3711 5030//3711
f 5031//3712 5032//3712 5033//3712
f 5033//3713 5032//3713 3251//3713
f 5033//3714 3251//3714 5034//3714
f 5034//3715 3251//3715 3257//3715
f 5035//3716 5032//3716 5036//3716
f 3535//3717 5021//3717 5024//3717
f 5024//3718 5021//3718 5037//3718
f 5024//3719 5037//3719 5036//3719
f 5036//3720 5037//3720 5038//3720
f 5036//3721 5038//3721 5035//3721
f 5032//3722 5035//3722 3251//3722
f 3251//3723 5035//3723 5039//3723
f 3251//3724 5039//3724 3252//3724
f 5040//3725 5041//3725 5042//3725
f 5042//3726 5041//3726 5017//3726
f 5042//3727 5017//3727 5043//3727
f 5043//3728 5017//3728 3430//3728
f 5043//3729 3430//3729 5028//3729
f 5028//3730 3430//3730 3435//3730
f 5028//3731 3435//3731 3434//3731
f 5030//3732 5018//3732 5028//3732
f 5028//3733 5018//3733 5020//3733
f 5028//3734 5020//3734 5043//3734
f 5043//3735 5020//3735 5044//3735
f 5043//3736 5044//3736 5042//3736
f 5042//3737 5044//3737 5016//3737
f 5042//3738 5016//3738 5040//3738
f 5040//3739 5016//3739 5015//3739
f 5019//3740 5022//3740 5020//3740
f 5020//3741 5022//3741 5024//3741
f 5020//3742 5024//3742 5044//3742
f 5044//3743 5024//3743 5036//3743
f 5044//3744 5036//3744 5016//3744
f 5016//3745 5036//3745 5032//3745
f 5016//3746 5032//3746 5014//3746
f 5014//3747 5032//3747 5031//3747
f 3433//3271 3432//3271 5045//3271
f 5045//3748 3432//3748 5046//3748
f 5045//3749 5046//3749 5047//3749
f 5047//3750 5046//3750 5048//3750
f 5047//3751 5048//3751 5049//3751
f 5049//3752 5048//3752 5050//3752
f 5049//3753 5050//3753 5051//3753
f 5051//3754 5050//3754 5052//3754
f 5051//3755 5052//3755 5053//3755
f 5053//3756 5052//3756 5054//3756
f 5053//3757 5054//3757 4502//3757
f 4502//3583 5054//3583 4501//3583
f 3432//3758 3431//3758 5055//3758
f 5055//3759 3431//3759 5056//3759
f 5055//3760 5056//3760 5057//3760
f 5056//3761 5058//3761 5057//3761
f 5057//3762 5058//3762 5059//3762
f 5057//3763 5059//3763 5060//3763
f 5060//3764 5059//3764 5061//3764
f 5060//3765 5061//3765 5062//3765
f 5063//3766 5064//3766 5065//3766
f 5065//3767 5064//3767 3477//3767
f 5065//3768 3477//3768 3478//3768
f 5061//3769 5066//3769 5062//3769
f 5062//3770 5066//3770 5067//3770
f 5062//3771 5067//3771 5065//3771
f 5065//3772 5067//3772 5068//3772
f 5065//3773 5068//3773 5063//3773
f 3426//3774 3425//3774 5069//3774
f 5069//3775 3425//3775 5070//3775
f 5069//3776 5070//3776 5071//3776
f 5071//3777 5070//3777 5072//3777
f 5071//3778 5072//3778 5073//3778
f 5073//3779 5072//3779 5074//3779
f 5073//3780 5074//3780 5075//3780
f 5075//3781 5074//3781 5076//3781
f 5075//3782 5076//3782 5077//3782
f 5077//3783 5076//3783 5078//3783
f 5077//3784 5078//3784 3474//3784
f 3474//3785 5078//3785 3473//3785
f 3425//3786 3427//3786 5079//3786
f 5079//3787 3427//3787 5080//3787
f 5079//3788 5080//3788 5081//3788
f 5081//3789 5080//3789 5082//3789
f 5081//3790 5082//3790 5083//3790
f 5083//3791 5082//3791 5084//3791
f 5083//3792 5084//3792 5085//3792
f 5085//3793 5084//3793 5086//3793
f 5085//3794 5086//3794 5087//3794
f 5087//3795 5086//3795 5088//3795
f 5087//3796 5088//3796 4503//3796
f 4503//3671 5088//3671 4504//3671
f 5089//3797 5077//3797 3474//3797
f 3428//3798 3426//3798 5069//3798
f 5090//3799 5091//3799 5092//3799
f 5092//3800 5091//3800 5093//3800
f 5092//3801 5093//3801 3429//3801
f 5092//3802 3429//3802 3428//3802
f 5090//3803 5094//3803 5095//3803
f 5095//3804 5094//3804 5096//3804
f 5097//3805 5098//3805 5099//3805
f 5099//3806 5100//3806 5097//3806
f 5097//3807 5100//3807 5101//3807
f 5097//3808 5101//3808 5090//3808
f 5090//3809 5101//3809 5102//3809
f 5090//3810 5102//3810 5094//3810
f 4437//3811 5103//3811 5104//3811
f 5104//3812 5103//3812 5105//3812
f 5104//3813 5105//3813 5098//3813
f 5098//3814 5105//3814 5106//3814
f 5098//3815 5106//3815 5099//3815
f 5090//3816 5092//3816 5097//3816
f 5097//3817 5092//3817 5107//3817
f 5097//3818 5107//3818 5098//3818
f 5098//3819 5107//3819 5089//3819
f 5098//3820 5089//3820 5104//3820
f 3428//3821 5069//3821 5092//3821
f 5092//3822 5069//3822 5071//3822
f 5092//3823 5071//3823 5107//3823
f 5107//3824 5071//3824 5073//3824
f 5107//3825 5073//3825 5089//3825
f 5089//3826 5073//3826 5075//3826
f 5089//3827 5075//3827 5077//3827
f 3474//3828 4439//3828 5089//3828
f 5089//3829 4439//3829 4440//3829
f 5089//3830 4440//3830 5104//3830
f 5104//3831 4440//3831 4438//3831
f 5104//3832 4438//3832 4437//3832
f 5090//3833 5095//3833 5108//3833
f 5093//3834 5091//3834 5109//3834
f 3427//3409 3429//3409 5110//3409
f 5110//3835 3429//3835 5109//3835
f 5109//3836 3429//3836 5093//3836
f 3449//3837 3450//3837 5111//3837
f 5111//3838 3450//3838 5112//3838
f 5111//3839 5112//3839 5113//3839
f 5113//3840 5112//3840 5114//3840
f 5113//3841 5114//3841 5115//3841
f 5115//3842 5114//3842 5116//3842
f 5115//3843 5116//3843 5108//3843
f 5108//3844 5116//3844 5109//3844
f 5108//3845 5109//3845 5090//3845
f 5090//3846 5109//3846 5091//3846
f 3529//3847 3531//3847 4061//3847
f 4061//3847 3531//3847 5117//3847
f 4061//3848 5117//3848 4063//3848
f 4063//3848 5117//3848 5118//3848
f 4063//3849 5118//3849 4066//3849
f 4066//3849 5118//3849 4469//3849
f 4782//3850 4780//3850 5119//3850
f 4786//3851 4784//3851 5120//3851
f 5121//3852 4737//3852 3506//3852
f 5121//3853 3506//3853 5122//3853
f 4788//3854 5122//3854 3506//3854
f 4786//3855 5120//3855 4788//3855
f 5123//3856 4743//3856 4738//3856
f 4788//3857 5120//3857 5122//3857
f 5122//3858 5120//3858 5123//3858
f 5122//3859 5123//3859 5121//3859
f 5121//3860 5123//3860 4738//3860
f 5121//3861 4738//3861 4737//3861
f 4782//3862 5119//3862 4784//3862
f 5124//3863 4739//3863 4741//3863
f 4784//3864 5119//3864 5120//3864
f 5120//3865 5119//3865 5124//3865
f 5120//3866 5124//3866 5123//3866
f 5123//3867 5124//3867 4741//3867
f 5123//3868 4741//3868 4743//3868
f 3531//3869 4739//3869 5117//3869
f 5117//3870 4739//3870 5124//3870
f 5117//3871 5124//3871 5118//3871
f 5118//3872 5124//3872 5119//3872
f 5118//3873 5119//3873 4469//3873
f 4469//3874 5119//3874 4780//3874
f 3532//3875 3530//3875 5125//3875
f 5125//3875 3530//3875 4065//3875
f 5125//3876 4065//3876 5126//3876
f 5126//3876 4065//3876 4064//3876
f 5126//3877 4064//3877 5127//3877
f 5127//3877 4064//3877 4050//3877
f 5127//3878 4050//3878 5128//3878
f 5128//3878 4050//3878 4053//3878
f 5128//3879 4053//3879 3274//3879
f 3274//3879 4053//3879 3275//3879
f 3508//3880 4736//3880 5129//3880
f 5128//3881 3274//3881 4756//3881
f 5127//3882 5128//3882 5130//3882
f 5128//3883 4756//3883 5130//3883
f 5130//3884 4756//3884 4755//3884
f 5130//3885 4755//3885 5131//3885
f 5131//3886 4755//3886 4759//3886
f 5131//3887 4759//3887 5132//3887
f 5132//3888 4759//3888 4758//3888
f 5132//3889 4758//3889 5133//3889
f 5133//3890 4758//3890 4757//3890
f 5133//3891 4757//3891 5134//3891
f 5134//3892 4757//3892 4777//3892
f 5134//3893 4777//3893 5135//3893
f 5135//3894 4777//3894 4760//3894
f 5135//3895 4760//3895 5136//3895
f 5126//3896 5127//3896 5137//3896
f 5137//3897 5127//3897 5130//3897
f 5137//3898 5130//3898 5138//3898
f 5138//3899 5130//3899 5131//3899
f 5138//3900 5131//3900 5139//3900
f 5139//3901 5131//3901 5132//3901
f 5139//3902 5132//3902 5140//3902
f 5140//3903 5132//3903 5133//3903
f 5140//3904 5133//3904 5141//3904
f 5141//3905 5133//3905 5134//3905
f 5141//3906 5134//3906 5142//3906
f 5142//3907 5134//3907 5135//3907
f 5142//3908 5135//3908 5143//3908
f 5143//3909 5135//3909 5136//3909
f 5143//3910 5136//3910 5129//3910
f 5143//3911 5129//3911 5144//3911
f 5143//3912 5144//3912 5142//3912
f 5142//3913 5144//3913 5145//3913
f 5142//3914 5145//3914 5141//3914
f 5141//3915 5145//3915 5146//3915
f 5141//3916 5146//3916 5140//3916
f 5140//3917 5146//3917 5147//3917
f 5140//3918 5147//3918 5139//3918
f 5139//3919 5147//3919 5148//3919
f 5139//3920 5148//3920 5138//3920
f 5138//3921 5148//3921 5149//3921
f 5138//3922 5149//3922 5137//3922
f 5137//3923 5149//3923 5150//3923
f 5137//3924 5150//3924 5126//3924
f 5126//3925 5150//3925 5125//3925
f 5129//3926 4736//3926 5144//3926
f 5144//3927 4736//3927 5151//3927
f 5144//3928 5151//3928 5145//3928
f 5145//3929 5151//3929 5152//3929
f 5145//3930 5152//3930 5146//3930
f 5146//3931 5152//3931 5153//3931
f 5146//3932 5153//3932 5147//3932
f 5147//3933 5153//3933 5154//3933
f 5147//3934 5154//3934 5148//3934
f 5148//3935 5154//3935 5155//3935
f 5148//3936 5155//3936 5149//3936
f 5149//3937 5155//3937 5156//3937
f 5149//3938 5156//3938 5150//3938
f 5150//3939 5156//3939 5157//3939
f 5150//3940 5157//3940 5125//3940
f 4760//3941 4762//3941 5136//3941
f 5136//3942 4762//3942 5129//3942
f 5129//3943 4762//3943 3508//3943
f 4736//3944 4745//3944 5151//3944
f 5151//3945 4745//3945 4744//3945
f 5151//3946 4744//3946 5152//3946
f 5152//3947 4744//3947 4742//3947
f 5152//3948 4742//3948 5153//3948
f 5153//3949 4742//3949 4740//3949
f 5153//3950 4740//3950 5154//3950
f 5154//3951 4740//3951 4748//3951
f 5154//3952 4748//3952 5155//3952
f 5155//3953 4748//3953 4747//3953
f 5155//3954 4747//3954 5156//3954
f 5156//3955 4747//3955 4746//3955
f 5156//3956 4746//3956 5157//3956
f 5157//3957 4746//3957 3532//3957
f 5157//3958 3532//3958 5125//3958
f 3581//3959 3580//3959 5158//3959
f 5158//3959 3580//3959 4059//3959
f 5158//3960 4059//3960 5159//3960
f 5159//3960 4059//3960 4060//3960
f 5159//3961 4060//3961 3515//3961
f 3515//3961 4060//3961 3513//3961
f 3503//3962 5160//3962 5161//3962
f 5159//3963 3515//3963 4790//3963
f 5158//3964 5159//3964 5162//3964
f 5159//3965 4790//3965 5162//3965
f 5162//3966 4790//3966 4805//3966
f 5162//3967 4805//3967 5163//3967
f 5163//3968 4805//3968 4804//3968
f 5163//3969 4804//3969 5164//3969
f 5164//3970 4804//3970 4802//3970
f 5164//3971 4802//3971 5165//3971
f 4802//3972 4801//3972 5165//3972
f 5165//3973 4801//3973 4800//3973
f 5165//3974 4800//3974 5166//3974
f 5166//3975 4800//3975 4798//3975
f 5166//3976 4798//3976 5167//3976
f 5167//3977 4798//3977 4796//3977
f 5167//3978 4796//3978 5168//3978
f 4796//3979 4795//3979 5168//3979
f 5168//3980 4795//3980 4794//3980
f 5168//3981 4794//3981 5169//3981
f 5169//3982 4794//3982 4792//3982
f 5169//3983 4792//3983 5161//3983
f 5161//3984 5160//3984 5169//3984
f 5169//3985 5160//3985 5170//3985
f 5169//3986 5170//3986 5168//3986
f 5168//3987 5170//3987 5171//3987
f 5168//3988 5171//3988 5167//3988
f 5167//3989 5171//3989 5172//3989
f 5167//3990 5172//3990 5166//3990
f 5166//3991 5172//3991 5173//3991
f 5166//3992 5173//3992 5165//3992
f 5165//3993 5173//3993 5174//3993
f 5165//3994 5174//3994 5164//3994
f 5164//3995 5174//3995 5175//3995
f 5164//3996 5175//3996 5163//3996
f 5163//3997 5175//3997 5176//3997
f 5163//3998 5176//3998 5162//3998
f 5162//3999 5176//3999 5177//3999
f 5162//4000 5177//4000 5158//4000
f 4792//4001 3503//4001 5161//4001
f 3503//4002 4753//4002 5160//4002
f 5160//4003 4753//4003 4767//4003
f 5160//4004 4767//4004 5170//4004
f 5170//4005 4767//4005 4765//4005
f 5170//4006 4765//4006 5171//4006
f 5171//4007 4765//4007 4764//4007
f 5171//4008 4764//4008 5172//4008
f 5172//4009 4764//4009 4751//4009
f 5172//4010 4751//4010 5173//4010
f 5173//4011 4751//4011 4750//4011
f 5173//4012 4750//4012 5174//4012
f 5174//4013 4750//4013 4768//4013
f 5174//4014 4768//4014 5175//4014
f 5175//4015 4768//4015 4770//4015
f 5175//4016 4770//4016 5176//4016
f 5176//4017 4770//4017 4771//4017
f 5176//4018 4771//4018 5177//4018
f 5177//4019 4771//4019 3581//4019
f 5177//4020 3581//4020 5158//4020
f 4067//4021 4470//4021 4068//4021
f 4068//4021 4470//4021 5178//4021
f 4068//4022 5178//4022 4056//4022
f 4056//4022 5178//4022 5179//4022
f 4056//4023 5179//4023 3514//4023
f 3514//4023 5179//4023 3516//4023
f 4799//4024 4803//4024 5180//4024
f 4793//4025 4797//4025 5181//4025
f 5182//4026 4789//4026 3504//4026
f 5182//4027 3504//4027 5183//4027
f 4791//4028 5183//4028 3504//4028
f 4793//4029 5181//4029 4791//4029
f 5184//4030 4785//4030 4787//4030
f 4791//4031 5181//4031 5183//4031
f 5183//4032 5181//4032 5184//4032
f 5183//4033 5184//4033 5182//4033
f 5182//4034 5184//4034 4787//4034
f 5182//4035 4787//4035 4789//4035
f 4799//4036 5180//4036 4797//4036
f 5185//4037 4781//4037 4783//4037
f 4797//4038 5180//4038 5181//4038
f 5181//4039 5180//4039 5185//4039
f 5181//4040 5185//4040 5184//4040
f 5184//4041 5185//4041 4783//4041
f 5184//4042 4783//4042 4785//4042
f 4470//4043 4781//4043 5178//4043
f 5178//4044 4781//4044 5185//4044
f 5178//4045 5185//4045 5179//4045
f 5179//4046 5185//4046 5180//4046
f 5179//4047 5180//4047 3516//4047
f 3516//4048 5180//4048 4803//4048
f 4473//4049 4133//4049 5186//4049
f 5186//4049 4133//4049 4132//4049
f 5186//4050 4132//4050 5187//4050
f 5187//4050 4132//4050 4131//4050
f 5187//4051 4131//4051 3511//4051
f 3511//4051 4131//4051 3509//4051
f 4859//4052 4861//4052 5188//4052
f 4855//4053 4857//4053 5189//4053
f 5190//4054 4809//4054 3500//4054
f 5190//4055 3500//4055 5191//4055
f 4853//4056 5191//4056 3500//4056
f 4855//4057 5189//4057 4853//4057
f 5192//4058 4813//4058 4808//4058
f 4853//4059 5189//4059 5191//4059
f 5191//4060 5189//4060 5192//4060
f 5191//4061 5192//4061 5190//4061
f 5190//4062 5192//4062 4808//4062
f 5190//4063 4808//4063 4809//4063
f 4859//4064 5188//4064 4857//4064
f 5193//4065 4819//4065 4812//4065
f 4857//4066 5188//4066 5189//4066
f 5189//4067 5188//4067 5193//4067
f 5189//4068 5193//4068 5192//4068
f 5192//4069 5193//4069 4812//4069
f 5192//4070 4812//4070 4813//4070
f 3511//4071 4819//4071 5187//4071
f 5187//4072 4819//4072 5193//4072
f 5187//4073 5193//4073 5186//4073
f 5186//4074 5193//4074 5188//4074
f 5186//4075 5188//4075 4473//4075
f 4473//4076 5188//4076 4861//4076
f 3562//4077 3561//4077 5194//4077
f 5194//4077 3561//4077 4138//4077
f 5194//4078 4138//4078 5195//4078
f 5195//4078 4138//4078 4130//4078
f 5195//4079 4130//4079 5196//4079
f 5196//4079 4130//4079 4129//4079
f 5196//4080 4129//4080 5197//4080
f 5197//4080 4129//4080 4143//4080
f 5197//4081 4143//4081 3519//4081
f 3519//4081 4143//4081 3517//4081
f 3498//4082 4825//4082 5198//4082
f 5196//4083 5197//4083 5199//4083
f 4866//4084 5200//4084 4867//4084
f 4867//4085 5200//4085 5201//4085
f 4867//4086 5201//4086 4869//4086
f 4869//4087 5201//4087 5202//4087
f 4869//4088 5202//4088 4874//4088
f 4874//4089 5202//4089 5203//4089
f 4874//4090 5203//4090 4875//4090
f 4875//4091 5203//4091 5204//4091
f 4875//4092 5204//4092 4876//4092
f 4876//4093 5204//4093 5205//4093
f 4876//4094 5205//4094 4871//4094
f 4871//4095 5205//4095 5199//4095
f 4871//4096 5199//4096 4872//4096
f 4872//4097 5199//4097 5197//4097
f 4872//4098 5197//4098 3519//4098
f 5195//4099 5196//4099 5206//4099
f 5206//4100 5196//4100 5199//4100
f 5206//4101 5199//4101 5207//4101
f 5207//4102 5199//4102 5205//4102
f 5207//4103 5205//4103 5208//4103
f 5208//4104 5205//4104 5204//4104
f 5208//4105 5204//4105 5209//4105
f 5209//4106 5204//4106 5203//4106
f 5209//4107 5203//4107 5210//4107
f 5210//4108 5203//4108 5202//4108
f 5210//4109 5202//4109 5211//4109
f 5211//4110 5202//4110 5201//4110
f 5211//4111 5201//4111 5212//4111
f 5212//4112 5201//4112 5200//4112
f 5212//4113 5200//4113 5198//4113
f 5212//4114 5198//4114 5213//4114
f 5212//4115 5213//4115 5211//4115
f 5211//4116 5213//4116 5214//4116
f 5211//4117 5214//4117 5210//4117
f 5210//4118 5214//4118 5215//4118
f 5210//4119 5215//4119 5209//4119
f 5209//4120 5215//4120 5216//4120
f 5209//4121 5216//4121 5208//4121
f 5208//4122 5216//4122 5217//4122
f 5208//4123 5217//4123 5207//4123
f 5207//4124 5217//4124 5218//4124
f 5207//4125 5218//4125 5206//4125
f 5206//4126 5218//4126 5219//4126
f 5206//4127 5219//4127 5195//4127
f 5195//4128 5219//4128 5194//4128
f 5198//4129 4825//4129 5213//4129
f 5213//4130 4825//4130 5220//4130
f 5213//4131 5220//4131 5214//4131
f 5214//4132 5220//4132 5221//4132
f 5214//4133 5221//4133 5215//4133
f 5215//4134 5221//4134 5222//4134
f 5215//4135 5222//4135 5216//4135
f 5216//4136 5222//4136 5223//4136
f 5216//4137 5223//4137 5217//4137
f 5217//4138 5223//4138 5224//4138
f 5217//4139 5224//4139 5218//4139
f 5218//4140 5224//4140 5225//4140
f 5218//4141 5225//4141 5219//4141
f 5219//4142 5225//4142 5226//4142
f 5219//4143 5226//4143 5194//4143
f 4866//4144 4864//4144 5200//4144
f 5200//4145 4864//4145 5198//4145
f 5198//4146 4864//4146 3498//4146
f 4825//4147 4849//4147 5220//4147
f 5220//4148 4849//4148 4848//4148
f 5220//4149 4848//4149 5221//4149
f 5221//4150 4848//4150 4823//4150
f 5221//4151 4823//4151 5222//4151
f 5222//4152 4823//4152 4822//4152
f 5222//4153 4822//4153 5223//4153
f 5223//4154 4822//4154 4838//4154
f 5223//4155 4838//4155 5224//4155
f 5224//4156 4838//4156 4840//4156
f 5224//4157 4840//4157 5225//4157
f 5225//4158 4840//4158 4841//4158
f 5225//4159 4841//4159 5226//4159
f 5226//4160 4841//4160 3562//4160
f 5226//4161 3562//4161 5194//4161
f 4135//4162 4474//4162 4136//4162
f 4136//4162 4474//4162 5227//4162
f 4136//4163 5227//4163 4142//4163
f 4142//4163 5227//4163 5228//4163
f 4142//4164 5228//4164 3518//4164
f 3518//4164 5228//4164 3520//4164
f 4870//4165 4873//4165 5229//4165
f 4865//4166 4868//4166 5230//4166
f 5231//4167 4854//4167 3499//4167
f 5231//4168 3499//4168 5232//4168
f 4863//4169 5232//4169 3499//4169
f 4865//4170 5230//4170 4863//4170
f 5233//4171 4858//4171 4856//4171
f 4863//4172 5230//4172 5232//4172
f 5232//4173 5230//4173 5233//4173
f 5232//4174 5233//4174 5231//4174
f 5231//4175 5233//4175 4856//4175
f 5231//4176 4856//4176 4854//4176
f 4870//4177 5229//4177 4868//4177
f 5234//4178 4862//4178 4860//4178
f 4868//4179 5229//4179 5230//4179
f 5230//4180 5229//4180 5234//4180
f 5230//4181 5234//4181 5233//4181
f 5233//4182 5234//4182 4860//4182
f 5233//4183 4860//4183 4858//4183
f 4474//4184 4862//4184 5227//4184
f 5227//4185 4862//4185 5234//4185
f 5227//4186 5234//4186 5228//4186
f 5228//4187 5234//4187 5229//4187
f 5228//4188 5229//4188 3520//4188
f 3520//4189 5229//4189 4873//4189
f 3451//4190 3453//4190 5235//4190
f 5235//4190 3453//4190 4085//4190
f 5235//4191 4085//4191 5236//4191
f 5236//4191 4085//4191 4081//4191
f 5236//4192 4081//4192 3538//4192
f 3538//4192 4081//4192 3539//4192
f 3434//4193 5237//4193 5238//4193
f 5239//4194 5240//4194 5241//4194
f 5242//4195 5236//4195 5026//4195
f 5026//4196 5236//4196 3538//4196
f 4998//4197 3451//4197 5243//4197
f 5243//4198 3451//4198 5235//4198
f 4999//4199 4998//4199 5244//4199
f 5244//4200 4998//4200 5243//4200
f 5244//4201 5243//4201 5242//4201
f 5242//4202 5243//4202 5235//4202
f 5242//4203 5235//4203 5236//4203
f 5026//4204 5025//4204 5242//4204
f 5242//4205 5025//4205 5245//4205
f 5242//4206 5245//4206 5244//4206
f 5244//4207 5245//4207 5246//4207
f 5244//4208 5246//4208 4999//4208
f 5239//4209 5023//4209 5022//4209
f 5004//4210 5002//4210 5246//4210
f 5246//4211 5002//4211 5000//4211
f 5246//4212 5000//4212 4999//4212
f 5239//4213 5022//4213 5240//4213
f 5240//4214 5022//4214 5019//4214
f 5240//4215 5019//4215 5247//4215
f 5241//4216 5240//4216 5248//4216
f 5248//4217 5240//4217 5247//4217
f 5248//4218 5247//4218 5249//4218
f 5025//4219 5023//4219 5245//4219
f 5245//4220 5023//4220 5239//4220
f 5245//4221 5239//4221 5246//4221
f 5246//4222 5239//4222 5241//4222
f 5246//4223 5241//4223 5004//4223
f 5004//4224 5241//4224 5248//4224
f 5004//4225 5248//4225 5005//4225
f 5005//4226 5248//4226 5249//4226
f 5250//4227 5018//4227 5030//4227
f 5010//4228 5008//4228 5249//4228
f 5249//4229 5008//4229 5006//4229
f 5249//4230 5006//4230 5005//4230
f 5250//4231 5030//4231 5251//4231
f 5251//4232 5030//4232 5029//4232
f 5251//4233 5029//4233 5252//4233
f 5252//4234 5029//4234 5027//4234
f 5252//4235 5027//4235 5238//4235
f 5238//4236 5237//4236 5252//4236
f 5252//4237 5237//4237 5253//4237
f 5252//4238 5253//4238 5251//4238
f 5251//4239 5253//4239 5254//4239
f 5251//4240 5254//4240 5250//4240
f 5027//4241 3434//4241 5238//4241
f 5019//4242 5018//4242 5247//4242
f 5247//4243 5018//4243 5250//4243
f 5247//4244 5250//4244 5249//4244
f 5249//4245 5250//4245 5254//4245
f 5249//4246 5254//4246 5010//4246
f 5010//4247 5254//4247 5253//4247
f 5010//4248 5253//4248 5011//4248
f 5011//4249 5253//4249 5237//4249
f 5011//4250 5237//4250 5012//4250
f 5012//4251 5237//4251 3434//4251
f 3257//4252 3256//4252 5255//4252
f 5255//4252 3256//4252 4079//4252
f 5255//4253 4079//4253 5256//4253
f 5256//4253 4079//4253 4080//4253
f 5256//4254 4080//4254 5257//4254
f 5257//4254 4080//4254 4095//4254
f 5257//4255 4095//4255 5258//4255
f 5258//4255 4095//4255 4094//4255
f 5258//4256 4094//4256 3477//4256
f 3477//4256 4094//4256 3475//4256
f 3431//4257 5017//4257 5259//4257
f 5257//4258 5258//4258 5260//4258
f 5058//4259 5261//4259 5059//4259
f 5059//4260 5261//4260 5262//4260
f 5059//4261 5262//4261 5061//4261
f 5061//4262 5262//4262 5263//4262
f 5061//4263 5263//4263 5066//4263
f 5066//4264 5263//4264 5264//4264
f 5066//4265 5264//4265 5067//4265
f 5067//4266 5264//4266 5265//4266
f 5067//4267 5265//4267 5068//4267
f 5068//4268 5265//4268 5266//4268
f 5068//4269 5266//4269 5063//4269
f 5063//4270 5266//4270 5260//4270
f 5063//4271 5260//4271 5064//4271
f 5064//4272 5260//4272 5258//4272
f 5064//4273 5258//4273 3477//4273
f 5256//4274 5257//4274 5267//4274
f 5267//4275 5257//4275 5260//4275
f 5267//4276 5260//4276 5268//4276
f 5268//4277 5260//4277 5266//4277
f 5268//4278 5266//4278 5269//4278
f 5269//4279 5266//4279 5265//4279
f 5269//4280 5265//4280 5270//4280
f 5270//4281 5265//4281 5264//4281
f 5270//4282 5264//4282 5271//4282
f 5271//4283 5264//4283 5263//4283
f 5271//4284 5263//4284 5272//4284
f 5272//4285 5263//4285 5262//4285
f 5272//4286 5262//4286 5273//4286
f 5273//4287 5262//4287 5261//4287
f 5273//4288 5261//4288 5259//4288
f 5273//4289 5259//4289 5274//4289
f 5273//4290 5274//4290 5272//4290
f 5272//4291 5274//4291 5275//4291
f 5272//4292 5275//4292 5271//4292
f 5271//4293 5275//4293 5276//4293
f 5271//4294 5276//4294 5270//4294
f 5270//4295 5276//4295 5277//4295
f 5270//4296 5277//4296 5269//4296
f 5269//4297 5277//4297 5278//4297
f 5269//4298 5278//4298 5268//4298
f 5268//4299 5278//4299 5279//4299
f 5268//4300 5279//4300 5267//4300
f 5267//4301 5279//4301 5280//4301
f 5267//4302 5280//4302 5256//4302
f 5256//4303 5280//4303 5255//4303
f 5259//4304 5017//4304 5274//4304
f 5274//4305 5017//4305 5281//4305
f 5274//4306 5281//4306 5275//4306
f 5275//4307 5281//4307 5282//4307
f 5275//4308 5282//4308 5276//4308
f 5276//4309 5282//4309 5283//4309
f 5276//4310 5283//4310 5277//4310
f 5277//4311 5283//4311 5284//4311
f 5277//4312 5284//4312 5278//4312
f 5278//4313 5284//4313 5285//4313
f 5278//4314 5285//4314 5279//4314
f 5279//4315 5285//4315 5286//4315
f 5279//4316 5286//4316 5280//4316
f 5280//4317 5286//4317 5287//4317
f 5280//4318 5287//4318 5255//4318
f 5058//4319 5056//4319 5261//4319
f 5261//4320 5056//4320 5259//4320
f 5259//4321 5056//4321 3431//4321
f 5017//4322 5041//4322 5281//4322
f 5281//4323 5041//4323 5040//4323
f 5281//4324 5040//4324 5282//4324
f 5282//4325 5040//4325 5015//4325
f 5282//4326 5015//4326 5283//4326
f 5283//4327 5015//4327 5014//4327
f 5283//4328 5014//4328 5284//4328
f 5284//4329 5014//4329 5031//4329
f 5284//4330 5031//4330 5285//4330
f 5285//4331 5031//4331 5033//4331
f 5285//4332 5033//4332 5286//4332
f 5286//4333 5033//4333 5034//4333
f 5286//4334 5034//4334 5287//4334
f 5287//4335 5034//4335 3257//4335
f 5287//4336 3257//4336 5255//4336
f 4091//4337 4501//4337 4092//4337
f 4092//4337 4501//4337 5288//4337
f 4092//4338 5288//4338 4093//4338
f 4093//4338 5288//4338 5289//4338
f 4093//4339 5289//4339 3476//4339
f 3476//4339 5289//4339 3478//4339
f 5062//4340 5065//4340 5290//4340
f 5057//4341 5060//4341 5291//4341
f 5292//4342 5046//4342 3432//4342
f 5292//4343 3432//4343 5293//4343
f 5055//4344 5293//4344 3432//4344
f 5057//4345 5291//4345 5055//4345
f 5294//4346 5050//4346 5048//4346
f 5055//4347 5291//4347 5293//4347
f 5293//4348 5291//4348 5294//4348
f 5293//4349 5294//4349 5292//4349
f 5292//4350 5294//4350 5048//4350
f 5292//4351 5048//4351 5046//4351
f 5062//4352 5290//4352 5060//4352
f 5295//4353 5054//4353 5052//4353
f 5060//4354 5290//4354 5291//4354
f 5291//4355 5290//4355 5295//4355
f 5291//4356 5295//4356 5294//4356
f 5294//4357 5295//4357 5052//4357
f 5294//4358 5052//4358 5050//4358
f 4501//4359 5054//4359 5288//4359
f 5288//4360 5054//4360 5295//4360
f 5288//4361 5295//4361 5289//4361
f 5289//4362 5295//4362 5290//4362
f 5289//4363 5290//4363 3478//4363
f 3478//4364 5290//4364 5065//4364
f 4502//4365 4089//4365 5296//4365
f 5296//4365 4089//4365 4088//4365
f 5296//4366 4088//4366 5297//4366
f 5297//4366 4088//4366 4087//4366
f 5297//4367 4087//4367 3452//4367
f 3452//4367 4087//4367 3454//4367
f 5051//4368 5053//4368 5298//4368
f 5047//4369 5049//4369 5299//4369
f 5300//4370 5013//4370 3433//4370
f 5300//4371 3433//4371 5301//4371
f 5045//4372 5301//4372 3433//4372
f 5047//4373 5299//4373 5045//4373
f 5302//4374 5007//4374 5009//4374
f 5045//4375 5299//4375 5301//4375
f 5301//4376 5299//4376 5302//4376
f 5301//4377 5302//4377 5300//4377
f 5300//4378 5302//4378 5009//4378
f 5300//4379 5009//4379 5013//4379
f 5051//4380 5298//4380 5049//4380
f 5303//4381 5001//4381 5003//4381
f 5049//4382 5298//4382 5299//4382
f 5299//4383 5298//4383 5303//4383
f 5299//4384 5303//4384 5302//4384
f 5302//4385 5303//4385 5003//4385
f 5302//4386 5003//4386 5007//4386
f 3452//4387 5001//4387 5297//4387
f 5297//4388 5001//4388 5303//4388
f 5297//4389 5303//4389 5296//4389
f 5296//4390 5303//4390 5298//4390
f 5296//4391 5298//4391 4502//4391
f 4502//4392 5298//4392 5053//4392
f 3467//4393 3469//4393 4097//4393
f 4097//4393 3469//4393 5304//4393
f 4097//4394 5304//4394 4098//4394
f 4098//4394 5304//4394 5305//4394
f 4098//4395 5305//4395 4099//4395
f 4099//4395 5305//4395 4507//4395
f 4925//4396 4923//4396 5306//4396
f 4929//4397 4927//4397 5307//4397
f 5308//4398 4881//4398 3444//4398
f 5308//4399 3444//4399 5309//4399
f 4931//4400 5309//4400 3444//4400
f 4929//4401 5307//4401 4931//4401
f 5310//4402 4885//4402 4880//4402
f 4931//4403 5307//4403 5309//4403
f 5309//4404 5307//4404 5310//4404
f 5309//4405 5310//4405 5308//4405
f 5308//4406 5310//4406 4880//4406
f 5308//4407 4880//4407 4881//4407
f 4925//4408 5306//4408 4927//4408
f 5311//4409 4886//4409 4884//4409
f 4927//4410 5306//4410 5307//4410
f 5307//4411 5306//4411 5311//4411
f 5307//4412 5311//4412 5310//4412
f 5310//4413 5311//4413 4884//4413
f 5310//4414 4884//4414 4885//4414
f 3469//4415 4886//4415 5304//4415
f 5304//4416 4886//4416 5311//4416
f 5304//4417 5311//4417 5305//4417
f 5305//4418 5311//4418 5306//4418
f 5305//4419 5306//4419 4507//4419
f 4507//4420 5306//4420 4923//4420
f 3470//4421 3468//4421 5312//4421
f 5312//4421 3468//4421 4110//4421
f 5312//4422 4110//4422 5313//4422
f 5313//4422 4110//4422 4109//4422
f 5313//4423 4109//4423 5314//4423
f 5314//4423 4109//4423 4108//4423
f 5314//4424 4108//4424 5315//4424
f 5315//4424 4108//4424 4107//4424
f 5315//4425 4107//4425 3593//4425
f 3593//4425 4107//4425 3594//4425
f 5316//4426 5317//4426 5312//4426
f 5315//4427 3593//4427 4898//4427
f 5314//4428 5315//4428 5318//4428
f 5315//4429 4898//4429 5318//4429
f 5318//4430 4898//4430 4897//4430
f 5318//4431 4897//4431 5319//4431
f 5319//4432 4897//4432 4901//4432
f 5319//4433 4901//4433 5320//4433
f 5313//4434 5314//4434 5321//4434
f 5321//4435 5314//4435 5318//4435
f 5321//4436 5318//4436 5322//4436
f 5322//4437 5318//4437 5319//4437
f 5322//4438 5319//4438 5323//4438
f 5323//4439 5319//4439 5320//4439
f 5323//4440 5320//4440 5324//4440
f 5312//4441 5313//4441 5316//4441
f 5316//4442 5313//4442 5321//4442
f 5316//4443 5321//4443 5325//4443
f 5325//4444 5321//4444 5322//4444
f 5325//4445 5322//4445 5326//4445
f 5326//4446 5322//4446 5323//4446
f 5326//4447 5323//4447 5327//4447
f 5327//4448 5323//4448 5324//4448
f 5327//4449 5324//4449 5328//4449
f 5317//4450 5316//4450 5329//4450
f 5329//4451 5316//4451 5325//4451
f 5329//4452 5325//4452 5330//4452
f 5330//4453 5325//4453 5326//4453
f 5330//4454 5326//4454 5331//4454
f 5331//4455 5326//4455 5327//4455
f 5331//4456 5327//4456 5332//4456
f 5332//4457 5327//4457 5328//4457
f 5332//4458 5328//4458 5333//4458
f 5333//4459 4882//4459 5332//4459
f 5332//4460 4882//4460 4890//4460
f 5332//4461 4890//4461 5331//4461
f 5331//4462 4890//4462 4889//4462
f 5331//4463 4889//4463 5330//4463
f 5330//4464 4889//4464 4888//4464
f 5330//4465 4888//4465 5329//4465
f 5329//4466 4888//4466 4887//4466
f 5329//4467 4887//4467 5317//4467
f 5317//4468 4887//4468 3470//4468
f 5317//4469 3470//4469 5312//4469
f 4879//4470 4878//4470 5333//4470
f 5333//4471 4878//4471 4883//4471
f 5333//4472 4883//4472 4882//4472
f 4920//4473 4902//4473 5334//4473
f 5334//4474 4902//4474 5335//4474
f 5334//4475 5335//4475 5336//4475
f 5336//4476 5335//4476 5337//4476
f 4899//4477 4920//4477 5338//4477
f 5338//4478 4920//4478 5334//4478
f 5338//4479 5334//4479 5339//4479
f 5339//4480 5334//4480 5336//4480
f 5339//4481 5336//4481 5340//4481
f 5340//4482 5336//4482 5337//4482
f 5340//4483 5337//4483 4877//4483
f 4877//4484 5337//4484 3446//4484
f 4900//4485 4899//4485 5341//4485
f 5341//4486 4899//4486 5338//4486
f 5341//4487 5338//4487 5342//4487
f 5342//4488 5338//4488 5339//4488
f 5342//4489 5339//4489 5343//4489
f 5343//4490 5339//4490 5340//4490
f 5343//4491 5340//4491 5344//4491
f 5344//4492 5340//4492 4877//4492
f 4902//4493 4904//4493 5335//4493
f 5335//4494 4904//4494 5337//4494
f 5337//4495 4904//4495 3446//4495
f 4901//4496 4900//4496 5320//4496
f 5320//4497 4900//4497 5341//4497
f 5320//4498 5341//4498 5324//4498
f 5324//4499 5341//4499 5342//4499
f 5324//4500 5342//4500 5328//4500
f 5328//4501 5342//4501 5343//4501
f 5328//4502 5343//4502 5333//4502
f 5333//4503 5343//4503 5344//4503
f 5333//4504 5344//4504 4879//4504
f 4879//4505 5344//4505 4877//4505
f 3280//4506 3279//4506 5345//4506
f 5345//4506 3279//4506 4105//4506
f 5345//4507 4105//4507 5346//4507
f 5346//4507 4105//4507 4106//4507
f 5346//4508 4106//4508 3461//4508
f 3461//4508 4106//4508 3459//4508
f 3441//4509 5347//4509 5348//4509
f 5346//4510 3461//4510 4933//4510
f 5345//4511 5346//4511 5349//4511
f 5346//4512 4933//4512 5349//4512
f 5349//4513 4933//4513 4948//4513
f 5349//4514 4948//4514 5350//4514
f 5350//4515 4948//4515 4947//4515
f 5350//4516 4947//4516 5351//4516
f 5351//4517 4947//4517 4945//4517
f 5351//4518 4945//4518 5352//4518
f 4945//4519 4944//4519 5352//4519
f 5352//4520 4944//4520 4943//4520
f 5352//4521 4943//4521 5353//4521
f 5353//4522 4943//4522 4941//4522
f 5353//4523 4941//4523 5354//4523
f 5354//4524 4941//4524 4939//4524
f 5354//4525 4939//4525 5355//4525
f 4939//4526 4938//4526 5355//4526
f 5355//4527 4938//4527 4937//4527
f 5355//4528 4937//4528 5356//4528
f 5356//4529 4937//4529 4935//4529
f 5356//4530 4935//4530 5348//4530
f 5348//4531 5347//4531 5356//4531
f 5356//4532 5347//4532 5357//4532
f 5356//4533 5357//4533 5355//4533
f 5355//4534 5357//4534 5358//4534
f 5355//4535 5358//4535 5354//4535
f 5354//4536 5358//4536 5359//4536
f 5354//4537 5359//4537 5353//4537
f 5353//4538 5359//4538 5360//4538
f 5353//4539 5360//4539 5352//4539
f 5352//4540 5360//4540 5361//4540
f 5352//4541 5361//4541 5351//4541
f 5351//4542 5361//4542 5362//4542
f 5351//4543 5362//4543 5350//4543
f 5350//4544 5362//4544 5363//4544
f 5350//4545 5363//4545 5349//4545
f 5349//4546 5363//4546 5364//4546
f 5349//4547 5364//4547 5345//4547
f 4935//4548 3441//4548 5348//4548
f 3441//4549 4894//4549 5347//4549
f 5347//4550 4894//4550 4909//4550
f 5347//4551 4909//4551 5357//4551
f 5357//4552 4909//4552 4907//4552
f 5357//4553 4907//4553 5358//4553
f 5358//4554 4907//4554 4906//4554
f 5358//4555 4906//4555 5359//4555
f 5359//4556 4906//4556 4892//4556
f 5359//4557 4892//4557 5360//4557
f 5360//4558 4892//4558 4891//4558
f 5360//4559 4891//4559 5361//4559
f 5361//4560 4891//4560 4910//4560
f 5361//4561 4910//4561 5362//4561
f 5362//4562 4910//4562 4912//4562
f 5362//4563 4912//4563 5363//4563
f 5363//4564 4912//4564 4913//4564
f 5363//4565 4913//4565 5364//4565
f 5364//4566 4913//4566 3280//4566
f 5364//4567 3280//4567 5345//4567
f 4100//4568 4508//4568 4101//4568
f 4101//4568 4508//4568 5365//4568
f 4101//4569 5365//4569 4102//4569
f 4102//4569 5365//4569 5366//4569
f 4102//4570 5366//4570 3460//4570
f 3460//4570 5366//4570 3462//4570
f 4942//4571 4946//4571 5367//4571
f 4936//4572 4940//4572 5368//4572
f 5369//4573 4932//4573 3442//4573
f 5369//4574 3442//4574 5370//4574
f 4934//4575 5370//4575 3442//4575
f 4936//4576 5368//4576 4934//4576
f 5371//4577 4928//4577 4930//4577
f 4934//4578 5368//4578 5370//4578
f 5370//4579 5368//4579 5371//4579
f 5370//4580 5371//4580 5369//4580
f 5369//4581 5371//4581 4930//4581
f 5369//4582 4930//4582 4932//4582
f 4942//4583 5367//4583 4940//4583
f 5372//4584 4924//4584 4926//4584
f 4940//4585 5367//4585 5368//4585
f 5368//4586 5367//4586 5372//4586
f 5368//4587 5372//4587 5371//4587
f 5371//4588 5372//4588 4926//4588
f 5371//4589 4926//4589 4928//4589
f 4508//4590 4924//4590 5365//4590
f 5365//4591 4924//4591 5372//4591
f 5365//4592 5372//4592 5366//4592
f 5366//4593 5372//4593 5367//4593
f 5366//4594 5367//4594 3462//4594
f 3462//4595 5367//4595 4946//4595
f 4272//4596 4434//4596 4274//4596
f 4274//4596 4434//4596 5373//4596
f 4274//4597 5373//4597 4275//4597
f 4275//4597 5373//4597 5374//4597
f 4275//4598 5374//4598 4261//4598
f 4261//4598 5374//4598 4459//4598
f 5374//4599 5373//4599 5375//4599
f 5376//4600 5377//4600 5378//4600
f 5379//4601 4460//4601 4458//4601
f 5377//4602 5380//4602 5378//4602
f 5378//4603 5380//4603 5381//4603
f 5378//4604 5381//4604 5382//4604
f 4978//4605 4977//4605 5383//4605
f 5383//4606 5384//4606 4978//4606
f 4978//4607 5384//4607 5385//4607
f 4978//4608 5385//4608 4973//4608
f 4973//4609 5385//4609 5386//4609
f 4973//4610 5386//4610 4974//4610
f 4974//4611 5386//4611 5387//4611
f 4974//4612 5387//4612 4975//4612
f 4459//4613 5388//4613 4467//4613
f 4467//4614 5388//4614 5389//4614
f 4467//4615 5389//4615 4468//4615
f 4468//4616 5389//4616 5390//4616
f 4468//4617 5390//4617 4462//4617
f 4462//4618 5390//4618 5391//4618
f 4462//4619 5391//4619 4463//4619
f 4463//4620 5391//4620 5392//4620
f 4463//4621 5392//4621 4464//4621
f 4464//4622 5392//4622 5382//4622
f 4464//4623 5382//4623 4458//4623
f 4458//4624 5382//4624 5381//4624
f 4458//4625 5381//4625 5379//4625
f 4459//4626 5374//4626 5388//4626
f 5388//4627 5374//4627 5375//4627
f 5388//4628 5375//4628 5389//4628
f 5389//4629 5375//4629 5393//4629
f 5389//4630 5393//4630 5390//4630
f 5390//4631 5393//4631 5394//4631
f 5390//4632 5394//4632 5391//4632
f 5391//4633 5394//4633 5395//4633
f 5391//4634 5395//4634 5392//4634
f 5392//4635 5395//4635 5387//4635
f 5392//4636 5387//4636 5382//4636
f 5382//4637 5387//4637 5386//4637
f 5382//4638 5386//4638 5378//4638
f 5378//4639 5386//4639 5385//4639
f 5378//4640 5385//4640 5376//4640
f 5376//4641 5385//4641 5384//4641
f 5376//4642 5384//4642 5396//4642
f 5396//4643 5384//4643 5383//4643
f 4975//4644 5387//4644 4976//4644
f 4976//4645 5387//4645 5395//4645
f 4976//4646 5395//4646 4972//4646
f 4972//4647 5395//4647 5394//4647
f 4972//4648 5394//4648 4970//4648
f 4970//4649 5394//4649 5393//4649
f 4970//4650 5393//4650 4969//4650
f 4969//4651 5393//4651 5375//4651
f 4969//4652 5375//4652 4967//4652
f 4967//4653 5375//4653 5373//4653
f 4967//4654 5373//4654 4434//4654
f 4259//4568 4457//4568 4258//4568
f 4258//4568 4457//4568 5397//4568
f 4258//4569 5397//4569 4262//4569
f 4262//4569 5397//4569 5398//4569
f 4262//4655 5398//4655 3457//4655
f 3457//4655 5398//4655 3455//4655
f 5376//4656 5396//4656 5399//4656
f 4977//4657 4957//4657 4955//4657
f 4977//4658 4955//4658 5383//4658
f 5381//4659 5380//4659 5400//4659
f 5400//4660 5380//4660 5377//4660
f 4461//4661 4460//4661 5379//4661
f 5396//4662 5383//4662 5399//4662
f 5399//4663 5383//4663 4955//4663
f 5399//4664 4955//4664 5401//4664
f 3455//4665 5398//4665 4950//4665
f 4950//4665 5398//4665 5402//4665
f 4950//4666 5402//4666 4952//4666
f 4952//4667 5402//4667 5401//4667
f 4952//4668 5401//4668 4953//4668
f 4953//4669 5401//4669 4955//4669
f 5398//4670 5397//4670 5402//4670
f 5402//4671 5397//4671 5403//4671
f 5402//4672 5403//4672 5401//4672
f 5401//4673 5403//4673 5404//4673
f 5401//4674 5404//4674 5399//4674
f 5399//4675 5404//4675 5400//4675
f 5399//4676 5400//4676 5376//4676
f 5376//4677 5400//4677 5377//4677
f 5397//4678 4457//4678 5403//4678
f 5403//4678 4457//4678 4466//4678
f 5403//4679 4466//4679 5404//4679
f 5404//4680 4466//4680 4465//4680
f 5404//4681 4465//4681 5400//4681
f 5400//4682 4465//4682 4461//4682
f 5400//4683 4461//4683 5381//4683
f 5381//4684 4461//4684 5379//4684
f 4264//4685 4505//4685 4265//4685
f 4265//4685 4505//4685 5405//4685
f 4265//4686 5405//4686 4266//4686
f 4266//4686 5405//4686 5406//4686
f 4266//4687 5406//4687 4267//4687
f 4267//4687 5406//4687 5407//4687
f 4267//4688 5407//4688 3465//4688
f 3465//4688 5407//4688 3463//4688
f 4994//4689 4993//4689 5408//4689
f 4996//4690 4995//4690 5409//4690
f 4985//4691 4984//4691 5410//4691
f 5410//4692 4984//4692 3440//4692
f 5411//4693 5412//4693 3440//4693
f 5411//4694 3440//4694 4997//4694
f 5413//4695 5412//4695 5414//4695
f 5414//4696 5412//4696 5411//4696
f 5414//4697 5411//4697 5409//4697
f 5409//4698 5411//4698 4997//4698
f 5409//4699 4997//4699 4996//4699
f 4987//4700 4985//4700 5413//4700
f 5413//4701 4985//4701 5410//4701
f 5413//4702 5410//4702 5412//4702
f 5412//4703 5410//4703 3440//4703
f 4994//4704 5408//4704 4995//4704
f 5415//4705 4991//4705 4989//4705
f 4995//4706 5408//4706 5409//4706
f 5409//4707 5408//4707 5416//4707
f 5409//4708 5416//4708 5414//4708
f 5414//4709 5416//4709 5415//4709
f 5414//4710 5415//4710 5413//4710
f 5413//4711 5415//4711 4989//4711
f 5413//4712 4989//4712 4987//4712
f 4505//4713 4991//4713 5405//4713
f 5405//4714 4991//4714 5415//4714
f 5405//4715 5415//4715 5406//4715
f 5406//4716 5415//4716 5416//4716
f 5406//4717 5416//4717 5407//4717
f 5407//4718 5416//4718 5408//4718
f 5407//4719 5408//4719 3463//4719
f 3463//4720 5408//4720 4993//4720
f 4506//1692 4263//1692 5417//1692
f 5417//1692 4263//1692 4257//1692
f 5417//4721 4257//4721 5418//4721
f 5418//4721 4257//4721 4256//4721
f 5418//4051 4256//4051 3456//4051
f 3456//4051 4256//4051 3458//4051
f 4990//4722 4992//4722 5419//4722
f 4986//4053 4988//4053 5420//4053
f 5421//4054 4960//4054 3438//4054
f 5421//4055 3438//4055 5422//4055
f 4983//4056 5422//4056 3438//4056
f 4986//4057 5420//4057 4983//4057
f 5423//4058 4954//4058 4956//4058
f 4983//4059 5420//4059 5422//4059
f 5422//4060 5420//4060 5423//4060
f 5422//4061 5423//4061 5421//4061
f 5421//4062 5423//4062 4956//4062
f 5421//4063 4956//4063 4960//4063
f 4990//4064 5419//4064 4988//4064
f 5424//4065 4949//4065 4951//4065
f 4988//4066 5419//4066 5420//4066
f 5420//4067 5419//4067 5424//4067
f 5420//4068 5424//4068 5423//4068
f 5423//4069 5424//4069 4951//4069
f 5423//4070 4951//4070 4954//4070
f 3456//4071 4949//4071 5418//4071
f 5418//4072 4949//4072 5424//4072
f 5418//4723 5424//4723 5417//4723
f 5417//4724 5424//4724 5419//4724
f 5417//4725 5419//4725 4506//4725
f 4506//4726 5419//4726 4992//4726
f 4503//4727 4161//4727 5425//4727
f 5425//4727 4161//4727 4160//4727
f 5425//4728 4160//4728 5426//4728
f 5426//4728 4160//4728 4159//4728
f 5426//4729 4159//4729 5427//4729
f 5427//4729 4159//4729 4158//4729
f 5427//4730 4158//4730 3473//4730
f 3473//4730 4158//4730 3471//4730
f 5085//4731 5087//4731 5428//4731
f 5081//4732 5083//4732 5429//4732
f 5072//4733 5070//4733 5430//4733
f 5430//4734 5070//4734 3425//4734
f 5431//4735 5432//4735 3425//4735
f 5431//4736 3425//4736 5079//4736
f 5433//4737 5432//4737 5434//4737
f 5434//4738 5432//4738 5431//4738
f 5434//4739 5431//4739 5429//4739
f 5429//4740 5431//4740 5079//4740
f 5429//4741 5079//4741 5081//4741
f 5074//4742 5072//4742 5433//4742
f 5433//4743 5072//4743 5430//4743
f 5433//4744 5430//4744 5432//4744
f 5432//4745 5430//4745 3425//4745
f 5085//4746 5428//4746 5083//4746
f 5435//4747 5078//4747 5076//4747
f 5083//4748 5428//4748 5429//4748
f 5429//4749 5428//4749 5436//4749
f 5429//4750 5436//4750 5434//4750
f 5434//4751 5436//4751 5435//4751
f 5434//4752 5435//4752 5433//4752
f 5433//4753 5435//4753 5076//4753
f 5433//4754 5076//4754 5074//4754
f 3473//4755 5078//4755 5427//4755
f 5427//4756 5078//4756 5435//4756
f 5427//4757 5435//4757 5426//4757
f 5426//4758 5435//4758 5436//4758
f 5426//4759 5436//4759 5425//4759
f 5425//4760 5436//4760 5428//4760
f 5425//4761 5428//4761 4503//4761
f 4503//4762 5428//4762 5087//4762
f 4451//4365 4154//4365 5437//4365
f 5437//4365 4154//4365 4152//4365
f 5437//4366 4152//4366 5438//4366
f 5438//4366 4152//4366 4151//4366
f 5438//4763 4151//4763 3449//4763
f 3449//4763 4151//4763 3447//4763
f 5439//4764 5440//4764 5441//4764
f 5442//4765 5443//4765 5444//4765
f 5445//4766 4446//4766 4445//4766
f 5445//4767 4445//4767 5446//4767
f 5442//4768 5444//4768 5447//4768
f 5108//4769 5095//4769 5096//4769
f 5438//4770 3449//4770 5448//4770
f 5448//4770 3449//4770 5111//4770
f 5448//4771 5111//4771 5449//4771
f 5096//4772 5439//4772 5108//4772
f 5108//4773 5439//4773 5441//4773
f 5108//4774 5441//4774 5115//4774
f 5115//4775 5441//4775 5449//4775
f 5115//4776 5449//4776 5113//4776
f 5113//4777 5449//4777 5111//4777
f 5440//4778 5447//4778 5441//4778
f 5441//4779 5447//4779 5444//4779
f 5441//4780 5444//4780 5449//4780
f 5449//4781 5444//4781 5450//4781
f 5449//4782 5450//4782 5448//4782
f 5448//4783 5450//4783 5451//4783
f 5448//4784 5451//4784 5438//4784
f 5438//4785 5451//4785 5437//4785
f 5443//4786 5446//4786 5444//4786
f 5444//4787 5446//4787 4445//4787
f 5444//4788 4445//4788 5450//4788
f 5450//4789 4445//4789 4449//4789
f 5450//4790 4449//4790 5451//4790
f 5451//4791 4449//4791 4450//4791
f 5451//4792 4450//4792 5437//4792
f 5437//4792 4450//4792 4451//4792
f 4155//4793 4456//4793 4150//4793
f 4150//4793 4456//4793 5452//4793
f 4150//4794 5452//4794 4165//4794
f 4165//4794 5452//4794 5453//4794
f 4165//4795 5453//4795 4166//4795
f 4166//4795 5453//4795 4437//4795
f 5453//4796 5452//4796 5454//4796
f 5455//4797 5440//4797 5439//4797
f 5440//4798 5455//4798 5447//4798
f 5447//4799 5455//4799 5456//4799
f 5447//4800 5456//4800 5442//4800
f 4446//4801 5445//4801 4447//4801
f 4447//4802 5445//4802 5446//4802
f 4437//4803 5457//4803 5103//4803
f 5103//4804 5457//4804 5458//4804
f 5103//4805 5458//4805 5105//4805
f 5105//4806 5458//4806 5459//4806
f 5105//4807 5459//4807 5106//4807
f 5106//4808 5459//4808 5460//4808
f 5106//4809 5460//4809 5099//4809
f 5099//4810 5460//4810 5461//4810
f 5099//4811 5461//4811 5100//4811
f 5100//4812 5461//4812 5462//4812
f 5100//4813 5462//4813 5101//4813
f 5101//4814 5462//4814 5456//4814
f 5101//4815 5456//4815 5102//4815
f 5102//4816 5456//4816 5455//4816
f 5102//4817 5455//4817 5094//4817
f 5094//4818 5455//4818 5439//4818
f 5094//4819 5439//4819 5096//4819
f 4437//4820 5453//4820 5457//4820
f 5457//4821 5453//4821 5454//4821
f 5457//4822 5454//4822 5458//4822
f 5458//4823 5454//4823 5463//4823
f 5458//4824 5463//4824 5459//4824
f 5459//4825 5463//4825 5464//4825
f 5459//4826 5464//4826 5460//4826
f 5460//4827 5464//4827 5465//4827
f 5460//4828 5465//4828 5461//4828
f 5461//4829 5465//4829 5466//4829
f 5461//4830 5466//4830 5462//4830
f 5462//4831 5466//4831 5467//4831
f 5462//4832 5467//4832 5456//4832
f 5456//4833 5467//4833 5468//4833
f 5456//4834 5468//4834 5442//4834
f 5442//4835 5468//4835 5443//4835
f 5443//4836 5468//4836 5446//4836
f 5446//4837 5468//4837 5467//4837
f 5446//4838 5467//4838 4447//4838
f 4447//4839 5467//4839 5466//4839
f 4447//4840 5466//4840 4448//4840
f 4448//4841 5466//4841 5465//4841
f 4448//4842 5465//4842 4452//4842
f 4452//4843 5465//4843 5464//4843
f 4452//4844 5464//4844 4453//4844
f 4453//4845 5464//4845 5463//4845
f 4453//4846 5463//4846 4454//4846
f 4454//4847 5463//4847 5454//4847
f 4454//4848 5454//4848 4455//4848
f 4455//4849 5454//4849 5452//4849
f 4455//4850 5452//4850 4456//4850
f 4162//1679 4504//1679 4156//1679
f 4156//1679 4504//1679 5469//1679
f 4156//4851 5469//4851 4157//4851
f 4157//4851 5469//4851 5470//4851
f 4157//4023 5470//4023 3448//4023
f 3448//4023 5470//4023 3450//4023
f 5114//4024 5112//4024 5471//4024
f 5109//4025 5116//4025 5472//4025
f 5473//4026 5080//4026 3427//4026
f 5473//4027 3427//4027 5474//4027
f 5110//4028 5474//4028 3427//4028
f 5109//4029 5472//4029 5110//4029
f 5475//4030 5084//4030 5082//4030
f 5110//4031 5472//4031 5474//4031
f 5474//4032 5472//4032 5475//4032
f 5474//4033 5475//4033 5473//4033
f 5473//4034 5475//4034 5082//4034
f 5473//4035 5082//4035 5080//4035
f 5114//4036 5471//4036 5116//4036
f 5476//4852 5088//4852 5086//4852
f 5116//4038 5471//4038 5472//4038
f 5472//4039 5471//4039 5476//4039
f 5472//4040 5476//4040 5475//4040
f 5475//4041 5476//4041 5086//4041
f 5475//4042 5086//4042 5084//4042
f 4504//4853 5088//4853 5469//4853
f 5469//4854 5088//4854 5476//4854
f 5469//4855 5476//4855 5470//4855
f 5470//4046 5476//4046 5471//4046
f 5470//4047 5471//4047 3450//4047
f 3450//4048 5471//4048 5112//4048
f 3512//4856 3510//4856 5477//4856
f 5477//4856 3510//4856 4141//4856
f 5477//4857 4141//4857 5478//4857
f 5478//4857 4141//4857 4126//4857
f 5478//4858 4126//4858 3263//4858
f 3263//4858 4126//4858 3264//4858
f 3501//4859 5479//4859 5480//4859
f 5481//4860 5482//4860 5483//4860
f 5484//4861 5478//4861 4833//4861
f 4833//4862 5478//4862 3263//4862
f 4816//4863 3512//4863 5485//4863
f 5485//4864 3512//4864 5477//4864
f 4817//4865 4816//4865 5486//4865
f 5486//4866 4816//4866 5485//4866
f 5486//4867 5485//4867 5484//4867
f 5484//4868 5485//4868 5477//4868
f 5484//4869 5477//4869 5478//4869
f 4833//4870 4832//4870 5484//4870
f 5484//4871 4832//4871 5487//4871
f 5484//4872 5487//4872 5486//4872
f 5486//4873 5487//4873 5488//4873
f 5486//4874 5488//4874 4817//4874
f 5481//4875 4830//4875 4829//4875
f 4821//4876 4820//4876 5488//4876
f 5488//4877 4820//4877 4818//4877
f 5488//4878 4818//4878 4817//4878
f 5481//4879 4829//4879 5482//4879
f 5482//4880 4829//4880 4827//4880
f 5482//4881 4827//4881 5489//4881
f 5483//4882 5482//4882 5490//4882
f 5490//4883 5482//4883 5489//4883
f 5490//4884 5489//4884 5491//4884
f 4832//4885 4830//4885 5487//4885
f 5487//4886 4830//4886 5481//4886
f 5487//4887 5481//4887 5488//4887
f 5488//4888 5481//4888 5483//4888
f 5488//4889 5483//4889 4821//4889
f 4821//4890 5483//4890 5490//4890
f 4821//4891 5490//4891 4810//4891
f 4810//4892 5490//4892 5491//4892
f 5492//4893 4826//4893 4837//4893
f 4815//4894 4814//4894 5491//4894
f 5491//4895 4814//4895 4811//4895
f 5491//4896 4811//4896 4810//4896
f 5492//4897 4837//4897 5493//4897
f 5493//4898 4837//4898 4836//4898
f 5493//4899 4836//4899 5494//4899
f 5494//4900 4836//4900 4834//4900
f 5494//4901 4834//4901 5480//4901
f 5480//4902 5479//4902 5494//4902
f 5494//4903 5479//4903 5495//4903
f 5494//4904 5495//4904 5493//4904
f 5493//4905 5495//4905 5496//4905
f 5493//4906 5496//4906 5492//4906
f 4834//4907 3501//4907 5480//4907
f 4827//4908 4826//4908 5489//4908
f 5489//4909 4826//4909 5492//4909
f 5489//4910 5492//4910 5491//4910
f 5491//4911 5492//4911 5496//4911
f 5491//4912 5496//4912 4815//4912
f 4815//4913 5496//4913 5495//4913
f 4815//4914 5495//4914 4806//4914
f 4806//4915 5495//4915 5479//4915
f 4806//4916 5479//4916 4807//4916
f 4807//4917 5479//4917 3501//4917
f 4475//4918 4244//4918 5497//4918
f 5497//4918 4244//4918 4243//4918
f 5497//4919 4243//4919 5498//4919
f 5498//4919 4243//4919 4234//4919
f 5498//4920 4234//4920 5499//4920
f 5499//4920 4234//4920 4233//4920
f 5499//4921 4233//4921 3523//4921
f 3523//4921 4233//4921 3521//4921
f 4645//4922 4647//4922 5500//4922
f 4641//4923 4643//4923 5501//4923
f 4652//4924 4650//4924 5502//4924
f 5502//4925 4650//4925 3479//4925
f 5503//4926 5504//4926 3479//4926
f 5503//4927 3479//4927 4639//4927
f 5505//4928 5504//4928 5506//4928
f 5506//4929 5504//4929 5503//4929
f 5506//4930 5503//4930 5501//4930
f 5501//4931 5503//4931 4639//4931
f 5501//4932 4639//4932 4641//4932
f 4654//4933 4652//4933 5505//4933
f 5505//4934 4652//4934 5502//4934
f 5505//4935 5502//4935 5504//4935
f 5504//4936 5502//4936 3479//4936
f 4645//4937 5500//4937 4643//4937
f 5507//4938 4658//4938 4656//4938
f 4643//4939 5500//4939 5501//4939
f 5501//4940 5500//4940 5508//4940
f 5501//4941 5508//4941 5506//4941
f 5506//4942 5508//4942 5507//4942
f 5506//4943 5507//4943 5505//4943
f 5505//4944 5507//4944 4656//4944
f 5505//4945 4656//4945 4654//4945
f 3523//4946 4658//4946 5499//4946
f 5499//4947 4658//4947 5507//4947
f 5499//4948 5507//4948 5498//4948
f 5498//4949 5507//4949 5508//4949
f 5498//4950 5508//4950 5497//4950
f 5497//4951 5508//4951 5500//4951
f 5497//4952 5500//4952 4475//4952
f 4475//4953 5500//4953 4647//4953
f 4492//4049 4239//4049 5509//4049
f 5509//4049 4239//4049 4238//4049
f 5509//4050 4238//4050 5510//4050
f 5510//4050 4238//4050 4237//4050
f 5510//4954 4237//4954 3491//4954
f 3491//4954 4237//4954 3489//4954
f 5511//4955 5512//4955 5513//4955
f 5514//4956 5515//4956 5516//4956
f 5517//4957 4490//4957 4489//4957
f 5517//4958 4489//4958 5518//4958
f 5514//4959 5516//4959 5519//4959
f 4661//4960 4660//4960 4676//4960
f 5510//4961 3491//4961 5520//4961
f 5520//4961 3491//4961 4666//4961
f 5520//4962 4666//4962 5521//4962
f 4676//4963 5511//4963 4661//4963
f 4661//4964 5511//4964 5513//4964
f 4661//4965 5513//4965 4670//4965
f 4670//4966 5513//4966 5521//4966
f 4670//4967 5521//4967 4668//4967
f 4668//4968 5521//4968 4666//4968
f 5512//4969 5519//4969 5513//4969
f 5513//4970 5519//4970 5516//4970
f 5513//4971 5516//4971 5521//4971
f 5521//4972 5516//4972 5522//4972
f 5521//4973 5522//4973 5520//4973
f 5520//4974 5522//4974 5523//4974
f 5520//4975 5523//4975 5510//4975
f 5510//4976 5523//4976 5509//4976
f 5515//4977 5518//4977 5516//4977
f 5516//4978 5518//4978 4489//4978
f 5516//4979 4489//4979 5522//4979
f 5522//4980 4489//4980 4495//4980
f 5522//4981 4495//4981 5523//4981
f 5523//4982 4495//4982 4494//4982
f 5523//4983 4494//4983 5509//4983
f 5509//4983 4494//4983 4492//4983
f 4241//4984 4500//4984 4242//4984
f 4242//4984 4500//4984 5524//4984
f 4242//4985 5524//4985 4252//4985
f 4252//4985 5524//4985 5525//4985
f 4252//4986 5525//4986 4253//4986
f 4253//4986 5525//4986 4429//4986
f 5525//4987 5524//4987 5526//4987
f 5527//4988 5512//4988 5511//4988
f 5512//4989 5527//4989 5519//4989
f 5519//4990 5527//4990 5528//4990
f 5519//4991 5528//4991 5514//4991
f 4490//4992 5517//4992 4491//4992
f 4491//4993 5517//4993 5518//4993
f 4429//4994 5529//4994 4682//4994
f 4682//4995 5529//4995 5530//4995
f 4682//4996 5530//4996 4684//4996
f 4684//4997 5530//4997 5531//4997
f 4684//4998 5531//4998 4685//4998
f 4685//4999 5531//4999 5532//4999
f 4685//5000 5532//5000 4678//5000
f 4678//5001 5532//5001 5533//5001
f 4678//5002 5533//5002 4679//5002
f 4679//5003 5533//5003 5534//5003
f 4679//5004 5534//5004 4680//5004
f 4680//5005 5534//5005 5528//5005
f 4680//5006 5528//5006 4681//5006
f 4681//5007 5528//5007 5527//5007
f 4681//5008 5527//5008 4675//5008
f 4675//5009 5527//5009 5511//5009
f 4675//5010 5511//5010 4676//5010
f 4429//5011 5525//5011 5529//5011
f 5529//5012 5525//5012 5526//5012
f 5529//5013 5526//5013 5530//5013
f 5530//5014 5526//5014 5535//5014
f 5530//5015 5535//5015 5531//5015
f 5531//5016 5535//5016 5536//5016
f 5531//5017 5536//5017 5532//5017
f 5532//5018 5536//5018 5537//5018
f 5532//5019 5537//5019 5533//5019
f 5533//5020 5537//5020 5538//5020
f 5533//5021 5538//5021 5534//5021
f 5534//5022 5538//5022 5539//5022
f 5534//5023 5539//5023 5528//5023
f 5528//5024 5539//5024 5540//5024
f 5528//5025 5540//5025 5514//5025
f 5514//5026 5540//5026 5515//5026
f 5515//5027 5540//5027 5518//5027
f 5518//5028 5540//5028 5539//5028
f 5518//5029 5539//5029 4491//5029
f 4491//5030 5539//5030 5538//5030
f 4491//5031 5538//5031 4493//5031
f 4493//5032 5538//5032 5537//5032
f 4493//5033 5537//5033 4496//5033
f 4496//5034 5537//5034 5536//5034
f 4496//5035 5536//5035 4497//5035
f 4497//5036 5536//5036 5535//5036
f 4497//5037 5535//5037 4498//5037
f 4498//5038 5535//5038 5526//5038
f 4498//5039 5526//5039 4499//5039
f 4499//5040 5526//5040 5524//5040
f 4499//5041 5524//5041 4500//5041
f 4245//1687 4476//1687 4235//1687
f 4235//1687 4476//1687 5541//1687
f 4235//5042 5541//5042 4236//5042
f 4236//5042 5541//5042 5542//5042
f 4236//4570 5542//4570 3490//4570
f 3490//4570 5542//4570 3492//4570
f 4669//4571 4667//4571 5543//4571
f 4664//4572 4671//4572 5544//4572
f 5545//4573 4640//4573 3481//4573
f 5545//4574 3481//4574 5546//4574
f 4665//4575 5546//4575 3481//4575
f 4664//4576 5544//4576 4665//4576
f 5547//4577 4644//4577 4642//4577
f 4665//4578 5544//4578 5546//4578
f 5546//4579 5544//4579 5547//4579
f 5546//4580 5547//4580 5545//4580
f 5545//4581 5547//4581 4642//4581
f 5545//4582 4642//4582 4640//4582
f 4669//4583 5543//4583 4671//4583
f 5548//5043 4648//5043 4646//5043
f 4671//4585 5543//4585 5544//4585
f 5544//4586 5543//4586 5548//4586
f 5544//4587 5548//4587 5547//4587
f 5547//4588 5548//4588 4646//4588
f 5547//4589 4646//4589 4644//4589
f 4476//5044 4648//5044 5541//5044
f 5541//5045 4648//5045 5548//5045
f 5541//5046 5548//5046 5542//5046
f 5542//4593 5548//4593 5543//4593
f 5542//4594 5543//4594 3492//4594
f 3492//4595 5543//4595 4667//4595
f 4218//4021 4485//4021 4211//4021
f 4211//4021 4485//4021 5549//4021
f 4211//4022 5549//4022 4212//4022
f 4212//4022 5549//4022 5550//4022
f 4212//5047 5550//5047 3494//5047
f 3494//5047 5550//5047 3496//5047
f 4228//5048 4442//5048 4230//5048
f 4230//5048 4442//5048 5551//5048
f 4230//5049 5551//5049 4215//5049
f 4215//5049 5551//5049 5552//5049
f 4215//5050 5552//5050 4217//5050
f 4217//5050 5552//5050 4477//5050
f 5553//5051 5554//5051 5555//5051
f 4713//5052 4712//5052 4727//5052
f 4713//5053 4727//5053 5556//5053
f 5557//5054 5558//5054 5559//5054
f 5559//5055 5558//5055 5560//5055
f 4481//5056 4480//5056 5561//5056
f 5554//5057 5556//5057 5555//5057
f 5555//5058 5556//5058 4727//5058
f 5555//5059 4727//5059 5562//5059
f 3496//5060 5550//5060 4731//5060
f 4731//5060 5550//5060 5563//5060
f 4731//5061 5563//5061 4733//5061
f 4733//5062 5563//5062 5562//5062
f 4733//5063 5562//5063 4734//5063
f 4734//5064 5562//5064 4727//5064
f 5550//5065 5549//5065 5563//5065
f 5563//5066 5549//5066 5564//5066
f 5563//5067 5564//5067 5562//5067
f 5562//5068 5564//5068 5565//5068
f 5562//5069 5565//5069 5555//5069
f 5555//5070 5565//5070 5559//5070
f 5555//5071 5559//5071 5553//5071
f 5553//5072 5559//5072 5560//5072
f 5549//5073 4485//5073 5564//5073
f 5564//5073 4485//5073 4486//5073
f 5564//5074 4486//5074 5565//5074
f 5565//5075 4486//5075 4483//5075
f 5565//5076 4483//5076 5559//5076
f 5559//5077 4483//5077 4481//5077
f 5559//5078 4481//5078 5557//5078
f 5557//5079 4481//5079 5561//5079
f 5552//5080 5551//5080 5566//5080
f 5561//5081 4480//5081 4482//5081
f 5567//5082 5568//5082 5557//5082
f 5553//5083 5560//5083 5568//5083
f 5568//5084 5560//5084 5558//5084
f 5568//5085 5558//5085 5557//5085
f 4709//5086 4713//5086 5556//5086
f 5556//5087 5569//5087 4709//5087
f 4709//5088 5569//5088 5570//5088
f 4709//5089 5570//5089 4710//5089
f 4710//5090 5570//5090 5571//5090
f 4710//5091 5571//5091 4723//5091
f 4723//5092 5571//5092 5572//5092
f 4723//5093 5572//5093 4724//5093
f 4477//5094 5573//5094 4487//5094
f 4487//5095 5573//5095 5574//5095
f 4487//5096 5574//5096 4488//5096
f 4488//5097 5574//5097 5575//5097
f 4488//5098 5575//5098 4478//5098
f 4478//5099 5575//5099 5576//5099
f 4478//5100 5576//5100 4479//5100
f 4479//5101 5576//5101 5577//5101
f 4479//5102 5577//5102 4484//5102
f 4484//5103 5577//5103 5567//5103
f 4484//5104 5567//5104 4482//5104
f 4482//5105 5567//5105 5557//5105
f 4482//5106 5557//5106 5561//5106
f 4477//5107 5552//5107 5573//5107
f 5573//5108 5552//5108 5566//5108
f 5573//5109 5566//5109 5574//5109
f 5574//5110 5566//5110 5578//5110
f 5574//5111 5578//5111 5575//5111
f 5575//5112 5578//5112 5579//5112
f 5575//5113 5579//5113 5576//5113
f 5576//5114 5579//5114 5580//5114
f 5576//5115 5580//5115 5577//5115
f 5577//5116 5580//5116 5572//5116
f 5577//5117 5572//5117 5567//5117
f 5567//5118 5572//5118 5571//5118
f 5567//5119 5571//5119 5568//5119
f 5568//5120 5571//5120 5570//5120
f 5568//5121 5570//5121 5553//5121
f 5553//5122 5570//5122 5569//5122
f 5553//5123 5569//5123 5554//5123
f 5554//5124 5569//5124 5556//5124
f 4724//5125 5572//5125 4725//5125
f 4725//5126 5572//5126 5580//5126
f 4725//5127 5580//5127 4722//5127
f 4722//5128 5580//5128 5579//5128
f 4722//5129 5579//5129 4720//5129
f 4720//5130 5579//5130 5578//5130
f 4720//5131 5578//5131 4719//5131
f 4719//5132 5578//5132 5566//5132
f 4719//5133 5566//5133 4717//5133
f 4717//5134 5566//5134 5551//5134
f 4717//5135 5551//5135 4442//5135
f 4471//1684 4219//1684 5581//1684
f 5581//1684 4219//1684 4210//1684
f 5581//5136 4210//5136 5582//5136
f 5582//5136 4210//5136 4209//5136
f 5582//4367 4209//4367 3495//4367
f 3495//4367 4209//4367 3493//4367
f 4704//5137 4706//5137 5583//5137
f 4700//4369 4702//4369 5584//4369
f 5585//4370 4729//4370 3486//4370
f 5585//4371 3486//4371 5586//4371
f 4697//4372 5586//4372 3486//4372
f 4700//4373 5584//4373 4697//4373
f 5587//4374 4735//4374 4728//4374
f 4697//4375 5584//4375 5586//4375
f 5586//4376 5584//4376 5587//4376
f 5586//4377 5587//4377 5585//4377
f 5585//4378 5587//4378 4728//4378
f 5585//4379 4728//4379 4729//4379
f 4704//4380 5583//4380 4702//4380
f 5588//4381 4730//4381 4732//4381
f 4702//4382 5583//4382 5584//4382
f 5584//4383 5583//4383 5588//4383
f 5584//4384 5588//4384 5587//4384
f 5587//4385 5588//4385 4732//4385
f 5587//4386 4732//4386 4735//4386
f 3495//4387 4730//4387 5582//4387
f 5582//4388 4730//4388 5588//4388
f 5582//5138 5588//5138 5581//5138
f 5581//5139 5588//5139 5583//5139
f 5581//5140 5583//5140 4471//5140
f 4471//5141 5583//5141 4706//5141
f 4220//5142 4472//5142 4221//5142
f 4221//5142 4472//5142 5589//5142
f 4221//5143 5589//5143 4222//5143
f 4222//5143 5589//5143 5590//5143
f 4222//5144 5590//5144 4223//5144
f 4223//5144 5590//5144 5591//5144
f 4223//5145 5591//5145 3527//5145
f 3527//5145 5591//5145 3525//5145
f 4690//5146 4688//5146 5592//5146
f 4694//5147 4692//5147 5593//5147
f 4699//5148 4698//5148 5594//5148
f 5594//5149 4698//5149 3488//5149
f 5595//5150 5596//5150 3488//5150
f 5595//5151 3488//5151 4696//5151
f 5597//5152 5596//5152 5598//5152
f 5598//5153 5596//5153 5595//5153
f 5598//5154 5595//5154 5593//5154
f 5593//5155 5595//5155 4696//5155
f 5593//5156 4696//5156 4694//5156
f 4701//5157 4699//5157 5597//5157
f 5597//5158 4699//5158 5594//5158
f 5597//5159 5594//5159 5596//5159
f 5596//5160 5594//5160 3488//5160
f 4690//5161 5592//5161 4692//5161
f 5599//5162 4705//5162 4703//5162
f 4692//5163 5592//5163 5593//5163
f 5593//5164 5592//5164 5600//5164
f 5593//5165 5600//5165 5598//5165
f 5598//5166 5600//5166 5599//5166
f 5598//5167 5599//5167 5597//5167
f 5597//5168 5599//5168 4703//5168
f 5597//5169 4703//5169 4701//5169
f 4472//5170 4705//5170 5589//5170
f 5589//5171 4705//5171 5599//5171
f 5589//5172 5599//5172 5590//5172
f 5590//5173 5599//5173 5600//5173
f 5590//5174 5600//5174 5591//5174
f 5591//5175 5600//5175 5592//5175
f 5591//5176 5592//5176 3525//5176
f 3525//5177 5592//5177 4688//5177
f 3918//5178 3917//5178 5601//5178
f 3918//5178 5601//5178 5602//5178
f 5602//5179 5601//5179 5603//5179
f 5602//5179 5603//5179 5604//5179
f 5604//5180 5603//5180 3925//5180
f 5604//5180 3925//5180 3923//5180
f 3908//5181 3907//5181 5605//5181
f 3908//5181 5605//5181 5606//5181
f 5606//5182 5605//5182 5607//5182
f 5606//5182 5607//5182 5608//5182
f 5608//5183 5607//5183 3921//5183
f 5608//5183 3921//5183 3919//5183
f 3880//5184 3879//5184 5609//5184
f 3880//5184 5609//5184 5610//5184
f 5610//5185 5609//5185 5611//5185
f 5610//5185 5611//5185 5612//5185
f 5612//5186 5611//5186 3893//5186
f 5612//5186 3893//5186 3891//5186
f 3890//5187 3889//5187 5613//5187
f 3890//5187 5613//5187 5614//5187
f 5614//5188 5613//5188 5615//5188
f 5614//5188 5615//5188 5616//5188
f 5616//5189 5615//5189 3897//5189
f 5616//5189 3897//5189 3895//5189
f 5617//5190 5618//5190 5619//5190
f 5619//5191 5618//5191 5620//5191
f 5619//5192 5620//5192 5621//5192
f 5621//5193 5620//5193 5622//5193
f 5621//5194 5622//5194 5623//5194
f 5623//5195 5622//5195 5624//5195
f 5624//5196 5622//5196 5625//5196
f 5625//5197 5622//5197 5626//5197
f 5625//5198 5626//5198 5627//5198
f 5627//5199 5626//5199 5628//5199
f 5627//5200 5628//5200 5629//5200
f 5629//5201 5628//5201 3938//5201
f 5629//5202 3938//5202 3937//5202
f 5617//5203 5630//5203 5618//5203
f 5618//5204 5630//5204 3930//5204
f 5618//5205 3930//5205 3926//5205
f 5631//5206 3927//5206 5632//5206
f 5632//5207 3927//5207 3929//5207
f 5632//5208 3929//5208 5633//5208
f 5633//5209 3929//5209 3930//5209
f 5633//5210 3930//5210 5630//5210
f 3571//5211 3570//5211 5634//5211
f 5634//5212 3570//5212 5635//5212
f 5634//5213 5635//5213 5636//5213
f 5636//5214 5635//5214 5637//5214
f 5638//5215 5639//5215 5640//5215
f 5640//5216 5639//5216 5641//5216
f 5638//5217 5642//5217 5639//5217
f 5639//5218 5642//5218 5643//5218
f 5639//5219 5643//5219 5635//5219
f 5635//5220 5643//5220 5644//5220
f 5635//5221 5644//5221 5637//5221
f 3912//5222 5645//5222 5646//5222
f 5641//5223 5639//5223 5646//5223
f 5646//5224 5639//5224 3911//5224
f 5646//5225 3911//5225 3912//5225
f 3912//5226 3913//5226 5645//5226
f 5645//5227 3913//5227 5647//5227
f 3915//5228 5648//5228 3913//5228
f 3913//5229 5648//5229 5649//5229
f 3913//5230 5649//5230 5647//5230
f 5650//5231 5651//5231 5652//5231
f 5653//5232 5654//5232 3902//5232
f 5655//5233 5656//5233 5657//5233
f 5652//5234 5651//5234 5657//5234
f 5657//5235 5651//5235 5658//5235
f 5657//5236 5658//5236 5655//5236
f 3902//5237 3898//5237 5653//5237
f 5653//5238 3898//5238 5657//5238
f 5653//5239 5657//5239 5659//5239
f 5659//5240 5657//5240 5656//5240
f 5650//5241 5652//5241 5660//5241
f 5660//5242 5652//5242 3568//5242
f 5660//5243 3568//5243 3567//5243
f 5661//5244 3899//5244 5662//5244
f 5662//5245 3899//5245 3901//5245
f 5662//5246 3901//5246 5663//5246
f 5663//5247 3901//5247 3902//5247
f 5663//5248 3902//5248 5654//5248
f 3941//5249 3940//5249 5664//5249
f 5664//5250 3940//5250 5665//5250
f 5664//5251 5665//5251 5666//5251
f 5666//5252 5665//5252 5667//5252
f 5668//5253 5669//5253 5670//5253
f 5670//5254 5669//5254 5671//5254
f 5668//5255 5672//5255 5669//5255
f 5669//5256 5672//5256 5673//5256
f 5669//5257 5673//5257 5665//5257
f 5665//5258 5673//5258 5674//5258
f 5665//5259 5674//5259 5667//5259
f 3884//5260 5675//5260 5676//5260
f 5671//5261 5669//5261 5676//5261
f 5676//5262 5669//5262 3883//5262
f 5676//5263 3883//5263 3884//5263
f 3884//5264 3885//5264 5675//5264
f 5675//5265 3885//5265 5677//5265
f 3887//5266 5678//5266 3885//5266
f 3885//5267 5678//5267 5679//5267
f 3885//5268 5679//5268 5677//5268
f 5680//96 5681//96 5682//96
f 5682//96 5681//96 5683//96
f 5684//1278 5685//1278 5686//1278
f 5686//1278 5685//1278 5687//1278
f 5688//137 5689//137 5690//137
f 5691//137 5692//137 5693//137
f 5691//137 5690//137 5692//137
f 5692//137 5690//137 5689//137
f 5692//137 5689//137 5694//137
f 5694//137 5689//137 5695//137
f 5694//137 5695//137 5696//137
f 5696//137 5695//137 5697//137
f 5696//137 5697//137 5698//137
f 5698//137 5697//137 5699//137
f 5698//137 5699//137 5700//137
f 5700//137 5699//137 5701//137
f 5700//137 5701//137 5702//137
f 5702//137 5701//137 5703//137
f 5702//137 5703//137 5704//137
f 5704//137 5703//137 5705//137
f 5704//137 5705//137 5706//137
f 5706//137 5705//137 5707//137
f 5706//137 5707//137 5708//137
f 5690//137 5709//137 5688//137
f 5688//137 5709//137 5710//137
f 5688//137 5710//137 5711//137
f 5711//137 5710//137 5712//137
f 5711//137 5712//137 5713//137
f 5713//137 5712//137 5714//137
f 5713//137 5714//137 5715//137
f 5715//137 5714//137 5716//137
f 5715//137 5716//137 5717//137
f 5717//137 5716//137 5718//137
f 5717//137 5718//137 5719//137
f 5719//137 5718//137 5720//137
f 5719//137 5720//137 5721//137
f 5721//137 5720//137 5722//137
f 5721//137 5722//137 5723//137
f 5723//137 5722//137 5724//137
f 5723//137 5724//137 5725//137
f 5693//137 5726//137 5691//137
f 5691//137 5726//137 5727//137
f 5691//137 5727//137 5725//137
f 5725//137 5727//137 5708//137
f 5725//137 5708//137 5723//137
f 5723//137 5708//137 5707//137
f 5728//1329 5729//1329 5730//1329
f 5730//1329 5729//1329 5731//1329
f 5729//5269 5728//5269 5732//5269
f 5732//5270 5728//5270 5733//5270
f 5732//5271 5733//5271 5734//5271
f 5734//5272 5733//5272 5735//5272
f 5735//5273 5733//5273 5736//5273
f 5735//5274 5736//5274 5737//5274
f 5737//5275 5736//5275 3933//5275
f 5737//5276 3933//5276 3934//5276
f 3875//5277 5738//5277 3876//5277
f 3876//5278 5738//5278 5739//5278
f 5739//5279 5738//5279 5740//5279
f 5740//5280 5738//5280 5741//5280
f 5740//5281 5741//5281 5742//5281
f 5686//5282 5687//5282 5741//5282
f 5741//5283 5687//5283 5743//5283
f 5741//5284 5743//5284 5742//5284
f 5681//5285 5680//5285 5744//5285
f 5681//5285 5744//5285 5745//5285
f 5745//1706 5744//1706 5746//1706
f 5745//1706 5746//1706 5747//1706
f 5747//5286 5746//5286 5730//5286
f 5747//5286 5730//5286 5731//5286
f 5682//5287 5683//5287 5748//5287
f 5682//5287 5748//5287 5749//5287
f 5749//1694 5748//1694 5750//1694
f 5749//1694 5750//1694 5751//1694
f 5751//5288 5750//5288 5685//5288
f 5751//5288 5685//5288 5684//5288
f 5752//5289 5753//5289 5754//5289
f 5752//5290 5754//5290 5755//5290
f 5755//5291 5754//5291 5756//5291
f 5755//5292 5756//5292 5757//5292
f 3876//5293 5758//5293 5759//5293
f 5759//5294 5758//5294 5760//5294
f 5759//5295 5760//5295 5761//5295
f 5761//5296 5760//5296 5762//5296
f 5761//5297 5762//5297 5763//5297
f 5763//5298 5762//5298 5764//5298
f 5763//5299 5764//5299 5765//5299
f 5765//5300 5764//5300 5766//5300
f 5765//5301 5766//5301 5767//5301
f 5767//5302 5766//5302 5768//5302
f 5767//5303 5768//5303 5769//5303
f 5769//5304 5768//5304 5757//5304
f 5769//5305 5757//5305 5770//5305
f 5770//5306 5757//5306 5756//5306
f 3876//5307 5759//5307 4593//5307
f 4593//5308 5759//5308 5761//5308
f 4593//5309 5761//5309 4590//5309
f 4590//5310 5761//5310 5763//5310
f 4590//5311 5763//5311 4591//5311
f 4591//5312 5763//5312 5765//5312
f 4591//5313 5765//5313 4592//5313
f 4592//5314 5765//5314 5767//5314
f 4592//5315 5767//5315 4585//5315
f 4585//5316 5767//5316 5769//5316
f 4585//5317 5769//5317 4586//5317
f 4586//5318 5769//5318 5770//5318
f 4586//5319 5770//5319 4587//5319
f 4587//5320 5770//5320 5756//5320
f 4587//5321 5756//5321 4588//5321
f 4588//5322 5756//5322 5754//5322
f 4588//5323 5754//5323 4589//5323
f 4589//5324 5754//5324 5753//5324
f 4589//5325 5753//5325 4594//5325
f 5771//5326 5772//5326 5773//5326
f 5773//5327 5772//5327 5774//5327
f 5773//5328 5774//5328 4608//5328
f 4608//5329 5774//5329 4609//5329
f 5752//5330 5771//5330 5753//5330
f 5753//5331 5771//5331 5773//5331
f 5753//5332 5773//5332 4594//5332
f 4594//5333 5773//5333 4608//5333
f 5772//5334 5719//5334 5721//5334
f 4609//5335 5774//5335 5775//5335
f 5776//5336 4602//5336 5777//5336
f 5777//5337 4602//5337 4600//5337
f 5777//5338 4600//5338 5778//5338
f 5778//5338 4600//5338 4598//5338
f 5778//5339 4598//5339 5775//5339
f 5775//5340 4598//5340 4610//5340
f 5775//5341 4610//5341 4609//5341
f 4604//5342 4602//5342 5779//5342
f 5779//5343 4602//5343 5776//5343
f 5779//5344 5776//5344 5780//5344
f 5780//5345 5776//5345 5703//5345
f 5774//5346 5772//5346 5775//5346
f 5775//5347 5772//5347 5721//5347
f 5775//5348 5721//5348 5778//5348
f 5778//5349 5721//5349 5723//5349
f 5778//5350 5723//5350 5777//5350
f 5777//5350 5723//5350 5707//5350
f 5777//5351 5707//5351 5776//5351
f 5776//5352 5707//5352 5705//5352
f 5776//5353 5705//5353 5703//5353
f 4605//5354 4604//5354 5781//5354
f 5781//5355 4604//5355 5779//5355
f 5781//5356 5779//5356 5782//5356
f 5782//5357 5779//5357 5780//5357
f 4607//5358 4605//5358 5783//5358
f 5783//5359 4605//5359 5781//5359
f 5783//5360 5781//5360 5784//5360
f 5784//5361 5781//5361 5782//5361
f 3934//5362 5785//5362 5786//5362
f 5785//5363 5787//5363 5786//5363
f 5786//5364 5787//5364 5788//5364
f 5786//5365 5788//5365 5789//5365
f 5788//5366 5790//5366 5789//5366
f 5789//5367 5790//5367 5791//5367
f 5789//5368 5791//5368 5792//5368
f 5792//5369 5791//5369 5793//5369
f 5792//5370 5793//5370 5794//5370
f 5794//5371 5793//5371 5795//5371
f 5794//5372 5795//5372 5796//5372
f 5796//5373 5795//5373 5797//5373
f 5796//5374 5797//5374 5798//5374
f 5798//5375 5797//5375 5799//5375
f 5798//5376 5799//5376 5800//5376
f 5800//5377 5799//5377 5783//5377
f 5800//5378 5783//5378 5784//5378
f 3934//5379 4617//5379 5785//5379
f 5785//5380 4617//5380 4616//5380
f 5785//5381 4616//5381 5787//5381
f 5787//5382 4616//5382 4615//5382
f 5787//5383 4615//5383 5788//5383
f 5788//5384 4615//5384 4614//5384
f 5788//5385 4614//5385 5790//5385
f 5790//5386 4614//5386 4612//5386
f 5790//5387 4612//5387 5791//5387
f 5791//5388 4612//5388 4611//5388
f 5791//5389 4611//5389 5793//5389
f 5793//5390 4611//5390 4621//5390
f 5793//5391 4621//5391 5795//5391
f 5795//5392 4621//5392 4618//5392
f 5795//5393 4618//5393 5797//5393
f 5797//5394 4618//5394 4619//5394
f 5797//5395 4619//5395 5799//5395
f 5799//5396 4619//5396 4607//5396
f 5799//5397 4607//5397 5783//5397
f 4173//5398 5716//5398 4175//5398
f 4175//5398 5716//5398 5714//5398
f 4175//5399 5714//5399 4177//5399
f 4177//5399 5714//5399 5712//5399
f 4177//5400 5712//5400 4183//5400
f 4183//5400 5712//5400 5710//5400
f 4183//5401 5710//5401 4184//5401
f 4184//5401 5710//5401 5709//5401
f 4184//5402 5709//5402 4186//5402
f 4186//5402 5709//5402 5690//5402
f 4186//5403 5690//5403 4179//5403
f 4179//5403 5690//5403 5691//5403
f 4179//1896 5691//1896 4180//1896
f 4180//1896 5691//1896 5725//1896
f 4180//5404 5725//5404 4181//5404
f 4181//5404 5725//5404 5724//5404
f 4181//5405 5724//5405 4182//5405
f 4182//5405 5724//5405 5722//5405
f 4182//5406 5722//5406 4169//5406
f 4169//5406 5722//5406 5720//5406
f 4169//5407 5720//5407 4171//5407
f 4171//5407 5720//5407 5718//5407
f 4171//5408 5718//5408 4173//5408
f 4173//5408 5718//5408 5716//5408
f 4189//5409 5727//5409 4190//5409
f 4190//5409 5727//5409 5726//5409
f 4190//5399 5726//5399 4198//5399
f 4198//5399 5726//5399 5693//5399
f 4198//5400 5693//5400 4199//5400
f 4199//5400 5693//5400 5692//5400
f 4199//5401 5692//5401 4201//5401
f 4201//5401 5692//5401 5694//5401
f 4201//5402 5694//5402 4203//5402
f 4203//5402 5694//5402 5696//5402
f 4203//5410 5696//5410 4205//5410
f 4205//5410 5696//5410 5698//5410
f 4205//5411 5698//5411 4207//5411
f 4207//5411 5698//5411 5700//5411
f 4207//5404 5700//5404 4208//5404
f 4208//5404 5700//5404 5702//5404
f 4208//5405 5702//5405 4197//5405
f 4197//5405 5702//5405 5704//5405
f 4197//5406 5704//5406 4187//5406
f 4187//5406 5704//5406 5706//5406
f 4187//5407 5706//5407 4188//5407
f 4188//5407 5706//5407 5708//5407
f 4188//1893 5708//1893 4189//1893
f 4189//1893 5708//1893 5727//1893
f 5801//5412 3672//5412 5802//5412
f 5802//5413 3672//5413 3673//5413
f 5802//4569 3673//4569 5803//4569
f 5803//4569 3673//4569 3661//4569
f 5803//5414 3661//5414 5804//5414
f 5804//5414 3661//5414 3660//5414
f 5804//5415 3660//5415 5805//5415
f 5805//5415 3660//5415 3657//5415
f 5805//2068 3657//2068 5806//2068
f 5806//2068 3657//2068 3656//2068
f 5806//5416 3656//5416 5807//5416
f 5807//5417 3656//5417 3682//5417
f 5807//5418 3682//5418 5808//5418
f 5808//5419 3682//5419 3684//5419
f 5808//2057 3684//2057 5809//2057
f 5809//2057 3684//2057 3674//2057
f 5809//5420 3674//5420 5810//5420
f 5810//5420 3674//5420 3675//5420
f 5810//5421 3675//5421 5811//5421
f 5811//5421 3675//5421 3676//5421
f 5811//4366 3676//4366 5812//4366
f 5812//4366 3676//4366 3671//4366
f 5812//5422 3671//5422 5801//5422
f 5801//5423 3671//5423 3672//5423
f 5811//137 5812//137 5813//137
f 5813//137 5812//137 5801//137
f 5813//137 5801//137 5802//137
f 5808//137 5809//137 5813//137
f 5813//137 5809//137 5810//137
f 5813//137 5810//137 5811//137
f 5805//137 5806//137 5813//137
f 5813//137 5806//137 5807//137
f 5813//137 5807//137 5808//137
f 5802//137 5803//137 5813//137
f 5813//137 5803//137 5804//137
f 5813//137 5804//137 5805//137
f 5814//5424 3683//5424 5815//5424
f 5815//5413 3683//5413 3658//5413
f 5815//4569 3658//4569 5816//4569
f 5816//4569 3658//4569 3659//4569
f 5816//5425 3659//5425 5817//5425
f 5817//5425 3659//5425 3681//5425
f 5817//5426 3681//5426 5818//5426
f 5818//5426 3681//5426 3680//5426
f 5818//4050 3680//4050 5819//4050
f 5819//4050 3680//4050 3668//4050
f 5819//5427 3668//5427 5820//5427
f 5820//5428 3668//5428 3653//5428
f 5820//5429 3653//5429 5821//5429
f 5821//5430 3653//5430 3664//5430
f 5821//4022 3664//4022 5822//4022
f 5822//4022 3664//4022 3666//4022
f 5822//5431 3666//5431 5823//5431
f 5823//5431 3666//5431 3667//5431
f 5823//5432 3667//5432 5824//5432
f 5824//5432 3667//5432 3688//5432
f 5824//4366 3688//4366 5825//4366
f 5825//4366 3688//4366 3685//4366
f 5825//5422 3685//5422 5814//5422
f 5814//5433 3685//5433 3683//5433
f 5824//137 5825//137 5826//137
f 5826//137 5825//137 5814//137
f 5826//137 5814//137 5815//137
f 5821//137 5822//137 5826//137
f 5826//137 5822//137 5823//137
f 5826//137 5823//137 5824//137
f 5818//137 5819//137 5826//137
f 5826//137 5819//137 5820//137
f 5826//137 5820//137 5821//137
f 5815//137 5816//137 5826//137
f 5826//137 5816//137 5817//137
f 5826//137 5817//137 5818//137
f 5827//5424 3618//5424 5828//5424
f 5828//5413 3618//5413 3617//5413
f 5828//4569 3617//4569 5829//4569
f 5829//4569 3617//4569 3605//4569
f 5829//5414 3605//5414 5830//5414
f 5830//5414 3605//5414 3607//5414
f 5830//5415 3607//5415 5831//5415
f 5831//5415 3607//5415 3637//5415
f 5831//4050 3637//4050 5832//4050
f 5832//4050 3637//4050 3638//4050
f 5832//5427 3638//5427 5833//5427
f 5833//5428 3638//5428 3626//5428
f 5833//5429 3626//5429 5834//5429
f 5834//5430 3626//5430 3624//5430
f 5834//4022 3624//4022 5835//4022
f 5835//4022 3624//4022 3622//4022
f 5835//5420 3622//5420 5836//5420
f 5836//5420 3622//5420 3629//5420
f 5836//5421 3629//5421 5837//5421
f 5837//5421 3629//5421 3628//5421
f 5837//4366 3628//4366 5838//4366
f 5838//4366 3628//4366 3619//4366
f 5838//5422 3619//5422 5827//5422
f 5827//5433 3619//5433 3618//5433
f 5837//137 5838//137 5839//137
f 5839//137 5838//137 5827//137
f 5839//137 5827//137 5828//137
f 5834//137 5835//137 5839//137
f 5839//137 5835//137 5836//137
f 5839//137 5836//137 5837//137
f 5831//137 5832//137 5839//137
f 5839//137 5832//137 5833//137
f 5839//137 5833//137 5834//137
f 5828//137 5829//137 5839//137
f 5839//137 5829//137 5830//137
f 5839//137 5830//137 5831//137
f 5840//5434 3625//5434 5841//5434
f 5841//5435 3625//5435 3627//5435
f 5841//2065 3627//2065 5842//2065
f 5842//2065 3627//2065 3613//2065
f 5842//5425 3613//5425 5843//5425
f 5843//5425 3613//5425 3614//5425
f 5843//5426 3614//5426 5844//5426
f 5844//5426 3614//5426 3615//5426
f 5844//4050 3615//4050 5845//4050
f 5845//4050 3615//4050 3616//4050
f 5845//5427 3616//5427 5846//5427
f 5846//5436 3616//5436 3633//5436
f 5846//5437 3633//5437 5847//5437
f 5847//5430 3633//5430 3632//5430
f 5847//4022 3632//4022 5848//4022
f 5848//4022 3632//4022 3631//4022
f 5848//5431 3631//5431 5849//5431
f 5849//5431 3631//5431 3630//5431
f 5849//5432 3630//5432 5850//5432
f 5850//5432 3630//5432 3621//5432
f 5850//2060 3621//2060 5851//2060
f 5851//2060 3621//2060 3623//2060
f 5851//5438 3623//5438 5840//5438
f 5840//5439 3623//5439 3625//5439
f 5850//137 5851//137 5852//137
f 5852//137 5851//137 5840//137
f 5852//137 5840//137 5841//137
f 5847//137 5848//137 5852//137
f 5852//137 5848//137 5849//137
f 5852//137 5849//137 5850//137
f 5844//137 5845//137 5852//137
f 5852//137 5845//137 5846//137
f 5852//137 5846//137 5847//137
f 5841//137 5842//137 5852//137
f 5852//137 5842//137 5843//137
f 5852//137 5843//137 5844//137
f 3573//5440 3574//5440 3969//5440
f 3969//5440 3574//5440 3645//5440
f 3981//5441 3644//5441 3939//5441
f 3939//5441 3644//5441 3643//5441
f 4005//5442 3597//5442 3569//5442
f 3569//5442 3597//5442 3565//5442
f 3943//5443 3603//5443 3993//5443
f 3993//5443 3603//5443 3602//5443
f 5800//5444 5784//5444 5735//5444
f 3934//5445 5786//5445 5737//5445
f 5737//5446 5786//5446 5789//5446
f 5800//5447 5735//5447 5798//5447
f 5789//5448 5792//5448 5737//5448
f 5737//5449 5792//5449 5794//5449
f 5737//5450 5794//5450 5735//5450
f 5735//5451 5794//5451 5796//5451
f 5735//5452 5796//5452 5798//5452
f 5780//5453 5734//5453 5782//5453
f 5782//5454 5734//5454 5735//5454
f 5782//5455 5735//5455 5784//5455
f 5703//5456 5732//5456 5780//5456
f 5780//5457 5732//5457 5734//5457
f 5732//5458 5703//5458 5729//5458
f 5729//5459 5703//5459 5701//5459
f 5699//5460 5731//5460 5701//5460
f 5701//5460 5731//5460 5729//5460
f 5689//5461 5681//5461 5745//5461
f 5689//5462 5745//5462 5695//5462
f 5695//5463 5745//5463 5747//5463
f 5695//5464 5747//5464 5697//5464
f 5697//5465 5747//5465 5731//5465
f 5697//5466 5731//5466 5699//5466
f 5688//5467 5683//5467 5689//5467
f 5689//5467 5683//5467 5681//5467
f 5715//5468 5685//5468 5750//5468
f 5715//5469 5750//5469 5713//5469
f 5713//5470 5750//5470 5748//5470
f 5713//5471 5748//5471 5711//5471
f 5711//5472 5748//5472 5683//5472
f 5711//5473 5683//5473 5688//5473
f 5717//5474 5687//5474 5715//5474
f 5715//5474 5687//5474 5685//5474
f 5687//5475 5717//5475 5743//5475
f 5743//5476 5717//5476 5719//5476
f 5772//5477 5742//5477 5719//5477
f 5719//5478 5742//5478 5743//5478
f 5752//5479 5740//5479 5771//5479
f 5771//5480 5740//5480 5742//5480
f 5771//5481 5742//5481 5772//5481
f 5758//5482 3876//5482 5739//5482
f 5758//5483 5739//5483 5760//5483
f 5752//5484 5755//5484 5740//5484
f 5740//5485 5755//5485 5757//5485
f 5740//5486 5757//5486 5739//5486
f 5739//5487 5757//5487 5768//5487
f 5739//5488 5768//5488 5766//5488
f 5766//5489 5764//5489 5739//5489
f 5739//5490 5764//5490 5762//5490
f 5739//5491 5762//5491 5760//5491
f 3928//5492 4627//5492 3924//5492
f 3928//5493 3927//5493 4627//5493
f 4627//5494 3927//5494 5853//5494
f 4627//5495 5853//5495 4626//5495
f 5853//5496 3927//5496 5631//5496
f 4626//5497 5853//5497 5854//5497
f 5853//5498 5631//5498 5854//5498
f 5854//5499 5631//5499 5632//5499
f 5854//5500 5632//5500 5855//5500
f 5855//5501 5632//5501 5633//5501
f 5855//5502 5633//5502 5856//5502
f 5856//5503 5633//5503 5630//5503
f 5856//5504 5630//5504 5857//5504
f 4626//5505 5854//5505 4625//5505
f 4625//5506 5854//5506 5855//5506
f 4625//5507 5855//5507 4634//5507
f 4634//5508 5855//5508 5856//5508
f 4634//5509 5856//5509 4636//5509
f 4636//5510 5856//5510 5857//5510
f 4636//5511 5857//5511 4637//5511
f 5857//5512 5630//5512 5617//5512
f 5857//5513 5617//5513 5858//5513
f 5858//5514 5617//5514 5619//5514
f 5858//5515 5619//5515 5859//5515
f 5859//5516 5619//5516 5621//5516
f 5859//5517 5621//5517 5860//5517
f 5860//5518 5621//5518 5623//5518
f 5860//5519 5623//5519 5861//5519
f 4637//5520 5857//5520 5862//5520
f 5862//5521 5857//5521 5858//5521
f 5862//5522 5858//5522 5863//5522
f 5863//5523 5858//5523 5859//5523
f 5863//5524 5859//5524 5864//5524
f 5864//5525 5859//5525 5860//5525
f 5864//5526 5860//5526 5865//5526
f 5865//5527 5860//5527 5861//5527
f 5865//5528 5861//5528 5866//5528
f 5867//5529 5868//5529 5625//5529
f 5625//5530 5868//5530 5624//5530
f 5625//5531 5627//5531 5869//5531
f 5625//5532 5869//5532 5867//5532
f 5867//5533 5869//5533 5870//5533
f 5867//5534 5870//5534 5871//5534
f 5623//5535 5624//5535 5861//5535
f 5861//5536 5624//5536 5868//5536
f 5861//5537 5868//5537 5866//5537
f 5866//5538 5868//5538 5867//5538
f 5866//5539 5867//5539 5872//5539
f 5872//5540 5867//5540 5871//5540
f 5872//5541 5871//5541 5873//5541
f 4637//5542 5862//5542 4638//5542
f 4638//5543 5862//5543 5863//5543
f 4638//5544 5863//5544 4633//5544
f 4633//5545 5863//5545 5864//5545
f 4633//5546 5864//5546 4628//5546
f 4628//5547 5864//5547 5865//5547
f 4628//5548 5865//5548 4629//5548
f 4629//5549 5865//5549 5866//5549
f 4629//5550 5866//5550 4631//5550
f 4631//5551 5866//5551 5872//5551
f 4631//5552 5872//5552 4630//5552
f 4630//5553 5872//5553 5873//5553
f 4630//5554 5873//5554 3121//5554
f 5874//5555 5875//5555 5876//5555
f 3126//5556 3125//5556 5877//5556
f 5877//5557 3125//5557 5878//5557
f 5877//5558 5878//5558 5879//5558
f 5880//5559 5881//5559 5878//5559
f 5878//5560 5881//5560 5882//5560
f 5878//5561 5882//5561 5879//5561
f 5883//5562 5884//5562 5880//5562
f 5880//5563 5884//5563 5885//5563
f 5880//5564 5885//5564 5881//5564
f 5875//5565 5874//5565 5880//5565
f 5880//5566 5874//5566 5886//5566
f 5880//5567 5886//5567 5883//5567
f 3937//5568 5876//5568 5629//5568
f 5629//5569 5876//5569 5887//5569
f 5629//5570 5887//5570 5627//5570
f 5871//5571 5870//5571 5887//5571
f 5887//5572 5870//5572 5869//5572
f 5887//5573 5869//5573 5627//5573
f 5887//5574 5888//5574 5871//5574
f 5871//5575 5888//5575 5889//5575
f 5871//5576 5889//5576 5873//5576
f 5873//5577 5889//5577 3122//5577
f 5873//5578 3122//5578 3121//5578
f 5876//5579 5875//5579 5887//5579
f 5887//5580 5875//5580 5880//5580
f 5887//5581 5880//5581 5888//5581
f 5888//5582 5880//5582 5878//5582
f 5888//5583 5878//5583 5889//5583
f 5889//5584 5878//5584 3125//5584
f 5889//5585 3125//5585 3122//5585
f 4567//5586 3886//5586 3881//5586
f 3887//5587 3886//5587 5890//5587
f 5890//5588 3886//5588 4567//5588
f 5890//5589 4567//5589 4573//5589
f 4582//5590 5891//5590 5892//5590
f 5892//5591 5891//5591 5893//5591
f 5892//5592 5893//5592 5677//5592
f 5677//5593 5893//5593 5894//5593
f 5677//5594 5894//5594 5675//5594
f 4571//5595 4568//5595 5892//5595
f 5892//5596 4568//5596 4570//5596
f 5892//5597 4570//5597 4582//5597
f 5895//5598 5679//5598 5678//5598
f 5895//5599 5678//5599 5896//5599
f 5896//5600 5678//5600 3887//5600
f 5896//5601 3887//5601 5890//5601
f 5677//5602 5679//5602 5892//5602
f 5892//5603 5679//5603 5895//5603
f 5892//5604 5895//5604 4571//5604
f 4571//5605 5895//5605 5896//5605
f 4571//5606 5896//5606 4572//5606
f 4572//5607 5896//5607 5890//5607
f 4572//5608 5890//5608 4573//5608
f 5893//5609 5891//5609 5897//5609
f 5898//5610 5899//5610 5900//5610
f 5899//5611 5898//5611 5901//5611
f 3119//5612 5902//5612 5903//5612
f 5674//5613 5898//5613 5667//5613
f 5667//5614 5898//5614 5900//5614
f 5667//5615 5900//5615 5666//5615
f 5674//5616 5904//5616 5898//5616
f 5898//5617 5904//5617 5903//5617
f 5898//5618 5903//5618 5901//5618
f 5901//5619 5903//5619 5902//5619
f 5675//5620 5894//5620 5676//5620
f 5676//5621 5894//5621 5905//5621
f 5676//5622 5905//5622 5671//5622
f 5671//5623 5905//5623 5906//5623
f 5671//5624 5906//5624 5670//5624
f 5670//5625 5906//5625 5907//5625
f 5670//5626 5907//5626 5668//5626
f 5668//5627 5907//5627 5908//5627
f 5668//5628 5908//5628 5672//5628
f 5672//5629 5908//5629 5904//5629
f 5672//5630 5904//5630 5673//5630
f 5673//5631 5904//5631 5674//5631
f 5894//5632 5893//5632 5905//5632
f 5905//5633 5893//5633 5897//5633
f 5905//5634 5897//5634 5906//5634
f 5906//5635 5897//5635 5909//5635
f 5906//5636 5909//5636 5907//5636
f 5907//5637 5909//5637 5910//5637
f 5907//5638 5910//5638 5908//5638
f 5908//5639 5910//5639 5911//5639
f 5908//5640 5911//5640 5904//5640
f 5904//5641 5911//5641 5912//5641
f 5904//5642 5912//5642 5903//5642
f 3119//5643 5903//5643 4575//5643
f 4575//5644 5903//5644 5912//5644
f 4575//5645 5912//5645 4576//5645
f 4576//5646 5912//5646 5911//5646
f 4576//5647 5911//5647 4577//5647
f 4577//5648 5911//5648 5910//5648
f 4577//5649 5910//5649 4578//5649
f 4578//5650 5910//5650 5909//5650
f 4578//5651 5909//5651 4579//5651
f 4579//5652 5909//5652 5897//5652
f 4579//5653 5897//5653 4581//5653
f 4581//5654 5897//5654 5891//5654
f 4581//5655 5891//5655 4582//5655
f 5899//5656 5901//5656 5913//5656
f 5914//5657 3941//5657 5664//5657
f 5915//5658 5916//5658 5917//5658
f 5918//5659 5919//5659 5920//5659
f 5915//5660 5917//5660 5921//5660
f 5919//5661 5922//5661 5920//5661
f 5920//5662 5922//5662 5923//5662
f 5920//5663 5923//5663 5924//5663
f 5666//5664 5900//5664 5664//5664
f 5664//5665 5900//5665 5925//5665
f 5664//5666 5925//5666 5914//5666
f 5914//5667 5925//5667 5926//5667
f 5914//5668 5926//5668 5927//5668
f 5927//5669 5926//5669 5928//5669
f 5900//5670 5899//5670 5925//5670
f 5925//5671 5899//5671 5913//5671
f 5925//5672 5913//5672 5926//5672
f 5926//5673 5913//5673 5920//5673
f 5926//5674 5920//5674 5928//5674
f 5928//5675 5920//5675 5924//5675
f 5901//5676 5902//5676 5913//5676
f 5913//5677 5902//5677 5929//5677
f 5913//5678 5929//5678 5920//5678
f 5920//5679 5929//5679 5917//5679
f 5920//5680 5917//5680 5918//5680
f 5918//5681 5917//5681 5916//5681
f 5902//5682 3119//5682 5929//5682
f 5929//5683 3119//5683 3118//5683
f 5929//5684 3118//5684 5917//5684
f 5917//5685 3118//5685 3149//5685
f 5917//5686 3149//5686 5921//5686
f 5921//5687 3149//5687 3151//5687
f 5930//5688 5931//5688 5932//5688
f 5933//5689 5934//5689 3056//5689
f 3056//5690 5934//5690 5935//5690
f 3056//5691 5935//5691 3057//5691
f 5936//5692 5937//5692 5933//5692
f 5933//5693 5937//5693 5938//5693
f 5933//5694 5938//5694 5934//5694
f 5939//5695 5940//5695 5936//5695
f 5936//5696 5940//5696 5941//5696
f 5936//5697 5941//5697 5937//5697
f 5931//5698 5930//5698 5936//5698
f 5936//5699 5930//5699 5942//5699
f 5936//5700 5942//5700 5939//5700
f 3567//5701 5932//5701 5660//5701
f 5660//5702 5932//5702 5943//5702
f 5660//5703 5943//5703 5650//5703
f 5944//5704 5945//5704 5943//5704
f 5943//5705 5945//5705 5946//5705
f 5943//5706 5946//5706 5650//5706
f 5943//5707 5947//5707 5944//5707
f 5944//5708 5947//5708 5948//5708
f 5944//5709 5948//5709 5949//5709
f 5949//5710 5948//5710 3053//5710
f 5949//5711 3053//5711 3052//5711
f 5932//5712 5931//5712 5943//5712
f 5943//5713 5931//5713 5936//5713
f 5943//5714 5936//5714 5947//5714
f 5947//5715 5936//5715 5933//5715
f 5947//5716 5933//5716 5948//5716
f 5948//5717 5933//5717 3056//5717
f 5948//5718 3056//5718 3053//5718
f 5950//5719 5951//5719 5952//5719
f 5951//5720 5654//5720 5653//5720
f 5950//5721 5952//5721 5953//5721
f 5651//5722 5650//5722 5946//5722
f 5951//5723 5653//5723 5952//5723
f 5952//5724 5653//5724 5659//5724
f 5952//5725 5659//5725 5954//5725
f 5954//5726 5659//5726 5656//5726
f 5954//5727 5656//5727 5955//5727
f 5955//5728 5656//5728 5655//5728
f 5955//5729 5655//5729 5956//5729
f 5956//5730 5655//5730 5658//5730
f 5956//5731 5658//5731 5957//5731
f 5957//5732 5658//5732 5651//5732
f 5957//5733 5651//5733 5958//5733
f 5958//5734 5651//5734 5946//5734
f 5958//5735 5946//5735 5945//5735
f 5944//5736 5949//5736 5959//5736
f 5945//5737 5944//5737 5958//5737
f 5958//5738 5944//5738 5959//5738
f 5958//5739 5959//5739 5957//5739
f 5957//5740 5959//5740 5960//5740
f 5957//5741 5960//5741 5956//5741
f 5956//5742 5960//5742 5961//5742
f 5956//5743 5961//5743 5955//5743
f 5955//5744 5961//5744 5962//5744
f 5955//5745 5962//5745 5954//5745
f 5954//5746 5962//5746 5963//5746
f 5954//5747 5963//5747 5952//5747
f 5952//5748 5963//5748 5964//5748
f 5952//5749 5964//5749 5953//5749
f 5953//5750 5964//5750 4516//5750
f 4516//5751 5964//5751 4517//5751
f 4517//5752 5964//5752 5963//5752
f 4517//5753 5963//5753 4518//5753
f 4518//5754 5963//5754 5962//5754
f 4518//5755 5962//5755 4509//5755
f 4509//5756 5962//5756 5961//5756
f 4509//5757 5961//5757 4510//5757
f 4510//5758 5961//5758 5960//5758
f 4510//5759 5960//5759 4513//5759
f 4513//5760 5960//5760 5959//5760
f 4513//5761 5959//5761 4512//5761
f 4512//5762 5959//5762 5949//5762
f 4512//5763 5949//5763 3052//5763
f 5965//5764 3899//5764 5661//5764
f 4523//5765 5965//5765 5966//5765
f 4523//5766 5966//5766 4524//5766
f 4524//5767 5966//5767 5967//5767
f 4524//5768 5967//5768 4520//5768
f 5965//5769 5661//5769 5966//5769
f 5966//5770 5661//5770 5662//5770
f 5966//5771 5662//5771 5967//5771
f 5967//5772 5662//5772 5663//5772
f 5967//5773 5663//5773 5968//5773
f 5663//5774 5654//5774 5951//5774
f 5663//5775 5951//5775 5968//5775
f 5968//5776 5951//5776 5950//5776
f 5968//5777 5950//5777 5953//5777
f 4520//5778 5967//5778 4521//5778
f 4521//5779 5967//5779 5968//5779
f 4521//5780 5968//5780 4515//5780
f 4515//5781 5968//5781 5953//5781
f 4515//5782 5953//5782 4516//5782
f 3900//5783 4522//5783 3896//5783
f 3900//5784 3899//5784 4522//5784
f 4522//5785 3899//5785 5965//5785
f 4522//5786 5965//5786 4523//5786
f 4553//5787 3914//5787 3909//5787
f 3915//5788 3914//5788 5969//5788
f 5969//5789 3914//5789 4553//5789
f 5969//5790 4553//5790 4566//5790
f 5970//5791 5971//5791 5972//5791
f 5973//5792 5645//5792 5647//5792
f 5973//5793 5647//5793 5971//5793
f 5970//5794 5972//5794 4558//5794
f 5971//5795 5647//5795 5972//5795
f 5972//5796 5647//5796 5649//5796
f 5972//5797 5649//5797 5974//5797
f 5974//5798 5649//5798 5648//5798
f 5974//5799 5648//5799 5975//5799
f 5975//5800 5648//5800 3915//5800
f 5975//5801 3915//5801 5969//5801
f 4558//5802 5972//5802 4557//5802
f 4557//5803 5972//5803 5974//5803
f 4557//5804 5974//5804 4554//5804
f 4554//5805 5974//5805 5975//5805
f 4554//5806 5975//5806 4555//5806
f 4555//5807 5975//5807 5969//5807
f 4555//5808 5969//5808 4566//5808
f 5971//5809 5970//5809 5976//5809
f 5977//5810 5978//5810 5979//5810
f 5978//5811 5977//5811 5980//5811
f 3039//5812 5981//5812 5982//5812
f 5644//5813 5977//5813 5637//5813
f 5637//5814 5977//5814 5979//5814
f 5637//5815 5979//5815 5636//5815
f 5644//5816 5983//5816 5977//5816
f 5977//5817 5983//5817 5982//5817
f 5977//5818 5982//5818 5980//5818
f 5980//5819 5982//5819 5981//5819
f 5645//5820 5973//5820 5646//5820
f 5646//5821 5973//5821 5984//5821
f 5646//5822 5984//5822 5641//5822
f 5641//5823 5984//5823 5985//5823
f 5641//5824 5985//5824 5640//5824
f 5640//5825 5985//5825 5986//5825
f 5640//5826 5986//5826 5638//5826
f 5638//5827 5986//5827 5987//5827
f 5638//5828 5987//5828 5642//5828
f 5642//5829 5987//5829 5983//5829
f 5642//5830 5983//5830 5643//5830
f 5643//5831 5983//5831 5644//5831
f 5973//5832 5971//5832 5984//5832
f 5984//5833 5971//5833 5976//5833
f 5984//5834 5976//5834 5985//5834
f 5985//5835 5976//5835 5988//5835
f 5985//5836 5988//5836 5986//5836
f 5986//5837 5988//5837 5989//5837
f 5986//5838 5989//5838 5987//5838
f 5987//5839 5989//5839 5990//5839
f 5987//5840 5990//5840 5983//5840
f 5983//5841 5990//5841 5991//5841
f 5983//5842 5991//5842 5982//5842
f 3039//5843 5982//5843 4563//5843
f 4563//5844 5982//5844 5991//5844
f 4563//5845 5991//5845 4564//5845
f 4564//5846 5991//5846 5990//5846
f 4564//5847 5990//5847 4565//5847
f 4565//5848 5990//5848 5989//5848
f 4565//5849 5989//5849 4561//5849
f 4561//5850 5989//5850 5988//5850
f 4561//5851 5988//5851 4562//5851
f 4562//5852 5988//5852 5976//5852
f 4562//5853 5976//5853 4560//5853
f 4560//5854 5976//5854 5970//5854
f 4560//5855 5970//5855 4558//5855
f 5978//5856 5980//5856 5992//5856
f 5993//5857 3571//5857 5634//5857
f 5994//5858 5995//5858 5996//5858
f 5997//5859 5998//5859 5999//5859
f 5997//5860 5999//5860 6000//5860
f 5998//5861 6001//5861 5999//5861
f 5999//5862 6001//5862 6002//5862
f 5999//5863 6002//5863 6003//5863
f 5636//5864 5979//5864 5634//5864
f 5634//5865 5979//5865 6004//5865
f 5634//5866 6004//5866 5993//5866
f 5993//5867 6004//5867 6005//5867
f 5993//5868 6005//5868 6006//5868
f 6006//5869 6005//5869 6007//5869
f 5979//5870 5978//5870 6004//5870
f 6004//5871 5978//5871 5992//5871
f 6004//5872 5992//5872 6005//5872
f 6005//5873 5992//5873 5999//5873
f 6005//5874 5999//5874 6007//5874
f 6007//5875 5999//5875 6003//5875
f 5980//5876 5981//5876 5992//5876
f 5992//5877 5981//5877 6008//5877
f 5992//5878 6008//5878 5999//5878
f 5999//5879 6008//5879 5996//5879
f 5999//5880 5996//5880 6000//5880
f 6000//5881 5996//5881 5995//5881
f 5981//5882 3039//5882 6008//5882
f 6008//5883 3039//5883 3038//5883
f 6008//5884 3038//5884 5996//5884
f 5996//5885 3038//5885 3060//5885
f 5996//5886 3060//5886 5994//5886
f 5994//5887 3060//5887 3062//5887
f 6009//5888 5915//5888 5921//5888
f 3227//5889 6010//5889 3232//5889
f 3232//5890 6010//5890 6011//5890
f 3151//5891 3234//5891 6012//5891
f 6012//5892 3234//5892 3229//5892
f 6012//5893 3229//5893 6011//5893
f 6011//5894 3229//5894 3231//5894
f 6011//5895 3231//5895 3232//5895
f 3222//5896 6010//5896 3223//5896
f 3223//5897 6010//5897 3227//5897
f 3223//5898 3227//5898 3217//5898
f 3222//5899 6013//5899 6010//5899
f 6010//5900 6013//5900 6014//5900
f 6010//5901 6014//5901 6011//5901
f 6011//5902 6014//5902 6009//5902
f 6011//5903 6009//5903 6012//5903
f 6012//5904 6009//5904 5921//5904
f 6012//5905 5921//5905 3151//5905
f 5916//5906 5915//5906 6015//5906
f 6015//5907 5915//5907 6009//5907
f 6015//5908 6009//5908 6016//5908
f 6016//5909 6009//5909 6014//5909
f 6016//5910 6014//5910 6017//5910
f 6017//5911 6014//5911 6013//5911
f 6017//5912 6013//5912 3221//5912
f 3221//5913 6013//5913 3222//5913
f 4403//5914 4407//5914 6018//5914
f 4410//5915 4409//5915 6019//5915
f 6020//5916 6021//5916 5928//5916
f 5928//5917 6021//5917 5927//5917
f 4408//5918 3944//5918 6022//5918
f 6022//5919 3944//5919 6023//5919
f 4409//5920 4408//5920 6019//5920
f 6019//5921 4408//5921 6022//5921
f 6019//5922 6022//5922 6024//5922
f 6024//5923 6022//5923 6023//5923
f 6024//5924 6023//5924 6025//5924
f 4406//5925 4410//5925 6026//5925
f 6026//5926 4410//5926 6019//5926
f 6026//5927 6019//5927 6027//5927
f 6027//5928 6019//5928 6024//5928
f 6027//5929 6024//5929 6020//5929
f 6020//5930 6024//5930 6025//5930
f 6020//5931 6025//5931 6021//5931
f 4407//5932 4406//5932 6018//5932
f 6018//5933 4406//5933 6026//5933
f 6018//5934 6026//5934 6028//5934
f 6028//5935 6026//5935 6027//5935
f 6028//5936 6027//5936 6029//5936
f 6029//5937 6027//5937 6020//5937
f 6029//5938 6020//5938 5924//5938
f 5924//5939 6020//5939 5928//5939
f 4404//5940 4403//5940 6030//5940
f 6030//5941 4403//5941 6018//5941
f 6030//5942 6018//5942 6031//5942
f 6031//5943 6018//5943 6028//5943
f 6031//5944 6028//5944 6032//5944
f 6032//5945 6028//5945 6029//5945
f 6032//5946 6029//5946 5923//5946
f 5923//5947 6029//5947 5924//5947
f 5919//5948 5918//5948 6033//5948
f 6033//5949 5918//5949 6034//5949
f 6033//5950 6034//5950 6035//5950
f 5922//5951 5919//5951 6036//5951
f 6036//5952 5919//5952 6033//5952
f 6036//5953 6033//5953 6037//5953
f 6037//5954 6033//5954 6035//5954
f 6037//5955 6035//5955 6038//5955
f 4405//5956 4404//5956 6038//5956
f 6038//5957 4404//5957 6030//5957
f 6038//5958 6030//5958 6037//5958
f 6037//5959 6030//5959 6031//5959
f 6037//5960 6031//5960 6036//5960
f 6036//5961 6031//5961 6032//5961
f 6036//5962 6032//5962 5922//5962
f 5922//5963 6032//5963 5923//5963
f 3221//5964 4405//5964 6017//5964
f 6017//5965 4405//5965 6038//5965
f 6017//5966 6038//5966 6016//5966
f 6016//5967 6038//5967 6035//5967
f 6016//5968 6035//5968 6015//5968
f 6015//5969 6035//5969 6034//5969
f 6015//5970 6034//5970 5916//5970
f 5916//5971 6034//5971 5918//5971
f 5914//5972 3942//5972 3941//5972
f 5914//5973 5927//5973 6021//5973
f 3944//5974 3942//5974 6023//5974
f 6023//5975 3942//5975 5914//5975
f 6023//5976 5914//5976 6025//5976
f 6025//5977 5914//5977 6021//5977
f 3567//5978 3566//5978 5932//5978
f 5932//5979 3566//5979 3564//5979
f 5932//5980 3564//5980 6039//5980
f 6039//5981 6040//5981 5932//5981
f 5932//5982 6040//5982 6041//5982
f 5932//5983 6041//5983 5930//5983
f 6040//5984 6039//5984 6042//5984
f 6043//5985 6044//5985 6045//5985
f 5930//5986 6046//5986 5942//5986
f 5942//5987 6046//5987 6047//5987
f 5942//5988 6047//5988 5939//5988
f 5939//5989 6047//5989 6048//5989
f 5939//5990 6048//5990 5940//5990
f 5940//5991 6048//5991 6049//5991
f 5940//5992 6049//5992 5941//5992
f 5941//5993 6049//5993 6045//5993
f 5941//5994 6045//5994 5937//5994
f 5937//5995 6045//5995 6044//5995
f 5937//5996 6044//5996 5938//5996
f 5930//5997 6041//5997 6046//5997
f 6046//5998 6041//5998 6050//5998
f 6046//5999 6050//5999 6047//5999
f 6047//6000 6050//6000 6051//6000
f 6047//6001 6051//6001 6048//6001
f 6048//6002 6051//6002 6052//6002
f 6048//6003 6052//6003 6049//6003
f 6049//6004 6052//6004 6053//6004
f 6049//6005 6053//6005 6045//6005
f 6045//6006 6053//6006 6054//6006
f 6045//6007 6054//6007 6043//6007
f 6043//6008 6054//6008 6055//6008
f 6041//6009 6040//6009 6050//6009
f 6050//6010 6040//6010 6042//6010
f 6050//6011 6042//6011 6051//6011
f 6051//6012 6042//6012 6056//6012
f 6051//6013 6056//6013 6052//6013
f 6052//6014 6056//6014 6057//6014
f 6052//6015 6057//6015 6053//6015
f 6053//6016 6057//6016 6058//6016
f 6053//6017 6058//6017 6054//6017
f 6054//6018 6058//6018 6059//6018
f 6054//6019 6059//6019 6055//6019
f 6055//6020 6059//6020 3206//6020
f 3206//6021 6059//6021 4415//6021
f 4415//6022 6059//6022 6058//6022
f 4415//6023 6058//6023 4414//6023
f 4414//6024 6058//6024 6057//6024
f 4414//6025 6057//6025 4413//6025
f 4413//6026 6057//6026 6056//6026
f 4413//6027 6056//6027 4412//6027
f 4412//6028 6056//6028 6042//6028
f 4412//6029 6042//6029 4411//6029
f 4411//6030 6042//6030 6039//6030
f 4411//6031 6039//6031 3564//6031
f 6060//6032 3205//6032 3204//6032
f 3239//6033 6061//6033 3237//6033
f 3237//6034 6061//6034 6062//6034
f 3203//6035 3241//6035 6063//6035
f 6063//6036 3241//6036 3243//6036
f 6063//6037 3243//6037 6062//6037
f 6062//6038 3243//6038 3245//6038
f 6062//6039 3245//6039 3237//6039
f 5934//6040 6061//6040 5935//6040
f 5935//6041 6061//6041 3239//6041
f 5935//6042 3239//6042 3057//6042
f 5934//6043 6064//6043 6061//6043
f 6061//6044 6064//6044 6065//6044
f 6061//6045 6065//6045 6062//6045
f 6062//6046 6065//6046 6060//6046
f 6062//6047 6060//6047 6063//6047
f 6063//6048 6060//6048 3204//6048
f 6063//6049 3204//6049 3203//6049
f 3206//6050 3205//6050 6055//6050
f 6055//6051 3205//6051 6060//6051
f 6055//6052 6060//6052 6043//6052
f 6043//6053 6060//6053 6065//6053
f 6043//6054 6065//6054 6044//6054
f 6044//6055 6065//6055 6064//6055
f 6044//6056 6064//6056 5938//6056
f 5938//6057 6064//6057 5934//6057
f 6066//6058 6067//6058 6068//6058
f 6069//6059 6000//6059 5995//6059
f 6070//6060 6069//6060 6071//6060
f 3157//6061 3156//6061 6072//6061
f 6072//6062 3156//6062 6073//6062
f 3162//6063 3157//6063 6068//6063
f 6068//6064 3157//6064 6072//6064
f 6068//6065 6072//6065 6066//6065
f 6066//6066 6072//6066 6073//6066
f 6069//6067 5995//6067 6071//6067
f 6071//6068 5995//6068 5994//6068
f 6071//6069 5994//6069 6074//6069
f 6074//6070 5994//6070 3062//6070
f 6074//6071 3062//6071 3199//6071
f 3199//6072 3191//6072 6074//6072
f 6074//6073 3191//6073 6067//6073
f 6074//6074 6067//6074 6071//6074
f 6071//6075 6067//6075 6066//6075
f 6071//6076 6066//6076 6070//6076
f 6070//6077 6066//6077 6073//6077
f 3161//6078 3162//6078 3194//6078
f 3194//6079 3162//6079 6068//6079
f 3194//6080 6068//6080 3196//6080
f 3196//6081 6068//6081 6067//6081
f 3196//6082 6067//6082 3197//6082
f 3197//6083 6067//6083 3191//6083
f 6070//6084 6073//6084 6075//6084
f 6076//6085 6077//6085 6078//6085
f 6000//6086 6079//6086 5997//6086
f 5997//6087 6079//6087 6080//6087
f 5997//6088 6080//6088 5998//6088
f 5998//6089 6080//6089 6081//6089
f 5998//6090 6081//6090 6001//6090
f 6001//6091 6081//6091 6082//6091
f 6001//6092 6082//6092 6002//6092
f 6002//6093 6082//6093 6083//6093
f 6002//6094 6083//6094 6003//6094
f 6003//6095 6083//6095 6078//6095
f 6003//6096 6078//6096 6007//6096
f 6007//6097 6078//6097 6077//6097
f 6007//6098 6077//6098 6006//6098
f 6000//6099 6069//6099 6079//6099
f 6079//6100 6069//6100 6084//6100
f 6079//6101 6084//6101 6080//6101
f 6080//6102 6084//6102 6085//6102
f 6080//6103 6085//6103 6081//6103
f 6081//6104 6085//6104 6086//6104
f 6081//6105 6086//6105 6082//6105
f 6082//6106 6086//6106 6087//6106
f 6082//6107 6087//6107 6083//6107
f 6083//6108 6087//6108 6088//6108
f 6083//6109 6088//6109 6078//6109
f 6078//6110 6088//6110 6089//6110
f 6078//6111 6089//6111 6076//6111
f 6076//6112 6089//6112 6090//6112
f 6069//6113 6070//6113 6084//6113
f 6084//6114 6070//6114 6075//6114
f 6084//6115 6075//6115 6085//6115
f 6085//6116 6075//6116 6091//6116
f 6085//6117 6091//6117 6086//6117
f 6086//6118 6091//6118 6092//6118
f 6086//6119 6092//6119 6087//6119
f 6087//6120 6092//6120 6093//6120
f 6087//6121 6093//6121 6088//6121
f 6088//6122 6093//6122 6094//6122
f 6088//6123 6094//6123 6089//6123
f 6089//6124 6094//6124 6095//6124
f 6089//6125 6095//6125 6090//6125
f 6090//6126 6095//6126 3576//6126
f 3576//6127 6095//6127 4421//6127
f 4421//6128 6095//6128 6094//6128
f 4421//6129 6094//6129 4420//6129
f 4420//6130 6094//6130 6093//6130
f 4420//6131 6093//6131 4419//6131
f 4419//6132 6093//6132 6092//6132
f 4419//6133 6092//6133 4418//6133
f 4418//6134 6092//6134 6091//6134
f 4418//6135 6091//6135 4417//6135
f 4417//6136 6091//6136 6075//6136
f 4417//6137 6075//6137 4416//6137
f 4416//6138 6075//6138 6073//6138
f 4416//6139 6073//6139 3156//6139
f 5993//6140 3572//6140 3571//6140
f 5993//6141 6006//6141 6077//6141
f 3576//6142 3572//6142 6090//6142
f 6090//6143 3572//6143 5993//6143
f 6090//6144 5993//6144 6076//6144
f 6076//6145 5993//6145 6077//6145
f 3937//6146 3936//6146 5876//6146
f 5876//6147 3936//6147 3935//6147
f 5876//6148 3935//6148 6096//6148
f 6096//6149 6097//6149 5876//6149
f 5876//6150 6097//6150 6098//6150
f 5876//6151 6098//6151 5874//6151
f 6099//6152 4428//6152 3171//6152
f 5882//6153 5881//6153 6100//6153
f 6100//6154 5881//6154 6101//6154
f 6100//6155 6101//6155 6102//6155
f 6103//6156 6102//6156 6104//6156
f 3171//6157 6103//6157 6099//6157
f 6099//6158 6103//6158 6104//6158
f 6099//6159 6104//6159 6105//6159
f 6105//6160 4425//6160 6099//6160
f 6099//6161 4425//6161 4424//6161
f 6099//6162 4424//6162 4428//6162
f 6102//6163 6101//6163 6104//6163
f 6104//6164 6101//6164 6106//6164
f 6104//6165 6106//6165 6105//6165
f 6105//6166 6106//6166 6107//6166
f 6105//6167 6107//6167 4425//6167
f 4423//6168 4427//6168 6107//6168
f 6107//6169 4427//6169 4426//6169
f 6107//6170 4426//6170 4425//6170
f 5885//6171 5884//6171 6108//6171
f 6108//6172 5884//6172 6109//6172
f 6108//6173 6109//6173 6110//6173
f 6110//6174 6109//6174 6111//6174
f 6110//6175 6111//6175 6112//6175
f 6112//6176 6111//6176 6113//6176
f 6098//6177 6114//6177 5874//6177
f 5874//6178 6114//6178 5886//6178
f 5883//6179 5886//6179 6115//6179
f 6115//6180 5886//6180 6114//6180
f 6115//6181 6114//6181 6116//6181
f 6116//6182 6114//6182 6098//6182
f 6116//6183 6098//6183 6097//6183
f 5884//6184 5883//6184 6109//6184
f 6109//6185 5883//6185 6115//6185
f 6109//6186 6115//6186 6111//6186
f 6111//6187 6115//6187 6116//6187
f 6111//6188 6116//6188 6113//6188
f 6113//6189 6116//6189 6097//6189
f 6113//6190 6097//6190 6096//6190
f 5881//6191 5885//6191 6101//6191
f 6101//6192 5885//6192 6108//6192
f 6101//6193 6108//6193 6106//6193
f 6106//6194 6108//6194 6110//6194
f 6106//6195 6110//6195 6107//6195
f 6107//6196 6110//6196 6112//6196
f 6107//6197 6112//6197 4423//6197
f 4423//6198 6112//6198 6113//6198
f 4423//6199 6113//6199 4422//6199
f 4422//6200 6113//6200 6096//6200
f 4422//6201 6096//6201 3935//6201
f 6117//6202 6118//6202 6119//6202
f 6103//6203 3171//6203 3170//6203
f 6102//6204 6103//6204 6120//6204
f 5879//6205 5882//6205 6121//6205
f 6121//6206 5882//6206 6100//6206
f 5877//6207 5879//6207 6119//6207
f 6119//6208 5879//6208 6121//6208
f 6119//6209 6121//6209 6117//6209
f 6117//6210 6121//6210 6100//6210
f 6103//6211 3170//6211 6120//6211
f 6120//6212 3170//6212 3169//6212
f 6120//6213 3169//6213 6122//6213
f 6122//6214 3169//6214 3168//6214
f 6122//6215 3168//6215 3182//6215
f 3182//6216 3184//6216 6122//6216
f 6122//6217 3184//6217 6118//6217
f 6122//6218 6118//6218 6120//6218
f 6120//6219 6118//6219 6117//6219
f 6120//6220 6117//6220 6102//6220
f 6102//6221 6117//6221 6100//6221
f 3126//6222 5877//6222 3180//6222
f 3180//6223 5877//6223 6119//6223
f 3180//6224 6119//6224 3181//6224
f 3181//6225 6119//6225 6118//6225
f 3181//6226 6118//6226 3186//6226
f 3186//6227 6118//6227 3184//6227
f 6123//1476 6124//1476 6125//1476
f 5035//1476 6123//1476 5039//1476
f 5039//1476 6123//1476 6125//1476
f 5039//1476 6125//1476 3252//1476
f 6126//96 5037//96 6127//96
f 6127//96 5037//96 5021//96
f 6127//96 5021//96 3537//96
f 6126//1328 6128//1328 6123//1328
f 5037//1328 6126//1328 5038//1328
f 5038//1328 6126//1328 6123//1328
f 5038//1328 6123//1328 5035//1328
f 6129//1476 3277//1476 4919//1476
f 6129//1476 4919//1476 6130//1476
f 6130//1476 4919//1476 4918//1476
f 6130//1476 4918//1476 4917//1476
f 6131//96 6132//96 6133//96
f 6133//96 4914//96 6131//96
f 6131//96 4914//96 4895//96
f 6131//96 4895//96 3586//96
f 6133//1328 6134//1328 6130//1328
f 6130//1328 4917//1328 6133//1328
f 6133//1328 4917//1328 4916//1328
f 6133//1328 4916//1328 4914//1328
f 6135//1476 4846//1476 6136//1476
f 6136//1476 4846//1476 4847//1476
f 6136//1476 4847//1476 3262//1476
f 6137//96 6138//96 6139//96
f 4843//96 6137//96 4845//96
f 4845//96 6137//96 6139//96
f 4845//96 6139//96 3557//96
f 6135//1328 6140//1328 6137//1328
f 4846//1328 6135//1328 4844//1328
f 4844//1328 6135//1328 6137//1328
f 4844//1328 6137//1328 4843//1328
f 6141//1476 6142//1476 6143//1476
f 6143//1476 4775//1476 6141//1476
f 6141//1476 4775//1476 4776//1476
f 6141//1476 4776//1476 3267//1476
f 4772//96 6144//96 4749//96
f 4749//96 6144//96 6145//96
f 4749//96 6145//96 3578//96
f 6143//1328 6146//1328 6144//1328
f 6144//1328 4772//1328 6143//1328
f 6143//1328 4772//1328 4773//1328
f 6143//1328 4773//1328 4775//1328
f 3272//6228 4049//6228 6147//6228
f 3272//6229 6147//6229 3271//6229
f 3271//6230 6147//6230 6148//6230
f 3271//6231 6148//6231 3270//6231
f 3270//6232 6148//6232 6149//6232
f 3270//6233 6149//6233 3269//6233
f 3269//6234 6149//6234 6141//6234
f 3269//6235 6141//6235 3267//6235
f 3578//6236 6145//6236 6150//6236
f 3578//6237 6150//6237 3579//6237
f 3579//6238 6150//6238 6151//6238
f 3579//6239 6151//6239 3584//6239
f 3584//6240 6151//6240 6152//6240
f 3584//6241 6152//6241 3583//6241
f 3583//6242 6152//6242 4057//6242
f 3583//6243 4057//6243 3582//6243
f 3265//6244 4128//6244 6153//6244
f 3265//6245 6153//6245 3258//6245
f 3258//6246 6153//6246 6154//6246
f 3258//6247 6154//6247 3259//6247
f 3259//6248 6154//6248 6155//6248
f 3259//6249 6155//6249 3261//6249
f 3261//6250 6155//6250 6136//6250
f 3261//6251 6136//6251 3262//6251
f 3557//6252 6139//6252 6156//6252
f 3557//6253 6156//6253 3559//6253
f 3559//6254 6156//6254 6157//6254
f 3559//6255 6157//6255 3553//6255
f 3553//6256 6157//6256 6158//6256
f 3553//6257 6158//6257 3554//6257
f 3554//6258 6158//6258 4140//6258
f 3554//6259 4140//6259 3555//6259
f 3591//6260 4112//6260 6159//6260
f 3591//6261 6159//6261 3590//6261
f 3590//6262 6159//6262 6160//6262
f 3590//6263 6160//6263 3589//6263
f 3589//6264 6160//6264 6161//6264
f 3589//6265 6161//6265 3588//6265
f 3588//6266 6161//6266 6131//6266
f 3588//6267 6131//6267 3586//6267
f 3277//6268 6129//6268 6162//6268
f 3277//6269 6162//6269 3278//6269
f 3278//6270 6162//6270 6163//6270
f 3278//6271 6163//6271 3283//6271
f 3283//6272 6163//6272 6164//6272
f 3283//6273 6164//6273 3282//6273
f 3282//6274 6164//6274 4103//6274
f 3282//6275 4103//6275 3281//6275
f 3540//6276 4084//6276 6165//6276
f 3540//6277 6165//6277 3533//6277
f 3533//6278 6165//6278 6166//6278
f 3533//6279 6166//6279 3534//6279
f 3534//6280 6166//6280 6167//6280
f 3534//6281 6167//6281 3536//6281
f 3536//6282 6167//6282 6127//6282
f 3536//6283 6127//6283 3537//6283
f 3252//6284 6125//6284 6168//6284
f 3252//6285 6168//6285 3254//6285
f 3254//6286 6168//6286 6169//6286
f 3254//6287 6169//6287 3248//6287
f 3248//6288 6169//6288 6170//6288
f 3248//6289 6170//6289 3249//6289
f 3249//6290 6170//6290 4047//6290
f 3249//6291 4047//6291 3250//6291
f 3422//6292 3285//6292 3733//6292
f 3733//6293 3285//6293 3284//6293
f 3733//6294 3284//6294 3737//6294
f 3737//6295 3284//6295 3411//6295
f 3737//6296 3411//6296 3738//6296
f 3738//6297 3411//6297 3413//6297
f 3738//6298 3413//6298 3743//6298
f 3743//6299 3413//6299 3403//6299
f 3743//6300 3403//6300 3744//6300
f 3744//6301 3403//6301 3385//6301
f 3744//6302 3385//6302 3749//6302
f 3749//6303 3385//6303 3384//6303
f 3749//6304 3384//6304 3750//6304
f 3750//6305 3384//6305 3382//6305
f 3750//6306 3382//6306 3758//6306
f 3758//6307 3382//6307 3381//6307
f 3758//6308 3381//6308 3755//6308
f 3755//6309 3381//6309 3416//6309
f 3755//6310 3416//6310 3764//6310
f 3764//6311 3416//6311 3417//6311
f 3764//6312 3417//6312 3772//6312
f 3772//6313 3417//6313 3418//6313
f 3772//6314 3418//6314 3699//6314
f 3699//6315 3418//6315 3421//6315
f 3699//6316 3421//6316 3694//6316
f 3694//6317 3421//6317 3420//6317
f 3694//6318 3420//6318 3692//6318
f 3692//6319 3420//6319 3419//6319
f 3692//6320 3419//6320 3702//6320
f 3702//6321 3419//6321 3365//6321
f 3702//6322 3365//6322 3705//6322
f 3705//6323 3365//6323 3366//6323
f 3705//6324 3366//6324 3708//6324
f 3708//6325 3366//6325 3374//6325
f 3708//6326 3374//6326 3711//6326
f 3711//6327 3374//6327 3375//6327
f 3711//6328 3375//6328 3714//6328
f 3714//6329 3375//6329 3376//6329
f 3714//6330 3376//6330 3717//6330
f 3717//6331 3376//6331 3378//6331
f 3717//6332 3378//6332 3720//6332
f 3720//6333 3378//6333 3314//6333
f 3720//6334 3314//6334 3724//6334
f 3724//6335 3314//6335 3424//6335
f 3724//6336 3424//6336 3769//6336
f 3769//6337 3424//6337 3423//6337
f 3769//6338 3423//6338 3731//6338
f 3731//6339 3423//6339 3422//6339
f 3731//6340 3422//6340 3733//6340
f 3972//6341 3920//6341 3973//6341
f 3973//6341 3920//6341 3921//6341
f 3971//6342 3969//6342 3972//6342
f 3972//6342 3969//6342 3920//6342
f 3973//6343 3921//6343 5607//6343
f 3973//6344 5607//6344 3976//6344
f 3976//6345 5607//6345 5605//6345
f 3976//6346 5605//6346 3977//6346
f 3977//6347 5605//6347 3907//6347
f 3977//6347 3907//6347 3978//6347
f 3970//6348 3573//6348 3971//6348
f 3971//6349 3573//6349 3969//6349
f 3911//6350 3979//6350 3907//6350
f 3907//6350 3979//6350 3978//6350
f 3975//6351 3570//6351 3970//6351
f 3970//6351 3570//6351 3573//6351
f 3979//6352 3911//6352 5639//6352
f 3979//6353 5639//6353 3980//6353
f 3980//6354 5639//6354 5635//6354
f 3980//6355 5635//6355 3974//6355
f 3974//6356 5635//6356 3570//6356
f 3974//6357 3570//6357 3975//6357
f 3938//6358 5628//6358 3989//6358
f 3989//6359 5628//6359 3988//6359
f 5628//6360 5626//6360 3988//6360
f 3988//6361 5626//6361 5622//6361
f 3988//6362 5622//6362 3987//6362
f 3926//6363 3986//6363 5618//6363
f 5618//6364 3986//6364 3987//6364
f 5618//6365 3987//6365 5620//6365
f 5620//6366 3987//6366 5622//6366
f 3991//6351 3939//6351 3989//6351
f 3989//6351 3939//6351 3938//6351
f 3925//6342 3984//6342 3926//6342
f 3926//6342 3984//6342 3986//6342
f 3992//6367 3981//6367 3991//6367
f 3991//6368 3981//6368 3939//6368
f 3984//6369 3925//6369 5603//6369
f 3984//6369 5603//6369 3982//6369
f 3982//6370 5603//6370 5601//6370
f 3982//6371 5601//6371 3983//6371
f 3983//6372 5601//6372 3917//6372
f 3983//6373 3917//6373 3985//6373
f 3990//6350 3916//6350 3992//6350
f 3992//6350 3916//6350 3981//6350
f 3916//6341 3990//6341 3917//6341
f 3917//6341 3990//6341 3985//6341
f 4013//6374 3568//6374 5652//6374
f 4013//6375 5652//6375 4012//6375
f 4012//6376 5652//6376 5657//6376
f 4012//6377 5657//6377 4011//6377
f 4011//6378 5657//6378 3898//6378
f 4011//6379 3898//6379 4010//6379
f 4015//6380 3569//6380 4013//6380
f 4013//6380 3569//6380 3568//6380
f 3897//6350 4008//6350 3898//6350
f 3898//6350 4008//6350 4010//6350
f 4016//6381 4005//6381 4015//6381
f 4015//6382 4005//6382 3569//6382
f 4008//6383 3897//6383 5615//6383
f 4008//6383 5615//6383 4006//6383
f 4006//6384 5615//6384 5613//6384
f 4006//6385 5613//6385 4007//6385
f 4007//6386 5613//6386 3889//6386
f 4007//6387 3889//6387 4009//6387
f 4014//6342 3888//6342 4016//6342
f 4016//6342 3888//6342 4005//6342
f 3888//6388 4014//6388 3889//6388
f 3889//6388 4014//6388 4009//6388
f 4003//6388 3892//6388 4002//6388
f 4002//6388 3892//6388 3893//6388
f 4004//6350 3993//6350 4003//6350
f 4003//6350 3993//6350 3892//6350
f 4002//6389 3893//6389 5611//6389
f 4002//6390 5611//6390 4000//6390
f 4000//6391 5611//6391 5609//6391
f 4000//6392 5609//6392 4001//6392
f 4001//6393 5609//6393 3879//6393
f 4001//6393 3879//6393 3994//6393
f 3996//6394 3943//6394 4004//6394
f 4004//6395 3943//6395 3993//6395
f 3883//6342 3995//6342 3879//6342
f 3879//6342 3995//6342 3994//6342
f 3999//6380 3940//6380 3996//6380
f 3996//6380 3940//6380 3943//6380
f 3995//6396 3883//6396 5669//6396
f 3995//6397 5669//6397 3997//6397
f 3997//6398 5669//6398 5665//6398
f 3997//6399 5665//6399 3998//6399
f 3998//6400 5665//6400 3940//6400
f 3998//6401 3940//6401 3999//6401
f 4062//6402 4224//6402 3931//6402
f 4062//6403 3931//6403 4192//6403
f 4192//6404 3931//6404 3933//6404
f 4192//6405 3933//6405 4193//6405
f 5728//6406 4206//6406 5733//6406
f 5733//6407 4206//6407 4196//6407
f 5733//6408 4196//6408 5736//6408
f 5736//6409 4196//6409 4195//6409
f 5736//6410 4195//6410 3933//6410
f 3933//6411 4195//6411 4193//6411
f 4227//6412 4229//6412 3922//6412
f 3931//6413 4224//6413 4018//6413
f 4018//6414 4224//6414 4225//6414
f 4018//6415 4225//6415 4020//6415
f 4020//6416 4225//6416 4227//6416
f 4020//6417 4227//6417 4022//6417
f 4022//6418 4227//6418 3922//6418
f 5730//6419 4204//6419 5728//6419
f 5728//6419 4204//6419 4206//6419
f 4231//6420 3923//6420 4229//6420
f 4229//6420 3923//6420 3922//6420
f 4204//6421 5730//6421 5746//6421
f 4204//6422 5746//6422 4202//6422
f 4202//6423 5746//6423 5744//6423
f 4202//6424 5744//6424 4200//6424
f 4200//6425 5744//6425 5680//6425
f 4200//6426 5680//6426 4191//6426
f 4216//6427 3918//6427 5602//6427
f 4216//6428 5602//6428 4214//6428
f 4214//6429 5602//6429 5604//6429
f 4214//6430 5604//6430 4232//6430
f 4232//6431 5604//6431 3923//6431
f 4232//6431 3923//6431 4231//6431
f 4191//6432 5680//6432 4185//6432
f 4185//6432 5680//6432 5682//6432
f 4185//6432 5682//6432 4178//6432
f 4240//6433 3919//6433 4213//6433
f 4213//6433 3919//6433 3918//6433
f 4213//6433 3918//6433 4216//6433
f 4178//6434 5682//6434 5749//6434
f 4178//6435 5749//6435 4176//6435
f 4176//6436 5749//6436 5751//6436
f 4176//6437 5751//6437 4174//6437
f 4174//6438 5751//6438 5684//6438
f 4174//6439 5684//6439 4172//6439
f 4248//6440 3908//6440 5606//6440
f 4248//6440 5606//6440 4247//6440
f 4247//6441 5606//6441 5608//6441
f 4247//6442 5608//6442 4246//6442
f 4246//6443 5608//6443 3919//6443
f 4246//6444 3919//6444 4240//6444
f 5686//6445 4170//6445 5684//6445
f 5684//6445 4170//6445 4172//6445
f 4249//6446 3910//6446 4248//6446
f 4248//6446 3910//6446 3908//6446
f 3875//6447 4075//6447 5738//6447
f 5738//6448 4075//6448 4074//6448
f 5738//6449 4074//6449 5741//6449
f 5741//6450 4074//6450 4072//6450
f 5741//6451 4072//6451 5686//6451
f 5686//6452 4072//6452 4170//6452
f 4255//6453 4250//6453 3905//6453
f 3910//6454 4249//6454 4024//6454
f 4024//6455 4249//6455 4254//6455
f 4024//6456 4254//6456 4026//6456
f 4026//6457 4254//6457 4255//6457
f 4026//6458 4255//6458 4028//6458
f 4028//6459 4255//6459 3905//6459
f 4163//6460 4090//6460 3877//6460
f 3877//6461 4090//6461 4041//6461
f 3877//6462 4041//6462 3875//6462
f 3875//6463 4041//6463 4043//6463
f 3875//6464 4043//6464 4075//6464
f 4250//6465 4134//6465 3905//6465
f 3905//6466 4134//6466 4120//6466
f 3905//6467 4120//6467 3544//6467
f 3544//6468 4120//6468 4122//6468
f 4168//6469 4163//6469 3877//6469
f 3882//6470 4148//6470 4036//6470
f 4036//6471 4148//6471 4167//6471
f 4036//6472 4167//6472 4038//6472
f 4038//6473 4167//6473 4168//6473
f 4038//6474 4168//6474 4040//6474
f 4040//6475 4168//6475 3877//6475
f 4116//6476 3551//6476 3549//6476
f 4116//6477 3549//6477 4115//6477
f 4115//6478 3549//6478 3546//6478
f 4115//6479 3546//6479 4125//6479
f 4125//6480 3546//6480 3543//6480
f 4125//6481 3543//6481 4124//6481
f 4124//6482 3543//6482 3544//6482
f 4124//6483 3544//6483 4122//6483
f 4148//6420 3882//6420 4149//6420
f 4149//6420 3882//6420 3880//6420
f 4149//6420 3880//6420 4146//6420
f 4116//6484 4118//6484 3551//6484
f 3551//6485 4118//6485 4119//6485
f 3551//6486 4119//6486 3903//6486
f 3903//6487 4119//6487 4096//6487
f 3903//6488 4096//6488 4268//6488
f 4146//6489 3880//6489 5610//6489
f 4146//6489 5610//6489 4144//6489
f 4144//6490 5610//6490 5612//6490
f 4144//6491 5612//6491 4145//6491
f 4145//6492 5612//6492 3891//6492
f 4145//6493 3891//6493 4147//6493
f 4271//6494 4273//6494 3894//6494
f 3903//6495 4268//6495 4030//6495
f 4030//6496 4268//6496 4269//6496
f 4030//6497 4269//6497 4032//6497
f 4032//6498 4269//6498 4271//6498
f 4032//6499 4271//6499 4034//6499
f 4034//6500 4271//6500 3894//6500
f 4147//6501 3891//6501 4280//6501
f 4280//6501 3891//6501 3890//6501
f 4280//6501 3890//6501 4276//6501
f 4279//6446 3895//6446 4260//6446
f 4260//6446 3895//6446 3894//6446
f 4260//6446 3894//6446 4273//6446
f 4276//6502 3890//6502 5614//6502
f 4276//6503 5614//6503 4277//6503
f 4277//6504 5614//6504 5616//6504
f 4277//6505 5616//6505 4278//6505
f 4278//6506 5616//6506 3895//6506
f 4278//6506 3895//6506 4279//6506
f 6134//6507 6133//6507 4304//6507
f 4304//6508 6133//6508 6132//6508
f 4304//6509 6132//6509 4311//6509
f 6131//6510 4312//6510 6132//6510
f 6132//6510 4312//6510 4311//6510
f 6129//6511 6130//6511 4305//6511
f 4305//6512 6130//6512 6134//6512
f 4305//6513 6134//6513 4304//6513
f 4312//6514 6131//6514 4313//6514
f 4313//6515 6131//6515 6161//6515
f 4313//6516 6161//6516 4309//6516
f 4309//6517 6161//6517 6160//6517
f 4309//6518 6160//6518 4310//6518
f 4310//6519 6160//6519 6159//6519
f 4310//6520 6159//6520 4308//6520
f 4308//6521 6159//6521 4112//6521
f 4300//6522 4103//6522 4302//6522
f 4302//6523 4103//6523 6164//6523
f 4302//6524 6164//6524 4303//6524
f 4303//6525 6164//6525 6163//6525
f 4303//6526 6163//6526 4306//6526
f 4306//6527 6163//6527 6162//6527
f 4306//6528 6162//6528 4305//6528
f 4305//6529 6162//6529 6129//6529
f 4140//6530 4288//6530 4289//6530
f 4140//6531 4289//6531 4139//6531
f 4369//6532 4121//6532 4137//6532
f 4289//6533 4368//6533 4139//6533
f 4139//6534 4368//6534 4282//6534
f 4139//6535 4282//6535 4137//6535
f 4137//6536 4282//6536 4281//6536
f 4137//6537 4281//6537 4369//6537
f 4370//6538 4113//6538 4123//6538
f 4369//6539 4373//6539 4121//6539
f 4121//6540 4373//6540 4372//6540
f 4121//6541 4372//6541 4123//6541
f 4123//6542 4372//6542 4371//6542
f 4123//6543 4371//6543 4370//6543
f 4370//6544 4376//6544 4113//6544
f 4113//6545 4376//6545 4375//6545
f 4113//6546 4375//6546 4114//6546
f 4375//6547 4374//6547 4114//6547
f 4114//6548 4374//6548 4378//6548
f 4114//6549 4378//6549 4117//6549
f 4378//6550 4377//6550 4117//6550
f 4117//6551 4377//6551 4382//6551
f 4117//6552 4382//6552 4044//6552
f 4382//6553 4381//6553 4044//6553
f 4044//6554 4381//6554 4380//6554
f 4044//6555 4380//6555 4045//6555
f 4380//6556 4379//6556 4045//6556
f 4045//6557 4379//6557 4385//6557
f 4045//6558 4385//6558 4111//6558
f 4111//6559 4385//6559 4384//6559
f 4111//6560 4384//6560 4112//6560
f 4112//6561 4384//6561 4383//6561
f 4112//6562 4383//6562 4308//6562
f 4343//6563 4323//6563 4084//6563
f 4343//6564 4084//6564 4344//6564
f 4344//6565 4084//6565 4083//6565
f 4344//6566 4083//6566 4386//6566
f 4386//6567 4083//6567 4082//6567
f 4386//6568 4082//6568 4387//6568
f 4387//6569 4082//6569 4104//6569
f 4387//6570 4104//6570 4388//6570
f 4388//6571 4104//6571 4103//6571
f 4388//6572 4103//6572 4300//6572
f 4288//6573 4140//6573 4285//6573
f 4285//6574 4140//6574 6158//6574
f 4285//6575 6158//6575 4286//6575
f 4286//6576 6158//6576 6157//6576
f 4286//6577 6157//6577 4292//6577
f 4292//6578 6157//6578 6156//6578
f 4292//6579 6156//6579 4291//6579
f 4291//6580 6156//6580 6139//6580
f 4327//6581 6127//6581 4328//6581
f 4328//6582 6127//6582 6167//6582
f 4328//6583 6167//6583 4324//6583
f 4324//6584 6167//6584 6166//6584
f 4324//6585 6166//6585 4325//6585
f 4325//6586 6166//6586 6165//6586
f 4325//6587 6165//6587 4323//6587
f 4323//6588 6165//6588 4084//6588
f 4290//6589 4291//6589 6138//6589
f 6138//6589 4291//6589 6139//6589
f 6126//6590 6127//6590 6128//6590
f 6128//6591 6127//6591 4327//6591
f 6128//6592 4327//6592 4326//6592
f 6137//6593 6140//6593 6138//6593
f 6138//6594 6140//6594 4297//6594
f 6138//6595 4297//6595 4290//6595
f 6123//6596 6128//6596 6124//6596
f 6124//6597 6128//6597 4326//6597
f 6124//6598 4326//6598 4319//6598
f 6135//6599 6136//6599 6140//6599
f 6140//6600 6136//6600 4298//6600
f 6140//6601 4298//6601 4297//6601
f 4320//6602 6125//6602 4319//6602
f 4319//6602 6125//6602 6124//6602
f 4298//6603 6136//6603 4299//6603
f 4299//6604 6136//6604 6155//6604
f 4299//6605 6155//6605 4295//6605
f 4295//6606 6155//6606 6154//6606
f 4295//6607 6154//6607 4296//6607
f 4296//6608 6154//6608 6153//6608
f 4296//6609 6153//6609 4294//6609
f 4294//6610 6153//6610 4128//6610
f 4317//6611 4047//6611 4314//6611
f 4314//6612 4047//6612 6170//6612
f 4314//6613 6170//6613 4315//6613
f 4315//6614 6170//6614 6169//6614
f 4315//6615 6169//6615 4321//6615
f 4321//6616 6169//6616 6168//6616
f 4321//6617 6168//6617 4320//6617
f 4320//6618 6168//6618 6125//6618
f 4365//6619 4294//6619 4128//6619
f 4365//6620 4128//6620 4366//6620
f 4366//6621 4128//6621 4127//6621
f 4366//6622 4127//6622 4367//6622
f 4367//6623 4127//6623 4054//6623
f 4367//6624 4054//6624 4363//6624
f 4363//6625 4054//6625 4058//6625
f 4363//6626 4058//6626 4364//6626
f 4364//6627 4058//6627 4057//6627
f 4364//6628 4057//6628 4329//6628
f 4047//6629 4317//6629 4318//6629
f 4047//6630 4318//6630 4078//6630
f 4346//6631 4076//6631 4077//6631
f 4318//6632 4345//6632 4078//6632
f 4078//6633 4345//6633 4284//6633
f 4078//6634 4284//6634 4077//6634
f 4077//6635 4284//6635 4283//6635
f 4077//6636 4283//6636 4346//6636
f 4347//6637 4071//6637 4073//6637
f 4346//6638 4350//6638 4076//6638
f 4076//6639 4350//6639 4349//6639
f 4076//6640 4349//6640 4073//6640
f 4073//6641 4349//6641 4348//6641
f 4073//6642 4348//6642 4347//6642
f 4347//6643 4353//6643 4071//6643
f 4071//6644 4353//6644 4352//6644
f 4071//6645 4352//6645 4069//6645
f 4352//6646 4351//6646 4069//6646
f 4069//6647 4351//6647 4355//6647
f 4069//6648 4355//6648 4194//6648
f 4355//6649 4354//6649 4194//6649
f 4194//6650 4354//6650 4359//6650
f 4194//6651 4359//6651 4051//6651
f 4359//6652 4358//6652 4051//6652
f 4051//6653 4358//6653 4357//6653
f 4051//6654 4357//6654 4052//6654
f 4357//6655 4356//6655 4052//6655
f 4052//6656 4356//6656 4362//6656
f 4052//6657 4362//6657 4048//6657
f 4048//6658 4362//6658 4361//6658
f 4048//6659 4361//6659 4049//6659
f 4049//6660 4361//6660 4360//6660
f 4049//6661 4360//6661 4337//6661
f 4329//6662 4057//6662 4331//6662
f 4331//6663 4057//6663 6152//6663
f 4331//6664 6152//6664 4332//6664
f 4332//6665 6152//6665 6151//6665
f 4332//6666 6151//6666 4335//6666
f 4335//6667 6151//6667 6150//6667
f 4335//6668 6150//6668 4334//6668
f 4334//6669 6150//6669 6145//6669
f 4341//6670 6141//6670 4342//6670
f 4342//6671 6141//6671 6149//6671
f 4342//6672 6149//6672 4338//6672
f 4338//6673 6149//6673 6148//6673
f 4338//6674 6148//6674 4339//6674
f 4339//6675 6148//6675 6147//6675
f 4339//6676 6147//6676 4337//6676
f 4337//6677 6147//6677 4049//6677
f 6145//6678 6144//6678 4334//6678
f 4334//6679 6144//6679 6146//6679
f 4334//6680 6146//6680 4333//6680
f 4340//6681 6142//6681 4341//6681
f 4341//6681 6142//6681 6141//6681
f 6146//6682 6143//6682 4333//6682
f 4333//6683 6143//6683 6142//6683
f 4333//6684 6142//6684 4340//6684
f 6171//6685 6172//6685 6173//6685
f 6173//6686 6172//6686 6174//6686
f 6175//6687 6176//6687 6172//6687
f 6172//6688 6176//6688 6177//6688
f 6172//6689 6177//6689 6174//6689
f 6178//6690 6179//6690 6180//6690
f 6180//6691 6179//6691 6181//6691
f 6180//6692 6181//6692 6172//6692
f 6172//6693 6181//6693 6182//6693
f 6172//6694 6182//6694 6175//6694
f 6183//6695 6184//6695 6185//6695
f 6186//6696 6187//6696 6188//6696
f 6189//6697 6190//6697 6191//6697
f 6191//6698 6190//6698 6192//6698
f 6191//6699 6192//6699 6188//6699
f 6188//6700 6192//6700 6193//6700
f 6188//6701 6193//6701 6186//6701
f 6194//6702 6183//6702 6193//6702
f 6193//6703 6183//6703 6185//6703
f 6193//6704 6185//6704 6186//6704
f 6195//137 6196//137 6197//137
f 6198//137 6199//137 6200//137
f 6200//137 6199//137 6201//137
f 6200//137 6201//137 6202//137
f 6203//137 6204//137 6205//137
f 6205//137 6204//137 6206//137
f 6205//137 6206//137 6207//137
f 6207//137 6206//137 6195//137
f 6207//137 6195//137 6208//137
f 6208//137 6195//137 6197//137
f 6209//137 6210//137 6197//137
f 6197//137 6210//137 6211//137
f 6197//137 6211//137 6208//137
f 6208//137 6211//137 6212//137
f 6208//137 6212//137 6213//137
f 6202//137 6214//137 6200//137
f 6200//137 6214//137 6215//137
f 6200//137 6215//137 6216//137
f 6213//137 6217//137 6218//137
f 6218//137 6217//137 6219//137
f 6218//137 6219//137 6220//137
f 6221//137 6208//137 6222//137
f 6222//137 6208//137 6213//137
f 6222//137 6213//137 6223//137
f 6223//137 6213//137 6218//137
f 6224//137 6225//137 6226//137
f 6226//137 6225//137 6227//137
f 6200//137 6226//137 6228//137
f 6228//137 6226//137 6227//137
f 6228//137 6227//137 6229//137
f 6229//137 6227//137 6220//137
f 6229//137 6220//137 6230//137
f 6230//137 6220//137 6219//137
f 6228//137 6231//137 6200//137
f 6200//137 6231//137 6232//137
f 6200//137 6232//137 6198//137
f 6198//137 6232//137 6233//137
f 6198//137 6233//137 6234//137
f 6235//6705 6236//6705 6237//6705
f 6237//6705 6236//6705 6238//6705
f 6239//6706 6240//6706 6241//6706
f 6241//6706 6240//6706 6242//6706
f 6243//6707 6244//6707 6245//6707
f 6245//6708 6244//6708 6246//6708
f 6247//6709 6248//6709 6244//6709
f 6244//6710 6248//6710 6249//6710
f 6244//6711 6249//6711 6246//6711
f 6250//6712 6251//6712 6252//6712
f 6252//6713 6251//6713 6253//6713
f 6252//6714 6253//6714 6244//6714
f 6244//6715 6253//6715 6254//6715
f 6244//6716 6254//6716 6247//6716
f 6255//6717 6256//6717 6257//6717
f 6258//6718 6259//6718 6260//6718
f 6261//6719 6262//6719 6263//6719
f 6263//6720 6262//6720 6264//6720
f 6263//6721 6264//6721 6260//6721
f 6260//6722 6264//6722 6265//6722
f 6260//6723 6265//6723 6258//6723
f 6266//6724 6255//6724 6265//6724
f 6265//6725 6255//6725 6257//6725
f 6265//6726 6257//6726 6258//6726
f 6267//137 6268//137 6269//137
f 6270//137 6271//137 6272//137
f 6273//137 6274//137 6275//137
f 6276//137 6277//137 6278//137
f 6279//137 6280//137 6281//137
f 6281//137 6280//137 6282//137
f 6281//137 6282//137 6283//137
f 6272//137 6284//137 6270//137
f 6270//137 6284//137 6276//137
f 6270//137 6276//137 6285//137
f 6285//137 6276//137 6278//137
f 6269//137 6286//137 6287//137
f 6287//137 6279//137 6269//137
f 6269//137 6279//137 6281//137
f 6269//137 6281//137 6267//137
f 6267//137 6281//137 6288//137
f 6267//137 6288//137 6289//137
f 6289//137 6288//137 6290//137
f 6289//137 6290//137 6291//137
f 6291//137 6290//137 6292//137
f 6293//137 6270//137 6294//137
f 6294//137 6270//137 6295//137
f 6295//137 6273//137 6294//137
f 6294//137 6273//137 6275//137
f 6294//137 6275//137 6296//137
f 6296//137 6275//137 6297//137
f 6296//137 6297//137 6298//137
f 6298//137 6297//137 6299//137
f 6298//137 6299//137 6300//137
f 6300//137 6299//137 6301//137
f 6301//137 6299//137 6302//137
f 6301//137 6302//137 6282//137
f 6282//137 6302//137 6303//137
f 6282//137 6303//137 6283//137
f 6293//137 6304//137 6270//137
f 6270//137 6304//137 6305//137
f 6270//137 6305//137 6271//137
f 6271//137 6305//137 6306//137
f 6271//137 6306//137 6307//137
f 6308//6727 6309//6727 6310//6727
f 6310//6727 6309//6727 6311//6727
f 6312//6728 6313//6728 6314//6728
f 6314//6728 6313//6728 6315//6728
f 6316//6729 3868//6729 3867//6729
f 3866//6730 6317//6730 3867//6730
f 3867//6731 6317//6731 6318//6731
f 3867//6732 6318//6732 6316//6732
f 3865//6733 6319//6733 3866//6733
f 3866//6734 6319//6734 6320//6734
f 3866//6735 6320//6735 6317//6735
f 3864//6736 6321//6736 3865//6736
f 3865//6737 6321//6737 6322//6737
f 3865//6738 6322//6738 6319//6738
f 3863//6739 6323//6739 3864//6739
f 3864//6740 6323//6740 6324//6740
f 3864//6741 6324//6741 6321//6741
f 3874//6742 6325//6742 3863//6742
f 3863//6743 6325//6743 6326//6743
f 3863//6744 6326//6744 6323//6744
f 3873//6745 6327//6745 3874//6745
f 3874//6746 6327//6746 6328//6746
f 3874//6747 6328//6747 6325//6747
f 3872//6748 6329//6748 3873//6748
f 3873//6749 6329//6749 6330//6749
f 3873//6750 6330//6750 6327//6750
f 3871//6751 6331//6751 3872//6751
f 3872//6752 6331//6752 6332//6752
f 3872//6753 6332//6753 6329//6753
f 3870//6754 6333//6754 3871//6754
f 3871//6755 6333//6755 6334//6755
f 3871//6756 6334//6756 6331//6756
f 3869//6757 6335//6757 3870//6757
f 3870//6758 6335//6758 6336//6758
f 3870//6759 6336//6759 6333//6759
f 6316//6760 6337//6760 3868//6760
f 3868//6761 6337//6761 6338//6761
f 3868//6762 6338//6762 3869//6762
f 3869//6763 6338//6763 6339//6763
f 3869//6764 6339//6764 6335//6764
f 6340//6765 3820//6765 3819//6765
f 3818//6766 6341//6766 3819//6766
f 3819//6731 6341//6731 6342//6731
f 3819//6767 6342//6767 6340//6767
f 3817//6768 6343//6768 3818//6768
f 3818//6769 6343//6769 6344//6769
f 3818//6770 6344//6770 6341//6770
f 3816//6771 6345//6771 3817//6771
f 3817//6772 6345//6772 6346//6772
f 3817//6773 6346//6773 6343//6773
f 3815//6774 6347//6774 3816//6774
f 3816//6775 6347//6775 6348//6775
f 3816//6776 6348//6776 6345//6776
f 3826//6777 6349//6777 3815//6777
f 3815//6778 6349//6778 6350//6778
f 3815//6744 6350//6744 6347//6744
f 3825//6779 6351//6779 3826//6779
f 3826//6780 6351//6780 6352//6780
f 3826//6781 6352//6781 6349//6781
f 3824//6782 6353//6782 3825//6782
f 3825//6749 6353//6749 6354//6749
f 3825//6783 6354//6783 6351//6783
f 3823//6784 6355//6784 3824//6784
f 3824//6785 6355//6785 6356//6785
f 3824//6786 6356//6786 6353//6786
f 3822//6787 6357//6787 3823//6787
f 3823//6788 6357//6788 6358//6788
f 3823//6789 6358//6789 6355//6789
f 3821//6790 6359//6790 3822//6790
f 3822//6791 6359//6791 6360//6791
f 3822//6792 6360//6792 6357//6792
f 6340//6793 6361//6793 3820//6793
f 3820//6794 6361//6794 6362//6794
f 3820//6795 6362//6795 3821//6795
f 3821//6796 6362//6796 6363//6796
f 3821//6764 6363//6764 6359//6764
f 6314//6797 6315//6797 6364//6797
f 6314//6798 6364//6798 6365//6798
f 6365//6799 6364//6799 6366//6799
f 6365//6800 6366//6800 6367//6800
f 6367//6801 6366//6801 3726//6801
f 6367//6802 3726//6802 3775//6802
f 3690//6803 3689//6803 6368//6803
f 3690//6804 6368//6804 6369//6804
f 6369//6805 6368//6805 6370//6805
f 6369//6806 6370//6806 6371//6806
f 6371//6807 6370//6807 6309//6807
f 6371//6808 6309//6808 6308//6808
f 6241//6809 6242//6809 6372//6809
f 6241//6810 6372//6810 6373//6810
f 6373//6811 6372//6811 6374//6811
f 6373//6812 6374//6812 6375//6812
f 6375//6813 6374//6813 3763//6813
f 6375//6814 3763//6814 3762//6814
f 3701//6815 3700//6815 6376//6815
f 3701//6816 6376//6816 6377//6816
f 6377//6817 6376//6817 6378//6817
f 6377//6818 6378//6818 6379//6818
f 6379//6819 6378//6819 6236//6819
f 6379//6820 6236//6820 6235//6820
f 6380//6821 6234//6821 6381//6821
f 6381//6822 6234//6822 6382//6822
f 6351//6823 6354//6823 6383//6823
f 6383//6824 6354//6824 6384//6824
f 6383//6825 6384//6825 6385//6825
f 6354//6826 6353//6826 6384//6826
f 6384//6827 6353//6827 6356//6827
f 6384//6828 6356//6828 6386//6828
f 6386//6829 6356//6829 6355//6829
f 6386//6830 6355//6830 6387//6830
f 6387//6831 6355//6831 6358//6831
f 6358//6832 6357//6832 6387//6832
f 6387//6833 6357//6833 6360//6833
f 6387//6834 6360//6834 6388//6834
f 6388//6835 6360//6835 6359//6835
f 6388//6836 6359//6836 6389//6836
f 6389//6837 6359//6837 6363//6837
f 6389//6838 6363//6838 6390//6838
f 6363//6839 6362//6839 6390//6839
f 6390//6840 6362//6840 6361//6840
f 6390//6841 6361//6841 6391//6841
f 6391//6842 6361//6842 6340//6842
f 6391//6843 6340//6843 6392//6843
f 6392//6844 6340//6844 6342//6844
f 6342//6845 6341//6845 6392//6845
f 6392//6846 6341//6846 6344//6846
f 6392//6847 6344//6847 6393//6847
f 6393//6848 6344//6848 6343//6848
f 6393//6849 6343//6849 6394//6849
f 6394//6850 6343//6850 6346//6850
f 6394//6851 6346//6851 6395//6851
f 6395//6852 6346//6852 6345//6852
f 6395//6853 6345//6853 6396//6853
f 6345//6854 6348//6854 6396//6854
f 6396//6855 6348//6855 6347//6855
f 6396//6856 6347//6856 6397//6856
f 6397//6857 6347//6857 6350//6857
f 6397//6858 6350//6858 6349//6858
f 6385//6859 6384//6859 6398//6859
f 6398//6860 6384//6860 6386//6860
f 6398//6861 6386//6861 6399//6861
f 6399//6862 6386//6862 6387//6862
f 6399//6863 6387//6863 6400//6863
f 6400//6864 6387//6864 6388//6864
f 6400//6865 6388//6865 6401//6865
f 6401//6866 6388//6866 6389//6866
f 6401//6867 6389//6867 6402//6867
f 6402//6868 6389//6868 6390//6868
f 6402//6869 6390//6869 6403//6869
f 6403//6870 6390//6870 6391//6870
f 6403//6870 6391//6870 6404//6870
f 6404//6871 6391//6871 6392//6871
f 6404//6872 6392//6872 6405//6872
f 6405//6873 6392//6873 6393//6873
f 6405//6874 6393//6874 6406//6874
f 6406//6875 6393//6875 6394//6875
f 6406//6876 6394//6876 6407//6876
f 6407//6877 6394//6877 6395//6877
f 6407//6878 6395//6878 6408//6878
f 6408//6879 6395//6879 6396//6879
f 6408//6880 6396//6880 6409//6880
f 6409//6881 6396//6881 6397//6881
f 6409//6882 6397//6882 6410//6882
f 6349//6883 6352//6883 6397//6883
f 6397//6884 6352//6884 6411//6884
f 6397//6885 6411//6885 6410//6885
f 6410//6886 6411//6886 6412//6886
f 6410//6887 6412//6887 6413//6887
f 6413//6888 6412//6888 6414//6888
f 6352//6889 6351//6889 6411//6889
f 6411//6890 6351//6890 6383//6890
f 6411//6891 6383//6891 6412//6891
f 6412//6892 6383//6892 6385//6892
f 6412//6893 6385//6893 6414//6893
f 6414//6894 6385//6894 6398//6894
f 6414//6895 6398//6895 6415//6895
f 6415//6896 6398//6896 6399//6896
f 6415//6897 6399//6897 6416//6897
f 6416//6898 6399//6898 6400//6898
f 6416//6899 6400//6899 6417//6899
f 6417//6900 6400//6900 6401//6900
f 6417//6901 6401//6901 6418//6901
f 6418//6902 6401//6902 6402//6902
f 6418//6903 6402//6903 6419//6903
f 6419//6904 6402//6904 6403//6904
f 6419//6905 6403//6905 6420//6905
f 6420//6906 6403//6906 6404//6906
f 6420//6906 6404//6906 6421//6906
f 6421//6907 6404//6907 6405//6907
f 6421//6908 6405//6908 6422//6908
f 6422//6909 6405//6909 6406//6909
f 6422//6910 6406//6910 6423//6910
f 6423//6911 6406//6911 6407//6911
f 6423//6912 6407//6912 6424//6912
f 6424//6913 6407//6913 6408//6913
f 6424//6914 6408//6914 6425//6914
f 6425//6915 6408//6915 6409//6915
f 6425//6916 6409//6916 6382//6916
f 6382//6917 6409//6917 6410//6917
f 6382//6918 6410//6918 6381//6918
f 6381//6919 6410//6919 6413//6919
f 6381//6920 6413//6920 6380//6920
f 6234//6921 6233//6921 6382//6921
f 6382//6922 6233//6922 6232//6922
f 6382//6923 6232//6923 6425//6923
f 6425//6924 6232//6924 6231//6924
f 6425//6925 6231//6925 6424//6925
f 6424//6926 6231//6926 6228//6926
f 6424//6927 6228//6927 6423//6927
f 6423//6928 6228//6928 6229//6928
f 6423//6929 6229//6929 6422//6929
f 6422//6930 6229//6930 6230//6930
f 6422//6931 6230//6931 6421//6931
f 6421//6932 6230//6932 6219//6932
f 6421//6932 6219//6932 6420//6932
f 6420//6933 6219//6933 6217//6933
f 6420//6934 6217//6934 6419//6934
f 6419//6935 6217//6935 6213//6935
f 6419//6936 6213//6936 6418//6936
f 6418//6937 6213//6937 6212//6937
f 6418//6938 6212//6938 6417//6938
f 6417//6939 6212//6939 6211//6939
f 6417//6940 6211//6940 6416//6940
f 6416//6941 6211//6941 6210//6941
f 6416//6942 6210//6942 6415//6942
f 6415//6943 6210//6943 6209//6943
f 6415//6944 6209//6944 6414//6944
f 6414//6945 6209//6945 6426//6945
f 6414//6946 6426//6946 6413//6946
f 6427//6947 6428//6947 6429//6947
f 6429//6948 6428//6948 6307//6948
f 6429//6949 6307//6949 6430//6949
f 6431//6950 6432//6950 6427//6950
f 6427//6951 6432//6951 6433//6951
f 6427//6952 6433//6952 6428//6952
f 6434//6828 6332//6828 6435//6828
f 6435//6953 6332//6953 6331//6953
f 6435//6954 6331//6954 6436//6954
f 6436//6955 6331//6955 6334//6955
f 6334//6956 6333//6956 6436//6956
f 6436//6957 6333//6957 6336//6957
f 6436//6958 6336//6958 6437//6958
f 6437//6959 6336//6959 6335//6959
f 6437//6836 6335//6836 6438//6836
f 6438//6837 6335//6837 6339//6837
f 6438//6960 6339//6960 6439//6960
f 6339//6961 6338//6961 6439//6961
f 6439//6840 6338//6840 6337//6840
f 6439//6841 6337//6841 6440//6841
f 6440//6842 6337//6842 6316//6842
f 6440//6962 6316//6962 6441//6962
f 6441//6963 6316//6963 6318//6963
f 6318//6845 6317//6845 6441//6845
f 6441//6964 6317//6964 6320//6964
f 6441//6965 6320//6965 6442//6965
f 6442//6966 6320//6966 6319//6966
f 6442//6967 6319//6967 6443//6967
f 6443//6968 6319//6968 6322//6968
f 6443//6851 6322//6851 6444//6851
f 6444//6969 6322//6969 6321//6969
f 6444//6970 6321//6970 6445//6970
f 6321//6971 6324//6971 6445//6971
f 6445//6972 6324//6972 6323//6972
f 6445//6973 6323//6973 6446//6973
f 6446//6974 6323//6974 6326//6974
f 6326//6975 6325//6975 6446//6975
f 6446//6883 6325//6883 6328//6883
f 6446//6884 6328//6884 6447//6884
f 6447//6889 6328//6889 6327//6889
f 6447//6890 6327//6890 6448//6890
f 6448//6976 6327//6976 6330//6976
f 6448//6977 6330//6977 6434//6977
f 6434//6978 6330//6978 6329//6978
f 6434//6979 6329//6979 6332//6979
f 6447//6980 6449//6980 6446//6980
f 6446//6981 6449//6981 6450//6981
f 6446//6982 6450//6982 6445//6982
f 6445//6983 6450//6983 6451//6983
f 6445//6879 6451//6879 6444//6879
f 6444//6878 6451//6878 6452//6878
f 6444//6877 6452//6877 6443//6877
f 6443//6876 6452//6876 6453//6876
f 6443//6984 6453//6984 6442//6984
f 6442//6985 6453//6985 6454//6985
f 6442//6986 6454//6986 6441//6986
f 6441//6987 6454//6987 6455//6987
f 6441//6988 6455//6988 6440//6988
f 6440//6989 6455//6989 6456//6989
f 6440//6989 6456//6989 6439//6989
f 6439//6990 6456//6990 6457//6990
f 6439//6991 6457//6991 6438//6991
f 6438//6992 6457//6992 6458//6992
f 6438//6993 6458//6993 6437//6993
f 6437//6994 6458//6994 6459//6994
f 6437//6995 6459//6995 6436//6995
f 6436//6863 6459//6863 6460//6863
f 6436//6862 6460//6862 6435//6862
f 6435//6996 6460//6996 6461//6996
f 6435//6997 6461//6997 6434//6997
f 6434//6998 6461//6998 6462//6998
f 6434//6999 6462//6999 6448//6999
f 6448//7000 6462//7000 6463//7000
f 6448//6891 6463//6891 6447//6891
f 6447//7001 6463//7001 6449//7001
f 6463//7002 6464//7002 6449//7002
f 6449//7003 6464//7003 6465//7003
f 6449//6917 6465//6917 6450//6917
f 6450//7004 6465//7004 6466//7004
f 6450//7005 6466//7005 6451//7005
f 6451//6914 6466//6914 6467//6914
f 6451//6913 6467//6913 6452//6913
f 6452//6912 6467//6912 6468//6912
f 6452//6911 6468//6911 6453//6911
f 6453//7006 6468//7006 6431//7006
f 6453//7007 6431//7007 6454//7007
f 6454//7008 6431//7008 6427//7008
f 6454//7009 6427//7009 6455//7009
f 6455//7010 6427//7010 6429//7010
f 6455//7010 6429//7010 6456//7010
f 6456//7011 6429//7011 6430//7011
f 6456//7012 6430//7012 6457//7012
f 6457//7013 6430//7013 6469//7013
f 6457//6902 6469//6902 6458//6902
f 6458//6901 6469//6901 6470//6901
f 6458//6900 6470//6900 6459//6900
f 6459//6899 6470//6899 6471//6899
f 6459//6898 6471//6898 6460//6898
f 6460//7014 6471//7014 6472//7014
f 6460//7015 6472//7015 6461//7015
f 6461//7016 6472//7016 6473//7016
f 6461//7017 6473//7017 6462//7017
f 6462//7018 6473//7018 6474//7018
f 6462//7019 6474//7019 6463//7019
f 6463//7020 6474//7020 6464//7020
f 6307//7021 6306//7021 6430//7021
f 6430//6935 6306//6935 6305//6935
f 6430//7022 6305//7022 6469//7022
f 6469//7023 6305//7023 6304//7023
f 6469//6938 6304//6938 6470//6938
f 6470//6939 6304//6939 6293//6939
f 6470//6940 6293//6940 6471//6940
f 6471//6941 6293//6941 6294//6941
f 6471//7024 6294//7024 6472//7024
f 6472//7025 6294//7025 6296//7025
f 6472//7026 6296//7026 6473//7026
f 6473//7027 6296//7027 6298//7027
f 6473//7028 6298//7028 6474//7028
f 6474//7029 6298//7029 6300//7029
f 6474//7030 6300//7030 6464//7030
f 6464//7031 6300//7031 6301//7031
f 6464//7032 6301//7032 6465//7032
f 6465//7033 6301//7033 6282//7033
f 6465//7034 6282//7034 6466//7034
f 6466//6924 6282//6924 6280//6924
f 6466//6925 6280//6925 6467//6925
f 6467//7035 6280//7035 6279//7035
f 6467//7036 6279//7036 6468//7036
f 6468//7037 6279//7037 6287//7037
f 6468//7038 6287//7038 6431//7038
f 6431//7039 6287//7039 6286//7039
f 6431//7040 6286//7040 6432//7040
f 6311//7041 6475//7041 6310//7041
f 6310//7042 6475//7042 6476//7042
f 6475//7043 6477//7043 6476//7043
f 6476//7044 6477//7044 6478//7044
f 6476//7045 6478//7045 6479//7045
f 6478//7046 6480//7046 6479//7046
f 6479//7047 6480//7047 6481//7047
f 6479//7048 6481//7048 6482//7048
f 6251//7049 6250//7049 6483//7049
f 6483//7050 6250//7050 6482//7050
f 6483//7051 6482//7051 6484//7051
f 6484//7052 6482//7052 6481//7052
f 6262//7053 6261//7053 6485//7053
f 6262//7054 6485//7054 6486//7054
f 6485//7055 6487//7055 6486//7055
f 6486//7056 6487//7056 6488//7056
f 6486//7057 6488//7057 6489//7057
f 6488//7058 6490//7058 6489//7058
f 6489//7059 6490//7059 6491//7059
f 6489//7060 6491//7060 6492//7060
f 6313//7061 6312//7061 6493//7061
f 6493//7062 6312//7062 6492//7062
f 6493//7063 6492//7063 6494//7063
f 6494//7064 6492//7064 6491//7064
f 6238//7065 6495//7065 6237//7065
f 6237//7066 6495//7066 6496//7066
f 6495//7067 6497//7067 6496//7067
f 6496//7068 6497//7068 6498//7068
f 6496//7069 6498//7069 6499//7069
f 6498//7070 6500//7070 6499//7070
f 6499//7071 6500//7071 6501//7071
f 6499//7072 6501//7072 6502//7072
f 6179//7073 6178//7073 6503//7073
f 6503//7074 6178//7074 6502//7074
f 6503//7075 6502//7075 6504//7075
f 6504//7076 6502//7076 6501//7076
f 6190//7077 6189//7077 6505//7077
f 6190//7078 6505//7078 6506//7078
f 6505//7079 6507//7079 6506//7079
f 6506//7080 6507//7080 6508//7080
f 6506//7081 6508//7081 6509//7081
f 6508//7082 6510//7082 6509//7082
f 6509//7083 6510//7083 6511//7083
f 6509//7084 6511//7084 6512//7084
f 6240//7085 6239//7085 6513//7085
f 6513//7086 6239//7086 6512//7086
f 6513//7087 6512//7087 6514//7087
f 6514//7088 6512//7088 6511//7088
f 6515//7089 6516//7089 6517//7089
f 6518//7090 3763//7090 6374//7090
f 6372//7091 6242//7091 6519//7091
f 3080//7092 3079//7092 6520//7092
f 6521//7093 6522//7093 6520//7093
f 6520//7094 6522//7094 6523//7094
f 6520//7095 6523//7095 3080//7095
f 6520//7096 6524//7096 6521//7096
f 6521//7097 6524//7097 6525//7097
f 6521//7098 6525//7098 6526//7098
f 6526//7099 6525//7099 6517//7099
f 6526//7100 6517//7100 6519//7100
f 6519//7101 6517//7101 6516//7101
f 6519//7102 6516//7102 6372//7102
f 6372//7103 6516//7103 6515//7103
f 6372//7104 6515//7104 6374//7104
f 6374//7105 6515//7105 6527//7105
f 6374//7106 6527//7106 6518//7106
f 3080//7107 6523//7107 3100//7107
f 3100//7108 6523//7108 6528//7108
f 6523//7109 6522//7109 6528//7109
f 6528//7110 6522//7110 6521//7110
f 6528//7111 6521//7111 6529//7111
f 6242//7112 6240//7112 6519//7112
f 6519//7113 6240//7113 6529//7113
f 6519//7114 6529//7114 6526//7114
f 6526//7115 6529//7115 6521//7115
f 6530//7116 3147//7116 6531//7116
f 6531//7117 3147//7117 3134//7117
f 6531//7118 3134//7118 6532//7118
f 6532//7119 3134//7119 3135//7119
f 6532//7120 3135//7120 6533//7120
f 6533//7121 3135//7121 3136//7121
f 6533//7122 3136//7122 6534//7122
f 6534//7123 3136//7123 3137//7123
f 6534//7124 3137//7124 6535//7124
f 6535//7125 3137//7125 3103//7125
f 6535//7126 3103//7126 6536//7126
f 6536//7127 3103//7127 3102//7127
f 6536//7128 3102//7128 6537//7128
f 6537//7129 3102//7129 3101//7129
f 6537//7130 3101//7130 6528//7130
f 6528//7131 3101//7131 3100//7131
f 6538//7132 6530//7132 6539//7132
f 6539//7133 6530//7133 6531//7133
f 6539//7134 6531//7134 6540//7134
f 6540//7134 6531//7134 6532//7134
f 6540//7135 6532//7135 6541//7135
f 6541//7136 6532//7136 6533//7136
f 6541//7137 6533//7137 6542//7137
f 6542//7138 6533//7138 6534//7138
f 6542//7139 6534//7139 6543//7139
f 6543//7140 6534//7140 6535//7140
f 6543//7141 6535//7141 6544//7141
f 6544//7142 6535//7142 6536//7142
f 6544//7143 6536//7143 6545//7143
f 6545//7144 6536//7144 6537//7144
f 6545//7145 6537//7145 6529//7145
f 6529//7146 6537//7146 6528//7146
f 6189//7147 6538//7147 6505//7147
f 6505//7148 6538//7148 6539//7148
f 6505//7149 6539//7149 6507//7149
f 6507//7150 6539//7150 6540//7150
f 6507//7151 6540//7151 6508//7151
f 6508//7152 6540//7152 6541//7152
f 6508//7153 6541//7153 6510//7153
f 6510//7154 6541//7154 6542//7154
f 6510//7155 6542//7155 6511//7155
f 6511//7156 6542//7156 6543//7156
f 6511//7157 6543//7157 6514//7157
f 6514//7158 6543//7158 6544//7158
f 6514//7159 6544//7159 6513//7159
f 6513//7160 6544//7160 6545//7160
f 6513//7161 6545//7161 6240//7161
f 6240//7162 6545//7162 6529//7162
f 3150//7163 3148//7163 6546//7163
f 3150//7164 6546//7164 6547//7164
f 6547//7165 6546//7165 6548//7165
f 6547//7166 6548//7166 6549//7166
f 6549//7167 6548//7167 6191//7167
f 6549//7168 6191//7168 6188//7168
f 3148//7169 3147//7169 6530//7169
f 3148//7170 6530//7170 6546//7170
f 6546//7171 6530//7171 6538//7171
f 6546//7172 6538//7172 6548//7172
f 6548//7173 6538//7173 6189//7173
f 6548//7174 6189//7174 6191//7174
f 6547//7175 6549//7175 6550//7175
f 6551//7176 6552//7176 6553//7176
f 6552//7177 3218//7177 3226//7177
f 6183//7178 6554//7178 6555//7178
f 6552//7179 3226//7179 6553//7179
f 6553//7180 3226//7180 3228//7180
f 6553//7181 3228//7181 6556//7181
f 3228//7182 3230//7182 6556//7182
f 6556//7183 3230//7183 3236//7183
f 6556//7184 3236//7184 6557//7184
f 6557//7185 3236//7185 3235//7185
f 6557//7186 3235//7186 6558//7186
f 6558//7187 3235//7187 3233//7187
f 6558//7188 3233//7188 3150//7188
f 3150//7189 6547//7189 6558//7189
f 6558//7190 6547//7190 6550//7190
f 6558//7191 6550//7191 6557//7191
f 6557//7192 6550//7192 6559//7192
f 6557//7193 6559//7193 6556//7193
f 6556//7194 6559//7194 6560//7194
f 6556//7195 6560//7195 6553//7195
f 6553//7196 6560//7196 6555//7196
f 6553//7197 6555//7197 6551//7197
f 6551//7198 6555//7198 6554//7198
f 6183//7199 6555//7199 6184//7199
f 6184//7200 6555//7200 6560//7200
f 6184//7201 6560//7201 6185//7201
f 6185//7202 6560//7202 6559//7202
f 6185//7203 6559//7203 6186//7203
f 6186//7204 6559//7204 6550//7204
f 6186//7205 6550//7205 6187//7205
f 6187//7206 6550//7206 6549//7206
f 6187//7207 6549//7207 6188//7207
f 6561//7208 3215//7208 3218//7208
f 3218//7209 6552//7209 6561//7209
f 6561//7210 6552//7210 6551//7210
f 6561//7211 6551//7211 6562//7211
f 6562//7212 6551//7212 6554//7212
f 6562//7213 6554//7213 6563//7213
f 6563//7214 6554//7214 6183//7214
f 6563//7215 6183//7215 6194//7215
f 6564//7216 6171//7216 6173//7216
f 6173//7217 6565//7217 6564//7217
f 6564//7218 6565//7218 6566//7218
f 6564//7219 6566//7219 6567//7219
f 6567//7220 6566//7220 6568//7220
f 6567//7221 6568//7221 6569//7221
f 6569//7222 6568//7222 3201//7222
f 6569//7223 3201//7223 3200//7223
f 6566//7224 6565//7224 6570//7224
f 3201//7225 6568//7225 6571//7225
f 6572//7226 3055//7226 3240//7226
f 6573//7227 6572//7227 6574//7227
f 6572//7228 3240//7228 6574//7228
f 6574//7229 3240//7229 3238//7229
f 6574//7230 3238//7230 6575//7230
f 3238//7231 3247//7231 6575//7231
f 6575//7232 3247//7232 3246//7232
f 6575//7233 3246//7233 6576//7233
f 6576//7234 3246//7234 3244//7234
f 6576//7235 3244//7235 6571//7235
f 6571//7236 3244//7236 3242//7236
f 6571//7237 3242//7237 3201//7237
f 6568//7238 6566//7238 6571//7238
f 6571//7239 6566//7239 6570//7239
f 6571//7240 6570//7240 6576//7240
f 6576//7241 6570//7241 6577//7241
f 6576//7242 6577//7242 6575//7242
f 6575//7243 6577//7243 6578//7243
f 6575//7244 6578//7244 6574//7244
f 6574//7245 6578//7245 6579//7245
f 6574//7246 6579//7246 6573//7246
f 6573//7247 6579//7247 6182//7247
f 6182//7248 6579//7248 6175//7248
f 6175//7249 6579//7249 6578//7249
f 6175//7250 6578//7250 6176//7250
f 6176//7251 6578//7251 6577//7251
f 6176//7252 6577//7252 6177//7252
f 6177//7253 6577//7253 6570//7253
f 6177//7254 6570//7254 6174//7254
f 6174//7255 6570//7255 6565//7255
f 6174//7256 6565//7256 6173//7256
f 3073//7257 3054//7257 6580//7257
f 3073//7258 6580//7258 6581//7258
f 6581//7259 6580//7259 6582//7259
f 6581//7260 6582//7260 6583//7260
f 6583//7261 6582//7261 6181//7261
f 6583//7262 6181//7262 6179//7262
f 3054//7263 3055//7263 6572//7263
f 3054//7264 6572//7264 6580//7264
f 6580//7265 6572//7265 6573//7265
f 6580//7266 6573//7266 6582//7266
f 6582//7267 6573//7267 6182//7267
f 6582//7268 6182//7268 6181//7268
f 6584//7269 3025//7269 6585//7269
f 6585//7270 3025//7270 3027//7270
f 6585//7271 3027//7271 6586//7271
f 6586//7272 3027//7272 3077//7272
f 6586//7273 3077//7273 6587//7273
f 6587//7274 3077//7274 3076//7274
f 6587//7275 3076//7275 6588//7275
f 6588//7276 3076//7276 3075//7276
f 6588//7277 3075//7277 6589//7277
f 6589//7278 3075//7278 3074//7278
f 6589//7279 3074//7279 6590//7279
f 6590//7280 3074//7280 3071//7280
f 6590//7281 3071//7281 6591//7281
f 6591//7282 3071//7282 3072//7282
f 6591//7283 3072//7283 6581//7283
f 6581//7284 3072//7284 3073//7284
f 6592//7285 6584//7285 6593//7285
f 6593//7286 6584//7286 6585//7286
f 6593//7287 6585//7287 6594//7287
f 6594//7288 6585//7288 6586//7288
f 6594//7289 6586//7289 6595//7289
f 6595//7290 6586//7290 6587//7290
f 6595//7291 6587//7291 6596//7291
f 6596//7292 6587//7292 6588//7292
f 6596//7293 6588//7293 6597//7293
f 6597//7294 6588//7294 6589//7294
f 6597//7295 6589//7295 6598//7295
f 6598//7296 6589//7296 6590//7296
f 6598//7297 6590//7297 6599//7297
f 6599//7298 6590//7298 6591//7298
f 6599//7299 6591//7299 6583//7299
f 6583//7300 6591//7300 6581//7300
f 6238//7301 6592//7301 6495//7301
f 6495//7302 6592//7302 6593//7302
f 6495//7303 6593//7303 6497//7303
f 6497//7304 6593//7304 6594//7304
f 6497//7305 6594//7305 6498//7305
f 6498//7306 6594//7306 6595//7306
f 6498//7307 6595//7307 6500//7307
f 6500//7308 6595//7308 6596//7308
f 6500//7309 6596//7309 6501//7309
f 6501//7310 6596//7310 6597//7310
f 6501//7311 6597//7311 6504//7311
f 6504//7312 6597//7312 6598//7312
f 6504//7313 6598//7313 6503//7313
f 6503//7314 6598//7314 6599//7314
f 6503//7315 6599//7315 6179//7315
f 6179//7316 6599//7316 6583//7316
f 3024//7317 3025//7317 6600//7317
f 6600//7318 3025//7318 6584//7318
f 6600//7319 6584//7319 6601//7319
f 6601//7320 6584//7320 6602//7320
f 6602//7321 6584//7321 6592//7321
f 6602//7322 6592//7322 6603//7322
f 6603//7323 6592//7323 6604//7323
f 6604//7324 6592//7324 6238//7324
f 6604//7325 6238//7325 6236//7325
f 6605//7326 6376//7326 3700//7326
f 6603//7327 6604//7327 6606//7327
f 6606//7328 6604//7328 6236//7328
f 6606//7329 6236//7329 6378//7329
f 6606//7330 6607//7330 6603//7330
f 6603//7331 6607//7331 6608//7331
f 6603//7332 6608//7332 6602//7332
f 6602//7333 6608//7333 6609//7333
f 6602//7334 6609//7334 6601//7334
f 6601//7335 6609//7335 6610//7335
f 6601//7336 6610//7336 6600//7336
f 3023//7337 3024//7337 6611//7337
f 6611//7338 3024//7338 6600//7338
f 6611//7339 6600//7339 6612//7339
f 6612//7340 6600//7340 6610//7340
f 6376//7341 6605//7341 6378//7341
f 6378//7342 6605//7342 6613//7342
f 6378//7343 6613//7343 6606//7343
f 6606//7344 6613//7344 6614//7344
f 6606//7345 6614//7345 6607//7345
f 6615//7346 6616//7346 6617//7346
f 6618//7347 3726//7347 6366//7347
f 6364//7348 6315//7348 6619//7348
f 3006//7349 3005//7349 6620//7349
f 6621//7350 6622//7350 6620//7350
f 6620//7351 6622//7351 6623//7351
f 6620//7352 6623//7352 3006//7352
f 6620//7353 6624//7353 6621//7353
f 6621//7354 6624//7354 6625//7354
f 6621//7355 6625//7355 6626//7355
f 6626//7356 6625//7356 6617//7356
f 6626//7357 6617//7357 6619//7357
f 6619//7358 6617//7358 6616//7358
f 6619//7359 6616//7359 6364//7359
f 6364//7360 6616//7360 6615//7360
f 6364//7361 6615//7361 6366//7361
f 6366//7362 6615//7362 6627//7362
f 6366//7363 6627//7363 6618//7363
f 3006//7364 6623//7364 3063//7364
f 3063//7365 6623//7365 6628//7365
f 6623//7366 6622//7366 6628//7366
f 6628//7367 6622//7367 6621//7367
f 6628//7368 6621//7368 6629//7368
f 6315//7369 6313//7369 6619//7369
f 6619//7370 6313//7370 6629//7370
f 6619//7371 6629//7371 6626//7371
f 6626//7372 6629//7372 6621//7372
f 6630//7373 3058//7373 6631//7373
f 6631//7374 3058//7374 3044//7374
f 6631//7375 3044//7375 6632//7375
f 6632//7376 3044//7376 3045//7376
f 6632//7377 3045//7377 6633//7377
f 6633//7378 3045//7378 3046//7378
f 6633//7379 3046//7379 6634//7379
f 6634//7380 3046//7380 3047//7380
f 6634//7381 3047//7381 6635//7381
f 6635//7382 3047//7382 3032//7382
f 6635//7383 3032//7383 6636//7383
f 6636//7384 3032//7384 3031//7384
f 6636//7385 3031//7385 6637//7385
f 6637//7386 3031//7386 3040//7386
f 6637//7387 3040//7387 6628//7387
f 6628//7388 3040//7388 3063//7388
f 6638//7389 6630//7389 6639//7389
f 6639//7390 6630//7390 6631//7390
f 6639//7391 6631//7391 6640//7391
f 6640//7391 6631//7391 6632//7391
f 6640//7392 6632//7392 6641//7392
f 6641//7393 6632//7393 6633//7393
f 6641//7394 6633//7394 6642//7394
f 6642//7395 6633//7395 6634//7395
f 6642//7396 6634//7396 6643//7396
f 6643//7397 6634//7397 6635//7397
f 6643//7398 6635//7398 6644//7398
f 6644//7399 6635//7399 6636//7399
f 6644//7400 6636//7400 6645//7400
f 6645//7401 6636//7401 6637//7401
f 6645//7402 6637//7402 6629//7402
f 6629//7403 6637//7403 6628//7403
f 6261//7404 6638//7404 6485//7404
f 6485//7405 6638//7405 6639//7405
f 6485//7406 6639//7406 6487//7406
f 6487//7407 6639//7407 6640//7407
f 6487//7408 6640//7408 6488//7408
f 6488//7409 6640//7409 6641//7409
f 6488//7410 6641//7410 6490//7410
f 6490//7411 6641//7411 6642//7411
f 6490//7412 6642//7412 6491//7412
f 6491//7413 6642//7413 6643//7413
f 6491//7414 6643//7414 6494//7414
f 6494//7415 6643//7415 6644//7415
f 6494//7416 6644//7416 6493//7416
f 6493//7417 6644//7417 6645//7417
f 6493//7418 6645//7418 6313//7418
f 6313//7419 6645//7419 6629//7419
f 3061//7420 3059//7420 6646//7420
f 3061//7421 6646//7421 6647//7421
f 6647//7422 6646//7422 6648//7422
f 6647//7423 6648//7423 6649//7423
f 6649//7424 6648//7424 6263//7424
f 6649//7425 6263//7425 6260//7425
f 3059//7426 3058//7426 6630//7426
f 3059//7427 6630//7427 6646//7427
f 6646//7428 6630//7428 6638//7428
f 6646//7429 6638//7429 6648//7429
f 6648//7430 6638//7430 6261//7430
f 6648//7431 6261//7431 6263//7431
f 6647//7432 6649//7432 6650//7432
f 6651//7433 6652//7433 6653//7433
f 6652//7434 3160//7434 3193//7434
f 6255//7435 6654//7435 6655//7435
f 6652//7436 3193//7436 6653//7436
f 6653//7437 3193//7437 3195//7437
f 6653//7438 3195//7438 6656//7438
f 3195//7439 3192//7439 6656//7439
f 6656//7440 3192//7440 3190//7440
f 6656//7441 3190//7441 6657//7441
f 6657//7442 3190//7442 3189//7442
f 6657//7443 3189//7443 6658//7443
f 6658//7444 3189//7444 3198//7444
f 6658//7445 3198//7445 3061//7445
f 3061//7446 6647//7446 6658//7446
f 6658//7447 6647//7447 6650//7447
f 6658//7448 6650//7448 6657//7448
f 6657//7449 6650//7449 6659//7449
f 6657//7450 6659//7450 6656//7450
f 6656//7451 6659//7451 6660//7451
f 6656//7452 6660//7452 6653//7452
f 6653//7453 6660//7453 6655//7453
f 6653//7454 6655//7454 6651//7454
f 6651//7455 6655//7455 6654//7455
f 6255//7456 6655//7456 6256//7456
f 6256//7457 6655//7457 6660//7457
f 6256//7458 6660//7458 6257//7458
f 6257//7459 6660//7459 6659//7459
f 6257//7460 6659//7460 6258//7460
f 6258//7461 6659//7461 6650//7461
f 6258//7462 6650//7462 6259//7462
f 6259//7463 6650//7463 6649//7463
f 6259//7464 6649//7464 6260//7464
f 6661//7465 3154//7465 3160//7465
f 3160//7466 6652//7466 6661//7466
f 6661//7467 6652//7467 6651//7467
f 6661//7468 6651//7468 6662//7468
f 6662//7469 6651//7469 6654//7469
f 6662//7470 6654//7470 6663//7470
f 6663//7471 6654//7471 6255//7471
f 6663//7472 6255//7472 6266//7472
f 6664//7473 6243//7473 6245//7473
f 6245//7474 6665//7474 6664//7474
f 6664//7475 6665//7475 6666//7475
f 6664//7476 6666//7476 6667//7476
f 6667//7477 6666//7477 6668//7477
f 6667//7478 6668//7478 6669//7478
f 6669//7479 6668//7479 3166//7479
f 6669//7480 3166//7480 3165//7480
f 6666//7481 6665//7481 6670//7481
f 3166//7482 6668//7482 6671//7482
f 6672//7483 3124//7483 3178//7483
f 6673//7484 6672//7484 6674//7484
f 6672//7485 3178//7485 6674//7485
f 6674//7486 3178//7486 3179//7486
f 6674//7487 3179//7487 6675//7487
f 3179//7488 3188//7488 6675//7488
f 6675//7489 3188//7489 3187//7489
f 6675//7490 3187//7490 6676//7490
f 6676//7491 3187//7491 3185//7491
f 6676//7492 3185//7492 6671//7492
f 6671//7493 3185//7493 3183//7493
f 6671//7494 3183//7494 3166//7494
f 6668//7495 6666//7495 6671//7495
f 6671//7496 6666//7496 6670//7496
f 6671//7497 6670//7497 6676//7497
f 6676//7498 6670//7498 6677//7498
f 6676//7499 6677//7499 6675//7499
f 6675//7500 6677//7500 6678//7500
f 6675//7501 6678//7501 6674//7501
f 6674//7502 6678//7502 6679//7502
f 6674//7503 6679//7503 6673//7503
f 6673//7504 6679//7504 6254//7504
f 6254//7505 6679//7505 6247//7505
f 6247//7506 6679//7506 6678//7506
f 6247//7507 6678//7507 6248//7507
f 6248//7508 6678//7508 6677//7508
f 6248//7509 6677//7509 6249//7509
f 6249//7510 6677//7510 6670//7510
f 6249//7511 6670//7511 6246//7511
f 6246//7512 6670//7512 6665//7512
f 6246//7513 6665//7513 6245//7513
f 3144//7514 3123//7514 6680//7514
f 3144//7515 6680//7515 6681//7515
f 6681//7516 6680//7516 6682//7516
f 6681//7517 6682//7517 6683//7517
f 6683//7518 6682//7518 6253//7518
f 6683//7519 6253//7519 6251//7519
f 3123//7520 3124//7520 6672//7520
f 3123//7521 6672//7521 6680//7521
f 6680//7522 6672//7522 6673//7522
f 6680//7523 6673//7523 6682//7523
f 6682//7524 6673//7524 6254//7524
f 6682//7525 6254//7525 6253//7525
f 6684//7526 6685//7526 6686//7526
f 6684//7527 6686//7527 6687//7527
f 6685//7528 3111//7528 6686//7528
f 6686//7529 3111//7529 3113//7529
f 6686//7530 3113//7530 6688//7530
f 6688//7531 3113//7531 3114//7531
f 6688//7532 3114//7532 6689//7532
f 6689//7533 3114//7533 3138//7533
f 6689//7534 3138//7534 6690//7534
f 6690//7535 3138//7535 3139//7535
f 6690//7536 3139//7536 6691//7536
f 6691//7537 3139//7537 3140//7537
f 6691//7538 3140//7538 6692//7538
f 6692//7539 3140//7539 3146//7539
f 6692//7540 3146//7540 6693//7540
f 6693//7541 3146//7541 3145//7541
f 6693//7542 3145//7542 6681//7542
f 6681//7543 3145//7543 3144//7543
f 6681//7544 6683//7544 6693//7544
f 6693//7545 6683//7545 6694//7545
f 6693//7546 6694//7546 6692//7546
f 6692//7547 6694//7547 6695//7547
f 6692//7548 6695//7548 6691//7548
f 6691//7549 6695//7549 6696//7549
f 6691//7550 6696//7550 6690//7550
f 6690//7551 6696//7551 6697//7551
f 6690//7552 6697//7552 6689//7552
f 6689//7553 6697//7553 6698//7553
f 6689//7554 6698//7554 6688//7554
f 6688//7555 6698//7555 6699//7555
f 6688//7556 6699//7556 6686//7556
f 6686//7557 6699//7557 6700//7557
f 6686//7558 6700//7558 6687//7558
f 6311//7559 6687//7559 6475//7559
f 6475//7560 6687//7560 6700//7560
f 6475//7561 6700//7561 6477//7561
f 6477//7562 6700//7562 6699//7562
f 6477//7563 6699//7563 6478//7563
f 6478//7564 6699//7564 6698//7564
f 6478//7565 6698//7565 6480//7565
f 6480//7566 6698//7566 6697//7566
f 6480//7567 6697//7567 6481//7567
f 6481//7568 6697//7568 6696//7568
f 6481//7569 6696//7569 6484//7569
f 6484//7570 6696//7570 6695//7570
f 6484//7571 6695//7571 6483//7571
f 6483//7572 6695//7572 6694//7572
f 6483//7573 6694//7573 6251//7573
f 6251//7574 6694//7574 6683//7574
f 3110//7575 3111//7575 6685//7575
f 3110//7576 6685//7576 6701//7576
f 6701//7577 6685//7577 6684//7577
f 6701//7578 6684//7578 6702//7578
f 6702//7579 6684//7579 6687//7579
f 6702//7580 6687//7580 6703//7580
f 6703//7581 6687//7581 6311//7581
f 6703//7582 6311//7582 6309//7582
f 6704//7583 6368//7583 3689//7583
f 6370//7584 6705//7584 6309//7584
f 6309//7585 6705//7585 6703//7585
f 6705//7586 6706//7586 6703//7586
f 6703//7587 6706//7587 6707//7587
f 6703//7588 6707//7588 6702//7588
f 3109//7589 3110//7589 6708//7589
f 6708//7590 3110//7590 6701//7590
f 6708//7591 6701//7591 6709//7591
f 6709//7592 6701//7592 6702//7592
f 6709//7593 6702//7593 6710//7593
f 6710//7594 6702//7594 6707//7594
f 6368//7595 6704//7595 6370//7595
f 6370//7596 6704//7596 6711//7596
f 6370//7597 6711//7597 6705//7597
f 6705//7598 6711//7598 6712//7598
f 6705//7599 6712//7599 6706//7599
f 6713//7600 6714//7600 6715//7600
f 6269//7601 6268//7601 6713//7601
f 6713//7602 6268//7602 6716//7602
f 6713//7603 6716//7603 6714//7603
f 6717//7604 4392//7604 6715//7604
f 6715//7605 4392//7605 6718//7605
f 6715//7606 6718//7606 6713//7606
f 6717//7607 6719//7607 4392//7607
f 4392//7608 6719//7608 3165//7608
f 4392//7609 3165//7609 3177//7609
f 4392//7610 4391//7610 6720//7610
f 4392//7610 6720//7610 6718//7610
f 6718//7611 6720//7611 6721//7611
f 6718//7611 6721//7611 6713//7611
f 6713//7612 6721//7612 6286//7612
f 6713//7612 6286//7612 6269//7612
f 6433//7613 6432//7613 6722//7613
f 6432//7614 6286//7614 6722//7614
f 6722//7615 6286//7615 6721//7615
f 6722//7616 6721//7616 6723//7616
f 6723//7617 6721//7617 6720//7617
f 4394//7618 6723//7618 4395//7618
f 4395//7619 6723//7619 6720//7619
f 4395//7620 6720//7620 4391//7620
f 4394//7621 6724//7621 6723//7621
f 6723//7622 6724//7622 6725//7622
f 6723//7623 6725//7623 6722//7623
f 6722//7624 6725//7624 6428//7624
f 6722//7625 6428//7625 6433//7625
f 6307//7626 6428//7626 6726//7626
f 6726//7627 6428//7627 6725//7627
f 6726//7628 6725//7628 6727//7628
f 6727//7629 6725//7629 6724//7629
f 6727//7630 6724//7630 4393//7630
f 4393//7631 6724//7631 4394//7631
f 6271//7612 6307//7612 6726//7612
f 6271//7612 6726//7612 6728//7612
f 6728//7611 6726//7611 6727//7611
f 6728//7611 6727//7611 6729//7611
f 6729//7610 6727//7610 4393//7610
f 6729//7610 4393//7610 4396//7610
f 3158//7632 3154//7632 6730//7632
f 3158//7633 6730//7633 4396//7633
f 4396//7634 6730//7634 6731//7634
f 4396//7635 6731//7635 6729//7635
f 6731//7636 6732//7636 6729//7636
f 6729//7637 6732//7637 6733//7637
f 6729//7638 6733//7638 6728//7638
f 6272//7639 6271//7639 6734//7639
f 6734//7640 6271//7640 6728//7640
f 6734//7641 6728//7641 6735//7641
f 6735//7642 6728//7642 6733//7642
f 6736//7643 6737//7643 6738//7643
f 6197//7644 6196//7644 6736//7644
f 6736//7645 6196//7645 6739//7645
f 6736//7646 6739//7646 6737//7646
f 6740//7647 4398//7647 6738//7647
f 6738//7648 4398//7648 6741//7648
f 6738//7649 6741//7649 6736//7649
f 6740//7650 6742//7650 4398//7650
f 4398//7651 6742//7651 3200//7651
f 4398//7652 3200//7652 3212//7652
f 4398//7653 4397//7653 6743//7653
f 4398//7653 6743//7653 6741//7653
f 6741//7654 6743//7654 6744//7654
f 6741//7654 6744//7654 6736//7654
f 6736//7655 6744//7655 6209//7655
f 6736//7655 6209//7655 6197//7655
f 6426//7656 6209//7656 6745//7656
f 6745//7657 6209//7657 6744//7657
f 6745//7658 6744//7658 6746//7658
f 6746//7659 6744//7659 6743//7659
f 4400//7660 6746//7660 4401//7660
f 4401//7661 6746//7661 6743//7661
f 4401//7662 6743//7662 4397//7662
f 6747//7663 6380//7663 6413//7663
f 4400//7664 6748//7664 6746//7664
f 6746//7665 6748//7665 6747//7665
f 6746//7666 6747//7666 6745//7666
f 6745//7667 6747//7667 6413//7667
f 6745//7668 6413//7668 6426//7668
f 6234//7669 6380//7669 6749//7669
f 6749//7670 6380//7670 6747//7670
f 6749//7671 6747//7671 6750//7671
f 6750//7672 6747//7672 6748//7672
f 6750//7673 6748//7673 4399//7673
f 4399//7674 6748//7674 4400//7674
f 6198//7655 6234//7655 6749//7655
f 6198//7655 6749//7655 6751//7655
f 6751//7654 6749//7654 6750//7654
f 6751//7654 6750//7654 6752//7654
f 6752//7653 6750//7653 4399//7653
f 6752//7653 4399//7653 4402//7653
f 3219//7675 3215//7675 6753//7675
f 3219//7676 6753//7676 4402//7676
f 4402//7677 6753//7677 6754//7677
f 4402//7678 6754//7678 6752//7678
f 6754//7679 6755//7679 6752//7679
f 6752//7680 6755//7680 6756//7680
f 6752//7681 6756//7681 6751//7681
f 6199//7682 6198//7682 6757//7682
f 6757//7683 6198//7683 6751//7683
f 6757//7684 6751//7684 6758//7684
f 6758//7685 6751//7685 6756//7685
f 6605//7686 3700//7686 3698//7686
f 3697//7687 6608//7687 6607//7687
f 3695//7688 3023//7688 6611//7688
f 3695//7689 6611//7689 3696//7689
f 6605//7690 3698//7690 6613//7690
f 3697//7691 6607//7691 3698//7691
f 3698//7692 6607//7692 6614//7692
f 3698//7693 6614//7693 6613//7693
f 6611//7694 6612//7694 3696//7694
f 3696//7695 6612//7695 6610//7695
f 3696//7696 6610//7696 3697//7696
f 3697//7697 6610//7697 6609//7697
f 3697//7698 6609//7698 6608//7698
f 3728//7699 3005//7699 3729//7699
f 3729//7700 3005//7700 3004//7700
f 3013//7701 3023//7701 3695//7701
f 3695//7702 3693//7702 3013//7702
f 3013//7703 3693//7703 3704//7703
f 3013//7704 3704//7704 3011//7704
f 3704//7705 3703//7705 3011//7705
f 3011//7706 3703//7706 3707//7706
f 3011//7707 3707//7707 3009//7707
f 3707//7708 3706//7708 3009//7708
f 3009//7709 3706//7709 3710//7709
f 3009//7710 3710//7710 3015//7710
f 3710//7711 3709//7711 3015//7711
f 3015//7712 3709//7712 3713//7712
f 3015//7713 3713//7713 3016//7713
f 3713//7714 3712//7714 3016//7714
f 3016//7715 3712//7715 3716//7715
f 3016//7716 3716//7716 3034//7716
f 3716//7717 3715//7717 3034//7717
f 3034//7718 3715//7718 3719//7718
f 3034//7719 3719//7719 3036//7719
f 3719//7720 3718//7720 3036//7720
f 3036//7721 3718//7721 3722//7721
f 3036//7722 3722//7722 3004//7722
f 3004//7723 3722//7723 3721//7723
f 3004//7724 3721//7724 3729//7724
f 3725//7725 3726//7725 6618//7725
f 6617//7726 3723//7726 6615//7726
f 6615//7727 3723//7727 3725//7727
f 6615//7728 3725//7728 6627//7728
f 6627//7729 3725//7729 6618//7729
f 3005//7730 3728//7730 6620//7730
f 6620//7731 3728//7731 3727//7731
f 6620//7732 3727//7732 6624//7732
f 6624//7733 3727//7733 3723//7733
f 6624//7734 3723//7734 6625//7734
f 6625//7735 3723//7735 6617//7735
f 6704//7736 3689//7736 3736//7736
f 3735//7737 6707//7737 6706//7737
f 3732//7738 3109//7738 6708//7738
f 6704//7739 3736//7739 6711//7739
f 3735//7740 6706//7740 3736//7740
f 3736//7741 6706//7741 6712//7741
f 3736//7742 6712//7742 6711//7742
f 3732//7743 6708//7743 3730//7743
f 3730//7744 6708//7744 6709//7744
f 3730//7745 6709//7745 3735//7745
f 3735//7746 6709//7746 6710//7746
f 3735//7747 6710//7747 6707//7747
f 3109//7748 3732//7748 3734//7748
f 3109//7749 3734//7749 3088//7749
f 3739//7750 3084//7750 3086//7750
f 3734//7751 3742//7751 3088//7751
f 3088//7752 3742//7752 3741//7752
f 3088//7753 3741//7753 3086//7753
f 3086//7754 3741//7754 3740//7754
f 3086//7755 3740//7755 3739//7755
f 3745//7756 3096//7756 3142//7756
f 3739//7757 3748//7757 3084//7757
f 3084//7758 3748//7758 3747//7758
f 3084//7759 3747//7759 3142//7759
f 3142//7760 3747//7760 3746//7760
f 3142//7761 3746//7761 3745//7761
f 3751//7762 3083//7762 3094//7762
f 3745//7763 3754//7763 3096//7763
f 3096//7764 3754//7764 3753//7764
f 3096//7765 3753//7765 3094//7765
f 3094//7766 3753//7766 3752//7766
f 3094//7767 3752//7767 3751//7767
f 3751//7768 3761//7768 3083//7768
f 3083//7769 3761//7769 3760//7769
f 3083//7770 3760//7770 3078//7770
f 3078//7771 3760//7771 3759//7771
f 3078//7772 3759//7772 3079//7772
f 3079//7773 3759//7773 3757//7773
f 3765//7774 3763//7774 6518//7774
f 6517//7775 3766//7775 6515//7775
f 6515//7776 3766//7776 3765//7776
f 6515//7777 3765//7777 6527//7777
f 6527//7778 3765//7778 6518//7778
f 6517//7779 6525//7779 3766//7779
f 3766//7780 6525//7780 6524//7780
f 3766//7781 6524//7781 3767//7781
f 3767//7782 6524//7782 6520//7782
f 3767//7783 6520//7783 3756//7783
f 3756//7784 6520//7784 3079//7784
f 3756//7785 3079//7785 3757//7785
f 6569//7786 3200//7786 6759//7786
f 6739//7787 6760//7787 6737//7787
f 6737//7788 6760//7788 6761//7788
f 6737//7789 6761//7789 6738//7789
f 6738//7790 6761//7790 6759//7790
f 6760//7791 6171//7791 6761//7791
f 6761//7792 6171//7792 6564//7792
f 6761//7793 6564//7793 6759//7793
f 6759//7794 6564//7794 6567//7794
f 6759//7795 6567//7795 6569//7795
f 3200//7796 6742//7796 6759//7796
f 6759//7797 6742//7797 6740//7797
f 6759//7798 6740//7798 6738//7798
f 6739//7799 6196//7799 6760//7799
f 6760//7800 6196//7800 6172//7800
f 6760//7801 6172//7801 6171//7801
f 6206//7802 6178//7802 6180//7802
f 6206//7803 6180//7803 6195//7803
f 6195//7804 6180//7804 6172//7804
f 6195//7805 6172//7805 6196//7805
f 6207//7806 6237//7806 6496//7806
f 6207//7807 6496//7807 6205//7807
f 6205//7808 6496//7808 6499//7808
f 6205//7809 6499//7809 6203//7809
f 6203//7810 6499//7810 6502//7810
f 6203//7811 6502//7811 6204//7811
f 6204//7812 6502//7812 6178//7812
f 6204//7813 6178//7813 6206//7813
f 6208//7814 6235//7814 6207//7814
f 6207//7815 6235//7815 6237//7815
f 6223//7816 3701//7816 6377//7816
f 6223//7817 6377//7817 6222//7817
f 6222//7818 6377//7818 6379//7818
f 6222//7819 6379//7819 6221//7819
f 6221//7820 6379//7820 6235//7820
f 6221//7821 6235//7821 6208//7821
f 6220//7822 6227//7822 3762//7822
f 3762//7823 3774//7823 6220//7823
f 6220//7824 3774//7824 3773//7824
f 6220//7825 3773//7825 6218//7825
f 3701//7826 6223//7826 3770//7826
f 3770//7827 6223//7827 6218//7827
f 3770//7828 6218//7828 3771//7828
f 3771//7829 6218//7829 3773//7829
f 6226//7830 6241//7830 6373//7830
f 6226//7831 6373//7831 6224//7831
f 6224//7832 6373//7832 6375//7832
f 6224//7833 6375//7833 6225//7833
f 6225//7834 6375//7834 3762//7834
f 6225//7835 3762//7835 6227//7835
f 6200//7836 6239//7836 6226//7836
f 6226//7837 6239//7837 6241//7837
f 6202//7838 6190//7838 6506//7838
f 6202//7839 6506//7839 6214//7839
f 6214//7840 6506//7840 6509//7840
f 6214//7841 6509//7841 6215//7841
f 6215//7842 6509//7842 6512//7842
f 6215//7843 6512//7843 6216//7843
f 6216//7844 6512//7844 6239//7844
f 6216//7845 6239//7845 6200//7845
f 6199//7846 6193//7846 6192//7846
f 6199//7847 6192//7847 6201//7847
f 6201//7848 6192//7848 6190//7848
f 6201//7849 6190//7849 6202//7849
f 6199//7850 6757//7850 6193//7850
f 6193//7851 6757//7851 6762//7851
f 6193//7852 6762//7852 6194//7852
f 6563//7853 6194//7853 6762//7853
f 6753//7854 3215//7854 6763//7854
f 3215//7855 6561//7855 6763//7855
f 6763//7856 6561//7856 6562//7856
f 6763//7857 6562//7857 6764//7857
f 6758//7858 6756//7858 6764//7858
f 6764//7859 6756//7859 6755//7859
f 6764//7860 6755//7860 6763//7860
f 6763//7861 6755//7861 6754//7861
f 6763//7862 6754//7862 6753//7862
f 6757//7863 6758//7863 6762//7863
f 6762//7864 6758//7864 6764//7864
f 6762//7865 6764//7865 6563//7865
f 6563//7866 6764//7866 6562//7866
f 6663//7867 6266//7867 6765//7867
f 6730//7868 3154//7868 6766//7868
f 3154//7869 6661//7869 6766//7869
f 6766//7870 6661//7870 6662//7870
f 6766//7871 6662//7871 6767//7871
f 6735//7872 6733//7872 6767//7872
f 6767//7873 6733//7873 6732//7873
f 6767//7874 6732//7874 6766//7874
f 6766//7875 6732//7875 6731//7875
f 6766//7876 6731//7876 6730//7876
f 6734//7877 6735//7877 6765//7877
f 6765//7878 6735//7878 6767//7878
f 6765//7879 6767//7879 6663//7879
f 6663//7880 6767//7880 6662//7880
f 6272//7881 6734//7881 6265//7881
f 6265//7882 6734//7882 6765//7882
f 6265//7883 6765//7883 6266//7883
f 6262//7884 6276//7884 6284//7884
f 6262//7885 6284//7885 6264//7885
f 6264//7886 6284//7886 6272//7886
f 6264//7887 6272//7887 6265//7887
f 6276//7888 6262//7888 6486//7888
f 6276//7889 6486//7889 6277//7889
f 6277//7890 6486//7890 6489//7890
f 6277//7891 6489//7891 6278//7891
f 6278//7892 6489//7892 6492//7892
f 6278//7893 6492//7893 6285//7893
f 6285//7894 6492//7894 6312//7894
f 6285//7895 6312//7895 6270//7895
f 6314//7896 6295//7896 6312//7896
f 6312//7897 6295//7897 6270//7897
f 6295//7898 6314//7898 6365//7898
f 6295//7899 6365//7899 6273//7899
f 6273//7900 6365//7900 6367//7900
f 6273//7901 6367//7901 6274//7901
f 6274//7902 6367//7902 3775//7902
f 6274//7903 3775//7903 6275//7903
f 6275//7904 3775//7904 3776//7904
f 6275//7905 3776//7905 6297//7905
f 3690//7906 6302//7906 3691//7906
f 3691//7907 6302//7907 6299//7907
f 3776//7908 3777//7908 6297//7908
f 6297//7909 3777//7909 3778//7909
f 6297//7910 3778//7910 6299//7910
f 6299//7911 3778//7911 3768//7911
f 6299//7912 3768//7912 3691//7912
f 6302//7913 3690//7913 6369//7913
f 6302//7914 6369//7914 6303//7914
f 6303//7915 6369//7915 6371//7915
f 6303//7916 6371//7916 6283//7916
f 6283//7917 6371//7917 6308//7917
f 6283//7918 6308//7918 6281//7918
f 6310//7919 6288//7919 6308//7919
f 6308//7920 6288//7920 6281//7920
f 6288//7921 6310//7921 6476//7921
f 6288//7922 6476//7922 6290//7922
f 6290//7923 6476//7923 6479//7923
f 6290//7924 6479//7924 6292//7924
f 6292//7925 6479//7925 6482//7925
f 6292//7926 6482//7926 6291//7926
f 6291//7927 6482//7927 6250//7927
f 6291//7928 6250//7928 6289//7928
f 6244//7929 6268//7929 6267//7929
f 6244//7930 6267//7930 6252//7930
f 6252//7931 6267//7931 6289//7931
f 6252//7932 6289//7932 6250//7932
f 6716//7933 6268//7933 6768//7933
f 6768//7934 6268//7934 6244//7934
f 6768//7935 6244//7935 6243//7935
f 6669//7936 3165//7936 6769//7936
f 6716//7937 6768//7937 6714//7937
f 6714//7938 6768//7938 6770//7938
f 6714//7939 6770//7939 6715//7939
f 6715//7940 6770//7940 6769//7940
f 6768//7941 6243//7941 6770//7941
f 6770//7942 6243//7942 6664//7942
f 6770//7943 6664//7943 6769//7943
f 6769//7944 6664//7944 6667//7944
f 6769//7945 6667//7945 6669//7945
f 3165//7946 6719//7946 6769//7946
f 6769//7947 6719//7947 6717//7947
f 6769//7948 6717//7948 6715//7948
# Vertices: 6770, normals: 7948, texture coordinates: 0, faces: 12988

