# File generated by ImageToStl.com - Free Image and 3D model conversion tools

o obj1
v -0.0037 -0.0765 0.0265
v -0.0085 -0.0765 0.0265
v -0.0037 -0.0765 0.004
v -0.0085 -0.0765 0.004
v -0.0037 -0.073 0.004
v 0.0085 -0.0765 0.004
v 0.0037 -0.0765 0.004
v 0.0085 -0.07 0.004
v 0.0037 -0.073 0.004
v -0.0032375 -0.07 0.004
v -0.0085 -0.07 0.004
v -0.0085 -0.07 0.0159875
v -0.0085 -0.07 0.0265
v -0.0037 -0.073 0.0265
v 0.0037 -0.0765 0.0265
v 0.0085 -0.0765 0.0265
v 0.0037 -0.073 0.0265
v 0.0085 -0.07 0.0265
v -0.0032375 -0.07 0.0265
v 0.0085 -0.07 0.0159875
v 0.00647634 -0.07 0.01215759
v 0.006 -0.07 0.012275
v 0.00647634 -0.07 0.02015759
v 0.006 -0.07 0.020275
v 0.00552366 -0.07 0.02015759
v 0.00515644 -0.07 0.01983227
v -0.0032375 -0.07 0.0159875
v 0.00498247 -0.07 0.01937355
v 0.00504161 -0.07 0.01888653
v 0.0053203 -0.07 0.01848278
v 0.0057547 -0.07 0.01825478
v 0.0062453 -0.07 0.01825478
v 0.0066797 -0.07 0.01848278
v 0.00695839 -0.07 0.01888653
v 0.00701753 -0.07 0.01937355
v 0.00684356 -0.07 0.01983227
v 0.0066797 -0.07 0.01048278
v 0.0062453 -0.07 0.01025478
v 0.0057547 -0.07 0.01025478
v 0.00552366 -0.07 0.01215759
v 0.00515644 -0.07 0.01183227
v -0.0006101 -0.07 0.01362032
v -0.00111472 -0.07 0.0132537
v 0.00695839 -0.07 0.01088653
v 0.00701753 -0.07 0.01137355
v 0.00684356 -0.07 0.01183227
v -0.00088168 -0.07 0.01103647
v -0.00031187 -0.07 0.01078278
v 0.00031187 -0.07 0.01078278
v 0.0053203 -0.07 0.01048278
v 0.00504161 -0.07 0.01088653
v 0.00498247 -0.07 0.01137355
v 0.00088168 -0.07 0.01103647
v 0.00129904 -0.07 0.0115
v 0.00149178 -0.07 0.01209321
v 0.00142658 -0.07 0.01271353
v -0.00142658 -0.07 0.01271353
v -0.00149178 -0.07 0.01209321
v -0.00129904 -0.07 0.0115
v 0.00111472 -0.07 0.0132537
v 0.0006101 -0.07 0.01362032
v -0 -0.07 0.01375
v -0.0057547 -0.07 0.01825478
v -0.0053203 -0.07 0.01848278
v -0.0062453 -0.07 0.01825478
v -0.0066797 -0.07 0.01848278
v -0.00647634 -0.07 0.02015759
v -0.00684356 -0.07 0.01983227
v -0.00701753 -0.07 0.01937355
v -0.00695839 -0.07 0.01888653
v -0.00552366 -0.07 0.02015759
v -0.006 -0.07 0.020275
v -0.00504161 -0.07 0.01888653
v -0.00498247 -0.07 0.01937355
v -0.00515644 -0.07 0.01983227
v -0.006 -0.07 0.012275
v -0.00647634 -0.07 0.01215759
v -0.00552366 -0.07 0.01215759
v -0.00695839 -0.07 0.01088653
v -0.00701753 -0.07 0.01137355
v -0.00684356 -0.07 0.01183227
v -0.0066797 -0.07 0.01048278
v -0.0062453 -0.07 0.01025478
v -0.0057547 -0.07 0.01025478
v -0.0053203 -0.07 0.01048278
v -0.00504161 -0.07 0.01088653
v -0.00498247 -0.07 0.01137355
v -0.00515644 -0.07 0.01183227
v 0.006 -0.07298069 0.01925
v 0.0064 -0.0725 0.01994282
v 0.00669282 -0.0725 0.01965
v 0.006 -0.0725 0.02005
v 0.00669282 -0.0725 0.01885
v 0.0064 -0.0725 0.01855718
v 0.0068 -0.0725 0.01925
v 0.0056 -0.0725 0.01855718
v 0.00530718 -0.0725 0.01885
v 0.006 -0.0725 0.01845
v 0.00530718 -0.0725 0.01965
v 0.0056 -0.0725 0.01994282
v 0.0052 -0.0725 0.01925
v 0.00637178 -0.070225 0.01995837
v 0.0064 -0.070225 0.01994282
v 0.00665839 -0.070225 0.01970445
v 0.00669282 -0.070225 0.01965
v 0.00679417 -0.070225 0.01934643
v 0.0068 -0.070225 0.01925
v 0.00674801 -0.070225 0.01896632
v 0.00669282 -0.070225 0.01885
v 0.0065305 -0.070225 0.01865119
v 0.0064 -0.070225 0.01855718
v 0.00619145 -0.070225 0.01847325
v 0.006 -0.070225 0.01845
v 0.00580855 -0.070225 0.01847325
v 0.0056 -0.070225 0.01855718
v 0.0054695 -0.070225 0.01865119
v 0.00530718 -0.070225 0.01885
v 0.00525199 -0.070225 0.01896632
v 0.0052 -0.070225 0.01925
v 0.00520583 -0.070225 0.01934643
v 0.00530718 -0.070225 0.01965
v 0.00534161 -0.070225 0.01970445
v 0.0056 -0.070225 0.01994282
v 0.00562822 -0.070225 0.01995837
v 0.006 -0.070225 0.02005
v -0.006 -0.07298069 0.01125
v -0.0056 -0.0725 0.01194282
v -0.00530718 -0.0725 0.01165
v -0.006 -0.0725 0.01205
v -0.00530718 -0.0725 0.01085
v -0.0056 -0.0725 0.01055718
v -0.0052 -0.0725 0.01125
v -0.0064 -0.0725 0.01055718
v -0.00669282 -0.0725 0.01085
v -0.006 -0.0725 0.01045
v -0.00669282 -0.0725 0.01165
v -0.0064 -0.0725 0.01194282
v -0.0068 -0.0725 0.01125
v -0.00562822 -0.070225 0.01195836
v -0.0056 -0.070225 0.01194282
v -0.00534161 -0.070225 0.01170445
v -0.00530718 -0.070225 0.01165
v -0.00520583 -0.070225 0.01134643
v -0.0052 -0.070225 0.01125
v -0.00525199 -0.070225 0.01096632
v -0.00530718 -0.070225 0.01085
v -0.0054695 -0.070225 0.01065119
v -0.0056 -0.070225 0.01055718
v -0.00580855 -0.070225 0.01047325
v -0.006 -0.070225 0.01045
v -0.00619145 -0.070225 0.01047325
v -0.0064 -0.070225 0.01055718
v -0.0065305 -0.070225 0.01065119
v -0.00669282 -0.070225 0.01085
v -0.00674801 -0.070225 0.01096632
v -0.0068 -0.070225 0.01125
v -0.00679417 -0.070225 0.01134643
v -0.00669282 -0.070225 0.01165
v -0.00665839 -0.070225 0.01170445
v -0.0064 -0.070225 0.01194282
v -0.00637178 -0.070225 0.01195836
v -0.006 -0.070225 0.01205
v -0.006 -0.07298069 0.01925
v -0.0056 -0.0725 0.01994282
v -0.00530718 -0.0725 0.01965
v -0.006 -0.0725 0.02005
v -0.00530718 -0.0725 0.01885
v -0.0056 -0.0725 0.01855718
v -0.0052 -0.0725 0.01925
v -0.0064 -0.0725 0.01855718
v -0.00669282 -0.0725 0.01885
v -0.006 -0.0725 0.01845
v -0.00669282 -0.0725 0.01965
v -0.0064 -0.0725 0.01994282
v -0.0068 -0.0725 0.01925
v -0.00562822 -0.070225 0.01995837
v -0.0056 -0.070225 0.01994282
v -0.00534161 -0.070225 0.01970445
v -0.00530718 -0.070225 0.01965
v -0.00520583 -0.070225 0.01934643
v -0.0052 -0.070225 0.01925
v -0.00525199 -0.070225 0.01896632
v -0.00530718 -0.070225 0.01885
v -0.0054695 -0.070225 0.01865119
v -0.0056 -0.070225 0.01855718
v -0.00580855 -0.070225 0.01847325
v -0.006 -0.070225 0.01845
v -0.00619145 -0.070225 0.01847325
v -0.0064 -0.070225 0.01855718
v -0.0065305 -0.070225 0.01865119
v -0.00669282 -0.070225 0.01885
v -0.00674801 -0.070225 0.01896632
v -0.0068 -0.070225 0.01925
v -0.00679417 -0.070225 0.01934643
v -0.00669282 -0.070225 0.01965
v -0.00665839 -0.070225 0.01970445
v -0.0064 -0.070225 0.01994282
v -0.00637178 -0.070225 0.01995837
v -0.006 -0.070225 0.02005
v 0.006 -0.07298069 0.01125
v 0.0064 -0.0725 0.01194282
v 0.00669282 -0.0725 0.01165
v 0.006 -0.0725 0.01205
v 0.00669282 -0.0725 0.01085
v 0.0064 -0.0725 0.01055718
v 0.0068 -0.0725 0.01125
v 0.0056 -0.0725 0.01055718
v 0.00530718 -0.0725 0.01085
v 0.006 -0.0725 0.01045
v 0.00530718 -0.0725 0.01165
v 0.0056 -0.0725 0.01194282
v 0.0052 -0.0725 0.01125
v 0.00637178 -0.070225 0.01195836
v 0.0064 -0.070225 0.01194282
v 0.00665839 -0.070225 0.01170445
v 0.00669282 -0.070225 0.01165
v 0.00679417 -0.070225 0.01134643
v 0.0068 -0.070225 0.01125
v 0.00674801 -0.070225 0.01096632
v 0.00669282 -0.070225 0.01085
v 0.0065305 -0.070225 0.01065119
v 0.0064 -0.070225 0.01055718
v 0.00619145 -0.070225 0.01047325
v 0.006 -0.070225 0.01045
v 0.00580855 -0.070225 0.01047325
v 0.0056 -0.070225 0.01055718
v 0.0054695 -0.070225 0.01065119
v 0.00530718 -0.070225 0.01085
v 0.00525199 -0.070225 0.01096632
v 0.0052 -0.070225 0.01125
v 0.00520583 -0.070225 0.01134643
v 0.00530718 -0.070225 0.01165
v 0.00534161 -0.070225 0.01170445
v 0.0056 -0.070225 0.01194282
v 0.00562822 -0.070225 0.01195836
v 0.006 -0.070225 0.01205
v -0.00111472 -0.073 0.0132537
v -0.00142658 -0.073 0.01271353
v -0.0015 -0.073 0.01225
v -0.00149178 -0.073 0.01209321
v -0.00129904 -0.073 0.0115
v -0.00088168 -0.073 0.01103647
v -0.00031187 -0.073 0.01078278
v 0.00031187 -0.073 0.01078278
v 0.00088168 -0.073 0.01103647
v 0.00129904 -0.073 0.0115
v 0.00149178 -0.073 0.01209321
v 0.00142658 -0.073 0.01271353
v 0.00111472 -0.073 0.0132537
v 0.0006101 -0.073 0.01362032
v -0 -0.07 0.01375
v -0 -0.073 0.01375
v -0.0006101 -0.073 0.01362032
v -0 -0.073 0.01375
v -0.028 -0.067 0.004
v -0.028 -0.068 0.004
v -0.02608524 -0.06350601 0.004
v -0.01065 -0.068 0.004
v -0.02285828 -0.05659031 0.004
v -0.02012294 -0.04915387 0.004
v 0.00865 -0.07 0.004
v 0.02285828 -0.05659031 0.004
v 0.02012294 -0.04915387 0.004
v 0.01655651 -0.03471785 0.004
v -0.01655651 -0.03471785 0.004
v 0.01808778 -0.04194542 0.004
v -0.01808778 -0.04194542 0.004
v -0.00915 -0.071 0.004
v -0.00865 -0.0705 0.004
v -0.01015 -0.071 0.004
v -0.00865 -0.07 0.004
v -0.01065 -0.0705 0.004
v 0.0275 -0.071 0.004
v 0.028 -0.0705 0.004
v 0.00915 -0.071 0.004
v 0.028 -0.067 0.004
v 0.02608524 -0.06350601 0.004
v 0.00865 -0.0705 0.004
v 0.01580092 -0.03015805 0.00379774
v -0.01580092 -0.03015805 0.00379774
v 0.01646502 -0.03420642 0.00399746
v -0.01646502 -0.03420642 0.00399746
v -0.01477803 -0.02299489 0.00316102
v 0.01477803 -0.02299489 0.00316102
v 0.0140384 -0.01777785 0.00269728
v -0.0140384 -0.01777785 0.00269728
v 0.01319785 -0.01257629 0.00223492
v -0.01319785 -0.01257629 0.00223492
v 0.01269701 -0.00993346 0.002
v -0.01269701 -0.00993346 0.002
v 0.01168693 -0.0055012 0.002
v -0.01168693 -0.0055012 0.002
v 0.01 0 0.002
v -0.01 0 0.002
v -0.028 -0.067 0.003
v -0.00865 -0.07 0.002
v 0.00865 -0.07 0.002
v 0.01271488 -0.01002218 -0
v -0.01271488 -0.01002218 -0
v -0.01168693 -0.0055012 0
v 0.01168693 -0.0055012 0
v -0.01 0 0
v 0.01 0 0
v 0.0158281 -0.03033513 0.0018056
v -0.0158281 -0.03033513 0.0018056
v -0.01477803 -0.02299489 0.00115313
v -0.01271488 -0.01002218 0
v 0.01271488 -0.01002218 0
v -0.01319785 -0.01257629 0.00022703
v 0.01319785 -0.01257629 0.00022703
v -0.0140384 -0.01777787 0.00068939
v 0.0140384 -0.01777787 0.00068939
v 0.01477803 -0.02299489 0.00115313
v -0.01808778 -0.04194542 0.002
v -0.01655651 -0.03471785 0.002
v 0.01655651 -0.03471785 0.002
v -0.02743119 -0.066 0.002
v -0.02608524 -0.06350601 0.002
v -0.01065 -0.066 0.002
v -0.02285828 -0.05659031 0.002
v -0.02012294 -0.04915387 0.002
v -0.00915 -0.071 0.002
v -0.01015 -0.071 0.002
v -0.00865 -0.0705 0.002
v -0.01065 -0.0705 0.002
v 0.028 -0.0705 0.002
v 0.0275 -0.071 0.002
v 0.028 -0.067 0.002
v 0.00915 -0.071 0.002
v 0.02608524 -0.06350601 0.002
v 0.00865 -0.0705 0.002
v 0.02285828 -0.05659031 0.002
v 0.02012294 -0.04915387 0.002
v 0.01808778 -0.04194542 0.002
v -0.01646502 -0.03420642 0.00199736
v 0.01646502 -0.03420642 0.00199736
v 0.01 0 -0
v -0.01 0 -0
v 0.01271488 -0.01002218 0
v 0.01168693 -0.0055012 -0
v 0.01 0 -0
v -0.01 0 0
v -0.01168693 -0.0055012 0
v -0.01271488 -0.01002218 0
v -0.01802594 -0.0416917 0.004
v 0.02594317 -0.06323131 0.004
v 0.02274778 -0.05632376 0.004
v 0.02003956 -0.04889367 0.004
v 0.01802594 -0.0416917 0.004
v -0.02594317 -0.06323131 0.004
v -0.02274778 -0.05632376 0.004
v -0.02003956 -0.04889367 0.004
v -0.01642221 -0.0339633 0.00399447
v 0.01642221 -0.0339633 0.00399447
v -0.01475865 -0.02285462 0.00314855
v -0.01318787 -0.01252038 0.00222995
v 0.01318787 -0.01252038 0.00222995
v -0.01402381 -0.01767975 0.00268856
v 0.01402381 -0.01767975 0.00268856
v 0.01475865 -0.02285462 0.00314855
v 0.01 0 0.002
v -0.01168147 -0.00548002 0.002
v 0.01168147 -0.00548002 0.002
v 0.01356747 -0.065 0.014625
v 0.014025 -0.065 0.01416747
v 0.01465 -0.065 0.01525
v 0.01465 -0.065 0.014
v 0.015275 -0.065 0.01416747
v 0.014025 -0.065 0.01633253
v 0.01356747 -0.065 0.015875
v 0.0134 -0.065 0.01525
v 0.01573253 -0.065 0.015875
v 0.015275 -0.065 0.01633253
v 0.01465 -0.065 0.0165
v 0.01573253 -0.065 0.014625
v 0.0159 -0.065 0.01525
v -0.00865 -0.01353574 0.00825
v -0.00865 -0.064 0.00825
v 0.00865 -0.01353574 0.00825
v 0.00865 -0.064 0.00825
v -0.00923527 -0.06394236 0.00830764
v -0.00997138 -0.01636931 0.00855668
v -0.00930217 -0.0142353 0.00832175
v -0.00953654 -0.01482226 0.00838398
v -0.00966399 -0.01521413 0.00842656
v -0.00883637 -0.01359323 0.00825579
v -0.00899774 -0.01373559 0.00827022
v -0.00909232 -0.01385868 0.00828279
v -0.00868076 -0.01353731 0.00825016
v -0.00881363 -0.01358006 0.00825447
v -0.01051261 -0.01915955 0.00889826
v -0.01075279 -0.0207576 0.00911031
v -0.01016625 -0.06358863 0.00866137
v -0.00979805 -0.06377164 0.00847836
v -0.01015411 -0.01719893 0.0086543
v -0.01025254 -0.01769173 0.00871389
v -0.01097218 -0.02247426 0.00935066
v -0.01116853 -0.02430032 0.00961997
v -0.01077132 -0.06312132 0.00912868
v -0.01124872 -0.02515776 0.00975111
v -0.01125471 -0.06248845 0.00976155
v -0.01144277 -0.02768531 0.01015436
v -0.01159723 -0.03083337 0.01068981
v -0.01142164 -0.06214805 0.01010195
v -0.01165 -0.03392772 0.01125
v -0.01165 -0.061 0.01125
v -0.01165 -0.04303166 0.01429556
v -0.01165 -0.03709048 0.01225901
v -0.01165 -0.04900887 0.016521
v -0.01165 -0.05500529 0.01892633
v -0.01165 -0.061 0.02150664
v -0.0116175 -0.06144037 0.02183515
v -0.01150532 -0.06192041 0.02219652
v -0.01131155 -0.06238425 0.02254898
v -0.01105354 -0.06279527 0.02286407
v -0.01075306 -0.06313942 0.02312991
v -0.01039128 -0.06344294 0.02336594
v -0.0099991 -0.06367954 0.02355094
v -0.0095733 -0.06385438 0.02368825
v -0.00910318 -0.06396557 0.02377583
v -0.00865 -0.064 0.02380299
v 0.01077132 -0.06312132 0.00912868
v 0.01015 -0.06359807 0.00865192
v 0.01096907 -0.06290314 0.02294719
v 0.00865 -0.064 0.02380299
v 0.00901723 -0.06397744 0.02378519
v 0.00912976 -0.06396139 0.02377254
v 0.0108682 -0.0630198 0.0230373
v 0.00957164 -0.06385492 0.02368868
v 0.00999452 -0.06368184 0.02355275
v 0.00942646 -0.06389778 0.00835222
v 0.01014244 -0.06360243 0.02349055
v 0.01052722 -0.06334009 0.0232858
v 0.01124808 -0.0625 0.00975
v 0.01124338 -0.06250811 0.02264366
v 0.0114517 -0.0620726 0.02231181
v 0.01160939 -0.06149197 0.02187382
v 0.01165 -0.061 0.02150664
v 0.01165 -0.061 0.01125
v 0.0114894 -0.0619684 0.02223283
v 0.01154778 -0.06177646 0.01047354
v 0.01165 -0.04012631 0.01327722
v 0.01165 -0.03392772 0.01125
v 0.01165 -0.04642502 0.01553774
v 0.01165 -0.05901743 0.02063326
v 0.01165 -0.0527615 0.01800605
v 0.01156512 -0.02998164 0.01054143
v 0.01164535 -0.03302392 0.01108302
v 0.01149405 -0.02853492 0.01029532
v 0.01126767 -0.02537277 0.00978445
v 0.01095236 -0.022307 0.00932668
v 0.01055981 -0.01945373 0.00893642
v 0.01018113 -0.01733095 0.00867015
v 0.00993561 -0.01621954 0.00853943
v 0.00960897 -0.01503871 0.0084074
v 0.00935345 -0.01434882 0.00833364
v 0.00923074 -0.01409118 0.00830675
v 0.00904404 -0.0137922 0.00827599
v 0.00897358 -0.01370883 0.0082675
v 0.00883272 -0.013591 0.00825557
v 0.00877684 -0.01356238 0.00825268
v 0.0066 -0.064 0.02028923
v 0.00703923 -0.064 0.01985
v 0.0072 -0.064 0.01925
v 0.0048 -0.064 0.01925
v -0.006 -0.064 0.01805
v -0.0054 -0.064 0.01821077
v -0.0054 -0.064 0.02028923
v -0.006 -0.064 0.02045
v -0.0066 -0.064 0.02028923
v 0.0066 -0.064 0.01021077
v 0.00703923 -0.064 0.01065
v 0.0072 -0.064 0.01125
v -0.0066 -0.064 0.01228923
v -0.00703923 -0.064 0.01185
v -0.0072 -0.064 0.01125
v 0.00703923 -0.064 0.01185
v 0.0066 -0.064 0.01228923
v 0.00703923 -0.064 0.01865
v -0.00703923 -0.064 0.01985
v -0.0072 -0.064 0.01925
v -0.00703923 -0.064 0.01065
v -0.0066 -0.064 0.01021077
v -0.006 -0.064 0.01005
v 0.0054 -0.064 0.01228923
v 0.00496077 -0.064 0.01185
v -0.0054 -0.064 0.01228923
v -0.00496077 -0.064 0.01865
v -0.0048 -0.064 0.01925
v 0.00496077 -0.064 0.01985
v 0.0054 -0.064 0.01821077
v 0.006 -0.064 0.01245
v 0.006 -0.064 0.01805
v 0.0066 -0.064 0.01821077
v -0.00703923 -0.064 0.01865
v -0.0066 -0.064 0.01821077
v -0.006 -0.064 0.01245
v 0.00496077 -0.064 0.01865
v 0.006 -0.064 0.02045
v 0.0054 -0.064 0.02028923
v -0.00496077 -0.064 0.01985
v -0.0054 -0.064 0.01021077
v 0.0048 -0.064 0.01125
v 0.00496077 -0.064 0.01065
v 0.0054 -0.064 0.01021077
v 0.006 -0.064 0.01005
v -0.00496077 -0.064 0.01065
v -0.0048 -0.064 0.01125
v -0.00496077 -0.064 0.01185
v 0.01465 -0.0705 0.0165
v 0.014025 -0.0705 0.01633253
v 0.01356747 -0.0705 0.015875
v 0.0134 -0.0705 0.01525
v 0.01356747 -0.0705 0.014625
v 0.014025 -0.0705 0.01416747
v 0.01465 -0.0705 0.014
v 0.015275 -0.0705 0.01416747
v 0.01573253 -0.0705 0.014625
v 0.0159 -0.0705 0.01525
v 0.01573253 -0.0705 0.015875
v 0.015275 -0.0705 0.01633253
v -0.00865 -0.01342501 0.00824693
v 0.00865 -0.01342501 0.00824693
v -0.00865 -0.01331462 0.00823774
v 0.00865 -0.01331462 0.00823774
v -0.00865 -0.01320491 0.00822245
v 0.00865 -0.01320491 0.00822245
v -0.0130147 -0.02488416 0.01074686
v -0.01330462 -0.02715696 0.01135288
v -0.01252332 -0.02727751 0.01121928
v -0.00870126 -0.01320645 0.00822271
v -0.0086944 -0.01331616 0.00823799
v -0.01025157 -0.01623856 0.0086643
v -0.00988295 -0.01509155 0.00848748
v -0.0097291 -0.01470245 0.00842955
v -0.00944501 -0.01411963 0.00834477
v -0.0091897 -0.01374567 0.00829166
v -0.00907442 -0.01362345 0.00827452
v -0.00887754 -0.01348209 0.00825484
v -0.00884978 -0.01346902 0.00825303
v -0.00868756 -0.01342656 0.00824715
v -0.00892271 -0.01324844 0.00822976
v -0.00888618 -0.01335835 0.00824478
v -0.00896062 -0.01326138 0.00823193
v -0.00891901 -0.01337135 0.00824688
v -0.00922957 -0.01340123 0.00825556
v -0.00915182 -0.01351182 0.00826962
v -0.0093872 -0.01352217 0.00827613
v -0.00928817 -0.01363329 0.00828943
v -0.00973695 -0.01389226 0.00833993
v -0.00959035 -0.01400496 0.00835085
v -0.01012757 -0.01446922 0.0084419
v -0.009927 -0.01458424 0.00844894
v -0.01033998 -0.01485454 0.00851167
v -0.01010954 -0.01497102 0.00851601
v -0.0108523 -0.01599096 0.00872503
v -0.01054786 -0.0161113 0.00872092
v -0.01101892 -0.01642442 0.00880933
v -0.01094537 -0.01741681 0.00896824
v -0.0113209 -0.01729286 0.00898297
v -0.01175435 -0.01873899 0.00928571
v -0.01130889 -0.01886593 0.00925796
v -0.01215464 -0.02031462 0.00963417
v -0.01163946 -0.02044357 0.00959067
v -0.01252029 -0.02200846 0.01002943
v -0.01193499 -0.02213804 0.00996708
v -0.01284756 -0.02381153 0.01047264
v -0.01219133 -0.02393994 0.01038788
v -0.01058454 -0.01755153 0.00887736
v -0.01088742 -0.01900868 0.00912645
v -0.01116085 -0.02059481 0.00941181
v -0.01140284 -0.02229816 0.00973376
v -0.01160963 -0.02410928 0.01009247
v -0.01356206 -0.03027125 0.01223574
v -0.0126691 -0.03037635 0.0120466
v -0.01186758 -0.0274636 0.01079716
v -0.01196459 -0.0305779 0.0114923
v -0.01191795 -0.03363125 0.01220504
v -0.01265 -0.03341421 0.01290418
v -0.01365 -0.03333478 0.01316008
v -0.01365 -0.03435249 0.01347889
v -0.01265 -0.03655142 0.01390504
v -0.01191795 -0.03677925 0.01320935
v -0.01365 -0.03646803 0.01415968
v -0.01365 -0.04235798 0.01617868
v -0.01265 -0.04244823 0.01592639
v -0.01365 -0.04464434 0.01700957
v -0.01265 -0.0483841 0.01813644
v -0.01365 -0.06018587 0.02333343
v -0.01265 -0.06029494 0.02308869
v -0.01365 -0.05534916 0.0212381
v -0.01265 -0.0543406 0.02052576
v -0.01365 -0.05423777 0.02077319
v -0.01365 -0.04828745 0.01838635
v -0.01191795 -0.04269481 0.01523712
v -0.01191795 -0.04864816 0.01745367
v -0.01191795 -0.05462153 0.01984976
v -0.01191795 -0.06059293 0.02242003
v -0.01359584 -0.06091394 0.02365931
v -0.01263953 -0.06089765 0.02337984
v -0.0119206 -0.06108896 0.02271693
v -0.01340886 -0.0617075 0.02401774
v -0.01252062 -0.06156394 0.02370316
v -0.01308592 -0.06247419 0.0243673
v -0.01228462 -0.06221598 0.0240212
v -0.0126559 -0.06315351 0.02467976
v -0.01195225 -0.06279988 0.02430748
v -0.01215511 -0.06372224 0.02494336
v -0.01155328 -0.06329282 0.02455032
v -0.01155213 -0.06422377 0.02517736
v -0.0110635 -0.06373039 0.02476683
v -0.01089851 -0.06461468 0.02536076
v -0.01052556 -0.06407323 0.02493708
v -0.01018884 -0.06490355 0.02549687
v -0.00993637 -0.06432752 0.02506374
v -0.00940531 -0.06508724 0.02558368
v -0.00928224 -0.06448963 0.02514465
v -0.00865 -0.06514411 0.0256106
v -0.00865 -0.06453988 0.02516975
v -0.01183412 -0.06164072 0.02304635
v -0.01164929 -0.06218378 0.02337013
v -0.01138208 -0.06267241 0.0236614
v -0.01105693 -0.06308649 0.02390834
v -0.01065436 -0.06345519 0.0241284
v -0.01020965 -0.06374476 0.0243014
v -0.00972071 -0.06395993 0.02443007
v -0.00917655 -0.06409726 0.02451225
v -0.00865 -0.06413986 0.02453776
v 0.00865 -0.06514411 0.0256106
v 0.00865 -0.06453988 0.02516975
v 0.00865 -0.06413986 0.02453776
v 0.00926206 -0.06510683 0.02559296
v 0.0091624 -0.06450694 0.0251533
v 0.00907678 -0.06411194 0.02452104
v 0.00944961 -0.06508032 0.02558041
v 0.00931929 -0.06448352 0.0251416
v 0.01018607 -0.06490444 0.02549729
v 0.00993407 -0.0643283 0.02506413
v 0.01089086 -0.06461849 0.02536255
v 0.01051924 -0.06407657 0.02493875
v 0.01113741 -0.06448728 0.02530089
v 0.01072283 -0.06396132 0.02488145
v 0.0117787 -0.06405383 0.0250979
v 0.01124845 -0.06358183 0.02469322
v 0.012347 -0.06352457 0.02485153
v 0.01170722 -0.06312108 0.0244656
v 0.01251511 -0.06333178 0.02476218
v 0.01184106 -0.062954 0.02438329
v 0.01297229 -0.06267892 0.0244612
v 0.01219815 -0.06239136 0.02410703
v 0.0133195 -0.06195908 0.02413209
v 0.01245737 -0.06177704 0.02380691
v 0.01338234 -0.06178683 0.02405376
v 0.01250208 -0.06163104 0.02373581
v 0.01358231 -0.06099923 0.02369767
v 0.0126323 -0.06096882 0.02341429
v 0.01365 -0.06018587 0.02333343
v 0.01265 -0.06029494 0.02308869
v 0.0092074 -0.06409208 0.02450916
v 0.0097188 -0.06396059 0.02443047
v 0.01020442 -0.06374759 0.02430309
v 0.01037297 -0.06365018 0.02424488
v 0.0108067 -0.0633299 0.02405359
v 0.01118278 -0.06294207 0.02382219
v 0.01129181 -0.06280172 0.0237385
v 0.01158027 -0.06233032 0.02345748
v 0.01178536 -0.06181788 0.02315201
v 0.01181993 -0.06169647 0.02307961
v 0.01191593 -0.06114773 0.02275205
v 0.01191795 -0.06059293 0.02242003
v 0.01365 -0.05821895 0.02246696
v 0.01265 -0.05832593 0.02222129
v 0.01191795 -0.05861819 0.02155011
v 0.01365 -0.05534916 0.0212381
v 0.01265 -0.05211168 0.01961158
v 0.01365 -0.05201115 0.01985996
v 0.01365 -0.0457239 0.01741082
v 0.01265 -0.04581783 0.01715987
v 0.01365 -0.04464434 0.01700957
v 0.01265 -0.03956406 0.01491547
v 0.01365 -0.03947708 0.01516891
v 0.01265 -0.03341421 0.01290418
v 0.01365 -0.03435249 0.01347889
v 0.01365 -0.03333478 0.01316008
v 0.01191795 -0.05238632 0.018933
v 0.01191795 -0.04607446 0.01647428
v 0.01191795 -0.03980169 0.01422306
v 0.01191795 -0.03363125 0.01220504
v 0.01364225 -0.03243977 0.01288449
v 0.01267328 -0.03252801 0.01264955
v 0.01194701 -0.03274047 0.01199436
v 0.01350853 -0.0294284 0.011991
v 0.01264546 -0.02953859 0.01181799
v 0.01339008 -0.02799719 0.01158523
v 0.0125783 -0.02811444 0.0114377
v 0.01301507 -0.02488667 0.01074752
v 0.01231617 -0.02499781 0.01064431
v 0.01301278 -0.02487104 0.01074347
v 0.01248727 -0.02184338 0.00998999
v 0.01190863 -0.02197297 0.00992957
v 0.01183301 -0.01902896 0.00934841
v 0.01137431 -0.01915637 0.00931788
v 0.01120188 -0.01693759 0.00891118
v 0.01084479 -0.01706064 0.00889945
v 0.01101907 -0.01642482 0.00880941
v 0.01049703 -0.01596345 0.00869376
v 0.01079269 -0.01584358 0.00869673
v 0.01024828 -0.01468203 0.00848027
v 0.01003079 -0.01479787 0.00848583
v 0.00982241 -0.01400383 0.00835942
v 0.00966409 -0.01411699 0.0083696
v 0.0096179 -0.01375062 0.00831537
v 0.00948756 -0.01386273 0.00832721
v 0.00930674 -0.01345685 0.008265
v 0.00921858 -0.01356769 0.00827872
v 0.00918931 -0.01337495 0.0082511
v 0.00911697 -0.01348542 0.00826534
v 0.00895453 -0.01325919 0.00823157
v 0.00891373 -0.01336914 0.00824652
v 0.0088614 -0.01323107 0.00822684
v 0.00883309 -0.0133409 0.00824197
v 0.01195219 -0.02973595 0.01130089
v 0.01190746 -0.02830469 0.01098131
v 0.01170859 -0.0251725 0.01031041
v 0.01138138 -0.02213223 0.00970172
v 0.0109417 -0.0193007 0.0091779
v 0.01050044 -0.01719334 0.00881814
v 0.01020889 -0.01608985 0.00864088
v 0.0098166 -0.01491737 0.00846142
v 0.00950727 -0.01423235 0.00836098
v 0.00935818 -0.01397653 0.00832433
v 0.00913087 -0.01367966 0.00828239
v 0.00904496 -0.01359688 0.00827081
v 0.00887308 -0.01347988 0.00825453
v 0.00880487 -0.01345146 0.00825059
v 0.018 -0.06638595 0.02620334
v -0.018 -0.06638595 0.02620334
v 0.018 -0.06701963 0.02642489
v -0.018 -0.06701963 0.02642489
v 0.018 -0.06768671 0.0265
v -0.018 -0.06768671 0.0265
v -0.018 -0.0685 0.026
v -0.018 -0.068 0.0265
v -0.02058819 -0.068 0.02615926
v -0.02045878 -0.0685 0.0256763
v -0.023 -0.068 0.02516025
v -0.02275 -0.0685 0.02472724
v -0.02507107 -0.068 0.02357107
v -0.02471752 -0.0685 0.02321751
v -0.02666025 -0.068 0.0215
v -0.02622724 -0.0685 0.02125
v -0.02765926 -0.068 0.01908819
v -0.02717629 -0.0685 0.01895878
v -0.028 -0.068 0.0165
v -0.0275 -0.0685 0.0165
v 0.006 -0.07 0.01245
v 0.0054 -0.07 0.01228923
v 0.00496077 -0.07 0.01185
v 0.0048 -0.07 0.01125
v 0.00496077 -0.07 0.01065
v 0.0054 -0.07 0.01021077
v 0.006 -0.07 0.01005
v 0.0066 -0.07 0.01021077
v 0.00703923 -0.07 0.01065
v 0.0072 -0.07 0.01125
v 0.00703923 -0.07 0.01185
v 0.0066 -0.07 0.01228923
v 0.006 -0.07 0.02045
v 0.0054 -0.07 0.02028923
v 0.00496077 -0.07 0.01985
v 0.0048 -0.07 0.01925
v 0.00496077 -0.07 0.01865
v 0.0054 -0.07 0.01821077
v 0.006 -0.07 0.01805
v 0.0066 -0.07 0.01821077
v 0.00703923 -0.07 0.01865
v 0.0072 -0.07 0.01925
v 0.00703923 -0.07 0.01985
v 0.0066 -0.07 0.02028923
v -0.006 -0.07 0.01245
v -0.0066 -0.07 0.01228923
v -0.00703923 -0.07 0.01185
v -0.0072 -0.07 0.01125
v -0.00703923 -0.07 0.01065
v -0.0066 -0.07 0.01021077
v -0.006 -0.07 0.01005
v -0.0054 -0.07 0.01021077
v -0.00496077 -0.07 0.01065
v -0.0048 -0.07 0.01125
v -0.00496077 -0.07 0.01185
v -0.0054 -0.07 0.01228923
v -0.006 -0.07 0.02045
v -0.0066 -0.07 0.02028923
v -0.00703923 -0.07 0.01985
v -0.0072 -0.07 0.01925
v -0.00703923 -0.07 0.01865
v -0.0066 -0.07 0.01821077
v -0.006 -0.07 0.01805
v -0.0054 -0.07 0.01821077
v -0.00496077 -0.07 0.01865
v -0.0048 -0.07 0.01925
v -0.00496077 -0.07 0.01985
v -0.0054 -0.07 0.02028923
v 0.013775 -0.071 0.01676554
v 0.01313446 -0.071 0.016125
v 0.0129 -0.071 0.01525
v 0.01313446 -0.071 0.014375
v 0.013775 -0.071 0.01373446
v 0.01465 -0.071 0.0135
v 0.015525 -0.071 0.01373446
v 0.01616555 -0.071 0.014375
v 0.0164 -0.071 0.01525
v 0.01616555 -0.071 0.016125
v 0.015525 -0.071 0.01676554
v 0.01465 -0.071 0.017
v 0.00865 -0.07 0.0265
v -0.00865 -0.07 0.0265
v -0.01065 -0.068 0.0265
v -0.01065 -0.0685 0.026
v 0.00865 -0.0705 0.0265
v 0.018 -0.0705 0.0265
v -0.00915 -0.071 0.0265
v -0.00865 -0.0705 0.0265
v -0.01015 -0.071 0.0265
v -0.01065 -0.0705 0.0265
v -0.0275 -0.0685 0.0045
v -0.01065 -0.0685 0.0045
v 0.00915 -0.071 0.026
v 0.018 -0.071 0.026
v 0.0275 -0.071 0.0165
v 0.028 -0.0705 0.0165
v 0.02765926 -0.0705 0.01908819
v 0.02717629 -0.071 0.01895878
v 0.02666025 -0.0705 0.0215
v 0.02622724 -0.071 0.02125
v 0.02507107 -0.0705 0.02357107
v 0.02471752 -0.071 0.02321751
v 0.023 -0.0705 0.02516025
v 0.02275 -0.071 0.02472724
v 0.02058819 -0.0705 0.02615926
v 0.02045878 -0.071 0.0256763
v 0.00887187 0 0.007
v -0.00881133 0 0.007
v -0.00948766 -0.00190342 0.00703061
v 0.01145321 -0.00901663 0.00760689
v 0.0111505 -0.00766177 0.00744785
v -0.01139305 -0.00901429 0.0076066
v 0.01039046 -0.00466963 0.00717505
v -0.01085266 -0.00666585 0.00734462
v 0.01008779 -0.0036172 0.00710705
v -0.00975306 -0.00272152 0.00706161
v -0.01002703 -0.00361544 0.00710695
v -0.01273482 -0.01642334 0.00880912
v -0.01264143 -0.01582796 0.00869374
v -0.01194439 -0.01176436 0.00799075
v 0.01161342 -0.00977671 0.0077051
v 0.01199929 -0.01174005 0.00798701
v 0.01279461 -0.01642686 0.00880981
v 0.01270377 -0.01584745 0.00869747
v 0.01373997 -0.02296042 0.01026061
v 0.01388854 -0.02402851 0.01052749
v 0.01400852 -0.0248885 0.01074799
v 0.01493588 -0.03117275 0.01250213
v 0.01508956 -0.03211973 0.01278704
v 0.01547588 -0.03436192 0.01348187
v 0.01580443 -0.03611665 0.01404494
v 0.01643387 -0.03914943 0.01505674
v 0.0166406 -0.0400675 0.01537243
v 0.01779466 -0.04465422 0.01701321
v 0.01832096 -0.04650431 0.01770442
v 0.01871143 -0.04779908 0.01819805
v 0.02071616 -0.05363978 0.02052556
v 0.02136255 -0.05529675 0.02121604
v 0.02241354 -0.06310447 0.02465712
v 0.02304325 -0.06185655 0.02408545
v 0.02352683 -0.06063382 0.0235336
v 0.0236004 -0.06042105 0.02343839
v 0.02138872 -0.05536194 0.02124348
v 0.02020772 -0.06564999 0.02585091
v 0.02027277 -0.06560449 0.02582923
v 0.0209079 -0.06507788 0.02557926
v 0.0215235 -0.06440983 0.02526454
v 0.02172313 -0.06415527 0.02514531
v 0.01964802 -0.06598152 0.02600925
v 0.01908952 -0.06621087 0.02611919
v 0.01853232 -0.0663444 0.02618334
v -0.02027277 -0.06560449 0.02582923
v -0.02020772 -0.06564999 0.02585091
v -0.01964802 -0.06598152 0.02600925
v -0.01853232 -0.0663444 0.02618334
v -0.01908952 -0.06621087 0.02611919
v -0.0209079 -0.06507788 0.02557926
v -0.0215235 -0.06440983 0.02526454
v -0.02241354 -0.06310447 0.02465712
v -0.02172313 -0.06415527 0.02514531
v -0.02256229 -0.05831278 0.02250783
v -0.02356945 -0.06051157 0.02347887
v -0.02352683 -0.06063382 0.0235336
v -0.02304325 -0.06185655 0.02408545
v -0.0177292 -0.04465017 0.01701171
v -0.01977865 -0.05125085 0.01955364
v -0.02132037 -0.05536629 0.02124531
v -0.01541455 -0.03435934 0.01348105
v -0.01573795 -0.03609018 0.01403632
v -0.01583165 -0.03656835 0.01419257
v -0.01657123 -0.04003792 0.01536219
v -0.01752229 -0.04388453 0.01673058
v -0.0150254 -0.03209661 0.01278003
v -0.01440263 -0.02806923 0.01160535
v -0.01437611 -0.02788785 0.01155474
v -0.01394897 -0.02488751 0.01074773
v -0.01311966 -0.0189898 0.0093399
v 0.028 -0.067 0.0165
v 0.01955646 -0.06750921 0.02637813
v 0.01876045 -0.06764457 0.02647104
v 0.02215414 -0.06636084 0.02559632
v 0.02124682 -0.06689452 0.02595823
v 0.02115389 -0.06694065 0.02598963
v 0.02035432 -0.0672767 0.02621891
v 0.02520464 -0.06309818 0.02343492
v 0.02430506 -0.06436176 0.02426184
v 0.02331875 -0.06542607 0.02496823
v 0.02303358 -0.06568395 0.02514078
v 0.02556482 -0.06248814 0.02304015
v 0.02594317 -0.06323131 0.02257504
v 0.02667951 -0.0646306 0.02146649
v 0.02795238 -0.06691742 0.01747474
v 0.0278163 -0.0666803 0.01840795
v 0.02760508 -0.06630889 0.01928253
v 0.0273355 -0.06582879 0.02008447
v 0.02494968 -0.06200079 0.02353293
v 0.02454613 -0.06173337 0.02369887
v 0.02423985 -0.06241078 0.02401821
v 0.02539131 -0.0621415 0.02320301
v 0.02531495 -0.06212825 0.02327096
v 0.02418962 -0.06137153 0.02372498
v 0.02391236 -0.06098956 0.02365048
v 0.02343794 -0.06368085 0.02466952
v 0.02257189 -0.06475009 0.02522466
v 0.02232333 -0.0650091 0.0253601
v 0.0215607 -0.0656888 0.02571738
v 0.02077862 -0.06622458 0.02600092
v 0.02069873 -0.06627087 0.0260255
v 0.02001259 -0.06660817 0.02620499
v 0.01932966 -0.06684151 0.02632957
v 0.01864939 -0.06697735 0.02640225
v 0.01609706 -0.03203613 0.01164617
v 0.02480557 -0.06094265 0.02265356
v 0.02274973 -0.05632848 0.020611
v 0.02204001 -0.05455776 0.01985645
v 0.02096147 -0.05164415 0.01864924
v 0.02004058 -0.04889684 0.01754966
v 0.01972435 -0.04788707 0.01715493
v 0.01766213 -0.04014442 0.01429855
v 0.01802727 -0.0416972 0.01484691
v 0.01642377 -0.0339722 0.01224584
v 0.01684524 -0.03626113 0.01298283
v 0.01489362 -0.02383191 0.00936245
v 0.01475943 -0.02286026 0.00912149
v 0.01370502 -0.0156009 0.00754509
v 0.01318904 -0.01252689 0.00700953
v 0.0126776 -0.00983753 0.00661451
v 0.01 0 0.00588412
v 0.01110519 -0.00338313 0.00599187
v 0.01152551 -0.00488587 0.00609148
v 0.01218384 -0.00754668 0.00633749
v 0.01168189 -0.00548164 0.00613907
v -0.01 0 0.00594113
v -0.01022727 -0.00063772 0.00594843
v -0.01109892 -0.00336173 0.00604856
v -0.01164466 -0.00533789 0.00618545
v -0.01168159 -0.00548051 0.00619727
v -0.01217846 -0.00752324 0.00639358
v -0.01284769 -0.01069408 0.00679147
v -0.01318908 -0.01252712 0.0070688
v -0.01392487 -0.01702083 0.00788022
v -0.01436089 -0.02000408 0.0085127
v -0.01476012 -0.02286525 0.00918318
v -0.01506784 -0.02508979 0.00974491
v -0.01550797 -0.02819372 0.01058439
v -0.01628909 -0.03319157 0.01206388
v -0.0168347 -0.0362066 0.01302826
v -0.01642303 -0.03396801 0.01230721
v -0.01787511 -0.04106189 0.01468591
v -0.01802652 -0.0416941 0.01491089
v -0.01861377 -0.0440064 0.01575121
v -0.01985986 -0.04832435 0.01739279
v -0.02004022 -0.04889573 0.017617
v -0.02399371 -0.0612247 0.02372393
v -0.02364378 -0.06066187 0.02354351
v -0.02445621 -0.06128606 0.02335529
v -0.02471952 -0.06187421 0.02364617
v -0.02457111 -0.06178503 0.02370076
v -0.02436 -0.06162268 0.02374675
v -0.02274913 -0.05632702 0.02068144
v -0.02534574 -0.06204983 0.02323476
v -0.02504135 -0.06200348 0.02347012
v -0.02093424 -0.05156663 0.01868659
v -0.02235596 -0.05535908 0.02026655
v -0.02556482 -0.06248814 0.02304015
v -0.02520464 -0.06309818 0.02343492
v -0.02423985 -0.06241078 0.02401821
v -0.02430506 -0.06436176 0.02426184
v -0.02343794 -0.06368085 0.02466952
v -0.02331875 -0.06542607 0.02496823
v -0.02257189 -0.06475009 0.02522466
v -0.02303358 -0.06568395 0.02514078
v -0.02232333 -0.0650091 0.0253601
v -0.02215414 -0.06636084 0.02559632
v -0.0215607 -0.0656888 0.02571738
v -0.02124682 -0.06689452 0.02595823
v -0.02077862 -0.06622458 0.02600092
v -0.02115389 -0.06694065 0.02598963
v -0.02069873 -0.06627087 0.0260255
v -0.02035432 -0.0672767 0.02621891
v -0.02001259 -0.06660817 0.02620499
v -0.01955646 -0.06750921 0.02637813
v -0.01932966 -0.06684151 0.02632957
v -0.01876045 -0.06764457 0.02647104
v -0.01864939 -0.06697735 0.02640225
v -0.028 -0.067 0.0165
v -0.02795313 -0.06691871 0.01746711
v -0.02783899 -0.06671996 0.01828725
v -0.02765555 -0.06639802 0.01910199
v -0.02750351 -0.06612882 0.0196118
v -0.02716823 -0.06552737 0.02049293
v -0.02594317 -0.06323131 0.02257504
v -0.02658566 -0.06445554 0.02162703
v -0.02694556 -0.0651218 0.01953752
v 0.02694556 -0.0651218 0.01953752
vn 0 -1 -0
vn -0 0 -1
vn -1 -0 0
vn 0 0 1
vn 1 0 -0
vn 0 1 0
vn 0 1 0
vn -0.37349 0.84912 -0.37349
vn -0.13671 0.84912 -0.5102
vn -0.37349 0.84912 0.37349
vn -0.5102 0.84912 0.13671
vn -0.5102 0.84912 -0.13671
vn 0.3735 0.84912 0.37349
vn 0.13671 0.84912 0.5102
vn -0.13671 0.84912 0.5102
vn 0.3735 0.84912 -0.37349
vn 0.5102 0.84912 -0.13671
vn 0.5102 0.84912 0.13671
vn 0.13671 0.84912 -0.5102
vn -0.25882 0.00339 -0.96592
vn -0.48249 0 -0.8759
vn -0.67806 -0 -0.73501
vn -0.70709 0.00622 -0.70709
vn -0.84519 -0 -0.53446
vn -0.94854 -0 -0.31667
vn -0.96589 0.00849 -0.25881
vn -0.99818 -0 -0.06038
vn -0.98362 -0 0.18025
vn -0.96588 0.0102 0.25881
vn -0.90345 -0 0.4287
vn -0.77461 -0 0.63244
vn -0.70706 0.01134 0.70706
vn -0.58452 -0 0.81138
vn -0.37336 -0 0.92769
vn -0.2588 0.01191 0.96586
vn -0.12054 -0 0.99271
vn 0.12054 0 0.99271
vn 0.2588 0.01191 0.96586
vn 0.37336 0 0.92769
vn 0.58452 0 0.81138
vn 0.70706 0.01134 0.70706
vn 0.77461 0 0.63244
vn 0.90345 0 0.4287
vn 0.96588 0.0102 0.25881
vn 0.98362 0 0.18025
vn 0.99818 0 -0.06038
vn 0.96589 0.00849 -0.25881
vn 0.94854 0 -0.31667
vn 0.8452 0 -0.53446
vn 0.70709 0.00622 -0.70709
vn 0.67806 0 -0.73501
vn 0.48248 0 -0.87591
vn 0.25882 0.00339 -0.96592
vn 0.23931 0 -0.97094
vn -0.23931 -0 -0.97094
vn 0.4833 0.68471 -0.54553
vn 0.48535 0.69831 -0.52612
vn 0.59789 0.70682 -0.37807
vn 0.69028 0.67452 -0.26179
vn 0.67753 0.69985 -0.22619
vn 0.70646 0.70646 -0.04273
vn 0.74024 0.6663 0.08988
vn 0.70124 0.70124 0.12851
vn 0.63987 0.70596 0.30363
vn 0.61808 0.66027 0.42663
vn 0.55129 0.70248 0.45011
vn 0.41437 0.70531 0.57519
vn 0.35052 0.65658 0.66786
vn 0.26532 0.70357 0.65923
vn 0 0.69661 0.71745
vn 0.09737 0.58955 0.80184
vn -0.08555 0.70452 0.70451
vn -0.33342 0.69661 0.63527
vn -0.2957 0.61054 0.73471
vn -0.41437 0.70531 0.57519
vn -0.59045 0.69661 0.40756
vn -0.60145 0.63017 0.49106
vn -0.63987 0.70596 0.30363
vn -0.71222 0.69661 0.08648
vn -0.74873 0.64852 0.13721
vn -0.70646 0.70646 -0.04273
vn -0.67083 0.69661 -0.25441
vn -0.70785 0.66566 -0.23632
vn -0.59788 0.70682 -0.37807
vn -0.47576 0.69661 -0.53702
vn -0.49611 0.68166 -0.53778
vn -0.34121 0.70703 -0.61942
vn -0.1717 0.6966 -0.69661
vn -0.1717 0.69661 -0.69661
vn 0.1717 0.69661 -0.69661
vn 0.1717 0.6966 -0.69661
vn 0.3412 0.70703 -0.61942
vn -0.3735 0.84912 -0.37349
vn -0.13671 0.84912 -0.5102
vn -0.37349 0.84912 0.37349
vn -0.5102 0.84912 0.13671
vn 0.37349 0.84912 0.37349
vn 0.13671 0.84912 0.5102
vn -0.13671 0.84912 0.5102
vn 0.37349 0.84912 -0.37349
vn 0.5102 0.84912 0.13671
vn 0.13671 0.84912 -0.5102
vn -0.25882 0.00339 -0.96592
vn -0.48244 -0 -0.87593
vn -0.67806 -0 -0.735
vn -0.70709 0.00622 -0.70709
vn -0.84519 -0 -0.53446
vn -0.96588 0.0102 0.25881
vn -0.90345 -0 0.4287
vn -0.77461 -0 0.63245
vn -0.70706 0.01134 0.70706
vn -0.58453 -0 0.81138
vn -0.37336 -0 0.92769
vn -0.2588 0.01191 0.96586
vn -0.12054 -0 0.99271
vn 0.12054 0 0.99271
vn 0.2588 0.01191 0.96586
vn 0.37336 0 0.92769
vn 0.58452 0 0.81138
vn 0.70706 0.01134 0.70706
vn 0.77461 0 0.63245
vn 0.90345 0 0.4287
vn 0.96588 0.0102 0.25881
vn 0.84519 0 -0.53447
vn 0.70709 0.00622 -0.70709
vn 0.67806 0 -0.735
vn 0.48244 0 -0.87593
vn 0.25882 0.00339 -0.96592
vn 0.23932 0 -0.97094
vn -0.23932 -0 -0.97094
vn 0.4833 0.68471 -0.54553
vn 0.48536 0.69831 -0.52611
vn 0.59788 0.70682 -0.37808
vn 0.69028 0.67452 -0.26179
vn 0.67753 0.69985 -0.22619
vn 0.70646 0.70646 -0.04273
vn 0.74024 0.6663 0.08988
vn 0.70124 0.70124 0.12851
vn 0.63987 0.70596 0.30363
vn 0.61808 0.66027 0.42663
vn 0.55129 0.70248 0.45011
vn 0.41437 0.70531 0.57518
vn 0.35052 0.65658 0.66786
vn 0.26532 0.70357 0.65923
vn 0.09736 0.58955 0.80184
vn -0.08554 0.70452 0.70451
vn -0.33342 0.69661 0.63527
vn -0.2957 0.61054 0.73472
vn -0.41437 0.70531 0.57518
vn -0.59045 0.69661 0.40756
vn -0.60145 0.63017 0.49107
vn -0.63987 0.70596 0.30363
vn -0.71222 0.69661 0.08648
vn -0.74873 0.64852 0.13721
vn -0.70646 0.70646 -0.04273
vn -0.67083 0.69661 -0.25441
vn -0.70785 0.66566 -0.23632
vn -0.59788 0.70682 -0.37808
vn -0.47576 0.69661 -0.53702
vn -0.49612 0.68166 -0.53778
vn -0.34117 0.70704 -0.61944
vn -0.1717 0.69661 -0.69661
vn -0.1717 0.69661 -0.69661
vn 0.1717 0.69661 -0.69661
vn 0.34117 0.70704 -0.61944
vn -0.13671 0.84912 -0.5102
vn -0.3735 0.84912 0.37349
vn 0.37349 0.84912 0.37349
vn 0.13671 0.84912 0.5102
vn -0.13671 0.84912 0.5102
vn 0.13671 0.84912 -0.5102
vn -0.25882 0.00339 -0.96592
vn -0.48248 -0 -0.87591
vn -0.70709 0.00622 -0.70709
vn -0.8452 -0 -0.53446
vn -0.70706 0.01134 0.70706
vn -0.58452 -0 0.81138
vn -0.2588 0.01191 0.96586
vn 0.2588 0.01191 0.96586
vn 0.58452 0 0.81138
vn 0.70706 0.01134 0.70706
vn 0.84519 0 -0.53446
vn 0.70709 0.00622 -0.70709
vn 0.48249 0 -0.8759
vn 0.25882 0.00339 -0.96592
vn 0.48329 0.68471 -0.54553
vn 0.48535 0.69831 -0.52612
vn 0.59788 0.70682 -0.37807
vn 0.74025 0.6663 0.08988
vn 0.70125 0.70124 0.12851
vn 0.63987 0.70596 0.30363
vn 0.61809 0.66027 0.42663
vn 0.41437 0.70531 0.57519
vn 0.35052 0.65658 0.66786
vn -0.2957 0.61054 0.73472
vn -0.41437 0.70531 0.57519
vn -0.59045 0.69661 0.40756
vn -0.60145 0.63017 0.49106
vn -0.63987 0.70596 0.30363
vn -0.71222 0.69661 0.08648
vn -0.59789 0.70682 -0.37807
vn -0.49611 0.68166 -0.53778
vn -0.3412 0.70703 -0.61942
vn 0.34121 0.70703 -0.61942
vn -0.13671 0.84912 -0.5102
vn -0.37349 0.84912 0.37349
vn 0.37349 0.84912 0.37349
vn 0.13671 0.84912 0.5102
vn -0.13671 0.84912 0.5102
vn 0.13671 0.84912 -0.5102
vn -0.25882 0.00339 -0.96592
vn -0.48244 -0 -0.87593
vn -0.70709 0.00622 -0.70709
vn -0.84519 -0 -0.53447
vn -0.70706 0.01134 0.70706
vn -0.58452 -0 0.81138
vn -0.2588 0.01191 0.96586
vn 0.2588 0.01191 0.96586
vn 0.58453 0 0.81138
vn 0.70706 0.01134 0.70706
vn 0.84519 0 -0.53446
vn 0.70709 0.00622 -0.70709
vn 0.48244 0 -0.87593
vn 0.25882 0.00339 -0.96592
vn 0.4833 0.68471 -0.54553
vn 0.48536 0.69831 -0.52612
vn 0.59788 0.70682 -0.37808
vn 0.74024 0.6663 0.08988
vn 0.70124 0.70124 0.12851
vn 0.63987 0.70596 0.30363
vn 0.61808 0.66027 0.42663
vn 0.41437 0.70531 0.57518
vn 0.35052 0.65658 0.66786
vn -0.2957 0.61054 0.73472
vn -0.41437 0.70531 0.57518
vn -0.59045 0.69661 0.40756
vn -0.60145 0.63017 0.49107
vn -0.63987 0.70596 0.30363
vn -0.71222 0.69661 0.08648
vn -0.59788 0.70682 -0.37808
vn -0.49612 0.68166 -0.53778
vn -0.34117 0.70704 -0.61944
vn 0.34117 0.70704 -0.61944
vn 0.86603 0 -0.5
vn 0.98769 0 -0.15643
vn 0.99449 -0.00819 -0.10452
vn 0.99863 0 0.05234
vn 0.95106 0 0.30902
vn 0.74315 0 0.66913
vn 0.40674 0 0.91355
vn -0.40674 0 0.91355
vn -0.74315 -0 0.66913
vn -0.95106 -0 0.30902
vn -0.99452 -0 -0.10453
vn -0.86603 -0 -0.5
vn -0.58778 -0 -0.80902
vn -0.20791 0 -0.97815
vn -0.20791 0 -0.97815
vn 0.20791 -0 -0.97815
vn 0.20791 0 -0.97815
vn 0.58778 0 -0.80902
vn 0 -1 -0
vn -0 0.04927 0.99879
vn -0 0.00497 0.99999
vn 0 0.08854 0.99607
vn 0 0.08854 0.99607
vn -0 0.08854 0.99607
vn -0 0.08854 0.99607
vn -0 0.08854 0.99607
vn 0 0.08854 0.99607
vn -0 0.08854 0.99607
vn 0 0 -1
vn 0 0 -1
vn 0 0 -1
vn -0 -0.08854 -0.99607
vn 0 -0.08854 -0.99607
vn -0 -0.08854 -0.99607
vn -0 -0.08854 -0.99607
vn -0 -0.08854 -0.99607
vn 0 -0.08854 -0.99607
vn 0 -0.08854 -0.99607
vn -0 -0.08854 -0.99607
vn 0 -0.04947 -0.99878
vn 0 -0.00517 -0.99999
vn -0.70711 -0.70711 0
vn 0.70711 -0.70711 -0
vn -0 1 -0
vn -0 1 -0
vn 0.975 0.2222 -0.00114
vn 0.98258 0.18585 0.00054
vn 0.98251 0.18619 -0
vn 0.98719 0.15953 -0
vn 0.98719 0.15953 0
vn 0.9901 0.14037 0
vn 0.9901 0.14037 -0
vn 0.98992 0.14161 -0
vn 0.98995 0.14145 0.00093
vn 0.98674 0.16229 -0.00096
vn 0.98681 0.16188 -0
vn 0.98437 0.1761 -0
vn 0.98437 0.17609 -0
vn 0.97828 0.20727 -0
vn 0.96238 0.27171 -0
vn 0.93852 0.34522 -0
vn 0.9062 0.42285 -0
vn 0.87695 0.48058 -0
vn 0.97511 0.22172 -0
vn 0.95606 0.29317 -0
vn -0.95606 0.29317 0
vn -0.86922 0.49442 0
vn -0.87691 0.48056 -0.00912
vn -0.88002 0.47493 0
vn -0.9062 0.42285 0
vn -0.93852 0.34522 0
vn -0.96238 0.27171 0
vn -0.97828 0.20727 0
vn -0.98437 0.1761 0
vn -0.98437 0.17609 -0
vn -0.98673 0.16234 -0
vn -0.98682 0.16183 -0.00092
vn -0.98991 0.14169 0.00091
vn -0.98996 0.14136 0
vn -0.9901 0.14037 0
vn -0.9901 0.14037 0
vn -0.98719 0.15953 0
vn -0.98719 0.15953 0
vn -0.98259 0.1858 0
vn -0.9825 0.18624 0.00052
vn -0.97511 0.22172 -0.00112
vn -0.975 0.2222 0
vn -0.95606 0.29317 0
vn -0.70711 -0.70711 0
vn 0.70711 -0.70711 -0
vn -0 -0.70711 -0.70711
vn 0 -0.70711 -0.70711
vn -0 -0.70711 -0.70711
vn 0 -0.00733 -0.99997
vn 0 -0.05163 -0.99867
vn 0 -0.00733 -0.99997
vn -0 -0.08854 -0.99607
vn -0 -0.08854 -0.99607
vn 0 -0.08854 -0.99607
vn -0 -0.08854 -0.99607
vn -0 -0.08854 -0.99607
vn -0 -0.08854 -0.99607
vn 0.09766 -0.0037 0.99521
vn 0.25219 0.00191 0.96768
vn 0.3086 0.00297 0.95119
vn 0.37559 0.00445 0.92677
vn 0.08886 0.00021 0.99604
vn 0.13104 0.00051 0.99138
vn 0.18088 0.00095 0.98351
vn 0.00512 0 0.99999
vn 0.0324 2E-05 0.99947
vn 0.05828 0.0001 0.9983
vn 0.65768 0.00111 0.7533
vn 0.29014 -0.00052 0.95698
vn 0.47027 0.00026 0.88252
vn 0.4451 2E-05 0.89548
vn 0.51789 -1E-05 0.85545
vn 0.57777 0.00015 0.8162
vn 0.72855 0.0028 0.68499
vn 0.79078 0.00524 0.61208
vn 0.6094 -0.0038 0.79285
vn 0.84742 0.00195 0.53091
vn 0.79472 4E-05 0.60697
vn 0.90115 -2E-05 0.43351
vn 0.95774 0.00193 0.28762
vn 0.89654 -0.00329 0.44294
vn 0.99362 0.00346 0.11268
vn 0.98079 0 0.19509
vn 0.98079 0.19509 -0
vn 0.99654 0.08225 0.01167
vn 0.97335 0.22929 0.00242
vn 0.89701 0.442 -0.00211
vn 0.92246 0.38608 0.00095
vn 0.79401 0.6079 -0.00142
vn 0.84533 0.53423 0.00469
vn 0.75334 0.65763 -0.00013
vn 0.61135 0.79136 0.00023
vn 0.64186 0.76682 0.00223
vn 0.44426 0.89589 -0.00208
vn 0.51601 0.85658 0.00165
vn 0.28974 0.9571 -0.00198
vn 0.379 0.92539 0.00304
vn 0.09767 0.99521 -0.00355
vn 0.22937 0.97333 0.00454
vn 0.07575 0.99713 -0
vn -0.60689 0.79478 -0.00386
vn -0.06134 0.99812 0
vn -0.14098 0.99001 0.00189
vn -0.75219 0.65886 0.01107
vn -0.23338 0.97237 0.00479
vn -0.37499 0.92693 0.01367
vn -0.12932 0.99156 -0.00925
vn -0.47133 0.88194 0.00509
vn -0.38272 0.92387 8E-05
vn -0.56333 0.82623 -4E-05
vn -0.68281 0.73058 0.00472
vn -0.79421 0.60765 0.00177
vn -0.82136 0.57041 6E-05
vn -0.90212 0.43148 -6E-05
vn -0.99661 0.08227 0
vn -0.93947 0.34261 0.00357
vn -0.96823 0.24993 0.00807
vn -0.92221 0.38666 -0.00466
vn -0.99172 0.12841 0.00216
vn -0.98443 0.00532 0.17572
vn -0.92206 -0.00507 0.38701
vn -0.99914 0.00251 0.04142
vn -0.99144 -0 0.13053
vn -0.95708 0.00228 0.2898
vn -0.91402 0.00011 0.40568
vn -0.79328 -0.00015 0.60885
vn -0.82081 0.00087 0.57119
vn -0.6082 -0.00115 0.79378
vn -0.69817 0.00187 0.71593
vn -0.57496 6E-05 0.81818
vn -0.38264 -0.00011 0.9239
vn -0.46471 0.00149 0.88546
vn -0.1302 -0.0025 0.99148
vn -0.36198 0.00409 0.93218
vn -0.27178 0.00223 0.96236
vn -0.21137 0.00135 0.9774
vn -0.16137 0.00076 0.98689
vn -0.11912 0.00042 0.99288
vn -0.08425 0.0002 0.99644
vn -0.05155 8E-05 0.99867
vn -0.02115 0 0.99978
vn 0.25882 0 -0.96593
vn 0.70711 0 -0.70711
vn 0.96593 0 -0.25882
vn 0.96593 0 0.25882
vn 0.70711 0 0.70711
vn 0.25882 0 0.96593
vn -0.25882 -0 0.96593
vn -0.70711 -0 0.70711
vn -0.96593 -0 0.25882
vn -0.96593 -0 -0.25882
vn -0.70711 -0 -0.70711
vn -0.25882 -0 -0.96593
vn -0 0.02769 0.99962
vn 0 0.08299 0.99655
vn -0 0.13804 0.99043
vn 0.19828 0.22883 0.95306
vn 0.00084 0.13804 0.99043
vn 0.00269 0.08299 0.99655
vn 0.29478 0.05235 0.95413
vn 0.27568 0.01476 0.96114
vn 0.25524 0.0429 0.96593
vn 0.23554 0.009 0.97182
vn 0.19592 0.04697 0.97949
vn 0.16643 0.00926 0.98601
vn 0.14122 0.04405 0.989
vn 0.11009 0.01685 0.99378
vn 0.10901 0.03647 0.99337
vn 0.07662 0.01418 0.99696
vn 0.07384 0.03593 0.99662
vn 0.04396 0.02488 0.99872
vn 0.05122 0.02962 0.99825
vn 0.02556 0.02128 0.99945
vn 0.02864 0.02892 0.99917
vn 0.00372 0.0274 0.99962
vn 0.00458 0.02769 0.99961
vn 0.00074 0.138 0.99043
vn 0.00532 0.13828 0.99038
vn 0.00494 0.13703 0.99055
vn 0.00956 0.13853 0.99031
vn 0.00865 0.13785 0.99042
vn 0.01421 0.13991 0.99006
vn 0.01458 0.13625 0.99057
vn 0.02118 0.1408 0.98981
vn 0.02133 0.13756 0.99026
vn 0.02838 0.14372 0.98921
vn 0.03203 0.13754 0.98998
vn 0.03991 0.14763 0.98824
vn 0.046 0.14073 0.98898
vn 0.05157 0.15033 0.98729
vn 0.05488 0.1454 0.98785
vn 0.06105 0.15752 0.98563
vn 0.07235 0.1494 0.98613
vn 0.07717 0.16168 0.98382
vn 0.07616 0.16316 0.98366
vn 0.09269 0.16413 0.98207
vn 0.09656 0.17614 0.97962
vn 0.10906 0.1685 0.97965
vn 0.11404 0.18682 0.97575
vn 0.1272 0.17909 0.97558
vn 0.13163 0.19823 0.97128
vn 0.14555 0.19029 0.97088
vn 0.14949 0.21035 0.96613
vn 0.16426 0.2021 0.96549
vn 0.00228 0.08282 0.99656
vn 0.01688 0.08371 0.99635
vn 0.01536 0.07931 0.99673
vn 0.03027 0.08416 0.99599
vn 0.02661 0.08159 0.99631
vn 0.0441 0.08806 0.99514
vn 0.04554 0.07527 0.99612
vn 0.06526 0.08884 0.99391
vn 0.06585 0.07738 0.99482
vn 0.08541 0.09446 0.99186
vn 0.09925 0.07318 0.99237
vn 0.11885 0.09824 0.98804
vn 0.14135 0.07469 0.98714
vn 0.1546 0.09752 0.98315
vn 0.16654 0.08047 0.98275
vn 0.17983 0.10661 0.9779
vn 0.21984 0.07924 0.97231
vn 0.23277 0.11213 0.96605
vn 0.27344 0.08612 0.95803
vn 0.28404 0.11896 0.95141
vn 0.32521 0.09326 0.94103
vn 0.33436 0.12688 0.93386
vn 0.37608 0.10088 0.92108
vn 0.38419 0.13586 0.9132
vn 0.42651 0.10911 0.89788
vn 0.43375 0.14593 0.88914
vn 0.47674 0.11809 0.87108
vn 0.67838 0.06745 0.73161
vn 0.66876 0.01859 0.74324
vn 0.60918 0.06287 0.79054
vn 0.59839 0.01636 0.80104
vn 0.53634 0.05902 0.84194
vn 0.5241 0.0141 0.85154
vn 0.45995 0.05588 0.88619
vn 0.44798 0.0186 0.89385
vn 0.43708 0.035 0.89874
vn 0.36971 0.02785 0.92873
vn 0.36205 0.00866 0.93212
vn 0.75443 0.04653 0.65472
vn 0.73741 0.03421 0.67458
vn 0.73502 0.02092 0.67772
vn 0.20074 0.25179 0.94673
vn 0.22817 0.24111 0.94329
vn 0.56871 0.18709 0.80098
vn 0.63742 0.14889 0.756
vn 0.70654 0.17109 0.68669
vn 0.64104 0.21224 0.73757
vn 0.25875 0.26393 0.92919
vn 0.23009 0.27505 0.93349
vn 0.16714 0.21968 0.96115
vn 0.16308 0.22318 0.96104
vn 0.48447 0.16578 0.85896
vn 0.5623 0.12838 0.81691
vn 0.84092 0.04857 0.53898
vn 0.84499 0.09129 0.52694
vn 0.91195 0.02491 0.40954
vn 0.91645 0.10419 0.38636
vn 0.96481 0.03082 0.26112
vn 0.25882 0.28875 0.92176
vn 0.25375 0.29399 0.92151
vn 0.7071 0.21492 0.67367
vn 0.96592 0.07867 0.24658
vn 0.25882 0.2959 0.91949
vn 0.2588 0.31322 0.91374
vn 0.2588 0.31322 0.91374
vn 0.25882 0.32992 0.90784
vn 0.24147 0.3386 0.90942
vn 0.25881 0.38397 0.88633
vn 0.2476 0.38305 0.88993
vn 0.25882 0.37276 0.8911
vn 0.2588 0.35961 0.89649
vn 0.2588 0.35961 0.89649
vn 0.25881 0.34147 0.90356
vn 0.7071 0.21492 0.67366
vn 0.70707 0.2293 0.66893
vn 0.70708 0.2293 0.66893
vn 0.70708 0.24673 0.66269
vn 0.70708 0.24673 0.66269
vn 0.70708 0.26326 0.6563
vn 0.70708 0.26326 0.6563
vn 0.70708 0.27957 0.64952
vn 0.70708 0.27957 0.64952
vn 0.96592 0.07867 0.24658
vn 0.96592 0.08393 0.24486
vn 0.96592 0.08393 0.24486
vn 0.96592 0.09031 0.24257
vn 0.96592 0.09031 0.24257
vn 0.96592 0.09636 0.24023
vn 0.96592 0.09636 0.24023
vn 0.96592 0.10233 0.23775
vn 0.96592 0.10234 0.23775
vn 0.25877 0.41059 0.87433
vn 0.70673 0.31766 0.63216
vn 0.96558 0.12978 0.22542
vn 0.24725 0.42495 0.8708
vn 0.244 0.44636 0.86095
vn 0.23015 0.45779 0.85875
vn 0.22274 0.48055 0.84821
vn 0.20846 0.48868 0.8472
vn 0.1973 0.50999 0.83725
vn 0.18398 0.51516 0.83711
vn 0.17006 0.5337 0.8284
vn 0.15844 0.53657 0.82885
vn 0.14148 0.55314 0.82099
vn 0.13144 0.5539 0.82214
vn 0.11112 0.56831 0.81527
vn 0.1034 0.5678 0.81665
vn 0.08027 0.57938 0.8111
vn 0.07486 0.57813 0.8125
vn 0.048 0.58677 0.80833
vn 0.04496 0.58542 0.80948
vn 0.01564 0.58989 0.80733
vn 0.01477 0.58934 0.80775
vn 0.68057 0.37362 0.63027
vn 0.67371 0.41647 0.61046
vn 0.63836 0.46587 0.61275
vn 0.62253 0.51341 0.59065
vn 0.58232 0.55331 0.59561
vn 0.55801 0.59914 0.57416
vn 0.51721 0.62888 0.58052
vn 0.48612 0.66991 0.56117
vn 0.44781 0.69043 0.56812
vn 0.40812 0.72883 0.54977
vn 0.3732 0.74081 0.55849
vn 0.32316 0.77603 0.54161
vn 0.29471 0.78131 0.55018
vn 0.23486 0.81103 0.53579
vn 0.21407 0.81156 0.54364
vn 0.14104 0.83476 0.53224
vn 0.1289 0.83285 0.53828
vn 0.04606 0.84537 0.5322
vn 0.04241 0.84421 0.53434
vn 0.94344 0.24014 0.22858
vn 0.93778 0.27418 0.21307
vn 0.89849 0.37802 0.22322
vn 0.88365 0.42182 0.20306
vn 0.83116 0.512 0.21686
vn 0.80664 0.55773 0.19561
vn 0.74708 0.63046 0.21068
vn 0.71383 0.67398 0.19027
vn 0.65311 0.72888 0.20538
vn 0.6071 0.77293 0.18443
vn 0.54858 0.81125 0.20233
vn 0.48605 0.85488 0.18146
vn 0.4359 0.87781 0.19859
vn 0.35625 0.91696 0.17964
vn 0.31802 0.92777 0.1952
vn 0.21519 0.95996 0.17934
vn 0.19204 0.96257 0.19126
vn 0.0705 0.98069 0.1824
vn 0.0633 0.98039 0.18661
vn 0 0.5894 0.80784
vn 0 0.84497 0.53482
vn 0 0.98236 0.18698
vn -0.01261 0.58935 0.80778
vn -0.03711 0.84438 0.53445
vn -0.05685 0.98077 0.18668
vn -0.01198 0.5898 0.80746
vn -0.02899 0.58775 0.80852
vn -0.02756 0.58824 0.80822
vn -0.04828 0.58482 0.80972
vn -0.04644 0.58724 0.80808
vn -0.07862 0.57688 0.81303
vn -0.07642 0.58119 0.81017
vn -0.09926 0.56987 0.81572
vn -0.09565 0.57346 0.81363
vn -0.11901 0.56003 0.81988
vn -0.11745 0.56705 0.81527
vn -0.14743 0.5431 0.82662
vn -0.14706 0.55193 0.82082
vn -0.16674 0.53055 0.83109
vn -0.16324 0.53811 0.82692
vn -0.18277 0.51429 0.83791
vn -0.18492 0.52521 0.83064
vn -0.20692 0.4876 0.84819
vn -0.21137 0.4996 0.84008
vn -0.22298 0.46976 0.85417
vn -0.22131 0.48095 0.84835
vn -0.23218 0.44905 0.86281
vn -0.23994 0.46177 0.85393
vn -0.24815 0.41305 0.87625
vn -0.25865 0.42576 0.86708
vn -0.03444 0.84549 0.53288
vn -0.0854 0.83976 0.5362
vn -0.07924 0.84131 0.53472
vn -0.14172 0.83032 0.53897
vn -0.13347 0.83683 0.53095
vn -0.22975 0.80588 0.54569
vn -0.21924 0.81793 0.5319
vn -0.28933 0.78408 0.5491
vn -0.27375 0.79618 0.5396
vn -0.34484 0.75456 0.55833
vn -0.33524 0.77442 0.53655
vn -0.42399 0.70378 0.57002
vn -0.41739 0.72869 0.54296
vn -0.47734 0.6652 0.57416
vn -0.46183 0.69066 0.55651
vn -0.5197 0.61898 0.58888
vn -0.51975 0.64914 0.55541
vn -0.58298 0.54179 0.60547
vn -0.58889 0.57455 0.56842
vn -0.62414 0.48823 0.60998
vn -0.61547 0.5255 0.58741
vn -0.64632 0.43236 0.62876
vn -0.66039 0.46669 0.58829
vn -0.68369 0.33198 0.64989
vn -0.70441 0.36638 0.60792
vn -0.05143 0.98166 0.1836
vn -0.1308 0.97332 0.1885
vn -0.11825 0.97549 0.18554
vn -0.21646 0.9571 0.19263
vn -0.19873 0.96399 0.17675
vn -0.34918 0.91553 0.19969
vn -0.32514 0.92981 0.17243
vn -0.43782 0.8767 0.1993
vn -0.4052 0.89622 0.18057
vn -0.51874 0.82849 0.21098
vn -0.49271 0.85382 0.16802
vn -0.63145 0.74356 0.21998
vn -0.6078 0.7764 0.1667
vn -0.7047 0.67599 0.21549
vn -0.67039 0.71954 0.18121
vn -0.76146 0.60487 0.23305
vn -0.74493 0.64583 0.16728
vn -0.8418 0.4819 0.2432
vn -0.83206 0.52786 0.17041
vn -0.88934 0.39277 0.2341
vn -0.86764 0.45891 0.1913
vn -0.91447 0.31304 0.25642
vn -0.91466 0.36354 0.17676
vn -0.94962 0.16348 0.26738
vn -0.95859 0.21688 0.18455
vn -0.25882 0.3894 0.88396
vn -0.7071 0.28507 0.6471
vn -0.96593 0.10434 0.23686
vn -0.25882 0.3894 0.88396
vn -0.25881 0.38022 0.88794
vn -0.23897 0.37598 0.89528
vn -0.25881 0.36861 0.89283
vn -0.2588 0.35061 0.90005
vn -0.2588 0.35061 0.90005
vn -0.25882 0.33652 0.90541
vn -0.24703 0.32732 0.91205
vn -0.2588 0.32413 0.90992
vn -0.25879 0.30026 0.91808
vn -0.2443 0.30371 0.92091
vn -0.25882 0.28875 0.92176
vn -0.7071 0.28507 0.6471
vn -0.70708 0.2738 0.65198
vn -0.70708 0.2738 0.65198
vn -0.70708 0.25667 0.65891
vn -0.70707 0.25667 0.65891
vn -0.70707 0.23887 0.66557
vn -0.70707 0.23887 0.66558
vn -0.70707 0.21981 0.67211
vn -0.70707 0.21981 0.67212
vn -0.96593 0.10434 0.23686
vn -0.96592 0.10022 0.23865
vn -0.96592 0.10022 0.23865
vn -0.96592 0.09395 0.24119
vn -0.96592 0.09395 0.24119
vn -0.96592 0.08743 0.24363
vn -0.96592 0.08744 0.24363
vn -0.96592 0.08046 0.24602
vn -0.96592 0.08046 0.24602
vn -0.25882 0.28221 0.92378
vn -0.7071 0.21237 0.67447
vn -0.96585 0.08906 0.24333
vn -0.25011 0.27344 0.9288
vn -0.24994 0.2652 0.93123
vn -0.22156 0.25942 0.94001
vn -0.22083 0.24907 0.94297
vn -0.20734 0.24325 0.94754
vn -0.20619 0.23121 0.9508
vn -0.17772 0.22871 0.95714
vn -0.17697 0.22256 0.95872
vn -0.175 0.20906 0.96212
vn -0.14766 0.20855 0.9668
vn -0.14358 0.18811 0.9716
vn -0.1175 0.18942 0.97484
vn -0.11256 0.17068 0.97888
vn -0.09169 0.17264 0.98071
vn -0.08858 0.16343 0.98257
vn -0.07635 0.1603 0.98411
vn -0.07533 0.16143 0.98401
vn -0.07092 0.15051 0.98606
vn -0.05648 0.1534 0.98655
vn -0.05136 0.14385 0.98827
vn -0.04119 0.14653 0.98835
vn -0.03766 0.14167 0.9892
vn -0.03256 0.14233 0.98928
vn -0.02934 0.13864 0.98991
vn -0.02352 0.1412 0.9897
vn -0.0204 0.13877 0.99011
vn -0.01774 0.13917 0.99011
vn -0.01475 0.13725 0.99043
vn -0.01206 0.13915 0.9902
vn -0.00863 0.13791 0.99041
vn -0.00746 0.13835 0.99036
vn -0.00358 0.13737 0.99051
vn -0.00306 0.13804 0.99042
vn -0.68765 0.18828 0.7012
vn -0.68766 0.18862 0.7011
vn -0.62036 0.17741 0.76399
vn -0.62019 0.17495 0.7647
vn -0.58578 0.15913 0.7947
vn -0.58521 0.15347 0.79622
vn -0.50884 0.14929 0.84782
vn -0.50644 0.13307 0.85195
vn -0.42678 0.13316 0.8945
vn -0.42311 0.11492 0.89876
vn -0.34151 0.11944 0.93226
vn -0.33684 0.10178 0.93604
vn -0.26752 0.10745 0.95754
vn -0.26376 0.09633 0.95977
vn -0.22088 0.09753 0.97041
vn -0.21656 0.08684 0.9724
vn -0.16494 0.09508 0.98171
vn -0.1583 0.08271 0.98392
vn -0.12083 0.09038 0.98855
vn -0.11635 0.08421 0.98963
vn -0.09721 0.08541 0.99159
vn -0.0919 0.07934 0.9926
vn -0.0696 0.08709 0.99377
vn -0.06401 0.08274 0.99451
vn -0.05363 0.08353 0.99506
vn -0.04687 0.07919 0.99576
vn -0.03622 0.08532 0.99569
vn -0.02747 0.08215 0.99624
vn -0.02273 0.08352 0.99625
vn -0.01145 0.08067 0.99668
vn -0.00938 0.08299 0.99651
vn -0.95271 0.05046 0.29966
vn -0.9533 0.06949 0.29394
vn -0.89666 0.05457 0.43935
vn -0.89769 0.06911 0.43517
vn -0.86207 0.04354 0.50492
vn -0.86303 0.05281 0.50239
vn -0.77417 0.04656 0.63127
vn -0.77367 0.04329 0.6321
vn -0.66729 0.0424 0.74359
vn -0.6657 0.03453 0.74542
vn -0.54527 0.03951 0.83733
vn -0.54266 0.02967 0.83943
vn -0.43289 0.03576 0.90074
vn -0.43125 0.03091 0.9017
vn -0.36037 0.03005 0.93233
vn -0.35761 0.02325 0.93358
vn -0.26966 0.03301 0.96239
vn -0.26387 0.02224 0.9643
vn -0.19792 0.03144 0.97971
vn -0.1947 0.02701 0.98049
vn -0.16014 0.02672 0.98673
vn -0.15499 0.02085 0.9877
vn -0.11362 0.0312 0.99303
vn -0.10806 0.02687 0.99378
vn -0.08823 0.02683 0.99574
vn -0.0798 0.02143 0.99658
vn -0.05885 0.03069 0.99779
vn -0.04671 0.02629 0.99856
vn -0.03715 0.02821 0.99891
vn -0.01957 0.02378 0.99953
vn -0.01533 0.02769 0.9995
vn -0 0.33005 0.94397
vn -0 0.11188 0.99372
vn -0.09269 -0.70407 0.70406
vn -0.09269 -0.70407 0.70406
vn -0.27176 -0.70407 0.65608
vn -0.27176 -0.70407 0.65608
vn -0.4323 -0.70407 0.56339
vn -0.4323 -0.70407 0.56339
vn -0.56339 -0.70407 0.4323
vn -0.56339 -0.70407 0.4323
vn -0.65608 -0.70407 0.27176
vn -0.65608 -0.70407 0.27176
vn -0.70406 -0.70407 0.09269
vn -0.70406 -0.70407 0.09269
vn 0.25882 0 -0.96593
vn 0.70711 0 -0.70711
vn 0.96593 0 -0.25882
vn 0.96593 0 0.25882
vn 0.70711 0 0.70711
vn 0.25882 0 0.96593
vn -0.25882 0 0.96593
vn -0.70711 -0 0.70711
vn -0.96593 -0 0.25882
vn -0.96593 -0 -0.25882
vn -0.70711 -0 -0.70711
vn -0.25882 -0 -0.96593
vn 0.25882 0 -0.96593
vn 0.96593 0 -0.25882
vn 0.96593 0 0.25882
vn 0.70711 0 0.70711
vn 0.25882 0 0.96593
vn -0.25882 -0 0.96593
vn -0.70711 -0 0.70711
vn -0.96593 -0 0.25882
vn -0.96593 -0 -0.25882
vn -0.25882 0 -0.96593
vn 0.70711 0 -0.70711
vn 0.96593 0 -0.25882
vn 0.96593 0 0.25882
vn -0.70711 -0 0.70711
vn -0.96593 -0 0.25882
vn -0.96593 -0 -0.25882
vn -0.70711 0 -0.70711
vn 0.96593 0 -0.25882
vn 0.96593 0 0.25882
vn 0.70711 0 0.70711
vn -0.70711 -0 0.70711
vn -0.96593 -0 0.25882
vn -0.96593 -0 -0.25882
vn 0.50859 -0.69475 -0.50859
vn 0.50859 -0.69475 -0.50859
vn 0.69475 -0.69475 -0.18616
vn 0.69475 -0.69475 -0.18616
vn 0.69475 -0.69475 0.18616
vn 0.69475 -0.69475 0.18616
vn 0.50859 -0.69475 0.50859
vn 0.18616 -0.69475 0.69475
vn 0.18616 -0.69475 0.69475
vn -0.18616 -0.69475 0.69475
vn -0.18616 -0.69475 0.69475
vn -0.50859 -0.69475 0.50859
vn -0.50859 -0.69475 0.50859
vn -0.69475 -0.69475 0.18616
vn -0.69475 -0.69475 0.18616
vn -0.69475 -0.69475 -0.18616
vn -0.69475 -0.69475 -0.18616
vn -0.50859 -0.69475 -0.50859
vn -0.50859 -0.69475 -0.50859
vn -0.18616 -0.69475 -0.69475
vn -0.18616 -0.69475 -0.69475
vn 0.18616 -0.69475 -0.69475
vn 0.18616 -0.69475 -0.69475
vn -0 -0.70711 0.7071
vn -0.7071 -0.70711 0
vn -0 -0.70711 -0.7071
vn -0 -0.70711 0.70711
vn 0 -0.70711 0.70711
vn 0.70406 -0.70406 0.09269
vn 0.70406 -0.70406 0.09269
vn 0.65608 -0.70406 0.27176
vn 0.56339 -0.70406 0.4323
vn 0.56339 -0.70406 0.43231
vn 0.43231 -0.70406 0.56339
vn 0.4323 -0.70406 0.56339
vn 0.27176 -0.70406 0.65608
vn 0.27176 -0.70406 0.65608
vn 0.09269 -0.70406 0.70406
vn 0.09269 -0.70406 0.70406
vn 0 0.01608 0.99987
vn -0 0.11659 0.99318
vn 0.00154 0.09118 0.99583
vn -0.00254 0.11144 0.99377
vn -0.00135 0.02913 0.99957
vn -0.00057 0.03805 0.99928
vn 0.00063 0.06466 0.99791
vn -0.0007 0.05086 0.99871
vn 0.00068 0.0775 0.99699
vn -0 0.19026 0.98173
vn 0.00022 0.19083 0.98162
vn -0.00168 0.17074 0.98531
vn 0.01945 0.17601 0.9842
vn 0.01149 0.17201 0.98503
vn 0.00726 0.16926 0.98554
vn 0.00413 0.1661 0.9861
vn -0.01355 0.141 0.98992
vn 0.01221 0.15222 0.98827
vn 0.00858 0.15047 0.98858
vn 0.00591 0.14898 0.98882
vn -0 0.14541 0.98937
vn 0 0.1454 0.98937
vn 0.0006 0.14578 0.98932
vn 0.00351 0.14761 0.98904
vn -0.00236 0.14695 0.98914
vn -0.00529 0.14872 0.98887
vn 0.02234 0.13274 0.9909
vn -0.00623 0.15412 0.98803
vn -0.00841 0.15556 0.98779
vn 0.01028 0.1441 0.98951
vn -0.00357 0.1653 0.98624
vn -0 0.19032 0.98172
vn 1E-05 0.19035 0.98172
vn -1E-05 0.18319 0.98308
vn -0.00682 0.1693 0.98554
vn -0.00849 0.17026 0.98536
vn -0.00527 0.16726 0.9859
vn 0 0.19468 0.98087
vn -0.00303 0.20376 0.97902
vn -0.02862 0.21274 0.97669
vn -0.01569 0.21876 0.97565
vn 0.0075 0.24339 0.9699
vn 0.00598 0.24247 0.97014
vn -5E-05 0.24836 0.96867
vn 0 0.25092 0.96801
vn 4E-05 0.26886 0.96318
vn -0.05122 0.25395 0.96586
vn -0.01243 0.27179 0.96228
vn 0.01144 0.28979 0.95702
vn 0.00163 0.28452 0.95867
vn -0.0011 0.29583 0.95524
vn -0.0029 0.29426 0.95572
vn -1E-05 0.29893 0.95427
vn 2E-05 0.30555 0.95218
vn 0.00694 0.31319 0.94967
vn 0.00095 0.31665 0.94854
vn -0.00016 0.32515 0.94566
vn 0.00255 0.33739 0.94136
vn -3E-05 0.33556 0.94202
vn 1E-05 0.34998 0.93676
vn -0.00071 0.34839 0.93735
vn 0.00083 0.35646 0.93431
vn 0.00389 0.36297 0.93179
vn -0.00237 0.36948 0.92923
vn 0.00089 0.38162 0.92432
vn 3E-05 0.38466 0.92306
vn -0.00074 0.41213 0.91113
vn 0.00046 0.41629 0.90923
vn -0.00037 0.40874 0.91265
vn 0.00018 0.41131 0.9115
vn -0.00026 0.40314 0.91514
vn 0.00119 0.4081 0.91294
vn -0.00263 0.39363 0.91926
vn 2E-05 0.39802 0.91738
vn -0 0.38796 0.92167
vn 0.00295 0.42667 0.9044
vn 0.00265 0.42621 0.90462
vn 0.00191 0.42473 0.90532
vn -0.0018 0.41448 0.91006
vn 0.00158 0.42314 0.90607
vn 0.00081 0.4209 0.9071
vn 0.00303 0.4268 0.90434
vn -0.00419 0.41747 0.90868
vn 0.00215 0.42799 0.90378
vn -0.00394 0.42095 0.90708
vn 0.00071 0.42611 0.90467
vn 0.00169 0.42733 0.90409
vn -0.00286 0.42253 0.90635
vn -0.00206 0.42383 0.90574
vn -0.00124 0.42561 0.90491
vn -0.00088 0.42669 0.9044
vn -0.00063 0.42752 0.90401
vn -0.00038 0.42857 0.90351
vn -0.00026 0.42924 0.90319
vn -0.00015 0.42983 0.90291
vn 0 0.43075 0.90247
vn 0.00017 0.4297 0.90297
vn 0.00038 0.42859 0.9035
vn 0.00063 0.4275 0.90401
vn 0.00104 0.42617 0.90464
vn -0.00228 0.42745 0.90404
vn -0.0024 0.42767 0.90393
vn 0.00172 0.42451 0.90542
vn 0.00281 0.42255 0.90634
vn -0.00061 0.42717 0.90417
vn 0.00413 0.42002 0.9075
vn -0.00182 0.42689 0.9043
vn -0.00235 0.42759 0.90397
vn -0.00198 0.42688 0.90431
vn 0.00253 0.41573 0.90948
vn -0.00224 0.42448 0.90543
vn 0.00082 0.41179 0.91128
vn -0.00088 0.42086 0.90712
vn -0.00167 0.42307 0.90609
vn 0.00015 0.40392 0.91479
vn -4E-05 0.40862 0.9127
vn -3E-05 0.40853 0.91274
vn 7E-05 0.41139 0.91146
vn -0.00052 0.41626 0.90925
vn -1E-05 0.35351 0.93543
vn 0.00467 0.35811 0.93367
vn -0.00218 0.39463 0.91884
vn -2E-05 0.39752 0.9176
vn 2E-05 0.38018 0.92491
vn 0.0045 0.3859 0.92253
vn -0.00324 0.37229 0.92811
vn -0.00095 0.30564 0.95215
vn 4E-05 0.31059 0.95054
vn -0.00065 0.32426 0.94597
vn -0.00953 0.32126 0.94694
vn 0.00857 0.34154 0.93983
vn -0.00202 0.3356 0.942
vn 0 0.34468 0.93872
vn -2E-05 0.30634 0.95192
vn 1E-05 0.29893 0.95427
vn 0.00213 0.2956 0.95531
vn -0.00439 0.28898 0.95733
vn 0.00966 0.27861 0.96035
vn -0.00578 0.27318 0.96195
vn -0.00208 0.26905 0.96312
vn 0.00526 0.25904 0.96585
vn 0.04447 0.23085 0.97197
vn 0.01868 0.22966 0.97309
vn 1E-05 0.24769 0.96884
vn -3E-05 0.25764 0.96624
vn 0.01159 0.22486 0.97432
vn -0.00096 0.21617 0.97636
vn 0.00171 0.20228 0.97933
vn 0.00478 0.20353 0.97906
vn 0 0.19606 0.98059
vn 0.13048 -0.02752 0.99107
vn 0.11956 -0.02178 0.99259
vn 0.03805 0 0.99928
vn 0.38038 -0.01968 0.92462
vn 0.33892 -0.04321 0.93982
vn 0.38263 -0.01679 0.92375
vn 0.27481 0.00215 0.96149
vn 0.19678 -0.00387 0.98044
vn 0.67571 0.00137 0.73717
vn 0.59383 -0.01642 0.80442
vn 0.60874 -0.00822 0.79333
vn 0.51779 -0.00015 0.85551
vn 0.45971 0.00039 0.88807
vn 0.75657 -0.0238 0.65348
vn 0.75848 -0.0017 0.6517
vn 0.82083 -0.02027 0.57081
vn 0.79335 0.00087 0.60876
vn 0.99144 0 0.13053
vn 0.99691 -0.05744 0.05357
vn 0.98891 -0.01433 0.14784
vn 0.97222 0.00171 0.23407
vn 0.92386 -0.0058 0.38268
vn 0.941 -0.034 0.33668
vn 0.90322 -0.00051 0.42917
vn 0.47774 0.18849 0.85804
vn 0.71507 0.02978 0.69842
vn 0.66875 0.04935 0.74185
vn 0.59687 0.06727 0.79951
vn 0.23348 0.16086 0.95896
vn 0.16645 0.30378 0.93809
vn 0.07634 0.38493 0.91978
vn 0.07651 0.38509 0.9197
vn 0.2083 0.33841 0.91765
vn 0.20122 0.32222 0.92503
vn 0.18705 0.35218 0.91705
vn 0.16956 0.32142 0.93163
vn 0.15919 0.35028 0.92302
vn 0.14157 0.32667 0.93448
vn 0.14692 0.34398 0.92741
vn 0.12952 0.3224 0.9377
vn 0.12712 0.346 0.92958
vn 0.10284 0.32262 0.94093
vn 0.10354 0.34296 0.93363
vn 0.08361 0.32867 0.94074
vn 0.09299 0.33699 0.93691
vn 0.07471 0.32425 0.94302
vn 0.07877 0.33869 0.93759
vn 0.05226 0.32532 0.94416
vn 0.05695 0.33538 0.94036
vn 0.03047 0.32672 0.94463
vn 0.03434 0.33232 0.94254
vn 0.00983 0.32846 0.94447
vn 0.01143 0.33002 0.9439
vn 0.54324 0.05137 0.83801
vn 0.55448 0.07494 0.82882
vn 0.5259 0.17086 0.8332
vn 0.4715 0.07433 0.87873
vn 0.45049 0.16488 0.87743
vn 0.39868 0.09443 0.91222
vn 0.41402 0.14361 0.89887
vn 0.36313 0.0805 0.92826
vn 0.35987 0.15196 0.92054
vn 0.28878 0.08321 0.95377
vn 0.29235 0.14408 0.9454
vn 0.23692 0.10403 0.96594
vn 0.26079 0.12596 0.95714
vn 0.2101 0.09064 0.97347
vn 0.22109 0.13313 0.96612
vn 0.14693 0.09561 0.98452
vn 0.15894 0.12521 0.97932
vn 0.08569 0.10119 0.99117
vn 0.09535 0.11779 0.98845
vn 0.02769 0.10708 0.99386
vn 0.03162 0.11183 0.99322
vn 0.70203 0.30722 0.64247
vn 0.60413 0.55656 0.57033
vn 0.60993 0.54818 0.57227
vn 0.6036 0.55667 0.57078
vn 0.6036 0.5566 0.57084
vn 0.60534 0.55529 0.57028
vn 0.60775 0.5524 0.57052
vn 0.61229 0.52439 0.59171
vn 0.63688 0.53114 0.55881
vn 0.63129 0.50222 0.59097
vn 0.63178 0.50413 0.58882
vn 0.64971 0.48354 0.58657
vn 0.62042 0.49539 0.608
vn 0.67248 0.46142 0.57868
vn 0.66587 0.4587 0.58839
vn 0.66139 0.44356 0.60483
vn 0.68346 0.38068 0.62287
vn 0.69048 0.39135 0.60834
vn 0.64936 0.41553 0.63692
vn 0.65864 0.4205 0.624
vn 0.66476 0.43266 0.60902
vn 0.6994 0.31651 0.64083
vn 0.70104 0.3185 0.63804
vn 0.69451 0.3332 0.63767
vn 0.69547 0.33432 0.63605
vn 0.69075 0.35814 0.62818
vn 0.68213 0.35487 0.63935
vn 0.68624 0.36989 0.6263
vn 0.69729 0.28632 0.65712
vn 0.69374 0.28579 0.6611
vn 0.70707 0.26658 0.65497
vn 0.70887 0.26045 0.65549
vn 0.70748 0.26237 0.65623
vn 0.71072 0.24894 0.65795
vn 0.70278 0.24696 0.66717
vn 0.70685 0.23985 0.66546
vn 0.70832 0.23487 0.66567
vn 0.70541 0.23656 0.66816
vn 0.70503 0.23466 0.66923
vn 0.70257 0.2324 0.67259
vn 0.70222 0.23486 0.67211
vn 0.68186 0.2447 0.68934
vn 0.68815 0.25146 0.6806
vn 0.69193 0.2387 0.68136
vn 0.69361 0.24329 0.67802
vn 0.70241 0.23577 0.67159
vn 0.69984 0.23251 0.6754
vn 0.69837 0.23891 0.67469
vn 0.69365 0.23406 0.68122
vn 0.69412 0.23649 0.67991
vn -0.64555 0.24103 0.72468
vn -0.64821 0.23929 0.72288
vn -0.6494 0.23804 0.72223
vn -0.65351 0.23556 0.71933
vn -0.65904 0.23157 0.71557
vn -0.65473 0.23323 0.71898
vn -0.65368 0.23679 0.71878
vn -0.66026 0.23024 0.71488
vn -0.66092 0.22943 0.71452
vn -0.66151 0.23178 0.71322
vn -0.66109 0.2322 0.71347
vn -0.66776 0.22978 0.70803
vn -0.66663 0.23136 0.70858
vn -0.66777 0.23664 0.70575
vn -0.66753 0.23677 0.70594
vn -0.66949 0.24118 0.70258
vn -0.67005 0.24537 0.70059
vn -0.66882 0.24645 0.70138
vn -0.67352 0.25989 0.69197
vn -0.68277 0.25566 0.68444
vn -0.66947 0.26759 0.69297
vn -0.66826 0.28047 0.68903
vn -0.66727 0.28115 0.68971
vn -0.6669 0.28912 0.68677
vn -0.66438 0.30573 0.68201
vn -0.64681 0.36383 0.67027
vn -0.65423 0.34767 0.67164
vn -0.65608 0.338 0.67477
vn -0.65474 0.33905 0.67554
vn -0.66067 0.3259 0.67625
vn -0.66284 0.32324 0.6754
vn -0.65496 0.30317 0.69218
vn -0.6391 0.3676 0.67559
vn -0.64595 0.38854 0.6571
vn -0.64874 0.39236 0.65207
vn -0.63618 0.40109 0.65909
vn -0.63365 0.41173 0.65495
vn -0.61203 0.44245 0.65547
vn -0.67889 0.42385 0.59955
vn -0.63469 0.44755 0.62998
vn -0.56441 0.54862 0.61681
vn -0.5598 0.55495 0.61535
vn -0.56056 0.55476 0.61483
vn -0.56286 0.55325 0.61409
vn -0.54687 0.53533 0.6437
vn -0.56002 0.55519 0.61493
vn -0.55961 0.55495 0.61552
vn -0.60958 0.46201 0.64417
vn -0.60511 0.48869 0.62851
vn -0.59852 0.486 0.63685
vn -0.58959 0.50848 0.62757
vn -0.59127 0.51511 0.62054
vn -0.55399 0.53475 0.63808
vn -0.55622 0.53545 0.63555
vn -0.56296 0.5455 0.62089
vn -0.60622 -0.04943 0.79376
vn -0.67444 0.07699 0.7343
vn -0.49347 0.04568 0.86856
vn -0.10944 0.36448 0.92476
vn -0.01959 0.40484 0.91418
vn -0.01908 0.40301 0.915
vn -0.24808 0.28147 0.92695
vn -0.38427 0.24776 0.88936
vn -0.44475 0.20667 0.87148
vn -0.55559 0.07733 0.82785
vn -0.57497 0.12028 0.80929
vn -0.50012 0.12375 0.85707
vn -0.49445 0.11372 0.86174
vn -0.42148 0.12495 0.89819
vn -0.42491 0.1296 0.89591
vn -0.38604 0.10857 0.91607
vn -0.38822 0.11128 0.91482
vn -0.32953 0.12236 0.93618
vn -0.3135 0.10687 0.94355
vn -0.26287 0.12274 0.95699
vn -0.26252 0.12248 0.95712
vn -0.23477 0.1078 0.96605
vn -0.23256 0.10626 0.96676
vn -0.19552 0.12021 0.97331
vn -0.16515 0.10484 0.98068
vn -0.13881 0.11866 0.98318
vn -0.09764 0.10514 0.98965
vn -0.08263 0.11581 0.98983
vn -0.03187 0.10776 0.99367
vn -0.02736 0.11184 0.99335
vn -0.179 0.27175 0.94557
vn -0.2085 0.33884 0.91745
vn -0.17708 0.33464 0.92556
vn -0.1779 0.33609 0.92488
vn -0.14788 0.33514 0.93049
vn -0.15149 0.33998 0.92815
vn -0.13615 0.33064 0.93389
vn -0.13895 0.33411 0.93223
vn -0.11516 0.33452 0.93533
vn -0.1123 0.33176 0.93665
vn -0.09176 0.33454 0.9379
vn -0.0937 0.33592 0.93722
vn -0.08269 0.32983 0.94041
vn -0.08351 0.3304 0.94014
vn -0.06845 0.33351 0.94026
vn -0.05951 0.329 0.94245
vn -0.04875 0.33273 0.94176
vn -0.03529 0.32832 0.94391
vn -0.02913 0.33152 0.943
vn -0.01153 0.32873 0.94435
vn -0.00968 0.33003 0.94392
vn -0.20018 -0.01607 0.97963
vn -0.67515 0.00209 0.73767
vn -0.99883 -0 0.04841
vn -0.98876 -0.07356 0.13017
vn -0.98784 -0.04575 0.14856
vn -0.97561 0.00037 0.21952
vn -0.95826 -0.00025 0.28591
vn -0.92346 -0.03017 0.38251
vn -0.92546 -0.03654 0.37709
vn -0.73987 -0.00148 0.67275
vn -0.76983 -0.00749 0.6382
vn -0.79323 -0.01793 0.60866
vn -0.82611 -0.00281 0.5635
vn -0.89043 0.00243 0.45511
vn -0.3916 -0.04245 0.91916
vn -0.45946 0.00081 0.8882
vn -0.60876 -0.00216 0.79335
vn -0.56011 -0.06688 0.82571
vn -0.60009 -0.02546 0.79953
vn -0.38225 0.04749 0.92284
vn -0.33102 -0.15222 0.93126
vn -0.36124 -0.09659 0.92746
vn -0.13897 -0.14475 0.97966
vn -0.12803 -0.19469 0.97247
vn -0.03805 0 0.99928
vn 0 1 -0
vn -0 1 -0
vn 0 1 -0
vn -0 1 -0
vn -0.96393 0.26616 -0.00056
vn -0.95589 0.2933 -0.01592
vn -0.95247 0.30457 -0.00563
vn -0.94197 0.3357 0
vn -0.98249 0.18631 -0.00132
vn -0.97839 0.20675 0.00205
vn -0.97495 0.22232 -0.00689
vn -0.97167 0.23634 -0
vn -0.96806 0.2507 -0
vn -0.99008 0.14048 -0.00124
vn -0.98947 0.14472 0.00049
vn -0.98715 0.15981 -0.00147
vn -0.98686 0.16158 -2E-05
vn -0.9831 0.18309 1E-05
vn -0.98995 0.14141 0.00151
vn -0.99057 0.13703 0
vn -0.9904 0.1382 0
vn -0.9725 0.23291 -0
vn -0.9777 0.20999 0.00142
vn -0.97851 0.20618 0.00385
vn -0.98354 0.18071 -0.00051
vn -0.98453 0.17523 0
vn -0.98545 0.16999 -0
vn -0.98692 0.16118 0.00087
vn -0.98809 0.15387 -0.00189
vn -0.99002 0.14091 0.00195
vn -0.96923 0.24615 0
vn -0.96305 0.26926 0.00486
vn -0.96068 0.27765 0.00109
vn -0.92649 0.37633 -0
vn -0.93613 0.35165 0.00169
vn -0.93952 0.34245 0.00509
vn -0.94829 0.31742 0
vn -0.95362 0.30102 -0
vn -0.87778 0.47906 0
vn -0.87465 0.48475 0.00193
vn -0.87798 0.4787 -0.00141
vn -0.88729 0.46118 0.00578
vn -0.87418 0.48559 0.00398
vn -0.87464 0.48474 0.00539
vn -0.87455 0.48491 0.00477
vn -0.90165 0.42994 0.04669
vn -0.90952 0.41566 1E-05
vn -0.89424 0.44741 0.01255
vn -0.90759 0.41985 0
vn -0.88349 0.46845 0
vn -0.87388 0.48613 0.00277
vn -0.87287 0.48795 0.00129
vn 0.98247 0.18644 0.00026
vn 0.98239 0.18682 2E-05
vn 0.98713 0.15994 -2E-05
vn 0.98635 0.16457 -0.0057
vn 0.99 0.14099 0.00463
vn 0.98237 0.18622 0.01654
vn 0.98962 0.14374 1E-05
vn 0.9906 0.1368 -0
vn 0.98996 0.14134 0.00073
vn 0.98952 0.14437 -0.00279
vn 0.98692 0.1612 0.00134
vn 0.98606 0.16639 -1E-05
vn 0.98453 0.17523 0
vn 0.97851 0.20618 -0.00289
vn 0.97834 0.20698 0.00346
vn 0.97345 0.22891 -0
vn 0.96307 0.26927 2E-05
vn 0.96414 0.26538 0.0028
vn 0.9543 0.29885 -0
vn 0.93953 0.34245 1E-05
vn 0.94656 0.32228 0.01247
vn 0.93739 0.34826 0.00305
vn 0.92822 0.37204 -0
vn 0.90759 0.41985 1E-05
vn 0.91252 0.40899 0.00547
vn 0.89833 0.43932 0.00088
vn 0.89429 0.44748 0.0003
vn 0.87463 0.48477 0.00537
vn 0.87426 0.48545 0.00414
vn 0.87288 0.48793 0.00131
vn 0.88636 0.46298 0.00435
vn 0.87625 0.48186 -0.00185
vn 0.87447 0.48507 0.00356
vn 0.87198 0.48954 -0
vn 0.87778 0.47906 0.00166
vn 0.88349 0.46845 -0
vn 0.89116 0.45369 -0
vn 0.95601 0.29334 -0
vn 0.9505 0.30969 -0.02546
vn 0.96308 0.26922 -0.00239
vn 0.96724 0.25387 0
vn 0.97497 0.22233 -1E-05
vn 0.97192 0.23487 -0.01425
vn 0.97756 0.21067 -0.00027
f 1//1 2//1 3//1
f 3//1 2//1 4//1
f 5//2 3//2 4//2
f 6//2 7//2 8//2
f 8//2 7//2 9//2
f 8//2 9//2 10//2
f 10//2 9//2 5//2
f 10//2 5//2 11//2
f 11//2 5//2 4//2
f 11//3 4//3 12//3
f 12//3 4//3 2//3
f 12//3 2//3 13//3
f 2//4 1//4 13//4
f 13//4 1//4 14//4
f 15//4 16//4 17//4
f 17//4 16//4 18//4
f 17//4 18//4 14//4
f 14//4 18//4 19//4
f 14//4 19//4 13//4
f 6//5 8//5 16//5
f 16//5 8//5 20//5
f 16//5 20//5 18//5
f 21//6 22//6 20//6
f 23//6 24//6 18//6
f 18//6 24//6 19//6
f 24//6 25//6 19//6
f 19//6 25//6 26//6
f 19//6 26//6 27//6
f 27//6 26//6 28//6
f 27//6 28//6 29//6
f 29//6 30//6 27//6
f 27//7 30//7 31//7
f 27//7 31//7 20//7
f 20//6 31//6 32//6
f 20//6 32//6 33//6
f 33//6 34//6 20//6
f 20//6 34//6 35//6
f 20//6 35//6 18//6
f 18//6 35//6 36//6
f 18//6 36//6 23//6
f 37//6 8//6 38//6
f 38//6 8//6 39//6
f 20//6 22//6 27//6
f 27//6 22//6 40//6
f 27//6 40//6 41//6
f 27//6 42//6 43//6
f 37//6 44//6 8//6
f 8//7 44//7 45//7
f 8//7 45//7 20//7
f 20//6 45//6 46//6
f 20//6 46//6 21//6
f 47//6 48//6 10//6
f 10//6 48//6 49//6
f 39//6 8//6 50//6
f 50//6 8//6 10//6
f 50//6 10//6 51//6
f 51//6 10//6 49//6
f 51//6 49//6 52//6
f 49//6 53//6 52//6
f 52//6 53//6 54//6
f 52//6 54//6 41//6
f 41//6 54//6 55//6
f 41//6 55//6 56//6
f 43//6 57//6 27//6
f 27//6 57//6 58//6
f 27//7 58//7 10//7
f 10//6 58//6 59//6
f 10//6 59//6 47//6
f 56//6 60//6 41//6
f 41//6 60//6 61//6
f 41//6 61//6 27//6
f 27//6 61//6 62//6
f 27//6 62//6 42//6
f 63//6 64//6 27//6
f 63//6 27//6 65//6
f 12//6 66//6 65//6
f 67//6 68//6 13//6
f 13//6 68//6 69//6
f 13//6 69//6 12//6
f 12//6 69//6 70//6
f 12//6 70//6 66//6
f 19//6 71//6 13//6
f 13//6 71//6 72//6
f 13//6 72//6 67//6
f 64//6 73//6 27//6
f 27//6 73//6 74//6
f 27//6 74//6 19//6
f 19//6 74//6 75//6
f 19//6 75//6 71//6
f 12//6 76//6 77//6
f 65//6 27//6 12//6
f 12//6 27//6 78//6
f 12//6 78//6 76//6
f 79//7 11//7 80//7
f 80//7 11//7 12//7
f 80//6 12//6 81//6
f 81//6 12//6 77//6
f 79//6 82//6 11//6
f 11//6 82//6 83//6
f 11//6 83//6 10//6
f 10//6 83//6 84//6
f 10//6 84//6 85//6
f 85//6 86//6 10//6
f 10//7 86//7 87//7
f 10//6 87//6 27//6
f 27//6 87//6 88//6
f 27//6 88//6 78//6
f 7//1 6//1 15//1
f 15//1 6//1 16//1
f 89//8 90//8 91//8
f 92//9 90//9 89//9
f 89//10 93//10 94//10
f 95//11 93//11 89//11
f 91//12 95//12 89//12
f 89//13 96//13 97//13
f 98//14 96//14 89//14
f 94//15 98//15 89//15
f 89//16 99//16 100//16
f 101//17 99//17 89//17
f 97//18 101//18 89//18
f 100//19 92//19 89//19
f 102//20 90//20 92//20
f 102//21 103//21 90//21
f 90//22 103//22 104//22
f 90//23 104//23 91//23
f 104//24 105//24 91//24
f 91//25 105//25 106//25
f 91//26 106//26 95//26
f 106//27 107//27 95//27
f 95//28 107//28 108//28
f 95//29 108//29 93//29
f 108//30 109//30 93//30
f 93//31 109//31 110//31
f 93//32 110//32 94//32
f 110//33 111//33 94//33
f 94//34 111//34 112//34
f 94//35 112//35 98//35
f 112//36 113//36 98//36
f 98//37 113//37 114//37
f 98//38 114//38 96//38
f 114//39 115//39 96//39
f 96//40 115//40 116//40
f 96//41 116//41 97//41
f 116//42 117//42 97//42
f 97//43 117//43 118//43
f 97//44 118//44 101//44
f 118//45 119//45 101//45
f 101//46 119//46 120//46
f 101//47 120//47 99//47
f 120//48 121//48 99//48
f 99//49 121//49 122//49
f 99//50 122//50 100//50
f 122//51 123//51 100//51
f 100//52 123//52 124//52
f 100//53 124//53 92//53
f 92//54 124//54 125//54
f 92//55 125//55 102//55
f 26//56 25//56 123//56
f 123//57 122//57 26//57
f 26//58 122//58 121//58
f 26//59 121//59 28//59
f 121//60 120//60 28//60
f 28//61 120//61 119//61
f 28//62 119//62 29//62
f 119//63 118//63 29//63
f 29//64 118//64 117//64
f 29//65 117//65 30//65
f 117//66 116//66 30//66
f 30//67 116//67 115//67
f 30//68 115//68 31//68
f 31//69 115//69 114//69
f 31//70 114//70 32//70
f 114//71 113//71 32//71
f 32//72 113//72 112//72
f 32//73 112//73 33//73
f 112//74 111//74 33//74
f 33//75 111//75 110//75
f 33//76 110//76 34//76
f 110//77 109//77 34//77
f 34//78 109//78 108//78
f 34//79 108//79 35//79
f 108//80 107//80 35//80
f 35//81 107//81 106//81
f 35//82 106//82 36//82
f 106//83 105//83 36//83
f 36//84 105//84 104//84
f 36//85 104//85 23//85
f 104//86 103//86 23//86
f 23//87 103//87 102//87
f 23//88 102//88 24//88
f 24//89 102//89 125//89
f 24//90 125//90 25//90
f 25//91 125//91 124//91
f 25//92 124//92 123//92
f 126//93 127//93 128//93
f 129//94 127//94 126//94
f 126//95 130//95 131//95
f 132//96 130//96 126//96
f 128//12 132//12 126//12
f 126//97 133//97 134//97
f 135//98 133//98 126//98
f 131//99 135//99 126//99
f 126//100 136//100 137//100
f 138//17 136//17 126//17
f 134//101 138//101 126//101
f 137//102 129//102 126//102
f 139//103 127//103 129//103
f 139//104 140//104 127//104
f 127//105 140//105 141//105
f 127//106 141//106 128//106
f 141//107 142//107 128//107
f 128//25 142//25 143//25
f 128//26 143//26 132//26
f 143//27 144//27 132//27
f 132//28 144//28 145//28
f 132//108 145//108 130//108
f 145//109 146//109 130//109
f 130//110 146//110 147//110
f 130//111 147//111 131//111
f 147//112 148//112 131//112
f 131//113 148//113 149//113
f 131//114 149//114 135//114
f 149//115 150//115 135//115
f 135//116 150//116 151//116
f 135//117 151//117 133//117
f 151//118 152//118 133//118
f 133//119 152//119 153//119
f 133//120 153//120 134//120
f 153//121 154//121 134//121
f 134//122 154//122 155//122
f 134//123 155//123 138//123
f 155//45 156//45 138//45
f 138//46 156//46 157//46
f 138//47 157//47 136//47
f 157//48 158//48 136//48
f 136//124 158//124 159//124
f 136//125 159//125 137//125
f 159//126 160//126 137//126
f 137//127 160//127 161//127
f 137//128 161//128 129//128
f 129//129 161//129 162//129
f 129//130 162//130 139//130
f 81//131 77//131 160//131
f 160//132 159//132 81//132
f 81//133 159//133 158//133
f 81//134 158//134 80//134
f 158//135 157//135 80//135
f 80//136 157//136 156//136
f 80//137 156//137 79//137
f 156//138 155//138 79//138
f 79//139 155//139 154//139
f 79//140 154//140 82//140
f 154//141 153//141 82//141
f 82//142 153//142 152//142
f 82//143 152//143 83//143
f 83//144 152//144 151//144
f 83//70 151//70 84//70
f 151//145 150//145 84//145
f 84//146 150//146 149//146
f 84//147 149//147 85//147
f 149//148 148//148 85//148
f 85//149 148//149 147//149
f 85//150 147//150 86//150
f 147//151 146//151 86//151
f 86//152 146//152 145//152
f 86//153 145//153 87//153
f 145//154 144//154 87//154
f 87//155 144//155 143//155
f 87//156 143//156 88//156
f 143//157 142//157 88//157
f 88//158 142//158 141//158
f 88//159 141//159 78//159
f 141//160 140//160 78//160
f 78//161 140//161 139//161
f 78//162 139//162 76//162
f 76//163 139//163 162//163
f 76//90 162//90 77//90
f 77//164 162//164 161//164
f 77//165 161//165 160//165
f 163//93 164//93 165//93
f 166//166 164//166 163//166
f 163//167 167//167 168//167
f 169//11 167//11 163//11
f 165//12 169//12 163//12
f 163//168 170//168 171//168
f 172//169 170//169 163//169
f 168//170 172//170 163//170
f 163//100 173//100 174//100
f 175//17 173//17 163//17
f 171//18 175//18 163//18
f 174//171 166//171 163//171
f 176//172 164//172 166//172
f 176//173 177//173 164//173
f 164//22 177//22 178//22
f 164//174 178//174 165//174
f 178//175 179//175 165//175
f 165//25 179//25 180//25
f 165//26 180//26 169//26
f 180//27 181//27 169//27
f 169//28 181//28 182//28
f 169//29 182//29 167//29
f 182//30 183//30 167//30
f 167//31 183//31 184//31
f 167//176 184//176 168//176
f 184//177 185//177 168//177
f 168//113 185//113 186//113
f 168//178 186//178 172//178
f 186//36 187//36 172//36
f 172//37 187//37 188//37
f 172//179 188//179 170//179
f 188//118 189//118 170//118
f 170//180 189//180 190//180
f 170//181 190//181 171//181
f 190//42 191//42 171//42
f 171//43 191//43 192//43
f 171//44 192//44 175//44
f 192//45 193//45 175//45
f 175//46 193//46 194//46
f 175//47 194//47 173//47
f 194//48 195//48 173//48
f 173//182 195//182 196//182
f 173//183 196//183 174//183
f 196//51 197//51 174//51
f 174//184 197//184 198//184
f 174//185 198//185 166//185
f 166//54 198//54 199//54
f 166//55 199//55 176//55
f 68//186 67//186 197//186
f 197//187 196//187 68//187
f 68//188 196//188 195//188
f 68//59 195//59 69//59
f 195//60 194//60 69//60
f 69//61 194//61 193//61
f 69//189 193//189 70//189
f 193//190 192//190 70//190
f 70//191 192//191 191//191
f 70//192 191//192 66//192
f 191//66 190//66 66//66
f 66//193 190//193 189//193
f 66//194 189//194 65//194
f 65//144 189//144 188//144
f 65//70 188//70 63//70
f 188//71 187//71 63//71
f 63//72 187//72 186//72
f 63//73 186//73 64//73
f 186//195 185//195 64//195
f 64//196 185//196 184//196
f 64//197 184//197 73//197
f 184//198 183//198 73//198
f 73//199 183//199 182//199
f 73//200 182//200 74//200
f 182//80 181//80 74//80
f 74//81 181//81 180//81
f 74//82 180//82 75//82
f 180//83 179//83 75//83
f 75//201 179//201 178//201
f 75//159 178//159 71//159
f 178//202 177//202 71//202
f 71//203 177//203 176//203
f 71//88 176//88 72//88
f 72//89 176//89 199//89
f 72//90 199//90 67//90
f 67//91 199//91 198//91
f 67//204 198//204 197//204
f 200//8 201//8 202//8
f 203//205 201//205 200//205
f 200//206 204//206 205//206
f 206//96 204//96 200//96
f 202//12 206//12 200//12
f 200//207 207//207 208//207
f 209//208 207//208 200//208
f 205//209 209//209 200//209
f 200//16 210//16 211//16
f 212//17 210//17 200//17
f 208//101 212//101 200//101
f 211//210 203//210 200//210
f 213//211 201//211 203//211
f 213//212 214//212 201//212
f 201//105 214//105 215//105
f 201//213 215//213 202//213
f 215//214 216//214 202//214
f 202//25 216//25 217//25
f 202//26 217//26 206//26
f 217//27 218//27 206//27
f 206//28 218//28 219//28
f 206//108 219//108 204//108
f 219//109 220//109 204//109
f 204//110 220//110 221//110
f 204//215 221//215 205//215
f 221//216 222//216 205//216
f 205//34 222//34 223//34
f 205//217 223//217 209//217
f 223//115 224//115 209//115
f 209//116 224//116 225//116
f 209//218 225//218 207//218
f 225//39 226//39 207//39
f 207//219 226//219 227//219
f 207//220 227//220 208//220
f 227//121 228//121 208//121
f 208//122 228//122 229//122
f 208//123 229//123 212//123
f 229//45 230//45 212//45
f 212//46 230//46 231//46
f 212//47 231//47 210//47
f 231//48 232//48 210//48
f 210//221 232//221 233//221
f 210//222 233//222 211//222
f 233//126 234//126 211//126
f 211//223 234//223 235//223
f 211//224 235//224 203//224
f 203//129 235//129 236//129
f 203//130 236//130 213//130
f 41//225 40//225 234//225
f 234//226 233//226 41//226
f 41//227 233//227 232//227
f 41//134 232//134 52//134
f 232//135 231//135 52//135
f 52//136 231//136 230//136
f 52//228 230//228 51//228
f 230//229 229//229 51//229
f 51//230 229//230 228//230
f 51//231 228//231 50//231
f 228//141 227//141 50//141
f 50//232 227//232 226//232
f 50//233 226//233 39//233
f 39//69 226//69 225//69
f 39//70 225//70 38//70
f 225//145 224//145 38//145
f 38//146 224//146 223//146
f 38//147 223//147 37//147
f 223//234 222//234 37//234
f 37//235 222//235 221//235
f 37//236 221//236 44//236
f 221//237 220//237 44//237
f 44//238 220//238 219//238
f 44//239 219//239 45//239
f 219//154 218//154 45//154
f 45//155 218//155 217//155
f 45//156 217//156 46//156
f 217//157 216//157 46//157
f 46//240 216//240 215//240
f 46//85 215//85 21//85
f 215//241 214//241 21//241
f 21//242 214//242 213//242
f 21//162 213//162 22//162
f 22//163 213//163 236//163
f 22//90 236//90 40//90
f 40//164 236//164 235//164
f 40//243 235//243 234//243
f 237//244 238//244 57//244
f 57//245 238//245 239//245
f 57//246 239//246 58//246
f 58//247 239//247 240//247
f 58//248 240//248 59//248
f 59//248 240//248 241//248
f 59//249 241//249 47//249
f 47//249 241//249 242//249
f 47//250 242//250 48//250
f 48//250 242//250 243//250
f 48//4 243//4 49//4
f 49//4 243//4 244//4
f 49//251 244//251 53//251
f 53//251 244//251 245//251
f 53//252 245//252 54//252
f 54//252 245//252 246//252
f 54//253 246//253 55//253
f 55//253 246//253 247//253
f 55//254 247//254 56//254
f 56//254 247//254 248//254
f 56//255 248//255 60//255
f 60//255 248//255 249//255
f 60//256 249//256 61//256
f 61//256 249//256 250//256
f 61//257 250//257 251//257
f 251//258 250//258 252//258
f 251//259 252//259 42//259
f 42//260 252//260 253//260
f 42//261 253//261 43//261
f 43//261 253//261 237//261
f 43//244 237//244 57//244
f 245//262 244//262 9//262
f 242//262 241//262 5//262
f 9//262 244//262 5//262
f 5//262 244//262 243//262
f 5//262 243//262 242//262
f 237//262 253//262 14//262
f 17//262 250//262 249//262
f 249//262 248//262 17//262
f 17//262 248//262 247//262
f 17//262 247//262 9//262
f 9//262 247//262 246//262
f 9//262 246//262 245//262
f 14//262 253//262 17//262
f 17//262 253//262 254//262
f 17//262 254//262 250//262
f 241//262 240//262 5//262
f 5//1 240//1 239//1
f 5//262 239//262 14//262
f 14//262 239//262 238//262
f 14//262 238//262 237//262
f 3//5 5//5 1//5
f 1//5 5//5 14//5
f 9//3 7//3 17//3
f 17//3 7//3 15//3
f 255//4 256//4 257//4
f 257//4 256//4 258//4
f 257//4 258//4 259//4
f 259//4 258//4 260//4
f 261//4 262//4 263//4
f 264//4 265//4 266//4
f 266//4 265//4 267//4
f 268//4 269//4 270//4
f 270//4 269//4 271//4
f 270//4 271//4 272//4
f 272//4 271//4 258//4
f 267//4 260//4 266//4
f 266//4 260//4 258//4
f 266//4 258//4 263//4
f 263//4 258//4 271//4
f 263//4 271//4 261//4
f 273//4 274//4 275//4
f 275//4 274//4 276//4
f 275//4 276//4 277//4
f 262//4 261//4 277//4
f 277//4 261//4 278//4
f 277//4 278//4 275//4
f 279//263 280//263 281//263
f 281//263 280//263 282//263
f 281//264 282//264 264//264
f 264//264 282//264 265//264
f 283//265 280//265 279//265
f 279//265 284//265 283//265
f 283//266 284//266 285//266
f 283//267 285//267 286//267
f 286//268 285//268 287//268
f 286//269 287//269 288//269
f 288//270 287//270 289//270
f 288//271 289//271 290//271
f 290//4 289//4 291//4
f 290//4 291//4 292//4
f 292//4 291//4 293//4
f 292//4 293//4 294//4
f 256//3 255//3 295//3
f 271//262 296//262 261//262
f 261//262 296//262 297//262
f 298//272 299//272 300//272
f 298//273 300//273 301//273
f 301//274 300//274 302//274
f 301//273 302//273 303//273
f 304//275 305//275 306//275
f 307//276 308//276 309//276
f 309//277 308//277 310//277
f 309//278 310//278 311//278
f 311//279 310//279 312//279
f 311//280 312//280 306//280
f 306//281 312//281 313//281
f 306//282 313//282 304//282
f 314//2 315//2 316//2
f 317//2 318//2 319//2
f 319//2 318//2 320//2
f 319//2 320//2 316//2
f 316//2 320//2 321//2
f 316//2 321//2 314//2
f 322//2 323//2 324//2
f 324//2 323//2 325//2
f 324//2 325//2 296//2
f 296//2 325//2 319//2
f 296//2 319//2 297//2
f 326//2 327//2 328//2
f 328//2 327//2 329//2
f 328//2 329//2 330//2
f 330//2 329//2 331//2
f 330//2 331//2 332//2
f 332//2 331//2 297//2
f 332//2 297//2 333//2
f 333//2 297//2 319//2
f 333//2 319//2 334//2
f 334//2 319//2 316//2
f 305//283 304//283 335//283
f 335//283 304//283 336//283
f 335//284 336//284 315//284
f 315//284 336//284 316//284
f 274//5 326//5 276//5
f 276//5 326//5 328//5
f 275//262 329//262 273//262
f 273//262 329//262 327//262
f 261//3 297//3 278//3
f 278//3 297//3 331//3
f 331//285 329//285 278//285
f 278//285 329//285 275//285
f 327//286 326//286 273//286
f 273//286 326//286 274//286
f 293//287 337//287 294//287
f 294//288 337//288 338//288
f 291//289 289//289 339//289
f 339//290 289//290 310//290
f 310//291 289//291 287//291
f 310//292 287//292 312//292
f 312//293 287//293 285//293
f 312//294 285//294 313//294
f 313//295 285//295 284//295
f 313//296 284//296 304//296
f 304//297 284//297 279//297
f 304//298 279//298 336//298
f 336//299 279//299 281//299
f 336//300 281//300 316//300
f 316//301 281//301 264//301
f 316//302 264//302 334//302
f 264//302 266//302 334//302
f 334//303 266//303 263//303
f 334//303 263//303 333//303
f 333//304 263//304 262//304
f 333//304 262//304 332//304
f 332//305 262//305 277//305
f 332//305 277//305 330//305
f 330//306 277//306 276//306
f 330//306 276//306 328//306
f 339//307 340//307 291//307
f 291//308 340//308 341//308
f 291//308 341//308 293//308
f 294//309 342//309 343//309
f 295//310 255//310 317//310
f 317//311 255//311 257//311
f 317//312 257//312 318//312
f 318//313 257//313 259//313
f 318//313 259//313 320//313
f 320//314 259//314 260//314
f 320//314 260//314 321//314
f 321//315 260//315 267//315
f 321//315 267//315 314//315
f 314//316 267//316 315//316
f 315//316 267//316 265//316
f 315//317 265//317 335//317
f 335//318 265//318 282//318
f 335//319 282//319 305//319
f 305//320 282//320 280//320
f 305//321 280//321 306//321
f 306//322 280//322 283//322
f 306//323 283//323 311//323
f 311//324 283//324 286//324
f 311//325 286//325 309//325
f 309//326 286//326 288//326
f 309//327 288//327 344//327
f 344//328 288//328 290//328
f 344//329 290//329 343//329
f 343//330 290//330 292//330
f 343//331 292//331 294//331
f 269//5 324//5 271//5
f 271//5 324//5 296//5
f 258//3 319//3 272//3
f 272//3 319//3 325//3
f 323//262 322//262 270//262
f 270//262 322//262 268//262
f 325//332 323//332 272//332
f 272//332 323//332 270//332
f 322//333 324//333 268//333
f 268//333 324//333 269//333
f 317//334 319//334 295//334
f 295//335 319//335 258//335
f 295//336 258//336 256//336
f 345//2 265//2 264//2
f 261//2 271//2 258//2
f 270//2 272//2 268//2
f 268//2 272//2 258//2
f 268//2 258//2 269//2
f 269//2 258//2 271//2
f 258//2 256//2 255//2
f 274//2 273//2 276//2
f 276//2 273//2 275//2
f 276//2 275//2 346//2
f 346//2 275//2 278//2
f 346//2 278//2 347//2
f 347//2 278//2 261//2
f 347//2 261//2 348//2
f 348//2 261//2 258//2
f 348//2 258//2 349//2
f 349//2 258//2 264//2
f 255//2 350//2 258//2
f 258//2 350//2 351//2
f 258//2 351//2 264//2
f 264//2 351//2 352//2
f 264//2 352//2 345//2
f 264//337 265//337 353//337
f 280//338 279//338 353//338
f 353//338 279//338 354//338
f 353//339 354//339 264//339
f 279//340 280//340 355//340
f 290//341 289//341 356//341
f 356//342 289//342 357//342
f 356//343 357//343 358//343
f 358//275 357//275 359//275
f 358//344 359//344 355//344
f 355//345 359//345 360//345
f 355//340 360//340 279//340
f 294//2 361//2 362//2
f 362//2 361//2 363//2
f 362//2 363//2 290//2
f 290//2 363//2 289//2
f 364//262 365//262 366//262
f 366//262 365//262 367//262
f 366//262 367//262 368//262
f 369//262 370//262 366//262
f 366//262 370//262 371//262
f 366//262 371//262 364//262
f 372//1 373//1 366//1
f 366//262 373//262 374//262
f 366//262 374//262 369//262
f 368//262 375//262 366//262
f 366//262 375//262 376//262
f 366//262 376//262 372//262
f 377//4 378//4 379//4
f 379//4 378//4 380//4
f 381//346 378//346 382//346
f 383//347 384//347 378//347
f 378//348 384//348 385//348
f 378//349 385//349 382//349
f 386//350 387//350 378//350
f 378//351 387//351 388//351
f 378//352 388//352 383//352
f 377//353 389//353 378//353
f 378//354 389//354 390//354
f 378//355 390//355 386//355
f 391//356 392//356 393//356
f 381//357 382//357 394//357
f 394//358 382//358 395//358
f 394//359 395//359 393//359
f 393//360 395//360 396//360
f 393//361 396//361 391//361
f 392//362 397//362 393//362
f 393//363 397//363 398//363
f 393//364 398//364 399//364
f 399//365 398//365 400//365
f 399//366 400//366 401//366
f 400//367 402//367 401//367
f 401//368 402//368 403//368
f 401//369 403//369 404//369
f 404//370 403//370 405//370
f 404//371 405//371 406//371
f 407//5 406//5 408//5
f 408//5 406//5 405//5
f 407//5 409//5 406//5
f 406//5 409//5 410//5
f 406//5 410//5 411//5
f 404//372 406//372 411//372
f 411//373 412//373 404//373
f 404//374 412//374 413//374
f 404//375 413//375 401//375
f 401//376 413//376 414//376
f 401//377 414//377 399//377
f 414//378 415//378 399//378
f 399//379 415//379 416//379
f 399//380 416//380 393//380
f 393//381 416//381 417//381
f 393//382 417//382 394//382
f 394//383 417//383 418//383
f 394//384 418//384 381//384
f 381//385 418//385 419//385
f 381//386 419//386 378//386
f 378//387 419//387 420//387
f 378//388 420//388 421//388
f 422//389 423//389 424//389
f 425//390 426//390 380//390
f 380//391 426//391 427//391
f 424//392 423//392 428//392
f 427//393 429//393 380//393
f 380//394 429//394 430//394
f 380//395 430//395 431//395
f 431//396 430//396 432//396
f 431//397 432//397 423//397
f 423//398 432//398 433//398
f 423//399 433//399 428//399
f 422//400 424//400 434//400
f 434//401 424//401 435//401
f 434//402 435//402 436//402
f 437//403 438//403 439//403
f 436//404 440//404 434//404
f 434//405 440//405 437//405
f 434//406 437//406 441//406
f 441//407 437//407 439//407
f 442//3 443//3 439//3
f 442//3 439//3 444//3
f 438//3 445//3 439//3
f 439//3 445//3 446//3
f 439//3 446//3 444//3
f 447//408 434//408 448//408
f 448//409 434//409 441//409
f 448//410 441//410 443//410
f 443//411 441//411 439//411
f 447//412 449//412 434//412
f 434//413 449//413 450//413
f 434//414 450//414 422//414
f 422//415 450//415 451//415
f 422//416 451//416 423//416
f 451//417 452//417 423//417
f 423//418 452//418 453//418
f 423//419 453//419 431//419
f 431//420 453//420 454//420
f 431//421 454//421 380//421
f 380//422 454//422 455//422
f 380//423 455//423 456//423
f 456//424 457//424 380//424
f 380//425 457//425 458//425
f 380//426 458//426 459//426
f 459//427 460//427 380//427
f 380//428 460//428 461//428
f 380//429 461//429 379//429
f 462//6 425//6 463//6
f 463//6 425//6 464//6
f 465//6 466//6 467//6
f 425//6 468//6 421//6
f 421//6 468//6 469//6
f 421//6 469//6 470//6
f 471//6 472//6 380//6
f 380//6 472//6 473//6
f 380//6 473//6 425//6
f 474//6 475//6 421//6
f 421//6 475//6 476//6
f 421//6 476//6 378//6
f 473//6 477//6 425//6
f 425//6 477//6 478//6
f 425//6 478//6 464//6
f 464//6 478//6 479//6
f 470//6 480//6 421//6
f 421//6 480//6 481//6
f 421//6 481//6 474//6
f 476//6 482//6 378//6
f 378//6 482//6 483//6
f 378//7 483//7 484//7
f 485//6 486//6 487//6
f 467//6 488//6 465//6
f 465//6 488//6 489//6
f 465//6 489//6 490//6
f 485//7 491//7 492//7
f 492//6 491//6 493//6
f 492//6 493//6 478//6
f 478//7 493//7 494//7
f 478//6 494//6 479//6
f 481//6 495//6 474//6
f 474//6 495//6 496//6
f 474//7 496//7 497//7
f 497//6 496//6 466//6
f 497//6 466//6 487//6
f 487//6 466//6 465//6
f 487//6 465//6 485//6
f 485//6 465//6 498//6
f 485//7 498//7 491//7
f 462//6 499//6 425//6
f 425//6 499//6 500//6
f 425//6 500//6 468//6
f 468//6 500//6 490//6
f 468//6 490//6 501//6
f 501//7 490//7 489//7
f 502//6 503//6 484//6
f 484//6 503//6 504//6
f 484//6 504//6 378//6
f 378//6 504//6 505//6
f 378//6 505//6 380//6
f 380//6 505//6 506//6
f 380//7 506//7 471//7
f 502//6 507//6 503//6
f 503//6 507//6 508//6
f 503//6 508//6 486//6
f 486//6 508//6 509//6
f 486//6 509//6 487//6
f 374//430 510//430 369//430
f 369//430 510//430 511//430
f 369//431 511//431 370//431
f 370//431 511//431 512//431
f 370//432 512//432 371//432
f 371//432 512//432 513//432
f 371//433 513//433 364//433
f 364//433 513//433 514//433
f 364//434 514//434 365//434
f 365//434 514//434 515//434
f 365//435 515//435 367//435
f 367//435 515//435 516//435
f 367//436 516//436 368//436
f 368//436 516//436 517//436
f 368//437 517//437 375//437
f 375//437 517//437 518//437
f 375//438 518//438 376//438
f 376//438 518//438 519//438
f 376//439 519//439 372//439
f 372//439 519//439 520//439
f 372//440 520//440 373//440
f 373//440 520//440 521//440
f 373//441 521//441 374//441
f 374//441 521//441 510//441
f 377//442 379//442 522//442
f 522//442 379//442 523//442
f 522//443 523//443 524//443
f 524//443 523//443 525//443
f 524//444 525//444 526//444
f 526//444 525//444 527//444
f 528//445 529//445 530//445
f 524//446 526//446 531//446
f 522//447 524//447 532//447
f 533//448 385//448 534//448
f 534//449 385//449 384//449
f 534//450 384//450 535//450
f 535//451 384//451 383//451
f 535//452 383//452 536//452
f 536//453 383//453 388//453
f 536//454 388//454 537//454
f 537//455 388//455 387//455
f 537//456 387//456 538//456
f 538//457 387//457 386//457
f 538//458 386//458 539//458
f 539//459 386//459 390//459
f 539//460 390//460 540//460
f 540//461 390//461 389//461
f 540//462 389//462 541//462
f 541//463 389//463 377//463
f 541//464 377//464 522//464
f 524//465 531//465 532//465
f 532//466 531//466 542//466
f 532//467 542//467 543//467
f 543//468 542//468 544//468
f 543//469 544//469 545//469
f 545//470 544//470 546//470
f 545//471 546//471 547//471
f 547//472 546//472 548//472
f 547//473 548//473 549//473
f 549//474 548//474 550//474
f 549//475 550//475 551//475
f 551//476 550//476 552//476
f 551//477 552//477 553//477
f 553//478 552//478 554//478
f 553//479 554//479 555//479
f 555//480 554//480 556//480
f 555//481 556//481 557//481
f 557//482 556//482 558//482
f 557//483 558//483 559//483
f 558//484 560//484 559//484
f 559//485 560//485 561//485
f 559//486 561//486 562//486
f 562//487 561//487 563//487
f 562//488 563//488 564//488
f 564//489 563//489 565//489
f 564//490 565//490 566//490
f 566//491 565//491 567//491
f 566//492 567//492 568//492
f 522//493 532//493 541//493
f 541//494 532//494 543//494
f 541//495 543//495 540//495
f 540//496 543//496 545//496
f 540//497 545//497 539//497
f 539//498 545//498 547//498
f 539//499 547//499 538//499
f 538//500 547//500 549//500
f 538//501 549//501 537//501
f 537//502 549//502 551//502
f 537//503 551//503 536//503
f 536//504 551//504 553//504
f 536//505 553//505 535//505
f 535//506 553//506 555//506
f 535//507 555//507 534//507
f 534//508 555//508 557//508
f 534//509 557//509 533//509
f 533//510 557//510 559//510
f 533//511 559//511 569//511
f 569//512 559//512 562//512
f 569//513 562//513 570//513
f 570//514 562//514 564//514
f 570//515 564//515 571//515
f 571//516 564//516 566//516
f 571//517 566//517 572//517
f 572//518 566//518 568//518
f 572//519 568//519 573//519
f 573//520 397//520 572//520
f 572//521 397//521 392//521
f 572//522 392//522 571//522
f 571//523 392//523 391//523
f 571//524 391//524 570//524
f 570//525 391//525 396//525
f 570//526 396//526 569//526
f 569//527 396//527 395//527
f 569//528 395//528 533//528
f 533//529 395//529 382//529
f 533//530 382//530 385//530
f 402//531 400//531 573//531
f 573//532 400//532 398//532
f 573//533 398//533 397//533
f 529//534 574//534 530//534
f 530//535 574//535 575//535
f 530//536 575//536 576//536
f 576//537 575//537 577//537
f 578//538 577//538 579//538
f 579//539 577//539 575//539
f 579//540 575//540 580//540
f 580//541 575//541 574//541
f 567//542 528//542 568//542
f 568//543 528//543 530//543
f 568//544 530//544 573//544
f 573//545 530//545 576//545
f 573//546 576//546 402//546
f 402//547 576//547 577//547
f 402//548 577//548 403//548
f 403//549 577//549 578//549
f 403//550 578//550 405//550
f 580//551 581//551 579//551
f 579//552 581//552 582//552
f 579//553 582//553 578//553
f 405//554 578//554 583//554
f 581//555 584//555 582//555
f 582//556 584//556 585//556
f 582//557 585//557 586//557
f 586//558 585//558 587//558
f 586//559 587//559 588//559
f 589//560 590//560 591//560
f 591//561 590//561 592//561
f 591//562 592//562 593//562
f 593//563 592//563 588//563
f 593//564 588//564 594//564
f 594//565 588//565 587//565
f 578//566 582//566 583//566
f 583//567 582//567 586//567
f 583//568 586//568 595//568
f 595//569 586//569 588//569
f 595//570 588//570 596//570
f 596//571 588//571 592//571
f 596//572 592//572 597//572
f 597//573 592//573 590//573
f 597//574 590//574 598//574
f 405//575 583//575 408//575
f 408//576 583//576 595//576
f 408//577 595//577 407//577
f 407//578 595//578 596//578
f 407//579 596//579 409//579
f 409//580 596//580 597//580
f 409//581 597//581 410//581
f 410//582 597//582 598//582
f 410//583 598//583 411//583
f 590//584 589//584 599//584
f 598//585 590//585 600//585
f 411//586 598//586 601//586
f 590//587 599//587 600//587
f 600//588 599//588 602//588
f 600//589 602//589 603//589
f 603//590 602//590 604//590
f 603//591 604//591 605//591
f 605//592 604//592 606//592
f 605//593 606//593 607//593
f 607//594 606//594 608//594
f 607//595 608//595 609//595
f 609//596 608//596 610//596
f 609//597 610//597 611//597
f 611//598 610//598 612//598
f 611//599 612//599 613//599
f 613//600 612//600 614//600
f 613//601 614//601 615//601
f 615//602 614//602 616//602
f 615//603 616//603 617//603
f 617//604 616//604 618//604
f 617//605 618//605 619//605
f 598//606 600//606 601//606
f 601//607 600//607 603//607
f 601//608 603//608 620//608
f 620//609 603//609 605//609
f 620//610 605//610 621//610
f 621//611 605//611 607//611
f 621//612 607//612 622//612
f 622//613 607//613 609//613
f 622//614 609//614 623//614
f 623//615 609//615 611//615
f 623//616 611//616 624//616
f 624//617 611//617 613//617
f 624//618 613//618 625//618
f 625//619 613//619 615//619
f 625//620 615//620 626//620
f 626//621 615//621 617//621
f 626//622 617//622 627//622
f 627//623 617//623 619//623
f 627//624 619//624 628//624
f 411//625 601//625 412//625
f 412//626 601//626 620//626
f 412//627 620//627 413//627
f 413//628 620//628 621//628
f 413//629 621//629 414//629
f 414//630 621//630 622//630
f 414//631 622//631 415//631
f 415//632 622//632 623//632
f 415//633 623//633 416//633
f 416//634 623//634 624//634
f 416//635 624//635 417//635
f 417//636 624//636 625//636
f 417//637 625//637 418//637
f 418//638 625//638 626//638
f 418//639 626//639 419//639
f 419//640 626//640 627//640
f 419//641 627//641 420//641
f 420//642 627//642 628//642
f 420//643 628//643 421//643
f 618//644 629//644 630//644
f 618//644 630//644 619//644
f 619//645 630//645 631//645
f 619//645 631//645 628//645
f 628//646 631//646 425//646
f 628//646 425//646 421//646
f 630//647 629//647 632//647
f 631//648 630//648 633//648
f 425//649 631//649 634//649
f 630//650 632//650 633//650
f 633//651 632//651 635//651
f 633//652 635//652 636//652
f 636//653 635//653 637//653
f 636//654 637//654 638//654
f 638//655 637//655 639//655
f 638//656 639//656 640//656
f 640//657 639//657 641//657
f 640//658 641//658 642//658
f 642//659 641//659 643//659
f 642//660 643//660 644//660
f 644//661 643//661 645//661
f 644//662 645//662 646//662
f 646//663 645//663 647//663
f 646//664 647//664 648//664
f 648//665 647//665 649//665
f 648//666 649//666 650//666
f 650//667 649//667 651//667
f 650//668 651//668 652//668
f 652//669 651//669 653//669
f 652//670 653//670 654//670
f 654//671 653//671 655//671
f 654//672 655//672 656//672
f 656//673 655//673 657//673
f 656//674 657//674 658//674
f 631//675 633//675 634//675
f 634//676 633//676 636//676
f 634//677 636//677 659//677
f 659//678 636//678 638//678
f 659//679 638//679 660//679
f 660//680 638//680 640//680
f 660//681 640//681 661//681
f 661//682 640//682 642//682
f 661//683 642//683 662//683
f 662//684 642//684 644//684
f 662//685 644//685 663//685
f 663//686 644//686 646//686
f 663//687 646//687 664//687
f 664//688 646//688 648//688
f 664//689 648//689 665//689
f 665//690 648//690 650//690
f 665//691 650//691 666//691
f 666//692 650//692 652//692
f 666//693 652//693 667//693
f 667//694 652//694 654//694
f 667//695 654//695 668//695
f 668//696 654//696 656//696
f 668//697 656//697 669//697
f 669//698 656//698 658//698
f 669//699 658//699 670//699
f 425//700 634//700 426//700
f 426//701 634//701 659//701
f 426//702 659//702 427//702
f 427//703 659//703 660//703
f 427//704 660//704 429//704
f 429//705 660//705 661//705
f 429//706 661//706 430//706
f 430//707 661//707 662//707
f 430//708 662//708 432//708
f 432//709 662//709 663//709
f 432//710 663//710 433//710
f 433//711 663//711 664//711
f 433//712 664//712 428//712
f 428//713 664//713 665//713
f 428//714 665//714 424//714
f 424//715 665//715 666//715
f 424//716 666//716 435//716
f 435//717 666//717 667//717
f 435//718 667//718 436//718
f 436//719 667//719 668//719
f 436//720 668//720 440//720
f 440//721 668//721 669//721
f 440//722 669//722 437//722
f 437//723 669//723 670//723
f 437//724 670//724 438//724
f 658//725 657//725 671//725
f 670//726 658//726 672//726
f 438//727 670//727 673//727
f 658//728 671//728 672//728
f 672//729 671//729 674//729
f 672//730 674//730 675//730
f 674//731 676//731 675//731
f 675//732 676//732 677//732
f 675//733 677//733 678//733
f 678//734 677//734 679//734
f 678//735 679//735 680//735
f 680//736 679//736 681//736
f 680//737 681//737 682//737
f 682//738 681//738 683//738
f 682//739 683//739 684//739
f 670//740 672//740 673//740
f 673//741 672//741 675//741
f 673//742 675//742 685//742
f 685//743 675//743 678//743
f 685//744 678//744 686//744
f 686//745 678//745 680//745
f 686//746 680//746 687//746
f 687//747 680//747 682//747
f 687//748 682//748 688//748
f 438//749 673//749 445//749
f 445//750 673//750 685//750
f 445//751 685//751 446//751
f 446//752 685//752 686//752
f 446//753 686//753 444//753
f 444//754 686//754 687//754
f 444//755 687//755 442//755
f 442//756 687//756 688//756
f 442//757 688//757 443//757
f 682//758 684//758 689//758
f 688//759 682//759 690//759
f 443//760 688//760 691//760
f 682//761 689//761 690//761
f 690//762 689//762 692//762
f 690//763 692//763 693//763
f 693//764 692//764 694//764
f 693//765 694//765 695//765
f 695//766 694//766 696//766
f 695//767 696//767 697//767
f 696//768 698//768 697//768
f 697//769 698//769 699//769
f 697//770 699//770 700//770
f 700//771 699//771 701//771
f 700//772 701//772 702//772
f 702//773 701//773 703//773
f 702//774 703//774 704//774
f 704//775 703//775 705//775
f 704//776 705//776 706//776
f 705//777 707//777 706//777
f 706//778 707//778 708//778
f 706//779 708//779 709//779
f 709//780 708//780 710//780
f 709//781 710//781 711//781
f 711//782 710//782 712//782
f 711//783 712//783 713//783
f 713//784 712//784 714//784
f 713//785 714//785 715//785
f 715//786 714//786 716//786
f 715//787 716//787 717//787
f 717//788 716//788 718//788
f 717//789 718//789 719//789
f 719//790 718//790 720//790
f 719//791 720//791 721//791
f 721//792 720//792 527//792
f 721//793 527//793 525//793
f 688//794 690//794 691//794
f 691//795 690//795 693//795
f 691//796 693//796 722//796
f 722//797 693//797 695//797
f 722//798 695//798 723//798
f 723//799 695//799 697//799
f 723//800 697//800 724//800
f 724//801 697//801 700//801
f 724//802 700//802 725//802
f 725//803 700//803 702//803
f 725//804 702//804 726//804
f 726//805 702//805 704//805
f 726//806 704//806 727//806
f 727//807 704//807 706//807
f 727//808 706//808 728//808
f 728//809 706//809 709//809
f 728//810 709//810 729//810
f 729//811 709//811 711//811
f 729//812 711//812 730//812
f 730//813 711//813 713//813
f 730//814 713//814 731//814
f 731//815 713//815 715//815
f 731//816 715//816 732//816
f 732//817 715//817 717//817
f 732//818 717//818 733//818
f 733//819 717//819 719//819
f 733//820 719//820 734//820
f 734//821 719//821 721//821
f 734//822 721//822 735//822
f 735//823 721//823 525//823
f 735//824 525//824 523//824
f 443//825 691//825 448//825
f 448//826 691//826 722//826
f 448//827 722//827 447//827
f 447//828 722//828 723//828
f 447//829 723//829 449//829
f 449//830 723//830 724//830
f 449//831 724//831 450//831
f 450//832 724//832 725//832
f 450//833 725//833 451//833
f 451//834 725//834 726//834
f 451//835 726//835 452//835
f 452//836 726//836 727//836
f 452//837 727//837 453//837
f 453//838 727//838 728//838
f 453//839 728//839 454//839
f 454//840 728//840 729//840
f 454//841 729//841 455//841
f 455//842 729//842 730//842
f 455//843 730//843 456//843
f 456//844 730//844 731//844
f 456//845 731//845 457//845
f 457//846 731//846 732//846
f 457//847 732//847 458//847
f 458//848 732//848 733//848
f 458//849 733//849 459//849
f 459//850 733//850 734//850
f 459//851 734//851 460//851
f 460//852 734//852 735//852
f 460//853 735//853 461//853
f 461//854 735//854 523//854
f 461//855 523//855 379//855
f 736//856 737//856 738//856
f 738//856 737//856 739//856
f 738//857 739//857 740//857
f 740//857 739//857 741//857
f 742//858 743//858 744//858
f 742//859 744//859 745//859
f 745//860 744//860 746//860
f 745//861 746//861 747//861
f 747//862 746//862 748//862
f 747//863 748//863 749//863
f 749//864 748//864 750//864
f 749//865 750//865 751//865
f 751//866 750//866 752//866
f 751//867 752//867 753//867
f 753//868 752//868 754//868
f 753//869 754//869 755//869
f 492//870 756//870 485//870
f 485//870 756//870 757//870
f 485//871 757//871 486//871
f 486//871 757//871 758//871
f 486//872 758//872 503//872
f 503//872 758//872 759//872
f 503//873 759//873 504//873
f 504//873 759//873 760//873
f 504//874 760//874 505//874
f 505//874 760//874 761//874
f 505//875 761//875 506//875
f 506//875 761//875 762//875
f 506//876 762//876 471//876
f 471//876 762//876 763//876
f 471//877 763//877 472//877
f 472//877 763//877 764//877
f 472//878 764//878 473//878
f 473//878 764//878 765//878
f 473//879 765//879 477//879
f 477//879 765//879 766//879
f 477//880 766//880 478//880
f 478//880 766//880 767//880
f 478//881 767//881 492//881
f 492//881 767//881 756//881
f 499//882 768//882 500//882
f 500//882 768//882 769//882
f 500//871 769//871 490//871
f 490//871 769//871 770//871
f 490//883 770//883 465//883
f 465//883 770//883 771//883
f 465//884 771//884 498//884
f 498//884 771//884 772//884
f 498//885 772//885 491//885
f 491//885 772//885 773//885
f 491//886 773//886 493//886
f 493//886 773//886 774//886
f 493//887 774//887 494//887
f 494//887 774//887 775//887
f 494//888 775//888 479//888
f 479//888 775//888 776//888
f 479//889 776//889 464//889
f 464//889 776//889 777//889
f 464//890 777//890 463//890
f 463//890 777//890 778//890
f 463//880 778//880 462//880
f 462//880 778//880 779//880
f 462//891 779//891 499//891
f 499//891 779//891 768//891
f 497//870 780//870 474//870
f 474//870 780//870 781//870
f 474//892 781//892 475//892
f 475//892 781//892 782//892
f 475//893 782//893 476//893
f 476//893 782//893 783//893
f 476//894 783//894 482//894
f 482//894 783//894 784//894
f 482//434 784//434 483//434
f 483//434 784//434 785//434
f 483//875 785//875 484//875
f 484//875 785//875 786//875
f 484//876 786//876 502//876
f 502//876 786//876 787//876
f 502//895 787//895 507//895
f 507//895 787//895 788//895
f 507//896 788//896 508//896
f 508//896 788//896 789//896
f 508//897 789//897 509//897
f 509//897 789//897 790//897
f 509//898 790//898 487//898
f 487//898 790//898 791//898
f 487//881 791//881 497//881
f 497//881 791//881 780//881
f 469//882 792//882 470//882
f 470//882 792//882 793//882
f 470//892 793//892 480//892
f 480//892 793//892 794//892
f 480//899 794//899 481//899
f 481//899 794//899 795//899
f 481//900 795//900 495//900
f 495//900 795//900 796//900
f 495//901 796//901 496//901
f 496//901 796//901 797//901
f 496//886 797//886 466//886
f 466//886 797//886 798//886
f 466//887 798//887 467//887
f 467//887 798//887 799//887
f 467//902 799//902 488//902
f 488//902 799//902 800//902
f 488//903 800//903 489//903
f 489//903 800//903 801//903
f 489//904 801//904 501//904
f 501//904 801//904 802//904
f 501//898 802//898 468//898
f 468//898 802//898 803//898
f 468//891 803//891 469//891
f 469//891 803//891 792//891
f 511//905 804//905 512//905
f 512//906 804//906 805//906
f 512//907 805//907 513//907
f 513//908 805//908 806//908
f 513//909 806//909 514//909
f 514//910 806//910 807//910
f 514//911 807//911 515//911
f 515//911 807//911 808//911
f 515//912 808//912 516//912
f 516//913 808//913 809//913
f 516//914 809//914 517//914
f 517//915 809//915 810//915
f 517//916 810//916 518//916
f 518//917 810//917 811//917
f 518//918 811//918 519//918
f 519//919 811//919 812//919
f 519//920 812//920 520//920
f 520//921 812//921 813//921
f 520//922 813//922 521//922
f 521//923 813//923 814//923
f 521//924 814//924 510//924
f 510//925 814//925 815//925
f 510//926 815//926 511//926
f 511//927 815//927 804//927
f 764//262 261//262 765//262
f 765//262 261//262 816//262
f 765//262 816//262 766//262
f 757//262 756//262 774//262
f 794//262 817//262 795//262
f 795//262 817//262 271//262
f 779//262 778//262 816//262
f 816//262 778//262 777//262
f 816//262 777//262 766//262
f 766//262 777//262 776//262
f 766//1 776//1 775//1
f 774//262 756//262 775//262
f 775//1 756//1 767//1
f 775//262 767//262 766//262
f 764//262 763//262 261//262
f 261//262 763//262 762//262
f 261//262 762//262 761//262
f 786//262 785//262 271//262
f 271//262 785//262 784//262
f 271//262 784//262 783//262
f 773//262 759//262 774//262
f 774//262 759//262 758//262
f 774//1 758//1 757//1
f 800//262 799//262 761//262
f 786//262 271//262 787//262
f 787//262 271//262 261//262
f 787//262 261//262 788//262
f 788//262 261//262 761//262
f 788//262 761//262 789//262
f 782//1 798//1 783//1
f 783//262 798//262 797//262
f 783//262 797//262 271//262
f 271//262 797//262 796//262
f 271//262 796//262 795//262
f 773//262 772//262 759//262
f 759//1 772//1 803//1
f 759//1 803//1 760//1
f 760//262 803//262 802//262
f 760//262 802//262 761//262
f 761//1 802//1 801//1
f 761//262 801//262 800//262
f 794//262 793//262 817//262
f 817//262 793//262 792//262
f 817//1 792//1 803//1
f 782//262 781//262 798//262
f 798//262 781//262 780//262
f 798//262 780//262 799//262
f 799//1 780//1 791//1
f 799//262 791//262 761//262
f 761//262 791//262 790//262
f 761//1 790//1 789//1
f 772//262 771//262 803//262
f 803//262 771//262 770//262
f 803//262 770//262 817//262
f 817//262 770//262 769//262
f 817//262 769//262 816//262
f 816//1 769//1 768//1
f 816//262 768//262 779//262
f 743//928 742//928 818//928
f 818//928 742//928 819//928
f 816//4 820//4 821//4
f 822//4 823//4 817//4
f 740//4 741//4 818//4
f 818//4 741//4 743//4
f 824//4 822//4 825//4
f 825//4 822//4 817//4
f 825//4 817//4 818//4
f 818//4 817//4 816//4
f 818//4 816//4 740//4
f 740//4 816//4 821//4
f 817//5 823//5 271//5
f 271//5 823//5 269//5
f 268//262 822//262 270//262
f 270//262 822//262 824//262
f 269//333 823//333 268//333
f 268//333 823//333 822//333
f 755//262 826//262 827//262
f 827//262 819//262 742//262
f 742//262 745//262 827//262
f 827//262 745//262 747//262
f 827//262 747//262 749//262
f 749//262 751//262 827//262
f 827//1 751//1 753//1
f 827//262 753//262 755//262
f 825//3 818//3 819//3
f 825//3 819//3 272//3
f 272//3 819//3 827//3
f 272//3 827//3 258//3
f 256//929 826//929 754//929
f 754//929 826//929 755//929
f 258//930 827//930 256//930
f 256//930 827//930 826//930
f 270//332 824//332 272//332
f 272//332 824//332 825//332
f 828//931 829//931 820//931
f 820//932 829//932 821//932
f 830//933 831//933 832//933
f 830//934 832//934 833//934
f 833//935 832//935 834//935
f 833//935 834//935 835//935
f 835//936 834//936 836//936
f 835//937 836//937 837//937
f 837//938 836//938 838//938
f 837//939 838//939 839//939
f 839//940 838//940 840//940
f 839//941 840//941 841//941
f 841//942 840//942 821//942
f 841//943 821//943 829//943
f 842//944 843//944 844//944
f 845//945 846//945 847//945
f 847//946 846//946 848//946
f 847//947 848//947 849//947
f 842//948 844//948 850//948
f 850//949 844//949 851//949
f 850//950 851//950 848//950
f 848//951 851//951 852//951
f 848//952 852//952 849//952
f 853//953 558//953 854//953
f 854//954 558//954 556//954
f 854//955 556//955 855//955
f 855//956 556//956 554//956
f 855//957 554//957 552//957
f 552//958 550//958 855//958
f 855//959 550//959 548//959
f 855//960 548//960 847//960
f 548//961 546//961 847//961
f 847//962 546//962 544//962
f 847//963 544//963 542//963
f 527//964 845//964 526//964
f 526//965 845//965 847//965
f 526//966 847//966 531//966
f 531//967 847//967 542//967
f 527//968 720//968 845//968
f 845//969 720//969 718//969
f 845//970 718//970 856//970
f 718//971 716//971 856//971
f 856//972 716//972 714//972
f 856//973 714//973 857//973
f 857//974 714//974 712//974
f 705//975 858//975 707//975
f 707//976 858//976 859//976
f 707//977 859//977 708//977
f 708//978 859//978 857//978
f 708//979 857//979 710//979
f 710//980 857//980 712//980
f 705//981 703//981 858//981
f 858//982 703//982 701//982
f 858//983 701//983 860//983
f 860//984 701//984 699//984
f 860//985 699//985 861//985
f 861//986 699//986 698//986
f 861//987 698//987 862//987
f 862//988 698//988 696//988
f 862//989 696//989 863//989
f 696//990 694//990 863//990
f 863//991 694//991 692//991
f 863//992 692//992 864//992
f 864//993 692//993 689//993
f 864//994 689//994 865//994
f 689//995 684//995 865//995
f 865//996 684//996 683//996
f 865//997 683//997 866//997
f 866//998 683//998 681//998
f 866//999 681//999 867//999
f 867//1000 681//1000 868//1000
f 868//1001 681//1001 869//1001
f 869//1002 681//1002 679//1002
f 869//1003 679//1003 870//1003
f 870//1004 679//1004 677//1004
f 870//1005 677//1005 871//1005
f 871//1006 677//1006 676//1006
f 871//1007 676//1007 872//1007
f 872//1008 676//1008 674//1008
f 872//1009 674//1009 873//1009
f 653//1010 874//1010 655//1010
f 655//1011 874//1011 875//1011
f 655//1012 875//1012 657//1012
f 657//1013 875//1013 876//1013
f 657//1014 876//1014 671//1014
f 671//1015 876//1015 877//1015
f 671//1016 877//1016 674//1016
f 674//1017 877//1017 878//1017
f 674//1018 878//1018 873//1018
f 651//1019 879//1019 880//1019
f 880//1020 881//1020 651//1020
f 651//1021 881//1021 882//1021
f 651//1022 882//1022 653//1022
f 653//1023 882//1023 883//1023
f 653//1024 883//1024 874//1024
f 879//1025 651//1025 884//1025
f 884//1026 651//1026 649//1026
f 884//1027 649//1027 885//1027
f 647//1028 736//1028 649//1028
f 649//1029 736//1029 886//1029
f 649//1030 886//1030 885//1030
f 647//1031 645//1031 736//1031
f 736//1032 645//1032 643//1032
f 736//1033 643//1033 641//1033
f 641//1034 639//1034 736//1034
f 736//1035 639//1035 637//1035
f 736//1036 637//1036 635//1036
f 635//1037 632//1037 736//1037
f 736//1038 632//1038 629//1038
f 736//1039 629//1039 737//1039
f 737//1039 629//1039 618//1039
f 737//1040 618//1040 616//1040
f 616//1041 614//1041 737//1041
f 737//1042 614//1042 612//1042
f 737//1043 612//1043 610//1043
f 887//1044 888//1044 604//1044
f 604//1045 888//1045 889//1045
f 610//1046 608//1046 737//1046
f 737//1047 608//1047 606//1047
f 737//1048 606//1048 890//1048
f 890//1049 606//1049 604//1049
f 890//1050 604//1050 891//1050
f 891//1051 604//1051 889//1051
f 887//1052 604//1052 892//1052
f 892//1053 604//1053 602//1053
f 892//1054 602//1054 893//1054
f 599//1055 894//1055 602//1055
f 602//1056 894//1056 895//1056
f 602//1057 895//1057 893//1057
f 896//1058 897//1058 589//1058
f 589//1059 897//1059 898//1059
f 589//1060 898//1060 599//1060
f 599//1061 898//1061 899//1061
f 599//1062 899//1062 894//1062
f 587//1063 900//1063 594//1063
f 594//1064 900//1064 901//1064
f 896//1065 589//1065 902//1065
f 902//1066 589//1066 591//1066
f 902//1067 591//1067 901//1067
f 901//1068 591//1068 593//1068
f 901//1069 593//1069 594//1069
f 903//1070 904//1070 584//1070
f 584//1071 904//1071 905//1071
f 584//1072 905//1072 585//1072
f 585//1073 905//1073 906//1073
f 585//1074 906//1074 587//1074
f 587//1075 906//1075 907//1075
f 587//1076 907//1076 900//1076
f 584//1077 581//1077 903//1077
f 903//1078 581//1078 580//1078
f 903//1079 580//1079 908//1079
f 908//1080 580//1080 574//1080
f 908//1081 574//1081 909//1081
f 909//1082 574//1082 529//1082
f 909//1083 529//1083 910//1083
f 910//1084 529//1084 911//1084
f 565//1085 912//1085 567//1085
f 567//1086 912//1086 911//1086
f 567//1087 911//1087 528//1087
f 528//1088 911//1088 529//1088
f 565//1089 563//1089 912//1089
f 912//1090 563//1090 561//1090
f 912//1091 561//1091 853//1091
f 853//1092 561//1092 560//1092
f 853//1093 560//1093 558//1093
f 913//5 831//5 276//5
f 276//5 831//5 274//5
f 840//1094 914//1094 821//1094
f 821//1095 914//1095 915//1095
f 821//1096 915//1096 740//1096
f 916//1097 917//1097 838//1097
f 838//1098 917//1098 918//1098
f 838//1099 918//1099 840//1099
f 840//1100 918//1100 919//1100
f 840//1101 919//1101 914//1101
f 920//1102 921//1102 836//1102
f 836//1103 921//1103 922//1103
f 836//1104 922//1104 838//1104
f 838//1105 922//1105 923//1105
f 838//1106 923//1106 916//1106
f 924//1107 920//1107 925//1107
f 925//1108 920//1108 836//1108
f 925//1109 836//1109 926//1109
f 926//1110 836//1110 834//1110
f 831//1111 913//1111 832//1111
f 832//1112 913//1112 927//1112
f 927//1113 928//1113 832//1113
f 832//1114 928//1114 929//1114
f 832//1115 929//1115 834//1115
f 834//1116 929//1116 930//1116
f 834//1117 930//1117 926//1117
f 931//1118 932//1118 933//1118
f 924//1119 934//1119 920//1119
f 920//1120 934//1120 935//1120
f 920//1121 935//1121 931//1121
f 932//1122 936//1122 875//1122
f 875//1123 936//1123 937//1123
f 875//1124 937//1124 876//1124
f 876//1125 937//1125 877//1125
f 932//1126 875//1126 933//1126
f 933//1127 875//1127 874//1127
f 933//1128 874//1128 938//1128
f 938//1129 874//1129 883//1129
f 938//1130 883//1130 939//1130
f 939//1131 883//1131 882//1131
f 939//1132 882//1132 940//1132
f 940//1133 882//1133 881//1133
f 940//1134 881//1134 941//1134
f 941//1135 881//1135 880//1135
f 941//1136 880//1136 942//1136
f 942//1137 880//1137 879//1137
f 942//1138 879//1138 943//1138
f 943//1139 879//1139 884//1139
f 943//1140 884//1140 944//1140
f 944//1141 884//1141 885//1141
f 944//1142 885//1142 945//1142
f 945//1143 885//1143 886//1143
f 945//1144 886//1144 946//1144
f 946//1145 886//1145 736//1145
f 946//1146 736//1146 738//1146
f 931//1147 933//1147 920//1147
f 920//1148 933//1148 938//1148
f 920//1149 938//1149 921//1149
f 921//1150 938//1150 939//1150
f 921//1151 939//1151 922//1151
f 922//1152 939//1152 940//1152
f 922//1153 940//1153 923//1153
f 923//1154 940//1154 941//1154
f 923//1155 941//1155 916//1155
f 916//1156 941//1156 942//1156
f 916//1157 942//1157 917//1157
f 917//1158 942//1158 943//1158
f 917//1159 943//1159 918//1159
f 918//1160 943//1160 944//1160
f 918//1161 944//1161 919//1161
f 919//1162 944//1162 945//1162
f 919//1163 945//1163 914//1163
f 914//1164 945//1164 946//1164
f 914//1165 946//1165 915//1165
f 915//1166 946//1166 738//1166
f 915//1167 738//1167 740//1167
f 864//1168 947//1168 863//1168
f 935//1169 934//1169 948//1169
f 948//1170 877//1170 937//1170
f 931//1171 935//1171 932//1171
f 932//1172 935//1172 948//1172
f 932//1173 948//1173 936//1173
f 936//1174 948//1174 937//1174
f 877//1175 948//1175 878//1175
f 878//1176 948//1176 949//1176
f 878//1177 949//1177 873//1177
f 949//1178 950//1178 873//1178
f 873//1179 950//1179 951//1179
f 873//1180 951//1180 872//1180
f 872//1181 951//1181 871//1181
f 871//1182 951//1182 952//1182
f 871//1183 952//1183 953//1183
f 954//1184 868//1184 955//1184
f 955//1185 868//1185 869//1185
f 955//1186 869//1186 953//1186
f 953//1187 869//1187 870//1187
f 953//1188 870//1188 871//1188
f 947//1189 864//1189 956//1189
f 956//1190 864//1190 865//1190
f 956//1191 865//1191 957//1191
f 957//1192 865//1192 866//1192
f 957//1193 866//1193 954//1193
f 954//1194 866//1194 867//1194
f 954//1195 867//1195 868//1195
f 863//1196 947//1196 862//1196
f 862//1197 947//1197 958//1197
f 862//1198 958//1198 861//1198
f 861//1199 958//1199 959//1199
f 861//1200 959//1200 860//1200
f 860//1201 959//1201 858//1201
f 858//1202 959//1202 960//1202
f 858//1203 960//1203 859//1203
f 859//1204 960//1204 961//1204
f 859//1205 961//1205 857//1205
f 857//1206 961//1206 856//1206
f 856//1207 961//1207 962//1207
f 856//1208 962//1208 845//1208
f 963//1209 842//1209 964//1209
f 964//1210 842//1210 850//1210
f 964//1211 850//1211 965//1211
f 965//1212 850//1212 848//1212
f 845//1213 962//1213 846//1213
f 846//1214 962//1214 966//1214
f 846//1215 966//1215 848//1215
f 848//1216 966//1216 967//1216
f 848//1217 967//1217 965//1217
f 843//1218 968//1218 844//1218
f 844//1219 968//1219 969//1219
f 844//1220 969//1220 851//1220
f 851//1221 969//1221 970//1221
f 971//1222 849//1222 970//1222
f 970//1223 849//1223 852//1223
f 970//1224 852//1224 851//1224
f 971//1225 972//1225 849//1225
f 849//1226 972//1226 973//1226
f 849//1227 973//1227 847//1227
f 847//1228 973//1228 855//1228
f 973//1229 974//1229 855//1229
f 855//1230 974//1230 975//1230
f 855//1231 975//1231 854//1231
f 854//1232 975//1232 976//1232
f 854//1233 976//1233 853//1233
f 853//1234 976//1234 912//1234
f 912//1235 976//1235 977//1235
f 912//1236 977//1236 911//1236
f 977//1237 978//1237 911//1237
f 911//1238 978//1238 979//1238
f 911//1239 979//1239 910//1239
f 910//1240 979//1240 980//1240
f 910//1241 980//1241 909//1241
f 909//1242 980//1242 981//1242
f 906//1243 905//1243 982//1243
f 982//1244 905//1244 904//1244
f 982//1245 904//1245 983//1245
f 983//1246 904//1246 903//1246
f 983//1247 903//1247 981//1247
f 981//1248 903//1248 908//1248
f 981//1249 908//1249 909//1249
f 982//1250 984//1250 906//1250
f 906//1251 984//1251 985//1251
f 906//1252 985//1252 907//1252
f 907//1253 985//1253 986//1253
f 907//1254 986//1254 900//1254
f 900//1255 986//1255 901//1255
f 901//1256 986//1256 987//1256
f 901//1257 987//1257 988//1257
f 989//1258 990//1258 991//1258
f 992//1259 993//1259 991//1259
f 991//1260 993//1260 994//1260
f 991//1261 994//1261 989//1261
f 995//1262 996//1262 991//1262
f 991//1263 996//1263 997//1263
f 991//1264 997//1264 992//1264
f 988//1265 998//1265 901//1265
f 901//1266 998//1266 999//1266
f 901//1267 999//1267 902//1267
f 902//1268 999//1268 995//1268
f 902//1269 995//1269 896//1269
f 896//1270 995//1270 991//1270
f 896//1271 991//1271 897//1271
f 897//1272 991//1272 990//1272
f 996//1273 1000//1273 997//1273
f 997//1274 1000//1274 1001//1274
f 997//1275 1001//1275 992//1275
f 989//1276 899//1276 990//1276
f 990//1277 899//1277 898//1277
f 990//1278 898//1278 897//1278
f 989//1279 994//1279 1002//1279
f 1002//1280 994//1280 993//1280
f 1002//1281 993//1281 992//1281
f 992//1282 1001//1282 1002//1282
f 1002//1283 1001//1283 1003//1283
f 1002//1284 1003//1284 1004//1284
f 1004//1285 1003//1285 1005//1285
f 1004//1286 1005//1286 1006//1286
f 1006//1287 1005//1287 1007//1287
f 1006//1288 1007//1288 1008//1288
f 1008//1289 1007//1289 1009//1289
f 1008//1290 1009//1290 1010//1290
f 1010//1291 1009//1291 1011//1291
f 1010//1292 1011//1292 1012//1292
f 1012//1293 1011//1293 1013//1293
f 1012//1294 1013//1294 1014//1294
f 1014//1295 1013//1295 1015//1295
f 1014//1296 1015//1296 1016//1296
f 1016//1297 1015//1297 1017//1297
f 1016//1298 1017//1298 1018//1298
f 1018//1299 1017//1299 1019//1299
f 1018//1300 1019//1300 1020//1300
f 1020//1301 1019//1301 741//1301
f 1020//1302 741//1302 739//1302
f 989//1303 1002//1303 899//1303
f 899//1304 1002//1304 1004//1304
f 899//1305 1004//1305 894//1305
f 894//1306 1004//1306 1006//1306
f 894//1307 1006//1307 895//1307
f 895//1308 1006//1308 1008//1308
f 895//1309 1008//1309 893//1309
f 893//1310 1008//1310 1010//1310
f 893//1311 1010//1311 892//1311
f 892//1312 1010//1312 1012//1312
f 892//1313 1012//1313 887//1313
f 887//1314 1012//1314 1014//1314
f 887//1315 1014//1315 888//1315
f 888//1316 1014//1316 1016//1316
f 888//1317 1016//1317 889//1317
f 889//1318 1016//1318 1018//1318
f 889//1319 1018//1319 891//1319
f 891//1320 1018//1320 1020//1320
f 891//1321 1020//1321 890//1321
f 890//1322 1020//1322 739//1322
f 890//1323 739//1323 737//1323
f 1017//1324 1015//1324 744//1324
f 1003//1325 1001//1325 748//1325
f 1021//1326 754//1326 1022//1326
f 1022//1327 754//1327 752//1327
f 1022//1328 752//1328 1023//1328
f 1023//1329 752//1329 1024//1329
f 1024//1330 752//1330 1025//1330
f 1025//1331 752//1331 750//1331
f 1025//1332 750//1332 1026//1332
f 1001//1333 1000//1333 748//1333
f 748//1334 1000//1334 1027//1334
f 748//1335 1027//1335 750//1335
f 750//1336 1027//1336 1028//1336
f 750//1337 1028//1337 1026//1337
f 1011//1338 1009//1338 746//1338
f 746//1339 1009//1339 1007//1339
f 746//1340 1007//1340 748//1340
f 748//1341 1007//1341 1005//1341
f 748//1342 1005//1342 1003//1342
f 744//1343 1015//1343 746//1343
f 746//1344 1015//1344 1013//1344
f 746//1345 1013//1345 1011//1345
f 1017//1346 744//1346 1019//1346
f 1019//1347 744//1347 743//1347
f 1019//1348 743//1348 741//1348
f 754//3 1021//3 256//3
f 256//3 1021//3 255//3
f 963//1349 361//1349 842//1349
f 842//1350 361//1350 294//1350
f 842//1351 294//1351 843//1351
f 843//1352 294//1352 968//1352
f 971//1353 970//1353 362//1353
f 362//1354 970//1354 294//1354
f 294//1355 970//1355 969//1355
f 294//1356 969//1356 968//1356
f 356//1357 974//1357 290//1357
f 290//1358 974//1358 973//1358
f 290//1359 973//1359 362//1359
f 362//1360 973//1360 972//1360
f 362//1361 972//1361 971//1361
f 355//1362 977//1362 358//1362
f 358//1363 977//1363 976//1363
f 358//1364 976//1364 356//1364
f 356//1365 976//1365 975//1365
f 356//1366 975//1366 974//1366
f 280//1367 979//1367 355//1367
f 355//1368 979//1368 978//1368
f 355//1369 978//1369 977//1369
f 985//1370 984//1370 345//1370
f 345//1371 984//1371 982//1371
f 345//1372 982//1372 265//1372
f 265//1373 982//1373 983//1373
f 265//1374 983//1374 353//1374
f 353//1375 983//1375 981//1375
f 353//1376 981//1376 280//1376
f 280//1377 981//1377 980//1377
f 280//1378 980//1378 979//1378
f 985//1379 345//1379 986//1379
f 986//1380 345//1380 352//1380
f 986//1381 352//1381 987//1381
f 995//1382 999//1382 351//1382
f 351//1383 999//1383 998//1383
f 351//1384 998//1384 352//1384
f 352//1385 998//1385 988//1385
f 352//1386 988//1386 987//1386
f 350//1387 255//1387 1021//1387
f 1025//1388 1026//1388 1029//1388
f 1029//1389 1026//1389 1028//1389
f 1029//1390 1028//1390 1027//1390
f 1022//1391 1023//1391 1029//1391
f 1029//1392 1023//1392 1024//1392
f 1029//1393 1024//1393 1025//1393
f 996//1394 995//1394 1000//1394
f 1000//1395 995//1395 351//1395
f 1000//1396 351//1396 1027//1396
f 1027//1397 351//1397 350//1397
f 1027//1398 350//1398 1029//1398
f 1029//1399 350//1399 1021//1399
f 1029//1400 1021//1400 1022//1400
f 289//1401 962//1401 357//1401
f 357//1402 962//1402 961//1402
f 357//1403 961//1403 359//1403
f 359//1404 961//1404 960//1404
f 359//1405 960//1405 360//1405
f 956//1406 957//1406 349//1406
f 960//1407 959//1407 360//1407
f 360//1408 959//1408 958//1408
f 360//1409 958//1409 279//1409
f 279//1410 958//1410 947//1410
f 279//1411 947//1411 354//1411
f 354//1412 947//1412 956//1412
f 354//1413 956//1413 264//1413
f 264//1414 956//1414 349//1414
f 957//1415 954//1415 349//1415
f 349//1416 954//1416 955//1416
f 349//1417 955//1417 348//1417
f 955//1418 953//1418 348//1418
f 348//1419 953//1419 952//1419
f 348//1420 952//1420 347//1420
f 347//1421 952//1421 951//1421
f 951//1422 950//1422 347//1422
f 347//1423 950//1423 949//1423
f 347//1424 949//1424 346//1424
f 949//1425 948//1425 346//1425
f 346//1426 948//1426 934//1426
f 346//1427 934//1427 924//1427
f 929//1428 928//1428 1030//1428
f 1030//1429 928//1429 927//1429
f 1030//1430 927//1430 913//1430
f 925//1431 926//1431 1030//1431
f 1030//1432 926//1432 930//1432
f 1030//1433 930//1433 929//1433
f 913//1434 276//1434 1030//1434
f 1030//1435 276//1435 346//1435
f 1030//1436 346//1436 925//1436
f 925//1437 346//1437 924//1437
f 361//1438 963//1438 363//1438
f 363//1439 963//1439 964//1439
f 964//1440 965//1440 363//1440
f 363//1441 965//1441 967//1441
f 363//1442 967//1442 289//1442
f 289//1443 967//1443 966//1443
f 289//1444 966//1444 962//1444
f 835//262 813//262 833//262
f 833//262 813//262 812//262
f 833//262 812//262 830//262
f 830//262 812//262 273//262
f 812//262 811//262 273//262
f 273//1 811//1 810//1
f 273//262 810//262 275//262
f 275//262 810//262 809//262
f 275//1 809//1 808//1
f 808//262 807//262 275//262
f 275//262 807//262 806//262
f 275//262 806//262 828//262
f 806//1 805//1 828//1
f 828//262 805//262 804//262
f 828//262 804//262 829//262
f 829//1 804//1 815//1
f 829//262 815//262 841//262
f 841//262 815//262 814//262
f 841//262 814//262 839//262
f 839//262 814//262 813//262
f 839//262 813//262 837//262
f 837//1 813//1 835//1
f 274//286 831//286 273//286
f 273//286 831//286 830//286
f 820//3 816//3 278//3
f 278//3 816//3 261//3
f 275//285 828//285 278//285
f 278//285 828//285 820//285
# Vertices: 1030, normals: 1444, texture coordinates: 0, faces: 2086

