# File generated by ImageToStl.com - Free Image and 3D model conversion tools

o obj1
v 0.00265251 0.025 -0.03088631
v 0 0.025 -0.031
v 0.01626136 0.025 -0.031
v 0.01626136 0.025 -0.02639258
v 0.01524206 0.025 -0.02699407
v 0.01287642 0.025 -0.02819925
v 0.01041633 0.025 -0.0291976
v 0.00787985 0.025 -0.0299818
v 0.00528556 0.025 -0.03054608
v -0.01926136 -0.015625 -0.02808253
v -0.01926136 -0.01608253 -0.027625
v -0.01926136 -0.022 -0.033
v -0.01926136 -0.022 -0.024
v -0.01926136 -0.01625 -0.027
v -0.01926136 -0.01608253 -0.026375
v -0.01926136 -0.014375 -0.02591747
v -0.01926136 -0.0075 -0.024
v -0.01926136 -0.015 -0.02575
v -0.01926136 -0.015625 -0.02591747
v -0.01926136 -0.01391747 -0.026375
v -0.01926136 -0.01375 -0.027
v -0.01926136 -0.0075 -0.033
v -0.01926136 -0.01391747 -0.027625
v -0.01926136 -0.014375 -0.02808253
v -0.01926136 -0.015 -0.02825
v -0.0088599 -0.00319693 -0.031
v -0.00962199 -0.00313897 -0.031
v -0.00390232 -0.01096621 -0.031
v 0.01776136 0.02459808 -0.031
v 0.009 0.0032 -0.031
v 0 -0.0122 -0.031
v -0.0016 -0.01177128 -0.031
v -0.00045868 -0.01588018 -0.031
v 0.0032 0.009 -0.031
v 0.00622872 0.0016 -0.031
v 0.00277128 0.0106 -0.031
v 0.0074 0.00277128 -0.031
v -0.01488217 0.00385161 -0.031
v -0.01199583 0.00112472 -0.031
v -0.0111407 0.00237853 -0.031
v -0.00277128 -0.0074 -0.031
v -0.0016 -0.00622872 -0.031
v 0.00277128 0.0074 -0.031
v 0 -0.0058 -0.031
v 0.0016 -0.00622872 -0.031
v 0.0016 0.00622872 -0.031
v 0 0.0058 -0.031
v -0.0032 -0.009 -0.031
v -0.0016 0.00622872 -0.031
v -0.00740271 -0.00277284 -0.031
v -0.00277128 0.0074 -0.031
v -0.00980407 0.00309733 -0.031
v 0.0074 -0.00277128 -0.031
v 0.00622872 -0.0016 -0.031
v 0.0058 -0 -0.031
v -0.01626136 0.025 -0.031
v -0.0016 0.01177128 -0.031
v 0 0.0122 -0.031
v 0.0106 0.00277128 -0.031
v 0.01177128 0.0016 -0.031
v 0.01926136 0.022 -0.031
v 0.0122 -0 -0.031
v 0.01926136 -0.022 -0.031
v 0.01177128 -0.0016 -0.031
v 0.0106 -0.00277128 -0.031
v 0.009 -0.0032 -0.031
v 0.001742 -0.025 -0.031
v -0.00277128 -0.0106 -0.031
v -0.00630479 -0.00172506 -0.031
v -0.0058131 -0.00028927 -0.031
v -0.01926136 0.0075 -0.031
v -0.0032 0.009 -0.031
v -0.01926136 0.022 -0.031
v -0.00277128 0.0106 -0.031
v -0.01885944 0.0235 -0.031
v -0.01776136 0.02459808 -0.031
v 0.0016 0.01177128 -0.031
v -0.00828658 0.00311946 -0.031
v -0.00692956 0.00243993 -0.031
v -0.00603824 0.00121159 -0.031
v -0.01406167 0.00303652 -0.031
v -0.01397807 0.00292113 -0.031
v -0.01217709 0.00038223 -0.031
v -0.01926136 0.0041002 -0.031
v -0.01818668 0.0045276 -0.031
v -0.01703465 0.00462967 -0.031
v -0.01590157 0.00439788 -0.031
v -0.00027655 -0.0161717 -0.031
v 4.686E-05 -0.01687855 -0.031
v 0.0016 -0.01177128 -0.031
v 0.00023398 -0.0175869 -0.031
v 0.0010996 -0.02501799 -0.031
v 0.0003039 -0.01837854 -0.031
v 0.0003039 -0.02515793 -0.031
v 0.01885944 0.0235 -0.031
v 0.01885944 -0.0235 -0.031
v 0.01776136 -0.02459808 -0.031
v 0.01626136 -0.025 -0.031
v 0.00277128 -0.0074 -0.031
v 0.0032 -0.009 -0.031
v 0.00277128 -0.0106 -0.031
v 0.00147362 -0.02500229 -0.031
v -0.02418924 0.02760044 -0.031
v -0.02226136 0.006 -0.031
v -0.02275082 0.03128738 -0.031
v -0.02226136 0.0352146 -0.031
v -0.02648863 -0.02437934 -0.031
v -0.02418924 -0.02760044 -0.031
v -0.02226136 -0.006 -0.031
v -0.02275082 -0.03128738 -0.031
v -0.02226136 -0.0352146 -0.031
v -0.01937152 0.00693579 -0.031
v -0.02648863 0.02437934 -0.031
v -0.03013961 0.01968766 -0.031
v -0.03296869 0.0144591 -0.031
v -0.02126136 0.0006361 -0.031
v -0.02102013 0.00200418 -0.031
v -0.02032554 0.00320725 -0.031
v -0.03489872 0.00883625 -0.031
v -0.03587708 0.00297244 -0.031
v -0.03587708 -0.00297244 -0.031
v -0.03489872 -0.00883625 -0.031
v -0.03296869 -0.0144591 -0.031
v -0.03013961 -0.01968766 -0.031
v -0.02126136 -0.006 -0.031
v -0.01969571 0.00644435 -0.031
v -0.02018407 0.00611554 -0.031
v -0.02076136 0.006 -0.031
v -0.012 -0.03225 -0.033
v -0.012 -0.02996583 -0.033
v -0.012 -0.03225 -0.03059412
v -0.012 -0.02996583 -0.03059412
v -0.01275625 -0.008805 -0.0385
v -0.01449275 -0.00549638 -0.0385
v -0.00359707 -0.00376969 -0.0385
v -0.0016 -0.009 -0.0385
v -0.00138564 -0.0082 -0.0385
v -0.00323105 -0.00413571 -0.0385
v -0.0008 -0.00761436 -0.0385
v -0.00138564 -0.0098 -0.0385
v -0.00370939 -0.0150496 -0.0385
v -0.0008 -0.01038564 -0.0385
v 0 -0.0155 -0.0385
v 0 -0.0106 -0.0385
v 0.00370939 -0.0150496 -0.0385
v 0.0008 -0.01038564 -0.0385
v 0.00720321 -0.01372457 -0.0385
v 0.00138564 -0.0098 -0.0385
v 0.0102784 -0.01160192 -0.0385
v 0.0016 -0.009 -0.0385
v 0.00359707 -0.00376969 -0.0385
v 0.00386825 -0.0033 -0.0385
v 0.01513898 -0.00332585 -0.0385
v 0.00323105 -0.00413571 -0.0385
v -0.00196611 -0.00486603 -0.0385
v -0.00146611 -0.005 -0.0385
v 0 -0.0074 -0.0385
v 0.00146611 -0.005 -0.0385
v 0.0008 -0.00761436 -0.0385
v 0.00196611 -0.00486603 -0.0385
v 0.00138564 -0.0082 -0.0385
v 0.01449275 -0.00549638 -0.0385
v 0.01275625 -0.008805 -0.0385
v -0.0102784 -0.01160192 -0.0385
v -0.00720321 -0.01372457 -0.0385
v -0.01538699 -0.00186832 -0.0385
v -0.0106 -0 -0.0385
v -0.01038564 -0.0008 -0.0385
v -0.00506318 -0.00123031 -0.0385
v -0.00761436 -0.0008 -0.0385
v -0.009 0.0016 -0.0385
v -0.0098 0.00138564 -0.0385
v -0.01275625 0.008805 -0.0385
v -0.00519716 -0.00073031 -0.0385
v -0.0098 -0.00138564 -0.0385
v -0.009 -0.0016 -0.0385
v -0.0082 -0.00138564 -0.0385
v -0.01038564 0.0008 -0.0385
v -0.01538699 0.00186832 -0.0385
v -0.01449275 0.00549638 -0.0385
v -0.00519716 0.00073031 -0.0385
v -0.0074 -0 -0.0385
v -0.00516308 0.00098913 -0.0385
v -0.00761436 0.0008 -0.0385
v -0.00506318 0.00123031 -0.0385
v -0.00340277 0.01512188 -0.0385
v -0.0034018 0.00401137 -0.0385
v -0.00343815 0.0039768 -0.0385
v -0.00370939 0.0150496 -0.0385
v -0.0082 0.00138564 -0.0385
v -0.00720321 0.01372457 -0.0385
v -0.0102784 0.01160192 -0.0385
v -0.00359707 0.00376969 -0.0385
v 0.0098 -0.00138564 -0.0385
v 0.01038564 -0.0008 -0.0385
v 0.009 -0.0016 -0.0385
v 0.0082 -0.00138564 -0.0385
v 0.0098 0.00138564 -0.0385
v 0.01449275 0.00549638 -0.0385
v 0.01038564 0.0008 -0.0385
v 0.01538699 0.00186832 -0.0385
v 0.0106 -0 -0.0385
v -0.00146611 0.005 -0.0385
v -0.00196611 0.00486603 -0.0385
v -0.0008 0.00761436 -0.0385
v -0.00323105 0.00413571 -0.0385
v -0.00138564 0.0082 -0.0385
v -0.0016 0.009 -0.0385
v -0.00138564 0.0098 -0.0385
v 0.00146611 0.005 -0.0385
v 0 0.0074 -0.0385
v 0.00172493 0.00496593 -0.0385
v 0.0008 0.00761436 -0.0385
v 0.00196611 0.00486603 -0.0385
v 0.01538699 -0.00186832 -0.0385
v 0.00138564 0.0082 -0.0385
v 0.00359707 0.00376969 -0.0385
v 0.00323105 0.00413571 -0.0385
v 0.0102784 0.01160192 -0.0385
v 0.0016 0.009 -0.0385
v 0.00720321 0.01372457 -0.0385
v 0.00138564 0.0098 -0.0385
v 0.00370939 0.0150496 -0.0385
v 0.0008 0.01038564 -0.0385
v 0 0.0155 -0.0385
v 0 0.0106 -0.0385
v -0.0008 0.01038564 -0.0385
v 0.00761436 0.0008 -0.0385
v 0.00516308 0.00098913 -0.0385
v 0.00506318 0.00123031 -0.0385
v 0.0082 0.00138564 -0.0385
v 0.009 0.0016 -0.0385
v 0.01275625 0.008805 -0.0385
v 0.00761436 -0.0008 -0.0385
v 0.00506318 -0.00123031 -0.0385
v 0.0074 -0 -0.0385
v 0.00519716 -0.00073031 -0.0385
v 0.00519716 0.00073031 -0.0385
v 0.03505932 0.00817583 -0.031
v 0.03505932 0.001 -0.031
v 0.03547484 0.00612662 -0.031
v 0.03598611 0.001 -0.031
v -0.02076136 -0.03675 -0.023
v -0.0205 -0.03675 -0.023
v -0.0205 -0.03275 -0.023
v -0.02026136 -0.0075 -0.023
v -0.02226136 -0.0075 -0.023
v -0.02026136 -0.022 -0.023
v -0.02151136 -0.03654904 -0.023
v -0.0220604 -0.036 -0.023
v -0.02226136 -0.03525 -0.023
v -0.01926136 -0.03225 -0.023
v -0.01926136 -0.02464575 -0.023
v -0.02003122 -0.03275 -0.023
v -0.01980059 -0.02386382 -0.023
v -0.02014446 -0.02295996 -0.023
v -0.02226136 -0.0352146 -0.0345
v -0.02226136 -0.03525 -0.0345
v -0.02226136 -0.00620096 -0.02375
v -0.02226136 -0.006 -0.0245
v -0.02226136 -0.013475 -0.027
v -0.02226136 -0.0157625 -0.02567931
v -0.02226136 -0.015 -0.025475
v -0.02226136 -0.0142375 -0.02567931
v -0.02226136 -0.01367931 -0.0262375
v -0.02226136 -0.01367931 -0.0277625
v -0.02226136 -0.0142375 -0.02832069
v -0.02226136 -0.015 -0.028525
v -0.02226136 -0.0157625 -0.02832069
v -0.02226136 -0.00675 -0.02320096
v -0.02226136 -0.01632069 -0.0262375
v -0.02226136 -0.016525 -0.027
v -0.02226136 -0.01632069 -0.0277625
v 0.00224942 -0.026 -0.02991555
v 0.00224942 -0.03225 -0.02991555
v 0.00452287 -0.026 -0.0296571
v 0.00677001 -0.03225 -0.02922614
v 0.01113329 -0.03225 -0.02785767
v 0.00897776 -0.026 -0.02862516
v 0.00677001 -0.026 -0.02922614
v 0.0152379 -0.03225 -0.02584195
v 0.01322406 -0.026 -0.02692813
v 0.01113329 -0.026 -0.02785767
v 0.0180171 -0.0252323 -0.02398716
v 0.01898847 -0.03225 -0.02322581
v 0.01861281 -0.0246773 -0.02352792
v 0.01898847 -0.02417026 -0.02322581
v 0.01735183 -0.02563523 -0.02447272
v 0.01653397 -0.02591426 -0.02503254
v 0.0157368 -0.026 -0.0255412
v 0.01366486 -0.025 -0.02782574
v 0.01626136 -0.025 -0.02639258
v 0.0115044 -0.025 -0.02878626
v 0.00467363 -0.025 -0.03064567
v 0.0023244 -0.025 -0.03091273
v 0.00699567 -0.025 -0.03020034
v 0.00927702 -0.025 -0.02957933
v 0.03598611 0.001 -0.0345
v 0.03549569 0.00600463 -0.0345
v 0.03232525 0.01584545 -0.0345
v 0.03335178 0.01355209 -0.03085314
v 0.03426559 0.01103945 -0.0345
v 0.03423701 0.01112776 -0.03096613
v 0.0297149 0.02032302 -0.0345
v 0.03098872 0.0183221 -0.03013401
v 0.03229797 0.01590099 -0.03061119
v 0.02648863 0.02437934 -0.02615202
v 0.02733918 0.02342156 -0.02735605
v 0.02648863 0.02437934 -0.0345
v 0.02841736 0.02210099 -0.02847558
v 0.02969742 0.02034855 -0.02944097
v 0.01734682 0.0256376 -0.02447627
v 0.01802958 0.02522287 -0.02397779
v 0.01898847 0.03225 -0.02322581
v 0.01852085 0.02477916 -0.02360038
v 0.01898847 0.02417026 -0.02322581
v 0.01475038 0.026 -0.02612329
v 0.0157368 0.026 -0.0255412
v 0.01475038 0.03225 -0.02612329
v 0.01605612 0.02598637 -0.02534169
v 0.0168376 0.02583485 -0.02482932
v 0.01246105 0.026 -0.0272896
v 0.01008032 0.03225 -0.02825574
v 0.01008032 0.026 -0.02825574
v 0.00762566 0.026 -0.02901464
v 0.00511506 0.03225 -0.02956072
v 0.00511506 0.026 -0.02956072
v 0.00256694 0.026 -0.02988998
v 0 0.03225 -0.03
v 0 0.026 -0.03
v -0.00256694 0.026 -0.02988998
v -0.00511506 0.03225 -0.02956072
v -0.00511506 0.026 -0.02956072
v -0.00762566 0.026 -0.02901464
v -0.01008032 0.03225 -0.02825574
v -0.01008032 0.026 -0.02825574
v -0.01246105 0.026 -0.0272896
v -0.01475038 0.03225 -0.02612329
v -0.01475038 0.026 -0.02612329
v -0.0180171 0.0252323 -0.02398716
v -0.01898847 0.03225 -0.02322581
v -0.01861281 0.0246773 -0.02352792
v -0.01898847 0.02417026 -0.02322581
v -0.01735183 0.02563523 -0.02447272
v -0.01653397 0.02591426 -0.02503254
v -0.0157368 0.026 -0.0255412
v 0 0.006 -0.035
v 0 0.006 -0.0312
v 0.0015 0.00640192 -0.035
v 0.0015 0.00640192 -0.0312
v 0.00259808 0.0075 -0.035
v 0.00259808 0.0075 -0.0312
v 0.003 0.009 -0.035
v 0.003 0.009 -0.0312
v 0.00259808 0.0105 -0.035
v 0.00259808 0.0105 -0.0312
v 0.0015 0.01159808 -0.035
v 0.0015 0.01159808 -0.0312
v 0 0.012 -0.035
v 0 0.012 -0.0312
v -0.0015 0.01159808 -0.035
v -0.0015 0.01159808 -0.0312
v -0.00259808 0.0105 -0.035
v -0.00259808 0.0105 -0.0312
v -0.003 0.009 -0.035
v -0.003 0.009 -0.0312
v -0.00259808 0.0075 -0.035
v -0.00259808 0.0075 -0.0312
v -0.0015 0.00640192 -0.035
v -0.0015 0.00640192 -0.0312
v -0.009 -0.003 -0.035
v -0.01009209 -0.00279416 -0.03123331
v -0.00958312 -0.00294278 -0.0312
v -0.01159808 -0.0015 -0.035
v -0.01142815 -0.00176184 -0.03141234
v -0.0105 -0.00259808 -0.035
v -0.01119597 -0.00204394 -0.03140003
v -0.01105834 -0.00218249 -0.03138405
v -0.01061832 -0.00252607 -0.03131363
v -0.01049956 -0.00259833 -0.03129347
v -0.0101213 -0.00278257 -0.03123689
v -0.012 -2.3E-06 -0.03121648
v -0.01199315 -0.00020262 -0.03123676
v -0.012 -0 -0.035
v -0.01186372 -0.00089395 -0.03133392
v -0.01159898 -0.00149843 -0.03140311
v -0.01197852 0.00035834 -0.0312
v -0.01159808 0.0015 -0.035
v -0.01180859 0.00105443 -0.0312
v -0.009 -0.003 -0.0312
v -0.00886866 -0.00299712 -0.0312
v -0.0075 -0.00259808 -0.035
v -0.00750254 -0.00259954 -0.0312
v -0.00647324 -0.00161724 -0.0312
v -0.00640192 -0.0015 -0.035
v -0.00640192 -0.0015 -0.0312
v -0.00601228 -0.00027119 -0.0312
v -0.006 -0 -0.035
v -0.006 -0 -0.0312
v -0.00622335 0.00113587 -0.0312
v -0.00640192 0.0015 -0.035
v -0.00640192 0.0015 -0.0312
v -0.00705896 0.00228744 -0.0312
v -0.0075 0.00259808 -0.035
v -0.0075 0.00259808 -0.0312
v -0.00833117 0.00292449 -0.0312
v -0.009 0.003 -0.035
v -0.009 0.003 -0.0312
v -0.00975382 0.00290375 -0.0312
v -0.0105 0.00259808 -0.035
v -0.0105 0.00259808 -0.0312
v -0.01100691 0.00222987 -0.0312
v -0.01159808 0.0015 -0.0312
v 0 -0.012 -0.035
v 0 -0.012 -0.0312
v 0.0015 -0.01159808 -0.035
v 0.0015 -0.01159808 -0.0312
v 0.00259808 -0.0105 -0.035
v 0.00259808 -0.0105 -0.0312
v 0.003 -0.009 -0.035
v 0.003 -0.009 -0.0312
v 0.00259808 -0.0075 -0.035
v 0.00259808 -0.0075 -0.0312
v 0.0015 -0.00640192 -0.035
v 0.0015 -0.00640192 -0.0312
v 0 -0.006 -0.035
v 0 -0.006 -0.0312
v -0.0015 -0.00640192 -0.035
v -0.0015 -0.00640192 -0.0312
v -0.00259808 -0.0075 -0.035
v -0.00259808 -0.0075 -0.0312
v -0.003 -0.009 -0.035
v -0.003 -0.009 -0.0312
v -0.00259808 -0.0105 -0.035
v -0.00259808 -0.0105 -0.0312
v -0.0015 -0.01159808 -0.035
v -0.0015 -0.01159808 -0.0312
v 0.009 -0.003 -0.035
v 0.009 -0.003 -0.0312
v 0.0105 -0.00259808 -0.035
v 0.0105 -0.00259808 -0.0312
v 0.01159808 -0.0015 -0.035
v 0.01159808 -0.0015 -0.0312
v 0.012 -0 -0.035
v 0.012 -0 -0.0312
v 0.01159808 0.0015 -0.035
v 0.01159808 0.0015 -0.0312
v 0.0105 0.00259808 -0.035
v 0.0105 0.00259808 -0.0312
v 0.009 0.003 -0.035
v 0.009 0.003 -0.0312
v 0.0075 0.00259808 -0.035
v 0.0075 0.00259808 -0.0312
v 0.00640192 0.0015 -0.035
v 0.00640192 0.0015 -0.0312
v 0.006 -0 -0.035
v 0.006 -0 -0.0312
v 0.00640192 -0.0015 -0.035
v 0.00640192 -0.0015 -0.0312
v 0.0075 -0.00259808 -0.035
v 0.0075 -0.00259808 -0.0312
v -0.01609421 -0.02598291 -0.02531751
v -0.01687787 -0.02582227 -0.02480197
v -0.01724686 -0.03225 -0.02454681
v -0.01801709 -0.02523231 -0.02398717
v -0.01861281 -0.0246773 -0.02352792
v -0.01735183 -0.02563523 -0.02447272
v -0.01907572 -0.02402386 -0.0231542
v -0.01910118 -0.02404813 -0.0231332
v -0.01916868 -0.02414755 -0.0230773
v -0.01922456 -0.02430453 -0.02303077
v -0.01528486 -0.02615185 -0.0258142
v -0.01457143 -0.03225 -0.02622353
v -0.01457143 -0.02646936 -0.02622353
v 0.035 0.001 -0.035
v 0.035 -0 -0.035
v 0.03497032 0.00144107 -0.035
v -0.02076136 -0.03625 -0.035
v -0.02126136 -0.03611603 -0.035
v -0.02162739 -0.03575 -0.035
v -0.02 -0.03275 -0.035
v -0.02 -0.03625 -0.035
v -0.02176136 -0.0352146 -0.035
v -0.02176136 -0.03525 -0.035
v 0.02162739 -0.03575 -0.035
v 0.02126136 -0.03611603 -0.035
v 0.02176136 -0.03525 -0.035
v 0.02076136 -0.03625 -0.035
v 0.02 -0.03625 -0.035
v 0.03548591 0.001 -0.035
v 0.03473319 0.00431345 -0.035
v 0.0350027 0.00592124 -0.035
v 0.0344055 0.00542888 -0.035
v 0.03378968 0.01088612 -0.035
v 0.03378968 -0.01088612 -0.035
v 0.03280441 -0.00707259 -0.035
v 0.03373943 -0.00638171 -0.035
v 0.02126136 0.03611603 -0.035
v 0.02162739 0.03575 -0.035
v 0.02076136 0.03625 -0.035
v 0.02176136 0.03525 -0.035
v 0.02 0.03625 -0.035
v 0.02176136 0.0352146 -0.035
v 0.02 0.03275 -0.035
v 0.0350027 -0.00592124 -0.035
v 0.035 -0.001 -0.035
v 0.03497032 -0.00144107 -0.035
v 0.03548591 -0.001 -0.035
v 0.03473319 -0.00431345 -0.035
v 0.0344055 -0.00542888 -0.035
v 0.02822245 -0.00684014 -0.035
v 0.02 -0.03275 -0.035
v 0.0273428 -0.00619902 -0.035
v 0.02669498 -0.00532429 -0.035
v 0.02822245 0.00684014 -0.035
v 0.0273428 0.00619902 -0.035
v 0.00743557 0.0141673 -0.035
v 0.01496026 -0.00567368 -0.035
v 0.01316774 -0.00908904 -0.035
v 0.02669498 0.00532429 -0.035
v 0.01060996 -0.01197617 -0.035
v -0.02288979 -0.02921753 -0.035
v 0.00382905 -0.01553507 -0.035
v 0.00743557 -0.0141673 -0.035
v 0.03169797 -0.00742945 -0.035
v 0.03187629 -0.01562537 -0.035
v 0.0305355 -0.00741509 -0.035
v 0.02930219 -0.02004075 -0.035
v 0.02925351 -0.00718904 -0.035
v 0.01588334 -0.00192859 -0.035
v 0.01588334 0.00192859 -0.035
v 0.01496026 0.00567368 -0.035
v 0.02633821 0.00429592 -0.035
v 0.02630512 0.00320793 -0.035
v 0.0265 -0 -0.035
v -0.02204592 -0.03216345 -0.035
v 0.02633821 -0.00429592 -0.035
v 0.02630512 -0.00320793 -0.035
v 0.02612074 -0.02404074 -0.035
v 0.02426386 -0.02647847 -0.035
v 0.02288979 -0.02921753 -0.035
v 0.02204592 -0.03216345 -0.035
v 0.02176136 -0.0352146 -0.035
v 0.01316774 0.00908904 -0.035
v 0.01060996 0.01197617 -0.035
v 0.00382905 0.01553507 -0.035
v 0 0.016 -0.035
v -0.02 0.03275 -0.035
v -0.00382905 0.01553507 -0.035
v -0.00743557 0.0141673 -0.035
v 0.03373943 0.00638171 -0.035
v 0.03280441 0.00707259 -0.035
v 0.03187629 0.01562537 -0.035
v 0.03169797 0.00742945 -0.035
v 0.02930219 0.02004075 -0.035
v 0.0305355 0.00741509 -0.035
v 0.02612074 0.02404074 -0.035
v 0.02925351 0.00718904 -0.035
v 0.02426386 0.02647847 -0.035
v 0.02288979 0.02921753 -0.035
v 0.02204592 0.03216345 -0.035
v -0.01060996 0.01197617 -0.035
v -0.02426386 0.02647847 -0.035
v -0.02288979 0.02921753 -0.035
v -0.02162739 0.03575 -0.035
v -0.02126136 0.03611603 -0.035
v -0.02176136 0.03525 -0.035
v -0.02076136 0.03625 -0.035
v -0.02176136 0.0352146 -0.035
v -0.02 0.03625 -0.035
v -0.02204592 0.03216345 -0.035
v -0.01496026 -0.00567368 -0.035
v -0.03441402 -0.00871352 -0.035
v -0.01588334 -0.00192859 -0.035
v -0.03537878 -0.00293115 -0.035
v -0.01588334 0.00192859 -0.035
v -0.01060996 -0.01197617 -0.035
v -0.00743557 -0.0141673 -0.035
v -0.00382905 -0.01553507 -0.035
v 0 -0.016 -0.035
v -0.03537878 0.00293115 -0.035
v -0.03441402 0.00871352 -0.035
v -0.01496026 0.00567368 -0.035
v -0.03251079 0.01425828 -0.035
v -0.01316774 0.00908904 -0.035
v -0.029721 0.01941422 -0.035
v -0.02612074 0.02404074 -0.035
v -0.02426386 -0.02647847 -0.035
v -0.02612074 -0.02404074 -0.035
v -0.01316774 -0.00908904 -0.035
v -0.029721 -0.01941422 -0.035
v -0.03251079 -0.01425828 -0.035
v 0.01962142 -0.02417026 -0.023
v 0.01962142 -0.03225 -0.023
v 0.0205 -0.03225 -0.023
v 0.02076136 -0.03675 -0.023
v 0.02151136 -0.03654904 -0.023
v 0.0220604 -0.036 -0.023
v 0.02226136 0.03525 -0.023
v 0.02076136 0.03675 -0.023
v 0.02226136 0.0352146 -0.023
v 0.0205 0.03675 -0.023
v 0.02275082 0.03128738 -0.023
v 0.0205 0.03225 -0.023
v 0.02305932 0.03022482 -0.023
v 0.01962142 0.03225 -0.023
v 0.01962142 0.02417026 -0.023
v 0.02009804 -0.02313132 -0.023
v 0.02305932 -0.03022482 -0.023
v 0.02275082 -0.03128738 -0.023
v 0.02226136 -0.0352146 -0.023
v 0.0205 -0.03675 -0.023
v 0.02226136 -0.03525 -0.023
v 0.02009804 0.02313132 -0.023
v 0.02026136 0.022 -0.023
v 0.02026136 -0.022 -0.023
v 0.02214718 0.03582403 -0.023
v 0.02182202 0.03631066 -0.023
v 0.02133539 0.03663582 -0.023
v -0.01962142 0.02417026 -0.023
v -0.01962142 0.03225 -0.023
v -0.02009804 0.02313132 -0.023
v -0.0205 0.03225 -0.023
v -0.02026136 0.022 -0.023
v -0.0205 0.03675 -0.023
v -0.02076136 0.03675 -0.023
v -0.02151136 0.03654904 -0.023
v -0.02026136 0.0075 -0.023
v -0.02226136 0.0075 -0.023
v -0.02226136 0.03525 -0.023
v -0.0220604 0.036 -0.023
v 0.00382905 -0.01553507 -0.038
v 0.00743557 -0.0141673 -0.038
v 0.01060996 -0.01197617 -0.038
v 0.01316774 -0.00908904 -0.038
v 0.01496026 -0.00567368 -0.038
v 0.01588334 -0.00192859 -0.038
v 0.01588334 0.00192859 -0.038
v 0.01496026 0.00567368 -0.038
v 0.01316774 0.00908904 -0.038
v 0.01060996 0.01197617 -0.038
v 0.00743557 0.0141673 -0.038
v 0.00382905 0.01553507 -0.038
v 0 0.016 -0.038
v -0.00382905 0.01553507 -0.038
v -0.00743557 0.0141673 -0.038
v -0.01060996 0.01197617 -0.038
v -0.01316774 0.00908904 -0.038
v -0.01496026 0.00567368 -0.038
v -0.01588334 0.00192859 -0.038
v -0.01588334 -0.00192859 -0.038
v -0.01496026 -0.00567368 -0.038
v -0.01316774 -0.00908904 -0.038
v -0.01060996 -0.01197617 -0.038
v -0.00743557 -0.0141673 -0.038
v -0.00382905 -0.01553507 -0.038
v 0 -0.016 -0.038
v -0.02 0.03655 -0.0347
v -0.02 0.03655 -0.0235
v -0.02 0.03275 -0.0235
v 0.02 0.03655 -0.0235
v 0.02 0.03655 -0.0347
v 0.02 0.03275 -0.0235
v -0.01632069 0.03275 -0.0302375
v -0.016525 0.03275 -0.031
v -0.01632069 0.03275 -0.0317625
v 0.01499622 0.03275 -0.02655868
v 0.01930494 0.03275 -0.0236129
v 0.0157625 0.03275 -0.02967931
v 0.015 0.03275 -0.032525
v 0.0157625 0.03275 -0.03232069
v -0.01499622 0.03275 -0.02655868
v -0.01024833 0.03275 -0.02872667
v -0.01367931 0.03275 -0.0302375
v -0.013475 0.03275 -0.031
v 0.013475 0.03275 -0.031
v -0.01367931 0.03275 -0.0317625
v 0.01367931 0.03275 -0.0317625
v -0.0142375 0.03275 -0.03232069
v 0.0142375 0.03275 -0.03232069
v 0.01632069 0.03275 -0.0317625
v 0.016525 0.03275 -0.031
v 0.01632069 0.03275 -0.0302375
v 0.01962142 0.03275 -0.0235
v 0.01945341 0.03275 -0.02352907
v -0.01962142 0.03275 -0.0235
v -0.01945341 0.03275 -0.02352907
v -0.0157625 0.03275 -0.02967931
v -0.01930494 0.03275 -0.0236129
v -0.015 0.03275 -0.029475
v -0.0142375 0.03275 -0.02967931
v -0.0157625 0.03275 -0.03232069
v -0.015 0.03275 -0.032525
v 0.015 0.03275 -0.029475
v 0.0142375 0.03275 -0.02967931
v 0.01024833 0.03275 -0.02872667
v 0.01367931 0.03275 -0.0302375
v 0.00520031 0.03275 -0.0300534
v 0 0.03275 -0.0305
v -0.00520031 0.03275 -0.0300534
v 0.02 -0.03655 -0.0235
v 0.02 -0.03275 -0.0235
v 0.02 -0.03655 -0.0347
v -0.02 -0.03655 -0.0235
v -0.02 -0.03655 -0.0347
v -0.02 -0.03275 -0.0235
v -0.01753431 -0.03275 -0.02495592
v 0.0142375 -0.03275 -0.03232069
v 0.01367931 -0.03275 -0.0317625
v -0.00165187 -0.03275 -0.0335
v 0.01632069 -0.03275 -0.0317625
v 0.0157625 -0.03275 -0.03232069
v -0.01367931 -0.03275 -0.0302375
v -0.013475 -0.03275 -0.031
v -0.0125 -0.03275 -0.0335
v -0.01367931 -0.03275 -0.0317625
v -0.0142375 -0.03275 -0.03232069
v -0.015 -0.03275 -0.032525
v -0.0157625 -0.03275 -0.03232069
v 0.015 -0.03275 -0.032525
v -0.01632069 -0.03275 -0.0317625
v -0.016525 -0.03275 -0.031
v -0.0125 -0.03275 -0.03059412
v -0.01277987 -0.03275 -0.02903191
v -0.0142375 -0.03275 -0.02967931
v -0.01358467 -0.03275 -0.02766402
v -0.015 -0.03275 -0.029475
v -0.01481429 -0.03275 -0.02666059
v -0.0157625 -0.03275 -0.02967931
v -0.01632069 -0.03275 -0.0302375
v 0.01131885 -0.03275 -0.02832196
v 0.00688284 -0.03275 -0.02971324
v 0.013475 -0.03275 -0.031
v 0.00228691 -0.03275 -0.03041414
v 0.00058464 -0.03275 -0.03089028
v -0.00080292 -0.03275 -0.03198531
v 0.01632069 -0.03275 -0.0302375
v 0.016525 -0.03275 -0.031
v 0.01367931 -0.03275 -0.0302375
v 0.0142375 -0.03275 -0.02967931
v 0.01549187 -0.03275 -0.02627265
v 0.015 -0.03275 -0.029475
v 0.01930494 -0.03275 -0.0236129
v 0.0157625 -0.03275 -0.02967931
v 0.01945341 -0.03275 -0.02352907
v 0.01962142 -0.03275 -0.0235
v 0.0202 0.03675 -0.0345
v 0.0202 0.03675 -0.0233
v 0.02076136 0.03675 -0.0345
v -0.0202 0.03675 -0.0233
v -0.0202 0.03675 -0.0345
v -0.02076136 0.03675 -0.0345
v -0.0202 -0.03675 -0.0345
v -0.0202 -0.03675 -0.0233
v -0.02076136 -0.03675 -0.0345
v 0.0202 -0.03675 -0.0233
v 0.0202 -0.03675 -0.0345
v 0.02076136 -0.03675 -0.0345
v 0.02829041 -0.00345004 -0.0398
v 0.02829041 -0.00345004 -0.037
v 0.0285 -0 -0.0398
v 0.0285 -0 -0.037
v 0.02829041 0.00345004 -0.0398
v 0.02829041 0.00345004 -0.037
v 0.0296008 0.00521942 -0.0398
v 0.0296008 0.00521942 -0.037
v 0.03088279 0.00544547 -0.0398
v 0.03088279 0.00544547 -0.037
v 0.03274843 -0.00406696 -0.037
v 0.03274843 -0.00406696 -0.0398
v 0.03297202 -0.00135873 -0.037
v 0.033 -0 -0.0398
v 0.03297202 0.00135873 -0.037
v 0.03274843 0.00406696 -0.0398
v 0.03274843 0.00406696 -0.037
v 0.03088279 -0.00544547 -0.0398
v 0.03088279 -0.00544547 -0.037
v 0.0296008 -0.00521942 -0.0398
v 0.0296008 -0.00521942 -0.037
v 0.02963553 0.00502246 -0.04
v 0.03091752 0.00524851 -0.04
v 0.03254996 0.00404231 -0.04
v 0.02848894 0.00347425 -0.04
v 0.02858087 0.00416889 -0.04
v 0.02899789 0.00473197 -0.04
v 0.03236927 -0.00457631 -0.04
v 0.0319926 -0.00499575 -0.04
v 0.03254996 -0.00404231 -0.04
v 0.03148104 -0.00523262 -0.04
v 0.02899789 -0.00473197 -0.04
v 0.02858087 -0.00416889 -0.04
v 0.02963553 -0.00502246 -0.04
v 0.02848894 -0.00347425 -0.04
v 0.03091752 -0.00524851 -0.04
v 0.0287 -0 -0.04
v 0.0328 -0 -0.04
v 0.03148104 0.00523262 -0.04
v 0.0319926 0.00499575 -0.04
v 0.03236927 0.00457631 -0.04
v 0.02839548 0.00424391 -0.037
v 0.02839548 0.00424391 -0.0398
v 0.02830512 0.00393359 -0.037
v 0.02846368 0.00439064 -0.037
v 0.0287516 0.00477941 -0.037
v 0.02887207 0.00488744 -0.0398
v 0.02914255 0.00506435 -0.037
v 0.02887207 0.00488744 -0.037
v 0.03152681 -0.00542731 -0.0398
v 0.03260279 -0.00456271 -0.037
v 0.03254193 -0.00467725 -0.0398
v 0.03230676 -0.00498619 -0.037
v 0.03211146 -0.00515661 -0.0398
v 0.03211146 -0.00515661 -0.037
v 0.0318912 -0.00529325 -0.037
v 0.03139945 -0.00545185 -0.037
v 0.03254193 0.00467725 -0.0398
v 0.03139945 0.00545185 -0.037
v 0.03152681 0.00542731 -0.0398
v 0.0318912 0.00529325 -0.037
v 0.03211146 0.00515661 -0.0398
v 0.03211146 0.00515661 -0.037
v 0.03230676 0.00498619 -0.037
v 0.03260279 0.00456271 -0.037
v 0.02887207 -0.00488744 -0.037
v 0.02887207 -0.00488744 -0.0398
v 0.02914255 -0.00506435 -0.037
v 0.0287516 -0.00477941 -0.037
v 0.02846368 -0.00439064 -0.037
v 0.02839548 -0.00424391 -0.0398
v 0.02830512 -0.00393359 -0.037
v 0.02839548 -0.00424391 -0.037
v -0.015 0.02549892 -0.031
v -0.014375 0.02625 -0.02991747
v -0.01391747 0.02625 -0.030375
v -0.015 0.02625 -0.02975
v -0.01391747 0.02625 -0.031625
v -0.014375 0.02625 -0.03208253
v -0.01375 0.02625 -0.031
v -0.015625 0.02625 -0.03208253
v -0.01608253 0.02625 -0.031625
v -0.015 0.02625 -0.03225
v -0.01608253 0.02625 -0.030375
v -0.015625 0.02625 -0.02991747
v -0.01625 0.02625 -0.031
v -0.015 0.032475 -0.02975
v -0.014375 0.032475 -0.02991747
v -0.01391747 0.032475 -0.030375
v -0.01375 0.032475 -0.031
v -0.01391747 0.032475 -0.031625
v -0.014375 0.032475 -0.03208253
v -0.015 0.032475 -0.03225
v -0.015625 0.032475 -0.03208253
v -0.01608253 0.032475 -0.031625
v -0.01625 0.032475 -0.031
v -0.01608253 0.032475 -0.030375
v -0.015625 0.032475 -0.02991747
v 0.015 0.02549892 -0.031
v 0.015625 0.02625 -0.02991747
v 0.01608253 0.02625 -0.030375
v 0.015 0.02625 -0.02975
v 0.01608253 0.02625 -0.031625
v 0.015625 0.02625 -0.03208253
v 0.01625 0.02625 -0.031
v 0.014375 0.02625 -0.03208253
v 0.01391747 0.02625 -0.031625
v 0.015 0.02625 -0.03225
v 0.01391747 0.02625 -0.030375
v 0.014375 0.02625 -0.02991747
v 0.01375 0.02625 -0.031
v 0.015 0.032475 -0.02975
v 0.015625 0.032475 -0.02991747
v 0.01608253 0.032475 -0.030375
v 0.01625 0.032475 -0.031
v 0.01608253 0.032475 -0.031625
v 0.015625 0.032475 -0.03208253
v 0.015 0.032475 -0.03225
v 0.014375 0.032475 -0.03208253
v 0.01391747 0.032475 -0.031625
v 0.01375 0.032475 -0.031
v 0.01391747 0.032475 -0.030375
v 0.014375 0.032475 -0.02991747
v 0.015 -0.02599892 -0.031
v 0.015625 -0.02675 -0.03208253
v 0.01608253 -0.02675 -0.031625
v 0.015 -0.02675 -0.03225
v 0.01608253 -0.02675 -0.030375
v 0.015625 -0.02675 -0.02991747
v 0.01625 -0.02675 -0.031
v 0.014375 -0.02675 -0.02991747
v 0.01391747 -0.02675 -0.030375
v 0.015 -0.02675 -0.02975
v 0.01391747 -0.02675 -0.031625
v 0.014375 -0.02675 -0.03208253
v 0.01375 -0.02675 -0.031
v 0.015 -0.032475 -0.03225
v 0.015625 -0.032475 -0.03208253
v 0.01608253 -0.032475 -0.031625
v 0.01625 -0.032475 -0.031
v 0.01608253 -0.032475 -0.030375
v 0.015625 -0.032475 -0.02991747
v 0.015 -0.032475 -0.02975
v 0.014375 -0.032475 -0.02991747
v 0.01391747 -0.032475 -0.030375
v 0.01375 -0.032475 -0.031
v 0.01391747 -0.032475 -0.031625
v 0.014375 -0.032475 -0.03208253
v -0.015 -0.02599892 -0.031
v -0.014375 -0.02675 -0.03208253
v -0.01391747 -0.02675 -0.031625
v -0.015 -0.02675 -0.03225
v -0.01391747 -0.02675 -0.030375
v -0.014375 -0.02675 -0.02991747
v -0.01375 -0.02675 -0.031
v -0.015625 -0.02675 -0.02991747
v -0.01608253 -0.02675 -0.030375
v -0.015 -0.02675 -0.02975
v -0.01608253 -0.02675 -0.031625
v -0.015625 -0.02675 -0.03208253
v -0.01625 -0.02675 -0.031
v -0.015 -0.032475 -0.03225
v -0.014375 -0.032475 -0.03208253
v -0.01391747 -0.032475 -0.031625
v -0.01375 -0.032475 -0.031
v -0.01391747 -0.032475 -0.030375
v -0.014375 -0.032475 -0.02991747
v -0.015 -0.032475 -0.02975
v -0.015625 -0.032475 -0.02991747
v -0.01608253 -0.032475 -0.030375
v -0.01625 -0.032475 -0.031
v -0.01608253 -0.032475 -0.031625
v -0.015625 -0.032475 -0.03208253
v 0.009 0.0016 -0.035
v 0.0098 0.00138564 -0.035
v 0.01038564 0.0008 -0.035
v 0.0106 -0 -0.035
v 0.0106 -0 -0.0385
v 0.01038564 -0.0008 -0.035
v 0.0098 -0.00138564 -0.035
v 0.009 -0.0016 -0.035
v 0.0082 -0.00138564 -0.035
v 0.00761436 -0.0008 -0.035
v 0.0074 -0 -0.035
v 0.0074 -0 -0.0385
v 0.00761436 0.0008 -0.035
v 0.0082 0.00138564 -0.035
v 0 -0.0074 -0.035
v 0.0008 -0.00761436 -0.035
v 0.00138564 -0.0082 -0.035
v 0.0016 -0.009 -0.035
v 0.00138564 -0.0098 -0.035
v 0.0008 -0.01038564 -0.035
v 0 -0.0106 -0.035
v -0.0008 -0.01038564 -0.035
v -0.00138564 -0.0098 -0.035
v -0.0016 -0.009 -0.035
v -0.00138564 -0.0082 -0.035
v -0.0008 -0.00761436 -0.035
v -0.009 0.0016 -0.035
v -0.0082 0.00138564 -0.035
v -0.00761436 0.0008 -0.035
v -0.0074 -0 -0.035
v -0.0074 -0 -0.0385
v -0.00761436 -0.0008 -0.035
v -0.0082 -0.00138564 -0.035
v -0.009 -0.0016 -0.035
v -0.0098 -0.00138564 -0.035
v -0.01038564 -0.0008 -0.035
v -0.0106 -0 -0.035
v -0.0106 -0 -0.0385
v -0.01038564 0.0008 -0.035
v -0.0098 0.00138564 -0.035
v 0 0.0106 -0.035
v 0.0008 0.01038564 -0.035
v 0.00138564 0.0098 -0.035
v 0.0016 0.009 -0.035
v 0.00138564 0.0082 -0.035
v 0.0008 0.00761436 -0.035
v 0 0.0074 -0.035
v -0.0008 0.00761436 -0.035
v -0.00138564 0.0082 -0.035
v -0.0016 0.009 -0.035
v -0.00138564 0.0098 -0.035
v -0.0008 0.01038564 -0.035
v 0 0.006 -0.035
v 0 -0.012 -0.035
v 0.0285 -0 -0.037
v 0.02813929 -0.00343161 -0.03623463
v 0.02834776 -0 -0.03623463
v 0.02813929 0.00343161 -0.03623463
v 0.02791421 -0 -0.03558579
v 0.02770893 0.00337913 -0.03558579
v 0.02726537 -0 -0.03515224
v 0.02706485 0.00330058 -0.03515224
v 0.0265 -0 -0.035
v 0.02770893 -0.00337913 -0.03558579
v 0.02706485 -0.00330058 -0.03515224
v 0.02907252 0.00519953 -0.03623463
v 0.02957437 0.00536935 -0.03623463
v 0.02737183 0.004967 -0.03515224
v 0.02788192 0.00565576 -0.03515224
v 0.02833897 0.0051952 -0.03558579
v 0.02938641 0.0064353 -0.03515224
v 0.02887306 0.00558447 -0.03558579
v 0.02857456 0.00616057 -0.03515224
v 0.02864436 0.00488747 -0.03623463
v 0.02832905 0.00446171 -0.03623463
v 0.02794564 0.0046641 -0.03558579
v 0.02942716 0.00620423 -0.03526795
v 0.02949908 0.00579631 -0.03558579
v 0.02955428 0.0054833 -0.036
v 0.02709091 0.00415727 -0.03515224
v 0.02772903 0.00403972 -0.03558579
v 0.0281554 0.00396117 -0.03623463
v 0.02832905 -0.00446171 -0.03623463
v 0.02709091 -0.00415727 -0.03515224
v 0.02737183 -0.004967 -0.03515224
v 0.02788192 -0.00565576 -0.03515224
v 0.02942716 -0.00620423 -0.03526795
v 0.02938641 -0.0064353 -0.03515224
v 0.02857456 -0.00616057 -0.03515224
v 0.02949908 -0.00579631 -0.03558579
v 0.02887306 -0.00558447 -0.03558579
v 0.02955428 -0.0054833 -0.036
v 0.02907252 -0.00519953 -0.03623463
v 0.02957437 -0.00536935 -0.03623463
v 0.02864436 -0.00488747 -0.03623463
v 0.02833897 -0.0051952 -0.03558579
v 0.02794564 -0.0046641 -0.03558579
v 0.02772903 -0.00403972 -0.03558579
v 0.0281554 -0.00396117 -0.03623463
v 0.03085636 0.0055954 -0.03623463
v 0.03083626 0.00570935 -0.036
v 0.03078107 0.00602236 -0.03558579
v 0.03070914 0.00643028 -0.03526795
v 0.0306684 0.00666135 -0.03515224
v 0.0306684 -0.00666135 -0.03515224
v 0.03070914 -0.00643028 -0.03526795
v 0.03078107 -0.00602236 -0.03558579
v 0.03083626 -0.00570935 -0.036
v 0.03085636 -0.0055954 -0.03623463
v 0.03196071 0.00542869 -0.03623463
v 0.03397365 0.00421912 -0.03515224
v 0.03371564 0.00509741 -0.03515224
v 0.03319117 0.00584767 -0.03515224
v 0.03245494 0.00639166 -0.03515224
v 0.03158373 0.00667266 -0.03515224
v 0.03148688 0.00603108 -0.03558579
v 0.03142217 0.00560239 -0.03623463
v 0.03215867 0.0058144 -0.03558579
v 0.03272638 0.00539493 -0.03558579
v 0.03241581 0.00509242 -0.03623463
v 0.0331308 0.0048164 -0.03558579
v 0.03274002 0.00462864 -0.03623463
v 0.03332975 0.00413916 -0.03558579
v 0.03289951 0.00408573 -0.03623463
v 0.03142217 -0.00560239 -0.03623463
v 0.03319117 -0.00584767 -0.03515224
v 0.03245494 -0.00639166 -0.03515224
v 0.03215867 -0.0058144 -0.03558579
v 0.03371564 -0.00509741 -0.03515224
v 0.03397365 -0.00421912 -0.03515224
v 0.03332975 -0.00413916 -0.03558579
v 0.0331308 -0.0048164 -0.03558579
v 0.03272638 -0.00539493 -0.03558579
v 0.03148688 -0.00603108 -0.03558579
v 0.03158373 -0.00667266 -0.03515224
v 0.03289951 -0.00408573 -0.03623463
v 0.03274002 -0.00462864 -0.03623463
v 0.03241581 -0.00509242 -0.03623463
v 0.03196071 -0.00542869 -0.03623463
v 0.0342056 -0.00140956 -0.03515224
v 0.0342056 0.00140956 -0.03515224
v 0.03355731 0.00138284 -0.03558579
v 0.03312413 0.00136499 -0.03623463
v 0.03355731 -0.00138284 -0.03558579
v 0.03312413 -0.00136499 -0.03623463
v 0.03335188 -0.01355182 -0.03085316
v 0.03216148 -0.01617527 -0.03057092
v 0.03232525 -0.01584545 -0.0345
v 0.02733918 -0.02342156 -0.02735605
v 0.02648863 -0.02437934 -0.02615202
v 0.02648863 -0.02437934 -0.0345
v 0.0297149 -0.02032302 -0.0345
v 0.03098364 -0.01833068 -0.03013175
v 0.02951232 -0.02061609 -0.0293205
v 0.02840909 -0.02211162 -0.02846823
v 0.03423701 -0.01112776 -0.03096613
v 0.03426559 -0.01103945 -0.0345
v 0.03505932 -0.00817583 -0.031
v 0.03549569 -0.00600463 -0.0345
v 0.03547484 -0.00612662 -0.031
v 0.03598611 -0.001 -0.0345
v 0.03598611 -0.001 -0.031
v -0.02648863 -0.02437934 -0.0345
v -0.03013961 -0.01968766 -0.0345
v -0.03296869 -0.0144591 -0.0345
v -0.03489872 -0.00883625 -0.0345
v -0.03587708 -0.00297244 -0.0345
v -0.03587708 0.00297244 -0.0345
v -0.03489872 0.00883625 -0.0345
v -0.03296869 0.0144591 -0.0345
v -0.03013961 0.01968766 -0.0345
v -0.02648863 0.02437934 -0.0345
v -0.02226136 0.0157625 -0.02832069
v -0.02226136 0.01632069 -0.0277625
v -0.02226136 0.016525 -0.027
v -0.02226136 0.015 -0.028525
v -0.02226136 0.0142375 -0.02832069
v -0.02226136 0.006 -0.0245
v -0.02226136 0.013475 -0.027
v -0.02226136 0.01367931 -0.0277625
v -0.02226136 0.00620096 -0.02375
v -0.02226136 0.00675 -0.02320096
v -0.02226136 0.01367931 -0.0262375
v -0.02226136 0.0142375 -0.02567931
v -0.02226136 0.03525 -0.0345
v -0.02226136 0.0352146 -0.0345
v -0.02226136 0.01632069 -0.0262375
v -0.02226136 0.0157625 -0.02567931
v -0.02226136 0.015 -0.025475
v 0.03505932 -0.001 -0.031
v -0.01287642 0.025 -0.02819925
v -0.01626136 0.025 -0.02639258
v -0.01041633 0.025 -0.0291976
v -0.00265251 0.025 -0.03088631
v -0.00528556 0.025 -0.03054608
v -0.00787985 0.025 -0.0299818
v 0.01926136 0.022 -0.024
v 0.01926136 -0.022 -0.024
v -0.01926136 0.015625 -0.02808253
v -0.01926136 0.015 -0.02825
v -0.01926136 0.014375 -0.02808253
v -0.01926136 0.01391747 -0.027625
v -0.01926136 0.0075 -0.024
v -0.01926136 0.01375 -0.027
v -0.01926136 0.01391747 -0.026375
v -0.01926136 0.014375 -0.02591747
v -0.01926136 0.015 -0.02575
v -0.01926136 0.022 -0.024
v -0.01926136 0.015625 -0.02591747
v -0.01926136 0.01608253 -0.026375
v -0.01926136 0.01625 -0.027
v -0.01926136 0.01608253 -0.027625
v -0.01653835 -0.02498719 -0.02616143
v -0.01653835 -0.02498719 -0.033
v -0.01714569 -0.0248667 -0.0256287
v -0.01791856 -0.02450074 -0.033
v -0.01751301 -0.02472642 -0.02528847
v -0.01891579 -0.02339786 -0.024
v -0.0187814 -0.02362769 -0.024
v -0.01890443 -0.02341923 -0.033
v -0.01849027 -0.02400797 -0.02431219
v -0.01802859 -0.02442423 -0.02478674
v -0.01917369 -0.02271997 -0.024
v -0.01687916 0.0249357 -0.02586696
v -0.01751301 0.02472642 -0.02528847
v -0.0177598 0.02459898 -0.02505192
v -0.01802859 0.02442423 -0.02478673
v -0.01849027 0.02400797 -0.02431219
v -0.01913887 0.02284849 -0.024
v -0.01885944 0.0235 -0.024
v -0.0187814 0.02362769 -0.024
v 0.01650883 0.02498978 -0.02618641
v 0.01711448 0.02487614 -0.02565697
v 0.01750912 0.0247282 -0.02529215
v 0.01885944 0.0235 -0.024
v 0.0187814 0.02362769 -0.024
v 0.018419 0.02408437 -0.02438706
v 0.01803826 0.02441715 -0.02477705
v 0.0177597 0.02459903 -0.02505201
v 0.01913887 0.02284849 -0.024
v 0.01687916 -0.0249357 -0.02586696
v 0.01751301 -0.02472642 -0.02528847
v 0.0177598 -0.02459898 -0.02505192
v 0.01802859 -0.02442423 -0.02478673
v 0.01849027 -0.02400797 -0.02431219
v 0.01913887 -0.02284849 -0.024
v 0.01885944 -0.0235 -0.024
v 0.0187814 -0.02362769 -0.024
v 0.035 0.001 -0.03099982
v 0.035 -0.001 -0.03099982
v -0.002 -0.03225 -0.033
v -0.00209201 -0.01777891 -0.033
v -0.00209464 -0.01777058 -0.033
v -0.01330485 -0.02659746 -0.033
v -0.00211848 -0.01770039 -0.033
v -0.00222319 -0.01746042 -0.033
v -0.00235956 -0.01723445 -0.033
v -0.00371822 -0.01528636 -0.033
v -0.0147711 -0.02549011 -0.033
v -0.00620554 -0.01171994 -0.033
v -0.00872405 -0.0081088 -0.033
v -0.01233761 -0.02815969 -0.033
v -0.002 -0.01837854 -0.033
v -0.0020025 -0.01827866 -0.033
v -0.01126418 -0.00446666 -0.033
v -0.01380782 -0.0008195 -0.033
v -0.01926136 0.0006361 -0.033
v -0.01562092 0.00178019 -0.033
v -0.01566152 0.00183631 -0.033
v -0.01607177 0.00224385 -0.033
v -0.01658147 0.00251699 -0.033
v -0.01714801 0.00263289 -0.033
v -0.01879345 0.00192168 -0.033
v -0.01914075 0.00132014 -0.033
v -0.01826136 0.00236815 -0.033
v -0.01772402 0.00258185 -0.033
v -0.02076136 -0.006 -0.0245
v -0.02076136 -0.006 -0.03106351
v -0.02076136 0.006 -0.0245
v 0.02582855 0.02514359 -0.02484615
v 0.02582855 -0.02514359 -0.02484615
v -0.02198636 0.015 -0.02825
v -0.02198636 0.014375 -0.02808253
v -0.02198636 0.01391747 -0.027625
v -0.02198636 0.01375 -0.027
v -0.02198636 0.01391747 -0.026375
v -0.02198636 0.014375 -0.02591747
v -0.02198636 0.015 -0.02575
v -0.02198636 0.015625 -0.02591747
v -0.02198636 0.01608253 -0.026375
v -0.02198636 0.01625 -0.027
v -0.02198636 0.01608253 -0.027625
v -0.02198636 0.015625 -0.02808253
v -0.02198636 -0.015 -0.02825
v -0.02198636 -0.015625 -0.02808253
v -0.02198636 -0.01608253 -0.027625
v -0.02198636 -0.01625 -0.027
v -0.02198636 -0.01608253 -0.026375
v -0.02198636 -0.015625 -0.02591747
v -0.02198636 -0.015 -0.02575
v -0.02198636 -0.014375 -0.02591747
v -0.02198636 -0.01391747 -0.026375
v -0.02198636 -0.01375 -0.027
v -0.02198636 -0.01391747 -0.027625
v -0.02198636 -0.014375 -0.02808253
v 0.02552867 -0.02552551 -0.02429638
v 0.02553066 0.0255229 -0.02429927
v 0.02517768 -0.02600497 -0.02387572
v 0.02517768 0.02600497 -0.02387572
v 0.02468282 -0.02675155 -0.02347725
v 0.02468316 0.02675101 -0.02347747
v 0.02420544 -0.02757059 -0.02322756
v 0.02418924 0.02760044 -0.02322092
v 0.02418938 -0.02760018 -0.02322098
v 0.02356942 0.02887844 -0.02304368
v 0.02356793 -0.0288819 -0.02304343
v 0.01926737 0.02288638 -0.0235
v 0.01896336 0.02374522 -0.02337847
v 0.01904308 0.02379671 -0.02327475
v 0.01961846 0.02298991 -0.02313397
v 0.01917891 0.02388444 -0.02315
v 0.01889394 0.02370038 -0.0235
v 0.01891441 0.02371361 -0.02345999
v 0.01936433 0.02400421 -0.02304798
v 0.0193594 0.02400102 -0.02304989
v 0.01920141 0.02389898 -0.02313397
v 0.01939533 0.022 -0.0235
v 0.01976136 0.022 -0.02313397
v 0.01939533 -0.022 -0.0235
v 0.01976136 -0.022 -0.02313397
v 0.01936433 -0.02400421 -0.02304798
v 0.01926737 -0.02288638 -0.0235
v 0.01889394 -0.02370038 -0.0235
v 0.01904308 -0.02379671 -0.02327475
v 0.01961846 -0.02298991 -0.02313397
v 0.01896336 -0.02374522 -0.02337847
v 0.01891441 -0.02371361 -0.02345999
v 0.01917891 -0.02388444 -0.02315
v 0.01920141 -0.02389898 -0.02313397
v 0.0193594 -0.02400102 -0.02304989
v -0.01939533 0.022 -0.0235
v -0.01939533 0.0075 -0.0235
v -0.01976136 0.022 -0.02313397
v -0.01976136 0.0075 -0.02313397
v -0.01936433 0.02400421 -0.02304798
v -0.01926737 0.02288638 -0.0235
v -0.01889394 0.02370038 -0.0235
v -0.01904308 0.02379671 -0.02327475
v -0.01961846 0.02298991 -0.02313397
v -0.01896336 0.02374522 -0.02337847
v -0.01891441 0.02371361 -0.02345999
v -0.01917891 0.02388444 -0.02315
v -0.01920141 0.02389898 -0.02313397
v -0.0193594 0.02400102 -0.02304989
v 0.00359707 -0.00376969 -0.0425
v 0.00506318 -0.00123031 -0.0425
v 0.00323105 -0.00413571 -0.0425
v 0.00196611 -0.00486603 -0.0425
v 0.00146611 -0.005 -0.0425
v -0.00146611 -0.005 -0.0425
v -0.00196611 -0.00486603 -0.0425
v -0.00323105 -0.00413571 -0.0425
v -0.00359707 -0.00376969 -0.0425
v -0.00506318 -0.00123031 -0.0425
v -0.00519716 -0.00073031 -0.0425
v -0.00519716 0.00073031 -0.0425
v -0.00506318 0.00123031 -0.0425
v -0.00359707 0.00376969 -0.0425
v -0.00323105 0.00413571 -0.0425
v -0.00196611 0.00486603 -0.0425
v -0.00146611 0.005 -0.0425
v 0.00146611 0.005 -0.0425
v 0.00196611 0.00486603 -0.0425
v 0.00323105 0.00413571 -0.0425
v 0.00359707 0.00376969 -0.0425
v 0.00506318 0.00123031 -0.0425
v 0.00519716 0.00073031 -0.0425
v 0.00519716 -0.00073031 -0.0425
v -0.00316406 0.00351969 -0.043
v 0.00463017 -0.00098031 -0.043
v -0.00463017 0.00098031 -0.043
v 0.00316406 -0.00351969 -0.043
v -0.00468012 0.00085972 -0.043
v -0.00298105 -0.0037027 -0.043
v 0.0030846 -0.00362324 -0.043
v -0.0030846 -0.00362324 -0.043
v -0.00316406 -0.00351969 -0.043
v -0.00463017 -0.00098031 -0.043
v -0.0030846 0.00362324 -0.043
v -0.00298105 0.0037027 -0.043
v -0.00171611 0.00443301 -0.043
v 0.00171611 0.00443301 -0.043
v 0.00298105 0.0037027 -0.043
v 0.0030846 0.00362324 -0.043
v 0.00316406 0.00351969 -0.043
v -0.00469716 -0.00073031 -0.043
v -0.00469716 0.00073031 -0.043
v 0.00463017 0.00098031 -0.043
v 0.00469716 0.00073031 -0.043
v 0.00469716 -0.00073031 -0.043
v 0.00298105 -0.0037027 -0.043
v 0.00171611 -0.00443301 -0.043
v -0.00171611 -0.00443301 -0.043
v 0.00146611 -0.0045 -0.043
v -0.00146611 -0.0045 -0.043
v -0.00146611 0.0045 -0.043
v 0.00146611 0.0045 -0.043
v -0.00343815 -0.0039768 -0.0425
v -0.00516308 0.00098913 -0.0425
v -0.00343815 0.0039768 -0.0425
v 0.00172493 0.00496593 -0.0425
v 0.00343815 0.0039768 -0.0425
v 0.00516308 0.00098913 -0.0425
v 0.00343815 -0.0039768 -0.0425
v 0.033 -0 -0.0398
v 0.0328 -0 -0.04
v 0.0285 -0 -0.0398
v 0.0287 -0 -0.04
v 0.01580708 -0.0255 -0.02565527
v 0.01328311 -0.0255 -0.02704839
v 0.01599908 -0.02513397 -0.02596689
v 0.01344446 -0.02513397 -0.02737693
v 0.01131885 -0.02513397 -0.02832196
v 0.01118301 -0.0255 -0.02798208
v 0.00912739 -0.02513397 -0.02910225
v 0.00901785 -0.0255 -0.028753
v 0.00688284 -0.02513397 -0.02971324
v 0.00680024 -0.0255 -0.02935665
v 0.00459825 -0.02513397 -0.03015139
v 0.00454307 -0.0255 -0.02978954
v 0.00229571 -0.02507612 -0.03053113
v 0.00228691 -0.02513397 -0.03041414
v 0.00227138 -0.02529289 -0.03020762
v 0.00225947 -0.0255 -0.03004915
v 0.00225513 -0.02561732 -0.02999146
v 0.0187792 -0.02385857 -0.02356009
v 0.01875589 -0.0237707 -0.02369797
v 0.01842744 -0.02417555 -0.02399763
v 0.01847016 -0.02440885 -0.02372428
v 0.0188276 -0.02395859 -0.02342987
v 0.01734245 -0.02491064 -0.02492864
v 0.01791134 -0.02460887 -0.02445143
v 0.01665501 -0.02510105 -0.0254749
v 0.0179073 -0.02489343 -0.02416986
v 0.01728504 -0.02523435 -0.02463807
v 0.01653033 -0.02545448 -0.02517353
v 0.01944512 -0.02417026 -0.02301566
v 0.01928541 -0.03225 -0.02305814
v -0.01883661 -0.02378568 -0.02350034
v -0.01889231 -0.02385123 -0.02337801
v -0.01847016 -0.02440885 -0.02372428
v -0.01878044 -0.02362926 -0.02399118
v -0.01842744 -0.02417555 -0.02399763
v -0.01879103 -0.02371533 -0.02366891
v -0.01790729 -0.02489344 -0.02416987
v -0.01728504 -0.02523435 -0.02463807
v -0.0168462 -0.0253851 -0.02495361
v -0.01612974 -0.02549877 -0.02544403
v -0.01791133 -0.02460888 -0.02445144
v -0.01734245 -0.02491064 -0.02492864
v -0.01694237 -0.02504198 -0.02525048
v -0.01629135 -0.02513646 -0.0257511
v -0.01935819 -0.02363084 -0.02313397
v -0.01903433 -0.02346029 -0.0235
v -0.01930374 -0.02275213 -0.0235
v -0.01965907 -0.02283997 -0.02313397
v -0.01939533 -0.022 -0.0235
v -0.01976136 -0.022 -0.02313397
v -0.01939533 -0.0075 -0.0235
v -0.01976136 -0.0075 -0.02313397
v -0.01320519 -0.03225 -0.02733845
v -0.01313858 -0.02742472 -0.02741773
v -0.01231097 -0.03225 -0.02885833
v -0.0122325 -0.02876027 -0.02908717
v -0.01549295 -0.02519836 -0.02667467
v -0.0122325 -0.02845888 -0.02938856
v -0.01457143 -0.02559524 -0.02709765
v -0.01313858 -0.02678944 -0.02805301
v -0.01221258 -0.028657 -0.02918414
v -0.01221258 -0.02855585 -0.02928529
v -0.01305686 -0.02718284 -0.02759239
v -0.01305686 -0.0269641 -0.02781113
v -0.01445444 -0.0260828 -0.02639956
v -0.01445444 -0.02577127 -0.02671109
v -0.01531271 -0.0253701 -0.02627859
v -0.01523789 -0.02571294 -0.02596919
v -0.01563909 0.00180602 -0.03298331
v -0.01561678 0.00177503 -0.0329668
v -0.0112655 -0.00400879 -0.0322163
v -0.00585176 -0.01151781 -0.03222295
v -0.00821596 -0.00786957 -0.03189264
v -0.00834993 -0.00794244 -0.03213469
v -0.00984069 -0.00581485 -0.03204742
v -0.01096849 -0.00438668 -0.03217842
v -0.0020629 -0.01700267 -0.03228831
v -0.00170397 -0.01672964 -0.03168559
v -0.00339835 -0.01506255 -0.032275
v -0.00514114 -0.01185625 -0.03170649
v -0.0055381 -0.01132786 -0.03172244
v -0.00159232 -0.0169223 -0.03169411
v -0.00139634 -0.01738998 -0.0317133
v -0.00136253 -0.01750222 -0.03171718
v -0.00128451 -0.01785749 -0.03172683
v -0.00124619 -0.01823474 -0.03173192
v -0.00124306 -0.01837854 -0.03173235
v -0.00124306 -0.026 -0.03173235
v -0.00118372 -0.03225 -0.03166129
v -0.00027186 -0.026 -0.03082568
v 0.00035801 -0.03225 -0.03044459
v 0.00047838 -0.026 -0.0303854
v 0.00092665 -0.026 -0.03019851
v -6.288E-05 -0.02529526 -0.03103392
v -0.00055188 -0.01837854 -0.03119234
v -0.00034578 -0.0254241 -0.03110846
v -0.00123662 -0.02599445 -0.03172453
v -0.00091522 -0.02575148 -0.03141452
v -0.00055381 -0.02553213 -0.03119325
v -0.0011427 -0.01634677 -0.03117945
v -0.00100021 -0.01658453 -0.03118179
v -0.0007492 -0.01716065 -0.03118707
v -0.00060534 -0.01773646 -0.03119081
v -0.01022858 -0.00299184 -0.03104099
v -0.01086653 -0.0026844 -0.03114068
v -0.010393 -0.0033709 -0.03114972
v -0.0116364 -0.00190328 -0.03121578
v -0.01179335 -0.00174404 -0.03123108
v -0.00436547 -0.01129897 -0.03108303
v -0.01091414 -0.00375191 -0.03157645
v -0.01538827 0.00193485 -0.03198089
v -0.00479017 -0.01160409 -0.03132523
v -0.01196582 -0.00141613 -0.03120423
v -0.01478967 0.00235351 -0.03126244
v -0.01221177 -0.00047675 -0.03107143
v -0.01553973 0.00192767 -0.03223463
v -0.01486159 0.00243641 -0.03126795
v -0.01519293 0.00218784 -0.03158579
v -0.01544718 0.00199711 -0.032
v -0.01533741 0.00323635 -0.03115224
v -0.01616176 0.0036781 -0.03115224
v -0.01707803 0.00386553 -0.03115224
v -0.01800963 0.003783 -0.03115224
v -0.01887868 0.00343738 -0.03115224
v -0.01572334 0.00271475 -0.03158579
v -0.01638233 0.00306789 -0.03158579
v -0.01711481 0.00321773 -0.03158579
v -0.01785953 0.00315175 -0.03158579
v -0.01855425 0.00287546 -0.03158579
v -0.01598121 0.00236624 -0.03223463
v -0.01652971 0.00266016 -0.03223463
v -0.01713938 0.00278488 -0.03223463
v -0.01775924 0.00272996 -0.03223463
v -0.01833748 0.0025 -0.03223463
v -0.02030092 0.00174241 -0.03115224
v -0.01973923 0.00271528 -0.03115224
v -0.01924219 0.00229821 -0.03158579
v -0.01891007 0.00201954 -0.03223463
v -0.0196912 0.00152049 -0.03158579
v -0.01928381 0.00137221 -0.03223463
v -0.02049599 0.0006361 -0.03115224
v -0.02026136 0.0006361 -0.03126795
v -0.01984715 0.0006361 -0.03158579
v -0.01952931 0.0006361 -0.032
v -0.0194136 0.0006361 -0.03223463
v -0.01926137 -0.00749414 -0.03299324
v -0.01927522 -0.00729657 -0.03276496
v -0.0202597 -0.00608637 -0.03126891
v -0.02000858 -0.00620257 -0.03144098
v -0.01994019 -0.00624474 -0.0314985
v -0.01956764 -0.00659169 -0.03193637
v -0.01952965 -0.00664391 -0.03199941
v -0.0194605 -0.00675316 -0.03213
v -0.0193072 -0.00713202 -0.03257427
v -0.0203113 -0.00606911 -0.03124006
v 0.0010261 -0.02529289 -0.030474
v 0.00113625 -0.02507612 -0.03077915
v -0.00022777 -0.02561732 -0.03088773
v 0.0009525 -0.02561732 -0.03027011
v -0.01928541 0.03225 -0.02305814
v -0.01944512 0.02417026 -0.02301566
v -0.01875589 0.0237707 -0.02369797
v -0.0187792 0.02385857 -0.02356009
v -0.0188276 0.02395859 -0.02342987
v -0.01842744 0.02417555 -0.02399763
v -0.01847016 0.02440885 -0.02372428
v -0.01734245 0.02491064 -0.02492864
v -0.01791134 0.02460887 -0.02445143
v -0.01665501 0.02510105 -0.0254749
v -0.01599908 0.02513397 -0.02596689
v -0.0179073 0.02489343 -0.02416986
v -0.01728504 0.02523435 -0.02463807
v -0.01653033 0.02545448 -0.02517353
v -0.01580708 0.0255 -0.02565527
v -0.0125167 0.0255 -0.02741147
v -0.01266874 0.02513397 -0.02774443
v -0.01024833 0.02513397 -0.02872667
v -0.00775275 0.02513397 -0.02949822
v -0.00520031 0.02513397 -0.0300534
v -0.00260973 0.02513397 -0.03038814
v 0 0.02513397 -0.0305
v 0.00260973 0.02513397 -0.03038814
v 0.00520031 0.02513397 -0.0300534
v 0.00775275 0.02513397 -0.02949822
v 0.01024833 0.02513397 -0.02872667
v 0.01266874 0.02513397 -0.02774443
v 0.01499622 0.02513397 -0.02655868
v 0.01599908 0.02513397 -0.02596689
v -0.01012534 0.0255 -0.02838193
v -0.00765971 0.0255 -0.02914421
v -0.0051379 0.0255 -0.02969273
v -0.00257841 0.0255 -0.03002346
v 0 0.0255 -0.03013397
v 0.00257841 0.0255 -0.03002346
v 0.0051379 0.0255 -0.02969273
v 0.00765971 0.0255 -0.02914421
v 0.01012534 0.0255 -0.02838193
v 0.0125167 0.0255 -0.02741147
v 0.01481625 0.0255 -0.02623995
v 0.01580708 0.0255 -0.02565527
v 0.0187792 0.02385857 -0.02356009
v 0.0188276 0.02395859 -0.02342987
v 0.01838294 0.02449858 -0.02379475
v 0.01626006 0.02513751 -0.02577446
v 0.01609523 0.02550036 -0.02546691
v 0.01690859 0.02505039 -0.02527715
v 0.01733819 0.02491236 -0.02493212
v 0.01792209 0.02460163 -0.02444219
v 0.01834738 0.02425603 -0.02406938
v 0.01875589 0.0237707 -0.02369797
v 0.0168091 0.02539488 -0.02497975
v 0.01728037 0.0252363 -0.02464149
v 0.01791903 0.0248853 -0.02416079
v 0.01944512 0.02417026 -0.02301566
v 0.01928541 0.03225 -0.02305814
v 0 0.03225 -0.03
v 0 0.03275 -0.0305
v 0.02226136 0.03525 -0.0345
v 0.02226136 0.0352146 -0.0345
v 0.02226136 -0.0352146 -0.0345
v 0.02226136 -0.03525 -0.0345
v 0.0233556 -0.02939926 -0.0345
v 0.02418924 -0.02760044 -0.0345
v 0.02468803 -0.0267432 -0.0345
v 0.02275082 -0.03128738 -0.0345
v 0.0225373 -0.03225591 -0.0345
v 0.02468803 0.0267432 -0.0345
v 0.0225373 0.03225591 -0.0345
v 0.02275082 0.03128738 -0.0345
v 0.0233556 0.02939926 -0.0345
v 0.02418924 0.02760044 -0.0345
v -0.02468803 0.0267432 -0.0345
v -0.02418924 0.02760044 -0.0345
v -0.0233556 0.02939926 -0.0345
v -0.02275082 0.03128738 -0.0345
v -0.0225373 0.03225591 -0.0345
v -0.0225373 -0.03225591 -0.0345
v -0.02275082 -0.03128738 -0.0345
v -0.0233556 -0.02939926 -0.0345
v -0.02418924 -0.02760044 -0.0345
v -0.02468803 -0.0267432 -0.0345
v 0.0220604 0.036 -0.0345
v 0.02182202 0.03631066 -0.0345
v 0.02151136 0.03654904 -0.0345
v 0.02151136 -0.03654904 -0.0345
v 0.0220604 -0.036 -0.0345
v -0.0220604 0.036 -0.0345
v -0.02151136 0.03654904 -0.0345
v -0.02151136 -0.03654904 -0.0345
v -0.0220604 -0.036 -0.0345
v 0 -0.012 -0.0312
v 0 0.006 -0.0312
v 0.012 -0 -0.0312
v 0.0122 -0 -0.031
v 0.006 -0 -0.0312
v 0.0058 -0 -0.031
v -0.02025779 0.00608705 -0.02433215
v -0.01981268 0.00633811 -0.02418377
v -0.01937263 0.00693305 -0.02403709
v -0.02032867 0.00674831 -0.02320194
v -0.02044513 0.00633811 -0.02355132
v -0.02020464 0.006257 -0.02372558
v -0.02036483 0.00606243 -0.02421633
v -0.02047769 0.00606243 -0.02410347
v -0.02051164 0.00620048 -0.02375084
v -0.02059351 0.00608705 -0.02399643
v -0.01998694 0.006257 -0.02394328
v -0.02029845 0.00693305 -0.02311127
v -0.01986997 0.0068251 -0.02327532
v -0.01953668 0.0068251 -0.02360861
v -0.01926189 -0.00746024 -0.02400018
v -0.01939061 -0.00689086 -0.02404308
v -0.0194632 -0.00674848 -0.02406728
v -0.02001197 -0.00620061 -0.0242502
v -0.01986345 -0.00629844 -0.02420069
v -0.02025779 -0.00608705 -0.02433215
v -0.01939605 -0.00745055 -0.02350055
v -0.01976191 -0.00745055 -0.02313469
v -0.02026154 -0.00746024 -0.02300053
v -0.01988618 -0.00677938 -0.02329664
v -0.02030444 -0.00689086 -0.02312925
v -0.02003254 -0.00622469 -0.02397649
v -0.01955801 -0.00677938 -0.02362482
v -0.02023785 -0.00622469 -0.02377118
v -0.02059351 -0.00608705 -0.02399643
v -0.02047769 -0.00606243 -0.02410347
v -0.02036483 -0.00606243 -0.02421633
v -0.02051156 -0.00620061 -0.0237506
v -0.02046205 -0.00629844 -0.02360209
v -0.02032864 -0.00674848 -0.02320184
v -0.02 -0.03625 -0.0232379
v -0.02 -0.03325 -0.0232379
v -0.02 -0.03325 -0.035
v -0.01403011 -0.03675 -0.00345811
v -0.01445 -0.03675 0
v -0.01722459 -0.03675 -0
v 0.02299061 -0.03675 0.01065558
v 0.02158089 -0.03675 0.01012095
v 0.0212506 -0.03675 0
v -0.01988546 -0.03675 0.02179033
v -0.0212506 -0.03675 0.01722459
v -0.01722459 -0.03675 0.01722459
v -0.02028125 -0.03675 -0.02142244
v -0.0212506 -0.03675 -0.01722459
v -0.02351349 -0.03675 -0.01781476
v -0.01722459 -0.03675 -0.034575
v -0.01735781 -0.03675 -0.03308884
v -0.0195 -0.03675 -0.034575
v -0.01805847 -0.03675 -0.03175385
v -0.0195 -0.03675 -0.0261006
v -0.01722459 -0.03675 -0.01722459
v -0.01805847 -0.03675 -0.03024616
v -0.01722459 -0.03675 -0.0261006
v -0.0195 -0.03675 -0.0232379
v -0.0197036 -0.03675 -0.02224969
v -0.02318324 -0.03675 0.01824246
v -0.02585598 -0.03675 0.01420275
v -0.0212506 -0.03675 -0
v -0.02783162 -0.03675 0.00978013
v -0.02905689 -0.03675 0.00509382
v -0.02949876 -0.03675 0.00027018
v -0.01178487 -0.03675 0.0270438
v -0.01605155 -0.03675 0.02475072
v -0.01436499 -0.03675 0.0241465
v -0.01630645 -0.03675 0.02195505
v -0.01560579 -0.03675 0.02329004
v -0.01097399 -0.03675 0.01722459
v -0.01286829 -0.03675 0.01807417
v -0.01436499 -0.03675 0.0182559
v -0.01560579 -0.03675 0.01911237
v -0.01630645 -0.03675 0.02044736
v -0.0104588 -0.03675 0.02266508
v -0.01009798 -0.03675 0.0212012
v 0 -0.03675 0.01722459
v -0.0104588 -0.03675 0.01973732
v -0.01145858 -0.03675 0.0186088
v 0.01542399 -0.03675 0.01722459
v 0.01605155 -0.03675 0.02475072
v 0.01178487 -0.03675 0.0270438
v -0.01286829 -0.03675 0.02432824
v -0.01145858 -0.03675 0.0237936
v -0.00720046 -0.03675 0.02860775
v -0.00242192 -0.03675 0.02940041
v 0.00242192 -0.03675 0.02940041
v 0.00720046 -0.03675 0.02860775
v 0.02318324 -0.03675 0.01824246
v 0.01988546 -0.03675 0.02179033
v 0.0212506 -0.03675 0.01722459
v 0.01722459 -0.03675 0.01722459
v 0.02611179 -0.03675 -0.01372677
v 0.02800609 -0.03675 -0.0092687
v 0.02914532 -0.03675 -0.00456074
v 0.02949876 -0.03675 0.00027018
v 0.02905689 -0.03675 0.00509382
v 0.02399039 -0.03675 0.0117841
v 0.02783162 -0.03675 0.00978013
v 0.0243512 -0.03675 0.01324798
v 0.02585598 -0.03675 0.01420275
v 0.02399039 -0.03675 0.01471186
v 0.02028125 -0.03675 -0.02142244
v 0.02351349 -0.03675 -0.01781476
v 0.0212506 -0.03675 -0.01722459
v 0.0212506 -0.03675 -0.01542399
v 0.0197036 -0.03675 -0.02224969
v 0.01722459 -0.03675 -0.01722459
v 0.0195 -0.03675 -0.0232379
v 0.01722459 -0.03675 -0.0261006
v 0.01388299 -0.03675 -0.0280547
v 0.01537969 -0.03675 -0.02787297
v 0.01542399 -0.03675 -0.0261006
v 0.0167894 -0.03675 -0.0284076
v 0.0195 -0.03675 -0.0261006
v 0.01722459 -0.03675 -0.034575
v 0.01537969 -0.03675 -0.03412703
v 0.01542399 -0.03675 -0.034575
v 0.01388299 -0.03675 -0.0339453
v 0 -0.03675 -0.034575
v 0.01264219 -0.03675 -0.03308884
v 0.01194153 -0.03675 -0.03175385
v 0.01194153 -0.03675 -0.03024616
v 0 -0.03675 -0.0261006
v 0.01264219 -0.03675 -0.02891116
v 0.01778919 -0.03675 -0.02953612
v 0.01815 -0.03675 -0.031
v 0.0195 -0.03675 -0.034575
v 0.01778919 -0.03675 -0.03246388
v 0.0167894 -0.03675 -0.0335924
v -0.01735781 -0.03675 -0.02891116
v -0.016117 -0.03675 -0.0280547
v -0.01097399 -0.03675 -0.0261006
v -0.01462031 -0.03675 -0.02787297
v -0.0132106 -0.03675 -0.0284076
v -0.01221081 -0.03675 -0.02953612
v -0.01097399 -0.03675 -0.034575
v -0.01185 -0.03675 -0.031
v -0.01221081 -0.03675 -0.03246388
v -0.0132106 -0.03675 -0.0335924
v -0.01462031 -0.03675 -0.03412703
v -0.016117 -0.03675 -0.0339453
v -0.01841202 -0.03675 -0.01471186
v -0.01722459 -0.03675 -0.01542399
v -0.0180512 -0.03675 -0.01324798
v -0.01841202 -0.03675 -0.0117841
v -0.0194118 -0.03675 -0.01584038
v -0.02082151 -0.03675 -0.01637501
v -0.02231821 -0.03675 -0.01619328
v -0.02511468 -0.03675 -0.01547588
v -0.02355901 -0.03675 -0.01533682
v -0.02611179 -0.03675 -0.01372677
v -0.02425967 -0.03675 -0.01400183
v -0.02800609 -0.03675 -0.0092687
v -0.02425967 -0.03675 -0.01249414
v -0.02914532 -0.03675 -0.00456074
v -0.02355901 -0.03675 -0.01115915
v -0.02231821 -0.03675 -0.01030268
v -0.02082151 -0.03675 -0.01012095
v -0.0194118 -0.03675 -0.01065558
v 0.01603717 -0.03675 -0.01973732
v 0.01639798 -0.03675 -0.0212012
v 0.01018951 -0.03675 -0.02195505
v 0.01018951 -0.03675 -0.02044736
v 0 -0.03675 -0.01722459
v 0.01603717 -0.03675 -0.02266508
v 0.01503739 -0.03675 -0.0237936
v 0.01362767 -0.03675 -0.02432824
v 0.01213098 -0.03675 -0.0241465
v 0.01089017 -0.03675 -0.02329004
v 0.01089017 -0.03675 -0.01911237
v 0.01213098 -0.03675 -0.0182559
v 0.01542399 -0.03675 -0.01722459
v 0.01362767 -0.03675 -0.01807417
v 0.01503739 -0.03675 -0.0186088
v 0.0200842 -0.03675 0.01030268
v 0.01722459 -0.03675 0
v 0.02299061 -0.03675 0.01584038
v 0.02158089 -0.03675 0.01637501
v 0.0200842 -0.03675 0.01619328
v 0.01884339 -0.03675 0.01533682
v 0.01884339 -0.03675 0.01115915
v 0.01814274 -0.03675 0.01249414
v 0.01814274 -0.03675 0.01400183
v 0.00174176 -0.03675 0.01434464
v 0.00512404 -0.03675 0.01351098
v 0.00820854 -0.03675 0.01189212
v 0.01081598 -0.03675 0.00958212
v -0.01081598 -0.03675 0.00958212
v -0.00820854 -0.03675 0.01189212
v -0.00512404 -0.03675 0.01351098
v -0.00174176 -0.03675 0.01434464
v -0.01279484 -0.03675 0.00671525
v -0.01403011 -0.03675 0.00345811
v -0.01279484 -0.03675 -0.00671525
v -0.01081598 -0.03675 -0.00958212
v -0.01097399 -0.03675 -0.01542399
v -0.00820854 -0.03675 -0.01189212
v 0.01403011 -0.03675 -0.00345811
v 0.01542399 -0.03675 -0.01542399
v 0.01542399 -0.03675 0
v 0.01279484 -0.03675 0.00671525
v 0.01403011 -0.03675 0.00345811
v 0.01445 -0.03675 0
v 0.01279484 -0.03675 -0.00671525
v 0.01081598 -0.03675 -0.00958212
v 0.00820854 -0.03675 -0.01189212
v 0.00512404 -0.03675 -0.01351098
v 0.00174176 -0.03675 -0.01434464
v 0 -0.03675 -0.01542399
v -0.00174176 -0.03675 -0.01434464
v -0.00512404 -0.03675 -0.01351098
v 0.0195 -0.03675 -0.035
v 0.01722459 -0.03675 -0.035
v 0.01542399 -0.03675 -0.035
v 0 -0.03675 -0.035
v -0.01097399 -0.03675 -0.035
v -0.01722459 -0.03675 -0.035
v -0.0195 -0.03675 -0.035
v -0.01097399 -0.03675 -0.01722459
v 0.01722459 -0.03675 -0.01542399
v 0.02 -0.03325 -0.035
v 0.02 -0.03625 -0.0232379
v 0.02 -0.03325 -0.0232379
v 0.01324798 -0.03275 -0.0195012
v 0.01239798 -0.03275 -0.01972896
v 0.01247399 -0.03275 -0.01722459
v 0.02318324 -0.03275 0.01824246
v 0.0180506 -0.03275 0.01722459
v 0.01988546 -0.03275 0.02179033
v 0.0195 -0.03275 -0.0338
v 0.0180506 -0.03275 -0.0338
v 0.0180506 -0.03275 -0.0261506
v 0.01577399 -0.03275 -0.0338
v 0.0158 -0.03275 -0.03238564
v 0.01638564 -0.03275 -0.0302
v 0.0166 -0.03275 -0.031
v 0.01638564 -0.03275 -0.0318
v 0.01577399 -0.03275 -0.0261506
v 0.0158 -0.03275 -0.02961436
v 0.015 -0.03275 -0.0294
v 0.0142 -0.03275 -0.02961436
v 0.01247399 -0.03275 -0.0261506
v 0.01361436 -0.03275 -0.0302
v 0.0134 -0.03275 -0.031
v 0.01361436 -0.03275 -0.0318
v 0.01247399 -0.03275 -0.0338
v 0.0142 -0.03275 -0.03238564
v 0.015 -0.03275 -0.0326
v -0.0134 -0.03275 -0.031
v -0.01361436 -0.03275 -0.0302
v 0 -0.03275 -0.0261506
v -0.01361436 -0.03275 -0.0318
v 0 -0.03275 -0.0338
v -0.0142 -0.03275 -0.03238564
v -0.01469899 -0.03275 -0.0338
v -0.015 -0.03275 -0.0326
v -0.01577399 -0.03275 -0.0338
v -0.0158 -0.03275 -0.03238564
v -0.01638564 -0.03275 -0.0318
v -0.0180506 -0.03275 -0.0338
v -0.0166 -0.03275 -0.031
v -0.0180506 -0.03275 -0.0261506
v -0.01638564 -0.03275 -0.0302
v -0.0142 -0.03275 -0.02961436
v -0.015 -0.03275 -0.0294
v -0.01469899 -0.03275 -0.0261506
v -0.0158 -0.03275 -0.02961436
v 0.02028125 -0.03275 -0.02142244
v 0.0197036 -0.03275 -0.02224969
v 0.0180506 -0.03275 -0.01722459
v 0.0195 -0.03275 -0.0232379
v 0.0195 -0.03275 -0.0261506
v 0.02351349 -0.03275 -0.01781476
v 0.0180506 -0.03275 -0.01469899
v 0.02611179 -0.03275 -0.01372677
v 0.02800609 -0.03275 -0.0092687
v 0.0180506 -0.03275 0
v 0.02914532 -0.03275 -0.00456074
v 0.02585598 -0.03275 0.01420275
v 0.0229012 -0.03275 0.01324798
v 0.02267344 -0.03275 0.01409798
v 0.0220512 -0.03275 0.01472022
v 0.0212012 -0.03275 0.01494798
v 0.0203512 -0.03275 0.01472022
v 0.01972896 -0.03275 0.01409798
v 0.0195012 -0.03275 0.01324798
v 0.01972896 -0.03275 0.01239798
v 0.0203512 -0.03275 0.01177574
v 0.0212012 -0.03275 0.01154798
v 0.0220512 -0.03275 0.01177574
v 0.02949876 -0.03275 0.00027018
v 0.02267344 -0.03275 0.01239798
v 0.02783162 -0.03275 0.00978013
v 0.02905689 -0.03275 0.00509382
v 0.01577399 -0.03275 0.01722459
v 0.01605155 -0.03275 0.02475072
v 0.01178487 -0.03275 0.0270438
v 0.01247399 -0.03275 0.01722459
v 0.00720046 -0.03275 0.02860775
v 0 -0.03275 0.01722459
v 0.00242192 -0.03275 0.02940041
v -0.00242192 -0.03275 0.02940041
v -0.01409798 -0.03275 0.01972896
v -0.01324798 -0.03275 0.0195012
v -0.01469899 -0.03275 0.01722459
v -0.01239798 -0.03275 0.01972896
v -0.01177574 -0.03275 0.0203512
v -0.01154798 -0.03275 0.0212012
v -0.01177574 -0.03275 0.0220512
v -0.00720046 -0.03275 0.02860775
v -0.01239798 -0.03275 0.02267344
v -0.01178487 -0.03275 0.0270438
v -0.01324798 -0.03275 0.0229012
v -0.01605155 -0.03275 0.02475072
v -0.01409798 -0.03275 0.02267344
v -0.01472022 -0.03275 0.0220512
v -0.01577399 -0.03275 0.01722459
v -0.01494798 -0.03275 0.0212012
v -0.01472022 -0.03275 0.0203512
v -0.0180506 -0.03275 0.01722459
v -0.01988546 -0.03275 0.02179033
v -0.0180506 -0.03275 -0
v -0.02949876 -0.03275 0.00027018
v -0.02905689 -0.03275 0.00509382
v -0.02783162 -0.03275 0.00978013
v -0.02585598 -0.03275 0.01420275
v -0.02318324 -0.03275 0.01824246
v -0.01972896 -0.03275 -0.01239798
v -0.0195012 -0.03275 -0.01324798
v -0.0180506 -0.03275 -0.01469899
v -0.01972896 -0.03275 -0.01409798
v -0.0220512 -0.03275 -0.01472022
v -0.02351349 -0.03275 -0.01781476
v -0.02267344 -0.03275 -0.01409798
v -0.02611179 -0.03275 -0.01372677
v -0.0229012 -0.03275 -0.01324798
v -0.0203512 -0.03275 -0.01177574
v -0.0212012 -0.03275 -0.01154798
v -0.0220512 -0.03275 -0.01177574
v -0.02267344 -0.03275 -0.01239798
v -0.02800609 -0.03275 -0.0092687
v -0.02914532 -0.03275 -0.00456074
v -0.0203512 -0.03275 -0.01472022
v -0.0180506 -0.03275 -0.01722459
v -0.0212012 -0.03275 -0.01494798
v -0.02028125 -0.03275 -0.02142244
v -0.0197036 -0.03275 -0.02224969
v -0.0195 -0.03275 -0.0232379
v -0.0195 -0.03275 -0.0261506
v -0.0195 -0.03275 -0.0338
v 0.01239798 -0.03275 -0.02267344
v 0.01324798 -0.03275 -0.0229012
v 0.01409798 -0.03275 -0.02267344
v 0.01472022 -0.03275 -0.0220512
v 0.01494798 -0.03275 -0.0212012
v 0.01577399 -0.03275 -0.01722459
v 0.01472022 -0.03275 -0.0203512
v 0.01409798 -0.03275 -0.01972896
v 0.01177574 -0.03275 -0.0220512
v 0.01154798 -0.03275 -0.0212012
v 0 -0.03275 -0.01722459
v 0.01177574 -0.03275 -0.0203512
v 0.01279484 -0.03275 -0.00671525
v 0.01403011 -0.03275 -0.00345811
v 0.01577399 -0.03275 -0.01469899
v 0.01577399 -0.03275 0
v 0.00174176 -0.03275 -0.01434464
v 0.00512404 -0.03275 -0.01351098
v 0.01247399 -0.03275 -0.01469899
v 0 -0.03275 -0.01469899
v -0.00174176 -0.03275 -0.01434464
v 0.00820854 -0.03275 -0.01189212
v 0.01081598 -0.03275 -0.00958212
v -0.01469899 -0.03275 -0
v -0.01403011 -0.03275 -0.00345811
v -0.01469899 -0.03275 -0.01469899
v -0.01279484 -0.03275 -0.00671525
v -0.00512404 -0.03275 -0.01351098
v -0.01081598 -0.03275 -0.00958212
v -0.00820854 -0.03275 -0.01189212
v -0.00174176 -0.03275 0.01434464
v -0.00512404 -0.03275 0.01351098
v -0.00820854 -0.03275 0.01189212
v -0.01081598 -0.03275 0.00958212
v -0.01279484 -0.03275 0.00671525
v -0.01403011 -0.03275 0.00345811
v -0.01445 -0.03275 0
v 0.01403011 -0.03275 0.00345811
v 0.01279484 -0.03275 0.00671525
v 0.01081598 -0.03275 0.00958212
v 0.00820854 -0.03275 0.01189212
v 0.00512404 -0.03275 0.01351098
v 0.00174176 -0.03275 0.01434464
v 0.01445 -0.03275 0
v -0.0195 -0.03275 -0.035
v -0.0180506 -0.03275 -0.035
v -0.01577399 -0.03275 -0.035
v -0.01469899 -0.03275 -0.035
v 0 -0.03275 -0.035
v 0.01247399 -0.03275 -0.035
v 0.01577399 -0.03275 -0.035
v 0.0180506 -0.03275 -0.035
v 0.0195 -0.03275 -0.035
v -0.01469899 -0.03275 -0.01722459
v -0.01577399 -0.03275 -0.0261506
v -0.01577399 -0.03275 -0.01722459
v -0.01577399 -0.03275 -0.01469899
v -0.01577399 -0.03275 -0
v 0 -0.03675 -0.035
v 0 -0.03275 -0.035
v 0.01641673 -0.0352 -0.03025644
v 0.01638564 -0.0352 -0.0302
v 0.0159089 -0.0352 -0.02968323
v 0.0158 -0.0352 -0.02961436
v 0.01519286 -0.0352 -0.02941167
v 0.015 -0.0352 -0.0294
v 0.01443263 -0.0352 -0.02950397
v 0.0142 -0.0352 -0.02961436
v 0.01380238 -0.0352 -0.029939
v 0.01361436 -0.0352 -0.0302
v 0.01344649 -0.0352 -0.0306171
v 0.0134 -0.0352 -0.031
v 0.01344649 -0.0352 -0.0313829
v 0.01361436 -0.0352 -0.0318
v 0.01380238 -0.0352 -0.032061
v 0.0142 -0.0352 -0.03238564
v 0.01443263 -0.0352 -0.03249603
v 0.015 -0.0352 -0.0326
v 0.01519286 -0.0352 -0.03258833
v 0.0158 -0.0352 -0.03238564
v 0.0159089 -0.0352 -0.03231677
v 0.01638564 -0.0352 -0.0318
v 0.01641673 -0.0352 -0.03174356
v 0.0166 -0.0352 -0.031
v -0.01358327 -0.0352 -0.03025644
v -0.01361436 -0.0352 -0.0302
v -0.0140911 -0.0352 -0.02968323
v -0.0142 -0.0352 -0.02961436
v -0.01480714 -0.0352 -0.02941167
v -0.015 -0.0352 -0.0294
v -0.01556737 -0.0352 -0.02950397
v -0.0158 -0.0352 -0.02961436
v -0.01619762 -0.0352 -0.029939
v -0.01638564 -0.0352 -0.0302
v -0.01655351 -0.0352 -0.0306171
v -0.0166 -0.0352 -0.031
v -0.01655351 -0.0352 -0.0313829
v -0.01638564 -0.0352 -0.0318
v -0.01619762 -0.0352 -0.032061
v -0.0158 -0.0352 -0.03238564
v -0.01556737 -0.0352 -0.03249603
v -0.015 -0.0352 -0.0326
v -0.01480714 -0.0352 -0.03258833
v -0.0142 -0.0352 -0.03238564
v -0.0140911 -0.0352 -0.03231677
v -0.01361436 -0.0352 -0.0318
v -0.01358327 -0.0352 -0.03174356
v -0.0134 -0.0352 -0.031
v -0.020625 -0.03325 -0.02178553
v -0.020625 -0.03625 -0.02178553
v -0.02391203 -0.03625 -0.0181167
v -0.02391203 -0.03325 -0.0181167
v -0.02655436 -0.03625 -0.01395943
v -0.02655436 -0.03325 -0.01395943
v -0.02848077 -0.03625 -0.0094258
v -0.02848077 -0.03325 -0.0094258
v -0.02963931 -0.03625 -0.00463804
v -0.02963931 -0.03325 -0.00463804
v -0.02999874 -0.03625 0.00027476
v -0.02999874 -0.03325 0.00027476
v -0.02954938 -0.03625 0.00518016
v -0.02954938 -0.03325 0.00518016
v -0.02830334 -0.03625 0.0099459
v -0.02830334 -0.03325 0.0099459
v -0.02629422 -0.03625 0.01444348
v -0.02629422 -0.03325 0.01444348
v -0.02357618 -0.03625 0.01855166
v -0.02357618 -0.03325 0.01855166
v -0.0202225 -0.03625 0.02215966
v -0.0202225 -0.03325 0.02215966
v -0.01632361 -0.03625 0.02517022
v -0.01632361 -0.03325 0.02517022
v -0.01198461 -0.03625 0.02750217
v -0.01198461 -0.03325 0.02750217
v -0.0073225 -0.03625 0.02909263
v -0.0073225 -0.03325 0.02909263
v -0.00246297 -0.03625 0.02989873
v -0.00246297 -0.03325 0.02989873
v 0.00246297 -0.03625 0.02989873
v 0.00246297 -0.03325 0.02989873
v 0.0073225 -0.03625 0.02909263
v 0.0073225 -0.03325 0.02909263
v 0.01198461 -0.03625 0.02750217
v 0.01198461 -0.03325 0.02750217
v 0.01632361 -0.03625 0.02517022
v 0.01632361 -0.03325 0.02517022
v 0.0202225 -0.03625 0.02215966
v 0.0202225 -0.03325 0.02215966
v 0.02357618 -0.03625 0.01855166
v 0.02357618 -0.03325 0.01855166
v 0.02629422 -0.03625 0.01444348
v 0.02629422 -0.03325 0.01444348
v 0.02830334 -0.03625 0.0099459
v 0.02830334 -0.03325 0.0099459
v 0.02954938 -0.03625 0.00518016
v 0.02954938 -0.03325 0.00518016
v 0.02999874 -0.03625 0.00027476
v 0.02999874 -0.03325 0.00027476
v 0.02963931 -0.03625 -0.00463804
v 0.02963931 -0.03325 -0.00463804
v 0.02848077 -0.03625 -0.0094258
v 0.02848077 -0.03325 -0.0094258
v 0.02655436 -0.03625 -0.01395943
v 0.02655436 -0.03325 -0.01395943
v 0.02391203 -0.03625 -0.0181167
v 0.02391203 -0.03325 -0.0181167
v 0.020625 -0.03625 -0.02178553
v 0.020625 -0.03325 -0.02178553
v -0.02016288 -0.03325 -0.02244733
v -0.02016288 -0.03625 -0.02244733
v 0.02016288 -0.03325 -0.02244733
v 0.02016288 -0.03625 -0.02244733
v -0.01174271 -0.0353 0.02199123
v -0.01177574 -0.0353 0.0220512
v -0.01228227 -0.0353 0.02260027
v -0.01239798 -0.0353 0.02267344
v -0.01304307 -0.0353 0.02288881
v -0.01324798 -0.0353 0.0229012
v -0.01385081 -0.0353 0.02279073
v -0.01409798 -0.0353 0.02267344
v -0.01452045 -0.0353 0.02232851
v -0.01472022 -0.0353 0.0220512
v -0.01489858 -0.0353 0.02160804
v -0.01494798 -0.0353 0.0212012
v -0.01489858 -0.0353 0.02079437
v -0.01472022 -0.0353 0.0203512
v -0.01452045 -0.0353 0.02007389
v -0.01409798 -0.0353 0.01972896
v -0.01385081 -0.0353 0.01961168
v -0.01324798 -0.0353 0.0195012
v -0.01304307 -0.0353 0.0195136
v -0.01239798 -0.0353 0.01972896
v -0.01228227 -0.0353 0.01980213
v -0.01177574 -0.0353 0.0203512
v -0.01174271 -0.0353 0.02041117
v -0.01154798 -0.0353 0.0212012
v -0.01969593 -0.0353 -0.01245795
v -0.01972896 -0.0353 -0.01239798
v -0.02023549 -0.0353 -0.01184891
v -0.0203512 -0.0353 -0.01177574
v -0.02099629 -0.0353 -0.01156038
v -0.0212012 -0.0353 -0.01154798
v -0.02180403 -0.0353 -0.01165845
v -0.0220512 -0.0353 -0.01177574
v -0.02247367 -0.0353 -0.01212067
v -0.02267344 -0.0353 -0.01239798
v -0.0228518 -0.0353 -0.01284114
v -0.0229012 -0.0353 -0.01324798
v -0.0228518 -0.0353 -0.01365482
v -0.02267344 -0.0353 -0.01409798
v -0.02247367 -0.0353 -0.01437529
v -0.0220512 -0.0353 -0.01472022
v -0.02180403 -0.0353 -0.01483751
v -0.0212012 -0.0353 -0.01494798
v -0.02099629 -0.0353 -0.01493559
v -0.0203512 -0.0353 -0.01472022
v -0.02023549 -0.0353 -0.01464705
v -0.01972896 -0.0353 -0.01409798
v -0.01969593 -0.0353 -0.01403801
v -0.0195012 -0.0353 -0.01324798
v 0.01475326 -0.0353 -0.02041117
v 0.01472022 -0.0353 -0.0203512
v 0.01421369 -0.0353 -0.01980213
v 0.01409798 -0.0353 -0.01972896
v 0.01345289 -0.0353 -0.0195136
v 0.01324798 -0.0353 -0.0195012
v 0.01264515 -0.0353 -0.01961168
v 0.01239798 -0.0353 -0.01972896
v 0.01197551 -0.0353 -0.02007389
v 0.01177574 -0.0353 -0.0203512
v 0.01159738 -0.0353 -0.02079437
v 0.01154798 -0.0353 -0.0212012
v 0.01159738 -0.0353 -0.02160804
v 0.01177574 -0.0353 -0.0220512
v 0.01197551 -0.0353 -0.02232851
v 0.01239798 -0.0353 -0.02267344
v 0.01264515 -0.0353 -0.02279073
v 0.01324798 -0.0353 -0.0229012
v 0.01345289 -0.0353 -0.02288881
v 0.01409798 -0.0353 -0.02267344
v 0.01421369 -0.0353 -0.02260027
v 0.01472022 -0.0353 -0.0220512
v 0.01475326 -0.0353 -0.02199123
v 0.01494798 -0.0353 -0.0212012
v 0.02270648 -0.0353 0.01403801
v 0.02267344 -0.0353 0.01409798
v 0.02216691 -0.0353 0.01464705
v 0.0220512 -0.0353 0.01472022
v 0.02140611 -0.0353 0.01493559
v 0.0212012 -0.0353 0.01494798
v 0.02059837 -0.0353 0.01483751
v 0.0203512 -0.0353 0.01472022
v 0.01992873 -0.0353 0.01437529
v 0.01972896 -0.0353 0.01409798
v 0.0195506 -0.0353 0.01365482
v 0.0195012 -0.0353 0.01324798
v 0.0195506 -0.0353 0.01284114
v 0.01972896 -0.0353 0.01239798
v 0.01992873 -0.0353 0.01212067
v 0.0203512 -0.0353 0.01177574
v 0.02059837 -0.0353 0.01165845
v 0.0212012 -0.0353 0.01154798
v 0.02140611 -0.0353 0.01156038
v 0.0220512 -0.0353 0.01177574
v 0.02216691 -0.0353 0.01184891
v 0.02267344 -0.0353 0.01239798
v 0.02270648 -0.0353 0.01245795
v 0.0229012 -0.0353 0.01324798
v 0.02935977 0.03675 0.00379758
v 0.02945624 0.03675 0.00451329
v 0.02979875 0.03675 0.00027293
v 0.00952105 0.03675 -0.02170047
v 0.00924979 0.03675 -0.02239693
v 0.00860037 0.03675 -0.0223687
v 0.00934829 0.03675 -0.02313784
v 0.01009876 0.03675 -0.0249953
v 0.00860037 0.03675 -0.0267867
v 0.01043437 0.03675 -0.02549952
v 0.01094203 0.03675 -0.0258299
v 0.01153897 0.03675 -0.02593258
v 0.01212784 0.03675 -0.0257908
v 0.0198 0.03675 -0.0267867
v 0.0198 0.03675 -0.0232379
v 0.01583682 0.03675 -0.02369483
v 0.01997917 0.03675 -0.02236827
v 0.01919193 0.03675 -0.0210694
v 0.0204875 0.03675 -0.0216403
v 0.01957127 0.03675 -0.02052569
v 0.01967919 0.03675 -0.01987158
v 0.01949462 0.03675 -0.01923483
v 0.01905361 0.03675 -0.01873983
v 0.02110885 0.03675 -0.00619812
v 0.0184423 0.03675 -0.01848328
v 0.01955438 0.03675 -0.01008098
v 0.01729317 0.03675 -0.0135995
v 0.01589158 0.03675 -0.01803351
v 0.01440694 0.03675 -0.01662649
v 0.01009472 0.03675 -0.02122137
v 0.0071955 0.03675 -0.02079002
v 0.01247743 0.03675 -0.01991391
v 0.011 0.03675 -0.01905256
v 0.01469324 0.03675 -0.01834008
v 0.01525934 0.03675 -0.01805753
v -0.015405 0.03675 -0.0276645
v -0.0169087 0.03675 -0.02823477
v -0.0198 0.03675 -0.0267867
v -0.01797513 0.03675 -0.02943853
v -0.0198 0.03675 -0.0319087
v -0.01173764 0.03675 -0.0301959
v -0.00153446 0.03675 -0.0267867
v -0.01173764 0.03675 -0.0318041
v -0.00153446 0.03675 -0.0319087
v -0.012485 0.03675 -0.03322809
v -0.012485 0.03675 -0.02877191
v -0.00974757 0.03675 -0.02678124
v -0.00650061 0.03675 -0.02774873
v -0.00589513 0.03675 -0.02776497
v -0.00533258 0.03675 -0.02754043
v -0.00490471 0.03675 -0.02711172
v -0.01380853 0.03675 -0.03414166
v -0.00153446 0.03675 -0.035
v -0.01602006 0.03675 -0.035
v -0.01836 0.03675 -0.031
v -0.01797513 0.03675 -0.03256147
v -0.0198 0.03675 -0.035
v -0.0169087 0.03675 -0.03376523
v -0.015405 0.03675 -0.0343355
v 0.017515 0.03675 -0.02877191
v 0.01619147 0.03675 -0.02785834
v 0.014595 0.03675 -0.0276645
v 0.0130913 0.03675 -0.02823477
v 0.01202487 0.03675 -0.02943853
v 0.00860037 0.03675 -0.0319087
v 0.01164 0.03675 -0.031
v 0.0198 0.03675 -0.035
v 0.017515 0.03675 -0.03322809
v 0.0198 0.03675 -0.0319087
v 0.01826236 0.03675 -0.0318041
v 0.01826236 0.03675 -0.0301959
v 0.01202487 0.03675 -0.03256147
v 0.0130913 0.03675 -0.03376523
v 0.00860037 0.03675 -0.035
v 0.014595 0.03675 -0.0343355
v 0.01619147 0.03675 -0.03414166
v -0.02239149 0.03675 -0.0196637
v -0.02220888 0.03675 -0.0197991
v -0.0204875 0.03675 -0.0216403
v -0.02070518 0.03675 -0.02036937
v -0.01997917 0.03675 -0.02236827
v -0.01910871 0.03675 -0.02017553
v -0.01602006 0.03675 -0.0223687
v -0.02070518 0.03675 -0.01369837
v -0.02042409 0.03675 -0.00817657
v -0.01910871 0.03675 -0.01389222
v -0.01850758 0.03675 -0.0118941
v -0.01778518 0.03675 -0.01480578
v -0.01592215 0.03675 -0.01518174
v -0.01778518 0.03675 -0.01926196
v -0.01703781 0.03675 -0.01783797
v -0.01703781 0.03675 -0.01622977
v -0.01380853 0.03675 -0.02785834
v -0.01602006 0.03675 -0.0267867
v -0.0198 0.03675 -0.0232379
v 0.0256924 0.03675 0.00126617
v 0.0282909 0.03675 -0.00936296
v 0.02637734 0.03675 -0.01386637
v 0.02375261 0.03675 -0.01799593
v 0.02944171 0.03675 -0.00460712
v 0.02728888 0.03675 0.00146002
v 0.0286124 0.03675 0.00237358
v 0.02611892 0.03675 0.01434719
v 0.02811465 0.03675 0.00987959
v 0.02281517 0.03675 0.01480578
v 0.02418871 0.03675 0.0073669
v 0.02312227 0.03675 0.00616315
v 0.02110885 0.03675 0.00619812
v 0.02273741 0.03675 0.00460168
v 0.02190038 0.03675 0.00209123
v 0.02190038 0.03675 -0.00209123
v 0.022 0.03675 0
v 0.02418871 0.03675 0.00183645
v 0.02312227 0.03675 0.00304021
v 0.02922345 0.03675 0.00583353
v 0.0286124 0.03675 0.00682977
v 0.02728888 0.03675 0.00774333
v 0.0256924 0.03675 0.00793718
v 0.02149165 0.03675 0.01389222
v 0.02356254 0.03675 0.01622977
v 0.02356254 0.03675 0.01783797
v 0.023419 0.03675 0.01842798
v 0.02325321 0.03675 0.01863674
v 0.02239149 0.03675 0.0196637
v 0.02149165 0.03675 0.02017553
v 0.02008768 0.03675 0.02201193
v 0.01989517 0.03675 0.02036937
v 0.01621478 0.03675 0.02500242
v 0.01839148 0.03675 0.0197991
v 0.01190471 0.03675 0.02731882
v 0.01732505 0.03675 0.01859534
v 0.01440694 0.03675 0.01662649
v 0.011 0.03675 0.01905256
v 0.0071955 0.03675 0.02079002
v 0.01989517 0.03675 0.01369837
v 0.01955438 0.03675 0.01008098
v 0.01839148 0.03675 0.01426865
v 0.01729317 0.03675 0.0135995
v 0.01732505 0.03675 0.0154724
v 0.01694018 0.03675 0.01703387
v -0.00133931 0.03675 0.02529331
v -0.00133931 0.03675 0.02690151
v 0.00244655 0.03675 0.0296994
v -0.00208668 0.03675 0.0283255
v -0.00244655 0.03675 0.0296994
v -0.0034102 0.03675 0.02923906
v -0.00451329 0.03675 0.02945624
v -0.00727368 0.03675 0.02889868
v -0.00583353 0.03675 0.02922345
v -0.00651037 0.03675 0.02886263
v -0.00796168 0.03675 0.02609741
v -0.00757681 0.03675 0.02453594
v -0.01592215 0.03675 0.01518174
v -0.0034102 0.03675 0.02295575
v -0.00208668 0.03675 0.02386931
v -0.0010468 0.03675 0.02197508
v 0.00313093 0.03675 0.02177607
v 0.00727368 0.03675 0.02889868
v -0.01190471 0.03675 0.02731882
v -0.00757681 0.03675 0.02765888
v -0.01621478 0.03675 0.02500242
v -0.00500668 0.03675 0.0227619
v -0.0051867 0.03675 0.02137985
v -0.00651037 0.03675 0.02333218
v -0.00913913 0.03675 0.0200119
v -0.01276125 0.03675 0.01792067
v -0.02008768 0.03675 0.02201193
v -0.01850758 0.03675 0.0118941
v -0.02042409 0.03675 0.00817657
v -0.023419 0.03675 0.01842798
v -0.02611892 0.03675 0.01434719
v -0.02490593 0.03675 -0.00146002
v -0.02650241 0.03675 -0.00126617
v -0.02979875 0.03675 0.00027293
v -0.02650241 0.03675 -0.00793718
v -0.02490593 0.03675 -0.00774333
v -0.02220888 0.03675 -0.01426865
v -0.02358241 0.03675 -0.00682977
v -0.02637734 0.03675 -0.01386637
v -0.02327531 0.03675 -0.0154724
v -0.02366018 0.03675 -0.01703387
v -0.0282909 0.03675 -0.00936296
v -0.02922345 0.03675 -0.00583353
v -0.02907254 0.03675 -0.00616315
v -0.02358241 0.03675 -0.00237358
v -0.022 0.03675 -0
v -0.02283504 0.03675 -0.00379758
v -0.02160243 0.03675 -0.00416353
v -0.02283504 0.03675 -0.00540578
v -0.02160243 0.03675 0.00416353
v -0.02935239 0.03675 0.00514563
v -0.02811465 0.03675 0.00987959
v -0.0280061 0.03675 -0.00183645
v -0.02907254 0.03675 -0.00304021
v -0.02945624 0.03675 -0.00451329
v -0.02375261 0.03675 -0.01799593
v -0.02327531 0.03675 -0.01859534
v -0.02325321 0.03675 -0.01863674
v -0.0280061 0.03675 -0.0073669
v 0.00786404 0.03675 -0.02529331
v 0.00711667 0.03675 -0.02386931
v 0.00579315 0.03675 -0.02295575
v 0.00419667 0.03675 -0.0227619
v -0.00153446 0.03675 -0.0223687
v 0.00269298 0.03675 -0.02333218
v 0.00162654 0.03675 -0.02453594
v 0.00124168 0.03675 -0.02609741
v 0.00162654 0.03675 -0.02765888
v 0.00269298 0.03675 -0.02886263
v 0.00419667 0.03675 -0.02943291
v 0.00579315 0.03675 -0.02923906
v 0.00711667 0.03675 -0.0283255
v 0.00786404 0.03675 -0.02690151
v 0.00313093 0.03675 -0.02177607
v -0.0010468 0.03675 -0.02197508
v -0.0051867 0.03675 -0.02137985
v -0.01247748 0.03675 -0.02161163
v -0.01195429 0.03675 -0.02107786
v -0.01123846 0.03675 -0.02086283
v -0.01276125 0.03675 -0.01792067
v -0.01050774 0.03675 -0.02101993
v -0.00913913 0.03675 -0.0200119
v -0.00803747 0.03675 -0.02208278
v -0.01347915 0.03675 -0.02334657
v -0.01366986 0.03675 -0.02392147
v -0.01361765 0.03675 -0.02452491
v -0.01333105 0.03675 -0.02505852
v -0.01285679 0.03675 -0.02543527
v -0.00546196 0.03675 -0.02285644
v -0.00480121 0.03675 -0.0232058
v -0.00468126 0.03675 -0.02654874
v -0.00433338 0.03675 -0.02457584
v -0.00439107 0.03675 -0.02383064
v 0.02 0.03325 -0.035
v 0.02 0.03655 -0.035
v 0.02 0.03325 -0.0232379
v 0.02 0.03655 -0.0232379
v -0.02 0.03325 -0.0232379
v -0.02 0.03655 -0.0232379
v -0.02 0.03325 -0.035
v -0.02 0.03655 -0.035
v 0.01276125 0.03275 0.01792067
v 0.01592215 0.03275 0.01518174
v 0.01760009 0.03275 0.0231987
v 0.00460168 0.03275 -0.0277974
v 0 0.03275 -0.0285987
v 0.00985084 0.03275 -0.0285987
v 0.02694741 0.03275 0.00312943
v 0.02609741 0.03275 0.00290168
v 0.0286487 0.03275 0
v 0.02318324 0.03275 0.01824246
v 0.02319879 0.03275 0.01081777
v 0.02585598 0.03275 0.01420275
v 0.01605155 0.03275 0.02475072
v 0.01812224 0.03275 0.02327734
v 0.01178487 0.03275 0.0270438
v 0.00985084 0.03275 0.0231987
v -0.02351349 0.03275 -0.01781476
v -0.02319879 0.03275 -0.01081777
v -0.02611179 0.03275 -0.01372677
v -0.0195 0.03275 -0.0232379
v -0.0195 0.03275 -0.0285987
v -0.01760009 0.03275 -0.0285987
v -0.01760009 0.03275 -0.02036694
v -0.02028125 0.03275 -0.02142244
v -0.0197036 0.03275 -0.02224969
v -0.02115018 0.03275 -0.01850612
v -0.01882793 0.03275 -0.01618387
v -0.01860018 0.03275 -0.01703387
v -0.01729317 0.03275 -0.0135995
v -0.01440694 0.03275 -0.01662649
v -0.02177242 0.03275 -0.01788387
v -0.02200018 0.03275 -0.01703387
v -0.02177242 0.03275 -0.01618387
v -0.02115018 0.03275 -0.01556163
v -0.01882793 0.03275 -0.01788387
v -0.01945018 0.03275 -0.01850612
v -0.02030018 0.03275 -0.01873387
v -0.01955438 0.03275 -0.01008098
v -0.02030018 0.03275 -0.01533387
v -0.01945018 0.03275 -0.01556163
v -0.02462516 0.03275 -0.00545168
v -0.02524741 0.03275 -0.00607392
v -0.02609741 0.03275 -0.00630168
v -0.02800609 0.03275 -0.0092687
v -0.0243974 0.03275 -0.00460168
v -0.02319879 0.03275 -0
v -0.02462516 0.03275 -0.00375168
v -0.02756965 0.03275 -0.00375168
v -0.02949876 0.03275 0.00027018
v -0.0277974 0.03275 -0.00460168
v -0.02914532 0.03275 -0.00456074
v -0.02756965 0.03275 -0.00545168
v -0.02694741 0.03275 -0.00607392
v -0.02694741 0.03275 -0.00312943
v -0.02609741 0.03275 -0.00290168
v -0.02524741 0.03275 -0.00312943
v -0.02905689 0.03275 0.00509382
v -0.02319879 0.03275 0.01081777
v -0.02783162 0.03275 0.00978013
v -0.02585598 0.03275 0.01420275
v -0.02318324 0.03275 0.01824246
v -0.01955438 0.03275 0.01008098
v -0.01729317 0.03275 0.0135995
v -0.00720046 0.03275 0.02860775
v -0.01178487 0.03275 0.0270438
v -0.00630168 0.03275 0.02609741
v 0.00242192 0.03275 0.02940041
v -0.00242192 0.03275 0.02940041
v -0.00375168 0.03275 0.02756965
v -0.01988546 0.03275 0.02179033
v -0.01760009 0.03275 0.0231987
v -0.01605155 0.03275 0.02475072
v -0.00985084 0.03275 0.0231987
v -0.00607392 0.03275 0.02524741
v -0.00607392 0.03275 0.02694741
v -0.00545168 0.03275 0.02756965
v -0.00460168 0.03275 0.0277974
v -0.00312943 0.03275 0.02694741
v -0.00290168 0.03275 0.02609741
v 0 0.03275 0.0231987
v -0.00312943 0.03275 0.02524741
v -0.00375168 0.03275 0.02462516
v -0.00460168 0.03275 0.0243974
v -0.00545168 0.03275 0.02462516
v 0.00720046 0.03275 0.02860775
v 0.02200009 0.03275 0.01081777
v 0.02200018 0.03275 0.01703387
v 0.02177242 0.03275 0.01618387
v 0.02177242 0.03275 0.01788387
v 0.02115018 0.03275 0.01850612
v 0.01988546 0.03275 0.02179033
v 0.02030018 0.03275 0.01873387
v 0.02115018 0.03275 0.01556163
v 0.02030018 0.03275 0.01533387
v 0.01850758 0.03275 0.0118941
v 0.01945018 0.03275 0.01556163
v 0.01945018 0.03275 0.01850612
v 0.01882793 0.03275 0.01618387
v 0.01860018 0.03275 0.01703387
v 0.01882793 0.03275 0.01788387
v 0.02462516 0.03275 0.00375168
v 0.0243974 0.03275 0.00460168
v 0.02319879 0.03275 0
v 0.02524741 0.03275 0.00312943
v 0.02462516 0.03275 0.00545168
v 0.02524741 0.03275 0.00607392
v 0.02609741 0.03275 0.00630168
v 0.02783162 0.03275 0.00978013
v 0.02694741 0.03275 0.00607392
v 0.02905689 0.03275 0.00509382
v 0.02756965 0.03275 0.00545168
v 0.0277974 0.03275 0.00460168
v 0.02756965 0.03275 0.00375168
v 0.02351349 0.03275 -0.01781476
v 0.02611179 0.03275 -0.01372677
v 0.02319879 0.03275 -0.01081777
v 0.02800609 0.03275 -0.0092687
v 0.02914532 0.03275 -0.00456074
v 0.02949876 0.03275 0.00027018
v 0.02200009 0.03275 -0.01081777
v 0.02207396 0.03275 -0.01957014
v 0.02322489 0.03275 -0.0181894
v 0.0195 0.03275 -0.0285987
v 0.0195 0.03275 -0.0232379
v 0.01760009 0.03275 -0.02036694
v 0.0197036 0.03275 -0.02224969
v 0.02028125 0.03275 -0.02142244
v -0.01760009 0.03275 -0.035
v -0.01760009 0.03275 -0.0338
v -0.0195 0.03275 -0.035
v -0.0195 0.03275 -0.0338
v -0.02190038 0.03275 -0.00209123
v -0.02110885 0.03275 -0.00619812
v -0.011 0.03275 -0.01905256
v -0.00985084 0.03275 -0.02036694
v -0.0071955 0.03275 -0.02079002
v -0.00985084 0.03275 -0.0285987
v -0.00313093 0.03275 -0.02177607
v 0.00375168 0.03275 -0.02756965
v 0.00312943 0.03275 -0.02694741
v 0.00290168 0.03275 -0.02609741
v 0.00312943 0.03275 -0.02524741
v 0.0010468 0.03275 -0.02197508
v 0.00375168 0.03275 -0.02462516
v 0.0051867 0.03275 -0.02137985
v 0.00460168 0.03275 -0.0243974
v 0.00813839 0.03275 -0.02043934
v 0.00545168 0.03275 -0.02462516
v 0.00985084 0.03275 -0.02036694
v 0.00607392 0.03275 -0.02524741
v 0.00630168 0.03275 -0.02609741
v 0.00607392 0.03275 -0.02694741
v 0.00545168 0.03275 -0.02756965
v 0.01850758 0.03275 -0.0118941
v 0.01592215 0.03275 -0.01518174
v 0.01276125 0.03275 -0.01792067
v 0.00913913 0.03275 -0.0200119
v 0.02160243 0.03275 -0.00416353
v 0.022 0.03275 0
v 0.02128834 0.03275 -0.02042197
v 0.02042409 0.03275 -0.00817657
v 0.02042409 0.03275 0.00817657
v 0.02160243 0.03275 0.00416353
v 0.00913913 0.03275 0.0200119
v -0.011 0.03275 0.01905256
v -0.0071955 0.03275 0.02079002
v -0.00313093 0.03275 0.02177607
v 0.0010468 0.03275 0.02197508
v 0.0051867 0.03275 0.02137985
v -0.01440694 0.03275 0.01662649
v -0.022 0.03275 -0
v -0.02190038 0.03275 0.00209123
v -0.02110885 0.03275 0.00619812
v 0.01760009 0.03275 -0.035
v 0.01760009 0.03275 -0.0338
v 0.00985084 0.03275 -0.035
v 0.00985084 0.03275 -0.0338
v 0 0.03275 -0.035
v 0 0.03275 -0.0338
v -0.00985084 0.03275 -0.035
v -0.00985084 0.03275 -0.0338
v -0.0166 0.03275 -0.031
v -0.01638564 0.03275 -0.0302
v -0.0158 0.03275 -0.03238564
v -0.01638564 0.03275 -0.0318
v -0.015 0.03275 -0.0326
v -0.0134 0.03275 -0.031
v -0.01361436 0.03275 -0.0318
v -0.0142 0.03275 -0.03238564
v -0.0158 0.03275 -0.02961436
v -0.015 0.03275 -0.0294
v -0.0142 0.03275 -0.02961436
v -0.01361436 0.03275 -0.0302
v 0.01361436 0.03275 -0.0318
v 0.0134 0.03275 -0.031
v 0.01361436 0.03275 -0.0302
v 0.01638564 0.03275 -0.0318
v 0.0166 0.03275 -0.031
v 0.01760009 0.03275 -0.0285987
v 0.01638564 0.03275 -0.0302
v 0.0158 0.03275 -0.03238564
v 0.015 0.03275 -0.0326
v 0.0142 0.03275 -0.03238564
v 0.0142 0.03275 -0.02961436
v 0.015 0.03275 -0.0294
v 0.0158 0.03275 -0.02961436
v 0.0195 0.03275 -0.0338
v 0.0195 0.03275 -0.035
v -0.01641673 0.03499 -0.03025644
v -0.01638564 0.03499 -0.0302
v -0.0159089 0.03499 -0.02968323
v -0.0158 0.03499 -0.02961436
v -0.01519286 0.03499 -0.02941167
v -0.015 0.03499 -0.0294
v -0.01443263 0.03499 -0.02950397
v -0.0142 0.03499 -0.02961436
v -0.01380238 0.03499 -0.029939
v -0.01361436 0.03499 -0.0302
v -0.01344649 0.03499 -0.0306171
v -0.0134 0.03499 -0.031
v -0.01344649 0.03499 -0.0313829
v -0.01361436 0.03499 -0.0318
v -0.01380238 0.03499 -0.032061
v -0.0142 0.03499 -0.03238564
v -0.01443263 0.03499 -0.03249603
v -0.015 0.03499 -0.0326
v -0.01519286 0.03499 -0.03258833
v -0.0158 0.03499 -0.03238564
v -0.0159089 0.03499 -0.03231677
v -0.01638564 0.03499 -0.0318
v -0.01641673 0.03499 -0.03174356
v -0.0166 0.03499 -0.031
v 0.01358327 0.03499 -0.03025644
v 0.01361436 0.03499 -0.0302
v 0.0140911 0.03499 -0.02968323
v 0.0142 0.03499 -0.02961436
v 0.01480714 0.03499 -0.02941167
v 0.015 0.03499 -0.0294
v 0.01556737 0.03499 -0.02950397
v 0.0158 0.03499 -0.02961436
v 0.01619762 0.03499 -0.029939
v 0.01638564 0.03499 -0.0302
v 0.01655351 0.03499 -0.0306171
v 0.0166 0.03499 -0.031
v 0.01655351 0.03499 -0.0313829
v 0.01638564 0.03499 -0.0318
v 0.01619762 0.03499 -0.032061
v 0.0158 0.03499 -0.03238564
v 0.01556737 0.03499 -0.03249603
v 0.015 0.03499 -0.0326
v 0.01480714 0.03499 -0.03258833
v 0.0142 0.03499 -0.03238564
v 0.0140911 0.03499 -0.03231677
v 0.01361436 0.03499 -0.0318
v 0.01358327 0.03499 -0.03174356
v 0.0134 0.03499 -0.031
v 0.020625 0.03325 -0.02178553
v 0.020625 0.03655 -0.02178553
v 0.02391203 0.03655 -0.0181167
v 0.02391203 0.03325 -0.0181167
v 0.02655436 0.03655 -0.01395943
v 0.02655436 0.03325 -0.01395943
v 0.02848077 0.03655 -0.0094258
v 0.02848077 0.03325 -0.0094258
v 0.02963931 0.03655 -0.00463804
v 0.02963931 0.03325 -0.00463804
v 0.02999874 0.03655 0.00027476
v 0.02999874 0.03325 0.00027476
v 0.02954938 0.03655 0.00518016
v 0.02954938 0.03325 0.00518016
v 0.02830334 0.03655 0.0099459
v 0.02830334 0.03325 0.0099459
v 0.02629422 0.03655 0.01444348
v 0.02629422 0.03325 0.01444348
v 0.02357618 0.03655 0.01855166
v 0.02357618 0.03325 0.01855166
v 0.0202225 0.03655 0.02215966
v 0.0202225 0.03325 0.02215966
v 0.01632361 0.03655 0.02517022
v 0.01632361 0.03325 0.02517022
v 0.01198461 0.03655 0.02750217
v 0.01198461 0.03325 0.02750217
v 0.0073225 0.03655 0.02909263
v 0.0073225 0.03325 0.02909263
v 0.00246297 0.03655 0.02989873
v 0.00246297 0.03325 0.02989873
v -0.00246297 0.03655 0.02989873
v -0.00246297 0.03325 0.02989873
v -0.0073225 0.03655 0.02909263
v -0.0073225 0.03325 0.02909263
v -0.01198461 0.03655 0.02750217
v -0.01198461 0.03325 0.02750217
v -0.01632361 0.03655 0.02517022
v -0.01632361 0.03325 0.02517022
v -0.0202225 0.03655 0.02215966
v -0.0202225 0.03325 0.02215966
v -0.02357618 0.03655 0.01855166
v -0.02357618 0.03325 0.01855166
v -0.02629422 0.03655 0.01444348
v -0.02629422 0.03325 0.01444348
v -0.02830334 0.03655 0.0099459
v -0.02830334 0.03325 0.0099459
v -0.02954938 0.03655 0.00518016
v -0.02954938 0.03325 0.00518016
v -0.02999874 0.03655 0.00027476
v -0.02999874 0.03325 0.00027476
v -0.02963931 0.03655 -0.00463804
v -0.02963931 0.03325 -0.00463804
v -0.02848077 0.03655 -0.0094258
v -0.02848077 0.03325 -0.0094258
v -0.02655436 0.03655 -0.01395943
v -0.02655436 0.03325 -0.01395943
v -0.02391203 0.03655 -0.0181167
v -0.02391203 0.03325 -0.0181167
v -0.020625 0.03655 -0.02178553
v -0.020625 0.03325 -0.02178553
v 0.01995991 0.03325 0.00799074
v 0.01986341 0.03325 0.00822769
v 0.01986341 0.03625 0.00822769
v -0.02108688 0.03325 0.00419444
v -0.02140265 0.03325 0.0020437
v -0.0215 0.03625 -0
v -0.02111147 0.03625 0.0040689
v -0.02108688 0.03625 0.00419444
v -0.0206291 0.03325 0.00605725
v -0.01986341 0.03325 0.00822769
v -0.01995991 0.03625 0.00799074
v -0.01986341 0.03625 0.00822769
v -0.01910996 0.03325 0.00985187
v -0.0178766 0.03325 0.01194476
v -0.01808695 0.03625 0.01162378
v -0.0178766 0.03625 0.01194476
v -0.01690014 0.03325 0.01329042
v -0.01556028 0.03625 0.0148367
v -0.0152028 0.03325 0.0152028
v -0.0152028 0.03625 0.0152028
v -0.01407951 0.03325 0.01624862
v -0.01247122 0.03625 0.01751338
v -0.01194476 0.03325 0.0178766
v -0.01194476 0.03625 0.0178766
v -0.01075 0.03325 0.01861955
v -0.00893142 0.03625 0.01955709
v -0.00822769 0.03325 0.01986341
v -0.00822769 0.03625 0.01986341
v -0.00703196 0.03325 0.02031752
v -0.00506882 0.03625 0.02089395
v -0.00419444 0.03325 0.02108688
v -0.00419444 0.03625 0.02108688
v -0.00305977 0.03325 0.02128116
v -0.00102301 0.03625 0.02147565
v 0 0.03325 0.0215
v 0 0.03625 0.0215
v 0.00102301 0.03325 0.02147565
v 0.00305977 0.03625 0.02128116
v 0.00419444 0.03325 0.02108688
v 0.00419444 0.03625 0.02108688
v 0.00506882 0.03325 0.02089395
v 0.00703196 0.03625 0.02031752
v 0.00822769 0.03325 0.01986341
v 0.00822769 0.03625 0.01986341
v 0.00893142 0.03325 0.01955709
v 0.01075 0.03625 0.01861955
v 0.01194476 0.03325 0.0178766
v 0.01194476 0.03625 0.0178766
v 0.01247122 0.03325 0.01751338
v 0.01407951 0.03625 0.01624862
v 0.0152028 0.03325 0.0152028
v 0.0152028 0.03625 0.0152028
v 0.01556028 0.03325 0.0148367
v 0.01690014 0.03625 0.01329042
v 0.0178766 0.03325 0.01194476
v 0.0178766 0.03625 0.01194476
v 0.01808695 0.03325 0.01162378
v 0.01910996 0.03625 0.00985187
v 0.02108688 0.03325 0.00419444
v 0.0206291 0.03625 0.00605725
v 0.02108688 0.03625 0.00419444
v 0.02140265 0.03625 0.0020437
v 0.0215 0.03325 0
v 0.02111147 0.03325 0.0040689
v 0.0215 0.03625 0
v 0.02140265 0.03625 -0.0020437
v 0.02111147 0.03325 -0.0040689
v 0.02108688 0.03625 -0.00419444
v 0.02108688 0.03325 -0.00419444
v 0.0206291 0.03625 -0.00605725
v 0.01995991 0.03325 -0.00799074
v 0.01986341 0.03625 -0.00822769
v 0.01986341 0.03325 -0.00822769
v 0.01910996 0.03625 -0.00985187
v 0.01808695 0.03325 -0.01162378
v 0.0178766 0.03625 -0.01194476
v 0.0178766 0.03325 -0.01194476
v 0.01690014 0.03625 -0.01329042
v 0.01556028 0.03325 -0.0148367
v 0.0152028 0.03625 -0.0152028
v 0.0152028 0.03325 -0.0152028
v 0.01407951 0.03625 -0.01624862
v 0.01247122 0.03325 -0.01751338
v 0.01194476 0.03625 -0.0178766
v 0.01194476 0.03325 -0.0178766
v 0.01075 0.03625 -0.01861955
v 0.00893142 0.03325 -0.01955709
v 0.00822769 0.03625 -0.01986341
v 0.00822769 0.03325 -0.01986341
v 0.00703196 0.03625 -0.02031752
v 0.00506882 0.03325 -0.02089395
v 0.00419444 0.03625 -0.02108688
v 0.00419444 0.03325 -0.02108688
v 0.00305977 0.03625 -0.02128116
v 0.00102301 0.03325 -0.02147565
v 0 0.03625 -0.0215
v 0 0.03325 -0.0215
v -0.00102301 0.03625 -0.02147565
v -0.00305977 0.03325 -0.02128116
v -0.00419444 0.03625 -0.02108688
v -0.00419444 0.03325 -0.02108688
v -0.00506882 0.03625 -0.02089395
v -0.00703196 0.03325 -0.02031752
v -0.00822769 0.03625 -0.01986341
v -0.00822769 0.03325 -0.01986341
v -0.00893142 0.03625 -0.01955709
v -0.01075 0.03325 -0.01861955
v -0.01194476 0.03625 -0.0178766
v -0.01194476 0.03325 -0.0178766
v -0.01247122 0.03625 -0.01751338
v -0.01407951 0.03325 -0.01624862
v -0.0152028 0.03625 -0.0152028
v -0.0152028 0.03325 -0.0152028
v -0.01556028 0.03625 -0.0148367
v -0.01690014 0.03325 -0.01329042
v -0.0178766 0.03625 -0.01194476
v -0.0178766 0.03325 -0.01194476
v -0.01808695 0.03625 -0.01162378
v -0.01910996 0.03325 -0.00985187
v -0.01986341 0.03625 -0.00822769
v -0.01986341 0.03325 -0.00822769
v -0.01995991 0.03625 -0.00799074
v -0.0206291 0.03325 -0.00605725
v -0.02108688 0.03625 -0.00419444
v -0.02108688 0.03325 -0.00419444
v -0.02111147 0.03625 -0.0040689
v -0.02140265 0.03325 -0.0020437
v -0.0215 0.03325 -0
v -0.02180545 0.03509 -0.01624384
v -0.02177242 0.03509 -0.01618387
v -0.02126589 0.03509 -0.0156348
v -0.02115018 0.03509 -0.01556163
v -0.02050509 0.03509 -0.01534627
v -0.02030018 0.03509 -0.01533387
v -0.01969735 0.03509 -0.01544434
v -0.01945018 0.03509 -0.01556163
v -0.01902771 0.03509 -0.01590656
v -0.01882793 0.03509 -0.01618387
v -0.01864958 0.03509 -0.01662703
v -0.01860018 0.03509 -0.01703387
v -0.01864958 0.03509 -0.01744071
v -0.01882793 0.03509 -0.01788387
v -0.01902771 0.03509 -0.01816118
v -0.01945018 0.03509 -0.01850612
v -0.01969735 0.03509 -0.0186234
v -0.02030018 0.03509 -0.01873387
v -0.02050509 0.03509 -0.01872148
v -0.02115018 0.03509 -0.01850612
v -0.02126589 0.03509 -0.01843295
v -0.02177242 0.03509 -0.01788387
v -0.02180545 0.03509 -0.0178239
v -0.02200018 0.03509 -0.01703387
v -0.02285111 0.03672 -0.01917435
v 0.0187949 0.03509 0.0178239
v 0.01882793 0.03509 0.01788387
v 0.01933447 0.03509 0.01843295
v 0.01945018 0.03509 0.01850612
v 0.02009526 0.03509 0.01872148
v 0.02030018 0.03509 0.01873387
v 0.02090301 0.03509 0.0186234
v 0.02115018 0.03509 0.01850612
v 0.02157265 0.03509 0.01816118
v 0.02177242 0.03509 0.01788387
v 0.02195078 0.03509 0.01744071
v 0.02200018 0.03509 0.01703387
v 0.02195078 0.03509 0.01662703
v 0.02177242 0.03509 0.01618387
v 0.02157265 0.03509 0.01590656
v 0.02115018 0.03509 0.01556163
v 0.02090301 0.03509 0.01544434
v 0.02030018 0.03509 0.01533387
v 0.02009526 0.03509 0.01534627
v 0.01945018 0.03509 0.01556163
v 0.01933447 0.03509 0.0156348
v 0.01882793 0.03509 0.01618387
v 0.0187949 0.03509 0.01624384
v 0.01860018 0.03509 0.01703387
v 0.02285111 0.03672 0.01917435
v 0.02279308 0.03672053 0.01924247
v -0.02760268 0.03509 -0.00381165
v -0.02756965 0.03509 -0.00375168
v -0.02706312 0.03509 -0.0032026
v -0.02694741 0.03509 -0.00312943
v -0.02630232 0.03509 -0.00291407
v -0.02609741 0.03509 -0.00290168
v -0.02549458 0.03509 -0.00301215
v -0.02524741 0.03509 -0.00312943
v -0.02482494 0.03509 -0.00347437
v -0.02462516 0.03509 -0.00375168
v -0.0244468 0.03509 -0.00419484
v -0.0243974 0.03509 -0.00460168
v -0.0244468 0.03509 -0.00500851
v -0.02462516 0.03509 -0.00545168
v -0.02482494 0.03509 -0.00572899
v -0.02524741 0.03509 -0.00607392
v -0.02549458 0.03509 -0.0061912
v -0.02609741 0.03509 -0.00630168
v -0.02630232 0.03509 -0.00628928
v -0.02694741 0.03509 -0.00607392
v -0.02706312 0.03509 -0.00600075
v -0.02756965 0.03509 -0.00545168
v -0.02760268 0.03509 -0.00539171
v -0.0277974 0.03509 -0.00460168
v -0.02937682 0.03672 -0.00517993
v -0.02945007 0.03674267 -0.00460112
v 0.0030964 0.03509 -0.02530738
v 0.00312943 0.03509 -0.02524741
v 0.00363597 0.03509 -0.02469833
v 0.00375168 0.03509 -0.02462516
v 0.00439676 0.03509 -0.0244098
v 0.00460168 0.03509 -0.0243974
v 0.0052045 0.03509 -0.02450788
v 0.00545168 0.03509 -0.02462516
v 0.00587414 0.03509 -0.0249701
v 0.00607392 0.03509 -0.02524741
v 0.00625228 0.03509 -0.02569057
v 0.00630168 0.03509 -0.02609741
v 0.00625228 0.03509 -0.02650424
v 0.00607392 0.03509 -0.02694741
v 0.00587414 0.03509 -0.02722471
v 0.00545168 0.03509 -0.02756965
v 0.0052045 0.03509 -0.02768693
v 0.00460168 0.03509 -0.0277974
v 0.00439676 0.03509 -0.02778501
v 0.00375168 0.03509 -0.02756965
v 0.00363597 0.03509 -0.02749648
v 0.00312943 0.03509 -0.02694741
v 0.0030964 0.03509 -0.02688744
v 0.00290168 0.03509 -0.02609741
v 0.02459213 0.03509 0.00539171
v 0.02462516 0.03509 0.00545168
v 0.02513169 0.03509 0.00600075
v 0.02524741 0.03509 0.00607392
v 0.02589249 0.03509 0.00628928
v 0.02609741 0.03509 0.00630168
v 0.02670023 0.03509 0.0061912
v 0.02694741 0.03509 0.00607392
v 0.02736987 0.03509 0.00572899
v 0.02756965 0.03509 0.00545168
v 0.02774801 0.03509 0.00500851
v 0.0277974 0.03509 0.00460168
v 0.02774801 0.03509 0.00419484
v 0.02756965 0.03509 0.00375168
v 0.02736987 0.03509 0.00347437
v 0.02694741 0.03509 0.00312943
v 0.02670023 0.03509 0.00301215
v 0.02609741 0.03509 0.00290168
v 0.02589249 0.03509 0.00291407
v 0.02524741 0.03509 0.00312943
v 0.02513169 0.03509 0.0032026
v 0.02462516 0.03509 0.00375168
v 0.02459213 0.03509 0.00381165
v 0.0243974 0.03509 0.00460168
v 0.02937682 0.03672 0.00517993
v 0.0293338 0.03672335 0.00539976
v -0.00610695 0.03509 0.02688744
v -0.00607392 0.03509 0.02694741
v -0.00556739 0.03509 0.02749648
v -0.00545168 0.03509 0.02756965
v -0.00480659 0.03509 0.02778501
v -0.00460168 0.03509 0.0277974
v -0.00399885 0.03509 0.02768693
v -0.00375168 0.03509 0.02756965
v -0.00332921 0.03509 0.02722471
v -0.00312943 0.03509 0.02694741
v -0.00295108 0.03509 0.02650424
v -0.00290168 0.03509 0.02609741
v -0.00295108 0.03509 0.02569057
v -0.00312943 0.03509 0.02524741
v -0.00332921 0.03509 0.0249701
v -0.00375168 0.03509 0.02462516
v -0.00399885 0.03509 0.02450788
v -0.00460168 0.03509 0.0243974
v -0.00480659 0.03509 0.0244098
v -0.00545168 0.03509 0.02462516
v -0.00556739 0.03509 0.02469833
v -0.00607392 0.03509 0.02524741
v -0.00610695 0.03509 0.02530738
v -0.00630168 0.03509 0.02609741
v -0.00500307 0.03672214 0.02940528
v -0.00517993 0.03672 0.02937682
v -0.00650061 0.04055 -0.02774873
v -0.00974757 0.04055 -0.02678124
v -0.01285679 0.04055 -0.02543527
v -0.01347915 0.04055 -0.02334657
v -0.01247748 0.04055 -0.02161163
v -0.01050774 0.04055 -0.02101993
v -0.00803747 0.04055 -0.02208278
v -0.00546196 0.04055 -0.02285644
v -0.00433338 0.04055 -0.02457584
v -0.00468126 0.04055 -0.02654874
v -0.01276656 0.04075 -0.02525678
v -0.01059716 0.04075 -0.02119882
v -0.00967917 0.04075 -0.0265933
v -0.00810588 0.04075 -0.02227071
v -0.00645499 0.04075 -0.027554
v -0.00550844 0.04075 -0.02305097
v -0.01317759 0.04075 -0.02493026
v -0.01342598 0.04075 -0.0244678
v -0.00487822 0.04075 -0.02651401
v -0.00507187 0.04075 -0.02700193
v -0.0054427 0.04075 -0.02737348
v -0.01185084 0.04075 -0.02124903
v -0.01123046 0.04075 -0.02106267
v -0.01230427 0.04075 -0.02171163
v -0.01330595 0.04075 -0.02344657
v -0.01347122 0.04075 -0.02394482
v -0.00493579 0.04075 -0.02335374
v -0.00458034 0.04075 -0.02389527
v -0.00453034 0.04075 -0.02454111
v -0.00593024 0.04075 -0.02756808
v 0.01919193 0.04055 -0.0210694
v 0.01583682 0.04055 -0.02369483
v 0.01212784 0.04055 -0.0257908
v 0.01009876 0.04055 -0.0249953
v 0.00934829 0.04055 -0.02313784
v 0.01009472 0.04055 -0.02122137
v 0.01247743 0.04055 -0.01991391
v 0.01469324 0.04055 -0.01834008
v 0.01589158 0.04055 -0.01803351
v 0.0184423 0.04055 -0.01848328
v 0.01101503 0.04075 -0.0256437
v 0.01057506 0.04075 -0.02535737
v 0.01028419 0.04075 -0.02492038
v 0.01572569 0.04075 -0.02352855
v 0.01204273 0.04075 -0.02560981
v 0.01018064 0.04075 -0.02140198
v 0.01258362 0.04075 -0.02008339
v 0.01481829 0.04075 -0.01849617
v 0.01530891 0.04075 -0.01825129
v 0.00944836 0.04075 -0.0224208
v 0.00968345 0.04075 -0.0218172
v 0.00953373 0.04075 -0.02306291
v 0.01153238 0.04075 -0.02573268
v 0.01585685 0.04075 -0.01823048
v 0.01840757 0.04075 -0.01868024
v 0.01905725 0.04075 -0.02092155
v 0.01938601 0.04075 -0.02045033
v 0.01893737 0.04075 -0.01890258
v 0.01931958 0.04075 -0.01933158
v 0.01947954 0.04075 -0.01988343
v 0.01525934 0.04055 -0.01805753
v 0.01905361 0.04055 -0.01873983
v 0.01949462 0.04055 -0.01923483
v 0.01967919 0.04055 -0.01987158
v 0.01957127 0.04055 -0.02052569
v 0.00924979 0.04055 -0.02239693
v 0.00952105 0.04055 -0.02170047
v 0.01153897 0.04055 -0.02593258
v 0.01094203 0.04055 -0.0258299
v 0.01043437 0.04055 -0.02549952
v -0.01195429 0.04055 -0.02107786
v -0.01123846 0.04055 -0.02086283
v -0.00480121 0.04055 -0.0232058
v -0.00439107 0.04055 -0.02383064
v -0.00490471 0.04055 -0.02711172
v -0.00533258 0.04055 -0.02754043
v -0.00589513 0.04055 -0.02776497
v -0.01333105 0.04055 -0.02505852
v -0.01361765 0.04055 -0.02452491
v -0.01366986 0.04055 -0.02392147
v 0.02016288 0.03325 -0.02244733
v 0.02016288 0.03655 -0.02244733
v -0.02016288 0.03325 -0.02244733
v -0.02016288 0.03655 -0.02244733
v -0.03467718 -0.00952952 -0.031
v -0.03467714 -0.00952966 -0.02942753
v -0.03498523 -0.00832638 -0.02945893
v -0.03552668 -0.00557746 -0.031
v -0.03541014 -0.00627569 -0.02948767
v -0.03552668 -0.00557746 -0.02949261
v -0.03372293 -0.01249627 -0.02955385
v -0.03375368 -0.01241286 -0.02946474
v -0.03380789 -0.01226428 -0.02929015
v -0.03444854 -0.01032639 -0.02939843
v -0.03208653 -0.01624726 -0.03055617
v -0.03240159 -0.0156087 -0.03067918
v -0.03168129 -0.01702486 -0.031
v -0.03270585 -0.01495989 -0.03069169
v -0.03338998 -0.01336142 -0.031
v -0.03274653 -0.01487052 -0.03068471
v -0.03302423 -0.01424243 -0.03057453
v -0.03327635 -0.01364227 -0.03036097
v -0.0333329 -0.01350333 -0.03029445
v -0.03354435 -0.01296852 -0.02996628
v -0.03100827 -0.01822332 -0.0292063
v -0.02957267 -0.02047364 -0.031
v -0.03081486 -0.0185489 -0.02869042
v -0.03005701 -0.0197548 -0.02776099
v -0.03067286 -0.01878307 -0.02813321
v -0.03125065 -0.01780394 -0.0296746
v -0.03148406 -0.01738733 -0.0300142
v -0.03178725 -0.01682595 -0.03033987
v -0.02709071 -0.02366429 -0.031
v -0.02709071 -0.02366429 -0.02486008
v -0.02767161 -0.02298134 -0.02563281
v -0.02829902 -0.02220309 -0.0263269
v -0.02896631 -0.021324 -0.0269466
v -0.0293206 -0.0208335 -0.02723541
v -0.02226136 -0.03125178 -0.031
v -0.0236143 -0.02856512 -0.031
v -0.0252295 -0.02602745 -0.031
v -0.02276136 -0.00513397 -0.031
v -0.02239534 -0.0055 -0.031
v -0.02326136 -0.005 -0.031
v -0.03503272 -0.005 -0.031
v -0.03541267 -0.00517499 -0.031
v -0.03524187 -0.00504585 -0.031
v -0.03551379 -0.00536373 -0.031
v -0.03029847 -0.01855825 -0.02758506
v -0.03049299 -0.01852219 -0.0276983
v -0.02991461 -0.01948042 -0.0273438
v -0.02700001 -0.02349171 -0.02438462
v -0.02700001 -0.01786104 -0.02438462
v -0.02702648 -0.01789598 -0.02442582
v -0.02756764 -0.01837914 -0.0251837
v -0.02798834 -0.01856731 -0.02568383
v -0.0271288 -0.02333562 -0.02458103
v -0.02733254 -0.01821362 -0.02487262
v -0.02706393 -0.02341397 -0.02448336
v -0.02957961 -0.01866353 -0.02711256
v -0.02922301 -0.02054415 -0.02684325
v -0.02892469 -0.01869993 -0.02659778
v -0.02889027 -0.02102784 -0.02656819
v -0.02855455 -0.01868125 -0.02626472
v -0.02856037 -0.02149105 -0.02627022
v -0.02847111 -0.01867181 -0.02618488
v -0.02826359 -0.02189471 -0.025978
v -0.02767435 -0.02266216 -0.02531696
v -0.03370024 0.01130287 -0.02884987
v -0.03369844 0.0055 -0.02884956
v -0.03271739 0.0055 -0.02862604
v -0.02736742 0.01175827 -0.02492039
v -0.02767275 0.00294769 -0.02531499
v -0.02705571 0.01206709 -0.0244708
v -0.02700001 0.01213896 -0.02438462
v -0.02825476 0.01136351 -0.02596893
v -0.02853975 0.01132027 -0.02625069
v -0.02853659 0.004557 -0.02624769
v -0.02844297 0.0044651 -0.02615752
v -0.02823223 0.00421854 -0.02594567
v -0.02779648 0.01150443 -0.02546395
v -0.02796388 0.00378491 -0.02565651
v -0.02781917 0.00345149 -0.02549063
v -0.02760451 0.00253923 -0.02523028
v -0.02757298 0.002 -0.02519048
v -0.02700001 -0.01213896 -0.02438462
v -0.02757298 -0.002 -0.02519048
v -0.02760451 -0.00253923 -0.02523028
v -0.02767275 -0.00294769 -0.02531499
v -0.02781917 -0.00345149 -0.02549063
v -0.02796388 -0.00378491 -0.02565651
v -0.02715542 -0.0119527 -0.02462041
v -0.02844297 -0.0044651 -0.02615752
v -0.02853659 -0.004557 -0.02624769
v -0.02854014 -0.01132023 -0.02625106
v -0.02840931 -0.01133662 -0.02612453
v -0.0283192 -0.01135124 -0.02603464
v -0.02823223 -0.00421854 -0.02594567
v -0.0278362 -0.01148784 -0.02551054
v -0.02742436 -0.01171523 -0.02499712
v -0.02885642 -0.00481176 -0.02653883
v -0.02938714 -0.00509666 -0.02697032
v -0.02903226 -0.01130072 -0.02668853
v -0.03003392 -0.00530305 -0.0274214
v -0.0297389 -0.01135512 -0.02722503
v -0.03011484 -0.0114102 -0.02747267
v -0.03048292 -0.00538943 -0.02769258
v -0.03048516 -0.01147631 -0.02769385
v -0.0307786 -0.00542865 -0.0278542
v -0.03102749 -0.01158729 -0.02798046
v -0.03111119 -0.00545995 -0.02802098
v -0.03199548 -0.01180303 -0.02839298
v -0.03202663 -0.00549775 -0.0284043
v -0.03271689 -0.01195866 -0.0286259
v -0.0323774 -0.0055 -0.02852381
v -0.03271739 -0.0055 -0.02862604
v -0.03299168 -0.01201334 -0.02869905
v -0.03387355 -0.0055 -0.02887868
v -0.03310997 -0.01203579 -0.02872798
v -0.03343726 -0.01209394 -0.02880015
v -0.03505147 -0.0055 -0.02899296
v -0.03494202 -0.00618853 -0.02898826
v -0.03454296 -0.00821074 -0.02896089
v -0.03403893 -0.01018297 -0.02890326
v -0.03003392 0.00530305 -0.0274214
v -0.02938714 0.00509666 -0.02697032
v -0.02885642 0.00481176 -0.02653883
v -0.0288196 0.01130189 -0.02650658
v -0.02944912 0.01132366 -0.02701691
v -0.03048292 0.00538943 -0.02769258
v -0.03014258 0.0114148 -0.02749
v -0.03048445 0.01147617 -0.02769345
v -0.0342479 0.00941917 -0.0289303
v -0.03469997 0.00748345 -0.02897357
v -0.03505147 0.0055 -0.02899296
v -0.03343726 0.01209394 -0.02880015
v -0.03271693 0.01195867 -0.02862591
v -0.03253154 0.01192007 -0.02857179
v -0.0323774 0.0055 -0.02852381
v -0.0315623 0.01170563 -0.02822322
v -0.03202663 0.00549775 -0.0284043
v -0.0306532 0.01150923 -0.02778723
v -0.03111119 0.00545995 -0.02802098
v -0.0307786 0.00542865 -0.0278542
v -0.0320833 0.01625365 -0.03055435
v -0.03174498 0.01690567 -0.03030124
v -0.03168129 0.01702486 -0.031
v -0.02804897 0.02251857 -0.02606496
v -0.02785236 0.02276164 -0.02584574
v -0.02709071 0.02366429 -0.031
v -0.0272862 0.02343829 -0.02513698
v -0.02709071 0.02366429 -0.02486008
v -0.0311826 0.01792301 -0.02955721
v -0.03112092 0.01803002 -0.02944209
v -0.02957267 0.02047364 -0.031
v -0.031451 0.01744714 -0.02997132
v -0.03090714 0.01839453 -0.02895867
v -0.03074621 0.01866261 -0.02845148
v -0.03067286 0.01878307 -0.02813321
v -0.03000568 0.01983277 -0.02772734
v -0.02934045 0.02080551 -0.02725085
v -0.02868547 0.02170082 -0.02669874
v -0.03322024 0.01377849 -0.03041962
v -0.03298015 0.01434433 -0.03059988
v -0.03338998 0.01336142 -0.031
v -0.03269353 0.01498683 -0.03069337
v -0.03240043 0.01561111 -0.03067893
v -0.0340879 0.01146206 -0.02934237
v -0.03380789 0.01226428 -0.02929015
v -0.03364735 0.01269858 -0.02974783
v -0.03467105 0.00955183 -0.02942682
v -0.03467718 0.00952952 -0.031
v -0.03345042 0.01320921 -0.03012927
v -0.03552668 0.00557746 -0.031
v -0.03552668 0.00557746 -0.02949261
v -0.0351524 0.00758885 -0.02947225
v -0.0252295 0.02602745 -0.031
v -0.02702371 0.02374136 -0.02475752
v -0.0269577 0.02381782 -0.02465385
v -0.02683006 0.02396715 -0.02446963
v -0.02655785 0.02429237 -0.02416708
v -0.026213 0.02471821 -0.02389553
v -0.02578872 0.02526485 -0.02367471
v -0.02534172 0.02587032 -0.02354338
v -0.02488561 0.02652272 -0.0235
v -0.0236143 0.02856512 -0.031
v -0.02345882 0.0288422 -0.0235
v -0.02226136 0.03125178 -0.0235
v -0.02226136 0.03125178 -0.031
v -0.02530859 -0.02591648 -0.02353726
v -0.02538665 -0.02580801 -0.02355245
v -0.02585563 -0.0251769 -0.02370274
v -0.02628862 -0.02462346 -0.02394686
v -0.02634306 -0.02455574 -0.02398643
v -0.02667907 -0.02414638 -0.02428963
v -0.02702371 -0.02374136 -0.02475752
v -0.0269577 -0.02381782 -0.02465385
v -0.02488561 -0.02652272 -0.0235
v -0.02345882 -0.0288422 -0.0235
v -0.02226136 -0.03125178 -0.0235
v -0.02226136 0.01415 -0.02847224
v -0.02226136 0.01352776 -0.02785
v -0.02226136 0.015 -0.0253
v -0.02226136 0.01585 -0.02552776
v -0.02226136 0.03006336 -0.023
v -0.02226136 0.01647224 -0.02615
v -0.02226136 0.0167 -0.027
v -0.02226136 -0.00303528 -0.0251363
v -0.02226136 -0.002 -0.025
v -0.02226136 -0.01352776 -0.02615
v -0.02226136 0.015 -0.0287
v -0.02226136 0.01585 -0.02847224
v -0.02226136 -0.004 -0.0255359
v -0.02226136 0.00482843 -0.02617157
v -0.02226136 0.0054641 -0.027
v -0.02226136 0.0133 -0.027
v -0.02226136 0.0058637 -0.02796472
v -0.02226136 0.006 -0.029
v -0.02226136 -0.01352776 -0.02785
v -0.02226136 -0.006 -0.029
v -0.02226136 0.03088533 -0.02314286
v -0.02226136 0.03078069 -0.02310489
v -0.02226136 0.03049928 -0.02303663
v -0.02226136 0.03026897 -0.02300803
v -0.02226136 0.01647224 -0.02785
v -0.02226136 -0.0167 -0.027
v -0.02226136 -0.01647224 -0.02785
v -0.02226136 -0.0133 -0.027
v -0.02226136 -0.01415 -0.02847224
v -0.02226136 -0.015 -0.0287
v -0.02226136 -0.01585 -0.02847224
v -0.02226136 -0.01647224 -0.02615
v -0.02226136 -0.03006336 -0.023
v -0.02226136 -0.03055398 -0.02304674
v -0.02226136 -0.01415 -0.02552776
v -0.02226136 -0.015 -0.0253
v -0.02226136 -0.01585 -0.02552776
v -0.02226136 -0.0058637 -0.02796472
v -0.02226136 -0.0054641 -0.027
v -0.02226136 -0.00482843 -0.02617157
v -0.02226136 0.03123826 -0.02342626
v -0.02226136 0.03119121 -0.02334526
v -0.02226136 0.03107509 -0.0232417
v -0.02226136 -0.0309005 -0.02314914
v -0.02226136 -0.03104806 -0.02322417
v -0.02226136 -0.03117737 -0.02332894
v -0.02226136 -0.03122771 -0.02340178
v -0.02226136 -0.0312501 -0.02347396
v -0.02226136 0.01415 -0.02552776
v -0.02226136 0.002 -0.025
v -0.02226136 0.01352776 -0.02615
v -0.02226136 0.00303528 -0.0251363
v -0.02226136 0.004 -0.0255359
v -0.02302149 0.02859983 -0.023
v -0.02447206 0.02624169 -0.023
v -0.02447206 -0.02624169 -0.023
v -0.02302149 -0.02859983 -0.023
v -0.02239534 0.0055 -0.031
v -0.02276136 0.00513397 -0.031
v -0.02326136 0.005 -0.031
v -0.03503272 0.005 -0.031
v -0.03524187 0.00504585 -0.031
v -0.03541267 0.00517499 -0.031
v -0.03551379 0.00536373 -0.031
v -0.02753032 0.01835635 -0.02513598
v -0.02706393 0.02341397 -0.02448336
v -0.0271288 0.02333562 -0.02458103
v -0.0279661 0.01856003 -0.02565899
v -0.02700001 0.02349171 -0.02438462
v -0.02724656 0.01813813 -0.02475226
v -0.02700001 0.01786104 -0.02438462
v -0.03049299 0.01852219 -0.0276983
v -0.03043519 0.01853316 -0.02766526
v -0.02986641 0.01955731 -0.02731175
v -0.02999083 0.0186095 -0.02739365
v -0.02924165 0.02051654 -0.02685796
v -0.02924696 0.01869119 -0.02686214
v -0.02862652 0.02139942 -0.02633213
v -0.02858839 0.01868447 -0.02629658
v -0.02855683 0.02149593 -0.02626688
v -0.02855466 0.01868126 -0.02626483
v -0.02802876 0.02220581 -0.02572854
v -0.02847477 0.01867227 -0.02618841
v -0.02784411 0.0224455 -0.02551975
v -0.02731239 0.02311275 -0.02484475
v -0.02526136 0.015 -0.0253
v -0.02526136 0.01415 -0.02552776
v -0.02526136 0.01352776 -0.02615
v -0.02526136 0.0133 -0.027
v -0.02526136 0.01352776 -0.02785
v -0.02526136 0.01415 -0.02847224
v -0.02526136 0.015 -0.0287
v -0.02526136 0.01585 -0.02847224
v -0.02526136 0.01647224 -0.02785
v -0.02526136 0.0167 -0.027
v -0.02526136 0.01647224 -0.02615
v -0.02526136 0.01585 -0.02552776
v -0.02526136 -0.015 -0.0253
v -0.02526136 -0.01585 -0.02552776
v -0.02526136 -0.01647224 -0.02615
v -0.02526136 -0.0167 -0.027
v -0.02526136 -0.01647224 -0.02785
v -0.02526136 -0.01585 -0.02847224
v -0.02526136 -0.015 -0.0287
v -0.02526136 -0.01415 -0.02847224
v -0.02526136 -0.01352776 -0.02785
v -0.02526136 -0.0133 -0.027
v -0.02526136 -0.01352776 -0.02615
v -0.02526136 -0.01415 -0.02552776
v -0.02702425 -0.01215912 -0.02552712
v -0.02745668 -0.01196246 -0.02599336
v -0.02526136 -0.01195662 -0.02601114
v -0.02526136 -0.01777128 -0.0286
v -0.03038634 -0.01784651 -0.02846198
v -0.03024631 -0.01804622 -0.02798007
v -0.03104625 -0.01685586 -0.02960687
v -0.03081608 -0.01721117 -0.02931317
v -0.02526136 -0.01688091 -0.02958885
v -0.03057706 -0.01756884 -0.02890815
v -0.030439 -0.0177705 -0.02860136
v -0.03134523 -0.01637709 -0.02988853
v -0.02526136 -0.01566532 -0.03013007
v -0.03164035 -0.01588355 -0.0300756
v -0.02526136 -0.01433468 -0.03013007
v -0.03248374 -0.01433563 -0.03013027
v -0.03229119 -0.01470939 -0.03018678
v -0.03225106 -0.01478561 -0.03019281
v -0.03195103 -0.01533895 -0.030182
v -0.03176657 -0.01566555 -0.03013002
v -0.03256502 -0.01417373 -0.03009149
v -0.02526136 -0.01311909 -0.02958885
v -0.03281364 -0.01366187 -0.02990679
v -0.02526136 -0.01222872 -0.0286
v -0.03307792 -0.01308727 -0.02956543
v -0.03286941 -0.01354338 -0.02984926
v -0.0333378 -0.01248665 -0.02898067
v -0.03328434 -0.01261337 -0.02913167
v -0.03299414 -0.01243636 -0.02891514
v -0.03325401 -0.01268451 -0.02920873
v -0.02984926 -0.01189531 -0.02777518
v -0.03080754 -0.01204847 -0.02823631
v -0.03182393 -0.01223505 -0.02861092
v -0.03286994 -0.01241694 -0.02888887
v -0.02805845 -0.01183167 -0.02655092
v -0.02871254 -0.01180062 -0.0270631
v -0.02526136 -0.01181753 -0.02733449
v -0.02911977 -0.01181828 -0.02734157
v -0.02945452 -0.01184767 -0.02755029
v -0.02796384 -0.01184431 -0.0264693
v -0.02625748 -0.01299479 -0.02450618
v -0.02645071 -0.01268266 -0.02479321
v -0.02526136 -0.01262194 -0.02485878
v -0.02649836 -0.01262045 -0.02486044
v -0.02674186 -0.0123645 -0.02518502
v -0.02588549 -0.01432228 -0.02387259
v -0.02526136 -0.01369844 -0.02407665
v -0.02585133 -0.01477933 -0.02380762
v -0.02526136 -0.015 -0.0238
v -0.02584737 -0.01500004 -0.0238
v -0.02596819 -0.01382245 -0.02402453
v -0.0259977 -0.01369757 -0.02407704
v -0.02607899 -0.01341971 -0.02421743
v -0.02526136 -0.01630156 -0.02407665
v -0.02599255 -0.01628182 -0.02406795
v -0.02589948 -0.01578907 -0.02389881
v -0.02585494 -0.01530495 -0.02381456
v -0.02614924 -0.01677001 -0.02433409
v -0.02526136 -0.01737806 -0.02485878
v -0.02635041 -0.017169 -0.02464725
v -0.0271747 -0.0179225 -0.02569655
v -0.02692784 -0.01777935 -0.02541405
v -0.02526136 -0.01804338 -0.02601114
v -0.02660648 -0.01750463 -0.02500831
v -0.02649883 -0.01738014 -0.02486109
v -0.03004207 -0.01807741 -0.02787724
v -0.02928726 -0.01816846 -0.02744817
v -0.02526136 -0.01818247 -0.02733449
v -0.02911609 -0.01818197 -0.02733918
v -0.0285996 -0.01819994 -0.02698069
v -0.02812335 -0.01817562 -0.02660573
v -0.02761643 -0.01808524 -0.02615072
v -0.02747844 -0.0180447 -0.02601523
v -0.02590485 0.01582745 -0.02390883
v -0.02600176 0.01631838 -0.0240842
v -0.02526136 0.01630156 -0.02407665
v -0.03181749 0.01223387 -0.02860888
v -0.03306324 0.01312011 -0.0295896
v -0.03238679 0.01233628 -0.0287733
v -0.03317949 0.01285705 -0.0293765
v -0.0333378 0.01248665 -0.02898067
v -0.03275831 0.01377805 -0.02995751
v -0.03298529 0.01329254 -0.02970639
v -0.02526136 0.01311909 -0.02958885
v -0.03194989 0.01534101 -0.03018178
v -0.02526136 0.01433468 -0.03013007
v -0.03176657 0.01566555 -0.03013002
v -0.02526136 0.01566532 -0.03013007
v -0.03163716 0.015889 -0.03007403
v -0.03223892 0.01480859 -0.03019427
v -0.03248395 0.01433522 -0.03013019
v -0.03252155 0.01426063 -0.03011341
v -0.02526136 0.01688091 -0.02958885
v -0.03047734 0.01771485 -0.02869398
v -0.03068815 0.01740398 -0.02911208
v -0.03074897 0.01731272 -0.02921164
v -0.03101364 0.01690687 -0.02956979
v -0.03130354 0.01644508 -0.02985513
v -0.03018562 0.01805571 -0.02795007
v -0.03024631 0.01804622 -0.02798007
v -0.03031864 0.01794349 -0.02825534
v -0.02526136 0.01818247 -0.02733449
v -0.02911722 0.0181819 -0.02733991
v -0.02526136 0.01777128 -0.0286
v -0.02971905 0.01812173 -0.02770342
v -0.03043883 0.01777074 -0.02860094
v -0.02812718 0.01817602 -0.02660894
v -0.02824649 0.01818657 -0.02670717
v -0.02893799 0.01819238 -0.02722075
v -0.02683757 0.01771406 -0.02530475
v -0.02526136 0.01804338 -0.02601114
v -0.02652676 0.01741445 -0.0248999
v -0.02526136 0.01737806 -0.02485878
v -0.02632012 0.01711876 -0.0246019
v -0.02713551 0.01790279 -0.02565321
v -0.02747822 0.01804463 -0.02601501
v -0.02759307 0.01807895 -0.02612817
v -0.02612517 0.01670901 -0.02429458
v -0.02585894 0.01537646 -0.02382222
v -0.02526136 0.015 -0.0238
v -0.02584737 0.01500009 -0.0238
v -0.02597111 0.01380933 -0.02402976
v -0.02595842 0.01386784 -0.02400697
v -0.02526136 0.01369844 -0.02407665
v -0.02588025 0.01436958 -0.02386271
v -0.02584917 0.01485118 -0.02380346
v -0.02637135 0.01279787 -0.02467823
v -0.02628993 0.01293423 -0.02455611
v -0.02526136 0.01262194 -0.02485878
v -0.02610401 0.01334789 -0.02425946
v -0.02599774 0.01369741 -0.02407711
v -0.02526136 0.01195662 -0.02601114
v -0.02747675 0.01195585 -0.02601353
v -0.02741498 0.01197681 -0.02595104
v -0.02696446 0.01219634 -0.02545743
v -0.02663717 0.01246343 -0.02504916
v -0.026499 0.01261965 -0.02486132
v -0.02789617 0.01185493 -0.02640962
v -0.02526136 0.01181753 -0.02733449
v -0.02848925 0.01180163 -0.02689787
v -0.02526136 0.01222872 -0.0286
v -0.03136909 0.01215082 -0.02845677
v -0.03041453 0.01198096 -0.02806084
v -0.02987838 0.01189928 -0.02779092
v -0.02915025 0.01182046 -0.0273613
v -0.02625014 -0.02424192 -0.02358372
v -0.02630711 -0.01566579 -0.02362669
v -0.02636867 -0.016 -0.02367559
v -0.02666009 -0.02382575 -0.02394755
v -0.02658393 -0.01677191 -0.02386927
v -0.02662289 -0.01688665 -0.02390861
v -0.02666693 -0.01701153 -0.02395488
v -0.02681424 -0.01740268 -0.02412539
v -0.02684389 -0.01747778 -0.02416304
v -0.02699623 -0.01785194 -0.02437872
v -0.02697049 -0.01778979 -0.02433933
v -0.02627379 -0.01460992 -0.0236013
v -0.02557386 0.02496286 -0.02320965
v -0.02625869 0.01484969 -0.02359003
v -0.02625604 0.015 -0.02358807
v -0.02627629 0.01458324 -0.02360318
v -0.02630325 0.01436035 -0.02362371
v -0.02630711 -0.01433425 -0.02362669
v -0.02630711 0.01433421 -0.02362669
v -0.02565549 -0.02487344 -0.02324328
v -0.02545154 -0.02509814 -0.0231644
v -0.02625604 -0.015 -0.02358807
v -0.02618374 -0.02431077 -0.02353623
v -0.02626717 -0.01530843 -0.02359634
v -0.02627623 -0.01541615 -0.02360313
v -0.0264068 0.01383503 -0.02370724
v -0.02642266 0.01377183 -0.02372071
v -0.02657522 0.01325438 -0.02386067
v -0.02658393 0.01322809 -0.02386927
v -0.02666691 0.01298852 -0.02395486
v -0.02676007 0.0127373 -0.02405963
v -0.02683236 0.01255132 -0.02414824
v -0.02684389 0.01252222 -0.02416304
v -0.02697049 0.01221021 -0.02433933
v -0.02699623 0.01214806 -0.02437872
v -0.02666438 -0.01299558 -0.02395214
v -0.0265483 -0.01333729 -0.02383453
v -0.02645163 -0.01366245 -0.02374583
v -0.02636867 0.014 -0.02367559
v -0.02699623 -0.01214806 -0.02437872
v -0.02673502 -0.0128034 -0.02403047
v -0.0265122 0.02397416 -0.02380049
v -0.02645163 0.01633755 -0.02374583
v -0.02609148 0.0244071 -0.02347463
v -0.02630711 0.01566575 -0.02362669
v -0.02627379 0.01539008 -0.0236013
v -0.02684429 0.02364352 -0.02416356
v -0.02699623 0.01785194 -0.02437872
v -0.02673502 0.0171966 -0.02403047
v -0.02666438 0.01700442 -0.02395214
v -0.0249881 -0.02562535 -0.02304472
v -0.02502852 0.02557842 -0.02305206
v -0.02508333 -0.02551506 -0.02306294
v -0.02681282 -0.01733709 -0.02419593
v -0.02631621 -0.01579911 -0.02366627
v -0.02609011 -0.01478253 -0.02374649
v -0.02717332 -0.01215094 -0.02474476
v -0.02672707 -0.01284089 -0.02405275
v -0.02690525 -0.01250107 -0.02434438
v -0.02630305 -0.01431371 -0.02364117
v -0.02638064 -0.01380696 -0.02378654
v -0.026484 -0.01339747 -0.02397103
v -0.0266495 -0.01296278 -0.02424762
v -0.0261231 -0.01433203 -0.02380839
v -0.02640342 -0.01629893 -0.02382806
v -0.02654926 -0.01679614 -0.02408268
v -0.02704868 -0.01770442 -0.02456381
v -0.03336629 -0.01240809 -0.02890222
v -0.03305925 -0.01226097 -0.02877273
v -0.03339329 -0.01231302 -0.02884414
v -0.03339275 -0.01231513 -0.02884512
v -0.03296794 -0.0121305 -0.02870791
v -0.03308722 -0.01215163 -0.02873697
v -0.03341736 -0.01220644 -0.02880952
v -0.03196477 -0.0119336 -0.02840098
v -0.03099303 -0.01173454 -0.02798913
v -0.03302764 -0.01235769 -0.02883325
v -0.03290527 -0.01233827 -0.02880562
v -0.03187578 -0.01215771 -0.02851404
v -0.03087777 -0.01197622 -0.0281232
v -0.02994001 -0.01183335 -0.02764589
v -0.02955497 -0.01179197 -0.02741476
v -0.02883378 -0.01176042 -0.02691811
v -0.02900654 -0.01149029 -0.02671571
v -0.02970674 -0.0115291 -0.02724116
v -0.03008092 -0.01157598 -0.02748539
v -0.02743358 -0.01192134 -0.02509707
v -0.02783349 -0.01169625 -0.02558193
v -0.02830513 -0.01155455 -0.02608276
v -0.02839344 -0.01153847 -0.02616925
v -0.02820151 -0.01180928 -0.0264025
v -0.02811037 -0.01182479 -0.02632098
v -0.02762333 -0.01195907 -0.02584929
v -0.02721003 -0.01216935 -0.02539319
v -0.02694095 -0.01238233 -0.02506202
v -0.02666378 -0.01270563 -0.02468575
v -0.02682787 -0.01264008 -0.02452372
v -0.02709617 -0.0123055 -0.02490363
v -0.02735676 -0.01208412 -0.02523904
v -0.02775762 -0.01186419 -0.02570266
v -0.0282312 -0.01172221 -0.02618413
v -0.02831996 -0.0117056 -0.02626754
v -0.02893692 -0.01165156 -0.02679624
v -0.02964274 -0.01168111 -0.02730719
v -0.03002032 -0.01172266 -0.02754543
v -0.03094155 -0.01186827 -0.02803821
v -0.03192389 -0.01205475 -0.02844233
v -0.03293858 -0.01224093 -0.02874412
v -0.02647964 -0.01301845 -0.02441164
v -0.02630906 -0.01344068 -0.02413664
v -0.02620275 -0.01383892 -0.02395306
v -0.02609361 -0.01530052 -0.02375311
v -0.0261366 -0.01577777 -0.02383337
v -0.02622616 -0.01626408 -0.02399438
v -0.02637627 -0.01674747 -0.02424769
v -0.02681207 -0.01748395 -0.02489196
v -0.02656825 -0.01714531 -0.02454623
v -0.02711811 -0.01776633 -0.02528343
v -0.02777646 -0.01809381 -0.02600456
v -0.02735363 -0.01791686 -0.02555828
v -0.02734467 -0.01800945 -0.02498032
v -0.0275725 -0.01817121 -0.02527262
v -0.02798173 -0.01835988 -0.02574687
v -0.02845407 -0.01847102 -0.02622741
v -0.02826407 -0.01819993 -0.02645734
v -0.02939208 -0.01822111 -0.02731017
v -0.02872435 -0.01823734 -0.02683468
v -0.02673535 -0.01720605 -0.02438313
v -0.02697141 -0.01755595 -0.02473179
v -0.02726771 -0.01784892 -0.02512776
v -0.02749594 -0.01800583 -0.02540662
v -0.02790638 -0.01819148 -0.02586093
v -0.02838092 -0.01830431 -0.02632367
v -0.02883 -0.01834557 -0.02671057
v -0.02890037 -0.01850806 -0.02662736
v -0.02948315 -0.0183318 -0.02719947
v -0.02954852 -0.01848602 -0.02713059
v -0.03020519 -0.01825234 -0.02765402
v -0.03026405 -0.01839639 -0.02759655
v -0.03012838 -0.01814197 -0.02775115
v -0.0303281 -0.01811322 -0.02785743
v -0.03038325 -0.01819047 -0.02778506
v -0.03039795 -0.01821672 -0.02776757
v -0.03040131 -0.01822312 -0.02776371
v -0.03045827 -0.01836438 -0.02770874
v -0.03047775 -0.01843799 -0.02769807
v -0.03339275 0.01231513 -0.02884512
v -0.03339329 0.01231302 -0.02884414
v -0.03246953 0.01215797 -0.02861845
v -0.03336629 0.01240809 -0.02890222
v -0.03242952 0.01225787 -0.02868423
v -0.03047775 0.01843799 -0.02769807
v -0.03045827 0.01836438 -0.02770874
v -0.03040053 0.01837416 -0.02767599
v -0.02629812 0.01436162 -0.02363172
v -0.02678488 0.01728243 -0.02414988
v -0.02697528 0.01760529 -0.02445311
v -0.02726147 0.01793644 -0.02486775
v -0.02670738 0.01715416 -0.02433954
v -0.02652692 0.01673383 -0.02404486
v -0.02641203 0.01633607 -0.0238436
v -0.02632126 0.01583801 -0.02367586
v -0.02614178 0.01581562 -0.02384291
v -0.02609747 0.01537101 -0.0237604
v -0.02608802 0.01485334 -0.02374253
v -0.02650727 0.01332424 -0.02401125
v -0.02638337 0.01379363 -0.02379154
v -0.02637151 0.01385302 -0.02376974
v -0.02683212 0.01262682 -0.02422741
v -0.02675703 0.01277515 -0.0241034
v -0.02707693 0.01226037 -0.02460558
v -0.03038325 0.01819047 -0.02778506
v -0.030343 0.01823207 -0.02773168
v -0.03039795 0.01821672 -0.02776757
v -0.03040131 0.01822312 -0.02776371
v -0.03026873 0.01812202 -0.0278264
v -0.0303281 0.01811322 -0.02785743
v -0.02905251 0.01823783 -0.02707819
v -0.02981291 0.01818177 -0.02757201
v -0.02856925 0.01848584 -0.02633527
v -0.02921881 0.0185063 -0.02688517
v -0.02995738 0.01844105 -0.02740735
v -0.02838289 0.01821446 -0.02655906
v -0.02826777 0.01820044 -0.02646056
v -0.02775406 0.01808675 -0.02598226
v -0.02731621 0.01789592 -0.02551598
v -0.0275363 0.01814876 -0.02522765
v -0.02796004 0.01835241 -0.02572319
v -0.02845766 0.01847155 -0.02623082
v -0.02689796 0.01746128 -0.02462678
v -0.02718441 0.01777851 -0.02502059
v -0.02745966 0.01798396 -0.02536366
v -0.02788461 0.01818404 -0.02583819
v -0.02838453 0.01830485 -0.02632697
v -0.02849675 0.01832003 -0.02642786
v -0.02915077 0.01834767 -0.02696077
v -0.02989563 0.01829259 -0.02746926
v -0.026235 0.01630021 -0.02400985
v -0.02635326 0.01668692 -0.02421007
v -0.02653937 0.017095 -0.02450294
v -0.02673618 0.01739245 -0.02478793
v -0.02703209 0.0176986 -0.02517761
v -0.02611805 0.01437866 -0.02379898
v -0.02619336 0.01388374 -0.02393634
v -0.02620555 0.01382596 -0.02395804
v -0.02633302 0.01336951 -0.02417664
v -0.02651059 0.01295798 -0.02445925
v -0.02658819 0.01282147 -0.02457582
v -0.02684128 0.01248352 -0.02493121
v -0.02715302 0.01220832 -0.02532551
v -0.02758339 0.01197477 -0.02580766
v -0.02804524 0.01183749 -0.0262615
v -0.02824203 0.0115678 -0.02601964
v -0.02779483 0.01171296 -0.02553769
v -0.02737844 0.01196326 -0.02502508
v -0.02879676 0.01149595 -0.02653872
v -0.02941907 0.01150407 -0.02703671
v -0.03010857 0.01157997 -0.02750251
v -0.03061839 0.01166379 -0.027797
v -0.03152946 0.01184325 -0.02823124
v -0.03250428 0.01204293 -0.02858016
v -0.02861753 0.01176708 -0.02675101
v -0.02925878 0.0117705 -0.02722141
v -0.02996846 0.01183691 -0.0276621
v -0.03049273 0.01191216 -0.02794106
v -0.03142881 0.01207516 -0.0283529
v -0.0266795 0.01290046 -0.02429555
v -0.02675467 0.01275967 -0.02441294
v -0.02699968 0.01241037 -0.02477143
v -0.02730152 0.01212471 -0.02517041
v -0.02771885 0.01188068 -0.02566026
v -0.02816779 0.01173575 -0.02612331
v -0.02872569 0.01165957 -0.02662469
v -0.02935262 0.01166006 -0.0271081
v -0.03004823 0.01172626 -0.02756215
v -0.03056304 0.01180277 -0.02785006
v -0.03148374 0.01196981 -0.02827565
v -0.03341736 0.01220644 -0.02880952
v -0.02326136 -0.002 -0.026
v -0.0271803 -0.002 -0.026
v -0.02326136 0.002 -0.026
v -0.0271803 0.002 -0.026
v -0.02326136 -0.005 -0.029
v -0.03222495 -0.005 -0.029
v -0.03379591 -0.005 -0.02937261
v -0.03503272 -0.005 -0.02949261
v -0.03361204 0.005 -0.02934203
v -0.03503272 0.005 -0.02949261
v -0.02326136 0.005 -0.029
v -0.03222495 0.005 -0.029
v -0.03185664 0.00499807 -0.02889244
v -0.02326136 0.00477164 -0.02785195
v -0.02976429 0.00483118 -0.02800783
v -0.02326136 0.00489778 -0.02822354
v -0.03054621 0.00493885 -0.02839736
v -0.03089543 0.00496567 -0.02854745
v -0.02326136 0.00314805 -0.02622836
v -0.0274388 0.00324414 -0.02627014
v -0.02326136 0.0035 -0.02640192
v -0.02759075 0.00352993 -0.02641943
v -0.02326136 0.00412132 -0.02687868
v -0.02787252 0.0039016 -0.02667968
v -0.02809379 0.00411295 -0.02687034
v -0.02326136 0.00459808 -0.0275
v -0.02852792 0.00441008 -0.02721352
v -0.02908517 0.00465428 -0.02760186
v -0.02326136 0.00277646 -0.02610222
v -0.02721341 0.0024622 -0.02603582
v -0.02728506 0.0028123 -0.02611207
v -0.02326136 -0.00314805 -0.02622836
v -0.02721341 -0.0024622 -0.02603582
v -0.02326136 -0.00277646 -0.02610222
v -0.02809379 -0.00411295 -0.02687034
v -0.02787252 -0.0039016 -0.02667968
v -0.02326136 -0.00412132 -0.02687868
v -0.02759075 -0.00352993 -0.02641943
v -0.02326136 -0.0035 -0.02640192
v -0.0274388 -0.00324414 -0.02627014
v -0.02728506 -0.0028123 -0.02611207
v -0.02976429 -0.00483118 -0.02800783
v -0.02908517 -0.00465428 -0.02760186
v -0.02326136 -0.00477164 -0.02785195
v -0.02852792 -0.00441008 -0.02721352
v -0.02326136 -0.00459808 -0.0275
v -0.03185664 -0.00499807 -0.02889244
v -0.03089543 -0.00496567 -0.02854745
v -0.03054621 -0.00493885 -0.02839736
v -0.02326136 -0.00489778 -0.02822354
v -0.03227206 -0.00502447 -0.02885285
v -0.03230118 -0.00506699 -0.0287619
v -0.03383473 -0.00506699 -0.02912565
v -0.03231456 -0.00509549 -0.0287201
v -0.03234829 -0.00520611 -0.02861475
v -0.03236994 -0.00534549 -0.02854712
v -0.03235698 -0.00525 -0.02858761
v -0.035042 -0.00506564 -0.02924513
v -0.03504209 -0.00506699 -0.02924279
v -0.03386315 -0.00525 -0.02894486
v -0.03504891 -0.00524806 -0.02906103
v -0.03504895 -0.00525 -0.02905991
v -0.03195846 -0.00508741 -0.02860758
v -0.03201976 -0.00534005 -0.02842896
v -0.03199624 -0.00519845 -0.0284991
v -0.03191029 -0.00501826 -0.02874331
v -0.03110866 -0.00529288 -0.02805177
v -0.03077892 -0.00525801 -0.02788859
v -0.03004393 -0.00512511 -0.02746812
v -0.02941039 -0.00491539 -0.02703511
v -0.02849665 -0.0042981 -0.02627083
v -0.02889493 -0.0046337 -0.02662664
v -0.02829485 -0.00406272 -0.02607534
v -0.02803904 -0.00365354 -0.02581107
v -0.02790157 -0.00334192 -0.02566075
v -0.02776275 -0.00287432 -0.02550255
v -0.02769812 -0.002497 -0.02542657
v -0.02766826 -0.002 -0.02539095
v -0.03108151 -0.0051451 -0.02813108
v -0.03075103 -0.00510806 -0.02797247
v -0.03001598 -0.00497133 -0.02756567
v -0.02938474 -0.00476138 -0.02715009
v -0.02887339 -0.00448477 -0.02676174
v -0.02848005 -0.00416023 -0.02642679
v -0.02828143 -0.00393496 -0.0262442
v -0.02803028 -0.00354676 -0.02599899
v -0.0278956 -0.00325327 -0.02586036
v -0.02775976 -0.00281523 -0.02571506
v -0.02769657 -0.00246305 -0.02564549
v -0.02766738 -0.002 -0.02561292
v -0.03103287 -0.00503368 -0.02824976
v -0.03069832 -0.00499696 -0.02809567
v -0.02995384 -0.00486259 -0.02770081
v -0.02931403 -0.0046578 -0.02729797
v -0.02879534 -0.00438933 -0.02692205
v -0.02839608 -0.00407554 -0.02659822
v -0.02819437 -0.00385826 -0.02642183
v -0.02793925 -0.00348455 -0.02618511
v -0.02780241 -0.00320247 -0.02605133
v -0.02766438 -0.00278192 -0.02591116
v -0.02760017 -0.00244407 -0.02584405
v -0.02757051 -0.002 -0.02581263
v -0.03096836 -0.00497147 -0.02839411
v -0.03062717 -0.00493818 -0.02824326
v -0.02986597 -0.00481366 -0.02785518
v -0.0292089 -0.00462021 -0.02745651
v -0.02867354 -0.004363 -0.02708132
v -0.02825938 -0.00405881 -0.02675519
v -0.02804937 -0.00384643 -0.02657626
v -0.027783 -0.00347857 -0.02633458
v -0.0276398 -0.00319922 -0.02619721
v -0.02749517 -0.00278088 -0.02605268
v -0.02742784 -0.00244376 -0.02598327
v -0.02739673 -0.002 -0.02595073
v -0.02766826 0.002 -0.02539095
v -0.02766738 0.002 -0.02561292
v -0.02757051 0.002 -0.02581263
v -0.02739673 0.002 -0.02595073
v -0.03233275 0.00514645 -0.02866328
v -0.03231456 0.00509549 -0.0287201
v -0.03195846 0.00508741 -0.02860758
v -0.03227206 0.00502447 -0.02885285
v -0.03191029 0.00501826 -0.02874331
v -0.03199624 0.00519845 -0.0284991
v -0.03234829 0.00520611 -0.02861475
v -0.03236994 0.00534549 -0.02854712
v -0.03077892 0.00525801 -0.02788859
v -0.03110866 0.00529288 -0.02805177
v -0.03201976 0.00534005 -0.02842896
v -0.03004393 0.00512511 -0.02746812
v -0.02941039 0.00491539 -0.02703511
v -0.02889493 0.0046337 -0.02662664
v -0.03096836 0.00497147 -0.02839411
v -0.03062717 0.00493818 -0.02824326
v -0.02986597 0.00481366 -0.02785518
v -0.0292089 0.00462021 -0.02745651
v -0.02867354 0.004363 -0.02708132
v -0.02825938 0.00405881 -0.02675519
v -0.02804937 0.00384643 -0.02657626
v -0.027783 0.00347857 -0.02633458
v -0.0276398 0.00319922 -0.02619721
v -0.02749517 0.00278088 -0.02605268
v -0.02742784 0.00244376 -0.02598327
v -0.03103287 0.00503368 -0.02824976
v -0.03069832 0.00499696 -0.02809567
v -0.02995384 0.00486259 -0.02770081
v -0.02931403 0.0046578 -0.02729797
v -0.02879534 0.00438933 -0.02692205
v -0.02839608 0.00407554 -0.02659822
v -0.02819437 0.00385826 -0.02642183
v -0.02793925 0.00348455 -0.02618511
v -0.02780241 0.00320247 -0.02605133
v -0.02766438 0.00278192 -0.02591116
v -0.02760017 0.00244407 -0.02584405
v -0.03108151 0.0051451 -0.02813108
v -0.03075103 0.00510806 -0.02797247
v -0.03001598 0.00497133 -0.02756567
v -0.02938474 0.00476138 -0.02715009
v -0.02887339 0.00448477 -0.02676174
v -0.02848005 0.00416023 -0.02642679
v -0.02828143 0.00393496 -0.0262442
v -0.02803028 0.00354676 -0.02599899
v -0.0278956 0.00325327 -0.02586036
v -0.02775976 0.00281523 -0.02571506
v -0.02769657 0.00246305 -0.02564549
v -0.02849665 0.0042981 -0.02627083
v -0.02829485 0.00406272 -0.02607534
v -0.02803904 0.00365354 -0.02581107
v -0.02790157 0.00334192 -0.02566075
v -0.02776275 0.00287432 -0.02550255
v -0.02769812 0.002497 -0.02542657
v -0.03369186 0.00530866 -0.02888704
v -0.0336451 0.00503806 -0.02915357
v -0.03367313 0.00514645 -0.0289938
v -0.03504598 0.00514645 -0.02913931
v -0.03503989 0.00503806 -0.0293014
v -0.03504201 0.00506569 -0.02924505
v -0.03505004 0.00530866 -0.029031
v -0.03504891 0.00524812 -0.029061
v -0.02239534 -0.0055 -0.029
v -0.02276136 -0.00513397 -0.029
v -0.02239534 -0.002 -0.0255
v -0.02239534 -0.00290587 -0.02561926
v -0.02276136 -0.002 -0.02586603
v -0.02276136 -0.00281113 -0.02597281
v -0.02239534 -0.00375 -0.02596891
v -0.02239534 -0.00447487 -0.02652513
v -0.02276136 -0.00356699 -0.0262859
v -0.02276136 -0.00421605 -0.02678395
v -0.02239534 -0.00503109 -0.02725
v -0.02276136 -0.0047141 -0.02743301
v -0.02276136 -0.00502719 -0.02818887
v -0.02239534 -0.00538074 -0.02809413
v -0.02239534 0.002 -0.0255
v -0.02276136 0.002 -0.02586603
v -0.02239534 0.0055 -0.029
v -0.02239534 0.00538074 -0.02809413
v -0.02276136 0.00513397 -0.029
v -0.02276136 0.00502719 -0.02818887
v -0.02239534 0.00503109 -0.02725
v -0.02239534 0.00447487 -0.02652513
v -0.02276136 0.0047141 -0.02743301
v -0.02276136 0.00421605 -0.02678395
v -0.02239534 0.00375 -0.02596891
v -0.02276136 0.00356699 -0.0262859
v -0.02239534 0.00290587 -0.02561926
v -0.02276136 0.00281113 -0.02597281
v -0.03523834 -0.00504424 -0.02949261
v -0.03541098 -0.00517302 -0.02949261
v -0.03551343 -0.00536248 -0.02949261
v -0.03520124 -0.00528079 -0.02907602
v -0.03522841 -0.00510759 -0.02925237
v -0.03546374 -0.00556615 -0.02924798
v -0.03549725 -0.00546568 -0.02931087
v -0.0353522 -0.00554786 -0.02911098
v -0.03538162 -0.00536027 -0.02916285
v -0.03529057 -0.00553793 -0.02906592
v -0.03516408 -0.00551776 -0.0290105
v -0.03540312 -0.00522317 -0.02930244
v -0.0355091 -0.00539012 -0.0293878
v -0.03376406 -0.01223208 -0.02906831
v -0.03439726 -0.01030137 -0.0291681
v -0.03534839 -0.00626267 -0.0292446
v -0.03517803 -0.00623095 -0.02906284
v -0.03492799 -0.00830777 -0.02922151
v -0.03476775 -0.00826587 -0.02904106
v -0.03424964 -0.01024968 -0.02898964
v -0.03363129 -0.01217106 -0.02889276
v -0.03362925 -0.0121702 -0.0288911
v -0.03372845 -0.01232856 -0.02908438
v -0.03356652 -0.01234331 -0.02892205
v -0.03349357 -0.01248772 -0.02902431
v -0.03363304 -0.01244756 -0.02909578
v -0.03351541 -0.01248436 -0.0290332
v -0.0337416 -0.01237039 -0.0291876
v -0.03369988 -0.01240741 -0.02914651
v -0.03358033 -0.01258436 -0.02925469
v -0.03368851 -0.01251312 -0.02935381
v -0.03344065 -0.01261901 -0.02917792
v -0.03273071 -0.01423174 -0.03014147
v -0.03297562 -0.01370372 -0.02995997
v -0.03303063 -0.01358132 -0.02990266
v -0.03323651 -0.01310967 -0.02961752
v -0.03341064 -0.0126927 -0.02925622
v -0.03246161 -0.01478275 -0.0302299
v -0.03242224 -0.01486101 -0.03023469
v -0.03212841 -0.01542761 -0.03021307
v -0.03182533 -0.01598219 -0.03009332
v -0.03153879 -0.01648127 -0.02989241
v -0.03125022 -0.01696114 -0.02959673
v -0.03102957 -0.01731367 -0.02929332
v -0.0308022 -0.01766445 -0.02888101
v -0.0336584 -0.01259324 -0.02943857
v -0.03348375 -0.01304673 -0.02983
v -0.03327731 -0.01356 -0.03013961
v -0.03322216 -0.01369327 -0.03020198
v -0.0329767 -0.01426855 -0.03040024
v -0.0327071 -0.01486962 -0.03049835
v -0.03266767 -0.01495506 -0.03050392
v -0.03237343 -0.0155743 -0.03048345
v -0.03207009 -0.0161817 -0.03035694
v -0.03178345 -0.01672972 -0.03014223
v -0.03149497 -0.01725825 -0.02982443
v -0.03127452 -0.01764779 -0.02949704
v -0.03104752 -0.0180368 -0.02905063
v -0.03086818 -0.0183359 -0.02856456
v -0.03355044 -0.01266114 -0.02933568
v -0.0333771 -0.01309563 -0.02970917
v -0.03317231 -0.01358709 -0.03000351
v -0.03311763 -0.01371463 -0.03006259
v -0.03287431 -0.01426481 -0.03024918
v -0.03260729 -0.01483888 -0.03033904
v -0.03256826 -0.0149204 -0.03034374
v -0.0322772 -0.01551051 -0.03031926
v -0.03197756 -0.01608781 -0.03019298
v -0.03169493 -0.01660691 -0.02998281
v -0.03141112 -0.01710543 -0.02967473
v -0.03119482 -0.01747106 -0.0293596
v -0.0309728 -0.01783414 -0.02893268
v -0.03079805 -0.01811147 -0.02847094
v -0.03062244 -0.01793311 -0.02843356
v -0.03073777 -0.01854902 -0.02804514
v -0.03071259 -0.01839855 -0.02800168
v -0.03067145 -0.01830781 -0.02798058
v -0.03060854 -0.01822129 -0.02796513
v -0.03049163 -0.01812383 -0.02795677
v -0.03044135 -0.01809649 -0.02795787
v -0.03054521 -0.01832484 -0.02778434
v -0.03066304 -0.01847957 -0.02786021
v -0.03067 -0.01871981 -0.02795591
v -0.03070821 -0.01864174 -0.02798368
v -0.03060707 -0.01862854 -0.02780375
v -0.03058581 -0.01860584 -0.0277758
v -0.03001328 -0.01959048 -0.02744823
v -0.03006291 -0.01968611 -0.02759365
v -0.02930338 -0.02065816 -0.02694477
v -0.02896189 -0.0211436 -0.02666759
v -0.02933726 -0.0207586 -0.02708089
v -0.02898823 -0.02124621 -0.02679869
v -0.02833105 -0.02212004 -0.02619244
v -0.02771335 -0.02289357 -0.02551256
v -0.02714159 -0.02357233 -0.02475495
v -0.02715301 -0.02351792 -0.02470531
v -0.02831882 -0.02201356 -0.02607196
v -0.02771429 -0.02278367 -0.02540382
v -0.02715467 -0.02345945 -0.0246591
v -0.02708641 -0.02359518 -0.02460577
v -0.0270233 -0.02361398 -0.02446054
v -0.02702077 -0.02367184 -0.02450513
v -0.02476448 -0.02644041 -0.02314645
v -0.02467883 -0.0263822 -0.02306699
v -0.02516135 -0.02576029 -0.02313158
v -0.02527677 -0.02586514 -0.02330896
v -0.0248302 -0.02648507 -0.02325
v -0.02578178 -0.02500296 -0.02334419
v -0.0252501 -0.02564913 -0.02315263
v -0.02627067 -0.02443698 -0.02363778
v -0.02633202 -0.02436777 -0.02368458
v -0.02671024 -0.02394951 -0.02403942
v -0.02535903 -0.02575433 -0.02332842
v -0.02585254 -0.02511025 -0.02350663
v -0.02630728 -0.02454613 -0.02378112
v -0.0263644 -0.02447714 -0.02382494
v -0.0267168 -0.02406027 -0.02415759
v -0.02333073 -0.02877121 -0.02314645
v -0.02318885 -0.02869258 -0.02303806
v -0.02342553 -0.02882375 -0.02330866
v -0.02342553 0.02882375 -0.02330866
v -0.02333073 0.02877121 -0.02314645
v -0.02318885 0.02869258 -0.02303806
v -0.02467883 0.0263822 -0.02306699
v -0.02476448 0.02644041 -0.02314645
v -0.0248302 0.02648507 -0.02325
v -0.02702077 0.02367184 -0.02450513
v -0.0270233 0.02361398 -0.02446054
v -0.02687995 0.02376645 -0.02424804
v -0.02687505 0.02387782 -0.02435337
v -0.02700878 0.02372585 -0.0245529
v -0.02657389 0.02409864 -0.02389664
v -0.0261854 0.02453384 -0.02357683
v -0.02570607 0.02509296 -0.02330959
v -0.02519903 0.02571299 -0.02314016
v -0.02658971 0.02420891 -0.02402367
v -0.02622791 0.02464267 -0.02372406
v -0.0257822 0.02519995 -0.02347436
v -0.02531168 0.02581798 -0.02331688
v -0.02708641 0.02359518 -0.02460577
v -0.02715301 0.02351792 -0.02470531
v -0.02734299 0.02323582 -0.02492605
v -0.02733399 0.02334772 -0.0250265
v -0.02788844 0.02256627 -0.02560887
v -0.02807788 0.02232574 -0.02581992
v -0.02789128 0.02267521 -0.02572121
v -0.02808485 0.02243361 -0.02593595
v -0.02871162 0.02162079 -0.02655631
v -0.02935681 0.02073077 -0.02709597
v -0.03001233 0.01976364 -0.02756086
v -0.02869123 0.02151651 -0.02642948
v -0.02932251 0.02063045 -0.02695958
v -0.0299638 0.01966766 -0.02741605
v -0.03067 0.01871981 -0.02795591
v -0.03060707 0.01862854 -0.02780375
v -0.03058581 0.01860584 -0.0277758
v -0.03054521 0.01832484 -0.02778434
v -0.03066304 0.01847957 -0.02786021
v -0.03073777 0.01854902 -0.02804514
v -0.03070821 0.01864174 -0.02798368
v -0.03071259 0.01839855 -0.02800168
v -0.03067145 0.01830781 -0.02798058
v -0.03060854 0.01822129 -0.02796513
v -0.03049163 0.01812383 -0.02795677
v -0.03044135 0.01809649 -0.02795787
v -0.03055906 0.01802602 -0.02822838
v -0.03080498 0.01843963 -0.02834119
v -0.03073664 0.01820718 -0.02825972
v -0.03095352 0.01819445 -0.02881662
v -0.03115275 0.01785795 -0.02927473
v -0.03121057 0.0177586 -0.02938463
v -0.03146365 0.01731434 -0.0297829
v -0.0317431 0.01680499 -0.03010428
v -0.03206698 0.01618777 -0.03035511
v -0.03088112 0.01798055 -0.02871
v -0.03107562 0.0176675 -0.02914662
v -0.03113219 0.01757472 -0.02925181
v -0.03138035 0.01715818 -0.02963465
v -0.03165519 0.01667805 -0.02994587
v -0.03197449 0.01609357 -0.03019118
v -0.030708 0.01780618 -0.02866542
v -0.03090762 0.01750335 -0.02908781
v -0.03096553 0.01741373 -0.02918935
v -0.03121887 0.01701197 -0.02955818
v -0.03149844 0.0165497 -0.02985702
v -0.03182222 0.01598772 -0.0300916
v -0.03237231 0.0155766 -0.03048318
v -0.03265573 0.0149808 -0.03050519
v -0.0322761 0.01551269 -0.03031898
v -0.03255645 0.01494496 -0.03034477
v -0.03212729 0.01542971 -0.0302128
v -0.03241032 0.01488458 -0.03023577
v -0.03268794 0.01432125 -0.03016252
v -0.03283186 0.01435808 -0.03027071
v -0.03293385 0.01436613 -0.03042337
v -0.03292107 0.01382367 -0.03001028
v -0.03306341 0.01383963 -0.0301144
v -0.03316749 0.01382391 -0.0302568
v -0.03339199 0.01327777 -0.02998407
v -0.03328606 0.01331689 -0.02985582
v -0.033145 0.01332202 -0.02975952
v -0.03358445 0.01278754 -0.02962289
v -0.0337416 0.01237039 -0.0291876
v -0.03369988 0.01240741 -0.02914651
v -0.03347704 0.01284732 -0.02951168
v -0.03363304 0.01244756 -0.02909578
v -0.03333692 0.01287138 -0.02942642
v -0.03351541 0.01248436 -0.0290332
v -0.03349357 0.01248772 -0.02902431
v -0.03372845 0.01232856 -0.02908438
v -0.03356652 0.01234331 -0.02892205
v -0.03362925 0.0121702 -0.0288911
v -0.03363129 0.01217106 -0.02889276
v -0.03376406 0.01223208 -0.02906831
v -0.03390154 0.01137578 -0.02893992
v -0.03404078 0.01143296 -0.02911681
v -0.03461726 0.00952941 -0.02919354
v -0.03446443 0.00948149 -0.02901422
v -0.03509337 0.00757236 -0.02923261
v -0.03492916 0.0075341 -0.02905161
v -0.03546374 0.00556615 -0.02924798
v -0.0353522 0.00554786 -0.02911098
v -0.03529057 0.00553793 -0.02906592
v -0.03516408 0.00551776 -0.0290105
v -0.03522841 0.00510759 -0.02925237
v -0.03520124 0.00528079 -0.02907602
v -0.03538162 0.00536027 -0.02916285
v -0.03540312 0.00522317 -0.02930244
v -0.0355091 0.00539012 -0.0293878
v -0.03549725 0.00546568 -0.02931087
v -0.03523834 0.00504424 -0.02949261
v -0.03541098 0.00517302 -0.02949261
v -0.03551343 0.00536248 -0.02949261
v 0.02643082 -0.03275 0.01419195
v 0.02759658 -0.03275 0.01176558
v 0.02759658 0.03275 0.01176558
v 0.02854014 0.03275 0.00924447
v 0.02643082 0.03275 0.01419195
v 0.023472 0.03275 0.01868329
v 0.023472 -0.03275 0.01868329
v 0.01975877 0.03275 0.02257413
v 0.01975877 -0.03275 0.02257413
v 0.01541047 0.03275 0.02573941
v 0.01541047 -0.03275 0.02573941
v 0.01056687 0.03275 0.02807742
v 0.01056687 -0.03275 0.02807742
v 0.00538364 0.03275 0.02951299
v 0.00538364 -0.03275 0.02951299
v 2.737E-05 0.03275 0.02999999
v 2.737E-05 -0.03275 0.02999999
v -0.00532977 0.03275 0.02952276
v -0.00532977 -0.03275 0.02952276
v -0.01051561 0.03275 0.02809665
v -0.01051561 -0.03275 0.02809665
v -0.01536348 0.03275 0.02576749
v -0.01536348 -0.03275 0.02576749
v -0.01971754 0.03275 0.02261014
v -0.01971754 -0.03275 0.02261014
v -0.02343787 0.03275 0.01872609
v -0.02343787 -0.03275 0.01872609
v -0.02640489 0.03275 0.01424016
v -0.02640489 -0.03275 0.01424016
v -0.02852323 0.03275 0.00929654
v -0.02852323 -0.03275 0.00929654
v -0.02972481 0.03275 0.00405412
v -0.02972481 -0.03275 0.00405412
v -0.02997101 0.03275 -0.0013186
v -0.02997101 -0.03275 -0.0013186
v -0.02925391 0.03275 -0.00664894
v -0.02925391 -0.03275 -0.00664894
v -0.02759658 0.03275 -0.01176558
v -0.02759658 -0.03275 -0.01176558
v -0.02505227 0.03275 -0.01650406
v -0.02505227 -0.03275 -0.01650406
v -0.02170275 0.03275 -0.02071209
v -0.02170275 -0.03275 -0.02071209
v -0.01765569 0.03275 -0.02425441
v -0.01765569 -0.03275 -0.02425441
v -0.01304117 0.03275 -0.02701718
v -0.01304117 -0.03275 -0.02701718
v -0.00800749 0.03275 -0.02891159
v -0.00800749 -0.03275 -0.02891159
v -0.00271644 0.03275 -0.02987676
v -0.00271644 -0.03275 -0.02987676
v 0.00266192 0.03275 -0.02988167
v 0.00266192 -0.03275 -0.02988167
v 0.00795472 0.03275 -0.02892615
v 0.00795472 -0.03275 -0.02892615
v 0.01299185 0.03275 -0.02704093
v 0.01299185 -0.03275 -0.02704093
v 0.01761141 0.03275 -0.02428659
v 0.01761141 -0.03275 -0.02428659
v 0.02166492 0.03275 -0.02075166
v 0.02166492 -0.03275 -0.02075166
v 0.02502211 0.03275 -0.01654975
v 0.02502211 -0.03275 -0.01654975
v 0.02757506 0.03275 -0.01181591
v 0.02757506 -0.03275 -0.01181591
v 0.02924174 0.03275 -0.00670231
v 0.02924174 -0.03275 -0.00670231
v 0.02996855 0.03275 -0.00137329
v 0.02996855 -0.03275 -0.00137329
v 0.02973215 0.03275 0.00399987
v 0.02973215 -0.03275 0.00399987
v 0.02854014 -0.03275 0.00924447
v 0.00965166 0.03275 0.00794327
v 0.00702282 0.03275 0.0103407
v 0.00031737 0.03275 0.01249597
v 0.00382504 0.03275 0.01190038
v -0.00648884 0.03275 0.01068386
v -0.00321601 0.03275 0.01207921
v 0.01241395 0.03275 0.00146422
v 0.01232361 0.03275 -0.0020925
v 0.01123489 0.03275 -0.0054797
v -0.00923599 0.03275 0.00842297
v -0.01232361 0.03275 0.0020925
v -0.01123489 0.03275 0.0054797
v 0.01149858 0.03275 0.00490232
v 0.00923599 0.03275 -0.00842297
v 0.00648884 0.03275 -0.01068386
v 0.00321601 0.03275 -0.01207921
v -0.01149858 0.03275 -0.00490232
v -0.01241395 0.03275 -0.00146422
v -0.00382504 0.03275 -0.01190038
v -0.00702282 0.03275 -0.0103407
v -0.00965166 0.03275 -0.00794327
v -0.00031737 0.03275 -0.01249597
v -0.02134737 -0.03275 0.01394775
v -0.02365826 -0.03275 0.00951508
v -0.02505997 -0.03275 0.00471675
v -0.02549865 -0.03275 -0.00026284
v -0.02495742 -0.03275 -0.00523233
v -0.02345709 -0.03275 -0.01000074
v -0.02105532 -0.03275 -0.01438483
v -0.01784441 -0.03275 -0.01821612
v -0.01394775 -0.03275 -0.02134737
v -0.00951508 -0.03275 -0.02365826
v -0.00471675 -0.03275 -0.02505997
v 0.00026284 -0.03275 -0.02549865
v 0.00523233 -0.03275 -0.02495742
v 0.01000074 -0.03275 -0.02345709
v 0.01438483 -0.03275 -0.02105532
v 0.01821612 -0.03275 -0.01784441
v 0.02134737 -0.03275 -0.01394775
v 0.02365826 -0.03275 -0.00951508
v 0.02505997 -0.03275 -0.00471675
v 0.02549865 -0.03275 0.00026284
v 0.02495742 -0.03275 0.00523233
v 0.02345709 -0.03275 0.01000074
v 0.02105532 -0.03275 0.01438483
v 0.01784441 -0.03275 0.01821612
v 0.01394775 -0.03275 0.02134737
v 0.00951508 -0.03275 0.02365826
v 0.00471675 -0.03275 0.02505997
v -0.00026284 -0.03275 0.02549865
v -0.00523233 -0.03275 0.02495742
v -0.01000074 -0.03275 0.02345709
v -0.01438483 -0.03275 0.02105532
v -0.01821612 -0.03275 0.01784441
v 0.01149858 0.02175 0.00490232
v 0.01241395 0.02175 0.00146422
v 0.01232361 0.02175 -0.0020925
v 0.01123489 0.02175 -0.0054797
v 0.00923599 0.02175 -0.00842297
v 0.00648884 0.02175 -0.01068386
v 0.00321601 0.02175 -0.01207921
v -0.00031737 0.02175 -0.01249597
v -0.00382504 0.02175 -0.01190038
v -0.00702282 0.02175 -0.0103407
v -0.00965166 0.02175 -0.00794327
v -0.01149858 0.02175 -0.00490232
v -0.01241395 0.02175 -0.00146422
v -0.01232361 0.02175 0.0020925
v -0.01123489 0.02175 0.0054797
v -0.00923599 0.02175 0.00842297
v -0.00648884 0.02175 0.01068386
v -0.00321601 0.02175 0.01207921
v 0.00031737 0.02175 0.01249597
v 0.00382504 0.02175 0.01190038
v 0.00702282 0.02175 0.0103407
v 0.00965166 0.02175 0.00794327
v 0 0.02175 0
v -0.02345709 -0.02875 -0.01000074
v -0.02105532 -0.02875 -0.01438483
v -0.01784441 -0.02875 -0.01821612
v -0.01394775 -0.02875 -0.02134737
v -0.00951508 -0.02875 -0.02365826
v -0.00471675 -0.02875 -0.02505997
v 0.00026284 -0.02875 -0.02549865
v 0.00523233 -0.02875 -0.02495742
v 0.01000074 -0.02875 -0.02345709
v 0.01438483 -0.02875 -0.02105532
v 0.01821612 -0.02875 -0.01784441
v 0.02134737 -0.02875 -0.01394775
v 0.02365826 -0.02875 -0.00951508
v 0.02505997 -0.02875 -0.00471675
v 0.02549865 -0.02875 0.00026284
v 0.02495742 -0.02875 0.00523233
v 0.02345709 -0.02875 0.01000074
v 0.02105532 -0.02875 0.01438483
v 0.01784441 -0.02875 0.01821612
v 0.01394775 -0.02875 0.02134737
v 0.00951508 -0.02875 0.02365826
v 0.00471675 -0.02875 0.02505997
v -0.00026284 -0.02875 0.02549865
v -0.00523233 -0.02875 0.02495742
v -0.01000074 -0.02875 0.02345709
v -0.01438483 -0.02875 0.02105532
v -0.01821612 -0.02875 0.01784441
v -0.02134737 -0.02875 0.01394775
v -0.02365826 -0.02875 0.00951508
v -0.02505997 -0.02875 0.00471675
v -0.02549865 -0.02875 -0.00026284
v -0.02495742 -0.02875 -0.00523233
v 0 -0.02875 0
vn 0 -1 0
vn 1 0 0
vn -0 0 1
vn 0 0 -1
vn -1 -0 -0
vn -0.11295 -0 0.9936
vn -0.15075 0.01396 0.98847
vn -0.29923 0.01396 0.95408
vn -0.26265 0 0.96489
vn -0.18835 0 0.9821
vn -0.44076 0.01396 0.89752
vn -0.40625 0 0.91376
vn -0.33543 0 0.94207
vn -0.61128 0.00125 0.79142
vn -0.62671 -0 0.77925
vn -0.59172 0.00555 0.80612
vn -0.56815 0.01453 0.8228
vn -0.57206 0.01225 0.82012
vn -0.53809 0.00239 0.84288
vn -0.48323 -0.00355 0.87549
vn 0 1 -0
vn 0.99523 0.09752 0
vn 0.99506 0.09923 0.00247
vn 0.92697 0.37425 -0.02558
vn 0.93932 0.34304 -0.00098
vn 0.97143 0.23734 0.00192
vn 0.96214 0.26855 -0.04664
vn 0.98005 0.19873 -0.00109
vn 0.86372 0.50353 -0.02123
vn 0.87957 0.47576 -0.00062
vn 0.91241 0.40928 0.00056
vn 0.74773 0.66401 0
vn 0.77183 0.6358 -0.00665
vn 0.78255 0.62241 -0.01515
vn 0.80747 0.58991 -0.00019
vn 0.84336 0.53734 0.0002
vn -0.59183 -0.0055 0.80604
vn -0.61008 -0.00154 0.79234
vn -0.62519 0 0.78048
vn -0.50821 0 0.86123
vn -0.53003 -0.00468 0.84797
vn -0.56432 -0.01464 0.82542
vn -0.55134 -0.0236 0.83395
vn -0.57304 -0.01269 0.81943
vn -0.45394 0 0.89103
vn -0.4153 -0.0176 0.90951
vn -0.37603 -0 0.92661
vn -0.29537 0 0.95538
vn -0.25415 -0.0176 0.967
vn -0.21254 0 0.97715
vn -0.12815 0 0.99175
vn -0.08555 -0.0176 0.99618
vn -0.04282 0 0.99908
vn 0.04282 -0 0.99908
vn 0.08555 -0.0176 0.99618
vn 0.12815 0 0.99175
vn 0.21254 0 0.97715
vn 0.25415 -0.0176 0.967
vn 0.29537 0 0.95538
vn 0.37603 0 0.92661
vn 0.4153 -0.0176 0.90951
vn 0.45394 0 0.89103
vn 0.61128 -0.00125 0.79142
vn 0.62671 0 0.77925
vn 0.59172 -0.00555 0.80612
vn 0.56815 -0.01453 0.8228
vn 0.5643 -0.01676 0.8254
vn 0.5384 -0.00649 0.84267
vn 0.50821 0 0.86123
vn -0.25882 0.96593 -0
vn -0.25882 0.96593 -0
vn -0.70711 0.70711 -0
vn -0.96593 0.25882 -0
vn -0.96593 -0.25882 -0
vn -0.70711 -0.70711 -0
vn -0.25882 -0.96593 -0
vn -0.25882 -0.96593 -0
vn 0.25882 -0.96593 0
vn 0.25882 -0.96593 0
vn 0.70711 -0.70711 0
vn 0.96593 -0.25882 0
vn 0.96593 0.25882 0
vn 0.70711 0.70711 0
vn 0.25882 0.96593 0
vn 0.25882 0.96593 0
vn 0.27848 0.96003 0.02828
vn 0.70699 0.70699 0.01811
vn 0.77002 0.63598 0.05097
vn 0.70753 0.70613 0.02809
vn 0.61501 0.78851 0.00434
vn 0.51979 0.8543 -0
vn 0.25882 0.96593 4E-05
vn 0.42751 0.90087 0.07533
vn 0.36261 0.93036 0.05429
vn 0.99942 0.03418 2E-05
vn 0.98309 0.18293 0.00806
vn 0.96557 0.25872 0.02719
vn 0.91601 0.40116 6E-05
vn 0.83901 0.54412 -3E-05
vn 0.99823 -0.05945 -4E-05
vn 0.96575 -0.25877 0.01894
vn 0.97114 -0.23708 0.026
vn 0.09765 0.99522 0
vn -0.0219 0.99976 -0
vn -0.25881 0.96589 0.00821
vn -0.27944 0.96016 0.00018
vn -0.6904 0.72343 -0.00018
vn -0.70708 0.70708 0.00855
vn -0.85436 0.51968 -0
vn -0.95323 0.30226 -0
vn -0.96581 0.25879 0.01535
vn -0.99898 0.04524 -0
vn -0.98121 -0.19294 -0
vn -0.96572 -0.25876 0.02059
vn -0.89784 -0.44032 -0
vn -0.76782 -0.64067 -0
vn -0.7069 -0.7069 0.02426
vn -0.57584 -0.81756 -0
vn -0.36554 -0.93079 -0
vn -0.25873 -0.96559 0.02635
vn -0.11218 -0.99369 -0
vn 0.12666 -0.99195 0
vn 0.25873 -0.96558 0.02687
vn 0.37908 -0.92537 0
vn 0.5877 -0.80908 0
vn 0.70687 -0.70687 0.0258
vn 0.77708 -0.6294 0
vn 0.90417 -0.42718 0
vn -0.25882 0.96593 -0
vn -0.25882 0.96593 -0
vn -0.70711 0.70711 -0
vn -0.96593 0.25882 -0
vn -0.96593 -0.25882 -0
vn -0.70711 -0.70711 -0
vn -0.25882 -0.96593 -0
vn -0.25882 -0.96593 -0
vn 0.25882 -0.96593 0
vn 0.25882 -0.96593 0
vn 0.70711 -0.70711 0
vn 0.96593 -0.25882 0
vn 0.96593 0.25882 0
vn 0.70711 0.70711 0
vn 0.25882 0.96593 0
vn 0.25882 0.96593 0
vn -0.25882 0.96593 -0
vn -0.70711 0.70711 -0
vn -0.96593 0.25882 -0
vn -0.96593 0.25882 -0
vn -0.96593 -0.25882 -0
vn -0.96593 -0.25882 -0
vn -0.70711 -0.70711 -0
vn -0.25882 -0.96593 -0
vn 0.25882 -0.96593 0
vn 0.70711 -0.70711 0
vn 0.96593 -0.25882 0
vn 0.96593 -0.25882 0
vn 0.96593 0.25882 0
vn 0.96593 0.25882 0
vn 0.70711 0.70711 0
vn 0.25882 0.96593 0
vn 0.54983 0.00159 0.83528
vn 0.61212 0.0027 0.79076
vn 0.60901 -0.00348 0.79315
vn 0.57476 0.01624 0.81816
vn 0.59275 0.00819 0.80535
vn 0.63301 0.00569 0.77412
vn 0.63294 0.00559 0.77418
vn 0.63233 0.00453 0.77469
vn 0.63135 0.00184 0.7755
vn 0.6313 0 0.77554
vn 0.52429 0.00829 0.8515
vn 0.53103 0.00525 0.84733
vn 0.49765 0 0.86738
vn 0.12054 -0.99271 0
vn 0.3546 -0.93502 0
vn 0.56806 -0.82298 0
vn 0.74851 -0.66312 0
vn 0.88546 -0.46472 0
vn 0.97094 -0.23932 0
vn 0.97094 0.23932 0
vn 0.88546 0.46472 0
vn 0.74851 0.66312 0
vn 0.56806 0.82298 0
vn 0.3546 0.93502 0
vn 0.12054 0.99271 0
vn 0.12054 0.99271 0
vn -0.12054 0.99271 -0
vn -0.12054 0.99271 -0
vn -0.3546 0.93502 -0
vn -0.56806 0.82298 -0
vn -0.74851 0.66312 -0
vn -0.88546 0.46472 -0
vn -0.97094 0.23932 -0
vn -0.97094 -0.23932 -0
vn -0.88546 -0.46472 -0
vn -0.74851 -0.66312 -0
vn -0.56806 -0.82298 -0
vn -0.3546 -0.93502 -0
vn -0.12054 -0.99271 -0
vn -0.12054 -0.99271 -0
vn 0.12054 -0.99271 0
vn -0.99816 0.06064 -0
vn -0.99816 0.06064 -0
vn -0.99816 -0.06064 -0
vn -0.99816 -0.06064 -0
vn -0.17365 0.98481 -0
vn 0.99661 -0.08228 0
vn 0.99789 -0.06173 -0.01998
vn 0.99995 0 0.00999
vn 0.99789 0.06173 -0.01998
vn 0.99661 0.08228 0
vn -0.17365 -0.98481 -0
vn -0.96013 0.27957 -0
vn -0.9912 0.13119 -0.01745
vn -0.99954 0.03041 -0
vn -0.90682 0.42151 -0
vn -0.80356 0.59511 -0.01161
vn -0.80356 0.59511 -0.01161
vn -0.32053 0.94724 -0
vn -0.41451 0.90988 -0.01745
vn -0.54738 0.83688 -0
vn -0.66761 0.74451 -0
vn 0.02819 -0.9996 0
vn 0.95946 -0.28186 0
vn 0.94722 -0.32051 -0.00748
vn 0.81959 -0.57293 0.00562
vn 0.74398 -0.66811 -0.01123
vn 0.65746 -0.75349 0
vn 0.52717 -0.84976 0
vn 0.42014 -0.90739 -0.01123
vn 0.30696 -0.95171 0.00562
vn -0.01235 -0.99988 -0.00933
vn 0.94724 0.32052 0
vn -0.01235 0.99992 -0
vn 0.02818 0.99957 -0.00748
vn 0.30696 0.95171 0.00562
vn 0.42014 0.90739 -0.01123
vn 0.52717 0.84976 0
vn 0.65746 0.75349 0
vn 0.74398 0.66811 -0.01123
vn 0.81959 0.57293 0.00562
vn 0.95941 0.28185 -0.00933
vn -0.54738 -0.83688 -0
vn -0.41451 -0.90988 -0.01745
vn -0.32053 -0.94724 -0
vn -0.66761 -0.74451 -0
vn -0.80356 -0.59511 -0.01161
vn -0.80356 -0.59511 -0.01161
vn -0.99954 -0.03041 -0
vn -0.9912 -0.13119 -0.01745
vn -0.96013 -0.27957 -0
vn -0.90682 -0.42151 -0
vn -0.37349 0.84912 -0.37349
vn -0.13671 0.84912 -0.5102
vn -0.37349 0.84912 0.37349
vn -0.5102 0.84912 0.13671
vn -0.5102 0.84912 -0.13671
vn 0.37349 0.84912 0.37349
vn 0.13671 0.84912 0.5102
vn -0.13671 0.84912 0.5102
vn 0.37349 0.84912 -0.37349
vn 0.5102 0.84912 -0.13671
vn 0.5102 0.84912 0.13671
vn 0.13671 0.84912 -0.5102
vn -0.25882 0 -0.96593
vn -0.70711 -0 -0.70711
vn -0.96593 -0 -0.25882
vn -0.96593 -0 0.25882
vn -0.70711 0 0.70711
vn -0.25882 0 0.96593
vn 0.25882 0 0.96593
vn 0.70711 0 0.70711
vn 0.96593 0 0.25882
vn 0.96593 0 -0.25882
vn 0.70711 0 -0.70711
vn 0.25882 -0 -0.96593
vn -0.50859 0.69474 -0.50859
vn -0.50859 0.69475 -0.50859
vn -0.69475 0.69475 -0.18616
vn -0.69475 0.69475 -0.18616
vn -0.69475 0.69475 0.18616
vn -0.69475 0.69475 0.18616
vn -0.50859 0.69475 0.50859
vn -0.50859 0.69475 0.50859
vn -0.18616 0.69475 0.69475
vn -0.18616 0.69475 0.69475
vn 0.18616 0.69475 0.69475
vn 0.18616 0.69475 0.69475
vn 0.50859 0.69475 0.50859
vn 0.50859 0.69475 0.50859
vn 0.69475 0.69475 0.18616
vn 0.69475 0.69475 0.18616
vn 0.69475 0.69475 -0.18616
vn 0.69475 0.69475 -0.18616
vn 0.50859 0.69475 -0.50859
vn 0.50859 0.69474 -0.50859
vn 0.18616 0.69474 -0.69475
vn 0.18616 0.69475 -0.69475
vn -0.18616 0.69475 -0.69475
vn -0.18616 0.69474 -0.69475
vn -0.37349 0.84912 -0.37349
vn -0.13671 0.84912 -0.5102
vn -0.37349 0.84912 0.37349
vn 0.37349 0.84912 0.37349
vn 0.13671 0.84912 0.5102
vn -0.13671 0.84912 0.5102
vn 0.37349 0.84912 -0.37349
vn 0.13671 0.84912 -0.5102
vn -0.25882 0 -0.96593
vn -0.70711 -0 -0.70711
vn -0.70711 0 0.70711
vn -0.25882 0 0.96593
vn 0.25882 0 0.96593
vn 0.70711 0 0.70711
vn 0.70711 0 -0.70711
vn 0.25882 -0 -0.96593
vn -0.50859 0.69474 -0.50859
vn -0.50859 0.69475 -0.50859
vn -0.69475 0.69475 -0.18616
vn -0.69475 0.69475 -0.18616
vn -0.69475 0.69475 0.18616
vn -0.69475 0.69475 0.18616
vn -0.50859 0.69475 0.50859
vn -0.18616 0.69475 0.69475
vn -0.18616 0.69475 0.69475
vn 0.18616 0.69475 0.69475
vn 0.18616 0.69475 0.69475
vn 0.50859 0.69475 0.50859
vn 0.50859 0.69475 0.50859
vn 0.69475 0.69475 0.18616
vn 0.69475 0.69475 0.18616
vn 0.69475 0.69475 -0.18616
vn 0.69475 0.69475 -0.18616
vn 0.50859 0.69475 -0.50859
vn 0.18616 0.69474 -0.69475
vn 0.18616 0.69475 -0.69475
vn -0.18616 0.69475 -0.69475
vn -0.18616 0.69474 -0.69475
vn -0.3735 -0.84912 0.37349
vn -0.13671 -0.84912 0.5102
vn -0.3735 -0.84912 -0.37349
vn -0.5102 -0.84912 -0.13671
vn -0.5102 -0.84912 0.13671
vn 0.37349 -0.84912 -0.37349
vn 0.13671 -0.84912 -0.5102
vn -0.13671 -0.84912 -0.5102
vn 0.37349 -0.84912 0.37349
vn 0.5102 -0.84912 0.13671
vn 0.5102 -0.84912 -0.13671
vn 0.13671 -0.84912 0.5102
vn -0.70711 -0 0.70711
vn -0.96593 -0 -0.25882
vn 0.96593 0 0.25882
vn -0.50859 -0.69475 0.50859
vn -0.50859 -0.69475 0.50859
vn -0.69475 -0.69475 0.18616
vn -0.69475 -0.69475 0.18616
vn -0.69475 -0.69475 -0.18616
vn -0.69475 -0.69475 -0.18616
vn -0.50859 -0.69475 -0.50859
vn -0.50859 -0.69474 -0.50859
vn -0.18616 -0.69474 -0.69475
vn -0.18616 -0.69475 -0.69475
vn 0.18616 -0.69475 -0.69475
vn 0.18616 -0.69474 -0.69475
vn 0.50859 -0.69474 -0.50859
vn 0.50859 -0.69475 -0.50859
vn 0.69475 -0.69475 -0.18616
vn 0.69475 -0.69475 -0.18616
vn 0.69475 -0.69475 0.18616
vn 0.69475 -0.69475 0.18616
vn 0.50859 -0.69475 0.50859
vn 0.50859 -0.69475 0.50859
vn 0.18616 -0.69475 0.69475
vn 0.18616 -0.69475 0.69475
vn -0.18616 -0.69475 0.69475
vn -0.18616 -0.69475 0.69475
vn -0.37349 -0.84912 0.37349
vn -0.13671 -0.84912 0.5102
vn -0.37349 -0.84912 -0.37349
vn 0.3735 -0.84912 -0.37349
vn 0.13671 -0.84912 -0.5102
vn -0.13671 -0.84912 -0.5102
vn 0.3735 -0.84912 0.37349
vn 0.13671 -0.84912 0.5102
vn 0.70711 0 -0.70711
vn -0.50859 -0.69475 0.50859
vn -0.50859 -0.69475 0.50859
vn -0.69475 -0.69475 0.18616
vn -0.69475 -0.69475 0.18616
vn -0.69475 -0.69475 -0.18616
vn -0.69475 -0.69475 -0.18616
vn -0.50859 -0.69475 -0.50859
vn -0.18616 -0.69474 -0.69475
vn -0.18616 -0.69475 -0.69475
vn 0.18616 -0.69475 -0.69475
vn 0.18616 -0.69474 -0.69475
vn 0.50859 -0.69474 -0.50859
vn 0.50859 -0.69475 -0.50859
vn 0.69475 -0.69475 -0.18616
vn 0.69475 -0.69475 -0.18616
vn 0.69475 -0.69475 0.18616
vn 0.69475 -0.69475 0.18616
vn 0.50859 -0.69475 0.50859
vn 0.18616 -0.69475 0.69475
vn 0.18616 -0.69475 0.69475
vn -0.18616 -0.69475 0.69475
vn -0.18616 -0.69475 0.69475
vn -0.25882 -0.96593 -0
vn -0.70711 -0.70711 -0
vn -0.96593 -0.25882 -0
vn -0.96593 -0.25882 -0
vn -0.96593 0.25882 -0
vn -0.96593 0.25882 -0
vn -0.70711 0.70711 -0
vn -0.25882 0.96593 -0
vn 0.25882 0.96593 0
vn 0.70711 0.70711 0
vn 0.96593 0.25882 0
vn 0.96593 0.25882 0
vn 0.96593 -0.25882 0
vn 0.96593 -0.25882 0
vn 0.70711 -0.70711 0
vn 0.25882 -0.96593 0
vn -0.25882 -0.96593 -0
vn -0.25882 -0.96593 -0
vn -0.70711 -0.70711 -0
vn -0.96593 0.25882 -0
vn -0.70711 0.70711 -0
vn -0.25882 0.96593 -0
vn -0.25882 0.96593 -0
vn 0.25882 0.96593 0
vn 0.25882 0.96593 0
vn 0.70711 0.70711 0
vn 0.96593 0.25882 0
vn 0.70711 -0.70711 0
vn 0.25882 -0.96593 0
vn 0.25882 -0.96593 0
vn -0.96593 -0.25882 -0
vn -0.96593 -0.25882 -0
vn -0.96593 0.25882 -0
vn -0.96593 0.25882 -0
vn 0.25882 0.96593 0
vn 0.96593 0.25882 0
vn 0.96593 0.25882 0
vn 0.96593 -0.25882 0
vn 0.96593 -0.25882 0
vn 0.25882 -0.96593 0
vn -0.25882 -0.96593 -0
vn -0.25882 -0.96593 -0
vn -0.96593 -0.25882 -0
vn -0.25882 0.96593 -0
vn -0.25882 0.96593 -0
vn 0.25882 0.96593 0
vn 0.25882 0.96593 0
vn 0.96593 -0.25882 0
vn 0.25882 -0.96593 0
vn 0.25882 -0.96593 0
vn -0.97905 0.05948 -0.19474
vn -0.97905 -0.05948 -0.19475
vn -0.97905 -0.05948 -0.19474
vn -0.83041 -0.05045 -0.55486
vn -0.83041 -0.05045 -0.55486
vn -0.55525 -0.03373 -0.831
vn -0.55525 -0.03373 -0.831
vn -0.19508 -0.01185 -0.98072
vn -0.19508 -0.01185 -0.98072
vn -0.97905 0.05948 -0.19475
vn -0.83041 0.05045 -0.55486
vn -0.83041 0.05045 -0.55486
vn -0.55525 0.03373 -0.831
vn -0.55525 0.03373 -0.831
vn -0.19508 0.01185 -0.98072
vn -0.19508 0.01185 -0.98072
vn -0.31451 0.92944 -0.19293
vn -0.45003 0.33329 -0.82848
vn -0.06323 0.18686 -0.98035
vn -0.15853 0.11741 -0.98035
vn -0.15853 0.11741 -0.98035
vn -0.18637 0.06466 -0.98035
vn -0.49147 0.67432 -0.55113
vn -0.32985 0.45256 -0.82848
vn -0.32985 0.45257 -0.82848
vn -0.11619 0.15942 -0.98035
vn -0.67055 0.49661 -0.55113
vn -0.06323 0.18686 -0.98035
vn -0.14309 0.42285 -0.89483
vn -0.13998 0.54806 -0.82465
vn -0.19655 0.58083 -0.78994
vn -0.26746 0.79039 -0.55113
vn -0.16123 0.77693 -0.60859
vn -0.28812 0.85146 -0.43819
vn -0.19718 0.006 -0.98035
vn -0.55975 0.01703 -0.82848
vn -0.55975 0.01703 -0.82849
vn -0.83403 0.02537 -0.55113
vn -0.83403 0.02537 -0.55113
vn -0.98076 0.02983 -0.19293
vn -0.98076 0.02983 -0.19293
vn -0.52908 0.18355 -0.82848
vn -0.78832 0.27349 -0.55113
vn -0.78832 0.27349 -0.55113
vn -0.93057 0.32284 -0.17264
vn -0.94186 0.27425 -0.19413
vn -0.54026 0.826 -0.16077
vn -0.65482 0.73024 -0.19485
vn -0.78851 0.58397 -0.19293
vn -0.78851 0.58397 -0.19293
vn -0.88944 0.41343 -0.19485
vn -0.19718 0.006 -0.98035
vn -0.18637 0.06466 -0.98035
vn -0.52908 0.18355 -0.82848
vn -0.45003 0.33329 -0.82848
vn -0.67055 0.49661 -0.55113
vn -0.49147 0.67432 -0.55113
vn -0.57793 0.79295 -0.19293
vn -0.31451 0.92944 -0.19293
vn -0.88944 -0.41343 -0.19485
vn -0.19718 -0.006 -0.98035
vn -0.18637 -0.06466 -0.98035
vn -0.15853 -0.11741 -0.98035
vn -0.11619 -0.15942 -0.98035
vn -0.14309 -0.42285 -0.89483
vn -0.06323 -0.18686 -0.98035
vn -0.06323 -0.18686 -0.98035
vn -0.138 -0.59349 -0.79292
vn -0.1795 -0.53046 -0.82848
vn -0.25538 -0.75469 -0.60433
vn -0.21159 -0.81064 -0.54597
vn -0.28812 -0.85146 -0.43819
vn -0.31451 -0.92944 -0.19293
vn -0.31451 -0.92944 -0.19293
vn -0.65482 -0.73024 -0.19485
vn -0.11619 -0.15942 -0.98035
vn -0.32985 -0.45257 -0.82848
vn -0.32985 -0.45257 -0.82848
vn -0.49147 -0.67432 -0.55113
vn -0.49147 -0.67432 -0.55113
vn -0.58015 -0.796 -0.17264
vn -0.53697 -0.82096 -0.19413
vn -0.15853 -0.11741 -0.98035
vn -0.45003 -0.33329 -0.82848
vn -0.45003 -0.33329 -0.82848
vn -0.67055 -0.49661 -0.55113
vn -0.67055 -0.49661 -0.55113
vn -0.78851 -0.58397 -0.19293
vn -0.78851 -0.58397 -0.19293
vn -0.18637 -0.06466 -0.98035
vn -0.52908 -0.18355 -0.82848
vn -0.52908 -0.18355 -0.82848
vn -0.78833 -0.27349 -0.55113
vn -0.78832 -0.27349 -0.55113
vn -0.92701 -0.3216 -0.19293
vn -0.94764 -0.27593 -0.16077
vn -0.19718 -0.006 -0.98035
vn -0.55975 -0.01703 -0.82848
vn -0.55975 -0.01703 -0.82848
vn -0.83403 -0.02537 -0.55113
vn -0.83403 -0.02537 -0.55113
vn -0.98076 -0.02983 -0.19293
vn -0.98076 -0.02983 -0.19293
vn -0.17031 0.96588 -0.19509
vn -0.15574 0.88325 -0.44229
vn -0.15574 0.88325 -0.44229
vn -0.13776 0.7813 -0.60876
vn -0.10571 0.59951 -0.79335
vn -0.0768 0.43557 -0.89687
vn -0.03388 0.19213 -0.98079
vn -0.03388 0.19213 -0.98079
vn -0.03388 -0.19213 -0.98079
vn -0.03388 -0.19213 -0.98079
vn -0.0768 -0.43557 -0.89687
vn -0.10571 -0.59951 -0.79335
vn -0.13776 -0.7813 -0.60876
vn -0.15574 -0.88325 -0.44229
vn -0.15574 -0.88325 -0.44229
vn -0.17031 -0.96588 -0.19509
vn 0.5171 0.83354 -0.19447
vn 0.18957 0.05569 -0.98029
vn 0.16194 0.1132 -0.98029
vn 0.11742 0.15891 -0.98029
vn 0.06065 0.18805 -0.98029
vn -0.00552 0.44696 -0.89453
vn -0.00244 0.19757 -0.98029
vn -0.00244 0.19757 -0.98029
vn -0.0632 0.60644 -0.79262
vn -0.00693 0.5606 -0.82806
vn -0.00985 0.79715 -0.6037
vn -0.06591 0.83554 -0.54546
vn -0.01111 0.8991 -0.4376
vn -0.01212 0.9812 -0.19263
vn -0.01212 0.9812 -0.19263
vn 0.06065 0.18805 -0.98029
vn 0.1721 0.53358 -0.82806
vn 0.1721 0.53358 -0.82806
vn 0.25626 0.79453 -0.5505
vn 0.25626 0.79453 -0.5505
vn 0.30121 0.9339 -0.19263
vn 0.30121 0.9339 -0.19263
vn 0.11742 0.15891 -0.98029
vn 0.33317 0.45091 -0.82806
vn 0.33317 0.45091 -0.82806
vn 0.49612 0.67143 -0.5505
vn 0.49612 0.67143 -0.5505
vn 0.58314 0.7892 -0.19263
vn 0.65126 0.74637 -0.13706
vn 0.16194 0.1132 -0.98029
vn 0.4595 0.32122 -0.82806
vn 0.4595 0.32122 -0.82806
vn 0.68423 0.47831 -0.5505
vn 0.68423 0.47831 -0.5505
vn 0.80425 0.56221 -0.19263
vn 0.80425 0.56221 -0.19262
vn 0.18957 0.05569 -0.98029
vn 0.53791 0.15802 -0.82806
vn 0.53792 0.15802 -0.82806
vn 0.80099 0.2353 -0.5505
vn 0.80099 0.23531 -0.5505
vn 0.94149 0.27658 -0.19263
vn 0.94149 0.27658 -0.19263
vn -0.01212 -0.9812 -0.19263
vn 0.33317 -0.45091 -0.82806
vn -0.00244 -0.19757 -0.98029
vn 0.18957 -0.05569 -0.98029
vn 0.11742 -0.15891 -0.98029
vn 0.11742 -0.15891 -0.98029
vn 0.16194 -0.1132 -0.98029
vn 0.53791 -0.15802 -0.82806
vn 0.53792 -0.15802 -0.82806
vn 0.4595 -0.32122 -0.82806
vn 0.25626 -0.79453 -0.5505
vn 0.1721 -0.53358 -0.82806
vn 0.1721 -0.53358 -0.82806
vn 0.06065 -0.18805 -0.98029
vn 0.06065 -0.18805 -0.98029
vn 0.80099 -0.23531 -0.5505
vn 0.80099 -0.2353 -0.5505
vn 0.68423 -0.47831 -0.5505
vn 0.68423 -0.47831 -0.5505
vn 0.49612 -0.67143 -0.5505
vn -0.00244 -0.19757 -0.98029
vn -0.00552 -0.44696 -0.89453
vn -0.04729 -0.56416 -0.82431
vn -0.00758 -0.61377 -0.78945
vn -0.01031 -0.83477 -0.5505
vn -0.09987 -0.78739 -0.60832
vn -0.01111 -0.8991 -0.4376
vn 0.94149 -0.27658 -0.19263
vn 0.94149 -0.27658 -0.19263
vn 0.80425 -0.56221 -0.19263
vn 0.80425 -0.56221 -0.19262
vn 0.64491 -0.7391 -0.19447
vn 0.58597 -0.79304 -0.16651
vn 0.5171 -0.83354 -0.19447
vn 0.30121 -0.9339 -0.19263
vn 0.18957 -0.05569 -0.98029
vn 0.16194 -0.1132 -0.98029
vn 0.4595 -0.32122 -0.82806
vn 0.33317 -0.45091 -0.82806
vn 0.49612 -0.67143 -0.5505
vn 0.25626 -0.79453 -0.5505
vn 0.30121 -0.9339 -0.19263
vn -0.01212 -0.9812 -0.19263
vn 0.19459 -0.01606 -0.98075
vn 0.19509 -0.00402 -0.98078
vn 0.19459 0.01606 -0.98075
vn 0.18181 0.00374 -0.98333
vn 0.19459 0.01606 -0.98075
vn 0.55401 0.04574 -0.83125
vn 0.55401 0.04574 -0.83125
vn 0.82887 0.06843 -0.55525
vn 0.82887 0.06843 -0.55524
vn 0.97749 0.0807 -0.19493
vn 0.97749 0.0807 -0.19493
vn 0.19525 0 -0.98075
vn 0.5559 0 -0.83125
vn 0.83169 0 -0.55525
vn 0.98082 0 -0.19493
vn 0.19459 -0.01606 -0.98075
vn 0.55401 -0.04574 -0.83125
vn 0.55401 -0.04574 -0.83125
vn 0.82887 -0.06843 -0.55524
vn 0.82887 -0.06843 -0.55525
vn 0.97749 -0.0807 -0.19493
vn 0.97749 -0.0807 -0.19493
vn 0.91077 -0.41291 0.0033
vn 0.74773 -0.66401 0
vn 0.86389 -0.50364 -0.00627
vn 0.87421 -0.48443 -0.03296
vn 0.84119 -0.54073 0.0023
vn 0.78263 -0.62247 -0.00461
vn 0.79704 -0.60332 -0.02694
vn 0.77172 -0.63593 -0.00662
vn 0.93758 -0.34455 -0.04724
vn 0.92728 -0.37437 -0.00186
vn 0.96332 -0.26834 0.00108
vn 0.9711 -0.23726 -0.02611
vn 0.98005 -0.19873 -0.00109
vn 0.99523 -0.09752 0.00253
vn 0.99506 -0.09923 0
vn -0.7892 -0.61414 -0
vn -0.87951 -0.47589 -0
vn -0.94583 -0.32465 -0
vn -0.98637 -0.16457 -0
vn -0.98637 0.16457 -0
vn -0.94583 0.32465 -0
vn -0.87951 0.47589 -0
vn -0.7892 0.61414 -0
vn 0.19459 0.98088 0
vn 0.33238 0.94307 0.01197
vn 0.36334 0.93162 0.00816
vn 0.86326 0.50476 -0.00011
vn 0.79528 0.60624 0.00317
vn 0.73899 0.67364 0.01042
vn 0.6708 0.74163 0.00208
vn 0.50473 0.86327 -0.00128
vn 0.93465 0.35558 0.00034
vn 0.96975 0.24389 0.01006
vn 0.99267 0.12088 0
vn 0.25882 -0.96593 0
vn 0.13817 -0.98955 0.04134
vn 0.31959 -0.94753 0.0074
vn 0.45885 -0.88851 1E-05
vn 0.70711 -0.70711 -8E-05
vn 0.57508 -0.81688 0.04461
vn 0.67975 -0.73321 0.01817
vn 0.98974 -0.14288 0
vn 0.96582 -0.25879 0.01447
vn 0.91903 -0.39418 0
vn 0.80894 -0.58789 0
vn 0.8425 -0.51485 0.15853
vn -0.04128 -0.99915 -0
vn -0.2588 -0.96586 0.01125
vn -0.2062 -0.97816 0.02594
vn -0.35554 -0.93464 0.0056
vn -0.85329 -0.52144 -0
vn -0.78438 -0.62028 0.00257
vn -0.67003 -0.74204 0.02095
vn -0.70707 -0.70706 0.01091
vn -0.5467 -0.83733 -2E-05
vn -0.4582 -0.88885 1E-05
vn -0.91903 -0.39418 -0
vn -0.96582 -0.25879 0.01447
vn -0.98974 -0.14288 -0
vn -0.25882 0.96593 -0
vn -0.13817 0.98955 0.04134
vn -0.31959 0.94753 0.0074
vn -0.45885 0.88851 1E-05
vn -0.70711 0.70711 -8E-05
vn -0.57508 0.81688 0.04461
vn -0.67975 0.73321 0.01817
vn -0.98974 0.14288 -0
vn -0.96582 0.25879 0.01447
vn -0.91903 0.39418 -0
vn -0.80894 0.58789 -0
vn -0.8425 0.51485 0.15853
vn 0.27646 0.02508 0.9607
vn 0.28496 -0.02622 0.95818
vn 0.1477 -0.00784 0.989
vn 0.04005 0.00031 0.9992
vn 0.00295 0 1
vn 0.04005 -0.00031 0.9992
vn 0.14771 0.00784 0.989
vn 0.14941 0 0.98878
vn 0.14573 0.00062 0.98932
vn 0.34987 -0.00031 0.9368
vn 0.34245 1E-05 0.93954
vn 0.48286 -1E-05 0.8757
vn 0.47345 0.00045 0.88082
vn 0.61172 -0.00044 0.79107
vn 0.60215 2E-05 0.79838
vn 0.72027 -2E-05 0.69369
vn 0.89246 0 0.45112
vn 0.89246 0 0.45112
vn 0.81676 0 0.57697
vn 0.81676 0 0.57697
vn 0.72067 0 0.69328
vn -0 0.25882 0.96593
vn -0 0.70711 0.70711
vn -0 0.96593 0.25882
vn 0 0.96593 -0.25882
vn 0 0.70711 -0.70711
vn 0 0.25882 -0.96593
vn 0 -0.25882 -0.96593
vn 0 -0.70711 -0.70711
vn 0 -0.96593 -0.25882
vn -0 -0.96593 0.25882
vn -0 -0.70711 0.70711
vn -0 -0.25882 0.96593
vn -0.69475 0.50859 0.50859
vn -0.69475 0.50859 0.50859
vn -0.69475 0.69475 0.18616
vn -0.69475 0.69475 0.18616
vn -0.69475 0.69475 -0.18616
vn -0.69474 0.69475 -0.18616
vn -0.69474 0.50859 -0.50859
vn -0.69475 0.50859 -0.50859
vn -0.69475 0.18616 -0.69475
vn -0.69475 0.18616 -0.69475
vn -0.69475 -0.18616 -0.69475
vn -0.69475 -0.18616 -0.69475
vn -0.69475 -0.50859 -0.50859
vn -0.69475 -0.50859 -0.50859
vn -0.69475 -0.69475 -0.18616
vn -0.69475 -0.69475 -0.18616
vn -0.69475 -0.69475 0.18616
vn -0.69475 -0.69475 0.18616
vn -0.69475 -0.50859 0.50859
vn -0.69475 -0.18616 0.69475
vn -0.69475 -0.18616 0.69475
vn -0.69475 0.18616 0.69475
vn -0.69475 0.18616 0.69475
vn -0 0.25882 0.96593
vn -0 0.70711 0.70711
vn 0 0.70711 -0.70711
vn 0 0.25882 -0.96593
vn 0 -0.25882 -0.96593
vn 0 -0.70711 -0.70711
vn -0 -0.70711 0.70711
vn -0 -0.25882 0.96593
vn -0.69475 0.50859 0.50859
vn -0.69475 0.69475 0.18616
vn -0.69475 0.69475 0.18616
vn -0.69475 0.69475 -0.18616
vn -0.69475 0.69475 -0.18616
vn -0.69474 0.50859 -0.50859
vn -0.69475 0.18616 -0.69475
vn -0.69475 0.18616 -0.69475
vn -0.69475 -0.18616 -0.69475
vn -0.69475 -0.18616 -0.69475
vn -0.69475 -0.50859 -0.50859
vn -0.69474 -0.50859 -0.50859
vn -0.69474 -0.69475 -0.18616
vn -0.69475 -0.69475 -0.18616
vn -0.69475 -0.69475 0.18616
vn -0.69475 -0.69475 0.18616
vn -0.69475 -0.50859 0.50859
vn -0.69475 -0.18616 0.69475
vn -0.69475 -0.18616 0.69475
vn -0.69475 0.18616 0.69475
vn -0.69475 0.18616 0.69475
vn 0.87789 0 0.47886
vn 0.87817 -1E-05 0.47835
vn 0.76782 1E-05 0.64066
vn 0.7682 0 0.64021
vn 0.62717 0 0.77888
vn 0.62722 -0 0.77884
vn 0.46348 0 0.88611
vn 0.46099 3E-05 0.88741
vn 0.37937 0 0.92524
vn 0.27493 -0 0.96146
vn 0.27472 -0 0.96153
vn 0.08533 0 0.99635
vn 0.08508 0 0.99637
vn -0.88814 -0.38092 0.25712
vn -0.66235 -0.32966 0.67277
vn -0.63317 -0.32933 0.70046
vn -0.55695 -0.25953 0.78895
vn -0.82423 -0.50369 0.25874
vn -0.88582 -0.40638 0.224
vn -0.77844 -0.35712 0.51624
vn -0.74024 -0.3438 0.57779
vn -0.14221 -0.06524 0.98768
vn -0.26021 -0.16644 0.9511
vn -0.22833 -0.13864 0.96366
vn -0.37415 -0.17165 0.91134
vn -0.47026 -0.21574 0.85575
vn -0.95667 -0.13811 0.25634
vn -0.95667 -0.13811 0.25634
vn -0.70345 -0.10155 0.70345
vn -0.70345 -0.10155 0.70345
vn -0.25864 -0.03734 0.96525
vn -0.25864 -0.03734 0.96525
vn -0.96593 -0 0.25882
vn -0.7071 -0 0.70711
vn -0.25882 0 0.96593
vn -0.14221 0.06524 0.98768
vn -0.87855 0.40304 0.25634
vn -0.89731 0.38486 0.21616
vn -0.82423 0.50369 0.25874
vn -0.65213 0.34751 0.67377
vn -0.63528 0.32407 0.701
vn -0.74024 0.3438 0.57779
vn -0.77844 0.35712 0.51624
vn -0.95667 0.13811 0.25634
vn -0.95667 0.13811 0.25634
vn -0.70345 0.10155 0.70345
vn -0.70345 0.10155 0.70345
vn -0.25864 0.03734 0.96525
vn -0.25864 0.03734 0.96525
vn -0.55695 0.25953 0.78895
vn -0.47026 0.21574 0.85575
vn -0.23752 0.10896 0.96525
vn -0.33556 0.23263 0.91284
vn -0.26021 0.16644 0.9511
vn 0.96593 0 0.25882
vn 0.7071 0 0.70711
vn 0.25882 0 0.96593
vn 0.14221 -0.06524 0.98768
vn 0.87855 -0.40304 0.25634
vn 0.89731 -0.38486 0.21616
vn 0.82423 -0.50369 0.25874
vn 0.65213 -0.34751 0.67377
vn 0.63528 -0.32407 0.701
vn 0.74024 -0.3438 0.57779
vn 0.77844 -0.35712 0.51624
vn 0.95667 -0.13811 0.25634
vn 0.95667 -0.13811 0.25634
vn 0.70345 -0.10155 0.70345
vn 0.70345 -0.10155 0.70345
vn 0.25864 -0.03734 0.96525
vn 0.25864 -0.03734 0.96525
vn 0.55695 -0.25953 0.78895
vn 0.47026 -0.21574 0.85575
vn 0.23752 -0.10896 0.96525
vn 0.33556 -0.23263 0.91284
vn 0.26021 -0.16644 0.9511
vn 0.86603 -0.5 0
vn 0.86603 -0.5 -0
vn 0.86603 -0.5 0
vn 0.5 -0.86603 0
vn -0.5 -0.86603 -0
vn -0.86603 -0.5 -0
vn -0.86603 0.5 -0
vn -0.5 0.86603 -0
vn 0.5 0.86603 0
vn 0.86603 0.5 0
vn 0.25882 -0.96593 0
vn -0.25882 -0.96593 -0
vn -0.60876 -0.79335 -0
vn -0.70708 -0.70708 0.00852
vn -0.79335 -0.60876 -0
vn -0.99144 0.13053 -0
vn -0.92388 0.38268 -0
vn -0.58867 0.80837 -0
vn -0.60876 0.79335 -0.00132
vn -0.68915 0.72462 -0
vn -0.79335 0.60876 -0
vn -0.25882 0.96593 -0
vn 0.13052 0.99145 0
vn 0.38268 0.92388 0
vn 0.60876 0.79335 0
vn 0.70708 0.70708 0.00852
vn 0.79335 0.60876 0
vn 0.92388 0.38268 0
vn 0.99144 0.13053 0
vn 0.79335 -0.60876 0
vn 0.70708 -0.70708 0.00852
vn 0.60876 -0.79335 0
vn 0.96593 -0.25882 0
vn -0.56339 0.4323 -0.70406
vn -0.56339 0.43231 -0.70406
vn -0.4323 0.56339 -0.70406
vn -0.4323 0.56339 -0.70406
vn -0.35355 0.61237 -0.70711
vn -0.35355 0.61237 -0.70711
vn -0.61237 0.35355 -0.70711
vn -0.61237 0.35355 -0.70711
vn -0.18616 0.69475 -0.69475
vn -0.70406 0.09269 -0.70406
vn -0.65608 0.27176 -0.70406
vn -0.65608 0.27176 -0.70406
vn 0 0.70711 -0.70711
vn -0.70711 -0 -0.70711
vn 0.27176 0.65608 -0.70406
vn 0.17992 0.67148 -0.71885
vn 0.09269 0.70406 -0.70406
vn -0.69475 -0.18616 -0.69475
vn -0.69475 -0.18616 -0.69475
vn 0.35355 0.61237 -0.70711
vn 0.35355 0.61237 -0.70711
vn -0.61237 -0.35355 -0.70711
vn -0.61237 -0.35355 -0.70711
vn 0.4323 0.56339 -0.70406
vn 0.4323 0.56339 -0.70406
vn 0.56339 0.4323 -0.70406
vn 0.56339 0.43231 -0.70406
vn -0.4323 -0.56339 -0.70406
vn -0.4323 -0.56339 -0.70406
vn -0.56339 -0.4323 -0.70406
vn -0.56339 -0.43231 -0.70406
vn 0.61237 0.35355 -0.70711
vn 0.61237 0.35355 -0.70711
vn -0.35355 -0.61237 -0.70711
vn -0.35355 -0.61237 -0.70711
vn 0.70406 0.09269 -0.70406
vn 0.67148 0.17992 -0.71885
vn 0.65608 0.27176 -0.70406
vn -0.18616 -0.69475 -0.69475
vn 0.70711 0 -0.70711
vn 0 -0.70711 -0.70711
vn 0.69475 -0.18616 -0.69475
vn 0.69475 -0.18616 -0.69475
vn 0.18616 -0.69475 -0.69475
vn 0.61237 -0.35355 -0.70711
vn 0.61237 -0.35355 -0.70711
vn 0.35355 -0.61237 -0.70711
vn 0.35355 -0.61237 -0.70711
vn 0.56339 -0.4323 -0.70406
vn 0.56339 -0.43231 -0.70406
vn 0.4323 -0.56339 -0.70406
vn 0.4323 -0.56339 -0.70406
vn -0.08146 0.73308 -0.67525
vn 0.70969 0 -0.70451
vn 0.68907 0.16984 -0.70451
vn 0.68907 0.16984 -0.70451
vn 0.6284 0.32981 -0.70451
vn 0.6284 0.32981 -0.70451
vn 0.53121 0.47061 -0.70451
vn 0.53121 0.47061 -0.70451
vn 0.40315 0.58406 -0.70451
vn 0.40315 0.58406 -0.70451
vn 0.25166 0.66357 -0.70451
vn 0.25166 0.66357 -0.70451
vn 0.08554 0.70452 -0.70451
vn 0.08554 0.70451 -0.70451
vn -0.08554 0.70451 -0.70451
vn 0.81113 -0.2415 -0.53268
vn 0.69749 -0.11868 -0.7067
vn -0.16224 0.68826 -0.70709
vn -0.25166 0.66357 -0.70451
vn -0.25166 0.66357 -0.70451
vn -0.40315 0.58406 -0.70451
vn -0.40315 0.58406 -0.70451
vn -0.53121 0.47061 -0.70451
vn -0.53121 0.47061 -0.70451
vn -0.6284 0.32981 -0.70451
vn -0.6284 0.32981 -0.70451
vn -0.68907 0.16984 -0.70451
vn -0.68907 0.16984 -0.70451
vn -0.70969 -0 -0.70451
vn -0.70969 -0 -0.70451
vn -0.68907 -0.16984 -0.70451
vn -0.68907 -0.16984 -0.70451
vn -0.6284 -0.32981 -0.70451
vn -0.6284 -0.32981 -0.70451
vn -0.53121 -0.47061 -0.70451
vn -0.53121 -0.47061 -0.70451
vn -0.40315 -0.58406 -0.70451
vn -0.40315 -0.58406 -0.70451
vn -0.25166 -0.66357 -0.70451
vn -0.25166 -0.66357 -0.70451
vn -0.08554 -0.70452 -0.70451
vn -0.08554 -0.70451 -0.70451
vn 0.08554 -0.70451 -0.70451
vn 0.08554 -0.70452 -0.70451
vn 0.25166 -0.66357 -0.70451
vn 0.25166 -0.66357 -0.70451
vn 0.40315 -0.58406 -0.70451
vn 0.40315 -0.58406 -0.70451
vn 0.53121 -0.47061 -0.70451
vn 0.53121 -0.47061 -0.70451
vn 0.6284 -0.32981 -0.70451
vn 0.6284 -0.32981 -0.70451
vn 0.68907 -0.16984 -0.70451
vn 0.6767 -0.22897 -0.69975
vn 0.67669 -0.22897 -0.69976
vn 0.53152 -0.47731 -0.69976
vn 0.53152 -0.47731 -0.69976
vn 0.30016 -0.64826 -0.69976
vn 0.30016 -0.64826 -0.69975
vn 0.02013 -0.7141 -0.69975
vn 0.02013 -0.7141 -0.69976
vn -0.12279 -0.69636 -0.70711
vn -0.12279 -0.69636 -0.70711
vn 0.70644 0.0437 -0.70643
vn 0.70643 0.0437 -0.70643
vn 0.70643 -0.0437 -0.70643
vn 0.70644 -0.0437 -0.70643
vn -0.29784 -0.6538 -0.69558
vn -0.29784 -0.6538 -0.69559
vn -0.57735 -0.42758 -0.69559
vn -0.57735 -0.42758 -0.69559
vn -0.71223 -0.09426 -0.69559
vn -0.71223 -0.09426 -0.69559
vn 0.02013 0.7141 -0.69976
vn 0.02013 0.7141 -0.69975
vn 0.30016 0.64826 -0.69975
vn 0.30016 0.64826 -0.69976
vn 0.53152 0.47731 -0.69976
vn 0.53152 0.47731 -0.69976
vn 0.67669 0.22897 -0.69976
vn 0.6767 0.22898 -0.69975
vn -0.70645 -0.04292 -0.70646
vn -0.70646 -0.04292 -0.70646
vn -0.70646 0.04292 -0.70646
vn -0.70645 0.04292 -0.70646
vn -0.12279 0.69636 -0.70711
vn -0.12279 0.69636 -0.70711
vn -0.71223 0.09426 -0.69559
vn -0.71223 0.09426 -0.69559
vn -0.57735 0.42758 -0.69559
vn -0.57735 0.42758 -0.69559
vn -0.29784 0.6538 -0.69559
vn -0.29784 0.6538 -0.69558
vn -0.4668 0.25854 0.84572
vn -0.34189 0.7067 0.61942
vn -0.1252 0.96585 0.22684
vn -0.34189 0.7067 0.61942
vn -0.28737 0.70685 0.64636
vn -0.28737 0.70685 0.64636
vn -0.23727 0.70685 0.66638
vn -0.23727 0.70685 0.66638
vn -0.18579 0.70685 0.68253
vn -0.18579 0.70685 0.68253
vn -0.13323 0.70685 0.6947
vn -0.13323 0.70685 0.6947
vn -0.1252 0.96585 0.22684
vn -0.10522 0.96588 0.23666
vn -0.10522 0.96588 0.23666
vn -0.08687 0.96588 0.24399
vn -0.08687 0.96588 0.24399
vn -0.06803 0.96588 0.2499
vn -0.06803 0.96588 0.2499
vn -0.04878 0.96588 0.25436
vn -0.04878 0.96588 0.25436
vn -0.02925 0.96588 0.25734
vn -0.00753 0.98076 0.19507
vn -0.04999 0.89675 0.43971
vn -0.06879 0.79314 0.60515
vn -0.06528 0.70649 0.7047
vn -0.08964 0.60849 0.78849
vn -0.10132 0.44203 0.89126
vn -0.4668 0.25854 0.84572
vn -0.39243 0.25864 0.88267
vn -0.39243 0.25864 0.88267
vn -0.32401 0.25864 0.91001
vn -0.32401 0.25864 0.91001
vn -0.25372 0.25864 0.93206
vn -0.25372 0.25864 0.93206
vn -0.18194 0.25864 0.94868
vn -0.18194 0.25864 0.94868
vn -0.09807 0.25852 0.96102
vn -0.11079 0.19495 0.97454
vn -0.83488 0.38925 0.38919
vn -0.80032 0.29347 0.52285
vn -0.71614 0.1188 0.68778
vn -0.75573 0.62853 0.18391
vn -0.81623 0.56146 0.13609
vn -0.84469 0.50784 0.16911
vn -0.58561 0.8083 0.06093
vn -0.59402 0.77418 0.2186
vn -0.70479 0.69609 0.13687
vn -0.56293 0.8129 0.14933
vn -0.4753 0.85393 0.21187
vn -0.38265 0.90911 0.16465
vn -0.2896 0.92993 0.22663
vn -0.18874 0.96404 0.18712
vn -0.83768 0.34384 0.42434
vn -0.77202 0.41883 0.47808
vn -0.75986 0.46268 0.45667
vn -0.69523 0.51054 0.50597
vn -0.67218 0.55702 0.48775
vn -0.59531 0.59262 0.54259
vn -0.55889 0.64332 0.52324
vn -0.47032 0.66277 0.58269
vn -0.42297 0.70575 0.56835
vn -0.71655 0.12161 0.68686
vn -0.69018 0.15089 0.70773
vn -0.69053 0.15692 0.70608
vn -0.65339 0.18416 0.73428
vn -0.65219 0.19364 0.7329
vn -0.60605 0.21491 0.76584
vn -0.60189 0.22978 0.7648
vn -0.54846 0.24119 0.80064
vn -0.53923 0.25862 0.80147
vn -0.52155 0.12361 0.84422
vn -0.72946 0.19264 0.65633
vn -0.82108 0.14937 0.55093
vn -0.59505 0.18933 0.78107
vn -0.44546 0.04701 0.89407
vn -0.08751 0.14914 0.98494
vn -0.35558 0.00891 0.9346
vn -0.41788 -0.02801 0.90807
vn -0.70338 0.66358 0.25479
vn -0.80539 0.4287 0.40935
vn -0.77425 0.3653 0.51681
vn -0.76682 0.33876 0.54519
vn -0.57518 0.2975 0.76201
vn -0.0885 0 0.99608
vn -0.1705 -0.00181 0.98536
vn -0.41804 0.00349 0.90842
vn -0.49168 -0 0.87078
vn 0.80478 0.28642 0.5199
vn 0.72008 0.12083 0.68329
vn 0.83993 0.54268 0.00444
vn 0.82864 0.53343 0.16971
vn 0.83766 0.38517 0.38725
vn 0.71947 0.11825 0.68439
vn 0.68863 0.15256 0.70889
vn 0.69207 0.15575 0.70483
vn 0.65034 0.18631 0.73644
vn 0.6551 0.19223 0.73068
vn 0.6126 0.212 0.76143
vn 0.61796 0.21734 0.75558
vn 0.56736 0.23289 0.78985
vn 0.57375 0.24624 0.78113
vn 0.83937 0.34167 0.42275
vn 0.75839 0.43251 0.48762
vn 0.77217 0.45244 0.44616
vn 0.6766 0.52276 0.51859
vn 0.68878 0.5481 0.47453
vn 0.59433 0.59302 0.54323
vn 0.6086 0.60981 0.50769
vn 0.49959 0.64261 0.58092
vn 0.50762 0.67752 0.53225
vn 0.83357 0.53907 0.1207
vn 0.72823 0.65451 0.20324
vn 0.72861 0.67489 0.11686
vn 0.59402 0.77418 0.2186
vn 0.59102 0.7965 0.12761
vn 0.46053 0.85951 0.22173
vn 0.4708 0.86942 0.14983
vn 0.32387 0.91277 0.2489
vn 0.31715 0.93647 0.14977
vn 0.56169 0.36551 0.74223
vn 0.5697 0.42623 0.70268
vn 0.11202 0.07725 0.9907
vn 0.21035 0.20826 0.95519
vn 0.19797 0.17833 0.96385
vn 0.38567 0.23919 0.89109
vn 0.44268 0.27424 0.85371
vn 0.71115 0.43154 0.55502
vn 0.78019 0.47364 0.40862
vn 0.77849 0.57303 0.25611
vn 0.84904 0.50281 0.1622
vn 0.86325 0.50475 -0.00486
vn 0.90324 0.34363 0.25705
vn 0.90324 0.34363 0.25705
vn 0.66332 0.25236 0.7045
vn 0.66332 0.25236 0.7045
vn 0.24357 0.09266 0.96545
vn 0.24357 0.09266 0.96545
vn 0.95931 0.11682 0.25705
vn 0.95931 0.11682 0.25705
vn 0.7045 0.08579 0.7045
vn 0.7045 0.08579 0.7045
vn 0.25869 0.0315 0.96545
vn 0.25869 0.0315 0.96545
vn 0.63225 0 0.77477
vn 0.6417 0.00374 0.76694
vn 0.86189 -0.00357 0.50709
vn 0.8825 0.01099 0.47018
vn 0.98427 -0.01057 0.17633
vn 0.98831 0 0.15248
vn 0.198 0.9802 0
vn 0.85008 0.52632 0.01886
vn 0.9863 0.16425 -0.0151
vn 0.98297 0.18374 0
vn 0.27369 0.96173 -0.01313
vn 0.39669 0.91795 0.00293
vn 0.60265 0.79798 -0.00617
vn 0.64339 0.7655 0.00808
vn 0.87525 0.48356 -0.01065
vn 0.98447 -0.027 0.17348
vn 0.99394 0.07771 0.07771
vn 0.8885 0.03044 0.45787
vn 0.92431 0.15087 0.35054
vn 0.93183 0.25661 0.25661
vn 0.89225 0.4509 0.02414
vn 0.91625 0.36471 0.16573
vn 0.68216 0.12188 0.72098
vn 0.72821 0.22214 0.64835
vn 0.75743 0.46168 0.46168
vn 0.75743 0.46168 0.46168
vn 0.695 0.71007 0.11302
vn 0.71057 0.66213 0.23805
vn 0.98447 0.17348 -0.027
vn 0.31048 0.91554 0.2557
vn 0.30811 0.93848 0.15595
vn 0.47637 0.64409 0.59852
vn 0.48606 0.681 0.54771
vn 0.53423 0.23007 0.81343
vn 0.5438 0.24932 0.80132
vn 0.47523 0.84608 0.24147
vn 0.48136 0.8627 0.15503
vn 0.56616 0.58287 0.58286
vn 0.58278 0.61084 0.53595
vn 0.544 0.2058 0.81345
vn 0.55782 0.22265 0.79954
vn -0.81427 -0.58037 0.01137
vn -0.80995 -0.58598 0.02477
vn -0.77825 -0.54277 0.3158
vn -0.78029 -0.54789 0.30159
vn -0.82015 -0.57199 0.0134
vn -0.68887 -0.49441 0.53011
vn -0.68431 -0.50121 0.52963
vn -0.75715 -0.54527 0.35972
vn -0.75596 -0.56694 0.32727
vn -0.75845 -0.56328 0.32781
vn -0.65784 -0.45692 0.59873
vn -0.66149 -0.46402 0.58916
vn -0.65477 -0.46197 0.59821
vn -0.65415 -0.47364 0.5897
vn -0.65242 -0.47617 0.58958
vn -0.74386 -0.51879 0.42135
vn -0.74386 -0.51879 0.42135
vn -0.72138 -0.51546 0.46251
vn -0.72705 -0.50706 0.46291
vn -0.7207 -0.50578 0.4741
vn -0.72218 -0.50367 0.4741
vn -0.72689 -0.50354 0.46699
vn -0.75801 -0.45744 0.46495
vn -0.68217 -0.42176 0.59729
vn -0.56489 -0.63026 0.53261
vn -0.7833 -0.34179 0.51925
vn -0.77924 -0.34792 0.52128
vn -0.80872 -0.27465 0.52014
vn -0.81323 -0.26297 0.51913
vn -0.81486 -0.25808 0.51904
vn -0.83338 -0.19701 0.5164
vn -0.83905 -0.15028 0.52288
vn -0.85364 -0.09365 0.51237
vn -0.85832 -0.02144 0.51266
vn -0.85841 -0.02021 0.51257
vn -0.85858 -0 0.51268
vn -0.8538 -0.00219 0.5206
vn -0.68241 0.00183 0.73097
vn -0.61944 -0.01457 0.78491
vn -0.50613 0.00158 0.86246
vn -0.38482 -0.00133 0.92299
vn -0.26934 -0.01341 0.96295
vn -0.20918 0 0.97788
vn -0.09209 0 0.99575
vn -0.21928 0.00684 0.97564
vn -0.2565 0.004 0.96654
vn -0.77181 0 0.63585
vn -0.69431 0.00015 0.71968
vn -0.61565 0.00659 0.78799
vn -0.52216 3E-05 0.85285
vn -0.37743 -2E-05 0.92604
vn -0.50089 -0.32576 0.80187
vn -0.17733 -0.1159 0.9773
vn -0.51201 -0.31473 0.79925
vn -0.54264 -0.26015 0.79866
vn -0.55616 -0.24958 0.79272
vn -0.57434 -0.2005 0.79369
vn -0.59566 -0.15393 0.78835
vn -0.59546 -0.15216 0.78884
vn -0.61283 -0.05291 0.78844
vn -0.62144 -0.07367 0.77999
vn -0.61559 -0.01574 0.78791
vn -0.18094 -0.11304 0.97698
vn -0.19246 -0.09281 0.97691
vn -0.19739 -0.09031 0.97616
vn -0.20869 -0.05847 0.97623
vn -0.21184 -0.05596 0.9757
vn -0.21816 -0.02049 0.9757
vn -0.21924 -0.01936 0.97548
vn -0.23309 -0.17337 0.95688
vn -0.3361 -0.24381 0.90972
vn -0.33611 -0.24381 0.90972
vn -0.11998 -0.2253 0.96687
vn -0.1571 -0.11119 0.9813
vn -0.11633 -0.08501 0.98957
vn -0.67656 -0.4754 0.56237
vn -0.6688 -0.48618 0.56244
vn -0.78558 -0.55569 0.27215
vn -0.53946 -0.38076 0.751
vn -0.59078 -0.4391 0.67689
vn -0.65701 -0.47545 0.58505
vn -0.67178 -0.47863 0.56535
vn -0.53961 -0.38275 0.74989
vn -0.54216 -0.37916 0.74987
vn -0.4853 -0.34859 0.80185
vn -0.17347 -0.12156 0.97731
vn -0.11231 -0.0906 0.98953
vn -0.34621 -0.23837 0.90737
vn -0.33822 -0.24951 0.90739
vn -0.44746 -0.32229 0.83421
vn -0.43794 -0.33524 0.83416
vn -0.53239 -0.36453 0.76398
vn -0.50485 -0.33083 0.7973
vn -0.56651 -0.41336 0.71288
vn -0.29952 -0.21 0.93069
vn -0.21879 -0.13405 0.96652
vn -0.1099 -0.07796 0.99088
vn -0.20745 -0.15031 0.96663
vn -0.83655 -0.5123 0.19426
vn -0.84213 -0.50335 0.19354
vn -0.33516 -0.91467 0.22595
vn -0.22505 -0.13111 0.96549
vn -0.48494 -0.36801 0.79335
vn -0.13639 -0.80229 0.58115
vn -0.66135 -0.43909 0.60813
vn -0.7153 -0.54104 0.44229
vn -0.1506 -0.2287 0.96178
vn -0.1389 -0.13982 0.98039
vn -0.09309 -0.17371 0.98039
vn -0.09309 -0.17371 0.98039
vn -0.0395 -0.19308 0.98039
vn -0.0395 -0.19308 0.98039
vn 0.01739 -0.19631 0.98039
vn 0.01739 -0.19631 0.98039
vn 0.07283 -0.18313 0.98039
vn 0.07283 -0.18313 0.98039
vn -0.5613 -0.56503 0.60471
vn -0.43188 -0.43475 0.79023
vn -0.42459 -0.37195 0.82545
vn -0.26433 -0.49327 0.82874
vn -0.26433 -0.49327 0.82874
vn -0.11216 -0.54827 0.82874
vn -0.11216 -0.54827 0.82874
vn 0.04939 -0.55744 0.82874
vn 0.04939 -0.55744 0.82874
vn 0.20681 -0.52001 0.82874
vn 0.20681 -0.52001 0.82874
vn -0.6915 -0.69609 0.19312
vn -0.63338 -0.63758 0.43854
vn -0.62511 -0.55647 0.54734
vn -0.394 -0.73525 0.55152
vn -0.394 -0.73525 0.55152
vn -0.16718 -0.81724 0.55152
vn -0.16718 -0.81724 0.55152
vn 0.07362 -0.83091 0.55152
vn 0.07362 -0.83091 0.55152
vn 0.30826 -0.77511 0.55152
vn 0.30826 -0.77511 0.55152
vn -0.6915 -0.69609 0.19312
vn -0.46344 -0.86483 0.19312
vn -0.46344 -0.86483 0.19312
vn -0.19664 -0.96127 0.19312
vn -0.19664 -0.96127 0.19312
vn 0.08659 -0.97735 0.19312
vn 0.08659 -0.97735 0.19312
vn 0.36259 -0.91172 0.19312
vn 0.36259 -0.91172 0.19312
vn 0.19498 -0.03438 0.98021
vn 0.12726 -0.15166 0.98021
vn 0.12726 -0.15166 0.98021
vn 0.3609 -0.4301 0.82751
vn 0.3609 -0.4301 0.82751
vn 0.53696 -0.63993 0.5497
vn 0.53696 -0.63993 0.54969
vn 0.6308 -0.75176 0.19224
vn 0.17146 -0.09899 0.98021
vn 0.17146 -0.09899 0.98021
vn 0.48623 -0.28073 0.82751
vn 0.48623 -0.28073 0.82751
vn 0.72345 -0.41768 0.54969
vn 0.72345 -0.41768 0.5497
vn 0.19498 -0.03438 0.98021
vn 0.44095 -0.07775 0.89416
vn 0.56213 -0.06612 0.8244
vn 0.60529 -0.10673 0.78882
vn 0.82267 -0.14506 0.5497
vn 0.79139 -0.07038 0.60725
vn 0.88586 -0.1562 0.43686
vn 0.6308 -0.75176 0.19224
vn 0.84987 -0.49067 0.19224
vn 0.84987 -0.49068 0.19224
vn 0.96644 -0.17041 0.19224
vn 0.96644 -0.17041 0.19224
vn 1 0 0.00165
vn 0.99817 5E-05 0.06051
vn 0.60876 4E-05 0.79335
vn 0.56653 0.00407 0.82403
vn 0.79334 -0.00584 0.60875
vn 0.64954 0.01662 0.76015
vn 0.76227 0.00166 0.64725
vn 0.85651 0 0.51613
vn 0.89687 -1E-05 0.44229
vn 0.8841 0.00101 0.4673
vn 0.98078 -0.00346 0.19509
vn 0.94829 0.01179 0.31718
vn 0.98666 0.0031 0.16278
vn 0.19509 0 0.98079
vn 0.126 0.00823 0.992
vn 0.44228 -0.00569 0.89686
vn 0.36535 0.00115 0.93087
vn 0.48797 -0 0.87286
vn -0.66389 -0.23136 0.71114
vn -0.68143 -0.03158 0.7312
vn -0.32352 0.70937 0.6262
vn -0.2175 0.83108 0.51187
vn -0.00812 0.95204 0.30587
vn -0.04049 0.96459 0.26062
vn -0.16645 0.94642 0.27674
vn -0.61801 0.27548 0.73633
vn -0.62026 0.19467 0.75985
vn -0.4549 0.19336 0.8693
vn -0.47511 0.34471 0.8096
vn -0.37744 0.19487 0.9053
vn -0.20523 0.19336 0.95942
vn -0.20523 0.19337 0.95942
vn -0.18794 0.43901 0.8786
vn -0.18691 0.55279 0.81209
vn -0.38214 0.55233 0.74088
vn -0.39059 0.5388 0.74642
vn -0.43737 0.54769 0.71326
vn -0.53232 0.47521 0.70058
vn -0.02898 0.98068 0.19344
vn -0.04536 0.9762 0.21205
vn -0.09321 0.89524 0.43572
vn -0.13036 0.82989 0.54248
vn -0.12808 0.79063 0.59875
vn -0.16652 0.60523 0.77844
vn 0.49168 0 0.87078
vn 0.41804 -0.00349 0.90842
vn 0.1705 0.00181 0.98536
vn 0.0885 0 0.99608
vn 0.52155 -0.12361 0.84422
vn 0.72946 -0.19264 0.65633
vn 0.82108 -0.14937 0.55093
vn 0.59505 -0.18933 0.78107
vn 0.44546 -0.04701 0.89407
vn 0.08751 -0.14914 0.98494
vn 0.35558 -0.00891 0.9346
vn 0.41788 0.02801 0.90807
vn 0.70338 -0.66358 0.25479
vn 0.80539 -0.4287 0.40935
vn 0.77425 -0.3653 0.51681
vn 0.76682 -0.33876 0.54519
vn 0.57518 -0.2975 0.76201
vn 0.83488 -0.38925 0.38919
vn 0.80032 -0.29347 0.52285
vn 0.71614 -0.1188 0.68778
vn 0.75573 -0.62853 0.18391
vn 0.81623 -0.56146 0.13609
vn 0.84469 -0.50784 0.16911
vn 0.58561 -0.8083 0.06093
vn 0.59402 -0.77418 0.2186
vn 0.70479 -0.69609 0.13687
vn 0.56293 -0.8129 0.14933
vn 0.4753 -0.85393 0.21187
vn 0.38265 -0.90911 0.16465
vn 0.2896 -0.92993 0.22663
vn 0.18874 -0.96404 0.18712
vn 0.83768 -0.34384 0.42434
vn 0.77202 -0.41883 0.47808
vn 0.75986 -0.46268 0.45667
vn 0.69523 -0.51054 0.50597
vn 0.67218 -0.55702 0.48775
vn 0.59531 -0.59262 0.54259
vn 0.55889 -0.64332 0.52324
vn 0.47032 -0.66277 0.58269
vn 0.42297 -0.70575 0.56835
vn 0.71655 -0.12161 0.68686
vn 0.69018 -0.15089 0.70773
vn 0.69053 -0.15692 0.70608
vn 0.65339 -0.18416 0.73428
vn 0.65219 -0.19364 0.7329
vn 0.60605 -0.21491 0.76584
vn 0.60189 -0.22978 0.7648
vn 0.54846 -0.24119 0.80064
vn 0.53923 -0.25862 0.80147
vn 0.26602 -0.70678 0.65551
vn 0.09741 -0.96587 0.24003
vn 0.4909 -0.25877 0.8319
vn 0.45042 -0.12433 0.88412
vn 0.09741 -0.96587 0.24003
vn 0.07651 -0.96587 0.24748
vn 0.07651 -0.96587 0.24748
vn 0.05506 -0.96587 0.25312
vn 0.05506 -0.96587 0.25312
vn 0.0332 -0.96587 0.25691
vn 0.0332 -0.96587 0.2569
vn 0.01109 -0.96587 0.2588
vn 0.01109 -0.96587 0.2588
vn -0.01109 -0.96587 0.2588
vn -0.01109 -0.96587 0.2588
vn -0.0332 -0.96587 0.2569
vn -0.0332 -0.96587 0.25691
vn -0.05506 -0.96587 0.25312
vn -0.05506 -0.96587 0.25312
vn -0.07651 -0.96587 0.24748
vn -0.07651 -0.96587 0.24748
vn -0.09741 -0.96587 0.24003
vn -0.09741 -0.96587 0.24003
vn -0.11759 -0.96587 0.23081
vn -0.11759 -0.96587 0.23081
vn -0.13156 -0.96591 0.22294
vn -0.13156 -0.96591 0.22294
vn 0.26602 -0.70678 0.65551
vn 0.20895 -0.70678 0.67587
vn 0.20895 -0.70678 0.67587
vn 0.15036 -0.70678 0.69127
vn 0.15036 -0.70678 0.69127
vn 0.09066 -0.70678 0.7016
vn 0.09066 -0.70678 0.7016
vn 0.03029 -0.70678 0.70678
vn 0.03029 -0.70678 0.70678
vn -0.03029 -0.70678 0.70678
vn -0.03029 -0.70678 0.70678
vn -0.09066 -0.70678 0.7016
vn -0.09066 -0.70678 0.7016
vn -0.15036 -0.70678 0.69127
vn -0.15036 -0.70678 0.69127
vn -0.20895 -0.70678 0.67587
vn -0.20895 -0.70678 0.67587
vn -0.26602 -0.70678 0.65551
vn -0.26602 -0.70678 0.65551
vn -0.32113 -0.70678 0.63034
vn -0.32113 -0.70678 0.63034
vn -0.35939 -0.70704 0.60904
vn -0.35939 -0.70704 0.60904
vn 0.12209 -0.9658 0.22874
vn 0.12209 -0.9658 0.22874
vn 0.33327 -0.70643 0.62441
vn 0.33327 -0.70643 0.62441
vn 0.45488 -0.25836 0.85225
vn 0.36324 -0.2586 0.89509
vn 0.36324 -0.2586 0.89509
vn 0.28532 -0.2586 0.92289
vn 0.28532 -0.2586 0.92289
vn 0.20531 -0.2586 0.94391
vn 0.20531 -0.2586 0.94391
vn 0.12379 -0.2586 0.95802
vn 0.12379 -0.2586 0.95802
vn 0.04136 -0.2586 0.9651
vn 0.04136 -0.2586 0.9651
vn -0.04136 -0.2586 0.9651
vn -0.04136 -0.2586 0.9651
vn -0.12379 -0.2586 0.95802
vn -0.12379 -0.2586 0.95802
vn -0.20531 -0.2586 0.94391
vn -0.20531 -0.2586 0.94391
vn -0.28532 -0.2586 0.92289
vn -0.28532 -0.2586 0.92289
vn -0.36324 -0.2586 0.89509
vn -0.36324 -0.2586 0.89509
vn -0.4385 -0.2586 0.86072
vn -0.4385 -0.2586 0.86072
vn -0.4909 -0.25877 0.8319
vn -0.4909 -0.25877 0.8319
vn -0.79582 -0.29985 0.52608
vn -0.19328 -0.9637 0.18421
vn -0.41397 -0.70618 0.5744
vn -0.5283 -0.25873 0.80868
vn -0.16592 -0.95584 0.24258
vn -0.30808 -0.93933 0.15081
vn -0.31449 -0.91584 0.24968
vn -0.46463 -0.87294 0.14862
vn -0.45643 -0.86116 0.22378
vn -0.56223 -0.81342 0.14914
vn -0.56118 -0.81345 0.1529
vn -0.65487 -0.7346 0.17751
vn -0.72214 -0.68047 0.12435
vn -0.71723 -0.66778 0.19915
vn -0.82323 -0.55597 0.11483
vn -0.81765 -0.54398 0.1885
vn -0.39448 -0.69182 0.60479
vn -0.5012 -0.68062 0.53437
vn -0.49321 -0.64569 0.58295
vn -0.60497 -0.6132 0.50793
vn -0.59123 -0.59448 0.54501
vn -0.68925 -0.54811 0.47382
vn -0.67722 -0.52185 0.5187
vn -0.7667 -0.45629 0.45164
vn -0.75303 -0.44175 0.48765
vn -0.82545 -0.36578 0.42993
vn -0.84135 -0.37998 0.38438
vn -0.5205 -0.25208 0.81581
vn -0.57081 -0.24763 0.78285
vn -0.5644 -0.2341 0.79161
vn -0.61649 -0.21868 0.75638
vn -0.61104 -0.21274 0.76248
vn -0.6554 -0.1922 0.73042
vn -0.65059 -0.18609 0.73627
vn -0.68932 -0.1576 0.70711
vn -0.68612 -0.15512 0.71076
vn -0.71543 -0.12459 0.68749
vn -0.7132 -0.12322 0.69005
vn -0.72946 -0.19264 0.65633
vn -0.59505 -0.18933 0.78107
vn -0.40013 0.07264 0.91358
vn -0.08751 -0.14914 0.98494
vn -0.41789 0.02656 0.90811
vn -0.44546 -0.04701 0.89407
vn -0.52155 -0.12361 0.84422
vn -0.82108 -0.14937 0.55093
vn -0.57518 -0.2975 0.76201
vn -0.76682 -0.33876 0.54519
vn -0.77425 -0.3653 0.51681
vn -0.80539 -0.4287 0.40935
vn -0.70338 -0.66358 0.25479
vn -0.1705 0 0.98536
vn -0.0885 0.00349 0.99607
vn -0.49167 -0.00514 0.87077
vn -0.41804 0 0.90843
vn -0 0.70711 0.70711
vn -0.35022 0.70187 0.62026
vn -0.12145 0.70187 0.70187
vn -0.12145 0.70187 0.70187
vn -0.39981 0.70581 0.5848
vn -0.39981 0.70581 0.5848
vn -0.29425 0.70581 0.6444
vn -0.29425 0.70581 0.6444
vn -0.18007 0.70581 0.68514
vn -0.18007 0.70581 0.68514
vn -0.06061 0.70581 0.70581
vn -0.06061 0.70581 0.70581
vn 0.06061 0.70581 0.70581
vn 0.06061 0.70581 0.70581
vn 0.18007 0.70581 0.68514
vn 0.18007 0.70581 0.68514
vn 0.29425 0.70581 0.6444
vn 0.29425 0.70581 0.6444
vn 0.39981 0.70581 0.5848
vn 0.39981 0.70581 0.5848
vn 0.12145 0.70187 0.70187
vn 0.12145 0.70187 0.70187
vn 0.35022 0.70187 0.62026
vn -0 -0.70711 0.70711
vn -0.12145 -0.70187 0.70187
vn -0.12145 -0.70187 0.70187
vn -0.35022 -0.70187 0.62026
vn -0.10676 -0.70608 0.70004
vn -0.10676 -0.70608 0.70004
vn -0.21192 -0.70608 0.67568
vn -0.21192 -0.70608 0.67568
vn -0.31215 -0.70608 0.63563
vn -0.31215 -0.70608 0.63563
vn -0.40513 -0.70608 0.5808
vn -0.40513 -0.70608 0.5808
vn 0.44425 -0.68403 0.57858
vn 0.43634 -0.70663 0.55703
vn 0.37576 -0.70662 0.59958
vn 0.37576 -0.70662 0.59958
vn -0.57004 -0.74447 0.34758
vn -0.62265 -0.70037 0.34898
vn -0.44234 -0.70012 0.56051
vn -0.44234 -0.70012 0.56051
vn -0.19234 -0.70012 0.68763
vn -0.19234 -0.70012 0.68763
vn 0.7015 -0.7015 0.12567
vn 0.7015 -0.7015 0.12567
vn 0.61424 -0.7015 0.36139
vn 0.61424 -0.7015 0.36139
vn 0.45058 -0.7015 0.55215
vn 0.45058 -0.7015 0.55215
vn 0.70711 -0.70711 0
vn 0.9073 -0.42048 -0
vn 0.87899 -0.47684 0
vn 0.86434 -0.50292 9E-05
vn 0.86396 -0.50356 3E-05
vn 0.7955 -0.60595 0
vn 0.76923 -0.6388 0.01497
vn 0.79181 -0.61072 0.00765
vn 0.80841 -0.5886 0.00364
vn 0.83351 -0.5525 -2E-05
vn 0.89997 -0.43594 0.00301
vn 0.93516 -0.35422 -0.00134
vn 0.95234 -0.30504 0.00264
vn 0.96034 -0.27882 0
vn 0.97655 -0.21529 0
vn 0.99229 -0.12367 -0.00801
vn 0.99568 -0.09286 0
vn 0.7568 0.65365 0
vn 0.79549 0.60594 0.00642
vn 0.79177 0.61078 0.00766
vn 0.80836 0.58868 0.00365
vn 0.99568 0.09286 0
vn 0.99229 0.12367 -0.00801
vn 0.97655 0.21529 0
vn 0.96034 0.27882 0
vn 0.95234 0.30504 0.00264
vn 0.93512 0.35433 -0.00135
vn 0.9073 0.42048 0.00218
vn 0.89976 0.43638 0
vn 0.86434 0.50292 0
vn 0.86448 0.50266 3E-05
vn 0.8335 0.55251 -2E-05
vn -0.7955 0.60595 -0
vn -0.81362 0.5808 -0.0263
vn -0.86434 0.50292 -0
vn -0.9073 0.42048 -0
vn -0.93104 0.36324 -0.03507
vn -0.95234 0.30504 -0
vn -0.97655 0.21529 -0
vn -0.99198 0.12363 -0.0263
vn -0.99568 0.09286 -0
vn -0.99568 -0.09286 -0
vn -0.99198 -0.12363 -0.0263
vn -0.97655 -0.21529 -0
vn -0.95234 -0.30504 -0
vn -0.93104 -0.36324 -0.03507
vn -0.9073 -0.42048 -0
vn -0.86434 -0.50292 -0
vn -0.81362 -0.5808 -0.0263
vn -0.7955 -0.60595 -0
vn 0.96593 0.25882 0
vn 0.98078 0.19509 -0.00442
vn 0.79335 0.60875 0.00333
vn 0.83147 0.55557 0
vn 0.60876 0.79335 0
vn 0.55557 0.83147 0.00223
vn 0.25882 0.96592 -0.00333
vn 0.19509 0.98079 0
vn 0.25882 -0.96593 0
vn 0.70711 -0.7071 0
vn 0.96593 -0.25882 0
vn -0.96593 0.25882 -0
vn -0.70711 0.7071 -0
vn -0.25882 0.96593 -0
vn -0.25882 -0.96593 -0
vn -0.70711 -0.7071 -0
vn -0.96593 -0.25882 -0
vn -0.70711 -0.70711 -0
vn 0.70711 -0.70711 0
vn 0.70711 0.70711 0
vn -0.70711 0.70711 -0
vn -0.50859 0.50859 0.69475
vn -0.50859 0.50859 0.69475
vn -0.69475 0.18616 0.69475
vn -0.69475 0.18616 0.69475
vn -0.69475 -0.18616 0.69475
vn -0.69475 -0.18616 0.69475
vn -0.50859 -0.50859 0.69475
vn -0.50859 -0.50859 0.69475
vn -0.18616 -0.69475 0.69475
vn -0.18616 -0.69475 0.69475
vn 0.18616 -0.69475 0.69475
vn 0.18616 -0.69475 0.69475
vn 0.50859 -0.50859 0.69475
vn 0.50859 -0.50859 0.69475
vn 0.69475 -0.18616 0.69475
vn 0.69475 -0.18616 0.69475
vn 0.69475 0.18616 0.69475
vn 0.69475 0.18616 0.69475
vn 0.50859 0.50859 0.69475
vn 0.50859 0.50859 0.69475
vn 0.18616 0.69475 0.69475
vn 0.18616 0.69475 0.69475
vn -0.18616 0.69475 0.69475
vn -0.18616 0.69475 0.69475
vn 0.6894 -0.1683 0.70456
vn 0.06922 0.70541 0.70541
vn 0.05557 0.73064 0.6805
vn 0.68939 -0.1683 0.70456
vn 0.64042 -0.30257 0.70591
vn 0.71285 -0.48619 0.50543
vn 0.0128 -0.87789 0.4787
vn 0.55287 -0.44781 0.70271
vn 0.4167 -0.57367 0.70517
vn 0.41492 -0.77155 0.48224
vn 0.26927 -0.65731 0.70388
vn 0.08992 -0.70424 0.70424
vn -0.07957 -0.70486 0.70487
vn -0.25992 -0.66185 0.70314
vn -0.38899 -0.77681 0.49523
vn -0.408 -0.57928 0.70567
vn -0.58053 -0.42125 0.6968
vn -0.69426 -0.57929 0.42711
vn -0.6356 -0.31171 0.7063
vn -0.70933 -0.1064 0.6968
vn -0.82724 -0.16266 0.53779
vn -0.70674 0.03201 0.70675
vn -0.67857 0.23238 0.6968
vn -0.74322 0.23567 0.62616
vn -0.6042 0.36751 0.70701
vn -0.49519 0.51889 0.6968
vn -0.20043 0.68869 0.6968
vn -0.20043 0.68869 0.6968
vn -0.01548 0.70702 0.70702
vn 0.25768 0.49953 0.82709
vn 0.4614 0.52361 0.7162
vn 0.12123 0.69674 0.70701
vn 0.13751 0.6403 0.75571
vn 0.15725 0.63074 0.75989
vn 0.18029 0.62137 0.7625
vn 0.17989 0.60706 0.77403
vn 0.2036 0.55891 0.80384
vn 0.46575 0.54325 0.69854
vn 0.46063 0.41338 0.78545
vn 0.4091 0.47794 0.77731
vn 0.43982 0.25505 0.86111
vn 0.50085 0.19437 0.84343
vn 0.49354 0.11752 0.86175
vn 0.64734 0.06209 0.75967
vn 0.60264 0.00068 0.79801
vn 0.66895 -0.08838 0.73803
vn 0.73404 -0.0435 0.67772
vn 0.70324 -0.0742 0.70707
vn -0.50859 0.50859 0.69475
vn -0.50859 0.50859 0.69475
vn -0.69475 0.18616 0.69475
vn -0.69475 0.18616 0.69475
vn -0.69475 -0.18616 0.69475
vn -0.69475 -0.18616 0.69475
vn -0.50859 -0.50859 0.69475
vn -0.50859 -0.50859 0.69475
vn -0.18616 -0.69475 0.69475
vn -0.18616 -0.69475 0.69475
vn 0.18616 -0.69475 0.69475
vn 0.18616 -0.69475 0.69475
vn 0.50859 -0.50859 0.69475
vn 0.50859 -0.50859 0.69475
vn 0.69475 -0.18616 0.69475
vn 0.69475 -0.18616 0.69475
vn 0.69475 0.18616 0.69475
vn 0.69475 0.18616 0.69475
vn 0.50859 0.50859 0.69475
vn 0.50859 0.50859 0.69475
vn 0.18616 0.69475 0.69475
vn 0.18616 0.69475 0.69475
vn -0.18616 0.69475 0.69475
vn -0.18616 0.69475 0.69475
vn -0.50859 0.50859 0.69475
vn -0.50859 0.50859 0.69475
vn -0.69475 0.18616 0.69475
vn -0.69475 0.18616 0.69475
vn -0.69475 -0.18616 0.69475
vn -0.69475 -0.18616 0.69475
vn -0.50859 -0.50859 0.69475
vn -0.50859 -0.50859 0.69475
vn -0.18616 -0.69475 0.69475
vn -0.18616 -0.69475 0.69475
vn 0.18616 -0.69475 0.69475
vn 0.18616 -0.69475 0.69475
vn 0.50859 -0.50859 0.69475
vn 0.50859 -0.50859 0.69475
vn 0.69475 -0.18616 0.69475
vn 0.69475 -0.18616 0.69475
vn 0.69475 0.18616 0.69475
vn 0.69475 0.18616 0.69475
vn 0.50859 0.50859 0.69475
vn 0.50859 0.50859 0.69475
vn 0.18616 0.69475 0.69475
vn 0.18616 0.69475 0.69475
vn -0.18616 0.69475 0.69475
vn -0.18616 0.69475 0.69475
vn 0.19625 -0.98055 0
vn 0.17109 -0.98525 -0.00232
vn 0.5585 -0.8295 0.00263
vn 0.49255 -0.87027 -0.00511
vn 0.83471 -0.55065 0.00574
vn 0.80399 -0.59464 -0.0001
vn 0.98147 -0.19163 8E-05
vn 0.98128 -0.19259 0
vn 0.27607 -0.66743 0.69161
vn 0.09102 -0.99168 0.09102
vn 0.18304 -0.9823 -0.03969
vn 0.14996 -0.91567 0.37291
vn -0.03969 -0.9823 0.18304
vn 0.10933 -0.83489 0.53945
vn 0.13829 -0.91765 0.37256
vn 0.27532 -0.92109 0.27532
vn 0.4456 -0.89498 0.02106
vn 0.42713 -0.88002 0.20765
vn 0.21471 -0.45839 0.86243
vn 0.22549 -0.68326 0.69448
vn 0.50579 -0.69883 0.50578
vn 0.50579 -0.69883 0.50579
vn 0.74301 -0.65871 0.11852
vn 0.72334 -0.61325 0.31733
vn 0.25347 -0.20224 0.94597
vn 0.29348 -0.24097 0.9251
vn 0.68404 -0.25334 0.68404
vn 0.68404 -0.25334 0.68404
vn 0.93841 -0.237 0.25144
vn 0.93048 -0.20259 0.30522
vn -0 -0.19259 0.98128
vn -0.02 -0.25877 0.96573
vn 7E-05 -0.44059 0.89771
vn -0.00018 -0.64838 0.76132
vn -0.02395 -0.7069 0.7069
vn 4E-05 -0.82317 0.56779
vn -5E-05 -0.90785 0.4193
vn -0.02772 -0.96555 0.25872
vn -0 -0.98538 0.17034
vn 1 0.00191 0
vn 0.99756 0.06987 4E-05
vn 0.98224 0.18763 0.0028
vn 0.9999 0.01324 -0.00478
vn 0.97533 0.22075 0.0033
vn 0.89118 0.45364 -0.00411
vn 0.92702 0.37501 9E-05
vn 0.84496 0.53483 -3E-05
vn 0.52485 0.85119 2E-05
vn 0.80923 0.58749 0.00097
vn 0.68491 0.72861 0.00543
vn 0.74767 0.66406 -0.00298
vn 0.54998 0.83518 0.00036
vn 0.41991 0.90757 -5E-05
vn 0.31937 0.94762 0.00415
vn 0.41961 0.9077 -0.00089
vn 0.15231 0.98833 0.00139
vn 0.17034 0.98538 0
vn 0.70699 0.01814 0.70699
vn 0.25878 0.01683 0.96579
vn 0.25906 0.01395 0.96576
vn 0.24482 0.27003 0.93121
vn 0.30755 0.23181 0.92286
vn 0.67339 0.68286 0.28327
vn 0.68071 0.70608 0.19516
vn 0.85451 0.47236 0.21608
vn 0.91562 0.27521 0.29309
vn 0.9407 0.23137 0.24811
vn 0.96573 0.01684 0.259
vn 0.96583 0.01395 0.25879
vn 0.70699 0.01811 0.70699
vn 0.677 0.28871 0.677
vn 0.48687 0.7252 0.48687
vn -0.03969 0.9823 0.18304
vn 0.13245 0.92501 0.35611
vn 0.26323 0.92813 0.26323
vn 0.37153 0.922 0.10904
vn 0.51983 0.84669 0.11357
vn 0.10962 0.91575 0.38649
vn 0.11357 0.84669 0.51983
vn 0.25409 0.7167 0.64945
vn 0.19825 0.68353 0.70249
vn 0.21608 0.47236 0.85451
vn 0.09102 0.99168 0.09102
vn 0.37297 0.91563 0.15003
vn 0.18304 0.9823 -0.03969
vn -0 0.98538 0.17034
vn -0.02772 0.96555 0.25872
vn -0.01982 0.70697 0.70697
vn 2E-05 0.83512 0.55007
vn -4E-05 0.90781 0.41938
vn -0 0.01326 0.99991
vn -0.00412 0.22021 0.97544
vn -0.01676 0.25878 0.96579
vn 5E-05 0.4542 0.8909
vn -0.00018 0.66453 0.74727
vn 0.70711 0 0.70711
vn 0.70711 0 0.70711
vn 0.7071 0 0.70711
vn -0.70711 0 0.70711
vn -0.70711 0 0.70711
vn -0.7071 -0 0.70711
vn 0.70711 0 0.70711
vn 0.70711 -0 0.70711
vn 0.7071 0 0.70711
vn -0.70711 -0 0.70711
vn -0.70711 -0 0.70711
vn -0.69475 0.18616 -0.69475
vn -0.69475 0.18616 -0.69475
vn -0.50859 0.50859 -0.69474
vn -0.50859 0.50859 -0.69475
vn -0.18616 0.69475 -0.69475
vn -0.18615 0.69475 -0.69475
vn -0.70711 -0 -0.70711
vn -0.56372 0.4294 -0.70557
vn -0.56372 0.4294 -0.70557
vn -0.61132 0.3557 -0.70694
vn -0.67342 0.33782 -0.65756
vn -0.64218 0.29761 -0.70643
vn -0.68124 0.19514 -0.70557
vn -0.70557 0.0658 -0.70557
vn -0.70557 0.0658 -0.70557
vn -0.69069 0.15227 -0.70694
vn -0.74071 0.23725 -0.62854
vn -0.559 -0.435 -0.7059
vn -0.559 -0.435 -0.7059
vn -0.62297 -0.33708 -0.7059
vn -0.62297 -0.33708 -0.7059
vn -0.66995 -0.22996 -0.7059
vn -0.66995 -0.22996 -0.7059
vn -0.69866 -0.11657 -0.7059
vn -0.69866 -0.11657 -0.70589
vn -0.70832 -0 -0.70589
vn -0.69866 0.11657 -0.70589
vn -0.69866 0.11657 -0.7059
vn -0.66995 0.22996 -0.7059
vn -0.66995 0.22996 -0.7059
vn -0.62297 0.33708 -0.7059
vn -0.62297 0.33708 -0.7059
vn -0.559 0.435 -0.7059
vn -0.559 0.435 -0.7059
vn -0.70557 -0.0658 -0.70557
vn -0.70557 -0.0658 -0.70557
vn -0.69069 -0.15227 -0.70694
vn -0.72427 -0.20747 -0.65756
vn -0.67405 -0.2159 -0.70643
vn -0.6334 -0.31775 -0.70557
vn -0.56372 -0.4294 -0.70557
vn -0.56372 -0.4294 -0.70557
vn -0.61132 -0.3557 -0.70694
vn -0.70568 -0.32704 -0.62854
vn -0.18616 -0.69475 -0.69475
vn -0.18615 -0.69475 -0.69475
vn -0.50859 -0.50859 -0.69475
vn -0.50859 -0.50859 -0.69474
vn -0.69475 -0.18616 -0.69475
vn -0.69475 -0.18616 -0.69475
vn 0.70528 0.06911 -0.70555
vn 0.70458 0.06918 -0.70624
vn 0.6878 0.16804 -0.70619
vn 0.68779 0.16804 -0.70619
vn 0.65654 0.26506 -0.70619
vn 0.65654 0.26507 -0.70619
vn 0.61167 0.35659 -0.70619
vn 0.61167 0.35659 -0.70619
vn 0.55413 0.44073 -0.70619
vn 0.55413 0.44073 -0.70619
vn 0.70557 0.0658 -0.70557
vn 0.70557 0.0658 -0.70557
vn 0.69069 0.15227 -0.70694
vn 0.72427 0.20747 -0.65756
vn 0.67405 0.2159 -0.70643
vn 0.6334 0.31775 -0.70557
vn 0.56372 0.4294 -0.70557
vn 0.56372 0.4294 -0.70557
vn 0.61132 0.3557 -0.70694
vn 0.70568 0.32704 -0.62854
vn 0.70711 0 -0.70711
vn 0.18616 0.69475 -0.69475
vn 0.18615 0.69475 -0.69475
vn 0.43231 0.56339 -0.70406
vn 0.48326 0.48326 -0.73001
vn 0.56339 0.4323 -0.70406
vn 0.69475 0.18616 -0.69475
vn 0.69475 0.18616 -0.69475
vn 0.70527 -0.06925 -0.70555
vn 0.7046 -0.06904 -0.70624
vn 0.6878 -0.16804 -0.70619
vn 0.68779 -0.16804 -0.70619
vn 0.65653 -0.26506 -0.70619
vn 0.65654 -0.26507 -0.70619
vn 0.61167 -0.35659 -0.70619
vn 0.61167 -0.35659 -0.70619
vn 0.55413 -0.44073 -0.70619
vn 0.55413 -0.44073 -0.70619
vn 0.56372 -0.4294 -0.70557
vn 0.56372 -0.4294 -0.70557
vn 0.61132 -0.3557 -0.70694
vn 0.67342 -0.33782 -0.65756
vn 0.64218 -0.29761 -0.70643
vn 0.68124 -0.19514 -0.70557
vn 0.70557 -0.0658 -0.70557
vn 0.70557 -0.0658 -0.70557
vn 0.69069 -0.15227 -0.70694
vn 0.74071 -0.23725 -0.62854
vn 0.69475 -0.18616 -0.69475
vn 0.69475 -0.18616 -0.69475
vn 0.50859 -0.50859 -0.69474
vn 0.50859 -0.50859 -0.69475
vn 0.18616 -0.69475 -0.69475
vn 0.18615 -0.69475 -0.69475
vn -0.96591 -0.00629 -0.25881
vn -0.87591 -0 -0.48247
vn -0.73501 -0 -0.67806
vn -0.70706 -0.01155 -0.70706
vn -0.53447 -0 -0.84519
vn -0.31667 0 -0.94854
vn -0.25879 -0.01577 -0.96581
vn -0.06038 0 -0.99818
vn 0.18025 0 -0.98362
vn 0.25877 -0.01894 -0.96575
vn 0.42869 0 -0.90345
vn 0.63245 0 -0.77461
vn 0.70695 -0.02106 -0.70695
vn 0.81138 0 -0.58452
vn 0.92769 0 -0.37336
vn 0.96569 -0.02211 -0.25876
vn 0.99271 0 -0.12054
vn 0.99271 0 0.12054
vn 0.96569 -0.02211 0.25876
vn 0.92769 0 0.37336
vn 0.81137 0 0.58453
vn 0.70695 -0.02106 0.70695
vn 0.63245 0 0.77461
vn 0.4287 0 0.90345
vn 0.25877 -0.01894 0.96575
vn 0.18025 0 0.98362
vn -0.06039 0 0.99818
vn -0.25879 -0.01577 0.96581
vn -0.31667 0 0.94854
vn -0.53446 -0 0.8452
vn -0.70706 -0.01156 0.70706
vn -0.735 -0 0.67806
vn -0.87593 -0 0.48245
vn -0.96591 -0.00629 0.25881
vn -0.97094 -0 0.23931
vn -0.97094 -0 -0.23931
vn -0.53948 -0.69321 0.47794
vn -0.52612 -0.69831 0.48536
vn -0.37807 -0.70682 0.59789
vn -0.25654 -0.69039 0.67643
vn -0.22619 -0.69985 0.67753
vn -0.04274 -0.70646 0.70646
vn 0.08746 -0.68817 0.72026
vn 0.12851 -0.70124 0.70124
vn 0.30363 -0.70596 0.63987
vn 0.41302 -0.68657 0.59837
vn 0.45011 -0.70248 0.55129
vn 0.57518 -0.70531 0.41437
vn 0.64459 -0.6856 0.33831
vn 0.65924 -0.70357 0.26532
vn 0.70451 -0.70451 0.08554
vn 0.72828 -0.68528 0
vn 0.70451 -0.70451 -0.08554
vn 0.63527 -0.69661 -0.33342
vn 0.69219 -0.66579 -0.27858
vn 0.57519 -0.70531 -0.41437
vn 0.40756 -0.69661 -0.59045
vn 0.46804 -0.67255 -0.57325
vn 0.30362 -0.70596 -0.63987
vn 0.08648 -0.69661 -0.71222
vn 0.13233 -0.679 -0.72211
vn -0.04273 -0.70646 -0.70646
vn -0.25441 -0.69661 -0.67083
vn -0.23066 -0.68515 -0.69091
vn -0.37808 -0.70682 -0.59788
vn -0.53702 -0.69661 -0.47576
vn -0.53129 -0.69102 -0.49013
vn -0.61943 -0.70703 -0.34119
vn -0.69661 -0.69661 -0.1717
vn -0.69661 -0.69661 -0.1717
vn -0.69661 -0.69661 0.1717
vn -0.69661 -0.69661 0.1717
vn -0.61944 -0.70704 0.34118
vn -0.96591 -0.00629 -0.25881
vn -0.73501 -0 -0.67806
vn -0.70706 -0.01155 -0.70706
vn -0.53447 -0 -0.84519
vn -0.31667 0 -0.94854
vn -0.25879 -0.01577 -0.96581
vn -0.06038 0 -0.99818
vn 0.18025 0 -0.98362
vn 0.25877 -0.01894 -0.96575
vn 0.4287 0 -0.90345
vn 0.63244 0 -0.77461
vn 0.70695 -0.02106 -0.70695
vn 0.81138 0 -0.58452
vn 0.92769 0 -0.37336
vn 0.96569 -0.02211 -0.25876
vn 0.96569 -0.02211 0.25875
vn 0.92769 0 0.37336
vn 0.81138 0 0.58452
vn 0.70695 -0.02106 0.70695
vn 0.63244 0 0.77461
vn 0.4287 0 0.90345
vn 0.25877 -0.01894 0.96575
vn 0.18025 0 0.98362
vn -0.06039 0 0.99817
vn -0.25879 -0.01577 0.96581
vn -0.31667 0 0.94854
vn -0.53446 0 0.84519
vn -0.70706 -0.01155 0.70706
vn -0.735 -0 0.67806
vn -0.96591 -0.00629 0.25881
vn -0.97094 -0 0.23932
vn -0.97094 -0 -0.23932
vn -0.52611 -0.69831 0.48536
vn -0.37808 -0.70682 0.59788
vn -0.25654 -0.69039 0.67643
vn -0.22619 -0.69985 0.67753
vn -0.04274 -0.70646 0.70646
vn 0.08746 -0.68817 0.72026
vn 0.12851 -0.70124 0.70125
vn 0.30363 -0.70596 0.63987
vn 0.41302 -0.68657 0.59837
vn 0.45011 -0.70248 0.55129
vn 0.57518 -0.70531 0.41437
vn 0.64459 -0.6856 0.33831
vn 0.65924 -0.70357 0.26532
vn 0.63527 -0.69661 -0.33342
vn 0.69219 -0.66579 -0.27858
vn 0.57519 -0.70531 -0.41437
vn 0.40756 -0.69661 -0.59045
vn 0.46804 -0.67255 -0.57325
vn 0.30363 -0.70596 -0.63987
vn 0.08648 -0.69661 -0.71222
vn 0.13233 -0.679 -0.72211
vn -0.04273 -0.70646 -0.70646
vn -0.23066 -0.68515 -0.69092
vn -0.37808 -0.70682 -0.59788
vn -0.53702 -0.69661 -0.47576
vn -0.53129 -0.69102 -0.49013
vn -0.69661 -0.69661 -0.1717
vn -0.69661 -0.69661 0.1717
vn -0.69661 -0.69661 0.1717
vn -0.7448 -0 -0.66729
vn -0.84396 -0 -0.53641
vn -0.92036 -0 -0.39107
vn -0.97195 -0 -0.23519
vn -0.99733 -0 -0.07297
vn -0.99583 -0 0.09122
vn -0.96748 -0 0.25295
vn -0.91304 0 0.40787
vn -0.83399 0 0.55178
vn -0.73245 -0 0.68082
vn -0.61116 0 0.7915
vn -0.4734 0 0.88085
vn -0.32288 0 0.94644
vn -0.16364 0 0.98652
vn 0.16364 0 0.98652
vn 0.32288 0 0.94644
vn 0.4734 0 0.88085
vn 0.61116 0 0.7915
vn 0.73245 0 0.68082
vn 0.83399 0 0.55178
vn 0.91304 0 0.40787
vn 0.96748 0 0.25295
vn 0.99583 0 0.09122
vn 0.99733 0 -0.07297
vn 0.97195 0 -0.23519
vn 0.92036 0 -0.39107
vn 0.84396 0 -0.53641
vn 0.7448 0 -0.66729
vn -0.97943 -0 -0.20179
vn -0.8199 -0 -0.57251
vn 0.8199 0 -0.57251
vn 0.97943 0 -0.20179
vn -0.70711 -0.70711 -0
vn -0.69972 -0.69972 -0.14417
vn -0.69972 -0.69972 -0.14417
vn -0.58575 -0.69972 -0.40901
vn -0.58575 -0.69972 -0.40901
vn 0.52754 -0.70591 -0.47264
vn 0.52754 -0.70591 -0.47264
vn 0.59778 -0.70591 -0.37994
vn 0.59777 -0.70591 -0.37994
vn 0.65189 -0.70591 -0.277
vn 0.65189 -0.70591 -0.277
vn 0.68843 -0.70591 -0.16659
vn 0.68843 -0.70591 -0.16659
vn 0.70641 -0.70591 -0.05168
vn 0.70641 -0.70591 -0.05168
vn 0.70535 -0.70591 0.06461
vn 0.70535 -0.70591 0.06461
vn 0.68527 -0.70591 0.17917
vn 0.68527 -0.70591 0.17917
vn 0.64671 -0.70591 0.28889
vn 0.64671 -0.70591 0.28889
vn 0.59072 -0.70591 0.39083
vn 0.59071 -0.70591 0.39083
vn 0.5188 -0.70591 0.48223
vn 0.5188 -0.70591 0.48223
vn 0.43289 -0.70591 0.56062
vn 0.43289 -0.70591 0.56062
vn 0.33531 -0.70591 0.62391
vn 0.33531 -0.70591 0.6239
vn 0.22869 -0.70591 0.67037
vn 0.22869 -0.70591 0.67037
vn 0.11591 -0.70591 0.69875
vn 0.11591 -0.70591 0.69875
vn -0 -0.70591 0.7083
vn -0.11591 -0.70591 0.69875
vn -0.11591 -0.70591 0.69875
vn -0.22869 -0.70591 0.67037
vn -0.22869 -0.70591 0.67037
vn -0.33531 -0.70591 0.6239
vn -0.33531 -0.70591 0.62391
vn -0.43289 -0.70591 0.56062
vn -0.43289 -0.70591 0.56062
vn -0.5188 -0.70591 0.48223
vn -0.5188 -0.70591 0.48223
vn -0.59071 -0.70591 0.39083
vn -0.59072 -0.70591 0.39083
vn -0.64671 -0.70591 0.28889
vn -0.64671 -0.70591 0.28889
vn -0.68527 -0.70591 0.17917
vn -0.68527 -0.70591 0.17917
vn -0.70535 -0.70591 0.06461
vn -0.70535 -0.70591 0.06461
vn -0.70641 -0.70591 -0.05168
vn -0.70641 -0.70591 -0.05168
vn -0.68843 -0.70591 -0.16659
vn -0.68843 -0.70591 -0.16659
vn -0.65189 -0.70591 -0.277
vn -0.65189 -0.70591 -0.277
vn -0.61448 -0.7069 -0.3503
vn -0.658 -0.6262 -0.41822
vn -0.58381 -0.7067 -0.39968
vn -0.52754 -0.70591 -0.47264
vn -0.52754 -0.70591 -0.47264
vn 0.58575 -0.69972 -0.40901
vn 0.58575 -0.69972 -0.40901
vn 0.69972 -0.69972 -0.14417
vn 0.69972 -0.69972 -0.14417
vn 0.70711 -0.70711 0
vn 0.70711 0.70711 0
vn 0.69972 0.69972 -0.14417
vn 0.69972 0.69972 -0.14417
vn 0.58575 0.69972 -0.40901
vn 0.58575 0.69972 -0.40901
vn -0.52754 0.70591 -0.47264
vn -0.52754 0.70591 -0.47264
vn -0.59778 0.70591 -0.37994
vn -0.59777 0.70591 -0.37994
vn -0.65189 0.70591 -0.277
vn -0.65189 0.70591 -0.277
vn -0.68843 0.70591 -0.16659
vn -0.68843 0.70591 -0.16659
vn -0.70641 0.70591 -0.05168
vn -0.70641 0.70591 -0.05168
vn -0.70535 0.70591 0.06461
vn -0.70535 0.70591 0.06461
vn -0.68527 0.70591 0.17917
vn -0.68527 0.70591 0.17917
vn -0.64671 0.70591 0.28889
vn -0.64671 0.70591 0.28889
vn -0.59072 0.70591 0.39083
vn -0.59071 0.70591 0.39083
vn -0.5188 0.70591 0.48223
vn -0.5188 0.70591 0.48223
vn -0.43289 0.70591 0.56062
vn -0.43289 0.70591 0.56062
vn -0.33531 0.70591 0.62391
vn -0.33531 0.70591 0.6239
vn -0.22869 0.70591 0.67037
vn -0.22869 0.70591 0.67037
vn -0.11591 0.70591 0.69875
vn -0.11591 0.70591 0.69875
vn -0 0.70591 0.7083
vn 0.11591 0.70591 0.69875
vn 0.11591 0.70591 0.69875
vn 0.22869 0.70591 0.67037
vn 0.22869 0.70591 0.67037
vn 0.33531 0.70591 0.6239
vn 0.33531 0.70591 0.62391
vn 0.43289 0.70591 0.56062
vn 0.43289 0.70591 0.56062
vn 0.5188 0.70591 0.48223
vn 0.5188 0.70591 0.48223
vn 0.59071 0.70591 0.39083
vn 0.59072 0.70591 0.39083
vn 0.64671 0.70591 0.28889
vn 0.64671 0.70591 0.28889
vn 0.68527 0.70591 0.17917
vn 0.68527 0.70591 0.17917
vn 0.70535 0.70591 0.06461
vn 0.70535 0.70591 0.06461
vn 0.70641 0.70591 -0.05168
vn 0.70641 0.70591 -0.05168
vn 0.68843 0.70591 -0.16659
vn 0.68843 0.70591 -0.16659
vn 0.65189 0.70591 -0.277
vn 0.65189 0.70591 -0.277
vn 0.59777 0.70591 -0.37994
vn 0.59778 0.70591 -0.37994
vn 0.52754 0.70591 -0.47264
vn 0.52754 0.70591 -0.47264
vn -0.58575 0.69972 -0.40901
vn -0.58575 0.69972 -0.40901
vn -0.69972 0.69972 -0.14417
vn -0.69972 0.69972 -0.14417
vn -0.70711 0.70711 -0
vn -0.96591 -0.00643 -0.25881
vn -0.87591 -0 -0.48247
vn -0.73501 -0 -0.67806
vn -0.70706 -0.0118 -0.70706
vn -0.53447 -0 -0.84519
vn -0.31667 0 -0.94854
vn -0.25879 -0.0161 -0.9658
vn -0.06037 0 -0.99818
vn 0.18025 0 -0.98362
vn 0.25877 -0.01934 -0.96575
vn 0.4287 0 -0.90345
vn 0.63244 0 -0.77461
vn 0.70694 -0.02149 -0.70694
vn 0.81138 0 -0.58452
vn 0.92769 0 -0.37336
vn 0.96568 -0.02258 -0.25875
vn 0.99271 0 -0.12054
vn 0.99271 0 0.12054
vn 0.96568 -0.02258 0.25875
vn 0.92769 0 0.37336
vn 0.81138 0 0.58452
vn 0.70694 -0.02149 0.70694
vn 0.63245 0 0.7746
vn 0.42869 0 0.90345
vn 0.25877 -0.01934 0.96575
vn 0.18026 0 0.98362
vn -0.06038 0 0.99818
vn -0.25879 -0.0161 0.9658
vn -0.31667 0 0.94854
vn -0.53448 -0 0.84518
vn -0.70706 -0.01179 0.70706
vn -0.73501 0 0.67806
vn -0.87591 -0 0.48247
vn -0.96591 -0.00643 0.25881
vn -0.97094 -0 0.23932
vn -0.97094 -0 -0.23932
vn -0.53981 -0.69275 0.47823
vn -0.52612 -0.69831 0.48535
vn -0.37808 -0.70682 0.59788
vn -0.25682 -0.68953 0.67719
vn -0.22619 -0.69985 0.67753
vn -0.04274 -0.70646 0.70646
vn 0.08759 -0.687 0.72136
vn 0.12851 -0.70124 0.70124
vn 0.30362 -0.70596 0.63987
vn 0.41377 -0.68517 0.59945
vn 0.45011 -0.70248 0.55129
vn 0.57519 -0.70531 0.41437
vn 0.64587 -0.68407 0.33898
vn 0.65923 -0.70357 0.26532
vn 0.70451 -0.70452 0.08554
vn 0.72976 -0.6837 0
vn 0.70451 -0.70452 -0.08554
vn 0.63527 -0.69661 -0.33342
vn 0.69451 -0.66297 -0.27952
vn 0.57519 -0.70531 -0.41437
vn 0.40756 -0.69661 -0.59045
vn 0.4693 -0.67035 -0.57479
vn 0.30363 -0.70596 -0.63987
vn 0.08648 -0.69661 -0.71222
vn 0.1326 -0.67739 -0.72357
vn -0.04273 -0.70646 -0.70646
vn -0.25441 -0.69661 -0.67083
vn -0.23097 -0.68411 -0.69185
vn -0.37808 -0.70682 -0.59788
vn -0.53702 -0.69661 -0.47576
vn -0.53165 -0.69051 -0.49046
vn -0.61943 -0.70704 -0.34119
vn -0.69661 -0.69661 -0.1717
vn -0.69661 -0.69661 -0.1717
vn -0.69661 -0.69661 0.1717
vn -0.69661 -0.69661 0.1717
vn -0.61943 -0.70704 0.34119
vn -0.96591 -0.00643 -0.25881
vn -0.87592 -0 -0.48246
vn -0.70706 -0.0118 -0.70706
vn -0.53446 -0 -0.84519
vn -0.31667 0 -0.94854
vn -0.25879 -0.0161 -0.9658
vn -0.06038 0 -0.99818
vn 0.18026 0 -0.98362
vn 0.25877 -0.01934 -0.96575
vn 0.42869 0 -0.90345
vn 0.63245 0 -0.7746
vn 0.70694 -0.02149 -0.70694
vn 0.81138 0 -0.58452
vn 0.92768 0 -0.37336
vn 0.96568 -0.02258 -0.25875
vn 0.99271 0 -0.12053
vn 0.99271 0 0.12053
vn 0.96568 -0.02258 0.25875
vn 0.92768 0 0.37336
vn 0.81138 0 0.58452
vn 0.70694 -0.02149 0.70694
vn 0.63245 0 0.7746
vn 0.42869 0 0.90345
vn 0.25877 -0.01934 0.96575
vn 0.18026 0 0.98362
vn -0.06038 0 0.99818
vn -0.25879 -0.0161 0.9658
vn -0.31667 0 0.94854
vn -0.53446 0 0.84519
vn -0.70706 -0.0118 0.70706
vn -0.73501 -0 0.67806
vn -0.53981 -0.69275 0.47823
vn -0.52612 -0.69831 0.48535
vn -0.37807 -0.70682 0.59788
vn -0.25682 -0.68953 0.67719
vn -0.22619 -0.69985 0.67753
vn -0.04273 -0.70646 0.70646
vn 0.08759 -0.687 0.72136
vn 0.12851 -0.70124 0.70124
vn 0.30362 -0.70596 0.63987
vn 0.41377 -0.68517 0.59945
vn 0.45011 -0.70248 0.55129
vn 0.57519 -0.70531 0.41437
vn 0.64587 -0.68407 0.33898
vn 0.65923 -0.70357 0.26532
vn 0.70451 -0.70451 0.08554
vn 0.72976 -0.6837 0
vn 0.70452 -0.70451 -0.08554
vn 0.63527 -0.69661 -0.33342
vn 0.69451 -0.66297 -0.27952
vn 0.57519 -0.70531 -0.41437
vn 0.40756 -0.69661 -0.59045
vn 0.4693 -0.67035 -0.57479
vn 0.30362 -0.70596 -0.63987
vn 0.08648 -0.69661 -0.71222
vn 0.1326 -0.67739 -0.72357
vn -0.04273 -0.70646 -0.70646
vn -0.25441 -0.69661 -0.67083
vn -0.23097 -0.68411 -0.69185
vn -0.37807 -0.70682 -0.59788
vn -0.53702 -0.69661 -0.47576
vn -0.53165 -0.69051 -0.49046
vn -0.61943 -0.70704 -0.34119
vn -0.69661 -0.69661 -0.1717
vn -0.69661 -0.69661 0.1717
vn -0.69661 -0.69661 0.1717
vn -0.61943 -0.70704 0.34119
vn -0.70706 -0.01179 -0.70706
vn -0.53447 -0 -0.84519
vn -0.31667 0 -0.94854
vn -0.25879 -0.0161 -0.9658
vn -0.06038 0 -0.99818
vn 0.18026 -0 -0.98362
vn 0.25877 -0.01934 -0.96575
vn 0.42869 -0 -0.90345
vn 0.63245 0 -0.7746
vn 0.70694 -0.02149 -0.70694
vn 0.70694 -0.02149 0.70694
vn 0.63245 0 0.77461
vn 0.42869 0 0.90345
vn 0.25877 -0.01934 0.96575
vn 0.18025 0 0.98362
vn -0.06037 0 0.99818
vn -0.25879 -0.0161 0.9658
vn -0.31667 0 0.94854
vn -0.53446 0 0.84519
vn -0.70706 -0.0118 0.70706
vn -0.53981 -0.69275 0.47823
vn -0.37808 -0.70682 0.59788
vn -0.25682 -0.68953 0.67719
vn -0.22619 -0.69985 0.67753
vn -0.04273 -0.70646 0.70646
vn 0.08759 -0.687 0.72136
vn 0.12851 -0.70124 0.70124
vn 0.30362 -0.70596 0.63987
vn 0.41377 -0.68517 0.59945
vn 0.45011 -0.70248 0.55129
vn 0.57519 -0.70531 0.41437
vn 0.64587 -0.68407 0.33898
vn 0.63527 -0.69661 -0.33342
vn 0.69451 -0.66297 -0.27952
vn 0.57519 -0.70531 -0.41437
vn 0.40756 -0.69661 -0.59045
vn 0.4693 -0.67035 -0.57479
vn 0.30362 -0.70596 -0.63987
vn 0.08648 -0.69661 -0.71222
vn 0.1326 -0.67739 -0.72357
vn -0.04274 -0.70646 -0.70646
vn -0.23097 -0.68411 -0.69185
vn -0.37808 -0.70682 -0.59788
vn -0.53702 -0.69661 -0.47576
vn -0.53165 -0.69051 -0.49046
vn -0.61943 -0.70704 -0.34119
vn -0.69661 -0.69661 -0.1717
vn -0.69661 -0.69661 -0.1717
vn -0.69661 -0.69661 0.1717
vn -0.69661 -0.69661 0.1717
vn -0.61943 -0.70704 0.34119
vn -0.73501 -0 -0.67806
vn -0.70706 -0.0118 -0.70706
vn -0.31667 -0 -0.94854
vn -0.25879 -0.0161 -0.9658
vn -0.06038 0 -0.99818
vn 0.70694 -0.02149 -0.70694
vn 0.81138 0 -0.58452
vn 0.92769 0 -0.37336
vn 0.96568 -0.02258 -0.25875
vn 0.99271 0 -0.12054
vn 0.96568 -0.02258 0.25875
vn 0.92769 0 0.37336
vn 0.81138 0 0.58453
vn 0.70694 -0.02149 0.70694
vn -0.06038 0 0.99818
vn -0.25879 -0.0161 0.9658
vn -0.70706 -0.0118 0.70706
vn -0.73501 -0 0.67806
vn -0.87592 -0 0.48246
vn -0.96591 -0.00643 0.25881
vn -0.53981 -0.69275 0.47823
vn -0.52612 -0.69831 0.48535
vn -0.37807 -0.70682 0.59788
vn -0.25682 -0.68953 0.67719
vn -0.22619 -0.69985 0.67753
vn -0.04273 -0.70646 0.70646
vn 0.08759 -0.687 0.72136
vn 0.12851 -0.70124 0.70124
vn 0.30362 -0.70596 0.63987
vn 0.41377 -0.68517 0.59945
vn 0.57518 -0.70531 0.41437
vn 0.64587 -0.68407 0.33898
vn 0.65923 -0.70357 0.26532
vn 0.70451 -0.70452 0.08554
vn 0.72976 -0.6837 0
vn 0.70451 -0.70452 -0.08554
vn 0.63527 -0.69661 -0.33342
vn 0.69451 -0.66297 -0.27952
vn 0.57518 -0.70531 -0.41437
vn 0.40756 -0.69661 -0.59045
vn 0.4693 -0.67035 -0.57479
vn 0.30362 -0.70596 -0.63987
vn 0.08648 -0.69661 -0.71222
vn -0.04273 -0.70646 -0.70646
vn -0.25441 -0.69661 -0.67083
vn -0.23097 -0.68411 -0.69185
vn -0.37807 -0.70682 -0.59788
vn -0.53702 -0.69661 -0.47576
vn -0.53165 -0.69051 -0.49046
vn -0.61943 -0.70704 -0.34119
vn -0.69661 -0.69661 -0.1717
vn -0.69661 -0.69661 0.1717
vn -0.69661 -0.69661 0.1717
vn -0.61943 -0.70704 0.34119
vn -0.99271 -0 -0.12054
vn -0.99271 -0 -0.12054
vn -0.93502 -0 -0.3546
vn -0.82298 -0 -0.56806
vn -0.66312 -0 -0.74851
vn -0.46472 -0 -0.88546
vn -0.23932 -0 -0.97094
vn 0.23932 0 -0.97094
vn 0.46472 -0 -0.88546
vn 0.66312 0 -0.74851
vn 0.82298 0 -0.56806
vn 0.93502 0 -0.3546
vn 0.99271 0 -0.12054
vn 0.99271 -0 -0.12054
vn 0.99271 0 0.12054
vn 0.99271 0 0.12054
vn 0.93502 0 0.3546
vn 0.82298 0 0.56806
vn 0.66312 0 0.74851
vn 0.46472 0 0.88546
vn 0.23932 0 0.97094
vn -0.23932 0 0.97094
vn -0.46472 0 0.88546
vn -0.66312 0 0.74851
vn -0.82298 -0 0.56806
vn -0.93502 -0 0.3546
vn -0.99271 -0 0.12054
vn -0.99271 0 0.12054
vn 0.9659 0.00688 -0.25881
vn 0.87591 0 -0.48247
vn 0.73501 0 -0.67806
vn 0.70705 0.01264 -0.70705
vn 0.53447 0 -0.84519
vn 0.31667 0 -0.94854
vn 0.25878 0.01725 -0.96578
vn 0.06038 -0 -0.99818
vn -0.18025 0 -0.98362
vn -0.25876 0.02072 -0.96572
vn -0.42869 -0 -0.90345
vn -0.63245 -0 -0.77461
vn -0.70692 0.02303 -0.70692
vn -0.81138 -0 -0.58452
vn -0.92769 -0 -0.37336
vn -0.96564 0.02419 -0.25874
vn -0.99271 -0 -0.12054
vn -0.99271 -0 0.12054
vn -0.96564 0.02419 0.25874
vn -0.92769 -0 0.37336
vn -0.81137 -0 0.58453
vn -0.70692 0.02303 0.70692
vn -0.63245 0 0.77461
vn -0.4287 -0 0.90345
vn -0.25877 0.02072 0.96572
vn -0.18025 0 0.98362
vn 0.06039 0 0.99818
vn 0.25878 0.01725 0.96578
vn 0.31667 0 0.94854
vn 0.53446 0 0.8452
vn 0.70705 0.01264 0.70705
vn 0.735 0 0.67806
vn 0.87593 0 0.48245
vn 0.9659 0.00688 0.25881
vn 0.97094 0 0.23931
vn 0.97094 0 -0.23931
vn 0.53919 0.69362 0.47768
vn 0.52611 0.69831 0.48536
vn 0.37807 0.70682 0.59789
vn 0.25628 0.69114 0.67576
vn 0.22619 0.69985 0.67753
vn 0.04274 0.70646 0.70646
vn -0.08734 0.68919 0.7193
vn -0.12851 0.70124 0.70124
vn -0.30363 0.70596 0.63987
vn -0.41237 0.68779 0.59742
vn -0.45011 0.70248 0.55129
vn -0.57518 0.70531 0.41437
vn -0.64348 0.68694 0.33772
vn -0.65923 0.70357 0.26532
vn -0.70451 0.70452 0.08554
vn -0.72698 0.68665 -0
vn -0.70451 0.70452 -0.08554
vn -0.63527 0.69661 -0.33342
vn -0.69015 0.66824 -0.27776
vn -0.57519 0.70531 -0.41437
vn -0.40756 0.69661 -0.59045
vn -0.46694 0.67446 -0.5719
vn -0.30362 0.70596 -0.63987
vn -0.08648 0.69661 -0.71222
vn -0.1321 0.6804 -0.72083
vn 0.04273 0.70646 -0.70646
vn 0.25441 0.69661 -0.67083
vn 0.23039 0.68607 -0.6901
vn 0.37808 0.70682 -0.59788
vn 0.53702 0.69661 -0.47576
vn 0.53098 0.69147 -0.48984
vn 0.61943 0.70704 -0.34119
vn 0.69661 0.69661 -0.1717
vn 0.69661 0.69661 -0.1717
vn 0.69661 0.69661 0.1717
vn 0.69661 0.69661 0.1717
vn 0.61944 0.70704 0.34118
vn 0.9659 0.00688 -0.25881
vn 0.73501 0 -0.67806
vn 0.70705 0.01264 -0.70705
vn 0.53447 -0 -0.84519
vn 0.31667 0 -0.94854
vn 0.25878 0.01725 -0.96578
vn 0.06038 0 -0.99818
vn -0.18025 0 -0.98362
vn -0.25876 0.02072 -0.96572
vn -0.4287 -0 -0.90345
vn -0.63244 -0 -0.77461
vn -0.70692 0.02303 -0.70692
vn -0.81138 -0 -0.58452
vn -0.92769 -0 -0.37336
vn -0.96564 0.02419 -0.25874
vn -0.96564 0.02419 0.25874
vn -0.92769 -0 0.37336
vn -0.81138 -0 0.58452
vn -0.70692 0.02303 0.70692
vn -0.63244 0 0.77461
vn -0.4287 0 0.90345
vn -0.25877 0.02072 0.96572
vn -0.18025 0 0.98362
vn 0.06039 0 0.99817
vn 0.25878 0.01725 0.96578
vn 0.31667 0 0.94854
vn 0.53446 0 0.84519
vn 0.70705 0.01264 0.70705
vn 0.735 0 0.67806
vn 0.9659 0.00688 0.25881
vn 0.97094 0 0.23932
vn 0.97094 0 -0.23932
vn 0.52611 0.69831 0.48536
vn 0.37808 0.70682 0.59788
vn 0.25628 0.69114 0.67576
vn 0.22619 0.69985 0.67753
vn 0.04274 0.70646 0.70646
vn -0.08734 0.68919 0.7193
vn -0.12851 0.70124 0.70124
vn -0.30363 0.70596 0.63987
vn -0.41237 0.68779 0.59742
vn -0.45011 0.70248 0.55129
vn -0.57518 0.70531 0.41437
vn -0.64348 0.68694 0.33772
vn -0.65924 0.70357 0.26532
vn -0.63527 0.69661 -0.33342
vn -0.69015 0.66824 -0.27776
vn -0.57519 0.70531 -0.41437
vn -0.40756 0.69661 -0.59045
vn -0.46694 0.67446 -0.5719
vn -0.30363 0.70596 -0.63987
vn -0.08648 0.69661 -0.71222
vn -0.1321 0.6804 -0.72083
vn 0.04273 0.70646 -0.70646
vn 0.25441 0.69661 -0.67083
vn 0.23039 0.68607 -0.6901
vn 0.37808 0.70682 -0.59788
vn 0.53702 0.69661 -0.47576
vn 0.53098 0.69147 -0.48984
vn 0.69661 0.69661 -0.1717
vn 0.69661 0.69661 0.1717
vn 0.69661 0.69661 0.1717
vn 0.7448 0 -0.66729
vn 0.84396 0 -0.53641
vn 0.91304 0 0.40787
vn 0.83399 0 0.55178
vn 0.4734 0 0.88085
vn 0.32288 0 0.94644
vn -0.61116 -0 0.7915
vn -0.73245 0 0.68082
vn -0.83399 -0 0.55178
vn -0.91304 -0 0.40787
vn -0.97195 -0 -0.23519
vn -0.84396 -0 -0.53641
vn -0.7448 -0 -0.66729
vn -0.92614 -0 -0.37718
vn 0.98719 -0.0667 -0.14494
vn 0.99546 0.00418 -0.09506
vn 0.98136 0 -0.19218
vn 0.97111 0 -0.23865
vn 0.94119 -0.06255 -0.33203
vn 0.95862 0.00836 -0.28458
vn 0.92614 0 -0.37718
vn 0.90714 0 -0.42082
vn 0.86006 -0.0584 -0.50684
vn 0.88602 0.01254 -0.46347
vn 0.83639 0 -0.54813
vn 0.80937 0 -0.5873
vn 0.78023 -0.02636 -0.62493
vn 0.74788 0.00812 -0.66379
vn 0.71547 0 -0.69864
vn 0.68142 0 -0.73189
vn 0.64563 -0.02434 -0.76326
vn 0.60637 0.01014 -0.79512
vn 0.56788 0 -0.82311
vn 0.52807 0 -0.8492
vn 0.48694 -0.02231 -0.87315
vn 0.44226 0.01217 -0.89681
vn 0.39911 0 -0.9169
vn 0.35503 0 -0.93485
vn 0.31008 -0.02028 -0.95049
vn 0.26166 0.0142 -0.96505
vn 0.21547 -0 -0.97651
vn 0.16876 -0 -0.98566
vn 0.12165 -0.01826 -0.9924
vn 0.07133 0.01623 -0.99732
vn 0.0238 -0 -0.99972
vn -0.0238 0 -0.99972
vn -0.07133 -0.01623 -0.99732
vn -0.12165 0.01826 -0.9924
vn -0.16876 0 -0.98566
vn -0.21547 0 -0.97651
vn -0.26166 -0.0142 -0.96505
vn -0.31008 0.02028 -0.95049
vn -0.35503 0 -0.93485
vn -0.39911 0 -0.9169
vn -0.44226 -0.01217 -0.89681
vn -0.48694 0.02231 -0.87315
vn -0.52807 0 -0.8492
vn -0.56788 0 -0.82311
vn -0.60637 -0.01014 -0.79512
vn -0.64563 0.02434 -0.76326
vn -0.68142 -0 -0.73189
vn -0.71547 -0 -0.69864
vn -0.74788 -0.00812 -0.66379
vn -0.78023 0.02636 -0.62493
vn -0.80937 -0 -0.5873
vn -0.83639 -0 -0.54813
vn -0.88602 -0.01254 -0.46347
vn -0.86006 0.0584 -0.50684
vn -0.90714 -0 -0.42082
vn -0.95862 -0.00836 -0.28458
vn -0.94119 0.06255 -0.33203
vn -0.97111 -0 -0.23865
vn -0.98719 0.0667 -0.14494
vn -0.99546 -0.00418 -0.09506
vn -0.98136 -0 -0.19218
vn -0.99887 -0 -0.04758
vn -0.99887 0 0.04758
vn -0.99495 0.03243 0.09501
vn -0.98939 -0.00203 0.14526
vn -0.98136 -0 0.19218
vn -0.97111 -0 0.23865
vn -0.95821 0.03041 0.28445
vn -0.94303 -0.00406 0.33268
vn -0.92614 -0 0.37718
vn -0.90714 0 0.42082
vn -0.88574 0.02839 0.46332
vn -0.86151 -0.00609 0.5077
vn -0.83639 -0 0.54813
vn -0.80937 -0 0.5873
vn -0.78023 0.02636 0.62493
vn -0.74788 -0.00812 0.66379
vn -0.71547 0 0.69864
vn -0.68142 0 0.73189
vn -0.64563 0.02434 0.76326
vn -0.60637 -0.01014 0.79512
vn -0.56788 -0 0.82311
vn -0.52807 -0 0.8492
vn -0.48694 0.02231 0.87315
vn -0.44226 -0.01217 0.89681
vn -0.39911 -0 0.9169
vn -0.35503 0 0.93485
vn -0.31008 0.02028 0.95049
vn -0.26166 -0.0142 0.96505
vn -0.21547 0 0.97651
vn -0.16876 0 0.98566
vn -0.12165 0.01826 0.9924
vn -0.07133 -0.01623 0.99732
vn -0.0238 -0 0.99972
vn 0.0238 0 0.99972
vn 0.07133 0.01623 0.99732
vn 0.12165 -0.01826 0.9924
vn 0.16876 0 0.98566
vn 0.21547 0 0.97651
vn 0.26166 0.0142 0.96505
vn 0.31008 -0.02028 0.95049
vn 0.35503 0 0.93485
vn 0.39911 0 0.9169
vn 0.44226 0.01217 0.89681
vn 0.48694 -0.02231 0.87315
vn 0.52807 0 0.8492
vn 0.56788 0 0.82311
vn 0.60637 0.01014 0.79512
vn 0.64563 -0.02434 0.76326
vn 0.68142 0 0.73189
vn 0.71547 0 0.69864
vn 0.74788 0.00812 0.66379
vn 0.78023 -0.02636 0.62493
vn 0.80937 0 0.5873
vn 0.83639 0 0.54813
vn 0.86151 0.00609 0.5077
vn 0.88574 -0.02839 0.46332
vn 0.90714 0 0.42082
vn 0.92614 0 0.37718
vn 0.94303 0.00406 0.33268
vn 0.95821 -0.03041 0.28445
vn 0.97111 0 0.23865
vn 0.98136 0 0.19218
vn 0.98939 0.00203 0.14526
vn 0.99495 -0.03243 0.09501
vn 0.99887 -0 0.04758
vn 0.99887 0 -0.04758
vn 0.9659 0.007 -0.25881
vn 0.87591 0 -0.48247
vn 0.73501 0 -0.67806
vn 0.70705 0.01285 -0.70705
vn 0.53447 0 -0.84519
vn 0.25878 0.01755 -0.96578
vn 0.06038 -0 -0.99818
vn -0.18026 -0 -0.98362
vn -0.25876 0.02107 -0.96571
vn -0.42869 -0 -0.90345
vn -0.63245 -0 -0.7746
vn -0.70691 0.02342 -0.70691
vn -0.81138 -0 -0.58452
vn -0.92769 -0 -0.37336
vn -0.96563 0.0246 -0.25874
vn -0.99271 -0 -0.12054
vn -0.99271 -0 0.12054
vn -0.96563 0.0246 0.25874
vn -0.92769 -0 0.37336
vn -0.81138 -0 0.58452
vn -0.70691 0.02342 0.70691
vn -0.63245 -0 0.7746
vn -0.42869 0 0.90345
vn -0.25876 0.02107 0.96571
vn -0.18026 0 0.98362
vn 0.06038 0 0.99818
vn 0.25878 0.01754 0.96578
vn 0.31667 0 0.94854
vn 0.53446 0 0.84519
vn 0.70705 0.01285 0.70705
vn 0.73501 0 0.67806
vn 0.87591 0 0.48247
vn 0.9659 0.007 0.25881
vn 0.97094 0 0.23932
vn 0.97094 0 -0.23932
vn 0.51944 0.7075 0.47919
vn 0.42126 0.7069 0.56818
vn 0.37807 0.70682 0.59788
vn 0.25652 0.69044 0.67638
vn 0.22619 0.69985 0.67753
vn 0.04274 0.70646 0.70646
vn -0.08745 0.68823 0.7202
vn -0.12851 0.70124 0.70124
vn -0.30362 0.70596 0.63987
vn -0.41298 0.68665 0.5983
vn -0.45011 0.70248 0.55129
vn -0.57518 0.70531 0.41437
vn -0.64452 0.68569 0.33827
vn -0.65923 0.70357 0.26532
vn -0.70451 0.70451 0.08554
vn -0.7282 0.68537 -0
vn -0.70451 0.70451 -0.08554
vn -0.63527 0.69661 -0.33342
vn -0.69205 0.66595 -0.27853
vn -0.57518 0.70531 -0.41437
vn -0.40756 0.69661 -0.59045
vn -0.46797 0.67267 -0.57316
vn -0.30362 0.70596 -0.63987
vn -0.08648 0.69661 -0.71222
vn -0.13232 0.67909 -0.72203
vn 0.04273 0.70646 -0.70646
vn 0.25441 0.69661 -0.67083
vn 0.23064 0.68521 -0.69086
vn 0.37808 0.70682 -0.59788
vn 0.53702 0.69661 -0.47576
vn 0.48552 0.71714 0.49998
vn 0.58664 0.70448 0.39946
vn 0.61931 0.70717 0.34113
vn 0.6238 0.7071 0.33299
vn 0.69661 0.69661 0.1717
vn 0.69661 0.69661 0.1717
vn 0.69661 0.69661 -0.1717
vn 0.69661 0.69661 -0.1717
vn 0.61943 0.70704 -0.34119
vn 0.53127 0.69105 -0.49011
vn 0.73501 0 -0.67806
vn 0.70705 0.01285 -0.70705
vn 0.53446 0 -0.84519
vn 0.31667 0 -0.94854
vn 0.25878 0.01755 -0.96578
vn 0.06038 0 -0.99818
vn -0.18026 0 -0.98362
vn -0.25876 0.02107 -0.96571
vn -0.42869 -0 -0.90345
vn -0.63245 -0 -0.7746
vn -0.70691 0.02342 -0.70691
vn -0.81138 -0 -0.58452
vn -0.92768 -0 -0.37336
vn -0.96563 0.0246 -0.25874
vn -0.99271 -0 -0.12053
vn -0.99271 -0 0.12053
vn -0.96563 0.0246 0.25874
vn -0.92768 -0 0.37336
vn -0.81138 -0 0.58452
vn -0.70691 0.02342 0.70691
vn -0.63245 -0 0.7746
vn -0.42869 0 0.90345
vn -0.25876 0.02107 0.96571
vn -0.18026 0 0.98362
vn 0.06038 0 0.99818
vn 0.25878 0.01755 0.96578
vn 0.31667 0 0.94854
vn 0.53447 0 0.84519
vn 0.70705 0.01285 0.70705
vn 0.73501 0 0.67806
vn 0.53946 0.69324 0.47792
vn 0.52612 0.69831 0.48536
vn 0.37808 0.70682 0.59788
vn 0.25652 0.69044 0.67638
vn 0.22619 0.69985 0.67753
vn 0.04273 0.70646 0.70646
vn -0.08745 0.68823 0.7202
vn -0.12851 0.70124 0.70124
vn -0.30362 0.70596 0.63987
vn -0.45011 0.70248 0.55129
vn -0.57519 0.70531 0.41437
vn -0.64452 0.68569 0.33827
vn -0.65923 0.70357 0.26532
vn -0.70452 0.70451 0.08554
vn -0.7282 0.68537 -0
vn -0.70452 0.70451 -0.08554
vn -0.66208 0.7042 -0.2564
vn -0.657 0.706 -0.26442
vn -0.58664 0.70448 -0.39946
vn -0.57381 0.70701 -0.41338
vn -0.53556 0.70708 -0.46176
vn -0.48745 0.70577 -0.51409
vn -0.44429 0.71169 -0.54415
vn -0.35385 0.69842 -0.6221
vn -0.30362 0.70596 -0.63987
vn -0.08648 0.69661 -0.71222
vn -0.13232 0.67909 -0.72203
vn 0.04274 0.70646 -0.70646
vn 0.25441 0.69661 -0.67083
vn 0.23064 0.68521 -0.69086
vn 0.37807 0.70682 -0.59788
vn 0.53702 0.69661 -0.47576
vn 0.53127 0.69105 -0.49011
vn 0.61943 0.70703 -0.34119
vn 0.69661 0.69661 -0.1717
vn 0.69661 0.69661 -0.1717
vn 0.69661 0.69661 0.1717
vn 0.69661 0.69661 0.1717
vn 0.61943 0.70703 0.34119
vn 0.9659 0.007 -0.25881
vn 0.87592 0 -0.48246
vn 0.73501 0 -0.67806
vn 0.70705 0.01285 -0.70705
vn 0.53446 0 -0.84519
vn 0.31667 0 -0.94854
vn 0.25878 0.01755 -0.96578
vn 0.06038 -0 -0.99818
vn -0.18025 0 -0.98362
vn -0.25876 0.02107 -0.96571
vn -0.42869 -0 -0.90345
vn -0.63245 -0 -0.77461
vn -0.70691 0.02342 -0.70691
vn -0.81138 -0 -0.58452
vn -0.92769 -0 -0.37336
vn -0.96563 0.0246 -0.25874
vn -0.99271 -0 -0.12054
vn -0.99271 -0 0.12054
vn -0.96563 0.0246 0.25874
vn -0.92769 -0 0.37336
vn -0.81138 -0 0.58452
vn -0.70691 0.02342 0.70691
vn 0.06038 0 0.99818
vn 0.25878 0.01755 0.96578
vn 0.31667 0 0.94854
vn 0.53446 0 0.84519
vn 0.70705 0.01285 0.70705
vn 0.73501 0 0.67806
vn 0.87592 0 0.48246
vn 0.9659 0.007 0.25881
vn 0.97094 0 -0.23932
vn 0.67046 0.71714 0.19024
vn 0.68256 0.7112 0.16824
vn 0.6434 0.70659 0.29457
vn 0.61943 0.70704 0.34119
vn 0.53946 0.69324 0.47792
vn 0.52612 0.69831 0.48535
vn 0.37808 0.70682 0.59788
vn 0.25652 0.69044 0.67638
vn 0.22619 0.69985 0.67753
vn 0.04273 0.70646 0.70646
vn -0.08745 0.68823 0.7202
vn -0.12851 0.70124 0.70124
vn -0.30362 0.70596 0.63987
vn -0.41298 0.68665 0.5983
vn -0.45011 0.70248 0.55129
vn -0.57518 0.70531 0.41437
vn -0.64452 0.68569 0.33827
vn -0.65923 0.70357 0.26532
vn -0.70451 0.70451 0.08554
vn -0.70451 0.70451 -0.08554
vn -0.63527 0.69661 -0.33342
vn -0.69205 0.66595 -0.27853
vn -0.57518 0.70531 -0.41437
vn -0.40756 0.69661 -0.59045
vn -0.46797 0.67267 -0.57316
vn -0.30362 0.70596 -0.63987
vn -0.08648 0.69661 -0.71222
vn -0.13232 0.67909 -0.72203
vn 0.04273 0.70646 -0.70646
vn 0.25441 0.69661 -0.67083
vn 0.23064 0.68521 -0.69086
vn 0.37807 0.70682 -0.59788
vn 0.53702 0.69661 -0.47576
vn 0.70577 0.70575 0.06169
vn 0.70707 0.70708 -0.00934
vn 0.69242 0.70102 -0.17067
vn 0.69322 0.69774 -0.18057
vn 0.61943 0.70704 -0.34119
vn 0.53127 0.69105 -0.49011
vn 0.73501 0 -0.67806
vn 0.70705 0.01285 -0.70705
vn 0.53446 0 -0.84519
vn 0.31667 0 -0.94854
vn 0.25878 0.01754 -0.96578
vn 0.06038 0 -0.99818
vn -0.25876 0.02107 -0.96571
vn -0.42869 0 -0.90345
vn -0.63245 -0 -0.7746
vn -0.70691 0.02342 -0.70691
vn -0.81138 -0 -0.58452
vn -0.81138 -0 0.58452
vn -0.70691 0.02342 0.70691
vn -0.63244 0 0.77461
vn -0.42869 0 0.90345
vn -0.25876 0.02107 0.96571
vn -0.18025 0 0.98362
vn 0.06037 0 0.99818
vn 0.25878 0.01755 0.96578
vn 0.31667 0 0.94854
vn 0.53446 0 0.84519
vn 0.70705 0.01285 0.70705
vn 0.73501 0 0.67806
vn 0.53946 0.69324 0.47792
vn 0.52612 0.69831 0.48536
vn 0.37808 0.70682 0.59788
vn 0.25652 0.69044 0.67638
vn 0.22619 0.69985 0.67753
vn 0.04273 0.70646 0.70646
vn -0.08745 0.68823 0.7202
vn -0.12851 0.70124 0.70124
vn -0.30362 0.70596 0.63987
vn -0.41298 0.68665 0.5983
vn -0.45011 0.70248 0.55129
vn -0.57519 0.70531 0.41437
vn -0.64452 0.68569 0.33827
vn -0.63527 0.69661 -0.33342
vn -0.69205 0.66595 -0.27853
vn -0.57519 0.70531 -0.41437
vn -0.40756 0.69661 -0.59045
vn -0.46797 0.67267 -0.57316
vn -0.30362 0.70596 -0.63987
vn -0.08648 0.69661 -0.71222
vn -0.13232 0.67909 -0.72203
vn 0.04274 0.70646 -0.70646
vn 0.25441 0.69661 -0.67083
vn 0.23064 0.68521 -0.69086
vn 0.37808 0.70682 -0.59788
vn 0.53702 0.69661 -0.47576
vn 0.53127 0.69105 -0.49011
vn 0.61943 0.70703 -0.34119
vn 0.69661 0.69661 -0.1717
vn 0.69661 0.69661 -0.1717
vn 0.69661 0.69661 0.1717
vn 0.69661 0.69661 0.1717
vn 0.61943 0.70703 0.34119
vn 0.9659 0.007 -0.25881
vn 0.73501 0 -0.67806
vn 0.70705 0.01285 -0.70705
vn 0.53446 0 -0.84519
vn 0.31667 0 -0.94854
vn 0.25878 0.01755 -0.96578
vn 0.06038 0 -0.99818
vn -0.70691 0.02342 -0.70691
vn -0.81138 -0 -0.58452
vn -0.92768 -0 -0.37336
vn -0.96563 0.0246 -0.25874
vn -0.99271 -0 -0.12053
vn -0.99271 -0 0.12053
vn -0.96563 0.0246 0.25874
vn -0.92768 -0 0.37336
vn -0.81138 0 0.58452
vn -0.70691 0.02342 0.70691
vn -0.63245 0 0.77461
vn -0.42869 0 0.90345
vn -0.25876 0.02107 0.96571
vn -0.18025 0 0.98362
vn 0.06038 0 0.99818
vn 0.25878 0.01755 0.96578
vn 0.31667 0 0.94854
vn 0.53446 0 0.84519
vn 0.70705 0.01285 0.70705
vn 0.9659 0.007 0.25881
vn 0.97094 0 0.23932
vn 0.53946 0.69324 0.47792
vn 0.52612 0.69831 0.48536
vn 0.37807 0.70682 0.59788
vn 0.25652 0.69044 0.67638
vn 0.22619 0.69985 0.67753
vn 0.04273 0.70646 0.70646
vn -0.08745 0.68823 0.7202
vn -0.12851 0.70124 0.70124
vn -0.30362 0.70596 0.63987
vn -0.41298 0.68665 0.5983
vn -0.45011 0.70248 0.55129
vn -0.57519 0.70531 0.41437
vn -0.64452 0.68569 0.33827
vn -0.65923 0.70357 0.26532
vn -0.7028 0.70505 0.09473
vn -0.7025 0.70655 0.0853
vn -0.70777 0.70448 -0.05263
vn -0.70032 0.70875 -0.08503
vn -0.69204 0.70691 -0.14617
vn -0.67446 0.70632 -0.21499
vn -0.65267 0.71065 -0.26268
vn -0.61202 0.69608 -0.37538
vn -0.57519 0.70531 -0.41437
vn -0.40756 0.69661 -0.59045
vn -0.46797 0.67267 -0.57316
vn -0.30362 0.70596 -0.63987
vn -0.08648 0.69661 -0.71222
vn -0.13232 0.67909 -0.72203
vn 0.04273 0.70646 -0.70646
vn 0.25441 0.69661 -0.67083
vn 0.23064 0.68521 -0.69086
vn 0.37808 0.70682 -0.59788
vn 0.53702 0.69661 -0.47576
vn 0.53127 0.69105 -0.49011
vn 0.61943 0.70703 -0.34119
vn 0.69661 0.69661 -0.1717
vn 0.69661 0.69661 0.1717
vn 0.69661 0.69661 0.1717
vn 0.61943 0.70703 0.34119
vn 0.9659 0.007 -0.25881
vn 0.87592 0 -0.48246
vn 0.70705 0.01285 -0.70705
vn 0.53446 0 -0.84519
vn 0.31667 -0 -0.94854
vn 0.25878 0.01755 -0.96578
vn 0.06037 0 -0.99818
vn -0.18025 0 -0.98362
vn -0.25876 0.02107 -0.96571
vn -0.42869 -0 -0.90345
vn -0.63244 -0 -0.77461
vn -0.70691 0.02342 -0.70691
vn -0.81138 -0 -0.58452
vn -0.92769 -0 -0.37336
vn -0.96563 0.0246 -0.25874
vn -0.99271 -0 -0.12054
vn -0.99271 -0 0.12054
vn -0.96563 0.0246 0.25874
vn -0.92769 -0 0.37336
vn -0.81138 0 0.58452
vn -0.70691 0.02342 0.70691
vn -0.42869 0 0.90345
vn -0.25876 0.02107 0.96571
vn -0.18026 0 0.98362
vn 0.06038 0 0.99818
vn 0.25878 0.01755 0.96578
vn 0.53446 0 0.84519
vn 0.70705 0.01285 0.70705
vn 0.73501 0 0.67806
vn 0.87592 0 0.48246
vn 0.9659 0.007 0.25881
vn 0.97094 0 0.23932
vn 0.97094 0 -0.23932
vn 0.53946 0.69324 0.47792
vn 0.52612 0.69831 0.48535
vn 0.37808 0.70682 0.59788
vn 0.25652 0.69044 0.67638
vn 0.04274 0.70646 0.70646
vn -0.08745 0.68823 0.7202
vn -0.12851 0.70124 0.70124
vn -0.30362 0.70596 0.63987
vn -0.41298 0.68665 0.5983
vn -0.57519 0.70531 0.41437
vn -0.64452 0.68569 0.33827
vn -0.65923 0.70357 0.26532
vn -0.70452 0.70451 0.08554
vn -0.7282 0.68537 -0
vn -0.70452 0.70451 -0.08554
vn -0.63527 0.69661 -0.33342
vn -0.69205 0.66595 -0.27853
vn -0.57519 0.70531 -0.41437
vn -0.40756 0.69661 -0.59045
vn -0.46797 0.67267 -0.57316
vn -0.30362 0.70596 -0.63987
vn -0.13756 0.70207 -0.69869
vn -0.12794 0.70445 -0.69813
vn 0.03352 0.70557 -0.70785
vn 0.04273 0.70646 -0.70646
vn 0.10405 0.70698 -0.69954
vn 0.22405 0.7067 -0.67111
vn 0.19075 0.7145 -0.67313
vn 0.33475 0.70259 -0.62794
vn 0.37808 0.70682 -0.59788
vn 0.53702 0.69661 -0.47576
vn 0.53127 0.69105 -0.49011
vn 0.61943 0.70704 -0.34119
vn 0.69661 0.69661 -0.1717
vn 0.69661 0.69661 -0.1717
vn 0.69661 0.69661 0.1717
vn 0.69661 0.69661 0.1717
vn 0.61943 0.70704 0.34119
vn -0.68806 -0.69696 0.20203
vn -0.67931 -0.7056 0.20166
vn -0.65489 -0.7071 0.26671
vn -0.64445 -0.6887 0.33224
vn -0.62781 -0.70569 0.3284
vn -0.59143 -0.70709 0.38759
vn -0.5758 -0.68075 0.45281
vn -0.55293 -0.70579 0.44287
vn -0.50593 -0.70708 0.49403
vn -0.48426 -0.67317 0.55887
vn -0.45746 -0.70588 0.54081
vn -0.40157 -0.70707 0.58206
vn -0.37297 -0.666 0.64601
vn -0.34496 -0.70596 0.61856
vn -0.27779 -0.707 0.65038
vn -0.28436 -0.70169 0.65327
vn -0.21008 -0.72192 0.65932
vn -0.21964 -0.70605 0.67324
vn -0.15238 -0.70703 0.69057
vn -0.10777 -0.65308 0.74958
vn -0.08615 -0.70613 0.70283
vn -0.01683 -0.70701 0.70701
vn 0.03626 -0.64741 0.76128
vn 0.05051 -0.7062 0.70621
vn 0.11936 -0.70698 0.69709
vn 0.18069 -0.64232 0.74483
vn 0.18526 -0.70628 0.68326
vn 0.2511 -0.70695 0.66119
vn 0.31994 -0.63783 0.70058
vn 0.31308 -0.70635 0.63486
vn 0.3735 -0.70692 0.60064
vn 0.44859 -0.63398 0.62995
vn 0.42921 -0.70642 0.56281
vn 0.48199 -0.70688 0.51769
vn 0.56158 -0.6308 0.53546
vn 0.52932 -0.70648 0.4698
vn 0.57252 -0.70684 0.41544
vn 0.65447 -0.6283 0.4206
vn 0.60968 -0.70654 0.35929
vn 0.64173 -0.7068 0.29769
vn 0.72359 -0.6265 0.28968
vn 0.76619 -0.62542 -0.14767
vn 0.66731 -0.7066 0.23541
vn 0.68702 -0.70675 0.16883
vn 0.76619 -0.62542 0.14767
vn 0.70006 -0.70665 0.10278
vn 0.70671 -0.70671 0.03366
vn 0.70671 -0.7067 0.03367
vn 0.70671 -0.7067 -0.03366
vn 0.70671 -0.70671 -0.03367
vn 0.70006 -0.70665 -0.10278
vn 0.68702 -0.70675 -0.16883
vn 0.66731 -0.7066 -0.23541
vn 0.72359 -0.6265 -0.28968
vn 0.64173 -0.7068 -0.29769
vn 0.5962 -0.7055 -0.38316
vn 0.71409 -0.55946 -0.42082
vn 0.57252 -0.70684 -0.41544
vn 0.51292 -0.7055 -0.48907
vn 0.6128 -0.57328 -0.5439
vn 0.48199 -0.70688 -0.51769
vn 0.41109 -0.7055 -0.5773
vn 0.4911 -0.58662 -0.64397
vn 0.3735 -0.70692 -0.60064
vn 0.29441 -0.7055 -0.64467
vn 0.35399 -0.59951 -0.71783
vn 0.2511 -0.70695 -0.66119
vn 0.16708 -0.7055 -0.68873
vn 0.20697 -0.61194 -0.76335
vn 0.11936 -0.70698 -0.69709
vn 0.03372 -0.7055 -0.70791
vn 0.05575 -0.62392 -0.77949
vn -0.01683 -0.70701 -0.70701
vn -0.10086 -0.7055 -0.7015
vn -0.09395 -0.63549 -0.76638
vn -0.15238 -0.70703 -0.69057
vn -0.2318 -0.7055 -0.66973
vn -0.23658 -0.64663 -0.72519
vn -0.28224 -0.70705 -0.6484
vn -0.35436 -0.7055 -0.61376
vn -0.36703 -0.65737 -0.65814
vn -0.40157 -0.70707 -0.58206
vn -0.46411 -0.7055 -0.53561
vn -0.48075 -0.66773 -0.56835
vn -0.50593 -0.70708 -0.49403
vn -0.55708 -0.7055 -0.4381
vn -0.57393 -0.6777 -0.4597
vn -0.59143 -0.70709 -0.38759
vn -0.62993 -0.7055 -0.32475
vn -0.64362 -0.68732 -0.33667
vn -0.65489 -0.7071 -0.26671
vn -0.68 -0.7055 -0.19967
vn -0.68781 -0.69658 -0.20419
vn -0.69393 -0.7071 -0.1359
vn -0.7055 -0.7055 -0.06737
vn -0.7055 -0.7055 -0.06737
vn -0.7055 -0.7055 0.06737
vn -0.7055 -0.7055 0.06737
vn -0.69393 -0.7071 0.1359
vn 0.68806 0.69696 0.20203
vn 0.67931 0.7056 0.20166
vn 0.65489 0.7071 0.26671
vn 0.64445 0.6887 0.33224
vn 0.62781 0.70569 0.3284
vn 0.59143 0.70709 0.38759
vn 0.5758 0.68075 0.45281
vn 0.55293 0.70579 0.44287
vn 0.50593 0.70708 0.49403
vn 0.48426 0.67317 0.55887
vn 0.45746 0.70588 0.54081
vn 0.40157 0.70707 0.58206
vn 0.37297 0.666 0.64601
vn 0.34496 0.70596 0.61856
vn 0.28224 0.70705 0.6484
vn 0.24592 0.65929 0.71053
vn 0.21964 0.70605 0.67324
vn 0.15238 0.70703 0.69057
vn 0.10777 0.65308 0.74958
vn 0.08615 0.70613 0.70283
vn 0.01683 0.70701 0.70701
vn -0.03626 0.64741 0.76128
vn -0.05051 0.7062 0.70621
vn -0.11936 0.70698 0.69709
vn -0.18069 0.64232 0.74483
vn -0.18526 0.70628 0.68326
vn -0.2511 0.70695 0.66119
vn -0.31994 0.63783 0.70058
vn -0.31308 0.70635 0.63486
vn -0.3735 0.70692 0.60064
vn -0.44859 0.63398 0.62995
vn -0.42921 0.70642 0.56281
vn -0.48199 0.70688 0.51769
vn -0.56158 0.6308 0.53546
vn -0.52932 0.70648 0.4698
vn -0.57252 0.70684 0.41544
vn -0.65447 0.6283 0.4206
vn -0.60968 0.70654 0.35929
vn -0.64173 0.7068 0.29769
vn -0.72359 0.6265 0.28968
vn -0.76619 0.62542 -0.14767
vn -0.66731 0.7066 0.23541
vn -0.68702 0.70675 0.16883
vn -0.76619 0.62542 0.14767
vn -0.70006 0.70665 0.10278
vn -0.70671 0.70671 0.03366
vn -0.70671 0.7067 0.03367
vn -0.70671 0.7067 -0.03366
vn -0.70671 0.70671 -0.03367
vn -0.70006 0.70665 -0.10278
vn -0.68702 0.70675 -0.16883
vn -0.66731 0.7066 -0.23541
vn -0.72359 0.6265 -0.28968
vn -0.64173 0.7068 -0.29769
vn -0.5962 0.7055 -0.38316
vn -0.71409 0.55946 -0.42082
vn -0.57252 0.70684 -0.41544
vn -0.51292 0.7055 -0.48907
vn -0.6128 0.57328 -0.5439
vn -0.48199 0.70688 -0.51769
vn -0.41109 0.7055 -0.5773
vn -0.4911 0.58662 -0.64397
vn -0.3735 0.70692 -0.60064
vn -0.29441 0.7055 -0.64467
vn -0.35399 0.59951 -0.71783
vn -0.2511 0.70695 -0.66119
vn -0.16708 0.7055 -0.68873
vn -0.20697 0.61194 -0.76335
vn -0.11936 0.70698 -0.69709
vn -0.03372 0.7055 -0.70791
vn -0.05575 0.62392 -0.77949
vn 0.01683 0.70701 -0.70701
vn 0.10086 0.7055 -0.7015
vn 0.09395 0.63549 -0.76638
vn 0.15238 0.70703 -0.69057
vn 0.2318 0.7055 -0.66973
vn 0.23658 0.64663 -0.72519
vn 0.28224 0.70705 -0.6484
vn 0.35436 0.7055 -0.61376
vn 0.36703 0.65737 -0.65814
vn 0.40157 0.70707 -0.58206
vn 0.46411 0.7055 -0.53561
vn 0.48075 0.66773 -0.56835
vn 0.50593 0.70708 -0.49403
vn 0.55708 0.7055 -0.4381
vn 0.57393 0.6777 -0.4597
vn 0.59143 0.70709 -0.38759
vn 0.62993 0.7055 -0.32475
vn 0.64362 0.68732 -0.33667
vn 0.65489 0.7071 -0.26671
vn 0.68 0.7055 -0.19967
vn 0.68781 0.69658 -0.20419
vn 0.69393 0.7071 -0.1359
vn 0.7055 0.7055 -0.06737
vn 0.7055 0.7055 -0.06737
vn 0.7055 0.7055 0.06737
vn 0.7055 0.7055 0.06737
vn 0.69393 0.7071 0.1359
vn -0.28556 0 -0.95836
vn -0.39727 0 -0.9177
vn -0.86603 -0 0.5
vn 0.39523 0 0.91858
vn 0.28769 0 0.95772
vn 0.98481 0 -0.17365
vn 0.61626 0 -0.78754
vn 0.49198 0 -0.8706
vn -0.92718 -0 -0.37461
vn -0.48106 -0 0.87669
vn -0.57907 0 0.81528
vn 0.17365 0 0.98481
vn -0.44659 -0 0.89474
vn -0.03795 0 0.99928
vn 0.38698 0 0.92209
vn 0.74665 0 0.66522
vn 0.96046 0 0.27841
vn 0.98666 0 -0.16279
vn 0.82012 0 -0.57219
vn -0.99128 -0 -0.13179
vn -0.93182 -0 0.36293
vn -0.641 0 0.76754
vn 0.23407 -0 -0.97222
vn -0.16951 0 -0.98553
vn -0.54545 -0 -0.83814
vn -0.83246 -0 -0.55409
vn -0.71415 0 0.7
vn -0.28769 0 0.95772
vn 0.21019 0 0.97766
vn 0.46741 0 0.88404
vn 0.836 0 0.54873
vn 0.99702 0 0.07718
vn 0.92947 0 -0.3689
vn 0.70779 0 -0.70642
vn 0.37071 -0 -0.92875
vn -0.02682 0 -0.99964
vn -0.62201 -0 -0.78301
vn -0.88097 -0 -0.47317
vn -0.99628 -0 -0.08619
vn -0.94914 -0 0.31485
vn 0.2036 0.70653 0.67777
vn 0.2036 0.70653 0.67777
vn 0.2797 0.70653 0.65007
vn 0.2797 0.70653 0.65007
vn 0.33576 0.69569 0.63504
vn 0.33576 0.69569 0.63504
vn 0.60053 0.69569 0.39418
vn 0.60053 0.69569 0.39418
vn 0.7162 0.69569 0.05544
vn 0.7162 0.69569 0.05544
vn -0.513 0.69569 0.50284
vn -0.513 0.69569 0.50284
vn -0.20666 0.69569 0.68797
vn -0.20666 0.69569 0.68797
vn 0.15099 0.69569 0.70229
vn 0.15099 0.69569 0.7023
vn 0.69636 0.70711 -0.12279
vn 0.69636 0.70711 -0.12279
vn -0.61237 0.70711 0.35355
vn 0.66403 0.69971 -0.26355
vn 0.66403 0.69971 -0.26355
vn 0.50567 0.69971 -0.50468
vn 0.50566 0.69971 -0.50468
vn 0.26484 0.69972 -0.66352
vn 0.26485 0.69971 -0.66352
vn -0.01916 0.69971 -0.71417
vn -0.01916 0.69971 -0.71417
vn -0.44438 0.69971 -0.5594
vn -0.44438 0.69971 -0.5594
vn -0.62939 0.69971 -0.33805
vn -0.62939 0.69971 -0.33805
vn -0.71177 0.69971 -0.06157
vn -0.71177 0.69971 -0.06157
vn -0.67809 0.69971 0.22494
vn -0.67809 0.69971 0.22494
vn -0.2021 0.70648 -0.67826
vn -0.2021 0.70648 -0.67826
vn -0.28116 0.70648 -0.64949
vn -0.28116 0.70648 -0.64949
vn 0.12279 0.70711 0.69636
vn 0.27704 0.6982 0.66012
vn 0.27704 0.6982 0.66012
vn 0.53452 0.6982 0.47623
vn 0.53452 0.69821 0.47623
vn 0.68759 0.69821 0.19931
vn 0.68759 0.6982 0.19931
vn 0.70635 0.6982 -0.11654
vn 0.70635 0.6982 -0.11654
vn 0.58713 0.6982 -0.40963
vn 0.58713 0.6982 -0.40963
vn -0.31936 0.69902 0.63983
vn -0.31936 0.69902 0.63983
vn -0.02714 0.69902 0.71459
vn -0.02714 0.69902 0.71459
vn 0.43638 0.70611 -0.55766
vn 0.43637 0.70612 -0.55765
vn 0.34837 0.70612 -0.61647
vn 0.34837 0.70612 -0.61647
vn -0.40981 0.70651 0.57697
vn -0.40981 0.70651 0.57697
vn -0.34045 0.70651 0.62043
vn -0.34045 0.70652 0.62043
vn 0.16722 0.69972 -0.69458
vn 0.16722 0.69971 -0.69458
vn -0.1211 0.69971 -0.70408
vn -0.1211 0.69971 -0.70409
vn -0.38969 0.69971 -0.59879
vn -0.38969 0.69971 -0.59879
vn -0.59473 0.69971 -0.39586
vn -0.59473 0.69971 -0.39586
vn -0.71207 0.69569 -0.09467
vn -0.71208 0.69569 -0.09467
vn -0.66936 0.69569 0.26071
vn -0.66936 0.69569 0.26071
vn -0.46046 0.69569 0.55136
vn -0.46046 0.69569 0.55136
vn -0.65562 0.70711 -0.26489
vn -0.65562 0.70711 -0.26489
vn 0.97943 0 -0.20179
vn -0.58575 0.69972 -0.40901
vn -0.58575 0.69972 -0.40901
vn -0.69972 0.69972 -0.14417
vn -0.69972 0.69972 -0.14417
vn -0.66709 0.44474 -0.59767
vn -0.66292 0.45474 -0.59476
vn -0.50954 0.70673 -0.49082
vn -0.72425 0.6754 -0.13894
vn -0.82786 0.52394 -0.20033
vn -0.15119 0.62427 0.76644
vn -0.15124 0.38197 0.91172
vn -0.15144 0.3805 0.9123
vn 0.56806 0.66945 0.47869
vn 0.59592 0.60709 0.52566
vn 0.64094 0.484 0.59576
vn 0.70091 0.70031 0.13528
vn 0.77387 0.60015 0.20233
vn 0.80406 0.591 0.06495
vn 0.69707 0.70774 0.1149
vn 0.69616 0.70684 0.12546
vn -0.68429 0.70644 -0.1808
vn -0.65189 0.70591 -0.277
vn -0.65189 0.70591 -0.277
vn -0.59777 0.70591 -0.37994
vn -0.59777 0.70591 -0.37994
vn -0.55776 0.70708 -0.43468
vn -0.57255 0.67464 -0.46588
vn -0.15558 0.707 0.68989
vn -0.22869 0.70591 0.67036
vn -0.22869 0.70591 0.67037
vn -0.33531 0.70591 0.6239
vn -0.33531 0.70591 0.62391
vn -0.43289 0.70591 0.56062
vn -0.43289 0.70591 0.56062
vn -0.5188 0.70591 0.48223
vn -0.51879 0.70591 0.48222
vn -0.59071 0.70591 0.39083
vn -0.59071 0.70591 0.39083
vn -0.64671 0.70591 0.28889
vn -0.64671 0.70591 0.28889
vn -0.68526 0.70591 0.17917
vn -0.68527 0.70591 0.17917
vn -0.70535 0.70591 0.06461
vn -0.70535 0.70591 0.06461
vn -0.70645 0.70596 -0.05055
vn -0.72004 0.69193 -0.05268
vn -0.69881 0.70708 -0.10812
vn -0.69742 0.70722 -0.11597
vn 0.50514 0.70657 0.49558
vn 0.43289 0.70591 0.56062
vn 0.43289 0.70591 0.56062
vn 0.33531 0.70591 0.62391
vn 0.22869 0.70591 0.67037
vn 0.22869 0.70591 0.67036
vn 0.11591 0.70591 0.69875
vn 0.11591 0.70591 0.69875
vn -0 0.70591 0.7083
vn -0.08265 0.70689 0.70248
vn -0.11684 0.58226 0.80456
vn 0.68281 0.70623 0.18712
vn 0.64671 0.70591 0.28889
vn 0.64671 0.70591 0.28889
vn 0.59071 0.70591 0.39083
vn 0.59071 0.70591 0.39083
vn 0.55373 0.70711 0.43975
vn 0.55263 0.69995 0.4524
vn 0.70535 0.70591 0.06461
vn 0.70641 0.70591 -0.05168
vn 0.70641 0.70591 -0.05168
vn 0.68843 0.70591 -0.16659
vn 0.68843 0.70591 -0.16659
vn 0.65189 0.70591 -0.277
vn 0.65189 0.70591 -0.277
vn 0.59777 0.70591 -0.37994
vn 0.59777 0.70591 -0.37994
vn 0.52754 0.70591 -0.47264
vn 0.52754 0.70591 -0.47264
vn 0.69972 0.69972 -0.14416
vn 0.69972 0.69972 -0.14417
vn 0.58575 0.69972 -0.40901
vn 0.58575 0.69972 -0.40901
vn 0.49842 -0.707 -0.50172
vn 0.55358 -0.65793 -0.51056
vn 0.58209 -0.62386 -0.52151
vn 0.55342 -0.69348 -0.46131
vn 0.56018 -0.70709 -0.43153
vn 0.45604 -0.70684 0.54075
vn 0.47772 -0.6237 0.61869
vn 0.41014 -0.70678 0.57641
vn -0.59777 -0.70591 -0.37994
vn -0.59778 -0.70591 -0.37994
vn -0.96875 -0.24804 0
vn -0.97719 -0.21005 -0.03135
vn -0.97899 -0.2031 -0.01833
vn -0.98635 -0.16463 -0
vn -0.94742 -0.3187 -0.02865
vn -0.94815 -0.31686 -0.02474
vn -0.94889 -0.31488 -0.02121
vn -0.96122 -0.2758 -0
vn -0.89381 -0.44726 -0.03249
vn -0.89482 -0.42241 -0.14442
vn -0.89185 -0.41597 -0.17768
vn -0.90901 -0.40665 -0.09127
vn -0.91637 -0.39856 -0.03755
vn -0.92263 -0.38565 -0.00543
vn -0.92634 -0.37668 -0.00083
vn -0.94787 -0.31841 0.01264
vn -0.94136 -0.33051 -0.06793
vn -0.9455 -0.32325 -0.03924
vn -0.84856 -0.52887 -0.01564
vn -0.84413 -0.53608 -0.00725
vn -0.84259 -0.53844 -0.01156
vn -0.85228 -0.52241 -0.02672
vn -0.85563 -0.51567 -0.04453
vn -0.85298 -0.52152 -0.0211
vn -0.88028 -0.47446 0.00167
vn -0.88767 -0.46047 -0.00374
vn -0.76172 -0.64791 -0
vn -0.77679 -0.62975 -0.00394
vn -0.79175 -0.6107 -0.01377
vn -0.78926 -0.61396 -0.01073
vn -0.81014 -0.58623 -0.00179
vn -0.82623 -0.56333 0.00147
vn -0.50052 0.01809 0.86553
vn -0.84131 0 0.54055
vn -0.76709 0.01008 0.64146
vn -0.82509 0.00026 0.565
vn -0.79912 0.00523 0.60115
vn -0.84281 -0.00947 0.53813
vn -0.83566 -0.00721 0.54919
vn -0.55031 -0.01065 0.83489
vn -0.57934 0.00687 0.81506
vn -0.61812 -0.00464 0.78607
vn -0.6368 0.00038 0.77103
vn -0.66888 -0.00044 0.74337
vn -0.67034 -6E-05 0.74206
vn -0.69138 2E-05 0.72249
vn -0.70118 0.00062 0.71298
vn -0.71992 -0.00181 0.69405
vn -0.74496 0.00265 0.66711
vn -0.80724 -0.00902 0.59016
vn -0.22214 -2E-05 0.97501
vn -0.82278 0.00306 0.56835
vn -0.84256 0.00716 0.53855
vn -0.70307 -1E-05 0.71112
vn -0.69407 -0.00074 0.71991
vn -0.70893 6E-05 0.70528
vn -0.7405 -0.00015 0.67206
vn -0.73376 -0.00104 0.67941
vn -0.78529 0.00158 0.61913
vn -0.75718 -0.00366 0.6532
vn -0.77068 -0.00183 0.63722
vn -0.78909 -0.00442 0.61426
vn -0.79993 -0.00249 0.60009
vn -0.815 -0 0.57946
vn -0.815 -0 0.57946
vn -0.79993 0.00249 0.60009
vn -0.78909 0.00442 0.61426
vn -0.77752 0.00674 0.62883
vn -0.76357 0.0102 0.64564
vn -0.84005 -0.01435 0.54232
vn -0.69369 0 0.72027
vn -0.69521 5E-05 0.71881
vn -0.70625 -6E-05 0.70796
vn -0.70888 -0.00015 0.70533
vn -0.73528 0.00051 0.67776
vn -0.73353 0.00072 0.67966
vn -0.78028 -0.00108 0.62543
vn -0.81608 -0.00747 0.57789
vn -0.67315 -2E-05 0.7395
vn -0.63199 0.00355 0.77497
vn -0.66447 -0.00407 0.7473
vn -0.57299 0.00445 0.81955
vn -0.60451 -0.00362 0.79659
vn -0.55013 0.00028 0.83508
vn -0.51694 -0.00034 0.85602
vn -0.51277 1E-05 0.85853
vn -0.47964 -1E-05 0.87747
vn -0.46736 0.00076 0.88407
vn -0.44822 -0.00021 0.89392
vn -0.39218 0.00073 0.91989
vn -0.38623 -0.00025 0.9224
vn -0.30729 0.00019 0.95162
vn -0.32252 0.00199 0.94656
vn -0.28795 -0 0.95764
vn -0.25725 0 0.96635
vn -0.21348 -0.00196 0.97695
vn -0.23664 -0.00524 0.97158
vn -0.21488 -0.00259 0.97664
vn -0.09657 -0.00855 0.99529
vn -0.09824 -0.00592 0.99514
vn -0.11768 -0.00106 0.99305
vn -0.16672 0.00071 0.986
vn -0.57544 -0.0162 0.81768
vn -0.63199 -0.00356 0.77497
vn -0.67315 1E-05 0.7395
vn -0.67547 0.02434 0.73698
vn -0.62952 0.00895 0.77693
vn -0.51798 -0.00715 0.85536
vn -0.5632 0.00403 0.82631
vn -0.5114 -1E-05 0.85934
vn -0.14533 1E-05 0.98938
vn -0.11418 0.00446 0.99345
vn -0.10539 0.00896 0.99439
vn -0.23222 0.01607 0.97253
vn -0.22207 -0 0.97503
vn -0.28023 0 0.95993
vn -0.28795 0.00024 0.95764
vn -0.33862 -0.0011 0.94092
vn -0.32253 -0.00348 0.94655
vn -0.43137 0.00595 0.90215
vn -0.38645 -0.00638 0.92229
vn -0.48535 0.00296 0.87432
vn -0.44839 -0.00195 0.89384
vn -0.47964 0 0.87747
vn -0.88727 0.46124 -0.00219
vn -0.77567 0.63112 -0.0041
vn -0.76653 0.64221 -0.0008
vn -0.75631 0.65421 -0
vn -0.85249 0.52197 -0.02848
vn -0.85311 0.5216 0.01122
vn -0.85809 0.50868 -0.07024
vn -0.85502 0.51705 -0.03999
vn -0.85037 0.52578 -0.02039
vn -0.84692 0.53157 -0.01224
vn -0.84438 0.53568 -0.00815
vn -0.84286 0.53809 -0.00615
vn -0.82571 0.56409 0.00121
vn -0.7893 0.61399 -0.00546
vn -0.80006 0.59947 -0.02299
vn -0.78572 0.61852 -0.00897
vn -0.92158 0.38807 -0.00935
vn -0.91478 0.40106 -0.04824
vn -0.89158 0.41585 -0.17931
vn -0.89502 0.42345 -0.1401
vn -0.89378 0.44735 -0.03209
vn -0.94364 0.33051 -0.01736
vn -0.95642 0.29199 -0.00041
vn -0.94538 0.3234 -0.04095
vn -0.94762 0.31832 -0.02627
vn -0.93355 0.35845 -0.00214
vn -0.92686 0.37541 0.00129
vn -0.97767 0.21015 -0
vn -0.98042 0.18317 -0.0723
vn -0.97123 0.23815 0.00041
vn -0.7856 0.61873 -0
vn -0.765 0.64384 0.01591
vn -0.76664 0.64191 0.01473
vn -0.76831 0.63994 0.01359
vn -0.77195 0.63559 0.01132
vn -0.77946 0.62641 0.00753
vn -0.79063 0.61228 0.00338
vn -0.80455 0.59389 0.00041
vn -0.81956 0.573 -0.00026
vn -0.84361 0.53695 0.00322
vn -0.85175 0.52394 -0.0017
vn -0.89551 0.44503 0.00212
vn -0.89315 0.44977 -0
vn -0.8117 -0.58408 8E-05
vn -0.80272 -0.59636 0.00063
vn -0.78846 -0.61508 0.00404
vn -0.78136 -0.62404 0.00689
vn -0.77619 -0.63043 0.00905
vn -0.75471 -0.65606 -0
vn -0.7856 -0.61873 0.00079
vn -0.76664 -0.64191 0.01473
vn -0.76955 -0.63846 0.01274
vn -0.8201 -0.57221 -0.00018
vn -0.84361 -0.53695 0.00322
vn -0.85175 -0.52394 -0.0017
vn -0.89314 -0.44977 0.0019
vn -0.89551 -0.44503 -0
vn -0.83525 0.00608 0.54983
vn -0.76997 -0.00902 0.63802
vn -0.84235 0.00814 0.53887
vn -0.80502 -0.00366 0.59323
vn -0.83053 -0 0.55698
vn -0.4922 -0.02697 0.87007
vn -0.52085 -0.00539 0.85363
vn -0.59666 0.00899 0.80244
vn -0.58136 -0.00017 0.81365
vn -0.6499 0.00015 0.76002
vn -0.65149 0.00078 0.75865
vn -0.68346 -4E-05 0.72999
vn -0.6855 0 0.72807
vn -0.71385 -4E-05 0.70029
vn -0.69157 -0.00671 0.72228
vn -0.75464 0.00987 0.65607
vn -0.72132 -0.00217 0.6926
vn -0.78679 0.00258 0.61722
vn -0.82786 0.0186 0.56063
vn 0 0.25882 -0.96593
vn 0 0.70711 -0.70711
vn 0 0.96593 -0.25882
vn -0 0.96593 0.25882
vn -0 0.70711 0.70711
vn -0 0.25882 0.96593
vn -0 -0.25882 0.96593
vn -0 -0.96593 0.25882
vn 0 -0.96593 -0.25882
vn 0 -0.25882 -0.96593
vn 0 0.25882 -0.96593
vn -0 0.25882 0.96593
vn -0 -0.25882 0.96593
vn -0 -0.70711 0.70711
vn 0 -0.70711 -0.70711
vn 0 -0.25882 -0.96593
vn -0.00069 -0.92162 -0.3881
vn -0.00322 0.92348 0.38364
vn 0.00036 0.63726 0.77065
vn -0.01133 0.74618 0.66565
vn -0.01049 0.7431 0.66909
vn -2E-05 0.83564 0.54927
vn 1E-05 0.87793 0.47879
vn -0.00049 0.50683 0.86204
vn -0.01132 0.40671 0.91349
vn -0.00406 0.3523 0.93588
vn -1E-05 -0.14948 0.98876
vn -0.00373 -0.08087 0.99672
vn -0.00989 0.01418 0.99985
vn -0.00776 0 0.99997
vn 0 0.15717 0.98757
vn -0 0.2422 0.97023
vn 0 -0.23299 0.97248
vn -0.00414 -0.40673 0.91354
vn -0.01465 -0.34567 0.93824
vn -0.00102 -0.74314 0.66913
vn 0.00039 -0.52819 0.84912
vn -0.00626 -0.43915 0.89839
vn -0.00986 -0.76766 0.64078
vn -0.04524 -0.74286 0.66792
vn -0.14215 -0.69038 0.70934
vn -0.0089 -0.94331 0.3318
vn 0.00012 -0.89525 0.44557
vn -0.00039 -0.7457 0.66629
vn -0.06796 -0.69821 0.71266
vn -0.04007 -0.70362 0.70944
vn -0.00877 -0.99874 -0.04933
vn 8E-05 -0.998 0.06317
vn -0.00038 -0.95106 0.30902
vn -0.03886 -0.97899 0.20016
vn -0.02545 -0.96798 0.24972
vn 0.0018 -0.99452 -0.10453
vn -0.05086 -0.98062 -0.18922
vn -0.02873 -0.9923 -0.12045
vn -0.00583 -0.67883 -0.73427
vn 2E-05 -0.73395 -0.6792
vn -0.00037 -0.86603 -0.5
vn -0.0945 -0.81497 -0.57174
vn -0.03542 -0.86945 -0.49275
vn -0.16759 -0.15101 -0.97422
vn -0.065 -0.20747 -0.97608
vn 0 -0.0345 -0.9994
vn -0.01895 -0.29367 -0.95572
vn 3E-05 -0.38758 -0.92183
vn -0.00027 -0.58779 -0.80902
vn -0.19312 -0.48689 -0.85184
vn -0.06983 -0.58058 -0.81121
vn -0.00248 0.32507 -0.94569
vn -0.10504 0.20676 -0.97274
vn -0.06686 0.17703 -0.98193
vn -0 0.0477 -0.99886
vn 0.00245 0.47805 -0.87833
vn -0.07533 0.58612 -0.80672
vn -0.03093 0.62672 -0.77863
vn -0.01581 0.8974 -0.44094
vn -0.0555 0.84663 -0.52927
vn -0.0259 0.86574 -0.49983
vn -8E-05 0.76362 -0.64567
vn 0.00012 0.71155 -0.70264
vn -0.01327 0.94924 0.31427
vn -0.02444 0.96833 0.24848
vn -0.00542 0.95104 0.30901
vn -2E-05 0.9924 0.12308
vn 7E-05 0.99875 0.04996
vn -0.01066 0.99863 -0.05125
vn -0.03706 0.98725 -0.15481
vn -0.01148 0.99446 -0.10452
vn -4E-05 0.95805 -0.2866
vn 0.0001 0.93367 -0.35813
vn 0.00197 -0.33606 -0.94184
vn -0.08727 0.68144 0.72665
vn -0.13139 0.65841 0.7411
vn -0.03109 0.73599 0.67628
vn -0.00317 0.46056 0.88762
vn -0.02893 -0.14146 0.98952
vn 1E-05 0 1
vn -0 -0.24305 0.97001
vn -0.01041 -0.01781 0.99979
vn -1E-05 0.13416 0.99096
vn 2E-05 0.40674 0.91355
vn -0.0332 0.23519 0.97138
vn -0.01889 0.31575 0.94865
vn -0.02369 -0.7965 0.60418
vn -0.01104 -0.73374 0.67934
vn -0.0005 -0.6615 0.74995
vn 0.00119 -0.40674 0.91354
vn -0.02717 -0.51304 0.85793
vn -0.00458 -0.36392 0.93142
vn -0.03016 -0.93383 0.35643
vn -0.00029 -0.95106 0.30902
vn -0.03318 -0.97573 0.21643
vn -0.045 -0.84804 0.52801
vn -4E-05 -0.74314 0.66913
vn 1E-05 -0.89448 0.4471
vn -0.01063 -0.94812 0.31774
vn -0.06367 -0.92738 0.36866
vn -0.01902 -0.99629 -0.08398
vn -0.00292 -0.99997 -0.00737
vn 3E-05 -0.99616 0.08758
vn -0.07565 -0.82841 -0.55499
vn -0.00866 -0.86599 -0.49998
vn 0.00253 -0.70896 -0.70524
vn -0.02166 -0.88675 -0.46174
vn 0.00011 -0.93097 -0.3651
vn -0.00038 -0.99452 -0.10453
vn -0.07172 -0.97239 -0.22207
vn -0.03763 -0.98681 -0.15743
vn -0.00511 -0.58778 -0.80901
vn -0.16059 -0.50687 -0.84693
vn -0.04168 -0.61211 -0.78968
vn -0.10812 -0.1981 -0.9742
vn -0.09419 -0.20699 -0.9738
vn -1E-05 -0.05893 -0.99826
vn -0.00469 0.36384 -0.93145
vn -0.02782 0.28022 -0.95953
vn -0.11196 0.2066 -0.972
vn -0.02547 0.12369 -0.99199
vn 0 0.02325 -0.99973
vn -0.01402 0.6717 -0.74069
vn -0.05386 0.59779 -0.79984
vn -0.06885 0.58639 -0.8071
vn -9E-05 0.46257 -0.88658
vn 3E-05 0.38963 -0.92097
vn 1E-05 0.94807 -0.31807
vn -0.00271 0.91462 -0.40431
vn -0.04868 0.85329 -0.51917
vn -0.03058 0.86562 -0.49977
vn -0.00011 0.76887 -0.63941
vn 0.00011 0.71655 -0.69754
vn -7E-05 0.96906 -0.24681
vn -0.02257 0.99427 -0.1045
vn -0.01685 0.99595 -0.08827
vn -1E-05 0.56082 0.82794
vn 3E-05 0.74196 0.67045
vn -0.00032 0.74314 0.66913
vn 4E-05 0.87776 0.4791
vn -0.00234 0.91694 0.39902
vn -0.01291 0.94967 0.313
vn -0.01371 0.95097 0.30899
vn -0.00051 0.98343 0.18129
vn 0.00048 0.9992 0.03992
vn -0.62133 -0.0002 0.78355
vn -0.66449 -0.00123 0.7473
vn -0.66673 -0.00107 0.7453
vn -0.71029 -0.00014 0.70391
vn -0.72433 1E-05 0.68945
vn -0.75664 -6E-05 0.65383
vn -0.78411 -0.00164 0.62062
vn -0.84209 -0 0.53933
vn -0.78941 -0.00011 0.61387
vn -0.83216 -0.0068 0.55449
vn -0.8093 -0.00349 0.58739
vn -0.48459 -9E-05 0.87474
vn -0.44017 -0.00397 0.89791
vn -0.5985 0 0.80113
vn -0.60588 -0 0.79556
vn -0.60616 -0 0.79534
vn -0.61106 -0 0.79159
vn -0.34971 0.01144 0.93679
vn -0.48408 0.00111 0.87503
vn -0.59408 -0.00013 0.80441
vn -0.58165 4E-05 0.81344
vn -0.59977 -1E-05 0.80017
vn -0.60634 -4E-05 0.79521
vn -0.63434 -0.00567 0.77303
vn -0.6683 -0.00417 0.74388
vn -0.69776 -0.00311 0.71633
vn -0.71443 -0.0025 0.6997
vn -0.74553 -0.00152 0.66647
vn -0.77403 -0.00081 0.63315
vn -0.78821 -0.00054 0.61541
vn -0.81216 -0.0001 0.58344
vn -0.83713 -0 0.54701
vn -0.71038 0.00091 0.70382
vn -0.67549 0.00035 0.73737
vn -0.63608 -0 0.77162
vn -0.62259 -0.00619 0.78253
vn -0.83824 0.00546 0.54528
vn -0.59768 -0.00721 0.8017
vn -0.79672 0.00357 0.60434
vn -0.7406 0.00168 0.67194
vn -0.61285 0.0008 0.7902
vn -0.6304 0.00205 0.77627
vn -0.45196 -0.00437 0.89203
vn -0.56554 0.00761 0.82469
vn -0.53353 0.00441 0.84577
vn -0.81753 -0 0.57589
vn -0.84073 0.00194 0.54145
vn -0.80106 -0.00122 0.59858
vn -0.73852 0.0014 0.67423
vn -0.74075 0.00156 0.67178
vn -0.6968 -0.00039 0.71727
vn -0.08624 7E-05 0.99627
vn -0.09315 0 0.99565
vn -0.56978 0.00194 0.8218
vn -0.46938 -0.00035 0.88299
vn -0.27782 0.00019 0.96063
vn -0.26558 8E-05 0.96409
vn -0.18792 -1E-05 0.98219
vn -0.94058 0.25797 0.22084
vn -0.95453 0.14279 -0.26169
vn -0.65061 -0.0553 -0.7574
vn -0.8962 -0.09059 0.4343
vn -0.94631 -0.28788 0.14702
vn -0.94327 -0.29285 0.15645
vn -0.92341 -0.20653 0.32351
vn -0.88389 -0.18607 0.42909
vn -0.87759 -0.14804 -0.45598
vn -0.75873 -0.26848 -0.5935
vn -0.82804 -0.26805 -0.49244
vn -0.88506 -0.34757 -0.30961
vn -0.8979 -0.34806 -0.26949
vn -0.88818 -0.387 -0.24774
vn -0.91014 -0.40424 -0.09072
vn -0.69495 -0.1476 -0.70375
vn -0.77113 0.22895 -0.59409
vn -0.92306 0.25445 -0.28847
vn -0.79453 0.34666 -0.49855
vn -0.91174 0.36446 -0.18949
vn -0.90801 0.37344 -0.18991
vn -0.91772 0.14012 0.3717
vn -0.91655 0.14283 0.37354
vn -0.90197 0.19156 0.38699
vn -0.94105 0.25875 0.21788
vn -0.93981 0.2595 0.22228
vn -0.02969 -0.71171 0.70185
vn -0.12114 -0.44204 0.88878
vn -0.23299 -0.12015 0.96503
vn -0.21497 -0.11685 0.96961
vn -0.21541 -0.11754 0.96942
vn -0.19459 -0.11383 0.97426
vn -0.19483 -0.11558 0.974
vn -0.30574 -0.00768 0.95208
vn -0.26847 -0.12173 0.95557
vn -0.36158 -0.14155 0.92153
vn -0.03143 -0.72717 0.68574
vn -0.03137 -0.72716 0.68575
vn -0.03662 -0.73401 0.67815
vn -0.05113 -0.73657 0.67442
vn -0.0348 -0.79003 0.61208
vn -0.07378 -0.79826 0.59778
vn -0.04697 -0.85477 0.51687
vn -0.09831 -0.86522 0.49167
vn -0.06182 -0.9163 0.3957
vn -0.10042 -0.92288 0.37176
vn -0.09086 -0.94298 0.3202
vn -0.1089 -0.94522 0.30774
vn -0.09191 -0.97639 0.19549
vn -0.58383 -0.18132 0.79137
vn -0.52377 -0.17416 0.83386
vn -0.52339 -0.17114 0.83473
vn -0.48388 -0.16495 0.85945
vn -0.47182 -0.07645 0.87838
vn -0.43676 -0.15438 0.88623
vn -0.36187 -0.13895 0.92181
vn -0.88208 -0.19058 0.43083
vn -0.85411 -0.21882 0.47181
vn -0.846 -0.2015 0.49364
vn -0.8063 -0.22848 0.5456
vn -0.79961 -0.2039 0.56484
vn -0.74502 -0.22483 0.62801
vn -0.74086 -0.20282 0.64031
vn -0.70745 -0.20877 0.67522
vn -0.70358 -0.20599 0.6801
vn -0.69339 -0.20739 0.69007
vn -0.66292 -0.17248 0.72855
vn -0.6561 -0.19357 0.72943
vn -0.58397 -0.19228 0.78867
vn -0.09087 -0.97662 0.19482
vn -0.15633 -0.97768 0.14038
vn -0.11134 -0.99288 0.04245
vn -0.14255 -0.98972 0.01189
vn -0.15108 -0.98834 -0.01916
vn -0.18166 -0.98208 -0.0502
vn -0.13809 -0.98095 -0.13666
vn -0.20412 -0.95535 -0.21364
vn -0.15822 -0.94337 -0.29157
vn -0.21438 -0.90535 -0.36658
vn -0.18189 -0.88766 -0.42306
vn -0.22835 -0.84046 -0.49142
vn -0.17821 -0.80739 -0.56245
vn -0.90041 -0.42508 -0.09254
vn -0.87052 -0.49052 -0.03972
vn -0.87462 -0.48481 -0.00161
vn -0.82963 -0.55375 0.07124
vn -0.83535 -0.53716 0.11688
vn -0.78343 -0.59045 0.19394
vn -0.78579 -0.57329 0.23211
vn -0.72454 -0.61438 0.31237
vn -0.73015 -0.58438 0.3541
vn -0.65411 -0.61352 0.44242
vn -0.65976 -0.57993 0.47792
vn -0.61807 -0.58803 0.52173
vn -0.6115 -0.58327 0.53466
vn -0.56316 -0.58866 0.57994
vn -0.57047 -0.55064 0.6094
vn -0.48197 -0.54908 0.6828
vn -0.48934 -0.51249 0.70562
vn -0.42636 -0.50535 0.75023
vn -0.42675 -0.48799 0.76141
vn -0.35993 -0.47694 0.80186
vn -0.36781 -0.4419 0.81819
vn -0.27855 -0.4236 0.86196
vn -0.28462 -0.3943 0.87379
vn -0.20256 -0.37687 0.90385
vn -0.20634 -0.35404 0.91218
vn -0.1637 -0.34647 0.92367
vn -0.16212 -0.34394 0.92489
vn -0.14733 -0.34129 0.92834
vn -0.14667 -0.33546 0.93056
vn -0.20808 -0.78701 -0.5808
vn -0.24132 -0.7336 -0.63529
vn -0.20974 -0.7113 -0.67086
vn -0.25274 -0.61418 -0.7476
vn -0.21815 -0.59297 -0.77511
vn -0.24775 -0.49367 -0.83362
vn -0.20969 -0.45493 -0.86549
vn -0.68046 -0.16335 -0.71435
vn -0.66588 -0.29814 -0.68389
vn -0.67941 -0.30548 -0.66715
vn -0.65413 -0.44174 -0.61399
vn -0.66985 -0.45078 -0.59
vn -0.63385 -0.57235 -0.52024
vn -0.6563 -0.57969 -0.48294
vn -0.6114 -0.68172 -0.40181
vn -0.63063 -0.68721 -0.36062
vn -0.57628 -0.77074 -0.27179
vn -0.60186 -0.76855 -0.21702
vn -0.54156 -0.83091 -0.12767
vn -0.55947 -0.82534 -0.0762
vn -0.49223 -0.87037 0.01272
vn -0.51809 -0.85188 0.07671
vn -0.43778 -0.88281 0.17027
vn -0.462 -0.8556 0.23347
vn -0.42098 -0.86405 0.27602
vn -0.41323 -0.8604 0.29826
vn -0.36819 -0.86487 0.34123
vn -0.39358 -0.82557 0.4044
vn -0.30907 -0.82413 0.47463
vn -0.33215 -0.77901 0.53181
vn -0.27563 -0.77286 0.57159
vn -0.28024 -0.7486 0.60089
vn -0.22327 -0.7389 0.63575
vn -0.24491 -0.68498 0.68617
vn -0.17023 -0.66972 0.72284
vn -0.1864 -0.61863 0.76325
vn -0.12289 -0.60518 0.78655
vn -0.13286 -0.56146 0.81677
vn -0.10308 -0.55623 0.82461
vn -0.09962 -0.551 0.82853
vn -0.09105 -0.54946 0.83054
vn -0.09013 -0.53973 0.837
vn -0.2367 -0.42357 -0.87439
vn -0.25558 -0.31966 -0.91241
vn -0.23629 -0.3085 -0.92141
vn -0.25177 -0.15462 -0.95535
vn -0.24335 -0.14951 -0.95835
vn -0.24736 -0.03785 -0.96818
vn -0.20339 0.01388 -0.979
vn -0.24812 0.05236 -0.96731
vn -0.24166 0.1879 -0.95199
vn -0.25349 0.18259 -0.94995
vn -0.23299 0.3548 -0.90544
vn -0.25779 0.34614 -0.90207
vn -0.22028 0.52045 -0.82499
vn -0.26114 0.51043 -0.81931
vn -0.2065 0.66641 -0.71641
vn -0.19138 0.7616 -0.61915
vn -0.1996 0.76669 -0.6102
vn -0.25748 0.65638 -0.70913
vn -0.21871 0.8181 -0.53187
vn -0.17041 0.87334 -0.45634
vn -0.24071 0.86667 -0.43698
vn -0.16248 0.93012 -0.32935
vn -0.16626 0.96326 -0.21091
vn -0.15228 0.95969 -0.23623
vn -0.21738 0.9225 -0.31895
vn -0.89162 0.19207 0.41002
vn -0.86438 0.22412 0.45014
vn -0.86778 0.19056 0.45896
vn -0.82493 0.22461 0.51869
vn -0.83009 0.20274 0.51946
vn -0.78019 0.23046 0.58155
vn -0.78561 0.20266 0.58459
vn -0.72052 0.22252 0.65676
vn -0.72603 0.20094 0.65765
vn -0.16564 0.97836 -0.12404
vn -0.11538 0.99097 -0.06828
vn -0.1929 0.98097 -0.02219
vn -0.10234 0.99258 0.0656
vn -0.11501 0.96997 0.21432
vn -0.09642 0.98091 0.16888
vn -0.16785 0.97992 0.1076
vn -0.90432 0.38626 -0.18169
vn -0.89091 0.44993 -0.06204
vn -0.89396 0.44426 -0.05898
vn -0.84178 0.53905 0.02897
vn -0.86213 0.5043 0.04919
vn -0.79236 0.58959 0.15668
vn -0.81532 0.55184 0.17527
vn -0.74752 0.60671 0.2704
vn -0.76662 0.5793 0.27695
vn -0.69108 0.6204 0.37083
vn -0.71577 0.58185 0.38617
vn -0.62265 0.61032 0.48971
vn -0.64647 0.57391 0.50269
vn -0.55969 0.58467 0.58729
vn -0.5798 0.55606 0.5955
vn -0.49052 0.55604 0.67097
vn -0.51203 0.52178 0.68233
vn -0.41654 0.51207 0.75118
vn -0.43518 0.48137 0.76086
vn -0.10534 0.95313 0.28362
vn -0.0637 0.94757 0.31314
vn -0.12934 0.91577 0.38032
vn -0.07085 0.90672 0.41573
vn -0.09745 0.8993 0.42633
vn -0.71977 0.04454 -0.69279
vn -0.67057 0.014 -0.74171
vn -0.66932 0.10267 -0.73585
vn -0.68986 0.18007 -0.70119
vn -0.6809 0.18779 -0.70789
vn -0.66141 0.3427 -0.66715
vn -0.67953 0.33058 -0.65495
vn -0.642 0.50272 -0.57889
vn -0.67139 0.48423 -0.56103
vn -0.61659 0.64077 -0.45741
vn -0.65267 0.61778 -0.43861
vn -0.58347 0.74654 -0.31975
vn -0.62597 0.72026 -0.29899
vn -0.5423 0.82289 -0.16962
vn -0.59013 0.79402 -0.14589
vn -0.50982 0.85961 -0.03391
vn -0.54733 0.83661 -0.0228
vn -0.46057 0.88344 0.0861
vn -0.51242 0.85098 0.1152
vn -0.4076 0.88322 0.23193
vn -0.45806 0.84923 0.26267
vn -0.36201 0.86144 0.35618
vn -0.40447 0.8315 0.38079
vn -0.30882 0.83134 0.46207
vn -0.35601 0.7908 0.49789
vn -0.25706 0.78087 0.56936
vn -0.29872 0.73912 0.60371
vn -0.23658 0.72943 0.64184
vn -0.20876 0.74386 0.6349
vn -0.29909 0.63941 0.70831
vn -0.31728 0.60664 0.72891
vn -0.37581 0.47178 0.79762
vn -0.38406 0.46519 0.79756
vn -0.4545 0.24451 0.85653
vn -0.68864 0.20574 0.69531
vn -0.664 0.18897 0.72346
vn -0.66143 0.19543 0.7241
vn -0.59727 0.19558 0.77783
vn -0.60104 0.18424 0.77769
vn -0.52158 0.17613 0.83482
vn -0.52363 0.17062 0.83468
vn -0.44863 0.15786 0.87967
vn -0.48925 0.08621 0.86787
vn -0.14134 0.44509 0.88426
vn -0.04786 0.71448 0.69802
vn -0.44715 -0.24318 0.86077
vn -0.8431 0.14958 -0.51654
vn -0.94282 -0.26312 0.20461
vn -0.94209 -0.2693 0.19987
vn -0.90961 -0.18886 0.37006
vn -0.92969 -0.17647 0.32332
vn -0.87411 -0.20272 0.44141
vn -0.89869 -0.43333 -0.06774
vn -0.89706 -0.37633 -0.23165
vn -0.85928 -0.38005 -0.34235
vn -0.8906 -0.28238 -0.35651
vn -0.6084 -0.26364 -0.74856
vn -0.97154 -0.13531 -0.19444
vn -0.66826 -0.19959 -0.71666
vn -0.6722 -0.05563 -0.73828
vn -0.69383 -0.0375 -0.71916
vn -0.66638 0.02149 -0.74531
vn -0.89816 0.37348 -0.232
vn -0.90712 0.336 -0.25344
vn -0.85107 0.38947 -0.35213
vn -0.87017 0.30139 -0.38984
vn -0.86195 0.31736 -0.39539
vn -0.86829 0.27933 -0.40992
vn -0.92434 0.21831 -0.31296
vn -0.89363 0.22169 -0.39023
vn -0.84072 0.18239 -0.50982
vn -0.93845 0.25139 0.23688
vn -0.93829 0.25171 0.23719
vn -0.93132 0.30495 0.19914
vn -0.94474 0.27754 0.17449
vn -0.93983 0.24944 0.23347
vn -0.89824 0.19216 0.39527
vn -0.91181 0.13097 0.38916
vn -0.28854 -0.63752 0.71436
vn -0.30984 -0.60533 0.7332
vn -0.09451 -0.90244 0.42033
vn -0.08812 -0.90135 0.42404
vn -0.07657 -0.8956 0.43823
vn -0.03338 -0.97566 0.21675
vn -0.1424 -0.9348 0.32538
vn -0.08215 -0.92737 0.36502
vn -0.63782 -0.1901 0.74635
vn -0.55767 -0.1857 0.80902
vn -0.55776 -0.17672 0.81097
vn -0.49308 -0.16736 0.85373
vn -0.49293 -0.16509 0.85426
vn -0.46669 -0.16042 0.86975
vn -0.31604 -0.05466 0.94717
vn -0.09686 -0.96816 0.23084
vn -0.14902 -0.97047 0.18968
vn -0.10451 -0.99042 0.09021
vn -0.13693 -0.98876 0.06004
vn -0.14347 -0.98929 0.02694
vn -0.17531 -0.98451 -0.00402
vn -0.13199 -0.9869 -0.09282
vn -0.16468 -0.97783 -0.12937
vn -0.17346 -0.95782 -0.22912
vn -0.8756 -0.18967 0.44425
vn -0.84004 -0.2215 0.49525
vn -0.83236 -0.20367 0.51546
vn -0.78987 -0.22857 0.56909
vn -0.78387 -0.20417 0.58639
vn -0.72617 -0.22233 0.65058
vn -0.7227 -0.20131 0.6612
vn -0.68841 -0.20564 0.69556
vn -0.68295 -0.20208 0.70196
vn -0.68145 -0.20266 0.70325
vn -0.63874 -0.20596 0.74135
vn -0.89618 -0.43815 -0.06989
vn -0.85923 -0.51156 -0.00515
vn -0.86303 -0.50403 0.0337
vn -0.81535 -0.5687 0.10856
vn -0.82093 -0.54982 0.15421
vn -0.76657 -0.59873 0.23216
vn -0.76878 -0.57995 0.26951
vn -0.70532 -0.61663 0.34971
vn -0.71105 -0.58501 0.39009
vn -0.63289 -0.60959 0.47734
vn -0.63875 -0.57507 0.51117
vn -0.5945 -0.58128 0.5556
vn -0.58871 -0.57478 0.56838
vn -0.53783 -0.57791 0.61381
vn -0.54541 -0.53959 0.64138
vn -0.45587 -0.53464 0.71158
vn -0.46339 -0.49831 0.73277
vn -0.39702 -0.48901 0.77669
vn -0.39842 -0.47 0.78763
vn -0.37555 -0.46603 0.80111
vn -0.37116 -0.46287 0.80498
vn -0.68151 -0.18985 -0.70675
vn -0.66223 -0.34475 -0.66528
vn -0.67756 -0.35268 -0.64539
vn -0.64906 -0.48432 -0.58665
vn -0.66577 -0.49339 -0.55975
vn -0.62663 -0.60949 -0.48565
vn -0.64992 -0.61594 -0.44521
vn -0.60223 -0.7118 -0.36147
vn -0.62147 -0.71596 -0.31808
vn -0.56472 -0.79312 -0.22814
vn -0.5904 -0.78871 -0.17135
vn -0.5282 -0.84512 -0.08231
vn -0.5458 -0.83738 -0.03002
vn -0.47713 -0.87695 0.05752
vn -0.50293 -0.85566 0.12207
vn -0.4215 -0.8814 0.21324
vn -0.44558 -0.85159 0.27615
vn -0.40261 -0.85807 0.31878
vn -0.39622 -0.85215 0.34184
vn -0.34934 -0.8545 0.38442
vn -0.3746 -0.81254 0.44661
vn -0.29034 -0.80792 0.51281
vn -0.3131 -0.76079 0.56848
vn -0.25431 -0.75278 0.60716
vn -0.26084 -0.72483 0.63764
vn -0.17603 -0.7077 0.68423
vn -0.21853 -0.7457 0.62942
vn -0.14506 -0.96012 -0.23902
vn -0.20905 -0.92356 -0.32145
vn -0.17678 -0.90759 -0.38082
vn -0.23106 -0.85845 -0.45791
vn -0.1874 -0.83651 -0.51491
vn -0.23803 -0.76693 -0.59595
vn -0.2059 -0.7446 -0.63496
vn -0.25102 -0.6544 -0.71327
vn -0.21463 -0.6322 -0.74448
vn -0.25222 -0.5194 -0.81646
vn -0.22702 -0.50162 -0.83477
vn -0.25595 -0.36961 -0.89324
vn -0.23386 -0.3566 -0.90452
vn -0.25262 -0.20722 -0.94511
vn -0.24149 -0.20026 -0.94951
vn -0.24895 -0.06471 -0.96635
vn -0.21039 -0.03758 -0.97689
vn -0.2469 0.02551 -0.9687
vn -0.24384 0.13391 -0.96053
vn -0.25204 0.13 -0.95895
vn -0.23597 0.3023 -0.92354
vn -0.25679 0.29455 -0.92049
vn -0.23949 0.39702 -0.88601
vn -0.24479 0.38567 -0.88957
vn -0.23694 0.42583 -0.87323
vn -0.20291 0.46847 -0.85986
vn -0.25054 0.50659 -0.82498
vn -0.21068 0.63045 -0.74709
vn -0.25837 0.62016 -0.74071
vn -0.21283 0.7193 -0.66129
vn -0.23845 0.70544 -0.66745
vn -0.20288 0.76861 -0.60669
vn -0.18447 0.77449 -0.6051
vn -0.22085 0.82354 -0.5225
vn -0.16838 0.8813 -0.44154
vn -0.23925 0.87476 -0.42137
vn -0.14301 0.94619 -0.2903
vn -0.22684 0.94048 -0.25308
vn -0.15724 0.97267 -0.17087
vn -0.1341 0.97807 -0.15938
vn -0.74705 0.22688 0.62486
vn -0.81234 0.20013 0.54777
vn -0.80739 0.23336 0.5419
vn -0.86333 0.19196 0.46671
vn -0.85973 0.22526 0.45838
vn -0.88943 0.1917 0.41493
vn -0.91284 0.12761 0.38787
vn -0.67364 0.13135 0.72729
vn -0.70315 0.21226 0.67863
vn -0.75264 0.20241 0.62655
vn -0.68336 0.19686 0.70304
vn -0.61075 0.19882 0.76645
vn -0.61478 0.18655 0.76632
vn -0.53698 0.17994 0.82418
vn -0.53936 0.17349 0.82401
vn -0.48245 0.16452 0.86033
vn -0.47845 0.13714 0.86734
vn -0.45587 0.15799 0.87591
vn -0.40171 0.14756 0.9038
vn -0.40139 0.14841 0.9038
vn -0.31066 0.12897 0.94173
vn -0.30927 0.13279 0.94166
vn -0.17715 0.98219 -0.06265
vn -0.10161 0.99471 0.01484
vn -0.182 0.98068 0.07172
vn -0.08325 0.98381 0.15871
vn -0.1574 0.96236 0.22156
vn -0.06712 0.95498 0.28897
vn -0.13362 0.92541 0.35463
vn -0.06185 0.91461 0.39959
vn -0.10714 0.89077 0.44165
vn -0.04164 0.8779 0.47702
vn -0.09697 0.83019 0.54898
vn -0.04242 0.81902 0.5722
vn -0.03754 0.82278 0.56712
vn -0.04971 0.76139 0.64638
vn -0.02315 0.7559 0.65428
vn -0.66507 0.08053 -0.74243
vn -0.70192 0.12774 -0.70071
vn -0.67994 0.15917 -0.71579
vn -0.66561 0.29192 -0.68684
vn -0.68086 0.28171 -0.67607
vn -0.66567 0.38133 -0.64146
vn -0.66993 0.37009 -0.6436
vn -0.64771 0.46858 -0.60075
vn -0.67311 0.45175 -0.58553
vn -0.62434 0.60704 -0.49164
vn -0.65826 0.5852 -0.47354
vn -0.61399 0.68454 -0.39297
vn -0.63292 0.66645 -0.39403
vn -0.57952 0.75546 -0.30568
vn -0.62309 0.72871 -0.28415
vn -0.53768 0.82905 -0.15353
vn -0.58582 0.80001 -0.12962
vn -0.48406 0.875 0.00824
vn -0.53964 0.8409 0.04084
vn -0.43059 0.88638 0.17008
vn -0.48207 0.8529 0.20043
vn -0.37395 0.87356 0.31153
vn -0.42577 0.83574 0.34678
vn -0.31898 0.83894 0.44094
vn -0.36636 0.79954 0.47594
vn -0.2674 0.7913 0.54986
vn -0.30965 0.75052 0.58381
vn -0.23099 0.73858 0.63336
vn -0.2599 0.71078 0.65364
vn -0.18423 0.69585 0.69415
vn -0.21919 0.6487 0.7288
vn -0.13744 0.63132 0.76324
vn -0.16353 0.58735 0.79264
vn -0.09711 0.57414 0.81298
vn -0.11189 0.54301 0.83224
vn -0.89479 0.38854 -0.21998
vn -0.90538 0.418 -0.0746
vn -0.89741 0.43405 -0.07904
vn -0.87067 0.49088 -0.0312
vn -0.88135 0.47149 -0.03031
vn -0.83725 0.54528 0.04094
vn -0.85809 0.50981 0.06147
vn -0.7867 0.59338 0.1703
vn -0.80982 0.55555 0.18858
vn -0.72228 0.61998 0.30649
vn -0.74851 0.57741 0.32608
vn -0.65268 0.61701 0.43968
vn -0.67707 0.57938 0.45375
vn -0.57939 0.59797 0.55384
vn -0.60349 0.56026 0.56738
vn -0.50436 0.56306 0.65466
vn -0.52606 0.52888 0.666
vn -0.43129 0.52086 0.73668
vn -0.45028 0.49006 0.74639
vn -0.37348 0.47816 0.79491
vn -0.38649 0.45927 0.79981
vn -0.30834 0.44399 0.84131
vn -0.32347 0.41522 0.85027
vn -0.23328 0.39594 0.88815
vn -0.24437 0.37189 0.89553
vn -0.16497 0.356 0.91981
vn -0.17158 0.33925 0.92492
vn -0.22163 0.1198 0.96774
vn -0.22696 0.04455 0.97288
vn -0.25468 0.12188 0.95931
vn 0 -0.99984 -0.01793
vn -0.00097 -0.94693 -0.32144
vn 0.00097 -0.96336 -0.26821
vn -0.00248 -0.99144 -0.13053
vn -0.00529 -0.98645 -0.16399
vn -0.00092 -0.99585 -0.09098
vn -0.0012 -0.44229 -0.89687
vn 0.00039 -0.46285 -0.88644
vn -0.001 -0.60876 -0.79335
vn -0.00772 -0.57747 -0.81638
vn -0.00012 -0.66991 -0.74244
vn 0.00032 -0.79335 -0.60876
vn -0.00812 -0.76104 -0.64865
vn 0.00796 -0.89684 -0.44227
vn -0.00549 -0.85005 -0.52667
vn 0.00123 -0.91599 -0.4012
vn 0 -0.13053 -0.99144
vn -0.01055 -0.07801 -0.9969
vn 0.00965 -0.32142 -0.94689
vn -0.0103 -0.2148 -0.9766
vn 0.0015 -0.34328 -0.93923
vn 0.00965 0.32142 -0.94689
vn -0.01055 0.07801 -0.9969
vn 0 0.13053 -0.99144
vn -0.00012 0.66991 -0.74244
vn -0.00772 0.57747 -0.81638
vn -0.001 0.60876 -0.79335
vn 0.00039 0.46285 -0.88644
vn -0.0012 0.44229 -0.89687
vn 0.0015 0.34328 -0.93923
vn -0.0103 0.2148 -0.9766
vn 0.00123 0.91599 -0.4012
vn -0.00549 0.85005 -0.52667
vn 0.00018 0.75589 -0.65469
vn -0.00479 0.79334 -0.60875
vn 0.00796 0.89684 -0.44227
vn 0 0.99984 -0.01793
vn -0.00092 0.99585 -0.09098
vn -0.00529 0.98645 -0.16399
vn -0.00257 0.96517 -0.26162
vn 0.00233 0.94693 -0.32144
vn -0.00248 0.99144 -0.13053
vn -0.03621 0.98762 0.15265
vn -0.12596 0.83794 0.53104
vn -0.17008 0.70631 0.68717
vn -0.28441 0.1564 0.94586
vn -0.36996 0.4048 0.83622
vn -0.21088 0.15565 0.96504
vn -0.02504 0.96581 0.25803
vn -0.0599 0.96573 0.25253
vn -0.1181 0.91353 0.38925
vn -0.0242 0.96652 0.25545
vn -0.04813 0.86695 0.49607
vn -0.06834 0.70649 0.70442
vn -0.06771 0.70808 0.70288
vn -0.08356 0.50134 0.86121
vn -0.22664 0.54438 0.80764
vn -0.16343 0.70606 0.68904
vn -0.22297 0.25811 0.94004
vn -0.09329 0.2584 0.96152
vn -0.09329 0.2584 0.96152
vn -0.18136 0.83857 0.51373
vn -0.29775 0.40665 0.8637
vn -0.31944 0.1564 0.93461
vn -0.27243 0.54454 0.79325
vn -0.23456 0.70697 0.66722
vn -0.1205 0.91354 0.38849
vn -0.06079 0.98759 0.14478
vn -0.31783 0.15998 0.93455
vn -0.3869 0.15889 0.90833
vn -0.38438 0.17294 0.90683
vn -0.45446 0.16809 0.87477
vn -0.45148 0.17547 0.87486
vn -0.48995 0.17134 0.85475
vn -0.50945 0.12286 0.85168
vn -0.53396 0.18649 0.82469
vn -0.5998 0.17146 0.78157
vn -0.59723 0.20094 0.77649
vn -0.675 0.17003 0.71796
vn -0.73453 0.17199 0.65642
vn -0.7316 0.16765 0.6608
vn -0.67412 0.20426 0.70982
vn -0.7662 0.17351 0.61873
vn -0.7847 0.15498 0.60019
vn -0.7843 0.1791 0.59397
vn -0.81901 0.13496 0.55768
vn -0.82423 0.16555 0.54152
vn -0.85142 0.11495 0.51173
vn -0.85472 0.13533 0.50114
vn -0.8735 0.08686 0.47902
vn -0.88007 0.10456 0.46319
vn -0.89151 0.05569 0.44956
vn -0.89527 0.06458 0.44081
vn -0.9007 0.02065 0.43395
vn -0.90292 0.02348 0.42917
vn -0.27305 0.46308 0.84321
vn -0.35963 0.4615 0.81098
vn -0.34948 0.49213 0.79729
vn -0.42816 0.48719 0.76114
vn -0.41942 0.50131 0.75682
vn -0.49762 0.49208 0.7143
vn -0.48399 0.5298 0.69646
vn -0.59471 0.50496 0.62557
vn -0.57955 0.54733 0.60379
vn -0.68859 0.50398 0.5214
vn -0.67339 0.54777 0.49649
vn -0.77349 0.48355 0.40974
vn -0.75976 0.52514 0.38339
vn -0.83377 0.45467 0.31322
vn -0.82293 0.48264 0.29975
vn -0.88513 0.40225 0.23398
vn -0.87587 0.43595 0.2069
vn -0.92925 0.33815 0.14885
vn -0.9231 0.36092 0.13271
vn -0.96266 0.25691 0.08534
vn -0.95896 0.27635 0.06339
vn -0.98619 0.1626 0.03137
vn -0.98476 0.17279 0.01982
vn -0.99821 0.05981 0.00221
vn -0.99799 0.06319 -0.00396
vn -0.22419 0.71898 0.65788
vn -0.29573 0.71713 0.63108
vn -0.27425 0.75463 0.59609
vn -0.35265 0.74999 0.55961
vn -0.3362 0.76644 0.54731
vn -0.41887 0.7562 0.5027
vn -0.38901 0.79684 0.4623
vn -0.50943 0.76958 0.385
vn -0.47462 0.8113 0.34136
vn -0.59937 0.76147 0.24681
vn -0.56229 0.80153 0.20342
vn -0.68217 0.72444 0.09916
vn -0.64616 0.76089 0.05938
vn -0.73815 0.67403 -0.0286
vn -0.71272 0.69986 -0.04709
vn -0.7925 0.59558 -0.13122
vn -0.76311 0.62504 -0.16432
vn -0.83359 0.4967 -0.24169
vn -0.81476 0.5184 -0.25967
vn -0.86812 0.37649 -0.32346
vn -0.85081 0.39482 -0.34677
vn -0.88888 0.23696 -0.3921
vn -0.88066 0.24761 -0.40389
vn -0.89942 0.08683 -0.42837
vn -0.89603 0.09061 -0.43464
vn -0.13953 0.90148 0.40972
vn -0.20177 0.89982 0.38679
vn -0.16716 0.93039 0.32623
vn -0.23676 0.92623 0.29333
vn -0.21176 0.93877 0.27178
vn -0.2898 0.92898 0.23026
vn -0.241 0.95624 0.1659
vn -0.35577 0.93001 0.09226
vn -0.29817 0.95409 0.02847
vn -0.42122 0.90464 -0.06485
vn -0.35923 0.92527 -0.12174
vn -0.48081 0.84675 -0.22769
vn -0.42008 0.86527 -0.27358
vn -0.51505 0.77515 -0.36589
vn -0.47387 0.79234 -0.38426
vn -0.55906 0.68113 -0.47278
vn -0.50828 0.69876 -0.50338
vn -0.58317 0.56137 -0.58717
vn -0.55115 0.57831 -0.60149
vn -0.60962 0.42344 -0.67012
vn -0.57838 0.43778 -0.68835
vn -0.61963 0.26455 -0.73896
vn -0.60453 0.27469 -0.74772
vn -0.62558 0.09657 -0.77416
vn -0.61901 0.10051 -0.77893
vn -0.0402 0.99198 0.11985
vn -0.08731 0.99087 0.10275
vn -0.04035 0.99901 0.0186
vn -0.09402 0.99554 -0.00706
vn -0.06099 0.99748 -0.03637
vn -0.12595 0.98953 -0.07046
vn -0.05963 0.98643 -0.15296
vn -0.15441 0.96464 -0.21359
vn -0.07614 0.95444 -0.28853
vn -0.18066 0.91226 -0.36762
vn -0.09667 0.8992 -0.42673
vn -0.20202 0.8309 -0.51846
vn -0.12012 0.82068 -0.55861
vn -0.20323 0.74059 -0.64048
vn -0.14898 0.7438 -0.65158
vn -0.2264 0.64402 -0.73074
vn -0.15828 0.64404 -0.74844
vn -0.22464 0.52031 -0.8239
vn -0.18223 0.52964 -0.82842
vn -0.23608 0.38924 -0.89037
vn -0.19407 0.39741 -0.89689
vn -0.23061 0.24019 -0.94294
vn -0.21029 0.24893 -0.94542
vn -0.23004 0.0872 -0.96927
vn -0.22105 0.09108 -0.971
vn -0.90317 -0 0.42928
vn -0.99999 -0 -0.00397
vn -0.89973 -0 -0.43644
vn -0.62216 -0 -0.78289
vn -0.22197 0 -0.97505
vn -0.21133 -0.76032 0.61421
vn -0.0486 -0.98769 0.1487
vn -0.14551 -0.89098 0.43009
vn -0.25006 -0.64934 0.71821
vn -0.28698 -0.45393 0.84356
vn -0.45143 -0.16832 0.87629
vn -0.38649 -0.17281 0.90596
vn -0.38466 -0.15894 0.90927
vn -0.31928 -0.15997 0.93406
vn -0.31796 -0.1564 0.93511
vn -0.52632 -0.07751 0.84675
vn -0.48995 -0.17134 0.85475
vn -0.45443 -0.17517 0.87339
vn -0.51321 -0.19083 0.83678
vn -0.59414 -0.17284 0.78558
vn -0.60253 -0.19897 0.7729
vn -0.66805 -0.17299 0.72373
vn -0.68056 -0.20037 0.70476
vn -0.05202 -0.99193 0.11559
vn -0.07227 -0.99149 0.10824
vn -0.05407 -0.99846 0.01206
vn -0.07704 -0.99703 0.00108
vn -0.07732 -0.99599 -0.04494
vn -0.10661 -0.99247 -0.06031
vn -0.07712 -0.9834 -0.16426
vn -0.1332 -0.97067 -0.20015
vn -0.09516 -0.94815 -0.30324
vn -0.15916 -0.92248 -0.35171
vn -0.11576 -0.88853 -0.44397
vn -0.18211 -0.84561 -0.50177
vn -0.13757 -0.80541 -0.57653
vn -0.1863 -0.75846 -0.62453
vn -0.1644 -0.72557 -0.66822
vn -0.21254 -0.66344 -0.7174
vn -0.16989 -0.62407 -0.76267
vn -0.21511 -0.53958 -0.81399
vn -0.19036 -0.51007 -0.8388
vn -0.23026 -0.40576 -0.8845
vn -0.19837 -0.38063 -0.9032
vn -0.22823 -0.25154 -0.94055
vn -0.2119 -0.2375 -0.94799
vn -0.22959 -0.09154 -0.96897
vn -0.22114 -0.08673 -0.97138
vn -0.14888 -0.90148 0.40641
vn -0.18982 -0.90045 0.39135
vn -0.17816 -0.93011 0.32119
vn -0.22312 -0.92749 0.29997
vn -0.22496 -0.93765 0.26497
vn -0.27415 -0.93156 0.23883
vn -0.25544 -0.954 0.15697
vn -0.33836 -0.93527 0.10384
vn -0.31428 -0.94918 0.01662
vn -0.40332 -0.91364 -0.05085
vn -0.37592 -0.91663 -0.13593
vn -0.46406 -0.85988 -0.21271
vn -0.43584 -0.85247 -0.28867
vn -0.50053 -0.79113 -0.35154
vn -0.4879 -0.77655 -0.39865
vn -0.54737 -0.69885 -0.46044
vn -0.51944 -0.68131 -0.51575
vn -0.57505 -0.57901 -0.57798
vn -0.55905 -0.56083 -0.61069
vn -0.60491 -0.43872 -0.66453
vn -0.58295 -0.42262 -0.69394
vn -0.61778 -0.27506 -0.73667
vn -0.60636 -0.26422 -0.75001
vn -0.62533 -0.10058 -0.77385
vn -0.61926 -0.0965 -0.77924
vn -0.21191 -0.71887 0.66205
vn -0.28698 -0.71759 0.63459
vn -0.2824 -0.75441 0.59255
vn -0.34249 -0.75092 0.56465
vn -0.34609 -0.76559 0.54231
vn -0.40705 -0.75811 0.50949
vn -0.40013 -0.79509 0.45578
vn -0.49596 -0.7736 0.39443
vn -0.48743 -0.80738 0.33249
vn -0.58519 -0.76857 0.25856
vn -0.57599 -0.79446 0.19254
vn -0.66864 -0.73509 0.11209
vn -0.65949 -0.75021 0.04757
vn -0.7262 -0.68729 -0.01619
vn -0.7247 -0.68656 -0.0587
vn -0.78287 -0.61049 -0.12006
vn -0.77297 -0.61007 -0.17415
vn -0.82683 -0.51177 -0.23334
vn -0.82179 -0.5033 -0.26712
vn -0.86428 -0.38968 -0.31808
vn -0.85506 -0.3816 -0.35108
vn -0.8874 -0.2461 -0.38982
vn -0.8824 -0.23846 -0.4056
vn -0.89927 -0.09035 -0.42796
vn -0.89632 -0.08708 -0.43478
vn -0.28982 -0.46308 0.83759
vn -0.35413 -0.46172 0.81327
vn -0.35465 -0.49192 0.79513
vn -0.42157 -0.48775 0.76445
vn -0.42586 -0.50072 0.75361
vn -0.48966 -0.49323 0.719
vn -0.49155 -0.52846 0.69218
vn -0.58517 -0.50757 0.63242
vn -0.58867 -0.54429 0.59768
vn -0.67806 -0.5089 0.53033
vn -0.68354 -0.54217 0.48869
vn -0.76303 -0.49133 0.41998
vn -0.76995 -0.51652 0.37468
vn -0.8243 -0.46483 0.32321
vn -0.83227 -0.47192 0.2909
vn -0.87724 -0.41381 0.24335
vn -0.88362 -0.42357 0.19951
vn -0.92361 -0.35018 0.15595
vn -0.92869 -0.34844 0.127
vn -0.95931 -0.26757 0.09017
vn -0.96228 -0.26529 0.06026
vn -0.98486 -0.17011 0.03348
vn -0.98609 -0.16515 0.01863
vn -0.99803 -0.06272 0.00266
vn -0.99818 -0.06025 -0.00396
vn -0.73305 -0.16667 0.65944
vn -0.73291 -0.1719 0.65825
vn -0.7662 -0.17351 0.61873
vn -0.77762 -0.16218 0.60745
vn -0.79088 -0.17112 0.58756
vn -0.81272 -0.14336 0.56474
vn -0.82966 -0.15599 0.53603
vn -0.8468 -0.12407 0.51724
vn -0.85874 -0.12555 0.49679
vn -0.87052 -0.09507 0.48286
vn -0.88231 -0.09577 0.46083
vn -0.89025 -0.06161 0.45128
vn -0.89614 -0.05846 0.43991
vn -0.90046 -0.02296 0.43433
vn -0.90297 -0.02113 0.42919
vn -0.21788 -0.19485 0.95633
vn -0.03754 -0.98763 0.15223
vn -0.05865 -0.83087 0.55336
vn -0.02061 -0.9807 0.19444
vn -0.02061 -0.9807 0.19444
vn -0.04646 -0.89761 0.43833
vn -0.05532 -0.79452 0.60471
vn -0.05112 -0.98063 0.18907
vn -0.10574 -0.89048 0.44256
vn -0.13974 -0.83065 0.53898
vn -0.10338 -0.19465 0.97541
vn -0.10338 -0.19465 0.97541
vn -0.0877 -0.55468 0.82743
vn -0.07641 -0.44384 0.89284
vn -0.08355 -0.6096 0.7883
vn -0.28441 -0.1564 0.94586
vn -0.24697 -0.06137 0.96708
vn -0.21016 -0.45306 0.86636
vn -0.20574 -0.55446 0.80638
vn -0.18223 -0.64859 0.73901
vn -0.1557 -0.75965 0.63142
vn 0.96593 0.25882 0
vn 0.70711 0.70711 0
vn 0.25882 0.96593 0
vn 0.96537 0.03405 -0.25867
vn 0.96537 0.03405 -0.25867
vn 0.70406 0.09269 -0.70406
vn 0.70406 0.09269 -0.70406
vn 0.25675 0.12615 -0.95821
vn 0.96537 0.15883 -0.20699
vn 0.96537 0.15883 -0.20699
vn 0.70406 0.4323 -0.56339
vn 0.70406 0.4323 -0.56339
vn 0.96537 0.20699 -0.15883
vn 0.96537 0.20699 -0.15883
vn 0.70406 0.56339 -0.4323
vn 0.70406 0.56339 -0.4323
vn 0.15833 0.43671 -0.88556
vn 0.2583 0.31053 -0.9148
vn 0.25675 0.12615 -0.95821
vn 0.2583 0.86644 -0.42728
vn 0.25675 0.76676 -0.58835
vn 0.25675 0.76676 -0.58835
vn 0.25675 0.58835 -0.76676
vn 0.25675 0.58835 -0.76676
vn 0.25675 0.36985 -0.89291
vn 0.70406 0.27176 -0.65608
vn 0.70406 0.27176 -0.65608
vn 0.96537 0.09984 -0.24104
vn 0.96537 0.09984 -0.24104
vn 0.2583 0.9148 -0.31053
vn 0.20957 0.90336 -0.37419
vn 0.70406 0.65608 -0.27176
vn 0.70406 0.65608 -0.27176
vn 0.96537 0.24104 -0.09984
vn 0.96537 0.24104 -0.09984
vn 0.96537 0.25867 -0.03405
vn 0.96537 0.25867 -0.03405
vn 0.70406 0.70406 -0.09269
vn 0.70406 0.70406 -0.09269
vn 0.25675 0.95821 -0.12615
vn 0.25675 0.95821 -0.12615
vn 0.96593 0 -0.25882
vn 0.70711 0 -0.7071
vn 0.25882 0 -0.96593
vn 0.96537 -0.25867 -0.03405
vn 0.96537 -0.25867 -0.03405
vn 0.70406 -0.70406 -0.09269
vn 0.70406 -0.70406 -0.09269
vn 0.25675 -0.95821 -0.12615
vn 0.96537 -0.20699 -0.15883
vn 0.96537 -0.20699 -0.15883
vn 0.70406 -0.56339 -0.4323
vn 0.70406 -0.56339 -0.4323
vn 0.96537 -0.15883 -0.20699
vn 0.96537 -0.15883 -0.20699
vn 0.70406 -0.4323 -0.56339
vn 0.70406 -0.4323 -0.56339
vn 0.96537 -0.03405 -0.25867
vn 0.96537 -0.03405 -0.25867
vn 0.70406 -0.09269 -0.70406
vn 0.70406 -0.09269 -0.70406
vn 0.15834 -0.88556 -0.43671
vn 0.2583 -0.9148 -0.31053
vn 0.25675 -0.95821 -0.12615
vn 0.25675 -0.58835 -0.76676
vn 0.25675 -0.76676 -0.58835
vn 0.25675 -0.76676 -0.58835
vn 0.25675 -0.89291 -0.36986
vn 0.70406 -0.65608 -0.27176
vn 0.70406 -0.65608 -0.27176
vn 0.96537 -0.24104 -0.09984
vn 0.96537 -0.24104 -0.09984
vn 0.15833 -0.31738 -0.93499
vn 0.2583 -0.42728 -0.86644
vn 0.25675 -0.58835 -0.76676
vn 0.96537 -0.09984 -0.24104
vn 0.96537 -0.09984 -0.24104
vn 0.70406 -0.27176 -0.65608
vn 0.70406 -0.27176 -0.65608
vn 0.25675 -0.36985 -0.89291
vn 0.25675 -0.12615 -0.95821
vn 0.25675 -0.12615 -0.95821
vn 0.96593 -0.25882 0
vn 0.70711 -0.70711 0
vn 0.25882 -0.96593 0
vn -0.21412 0.97681 -0
vn -0.21033 0.97763 -0.00055
vn -0.60309 0.79767 0.00056
vn -0.59793 0.80155 -0.00037
vn -0.88147 0.47223 0.00037
vn -0.87963 0.47566 -0.00019
vn -0.99819 0.0602 0.00018
vn -0.99811 0.06149 -0
vn -0.18991 0.49565 0.84751
vn -0.21021 0.85123 0.48086
vn -0.95418 -0.15996 0.25289
vn -0.77747 0.12632 0.61611
vn -0.80092 0.03959 0.59747
vn -0.59871 0.12486 0.79118
vn -0.49654 0.20566 0.8433
vn -0.41866 0.18043 0.89004
vn -0.1503 0.2415 0.95869
vn -0.18805 0.2558 0.94826
vn -0.21687 0.69564 0.68488
vn -0.18574 0.68656 0.70295
vn -0.54644 0.55387 0.62819
vn -0.54645 0.55388 0.62818
vn -0.84368 0.31229 0.43667
vn -0.84367 0.31228 0.43668
vn -0.9876 0.00488 0.15692
vn -0.22194 0.9445 0.24219
vn -0.20323 0.94466 0.2575
vn -0.58193 0.7801 0.22977
vn -0.58193 0.7801 0.22977
vn -0.86834 0.46955 0.15972
vn -0.86833 0.46956 0.15974
vn -0.99646 0.06139 0.05741
vn -0.92901 -0.29299 0.22604
vn -0.76149 -0.12301 0.6364
vn -0.95458 -0.15754 0.25288
vn -0.39254 -0.05968 0.9178
vn -0.57836 -0.09033 0.81076
vn -0.15122 -0.01728 0.98835
vn -0.95517 -0.15696 0.25103
vn -0.94848 -0.19301 0.25126
vn -0.95039 -0.19261 0.24424
vn -0.9407 -0.23446 0.24518
vn -0.92699 -0.23904 0.28904
vn -0.93616 -0.25996 0.23669
vn -0.92606 -0.29285 0.23801
vn -0.71147 -0.13277 0.69006
vn -0.71044 -0.13825 0.69005
vn -0.72428 -0.1388 0.67539
vn -0.71628 -0.17257 0.67613
vn -0.7333 -0.17448 0.65714
vn -0.72461 -0.20361 0.65839
vn -0.74415 -0.20747 0.63497
vn -0.40165 -0.07722 0.91253
vn -0.29017 -0.0644 0.95481
vn -0.29298 -0.04885 0.95487
vn -0.32431 -0.05122 0.94456
vn -0.3223 -0.05969 0.94475
vn -0.36083 -0.06503 0.93036
vn -0.35969 -0.06884 0.93053
vn -0.59703 -0.11823 0.79346
vn -0.8995 -0.37057 0.23147
vn -0.2953 -0.46203 0.83626
vn -0.33009 -0.35829 0.87331
vn -0.25863 -0.55793 0.78856
vn -0.27911 -0.64485 0.71152
vn -0.18058 -0.72705 0.66241
vn -0.61642 -0.54837 0.56509
vn -0.5074 -0.63923 0.57787
vn -0.36927 -0.65405 0.66019
vn -0.68074 -0.35773 0.63924
vn -0.67593 -0.36317 0.64127
vn -0.51034 -0.3271 0.79533
vn -0.38691 -0.2963 0.87322
vn -0.37683 -0.14287 0.9152
vn -0.9111 -0.32837 0.24913
vn -0.78458 -0.5334 0.3161
vn -0.68247 -0.58869 0.43322
vn -0.48256 -0.73653 0.47399
vn -0.77023 -0.58426 0.2557
vn -0.88659 -0.44987 0.10758
vn -0.33866 -0.76968 0.5412
vn -0.19196 -0.39747 0.89731
vn -0.15523 -0.48965 0.85799
vn -0.17196 -0.4801 0.8602
vn -0.13554 -0.56738 0.81223
vn -0.18393 -0.56609 0.80356
vn -0.1362 -0.68954 0.71133
vn -0.17811 -0.68581 0.70565
vn -0.15362 -0.75548 0.63691
vn -0.16302 -0.74894 0.64227
vn -0.1504 -0.78285 0.60376
vn -0.16483 -0.77709 0.60742
vn -0.13453 -0.21552 0.96719
vn -0.17314 -0.31082 0.93456
vn -0.13623 -0.39413 0.9089
vn -0.1464 -0.22605 0.96305
vn -0.18111 -0.15061 0.97186
vn -0.16563 -0.16417 0.97243
vn -0.20769 -0.07047 0.97565
vn -0.14374 -0.05864 0.98788
vn -0.19463 0.046 0.9798
vn -0.13406 0.13861 0.98123
vn -0.17047 0.14461 0.97469
vn -0.22385 0.25062 0.94185
vn -0.16119 0.26406 0.95094
vn -0.23495 0.40358 0.88426
vn -0.17132 0.4179 0.8922
vn -0.24002 0.54259 0.80498
vn -0.18855 0.55026 0.81343
vn -0.25309 0.6635 0.70407
vn -0.19989 0.6729 0.71222
vn -0.88398 -0.45483 0.10822
vn -0.88608 -0.44913 0.11461
vn -0.88423 -0.45292 0.11398
vn -0.88763 -0.44365 0.12368
vn -0.88153 -0.45333 0.13188
vn -0.88728 -0.43852 0.14293
vn -0.88147 -0.44679 0.15296
vn -0.88574 -0.43635 0.15831
vn -0.88347 -0.44038 0.15982
vn -0.88726 -0.43111 0.16408
vn -0.88233 -0.43684 0.17514
vn -0.88792 -0.4239 0.1786
vn -0.88406 -0.4274 0.18913
vn -0.88791 -0.41899 0.1899
vn -0.88643 -0.42157 0.19112
vn -0.89002 -0.41369 0.19164
vn -0.88742 -0.41503 0.20061
vn -0.89349 -0.40245 0.19927
vn -0.89192 -0.40251 0.20607
vn -0.89869 -0.38918 0.20224
vn -0.89791 -0.38872 0.20653
vn -0.90591 -0.37362 0.19933
vn -0.90563 -0.37304 0.20169
vn -0.91444 -0.35715 0.19037
vn -0.91439 -0.35695 0.19099
vn -0.9243 -0.33953 0.17434
vn -0.9243 -0.33971 0.17397
vn -0.9355 -0.32068 0.14834
vn -0.93543 -0.32129 0.14744
vn -0.44838 -0.75802 0.47367
vn -0.46196 -0.72247 0.51442
vn -0.45518 -0.72888 0.51141
vn -0.47377 -0.67511 0.56548
vn -0.44448 -0.68539 0.57679
vn -0.48173 -0.58922 0.64866
vn -0.44867 -0.59759 0.66451
vn -0.47752 -0.5295 0.70114
vn -0.46603 -0.53827 0.7022
vn -0.49398 -0.46716 0.73331
vn -0.45714 -0.4713 0.75426
vn -0.50599 -0.35818 0.78465
vn -0.46752 -0.35803 0.80823
vn -0.50106 -0.28696 0.81645
vn -0.49082 -0.29705 0.81906
vn -0.52306 -0.22387 0.82237
vn -0.48337 -0.21832 0.84776
vn -0.54124 -0.09825 0.83511
vn -0.50187 -0.08849 0.86041
vn -0.56153 0.02908 0.82694
vn -0.52499 0.04081 0.85013
vn -0.58646 0.15716 0.79458
vn -0.55052 0.17228 0.81685
vn -0.60973 0.27879 0.74196
vn -0.58136 0.2903 0.7601
vn -0.638 0.39034 0.66376
vn -0.60961 0.40549 0.68115
vn -0.66579 0.50101 0.55291
vn -0.64318 0.51436 0.56723
vn -0.94596 -0.3038 0.11339
vn -0.94581 -0.3046 0.11249
vn -0.95831 0.08123 0.27393
vn -0.94325 0.17774 0.28051
vn -0.90526 0.11192 0.40984
vn -0.91085 0.10325 0.39961
vn -0.87275 0.03854 0.48665
vn -0.88052 0.02912 0.47312
vn -0.84329 -0.03672 0.5362
vn -0.85197 -0.04364 0.52177
vn -0.8142 -0.11141 0.56979
vn -0.826 -0.11964 0.55083
vn -0.78777 -0.19194 0.5853
vn -0.80099 -0.19753 0.56515
vn -0.76475 -0.26886 0.58555
vn -0.78022 -0.27237 0.56309
vn -0.74562 -0.34409 0.57067
vn -0.76256 -0.34423 0.54773
vn -0.74343 -0.38739 0.54519
vn -0.74871 -0.38089 0.54255
vn -0.7288 -0.42325 0.53825
vn -0.74668 -0.41921 0.51645
vn -0.71763 -0.4864 0.49842
vn -0.73595 -0.47894 0.47853
vn -0.71919 -0.52119 0.45949
vn -0.72549 -0.51427 0.45737
vn -0.70799 -0.55589 0.43559
vn -0.72564 -0.54512 0.41987
vn -0.7029 -0.60372 0.37609
vn -0.7193 -0.5915 0.36434
vn -0.70778 -0.62428 0.33062
vn -0.71184 -0.61888 0.33208
vn -0.70558 -0.63567 0.31318
vn -0.65301 -0.68858 0.31532
vn -0.88003 0.31663 0.35396
vn -0.77456 0.49233 0.39708
vn -0.69543 0.60266 0.39139
vn -0.59501 0.67655 0.43387
vn -0.42293 0.79537 0.43419
vn -0.24733 0.75486 0.60746
vn -0.19808 0.80319 0.56183
vn -0.23434 0.81353 0.53222
vn -0.27187 0.87363 0.40356
vn -0.18119 0.88879 0.42098
vn -0.53285 0.65525 0.53546
vn -0.36321 0.76182 0.53639
vn -0.19249 0.90948 0.3685
vn -0.38832 0.73652 0.55385
vn -0.52734 0.62981 0.5703
vn -0.52448 0.62463 0.57858
vn -0.44452 0.47479 0.75959
vn -0.66306 0.14475 0.73444
vn -0.69613 0.12408 0.70711
vn -0.56235 0.26256 0.78411
vn -0.55724 0.62121 0.55098
vn -0.73573 0.4436 0.51178
vn -0.77945 0.33345 0.53035
vn -0.90801 -0.38974 0.15371
vn -0.83939 -0.23683 0.48921
vn -0.85933 -0.13597 0.49302
vn -0.77419 -0.05174 0.63084
vn -0.67782 0.07446 0.73145
vn -0.84594 0.27761 0.45532
vn -0.9326 0.05294 0.357
vn -0.92153 -0.03754 0.3865
vn -0.95913 -0.28036 0.03825
vn -0.70555 -0.18244 0.68477
vn -0.86058 -0.47515 0.18341
vn -0.79919 -0.30875 0.51572
vn -0.59529 -0.08017 0.7995
vn -0.65552 -0.11983 0.74561
vn -0.66968 -0.09814 0.73614
vn -0.70283 -0.12766 0.69981
vn -0.7157 -0.10963 0.68975
vn -0.73204 -0.12249 0.67016
vn -0.86185 -0.47914 0.16625
vn -0.8507 -0.49615 0.17363
vn -0.85082 -0.50296 0.1521
vn -0.84238 -0.51495 0.15882
vn -0.84267 -0.51785 0.14742
vn -0.83612 -0.52676 0.15308
vn -0.83406 -0.53562 0.1321
vn -0.82775 -0.5437 0.1386
vn -0.82405 -0.55401 0.11837
vn -0.82029 -0.55856 0.123
vn -0.81493 -0.57012 0.10423
vn -0.86336 -0.42677 0.2692
vn -0.81177 -0.32073 0.48801
vn -0.81367 -0.31782 0.48675
vn -0.82593 -0.33551 0.45308
vn -0.82846 -0.33194 0.45108
vn -0.83469 -0.33963 0.43353
vn -0.83933 -0.33327 0.42948
vn -0.84659 -0.35321 0.39815
vn -0.85567 -0.34158 0.38879
vn -0.85968 -0.36303 0.3594
vn -0.87476 -0.34461 0.34066
vn -0.87373 -0.31662 0.36925
vn -0.74422 -0.1058 0.6595
vn -0.73781 -0.0871 0.66936
vn -0.77758 -0.12571 0.61609
vn -0.79425 -0.10414 0.5986
vn -0.81315 -0.13707 0.56568
vn -0.83877 -0.10605 0.53406
vn -0.85232 -0.13966 0.50403
vn -0.87089 -0.41825 0.25812
vn -0.88059 -0.18538 0.43611
vn -0.80669 -0.18524 0.56119
vn -0.88383 -0.30525 0.3545
vn -0.84097 -0.51912 0.15262
vn -0.80041 -0.56142 0.21012
vn -0.81503 -0.57 0.10408
vn -0.87472 -0.12425 0.46843
vn -0.91441 -0.14252 0.37887
vn -0.88715 -0.30544 0.34594
vn -0.84088 -0.51915 0.15298
vn -0.5184 -0.31983 0.79307
vn -0.67017 -0.42488 0.60856
vn -0.79526 -0.54825 0.25881
vn -0.34864 -0.14815 0.92547
vn -0.33652 -0.16479 0.92715
vn -0.22971 -0.12228 0.96555
vn -0.5184 -0.25953 0.81481
vn -0.42191 -0.07941 0.90315
vn -0.38398 -0.13359 0.91363
vn -0.50771 -0.16391 0.84579
vn -0.5592 -0.09628 0.82342
vn -0.63997 -0.16333 0.75084
vn -0.6645 -0.13385 0.7352
vn -0.68757 -0.12586 0.71513
vn -0.71246 -0.09385 0.6954
vn -0.76247 -0.15696 0.6277
vn -0.81828 -0.08984 0.56775
vn -0.84771 -0.15376 0.50768
vn -0.64766 -0.3922 0.65324
vn -0.64711 -0.39295 0.65332
vn -0.66584 -0.38175 0.64104
vn -0.67625 -0.36707 0.63871
vn -0.71945 -0.39277 0.57282
vn -0.748 -0.35535 0.56055
vn -0.77855 -0.38733 0.4938
vn -0.7908 -0.37252 0.48565
vn -0.80297 -0.36597 0.47043
vn -0.81676 -0.3484 0.45992
vn -0.8318 -0.3812 0.40348
vn -0.86388 -0.34269 0.36916
vn -0.8621 -0.33247 0.38242
vn -0.80387 -0.54643 0.23496
vn -0.79965 -0.55228 0.23568
vn -0.80487 -0.54695 0.23029
vn -0.80212 -0.55073 0.23085
vn -0.80859 -0.55307 0.20071
vn -0.80813 -0.55368 0.20091
vn -0.81112 -0.55969 0.16981
vn -0.80952 -0.56166 0.17091
vn -0.81347 -0.55799 0.16406
vn -0.81393 -0.55742 0.16372
vn -0.81298 -0.56599 0.13683
vn -0.83046 -0.54447 0.1178
vn -0.83429 -0.52664 0.16314
vn -0.22067 -0.13574 0.96586
vn -0.49595 -0.25099 0.83129
vn -0.17811 -0.09331 0.97958
vn -0.17319 -0.08995 0.98077
vn -0.74539 -0.36904 0.55516
vn -0.66908 -0.33686 0.66246
vn -0.48985 -0.24707 0.83606
vn -0.89515 -0.44485 0.02864
vn -0.8876 -0.43993 0.13648
vn -0.87978 -0.4336 0.19487
vn -0.85565 -0.42576 0.29427
vn -0.7831 -0.39151 0.48318
vn -0.16933 -0.09692 0.98078
vn -0.5163 -0.32303 0.79315
vn -0.47355 -0.2913 0.8312
vn -0.676 -0.41583 0.60836
vn -0.70683 -0.43846 0.55511
vn -0.82524 -0.50215 0.25852
vn -0.83542 -0.5139 0.1949
vn -0.89255 0.44356 0.08129
vn -0.87975 0.43367 0.19487
vn -0.86734 0.43037 0.25002
vn -0.7425 0.37463 0.55528
vn -0.68656 0.33584 0.64486
vn -0.79931 0.39999 0.44845
vn -0.16633 0.10232 0.98075
vn -0.17319 0.08995 0.98077
vn -0.09819 0.03883 0.99441
vn -0.23486 0.11981 0.96462
vn -0.4947 0.2533 0.83133
vn -0.43324 0.21244 0.87588
vn -0.56098 0.28244 0.77816
vn -0.22326 0.13189 0.96579
vn -0.472 0.29399 0.83113
vn -0.51884 0.31916 0.79306
vn -0.70843 0.43578 0.55517
vn -0.67348 0.41977 0.60846
vn -0.83864 0.5086 0.19495
vn -0.82279 0.50612 0.25857
vn -0.87596 0.31794 0.36279
vn -0.85348 0.14774 0.49975
vn -0.86821 0.4226 0.26004
vn -0.81307 0.57179 0.10945
vn -0.85654 0.09956 0.50639
vn -0.79832 0.16623 0.57883
vn -0.78816 0.08073 0.61016
vn -0.70942 0.17566 0.68255
vn -0.68414 0.07778 0.72519
vn -0.59816 0.18539 0.77964
vn -0.55218 0.07657 0.8302
vn -0.46534 0.191 0.86428
vn -0.40524 0.0826 0.91047
vn -0.32229 0.19772 0.92576
vn -0.25117 0.08986 0.96376
vn -0.51995 0.31746 0.79301
vn -0.86734 0.36159 0.342
vn -0.84466 0.38696 0.36988
vn -0.85258 0.33742 0.39906
vn -0.80562 0.39406 0.44238
vn -0.80696 0.33904 0.4836
vn -0.75656 0.40212 0.51567
vn -0.7477 0.34333 0.56839
vn -0.69737 0.40957 0.58816
vn -0.6794 0.35339 0.64306
vn -0.65063 0.39428 0.64901
vn -0.67114 0.42339 0.60853
vn -0.82009 0.56086 0.11356
vn -0.81015 0.57245 0.12631
vn -0.81979 0.55504 0.14094
vn -0.80809 0.56918 0.15177
vn -0.81631 0.55142 0.17194
vn -0.80588 0.5645 0.17861
vn -0.81156 0.54758 0.20378
vn -0.80312 0.55866 0.2071
vn -0.80586 0.54447 0.23269
vn -0.79934 0.55348 0.23391
vn -0.79964 0.54184 0.25882
vn -0.81751 0.56671 0.10258
vn -0.87268 0.47797 0.09988
vn -0.87335 0.41676 0.25215
vn -0.88446 0.18087 0.43014
vn -0.91823 0.06742 0.39026
vn -0.88715 0.30544 0.34594
vn -0.88011 0.18201 0.43849
vn -0.87758 0.18884 0.44068
vn -0.83859 0.52194 0.15602
vn -0.83879 0.52164 0.15594
vn -0.85685 0.20783 0.47183
vn -0.81646 0.56657 0.11129
vn -0.85855 0.11642 0.49933
vn -0.83653 0.14169 0.52929
vn -0.8282 0.1026 0.55097
vn -0.8067 0.12942 0.57662
vn -0.80531 0.11353 0.58188
vn -0.82389 0.55257 0.12601
vn -0.82382 0.55265 0.12609
vn -0.827 0.54692 0.13016
vn -0.82842 0.54514 0.12859
vn -0.83413 0.53197 0.14574
vn -0.83854 0.5261 0.14164
vn -0.84268 0.51435 0.15918
vn -0.84912 0.50522 0.15409
vn -0.85184 0.49493 0.17152
vn -0.83539 0.52561 0.16078
vn -0.79699 0.58815 0.1374
vn -0.88306 0.35083 0.31165
vn -0.86592 0.37092 0.33557
vn -0.86864 0.34449 0.35608
vn -0.85731 0.35854 0.36941
vn -0.85932 0.3478 0.37497
vn -0.84925 0.36028 0.38597
vn -0.84848 0.33369 0.41077
vn -0.83614 0.35009 0.42227
vn -0.83266 0.32497 0.4484
vn -0.82302 0.33864 0.45602
vn -0.81701 0.31529 0.48278
vn -0.86005 0.48245 0.16601
vn -0.86154 0.47361 0.18288
vn -0.81004 0.32589 0.48747
vn -0.80178 0.30448 0.51424
vn -0.70601 0.18167 0.6845
vn -0.78957 0.13306 0.59906
vn -0.76148 0.09409 0.64132
vn -0.75861 0.11407 0.64148
vn -0.74195 0.13582 0.65655
vn -0.72323 0.09663 0.68381
vn -0.69846 0.13172 0.70343
vn -0.67585 0.09438 0.73097
vn -0.65271 0.12945 0.74646
vn -0.60267 0.0679 0.7951
vn -0.52448 -0.62463 0.57858
vn -0.66887 -0.11908 0.73378
vn -0.67005 -0.15414 0.72614
vn -0.56235 -0.26256 0.78411
vn -0.44452 -0.47479 0.75959
vn -0.95913 0.28036 0.03825
vn -0.89042 -0.01764 0.45479
vn -0.94234 -0.0078 0.33455
vn -0.84594 -0.27761 0.45532
vn -0.77945 -0.33345 0.53035
vn -0.73573 -0.4436 0.51178
vn -0.53298 -0.64013 0.55332
vn -0.54923 -0.60985 0.57134
vn -0.49633 -0.65649 0.56804
vn -0.3936 -0.74558 0.53777
vn -0.36321 -0.76182 0.53639
vn -0.19249 -0.90948 0.3685
vn -0.67782 -0.07446 0.73145
vn -0.77419 0.05174 0.63084
vn -0.85933 0.13597 0.49302
vn -0.83939 0.23683 0.48921
vn -0.90801 0.38974 0.15371
vn -0.43133 -0.80938 0.39857
vn -0.96378 -0.08861 0.25155
vn -0.94762 0.30195 0.1041
vn -0.62255 -0.72061 0.30522
vn -0.78287 -0.50419 0.36457
vn -0.88747 -0.32673 0.32503
vn -0.20066 -0.92318 0.32783
vn -0.94788 0.30122 0.1039
vn -0.94029 0.31345 0.13268
vn -0.94064 0.31235 0.13281
vn -0.9298 0.33053 0.16196
vn -0.93001 0.32979 0.16221
vn -0.92292 0.34223 0.17634
vn -0.92298 0.34209 0.17631
vn -0.91643 0.35327 0.18802
vn -0.91633 0.35366 0.18777
vn -0.90702 0.37045 0.20022
vn -0.90669 0.37202 0.1988
vn -0.89898 0.38646 0.20611
vn -0.89861 0.38931 0.20233
vn -0.95172 -0.1974 0.2351
vn -0.92101 -0.1439 0.36198
vn -0.92269 -0.1317 0.36235
vn -0.89148 -0.07943 0.44604
vn -0.8939 -0.06353 0.44375
vn -0.87409 -0.02778 0.48497
vn -0.87301 -0.02014 0.48728
vn -0.85162 0.01544 0.52393
vn -0.85535 0.03449 0.51691
vn -0.82132 0.0958 0.56236
vn -0.82628 0.11566 0.55125
vn -0.79245 0.17886 0.58312
vn -0.79994 0.19948 0.56595
vn -0.69026 -0.60902 0.39069
vn -0.6616 -0.56278 0.49555
vn -0.67446 -0.54127 0.50212
vn -0.63141 -0.46901 0.61754
vn -0.6478 -0.4402 0.62175
vn -0.62057 -0.39172 0.6793
vn -0.62141 -0.37679 0.68694
vn -0.59123 -0.32584 0.73775
vn -0.61142 -0.29026 0.73615
vn -0.5611 -0.19953 0.80334
vn -0.58347 -0.16165 0.79589
vn -0.53137 -0.06423 0.8447
vn -0.55881 -0.02406 0.82895
vn -0.16792 -0.29579 0.94038
vn -0.22618 -0.40531 0.88576
vn -0.18282 -0.45339 0.87236
vn -0.23706 -0.55131 0.79991
vn -0.19627 -0.59309 0.78085
vn -0.22594 -0.64541 0.72965
vn -0.22207 -0.66471 0.71333
vn -0.25002 -0.71238 0.65575
vn -0.21547 -0.74254 0.6342
vn -0.24015 -0.78508 0.57094
vn -0.22952 -0.83586 0.49866
vn -0.23104 -0.83577 0.49811
vn -0.25796 -0.88101 0.39658
vn -0.054 -0.12744 0.99038
vn -0.1702 -0.14563 0.97459
vn -0.21843 -0.24119 0.94558
vn -0.88862 0.41257 0.20036
vn -0.88899 0.4158 0.19188
vn -0.74991 0.33566 0.57006
vn -0.75949 0.35013 0.54826
vn -0.49073 0.20384 0.84713
vn -0.51737 0.23395 0.82316
vn -0.8928 0.40077 0.20565
vn -0.89267 0.40417 0.19946
vn -0.76852 0.26159 0.58391
vn -0.77705 0.27937 0.56405
vn -0.50854 0.07534 0.85774
vn -0.53549 0.11091 0.83723
vn -0.21638 -0.0928 0.97189
vn -0.15361 0.03816 0.98739
vn -0.19871 0.08496 0.97637
vn -0.14338 0.20528 0.96814
vn -0.16928 0.2967 0.93985
vn -0.16699 0.20762 0.96385
vn -0.50369 0.35087 0.78942
vn -0.475 0.32604 0.81736
vn -0.74596 0.41572 0.52031
vn -0.73432 0.40479 0.5449
vn -0.88695 0.42529 0.18011
vn -0.88569 0.42296 0.19145
vn -0.18587 0.38346 0.90466
vn -0.14513 0.35102 0.92505
vn -0.49118 0.45701 0.74154
vn -0.46522 0.43946 0.7684
vn -0.73487 0.47435 0.48472
vn -0.72335 0.46772 0.50794
vn -0.88598 0.43286 0.16634
vn -0.88404 0.43199 0.17852
vn -0.8829 0.44025 0.16328
vn -0.88607 0.43882 0.14936
vn -0.71373 0.52495 0.46369
vn -0.7271 0.52721 0.43973
vn -0.45528 0.54296 0.70563
vn -0.48291 0.55439 0.67783
vn -0.1406 0.49218 0.85906
vn -0.02867 0.63681 0.77049
vn -0.15052 0.60017 0.78558
vn -0.18249 0.51765 0.83591
vn -0.88273 0.45399 0.12118
vn -0.88711 0.4484 0.10944
vn -0.77395 0.57296 0.26966
vn -0.69874 0.63207 0.33505
vn -0.66837 0.64545 0.3697
vn -0.44536 0.7231 0.528
vn -0.48696 0.72279 0.49034
vn -0.34737 0.74234 0.57295
vn -0.88254 0.44774 0.14373
vn -0.88652 0.44398 0.13021
vn -0.70699 0.57791 0.40766
vn -0.72046 0.57604 0.38616
vn -0.44907 0.63977 0.62372
vn -0.47499 0.64487 0.59877
vn -0.18099 0.63327 0.75247
vn -0.13991 0.74305 0.65445
vn -0.1728 0.75272 0.63526
vn -0.9111 0.32837 0.24913
vn -0.18058 0.72705 0.66241
vn -0.27911 0.64485 0.71152
vn -0.33009 0.35829 0.87331
vn -0.2953 0.46203 0.83626
vn -0.25863 0.55793 0.78856
vn -0.37683 0.14287 0.9152
vn -0.38691 0.2963 0.87322
vn -0.51034 0.3271 0.79533
vn -0.67593 0.36317 0.64127
vn -0.68074 0.35773 0.63924
vn -0.8995 0.37057 0.23147
vn -0.36927 0.65405 0.66019
vn -0.5074 0.63923 0.57787
vn -0.61642 0.54837 0.56509
vn -0.68247 0.58869 0.43322
vn -0.78458 0.5334 0.3161
vn -0.58535 0.15169 0.79647
vn -0.74049 0.21782 0.63579
vn -0.40024 0.08109 0.91281
vn -0.73376 0.21105 0.6458
vn -0.73823 0.19757 0.64496
vn -0.72204 0.18844 0.6657
vn -0.72873 0.16401 0.66487
vn -0.71459 0.15744 0.6816
vn -0.95315 0.17486 0.24684
vn -0.94252 0.22435 0.24763
vn -0.94424 0.226 0.23945
vn -0.93152 0.27239 0.24098
vn -0.93347 0.27477 0.2305
vn -0.92336 0.30563 0.23237
vn -0.92396 0.30772 0.22718
vn -0.95176 0.17377 0.25291
vn -0.75943 0.13532 0.63637
vn -0.71989 0.13296 0.68124
vn -0.57701 0.09866 0.81075
vn -0.3918 0.06436 0.9178
vn -0.38594 0.07048 0.91983
vn -0.38347 0.07785 0.92027
vn -0.34552 0.06047 0.93646
vn -0.34449 0.06422 0.93659
vn -0.31168 0.05158 0.94879
vn -0.31082 0.05556 0.94884
vn -0.15124 0.01714 0.98835
vn -0.21446 -0.88016 0.42346
vn -0.18067 -0.19305 0.96441
vn -0.20511 -0.60095 0.77252
vn -0.18104 -0.43936 0.87988
vn -0.24012 -0.22353 0.94466
vn -0.41866 -0.18043 0.89004
vn -0.49654 -0.20566 0.8433
vn -0.19903 -0.78243 0.59008
vn -0.28889 -0.66039 0.69313
vn -0.54645 -0.55387 0.62819
vn -0.54644 -0.55388 0.62818
vn -0.84368 -0.31229 0.43667
vn -0.84368 -0.31228 0.43668
vn -0.9876 -0.00488 0.15692
vn -0.59871 -0.12486 0.79118
vn -0.77781 -0.05122 0.62641
vn -0.81432 -0.08754 0.57378
vn -0.95418 0.15996 0.25289
vn -0.20675 -0.96102 0.18354
vn -0.27526 -0.92673 0.25575
vn -0.58193 -0.7801 0.22977
vn -0.58193 -0.7801 0.22977
vn -0.86833 -0.46956 0.15972
vn -0.86834 -0.46954 0.15974
vn -0.99646 -0.06139 0.05741
vn -0.99819 -0.0602 -0
vn -0.99811 -0.06149 0.00018
vn -0.88147 -0.47223 -0.00018
vn -0.87963 -0.47566 0.00037
vn -0.6031 -0.79767 -0.00036
vn -0.59793 -0.80155 0.00054
vn -0.21412 -0.97681 -0.00054
vn -0.21033 -0.97763 -0
vn 0.90136 0 0.43306
vn 0.93656 0 0.35052
vn 0.83508 0 0.55014
vn 0.72343 0 0.6904
vn 0.58852 0 0.80848
vn 0.43471 0 0.90057
vn 0.26692 0 0.96372
vn 0.09055 0 0.99589
vn -0.08873 0 0.99606
vn -0.26516 0 0.96421
vn -0.43306 0 0.90136
vn -0.58705 -0 0.80955
vn -0.72216 0 0.69172
vn -0.83407 -0 0.55166
vn -0.91917 -0 0.39386
vn -0.97472 -0 0.22341
vn -0.99895 -0 0.04578
vn -0.99107 -0 -0.13333
vn -0.95134 -0 -0.30815
vn -0.88103 -0 -0.47307
vn -0.7824 -0 -0.62278
vn -0.65863 -0 -0.75247
vn -0.51368 -0 -0.85798
vn -0.35223 -0 -0.93591
vn -0.17945 0 -0.98377
vn -0.00091 -0 -1
vn 0.17766 -0 -0.98409
vn 0.35052 0 -0.93656
vn 0.51212 0 -0.85892
vn 0.65725 0 -0.75367
vn 0.78126 0 -0.6242
vn 0.88016 0 -0.47467
vn 0.95077 0 -0.30988
vn 0.99083 0 -0.13514
vn 0.99903 0 0.04395
vn 0.97513 0 0.22163
vn -0.96634 -0 -0.25728
vn -0.99968 -0 0.02539
vn -0.95203 -0 0.306
vn -0.82726 0 0.56183
vn -0.63546 0 0.77213
vn -0.39219 0 0.91989
vn -0.11714 0 0.99312
vn 0.1674 0 0.98589
vn 0.43838 0 0.89879
vn 0.67384 0 0.73888
vn 0.85471 0 0.51911
vn 0.96634 0 0.25728
vn 0.99968 0 -0.02539
vn 0.95203 0 -0.306
vn 0.82726 0 -0.56183
vn 0.63546 0 -0.77213
vn 0.39219 0 -0.91989
vn 0.11714 0 -0.99312
vn -0.1674 0 -0.98589
vn -0.43838 -0 -0.89879
vn -0.67384 -0 -0.73888
vn -0.85471 -0 -0.51911
vn 0.87702 0 0.48046
vn 0.76643 0 0.64233
vn 0.62639 0 0.77951
vn 0.46228 0 0.88673
vn 0.28041 0 0.95988
vn 0.08775 0 0.99614
vn -0.10827 0 0.99412
vn -0.30013 0 0.9539
vn -0.48046 -0 0.87702
vn -0.64233 0 0.76643
vn -0.77951 -0 0.62639
vn -0.88673 -0 0.46228
vn -0.95988 -0 0.28041
vn -0.99614 -0 0.08775
vn -0.99412 -0 -0.10827
vn -0.9539 -0 -0.30013
vn -0.87702 -0 -0.48046
vn -0.76643 -0 -0.64233
vn -0.62639 -0 -0.77951
vn -0.46228 0 -0.88673
vn -0.28041 0 -0.95988
vn -0.08775 -0 -0.99614
vn 0.10827 0 -0.99412
vn 0.30013 0 -0.9539
vn 0.48046 0 -0.87702
vn 0.64233 0 -0.76643
vn 0.77951 0 -0.62639
vn 0.88673 0 -0.46228
vn 0.95988 0 -0.28041
vn 0.99614 0 -0.08775
vn 0.99412 0 0.10827
vn 0.9539 0 0.30013
f 1//1 2//1 3//1
f 4//1 5//1 3//1
f 3//1 5//1 6//1
f 3//1 6//1 7//1
f 7//1 8//1 3//1
f 3//1 8//1 9//1
f 3//1 9//1 1//1
f 10//2 11//2 12//2
f 12//2 11//2 13//2
f 13//2 11//2 14//2
f 13//2 14//2 15//2
f 16//2 17//2 18//2
f 18//2 17//2 13//2
f 18//2 13//2 19//2
f 19//2 13//2 15//2
f 16//2 20//2 17//2
f 17//2 20//2 21//2
f 17//2 21//2 22//2
f 21//2 23//2 22//2
f 22//2 23//2 24//2
f 22//2 24//2 12//2
f 12//2 24//2 25//2
f 12//2 25//2 10//2
f 26//3 27//3 28//3
f 29//3 3//3 30//3
f 31//3 32//3 33//3
f 34//3 35//3 36//3
f 36//3 35//3 37//3
f 38//3 39//3 40//3
f 41//3 42//3 43//3
f 43//3 42//3 44//3
f 43//3 44//3 34//3
f 34//3 44//3 45//3
f 34//3 45//3 35//3
f 43//3 46//3 41//3
f 41//3 46//3 47//3
f 41//3 47//3 48//3
f 48//3 47//3 49//3
f 26//3 28//3 50//3
f 51//3 40//3 52//3
f 53//3 54//3 45//3
f 45//3 54//3 55//3
f 45//3 55//3 35//3
f 56//3 57//3 2//3
f 2//3 57//3 58//3
f 2//3 58//3 3//3
f 59//3 60//3 61//3
f 61//3 60//3 62//3
f 61//3 62//3 63//3
f 63//3 62//3 64//3
f 63//3 64//3 65//3
f 65//3 66//3 67//3
f 33//3 32//3 28//3
f 28//3 32//3 68//3
f 28//3 68//3 50//3
f 50//3 68//3 48//3
f 50//3 48//3 69//3
f 69//3 48//3 49//3
f 69//3 49//3 70//3
f 71//3 72//3 73//3
f 73//3 72//3 74//3
f 73//3 74//3 75//3
f 75//3 74//3 57//3
f 75//3 57//3 76//3
f 76//3 57//3 56//3
f 37//3 30//3 36//3
f 36//3 30//3 3//3
f 36//3 3//3 77//3
f 77//3 3//3 58//3
f 52//3 78//3 51//3
f 51//3 78//3 79//3
f 51//3 79//3 49//3
f 49//3 79//3 80//3
f 49//3 80//3 70//3
f 38//3 81//3 39//3
f 39//3 81//3 82//3
f 39//3 82//3 83//3
f 84//3 85//3 71//3
f 71//3 85//3 86//3
f 71//3 86//3 87//3
f 33//3 88//3 31//3
f 31//3 88//3 89//3
f 31//3 89//3 90//3
f 90//3 89//3 91//3
f 90//3 91//3 92//3
f 92//3 91//3 93//3
f 92//3 93//3 94//3
f 59//3 61//3 30//3
f 30//3 61//3 95//3
f 30//3 95//3 29//3
f 96//3 63//3 97//3
f 97//3 63//3 65//3
f 97//3 65//3 98//3
f 98//3 65//3 67//3
f 45//3 99//3 53//3
f 53//3 99//3 100//3
f 53//3 100//3 66//3
f 66//3 100//3 101//3
f 66//3 101//3 67//3
f 67//3 101//3 90//3
f 67//3 90//3 102//3
f 102//3 90//3 92//3
f 51//3 72//3 40//3
f 40//3 72//3 71//3
f 40//3 71//3 38//3
f 38//3 71//3 87//3
f 103//3 104//3 105//3
f 105//3 104//3 106//3
f 107//3 108//3 109//3
f 109//3 108//3 110//3
f 109//3 110//3 111//3
f 84//3 71//3 112//3
f 103//3 113//3 104//3
f 104//3 113//3 114//3
f 104//3 114//3 115//3
f 116//3 117//3 104//3
f 104//3 117//3 118//3
f 115//3 119//3 104//3
f 104//3 119//3 120//3
f 104//3 120//3 121//3
f 122//3 123//3 109//3
f 109//3 123//3 124//3
f 109//3 124//3 107//3
f 121//3 122//3 104//3
f 104//3 122//3 109//3
f 104//3 109//3 116//3
f 116//3 109//3 125//3
f 112//3 126//3 84//3
f 84//3 126//3 127//3
f 84//3 127//3 118//3
f 118//3 127//3 128//3
f 118//3 128//3 104//3
f 129//2 130//2 131//2
f 131//2 130//2 132//2
f 133//4 134//4 135//4
f 136//4 135//4 137//4
f 137//4 135//4 138//4
f 137//4 138//4 139//4
f 136//4 140//4 141//4
f 141//4 140//4 142//4
f 141//4 142//4 143//4
f 143//4 142//4 144//4
f 143//4 144//4 145//4
f 145//4 144//4 146//4
f 145//4 146//4 147//4
f 147//4 146//4 148//4
f 147//4 148//4 149//4
f 149//4 148//4 150//4
f 151//4 152//4 153//4
f 151//4 153//4 154//4
f 138//4 155//4 139//4
f 139//4 155//4 156//4
f 139//4 156//4 157//4
f 157//4 156//4 158//4
f 157//4 158//4 159//4
f 159//4 158//4 160//4
f 160//4 154//4 159//4
f 159//4 154//4 153//4
f 159//4 153//4 161//4
f 161//4 153//4 162//4
f 161//4 162//4 150//4
f 150//4 162//4 163//4
f 150//4 163//4 149//4
f 133//4 135//4 164//4
f 136//4 141//4 135//4
f 135//4 141//4 165//4
f 135//4 165//4 164//4
f 166//4 167//4 168//4
f 169//4 135//4 170//4
f 171//4 172//4 173//4
f 166//4 168//4 134//4
f 169//4 170//4 174//4
f 168//4 175//4 134//4
f 134//4 175//4 176//4
f 134//4 176//4 135//4
f 135//4 176//4 177//4
f 135//4 177//4 170//4
f 167//4 166//4 178//4
f 178//4 166//4 179//4
f 178//4 179//4 172//4
f 172//4 179//4 180//4
f 172//4 180//4 173//4
f 174//4 170//4 181//4
f 181//4 170//4 182//4
f 181//4 182//4 183//4
f 183//4 182//4 184//4
f 183//4 184//4 185//4
f 186//4 187//4 188//4
f 189//4 190//4 191//4
f 191//4 190//4 171//4
f 191//4 171//4 192//4
f 192//4 171//4 173//4
f 189//4 186//4 190//4
f 190//4 186//4 188//4
f 190//4 188//4 184//4
f 184//4 188//4 193//4
f 184//4 193//4 185//4
f 153//4 194//4 195//4
f 194//4 153//4 196//4
f 196//4 153//4 152//4
f 196//4 152//4 197//4
f 198//4 199//4 200//4
f 200//4 199//4 201//4
f 200//4 201//4 202//4
f 203//4 204//4 205//4
f 205//4 204//4 206//4
f 205//4 206//4 207//4
f 207//4 206//4 187//4
f 207//4 187//4 208//4
f 208//4 187//4 186//4
f 208//4 186//4 209//4
f 203//4 205//4 210//4
f 210//4 205//4 211//4
f 210//4 211//4 212//4
f 212//4 211//4 213//4
f 212//4 213//4 214//4
f 202//4 201//4 195//4
f 195//4 201//4 215//4
f 195//4 215//4 153//4
f 216//4 217//4 213//4
f 213//4 217//4 218//4
f 213//4 218//4 214//4
f 219//4 220//4 221//4
f 221//4 220//4 222//4
f 221//4 222//4 223//4
f 223//4 222//4 224//4
f 223//4 224//4 225//4
f 225//4 224//4 226//4
f 225//4 226//4 186//4
f 186//4 226//4 227//4
f 186//4 227//4 209//4
f 228//4 229//4 230//4
f 230//4 217//4 228//4
f 228//4 217//4 216//4
f 228//4 216//4 231//4
f 231//4 216//4 220//4
f 231//4 220//4 232//4
f 232//4 220//4 219//4
f 232//4 219//4 198//4
f 198//4 219//4 233//4
f 198//4 233//4 199//4
f 197//4 152//4 234//4
f 234//4 152//4 235//4
f 234//4 235//4 236//4
f 236//4 235//4 237//4
f 236//4 237//4 228//4
f 228//4 237//4 238//4
f 228//4 238//4 229//4
f 239//3 240//3 241//3
f 241//3 240//3 242//3
f 243//3 244//3 245//3
f 246//3 247//3 248//3
f 248//3 247//3 245//3
f 249//3 243//3 250//3
f 250//3 243//3 245//3
f 250//3 245//3 251//3
f 251//3 245//3 247//3
f 252//3 253//3 254//3
f 254//3 253//3 255//3
f 254//3 255//3 245//3
f 245//3 255//3 256//3
f 245//3 256//3 248//3
f 257//5 258//5 111//5
f 111//5 258//5 251//5
f 259//5 260//5 261//5
f 262//5 251//5 263//5
f 263//5 251//5 247//5
f 263//5 247//5 264//5
f 264//5 247//5 265//5
f 261//5 260//5 266//5
f 266//5 260//5 109//5
f 266//5 109//5 267//5
f 267//5 109//5 268//5
f 268//5 109//5 111//5
f 268//5 111//5 269//5
f 265//5 247//5 261//5
f 261//5 247//5 270//5
f 261//5 270//5 259//5
f 262//5 271//5 251//5
f 251//5 271//5 272//5
f 251//5 272//5 111//5
f 111//5 272//5 273//5
f 111//5 273//5 269//5
f 274//6 275//6 276//6
f 276//7 275//7 277//7
f 278//8 279//8 277//8
f 277//9 279//9 280//9
f 277//10 280//10 276//10
f 281//11 282//11 278//11
f 278//12 282//12 283//12
f 278//13 283//13 279//13
f 284//14 285//14 286//14
f 286//15 285//15 287//15
f 284//16 288//16 285//16
f 285//17 288//17 289//17
f 285//18 289//18 281//18
f 281//19 289//19 290//19
f 281//20 290//20 282//20
f 291//21 292//21 98//21
f 291//21 98//21 293//21
f 294//21 98//21 295//21
f 295//21 98//21 67//21
f 294//21 296//21 98//21
f 98//21 296//21 297//21
f 98//21 297//21 293//21
f 298//22 299//22 242//22
f 242//23 299//23 241//23
f 300//24 301//24 302//24
f 302//25 301//25 303//25
f 302//26 303//26 299//26
f 299//27 303//27 239//27
f 299//28 239//28 241//28
f 304//29 305//29 300//29
f 300//30 305//30 306//30
f 300//31 306//31 301//31
f 307//32 308//32 309//32
f 309//33 308//33 310//33
f 309//34 310//34 304//34
f 304//35 310//35 311//35
f 304//36 311//36 305//36
f 312//37 313//37 314//37
f 314//38 313//38 315//38
f 314//39 315//39 316//39
f 317//40 318//40 319//40
f 319//41 318//41 320//41
f 319//42 320//42 314//42
f 314//43 320//43 321//43
f 314//44 321//44 312//44
f 317//45 319//45 322//45
f 322//46 319//46 323//46
f 322//47 323//47 324//47
f 324//48 323//48 325//48
f 325//49 323//49 326//49
f 325//50 326//50 327//50
f 327//51 326//51 328//51
f 328//52 326//52 329//52
f 328//53 329//53 330//53
f 330//54 329//54 331//54
f 331//55 329//55 332//55
f 331//56 332//56 333//56
f 333//57 332//57 334//57
f 334//58 332//58 335//58
f 334//59 335//59 336//59
f 336//60 335//60 337//60
f 337//61 335//61 338//61
f 337//62 338//62 339//62
f 340//63 341//63 342//63
f 342//64 341//64 343//64
f 340//65 344//65 341//65
f 341//66 344//66 345//66
f 341//67 345//67 338//67
f 338//68 345//68 346//68
f 338//69 346//69 339//69
f 347//70 348//70 349//70
f 349//71 348//71 350//71
f 349//72 350//72 351//72
f 351//72 350//72 352//72
f 351//73 352//73 353//73
f 353//73 352//73 354//73
f 353//74 354//74 355//74
f 355//74 354//74 356//74
f 355//75 356//75 357//75
f 357//75 356//75 358//75
f 357//76 358//76 359//76
f 359//77 358//77 360//77
f 359//78 360//78 361//78
f 361//79 360//79 362//79
f 361//80 362//80 363//80
f 363//80 362//80 364//80
f 363//81 364//81 365//81
f 365//81 364//81 366//81
f 365//82 366//82 367//82
f 367//82 366//82 368//82
f 367//83 368//83 369//83
f 369//83 368//83 370//83
f 369//84 370//84 347//84
f 347//85 370//85 348//85
f 371//86 372//86 373//86
f 374//87 375//87 376//87
f 376//88 375//88 377//88
f 376//89 377//89 378//89
f 378//90 379//90 376//90
f 376//91 379//91 380//91
f 376//92 380//92 371//92
f 371//93 380//93 381//93
f 371//94 381//94 372//94
f 382//95 383//95 384//95
f 384//96 383//96 385//96
f 384//97 385//97 374//97
f 374//98 385//98 386//98
f 374//99 386//99 375//99
f 382//100 384//100 387//100
f 387//101 384//101 388//101
f 387//102 388//102 389//102
f 373//103 390//103 371//103
f 371//104 390//104 391//104
f 371//105 391//105 392//105
f 391//106 393//106 392//106
f 392//107 393//107 394//107
f 392//108 394//108 395//108
f 394//109 396//109 395//109
f 395//110 396//110 397//110
f 395//111 397//111 398//111
f 397//112 399//112 398//112
f 398//113 399//113 400//113
f 398//114 400//114 401//114
f 400//115 402//115 401//115
f 401//116 402//116 403//116
f 401//117 403//117 404//117
f 403//118 405//118 404//118
f 404//119 405//119 406//119
f 404//120 406//120 407//120
f 406//121 408//121 407//121
f 407//122 408//122 409//122
f 407//123 409//123 410//123
f 409//124 411//124 410//124
f 410//125 411//125 412//125
f 410//126 412//126 388//126
f 388//127 412//127 413//127
f 388//128 413//128 389//128
f 414//129 415//129 416//129
f 416//130 415//130 417//130
f 416//131 417//131 418//131
f 418//131 417//131 419//131
f 418//132 419//132 420//132
f 420//132 419//132 421//132
f 420//133 421//133 422//133
f 422//133 421//133 423//133
f 422//134 423//134 424//134
f 424//134 423//134 425//134
f 424//135 425//135 426//135
f 426//136 425//136 427//136
f 426//137 427//137 428//137
f 428//138 427//138 429//138
f 428//139 429//139 430//139
f 430//139 429//139 431//139
f 430//140 431//140 432//140
f 432//140 431//140 433//140
f 432//141 433//141 434//141
f 434//141 433//141 435//141
f 434//142 435//142 436//142
f 436//142 435//142 437//142
f 436//143 437//143 414//143
f 414//144 437//144 415//144
f 438//145 439//145 440//145
f 440//145 439//145 441//145
f 440//146 441//146 442//146
f 442//146 441//146 443//146
f 442//147 443//147 444//147
f 444//148 443//148 445//148
f 444//149 445//149 446//149
f 446//150 445//150 447//150
f 446//151 447//151 448//151
f 448//151 447//151 449//151
f 448//152 449//152 450//152
f 450//152 449//152 451//152
f 450//153 451//153 452//153
f 452//153 451//153 453//153
f 452//154 453//154 454//154
f 454//154 453//154 455//154
f 454//155 455//155 456//155
f 456//156 455//156 457//156
f 456//157 457//157 458//157
f 458//158 457//158 459//158
f 458//159 459//159 460//159
f 460//159 459//159 461//159
f 460//160 461//160 438//160
f 438//160 461//160 439//160
f 462//161 463//161 464//161
f 465//162 466//162 252//162
f 464//163 463//163 252//163
f 252//164 463//164 467//164
f 252//165 467//165 465//165
f 468//166 469//166 466//166
f 466//167 469//167 470//167
f 470//168 471//168 466//168
f 466//169 471//169 253//169
f 466//170 253//170 252//170
f 462//171 464//171 472//171
f 472//172 464//172 473//172
f 472//173 473//173 474//173
f 475//4 476//4 477//4
f 478//4 479//4 480//4
f 481//4 482//4 483//4
f 483//4 482//4 478//4
f 483//4 478//4 484//4
f 484//4 478//4 480//4
f 485//4 486//4 487//4
f 487//4 486//4 488//4
f 487//4 488//4 489//4
f 475//4 477//4 490//4
f 490//4 477//4 491//4
f 490//4 491//4 492//4
f 492//4 491//4 493//4
f 492//4 493//4 494//4
f 495//4 496//4 497//4
f 498//4 499//4 500//4
f 500//4 499//4 501//4
f 500//4 501//4 502//4
f 502//4 501//4 503//4
f 502//4 503//4 504//4
f 495//4 497//4 505//4
f 476//4 506//4 507//4
f 507//4 506//4 508//4
f 507//4 508//4 509//4
f 509//4 508//4 505//4
f 509//4 505//4 510//4
f 510//4 505//4 497//4
f 511//4 512//4 513//4
f 513//4 512//4 481//4
f 513//4 481//4 514//4
f 515//4 516//4 504//4
f 504//4 516//4 517//4
f 518//4 516//4 519//4
f 519//4 516//4 520//4
f 519//4 520//4 521//4
f 522//4 523//4 524//4
f 496//4 495//4 525//4
f 525//4 495//4 526//4
f 525//4 526//4 527//4
f 527//4 526//4 528//4
f 527//4 528//4 529//4
f 518//4 530//4 516//4
f 516//4 530//4 531//4
f 516//4 531//4 532//4
f 520//4 533//4 521//4
f 521//4 533//4 534//4
f 521//4 534//4 535//4
f 483//4 536//4 481//4
f 481//4 536//4 522//4
f 481//4 522//4 514//4
f 514//4 522//4 524//4
f 514//4 524//4 537//4
f 537//4 524//4 521//4
f 537//4 521//4 538//4
f 538//4 521//4 535//4
f 528//4 539//4 529//4
f 529//4 539//4 540//4
f 529//4 540//4 511//4
f 511//4 540//4 541//4
f 511//4 541//4 512//4
f 512//4 541//4 542//4
f 512//4 542//4 489//4
f 489//4 542//4 543//4
f 489//4 543//4 487//4
f 532//4 544//4 516//4
f 516//4 544//4 545//4
f 516//4 545//4 517//4
f 517//4 546//4 504//4
f 504//4 546//4 547//4
f 504//4 547//4 548//4
f 548//4 547//4 549//4
f 548//4 549//4 550//4
f 493//4 551//4 494//4
f 494//4 551//4 552//4
f 494//4 552//4 553//4
f 553//4 552//4 554//4
f 553//4 554//4 555//4
f 555//4 554//4 556//4
f 555//4 556//4 557//4
f 557//4 556//4 558//4
f 557//4 558//4 559//4
f 559//4 558//4 515//4
f 559//4 515//4 560//4
f 560//4 515//4 504//4
f 560//4 504//4 561//4
f 561//4 504//4 503//4
f 562//4 563//4 564//4
f 565//4 566//4 567//4
f 567//4 566//4 568//4
f 567//4 568//4 569//4
f 569//4 568//4 570//4
f 569//4 570//4 571//4
f 571//4 570//4 548//4
f 571//4 548//4 564//4
f 564//4 548//4 550//4
f 564//4 550//4 562//4
f 572//4 573//4 574//4
f 574//4 573//4 575//4
f 574//4 575//4 576//4
f 577//4 578//4 522//4
f 578//4 579//4 522//4
f 522//4 579//4 580//4
f 522//4 580//4 523//4
f 575//4 581//4 576//4
f 576//4 581//4 582//4
f 576//4 582//4 583//4
f 583//4 582//4 584//4
f 583//4 584//4 585//4
f 585//4 584//4 586//4
f 585//4 586//4 562//4
f 562//4 586//4 587//4
f 562//4 587//4 563//4
f 522//4 588//4 577//4
f 577//4 588//4 589//4
f 577//4 589//4 590//4
f 590//4 589//4 591//4
f 590//4 591//4 572//4
f 572//4 591//4 592//4
f 572//4 592//4 573//4
f 593//3 594//3 595//3
f 596//3 597//3 598//3
f 599//3 600//3 601//3
f 601//3 600//3 602//3
f 601//3 602//3 603//3
f 603//3 602//3 604//3
f 603//3 604//3 605//3
f 605//3 604//3 606//3
f 605//3 606//3 607//3
f 608//3 593//3 609//3
f 609//3 593//3 595//3
f 609//3 595//3 610//3
f 610//3 595//3 611//3
f 595//3 612//3 611//3
f 611//3 612//3 596//3
f 611//3 596//3 613//3
f 613//3 596//3 598//3
f 607//3 614//3 605//3
f 605//3 614//3 615//3
f 605//3 615//3 609//3
f 609//3 615//3 616//3
f 609//3 616//3 608//3
f 599//3 617//3 600//3
f 600//3 617//3 618//3
f 600//3 618//3 619//3
f 620//3 621//3 622//3
f 622//3 621//3 623//3
f 622//3 623//3 624//3
f 625//3 626//3 623//3
f 623//3 626//3 627//3
f 628//3 624//3 629//3
f 629//3 624//3 623//3
f 629//3 623//3 630//3
f 630//3 623//3 627//3
f 630//3 627//3 631//3
f 580//174 632//174 523//174
f 523//175 632//175 633//175
f 523//175 633//175 524//175
f 524//176 633//176 634//176
f 524//176 634//176 521//176
f 521//177 634//177 635//177
f 521//177 635//177 519//177
f 519//178 635//178 636//178
f 519//178 636//178 518//178
f 518//179 636//179 637//179
f 518//179 637//179 530//179
f 530//2 637//2 638//2
f 530//2 638//2 531//2
f 531//180 638//180 639//180
f 531//180 639//180 532//180
f 532//181 639//181 640//181
f 532//181 640//181 544//181
f 544//182 640//182 641//182
f 544//182 641//182 545//182
f 545//183 641//183 642//183
f 545//183 642//183 517//183
f 517//184 642//184 643//184
f 517//184 643//184 546//184
f 546//185 643//185 644//185
f 546//186 644//186 547//186
f 547//187 644//187 645//187
f 547//188 645//188 549//188
f 549//189 645//189 646//189
f 549//189 646//189 550//189
f 550//190 646//190 647//190
f 550//190 647//190 562//190
f 562//191 647//191 648//191
f 562//191 648//191 585//191
f 585//192 648//192 649//192
f 585//192 649//192 583//192
f 583//193 649//193 650//193
f 583//193 650//193 576//193
f 576//5 650//5 651//5
f 576//5 651//5 574//5
f 574//194 651//194 652//194
f 574//194 652//194 572//194
f 572//195 652//195 653//195
f 572//195 653//195 590//195
f 590//196 653//196 654//196
f 590//196 654//196 577//196
f 577//197 654//197 655//197
f 577//197 655//197 578//197
f 578//198 655//198 656//198
f 578//198 656//198 579//198
f 579//199 656//199 657//199
f 579//200 657//200 580//200
f 580//201 657//201 632//201
f 658//2 659//2 570//2
f 570//2 659//2 660//2
f 570//2 660//2 548//2
f 661//5 662//5 663//5
f 663//5 662//5 502//5
f 663//5 502//5 504//5
f 660//21 664//21 548//21
f 548//21 664//21 665//21
f 548//21 665//21 666//21
f 667//21 668//21 669//21
f 670//21 671//21 504//21
f 672//21 673//21 674//21
f 675//21 676//21 677//21
f 677//21 676//21 678//21
f 677//21 678//21 679//21
f 679//21 678//21 680//21
f 671//21 681//21 504//21
f 504//21 681//21 682//21
f 504//21 682//21 663//21
f 663//21 682//21 683//21
f 663//21 683//21 684//21
f 669//21 668//21 683//21
f 683//21 668//21 685//21
f 683//21 685//21 684//21
f 674//21 673//21 675//21
f 660//21 686//21 664//21
f 664//21 686//21 687//21
f 664//21 687//21 688//21
f 688//21 687//21 689//21
f 688//21 689//21 690//21
f 690//21 689//21 672//21
f 690//21 672//21 691//21
f 691//21 672//21 674//21
f 666//21 692//21 548//21
f 548//21 692//21 693//21
f 548//21 693//21 504//21
f 504//21 693//21 679//21
f 504//21 679//21 670//21
f 670//21 679//21 680//21
f 669//21 694//21 667//21
f 667//21 694//21 695//21
f 667//21 695//21 696//21
f 696//21 695//21 697//21
f 696//21 697//21 698//21
f 698//21 697//21 676//21
f 698//21 676//21 699//21
f 699//21 676//21 675//21
f 699//21 675//21 700//21
f 700//21 675//21 673//21
f 701//5 702//5 703//5
f 703//5 702//5 512//5
f 703//5 512//5 489//5
f 704//2 705//2 706//2
f 706//2 705//2 482//2
f 706//2 482//2 481//2
f 707//1 254//1 706//1
f 706//1 254//1 245//1
f 708//1 709//1 710//1
f 512//1 711//1 712//1
f 713//1 714//1 715//1
f 715//1 714//1 716//1
f 715//1 716//1 717//1
f 481//1 718//1 719//1
f 708//1 710//1 720//1
f 719//1 721//1 481//1
f 481//1 721//1 722//1
f 481//1 722//1 706//1
f 715//1 723//1 713//1
f 713//1 723//1 724//1
f 713//1 724//1 725//1
f 725//1 724//1 726//1
f 725//1 726//1 727//1
f 712//1 720//1 512//1
f 512//1 720//1 710//1
f 512//1 710//1 481//1
f 481//1 710//1 715//1
f 481//1 715//1 718//1
f 718//1 715//1 717//1
f 726//1 728//1 727//1
f 727//1 728//1 707//1
f 727//1 707//1 729//1
f 729//1 707//1 706//1
f 729//1 706//1 730//1
f 730//1 706//1 722//1
f 731//1 732//1 733//1
f 732//1 734//1 733//1
f 733//1 734//1 735//1
f 733//1 735//1 709//1
f 709//1 735//1 736//1
f 709//1 736//1 710//1
f 702//1 737//1 512//1
f 512//1 737//1 738//1
f 512//1 738//1 711//1
f 733//1 739//1 731//1
f 731//1 739//1 740//1
f 731//1 740//1 741//1
f 741//1 740//1 742//1
f 741//1 742//1 743//1
f 743//1 742//1 744//1
f 743//1 744//1 745//1
f 745//1 744//1 737//1
f 745//1 737//1 746//1
f 746//1 737//1 702//1
f 747//21 748//21 749//21
f 749//21 748//21 602//21
f 749//21 602//21 600//21
f 750//21 751//21 625//21
f 625//21 751//21 752//21
f 625//21 752//21 626//21
f 753//1 754//1 755//1
f 755//1 754//1 244//1
f 755//1 244//1 243//1
f 756//1 757//1 612//1
f 612//1 757//1 758//1
f 612//1 758//1 596//1
f 759//202 760//202 761//202
f 761//203 760//203 762//203
f 761//204 762//204 763//204
f 763//205 762//205 764//205
f 765//206 766//206 767//206
f 767//206 766//206 768//206
f 769//207 770//207 771//207
f 771//208 770//208 772//208
f 771//209 772//209 773//209
f 773//210 772//210 774//210
f 773//211 774//211 775//211
f 776//212 777//212 778//212
f 778//212 777//212 779//212
f 780//4 781//4 782//4
f 783//4 784//4 785//4
f 786//4 787//4 788//4
f 788//4 787//4 789//4
f 790//4 791//4 792//4
f 792//4 791//4 793//4
f 792//4 793//4 794//4
f 785//4 780//4 783//4
f 783//4 780//4 782//4
f 783//4 782//4 795//4
f 795//4 782//4 796//4
f 795//4 796//4 793//4
f 793//4 796//4 788//4
f 793//4 788//4 794//4
f 794//4 788//4 789//4
f 781//4 797//4 782//4
f 782//4 797//4 798//4
f 782//4 798//4 799//4
f 800//213 801//213 802//213
f 802//214 801//214 763//214
f 802//215 763//215 764//215
f 800//216 803//216 801//216
f 801//217 803//217 804//217
f 801//218 804//218 805//218
f 766//219 765//219 806//219
f 806//220 765//220 805//220
f 806//221 805//221 807//221
f 807//222 805//222 804//222
f 777//223 776//223 808//223
f 770//224 769//224 809//224
f 770//225 809//225 810//225
f 810//226 809//226 811//226
f 810//227 811//227 812//227
f 811//228 813//228 812//228
f 812//229 813//229 814//229
f 812//230 814//230 808//230
f 808//231 814//231 815//231
f 808//232 815//232 777//232
f 775//233 774//233 816//233
f 767//234 768//234 817//234
f 767//235 817//235 818//235
f 818//236 817//236 819//236
f 818//237 819//237 820//237
f 819//238 821//238 820//238
f 820//239 821//239 822//239
f 820//240 822//240 816//240
f 816//241 822//241 823//241
f 816//242 823//242 775//242
f 824//243 825//243 826//243
f 826//244 825//244 778//244
f 826//245 778//245 779//245
f 824//246 827//246 825//246
f 825//247 827//247 828//247
f 825//248 828//248 829//248
f 760//249 759//249 830//249
f 830//250 759//250 829//250
f 830//251 829//251 831//251
f 831//252 829//252 828//252
f 832//253 833//253 834//253
f 835//254 833//254 832//254
f 832//255 836//255 837//255
f 838//256 836//256 832//256
f 834//257 838//257 832//257
f 832//258 839//258 840//258
f 841//259 839//259 832//259
f 837//260 841//260 832//260
f 832//261 842//261 843//261
f 844//262 842//262 832//262
f 840//263 844//263 832//263
f 843//264 835//264 832//264
f 835//265 845//265 833//265
f 833//265 845//265 846//265
f 833//266 846//266 834//266
f 834//266 846//266 847//266
f 834//267 847//267 838//267
f 838//267 847//267 848//267
f 838//268 848//268 836//268
f 836//268 848//268 849//268
f 836//269 849//269 837//269
f 837//269 849//269 850//269
f 837//270 850//270 841//270
f 841//270 850//270 851//270
f 841//271 851//271 839//271
f 839//271 851//271 852//271
f 839//272 852//272 840//272
f 840//272 852//272 853//272
f 840//273 853//273 844//273
f 844//273 853//273 854//273
f 844//274 854//274 842//274
f 842//274 854//274 855//274
f 842//275 855//275 843//275
f 843//275 855//275 856//275
f 843//276 856//276 835//276
f 835//276 856//276 845//276
f 846//277 691//277 847//277
f 847//278 691//278 674//278
f 847//279 674//279 848//279
f 848//280 674//280 675//280
f 848//281 675//281 849//281
f 849//282 675//282 677//282
f 849//283 677//283 850//283
f 850//284 677//284 679//284
f 850//285 679//285 851//285
f 851//286 679//286 693//286
f 851//287 693//287 852//287
f 852//288 693//288 692//288
f 852//289 692//289 853//289
f 853//290 692//290 666//290
f 853//291 666//291 854//291
f 854//292 666//292 665//292
f 854//293 665//293 855//293
f 855//294 665//294 664//294
f 855//295 664//295 856//295
f 856//296 664//296 688//296
f 856//297 688//297 845//297
f 845//298 688//298 690//298
f 845//299 690//299 846//299
f 846//300 690//300 691//300
f 857//301 858//301 859//301
f 860//302 858//302 857//302
f 857//303 861//303 862//303
f 863//256 861//256 857//256
f 859//257 863//257 857//257
f 857//304 864//304 865//304
f 866//305 864//305 857//305
f 862//306 866//306 857//306
f 857//307 867//307 868//307
f 869//262 867//262 857//262
f 865//263 869//263 857//263
f 868//308 860//308 857//308
f 860//309 870//309 858//309
f 858//309 870//309 871//309
f 858//310 871//310 859//310
f 859//310 871//310 872//310
f 859//267 872//267 863//267
f 863//267 872//267 873//267
f 863//268 873//268 861//268
f 861//268 873//268 874//268
f 861//311 874//311 862//311
f 862//311 874//311 875//311
f 862//312 875//312 866//312
f 866//312 875//312 876//312
f 866//313 876//313 864//313
f 864//313 876//313 877//313
f 864//314 877//314 865//314
f 865//314 877//314 878//314
f 865//273 878//273 869//273
f 869//273 878//273 879//273
f 869//274 879//274 867//274
f 867//274 879//274 880//274
f 867//315 880//315 868//315
f 868//315 880//315 881//315
f 868//316 881//316 860//316
f 860//316 881//316 870//316
f 871//317 669//317 872//317
f 872//318 669//318 683//318
f 872//319 683//319 873//319
f 873//320 683//320 682//320
f 873//321 682//321 874//321
f 874//322 682//322 681//322
f 874//323 681//323 875//323
f 875//284 681//284 671//284
f 875//324 671//324 876//324
f 876//325 671//325 670//325
f 876//326 670//326 877//326
f 877//327 670//327 680//327
f 877//328 680//328 878//328
f 878//329 680//329 678//329
f 878//330 678//330 879//330
f 879//331 678//331 676//331
f 879//332 676//332 880//332
f 880//333 676//333 697//333
f 880//334 697//334 881//334
f 881//296 697//296 695//296
f 881//335 695//335 870//335
f 870//336 695//336 694//336
f 870//337 694//337 871//337
f 871//338 694//338 669//338
f 882//339 883//339 884//339
f 885//340 883//340 882//340
f 882//341 886//341 887//341
f 888//342 886//342 882//342
f 884//343 888//343 882//343
f 882//344 889//344 890//344
f 891//345 889//345 882//345
f 887//346 891//346 882//346
f 882//347 892//347 893//347
f 894//348 892//348 882//348
f 890//349 894//349 882//349
f 893//350 885//350 882//350
f 885//312 895//312 883//312
f 883//312 895//312 896//312
f 883//351 896//351 884//351
f 884//351 896//351 897//351
f 884//268 897//268 888//268
f 888//268 897//268 898//268
f 888//352 898//352 886//352
f 886//352 898//352 899//352
f 886//310 899//310 887//310
f 887//310 899//310 900//310
f 887//309 900//309 891//309
f 891//309 900//309 901//309
f 891//316 901//316 889//316
f 889//316 901//316 902//316
f 889//315 902//315 890//315
f 890//315 902//315 903//315
f 890//274 903//274 894//274
f 894//274 903//274 904//274
f 894//353 904//353 892//353
f 892//353 904//353 905//353
f 892//314 905//314 893//314
f 893//314 905//314 906//314
f 893//313 906//313 885//313
f 885//313 906//313 895//313
f 896//354 712//354 897//354
f 897//355 712//355 711//355
f 897//356 711//356 898//356
f 898//357 711//357 738//357
f 898//358 738//358 899//358
f 899//359 738//359 737//359
f 899//360 737//360 900//360
f 900//361 737//361 744//361
f 900//362 744//362 901//362
f 901//363 744//363 742//363
f 901//364 742//364 902//364
f 902//365 742//365 740//365
f 902//366 740//366 903//366
f 903//367 740//367 739//367
f 903//368 739//368 904//368
f 904//369 739//369 733//369
f 904//370 733//370 905//370
f 905//371 733//371 709//371
f 905//372 709//372 906//372
f 906//373 709//373 708//373
f 906//374 708//374 895//374
f 895//375 708//375 720//375
f 895//376 720//376 896//376
f 896//377 720//377 712//377
f 907//378 908//378 909//378
f 910//379 908//379 907//379
f 907//380 911//380 912//380
f 913//342 911//342 907//342
f 909//343 913//343 907//343
f 907//381 914//381 915//381
f 916//382 914//382 907//382
f 912//383 916//383 907//383
f 907//384 917//384 918//384
f 919//348 917//348 907//348
f 915//349 919//349 907//349
f 918//385 910//385 907//385
f 910//270 920//270 908//270
f 908//270 920//270 921//270
f 908//269 921//269 909//269
f 909//269 921//269 922//269
f 909//268 922//268 913//268
f 913//268 922//268 923//268
f 913//352 923//352 911//352
f 911//352 923//352 924//352
f 911//266 924//266 912//266
f 912//266 924//266 925//266
f 912//265 925//265 916//265
f 916//265 925//265 926//265
f 916//276 926//276 914//276
f 914//276 926//276 927//276
f 914//386 927//386 915//386
f 915//386 927//386 928//386
f 915//274 928//274 919//274
f 919//274 928//274 929//274
f 919//353 929//353 917//353
f 917//353 929//353 930//353
f 917//272 930//272 918//272
f 918//272 930//272 931//272
f 918//271 931//271 910//271
f 910//271 931//271 920//271
f 921//387 717//387 922//387
f 922//388 717//388 716//388
f 922//389 716//389 923//389
f 923//390 716//390 714//390
f 923//391 714//391 924//391
f 924//392 714//392 713//392
f 924//393 713//393 925//393
f 925//361 713//361 725//361
f 925//394 725//394 926//394
f 926//395 725//395 727//395
f 926//396 727//396 927//396
f 927//397 727//397 729//397
f 927//398 729//398 928//398
f 928//399 729//399 730//399
f 928//400 730//400 929//400
f 929//401 730//401 722//401
f 929//402 722//402 930//402
f 930//403 722//403 721//403
f 930//404 721//404 931//404
f 931//373 721//373 719//373
f 931//405 719//405 920//405
f 920//406 719//406 718//406
f 920//407 718//407 921//407
f 921//408 718//408 717//408
f 932//409 232//409 933//409
f 933//409 232//409 198//409
f 933//410 198//410 934//410
f 934//410 198//410 200//410
f 934//411 200//411 935//411
f 935//412 200//412 936//412
f 935//413 936//413 937//413
f 937//414 936//414 195//414
f 937//415 195//415 938//415
f 938//415 195//415 194//415
f 938//416 194//416 939//416
f 939//416 194//416 196//416
f 939//417 196//417 940//417
f 940//417 196//417 197//417
f 940//418 197//418 941//418
f 941//418 197//418 234//418
f 941//419 234//419 942//419
f 942//420 234//420 943//420
f 942//421 943//421 944//421
f 944//422 943//422 228//422
f 944//423 228//423 945//423
f 945//423 228//423 231//423
f 945//424 231//424 932//424
f 932//424 231//424 232//424
f 946//425 157//425 947//425
f 947//426 157//426 159//426
f 947//427 159//427 948//427
f 948//427 159//427 161//427
f 948//74 161//74 949//74
f 949//74 161//74 150//74
f 949//428 150//428 950//428
f 950//428 150//428 148//428
f 950//429 148//429 951//429
f 951//429 148//429 146//429
f 951//430 146//430 952//430
f 952//431 146//431 144//431
f 952//432 144//432 953//432
f 953//433 144//433 142//433
f 953//434 142//434 954//434
f 954//434 142//434 140//434
f 954//435 140//435 955//435
f 955//435 140//435 136//435
f 955//81 136//81 956//81
f 956//81 136//81 137//81
f 956//436 137//436 957//436
f 957//436 137//436 139//436
f 957//437 139//437 946//437
f 946//438 139//438 157//438
f 958//152 171//152 959//152
f 959//152 171//152 190//152
f 959//410 190//410 960//410
f 960//410 190//410 184//410
f 960//439 184//439 961//439
f 961//440 184//440 962//440
f 961//441 962//441 963//441
f 963//442 962//442 170//442
f 963//415 170//415 964//415
f 964//415 170//415 177//415
f 964//145 177//145 965//145
f 965//145 177//145 176//145
f 965//443 176//443 966//443
f 966//443 176//443 175//443
f 966//418 175//418 967//418
f 967//418 175//418 168//418
f 967//444 168//444 968//444
f 968//445 168//445 969//445
f 968//446 969//446 970//446
f 970//447 969//447 178//447
f 970//423 178//423 971//423
f 971//423 178//423 172//423
f 971//448 172//448 958//448
f 958//448 172//448 171//448
f 972//449 226//449 973//449
f 973//450 226//450 224//450
f 973//427 224//427 974//427
f 974//427 224//427 222//427
f 974//451 222//451 975//451
f 975//451 222//451 220//451
f 975//132 220//132 976//132
f 976//132 220//132 216//132
f 976//429 216//429 977//429
f 977//429 216//429 213//429
f 977//452 213//452 978//452
f 978//453 213//453 211//453
f 978//454 211//454 979//454
f 979//455 211//455 205//455
f 979//434 205//434 980//434
f 980//434 205//434 207//434
f 980//141 207//141 981//141
f 981//141 207//141 208//141
f 981//456 208//456 982//456
f 982//456 208//456 209//456
f 982//436 209//436 983//436
f 983//436 209//436 227//436
f 983//457 227//457 972//457
f 972//458 227//458 226//458
f 976//3 351//3 975//3
f 975//3 351//3 353//3
f 975//3 353//3 974//3
f 974//3 353//3 355//3
f 974//3 355//3 973//3
f 973//3 355//3 357//3
f 973//3 357//3 972//3
f 972//3 357//3 359//3
f 972//3 359//3 983//3
f 983//3 359//3 361//3
f 983//3 361//3 982//3
f 982//3 361//3 363//3
f 982//3 363//3 981//3
f 981//3 363//3 365//3
f 981//3 365//3 980//3
f 980//3 365//3 367//3
f 980//3 367//3 979//3
f 979//3 367//3 369//3
f 979//3 369//3 978//3
f 978//3 369//3 984//3
f 978//3 984//3 977//3
f 977//3 984//3 349//3
f 977//3 349//3 976//3
f 976//3 349//3 351//3
f 959//3 404//3 958//3
f 958//3 404//3 407//3
f 958//3 407//3 971//3
f 971//3 407//3 410//3
f 971//3 410//3 970//3
f 970//3 410//3 388//3
f 970//3 388//3 968//3
f 968//3 388//3 384//3
f 968//3 384//3 967//3
f 967//3 384//3 374//3
f 967//3 374//3 966//3
f 966//3 374//3 376//3
f 966//3 376//3 965//3
f 965//3 376//3 371//3
f 965//3 371//3 964//3
f 964//3 371//3 392//3
f 964//3 392//3 963//3
f 963//3 392//3 395//3
f 963//3 395//3 961//3
f 961//3 395//3 398//3
f 961//3 398//3 960//3
f 960//3 398//3 401//3
f 960//3 401//3 959//3
f 959//3 401//3 404//3
f 947//3 424//3 946//3
f 946//3 424//3 426//3
f 946//3 426//3 957//3
f 957//3 426//3 428//3
f 957//3 428//3 956//3
f 956//3 428//3 430//3
f 956//3 430//3 955//3
f 955//3 430//3 432//3
f 955//3 432//3 954//3
f 954//3 432//3 434//3
f 954//3 434//3 953//3
f 953//3 434//3 436//3
f 953//3 436//3 952//3
f 952//3 436//3 985//3
f 952//3 985//3 951//3
f 951//3 985//3 416//3
f 951//3 416//3 950//3
f 950//3 416//3 418//3
f 950//3 418//3 949//3
f 949//3 418//3 420//3
f 949//3 420//3 948//3
f 948//3 420//3 422//3
f 948//3 422//3 947//3
f 947//3 422//3 424//3
f 934//3 446//3 933//3
f 933//3 446//3 448//3
f 933//3 448//3 932//3
f 932//3 448//3 450//3
f 932//3 450//3 945//3
f 945//3 450//3 452//3
f 945//3 452//3 944//3
f 944//3 452//3 454//3
f 944//3 454//3 942//3
f 942//3 454//3 456//3
f 942//3 456//3 941//3
f 941//3 456//3 458//3
f 941//3 458//3 940//3
f 940//3 458//3 460//3
f 940//3 460//3 939//3
f 939//3 460//3 438//3
f 939//3 438//3 938//3
f 938//3 438//3 440//3
f 938//3 440//3 937//3
f 937//3 440//3 442//3
f 937//3 442//3 935//3
f 935//3 442//3 444//3
f 935//3 444//3 934//3
f 934//3 444//3 446//3
f 986//459 760//459 987//459
f 764//460 986//460 988//460
f 764//461 988//461 989//461
f 989//462 988//462 990//462
f 989//463 990//463 991//463
f 991//464 990//464 992//464
f 991//465 992//465 993//465
f 993//466 992//466 994//466
f 993//467 994//467 534//467
f 986//468 987//468 988//468
f 988//469 987//469 995//469
f 988//470 995//470 990//470
f 990//471 995//471 996//471
f 990//472 996//472 992//472
f 992//473 996//473 538//473
f 992//474 538//474 994//474
f 997//475 998//475 766//475
f 999//476 1000//476 1001//476
f 515//477 558//477 1002//477
f 516//478 1000//478 520//478
f 520//479 1000//479 999//479
f 520//480 999//480 533//480
f 997//481 1001//481 1003//481
f 1003//482 1001//482 1000//482
f 1003//483 1000//483 1004//483
f 1004//484 1000//484 516//484
f 1004//484 516//484 515//484
f 1005//485 1006//485 1007//485
f 515//486 1002//486 1004//486
f 1004//487 1002//487 1008//487
f 1004//488 1008//488 1003//488
f 1003//489 1008//489 1009//489
f 1003//490 1009//490 997//490
f 997//491 1009//491 1010//491
f 997//492 1010//492 998//492
f 534//493 1011//493 993//493
f 993//494 1011//494 1012//494
f 993//495 1012//495 991//495
f 991//496 1012//496 1013//496
f 991//497 1013//497 989//497
f 989//498 1013//498 802//498
f 989//499 802//499 764//499
f 1011//500 1007//500 1012//500
f 1012//501 1007//501 1006//501
f 1012//502 1006//502 1013//502
f 1013//503 1006//503 800//503
f 1013//504 800//504 802//504
f 806//505 807//505 1005//505
f 1005//506 807//506 804//506
f 1005//507 804//507 1006//507
f 1006//508 804//508 803//508
f 1006//509 803//509 800//509
f 534//510 533//510 1011//510
f 1011//511 533//511 999//511
f 1011//512 999//512 1007//512
f 1007//513 999//513 1001//513
f 1007//514 1001//514 1005//514
f 1005//515 1001//515 997//515
f 1005//516 997//516 806//516
f 806//517 997//517 766//517
f 831//518 828//518 1014//518
f 537//519 538//519 996//519
f 514//520 537//520 1015//520
f 513//521 514//521 1016//521
f 511//522 513//522 1017//522
f 1018//523 1019//523 1020//523
f 1020//524 1019//524 529//524
f 1020//525 529//525 511//525
f 1018//526 1020//526 1021//526
f 1021//527 1020//527 1022//527
f 1021//528 1022//528 1023//528
f 1023//529 1022//529 1024//529
f 1023//530 1024//530 1025//530
f 1025//531 1024//531 826//531
f 1025//532 826//532 779//532
f 1026//533 827//533 824//533
f 511//534 1017//534 1020//534
f 1020//535 1017//535 1027//535
f 1020//536 1027//536 1022//536
f 1022//537 1027//537 1026//537
f 1022//538 1026//538 1024//538
f 1024//539 1026//539 824//539
f 1024//540 824//540 826//540
f 513//541 1016//541 1017//541
f 1017//542 1016//542 1028//542
f 1017//543 1028//543 1027//543
f 1027//544 1028//544 1014//544
f 1027//545 1014//545 1026//545
f 1026//546 1014//546 828//546
f 1026//547 828//547 827//547
f 514//548 1015//548 1016//548
f 1016//549 1015//549 1029//549
f 1016//550 1029//550 1028//550
f 1028//551 1029//551 1030//551
f 1028//552 1030//552 1014//552
f 1014//553 1030//553 830//553
f 1014//554 830//554 831//554
f 537//555 996//555 1015//555
f 1015//556 996//556 995//556
f 1015//557 995//557 1029//557
f 1029//558 995//558 987//558
f 1029//559 987//559 1030//559
f 1030//560 987//560 760//560
f 1030//561 760//561 830//561
f 768//562 766//562 1031//562
f 1031//562 766//562 998//562
f 1031//563 998//563 1032//563
f 1032//564 998//564 1010//564
f 1032//565 1010//565 1033//565
f 1033//565 1010//565 1009//565
f 1033//566 1009//566 1034//566
f 1034//566 1009//566 1008//566
f 1034//567 1008//567 1035//567
f 1035//567 1008//567 1002//567
f 1035//568 1002//568 556//568
f 556//569 1002//569 558//569
f 527//570 529//570 1036//570
f 1036//571 529//571 1019//571
f 1036//572 1019//572 1037//572
f 1037//572 1019//572 1018//572
f 1037//573 1018//573 1038//573
f 1038//573 1018//573 1021//573
f 1038//574 1021//574 1039//574
f 1039//574 1021//574 1023//574
f 1039//575 1023//575 1040//575
f 1040//576 1023//576 1025//576
f 1040//577 1025//577 777//577
f 777//577 1025//577 779//577
f 821//578 819//578 1041//578
f 493//579 491//579 1042//579
f 551//580 493//580 1043//580
f 552//581 551//581 1044//581
f 554//582 552//582 1045//582
f 1034//583 1035//583 1046//583
f 1046//584 1035//584 556//584
f 1046//585 556//585 554//585
f 1034//586 1046//586 1033//586
f 1033//587 1046//587 1047//587
f 1033//588 1047//588 1032//588
f 1032//589 1047//589 1048//589
f 1032//590 1048//590 1031//590
f 1031//591 1048//591 817//591
f 1031//592 817//592 768//592
f 554//593 1045//593 1046//593
f 1046//594 1045//594 1049//594
f 1046//595 1049//595 1047//595
f 1047//596 1049//596 1041//596
f 1047//597 1041//597 1048//597
f 1048//598 1041//598 819//598
f 1048//599 819//599 817//599
f 552//600 1044//600 1045//600
f 1045//601 1044//601 1050//601
f 1045//602 1050//602 1049//602
f 1049//603 1050//603 1051//603
f 1049//604 1051//604 1041//604
f 1041//605 1051//605 822//605
f 1041//606 822//606 821//606
f 551//607 1043//607 1044//607
f 1044//608 1043//608 1052//608
f 1044//609 1052//609 1050//609
f 1050//610 1052//610 1053//610
f 1050//611 1053//611 1051//611
f 1051//612 1053//612 823//612
f 1051//613 823//613 822//613
f 493//614 1042//614 1043//614
f 1043//615 1042//615 1054//615
f 1043//616 1054//616 1052//616
f 1052//617 1054//617 1055//617
f 1052//618 1055//618 1053//618
f 1053//619 1055//619 775//619
f 1053//620 775//620 823//620
f 1056//621 1040//621 777//621
f 1057//622 1058//622 1059//622
f 525//623 527//623 1036//623
f 1060//624 1061//624 509//624
f 496//625 1058//625 497//625
f 497//626 1058//626 1057//626
f 497//627 1057//627 510//627
f 1062//628 1061//628 1063//628
f 1063//629 1061//629 1060//629
f 1063//630 1060//630 1064//630
f 1056//631 1059//631 1065//631
f 1065//632 1059//632 1058//632
f 1065//633 1058//633 1066//633
f 1066//634 1058//634 496//634
f 1066//635 496//635 525//635
f 1067//636 1062//636 1068//636
f 1068//637 1062//637 1063//637
f 1068//638 1063//638 1069//638
f 1069//639 1063//639 1064//639
f 1069//640 1064//640 1070//640
f 525//641 1036//641 1066//641
f 1066//642 1036//642 1037//642
f 1066//643 1037//643 1065//643
f 1065//644 1037//644 1038//644
f 1065//645 1038//645 1056//645
f 1056//646 1038//646 1039//646
f 1056//647 1039//647 1040//647
f 769//648 1067//648 809//648
f 809//649 1067//649 1068//649
f 809//650 1068//650 811//650
f 811//651 1068//651 1069//651
f 811//652 1069//652 813//652
f 813//653 1069//653 1070//653
f 813//654 1070//654 814//654
f 814//655 1070//655 815//655
f 509//656 510//656 1060//656
f 1060//657 510//657 1057//657
f 1060//658 1057//658 1064//658
f 1064//659 1057//659 1059//659
f 1064//660 1059//660 1070//660
f 1070//661 1059//661 1056//661
f 1070//662 1056//662 815//662
f 815//663 1056//663 777//663
f 507//664 509//664 1061//664
f 476//665 507//665 1071//665
f 491//666 477//666 1072//666
f 476//667 1071//667 477//667
f 491//668 1072//668 1042//668
f 1042//669 1072//669 1073//669
f 1042//670 1073//670 1054//670
f 1054//671 1073//671 1074//671
f 1054//672 1074//672 1055//672
f 1055//673 1074//673 773//673
f 1055//674 773//674 775//674
f 477//675 1071//675 1072//675
f 1072//676 1071//676 1075//676
f 1072//676 1075//676 1073//676
f 1073//677 1075//677 1076//677
f 1073//677 1076//677 1074//677
f 1074//678 1076//678 771//678
f 1074//678 771//678 773//678
f 507//679 1061//679 1071//679
f 1071//680 1061//680 1062//680
f 1071//681 1062//681 1075//681
f 1075//682 1062//682 1067//682
f 1075//683 1067//683 1076//683
f 1076//684 1067//684 769//684
f 1076//685 769//685 771//685
f 1077//686 1078//686 1079//686
f 1080//687 1081//687 1082//687
f 1079//688 1078//688 1083//688
f 1078//689 1084//689 1083//689
f 1083//690 1084//690 1085//690
f 1083//691 1085//691 1082//691
f 1082//692 1085//692 1086//692
f 1082//693 1086//693 1080//693
f 1077//694 1079//694 1087//694
f 1087//695 1079//695 1088//695
f 1087//696 1088//696 1089//696
f 1089//697 1088//697 1090//697
f 1089//698 1090//698 1091//698
f 1091//699 1090//699 1092//699
f 1091//700 1092//700 1093//700
f 1094//701 107//701 124//701
f 1094//701 124//701 1095//701
f 1095//702 124//702 123//702
f 1095//702 123//702 1096//702
f 1096//703 123//703 122//703
f 1096//703 122//703 1097//703
f 1097//704 122//704 121//704
f 1097//704 121//704 1098//704
f 1098//5 121//5 120//5
f 1098//5 120//5 1099//5
f 1099//705 120//705 119//705
f 1099//705 119//705 1100//705
f 1100//706 119//706 115//706
f 1100//706 115//706 1101//706
f 1101//707 115//707 114//707
f 1101//707 114//707 1102//707
f 1102//708 114//708 113//708
f 1102//708 113//708 1103//708
f 1104//5 1105//5 106//5
f 106//5 1105//5 1106//5
f 1104//5 106//5 1107//5
f 1107//5 106//5 104//5
f 1107//5 104//5 1108//5
f 1109//5 1110//5 104//5
f 104//5 1110//5 1111//5
f 104//5 1111//5 1108//5
f 1109//5 1112//5 1110//5
f 1110//5 1112//5 1113//5
f 1110//5 1113//5 1114//5
f 1114//5 1113//5 629//5
f 1114//5 629//5 1115//5
f 629//5 630//5 106//5
f 106//5 630//5 1116//5
f 106//5 1116//5 1117//5
f 1106//5 1118//5 106//5
f 106//5 1118//5 1119//5
f 106//5 1119//5 629//5
f 629//5 1119//5 1120//5
f 629//5 1120//5 1115//5
f 1093//3 1121//3 1091//3
f 1091//3 1121//3 1089//3
f 1122//1 1123//1 56//1
f 1122//1 56//1 1124//1
f 56//1 2//1 1125//1
f 1125//1 1126//1 56//1
f 56//1 1126//1 1127//1
f 56//1 1127//1 1124//1
f 1128//5 61//5 1129//5
f 1129//5 61//5 63//5
f 1130//2 1131//2 73//2
f 73//2 1131//2 71//2
f 1131//2 1132//2 71//2
f 71//2 1132//2 1133//2
f 71//2 1133//2 1134//2
f 1134//2 1133//2 1135//2
f 1134//2 1135//2 1136//2
f 1136//2 1137//2 1134//2
f 1134//2 1137//2 1138//2
f 1134//2 1138//2 1139//2
f 1139//2 1138//2 1140//2
f 1140//2 1141//2 1139//2
f 1139//2 1141//2 1142//2
f 1139//2 1142//2 73//2
f 73//2 1142//2 1143//2
f 73//2 1143//2 1130//2
f 1144//709 1145//709 1146//709
f 1146//710 1145//710 1147//710
f 1146//711 1147//711 1148//711
f 1149//712 1150//712 1151//712
f 1151//713 1150//713 1152//713
f 1151//714 1152//714 1147//714
f 1147//715 1152//715 1153//715
f 1147//716 1153//716 1148//716
f 1149//717 1151//717 1154//717
f 1154//718 1151//718 12//718
f 1154//719 12//719 13//719
f 56//720 1123//720 76//720
f 76//721 1123//721 1155//721
f 1155//722 1156//722 76//722
f 76//723 1156//723 1157//723
f 76//724 1157//724 75//724
f 75//725 1157//725 1158//725
f 75//726 1158//726 1159//726
f 1139//727 73//727 1160//727
f 1160//728 73//728 75//728
f 1160//729 75//729 1161//729
f 1161//730 75//730 1159//730
f 1161//731 1159//731 1162//731
f 4//732 3//732 1163//732
f 1163//733 3//733 29//733
f 1163//734 29//734 1164//734
f 1164//735 29//735 1165//735
f 95//736 1166//736 1167//736
f 1167//737 1168//737 95//737
f 95//738 1168//738 1169//738
f 95//739 1169//739 29//739
f 29//740 1169//740 1170//740
f 29//741 1170//741 1165//741
f 1166//742 95//742 1171//742
f 1171//743 95//743 61//743
f 1171//744 61//744 1128//744
f 98//745 292//745 97//745
f 97//746 292//746 1172//746
f 1172//747 1173//747 97//747
f 97//748 1173//748 1174//748
f 97//749 1174//749 96//749
f 96//750 1174//750 1175//750
f 96//751 1175//751 1176//751
f 1129//752 63//752 1177//752
f 1177//753 63//753 96//753
f 1177//754 96//754 1178//754
f 1178//755 96//755 1176//755
f 1178//756 1176//756 1179//756
f 298//1 242//1 490//1
f 490//1 242//1 240//1
f 490//1 240//1 475//1
f 475//1 240//1 1180//1
f 506//21 1181//21 1121//21
f 1093//21 1092//21 1121//21
f 1121//21 1092//21 508//21
f 1121//21 508//21 506//21
f 475//2 1180//2 476//2
f 476//2 1180//2 1181//2
f 476//2 1181//2 506//2
f 130//3 129//3 1182//3
f 1183//3 1184//3 1185//3
f 1185//3 1184//3 1186//3
f 1185//3 1186//3 1187//3
f 1187//3 1188//3 1185//3
f 1185//3 1188//3 1189//3
f 1185//3 1189//3 1190//3
f 1190//3 1189//3 1191//3
f 1190//3 1191//3 1145//3
f 1145//3 1191//3 1192//3
f 130//3 1182//3 1193//3
f 1193//3 1182//3 1194//3
f 1193//3 1194//3 1185//3
f 1185//3 1194//3 1195//3
f 1185//3 1195//3 1183//3
f 1147//3 1145//3 1151//3
f 1151//3 1145//3 1192//3
f 1151//3 1192//3 12//3
f 12//3 1192//3 1196//3
f 12//3 1196//3 22//3
f 22//3 1196//3 1197//3
f 22//3 1197//3 1198//3
f 1198//3 1197//3 1199//3
f 1198//3 1199//3 1200//3
f 1200//3 1201//3 1198//3
f 1198//3 1201//3 1202//3
f 1198//3 1202//3 1203//3
f 1204//3 1205//3 1206//3
f 1206//3 1205//3 1198//3
f 1206//3 1198//3 1207//3
f 1207//3 1198//3 1203//3
f 109//21 260//21 125//21
f 125//21 260//21 1208//21
f 125//21 1208//21 1209//21
f 1109//1 104//1 1210//1
f 1210//1 104//1 128//1
f 301//757 306//757 1180//757
f 1181//758 1078//758 1077//758
f 1077//759 1087//759 1181//759
f 1181//760 1087//760 1089//760
f 1181//761 1089//761 1121//761
f 240//761 239//761 1180//761
f 1180//762 239//762 303//762
f 1180//763 303//763 301//763
f 1181//764 1180//764 1078//764
f 1078//765 1180//765 306//765
f 1078//766 306//766 1084//766
f 1084//767 306//767 305//767
f 1084//768 305//768 1085//768
f 1085//769 305//769 311//769
f 1085//770 311//770 1086//770
f 1086//771 311//771 310//771
f 1086//772 310//772 308//772
f 1211//773 1212//773 307//773
f 307//774 1212//774 1081//774
f 307//775 1081//775 308//775
f 308//776 1081//776 1080//776
f 308//777 1080//777 1086//777
f 1131//778 1213//778 1132//778
f 1132//778 1213//778 1214//778
f 1132//779 1214//779 1133//779
f 1133//779 1214//779 1215//779
f 1133//780 1215//780 1135//780
f 1135//780 1215//780 1216//780
f 1135//781 1216//781 1136//781
f 1136//781 1216//781 1217//781
f 1136//782 1217//782 1137//782
f 1137//782 1217//782 1218//782
f 1137//783 1218//783 1138//783
f 1138//783 1218//783 1219//783
f 1138//784 1219//784 1140//784
f 1140//784 1219//784 1220//784
f 1140//785 1220//785 1141//785
f 1141//785 1220//785 1221//785
f 1141//786 1221//786 1142//786
f 1142//786 1221//786 1222//786
f 1142//787 1222//787 1143//787
f 1143//787 1222//787 1223//787
f 1143//788 1223//788 1130//788
f 1130//788 1223//788 1224//788
f 1130//789 1224//789 1131//789
f 1131//789 1224//789 1213//789
f 1214//790 1108//790 1215//790
f 1215//791 1108//791 1111//791
f 1215//792 1111//792 1216//792
f 1216//793 1111//793 1110//793
f 1216//794 1110//794 1217//794
f 1217//795 1110//795 1114//795
f 1217//796 1114//796 1218//796
f 1218//797 1114//797 1115//797
f 1218//798 1115//798 1219//798
f 1219//799 1115//799 1120//799
f 1219//800 1120//800 1220//800
f 1220//801 1120//801 1119//801
f 1220//802 1119//802 1221//802
f 1221//803 1119//803 1118//803
f 1221//804 1118//804 1222//804
f 1222//805 1118//805 1106//805
f 1222//806 1106//806 1223//806
f 1223//807 1106//807 1105//807
f 1223//808 1105//808 1224//808
f 1224//808 1105//808 1104//808
f 1224//809 1104//809 1213//809
f 1213//810 1104//810 1107//810
f 1213//811 1107//811 1214//811
f 1214//812 1107//812 1108//812
f 25//813 1225//813 10//813
f 10//813 1225//813 1226//813
f 10//814 1226//814 11//814
f 11//814 1226//814 1227//814
f 11//780 1227//780 14//780
f 14//780 1227//780 1228//780
f 14//781 1228//781 15//781
f 15//781 1228//781 1229//781
f 15//815 1229//815 19//815
f 19//815 1229//815 1230//815
f 19//816 1230//816 18//816
f 18//816 1230//816 1231//816
f 18//817 1231//817 16//817
f 16//817 1231//817 1232//817
f 16//818 1232//818 20//818
f 20//818 1232//818 1233//818
f 20//786 1233//786 21//786
f 21//786 1233//786 1234//786
f 21//787 1234//787 23//787
f 23//787 1234//787 1235//787
f 23//819 1235//819 24//819
f 24//819 1235//819 1236//819
f 24//820 1236//820 25//820
f 25//820 1236//820 1225//820
f 1226//821 269//821 1227//821
f 1227//821 269//821 273//821
f 1227//822 273//822 1228//822
f 1228//823 273//823 272//823
f 1228//824 272//824 1229//824
f 1229//825 272//825 271//825
f 1229//826 271//826 1230//826
f 1230//797 271//797 262//797
f 1230//827 262//827 1231//827
f 1231//828 262//828 263//828
f 1231//829 263//829 1232//829
f 1232//830 263//830 264//830
f 1232//831 264//831 1233//831
f 1233//832 264//832 265//832
f 1233//833 265//833 1234//833
f 1234//834 265//834 261//834
f 1234//835 261//835 1235//835
f 1235//836 261//836 266//836
f 1235//837 266//837 1236//837
f 1236//808 266//808 267//808
f 1236//838 267//838 1225//838
f 1225//839 267//839 268//839
f 1225//840 268//840 1226//840
f 1226//841 268//841 269//841
f 1212//842 1211//842 1237//842
f 1237//843 1211//843 1238//843
f 1237//844 1238//844 1239//844
f 1239//845 1238//845 1240//845
f 1239//846 1240//846 1241//846
f 1241//847 1240//847 1242//847
f 1241//848 1242//848 1243//848
f 1243//849 1242//849 1244//849
f 1243//850 1244//850 1245//850
f 1245//851 1244//851 1246//851
f 1245//852 1246//852 1247//852
f 1247//853 1246//853 605//853
f 1247//854 605//854 609//854
f 1166//855 1171//855 1248//855
f 1249//856 1248//856 1250//856
f 1250//857 1248//857 1251//857
f 1250//858 1251//858 1252//858
f 1167//859 1166//859 1253//859
f 1253//860 1166//860 1248//860
f 1253//861 1248//861 1254//861
f 1254//862 1248//862 1249//862
f 607//863 1255//863 614//863
f 614//864 1255//864 1256//864
f 614//865 1256//865 1251//865
f 1251//866 1256//866 1257//866
f 1251//867 1257//867 1252//867
f 1171//868 1128//868 1248//868
f 1248//869 1128//869 1258//869
f 1248//870 1258//870 1251//870
f 1251//871 1258//871 1259//871
f 1251//872 1259//872 614//872
f 614//873 1259//873 615//873
f 1128//874 1129//874 1260//874
f 1128//874 1260//874 1258//874
f 1258//875 1260//875 1261//875
f 1258//875 1261//875 1259//875
f 1259//876 1261//876 616//876
f 1259//876 616//876 615//876
f 1262//877 593//877 608//877
f 1263//878 1177//878 1264//878
f 1264//879 1177//879 1178//879
f 1264//880 1178//880 1179//880
f 1265//881 1266//881 1267//881
f 1267//882 1266//882 1263//882
f 1267//883 1263//883 1268//883
f 1268//884 1263//884 1264//884
f 1129//885 1177//885 1260//885
f 1260//886 1177//886 1263//886
f 1260//887 1263//887 1261//887
f 1261//888 1263//888 1266//888
f 1261//889 1266//889 616//889
f 616//890 1266//890 608//890
f 1265//891 1269//891 1266//891
f 1266//892 1269//892 1270//892
f 1266//893 1270//893 608//893
f 608//894 1270//894 1271//894
f 608//895 1271//895 1262//895
f 1134//896 1139//896 1272//896
f 1134//896 1272//896 1273//896
f 1273//897 1272//897 1274//897
f 1273//897 1274//897 1275//897
f 1275//898 1274//898 624//898
f 1275//898 624//898 628//898
f 1276//899 620//899 622//899
f 1277//900 1160//900 1278//900
f 1278//901 1160//901 1161//901
f 1278//902 1161//902 1162//902
f 1279//903 1280//903 1281//903
f 1281//904 1280//904 1277//904
f 1281//905 1277//905 1282//905
f 1282//906 1277//906 1278//906
f 1139//907 1160//907 1272//907
f 1272//908 1160//908 1277//908
f 1272//909 1277//909 1274//909
f 1274//910 1277//910 1280//910
f 1274//911 1280//911 624//911
f 624//912 1280//912 622//912
f 1279//913 1283//913 1280//913
f 1280//914 1283//914 1284//914
f 1280//915 1284//915 622//915
f 622//916 1284//916 1285//916
f 622//917 1285//917 1276//917
f 151//918 1286//918 152//918
f 152//919 1286//919 1287//919
f 152//920 1287//920 235//920
f 1288//921 154//921 1289//921
f 1289//921 154//921 160//921
f 1290//1 158//1 1291//1
f 1291//1 158//1 156//1
f 1292//922 155//922 1293//922
f 1293//922 155//922 138//922
f 1294//923 135//923 1295//923
f 1295//923 135//923 169//923
f 1296//5 174//5 1297//5
f 1297//5 174//5 181//5
f 1298//924 185//924 1299//924
f 1299//924 185//924 193//924
f 1300//925 206//925 1301//925
f 1301//925 206//925 204//925
f 1302//21 203//21 1303//21
f 1303//21 203//21 210//21
f 1304//926 214//926 1305//926
f 1305//926 214//926 218//926
f 1306//927 217//927 1307//927
f 1307//927 217//927 230//927
f 1308//2 238//2 1309//2
f 1309//2 238//2 237//2
f 1310//4 1311//4 1312//4
f 1312//4 1311//4 1313//4
f 1312//4 1313//4 1314//4
f 1315//4 1313//4 1316//4
f 1315//4 1317//4 1313//4
f 1313//4 1317//4 1318//4
f 1313//4 1318//4 1319//4
f 1310//4 1320//4 1311//4
f 1311//4 1320//4 1321//4
f 1311//4 1321//4 1322//4
f 1323//4 1324//4 1311//4
f 1311//4 1324//4 1325//4
f 1311//4 1325//4 1326//4
f 1319//4 1327//4 1313//4
f 1313//4 1327//4 1328//4
f 1313//4 1328//4 1314//4
f 1326//4 1329//4 1311//4
f 1311//4 1329//4 1330//4
f 1311//4 1330//4 1331//4
f 1316//4 1332//4 1315//4
f 1315//4 1332//4 1333//4
f 1315//4 1333//4 1334//4
f 1334//4 1333//4 1335//4
f 1334//4 1335//4 1336//4
f 1322//4 1337//4 1311//4
f 1311//4 1337//4 1338//4
f 1311//4 1338//4 1323//4
f 160//928 158//928 1289//928
f 1289//928 158//928 1290//928
f 156//929 155//929 1291//929
f 1291//929 155//929 1292//929
f 1293//930 138//930 1339//930
f 1339//931 138//931 135//931
f 1339//932 135//932 1294//932
f 169//150 174//150 1295//150
f 1295//150 174//150 1296//150
f 1297//933 181//933 183//933
f 1297//933 183//933 1340//933
f 1340//934 183//934 185//934
f 1340//934 185//934 1298//934
f 206//935 1300//935 187//935
f 187//936 1300//936 1341//936
f 187//937 1341//937 188//937
f 188//938 1341//938 1299//938
f 188//938 1299//938 193//938
f 204//939 203//939 1301//939
f 1301//939 203//939 1302//939
f 1303//940 210//940 212//940
f 1303//940 212//940 1342//940
f 1342//941 212//941 214//941
f 1342//941 214//941 1304//941
f 1305//942 218//942 1343//942
f 1343//943 218//943 217//943
f 1343//944 217//944 1306//944
f 1307//945 230//945 229//945
f 1307//945 229//945 1344//945
f 1344//946 229//946 238//946
f 1344//946 238//946 1308//946
f 1286//947 151//947 1345//947
f 1345//948 151//948 154//948
f 1345//949 154//949 1288//949
f 237//950 235//950 1309//950
f 1309//950 235//950 1287//950
f 1310//951 1299//951 1341//951
f 1310//952 1341//952 1320//952
f 1320//953 1341//953 1300//953
f 1320//954 1300//954 1321//954
f 1301//955 1322//955 1300//955
f 1300//956 1322//956 1321//956
f 1312//957 1298//957 1310//957
f 1310//958 1298//958 1299//958
f 1301//959 1302//959 1322//959
f 1322//959 1302//959 1337//959
f 1328//960 1297//960 1340//960
f 1328//960 1340//960 1314//960
f 1314//961 1340//961 1298//961
f 1314//962 1298//962 1312//962
f 1303//963 1338//963 1302//963
f 1302//963 1338//963 1337//963
f 1327//964 1296//964 1328//964
f 1328//964 1296//964 1297//964
f 1304//965 1323//965 1342//965
f 1342//966 1323//966 1338//966
f 1342//967 1338//967 1303//967
f 1295//968 1296//968 1319//968
f 1319//969 1296//969 1327//969
f 1305//970 1324//970 1304//970
f 1304//971 1324//971 1323//971
f 1318//972 1294//972 1319//972
f 1319//973 1294//973 1295//973
f 1324//974 1305//974 1343//974
f 1324//975 1343//975 1325//975
f 1325//976 1343//976 1306//976
f 1325//977 1306//977 1326//977
f 1315//978 1293//978 1339//978
f 1315//979 1339//979 1317//979
f 1317//980 1339//980 1294//980
f 1317//981 1294//981 1318//981
f 1307//982 1329//982 1306//982
f 1306//983 1329//983 1326//983
f 1334//984 1292//984 1315//984
f 1315//985 1292//985 1293//985
f 1308//986 1330//986 1344//986
f 1344//987 1330//987 1329//987
f 1344//988 1329//988 1307//988
f 1291//989 1292//989 1336//989
f 1336//989 1292//989 1334//989
f 1309//990 1331//990 1308//990
f 1308//990 1331//990 1330//990
f 1335//991 1290//991 1336//991
f 1336//991 1290//991 1291//991
f 1309//992 1287//992 1331//992
f 1331//993 1287//993 1311//993
f 1289//994 1290//994 1333//994
f 1333//994 1290//994 1335//994
f 1286//995 1313//995 1287//995
f 1287//996 1313//996 1311//996
f 1332//997 1288//997 1333//997
f 1333//998 1288//998 1289//998
f 1313//999 1286//999 1345//999
f 1313//1000 1345//1000 1316//1000
f 1316//1001 1345//1001 1288//1001
f 1316//1002 1288//1002 1332//1002
f 225//1003 186//1003 645//1003
f 637//1004 201//1004 638//1004
f 638//1005 201//1005 199//1005
f 638//1006 199//1006 639//1006
f 639//1007 199//1007 233//1007
f 639//1008 233//1008 640//1008
f 640//1009 233//1009 219//1009
f 640//1010 219//1010 641//1010
f 641//1011 219//1011 221//1011
f 641//1012 221//1012 642//1012
f 642//1013 221//1013 223//1013
f 642//1014 223//1014 643//1014
f 643//1015 223//1015 225//1015
f 643//1016 225//1016 644//1016
f 644//1017 225//1017 645//1017
f 162//1018 153//1018 637//1018
f 637//1019 153//1019 215//1019
f 637//1004 215//1004 201//1004
f 186//1020 189//1020 645//1020
f 645//1021 189//1021 191//1021
f 645//1022 191//1022 646//1022
f 646//1023 191//1023 192//1023
f 646//1024 192//1024 647//1024
f 647//1025 192//1025 173//1025
f 647//1026 173//1026 648//1026
f 648//1027 173//1027 180//1027
f 648//1028 180//1028 649//1028
f 649//1029 180//1029 179//1029
f 649//1030 179//1030 650//1030
f 650//1031 179//1031 166//1031
f 650//1032 166//1032 651//1032
f 651//1033 166//1033 134//1033
f 651//1034 134//1034 652//1034
f 652//1035 134//1035 133//1035
f 652//1036 133//1036 653//1036
f 653//1037 133//1037 164//1037
f 653//1038 164//1038 654//1038
f 654//1039 164//1039 165//1039
f 654//1040 165//1040 655//1040
f 655//1041 165//1041 141//1041
f 655//1042 141//1042 656//1042
f 656//1043 141//1043 143//1043
f 656//1044 143//1044 657//1044
f 657//1045 143//1045 145//1045
f 657//1046 145//1046 632//1046
f 632//1047 145//1047 147//1047
f 632//1048 147//1048 633//1048
f 633//1049 147//1049 149//1049
f 633//1050 149//1050 634//1050
f 634//1051 149//1051 163//1051
f 634//1052 163//1052 635//1052
f 635//1053 163//1053 162//1053
f 635//1054 162//1054 636//1054
f 636//1055 162//1055 637//1055
f 788//1056 770//1056 810//1056
f 788//1057 810//1057 786//1057
f 786//1058 810//1058 812//1058
f 786//1059 812//1059 787//1059
f 787//1060 812//1060 808//1060
f 787//1061 808//1061 789//1061
f 789//1062 808//1062 776//1062
f 789//1063 776//1063 794//1063
f 778//1064 792//1064 776//1064
f 776//1065 792//1065 794//1065
f 782//1066 774//1066 1346//1066
f 782//1067 1346//1067 1347//1067
f 1347//1068 1346//1068 770//1068
f 1347//1069 770//1069 788//1069
f 792//1070 778//1070 825//1070
f 792//1071 825//1071 790//1071
f 790//1072 825//1072 829//1072
f 790//1073 829//1073 791//1073
f 791//1074 829//1074 759//1074
f 791//1075 759//1075 793//1075
f 781//1076 767//1076 818//1076
f 781//1077 818//1077 797//1077
f 797//1078 818//1078 820//1078
f 797//1079 820//1079 798//1079
f 798//1080 820//1080 816//1080
f 798//1081 816//1081 799//1081
f 799//1082 816//1082 774//1082
f 799//1083 774//1083 782//1083
f 763//1084 783//1084 1348//1084
f 1348//1085 783//1085 1349//1085
f 1348//1086 1349//1086 759//1086
f 759//1087 1349//1087 793//1087
f 780//1088 765//1088 781//1088
f 781//1089 765//1089 767//1089
f 783//1090 763//1090 801//1090
f 783//1091 801//1091 784//1091
f 784//1092 801//1092 805//1092
f 784//1093 805//1093 785//1093
f 785//1094 805//1094 765//1094
f 785//1095 765//1095 780//1095
f 290//1096 1350//1096 1351//1096
f 1350//1097 1352//1097 1353//1097
f 1352//1098 292//1098 291//1098
f 1350//1099 1353//1099 1351//1099
f 1351//1100 1353//1100 1354//1100
f 1351//1101 1354//1101 1355//1101
f 1355//1102 1354//1102 1356//1102
f 1355//1103 1356//1103 1357//1103
f 1357//1104 1356//1104 1358//1104
f 1357//1105 1358//1105 1359//1105
f 1359//1106 1358//1106 1360//1106
f 1359//1107 1360//1107 1361//1107
f 1352//1108 291//1108 1353//1108
f 1353//1109 291//1109 293//1109
f 1353//1110 293//1110 1354//1110
f 1354//1111 293//1111 297//1111
f 1354//1112 297//1112 1356//1112
f 1356//1113 297//1113 296//1113
f 1356//1114 296//1114 1358//1114
f 1358//1115 296//1115 294//1115
f 1358//1116 294//1116 1360//1116
f 1360//1117 294//1117 295//1117
f 1360//1118 295//1118 1362//1118
f 1362//1119 1363//1119 1360//1119
f 1360//1120 1363//1120 1364//1120
f 1360//1121 1364//1121 1361//1121
f 1361//1122 1364//1122 1365//1122
f 1361//1123 1365//1123 1366//1123
f 290//1124 1351//1124 282//1124
f 282//1125 1351//1125 1355//1125
f 282//1126 1355//1126 283//1126
f 283//1127 1355//1127 1357//1127
f 283//1128 1357//1128 279//1128
f 279//1129 1357//1129 1359//1129
f 279//1130 1359//1130 280//1130
f 280//1131 1359//1131 1361//1131
f 280//1132 1361//1132 276//1132
f 276//1133 1361//1133 1366//1133
f 276//1134 1366//1134 274//1134
f 1367//1135 1368//1135 1369//1135
f 1370//1136 1371//1136 1367//1136
f 1371//1137 1370//1137 287//1137
f 1175//1138 1369//1138 1176//1138
f 1176//1139 1369//1139 1368//1139
f 1176//1140 1368//1140 1179//1140
f 1174//1141 1372//1141 1175//1141
f 1175//1142 1372//1142 1373//1142
f 1175//1143 1373//1143 1369//1143
f 1174//1144 1173//1144 1372//1144
f 1372//1145 1173//1145 1172//1145
f 1372//1146 1172//1146 1374//1146
f 1374//1147 1172//1147 292//1147
f 1374//1148 292//1148 1352//1148
f 1367//1149 1369//1149 1370//1149
f 1370//1150 1369//1150 1373//1150
f 1370//1151 1373//1151 1375//1151
f 1375//1152 1373//1152 1372//1152
f 1375//1153 1372//1153 1376//1153
f 1376//1154 1372//1154 1374//1154
f 1376//1155 1374//1155 1377//1155
f 1377//1156 1374//1156 1352//1156
f 1377//1157 1352//1157 1350//1157
f 287//1158 1370//1158 286//1158
f 286//1159 1370//1159 1375//1159
f 286//1160 1375//1160 284//1160
f 284//1161 1375//1161 1376//1161
f 284//1162 1376//1162 288//1162
f 288//1163 1376//1163 1377//1163
f 288//1164 1377//1164 289//1164
f 289//1165 1377//1165 1350//1165
f 289//1166 1350//1166 290//1166
f 1270//1167 1269//1167 287//1167
f 287//1168 1265//1168 1267//1168
f 1268//1169 287//1169 1267//1169
f 1269//1170 1265//1170 287//1170
f 1271//1171 1270//1171 287//1171
f 593//1172 1262//1172 1378//1172
f 1378//1173 1262//1173 1271//1173
f 1378//1174 1271//1174 287//1174
f 1179//1175 1368//1175 1264//1175
f 1264//1176 1368//1176 1367//1176
f 1264//1177 1367//1177 1268//1177
f 1268//1178 1367//1178 1371//1178
f 1268//1179 1371//1179 287//1179
f 594//1180 593//1180 1378//1180
f 594//1181 1378//1181 1379//1181
f 1379//1182 1378//1182 287//1182
f 1379//1183 287//1183 285//1183
f 1380//1184 1381//1184 1382//1184
f 1382//1185 1381//1185 468//1185
f 1150//1186 1383//1186 1384//1186
f 1384//1187 1383//1187 1385//1187
f 1384//1188 1385//1188 1380//1188
f 468//1189 466//1189 1382//1189
f 1382//1190 466//1190 465//1190
f 1382//1191 465//1191 1386//1191
f 1386//1192 465//1192 467//1192
f 1386//1193 467//1193 1387//1193
f 1387//1194 467//1194 463//1194
f 1387//1195 463//1195 1388//1195
f 1388//1196 463//1196 462//1196
f 1388//1197 462//1197 1389//1197
f 1380//1198 1382//1198 1384//1198
f 1384//1199 1382//1199 1386//1199
f 1384//1200 1386//1200 1390//1200
f 1390//1201 1386//1201 1387//1201
f 1390//1202 1387//1202 1391//1202
f 1391//1203 1387//1203 1388//1203
f 1391//1204 1388//1204 1392//1204
f 1392//1205 1388//1205 1389//1205
f 1392//1206 1389//1206 1393//1206
f 1150//1207 1384//1207 1152//1207
f 1152//1208 1384//1208 1390//1208
f 1152//1209 1390//1209 1153//1209
f 1153//1210 1390//1210 1391//1210
f 1153//1211 1391//1211 1148//1211
f 1148//1212 1391//1212 1392//1212
f 1148//1213 1392//1213 1146//1213
f 1146//1214 1392//1214 1393//1214
f 1146//1215 1393//1215 1144//1215
f 468//1216 1381//1216 1394//1216
f 1394//1217 1381//1217 1395//1217
f 253//1218 471//1218 255//1218
f 255//1219 471//1219 470//1219
f 255//1220 470//1220 1394//1220
f 1394//1221 470//1221 469//1221
f 1394//1222 469//1222 468//1222
f 1381//1223 1380//1223 1395//1223
f 1395//1224 1380//1224 1385//1224
f 1395//1225 1385//1225 1149//1225
f 1149//1226 1385//1226 1383//1226
f 1149//1227 1383//1227 1150//1227
f 1149//1228 1154//1228 1395//1228
f 1395//1229 1154//1229 1396//1229
f 1395//1230 1396//1230 1394//1230
f 1394//1231 1396//1231 1397//1231
f 1394//1232 1397//1232 255//1232
f 255//1233 1397//1233 256//1233
f 1154//1234 13//1234 1396//1234
f 1396//1235 13//1235 1398//1235
f 1396//1236 1398//1236 1397//1236
f 1397//1237 1398//1237 1399//1237
f 1397//1238 1399//1238 256//1238
f 256//1239 1399//1239 248//1239
f 13//896 17//896 1400//896
f 13//896 1400//896 1398//896
f 1398//897 1400//897 1401//897
f 1398//897 1401//897 1399//897
f 1399//898 1401//898 246//898
f 1399//898 246//898 248//898
f 474//1240 473//1240 1402//1240
f 474//1241 1402//1241 1403//1241
f 1403//1242 1402//1242 1404//1242
f 1403//1243 1404//1243 1405//1243
f 1405//1244 1404//1244 131//1244
f 1405//1245 131//1245 132//1245
f 1145//1246 1144//1246 1406//1246
f 1185//1247 1407//1247 1193//1247
f 1193//1248 1407//1248 132//1248
f 1193//1249 132//1249 130//1249
f 1145//1250 1406//1250 1190//1250
f 1190//1251 1406//1251 1408//1251
f 1190//1252 1408//1252 1185//1252
f 1185//1253 1408//1253 1409//1253
f 1185//1254 1409//1254 1407//1254
f 1410//1255 1405//1255 132//1255
f 1410//1256 132//1256 1411//1256
f 1403//1257 1405//1257 1412//1257
f 1412//1258 1405//1258 1410//1258
f 1412//1259 1410//1259 1413//1259
f 1413//1259 1410//1259 1411//1259
f 1413//1260 1411//1260 1409//1260
f 1409//1261 1411//1261 1407//1261
f 474//1262 1403//1262 1414//1262
f 1414//1263 1403//1263 1412//1263
f 1414//1264 1412//1264 1415//1264
f 1415//1265 1412//1265 1413//1265
f 1415//1266 1413//1266 1408//1266
f 1408//1267 1413//1267 1409//1267
f 1407//1268 1411//1268 132//1268
f 1406//1269 1144//1269 1416//1269
f 1416//1270 1144//1270 1393//1270
f 1416//1271 1393//1271 1417//1271
f 1417//1272 1393//1272 1389//1272
f 1417//1273 1389//1273 472//1273
f 472//1274 1389//1274 462//1274
f 1408//1275 1406//1275 1415//1275
f 1415//1276 1406//1276 1416//1276
f 1415//1277 1416//1277 1414//1277
f 1414//1278 1416//1278 1417//1278
f 1414//1279 1417//1279 474//1279
f 474//1280 1417//1280 472//1280
f 1418//1281 1199//1281 1419//1281
f 1199//1282 1418//1282 1200//1282
f 1196//1283 1420//1283 1197//1283
f 1197//1284 1420//1284 1419//1284
f 1197//1285 1419//1285 1199//1285
f 1421//1286 1422//1286 1423//1286
f 1423//1287 1422//1287 1424//1287
f 1423//1288 1424//1288 1196//1288
f 1196//1289 1424//1289 1425//1289
f 1196//1290 1425//1290 1420//1290
f 1426//1291 1427//1291 1428//1291
f 1428//1292 1427//1292 1429//1292
f 1428//1293 1429//1293 1421//1293
f 1421//1294 1429//1294 1430//1294
f 1421//1295 1430//1295 1422//1295
f 1196//1296 1192//1296 1423//1296
f 1423//1297 1192//1297 1191//1297
f 1423//1298 1191//1298 1421//1298
f 1421//1299 1191//1299 1189//1299
f 1421//1300 1189//1300 1428//1300
f 1428//1301 1189//1301 1188//1301
f 1428//1302 1188//1302 1426//1302
f 1426//1303 1188//1303 1187//1303
f 1431//1304 1427//1304 1426//1304
f 1426//1305 1187//1305 1431//1305
f 1431//1306 1187//1306 1186//1306
f 1431//1307 1186//1307 1432//1307
f 1432//1308 1186//1308 1184//1308
f 1432//1309 1184//1309 1433//1309
f 1433//1310 1184//1310 1183//1310
f 1433//1311 1183//1311 1434//1311
f 1434//1312 1183//1312 1195//1312
f 1434//1313 1195//1313 1435//1313
f 1435//1314 1195//1314 1194//1314
f 1435//1315 1194//1315 1436//1315
f 1437//1316 1436//1316 1194//1316
f 1194//1316 1182//1316 1437//1316
f 1437//1317 1182//1317 1438//1317
f 1437//1318 1438//1318 1439//1318
f 1439//1319 1438//1319 1440//1319
f 1439//1320 1440//1320 1441//1320
f 1441//1321 1440//1321 1442//1321
f 1442//1322 1440//1322 275//1322
f 1442//1323 275//1323 274//1323
f 94//1324 93//1324 1443//1324
f 1443//1325 93//1325 1444//1325
f 1443//1326 1444//1326 1445//1326
f 1437//1327 1446//1327 1436//1327
f 1436//1328 1446//1328 1447//1328
f 1436//1329 1447//1329 1444//1329
f 1444//1330 1447//1330 1448//1330
f 1444//1331 1448//1331 1445//1331
f 1449//1332 1427//1332 1431//1332
f 33//1333 1449//1333 1450//1333
f 1449//1334 1431//1334 1450//1334
f 1450//1335 1431//1335 1432//1335
f 1450//1336 1432//1336 1451//1336
f 1451//1337 1432//1337 1433//1337
f 1451//1338 1433//1338 1452//1338
f 1452//1339 1433//1339 1434//1339
f 1452//1340 1434//1340 1444//1340
f 1444//1341 1434//1341 1435//1341
f 1444//1342 1435//1342 1436//1342
f 33//1343 1450//1343 88//1343
f 88//1344 1450//1344 1451//1344
f 88//1345 1451//1345 89//1345
f 89//1346 1451//1346 1452//1346
f 89//1347 1452//1347 91//1347
f 91//1348 1452//1348 1444//1348
f 91//1349 1444//1349 93//1349
f 1453//1350 1454//1350 1455//1350
f 1455//1351 1454//1351 1456//1351
f 1455//1352 1456//1352 1457//1352
f 1453//1353 1455//1353 27//1353
f 27//1354 1455//1354 1458//1354
f 27//1355 1458//1355 28//1355
f 1425//1356 1459//1356 1420//1356
f 1420//1357 1459//1357 1460//1357
f 1420//1358 1460//1358 1419//1358
f 1430//1359 1461//1359 1422//1359
f 1422//1360 1461//1360 1459//1360
f 1422//1361 1459//1361 1424//1361
f 1424//1362 1459//1362 1425//1362
f 1430//1363 1429//1363 1461//1363
f 1461//1364 1429//1364 1427//1364
f 1461//1365 1427//1365 1449//1365
f 33//1366 28//1366 1449//1366
f 1449//1367 28//1367 1458//1367
f 1449//1368 1458//1368 1461//1368
f 1461//1369 1458//1369 1455//1369
f 1461//1370 1455//1370 1459//1370
f 1459//1371 1455//1371 1457//1371
f 1459//1372 1457//1372 1460//1372
f 1460//1373 1457//1373 1462//1373
f 1460//1374 1462//1374 1463//1374
f 1463//1375 1462//1375 1464//1375
f 1463//1376 1464//1376 82//1376
f 82//1377 1464//1377 83//1377
f 1463//1378 82//1378 81//1378
f 1200//1379 1418//1379 1465//1379
f 1465//1380 1418//1380 1419//1380
f 1465//1381 1419//1381 1460//1381
f 81//1382 1466//1382 1463//1382
f 1463//1383 1466//1383 1467//1383
f 1463//1384 1467//1384 1460//1384
f 1460//1385 1467//1385 1468//1385
f 1460//1386 1468//1386 1465//1386
f 1469//1387 1466//1387 81//1387
f 81//1388 38//1388 1469//1388
f 1469//1389 38//1389 87//1389
f 1469//1390 87//1390 1470//1390
f 1470//1391 87//1391 86//1391
f 1470//1392 86//1392 1471//1392
f 1471//1393 86//1393 85//1393
f 1471//1394 85//1394 1472//1394
f 1472//1395 85//1395 84//1395
f 1472//1396 84//1396 1473//1396
f 1468//1397 1467//1397 1474//1397
f 1474//1398 1467//1398 1466//1398
f 1466//1399 1469//1399 1474//1399
f 1474//1400 1469//1400 1470//1400
f 1474//1401 1470//1401 1475//1401
f 1475//1402 1470//1402 1471//1402
f 1475//1403 1471//1403 1476//1403
f 1476//1404 1471//1404 1472//1404
f 1476//1405 1472//1405 1477//1405
f 1477//1406 1472//1406 1473//1406
f 1477//1407 1473//1407 1478//1407
f 1200//1408 1465//1408 1479//1408
f 1479//1409 1465//1409 1468//1409
f 1468//1410 1474//1410 1479//1410
f 1479//1411 1474//1411 1475//1411
f 1479//1412 1475//1412 1480//1412
f 1480//1413 1475//1413 1476//1413
f 1480//1414 1476//1414 1481//1414
f 1481//1415 1476//1415 1477//1415
f 1481//1416 1477//1416 1482//1416
f 1482//1417 1477//1417 1478//1417
f 1482//1418 1478//1418 1483//1418
f 1200//1419 1479//1419 1201//1419
f 1201//1420 1479//1420 1480//1420
f 1201//1421 1480//1421 1202//1421
f 1202//1422 1480//1422 1481//1422
f 1202//1423 1481//1423 1203//1423
f 1203//1424 1481//1424 1482//1424
f 1203//1425 1482//1425 1207//1425
f 1207//1426 1482//1426 1483//1426
f 1207//1427 1483//1427 1206//1427
f 1484//1428 117//1428 116//1428
f 84//1429 118//1429 1473//1429
f 1473//1430 118//1430 1485//1430
f 1473//1431 1485//1431 1478//1431
f 1478//1432 1485//1432 1486//1432
f 1478//1433 1486//1433 1483//1433
f 1483//1434 1486//1434 1487//1434
f 1483//1435 1487//1435 1206//1435
f 118//1436 117//1436 1485//1436
f 1485//1437 117//1437 1484//1437
f 1485//1438 1484//1438 1486//1438
f 1486//1439 1484//1439 1488//1439
f 1486//1440 1488//1440 1487//1440
f 1487//1441 1488//1441 1489//1441
f 116//1442 1490//1442 1484//1442
f 1484//1443 1490//1443 1491//1443
f 1484//1444 1491//1444 1488//1444
f 1488//1445 1491//1445 1492//1445
f 1488//1446 1492//1446 1489//1446
f 1489//1447 1492//1447 1493//1447
f 1489//1448 1493//1448 1494//1448
f 1206//1449 1487//1449 1204//1449
f 1204//1450 1487//1450 1489//1450
f 1204//1451 1489//1451 1205//1451
f 1205//1452 1489//1452 1494//1452
f 1205//1453 1494//1453 1198//1453
f 22//1454 1198//1454 1495//1454
f 1495//1455 1198//1455 1496//1455
f 1491//1456 1497//1456 1492//1456
f 1492//1457 1497//1457 1498//1457
f 1492//1458 1498//1458 1493//1458
f 1493//1459 1498//1459 1499//1459
f 1499//1460 1500//1460 1493//1460
f 1493//1461 1500//1461 1501//1461
f 1493//1462 1501//1462 1494//1462
f 1494//1463 1501//1463 1502//1463
f 1494//1464 1502//1464 1198//1464
f 1198//1465 1502//1465 1503//1465
f 1198//1466 1503//1466 1496//1466
f 116//1467 125//1467 1490//1467
f 1490//1468 125//1468 1209//1468
f 1490//1469 1209//1469 1491//1469
f 1491//1470 1209//1470 1504//1470
f 1491//1471 1504//1471 1497//1471
f 1446//1472 1437//1472 1439//1472
f 1446//1473 1439//1473 1447//1473
f 1443//1474 1505//1474 94//1474
f 94//1475 1505//1475 1506//1475
f 67//1476 102//1476 1506//1476
f 1506//1477 102//1477 92//1477
f 1506//1478 92//1478 94//1478
f 1448//1479 1447//1479 1507//1479
f 1507//1480 1447//1480 1439//1480
f 1507//1481 1439//1481 1508//1481
f 1508//1482 1439//1482 1441//1482
f 1508//1483 1441//1483 1442//1483
f 1442//1484 274//1484 1508//1484
f 1508//1485 274//1485 1366//1485
f 1508//1486 1366//1486 1365//1486
f 1365//1487 1505//1487 1508//1487
f 1508//1488 1505//1488 1443//1488
f 1508//1489 1443//1489 1507//1489
f 1507//1490 1443//1490 1445//1490
f 1507//1491 1445//1491 1448//1491
f 295//1492 67//1492 1362//1492
f 1362//1493 67//1493 1506//1493
f 1362//1494 1506//1494 1363//1494
f 1363//1495 1506//1495 1505//1495
f 1363//1496 1505//1496 1364//1496
f 1364//1497 1505//1497 1365//1497
f 343//1498 341//1498 1509//1498
f 343//1499 1509//1499 1510//1499
f 1510//1500 1509//1500 621//1500
f 1510//1501 621//1501 620//1501
f 1284//1502 1283//1502 343//1502
f 343//1503 1279//1503 1281//1503
f 1282//1504 343//1504 1281//1504
f 1283//1505 1279//1505 343//1505
f 1285//1506 1284//1506 343//1506
f 620//1507 1276//1507 1510//1507
f 1510//1508 1276//1508 1285//1508
f 1510//1509 1285//1509 343//1509
f 1162//1510 1511//1510 1278//1510
f 1278//1511 1511//1511 1512//1511
f 1278//1512 1512//1512 1282//1512
f 1282//1513 1512//1513 1513//1513
f 1282//1514 1513//1514 343//1514
f 1512//1515 1511//1515 1514//1515
f 1515//1516 1513//1516 1512//1516
f 1513//1517 1515//1517 343//1517
f 1158//1518 1514//1518 1159//1518
f 1159//1519 1514//1519 1511//1519
f 1159//1520 1511//1520 1162//1520
f 1157//1521 1516//1521 1158//1521
f 1158//1522 1516//1522 1517//1522
f 1158//1523 1517//1523 1514//1523
f 1157//1524 1156//1524 1516//1524
f 1516//1525 1156//1525 1155//1525
f 1516//1526 1155//1526 1518//1526
f 1518//1527 1155//1527 1123//1527
f 1518//1528 1123//1528 1519//1528
f 1512//1529 1514//1529 1515//1529
f 1515//1530 1514//1530 1517//1530
f 1515//1531 1517//1531 1520//1531
f 1520//1532 1517//1532 1516//1532
f 1520//1533 1516//1533 1521//1533
f 1521//1534 1516//1534 1518//1534
f 1521//1535 1518//1535 1522//1535
f 1522//1536 1518//1536 1519//1536
f 1522//1537 1519//1537 1523//1537
f 343//1538 1515//1538 342//1538
f 342//1539 1515//1539 1520//1539
f 342//1540 1520//1540 340//1540
f 340//1541 1520//1541 1521//1541
f 340//1542 1521//1542 344//1542
f 344//1543 1521//1543 1522//1543
f 344//1544 1522//1544 345//1544
f 345//1545 1522//1545 1523//1545
f 345//1546 1523//1546 346//1546
f 1524//1547 1525//1547 1526//1547
f 1525//1548 1122//1548 1124//1548
f 339//1549 346//1549 1523//1549
f 339//1550 1523//1550 337//1550
f 1525//1551 1124//1551 1526//1551
f 1526//1552 1124//1552 1127//1552
f 1526//1553 1127//1553 1527//1553
f 1527//1554 1127//1554 1126//1554
f 1527//1555 1126//1555 1528//1555
f 1528//1556 1126//1556 1125//1556
f 1528//1557 1125//1557 1529//1557
f 1529//1558 1125//1558 2//1558
f 1529//1559 2//1559 1530//1559
f 1530//1560 2//1560 1//1560
f 1530//1561 1//1561 1531//1561
f 1531//1562 1//1562 9//1562
f 1531//1563 9//1563 1532//1563
f 1532//1564 9//1564 8//1564
f 1532//1565 8//1565 1533//1565
f 1533//1566 8//1566 7//1566
f 1533//1567 7//1567 1534//1567
f 1534//1568 7//1568 6//1568
f 1534//1569 6//1569 1535//1569
f 1535//1570 6//1570 5//1570
f 1535//1571 5//1571 1536//1571
f 1536//1572 5//1572 4//1572
f 1536//1573 4//1573 1537//1573
f 1524//1574 1526//1574 1538//1574
f 1538//1575 1526//1575 1527//1575
f 1538//1576 1527//1576 1539//1576
f 1539//1577 1527//1577 1528//1577
f 1539//1578 1528//1578 1540//1578
f 1540//1579 1528//1579 1529//1579
f 1540//1580 1529//1580 1541//1580
f 1541//1581 1529//1581 1530//1581
f 1541//1582 1530//1582 1542//1582
f 1542//1583 1530//1583 1531//1583
f 1542//1584 1531//1584 1543//1584
f 1543//1585 1531//1585 1532//1585
f 1543//1586 1532//1586 1544//1586
f 1544//1587 1532//1587 1533//1587
f 1544//1588 1533//1588 1545//1588
f 1545//1589 1533//1589 1534//1589
f 1545//1590 1534//1590 1546//1590
f 1546//1591 1534//1591 1535//1591
f 1546//1592 1535//1592 1547//1592
f 1547//1593 1535//1593 1536//1593
f 1547//1594 1536//1594 1548//1594
f 1548//1595 1536//1595 1537//1595
f 1548//1596 1537//1596 1549//1596
f 1123//1597 1122//1597 1519//1597
f 1519//1598 1122//1598 1525//1598
f 1519//1599 1525//1599 1523//1599
f 1523//1600 1525//1600 1524//1600
f 1523//1601 1524//1601 337//1601
f 337//1602 1524//1602 1538//1602
f 337//1603 1538//1603 336//1603
f 336//1604 1538//1604 1539//1604
f 336//1605 1539//1605 334//1605
f 334//1606 1539//1606 1540//1606
f 334//1607 1540//1607 333//1607
f 333//1608 1540//1608 1541//1608
f 333//1609 1541//1609 331//1609
f 331//1610 1541//1610 1542//1610
f 331//1611 1542//1611 330//1611
f 330//1612 1542//1612 1543//1612
f 330//1613 1543//1613 328//1613
f 328//1614 1543//1614 1544//1614
f 328//1615 1544//1615 327//1615
f 327//1616 1544//1616 1545//1616
f 327//1617 1545//1617 325//1617
f 325//1618 1545//1618 1546//1618
f 325//1619 1546//1619 324//1619
f 324//1620 1546//1620 1547//1620
f 324//1621 1547//1621 322//1621
f 322//1622 1547//1622 1548//1622
f 322//1623 1548//1623 317//1623
f 317//1624 1548//1624 1549//1624
f 317//1625 1549//1625 318//1625
f 1550//1626 1551//1626 1552//1626
f 1537//1627 4//1627 1163//1627
f 1549//1628 1537//1628 1553//1628
f 318//1629 1549//1629 1554//1629
f 1537//1630 1163//1630 1553//1630
f 1553//1631 1163//1631 1164//1631
f 1553//1632 1164//1632 1555//1632
f 1555//1633 1164//1633 1165//1633
f 1555//1634 1165//1634 1556//1634
f 1556//1635 1165//1635 1170//1635
f 1556//1636 1170//1636 1557//1636
f 1170//1637 1169//1637 1557//1637
f 1557//1638 1169//1638 1168//1638
f 1557//1639 1168//1639 1558//1639
f 1558//1640 1168//1640 1167//1640
f 1558//1641 1167//1641 1559//1641
f 1549//1642 1553//1642 1554//1642
f 1554//1643 1553//1643 1555//1643
f 1554//1644 1555//1644 1560//1644
f 1560//1645 1555//1645 1556//1645
f 1560//1646 1556//1646 1561//1646
f 1561//1647 1556//1647 1557//1647
f 1561//1648 1557//1648 1562//1648
f 1562//1649 1557//1649 1558//1649
f 1562//1650 1558//1650 1552//1650
f 1552//1651 1558//1651 1559//1651
f 1552//1652 1559//1652 1550//1652
f 318//1653 1554//1653 320//1653
f 320//1654 1554//1654 1560//1654
f 320//1655 1560//1655 321//1655
f 321//1656 1560//1656 1561//1656
f 321//1657 1561//1657 312//1657
f 312//1658 1561//1658 1562//1658
f 312//1659 1562//1659 313//1659
f 313//1660 1562//1660 1552//1660
f 313//1661 1552//1661 315//1661
f 315//1662 1552//1662 1551//1662
f 315//1663 1551//1663 316//1663
f 1249//1664 1250//1664 316//1664
f 316//1665 1250//1665 1252//1665
f 316//1666 1256//1666 1255//1666
f 607//1667 1563//1667 1255//1667
f 1255//1668 1563//1668 316//1668
f 1257//1669 1256//1669 316//1669
f 1252//1670 1257//1670 316//1670
f 1254//1671 1249//1671 316//1671
f 316//1672 1551//1672 1254//1672
f 1254//1673 1551//1673 1550//1673
f 1254//1674 1550//1674 1253//1674
f 1253//1675 1550//1675 1559//1675
f 1253//1676 1559//1676 1167//1676
f 607//1677 606//1677 1564//1677
f 607//1678 1564//1678 1563//1678
f 1563//1679 1564//1679 314//1679
f 1563//1680 314//1680 316//1680
f 663//1681 684//1681 604//1681
f 604//1681 684//1681 606//1681
f 668//1682 314//1682 1564//1682
f 668//1682 1564//1682 685//1682
f 685//1683 1564//1683 606//1683
f 685//1684 606//1684 684//1684
f 314//1685 668//1685 319//1685
f 319//1686 668//1686 667//1686
f 319//1687 667//1687 323//1687
f 323//1688 667//1688 696//1688
f 323//1689 696//1689 326//1689
f 326//1690 696//1690 698//1690
f 326//1691 698//1691 1565//1691
f 1565//1692 698//1692 1566//1692
f 1565//1693 1566//1693 332//1693
f 332//1694 1566//1694 700//1694
f 332//1695 700//1695 335//1695
f 335//1696 700//1696 673//1696
f 335//1697 673//1697 338//1697
f 338//1698 673//1698 672//1698
f 338//1699 672//1699 341//1699
f 341//1700 672//1700 689//1700
f 686//1701 621//1701 1509//1701
f 686//1702 1509//1702 687//1702
f 687//1703 1509//1703 341//1703
f 687//1703 341//1703 689//1703
f 623//1681 621//1681 660//1681
f 660//1681 621//1681 686//1681
f 595//1704 594//1704 702//1704
f 702//1704 594//1704 746//1704
f 746//1705 594//1705 1379//1705
f 746//1706 1379//1706 745//1706
f 745//1707 1379//1707 285//1707
f 745//1707 285//1707 743//1707
f 275//1708 734//1708 277//1708
f 277//1709 734//1709 732//1709
f 277//1710 732//1710 278//1710
f 278//1711 732//1711 731//1711
f 278//1712 731//1712 281//1712
f 281//1713 731//1713 741//1713
f 281//1714 741//1714 285//1714
f 285//1715 741//1715 743//1715
f 252//1716 254//1716 464//1716
f 464//1717 254//1717 707//1717
f 464//1718 707//1718 473//1718
f 473//1719 707//1719 728//1719
f 1438//1720 1182//1720 710//1720
f 710//1721 736//1721 1438//1721
f 1438//1722 736//1722 735//1722
f 1438//1723 735//1723 1440//1723
f 1440//1724 735//1724 734//1724
f 1440//1725 734//1725 275//1725
f 723//1726 131//1726 1404//1726
f 723//1727 1404//1727 724//1727
f 724//1728 1404//1728 1402//1728
f 724//1729 1402//1729 726//1729
f 726//1730 1402//1730 473//1730
f 726//1731 473//1731 728//1731
f 129//788 715//788 1182//788
f 1182//788 715//788 710//788
f 715//1732 129//1732 723//1732
f 723//1732 129//1732 131//1732
f 1567//2 599//2 1568//2
f 1568//2 599//2 601//2
f 1569//2 611//2 1570//2
f 1570//2 611//2 613//2
f 1571//1733 1572//1733 1245//1733
f 1245//1734 1572//1734 1243//1734
f 1243//1735 1572//1735 1573//1735
f 1243//1736 1573//1736 1241//1736
f 1082//1737 1081//1737 1573//1737
f 1573//1738 1081//1738 1212//1738
f 1212//1739 1237//1739 1573//1739
f 1573//1740 1237//1740 1239//1740
f 1573//1741 1239//1741 1241//1741
f 1245//1742 1247//1742 1571//1742
f 1571//1743 1247//1743 609//1743
f 1571//1744 609//1744 1574//1744
f 1574//1745 609//1745 610//1745
f 1574//1746 610//1746 1575//1746
f 1575//1747 610//1747 611//1747
f 1575//1748 611//1748 1569//1748
f 307//1749 309//1749 1211//1749
f 1211//1750 309//1750 1576//1750
f 1211//1751 1576//1751 1238//1751
f 1238//1752 1576//1752 1240//1752
f 1568//1753 601//1753 1577//1753
f 1577//1754 601//1754 603//1754
f 1577//1755 603//1755 1578//1755
f 1578//1756 603//1756 605//1756
f 1578//1757 605//1757 1579//1757
f 1579//1758 605//1758 1246//1758
f 1579//1759 1246//1759 1580//1759
f 1580//1760 1246//1760 1244//1760
f 1580//1761 1244//1761 1576//1761
f 1576//1762 1244//1762 1242//1762
f 1576//1763 1242//1763 1240//1763
f 1103//1764 113//1764 1581//1764
f 1581//1765 113//1765 103//1765
f 1581//1766 103//1766 1582//1766
f 1582//1767 103//1767 1583//1767
f 1583//1768 103//1768 105//1768
f 1583//1769 105//1769 1584//1769
f 1584//1770 105//1770 1585//1770
f 1585//1771 105//1771 106//1771
f 1585//1772 106//1772 1117//1772
f 257//1773 111//1773 1586//1773
f 1586//1774 111//1774 110//1774
f 1586//1775 110//1775 1587//1775
f 1587//1776 110//1776 1588//1776
f 1588//1777 110//1777 108//1777
f 1588//1778 108//1778 1589//1778
f 1589//1779 108//1779 1590//1779
f 1590//1780 108//1780 107//1780
f 1590//1781 107//1781 1094//1781
f 599//1782 1567//1782 1591//1782
f 599//1783 1591//1783 617//1783
f 617//1784 1591//1784 1592//1784
f 617//1785 1592//1785 618//1785
f 618//1786 1592//1786 1593//1786
f 618//1787 1593//1787 619//1787
f 619//1788 1593//1788 749//1788
f 619//1789 749//1789 600//1789
f 596//1790 758//1790 1594//1790
f 596//1790 1594//1790 597//1790
f 597//1791 1594//1791 1595//1791
f 597//1791 1595//1791 598//1791
f 598//1792 1595//1792 1570//1792
f 598//1792 1570//1792 613//1792
f 1116//1793 630//1793 631//1793
f 1116//1793 631//1793 1596//1793
f 1596//1794 631//1794 627//1794
f 1596//1794 627//1794 1597//1794
f 1597//1795 627//1795 626//1795
f 1597//1795 626//1795 752//1795
f 755//1796 243//1796 249//1796
f 755//1796 249//1796 1598//1796
f 1598//1797 249//1797 250//1797
f 1598//1797 250//1797 1599//1797
f 1599//1798 250//1798 251//1798
f 1599//1798 251//1798 258//1798
f 757//1799 756//1799 703//1799
f 703//1799 756//1799 701//1799
f 705//1800 704//1800 753//1800
f 753//1800 704//1800 754//1800
f 751//1801 750//1801 658//1801
f 658//1801 750//1801 659//1801
f 662//1802 661//1802 747//1802
f 747//1802 661//1802 748//1802
f 417//1803 90//1803 419//1803
f 419//1804 90//1804 101//1804
f 419//1805 101//1805 421//1805
f 421//1806 101//1806 100//1806
f 421//1807 100//1807 423//1807
f 423//1808 100//1808 99//1808
f 423//1809 99//1809 425//1809
f 425//1810 99//1810 45//1810
f 425//1811 45//1811 427//1811
f 427//1812 45//1812 44//1812
f 427//1813 44//1813 429//1813
f 429//1814 44//1814 42//1814
f 429//1815 42//1815 431//1815
f 431//1816 42//1816 41//1816
f 431//1817 41//1817 433//1817
f 433//1818 41//1818 48//1818
f 433//1819 48//1819 435//1819
f 435//1820 48//1820 68//1820
f 435//1821 68//1821 437//1821
f 437//1822 68//1822 32//1822
f 437//1823 32//1823 1600//1823
f 1600//1824 32//1824 31//1824
f 1600//1825 31//1825 417//1825
f 417//1826 31//1826 90//1826
f 39//1827 83//1827 387//1827
f 373//1828 27//1828 390//1828
f 390//1829 27//1829 26//1829
f 387//1830 389//1830 39//1830
f 39//1831 389//1831 413//1831
f 39//1832 413//1832 40//1832
f 408//1833 78//1833 52//1833
f 413//1834 412//1834 40//1834
f 40//1835 412//1835 411//1835
f 40//1836 411//1836 52//1836
f 52//1837 411//1837 409//1837
f 52//1838 409//1838 408//1838
f 408//1839 406//1839 78//1839
f 78//1840 406//1840 405//1840
f 78//1841 405//1841 79//1841
f 79//1842 405//1842 403//1842
f 79//1843 403//1843 80//1843
f 403//1844 402//1844 80//1844
f 80//1845 402//1845 400//1845
f 80//1846 400//1846 70//1846
f 400//1847 399//1847 70//1847
f 70//1848 399//1848 397//1848
f 70//1849 397//1849 69//1849
f 397//1850 396//1850 69//1850
f 69//1851 396//1851 394//1851
f 69//1852 394//1852 50//1852
f 50//1852 394//1852 393//1852
f 50//1853 393//1853 26//1853
f 26//1854 393//1854 391//1854
f 26//1855 391//1855 390//1855
f 1454//1856 379//1856 378//1856
f 1454//1857 378//1857 1456//1857
f 1453//1858 27//1858 373//1858
f 373//1859 372//1859 1453//1859
f 1453//1860 372//1860 381//1860
f 1453//1861 381//1861 1454//1861
f 1454//1862 381//1862 380//1862
f 1454//1863 380//1863 379//1863
f 378//1864 377//1864 1456//1864
f 1456//1865 377//1865 375//1865
f 1456//1866 375//1866 1457//1866
f 1457//1867 375//1867 386//1867
f 1457//1868 386//1868 1462//1868
f 1462//1869 386//1869 385//1869
f 1462//1870 385//1870 1464//1870
f 1464//1871 385//1871 383//1871
f 1464//1872 383//1872 83//1872
f 83//1873 383//1873 382//1873
f 83//1874 382//1874 387//1874
f 350//1875 46//1875 352//1875
f 352//1876 46//1876 43//1876
f 352//1877 43//1877 354//1877
f 354//1878 43//1878 34//1878
f 354//1879 34//1879 356//1879
f 356//1880 34//1880 36//1880
f 356//1881 36//1881 358//1881
f 358//1882 36//1882 77//1882
f 358//1883 77//1883 360//1883
f 360//1884 77//1884 58//1884
f 360//1885 58//1885 362//1885
f 362//1886 58//1886 57//1886
f 362//1887 57//1887 364//1887
f 364//1888 57//1888 74//1888
f 364//1889 74//1889 366//1889
f 366//1890 74//1890 72//1890
f 366//1891 72//1891 368//1891
f 368//1892 72//1892 51//1892
f 368//1893 51//1893 370//1893
f 370//1894 51//1894 49//1894
f 370//1895 49//1895 1601//1895
f 1601//1896 49//1896 47//1896
f 1601//1897 47//1897 350//1897
f 350//1898 47//1898 46//1898
f 441//1899 65//1899 443//1899
f 443//1900 65//1900 64//1900
f 443//1901 64//1901 1602//1901
f 1602//1902 64//1902 1603//1902
f 1602//1903 1603//1903 447//1903
f 447//1904 1603//1904 60//1904
f 447//1905 60//1905 449//1905
f 449//1906 60//1906 59//1906
f 449//1907 59//1907 451//1907
f 451//1908 59//1908 30//1908
f 451//1909 30//1909 453//1909
f 453//1910 30//1910 37//1910
f 453//1911 37//1911 455//1911
f 455//1912 37//1912 35//1912
f 455//1913 35//1913 1604//1913
f 1604//1914 35//1914 1605//1914
f 1604//1915 1605//1915 459//1915
f 459//1916 1605//1916 54//1916
f 459//1917 54//1917 461//1917
f 461//1918 54//1918 53//1918
f 461//1919 53//1919 439//1919
f 439//1920 53//1920 66//1920
f 439//1921 66//1921 441//1921
f 441//1922 66//1922 65//1922
f 1210//1923 128//1923 127//1923
f 1210//1924 127//1924 1606//1924
f 1606//1925 127//1925 126//1925
f 1606//1926 126//1926 1607//1926
f 1607//1927 126//1927 112//1927
f 1607//1928 112//1928 1608//1928
f 1608//1929 112//1929 71//1929
f 1608//1930 71//1930 1134//1930
f 1609//1931 1610//1931 1611//1931
f 1612//1932 1613//1932 1210//1932
f 1612//1933 1210//1933 1606//1933
f 1614//1934 1615//1934 1613//1934
f 1613//1935 1615//1935 1210//1935
f 1610//1936 1614//1936 1611//1936
f 1611//1937 1614//1937 1613//1937
f 1611//1938 1613//1938 1616//1938
f 1616//1938 1613//1938 1612//1938
f 1616//1939 1612//1939 1607//1939
f 1607//1940 1612//1940 1606//1940
f 1617//1941 1609//1941 1618//1941
f 1618//1942 1609//1942 1611//1942
f 1618//1943 1611//1943 1619//1943
f 1619//1944 1611//1944 1616//1944
f 1619//1945 1616//1945 1608//1945
f 1608//1946 1616//1946 1607//1946
f 628//1947 1617//1947 1275//1947
f 1275//1948 1617//1948 1618//1948
f 1275//1949 1618//1949 1273//1949
f 1273//1950 1618//1950 1619//1950
f 1273//1951 1619//1951 1134//1951
f 1134//1952 1619//1952 1608//1952
f 628//1953 629//1953 1617//1953
f 1617//1954 629//1954 1113//1954
f 1617//1955 1113//1955 1609//1955
f 1609//1956 1113//1956 1610//1956
f 1610//1957 1113//1957 1112//1957
f 1610//1958 1112//1958 1614//1958
f 1614//1959 1112//1959 1615//1959
f 1615//1960 1112//1960 1109//1960
f 1615//1961 1109//1961 1210//1961
f 17//1962 22//1962 1495//1962
f 1495//1963 1496//1963 17//1963
f 17//1964 1496//1964 1503//1964
f 17//1965 1503//1965 1620//1965
f 1620//1966 1503//1966 1621//1966
f 1621//1967 1503//1967 1622//1967
f 1622//1968 1503//1968 1502//1968
f 1622//1969 1502//1969 1501//1969
f 1499//1970 1498//1970 1623//1970
f 1501//1971 1500//1971 1622//1971
f 1622//1972 1500//1972 1499//1972
f 1622//1973 1499//1973 1624//1973
f 1624//1974 1499//1974 1623//1974
f 1498//1975 1497//1975 1623//1975
f 1623//1976 1497//1976 1504//1976
f 1623//1977 1504//1977 1625//1977
f 1625//1978 1504//1978 1209//1978
f 1625//1979 1209//1979 1208//1979
f 1401//1980 1400//1980 1626//1980
f 246//1981 1401//1981 1627//1981
f 246//1982 1627//1982 1628//1982
f 1628//1983 1627//1983 1629//1983
f 1628//1984 1629//1984 1630//1984
f 1624//1985 1631//1985 1622//1985
f 1622//1986 1631//1986 1632//1986
f 1622//1987 1632//1987 1621//1987
f 1621//1988 1632//1988 1626//1988
f 1621//1989 1626//1989 1620//1989
f 1620//1990 1626//1990 1400//1990
f 1620//1991 1400//1991 17//1991
f 1401//1992 1626//1992 1627//1992
f 1627//1993 1626//1993 1632//1993
f 1627//1993 1632//1993 1629//1993
f 1629//1994 1632//1994 1631//1994
f 1629//1994 1631//1994 1633//1994
f 1208//1995 1634//1995 1635//1995
f 1635//1996 1634//1996 1633//1996
f 1635//1997 1633//1997 1636//1997
f 1636//1997 1633//1997 1631//1997
f 1636//1998 1631//1998 1623//1998
f 1623//1999 1631//1999 1624//1999
f 1634//2000 1637//2000 1633//2000
f 1633//2001 1637//2001 1638//2001
f 1633//2002 1638//2002 1629//2002
f 1629//2003 1638//2003 1639//2003
f 1629//2004 1639//2004 1630//2004
f 1636//2005 1208//2005 1635//2005
f 1623//2006 1625//2006 1636//2006
f 1636//2007 1625//2007 1208//2007
f 1208//2008 260//2008 1634//2008
f 1634//2009 260//2009 259//2009
f 270//2010 1638//2010 259//2010
f 259//2011 1638//2011 1637//2011
f 259//2012 1637//2012 1634//2012
f 246//2013 1628//2013 247//2013
f 247//2014 1628//2014 1630//2014
f 247//2015 1630//2015 270//2015
f 270//2016 1630//2016 1639//2016
f 270//2017 1639//2017 1638//2017
f 704//2018 706//2018 754//2018
f 754//2019 706//2019 245//2019
f 754//2020 245//2020 244//2020
f 702//2021 701//2021 595//2021
f 595//2022 701//2022 756//2022
f 595//2023 756//2023 612//2023
f 660//2024 659//2024 623//2024
f 623//2025 659//2025 750//2025
f 623//2026 750//2026 625//2026
f 661//2027 663//2027 748//2027
f 748//2028 663//2028 604//2028
f 748//2023 604//2023 602//2023
f 752//815 751//815 568//815
f 568//815 751//815 658//815
f 568//815 658//815 570//815
f 567//2029 1116//2029 1596//2029
f 567//2030 1596//2030 565//2030
f 565//2031 1596//2031 1597//2031
f 565//2032 1597//2032 566//2032
f 566//2033 1597//2033 752//2033
f 566//2034 752//2034 568//2034
f 569//2035 1117//2035 567//2035
f 567//2035 1117//2035 1116//2035
f 563//2036 587//2036 1103//2036
f 1103//2037 1581//2037 563//2037
f 563//2038 1581//2038 1582//2038
f 563//2039 1582//2039 564//2039
f 564//2040 1582//2040 1583//2040
f 564//2041 1583//2041 571//2041
f 1117//2042 569//2042 1585//2042
f 1585//2043 569//2043 571//2043
f 1585//2044 571//2044 1584//2044
f 1584//2045 571//2045 1583//2045
f 589//2046 1094//2046 1095//2046
f 589//2047 1095//2047 591//2047
f 591//2048 1095//2048 1096//2048
f 591//2049 1096//2049 592//2049
f 592//2050 1096//2050 1097//2050
f 592//2051 1097//2051 573//2051
f 573//2052 1097//2052 1098//2052
f 573//2053 1098//2053 575//2053
f 575//2054 1098//2054 1099//2054
f 575//2054 1099//2054 581//2054
f 581//2055 1099//2055 1100//2055
f 581//2056 1100//2056 582//2056
f 582//2057 1100//2057 1101//2057
f 582//2058 1101//2058 584//2058
f 584//2059 1101//2059 1102//2059
f 584//2060 1102//2060 586//2060
f 586//2061 1102//2061 1103//2061
f 586//2062 1103//2062 587//2062
f 536//2063 483//2063 257//2063
f 257//2064 1586//2064 536//2064
f 536//2065 1586//2065 1587//2065
f 536//2066 1587//2066 522//2066
f 522//2067 1587//2067 1588//2067
f 522//2068 1588//2068 588//2068
f 1094//2069 589//2069 1590//2069
f 1590//2070 589//2070 588//2070
f 1590//2071 588//2071 1589//2071
f 1589//2072 588//2072 1588//2072
f 484//2035 258//2035 483//2035
f 483//2035 258//2035 257//2035
f 478//2073 755//2073 1598//2073
f 478//2074 1598//2074 479//2074
f 479//2075 1598//2075 1599//2075
f 479//2076 1599//2076 480//2076
f 480//2077 1599//2077 258//2077
f 480//2078 258//2078 484//2078
f 753//785 755//785 705//785
f 705//785 755//785 478//785
f 705//785 478//785 482//785
f 299//2079 298//2079 490//2079
f 490//2080 492//2080 299//2080
f 299//2081 492//2081 494//2081
f 299//2082 494//2082 302//2082
f 302//2083 494//2083 553//2083
f 302//2084 553//2084 300//2084
f 300//2085 553//2085 555//2085
f 300//2086 555//2086 304//2086
f 304//2087 555//2087 557//2087
f 304//2088 557//2088 309//2088
f 561//2089 503//2089 1568//2089
f 1568//2090 1577//2090 561//2090
f 561//2091 1577//2091 1578//2091
f 561//2092 1578//2092 560//2092
f 560//2093 1578//2093 1579//2093
f 560//2094 1579//2094 559//2094
f 309//2095 557//2095 1576//2095
f 1576//2096 557//2096 559//2096
f 1576//2097 559//2097 1580//2097
f 1580//2098 559//2098 1579//2098
f 501//2099 1567//2099 503//2099
f 503//2099 1567//2099 1568//2099
f 500//2100 749//2100 1593//2100
f 500//2101 1593//2101 498//2101
f 498//2102 1593//2102 1592//2102
f 498//2103 1592//2103 499//2103
f 1592//2104 1591//2104 499//2104
f 499//2105 1591//2105 1567//2105
f 499//2106 1567//2106 501//2106
f 747//815 749//815 662//815
f 662//815 749//815 500//815
f 662//815 500//815 502//815
f 505//2107 508//2107 1092//2107
f 1092//2108 1090//2108 505//2108
f 505//2109 1090//2109 1088//2109
f 505//2110 1088//2110 495//2110
f 495//2111 1088//2111 1079//2111
f 495//2112 1079//2112 526//2112
f 526//2113 1079//2113 1083//2113
f 526//2114 1083//2114 528//2114
f 528//2115 1083//2115 1082//2115
f 528//2116 1082//2116 539//2116
f 540//2117 539//2117 1082//2117
f 1082//2118 1573//2118 540//2118
f 540//2119 1573//2119 1572//2119
f 540//2120 1572//2120 541//2120
f 541//2121 1572//2121 1571//2121
f 541//2122 1571//2122 542//2122
f 1569//2123 543//2123 1575//2123
f 1575//2124 543//2124 542//2124
f 1575//2125 542//2125 1574//2125
f 1574//2126 542//2126 1571//2126
f 1570//2099 487//2099 1569//2099
f 1569//2099 487//2099 543//2099
f 487//2127 1570//2127 1595//2127
f 487//2128 1595//2128 485//2128
f 485//2129 1595//2129 1594//2129
f 485//2130 1594//2130 486//2130
f 486//2131 1594//2131 758//2131
f 486//2132 758//2132 488//2132
f 758//785 757//785 488//785
f 488//785 757//785 703//785
f 488//785 703//785 489//785
f 1640//5 1641//5 482//5
f 482//5 1641//5 1642//5
f 1643//1 1644//1 1645//1
f 1646//1 1647//1 1648//1
f 1649//1 1650//1 1651//1
f 1652//1 1653//1 1654//1
f 1655//1 1656//1 1657//1
f 1657//1 1656//1 1658//1
f 1657//1 1658//1 1659//1
f 1653//1 1652//1 1660//1
f 1658//1 1661//1 1659//1
f 1659//1 1661//1 1662//1
f 1659//1 1662//1 1663//1
f 1663//1 1662//1 1664//1
f 1665//1 1666//1 1667//1
f 1666//1 1668//1 1667//1
f 1667//1 1668//1 1669//1
f 1667//1 1669//1 1670//1
f 1671//1 1672//1 1673//1
f 1649//1 1674//1 1672//1
f 1672//1 1674//1 1675//1
f 1672//1 1675//1 1673//1
f 1651//1 1676//1 1677//1
f 1677//1 1678//1 1651//1
f 1651//1 1678//1 1679//1
f 1651//1 1679//1 1649//1
f 1649//1 1679//1 1680//1
f 1649//1 1680//1 1674//1
f 1681//1 1682//1 1683//1
f 1683//1 1682//1 1684//1
f 1683//1 1684//1 1676//1
f 1676//1 1684//1 1685//1
f 1676//1 1685//1 1677//1
f 1686//1 1687//1 1688//1
f 1673//1 1689//1 1671//1
f 1671//1 1689//1 1690//1
f 1671//1 1690//1 1691//1
f 1691//1 1690//1 1681//1
f 1691//1 1681//1 1692//1
f 1692//1 1681//1 1683//1
f 1692//1 1683//1 1693//1
f 1693//1 1683//1 1694//1
f 1695//1 1696//1 1697//1
f 1697//1 1696//1 1687//1
f 1697//1 1687//1 1698//1
f 1699//1 1700//1 1648//1
f 1700//1 1701//1 1648//1
f 1648//1 1701//1 1702//1
f 1648//1 1702//1 1646//1
f 1646//1 1702//1 1703//1
f 1646//1 1703//1 1704//1
f 1704//1 1703//1 1705//1
f 1704//1 1705//1 1706//1
f 1706//1 1705//1 1707//1
f 1706//1 1707//1 1708//1
f 1709//1 1710//1 1711//1
f 1711//1 1710//1 1699//1
f 1711//1 1699//1 1712//1
f 1712//1 1699//1 1648//1
f 1713//1 1714//1 1715//1
f 1715//1 1714//1 1716//1
f 1717//1 1718//1 1719//1
f 1719//1 1718//1 1720//1
f 1719//1 1720//1 1716//1
f 1716//1 1720//1 1721//1
f 1716//1 1721//1 1715//1
f 1722//1 1723//1 1724//1
f 1724//1 1723//1 1725//1
f 1724//1 1725//1 1726//1
f 1726//1 1725//1 1727//1
f 1728//1 1729//1 1730//1
f 1730//1 1729//1 1731//1
f 1720//1 1732//1 1721//1
f 1721//1 1732//1 1733//1
f 1721//1 1733//1 1734//1
f 1734//1 1733//1 1735//1
f 1734//1 1735//1 1722//1
f 1722//1 1735//1 1736//1
f 1722//1 1736//1 1723//1
f 1661//1 1737//1 1662//1
f 1662//1 1737//1 1738//1
f 1662//1 1738//1 1739//1
f 1738//1 1740//1 1739//1
f 1739//1 1740//1 1741//1
f 1739//1 1741//1 1742//1
f 1743//1 1744//1 1745//1
f 1745//1 1746//1 1743//1
f 1743//1 1746//1 1747//1
f 1743//1 1747//1 1655//1
f 1655//1 1747//1 1748//1
f 1655//1 1748//1 1656//1
f 1749//1 1750//1 1751//1
f 1751//1 1750//1 1645//1
f 1751//1 1645//1 1752//1
f 1660//1 1753//1 1653//1
f 1653//1 1753//1 1754//1
f 1653//1 1754//1 1654//1
f 1654//1 1754//1 1755//1
f 1654//1 1755//1 1756//1
f 1756//1 1755//1 1757//1
f 1756//1 1757//1 1758//1
f 1758//1 1757//1 1759//1
f 1758//1 1759//1 1760//1
f 1760//1 1759//1 1761//1
f 1760//1 1761//1 1762//1
f 1762//1 1761//1 1763//1
f 1762//1 1763//1 1670//1
f 1670//1 1763//1 1764//1
f 1670//1 1764//1 1667//1
f 1667//1 1764//1 1765//1
f 1667//1 1765//1 1645//1
f 1645//1 1765//1 1766//1
f 1645//1 1766//1 1752//1
f 1714//1 1767//1 1768//1
f 1769//1 1770//1 1771//1
f 1714//1 1768//1 1716//1
f 1716//1 1768//1 1772//1
f 1716//1 1772//1 1719//1
f 1719//1 1772//1 1773//1
f 1719//1 1773//1 1774//1
f 1775//1 1776//1 1730//1
f 1770//1 1777//1 1771//1
f 1771//1 1777//1 1778//1
f 1771//1 1778//1 1779//1
f 1779//1 1778//1 1780//1
f 1779//1 1780//1 1781//1
f 1731//1 1717//1 1730//1
f 1730//1 1717//1 1719//1
f 1730//1 1719//1 1775//1
f 1775//1 1719//1 1774//1
f 1647//1 1782//1 1783//1
f 1708//1 1707//1 1784//1
f 1784//1 1707//1 1695//1
f 1784//1 1695//1 1785//1
f 1785//1 1695//1 1697//1
f 1785//1 1697//1 1786//1
f 1786//1 1697//1 1698//1
f 1786//1 1698//1 1787//1
f 1782//1 1788//1 1783//1
f 1783//1 1788//1 1789//1
f 1783//1 1789//1 1698//1
f 1698//1 1789//1 1790//1
f 1698//1 1790//1 1787//1
f 1791//1 1686//1 1683//1
f 1683//1 1686//1 1688//1
f 1683//1 1688//1 1694//1
f 1791//1 1792//1 1686//1
f 1686//1 1792//1 1793//1
f 1686//1 1793//1 1794//1
f 1795//1 1796//1 1676//1
f 1676//1 1796//1 1797//1
f 1676//1 1797//1 1683//1
f 1683//1 1797//1 1798//1
f 1683//1 1798//1 1791//1
f 1795//1 1676//1 1799//1
f 1799//1 1676//1 1651//1
f 1799//1 1651//1 1800//1
f 1643//1 1645//1 1801//1
f 1801//1 1645//1 1750//1
f 1801//1 1750//1 1802//1
f 1802//1 1750//1 1803//1
f 1802//1 1803//1 1804//1
f 1805//1 1806//1 1807//1
f 1794//1 1808//1 1686//1
f 1686//1 1808//1 1809//1
f 1686//1 1809//1 1807//1
f 1807//1 1809//1 1810//1
f 1807//1 1810//1 1805//1
f 1805//1 1811//1 1806//1
f 1806//1 1811//1 1812//1
f 1806//1 1812//1 1813//1
f 1813//1 1814//1 1806//1
f 1806//1 1814//1 1815//1
f 1806//1 1815//1 1816//1
f 1816//1 1815//1 1817//1
f 1816//1 1817//1 1803//1
f 1803//1 1817//1 1818//1
f 1803//1 1818//1 1804//1
f 1819//1 1734//1 1820//1
f 1820//1 1734//1 1722//1
f 1820//1 1722//1 1821//1
f 1821//1 1722//1 1724//1
f 1821//1 1724//1 1822//1
f 1822//1 1724//1 1726//1
f 1822//1 1726//1 1823//1
f 1823//1 1726//1 1743//1
f 1823//1 1743//1 1824//1
f 1824//1 1743//1 1655//1
f 1824//1 1655//1 1825//1
f 1825//1 1655//1 1657//1
f 1727//1 1728//1 1726//1
f 1726//1 1728//1 1730//1
f 1726//1 1730//1 1743//1
f 1743//1 1730//1 1739//1
f 1743//1 1739//1 1744//1
f 1744//1 1739//1 1742//1
f 1776//1 1769//1 1730//1
f 1730//1 1769//1 1771//1
f 1730//1 1771//1 1739//1
f 1739//1 1771//1 1826//1
f 1739//1 1826//1 1662//1
f 1662//1 1826//1 1660//1
f 1662//1 1660//1 1664//1
f 1664//1 1660//1 1652//1
f 1779//1 1806//1 1771//1
f 1771//1 1806//1 1816//1
f 1771//1 1816//1 1826//1
f 1826//1 1816//1 1803//1
f 1826//1 1803//1 1660//1
f 1660//1 1803//1 1750//1
f 1660//1 1750//1 1753//1
f 1753//1 1750//1 1749//1
f 1647//1 1783//1 1648//1
f 1648//1 1783//1 1827//1
f 1648//1 1827//1 1712//1
f 1712//1 1827//1 1714//1
f 1712//1 1714//1 1711//1
f 1711//1 1714//1 1713//1
f 1711//1 1713//1 1709//1
f 1644//1 1800//1 1645//1
f 1645//1 1800//1 1651//1
f 1645//1 1651//1 1667//1
f 1667//1 1651//1 1650//1
f 1667//1 1650//1 1665//1
f 1665//1 1650//1 1649//1
f 1687//1 1686//1 1698//1
f 1698//1 1686//1 1807//1
f 1698//1 1807//1 1783//1
f 1783//1 1807//1 1806//1
f 1783//1 1806//1 1827//1
f 1827//1 1806//1 1779//1
f 1827//1 1779//1 1714//1
f 1714//1 1779//1 1781//1
f 1714//1 1781//1 1767//1
f 489//2 1828//2 1829//2
f 1829//2 1828//2 1830//2
f 1831//21 1832//21 1833//21
f 1834//21 1835//21 1836//21
f 1837//21 1838//21 1839//21
f 1838//21 1840//21 1841//21
f 1842//21 1839//21 1843//21
f 1843//21 1839//21 1838//21
f 1843//21 1838//21 1844//21
f 1844//21 1838//21 1841//21
f 1845//21 1846//21 1847//21
f 1847//21 1848//21 1849//21
f 1849//21 1848//21 1850//21
f 1851//21 1852//21 1853//21
f 1853//21 1852//21 1854//21
f 1853//21 1854//21 1840//21
f 1840//21 1854//21 1855//21
f 1840//21 1855//21 1841//21
f 1856//21 1857//21 1858//21
f 1859//21 1860//21 1861//21
f 1861//21 1860//21 1862//21
f 1861//21 1862//21 1863//21
f 1863//21 1862//21 1864//21
f 1863//21 1864//21 1865//21
f 1865//21 1864//21 1866//21
f 1866//21 1864//21 1867//21
f 1866//21 1867//21 1868//21
f 1868//21 1867//21 1869//21
f 1868//21 1869//21 1870//21
f 1871//21 1872//21 1873//21
f 1873//21 1872//21 1874//21
f 1875//21 1876//21 1877//21
f 1877//21 1876//21 1878//21
f 1877//21 1878//21 1839//21
f 1839//21 1878//21 1879//21
f 1839//21 1879//21 1837//21
f 1875//21 1877//21 1880//21
f 1880//21 1877//21 1881//21
f 1880//21 1881//21 1882//21
f 1882//21 1881//21 1883//21
f 1883//21 1881//21 1884//21
f 1883//21 1884//21 1885//21
f 1886//21 1887//21 1888//21
f 1886//21 1888//21 1834//21
f 1888//21 1889//21 1834//21
f 1834//21 1889//21 1890//21
f 1834//21 1890//21 1835//21
f 1835//21 1890//21 1891//21
f 1891//21 1892//21 1835//21
f 1835//21 1892//21 1893//21
f 1835//21 1893//21 1884//21
f 1893//21 1894//21 1884//21
f 1884//21 1894//21 1895//21
f 1884//21 1895//21 1896//21
f 1896//21 1897//21 1884//21
f 1884//21 1897//21 1898//21
f 1884//21 1898//21 1885//21
f 1887//21 1886//21 1899//21
f 1899//21 1886//21 1900//21
f 1899//21 1900//21 1897//21
f 1897//21 1900//21 1901//21
f 1897//21 1901//21 1898//21
f 1902//21 1903//21 1836//21
f 1904//21 1905//21 1906//21
f 1906//21 1905//21 1907//21
f 1906//21 1907//21 1908//21
f 1908//21 1907//21 1909//21
f 1910//21 1911//21 1912//21
f 1913//21 1914//21 1907//21
f 1907//21 1914//21 1915//21
f 1907//21 1915//21 1909//21
f 1909//21 1915//21 1916//21
f 1909//21 1916//21 1917//21
f 1917//21 1916//21 1918//21
f 1917//21 1918//21 1919//21
f 1919//21 1918//21 1920//21
f 1919//21 1920//21 1921//21
f 1921//21 1920//21 1922//21
f 1921//21 1922//21 1923//21
f 1924//21 1925//21 1926//21
f 1927//21 1928//21 1921//21
f 1929//21 1930//21 1931//21
f 1931//21 1932//21 1929//21
f 1929//21 1932//21 1933//21
f 1929//21 1933//21 1927//21
f 1927//21 1933//21 1934//21
f 1927//21 1934//21 1928//21
f 1935//21 1929//21 1936//21
f 1936//21 1929//21 1937//21
f 1936//21 1937//21 1938//21
f 1939//21 1940//21 1941//21
f 1941//21 1940//21 1942//21
f 1941//21 1942//21 1943//21
f 1935//21 1944//21 1929//21
f 1929//21 1944//21 1945//21
f 1929//21 1945//21 1930//21
f 1930//21 1945//21 1946//21
f 1943//21 1942//21 1947//21
f 1947//21 1942//21 1948//21
f 1947//21 1948//21 1946//21
f 1946//21 1948//21 1949//21
f 1946//21 1949//21 1930//21
f 1938//21 1937//21 1950//21
f 1950//21 1937//21 1951//21
f 1950//21 1951//21 1952//21
f 1939//21 1952//21 1940//21
f 1940//21 1952//21 1951//21
f 1940//21 1951//21 1953//21
f 1953//21 1951//21 1954//21
f 1954//21 1951//21 1955//21
f 1955//21 1951//21 1869//21
f 1955//21 1869//21 1956//21
f 1956//21 1869//21 1867//21
f 1956//21 1867//21 1957//21
f 1849//21 1958//21 1959//21
f 1847//21 1849//21 1845//21
f 1845//21 1849//21 1959//21
f 1845//21 1959//21 1960//21
f 1960//21 1961//21 1845//21
f 1845//21 1961//21 1962//21
f 1845//21 1962//21 1963//21
f 1963//21 1962//21 1964//21
f 1963//21 1964//21 1965//21
f 1958//21 1849//21 1966//21
f 1966//21 1849//21 1858//21
f 1966//21 1858//21 1967//21
f 1967//21 1858//21 1968//21
f 1967//21 1968//21 1969//21
f 1970//21 1971//21 1972//21
f 1972//21 1971//21 1973//21
f 1974//21 1975//21 1976//21
f 1977//21 1978//21 1974//21
f 1975//21 1979//21 1976//21
f 1976//21 1979//21 1980//21
f 1976//21 1980//21 1970//21
f 1981//21 1982//21 1983//21
f 1983//21 1982//21 1984//21
f 1983//21 1985//21 1978//21
f 1984//21 1986//21 1983//21
f 1983//21 1986//21 1987//21
f 1983//21 1987//21 1985//21
f 1988//21 1912//21 1907//21
f 1907//21 1912//21 1911//21
f 1907//21 1911//21 1913//21
f 1988//21 1989//21 1912//21
f 1912//21 1989//21 1990//21
f 1912//21 1990//21 1991//21
f 1991//21 1992//21 1912//21
f 1912//21 1992//21 1993//21
f 1912//21 1993//21 1981//21
f 1981//21 1993//21 1994//21
f 1981//21 1994//21 1982//21
f 1995//21 1996//21 1905//21
f 1905//21 1996//21 1997//21
f 1997//21 1998//21 1905//21
f 1905//21 1998//21 1999//21
f 1905//21 1999//21 1907//21
f 1907//21 1999//21 2000//21
f 1907//21 2000//21 1988//21
f 1971//21 2001//21 1973//21
f 1973//21 2001//21 1995//21
f 1973//21 1995//21 1902//21
f 1902//21 1995//21 1905//21
f 1902//21 1905//21 1903//21
f 1903//21 1905//21 1904//21
f 2002//21 1957//21 2003//21
f 2003//21 1957//21 1867//21
f 2003//21 1867//21 2004//21
f 2004//21 1867//21 1864//21
f 2004//21 1864//21 2005//21
f 2005//21 1864//21 1862//21
f 2005//21 1862//21 2006//21
f 2006//21 1862//21 1860//21
f 2006//21 1860//21 2007//21
f 2007//21 1860//21 1853//21
f 2007//21 1853//21 2008//21
f 2008//21 1853//21 1840//21
f 2008//21 1840//21 2009//21
f 2009//21 1840//21 1838//21
f 2009//21 1838//21 2010//21
f 2010//21 1838//21 1837//21
f 1859//21 1856//21 1860//21
f 1860//21 1856//21 1858//21
f 1860//21 1858//21 1853//21
f 1853//21 1858//21 1849//21
f 1853//21 1849//21 1851//21
f 1851//21 1849//21 1850//21
f 1970//21 1972//21 1976//21
f 1976//21 1972//21 1963//21
f 1976//21 1963//21 1833//21
f 1833//21 1963//21 1965//21
f 1833//21 1965//21 1831//21
f 1974//21 1976//21 1977//21
f 1977//21 1976//21 1833//21
f 1977//21 1833//21 1968//21
f 1968//21 1833//21 1832//21
f 1968//21 1832//21 1969//21
f 1978//21 1977//21 1983//21
f 1983//21 1977//21 1968//21
f 1983//21 1968//21 2011//21
f 2011//21 1968//21 1858//21
f 2011//21 1858//21 1873//21
f 1873//21 1858//21 1857//21
f 1873//21 1857//21 1871//21
f 1836//21 1835//21 1902//21
f 1902//21 1835//21 1884//21
f 1902//21 1884//21 1973//21
f 1973//21 1884//21 1881//21
f 1973//21 1881//21 1972//21
f 1972//21 1881//21 1877//21
f 1972//21 1877//21 1963//21
f 1963//21 1877//21 1839//21
f 1963//21 1839//21 1845//21
f 1845//21 1839//21 1842//21
f 1845//21 1842//21 1846//21
f 1874//21 2012//21 1873//21
f 1873//21 2012//21 2013//21
f 1873//21 2013//21 2011//21
f 2011//21 2013//21 2014//21
f 2011//21 2014//21 1983//21
f 1983//21 2014//21 2015//21
f 1983//21 2015//21 1981//21
f 1981//21 2015//21 1924//21
f 1981//21 1924//21 1912//21
f 1912//21 1924//21 1926//21
f 1912//21 1926//21 1910//21
f 1923//21 1925//21 1921//21
f 1921//21 1925//21 1924//21
f 1921//21 1924//21 1927//21
f 1927//21 1924//21 2015//21
f 1927//21 2015//21 1929//21
f 1929//21 2015//21 2014//21
f 1929//21 2014//21 1937//21
f 1937//21 2014//21 2013//21
f 1937//21 2013//21 1951//21
f 1951//21 2013//21 2012//21
f 1951//21 2012//21 1869//21
f 1869//21 2012//21 1874//21
f 1869//21 1874//21 1870//21
f 2010//4 1828//4 489//4
f 1820//4 1821//4 2008//4
f 2008//4 2009//4 1820//4
f 1820//4 2009//4 2010//4
f 1820//4 2010//4 1819//4
f 1819//4 2010//4 489//4
f 1824//4 2004//4 1823//4
f 1823//4 2004//4 2005//4
f 1823//4 2005//4 2016//4
f 2016//4 2005//4 2017//4
f 2016//4 2017//4 1821//4
f 1821//4 2017//4 2007//4
f 1821//4 2007//4 2008//4
f 482//4 1642//4 1825//4
f 1825//4 1642//4 2002//4
f 1825//4 2002//4 1824//4
f 1824//4 2002//4 2003//4
f 1824//4 2003//4 2004//4
f 2018//2133 1842//2133 1843//2133
f 2018//2134 2019//2134 1842//2134
f 1842//2135 2019//2135 2020//2135
f 1842//2136 2020//2136 1846//2136
f 2020//2137 2021//2137 1846//2137
f 1846//2138 2021//2138 2022//2138
f 1846//2139 2022//2139 1847//2139
f 2022//2140 2023//2140 1847//2140
f 1847//2141 2023//2141 2024//2141
f 1847//2142 2024//2142 1848//2142
f 2024//2143 2025//2143 1848//2143
f 1848//2144 2025//2144 2026//2144
f 1848//2145 2026//2145 1850//2145
f 2026//2146 2027//2146 1850//2146
f 1850//2147 2027//2147 2028//2147
f 1850//2148 2028//2148 1851//2148
f 2028//2149 2029//2149 1851//2149
f 1851//2150 2029//2150 2030//2150
f 1851//2151 2030//2151 1852//2151
f 2030//2152 2031//2152 1852//2152
f 1852//2153 2031//2153 2032//2153
f 1852//2154 2032//2154 1854//2154
f 2032//2155 2033//2155 1854//2155
f 1854//2156 2033//2156 2034//2156
f 1854//2157 2034//2157 1855//2157
f 2034//2158 2035//2158 1855//2158
f 1855//2159 2035//2159 2036//2159
f 1855//2160 2036//2160 1841//2160
f 2036//2161 2037//2161 1841//2161
f 1841//2162 2037//2162 2038//2162
f 1841//2163 2038//2163 1844//2163
f 2038//2164 2039//2164 1844//2164
f 1844//2165 2039//2165 2040//2165
f 1844//2166 2040//2166 1843//2166
f 1843//2167 2040//2167 2041//2167
f 1843//2168 2041//2168 2018//2168
f 1736//2169 1735//2169 2039//2169
f 2039//2170 2038//2170 1736//2170
f 1736//2171 2038//2171 2037//2171
f 1736//2172 2037//2172 1723//2172
f 2037//2173 2036//2173 1723//2173
f 1723//2174 2036//2174 2035//2174
f 1723//2175 2035//2175 1725//2175
f 2035//2176 2034//2176 1725//2176
f 1725//2177 2034//2177 2033//2177
f 1725//2178 2033//2178 1727//2178
f 2033//2179 2032//2179 1727//2179
f 1727//2180 2032//2180 2031//2180
f 1727//2181 2031//2181 1728//2181
f 2031//2182 2030//2182 1728//2182
f 1728//2183 2030//2183 2029//2183
f 1728//2184 2029//2184 1729//2184
f 1729//2185 2029//2185 2028//2185
f 1729//2186 2028//2186 1731//2186
f 2028//2187 2027//2187 1731//2187
f 1731//2188 2027//2188 2026//2188
f 1731//2189 2026//2189 1717//2189
f 2026//2190 2025//2190 1717//2190
f 1717//2191 2025//2191 2024//2191
f 1717//2192 2024//2192 1718//2192
f 2024//2193 2023//2193 1718//2193
f 1718//2194 2023//2194 2022//2194
f 1718//2195 2022//2195 1720//2195
f 2022//2196 2021//2196 1720//2196
f 1720//2197 2021//2197 2020//2197
f 1720//2198 2020//2198 1732//2198
f 2020//2199 2019//2199 1732//2199
f 1732//2200 2019//2200 2018//2200
f 1732//2201 2018//2201 1733//2201
f 1733//2202 2018//2202 2041//2202
f 1733//2203 2041//2203 1735//2203
f 1735//2204 2041//2204 2040//2204
f 1735//2205 2040//2205 2039//2205
f 2042//2206 1857//2206 1856//2206
f 2042//2134 2043//2134 1857//2134
f 1857//2207 2043//2207 2044//2207
f 1857//2208 2044//2208 1871//2208
f 2044//2209 2045//2209 1871//2209
f 1871//2210 2045//2210 2046//2210
f 1871//2211 2046//2211 1872//2211
f 2046//2212 2047//2212 1872//2212
f 1872//2213 2047//2213 2048//2213
f 1872//2214 2048//2214 1874//2214
f 2048//2215 2049//2215 1874//2215
f 1874//2216 2049//2216 2050//2216
f 1874//2217 2050//2217 1870//2217
f 2050//2218 2051//2218 1870//2218
f 1870//2219 2051//2219 2052//2219
f 1870//2220 2052//2220 1868//2220
f 2052//2149 2053//2149 1868//2149
f 1868//2150 2053//2150 2054//2150
f 1868//2221 2054//2221 1866//2221
f 2054//2222 2055//2222 1866//2222
f 1866//2223 2055//2223 2056//2223
f 1866//2224 2056//2224 1865//2224
f 2056//2225 2057//2225 1865//2225
f 1865//2226 2057//2226 2058//2226
f 1865//2227 2058//2227 1863//2227
f 2058//2228 2059//2228 1863//2228
f 1863//2229 2059//2229 2060//2229
f 1863//2230 2060//2230 1861//2230
f 2060//2231 2061//2231 1861//2231
f 1861//2232 2061//2232 2062//2232
f 1861//2233 2062//2233 1859//2233
f 2062//2234 2063//2234 1859//2234
f 1859//2165 2063//2165 2064//2165
f 1859//2235 2064//2235 1856//2235
f 1856//2236 2064//2236 2065//2236
f 1856//2237 2065//2237 2042//2237
f 1746//2169 1745//2169 2063//2169
f 2063//2238 2062//2238 1746//2238
f 1746//2239 2062//2239 2061//2239
f 1746//2240 2061//2240 1747//2240
f 2061//2241 2060//2241 1747//2241
f 1747//2242 2060//2242 2059//2242
f 1747//2243 2059//2243 1748//2243
f 2059//2244 2058//2244 1748//2244
f 1748//2245 2058//2245 2057//2245
f 1748//2246 2057//2246 1656//2246
f 2057//2247 2056//2247 1656//2247
f 1656//2248 2056//2248 2055//2248
f 1656//2249 2055//2249 1658//2249
f 2055//2250 2054//2250 1658//2250
f 1658//2183 2054//2183 2053//2183
f 1658//2184 2053//2184 1661//2184
f 1661//2185 2053//2185 2052//2185
f 1661//2251 2052//2251 1737//2251
f 2052//2252 2051//2252 1737//2252
f 1737//2253 2051//2253 2050//2253
f 1737//2254 2050//2254 1738//2254
f 2050//2255 2049//2255 1738//2255
f 1738//2256 2049//2256 2048//2256
f 1738//2257 2048//2257 1740//2257
f 2048//2258 2047//2258 1740//2258
f 1740//2259 2047//2259 2046//2259
f 1740//2195 2046//2195 1741//2195
f 2046//2260 2045//2260 1741//2260
f 1741//2261 2045//2261 2044//2261
f 1741//2262 2044//2262 1742//2262
f 2044//2263 2043//2263 1742//2263
f 1742//2200 2043//2200 2042//2200
f 1742//2201 2042//2201 1744//2201
f 1744//2264 2042//2264 2065//2264
f 1744//2265 2065//2265 1745//2265
f 1745//2266 2065//2266 2064//2266
f 1745//2205 2064//2205 2063//2205
f 2066//2267 2067//2267 2068//2267
f 2066//2267 2068//2267 2069//2267
f 2069//2268 2068//2268 2070//2268
f 2069//2268 2070//2268 2071//2268
f 2071//2269 2070//2269 2072//2269
f 2071//2269 2072//2269 2073//2269
f 2073//2270 2072//2270 2074//2270
f 2073//2270 2074//2270 2075//2270
f 2075//2271 2074//2271 2076//2271
f 2075//2271 2076//2271 2077//2271
f 2077//2272 2076//2272 2078//2272
f 2077//2272 2078//2272 2079//2272
f 2079//2273 2078//2273 2080//2273
f 2079//2273 2080//2273 2081//2273
f 2081//2274 2080//2274 2082//2274
f 2081//2274 2082//2274 2083//2274
f 2083//2275 2082//2275 2084//2275
f 2083//2275 2084//2275 2085//2275
f 2085//2276 2084//2276 2086//2276
f 2085//2276 2086//2276 2087//2276
f 2087//2277 2086//2277 2088//2277
f 2087//2277 2088//2277 2089//2277
f 2089//2278 2088//2278 2090//2278
f 2089//2278 2090//2278 2091//2278
f 2091//2279 2090//2279 2092//2279
f 2091//2279 2092//2279 2093//2279
f 2093//2280 2092//2280 2094//2280
f 2093//2280 2094//2280 2095//2280
f 2095//3 2094//3 2096//3
f 2095//3 2096//3 2097//3
f 2097//2281 2096//2281 2098//2281
f 2097//2281 2098//2281 2099//2281
f 2099//2282 2098//2282 2100//2282
f 2099//2282 2100//2282 2101//2282
f 2101//2283 2100//2283 2102//2283
f 2101//2283 2102//2283 2103//2283
f 2103//2284 2102//2284 2104//2284
f 2103//2284 2104//2284 2105//2284
f 2105//2285 2104//2285 2106//2285
f 2105//2285 2106//2285 2107//2285
f 2107//2286 2106//2286 2108//2286
f 2107//2286 2108//2286 2109//2286
f 2109//2287 2108//2287 2110//2287
f 2109//2287 2110//2287 2111//2287
f 2111//2288 2110//2288 2112//2288
f 2111//2288 2112//2288 2113//2288
f 2113//2289 2112//2289 2114//2289
f 2113//2289 2114//2289 2115//2289
f 2115//2290 2114//2290 2116//2290
f 2115//2290 2116//2290 2117//2290
f 2117//2291 2116//2291 2118//2291
f 2117//2291 2118//2291 2119//2291
f 2119//2292 2118//2292 2120//2292
f 2119//2292 2120//2292 2121//2292
f 2121//2293 2120//2293 2122//2293
f 2121//2293 2122//2293 2123//2293
f 2123//2294 2122//2294 2124//2294
f 2123//2294 2124//2294 2125//2294
f 1641//2295 1640//2295 2126//2295
f 2126//2295 1640//2295 2127//2295
f 2126//2296 2127//2296 2066//2296
f 2066//2296 2127//2296 2067//2296
f 2125//2297 2124//2297 2128//2297
f 2128//2297 2124//2297 2129//2297
f 2128//2298 2129//2298 1830//2298
f 1830//2298 2129//2298 1829//2298
f 1825//2299 1657//2299 482//2299
f 482//2299 1657//2299 1659//2299
f 482//2299 1659//2299 1640//2299
f 1640//2299 1659//2299 1663//2299
f 1640//2300 1663//2300 2127//2300
f 2127//2301 1663//2301 1664//2301
f 2127//2302 1664//2302 2067//2302
f 2067//2303 1664//2303 1652//2303
f 1709//2304 2124//2304 2122//2304
f 1709//2305 2122//2305 1710//2305
f 1710//2306 2122//2306 2120//2306
f 1710//2307 2120//2307 1699//2307
f 1699//2308 2120//2308 2118//2308
f 1699//2309 2118//2309 1700//2309
f 1700//2310 2118//2310 2116//2310
f 1700//2311 2116//2311 1701//2311
f 1701//2312 2116//2312 2114//2312
f 1701//2313 2114//2313 1702//2313
f 1702//2314 2114//2314 2112//2314
f 1702//2315 2112//2315 1703//2315
f 1703//2316 2112//2316 2110//2316
f 1703//2317 2110//2317 1705//2317
f 1705//2318 2110//2318 2108//2318
f 1705//2319 2108//2319 1707//2319
f 1707//2320 2108//2320 2106//2320
f 1707//2321 2106//2321 1695//2321
f 1695//2322 2106//2322 2104//2322
f 1695//2323 2104//2323 1696//2323
f 1696//2324 2104//2324 2102//2324
f 1696//2325 2102//2325 1687//2325
f 1687//2326 2102//2326 2100//2326
f 1687//2327 2100//2327 1688//2327
f 1688//2328 2100//2328 2098//2328
f 1688//2329 2098//2329 1694//2329
f 1694//2330 2098//2330 2096//2330
f 1694//2331 2096//2331 1693//2331
f 1693//2332 2096//2332 2094//2332
f 1693//2332 2094//2332 1692//2332
f 1692//2333 2094//2333 2092//2333
f 1692//2334 2092//2334 1691//2334
f 1691//2335 2092//2335 2090//2335
f 1691//2336 2090//2336 1671//2336
f 1671//2337 2090//2337 2088//2337
f 1671//2338 2088//2338 1672//2338
f 1672//2339 2088//2339 2086//2339
f 1672//2340 2086//2340 1649//2340
f 1649//2341 2086//2341 2084//2341
f 1649//2342 2084//2342 1665//2342
f 1665//2343 2084//2343 2082//2343
f 1665//2344 2082//2344 1666//2344
f 1666//2345 2082//2345 2080//2345
f 1666//2346 2080//2346 1668//2346
f 1668//2347 2080//2347 2078//2347
f 1668//2348 2078//2348 1669//2348
f 1669//2349 2078//2349 2076//2349
f 1669//2350 2076//2350 1670//2350
f 1670//2351 2076//2351 2074//2351
f 1670//2352 2074//2352 1762//2352
f 1762//2353 2074//2353 2072//2353
f 1762//2354 2072//2354 1760//2354
f 1760//2355 2072//2355 2070//2355
f 1760//2356 2070//2356 1758//2356
f 1758//2357 2070//2357 1756//2357
f 1756//2358 2070//2358 2068//2358
f 1756//2359 2068//2359 1654//2359
f 1654//2360 2068//2360 2067//2360
f 1654//2361 2067//2361 1652//2361
f 2124//2362 1709//2362 2129//2362
f 2129//2363 1709//2363 1713//2363
f 2129//2364 1713//2364 1829//2364
f 1829//2365 1713//2365 1715//2365
f 1734//2366 1819//2366 489//2366
f 1734//2366 489//2366 1721//2366
f 1721//2366 489//2366 1829//2366
f 1721//2366 1829//2366 1715//2366
f 2010//2367 1837//2367 1828//2367
f 1828//2367 1837//2367 1879//2367
f 1828//2367 1879//2367 1830//2367
f 1830//2367 1879//2367 1878//2367
f 1830//2368 1878//2368 2128//2368
f 2128//2369 1878//2369 1876//2369
f 2128//2370 1876//2370 2125//2370
f 2125//2371 1876//2371 1875//2371
f 1953//2372 2066//2372 2069//2372
f 1953//2373 2069//2373 1940//2373
f 1940//2374 2069//2374 2071//2374
f 1940//2375 2071//2375 1942//2375
f 1942//2376 2071//2376 2073//2376
f 1942//2377 2073//2377 1948//2377
f 1948//2378 2073//2378 2075//2378
f 1948//2379 2075//2379 1949//2379
f 1949//2380 2075//2380 2077//2380
f 1949//2381 2077//2381 1930//2381
f 1930//2382 2077//2382 2079//2382
f 1930//2383 2079//2383 1931//2383
f 1931//2384 2079//2384 2081//2384
f 1931//2385 2081//2385 1932//2385
f 1932//2386 2081//2386 2083//2386
f 1932//2387 2083//2387 1933//2387
f 1933//2388 2083//2388 2085//2388
f 1933//2389 2085//2389 1934//2389
f 1934//2390 2085//2390 2087//2390
f 1934//2391 2087//2391 1928//2391
f 1928//2392 2087//2392 2089//2392
f 1928//2393 2089//2393 1921//2393
f 1921//2394 2089//2394 2091//2394
f 1921//2395 2091//2395 1919//2395
f 1919//2396 2091//2396 2093//2396
f 1919//2397 2093//2397 1917//2397
f 1917//2398 2093//2398 2095//2398
f 1917//2399 2095//2399 1909//2399
f 1909//2400 2095//2400 2097//2400
f 1909//2400 2097//2400 1908//2400
f 1908//2401 2097//2401 2099//2401
f 1908//2402 2099//2402 1906//2402
f 1906//2403 2099//2403 2101//2403
f 1906//2404 2101//2404 1904//2404
f 1904//2405 2101//2405 2103//2405
f 1904//2406 2103//2406 1903//2406
f 1903//2407 2103//2407 2105//2407
f 1903//2408 2105//2408 1836//2408
f 1836//2409 2105//2409 2107//2409
f 1836//2410 2107//2410 1834//2410
f 1834//2411 2107//2411 2109//2411
f 1834//2412 2109//2412 1886//2412
f 1886//2413 2109//2413 2111//2413
f 1886//2414 2111//2414 1900//2414
f 1900//2415 2111//2415 2113//2415
f 1900//2416 2113//2416 1901//2416
f 1901//2417 2113//2417 2115//2417
f 1901//2418 2115//2418 1898//2418
f 1898//2419 2115//2419 2117//2419
f 1898//2420 2117//2420 1885//2420
f 1885//2421 2117//2421 2119//2421
f 1885//2422 2119//2422 1883//2422
f 1883//2423 2119//2423 2121//2423
f 1883//2424 2121//2424 1882//2424
f 1882//2425 2121//2425 2123//2425
f 1882//2426 2123//2426 1880//2426
f 1880//2427 2123//2427 2125//2427
f 1880//2428 2125//2428 1875//2428
f 2066//2429 1953//2429 2126//2429
f 2126//2430 1953//2430 1954//2430
f 2126//2431 1954//2431 1641//2431
f 1641//2432 1954//2432 1955//2432
f 1957//2433 2002//2433 1642//2433
f 1957//2433 1642//2433 1956//2433
f 1956//2433 1642//2433 1641//2433
f 1956//2433 1641//2433 1955//2433
f 2130//2434 1916//2434 1915//2434
f 2130//2435 2131//2435 1916//2435
f 1916//2436 2131//2436 2132//2436
f 1916//2437 2132//2437 1918//2437
f 2132//2438 2133//2438 1918//2438
f 1918//2439 2133//2439 2134//2439
f 1918//2440 2134//2440 1920//2440
f 2134//2441 2135//2441 1920//2441
f 1920//2442 2135//2442 2136//2442
f 1920//2443 2136//2443 1922//2443
f 2136//2444 2137//2444 1922//2444
f 1922//2445 2137//2445 2138//2445
f 1922//2446 2138//2446 1923//2446
f 2138//2447 2139//2447 1923//2447
f 1923//2448 2139//2448 2140//2448
f 1923//2449 2140//2449 1925//2449
f 2140//2450 2141//2450 1925//2450
f 1925//2451 2141//2451 2142//2451
f 1925//2452 2142//2452 1926//2452
f 2142//2453 2143//2453 1926//2453
f 1926//2454 2143//2454 2144//2454
f 1926//2455 2144//2455 1910//2455
f 2144//2456 2145//2456 1910//2456
f 1910//2457 2145//2457 2146//2457
f 1910//2458 2146//2458 1911//2458
f 2146//2459 2147//2459 1911//2459
f 1911//2460 2147//2460 2148//2460
f 1911//2461 2148//2461 1913//2461
f 2148//2462 2149//2462 1913//2462
f 1913//2463 2149//2463 2150//2463
f 1913//2464 2150//2464 1914//2464
f 2150//2465 2151//2465 1914//2465
f 1914//2466 2151//2466 2152//2466
f 1914//2467 2152//2467 1915//2467
f 1915//2468 2152//2468 2153//2468
f 1915//2469 2153//2469 2130//2469
f 1685//2470 1684//2470 2151//2470
f 2151//2471 2150//2471 1685//2471
f 1685//2472 2150//2472 2149//2472
f 1685//2473 2149//2473 1677//2473
f 2149//2474 2148//2474 1677//2474
f 1677//2475 2148//2475 2147//2475
f 1677//2476 2147//2476 1678//2476
f 2147//2477 2146//2477 1678//2477
f 1678//2478 2146//2478 2145//2478
f 1678//2479 2145//2479 1679//2479
f 2145//2480 2144//2480 1679//2480
f 1679//2481 2144//2481 2143//2481
f 1679//2482 2143//2482 1680//2482
f 2143//2483 2142//2483 1680//2483
f 1680//2484 2142//2484 2141//2484
f 1680//2485 2141//2485 1674//2485
f 1674//2486 2141//2486 2140//2486
f 1674//2487 2140//2487 1675//2487
f 2140//2488 2139//2488 1675//2488
f 1675//2489 2139//2489 2138//2489
f 1675//2490 2138//2490 1673//2490
f 2138//2491 2137//2491 1673//2491
f 1673//2492 2137//2492 2136//2492
f 1673//2493 2136//2493 1689//2493
f 2136//2494 2135//2494 1689//2494
f 1689//2495 2135//2495 2134//2495
f 1689//2496 2134//2496 1690//2496
f 2134//2497 2133//2497 1690//2497
f 1690//2498 2133//2498 2132//2498
f 1690//2499 2132//2499 1681//2499
f 2132//2500 2131//2500 1681//2500
f 1681//2501 2131//2501 2130//2501
f 1681//2502 2130//2502 1682//2502
f 1682//2503 2130//2503 2153//2503
f 1682//2504 2153//2504 1684//2504
f 1684//2505 2153//2505 2152//2505
f 1684//2506 2152//2506 2151//2506
f 2154//2507 1935//2507 1936//2507
f 2154//2508 2155//2508 1935//2508
f 1935//2436 2155//2436 2156//2436
f 1935//2509 2156//2509 1944//2509
f 2156//2510 2157//2510 1944//2510
f 1944//2511 2157//2511 2158//2511
f 1944//2512 2158//2512 1945//2512
f 2158//2513 2159//2513 1945//2513
f 1945//2514 2159//2514 2160//2514
f 1945//2515 2160//2515 1946//2515
f 2160//2516 2161//2516 1946//2516
f 1946//2517 2161//2517 2162//2517
f 1946//2518 2162//2518 1947//2518
f 2162//2519 2163//2519 1947//2519
f 1947//2520 2163//2520 2164//2520
f 1947//2521 2164//2521 1943//2521
f 2164//2522 2165//2522 1943//2522
f 1943//2523 2165//2523 2166//2523
f 1943//2524 2166//2524 1941//2524
f 2166//2525 2167//2525 1941//2525
f 1941//2526 2167//2526 2168//2526
f 1941//2527 2168//2527 1939//2527
f 2168//2528 2169//2528 1939//2528
f 1939//2529 2169//2529 2170//2529
f 1939//2530 2170//2530 1952//2530
f 2170//2531 2171//2531 1952//2531
f 1952//2532 2171//2532 2172//2532
f 1952//2533 2172//2533 1950//2533
f 2172//2534 2173//2534 1950//2534
f 1950//2535 2173//2535 2174//2535
f 1950//2536 2174//2536 1938//2536
f 2174//2537 2175//2537 1938//2537
f 1938//2466 2175//2466 2176//2466
f 1938//2467 2176//2467 1936//2467
f 1936//2468 2176//2468 2177//2468
f 1936//2469 2177//2469 2154//2469
f 1753//2538 1749//2538 2175//2538
f 2175//2539 2174//2539 1753//2539
f 1753//2540 2174//2540 2173//2540
f 1753//2541 2173//2541 1754//2541
f 2173//2542 2172//2542 1754//2542
f 1754//2543 2172//2543 2171//2543
f 1754//2544 2171//2544 1755//2544
f 2171//2545 2170//2545 1755//2545
f 1755//2546 2170//2546 2169//2546
f 1755//2547 2169//2547 1757//2547
f 2169//2548 2168//2548 1757//2548
f 1757//2549 2168//2549 2167//2549
f 1757//2550 2167//2550 1759//2550
f 2167//2551 2166//2551 1759//2551
f 1759//2552 2166//2552 2165//2552
f 1759//2553 2165//2553 1761//2553
f 1761//2554 2165//2554 2164//2554
f 1761//2555 2164//2555 1763//2555
f 2164//2556 2163//2556 1763//2556
f 1763//2557 2163//2557 2162//2557
f 1763//2558 2162//2558 1764//2558
f 2162//2559 2161//2559 1764//2559
f 1764//2560 2161//2560 2160//2560
f 1764//2561 2160//2561 1765//2561
f 2160//2562 2159//2562 1765//2562
f 1765//2563 2159//2563 2158//2563
f 1765//2564 2158//2564 1766//2564
f 2158//2565 2157//2565 1766//2565
f 1766//2566 2157//2566 2156//2566
f 1766//2567 2156//2567 1752//2567
f 2156//2568 2155//2568 1752//2568
f 1752//2569 2155//2569 2154//2569
f 1752//2570 2154//2570 1751//2570
f 1751//2503 2154//2503 2177//2503
f 1751//2571 2177//2571 1749//2571
f 1749//2572 2177//2572 2176//2572
f 1749//2573 2176//2573 2175//2573
f 2178//2434 1964//2434 1962//2434
f 2178//2435 2179//2435 1964//2435
f 1964//2436 2179//2436 2180//2436
f 1964//2574 2180//2574 1965//2574
f 2180//2575 2181//2575 1965//2575
f 1965//2576 2181//2576 2182//2576
f 1965//2577 2182//2577 1831//2577
f 2182//2578 2183//2578 1831//2578
f 1831//2579 2183//2579 2184//2579
f 1831//2580 2184//2580 1832//2580
f 2184//2581 2185//2581 1832//2581
f 1832//2582 2185//2582 2186//2582
f 1832//2583 2186//2583 1969//2583
f 2186//2447 2187//2447 1969//2447
f 1969//2448 2187//2448 2188//2448
f 1969//2449 2188//2449 1967//2449
f 2188//2450 2189//2450 1967//2450
f 1967//2451 2189//2451 2190//2451
f 1967//2452 2190//2452 1966//2452
f 2190//2453 2191//2453 1966//2453
f 1966//2454 2191//2454 2192//2454
f 1966//2584 2192//2584 1958//2584
f 2192//2585 2193//2585 1958//2585
f 1958//2586 2193//2586 2194//2586
f 1958//2587 2194//2587 1959//2587
f 2194//2588 2195//2588 1959//2588
f 1959//2589 2195//2589 2196//2589
f 1959//2590 2196//2590 1960//2590
f 2196//2591 2197//2591 1960//2591
f 1960//2592 2197//2592 2198//2592
f 1960//2593 2198//2593 1961//2593
f 2198//2465 2199//2465 1961//2465
f 1961//2466 2199//2466 2200//2466
f 1961//2467 2200//2467 1962//2467
f 1962//2468 2200//2468 2201//2468
f 1962//2469 2201//2469 2178//2469
f 1773//2594 1772//2594 2199//2594
f 2199//2471 2198//2471 1773//2471
f 1773//2595 2198//2595 2197//2595
f 1773//2596 2197//2596 1774//2596
f 2197//2597 2196//2597 1774//2597
f 1774//2598 2196//2598 2195//2598
f 1774//2599 2195//2599 1775//2599
f 2195//2600 2194//2600 1775//2600
f 1775//2601 2194//2601 2193//2601
f 1775//2602 2193//2602 1776//2602
f 2193//2603 2192//2603 1776//2603
f 1776//2604 2192//2604 2191//2604
f 1776//2605 2191//2605 1769//2605
f 2191//2483 2190//2483 1769//2483
f 1769//2484 2190//2484 2189//2484
f 1769//2485 2189//2485 1770//2485
f 1770//2486 2189//2486 2188//2486
f 1770//2606 2188//2606 1777//2606
f 2188//2607 2187//2607 1777//2607
f 1777//2608 2187//2608 2186//2608
f 1777//2609 2186//2609 1778//2609
f 2186//2610 2185//2610 1778//2610
f 1778//2611 2185//2611 2184//2611
f 1778//2612 2184//2612 1780//2612
f 2184//2613 2183//2613 1780//2613
f 1780//2614 2183//2614 2182//2614
f 1780//2496 2182//2496 1781//2496
f 2182//2615 2181//2615 1781//2615
f 1781//2616 2181//2616 2180//2616
f 1781//2617 2180//2617 1767//2617
f 2180//2618 2179//2618 1767//2618
f 1767//2619 2179//2619 2178//2619
f 1767//2620 2178//2620 1768//2620
f 1768//2621 2178//2621 2201//2621
f 1768//2622 2201//2622 1772//2622
f 1772//2623 2201//2623 2200//2623
f 1772//2624 2200//2624 2199//2624
f 2202//2434 1888//2434 1887//2434
f 2202//2435 2203//2435 1888//2435
f 1888//2625 2203//2625 2204//2625
f 1888//2626 2204//2626 1889//2626
f 2204//2510 2205//2510 1889//2510
f 1889//2627 2205//2627 2206//2627
f 1889//2628 2206//2628 1890//2628
f 2206//2629 2207//2629 1890//2629
f 1890//2514 2207//2514 2208//2514
f 1890//2515 2208//2515 1891//2515
f 2208//2516 2209//2516 1891//2516
f 1891//2517 2209//2517 2210//2517
f 1891//2630 2210//2630 1892//2630
f 2210//2631 2211//2631 1892//2631
f 1892//2632 2211//2632 2212//2632
f 1892//2633 2212//2633 1893//2633
f 2212//2634 2213//2634 1893//2634
f 1893//2451 2213//2451 2214//2451
f 1893//2635 2214//2635 1894//2635
f 2214//2636 2215//2636 1894//2636
f 1894//2637 2215//2637 2216//2637
f 1894//2638 2216//2638 1895//2638
f 2216//2528 2217//2528 1895//2528
f 1895//2529 2217//2529 2218//2529
f 1895//2530 2218//2530 1896//2530
f 2218//2531 2219//2531 1896//2531
f 1896//2639 2219//2639 2220//2639
f 1896//2640 2220//2640 1897//2640
f 2220//2161 2221//2161 1897//2161
f 1897//2535 2221//2535 2222//2535
f 1897//2641 2222//2641 1899//2641
f 2222//2642 2223//2642 1899//2642
f 1899//2643 2223//2643 2224//2643
f 1899//2644 2224//2644 1887//2644
f 1887//2468 2224//2468 2225//2468
f 1887//2469 2225//2469 2202//2469
f 1646//2645 1704//2645 2223//2645
f 2223//2646 2222//2646 1646//2646
f 1646//2647 2222//2647 2221//2647
f 1646//2648 2221//2648 1647//2648
f 2221//2649 2220//2649 1647//2649
f 1647//2650 2220//2650 2219//2650
f 1647//2651 2219//2651 1782//2651
f 2219//2652 2218//2652 1782//2652
f 1782//2653 2218//2653 2217//2653
f 1782//2654 2217//2654 1788//2654
f 2217//2548 2216//2548 1788//2548
f 1788//2655 2216//2655 2215//2655
f 1788//2656 2215//2656 1789//2656
f 2215//2657 2214//2657 1789//2657
f 1789//2658 2214//2658 2213//2658
f 1789//2659 2213//2659 1790//2659
f 1790//2660 2213//2660 2212//2660
f 1790//2661 2212//2661 1787//2661
f 2212//2662 2211//2662 1787//2662
f 1787//2663 2211//2663 2210//2663
f 1787//2664 2210//2664 1786//2664
f 2210//2665 2209//2665 1786//2665
f 1786//2666 2209//2666 2208//2666
f 1786//2667 2208//2667 1785//2667
f 2208//2562 2207//2562 1785//2562
f 1785//2668 2207//2668 2206//2668
f 1785//2669 2206//2669 1784//2669
f 2206//2670 2205//2670 1784//2670
f 1784//2671 2205//2671 2204//2671
f 1784//2672 2204//2672 1708//2672
f 2204//2673 2203//2673 1708//2673
f 1708//2674 2203//2674 2202//2674
f 1708//2675 2202//2675 1706//2675
f 1706//2503 2202//2503 2225//2503
f 1706//2676 2225//2676 1704//2676
f 1704//2677 2225//2677 2224//2677
f 1704//2678 2224//2678 2223//2678
f 2001//2679 1810//2679 1995//2679
f 1995//2680 1810//2680 1809//2680
f 1995//2681 1809//2681 1996//2681
f 1996//2681 1809//2681 1808//2681
f 1996//2682 1808//2682 1997//2682
f 1997//2682 1808//2682 1794//2682
f 1997//2683 1794//2683 1998//2683
f 1998//2683 1794//2683 1793//2683
f 1998//2684 1793//2684 1999//2684
f 1999//2684 1793//2684 1792//2684
f 1999//2685 1792//2685 2000//2685
f 2000//2685 1792//2685 1791//2685
f 2000//4 1791//4 1988//4
f 1988//4 1791//4 1798//4
f 1988//2686 1798//2686 1989//2686
f 1989//2686 1798//2686 1797//2686
f 1989//2687 1797//2687 1990//2687
f 1990//2687 1797//2687 1796//2687
f 1990//2688 1796//2688 1991//2688
f 1991//2688 1796//2688 1795//2688
f 1991//2689 1795//2689 1992//2689
f 1992//2689 1795//2689 1799//2689
f 1992//2690 1799//2690 1993//2690
f 1993//2690 1799//2690 1800//2690
f 1993//2691 1800//2691 1994//2691
f 1994//2692 1800//2692 1644//2692
f 1994//2693 1644//2693 1982//2693
f 1982//2694 1644//2694 1643//2694
f 1982//2695 1643//2695 1984//2695
f 1984//2695 1643//2695 1801//2695
f 1984//2696 1801//2696 1986//2696
f 1986//2696 1801//2696 1802//2696
f 1986//2697 1802//2697 1987//2697
f 1987//2697 1802//2697 1804//2697
f 1987//2698 1804//2698 1985//2698
f 1985//2698 1804//2698 1818//2698
f 1985//2699 1818//2699 1978//2699
f 1978//2699 1818//2699 1817//2699
f 1978//3 1817//3 1974//3
f 1974//3 1817//3 1815//3
f 1974//2700 1815//2700 1975//2700
f 1975//2700 1815//2700 1814//2700
f 1975//2701 1814//2701 1979//2701
f 1979//2701 1814//2701 1813//2701
f 1979//2702 1813//2702 1980//2702
f 1980//2702 1813//2702 1812//2702
f 1980//2703 1812//2703 1970//2703
f 1970//2703 1812//2703 1811//2703
f 1970//2704 1811//2704 1971//2704
f 1971//2704 1811//2704 1805//2704
f 1971//2705 1805//2705 2001//2705
f 2001//2706 1805//2706 1810//2706
f 2226//21 2227//21 2228//21
f 2229//21 2230//21 2231//21
f 2231//21 2230//21 2232//21
f 2232//21 2233//21 2234//21
f 2234//21 2233//21 2235//21
f 2234//21 2235//21 2236//21
f 2237//21 2238//21 2239//21
f 2239//21 2238//21 2240//21
f 2240//21 2238//21 2241//21
f 2240//21 2241//21 2242//21
f 2242//21 2241//21 2243//21
f 2242//21 2243//21 2244//21
f 2244//21 2243//21 2245//21
f 2244//21 2245//21 2246//21
f 2247//21 2248//21 2249//21
f 2249//21 2248//21 2250//21
f 2249//21 2250//21 2251//21
f 2251//21 2250//21 2252//21
f 2252//21 2250//21 2253//21
f 2252//21 2253//21 2254//21
f 2255//21 2256//21 2257//21
f 2257//21 2256//21 2258//21
f 2257//21 2258//21 2259//21
f 2259//21 2258//21 2254//21
f 2259//21 2254//21 2260//21
f 2260//21 2254//21 2253//21
f 2261//21 2262//21 2263//21
f 2263//21 2262//21 2264//21
f 2263//21 2264//21 2265//21
f 2266//21 2267//21 2268//21
f 2268//21 2267//21 2269//21
f 2268//21 2269//21 2270//21
f 2266//21 2271//21 2272//21
f 2272//21 2273//21 2266//21
f 2266//21 2273//21 2274//21
f 2266//21 2274//21 2267//21
f 2267//21 2274//21 2275//21
f 2267//21 2275//21 2276//21
f 2277//21 2278//21 2279//21
f 2264//21 2280//21 2265//21
f 2265//21 2280//21 2281//21
f 2265//21 2281//21 2282//21
f 2282//21 2281//21 2283//21
f 2282//21 2283//21 2279//21
f 2279//21 2283//21 2284//21
f 2279//21 2284//21 2277//21
f 2285//21 2286//21 2239//21
f 2236//21 2237//21 2234//21
f 2234//21 2237//21 2239//21
f 2234//21 2239//21 2287//21
f 2287//21 2239//21 2286//21
f 2287//21 2288//21 2234//21
f 2234//21 2288//21 2289//21
f 2234//21 2289//21 2290//21
f 2290//21 2289//21 2291//21
f 2292//21 2293//21 2294//21
f 2294//21 2293//21 2295//21
f 2294//21 2295//21 2239//21
f 2239//21 2295//21 2296//21
f 2239//21 2296//21 2285//21
f 2297//21 2298//21 2299//21
f 2299//21 2298//21 2300//21
f 2299//21 2300//21 2292//21
f 2292//21 2300//21 2301//21
f 2292//21 2301//21 2293//21
f 2302//21 2303//21 2304//21
f 2304//21 2303//21 2305//21
f 2304//21 2305//21 2306//21
f 2306//21 2305//21 2307//21
f 2306//21 2307//21 2308//21
f 2309//21 2310//21 2311//21
f 2311//21 2310//21 2312//21
f 2311//21 2312//21 2313//21
f 2313//21 2312//21 2314//21
f 2307//21 2315//21 2308//21
f 2308//21 2315//21 2316//21
f 2308//21 2316//21 2314//21
f 2314//21 2316//21 2317//21
f 2314//21 2317//21 2313//21
f 2318//21 2261//21 2319//21
f 2319//21 2261//21 2263//21
f 2319//21 2263//21 2308//21
f 2308//21 2263//21 2320//21
f 2308//21 2320//21 2306//21
f 2321//21 2244//21 2249//21
f 2249//21 2244//21 2246//21
f 2249//21 2246//21 2247//21
f 2322//21 2323//21 2321//21
f 2321//21 2323//21 2324//21
f 2321//21 2324//21 2244//21
f 2322//21 2321//21 2325//21
f 2325//21 2321//21 2326//21
f 2325//21 2326//21 2228//21
f 2228//21 2326//21 2327//21
f 2228//21 2327//21 2226//21
f 2328//21 2329//21 2330//21
f 2331//21 2332//21 2333//21
f 2333//21 2332//21 2334//21
f 2333//21 2334//21 2335//21
f 2249//21 2336//21 2321//21
f 2321//21 2336//21 2337//21
f 2321//21 2337//21 2338//21
f 2338//21 2337//21 2335//21
f 2338//21 2335//21 2339//21
f 2339//21 2335//21 2334//21
f 2340//21 2341//21 2329//21
f 2329//21 2341//21 2342//21
f 2329//21 2342//21 2330//21
f 2330//21 2342//21 2343//21
f 2330//21 2343//21 2344//21
f 2330//21 2345//21 2328//21
f 2328//21 2345//21 2346//21
f 2328//21 2346//21 2347//21
f 2347//21 2346//21 2348//21
f 2349//21 2350//21 2351//21
f 2351//21 2350//21 2352//21
f 2351//21 2352//21 2353//21
f 2353//21 2352//21 2354//21
f 2353//21 2354//21 2355//21
f 2355//21 2354//21 2356//21
f 2357//21 2358//21 2356//21
f 2356//21 2358//21 2359//21
f 2356//21 2359//21 2355//21
f 2343//21 2331//21 2344//21
f 2344//21 2331//21 2333//21
f 2344//21 2333//21 2360//21
f 2360//21 2333//21 2361//21
f 2360//21 2361//21 2362//21
f 2362//21 2361//21 2363//21
f 2362//21 2363//21 2364//21
f 2364//21 2363//21 2357//21
f 2364//21 2357//21 2365//21
f 2365//21 2357//21 2356//21
f 2366//21 2367//21 2368//21
f 2368//21 2367//21 2369//21
f 2368//21 2369//21 2370//21
f 2370//21 2369//21 2371//21
f 2370//21 2371//21 2372//21
f 2373//21 2374//21 2375//21
f 2376//21 2377//21 2378//21
f 2379//21 2380//21 2381//21
f 2381//21 2380//21 2366//21
f 2381//21 2366//21 2382//21
f 2382//21 2366//21 2368//21
f 2382//21 2368//21 2359//21
f 2359//21 2368//21 2383//21
f 2359//21 2383//21 2355//21
f 2373//21 2375//21 2384//21
f 2384//21 2375//21 2385//21
f 2384//21 2385//21 2386//21
f 2379//21 2381//21 2387//21
f 2387//21 2381//21 2388//21
f 2387//21 2388//21 2389//21
f 2389//21 2388//21 2390//21
f 2389//21 2390//21 2377//21
f 2377//21 2390//21 2391//21
f 2377//21 2391//21 2378//21
f 2385//21 2376//21 2386//21
f 2386//21 2376//21 2378//21
f 2386//21 2378//21 2392//21
f 2378//21 2393//21 2392//21
f 2392//21 2393//21 2394//21
f 2392//21 2394//21 2395//21
f 2395//21 2394//21 2396//21
f 2397//21 2398//21 2399//21
f 2400//21 2401//21 2402//21
f 2402//21 2401//21 2403//21
f 2404//21 2405//21 2406//21
f 2407//21 2408//21 2409//21
f 2410//21 2411//21 2412//21
f 2412//21 2411//21 2413//21
f 2412//21 2413//21 2414//21
f 2414//21 2413//21 2310//21
f 2414//21 2310//21 2403//21
f 2403//21 2310//21 2309//21
f 2403//21 2309//21 2402//21
f 2410//21 2397//21 2411//21
f 2411//21 2397//21 2399//21
f 2411//21 2399//21 2415//21
f 2415//21 2399//21 2416//21
f 2415//21 2416//21 2394//21
f 2394//21 2416//21 2417//21
f 2394//21 2417//21 2396//21
f 2398//21 2418//21 2399//21
f 2399//21 2418//21 2419//21
f 2399//21 2419//21 2420//21
f 2404//21 2406//21 2421//21
f 2421//21 2406//21 2422//21
f 2421//21 2422//21 2423//21
f 2409//21 2424//21 2407//21
f 2407//21 2424//21 2400//21
f 2407//21 2400//21 2404//21
f 2404//21 2400//21 2402//21
f 2404//21 2402//21 2405//21
f 2232//21 2234//21 2231//21
f 2231//21 2234//21 2425//21
f 2231//21 2425//21 2426//21
f 2426//21 2427//21 2231//21
f 2231//21 2427//21 2428//21
f 2231//21 2428//21 2429//21
f 2428//21 2430//21 2429//21
f 2429//21 2430//21 2431//21
f 2429//21 2431//21 2267//21
f 2267//21 2431//21 2432//21
f 2267//21 2432//21 2269//21
f 2269//21 2432//21 2433//21
f 2433//21 2434//21 2269//21
f 2269//21 2434//21 2435//21
f 2269//21 2435//21 2290//21
f 2435//21 2436//21 2290//21
f 2290//21 2436//21 2437//21
f 2290//21 2437//21 2234//21
f 2234//21 2437//21 2438//21
f 2234//21 2438//21 2425//21
f 2255//21 2229//21 2256//21
f 2256//21 2229//21 2231//21
f 2256//21 2231//21 2439//21
f 2439//21 2231//21 2429//21
f 2439//21 2429//21 2440//21
f 2440//21 2429//21 2441//21
f 2442//21 2308//21 2443//21
f 2443//21 2308//21 2314//21
f 2443//21 2314//21 2444//21
f 2444//21 2314//21 2445//21
f 2444//21 2445//21 2446//21
f 2446//21 2445//21 2447//21
f 2446//21 2447//21 2448//21
f 2442//21 2449//21 2308//21
f 2308//21 2449//21 2450//21
f 2308//21 2450//21 2319//21
f 2319//21 2450//21 2451//21
f 2319//21 2451//21 2452//21
f 2271//21 2318//21 2272//21
f 2272//21 2318//21 2319//21
f 2272//21 2319//21 2453//21
f 2453//21 2319//21 2452//21
f 2447//21 2441//21 2448//21
f 2448//21 2441//21 2429//21
f 2448//21 2429//21 2454//21
f 2454//21 2429//21 2455//21
f 2276//21 2456//21 2267//21
f 2267//21 2456//21 2457//21
f 2267//21 2457//21 2429//21
f 2429//21 2457//21 2458//21
f 2429//21 2458//21 2455//21
f 2277//21 2270//21 2278//21
f 2278//21 2270//21 2269//21
f 2278//21 2269//21 2299//21
f 2299//21 2269//21 2290//21
f 2299//21 2290//21 2297//21
f 2297//21 2290//21 2291//21
f 2459//2 2460//2 2461//2
f 2461//2 2460//2 2462//2
f 2463//5 2464//5 2465//5
f 2465//5 2464//5 2466//5
f 2467//1 2468//1 2469//1
f 2470//1 2471//1 2472//1
f 2473//1 2474//1 2475//1
f 2476//1 2477//1 2478//1
f 2479//1 2469//1 2480//1
f 2479//1 2481//1 2482//1
f 2483//1 2484//1 2485//1
f 2486//1 2487//1 2488//1
f 2489//1 2490//1 2491//1
f 2483//1 2490//1 2492//1
f 2493//1 2494//1 2495//1
f 2495//1 2494//1 2489//1
f 2495//1 2489//1 2496//1
f 2492//1 2497//1 2483//1
f 2483//1 2497//1 2498//1
f 2483//1 2498//1 2484//1
f 2484//1 2498//1 2499//1
f 2484//1 2499//1 2500//1
f 2494//1 2501//1 2489//1
f 2489//1 2501//1 2502//1
f 2489//1 2502//1 2490//1
f 2490//1 2502//1 2503//1
f 2490//1 2503//1 2492//1
f 2504//1 2505//1 2495//1
f 2495//1 2505//1 2506//1
f 2495//1 2506//1 2493//1
f 2507//1 2508//1 2484//1
f 2484//1 2508//1 2485//1
f 2485//1 2508//1 2509//1
f 2485//1 2509//1 2510//1
f 2507//1 2484//1 2511//1
f 2511//1 2484//1 2512//1
f 2511//1 2512//1 2513//1
f 2514//1 2515//1 2516//1
f 2516//1 2515//1 2517//1
f 2516//1 2517//1 2518//1
f 2518//1 2517//1 2510//1
f 2518//1 2510//1 2519//1
f 2519//1 2510//1 2509//1
f 2520//1 2521//1 2512//1
f 2512//1 2521//1 2522//1
f 2512//1 2522//1 2513//1
f 2514//1 2520//1 2515//1
f 2515//1 2520//1 2512//1
f 2515//1 2512//1 2523//1
f 2523//1 2512//1 2524//1
f 2523//1 2524//1 2525//1
f 2525//1 2524//1 2526//1
f 2526//1 2524//1 2527//1
f 2527//1 2524//1 2528//1
f 2527//1 2528//1 2529//1
f 2530//1 2531//1 2532//1
f 2533//1 2534//1 2535//1
f 2536//1 2537//1 2538//1
f 2538//1 2537//1 2539//1
f 2538//1 2539//1 2531//1
f 2531//1 2539//1 2540//1
f 2531//1 2540//1 2532//1
f 2532//1 2541//1 2530//1
f 2530//1 2541//1 2542//1
f 2530//1 2542//1 2534//1
f 2534//1 2542//1 2543//1
f 2534//1 2543//1 2535//1
f 2535//1 2544//1 2533//1
f 2533//1 2544//1 2545//1
f 2533//1 2545//1 2546//1
f 2546//1 2545//1 2547//1
f 2547//1 2548//1 2546//1
f 2546//1 2548//1 2549//1
f 2546//1 2549//1 2539//1
f 2539//1 2549//1 2550//1
f 2539//1 2550//1 2540//1
f 2482//1 2481//1 2546//1
f 2546//1 2481//1 2551//1
f 2546//1 2551//1 2533//1
f 2552//1 2553//1 2554//1
f 2555//1 2476//1 2556//1
f 2556//1 2476//1 2557//1
f 2556//1 2557//1 2558//1
f 2554//1 2559//1 2552//1
f 2552//1 2559//1 2560//1
f 2552//1 2560//1 2561//1
f 2561//1 2560//1 2562//1
f 2561//1 2562//1 2468//1
f 2480//1 2469//1 2557//1
f 2557//1 2469//1 2563//1
f 2557//1 2563//1 2558//1
f 2562//1 2564//1 2468//1
f 2468//1 2564//1 2565//1
f 2468//1 2565//1 2469//1
f 2469//1 2565//1 2566//1
f 2469//1 2566//1 2563//1
f 2567//1 2568//1 2569//1
f 2569//1 2568//1 2477//1
f 2475//1 2474//1 2569//1
f 2569//1 2474//1 2570//1
f 2569//1 2570//1 2567//1
f 2568//1 2571//1 2477//1
f 2477//1 2571//1 2572//1
f 2477//1 2572//1 2478//1
f 2478//1 2572//1 2573//1
f 2478//1 2573//1 2574//1
f 2574//1 2573//1 2575//1
f 2574//1 2575//1 2576//1
f 2575//1 2577//1 2576//1
f 2576//1 2577//1 2578//1
f 2576//1 2578//1 2475//1
f 2475//1 2578//1 2579//1
f 2475//1 2579//1 2473//1
f 2580//1 2581//1 2582//1
f 2582//1 2581//1 2583//1
f 2582//1 2583//1 2569//1
f 2569//1 2583//1 2584//1
f 2569//1 2584//1 2475//1
f 2475//1 2584//1 2585//1
f 2475//1 2585//1 2576//1
f 2586//1 2587//1 2588//1
f 2589//1 2590//1 2591//1
f 2591//1 2590//1 2592//1
f 2591//1 2592//1 2593//1
f 2594//1 2595//1 2596//1
f 2596//1 2595//1 2597//1
f 2598//1 2512//1 2599//1
f 2599//1 2512//1 2484//1
f 2599//1 2484//1 2504//1
f 2504//1 2484//1 2500//1
f 2504//1 2500//1 2505//1
f 2496//1 2489//1 2600//1
f 2600//1 2489//1 2601//1
f 2600//1 2601//1 2602//1
f 2603//1 2471//1 2604//1
f 2470//1 2605//1 2471//1
f 2471//1 2605//1 2606//1
f 2471//1 2606//1 2604//1
f 2606//1 2607//1 2604//1
f 2604//1 2607//1 2608//1
f 2604//1 2608//1 2609//1
f 2609//1 2608//1 2610//1
f 2609//1 2610//1 2611//1
f 2611//1 2610//1 2612//1
f 2611//1 2612//1 2613//1
f 2613//1 2612//1 2614//1
f 2613//1 2614//1 2615//1
f 2616//1 2617//1 2472//1
f 2617//1 2618//1 2472//1
f 2472//1 2618//1 2619//1
f 2472//1 2619//1 2470//1
f 2620//1 2621//1 2591//1
f 2591//1 2621//1 2622//1
f 2591//1 2622//1 2615//1
f 2615//1 2622//1 2623//1
f 2615//1 2623//1 2613//1
f 2624//1 2586//1 2625//1
f 2593//1 2626//1 2591//1
f 2591//1 2626//1 2587//1
f 2591//1 2587//1 2620//1
f 2620//1 2587//1 2586//1
f 2620//1 2586//1 2627//1
f 2627//1 2586//1 2624//1
f 2561//1 2628//1 2552//1
f 2552//1 2628//1 2629//1
f 2552//1 2629//1 2625//1
f 2479//1 2482//1 2469//1
f 2469//1 2482//1 2630//1
f 2469//1 2630//1 2467//1
f 2631//1 2632//1 2539//1
f 2539//1 2632//1 2633//1
f 2539//1 2633//1 2546//1
f 2546//1 2633//1 2634//1
f 2546//1 2634//1 2482//1
f 2482//1 2634//1 2635//1
f 2482//1 2635//1 2630//1
f 2631//1 2539//1 2636//1
f 2636//1 2539//1 2537//1
f 2636//1 2537//1 2529//1
f 2529//1 2537//1 2536//1
f 2529//1 2536//1 2527//1
f 2598//1 2637//1 2512//1
f 2512//1 2637//1 2638//1
f 2512//1 2638//1 2524//1
f 2524//1 2638//1 2639//1
f 2524//1 2639//1 2528//1
f 2640//1 2641//1 2642//1
f 2642//1 2641//1 2643//1
f 2642//1 2643//1 2644//1
f 2644//1 2643//1 2645//1
f 2644//1 2645//1 2646//1
f 2646//1 2645//1 2647//1
f 2646//1 2647//1 2594//1
f 2648//1 2649//1 2488//1
f 2650//1 2651//1 2595//1
f 2594//1 2647//1 2595//1
f 2595//1 2647//1 2652//1
f 2595//1 2652//1 2650//1
f 2653//1 2654//1 2647//1
f 2647//1 2654//1 2655//1
f 2647//1 2655//1 2652//1
f 2487//1 2597//1 2488//1
f 2488//1 2597//1 2595//1
f 2488//1 2595//1 2648//1
f 2648//1 2595//1 2651//1
f 2649//1 2656//1 2488//1
f 2488//1 2656//1 2657//1
f 2488//1 2657//1 2603//1
f 2603//1 2657//1 2658//1
f 2603//1 2658//1 2659//1
f 2643//1 2472//1 2645//1
f 2645//1 2472//1 2471//1
f 2645//1 2471//1 2647//1
f 2647//1 2471//1 2603//1
f 2647//1 2603//1 2653//1
f 2653//1 2603//1 2659//1
f 2643//1 2660//1 2472//1
f 2472//1 2660//1 2661//1
f 2472//1 2661//1 2662//1
f 2663//1 2641//1 2664//1
f 2664//1 2641//1 2665//1
f 2664//1 2665//1 2666//1
f 2663//1 2667//1 2641//1
f 2641//1 2667//1 2668//1
f 2641//1 2668//1 2643//1
f 2643//1 2668//1 2669//1
f 2643//1 2669//1 2660//1
f 2662//1 2670//1 2472//1
f 2472//1 2670//1 2671//1
f 2472//1 2671//1 2665//1
f 2665//1 2671//1 2672//1
f 2665//1 2672//1 2666//1
f 2604//1 2602//1 2603//1
f 2603//1 2602//1 2601//1
f 2603//1 2601//1 2488//1
f 2488//1 2601//1 2489//1
f 2488//1 2489//1 2486//1
f 2486//1 2489//1 2491//1
f 2614//1 2616//1 2615//1
f 2615//1 2616//1 2472//1
f 2615//1 2472//1 2591//1
f 2591//1 2472//1 2665//1
f 2591//1 2665//1 2589//1
f 2589//1 2665//1 2641//1
f 2589//1 2641//1 2673//1
f 2673//1 2641//1 2640//1
f 2673//1 2640//1 2674//1
f 2555//1 2553//1 2476//1
f 2476//1 2553//1 2552//1
f 2476//1 2552//1 2477//1
f 2477//1 2552//1 2625//1
f 2477//1 2625//1 2569//1
f 2569//1 2625//1 2586//1
f 2569//1 2586//1 2582//1
f 2582//1 2586//1 2588//1
f 2582//1 2588//1 2580//1
f 2292//4 2640//4 2299//4
f 2299//4 2640//4 2642//4
f 2299//4 2642//4 2278//4
f 2278//4 2642//4 2644//4
f 2278//4 2644//4 2279//4
f 2292//4 2460//4 2640//4
f 2640//4 2460//4 2459//4
f 2640//4 2459//4 2674//4
f 2465//4 2466//4 2596//4
f 2596//4 2466//4 2282//4
f 2596//4 2282//4 2594//4
f 2594//4 2282//4 2279//4
f 2594//4 2279//4 2646//4
f 2646//4 2279//4 2644//4
f 2675//2707 2649//2707 2648//2707
f 2675//2708 2676//2708 2649//2708
f 2649//2709 2676//2709 2677//2709
f 2649//2710 2677//2710 2656//2710
f 2677//2711 2678//2711 2656//2711
f 2656//2712 2678//2712 2679//2712
f 2656//2713 2679//2713 2657//2713
f 2679//2714 2680//2714 2657//2714
f 2657//2715 2680//2715 2681//2715
f 2657//2716 2681//2716 2658//2716
f 2681//2717 2682//2717 2658//2717
f 2658//2718 2682//2718 2683//2718
f 2658//2719 2683//2719 2659//2719
f 2683//2720 2684//2720 2659//2720
f 2659//2721 2684//2721 2685//2721
f 2659//2722 2685//2722 2653//2722
f 2685//2723 2686//2723 2653//2723
f 2653//2724 2686//2724 2687//2724
f 2653//2725 2687//2725 2654//2725
f 2687//2726 2688//2726 2654//2726
f 2654//2727 2688//2727 2689//2727
f 2654//2728 2689//2728 2655//2728
f 2689//2729 2690//2729 2655//2729
f 2655//2730 2690//2730 2691//2730
f 2655//2731 2691//2731 2652//2731
f 2691//2732 2692//2732 2652//2732
f 2652//2733 2692//2733 2693//2733
f 2652//2734 2693//2734 2650//2734
f 2693//2735 2694//2735 2650//2735
f 2650//2736 2694//2736 2695//2736
f 2650//2737 2695//2737 2651//2737
f 2695//2738 2696//2738 2651//2738
f 2651//2739 2696//2739 2697//2739
f 2651//2740 2697//2740 2648//2740
f 2648//2741 2697//2741 2698//2741
f 2648//2742 2698//2742 2675//2742
f 2283//2743 2281//2743 2696//2743
f 2696//2744 2695//2744 2283//2744
f 2283//2745 2695//2745 2694//2745
f 2283//2746 2694//2746 2284//2746
f 2694//2747 2693//2747 2284//2747
f 2284//2748 2693//2748 2692//2748
f 2284//2749 2692//2749 2277//2749
f 2692//2750 2691//2750 2277//2750
f 2277//2751 2691//2751 2690//2751
f 2277//2752 2690//2752 2270//2752
f 2690//2753 2689//2753 2270//2753
f 2270//2754 2689//2754 2688//2754
f 2270//2755 2688//2755 2268//2755
f 2688//2756 2687//2756 2268//2756
f 2268//2757 2687//2757 2686//2757
f 2268//2758 2686//2758 2266//2758
f 2266//2759 2686//2759 2685//2759
f 2266//2760 2685//2760 2271//2760
f 2685//2761 2684//2761 2271//2761
f 2271//2762 2684//2762 2683//2762
f 2271//2763 2683//2763 2318//2763
f 2683//2764 2682//2764 2318//2764
f 2318//2765 2682//2765 2681//2765
f 2318//2766 2681//2766 2261//2766
f 2681//2767 2680//2767 2261//2767
f 2261//2768 2680//2768 2679//2768
f 2261//2769 2679//2769 2262//2769
f 2679//2770 2678//2770 2262//2770
f 2262//2771 2678//2771 2677//2771
f 2262//2772 2677//2772 2264//2772
f 2677//2773 2676//2773 2264//2773
f 2264//2774 2676//2774 2675//2774
f 2264//2775 2675//2775 2280//2775
f 2280//2776 2675//2776 2698//2776
f 2280//2777 2698//2777 2281//2777
f 2281//2778 2698//2778 2697//2778
f 2281//2779 2697//2779 2696//2779
f 2699//2780 2662//2780 2661//2780
f 2699//2708 2700//2708 2662//2708
f 2662//2781 2700//2781 2701//2781
f 2662//2782 2701//2782 2670//2782
f 2701//2783 2702//2783 2670//2783
f 2670//2784 2702//2784 2703//2784
f 2670//2785 2703//2785 2671//2785
f 2703//2786 2704//2786 2671//2786
f 2671//2787 2704//2787 2705//2787
f 2671//2788 2705//2788 2672//2788
f 2705//2789 2706//2789 2672//2789
f 2672//2790 2706//2790 2707//2790
f 2672//2791 2707//2791 2666//2791
f 2707//2792 2708//2792 2666//2792
f 2666//2793 2708//2793 2709//2793
f 2666//2794 2709//2794 2664//2794
f 2709//2723 2710//2723 2664//2723
f 2664//2724 2710//2724 2711//2724
f 2664//2795 2711//2795 2663//2795
f 2711//2796 2712//2796 2663//2796
f 2663//2797 2712//2797 2713//2797
f 2663//2798 2713//2798 2667//2798
f 2713//2799 2714//2799 2667//2799
f 2667//2800 2714//2800 2715//2800
f 2667//2801 2715//2801 2668//2801
f 2715//2802 2716//2802 2668//2802
f 2668//2803 2716//2803 2717//2803
f 2668//2804 2717//2804 2669//2804
f 2717//2805 2718//2805 2669//2805
f 2669//2806 2718//2806 2719//2806
f 2669//2807 2719//2807 2660//2807
f 2719//2808 2720//2808 2660//2808
f 2660//2739 2720//2739 2721//2739
f 2660//2809 2721//2809 2661//2809
f 2661//2810 2721//2810 2722//2810
f 2661//2811 2722//2811 2699//2811
f 2298//2743 2297//2743 2720//2743
f 2720//2812 2719//2812 2298//2812
f 2298//2813 2719//2813 2718//2813
f 2298//2814 2718//2814 2300//2814
f 2718//2815 2717//2815 2300//2815
f 2300//2816 2717//2816 2716//2816
f 2300//2817 2716//2817 2301//2817
f 2716//2818 2715//2818 2301//2818
f 2301//2819 2715//2819 2714//2819
f 2301//2820 2714//2820 2293//2820
f 2714//2821 2713//2821 2293//2821
f 2293//2822 2713//2822 2712//2822
f 2293//2823 2712//2823 2295//2823
f 2712//2824 2711//2824 2295//2824
f 2295//2757 2711//2757 2710//2757
f 2295//2758 2710//2758 2296//2758
f 2296//2759 2710//2759 2709//2759
f 2296//2825 2709//2825 2285//2825
f 2709//2826 2708//2826 2285//2826
f 2285//2827 2708//2827 2707//2827
f 2285//2828 2707//2828 2286//2828
f 2707//2829 2706//2829 2286//2829
f 2286//2830 2706//2830 2705//2830
f 2286//2831 2705//2831 2287//2831
f 2705//2832 2704//2832 2287//2832
f 2287//2833 2704//2833 2703//2833
f 2287//2834 2703//2834 2288//2834
f 2703//2835 2702//2835 2288//2835
f 2288//2836 2702//2836 2701//2836
f 2288//2837 2701//2837 2289//2837
f 2701//2838 2700//2838 2289//2838
f 2289//2774 2700//2774 2699//2774
f 2289//2775 2699//2775 2291//2775
f 2291//2839 2699//2839 2722//2839
f 2291//2840 2722//2840 2297//2840
f 2297//2841 2722//2841 2721//2841
f 2297//2779 2721//2779 2720//2779
f 2723//2842 2724//2842 2725//2842
f 2723//2842 2725//2842 2726//2842
f 2726//2843 2725//2843 2727//2843
f 2726//2843 2727//2843 2728//2843
f 2728//2292 2727//2292 2729//2292
f 2728//2292 2729//2292 2730//2292
f 2730//2291 2729//2291 2731//2291
f 2730//2291 2731//2291 2732//2291
f 2732//2290 2731//2290 2733//2290
f 2732//2290 2733//2290 2734//2290
f 2734//2289 2733//2289 2735//2289
f 2734//2289 2735//2289 2736//2289
f 2736//2288 2735//2288 2737//2288
f 2736//2288 2737//2288 2738//2288
f 2738//2844 2737//2844 2739//2844
f 2738//2844 2739//2844 2740//2844
f 2740//2845 2739//2845 2741//2845
f 2740//2845 2741//2845 2742//2845
f 2742//2285 2741//2285 2743//2285
f 2742//2285 2743//2285 2744//2285
f 2744//2284 2743//2284 2745//2284
f 2744//2284 2745//2284 2746//2284
f 2746//2846 2745//2846 2747//2846
f 2746//2846 2747//2846 2748//2846
f 2748//2847 2747//2847 2749//2847
f 2748//2847 2749//2847 2750//2847
f 2750//2281 2749//2281 2751//2281
f 2750//2281 2751//2281 2752//2281
f 2752//3 2751//3 2753//3
f 2752//3 2753//3 2754//3
f 2754//2280 2753//2280 2755//2280
f 2754//2280 2755//2280 2756//2280
f 2756//2279 2755//2279 2757//2279
f 2756//2279 2757//2279 2758//2279
f 2758//2278 2757//2278 2759//2278
f 2758//2278 2759//2278 2760//2278
f 2760//2848 2759//2848 2761//2848
f 2760//2848 2761//2848 2762//2848
f 2762//2849 2761//2849 2763//2849
f 2762//2849 2763//2849 2764//2849
f 2764//2850 2763//2850 2765//2850
f 2764//2850 2765//2850 2766//2850
f 2766//2851 2765//2851 2767//2851
f 2766//2851 2767//2851 2768//2851
f 2768//2273 2767//2273 2769//2273
f 2768//2273 2769//2273 2770//2273
f 2770//2272 2769//2272 2771//2272
f 2770//2272 2771//2272 2772//2272
f 2772//2271 2771//2271 2773//2271
f 2772//2271 2773//2271 2774//2271
f 2774//2852 2773//2852 2775//2852
f 2774//2852 2775//2852 2776//2852
f 2776//2269 2775//2269 2777//2269
f 2776//2269 2777//2269 2778//2269
f 2778//2853 2777//2853 2779//2853
f 2778//2853 2779//2853 2780//2853
f 2780//2854 2779//2854 2781//2854
f 2780//2854 2781//2854 2782//2854
f 2783//2855 2784//2855 2785//2855
f 2786//2856 2787//2856 2788//2856
f 2788//2857 2789//2857 2786//2857
f 2786//2858 2789//2858 2790//2858
f 2786//2859 2790//2859 2791//2859
f 2791//2860 2790//2860 2792//2860
f 2790//2861 2793//2861 2792//2861
f 2792//2862 2793//2862 2794//2862
f 2792//2863 2794//2863 2795//2863
f 2795//2864 2794//2864 2796//2864
f 2794//2865 2797//2865 2796//2865
f 2796//2866 2797//2866 2798//2866
f 2796//2867 2798//2867 2799//2867
f 2799//2868 2798//2868 2800//2868
f 2799//2869 2800//2869 2801//2869
f 2801//2870 2800//2870 2802//2870
f 2801//2871 2802//2871 2803//2871
f 2803//2872 2802//2872 2804//2872
f 2803//2873 2804//2873 2805//2873
f 2805//2874 2804//2874 2806//2874
f 2805//2875 2806//2875 2807//2875
f 2807//2876 2806//2876 2808//2876
f 2807//2877 2808//2877 2809//2877
f 2809//2878 2808//2878 2810//2878
f 2809//2879 2810//2879 2811//2879
f 2811//2880 2810//2880 2812//2880
f 2811//2881 2812//2881 2813//2881
f 2813//2882 2812//2882 2814//2882
f 2813//2883 2814//2883 2815//2883
f 2815//2884 2814//2884 2816//2884
f 2815//2885 2816//2885 2817//2885
f 2817//2886 2816//2886 2818//2886
f 2817//2887 2818//2887 2819//2887
f 2819//2888 2818//2888 2820//2888
f 2819//2889 2820//2889 2821//2889
f 2821//2890 2820//2890 2822//2890
f 2821//2891 2822//2891 2823//2891
f 2823//2892 2822//2892 2824//2892
f 2823//2893 2824//2893 2825//2893
f 2825//2894 2824//2894 2826//2894
f 2825//2895 2826//2895 2827//2895
f 2827//2896 2826//2896 2828//2896
f 2827//2897 2828//2897 2829//2897
f 2829//2898 2828//2898 2830//2898
f 2829//2899 2830//2899 2831//2899
f 2831//2900 2830//2900 2832//2900
f 2831//2901 2832//2901 2833//2901
f 2833//2902 2832//2902 2834//2902
f 2833//2903 2834//2903 2835//2903
f 2835//2904 2834//2904 2836//2904
f 2835//2905 2836//2905 2837//2905
f 2837//2906 2836//2906 2838//2906
f 2837//2907 2838//2907 2839//2907
f 2839//2908 2838//2908 2784//2908
f 2784//2909 2838//2909 2840//2909
f 2784//2910 2840//2910 2785//2910
f 2783//2911 2785//2911 2841//2911
f 2841//2912 2785//2912 2842//2912
f 2841//2913 2842//2913 2843//2913
f 2844//2914 2845//2914 2843//2914
f 2843//2915 2845//2915 2846//2915
f 2843//2916 2846//2916 2841//2916
f 2844//2917 2847//2917 2845//2917
f 2845//2918 2847//2918 2848//2918
f 2845//2919 2848//2919 2849//2919
f 2849//2920 2848//2920 2850//2920
f 2849//2921 2850//2921 2851//2921
f 2851//2922 2850//2922 2852//2922
f 2851//2923 2852//2923 2853//2923
f 2853//2924 2852//2924 2854//2924
f 2853//2925 2854//2925 2855//2925
f 2855//2926 2854//2926 2856//2926
f 2855//2927 2856//2927 2857//2927
f 2857//2928 2856//2928 2858//2928
f 2857//2929 2858//2929 2859//2929
f 2859//2930 2858//2930 2860//2930
f 2859//2931 2860//2931 2861//2931
f 2861//2932 2860//2932 2862//2932
f 2861//2933 2862//2933 2863//2933
f 2863//2934 2862//2934 2864//2934
f 2863//2935 2864//2935 2865//2935
f 2865//2936 2864//2936 2866//2936
f 2865//2937 2866//2937 2867//2937
f 2867//2938 2866//2938 2868//2938
f 2867//2939 2868//2939 2869//2939
f 2869//2940 2868//2940 2870//2940
f 2869//2941 2870//2941 2871//2941
f 2871//2942 2870//2942 2872//2942
f 2871//2943 2872//2943 2873//2943
f 2873//2944 2872//2944 2874//2944
f 2873//2945 2874//2945 2875//2945
f 2875//2946 2874//2946 2876//2946
f 2875//2947 2876//2947 2877//2947
f 2877//2948 2876//2948 2878//2948
f 2877//2949 2878//2949 2879//2949
f 2879//2950 2878//2950 2880//2950
f 2879//2951 2880//2951 2881//2951
f 2881//2952 2880//2952 2882//2952
f 2881//2953 2882//2953 2883//2953
f 2883//2954 2882//2954 2884//2954
f 2883//2955 2884//2955 2885//2955
f 2885//2956 2884//2956 2886//2956
f 2885//2957 2886//2957 2887//2957
f 2887//2958 2886//2958 2888//2958
f 2887//2959 2888//2959 2889//2959
f 2889//2960 2888//2960 2890//2960
f 2889//2961 2890//2961 2891//2961
f 2891//2962 2890//2962 2892//2962
f 2891//2963 2892//2963 2893//2963
f 2893//2964 2892//2964 2894//2964
f 2893//2965 2894//2965 2895//2965
f 2895//2966 2894//2966 2896//2966
f 2895//2967 2896//2967 2897//2967
f 2897//2968 2896//2968 2898//2968
f 2897//2969 2898//2969 2899//2969
f 2899//2970 2898//2970 2900//2970
f 2899//2971 2900//2971 2901//2971
f 2901//2972 2900//2972 2902//2972
f 2901//2973 2902//2973 2903//2973
f 2903//2974 2902//2974 2904//2974
f 2903//2975 2904//2975 2905//2975
f 2905//2976 2904//2976 2906//2976
f 2905//2977 2906//2977 2907//2977
f 2907//2978 2906//2978 2908//2978
f 2907//2979 2908//2979 2909//2979
f 2909//2980 2908//2980 2788//2980
f 2909//2981 2788//2981 2910//2981
f 2910//2982 2788//2982 2787//2982
f 2911//2983 2499//2983 2498//2983
f 2911//2984 2912//2984 2499//2984
f 2499//2985 2912//2985 2913//2985
f 2499//2986 2913//2986 2500//2986
f 2913//2987 2914//2987 2500//2987
f 2500//2712 2914//2712 2915//2712
f 2500//2988 2915//2988 2505//2988
f 2915//2989 2916//2989 2505//2989
f 2505//2990 2916//2990 2917//2990
f 2505//2991 2917//2991 2506//2991
f 2917//2992 2918//2992 2506//2992
f 2506//2993 2918//2993 2919//2993
f 2506//2994 2919//2994 2493//2994
f 2919//2995 2920//2995 2493//2995
f 2493//2996 2920//2996 2921//2996
f 2493//2997 2921//2997 2494//2997
f 2921//2998 2922//2998 2494//2998
f 2494//2999 2922//2999 2923//2999
f 2494//3000 2923//3000 2501//3000
f 2923//3001 2924//3001 2501//3001
f 2501//3002 2924//3002 2925//3002
f 2501//3003 2925//3003 2502//3003
f 2925//3004 2926//3004 2502//3004
f 2502//3005 2926//3005 2927//3005
f 2502//3006 2927//3006 2503//3006
f 2927//3007 2928//3007 2503//3007
f 2503//3008 2928//3008 2929//3008
f 2503//3009 2929//3009 2492//3009
f 2929//3010 2930//3010 2492//3010
f 2492//3011 2930//3011 2931//3011
f 2492//3012 2931//3012 2497//3012
f 2931//3013 2932//3013 2497//3013
f 2497//3014 2932//3014 2933//3014
f 2497//3015 2933//3015 2498//3015
f 2498//3016 2933//3016 2934//3016
f 2498//3017 2934//3017 2911//3017
f 2932//3018 2931//3018 2302//3018
f 2302//3019 2931//3019 2303//3019
f 2303//3020 2931//3020 2930//3020
f 2303//3021 2930//3021 2305//3021
f 2930//3022 2929//3022 2305//3022
f 2305//3023 2929//3023 2928//3023
f 2305//3024 2928//3024 2307//3024
f 2928//3025 2927//3025 2307//3025
f 2307//3026 2927//3026 2926//3026
f 2307//3027 2926//3027 2315//3027
f 2926//3028 2925//3028 2315//3028
f 2315//3029 2925//3029 2924//3029
f 2315//3030 2924//3030 2316//3030
f 2924//3031 2923//3031 2316//3031
f 2316//3032 2923//3032 2922//3032
f 2316//3033 2922//3033 2317//3033
f 2317//3034 2922//3034 2921//3034
f 2317//3035 2921//3035 2313//3035
f 2921//3036 2920//3036 2313//3036
f 2313//3037 2920//3037 2919//3037
f 2313//3038 2919//3038 2311//3038
f 2919//3039 2918//3039 2311//3039
f 2311//3040 2918//3040 2917//3040
f 2311//3041 2917//3041 2309//3041
f 2917//3042 2916//3042 2309//3042
f 2309//3043 2916//3043 2915//3043
f 2309//3044 2915//3044 2402//3044
f 2915//3045 2914//3045 2402//3045
f 2402//3046 2914//3046 2913//3046
f 2402//3047 2913//3047 2405//3047
f 2302//3048 2935//3048 2932//3048
f 2932//3049 2935//3049 2423//3049
f 2932//3050 2423//3050 2933//3050
f 2933//3051 2423//3051 2422//3051
f 2933//3052 2422//3052 2934//3052
f 2934//3053 2422//3053 2406//3053
f 2934//3054 2406//3054 2911//3054
f 2911//3055 2406//3055 2405//3055
f 2911//3056 2405//3056 2912//3056
f 2912//3057 2405//3057 2913//3057
f 2936//2983 2566//2983 2565//2983
f 2936//2984 2937//2984 2566//2984
f 2566//3058 2937//3058 2938//3058
f 2566//3059 2938//3059 2563//3059
f 2938//3060 2939//3060 2563//3060
f 2563//3061 2939//3061 2940//3061
f 2563//3062 2940//3062 2558//3062
f 2940//3063 2941//3063 2558//3063
f 2558//3064 2941//3064 2942//3064
f 2558//3065 2942//3065 2556//3065
f 2942//3066 2943//3066 2556//3066
f 2556//3067 2943//3067 2944//3067
f 2556//3068 2944//3068 2555//3068
f 2944//3069 2945//3069 2555//3069
f 2555//3070 2945//3070 2946//3070
f 2555//3071 2946//3071 2553//3071
f 2946//3072 2947//3072 2553//3072
f 2553//3073 2947//3073 2948//3073
f 2553//3074 2948//3074 2554//3074
f 2948//3075 2949//3075 2554//3075
f 2554//3076 2949//3076 2950//3076
f 2554//3077 2950//3077 2559//3077
f 2950//3078 2951//3078 2559//3078
f 2559//3079 2951//3079 2952//3079
f 2559//3080 2952//3080 2560//3080
f 2952//3081 2953//3081 2560//3081
f 2560//3082 2953//3082 2954//3082
f 2560//3083 2954//3083 2562//3083
f 2954//3084 2955//3084 2562//3084
f 2562//3085 2955//3085 2956//3085
f 2562//3086 2956//3086 2564//3086
f 2956//3087 2957//3087 2564//3087
f 2564//3014 2957//3014 2958//3014
f 2564//3015 2958//3015 2565//3015
f 2565//3016 2958//3016 2959//3016
f 2565//3017 2959//3017 2936//3017
f 2362//3088 2364//3088 2957//3088
f 2957//3089 2956//3089 2362//3089
f 2362//3090 2956//3090 2955//3090
f 2362//3091 2955//3091 2360//3091
f 2955//3092 2954//3092 2360//3092
f 2360//3093 2954//3093 2953//3093
f 2360//3094 2953//3094 2344//3094
f 2953//3095 2952//3095 2344//3095
f 2344//3096 2952//3096 2951//3096
f 2344//3027 2951//3027 2330//3027
f 2951//3097 2950//3097 2330//3097
f 2330//3098 2950//3098 2949//3098
f 2330//3099 2949//3099 2345//3099
f 2949//3100 2948//3100 2345//3100
f 2345//3101 2948//3101 2947//3101
f 2345//3102 2947//3102 2346//3102
f 2346//3103 2947//3103 2946//3103
f 2346//3104 2946//3104 2348//3104
f 2348//3105 2946//3105 2945//3105
f 2348//3106 2945//3106 2960//3106
f 2960//3107 2945//3107 2944//3107
f 2960//3108 2944//3108 2961//3108
f 2961//3109 2944//3109 2349//3109
f 2349//3110 2944//3110 2943//3110
f 2349//3111 2943//3111 2350//3111
f 2350//3112 2943//3112 2942//3112
f 2350//3113 2942//3113 2352//3113
f 2942//3114 2941//3114 2352//3114
f 2352//3115 2941//3115 2940//3115
f 2352//3116 2940//3116 2354//3116
f 2940//3117 2939//3117 2354//3117
f 2354//3118 2939//3118 2938//3118
f 2354//3119 2938//3119 2356//3119
f 2938//3120 2937//3120 2356//3120
f 2356//3121 2937//3121 2936//3121
f 2356//3122 2936//3122 2365//3122
f 2365//3123 2936//3123 2959//3123
f 2365//3124 2959//3124 2364//3124
f 2364//3125 2959//3125 2958//3125
f 2364//3126 2958//3126 2957//3126
f 2962//3127 2514//3127 2516//3127
f 2962//3128 2963//3128 2514//3128
f 2514//3129 2963//3129 2964//3129
f 2514//3130 2964//3130 2520//3130
f 2964//3131 2965//3131 2520//3131
f 2520//3132 2965//3132 2966//3132
f 2520//3133 2966//3133 2521//3133
f 2966//3134 2967//3134 2521//3134
f 2521//3135 2967//3135 2968//3135
f 2521//3136 2968//3136 2522//3136
f 2968//3137 2969//3137 2522//3137
f 2522//3138 2969//3138 2970//3138
f 2522//3139 2970//3139 2513//3139
f 2970//3140 2971//3140 2513//3140
f 2513//3141 2971//3141 2972//3141
f 2513//3142 2972//3142 2511//3142
f 2972//3143 2973//3143 2511//3143
f 2511//3144 2973//3144 2974//3144
f 2511//3145 2974//3145 2507//3145
f 2974//3146 2975//3146 2507//3146
f 2507//3147 2975//3147 2976//3147
f 2507//3148 2976//3148 2508//3148
f 2976//3078 2977//3078 2508//3078
f 2508//3079 2977//3079 2978//3079
f 2508//3080 2978//3080 2509//3080
f 2978//3081 2979//3081 2509//3081
f 2509//3149 2979//3149 2980//3149
f 2509//3150 2980//3150 2519//3150
f 2980//3151 2981//3151 2519//3151
f 2519//3152 2981//3152 2982//3152
f 2519//3153 2982//3153 2518//3153
f 2982//3154 2983//3154 2518//3154
f 2518//3155 2983//3155 2984//3155
f 2518//3156 2984//3156 2516//3156
f 2516//3016 2984//3016 2985//3016
f 2516//3157 2985//3157 2962//3157
f 2986//3158 2985//3158 2408//3158
f 2408//3159 2985//3159 2984//3159
f 2408//3160 2984//3160 2409//3160
f 2409//3161 2984//3161 2983//3161
f 2409//3162 2983//3162 2424//3162
f 2983//3163 2982//3163 2424//3163
f 2424//3164 2982//3164 2981//3164
f 2424//3165 2981//3165 2400//3165
f 2981//3166 2980//3166 2400//3166
f 2400//3167 2980//3167 2979//3167
f 2400//3168 2979//3168 2401//3168
f 2979//3169 2978//3169 2401//3169
f 2401//3170 2978//3170 2977//3170
f 2401//3171 2977//3171 2403//3171
f 2977//3172 2976//3172 2403//3172
f 2403//3173 2976//3173 2975//3173
f 2403//3174 2975//3174 2414//3174
f 2975//3175 2974//3175 2414//3175
f 2414//3176 2974//3176 2973//3176
f 2414//3033 2973//3033 2412//3033
f 2412//3177 2973//3177 2972//3177
f 2412//3178 2972//3178 2410//3178
f 2972//3179 2971//3179 2410//3179
f 2410//3180 2971//3180 2970//3180
f 2410//3181 2970//3181 2397//3181
f 2970//3182 2969//3182 2397//3182
f 2397//3183 2969//3183 2968//3183
f 2397//3184 2968//3184 2398//3184
f 2968//3185 2967//3185 2398//3185
f 2398//3186 2967//3186 2966//3186
f 2398//3187 2966//3187 2418//3187
f 2966//3188 2965//3188 2418//3188
f 2418//3189 2965//3189 2964//3189
f 2418//3190 2964//3190 2419//3190
f 2986//3191 2987//3191 2985//3191
f 2985//3192 2987//3192 2420//3192
f 2985//3193 2420//3193 2962//3193
f 2962//3194 2420//3194 2419//3194
f 2962//3195 2419//3195 2963//3195
f 2963//3196 2419//3196 2964//3196
f 2988//2983 2608//2983 2607//2983
f 2988//2984 2989//2984 2608//2984
f 2608//3197 2989//3197 2990//3197
f 2608//3198 2990//3198 2610//3198
f 2990//3199 2991//3199 2610//3199
f 2610//3200 2991//3200 2992//3200
f 2610//3201 2992//3201 2612//3201
f 2992//3202 2993//3202 2612//3202
f 2612//3064 2993//3064 2994//3064
f 2612//3203 2994//3203 2614//3203
f 2994//3204 2995//3204 2614//3204
f 2614//3205 2995//3205 2996//3205
f 2614//3206 2996//3206 2616//3206
f 2996//3207 2997//3207 2616//3207
f 2616//2996 2997//2996 2998//2996
f 2616//2997 2998//2997 2617//2997
f 2998//2998 2999//2998 2617//2998
f 2617//2999 2999//2999 3000//2999
f 2617//3000 3000//3000 2618//3000
f 3000//3001 3001//3001 2618//3001
f 2618//3208 3001//3208 3002//3208
f 2618//3209 3002//3209 2619//3209
f 3002//3210 3003//3210 2619//3210
f 2619//3211 3003//3211 3004//3211
f 2619//3212 3004//3212 2470//3212
f 3004//3213 3005//3213 2470//3213
f 2470//3214 3005//3214 3006//3214
f 2470//3215 3006//3215 2605//3215
f 3006//3216 3007//3216 2605//3216
f 2605//3217 3007//3217 3008//3217
f 2605//3218 3008//3218 2606//3218
f 3008//3219 3009//3219 2606//3219
f 2606//3014 3009//3014 3010//3014
f 2606//3015 3010//3015 2607//3015
f 2607//3016 3010//3016 3011//3016
f 2607//3017 3011//3017 2988//3017
f 2434//3220 2433//3220 3009//3220
f 3009//3221 3008//3221 2434//3221
f 2434//3222 3008//3222 3007//3222
f 2434//3223 3007//3223 2435//3223
f 3007//3224 3006//3224 2435//3224
f 2435//3225 3006//3225 3005//3225
f 2435//3226 3005//3226 2436//3226
f 3005//3227 3004//3227 2436//3227
f 2436//3228 3004//3228 3003//3228
f 2436//3229 3003//3229 2437//3229
f 3003//3230 3002//3230 2437//3230
f 2437//3231 3002//3231 3001//3231
f 2437//3232 3001//3232 2438//3232
f 3001//3031 3000//3031 2438//3031
f 2438//3032 3000//3032 2999//3032
f 2438//3033 2999//3033 2425//3033
f 2425//3034 2999//3034 2998//3034
f 2425//3233 2998//3233 2426//3233
f 2998//3234 2997//3234 2426//3234
f 2426//3235 2997//3235 2996//3235
f 2426//3236 2996//3236 2427//3236
f 2996//3237 2995//3237 2427//3237
f 2427//3238 2995//3238 2994//3238
f 2427//3239 2994//3239 2428//3239
f 2994//3240 2993//3240 2428//3240
f 2428//3241 2993//3241 2992//3241
f 2428//3242 2992//3242 2430//3242
f 2992//3243 2991//3243 2430//3243
f 2430//3244 2991//3244 2990//3244
f 2430//3245 2990//3245 2431//3245
f 2990//3246 2989//3246 2431//3246
f 2431//3247 2989//3247 2988//3247
f 2431//3248 2988//3248 2432//3248
f 2432//3249 2988//3249 3011//3249
f 2432//3250 3011//3250 2433//3250
f 2433//3251 3011//3251 3010//3251
f 2433//3252 3010//3252 3009//3252
f 3012//3253 2571//3253 2568//3253
f 3012//3128 3013//3128 2571//3128
f 2571//3254 3013//3254 3014//3254
f 2571//3255 3014//3255 2572//3255
f 3014//3256 3015//3256 2572//3256
f 2572//3257 3015//3257 3016//3257
f 2572//3258 3016//3258 2573//3258
f 3016//3259 3017//3259 2573//3259
f 2573//2990 3017//2990 3018//2990
f 2573//2991 3018//2991 2575//2991
f 3018//2992 3019//2992 2575//2992
f 2575//2993 3019//2993 3020//2993
f 2575//3260 3020//3260 2577//3260
f 3020//3261 3021//3261 2577//3261
f 2577//3262 3021//3262 3022//3262
f 2577//3263 3022//3263 2578//3263
f 3022//3264 3023//3264 2578//3264
f 2578//3265 3023//3265 3024//3265
f 2578//3266 3024//3266 2579//3266
f 3024//3267 3025//3267 2579//3267
f 2579//3268 3025//3268 3026//3268
f 2579//3269 3026//3269 2473//3269
f 3026//3270 3027//3270 2473//3270
f 2473//3271 3027//3271 3028//3271
f 2473//3272 3028//3272 2474//3272
f 3028//3273 3029//3273 2474//3273
f 2474//3274 3029//3274 3030//3274
f 2474//3275 3030//3275 2570//3275
f 3030//3276 3031//3276 2570//3276
f 2570//3277 3031//3277 3032//3277
f 2570//3278 3032//3278 2567//3278
f 3032//3219 3033//3219 2567//3219
f 2567//3155 3033//3155 3034//3155
f 2567//3279 3034//3279 2568//3279
f 2568//3280 3034//3280 3035//3280
f 2568//3017 3035//3017 3012//3017
f 2338//3281 2339//3281 3033//3281
f 3033//3282 3032//3282 2338//3282
f 2338//3283 3032//3283 3031//3283
f 2338//3284 3031//3284 2321//3284
f 3031//3285 3030//3285 2321//3285
f 2321//3286 3030//3286 3029//3286
f 2321//3287 3029//3287 2326//3287
f 3029//3288 3028//3288 2326//3288
f 2326//3289 3028//3289 3027//3289
f 2326//3290 3027//3290 2327//3290
f 3027//3291 3026//3291 2327//3291
f 2327//3292 3026//3292 3025//3292
f 2327//3293 3025//3293 2226//3293
f 2226//3294 3025//3294 3024//3294
f 2226//3295 3024//3295 2227//3295
f 2227//3296 3024//3296 3023//3296
f 2227//3297 3023//3297 3036//3297
f 3036//3298 3023//3298 3022//3298
f 3036//3299 3022//3299 3037//3299
f 3037//3300 3022//3300 2340//3300
f 2340//3301 3022//3301 3021//3301
f 2340//3302 3021//3302 2341//3302
f 2341//3303 3021//3303 3020//3303
f 2341//3304 3020//3304 2342//3304
f 3020//3305 3019//3305 2342//3305
f 2342//3306 3019//3306 3018//3306
f 2342//3307 3018//3307 2343//3307
f 3018//3308 3017//3308 2343//3308
f 2343//3309 3017//3309 3016//3309
f 2343//3310 3016//3310 2331//3310
f 3016//3311 3015//3311 2331//3311
f 2331//3312 3015//3312 3014//3312
f 2331//3313 3014//3313 2332//3313
f 3014//3314 3013//3314 2332//3314
f 2332//3315 3013//3315 3012//3315
f 2332//3316 3012//3316 2334//3316
f 2334//3123 3012//3123 3035//3123
f 2334//3317 3035//3317 2339//3317
f 2339//3318 3035//3318 3034//3318
f 2339//3319 3034//3319 3033//3319
f 3038//3320 2541//3320 2532//3320
f 3038//3321 3039//3321 2541//3321
f 2541//3254 3039//3254 3040//3254
f 2541//3322 3040//3322 2542//3322
f 3040//3323 3041//3323 2542//3323
f 2542//3324 3041//3324 3042//3324
f 2542//3325 3042//3325 2543//3325
f 3042//3326 3043//3326 2543//3326
f 2543//3327 3043//3327 3044//3327
f 2543//3328 3044//3328 2535//3328
f 3044//3329 3045//3329 2535//3329
f 2535//3330 3045//3330 3046//3330
f 2535//3331 3046//3331 2544//3331
f 3046//3332 3047//3332 2544//3332
f 2544//3333 3047//3333 3048//3333
f 2544//3334 3048//3334 2545//3334
f 3048//3335 3049//3335 2545//3335
f 2545//3336 3049//3336 3050//3336
f 2545//3337 3050//3337 2547//3337
f 3050//3338 3051//3338 2547//3338
f 2547//3339 3051//3339 3052//3339
f 2547//3340 3052//3340 2548//3340
f 3052//3004 3053//3004 2548//3004
f 2548//3341 3053//3341 3054//3341
f 2548//3342 3054//3342 2549//3342
f 3054//3343 3055//3343 2549//3343
f 2549//3344 3055//3344 3056//3344
f 2549//3345 3056//3345 2550//3345
f 3056//3010 3057//3010 2550//3010
f 2550//3346 3057//3346 3058//3346
f 2550//3347 3058//3347 2540//3347
f 3058//3348 3059//3348 2540//3348
f 2540//3349 3059//3349 3060//3349
f 2540//3350 3060//3350 2532//3350
f 2532//3351 3060//3351 3061//3351
f 2532//3352 3061//3352 3038//3352
f 2389//3353 2377//3353 3059//3353
f 3059//3354 3058//3354 2389//3354
f 2389//3355 3058//3355 3057//3355
f 2389//3356 3057//3356 2387//3356
f 3057//3022 3056//3022 2387//3022
f 2387//3357 3056//3357 3055//3357
f 2387//3358 3055//3358 2379//3358
f 3055//3359 3054//3359 2379//3359
f 2379//3360 3054//3360 3053//3360
f 2379//3361 3053//3361 2380//3361
f 3053//3028 3052//3028 2380//3028
f 2380//3362 3052//3362 3051//3362
f 2380//3363 3051//3363 2366//3363
f 3051//3364 3050//3364 2366//3364
f 2366//3365 3050//3365 3049//3365
f 2366//3366 3049//3366 2367//3366
f 2367//3367 3049//3367 3048//3367
f 2367//3368 3048//3368 2369//3368
f 3048//3369 3047//3369 2369//3369
f 2369//3370 3047//3370 3046//3370
f 2369//3371 3046//3371 2371//3371
f 3046//3372 3045//3372 2371//3372
f 2371//3373 3045//3373 3044//3373
f 2371//3374 3044//3374 2372//3374
f 2372//3375 3044//3375 3043//3375
f 2372//3376 3043//3376 3062//3376
f 3062//3377 3043//3377 3042//3377
f 3062//3378 3042//3378 3063//3378
f 3063//3379 3042//3379 3041//3379
f 3063//3380 3041//3380 2374//3380
f 2374//3381 3041//3381 2375//3381
f 2375//3382 3041//3382 3040//3382
f 2375//3383 3040//3383 2385//3383
f 3040//3384 3039//3384 2385//3384
f 2385//3385 3039//3385 3038//3385
f 2385//3386 3038//3386 2376//3386
f 2376//3387 3038//3387 3061//3387
f 2376//3388 3061//3388 2377//3388
f 2377//3389 3061//3389 3060//3389
f 2377//3390 3060//3390 3059//3390
f 2627//3391 2624//3391 2851//3391
f 2851//3392 2853//3392 2627//3392
f 2627//3393 2853//3393 2855//3393
f 2627//3394 2855//3394 2620//3394
f 2855//3395 2857//3395 2620//3395
f 2620//3396 2857//3396 2859//3396
f 2620//3397 2859//3397 2621//3397
f 2859//3398 2861//3398 2621//3398
f 2621//3399 2861//3399 2863//3399
f 2621//3400 2863//3400 2622//3400
f 2863//3401 2865//3401 2622//3401
f 2622//3402 2865//3402 2867//3402
f 2622//3403 2867//3403 2623//3403
f 2623//3404 2867//3404 2869//3404
f 2623//3405 2869//3405 2613//3405
f 2613//3406 2869//3406 2871//3406
f 2613//3407 2871//3407 2611//3407
f 2871//3408 2873//3408 2611//3408
f 2611//3409 2873//3409 2875//3409
f 2611//3410 2875//3410 2609//3410
f 2875//3411 2877//3411 2609//3411
f 2609//3412 2877//3412 2879//3412
f 2609//3413 2879//3413 2604//3413
f 2879//3414 2881//3414 2604//3414
f 2604//3415 2881//3415 2883//3415
f 2604//3416 2883//3416 2602//3416
f 2883//3417 2885//3417 2602//3417
f 2602//3418 2885//3418 2887//3418
f 2602//3419 2887//3419 2600//3419
f 2887//3420 2889//3420 2600//3420
f 2600//3421 2889//3421 2891//3421
f 2600//3422 2891//3422 2496//3422
f 2891//3423 2893//3423 2496//3423
f 2496//3424 2893//3424 2895//3424
f 2496//3425 2895//3425 2495//3425
f 2895//3426 2897//3426 2495//3426
f 2495//3427 2897//3427 2899//3427
f 2495//3428 2899//3428 2504//3428
f 2899//3429 2901//3429 2504//3429
f 2504//3430 2901//3430 2903//3430
f 2504//3431 2903//3431 2599//3431
f 2786//3432 2639//3432 2638//3432
f 2903//3433 2905//3433 2599//3433
f 2599//3434 2905//3434 2907//3434
f 2599//3435 2907//3435 2598//3435
f 2598//3436 2907//3436 2909//3436
f 2598//3437 2909//3437 2637//3437
f 2637//3438 2909//3438 2910//3438
f 2637//3439 2910//3439 2638//3439
f 2638//3440 2910//3440 2787//3440
f 2638//3441 2787//3441 2786//3441
f 2786//3442 2791//3442 2639//3442
f 2639//3443 2791//3443 2792//3443
f 2639//3444 2792//3444 2528//3444
f 2528//3445 2792//3445 2795//3445
f 2528//3446 2795//3446 2529//3446
f 2795//3447 2796//3447 2529//3447
f 2529//3448 2796//3448 2799//3448
f 2529//3449 2799//3449 2636//3449
f 2799//3450 2801//3450 2636//3450
f 2636//3451 2801//3451 2803//3451
f 2636//3452 2803//3452 2631//3452
f 2803//3453 2805//3453 2631//3453
f 2631//3454 2805//3454 2807//3454
f 2631//3455 2807//3455 2632//3455
f 2807//3456 2809//3456 2632//3456
f 2632//3457 2809//3457 2811//3457
f 2632//3458 2811//3458 2633//3458
f 2811//3459 2813//3459 2633//3459
f 2633//3460 2813//3460 2815//3460
f 2633//3461 2815//3461 2634//3461
f 2815//3462 2817//3462 2634//3462
f 2634//3463 2817//3463 2819//3463
f 2634//3464 2819//3464 2635//3464
f 2819//3465 2821//3465 2635//3465
f 2635//3466 2821//3466 2823//3466
f 2635//3467 2823//3467 2630//3467
f 2823//3468 2825//3468 2630//3468
f 2630//3469 2825//3469 2827//3469
f 2630//3470 2827//3470 2467//3470
f 2827//3471 2829//3471 2467//3471
f 2467//3472 2829//3472 2831//3472
f 2467//3473 2831//3473 2468//3473
f 2831//3474 2833//3474 2468//3474
f 2468//3475 2833//3475 2835//3475
f 2468//3476 2835//3476 2561//3476
f 2835//3477 2837//3477 2561//3477
f 2561//3478 2837//3478 2839//3478
f 2561//3479 2839//3479 2628//3479
f 2839//3480 2784//3480 2628//3480
f 2628//3481 2784//3481 2783//3481
f 2628//3482 2783//3482 2629//3482
f 2783//3483 2841//3483 2629//3483
f 2629//3484 2841//3484 2846//3484
f 2629//3485 2846//3485 2625//3485
f 2625//3486 2846//3486 2845//3486
f 2625//3487 2845//3487 2624//3487
f 2624//3488 2845//3488 2849//3488
f 2624//3489 2849//3489 2851//3489
f 2310//3490 2413//3490 2906//3490
f 2906//3491 2904//3491 2310//3491
f 2310//3492 2904//3492 2902//3492
f 2310//3493 2902//3493 2312//3493
f 2902//3494 2900//3494 2312//3494
f 2312//3495 2900//3495 2898//3495
f 2312//3496 2898//3496 2314//3496
f 2898//3497 2896//3497 2314//3497
f 2314//3498 2896//3498 2894//3498
f 2314//3499 2894//3499 2445//3499
f 2894//3500 2892//3500 2445//3500
f 2445//3501 2892//3501 2890//3501
f 2445//3502 2890//3502 2447//3502
f 2890//3503 2888//3503 2447//3503
f 2447//3504 2888//3504 2886//3504
f 2447//3505 2886//3505 2441//3505
f 2886//3506 2884//3506 2441//3506
f 2441//3507 2884//3507 2882//3507
f 2441//3508 2882//3508 2440//3508
f 2882//3509 2880//3509 2440//3509
f 2440//3510 2880//3510 2878//3510
f 2440//3511 2878//3511 2439//3511
f 2878//3512 2876//3512 2439//3512
f 2439//3513 2876//3513 2874//3513
f 2439//3514 2874//3514 2256//3514
f 2874//3515 2872//3515 2256//3515
f 2256//3516 2872//3516 2870//3516
f 2256//3517 2870//3517 2258//3517
f 2870//3518 2868//3518 2258//3518
f 2258//3519 2868//3519 2866//3519
f 2258//3520 2866//3520 2254//3520
f 2866//3521 2864//3521 2254//3521
f 2254//3522 2864//3522 2862//3522
f 2254//3523 2862//3523 2252//3523
f 2862//3524 2860//3524 2252//3524
f 2252//3525 2860//3525 2858//3525
f 2252//3526 2858//3526 2251//3526
f 2858//3527 2856//3527 2251//3527
f 2251//3528 2856//3528 2854//3528
f 2251//3529 2854//3529 2249//3529
f 2843//3530 2333//3530 2335//3530
f 2854//3531 2852//3531 2249//3531
f 2249//3532 2852//3532 2850//3532
f 2249//3533 2850//3533 2336//3533
f 2336//3534 2850//3534 2848//3534
f 2336//3535 2848//3535 2337//3535
f 2337//3536 2848//3536 2847//3536
f 2337//3537 2847//3537 2335//3537
f 2335//3538 2847//3538 2844//3538
f 2335//3539 2844//3539 2843//3539
f 2843//3540 2842//3540 2333//3540
f 2333//3541 2842//3541 2785//3541
f 2333//3542 2785//3542 2361//3542
f 2361//3543 2785//3543 2840//3543
f 2361//3544 2840//3544 2363//3544
f 2840//3545 2838//3545 2363//3545
f 2363//3546 2838//3546 2836//3546
f 2363//3547 2836//3547 2357//3547
f 2836//3548 2834//3548 2357//3548
f 2357//3549 2834//3549 2832//3549
f 2357//3550 2832//3550 2358//3550
f 2832//3551 2830//3551 2358//3551
f 2358//3552 2830//3552 2828//3552
f 2358//3553 2828//3553 2359//3553
f 2828//3554 2826//3554 2359//3554
f 2359//3555 2826//3555 2824//3555
f 2359//3556 2824//3556 2382//3556
f 2824//3557 2822//3557 2382//3557
f 2382//3558 2822//3558 2820//3558
f 2382//3559 2820//3559 2381//3559
f 2820//3560 2818//3560 2381//3560
f 2381//3561 2818//3561 2816//3561
f 2381//3562 2816//3562 2388//3562
f 2816//3563 2814//3563 2388//3563
f 2388//3564 2814//3564 2812//3564
f 2388//3565 2812//3565 2390//3565
f 2812//3566 2810//3566 2390//3566
f 2390//3567 2810//3567 2808//3567
f 2390//3568 2808//3568 2391//3568
f 2808//3569 2806//3569 2391//3569
f 2391//3570 2806//3570 2804//3570
f 2391//3571 2804//3571 2378//3571
f 2804//3572 2802//3572 2378//3572
f 2378//3573 2802//3573 2800//3573
f 2378//3574 2800//3574 2393//3574
f 2800//3575 2798//3575 2393//3575
f 2393//3576 2798//3576 2797//3576
f 2393//3577 2797//3577 2394//3577
f 2797//3578 2794//3578 2394//3578
f 2394//3579 2794//3579 2793//3579
f 2394//3580 2793//3580 2415//3580
f 2793//3581 2790//3581 2415//3581
f 2415//3582 2790//3582 2789//3582
f 2415//3583 2789//3583 2411//3583
f 2411//3584 2789//3584 2788//3584
f 2411//3585 2788//3585 2413//3585
f 2413//3586 2788//3586 2908//3586
f 2413//3587 2908//3587 2906//3587
f 3064//3588 2273//3588 2272//3588
f 3064//3588 2272//3588 3065//3588
f 3065//3589 2272//3589 2453//3589
f 3065//3589 2453//3589 3066//3589
f 3067//3590 2449//3590 3068//3590
f 3068//3590 2449//3590 2442//3590
f 3069//3591 2446//3591 3070//3591
f 3070//3591 2446//3591 2448//3591
f 3070//3592 2448//3592 3071//3592
f 3071//3592 2448//3592 2454//3592
f 3072//3593 2457//3593 3073//3593
f 3073//3593 2457//3593 2456//3593
f 3074//21 3075//21 3076//21
f 3076//21 3075//21 3077//21
f 3076//21 3077//21 3078//21
f 3078//21 3077//21 3079//21
f 3074//21 3080//21 3081//21
f 3082//21 3083//21 3084//21
f 3085//21 3086//21 3087//21
f 3087//21 3086//21 3075//21
f 3087//21 3075//21 3088//21
f 3088//21 3075//21 3074//21
f 3088//21 3074//21 3089//21
f 3089//21 3074//21 3081//21
f 3090//21 3091//21 3079//21
f 3079//21 3091//21 3092//21
f 3079//21 3092//21 3078//21
f 3078//21 3092//21 3082//21
f 3078//21 3082//21 3093//21
f 3093//21 3082//21 3084//21
f 3094//3594 2243//3594 2241//3594
f 3094//3594 2241//3594 3095//3594
f 3095//3595 2241//3595 2238//3595
f 3095//3595 2238//3595 3096//3595
f 3097//3596 2233//3596 3098//3596
f 3098//3596 2233//3596 2232//3596
f 3099//3597 2255//3597 3100//3597
f 3100//3597 2255//3597 2257//3597
f 3100//3598 2257//3598 3101//3598
f 3101//3598 2257//3598 2259//3598
f 3102//3599 2253//3599 3103//3599
f 3103//3599 2253//3599 2250//3599
f 3104//21 3105//21 3106//21
f 3107//21 3108//21 3109//21
f 3109//21 3110//21 3107//21
f 3107//21 3110//21 3111//21
f 3107//21 3111//21 3112//21
f 3113//21 3114//21 3115//21
f 3115//21 3114//21 3109//21
f 3115//21 3109//21 3106//21
f 3106//21 3109//21 3108//21
f 3106//21 3108//21 3104//21
f 3104//21 3108//21 3116//21
f 3112//21 3117//21 3107//21
f 3107//21 3117//21 3118//21
f 3107//21 3118//21 3119//21
f 3119//21 3118//21 3120//21
f 3121//21 3122//21 3118//21
f 3118//21 3122//21 3123//21
f 3118//21 3123//21 3120//21
f 3101//3600 2259//3600 2260//3600
f 3101//3600 2260//3600 3124//3600
f 3124//3601 2260//3601 2253//3601
f 3124//3601 2253//3601 3102//3601
f 3103//3602 2250//3602 2248//3602
f 3103//3602 2248//3602 3125//3602
f 3125//3603 2248//3603 2247//3603
f 3125//3603 2247//3603 3126//3603
f 3126//3604 2247//3604 2246//3604
f 3126//3604 2246//3604 3127//3604
f 3127//3605 2246//3605 2245//3605
f 3127//3605 2245//3605 3128//3605
f 3128//3606 2245//3606 2243//3606
f 3128//3606 2243//3606 3094//3606
f 3098//3607 2232//3607 2230//3607
f 3098//3607 2230//3607 3129//3607
f 3129//3608 2230//3608 2229//3608
f 3129//3608 2229//3608 3130//3608
f 3130//3609 2229//3609 2255//3609
f 3130//3609 2255//3609 3099//3609
f 3096//3610 2238//3610 2237//3610
f 3096//3610 2237//3610 3131//3610
f 3131//3611 2237//3611 2236//3611
f 3131//3611 2236//3611 3132//3611
f 3132//3612 2236//3612 2235//3612
f 3132//3612 2235//3612 3133//3612
f 3133//3613 2235//3613 2233//3613
f 3133//3613 2233//3613 3097//3613
f 3068//3614 2442//3614 2443//3614
f 3068//3614 2443//3614 3134//3614
f 3134//3615 2443//3615 2444//3615
f 3134//3615 2444//3615 3135//3615
f 3135//3616 2444//3616 2446//3616
f 3135//3616 2446//3616 3069//3616
f 3071//3617 2454//3617 2455//3617
f 3071//3617 2455//3617 3136//3617
f 3136//3618 2455//3618 2458//3618
f 3136//3618 2458//3618 3137//3618
f 3137//3619 2458//3619 2457//3619
f 3137//3619 2457//3619 3072//3619
f 3073//3620 2456//3620 2276//3620
f 3073//3620 2276//3620 3138//3620
f 3138//3621 2276//3621 2275//3621
f 3138//3621 2275//3621 3139//3621
f 3139//3622 2275//3622 2274//3622
f 3139//3622 2274//3622 3140//3622
f 3140//3623 2274//3623 2273//3623
f 3140//3623 2273//3623 3064//3623
f 3066//3624 2453//3624 2452//3624
f 3066//3624 2452//3624 3141//3624
f 3141//3625 2452//3625 2451//3625
f 3141//3625 2451//3625 3142//3625
f 3142//3626 2451//3626 2450//3626
f 3142//3626 2450//3626 3143//3626
f 3143//3627 2450//3627 2449//3627
f 3143//3627 2449//3627 3067//3627
f 3071//3628 3079//3628 3070//3628
f 3070//3629 3079//3629 3077//3629
f 3070//3630 3077//3630 3069//3630
f 3069//3631 3077//3631 3075//3631
f 3079//3632 3071//3632 3136//3632
f 3079//3633 3136//3633 3090//3633
f 3090//3634 3136//3634 3137//3634
f 3090//3635 3137//3635 3091//3635
f 3091//3636 3137//3636 3072//3636
f 3091//3637 3072//3637 3092//3637
f 3087//3638 3068//3638 3134//3638
f 3087//3639 3134//3639 3085//3639
f 3085//3640 3134//3640 3135//3640
f 3085//3641 3135//3641 3086//3641
f 3086//3642 3135//3642 3069//3642
f 3086//3643 3069//3643 3075//3643
f 3073//3644 3082//3644 3072//3644
f 3072//3645 3082//3645 3092//3645
f 3088//3646 3067//3646 3087//3646
f 3087//3646 3067//3646 3068//3646
f 3082//3647 3073//3647 3138//3647
f 3082//3648 3138//3648 3083//3648
f 3083//3649 3138//3649 3139//3649
f 3083//3650 3139//3650 3084//3650
f 3084//3651 3139//3651 3140//3651
f 3084//3652 3140//3652 3093//3652
f 3093//3653 3140//3653 3064//3653
f 3093//3654 3064//3654 3078//3654
f 3074//3655 3066//3655 3141//3655
f 3074//3656 3141//3656 3080//3656
f 3080//3657 3141//3657 3142//3657
f 3080//3658 3142//3658 3081//3658
f 3081//3659 3142//3659 3143//3659
f 3081//3660 3143//3660 3089//3660
f 3089//3661 3143//3661 3067//3661
f 3089//3662 3067//3662 3088//3662
f 3078//3663 3064//3663 3065//3663
f 3078//3664 3065//3664 3076//3664
f 3076//3665 3065//3665 3066//3665
f 3076//3666 3066//3666 3074//3666
f 3103//3667 3118//3667 3102//3667
f 3102//3667 3118//3667 3117//3667
f 3118//3668 3103//3668 3125//3668
f 3118//3669 3125//3669 3121//3669
f 3121//3670 3125//3670 3126//3670
f 3121//3671 3126//3671 3122//3671
f 3122//3672 3126//3672 3127//3672
f 3122//3673 3127//3673 3123//3673
f 3123//3674 3127//3674 3128//3674
f 3123//3675 3128//3675 3120//3675
f 3120//3676 3128//3676 3094//3676
f 3120//3677 3094//3677 3119//3677
f 3111//3678 3101//3678 3124//3678
f 3111//3679 3124//3679 3112//3679
f 3112//3680 3124//3680 3102//3680
f 3112//3681 3102//3681 3117//3681
f 3119//3682 3094//3682 3095//3682
f 3119//3683 3095//3683 3107//3683
f 3107//3684 3095//3684 3096//3684
f 3107//3685 3096//3685 3108//3685
f 3101//3686 3111//3686 3100//3686
f 3100//3687 3111//3687 3110//3687
f 3100//3688 3110//3688 3099//3688
f 3099//3689 3110//3689 3109//3689
f 3108//3690 3096//3690 3131//3690
f 3108//3691 3131//3691 3116//3691
f 3116//3692 3131//3692 3132//3692
f 3116//3693 3132//3693 3104//3693
f 3104//3694 3132//3694 3133//3694
f 3104//3695 3133//3695 3105//3695
f 3105//3696 3133//3696 3097//3696
f 3105//3697 3097//3697 3106//3697
f 3115//3698 3098//3698 3129//3698
f 3115//3699 3129//3699 3113//3699
f 3113//3700 3129//3700 3130//3700
f 3113//3701 3130//3701 3114//3701
f 3114//3702 3130//3702 3099//3702
f 3114//3703 3099//3703 3109//3703
f 3098//3704 3115//3704 3097//3704
f 3097//3705 3115//3705 3106//3705
f 2461//3706 2462//3706 3144//3706
f 3144//3706 2462//3706 3145//3706
f 3144//2297 3145//2297 2723//2297
f 2723//2297 3145//2297 2724//2297
f 2782//2296 2781//2296 3146//2296
f 3146//2296 2781//2296 3147//2296
f 3146//2295 3147//2295 2463//2295
f 2463//2295 3147//2295 2464//2295
f 2265//1802 2282//1802 2466//1802
f 2265//1802 2466//1802 2263//1802
f 2263//1802 2466//1802 2464//1802
f 2263//1802 2464//1802 2320//1802
f 2781//3707 2304//3707 3147//3707
f 3147//3708 2304//3708 2306//3708
f 3147//3709 2306//3709 2464//3709
f 2464//3710 2306//3710 2320//3710
f 2779//3711 2935//3711 2781//3711
f 2781//3712 2935//3712 2302//3712
f 2781//3713 2302//3713 2304//3713
f 2773//3714 2986//3714 2408//3714
f 2773//3715 2408//3715 2775//3715
f 2374//3716 2755//3716 3063//3716
f 3063//3717 2755//3717 2753//3717
f 3063//3718 2753//3718 3062//3718
f 2960//3719 2961//3719 2741//3719
f 2741//3720 2961//3720 2349//3720
f 2741//3721 2349//3721 2743//3721
f 2735//3722 3037//3722 2340//3722
f 2735//3723 2340//3723 2737//3723
f 2228//3724 2227//3724 2735//3724
f 2735//3725 2227//3725 3036//3725
f 2735//3726 3036//3726 3037//3726
f 2408//3727 2407//3727 2775//3727
f 2775//3728 2407//3728 2404//3728
f 2775//3729 2404//3729 2777//3729
f 2777//3730 2404//3730 2421//3730
f 2777//3731 2421//3731 2779//3731
f 2779//3732 2421//3732 2423//3732
f 2779//3733 2423//3733 2935//3733
f 2374//3734 2373//3734 2755//3734
f 2755//3735 2373//3735 2384//3735
f 2755//3736 2384//3736 2757//3736
f 2757//3737 2384//3737 2386//3737
f 2757//3738 2386//3738 2759//3738
f 2759//3739 2386//3739 2392//3739
f 2759//3740 2392//3740 2761//3740
f 2761//3741 2392//3741 2395//3741
f 2761//3742 2395//3742 2763//3742
f 2763//3743 2395//3743 2396//3743
f 2763//3744 2396//3744 2765//3744
f 2765//3745 2396//3745 2417//3745
f 2765//3746 2417//3746 2767//3746
f 2767//3747 2417//3747 2416//3747
f 2767//3748 2416//3748 2769//3748
f 2769//3749 2416//3749 2399//3749
f 2769//3750 2399//3750 2771//3750
f 2771//3751 2399//3751 2420//3751
f 2771//3752 2420//3752 2773//3752
f 2773//3753 2420//3753 2987//3753
f 2773//3754 2987//3754 2986//3754
f 2349//3755 2351//3755 2743//3755
f 2743//3756 2351//3756 2353//3756
f 2743//3757 2353//3757 2745//3757
f 2745//3758 2353//3758 2355//3758
f 2745//2405 2355//2405 2747//2405
f 2747//3759 2355//3759 2383//3759
f 2747//3760 2383//3760 2749//3760
f 2749//3761 2383//3761 2368//3761
f 2749//3762 2368//3762 2751//3762
f 2751//3763 2368//3763 2370//3763
f 2751//3763 2370//3763 2753//3763
f 2753//3764 2370//3764 2372//3764
f 2753//3765 2372//3765 3062//3765
f 2340//3766 2329//3766 2737//3766
f 2737//3767 2329//3767 2328//3767
f 2737//3768 2328//3768 2739//3768
f 2739//3769 2328//3769 2347//3769
f 2739//3770 2347//3770 2741//3770
f 2741//3771 2347//3771 2348//3771
f 2741//3772 2348//3772 2960//3772
f 2735//3773 2733//3773 2228//3773
f 2228//3774 2733//3774 2731//3774
f 2228//3775 2731//3775 2325//3775
f 2325//3776 2731//3776 2729//3776
f 2325//3777 2729//3777 2322//3777
f 2322//3778 2729//3778 2727//3778
f 2322//3779 2727//3779 2323//3779
f 2323//3780 2727//3780 2725//3780
f 2323//3781 2725//3781 2324//3781
f 2324//3782 2725//3782 2724//3782
f 2324//3783 2724//3783 2244//3783
f 2462//3784 2240//3784 3145//3784
f 3145//3785 2240//3785 2242//3785
f 3145//3786 2242//3786 2724//3786
f 2724//3787 2242//3787 2244//3787
f 2292//1801 2294//1801 2460//1801
f 2460//1801 2294//1801 2239//1801
f 2460//1801 2239//1801 2462//1801
f 2462//1801 2239//1801 2240//1801
f 2673//2366 2674//2366 2459//2366
f 2673//2366 2459//2366 2589//2366
f 2589//2366 2459//2366 2461//2366
f 2589//2366 2461//2366 2590//2366
f 2723//2362 2593//2362 3144//2362
f 3144//2363 2593//2363 2592//2363
f 3144//2364 2592//2364 2461//2364
f 2461//2365 2592//2365 2590//2365
f 2626//3788 2593//3788 2723//3788
f 2626//3789 2723//3789 2587//3789
f 2587//3790 2723//3790 2726//3790
f 2587//3791 2726//3791 2588//3791
f 2588//3792 2726//3792 2580//3792
f 2580//2306 2726//2306 2728//2306
f 2580//2307 2728//2307 2581//2307
f 2581//2308 2728//2308 2730//2308
f 2581//2309 2730//2309 2583//2309
f 2583//2310 2730//2310 2732//2310
f 2583//2311 2732//2311 2584//2311
f 2584//2312 2732//2312 2734//2312
f 2584//2313 2734//2313 2585//2313
f 2585//2314 2734//2314 2736//2314
f 2585//2315 2736//2315 2576//2315
f 2576//2316 2736//2316 2738//2316
f 2576//2317 2738//2317 2574//2317
f 2574//2318 2738//2318 2740//2318
f 2574//2319 2740//2319 2478//2319
f 2478//2320 2740//2320 2742//2320
f 2478//2321 2742//2321 2476//2321
f 2476//2322 2742//2322 2744//2322
f 2476//2323 2744//2323 2557//2323
f 2557//3793 2744//3793 2480//3793
f 2480//3794 2744//3794 2746//3794
f 2480//3795 2746//3795 2479//3795
f 2479//2326 2746//2326 2748//2326
f 2479//2327 2748//2327 2481//2327
f 2481//2328 2748//2328 2750//2328
f 2481//2329 2750//2329 2551//2329
f 2551//2330 2750//2330 2752//2330
f 2551//2331 2752//2331 2533//2331
f 2533//2332 2752//2332 2754//2332
f 2533//2332 2754//2332 2534//2332
f 2534//2333 2754//2333 2756//2333
f 2534//2334 2756//2334 2530//2334
f 2530//2335 2756//2335 2758//2335
f 2530//2336 2758//2336 2531//2336
f 2531//2337 2758//2337 2760//2337
f 2531//2338 2760//2338 2538//2338
f 2538//2339 2760//2339 2762//2339
f 2538//2340 2762//2340 2536//2340
f 2536//2341 2762//2341 2764//2341
f 2536//2342 2764//2342 2527//2342
f 2527//2343 2764//2343 2766//2343
f 2527//2344 2766//2344 2526//2344
f 2526//2345 2766//2345 2768//2345
f 2526//2346 2768//2346 2525//2346
f 2525//2347 2768//2347 2770//2347
f 2525//2348 2770//2348 2523//2348
f 2523//2349 2770//2349 2772//2349
f 2523//2350 2772//2350 2515//2350
f 2515//2351 2772//2351 2774//2351
f 2515//2352 2774//2352 2517//2352
f 2517//2353 2774//2353 2776//2353
f 2517//2354 2776//2354 2510//2354
f 2510//2355 2776//2355 2778//2355
f 2510//2356 2778//2356 2485//2356
f 2485//3796 2778//3796 2780//3796
f 2485//3797 2780//3797 2483//3797
f 2483//2360 2780//2360 2782//2360
f 2483//2361 2782//2361 2490//2361
f 2463//2300 2486//2300 3146//2300
f 3146//2301 2486//2301 2491//2301
f 3146//2302 2491//2302 2782//2302
f 2782//2303 2491//2303 2490//2303
f 2596//2299 2597//2299 2465//2299
f 2465//2299 2597//2299 2487//2299
f 2465//2299 2487//2299 2463//2299
f 2463//2299 2487//2299 2486//2299
f 3148//3798 3149//3798 3150//3798
f 3148//3799 3150//3799 3151//3799
f 3151//3800 3150//3800 3152//3800
f 3151//3801 3152//3801 3153//3801
f 3148//3802 3154//3802 3155//3802
f 3155//3803 3156//3803 3148//3803
f 3148//3804 3156//3804 3157//3804
f 3148//3805 3157//3805 3149//3805
f 3158//3806 3159//3806 3160//3806
f 3160//3807 3159//3807 3161//3807
f 3160//3808 3161//3808 3162//3808
f 3162//3809 3161//3809 3163//3809
f 3162//3810 3163//3810 3164//3810
f 3164//3811 3165//3811 3162//3811
f 3162//3812 3165//3812 3166//3812
f 3162//3813 3166//3813 3148//3813
f 3148//3814 3166//3814 3167//3814
f 3148//3815 3167//3815 3154//3815
f 3168//3816 3169//3816 3170//3816
f 3170//3817 3169//3817 3171//3817
f 3170//3818 3171//3818 3172//3818
f 3168//3819 3173//3819 3169//3819
f 3169//3820 3173//3820 3174//3820
f 3169//3821 3174//3821 3160//3821
f 3160//3822 3174//3822 3175//3822
f 3160//3823 3175//3823 3158//3823
f 3176//3824 3177//3824 3178//3824
f 3178//3825 3179//3825 3176//3825
f 3176//3826 3179//3826 3180//3826
f 3176//3827 3180//3827 3169//3827
f 3169//3828 3180//3828 3181//3828
f 3169//3829 3181//3829 3171//3829
f 109//4 3182//4 3183//4
f 3183//4 3184//4 109//4
f 109//4 3184//4 3176//4
f 109//4 3176//4 3169//4
f 3169//4 3160//4 109//4
f 109//4 3160//4 3162//4
f 109//4 3162//4 3148//4
f 3185//4 3186//4 3187//4
f 3187//4 3186//4 109//4
f 3187//4 109//4 3188//4
f 3188//4 109//4 3148//4
f 3189//4 3190//4 3191//4
f 3191//4 3190//4 3188//4
f 3191//4 3188//4 3151//4
f 3151//4 3188//4 3148//4
f 3192//3830 3193//3830 3194//3830
f 3195//3831 3196//3831 3197//3831
f 3198//3832 3199//3832 3200//3832
f 3197//3833 3201//3833 3195//3833
f 3195//3834 3201//3834 3198//3834
f 3195//3835 3198//3835 3202//3835
f 3202//3836 3198//3836 3200//3836
f 3192//3837 3194//3837 3203//3837
f 3203//3838 3194//3838 3204//3838
f 3203//3839 3204//3839 3205//3839
f 3205//3840 3204//3840 3206//3840
f 3205//3841 3206//3841 3207//3841
f 3207//3842 3206//3842 3208//3842
f 3207//3843 3208//3843 3209//3843
f 3209//3844 3208//3844 3210//3844
f 3209//3845 3210//3845 3199//3845
f 3199//3846 3210//3846 3211//3846
f 3199//3847 3211//3847 3200//3847
f 3212//3848 3213//3848 3214//3848
f 3215//3849 3216//3849 3217//3849
f 3217//3850 3216//3850 3218//3850
f 3219//3851 3220//3851 3221//3851
f 3221//3852 3222//3852 3219//3852
f 3219//3853 3222//3853 3223//3853
f 3219//3854 3223//3854 3224//3854
f 3224//3855 3223//3855 3225//3855
f 3224//3856 3225//3856 3215//3856
f 3215//3857 3225//3857 3226//3857
f 3215//3858 3226//3858 3216//3858
f 3216//3859 3227//3859 3218//3859
f 3218//3860 3227//3860 3228//3860
f 3218//3861 3228//3861 3229//3861
f 3228//3862 3230//3862 3229//3862
f 3229//3863 3230//3863 3231//3863
f 3229//3864 3231//3864 3232//3864
f 3232//3865 3233//3865 3229//3865
f 3229//3866 3233//3866 3234//3866
f 3229//3867 3234//3867 3235//3867
f 3236//3868 3237//3868 3238//3868
f 3238//3869 3239//3869 3236//3869
f 3236//3870 3239//3870 3240//3870
f 3236//3871 3240//3871 3241//3871
f 3241//3872 3240//3872 3242//3872
f 3241//3873 3242//3873 3234//3873
f 3234//3874 3242//3874 3243//3874
f 3234//3875 3243//3875 3235//3875
f 3237//3876 3244//3876 3238//3876
f 3238//3877 3244//3877 3245//3877
f 3238//3878 3245//3878 3246//3878
f 3246//3879 3245//3879 3247//3879
f 3246//3880 3247//3880 3248//3880
f 3248//3881 3247//3881 3249//3881
f 3249//3882 3247//3882 3250//3882
f 3249//3883 3250//3883 3251//3883
f 3251//3884 3250//3884 3252//3884
f 3251//3885 3252//3885 3253//3885
f 3253//3886 3252//3886 3254//3886
f 3253//3887 3254//3887 3255//3887
f 3255//3888 3254//3888 3256//3888
f 3255//3889 3256//3889 3257//3889
f 3256//3890 3258//3890 3257//3890
f 3257//3891 3258//3891 3259//3891
f 3257//3892 3259//3892 3260//3892
f 3260//3893 3259//3893 3261//3893
f 3260//3894 3261//3894 3262//3894
f 3262//3895 3261//3895 3263//3895
f 3261//3896 3264//3896 3265//3896
f 3265//3897 3266//3897 3261//3897
f 3261//3898 3266//3898 3267//3898
f 3261//3899 3267//3899 3263//3899
f 3268//3900 3269//3900 3220//3900
f 3220//3901 3269//3901 3270//3901
f 3220//3902 3270//3902 3221//3902
f 3220//3903 3271//3903 3268//3903
f 3268//3904 3271//3904 3272//3904
f 3268//3905 3272//3905 3273//3905
f 3273//3906 3272//3906 3274//3906
f 3273//3907 3274//3907 3275//3907
f 3212//3908 3276//3908 3213//3908
f 3213//3909 3276//3909 3277//3909
f 3213//3910 3277//3910 3278//3910
f 3279//3911 3212//3911 3280//3911
f 3280//3912 3212//3912 3214//3912
f 3280//3913 3214//3913 3281//3913
f 3281//3914 3214//3914 3282//3914
f 3281//3915 3282//3915 3283//3915
f 3283//3916 3282//3916 3284//3916
f 3283//3917 3284//3917 3285//3917
f 3285//3918 3284//3918 3286//3918
f 3285//3919 3286//3919 3275//3919
f 3275//3920 3286//3920 3287//3920
f 3275//3921 3287//3921 3273//3921
f 3288//3922 3289//3922 3290//3922
f 3291//3923 3292//3923 3293//3923
f 3293//3924 3292//3924 3294//3924
f 3293//3925 3294//3925 3295//3925
f 3296//3926 3297//3926 3298//3926
f 3290//3927 3289//3927 3298//3927
f 3298//3928 3289//3928 3299//3928
f 3298//3929 3299//3929 3296//3929
f 3297//3930 3300//3930 3298//3930
f 3298//3931 3300//3931 3301//3931
f 3298//3932 3301//3932 3302//3932
f 3302//3933 3303//3933 3298//3933
f 3298//3934 3303//3934 3304//3934
f 3298//3935 3304//3935 3293//3935
f 3293//3936 3304//3936 3305//3936
f 3293//3937 3305//3937 3291//3937
f 3306//3938 3307//3938 3308//3938
f 3308//3939 3307//3939 3309//3939
f 3308//3940 3309//3940 3290//3940
f 3290//3941 3309//3941 3310//3941
f 3290//3942 3310//3942 3288//3942
f 3311//3943 3312//3943 3313//3943
f 3314//3944 3311//3944 3315//3944
f 3315//3945 3311//3945 3313//3945
f 3315//3946 3313//3946 3308//3946
f 3308//3947 3313//3947 3316//3947
f 3308//3948 3316//3948 3306//3948
f 3317//3949 3318//3949 3315//3949
f 3315//3950 3318//3950 3319//3950
f 3315//3951 3319//3951 3314//3951
f 3320//3952 3293//3952 3295//3952
f 3295//3953 3321//3953 3320//3953
f 3320//3954 3321//3954 3322//3954
f 3320//3955 3322//3955 3323//3955
f 3323//3956 3324//3956 3320//3956
f 3320//3957 3324//3957 3325//3957
f 3320//3958 3325//3958 3326//3958
f 3326//3959 3327//3959 3320//3959
f 3320//3960 3327//3960 3328//3960
f 3320//3961 3328//3961 3329//3961
f 3328//3962 3330//3962 3329//3962
f 3329//3963 3330//3963 3331//3963
f 3329//3964 3331//3964 3332//3964
f 3333//3965 3334//3965 3184//3965
f 3184//3966 3334//3966 3335//3966
f 3335//3967 3336//3967 3184//3967
f 3184//3968 3336//3968 3337//3968
f 3184//3969 3337//3969 3338//3969
f 3177//3970 3176//3970 3339//3970
f 3339//3971 3176//3971 3184//3971
f 3339//3972 3184//3972 3340//3972
f 3340//3973 3184//3973 3338//3973
f 3333//3974 3184//3974 3341//3974
f 3341//3975 3184//3975 3183//3975
f 3341//3976 3183//3976 3342//3976
f 3342//3977 3183//3977 3182//3977
f 3342//3978 3182//3978 3343//3978
f 104//2 3344//2 3345//2
f 3346//2 3347//2 3348//2
f 3348//2 3347//2 3349//2
f 3348//2 3349//2 3350//2
f 3351//2 3352//2 3353//2
f 3344//2 104//2 3354//2
f 3354//2 104//2 3332//2
f 3354//2 3332//2 3355//2
f 3351//2 3353//2 3356//2
f 3357//2 3358//2 3359//2
f 3359//2 3358//2 3360//2
f 3359//2 3360//2 3345//2
f 3345//2 3360//2 3361//2
f 3345//2 3361//2 104//2
f 3362//2 109//2 3363//2
f 3364//2 3365//2 3331//2
f 3331//2 3365//2 3366//2
f 3331//2 3366//2 3367//2
f 3367//2 3348//2 3331//2
f 3331//2 3348//2 3350//2
f 3331//2 3350//2 3332//2
f 3332//2 3350//2 3368//2
f 3332//2 3368//2 3355//2
f 3369//2 3343//2 3370//2
f 3370//2 3343//2 3182//2
f 3362//2 3363//2 3371//2
f 3362//2 3372//2 109//2
f 109//2 3372//2 3373//2
f 109//2 3373//2 3182//2
f 3182//2 3373//2 3374//2
f 3182//2 3374//2 3370//2
f 3375//2 3376//2 3369//2
f 3369//2 3376//2 3377//2
f 3378//2 3348//2 3379//2
f 3379//2 3348//2 3376//2
f 3379//2 3376//2 3380//2
f 3380//2 3376//2 3375//2
f 3363//2 3381//2 3371//2
f 3371//2 3381//2 3382//2
f 3371//2 3382//2 3353//2
f 3353//2 3382//2 3383//2
f 3353//2 3383//2 3356//2
f 3384//2 3385//2 3331//2
f 3331//2 3385//2 3386//2
f 3331//2 3386//2 3364//2
f 3377//2 3387//2 3369//2
f 3369//2 3387//2 3388//2
f 3369//2 3388//2 3389//2
f 3389//2 3390//2 3369//2
f 3369//2 3390//2 3391//2
f 3369//2 3391//2 3343//2
f 3392//2 3393//2 3394//2
f 3394//2 3393//2 3395//2
f 3394//2 3395//2 3359//2
f 3359//2 3395//2 3396//2
f 3359//2 3396//2 3357//2
f 3392//2 3346//2 3393//2
f 3393//2 3346//2 3348//2
f 3393//2 3348//2 3352//2
f 3352//2 3348//2 3378//2
f 3352//2 3378//2 3353//2
f 3376//3 3348//3 3397//3
f 3398//3 3399//3 3397//3
f 3397//3 3399//3 3400//3
f 3397//3 3400//3 3376//3
f 3298//4 3293//4 104//4
f 3293//4 3320//4 104//4
f 104//4 3320//4 3329//4
f 104//4 3329//4 3332//4
f 3315//4 3308//4 104//4
f 104//4 3308//4 3290//4
f 104//4 3290//4 3298//4
f 3401//4 3402//4 104//4
f 104//4 3402//4 3403//4
f 104//4 3403//4 3315//4
f 3315//4 3403//4 3404//4
f 3315//4 3404//4 3317//4
f 3405//4 3406//4 3404//4
f 3404//4 3406//4 3407//4
f 3404//4 3407//4 3317//4
f 3408//3979 3409//3979 3410//3979
f 3408//3980 3410//3980 3411//3980
f 3409//3981 3408//3981 3412//3981
f 3412//3982 3408//3982 3413//3982
f 3412//3983 3413//3983 3414//3983
f 3415//3984 3416//3984 3417//3984
f 3417//3985 3416//3985 3418//3985
f 3417//3986 3418//3986 3419//3986
f 3419//3987 3418//3987 3420//3987
f 3419//3988 3420//3988 3421//3988
f 3421//3989 3420//3989 3422//3989
f 3421//3990 3422//3990 3423//3990
f 3423//3991 3422//3991 3424//3991
f 3423//3992 3424//3992 3425//3992
f 3425//3993 3424//3993 3426//3993
f 3425//3994 3426//3994 3427//3994
f 3427//3995 3426//3995 3411//3995
f 3427//3996 3411//3996 3428//3996
f 3428//3997 3411//3997 3410//3997
f 3429//3998 3346//3998 3430//3998
f 3430//3998 3346//3998 3392//3998
f 3430//3999 3392//3999 3431//3999
f 3431//3999 3392//3999 3394//3999
f 3431//4000 3394//4000 3432//4000
f 3432//4000 3394//4000 3359//4000
f 3432//4001 3359//4001 3433//4001
f 3433//4001 3359//4001 3345//4001
f 3433//4002 3345//4002 3434//4002
f 3434//4002 3345//4002 3344//4002
f 3434//4003 3344//4003 3435//4003
f 3435//4003 3344//4003 3354//4003
f 3435//4004 3354//4004 3436//4004
f 3436//4004 3354//4004 3355//4004
f 3436//788 3355//788 3437//788
f 3437//788 3355//788 3368//788
f 3437//4005 3368//4005 3438//4005
f 3438//4005 3368//4005 3350//4005
f 3438//4006 3350//4006 3439//4006
f 3439//4006 3350//4006 3349//4006
f 3439//785 3349//785 3440//785
f 3440//785 3349//785 3347//785
f 3440//4007 3347//4007 3429//4007
f 3429//4007 3347//4007 3346//4007
f 3441//4008 3379//4008 3442//4008
f 3442//4008 3379//4008 3380//4008
f 3442//815 3380//815 3443//815
f 3443//815 3380//815 3375//815
f 3443//4000 3375//4000 3444//4000
f 3444//4000 3375//4000 3369//4000
f 3444//4001 3369//4001 3445//4001
f 3445//4001 3369//4001 3370//4001
f 3445//814 3370//814 3446//814
f 3446//814 3370//814 3374//814
f 3446//4009 3374//4009 3447//4009
f 3447//4009 3374//4009 3373//4009
f 3447//4010 3373//4010 3448//4010
f 3448//4010 3373//4010 3372//4010
f 3448//4011 3372//4011 3449//4011
f 3449//4011 3372//4011 3362//4011
f 3449//4005 3362//4005 3450//4005
f 3450//4005 3362//4005 3371//4005
f 3450//4006 3371//4006 3451//4006
f 3451//4006 3371//4006 3353//4006
f 3451//4012 3353//4012 3452//4012
f 3452//4012 3353//4012 3378//4012
f 3452//4013 3378//4013 3441//4013
f 3441//4013 3378//4013 3379//4013
f 3453//4014 3454//4014 3455//4014
f 3456//4015 3457//4015 3458//4015
f 3459//4016 3460//4016 3461//4016
f 3461//4017 3460//4017 3462//4017
f 3461//4018 3462//4018 3456//4018
f 3456//4019 3462//4019 3463//4019
f 3456//4020 3463//4020 3457//4020
f 3459//4021 3461//4021 3464//4021
f 3464//4022 3461//4022 3465//4022
f 3464//4023 3465//4023 3466//4023
f 3467//4024 3468//4024 3469//4024
f 3469//4025 3470//4025 3467//4025
f 3467//4026 3470//4026 3471//4026
f 3467//4027 3471//4027 3465//4027
f 3465//4028 3471//4028 3472//4028
f 3465//4029 3472//4029 3466//4029
f 3468//4030 3467//4030 3473//4030
f 3473//4031 3467//4031 3474//4031
f 3473//4032 3474//4032 3475//4032
f 3476//4033 3477//4033 3474//4033
f 3474//4034 3477//4034 3478//4034
f 3474//4035 3478//4035 3475//4035
f 3479//4036 3480//4036 3481//4036
f 3481//4037 3480//4037 3482//4037
f 3481//4038 3482//4038 3477//4038
f 3483//4039 3484//4039 3476//4039
f 3476//4040 3484//4040 3485//4040
f 3476//4041 3485//4041 3477//4041
f 3477//4042 3485//4042 3486//4042
f 3477//4043 3486//4043 3481//4043
f 3487//4044 3488//4044 3489//4044
f 3489//4045 3488//4045 3490//4045
f 3489//4046 3490//4046 3476//4046
f 3476//4047 3490//4047 3491//4047
f 3476//4048 3491//4048 3483//4048
f 3455//4049 3454//4049 3489//4049
f 3489//4050 3454//4050 3492//4050
f 3489//4051 3492//4051 3487//4051
f 3493//4052 3494//4052 3495//4052
f 3495//4053 3494//4053 3496//4053
f 3495//4054 3496//4054 3455//4054
f 3455//4055 3496//4055 3497//4055
f 3455//4056 3497//4056 3453//4056
f 3498//4057 3499//4057 3500//4057
f 3500//4058 3499//4058 3501//4058
f 3500//4059 3501//4059 3502//4059
f 3498//4060 3503//4060 3499//4060
f 3499//4061 3503//4061 3504//4061
f 3499//4062 3504//4062 3495//4062
f 3495//4063 3504//4063 3505//4063
f 3495//4064 3505//4064 3493//4064
f 3506//4065 3507//4065 3508//4065
f 3506//4066 3508//4066 3501//4066
f 3501//4067 3508//4067 3509//4067
f 3501//4068 3509//4068 3502//4068
f 3507//4069 3506//4069 3510//4069
f 3510//4070 3506//4070 3511//4070
f 3510//4071 3511//4071 3512//4071
f 3513//4072 3514//4072 3515//4072
f 3515//4073 3514//4073 3516//4073
f 3515//4074 3516//4074 3511//4074
f 3511//4075 3516//4075 3517//4075
f 3511//4076 3517//4076 3512//4076
f 3458//4077 3518//4077 3456//4077
f 3456//4078 3518//4078 3519//4078
f 3456//4079 3519//4079 3520//4079
f 3520//4080 3519//4080 3521//4080
f 3520//4081 3521//4081 3522//4081
f 3522//4082 3523//4082 3520//4082
f 3520//4083 3523//4083 3524//4083
f 3520//4084 3524//4084 3515//4084
f 3515//4085 3524//4085 3525//4085
f 3515//4086 3525//4086 3513//4086
f 3443//5 3511//5 3442//5
f 3442//5 3511//5 3506//5
f 3442//5 3506//5 3441//5
f 3441//5 3506//5 3501//5
f 3441//5 3501//5 3452//5
f 3501//5 3499//5 3452//5
f 3452//5 3499//5 3495//5
f 3452//5 3495//5 3451//5
f 3451//5 3495//5 3455//5
f 3451//5 3455//5 3450//5
f 3450//5 3455//5 3489//5
f 3450//5 3489//5 3449//5
f 3449//5 3489//5 3476//5
f 3449//5 3476//5 3448//5
f 3476//5 3474//5 3448//5
f 3448//5 3474//5 3467//5
f 3448//5 3467//5 3447//5
f 3447//5 3467//5 3465//5
f 3447//5 3465//5 3446//5
f 3446//5 3465//5 3461//5
f 3446//5 3461//5 3445//5
f 3445//5 3461//5 3456//5
f 3445//5 3456//5 3444//5
f 3444//5 3456//5 3520//5
f 3444//5 3520//5 3443//5
f 3443//5 3520//5 3515//5
f 3443//5 3515//5 3511//5
f 3526//4087 3527//4087 3528//4087
f 3529//4088 3530//4088 3531//4088
f 3531//4089 3530//4089 3532//4089
f 3531//4090 3532//4090 3533//4090
f 3534//4091 3535//4091 3536//4091
f 3537//4092 3538//4092 3539//4092
f 3539//4093 3538//4093 3540//4093
f 3539//4094 3540//4094 3541//4094
f 3537//4095 3542//4095 3538//4095
f 3538//4096 3542//4096 3543//4096
f 3538//4097 3543//4097 3536//4097
f 3536//4098 3543//4098 3544//4098
f 3536//4099 3544//4099 3534//4099
f 3545//4100 3546//4100 3547//4100
f 3547//4101 3548//4101 3545//4101
f 3545//4102 3548//4102 3549//4102
f 3545//4103 3549//4103 3540//4103
f 3540//4104 3549//4104 3550//4104
f 3540//4105 3550//4105 3541//4105
f 3551//4106 3552//4106 3553//4106
f 3554//4107 3555//4107 3556//4107
f 3556//4108 3555//4108 3557//4108
f 3546//4109 3545//4109 3558//4109
f 3558//4110 3545//4110 3556//4110
f 3558//4111 3556//4111 3553//4111
f 3553//4112 3556//4112 3557//4112
f 3553//4113 3557//4113 3551//4113
f 3559//4114 3560//4114 3554//4114
f 3554//4115 3560//4115 3561//4115
f 3554//4116 3561//4116 3555//4116
f 3562//4117 3563//4117 3564//4117
f 3564//4118 3563//4118 3565//4118
f 3564//4119 3565//4119 3566//4119
f 3562//4120 3567//4120 3563//4120
f 3563//4121 3567//4121 3568//4121
f 3563//4122 3568//4122 3554//4122
f 3554//4123 3568//4123 3569//4123
f 3554//4124 3569//4124 3559//4124
f 3528//4125 3527//4125 3565//4125
f 3565//4126 3527//4126 3570//4126
f 3565//4127 3570//4127 3566//4127
f 3526//4128 3528//4128 3571//4128
f 3571//4129 3528//4129 3572//4129
f 3571//4130 3572//4130 3573//4130
f 3574//4131 3575//4131 3576//4131
f 3576//4132 3575//4132 3577//4132
f 3576//4133 3577//4133 3572//4133
f 3572//4134 3577//4134 3578//4134
f 3572//4135 3578//4135 3573//4135
f 3579//4136 3580//4136 3581//4136
f 3581//4137 3580//4137 3582//4137
f 3581//4138 3582//4138 3576//4138
f 3576//4139 3582//4139 3583//4139
f 3576//4140 3583//4140 3574//4140
f 3584//4141 3585//4141 3586//4141
f 3586//4142 3587//4142 3584//4142
f 3584//4143 3587//4143 3588//4143
f 3584//4144 3588//4144 3581//4144
f 3581//4145 3588//4145 3589//4145
f 3581//4146 3589//4146 3579//4146
f 3585//4147 3584//4147 3590//4147
f 3590//4148 3584//4148 3591//4148
f 3590//4149 3591//4149 3592//4149
f 3535//4150 3530//4150 3536//4150
f 3536//4151 3530//4151 3529//4151
f 3536//4152 3529//4152 3593//4152
f 3593//4153 3529//4153 3594//4153
f 3594//4154 3595//4154 3593//4154
f 3593//4155 3595//4155 3596//4155
f 3593//4156 3596//4156 3591//4156
f 3591//4157 3596//4157 3597//4157
f 3591//4158 3597//4158 3592//4158
f 3432//5 3584//5 3431//5
f 3431//5 3584//5 3581//5
f 3431//5 3581//5 3430//5
f 3430//5 3581//5 3576//5
f 3430//5 3576//5 3429//5
f 3429//5 3576//5 3572//5
f 3429//5 3572//5 3440//5
f 3436//5 3540//5 3435//5
f 3435//5 3540//5 3538//5
f 3435//5 3538//5 3434//5
f 3434//5 3538//5 3536//5
f 3434//5 3536//5 3433//5
f 3433//5 3536//5 3593//5
f 3433//5 3593//5 3432//5
f 3432//5 3593//5 3591//5
f 3432//5 3591//5 3584//5
f 3572//5 3528//5 3440//5
f 3440//5 3528//5 3565//5
f 3440//5 3565//5 3439//5
f 3439//5 3565//5 3563//5
f 3439//5 3563//5 3438//5
f 3438//5 3563//5 3554//5
f 3438//5 3554//5 3437//5
f 3437//5 3554//5 3556//5
f 3437//5 3556//5 3436//5
f 3436//5 3556//5 3545//5
f 3436//5 3545//5 3540//5
f 3598//4159 3599//4159 3600//4159
f 3598//4160 3600//4160 3601//4160
f 3601//4161 3600//4161 3602//4161
f 3601//4162 3602//4162 3603//4162
f 3603//4163 3604//4163 3601//4163
f 3601//4164 3604//4164 3605//4164
f 3601//4165 3605//4165 3606//4165
f 3196//4166 3195//4166 3607//4166
f 3607//4167 3195//4167 3601//4167
f 3607//4168 3601//4168 3608//4168
f 3608//4169 3601//4169 3606//4169
f 3609//4170 3610//4170 3611//4170
f 3611//4171 3610//4171 3612//4171
f 3611//4172 3613//4172 3609//4172
f 3609//4173 3613//4173 3614//4173
f 3609//4174 3614//4174 3615//4174
f 3615//4175 3614//4175 3616//4175
f 3617//4176 3618//4176 3619//4176
f 3617//4177 3619//4177 3620//4177
f 3620//4178 3619//4178 3621//4178
f 3620//4179 3621//4179 3598//4179
f 3598//4180 3621//4180 3622//4180
f 3598//4181 3622//4181 3599//4181
f 3623//4182 3624//4182 3229//4182
f 3624//4183 3625//4183 3229//4183
f 3229//4184 3625//4184 3626//4184
f 3229//4185 3626//4185 3627//4185
f 3627//4186 3628//4186 3229//4186
f 3229//4187 3628//4187 3629//4187
f 3229//4188 3629//4188 3630//4188
f 3630//4189 3631//4189 3229//4189
f 3229//4190 3631//4190 3632//4190
f 3229//4166 3632//4166 3218//4166
f 3633//4191 3634//4191 3616//4191
f 3616//4192 3634//4192 3635//4192
f 3616//4193 3635//4193 3615//4193
f 3623//4194 3229//4194 3636//4194
f 3636//4195 3229//4195 3637//4195
f 3636//4196 3637//4196 3616//4196
f 3616//4197 3637//4197 3638//4197
f 3616//4198 3638//4198 3633//4198
f 3639//4199 3640//4199 3641//4199
f 3641//4200 3640//4200 3642//4200
f 3641//4201 3642//4201 3610//4201
f 3610//4202 3642//4202 3643//4202
f 3610//4203 3643//4203 3612//4203
f 3644//4204 3412//4204 3414//4204
f 3414//4205 3645//4205 3644//4205
f 3644//4206 3645//4206 3646//4206
f 3644//4207 3646//4207 3639//4207
f 3639//4208 3646//4208 3647//4208
f 3639//4209 3647//4209 3640//4209
f 3648//4210 3399//4210 3649//4210
f 3649//4211 3399//4211 3398//4211
f 3609//4212 3619//4212 3610//4212
f 3610//4213 3619//4213 3618//4213
f 3610//4214 3618//4214 3649//4214
f 3649//4215 3618//4215 3650//4215
f 3649//4216 3650//4216 3648//4216
f 3604//4217 3651//4217 3605//4217
f 3622//4218 3652//4218 3599//4218
f 3619//4219 3609//4219 3653//4219
f 3637//4220 3229//4220 3654//4220
f 3633//4221 3638//4221 3655//4221
f 3655//4222 3638//4222 3637//4222
f 3655//4223 3637//4223 3656//4223
f 3656//4224 3637//4224 3654//4224
f 3609//4225 3615//4225 3657//4225
f 3657//4226 3615//4226 3635//4226
f 3657//4227 3635//4227 3658//4227
f 3658//4228 3635//4228 3634//4228
f 3658//4229 3634//4229 3659//4229
f 3659//4230 3634//4230 3633//4230
f 3659//4231 3633//4231 3660//4231
f 3653//4232 3609//4232 3661//4232
f 3599//4233 3652//4233 3600//4233
f 3600//4234 3652//4234 3662//4234
f 3600//4235 3662//4235 3602//4235
f 3602//4236 3662//4236 3663//4236
f 3602//4237 3663//4237 3603//4237
f 3196//4238 3607//4238 3664//4238
f 3664//4239 3607//4239 3608//4239
f 3664//4240 3608//4240 3651//4240
f 3651//4241 3608//4241 3606//4241
f 3651//4242 3606//4242 3605//4242
f 3665//4243 3479//4243 3481//4243
f 3666//4244 3667//4244 3668//4244
f 3257//4245 3260//4245 3669//4245
f 3669//4246 3260//4246 3262//4246
f 3669//4247 3262//4247 3670//4247
f 3670//4248 3262//4248 3263//4248
f 3670//4249 3263//4249 3671//4249
f 3257//4250 3669//4250 3255//4250
f 3255//4251 3669//4251 3672//4251
f 3255//4252 3672//4252 3673//4252
f 3665//4253 3481//4253 3674//4253
f 3674//4254 3481//4254 3486//4254
f 3674//4255 3486//4255 3675//4255
f 3675//4256 3486//4256 3485//4256
f 3675//4257 3485//4257 3676//4257
f 3676//4258 3485//4258 3484//4258
f 3676//4259 3484//4259 3677//4259
f 3677//4260 3484//4260 3483//4260
f 3677//4261 3483//4261 3678//4261
f 3678//4262 3483//4262 3491//4262
f 3678//4263 3491//4263 3679//4263
f 3679//4264 3491//4264 3490//4264
f 3679//4265 3490//4265 3680//4265
f 3681//4266 3248//4266 3682//4266
f 3682//4267 3248//4267 3249//4267
f 3682//4268 3249//4268 3683//4268
f 3683//4269 3249//4269 3251//4269
f 3683//4270 3251//4270 3673//4270
f 3673//4271 3251//4271 3253//4271
f 3673//4272 3253//4272 3255//4272
f 3229//4273 3235//4273 3654//4273
f 3654//4274 3235//4274 3243//4274
f 3654//4275 3243//4275 3684//4275
f 3684//4276 3243//4276 3242//4276
f 3684//4277 3242//4277 3685//4277
f 3685//4278 3242//4278 3240//4278
f 3685//4279 3240//4279 3686//4279
f 3686//4280 3240//4280 3239//4280
f 3686//4281 3239//4281 3687//4281
f 3687//4282 3239//4282 3238//4282
f 3687//4283 3238//4283 3681//4283
f 3681//4284 3238//4284 3246//4284
f 3681//4285 3246//4285 3248//4285
f 3490//4286 3488//4286 3680//4286
f 3680//4287 3488//4287 3487//4287
f 3680//4288 3487//4288 3688//4288
f 3688//4289 3487//4289 3492//4289
f 3688//4290 3492//4290 3689//4290
f 3689//4291 3492//4291 3454//4291
f 3689//4292 3454//4292 3690//4292
f 3690//4293 3454//4293 3453//4293
f 3690//4294 3453//4294 3691//4294
f 3691//4295 3453//4295 3497//4295
f 3691//4296 3497//4296 3692//4296
f 3692//4297 3497//4297 3496//4297
f 3692//4298 3496//4298 3693//4298
f 3633//4299 3655//4299 3660//4299
f 3660//4300 3655//4300 3656//4300
f 3660//4301 3656//4301 3694//4301
f 3694//4302 3656//4302 3654//4302
f 3694//4303 3654//4303 3695//4303
f 3695//4304 3654//4304 3684//4304
f 3695//4305 3684//4305 3696//4305
f 3696//4306 3684//4306 3685//4306
f 3696//4307 3685//4307 3697//4307
f 3697//4308 3685//4308 3686//4308
f 3697//4309 3686//4309 3698//4309
f 3698//4310 3686//4310 3687//4310
f 3698//4311 3687//4311 3699//4311
f 3699//4312 3687//4312 3681//4312
f 3699//4313 3681//4313 3700//4313
f 3700//4314 3681//4314 3682//4314
f 3700//4315 3682//4315 3701//4315
f 3701//4316 3682//4316 3683//4316
f 3701//4317 3683//4317 3702//4317
f 3702//4318 3683//4318 3673//4318
f 3702//4319 3673//4319 3703//4319
f 3703//4320 3673//4320 3672//4320
f 3703//4321 3672//4321 3704//4321
f 3704//4322 3672//4322 3669//4322
f 3704//4323 3669//4323 3705//4323
f 3705//4324 3669//4324 3670//4324
f 3705//4325 3670//4325 3666//4325
f 3666//4326 3670//4326 3671//4326
f 3666//4327 3671//4327 3667//4327
f 3496//4328 3494//4328 3693//4328
f 3693//4329 3494//4329 3493//4329
f 3693//4330 3493//4330 3706//4330
f 3706//4331 3493//4331 3505//4331
f 3706//4332 3505//4332 3707//4332
f 3707//4333 3505//4333 3504//4333
f 3707//4334 3504//4334 3708//4334
f 3609//4335 3657//4335 3661//4335
f 3661//4336 3657//4336 3658//4336
f 3661//4337 3658//4337 3708//4337
f 3708//4338 3658//4338 3659//4338
f 3708//4339 3659//4339 3707//4339
f 3707//4340 3659//4340 3660//4340
f 3707//4341 3660//4341 3706//4341
f 3706//4342 3660//4342 3694//4342
f 3706//4343 3694//4343 3693//4343
f 3693//4344 3694//4344 3695//4344
f 3693//4345 3695//4345 3692//4345
f 3692//4346 3695//4346 3696//4346
f 3692//4347 3696//4347 3691//4347
f 3691//4348 3696//4348 3697//4348
f 3691//4349 3697//4349 3690//4349
f 3690//4350 3697//4350 3698//4350
f 3690//4351 3698//4351 3689//4351
f 3689//4352 3698//4352 3699//4352
f 3689//4353 3699//4353 3688//4353
f 3688//4354 3699//4354 3700//4354
f 3688//4355 3700//4355 3680//4355
f 3680//4356 3700//4356 3701//4356
f 3680//4357 3701//4357 3679//4357
f 3679//4358 3701//4358 3702//4358
f 3679//4359 3702//4359 3678//4359
f 3678//4360 3702//4360 3703//4360
f 3678//4361 3703//4361 3677//4361
f 3677//4362 3703//4362 3704//4362
f 3677//4363 3704//4363 3676//4363
f 3676//4364 3704//4364 3705//4364
f 3676//4365 3705//4365 3675//4365
f 3675//4366 3705//4366 3666//4366
f 3675//4367 3666//4367 3674//4367
f 3674//4368 3666//4368 3668//4368
f 3674//4369 3668//4369 3665//4369
f 3504//4370 3503//4370 3708//4370
f 3708//4371 3503//4371 3498//4371
f 3708//4372 3498//4372 3661//4372
f 3661//4373 3498//4373 3500//4373
f 3661//4374 3500//4374 3653//4374
f 3653//4375 3500//4375 3502//4375
f 3653//4376 3502//4376 3709//4376
f 3502//4377 3509//4377 3709//4377
f 3709//4378 3509//4378 3508//4378
f 3709//4379 3508//4379 3710//4379
f 3710//4380 3508//4380 3507//4380
f 3710//4381 3507//4381 3711//4381
f 3711//4382 3507//4382 3510//4382
f 3711//4383 3510//4383 3712//4383
f 3712//4384 3510//4384 3512//4384
f 3517//4385 3713//4385 3512//4385
f 3512//4386 3713//4386 3714//4386
f 3512//4387 3714//4387 3712//4387
f 3517//4388 3516//4388 3713//4388
f 3713//4389 3516//4389 3514//4389
f 3713//4390 3514//4390 3715//4390
f 3715//4391 3514//4391 3513//4391
f 3525//4392 3716//4392 3513//4392
f 3513//4393 3716//4393 3717//4393
f 3513//4394 3717//4394 3715//4394
f 3196//4395 3664//4395 3197//4395
f 3197//4396 3664//4396 3718//4396
f 3197//4397 3718//4397 3201//4397
f 3201//4398 3718//4398 3719//4398
f 3201//4399 3719//4399 3198//4399
f 3198//4400 3719//4400 3720//4400
f 3198//4401 3720//4401 3199//4401
f 3199//4402 3720//4402 3721//4402
f 3199//4403 3721//4403 3209//4403
f 3525//4404 3524//4404 3716//4404
f 3716//4405 3524//4405 3523//4405
f 3716//4406 3523//4406 3722//4406
f 3722//4407 3523//4407 3522//4407
f 3521//4408 3723//4408 3522//4408
f 3522//4409 3723//4409 3724//4409
f 3522//4410 3724//4410 3722//4410
f 3603//4411 3663//4411 3604//4411
f 3604//4412 3663//4412 3725//4412
f 3604//4413 3725//4413 3651//4413
f 3651//4414 3725//4414 3726//4414
f 3651//4415 3726//4415 3664//4415
f 3664//4416 3726//4416 3727//4416
f 3664//4417 3727//4417 3718//4417
f 3718//4418 3727//4418 3728//4418
f 3718//4419 3728//4419 3719//4419
f 3719//4420 3728//4420 3729//4420
f 3719//4421 3729//4421 3720//4421
f 3720//4422 3729//4422 3730//4422
f 3720//4423 3730//4423 3721//4423
f 3721//4424 3730//4424 3731//4424
f 3721//4425 3731//4425 3732//4425
f 3732//4426 3731//4426 3733//4426
f 3732//4427 3733//4427 3734//4427
f 3734//4428 3733//4428 3735//4428
f 3734//4429 3735//4429 3736//4429
f 3521//4430 3519//4430 3723//4430
f 3723//4431 3519//4431 3518//4431
f 3723//4432 3518//4432 3737//4432
f 3737//4433 3518//4433 3458//4433
f 3737//4434 3458//4434 3738//4434
f 3619//4435 3653//4435 3621//4435
f 3621//4436 3653//4436 3709//4436
f 3621//4437 3709//4437 3622//4437
f 3622//4438 3709//4438 3710//4438
f 3622//4439 3710//4439 3652//4439
f 3652//4440 3710//4440 3711//4440
f 3652//4441 3711//4441 3662//4441
f 3662//4442 3711//4442 3712//4442
f 3662//4443 3712//4443 3663//4443
f 3663//4444 3712//4444 3714//4444
f 3663//4445 3714//4445 3725//4445
f 3725//4446 3714//4446 3713//4446
f 3725//4447 3713//4447 3726//4447
f 3726//4448 3713//4448 3715//4448
f 3726//4449 3715//4449 3727//4449
f 3727//4450 3715//4450 3717//4450
f 3727//4451 3717//4451 3728//4451
f 3728//4452 3717//4452 3716//4452
f 3728//4453 3716//4453 3729//4453
f 3729//4454 3716//4454 3722//4454
f 3729//4455 3722//4455 3730//4455
f 3730//4456 3722//4456 3724//4456
f 3730//4457 3724//4457 3731//4457
f 3731//4458 3724//4458 3723//4458
f 3731//4459 3723//4459 3733//4459
f 3733//4460 3723//4460 3737//4460
f 3733//4461 3737//4461 3735//4461
f 3735//4462 3737//4462 3738//4462
f 3735//4463 3738//4463 3739//4463
f 3739//4464 3740//4464 3735//4464
f 3735//4465 3740//4465 3741//4465
f 3735//4466 3741//4466 3736//4466
f 3736//4467 3741//4467 3742//4467
f 3736//4468 3742//4468 3743//4468
f 3209//4469 3721//4469 3207//4469
f 3207//4470 3721//4470 3732//4470
f 3207//4471 3732//4471 3205//4471
f 3205//4472 3732//4472 3734//4472
f 3205//4473 3734//4473 3203//4473
f 3203//4474 3734//4474 3736//4474
f 3203//4475 3736//4475 3192//4475
f 3192//4476 3736//4476 3743//4476
f 3192//4477 3743//4477 3193//4477
f 3744//4478 3745//4478 3746//4478
f 3533//4479 3747//4479 3748//4479
f 3749//4480 3750//4480 3751//4480
f 3613//4481 3752//4481 3614//4481
f 3647//4482 3646//4482 3753//4482
f 3753//4483 3646//4483 3645//4483
f 3753//4484 3645//4484 3754//4484
f 3754//4485 3645//4485 3414//4485
f 3754//4486 3414//4486 3755//4486
f 3756//4487 3757//4487 3647//4487
f 3647//4488 3757//4488 3758//4488
f 3647//4489 3758//4489 3640//4489
f 3640//4490 3758//4490 3759//4490
f 3640//4491 3759//4491 3642//4491
f 3642//4492 3759//4492 3643//4492
f 3760//4493 3761//4493 3643//4493
f 3643//4494 3761//4494 3612//4494
f 3612//4495 3761//4495 3762//4495
f 3612//4496 3762//4496 3611//4496
f 3626//4497 3625//4497 3763//4497
f 3763//4498 3625//4498 3624//4498
f 3763//4499 3624//4499 3764//4499
f 3764//4500 3624//4500 3623//4500
f 3764//4501 3623//4501 3765//4501
f 3765//4502 3623//4502 3636//4502
f 3765//4503 3636//4503 3752//4503
f 3752//4504 3636//4504 3616//4504
f 3752//4505 3616//4505 3614//4505
f 3630//4506 3629//4506 3766//4506
f 3766//4507 3629//4507 3628//4507
f 3766//4508 3628//4508 3767//4508
f 3767//4509 3628//4509 3627//4509
f 3630//4510 3766//4510 3631//4510
f 3631//4511 3766//4511 3768//4511
f 3631//4512 3768//4512 3632//4512
f 3769//4513 3770//4513 3771//4513
f 3771//4514 3770//4514 3772//4514
f 3557//4515 3773//4515 3551//4515
f 3551//4516 3773//4516 3774//4516
f 3551//4517 3774//4517 3552//4517
f 3555//4518 3775//4518 3557//4518
f 3557//4519 3775//4519 3776//4519
f 3557//4520 3776//4520 3773//4520
f 3777//4521 3420//4521 3778//4521
f 3778//4522 3420//4522 3418//4522
f 3778//4523 3418//4523 3779//4523
f 3779//4524 3418//4524 3416//4524
f 3779//4525 3416//4525 3751//4525
f 3751//4526 3416//4526 3415//4526
f 3751//4527 3415//4527 3749//4527
f 3555//4528 3561//4528 3775//4528
f 3775//4529 3561//4529 3560//4529
f 3775//4530 3560//4530 3780//4530
f 3780//4531 3560//4531 3559//4531
f 3780//4532 3559//4532 3781//4532
f 3781//4533 3559//4533 3569//4533
f 3781//4534 3569//4534 3782//4534
f 3782//4535 3569//4535 3568//4535
f 3782//4536 3568//4536 3783//4536
f 3414//4537 3413//4537 3755//4537
f 3755//4538 3413//4538 3408//4538
f 3755//4539 3408//4539 3784//4539
f 3784//4540 3408//4540 3411//4540
f 3784//4541 3411//4541 3785//4541
f 3785//4542 3411//4542 3426//4542
f 3785//4543 3426//4543 3786//4543
f 3786//4544 3426//4544 3424//4544
f 3786//4545 3424//4545 3777//4545
f 3777//4546 3424//4546 3422//4546
f 3777//4547 3422//4547 3420//4547
f 3647//4548 3753//4548 3756//4548
f 3756//4549 3753//4549 3754//4549
f 3756//4550 3754//4550 3787//4550
f 3787//4551 3754//4551 3755//4551
f 3787//4552 3755//4552 3788//4552
f 3788//4553 3755//4553 3784//4553
f 3788//4554 3784//4554 3789//4554
f 3789//4555 3784//4555 3785//4555
f 3789//4556 3785//4556 3790//4556
f 3790//4557 3785//4557 3786//4557
f 3790//4558 3786//4558 3791//4558
f 3791//4559 3786//4559 3777//4559
f 3791//4560 3777//4560 3792//4560
f 3792//4561 3777//4561 3778//4561
f 3792//4562 3778//4562 3793//4562
f 3793//4563 3778//4563 3779//4563
f 3793//4564 3779//4564 3794//4564
f 3794//4565 3779//4565 3751//4565
f 3794//4566 3751//4566 3770//4566
f 3770//4567 3751//4567 3750//4567
f 3770//4568 3750//4568 3772//4568
f 3643//4569 3759//4569 3760//4569
f 3760//4570 3759//4570 3758//4570
f 3760//4571 3758//4571 3795//4571
f 3795//4572 3758//4572 3757//4572
f 3795//4573 3757//4573 3796//4573
f 3796//4574 3757//4574 3756//4574
f 3796//4575 3756//4575 3797//4575
f 3797//4576 3756//4576 3787//4576
f 3797//4577 3787//4577 3798//4577
f 3798//4578 3787//4578 3788//4578
f 3798//4579 3788//4579 3799//4579
f 3799//4580 3788//4580 3789//4580
f 3799//4581 3789//4581 3783//4581
f 3783//4582 3789//4582 3790//4582
f 3783//4583 3790//4583 3782//4583
f 3782//4584 3790//4584 3791//4584
f 3782//4585 3791//4585 3781//4585
f 3781//4586 3791//4586 3792//4586
f 3781//4587 3792//4587 3780//4587
f 3780//4588 3792//4588 3793//4588
f 3780//4589 3793//4589 3775//4589
f 3775//4590 3793//4590 3794//4590
f 3775//4591 3794//4591 3776//4591
f 3776//4592 3794//4592 3770//4592
f 3776//4593 3770//4593 3773//4593
f 3773//4594 3770//4594 3769//4594
f 3773//4595 3769//4595 3774//4595
f 3568//4596 3567//4596 3783//4596
f 3783//4597 3567//4597 3562//4597
f 3783//4598 3562//4598 3799//4598
f 3799//4599 3562//4599 3564//4599
f 3799//4600 3564//4600 3798//4600
f 3798//4601 3564//4601 3566//4601
f 3798//4602 3566//4602 3797//4602
f 3797//4603 3566//4603 3570//4603
f 3797//4604 3570//4604 3796//4604
f 3796//4605 3570//4605 3527//4605
f 3796//4606 3527//4606 3795//4606
f 3795//4607 3527//4607 3526//4607
f 3795//4608 3526//4608 3760//4608
f 3760//4609 3526//4609 3571//4609
f 3760//4610 3571//4610 3761//4610
f 3761//4611 3571//4611 3573//4611
f 3761//4612 3573//4612 3762//4612
f 3573//4613 3578//4613 3762//4613
f 3762//4614 3578//4614 3577//4614
f 3762//4615 3577//4615 3800//4615
f 3800//4616 3577//4616 3575//4616
f 3800//4617 3575//4617 3801//4617
f 3801//4618 3575//4618 3574//4618
f 3801//4619 3574//4619 3802//4619
f 3802//4620 3574//4620 3583//4620
f 3802//4621 3583//4621 3803//4621
f 3583//4622 3582//4622 3803//4622
f 3803//4623 3582//4623 3580//4623
f 3803//4624 3580//4624 3804//4624
f 3804//4625 3580//4625 3579//4625
f 3804//4626 3579//4626 3805//4626
f 3805//4627 3579//4627 3589//4627
f 3805//4628 3589//4628 3806//4628
f 3589//4629 3588//4629 3806//4629
f 3806//4630 3588//4630 3587//4630
f 3806//4631 3587//4631 3807//4631
f 3807//4632 3587//4632 3586//4632
f 3807//4633 3586//4633 3808//4633
f 3808//4634 3586//4634 3585//4634
f 3808//4635 3585//4635 3809//4635
f 3810//4636 3224//4636 3811//4636
f 3811//4637 3224//4637 3215//4637
f 3811//4638 3215//4638 3812//4638
f 3812//4639 3215//4639 3217//4639
f 3812//4640 3217//4640 3768//4640
f 3768//4641 3217//4641 3218//4641
f 3768//4642 3218//4642 3632//4642
f 3271//4643 3220//4643 3810//4643
f 3810//4644 3220//4644 3219//4644
f 3810//4645 3219//4645 3224//4645
f 3810//4646 3813//4646 3271//4646
f 3271//4647 3813//4647 3814//4647
f 3271//4648 3814//4648 3272//4648
f 3272//4649 3814//4649 3815//4649
f 3272//4650 3815//4650 3274//4650
f 3274//4651 3815//4651 3275//4651
f 3275//4652 3815//4652 3816//4652
f 3275//4653 3816//4653 3285//4653
f 3285//4654 3816//4654 3817//4654
f 3285//4655 3817//4655 3283//4655
f 3283//4656 3817//4656 3818//4656
f 3283//4657 3818//4657 3281//4657
f 3585//4658 3590//4658 3809//4658
f 3809//4659 3590//4659 3592//4659
f 3809//4660 3592//4660 3819//4660
f 3819//4661 3592//4661 3597//4661
f 3819//4662 3597//4662 3820//4662
f 3820//4663 3597//4663 3596//4663
f 3820//4664 3596//4664 3821//4664
f 3821//4665 3596//4665 3595//4665
f 3821//4666 3595//4666 3822//4666
f 3822//4667 3595//4667 3594//4667
f 3822//4668 3594//4668 3823//4668
f 3823//4669 3594//4669 3529//4669
f 3823//4670 3529//4670 3748//4670
f 3748//4671 3529//4671 3531//4671
f 3748//4672 3531//4672 3533//4672
f 3611//4673 3762//4673 3613//4673
f 3613//4674 3762//4674 3800//4674
f 3613//4675 3800//4675 3752//4675
f 3752//4676 3800//4676 3801//4676
f 3752//4677 3801//4677 3765//4677
f 3765//4678 3801//4678 3802//4678
f 3765//4679 3802//4679 3764//4679
f 3764//4680 3802//4680 3803//4680
f 3764//4681 3803//4681 3763//4681
f 3763//4682 3803//4682 3804//4682
f 3763//4683 3804//4683 3824//4683
f 3824//4684 3804//4684 3805//4684
f 3824//4685 3805//4685 3825//4685
f 3825//4686 3805//4686 3806//4686
f 3825//4687 3806//4687 3826//4687
f 3826//4688 3806//4688 3807//4688
f 3826//4689 3807//4689 3827//4689
f 3827//4690 3807//4690 3808//4690
f 3827//4691 3808//4691 3828//4691
f 3828//4692 3808//4692 3809//4692
f 3828//4693 3809//4693 3829//4693
f 3829//4694 3809//4694 3819//4694
f 3829//4695 3819//4695 3830//4695
f 3830//4696 3819//4696 3820//4696
f 3830//4697 3820//4697 3831//4697
f 3831//4698 3820//4698 3821//4698
f 3831//4699 3821//4699 3832//4699
f 3832//4700 3821//4700 3822//4700
f 3832//4701 3822//4701 3833//4701
f 3833//4702 3822//4702 3823//4702
f 3833//4703 3823//4703 3834//4703
f 3834//4704 3823//4704 3748//4704
f 3834//4705 3748//4705 3746//4705
f 3746//4706 3748//4706 3747//4706
f 3746//4707 3747//4707 3744//4707
f 3626//4708 3763//4708 3627//4708
f 3627//4709 3763//4709 3824//4709
f 3627//4710 3824//4710 3767//4710
f 3767//4711 3824//4711 3825//4711
f 3767//4712 3825//4712 3766//4712
f 3766//4713 3825//4713 3826//4713
f 3766//4714 3826//4714 3768//4714
f 3768//4715 3826//4715 3827//4715
f 3768//4716 3827//4716 3812//4716
f 3812//4717 3827//4717 3828//4717
f 3812//4718 3828//4718 3811//4718
f 3811//4719 3828//4719 3829//4719
f 3811//4720 3829//4720 3810//4720
f 3810//4721 3829//4721 3830//4721
f 3810//4722 3830//4722 3813//4722
f 3813//4723 3830//4723 3831//4723
f 3813//4724 3831//4724 3814//4724
f 3814//4725 3831//4725 3832//4725
f 3814//4726 3832//4726 3815//4726
f 3815//4727 3832//4727 3833//4727
f 3815//4728 3833//4728 3816//4728
f 3816//4729 3833//4729 3834//4729
f 3816//4730 3834//4730 3817//4730
f 3817//4731 3834//4731 3746//4731
f 3817//4732 3746//4732 3818//4732
f 3818//4733 3746//4733 3745//4733
f 3818//4734 3745//4734 3835//4734
f 3835//4735 3279//4735 3818//4735
f 3818//4736 3279//4736 3280//4736
f 3818//4737 3280//4737 3281//4737
f 3836//4 3837//4 3838//4
f 3838//4 3837//4 3839//4
f 3840//21 3187//21 3841//21
f 3841//21 3187//21 3188//21
f 3841//21 3188//21 3842//21
f 3842//21 3188//21 3843//21
f 3844//1 3845//1 3404//1
f 3403//1 3846//1 3404//1
f 3404//1 3846//1 3847//1
f 3404//1 3847//1 3844//1
f 3848//4738 3847//4738 3846//4738
f 3849//4739 3850//4739 3851//4739
f 3851//4740 3850//4740 3852//4740
f 3851//4741 3852//4741 3846//4741
f 3846//4742 3852//4742 3853//4742
f 3846//4743 3853//4743 3848//4743
f 3854//4744 3855//4744 3856//4744
f 3856//4745 3855//4745 3857//4745
f 3856//4746 3857//4746 3858//4746
f 3857//4747 3859//4747 3858//4747
f 3858//4748 3859//4748 3860//4748
f 3858//4749 3860//4749 3861//4749
f 3861//4750 3860//4750 3862//4750
f 3861//4751 3862//4751 3849//4751
f 3849//4752 3862//4752 3863//4752
f 3849//4753 3863//4753 3850//4753
f 3838//4754 3839//4754 3864//4754
f 3864//4755 3839//4755 3865//4755
f 3864//4756 3865//4756 3854//4756
f 3854//4757 3865//4757 3866//4757
f 3854//4758 3866//4758 3855//4758
f 3867//4759 3868//4759 3869//4759
f 3869//4760 3868//4760 3837//4760
f 3869//4761 3837//4761 3836//4761
f 3870//4762 3871//4762 3872//4762
f 3872//4763 3871//4763 3873//4763
f 3872//4764 3873//4764 3874//4764
f 3874//4765 3873//4765 3875//4765
f 3874//4766 3875//4766 3867//4766
f 3867//4767 3875//4767 3876//4767
f 3867//4768 3876//4768 3868//4768
f 3877//4769 3878//4769 3879//4769
f 3879//4770 3878//4770 3880//4770
f 3870//4771 3872//4771 3880//4771
f 3880//4772 3872//4772 3881//4772
f 3880//4773 3881//4773 3879//4773
f 3841//4774 3882//4774 3840//4774
f 3840//4775 3882//4775 3883//4775
f 3840//4776 3883//4776 3884//4776
f 3877//4777 3879//4777 3884//4777
f 3884//4778 3879//4778 3885//4778
f 3884//4779 3885//4779 3840//4779
f 3886//4780 3841//4780 3842//4780
f 3887//4781 3888//4781 3889//4781
f 3889//4782 3888//4782 3890//4782
f 3258//4783 3891//4783 3259//4783
f 3259//4784 3891//4784 3892//4784
f 3259//4785 3892//4785 3261//4785
f 3843//4786 3888//4786 3842//4786
f 3842//4787 3888//4787 3887//4787
f 3842//4788 3887//4788 3886//4788
f 3843//4789 3893//4789 3888//4789
f 3888//4790 3893//4790 3894//4790
f 3888//4791 3894//4791 3895//4791
f 3895//4792 3894//4792 3896//4792
f 3895//4793 3896//4793 3897//4793
f 3890//4794 3888//4794 3892//4794
f 3892//4795 3888//4795 3895//4795
f 3892//4796 3895//4796 3261//4796
f 3261//4797 3895//4797 3897//4797
f 3261//4798 3897//4798 3264//4798
f 3887//4799 3889//4799 3898//4799
f 3892//4800 3891//4800 3899//4800
f 3891//4801 3258//4801 3256//4801
f 3900//4802 3890//4802 3892//4802
f 3890//4803 3900//4803 3889//4803
f 3887//4804 3898//4804 3886//4804
f 3841//4805 3886//4805 3901//4805
f 3891//4806 3256//4806 3899//4806
f 3899//4807 3256//4807 3254//4807
f 3899//4808 3254//4808 3902//4808
f 3902//4809 3254//4809 3252//4809
f 3902//4810 3252//4810 3903//4810
f 3903//4811 3252//4811 3250//4811
f 3903//4812 3250//4812 3904//4812
f 3250//4813 3247//4813 3904//4813
f 3904//4814 3247//4814 3245//4814
f 3904//4815 3245//4815 3905//4815
f 3905//4816 3245//4816 3244//4816
f 3237//4817 3906//4817 3244//4817
f 3244//4818 3906//4818 3907//4818
f 3244//4819 3907//4819 3905//4819
f 3237//4820 3236//4820 3906//4820
f 3906//4821 3236//4821 3241//4821
f 3906//4822 3241//4822 3908//4822
f 3908//4823 3241//4823 3234//4823
f 3908//4824 3234//4824 3909//4824
f 3909//4825 3234//4825 3233//4825
f 3909//4826 3233//4826 3910//4826
f 3910//4827 3233//4827 3232//4827
f 3910//4828 3232//4828 3911//4828
f 3911//4829 3232//4829 3231//4829
f 3911//4830 3231//4830 3912//4830
f 3912//4831 3231//4831 3230//4831
f 3912//4832 3230//4832 3913//4832
f 3892//4833 3899//4833 3900//4833
f 3900//4834 3899//4834 3902//4834
f 3900//4835 3902//4835 3914//4835
f 3914//4836 3902//4836 3903//4836
f 3914//4837 3903//4837 3915//4837
f 3915//4838 3903//4838 3904//4838
f 3915//4839 3904//4839 3916//4839
f 3916//4840 3904//4840 3905//4840
f 3916//4841 3905//4841 3917//4841
f 3917//4842 3905//4842 3907//4842
f 3917//4843 3907//4843 3918//4843
f 3918//4844 3907//4844 3906//4844
f 3918//4845 3906//4845 3919//4845
f 3919//4846 3906//4846 3908//4846
f 3919//4847 3908//4847 3920//4847
f 3920//4848 3908//4848 3909//4848
f 3920//4849 3909//4849 3921//4849
f 3921//4850 3909//4850 3910//4850
f 3921//4851 3910//4851 3922//4851
f 3922//4852 3910//4852 3911//4852
f 3922//4853 3911//4853 3923//4853
f 3923//4854 3911//4854 3912//4854
f 3923//4855 3912//4855 3924//4855
f 3924//4856 3912//4856 3913//4856
f 3924//4857 3913//4857 3925//4857
f 3889//4858 3900//4858 3898//4858
f 3898//4859 3900//4859 3914//4859
f 3898//4860 3914//4860 3926//4860
f 3926//4861 3914//4861 3915//4861
f 3926//4862 3915//4862 3927//4862
f 3927//4863 3915//4863 3916//4863
f 3927//4864 3916//4864 3928//4864
f 3928//4865 3916//4865 3917//4865
f 3928//4866 3917//4866 3929//4866
f 3929//4867 3917//4867 3918//4867
f 3929//4868 3918//4868 3930//4868
f 3930//4869 3918//4869 3919//4869
f 3930//4870 3919//4870 3931//4870
f 3931//4871 3919//4871 3920//4871
f 3931//4872 3920//4872 3932//4872
f 3932//4873 3920//4873 3921//4873
f 3932//4874 3921//4874 3933//4874
f 3933//4875 3921//4875 3922//4875
f 3933//4876 3922//4876 3934//4876
f 3934//4877 3922//4877 3923//4877
f 3934//4878 3923//4878 3935//4878
f 3935//4879 3923//4879 3924//4879
f 3935//4880 3924//4880 3936//4880
f 3936//4881 3924//4881 3925//4881
f 3936//4882 3925//4882 3937//4882
f 3886//4883 3898//4883 3901//4883
f 3901//4884 3898//4884 3926//4884
f 3901//4885 3926//4885 3938//4885
f 3938//4886 3926//4886 3927//4886
f 3938//4887 3927//4887 3939//4887
f 3939//4888 3927//4888 3928//4888
f 3939//4889 3928//4889 3940//4889
f 3940//4890 3928//4890 3929//4890
f 3940//4891 3929//4891 3941//4891
f 3941//4892 3929//4892 3930//4892
f 3941//4893 3930//4893 3942//4893
f 3942//4894 3930//4894 3931//4894
f 3942//4895 3931//4895 3943//4895
f 3943//4896 3931//4896 3932//4896
f 3943//4897 3932//4897 3944//4897
f 3944//4898 3932//4898 3933//4898
f 3944//4899 3933//4899 3945//4899
f 3945//4900 3933//4900 3934//4900
f 3945//4901 3934//4901 3946//4901
f 3946//4902 3934//4902 3935//4902
f 3946//4903 3935//4903 3947//4903
f 3947//4904 3935//4904 3936//4904
f 3947//4905 3936//4905 3948//4905
f 3948//4906 3936//4906 3937//4906
f 3948//4907 3937//4907 3949//4907
f 3841//4908 3901//4908 3882//4908
f 3882//4909 3901//4909 3938//4909
f 3882//4910 3938//4910 3883//4910
f 3883//4911 3938//4911 3939//4911
f 3883//4912 3939//4912 3884//4912
f 3884//4913 3939//4913 3940//4913
f 3884//4914 3940//4914 3877//4914
f 3877//4915 3940//4915 3941//4915
f 3877//4916 3941//4916 3878//4916
f 3878//4917 3941//4917 3942//4917
f 3878//4918 3942//4918 3880//4918
f 3880//4919 3942//4919 3943//4919
f 3880//4920 3943//4920 3870//4920
f 3870//4921 3943//4921 3944//4921
f 3870//4922 3944//4922 3871//4922
f 3871//4923 3944//4923 3945//4923
f 3871//4924 3945//4924 3873//4924
f 3873//4925 3945//4925 3946//4925
f 3873//4926 3946//4926 3875//4926
f 3875//4927 3946//4927 3947//4927
f 3875//4928 3947//4928 3876//4928
f 3876//4929 3947//4929 3948//4929
f 3876//4930 3948//4930 3868//4930
f 3868//4931 3948//4931 3949//4931
f 3868//4932 3949//4932 3837//4932
f 3230//4933 3228//4933 3950//4933
f 3230//4933 3950//4933 3913//4933
f 3913//4934 3950//4934 3951//4934
f 3913//4934 3951//4934 3925//4934
f 3925//4935 3951//4935 3952//4935
f 3925//4935 3952//4935 3937//4935
f 3937//4936 3952//4936 3953//4936
f 3937//4936 3953//4936 3949//4936
f 3949//4937 3953//4937 3839//4937
f 3949//4937 3839//4937 3837//4937
f 3954//4938 3955//4938 3956//4938
f 3957//4939 3847//4939 3848//4939
f 3955//4940 3957//4940 3958//4940
f 3959//4941 3960//4941 3954//4941
f 3960//4942 3959//4942 3961//4942
f 3962//4943 3286//4943 3963//4943
f 3963//4944 3286//4944 3284//4944
f 3963//4945 3284//4945 3964//4945
f 3964//4946 3284//4946 3282//4946
f 3964//4947 3282//4947 3961//4947
f 3268//4948 3273//4948 3962//4948
f 3962//4949 3273//4949 3287//4949
f 3962//4950 3287//4950 3286//4950
f 3962//4951 3965//4951 3268//4951
f 3268//4952 3965//4952 3966//4952
f 3268//4953 3966//4953 3269//4953
f 3269//4954 3966//4954 3967//4954
f 3269//4955 3967//4955 3270//4955
f 3957//4956 3848//4956 3958//4956
f 3958//4957 3848//4957 3853//4957
f 3958//4958 3853//4958 3968//4958
f 3968//4959 3853//4959 3852//4959
f 3968//4960 3852//4960 3969//4960
f 3969//4961 3852//4961 3850//4961
f 3969//4962 3850//4962 3970//4962
f 3970//4963 3850//4963 3863//4963
f 3970//4964 3863//4964 3971//4964
f 3971//4965 3863//4965 3862//4965
f 3971//4966 3862//4966 3972//4966
f 3972//4967 3862//4967 3860//4967
f 3972//4968 3860//4968 3973//4968
f 3973//4969 3860//4969 3859//4969
f 3973//4970 3859//4970 3974//4970
f 3974//4971 3859//4971 3857//4971
f 3974//4972 3857//4972 3975//4972
f 3975//4973 3857//4973 3855//4973
f 3975//4974 3855//4974 3976//4974
f 3976//4975 3855//4975 3866//4975
f 3976//4976 3866//4976 3977//4976
f 3977//4977 3866//4977 3865//4977
f 3977//4978 3865//4978 3978//4978
f 3978//4979 3865//4979 3839//4979
f 3978//4980 3839//4980 3953//4980
f 3955//4981 3958//4981 3956//4981
f 3956//4982 3958//4982 3968//4982
f 3956//4983 3968//4983 3979//4983
f 3979//4984 3968//4984 3969//4984
f 3979//4985 3969//4985 3980//4985
f 3980//4986 3969//4986 3970//4986
f 3980//4987 3970//4987 3981//4987
f 3981//4988 3970//4988 3971//4988
f 3981//4989 3971//4989 3982//4989
f 3982//4990 3971//4990 3972//4990
f 3982//4991 3972//4991 3983//4991
f 3983//4992 3972//4992 3973//4992
f 3983//4993 3973//4993 3984//4993
f 3984//4994 3973//4994 3974//4994
f 3984//4995 3974//4995 3985//4995
f 3985//4996 3974//4996 3975//4996
f 3985//4997 3975//4997 3986//4997
f 3986//4998 3975//4998 3976//4998
f 3986//4999 3976//4999 3987//4999
f 3987//5000 3976//5000 3977//5000
f 3987//5001 3977//5001 3988//5001
f 3988//5002 3977//5002 3978//5002
f 3988//5003 3978//5003 3989//5003
f 3989//5004 3978//5004 3953//5004
f 3989//5005 3953//5005 3952//5005
f 3954//5006 3956//5006 3959//5006
f 3959//5007 3956//5007 3979//5007
f 3959//5008 3979//5008 3990//5008
f 3990//5009 3979//5009 3980//5009
f 3990//5010 3980//5010 3991//5010
f 3991//5011 3980//5011 3981//5011
f 3991//5012 3981//5012 3992//5012
f 3992//5013 3981//5013 3982//5013
f 3992//5014 3982//5014 3993//5014
f 3993//5015 3982//5015 3983//5015
f 3993//5016 3983//5016 3994//5016
f 3994//5017 3983//5017 3984//5017
f 3994//5018 3984//5018 3995//5018
f 3995//5019 3984//5019 3985//5019
f 3995//5020 3985//5020 3996//5020
f 3996//5021 3985//5021 3986//5021
f 3996//5022 3986//5022 3997//5022
f 3997//5023 3986//5023 3987//5023
f 3997//5024 3987//5024 3998//5024
f 3998//5025 3987//5025 3988//5025
f 3998//5026 3988//5026 3999//5026
f 3999//5027 3988//5027 3989//5027
f 3999//5028 3989//5028 4000//5028
f 4000//5029 3989//5029 3952//5029
f 4000//5030 3952//5030 3951//5030
f 3961//5031 3959//5031 3964//5031
f 3964//5032 3959//5032 3990//5032
f 3964//5033 3990//5033 3963//5033
f 3963//5034 3990//5034 3991//5034
f 3963//5035 3991//5035 3962//5035
f 3962//5036 3991//5036 3992//5036
f 3962//5037 3992//5037 3965//5037
f 3965//5038 3992//5038 3993//5038
f 3965//5039 3993//5039 3966//5039
f 3966//5040 3993//5040 3994//5040
f 3966//5041 3994//5041 3967//5041
f 3967//5042 3994//5042 3995//5042
f 3967//5043 3995//5043 4001//5043
f 4001//5044 3995//5044 3996//5044
f 4001//5045 3996//5045 4002//5045
f 4002//5046 3996//5046 3997//5046
f 4002//5047 3997//5047 4003//5047
f 4003//5048 3997//5048 3998//5048
f 4003//5049 3998//5049 4004//5049
f 4004//5050 3998//5050 3999//5050
f 4004//5051 3999//5051 4005//5051
f 4005//5052 3999//5052 4000//5052
f 4005//5053 4000//5053 4006//5053
f 4006//5054 4000//5054 3951//5054
f 4006//5055 3951//5055 3950//5055
f 3270//5056 3967//5056 3221//5056
f 3221//5057 3967//5057 4001//5057
f 3221//5058 4001//5058 3222//5058
f 3222//5059 4001//5059 4002//5059
f 3222//5060 4002//5060 3223//5060
f 3223//5061 4002//5061 4003//5061
f 3223//5062 4003//5062 3225//5062
f 3225//5063 4003//5063 4004//5063
f 3225//5064 4004//5064 3226//5064
f 3226//5065 4004//5065 4005//5065
f 3226//5066 4005//5066 3216//5066
f 3216//5067 4005//5067 4006//5067
f 3216//5068 4006//5068 3227//5068
f 3227//5069 4006//5069 3950//5069
f 3227//5070 3950//5070 3228//5070
f 3214//5071 3213//5071 4007//5071
f 3844//5072 3847//5072 3957//5072
f 4008//5073 4009//5073 4010//5073
f 3845//5074 3844//5074 4011//5074
f 4011//5075 3844//5075 4008//5075
f 4011//5076 4008//5076 4012//5076
f 4012//5077 4008//5077 4010//5077
f 3844//5078 3957//5078 4008//5078
f 4008//5079 3957//5079 3955//5079
f 4008//5080 3955//5080 4009//5080
f 3213//5081 3278//5081 4007//5081
f 4007//5082 3278//5082 4013//5082
f 4007//5083 4013//5083 4009//5083
f 4009//5084 4013//5084 4014//5084
f 4009//5085 4014//5085 4010//5085
f 3282//5086 3214//5086 3961//5086
f 3961//5087 3214//5087 4007//5087
f 3961//5088 4007//5088 3960//5088
f 3960//5089 4007//5089 4009//5089
f 3960//5090 4009//5090 3954//5090
f 3954//5091 4009//5091 3955//5091
f 3363//5092 109//5092 3186//5092
f 3363//5092 3186//5092 4015//5092
f 4015//5093 3186//5093 3185//5093
f 4015//5093 3185//5093 4016//5093
f 4016//5094 3185//5094 3187//5094
f 4016//5094 3187//5094 3840//5094
f 3352//5095 3351//5095 4017//5095
f 4017//5096 3351//5096 4018//5096
f 4017//5097 4018//5097 4019//5097
f 4019//5098 4018//5098 4020//5098
f 4019//5099 4020//5099 3836//5099
f 3356//5100 3383//5100 4021//5100
f 4021//5101 3383//5101 4022//5101
f 4021//5102 4022//5102 4023//5102
f 4023//5103 4022//5103 4024//5103
f 3383//5104 3382//5104 4022//5104
f 4022//5105 3382//5105 4025//5105
f 4022//5106 4025//5106 4024//5106
f 4024//5107 4025//5107 4026//5107
f 3874//5108 3867//5108 4020//5108
f 4020//5109 3867//5109 3869//5109
f 4020//5110 3869//5110 3836//5110
f 3879//5111 3881//5111 4026//5111
f 4026//5112 3881//5112 3872//5112
f 4026//5113 3872//5113 4024//5113
f 4024//5114 3872//5114 3874//5114
f 4024//5115 3874//5115 4023//5115
f 4023//5116 3874//5116 4020//5116
f 4023//5117 4020//5117 4021//5117
f 4021//5118 4020//5118 4018//5118
f 4021//5119 4018//5119 3356//5119
f 3356//5120 4018//5120 3351//5120
f 3885//5121 3879//5121 4027//5121
f 4027//5122 3879//5122 4026//5122
f 4027//5123 4026//5123 4028//5123
f 4028//5124 4026//5124 4025//5124
f 4028//5125 4025//5125 3381//5125
f 3381//5126 4025//5126 3382//5126
f 3381//5127 3363//5127 4028//5127
f 4028//5128 3363//5128 4015//5128
f 4028//5129 4015//5129 4027//5129
f 4027//5130 4015//5130 4016//5130
f 4027//5131 4016//5131 3885//5131
f 3885//5132 4016//5132 3840//5132
f 3393//5133 3352//5133 4017//5133
f 3393//5133 4017//5133 4029//5133
f 4029//5134 4017//5134 4019//5134
f 4029//5134 4019//5134 4030//5134
f 4030//5135 4019//5135 3836//5135
f 4030//5135 3836//5135 3838//5135
f 3361//5136 3360//5136 4031//5136
f 4031//5137 3360//5137 4032//5137
f 4031//5138 4032//5138 4033//5138
f 4033//5139 4032//5139 4034//5139
f 4033//5140 4034//5140 3846//5140
f 3358//5141 3357//5141 4035//5141
f 4035//5142 3357//5142 4036//5142
f 4035//5143 4036//5143 4037//5143
f 4037//5144 4036//5144 4038//5144
f 3357//5145 3396//5145 4036//5145
f 4036//5146 3396//5146 4039//5146
f 4036//5147 4039//5147 4038//5147
f 4038//5148 4039//5148 4040//5148
f 3395//5149 3393//5149 4041//5149
f 4041//5150 3393//5150 4029//5150
f 4041//5151 4029//5151 4042//5151
f 4042//5152 4029//5152 4030//5152
f 3861//5153 3849//5153 4034//5153
f 4034//5154 3849//5154 3851//5154
f 4034//5155 3851//5155 3846//5155
f 4040//5156 3858//5156 4038//5156
f 4038//5157 3858//5157 3861//5157
f 4038//5158 3861//5158 4037//5158
f 4037//5159 3861//5159 4034//5159
f 4037//5160 4034//5160 4035//5160
f 4035//5161 4034//5161 4032//5161
f 4035//5162 4032//5162 3358//5162
f 3358//5163 4032//5163 3360//5163
f 3864//5164 3854//5164 4040//5164
f 4040//5165 3854//5165 3856//5165
f 4040//5166 3856//5166 3858//5166
f 3396//5167 3395//5167 4039//5167
f 4039//5168 3395//5168 4041//5168
f 4039//5169 4041//5169 4040//5169
f 4040//5170 4041//5170 4042//5170
f 4040//5171 4042//5171 3864//5171
f 3864//5172 4042//5172 4030//5172
f 3864//5173 4030//5173 3838//5173
f 104//5174 3361//5174 4031//5174
f 104//5174 4031//5174 3401//5174
f 3401//5175 4031//5175 4033//5175
f 3401//5175 4033//5175 3402//5175
f 3402//5176 4033//5176 3846//5176
f 3402//5176 3846//5176 3403//5176
f 3843//5177 3188//5177 3190//5177
f 3843//5178 3190//5178 4043//5178
f 4043//5179 3190//5179 3189//5179
f 4043//5180 3189//5180 4044//5180
f 4044//5181 3189//5181 3191//5181
f 4044//5182 3191//5182 4045//5182
f 4045//5183 3191//5183 3151//5183
f 4045//5184 3151//5184 3153//5184
f 3897//5185 3896//5185 4046//5185
f 3894//5186 3893//5186 4047//5186
f 3153//5187 4048//5187 4049//5187
f 4049//5188 4048//5188 4050//5188
f 4049//5189 4050//5189 4051//5189
f 4051//5190 4050//5190 4052//5190
f 4051//5191 4052//5191 4046//5191
f 4046//5192 4052//5192 4053//5192
f 4046//5193 4053//5193 3897//5193
f 3897//5194 4053//5194 3264//5194
f 3896//5195 3894//5195 4046//5195
f 4046//5196 3894//5196 4047//5196
f 4046//5197 4047//5197 4051//5197
f 4051//5198 4047//5198 4054//5198
f 4051//5199 4054//5199 4049//5199
f 4049//5200 4054//5200 4055//5200
f 4049//5201 4055//5201 3153//5201
f 3893//5202 3843//5202 4047//5202
f 4047//5203 3843//5203 4043//5203
f 4047//5204 4043//5204 4054//5204
f 4054//5205 4043//5205 4044//5205
f 4054//5206 4044//5206 4055//5206
f 4055//5207 4044//5207 4045//5207
f 4055//5208 4045//5208 3153//5208
f 3156//5209 4056//5209 4057//5209
f 4050//5210 4048//5210 4058//5210
f 4048//5211 3153//5211 3152//5211
f 4053//5212 4052//5212 4059//5212
f 4059//5213 4052//5213 4050//5213
f 3265//5214 3264//5214 4053//5214
f 4048//5215 3152//5215 4058//5215
f 4058//5216 3152//5216 3150//5216
f 4058//5217 3150//5217 4060//5217
f 4060//5218 3150//5218 3149//5218
f 4060//5219 3149//5219 4057//5219
f 4057//5220 3149//5220 3157//5220
f 4057//5221 3157//5221 3156//5221
f 4050//5222 4058//5222 4059//5222
f 4059//5223 4058//5223 4060//5223
f 4059//5224 4060//5224 4061//5224
f 4061//5225 4060//5225 4057//5225
f 4061//5226 4057//5226 4062//5226
f 4062//5227 4057//5227 4056//5227
f 4062//5228 4056//5228 4063//5228
f 4064//5229 3263//5229 3267//5229
f 4053//5230 4059//5230 3265//5230
f 3265//5231 4059//5231 4061//5231
f 3265//5232 4061//5232 3266//5232
f 3266//5233 4061//5233 4062//5233
f 3266//5234 4062//5234 3267//5234
f 3267//5235 4062//5235 4063//5235
f 3267//5236 4063//5236 4064//5236
f 4065//5237 4056//5237 3156//5237
f 3668//5238 3667//5238 4066//5238
f 4066//5239 3667//5239 3671//5239
f 3668//5240 4066//5240 3665//5240
f 3665//5241 4066//5241 4067//5241
f 3665//5242 4067//5242 3479//5242
f 4065//5243 4068//5243 4066//5243
f 4066//5244 4068//5244 4069//5244
f 4066//5245 4069//5245 4067//5245
f 4056//5246 4065//5246 4063//5246
f 4063//5247 4065//5247 4066//5247
f 4063//5248 4066//5248 4064//5248
f 4064//5249 4066//5249 3671//5249
f 4064//5250 3671//5250 3263//5250
f 3156//5251 4070//5251 4065//5251
f 4065//5252 4070//5252 4071//5252
f 4065//5253 4071//5253 4068//5253
f 4069//5254 4068//5254 4072//5254
f 4071//5255 4070//5255 4073//5255
f 4070//5256 3156//5256 3155//5256
f 4074//5257 4067//5257 4069//5257
f 4075//5258 3475//5258 4076//5258
f 4076//5259 3475//5259 3478//5259
f 4076//5260 3478//5260 4077//5260
f 4077//5261 3478//5261 3477//5261
f 4077//5262 3477//5262 4078//5262
f 4078//5263 3477//5263 3482//5263
f 4078//5264 3482//5264 4079//5264
f 4079//5265 3482//5265 3480//5265
f 4079//5266 3480//5266 4074//5266
f 4074//5267 3480//5267 3479//5267
f 4074//5268 3479//5268 4067//5268
f 3469//5269 3468//5269 4075//5269
f 4075//5270 3468//5270 3473//5270
f 4075//5271 3473//5271 3475//5271
f 4075//5272 4080//5272 3469//5272
f 3469//5273 4080//5273 4081//5273
f 3469//5274 4081//5274 3470//5274
f 3470//5275 4081//5275 4082//5275
f 3470//5276 4082//5276 3471//5276
f 3471//5277 4082//5277 3472//5277
f 3472//5278 4082//5278 4083//5278
f 3472//5279 4083//5279 3466//5279
f 3466//5280 4083//5280 4084//5280
f 3466//5281 4084//5281 3464//5281
f 3464//5282 4084//5282 4085//5282
f 3464//5283 4085//5283 3459//5283
f 3459//5284 4085//5284 4086//5284
f 3459//5285 4086//5285 3460//5285
f 3460//5286 4086//5286 4087//5286
f 3460//5287 4087//5287 3462//5287
f 4070//5288 3155//5288 4073//5288
f 4073//5289 3155//5289 3154//5289
f 4073//5290 3154//5290 4088//5290
f 4088//5291 3154//5291 3167//5291
f 4088//5292 3167//5292 4089//5292
f 4089//5293 3167//5293 3166//5293
f 4089//5294 3166//5294 4090//5294
f 4090//5295 3166//5295 3165//5295
f 4090//5296 3165//5296 4091//5296
f 4091//5297 3165//5297 3164//5297
f 4091//5298 3164//5298 4092//5298
f 4092//5299 3164//5299 3163//5299
f 4092//5300 3163//5300 4093//5300
f 4093//5301 3163//5301 3161//5301
f 4093//5302 3161//5302 4094//5302
f 4094//5303 3161//5303 3159//5303
f 4094//5304 3159//5304 4095//5304
f 4095//5305 3159//5305 3158//5305
f 4095//5306 3158//5306 4096//5306
f 4096//5307 3158//5307 3175//5307
f 4096//5308 3175//5308 4097//5308
f 4097//5309 3175//5309 3174//5309
f 4097//5310 3174//5310 4098//5310
f 4098//5311 3174//5311 3173//5311
f 4098//5312 3173//5312 4099//5312
f 4099//5313 3173//5313 3168//5313
f 4099//5314 3168//5314 4100//5314
f 4100//5315 3168//5315 3170//5315
f 4100//5316 3170//5316 4101//5316
f 4069//5317 4072//5317 4074//5317
f 4074//5318 4072//5318 4102//5318
f 4074//5319 4102//5319 4079//5319
f 4079//5320 4102//5320 4103//5320
f 4079//5321 4103//5321 4078//5321
f 4078//5322 4103//5322 4104//5322
f 4078//5323 4104//5323 4077//5323
f 4077//5324 4104//5324 4105//5324
f 4077//5325 4105//5325 4076//5325
f 4076//5326 4105//5326 4106//5326
f 4076//5327 4106//5327 4075//5327
f 4075//5328 4106//5328 4107//5328
f 4075//5329 4107//5329 4080//5329
f 4080//5330 4107//5330 4108//5330
f 4080//5331 4108//5331 4081//5331
f 4081//5332 4108//5332 4109//5332
f 4081//5333 4109//5333 4082//5333
f 4082//5334 4109//5334 4110//5334
f 4082//5335 4110//5335 4083//5335
f 4083//5336 4110//5336 4111//5336
f 4083//5337 4111//5337 4084//5337
f 4084//5338 4111//5338 4112//5338
f 4084//5339 4112//5339 4085//5339
f 4085//5340 4112//5340 4113//5340
f 4085//5341 4113//5341 4086//5341
f 4086//5342 4113//5342 4114//5342
f 4086//5343 4114//5343 4087//5343
f 4087//5344 4114//5344 4115//5344
f 4087//5345 4115//5345 4116//5345
f 3170//5346 3172//5346 4101//5346
f 4101//5347 3172//5347 4117//5347
f 4101//5348 4117//5348 4118//5348
f 4118//5349 4115//5349 4101//5349
f 4101//5350 4115//5350 4114//5350
f 4101//5351 4114//5351 4100//5351
f 4100//5352 4114//5352 4113//5352
f 4100//5353 4113//5353 4099//5353
f 4099//5354 4113//5354 4112//5354
f 4099//5355 4112//5355 4098//5355
f 4098//5356 4112//5356 4111//5356
f 4098//5357 4111//5357 4097//5357
f 4097//5358 4111//5358 4110//5358
f 4097//5359 4110//5359 4096//5359
f 4096//5360 4110//5360 4109//5360
f 4096//5361 4109//5361 4095//5361
f 4095//5362 4109//5362 4108//5362
f 4095//5363 4108//5363 4094//5363
f 4094//5364 4108//5364 4107//5364
f 4094//5365 4107//5365 4093//5365
f 4093//5366 4107//5366 4106//5366
f 4093//5367 4106//5367 4092//5367
f 4092//5368 4106//5368 4105//5368
f 4092//5369 4105//5369 4091//5369
f 4091//5370 4105//5370 4104//5370
f 4091//5371 4104//5371 4090//5371
f 4090//5372 4104//5372 4103//5372
f 4090//5373 4103//5373 4089//5373
f 4089//5374 4103//5374 4102//5374
f 4089//5375 4102//5375 4088//5375
f 4088//5376 4102//5376 4072//5376
f 4088//5377 4072//5377 4073//5377
f 4073//5378 4072//5378 4068//5378
f 4073//5379 4068//5379 4071//5379
f 4118//5380 4119//5380 4115//5380
f 4115//5381 4119//5381 4120//5381
f 4115//5382 4120//5382 4116//5382
f 4116//5383 4120//5383 4121//5383
f 4116//5384 4121//5384 4122//5384
f 3462//5385 4087//5385 3463//5385
f 3463//5386 4087//5386 4116//5386
f 3463//5387 4116//5387 3457//5387
f 3457//5388 4116//5388 4122//5388
f 3457//5389 4122//5389 3458//5389
f 3740//5390 3739//5390 4122//5390
f 4122//5391 3739//5391 3738//5391
f 4122//5392 3738//5392 3458//5392
f 4122//5393 4121//5393 3740//5393
f 3740//5394 4121//5394 4123//5394
f 3740//5395 4123//5395 3741//5395
f 3741//5396 4123//5396 3742//5396
f 4124//5397 3193//5397 4123//5397
f 4123//5398 3193//5398 3743//5398
f 4123//5399 3743//5399 3742//5399
f 4121//5400 4120//5400 4123//5400
f 4123//5401 4120//5401 4119//5401
f 4123//5402 4119//5402 4124//5402
f 3172//5403 4125//5403 4126//5403
f 4126//5404 4125//5404 4127//5404
f 4126//5405 4127//5405 4124//5405
f 4124//5406 4127//5406 4128//5406
f 4124//5407 4128//5407 3193//5407
f 4119//5408 4118//5408 4124//5408
f 4124//5409 4118//5409 4117//5409
f 4124//5410 4117//5410 4126//5410
f 4126//5411 4117//5411 3172//5411
f 4128//5412 4127//5412 4129//5412
f 4125//5413 3172//5413 3171//5413
f 4127//5414 4125//5414 4130//5414
f 4128//5415 4129//5415 3193//5415
f 3193//5416 4129//5416 3194//5416
f 3194//5417 4129//5417 4131//5417
f 3194//5418 4131//5418 3204//5418
f 3204//5419 4131//5419 4132//5419
f 3204//5420 4132//5420 3206//5420
f 4125//5421 3171//5421 4130//5421
f 4130//5422 3171//5422 3181//5422
f 4130//5423 3181//5423 4133//5423
f 4133//5424 3181//5424 3180//5424
f 4133//5425 3180//5425 4134//5425
f 4134//5426 3180//5426 3179//5426
f 4134//5427 3179//5427 4135//5427
f 4135//5428 3179//5428 3178//5428
f 4135//5429 3178//5429 4136//5429
f 3178//5430 3177//5430 4136//5430
f 4136//5431 3177//5431 4137//5431
f 4136//5432 4137//5432 4138//5432
f 4127//5433 4130//5433 4129//5433
f 4129//5434 4130//5434 4133//5434
f 4129//5435 4133//5435 4131//5435
f 4131//5436 4133//5436 4134//5436
f 4131//5437 4134//5437 4132//5437
f 4132//5438 4134//5438 4135//5438
f 4132//5439 4135//5439 4139//5439
f 4139//5440 4135//5440 4136//5440
f 4139//5441 4136//5441 4140//5441
f 4140//5442 4136//5442 4138//5442
f 4140//5443 4138//5443 4141//5443
f 3206//5444 4132//5444 3208//5444
f 3208//5445 4132//5445 4139//5445
f 3208//5446 4139//5446 3210//5446
f 3210//5447 4139//5447 4140//5447
f 3210//5448 4140//5448 3211//5448
f 3211//5449 4140//5449 4141//5449
f 3211//5450 4141//5450 3200//5450
f 4142//5451 4138//5451 4137//5451
f 3202//5452 3200//5452 4142//5452
f 4142//5453 3200//5453 4141//5453
f 4142//5454 4141//5454 4138//5454
f 3340//5455 4142//5455 3339//5455
f 3339//5456 4142//5456 4137//5456
f 3339//5457 4137//5457 3177//5457
f 3195//5458 3202//5458 4143//5458
f 4143//5459 3202//5459 4142//5459
f 4143//5460 4142//5460 4144//5460
f 4144//5461 4142//5461 3340//5461
f 4145//5462 4146//5462 4147//5462
f 4148//5463 4149//5463 4145//5463
f 4149//5464 4148//5464 3341//5464
f 3650//5465 4147//5465 3648//5465
f 3648//5466 4147//5466 4146//5466
f 3648//5467 4146//5467 3399//5467
f 3618//5468 4150//5468 3650//5468
f 3650//5469 4150//5469 4151//5469
f 3650//5470 4151//5470 4147//5470
f 3618//5471 3617//5471 4150//5471
f 4150//5472 3617//5472 3620//5472
f 4150//5473 3620//5473 4152//5473
f 4152//5474 3620//5474 3598//5474
f 4152//5475 3598//5475 4153//5475
f 4153//5476 3598//5476 3601//5476
f 4153//5477 3601//5477 4154//5477
f 4154//5478 3601//5478 3195//5478
f 4154//5479 3195//5479 4143//5479
f 4145//5480 4147//5480 4148//5480
f 4148//5481 4147//5481 4151//5481
f 4148//5482 4151//5482 4155//5482
f 4155//5483 4151//5483 4150//5483
f 4155//5484 4150//5484 4156//5484
f 4156//5485 4150//5485 4152//5485
f 4156//5486 4152//5486 4157//5486
f 4157//5487 4152//5487 4153//5487
f 4157//5488 4153//5488 4158//5488
f 4158//5489 4153//5489 4154//5489
f 4158//5490 4154//5490 4159//5490
f 4159//5491 4154//5491 4143//5491
f 4159//5492 4143//5492 4144//5492
f 3341//5493 4148//5493 3333//5493
f 3333//5494 4148//5494 4155//5494
f 3333//5495 4155//5495 3334//5495
f 3334//5496 4155//5496 4156//5496
f 3334//5497 4156//5497 3335//5497
f 3335//5498 4156//5498 4157//5498
f 3335//5499 4157//5499 3336//5499
f 3336//5500 4157//5500 4158//5500
f 3336//5501 4158//5501 3337//5501
f 3337//5502 4158//5502 4159//5502
f 3337//5503 4159//5503 3338//5503
f 3338//5504 4159//5504 4144//5504
f 3338//5505 4144//5505 3340//5505
f 3400//5506 3399//5506 4146//5506
f 4160//5507 3377//5507 4161//5507
f 4161//5508 3377//5508 3376//5508
f 4161//5509 3376//5509 3400//5509
f 4162//5510 3388//5510 4160//5510
f 4160//5511 3388//5511 3387//5511
f 4160//5512 3387//5512 3377//5512
f 3343//5513 3391//5513 3342//5513
f 3342//5514 3391//5514 3390//5514
f 3342//5515 3390//5515 4162//5515
f 4162//5516 3390//5516 3389//5516
f 4162//5517 3389//5517 3388//5517
f 3400//5518 4146//5518 4161//5518
f 4161//5519 4146//5519 4145//5519
f 4161//5520 4145//5520 4160//5520
f 4160//5521 4145//5521 4149//5521
f 4160//5522 4149//5522 4162//5522
f 4162//5523 4149//5523 3341//5523
f 4162//5524 3341//5524 3342//5524
f 3331//5525 3330//5525 3384//5525
f 3384//5526 3330//5526 4163//5526
f 3384//5527 4163//5527 3385//5527
f 4164//5528 3364//5528 4163//5528
f 4163//5529 3364//5529 3386//5529
f 4163//5530 3386//5530 3385//5530
f 3398//5531 3397//5531 4165//5531
f 4165//5532 3397//5532 3348//5532
f 3348//5533 3367//5533 4165//5533
f 4165//5534 3367//5534 3366//5534
f 4165//5535 3366//5535 4164//5535
f 4164//5536 3366//5536 3365//5536
f 4164//5537 3365//5537 3364//5537
f 3398//5538 4165//5538 4166//5538
f 4166//5539 4165//5539 4164//5539
f 4166//5540 4164//5540 4167//5540
f 4167//5541 4164//5541 4163//5541
f 4167//5542 4163//5542 4168//5542
f 4168//5543 4163//5543 3330//5543
f 4168//5544 3330//5544 3328//5544
f 4169//5545 4170//5545 4171//5545
f 4170//5546 3412//5546 3644//5546
f 4172//5547 4173//5547 4169//5547
f 4173//5548 4172//5548 3322//5548
f 4170//5549 3644//5549 4171//5549
f 4171//5550 3644//5550 3639//5550
f 4171//5551 3639//5551 4174//5551
f 4174//5552 3639//5552 3641//5552
f 4174//5553 3641//5553 4175//5553
f 4175//5554 3641//5554 3610//5554
f 4175//5555 3610//5555 4176//5555
f 4176//5556 3610//5556 3649//5556
f 4176//5557 3649//5557 4177//5557
f 3649//5558 3398//5558 4177//5558
f 4177//5559 3398//5559 4166//5559
f 4177//5560 4166//5560 4167//5560
f 4169//5561 4171//5561 4172//5561
f 4172//5562 4171//5562 4174//5562
f 4172//5563 4174//5563 4178//5563
f 4178//5564 4174//5564 4175//5564
f 4178//5565 4175//5565 4179//5565
f 4179//5566 4175//5566 4176//5566
f 4179//5567 4176//5567 4180//5567
f 4180//5568 4176//5568 4177//5568
f 4180//5569 4177//5569 4181//5569
f 4181//5570 4177//5570 4167//5570
f 4181//5571 4167//5571 4168//5571
f 3322//5572 4172//5572 3323//5572
f 3323//5573 4172//5573 4178//5573
f 3323//5574 4178//5574 3324//5574
f 3324//5575 4178//5575 4179//5575
f 3324//5576 4179//5576 3325//5576
f 3325//5577 4179//5577 4180//5577
f 3325//5578 4180//5578 3326//5578
f 3326//5579 4180//5579 4181//5579
f 3326//5580 4181//5580 3327//5580
f 3327//5581 4181//5581 4168//5581
f 3327//5582 4168//5582 3328//5582
f 3322//5583 3321//5583 4173//5583
f 4173//5584 3321//5584 4182//5584
f 4173//5585 4182//5585 4169//5585
f 3409//5586 3412//5586 4182//5586
f 4182//5587 3412//5587 4170//5587
f 4182//5588 4170//5588 4169//5588
f 3410//5589 3409//5589 4183//5589
f 4183//5590 3409//5590 4182//5590
f 4183//5591 4182//5591 3295//5591
f 3295//5592 4182//5592 3321//5592
f 3410//5593 4183//5593 4184//5593
f 4185//5594 3294//5594 3292//5594
f 3410//5595 4184//5595 3428//5595
f 3428//5596 4184//5596 4186//5596
f 3428//5597 4186//5597 3427//5597
f 3427//5598 4186//5598 4187//5598
f 3427//5599 4187//5599 3425//5599
f 4185//5600 3292//5600 4188//5600
f 4188//5601 3292//5601 3291//5601
f 4188//5602 3291//5602 4189//5602
f 4189//5603 3291//5603 3305//5603
f 4189//5604 3305//5604 4190//5604
f 4190//5605 3305//5605 3304//5605
f 4190//5606 3304//5606 4191//5606
f 4191//5607 3304//5607 3303//5607
f 4191//5608 3303//5608 4192//5608
f 3295//5609 3294//5609 4183//5609
f 4183//5610 3294//5610 4185//5610
f 4183//5611 4185//5611 4184//5611
f 4184//5612 4185//5612 4188//5612
f 4184//5613 4188//5613 4186//5613
f 4186//5614 4188//5614 4189//5614
f 4186//5615 4189//5615 4187//5615
f 4187//5616 4189//5616 4190//5616
f 4187//5617 4190//5617 4193//5617
f 4193//5618 4190//5618 4191//5618
f 4193//5619 4191//5619 4194//5619
f 4194//5620 4191//5620 4192//5620
f 4194//5621 4192//5621 4195//5621
f 3303//5622 3302//5622 4192//5622
f 4192//5623 3302//5623 4196//5623
f 4192//5624 4196//5624 4195//5624
f 4195//5625 4196//5625 4197//5625
f 4195//5626 4197//5626 4198//5626
f 3425//5627 4187//5627 3423//5627
f 3423//5628 4187//5628 4193//5628
f 3423//5629 4193//5629 3421//5629
f 3421//5630 4193//5630 4194//5630
f 3421//5631 4194//5631 3419//5631
f 3419//5632 4194//5632 4195//5632
f 3419//5633 4195//5633 3417//5633
f 3417//5634 4195//5634 4198//5634
f 3417//5635 4198//5635 3415//5635
f 4199//5636 3771//5636 3772//5636
f 3415//5637 4200//5637 3749//5637
f 3749//5638 4200//5638 4199//5638
f 3749//5639 4199//5639 3750//5639
f 3750//5640 4199//5640 3772//5640
f 3302//5641 4201//5641 4202//5641
f 4202//5642 4201//5642 4203//5642
f 4202//5643 4203//5643 4200//5643
f 4200//5644 4203//5644 4204//5644
f 4200//5645 4204//5645 4199//5645
f 4199//5646 4204//5646 4205//5646
f 4199//5647 4205//5647 3771//5647
f 3771//5648 4205//5648 4206//5648
f 3771//5649 4206//5649 3769//5649
f 3769//5650 4206//5650 4207//5650
f 3769//5651 4207//5651 3774//5651
f 3774//5652 4207//5652 3552//5652
f 3415//5653 4198//5653 4200//5653
f 4200//5654 4198//5654 4197//5654
f 4200//5655 4197//5655 4202//5655
f 4202//5656 4197//5656 4196//5656
f 4202//5657 4196//5657 3302//5657
f 4207//5658 4206//5658 4208//5658
f 4203//5659 4201//5659 4209//5659
f 4201//5660 3302//5660 3301//5660
f 4206//5661 4205//5661 4210//5661
f 4210//5662 4205//5662 4204//5662
f 4210//5663 4204//5663 4203//5663
f 4207//5664 4208//5664 3552//5664
f 4201//5665 3301//5665 4209//5665
f 4209//5666 3301//5666 3300//5666
f 4209//5667 3300//5667 4211//5667
f 4211//5668 3300//5668 3297//5668
f 4211//5669 3297//5669 4212//5669
f 4212//5670 3297//5670 3296//5670
f 4212//5671 3296//5671 4213//5671
f 4213//5672 3296//5672 3299//5672
f 4213//5673 3299//5673 4214//5673
f 4214//5674 3299//5674 3289//5674
f 4214//5675 3289//5675 4215//5675
f 4215//5676 3289//5676 3288//5676
f 4215//5677 3288//5677 4216//5677
f 4203//5678 4209//5678 4210//5678
f 4210//5679 4209//5679 4211//5679
f 4210//5680 4211//5680 4217//5680
f 4217//5681 4211//5681 4212//5681
f 4217//5682 4212//5682 4218//5682
f 4218//5683 4212//5683 4213//5683
f 4218//5684 4213//5684 4219//5684
f 4219//5685 4213//5685 4214//5685
f 4219//5686 4214//5686 4220//5686
f 4220//5687 4214//5687 4215//5687
f 4220//5688 4215//5688 4221//5688
f 4221//5689 4215//5689 4216//5689
f 4221//5690 4216//5690 4222//5690
f 4206//5691 4210//5691 4208//5691
f 4208//5692 4210//5692 4217//5692
f 4208//5693 4217//5693 4223//5693
f 4223//5694 4217//5694 4218//5694
f 4223//5695 4218//5695 4224//5695
f 4224//5696 4218//5696 4219//5696
f 4224//5697 4219//5697 4225//5697
f 4225//5698 4219//5698 4220//5698
f 4225//5699 4220//5699 4226//5699
f 4226//5700 4220//5700 4221//5700
f 4226//5701 4221//5701 4227//5701
f 4227//5702 4221//5702 4222//5702
f 4227//5703 4222//5703 4228//5703
f 4228//5704 3550//5704 4227//5704
f 4227//5705 3550//5705 3549//5705
f 4227//5706 3549//5706 4226//5706
f 4226//5707 3549//5707 3548//5707
f 4226//5708 3548//5708 4225//5708
f 4225//5709 3548//5709 3547//5709
f 4225//5710 3547//5710 4224//5710
f 4224//5711 3547//5711 3546//5711
f 4224//5712 3546//5712 4223//5712
f 4223//5713 3546//5713 3558//5713
f 4223//5714 3558//5714 4208//5714
f 4208//5715 3558//5715 3553//5715
f 4208//5716 3553//5716 3552//5716
f 3537//5717 3539//5717 4228//5717
f 4228//5718 3539//5718 3541//5718
f 4228//5719 3541//5719 3550//5719
f 3310//5720 3309//5720 4229//5720
f 4229//5721 3309//5721 4230//5721
f 4229//5722 4230//5722 4231//5722
f 4231//5723 4230//5723 4232//5723
f 4231//5724 4232//5724 4233//5724
f 4233//5725 4232//5725 4234//5725
f 3288//5726 3310//5726 4216//5726
f 4216//5727 3310//5727 4229//5727
f 4216//5728 4229//5728 4222//5728
f 4222//5729 4229//5729 4231//5729
f 4222//5730 4231//5730 4228//5730
f 4228//5731 4231//5731 4233//5731
f 4228//5732 4233//5732 3537//5732
f 3537//5733 4233//5733 4234//5733
f 3537//5734 4234//5734 3542//5734
f 3542//5735 4234//5735 3543//5735
f 3544//5736 3543//5736 4235//5736
f 4235//5737 3543//5737 4234//5737
f 4235//5738 4234//5738 4236//5738
f 4236//5739 4234//5739 4232//5739
f 4236//5740 4232//5740 4237//5740
f 4237//5741 4232//5741 4230//5741
f 4237//5742 4230//5742 3307//5742
f 3307//5743 4230//5743 3309//5743
f 3534//5744 3544//5744 4238//5744
f 4238//5745 3544//5745 4235//5745
f 4238//5746 4235//5746 4239//5746
f 4239//5747 4235//5747 4236//5747
f 4239//5748 4236//5748 4240//5748
f 4240//5749 4236//5749 4237//5749
f 4240//5750 4237//5750 3306//5750
f 3306//5751 4237//5751 3307//5751
f 3306//5752 3316//5752 4240//5752
f 4240//5753 3316//5753 4241//5753
f 4240//5754 4241//5754 4239//5754
f 4239//5755 4241//5755 4242//5755
f 4239//5756 4242//5756 4238//5756
f 4238//5757 4242//5757 4243//5757
f 4238//5758 4243//5758 3534//5758
f 3532//5759 3530//5759 4243//5759
f 4243//5760 3530//5760 3535//5760
f 4243//5761 3535//5761 3534//5761
f 4244//5762 3313//5762 3312//5762
f 3312//5763 4245//5763 4244//5763
f 4244//5764 4245//5764 4246//5764
f 4244//5765 4246//5765 4247//5765
f 4247//5766 4246//5766 4248//5766
f 4247//5767 4248//5767 4249//5767
f 4249//5768 4248//5768 4250//5768
f 4249//5769 4250//5769 4251//5769
f 3316//5770 3313//5770 4241//5770
f 4241//5771 3313//5771 4244//5771
f 4241//5772 4244//5772 4242//5772
f 4242//5773 4244//5773 4247//5773
f 4242//5774 4247//5774 4243//5774
f 4243//5775 4247//5775 4249//5775
f 4243//5776 4249//5776 3532//5776
f 3532//5777 4249//5777 4251//5777
f 3532//5778 4251//5778 3533//5778
f 4245//5779 3312//5779 4252//5779
f 3533//5780 4251//5780 3747//5780
f 3747//5781 4251//5781 4253//5781
f 3835//5782 3745//5782 4253//5782
f 4253//5783 3745//5783 3744//5783
f 4253//5784 3744//5784 3747//5784
f 3279//5785 3835//5785 4254//5785
f 4254//5786 3835//5786 4253//5786
f 4254//5787 4253//5787 4255//5787
f 4255//5788 4253//5788 4252//5788
f 4255//5789 4252//5789 4256//5789
f 4256//5790 4252//5790 3312//5790
f 4251//5791 4250//5791 4253//5791
f 4253//5792 4250//5792 4248//5792
f 4253//5793 4248//5793 4252//5793
f 4252//5794 4248//5794 4246//5794
f 4252//5795 4246//5795 4245//5795
f 4254//5796 4255//5796 4257//5796
f 4255//5797 4256//5797 4258//5797
f 4254//5798 4257//5798 3279//5798
f 4255//5799 4258//5799 4257//5799
f 4257//5800 4258//5800 4259//5800
f 4257//5801 4259//5801 4260//5801
f 4260//5802 4259//5802 4261//5802
f 4260//5803 4261//5803 4262//5803
f 3318//5804 4261//5804 3319//5804
f 3319//5805 4261//5805 4259//5805
f 3319//5806 4259//5806 3314//5806
f 3314//5807 4259//5807 4258//5807
f 3314//5808 4258//5808 3311//5808
f 3311//5809 4258//5809 4256//5809
f 3311//5810 4256//5810 3312//5810
f 3318//5811 4263//5811 4261//5811
f 4261//5812 4263//5812 4264//5812
f 4261//5813 4264//5813 4262//5813
f 4262//5814 4264//5814 4265//5814
f 4262//5815 4265//5815 4266//5815
f 3279//5816 4257//5816 3212//5816
f 3212//5817 4257//5817 4260//5817
f 3212//5818 4260//5818 3276//5818
f 3276//5819 4260//5819 4262//5819
f 3276//5820 4262//5820 3277//5820
f 3277//5821 4262//5821 4266//5821
f 3277//5822 4266//5822 3278//5822
f 4011//5823 4012//5823 4267//5823
f 4013//5824 3278//5824 4266//5824
f 4010//5825 4014//5825 4268//5825
f 4268//5826 4014//5826 4013//5826
f 4013//5827 4266//5827 4268//5827
f 4268//5828 4266//5828 4265//5828
f 4268//5829 4265//5829 4269//5829
f 4012//5830 4010//5830 4267//5830
f 4267//5831 4010//5831 4268//5831
f 4267//5832 4268//5832 4270//5832
f 4270//5833 4268//5833 4269//5833
f 4270//5834 4269//5834 4271//5834
f 4271//5835 4269//5835 4272//5835
f 4271//5836 4272//5836 3318//5836
f 4265//5837 4264//5837 4269//5837
f 4269//5838 4264//5838 4263//5838
f 4269//5839 4263//5839 4272//5839
f 4272//5840 4263//5840 3318//5840
f 3845//5841 4011//5841 4273//5841
f 4273//5842 4011//5842 4267//5842
f 4273//5843 4267//5843 4274//5843
f 4274//5844 4267//5844 4270//5844
f 4274//5845 4270//5845 4275//5845
f 4275//5846 4270//5846 4271//5846
f 4275//5847 4271//5847 3318//5847
f 3318//5848 3317//5848 3407//5848
f 3318//5849 3407//5849 4275//5849
f 4275//5850 3407//5850 3406//5850
f 4275//5851 3406//5851 4274//5851
f 4274//5852 3406//5852 3405//5852
f 4274//5853 3405//5853 4273//5853
f 4273//5854 3405//5854 3404//5854
f 4273//5855 3404//5855 3845//5855
f 4276//5856 4277//5856 4278//5856
f 4278//5857 4277//5857 4279//5857
f 4278//5856 4280//5856 4276//5856
f 4276//5858 4280//5858 4281//5858
f 4276//5858 4281//5858 4282//5858
f 4282//5859 4281//5859 4283//5859
f 4282//5859 4283//5859 4284//5859
f 4284//5860 4283//5860 4285//5860
f 4284//5860 4285//5860 4286//5860
f 4286//5861 4285//5861 4287//5861
f 4286//5861 4287//5861 4288//5861
f 4288//5862 4287//5862 4289//5862
f 4288//5862 4289//5862 4290//5862
f 4290//5863 4289//5863 4291//5863
f 4290//5863 4291//5863 4292//5863
f 4292//5864 4291//5864 4293//5864
f 4292//5864 4293//5864 4294//5864
f 4294//5865 4293//5865 4295//5865
f 4294//5865 4295//5865 4296//5865
f 4296//5866 4295//5866 4297//5866
f 4296//5866 4297//5866 4298//5866
f 4298//5867 4297//5867 4299//5867
f 4298//5867 4299//5867 4300//5867
f 4300//5868 4299//5868 4301//5868
f 4300//5868 4301//5868 4302//5868
f 4302//5869 4301//5869 4303//5869
f 4302//5869 4303//5869 4304//5869
f 4304//5870 4303//5870 4305//5870
f 4304//5870 4305//5870 4306//5870
f 4306//5871 4305//5871 4307//5871
f 4306//5871 4307//5871 4308//5871
f 4308//5872 4307//5872 4309//5872
f 4308//5872 4309//5872 4310//5872
f 4310//5873 4309//5873 4311//5873
f 4310//5873 4311//5873 4312//5873
f 4312//5874 4311//5874 4313//5874
f 4312//5874 4313//5874 4314//5874
f 4314//5875 4313//5875 4315//5875
f 4314//5875 4315//5875 4316//5875
f 4316//5876 4315//5876 4317//5876
f 4316//5876 4317//5876 4318//5876
f 4318//5877 4317//5877 4319//5877
f 4318//5877 4319//5877 4320//5877
f 4320//5878 4319//5878 4321//5878
f 4320//5878 4321//5878 4322//5878
f 4322//5879 4321//5879 4323//5879
f 4322//5879 4323//5879 4324//5879
f 4324//5880 4323//5880 4325//5880
f 4324//5880 4325//5880 4326//5880
f 4326//5881 4325//5881 4327//5881
f 4326//5881 4327//5881 4328//5881
f 4328//5882 4327//5882 4329//5882
f 4328//5882 4329//5882 4330//5882
f 4330//5883 4329//5883 4331//5883
f 4330//5883 4331//5883 4332//5883
f 4332//5884 4331//5884 4333//5884
f 4332//5884 4333//5884 4334//5884
f 4334//5885 4333//5885 4335//5885
f 4334//5885 4335//5885 4336//5885
f 4336//5886 4335//5886 4337//5886
f 4336//5886 4337//5886 4338//5886
f 4338//5887 4337//5887 4339//5887
f 4338//5887 4339//5887 4340//5887
f 4340//5888 4339//5888 4341//5888
f 4340//5888 4341//5888 4342//5888
f 4342//5889 4341//5889 4343//5889
f 4342//5889 4343//5889 4344//5889
f 4344//5890 4343//5890 4345//5890
f 4344//5890 4345//5890 4346//5890
f 4346//5891 4345//5891 4279//5891
f 4346//5891 4279//5891 4347//5891
f 4347//5857 4279//5857 4277//5857
f 4348//21 4349//21 4283//21
f 4350//21 4289//21 4351//21
f 4351//21 4289//21 4287//21
f 4351//21 4287//21 4349//21
f 4349//21 4287//21 4285//21
f 4349//21 4285//21 4283//21
f 4352//21 4295//21 4353//21
f 4353//21 4295//21 4293//21
f 4353//21 4293//21 4350//21
f 4350//21 4293//21 4291//21
f 4350//21 4291//21 4289//21
f 4354//21 4343//21 4355//21
f 4355//21 4343//21 4341//21
f 4355//21 4341//21 4356//21
f 4357//21 4299//21 4352//21
f 4352//21 4299//21 4297//21
f 4352//21 4297//21 4295//21
f 4358//21 4305//21 4359//21
f 4359//21 4305//21 4303//21
f 4359//21 4303//21 4357//21
f 4357//21 4303//21 4301//21
f 4357//21 4301//21 4299//21
f 4283//21 4281//21 4348//21
f 4348//21 4281//21 4280//21
f 4348//21 4280//21 4360//21
f 4341//21 4339//21 4356//21
f 4356//21 4339//21 4337//21
f 4356//21 4337//21 4361//21
f 4361//21 4337//21 4335//21
f 4361//21 4335//21 4362//21
f 4280//21 4278//21 4360//21
f 4360//21 4278//21 4279//21
f 4360//21 4279//21 4354//21
f 4354//21 4279//21 4345//21
f 4354//21 4345//21 4343//21
f 4335//21 4333//21 4362//21
f 4362//21 4333//21 4331//21
f 4362//21 4331//21 4363//21
f 4364//21 4311//21 4365//21
f 4365//21 4311//21 4309//21
f 4365//21 4309//21 4358//21
f 4358//21 4309//21 4307//21
f 4358//21 4307//21 4305//21
f 4366//21 4321//21 4367//21
f 4367//21 4321//21 4319//21
f 4367//21 4319//21 4368//21
f 4331//21 4329//21 4363//21
f 4363//21 4329//21 4327//21
f 4363//21 4327//21 4369//21
f 4369//21 4327//21 4325//21
f 4369//21 4325//21 4366//21
f 4366//21 4325//21 4323//21
f 4366//21 4323//21 4321//21
f 4319//21 4317//21 4368//21
f 4368//21 4317//21 4315//21
f 4368//21 4315//21 4364//21
f 4364//21 4315//21 4313//21
f 4364//21 4313//21 4311//21
f 4370//1 4304//1 4371//1
f 4371//1 4304//1 4306//1
f 4371//1 4306//1 4372//1
f 4372//1 4306//1 4308//1
f 4372//1 4308//1 4373//1
f 4373//1 4308//1 4310//1
f 4373//1 4310//1 4374//1
f 4374//1 4310//1 4312//1
f 4374//1 4312//1 4375//1
f 4375//1 4312//1 4314//1
f 4375//1 4314//1 4376//1
f 4376//1 4314//1 4316//1
f 4376//1 4316//1 4377//1
f 4377//1 4316//1 4318//1
f 4377//1 4318//1 4378//1
f 4378//1 4318//1 4320//1
f 4378//1 4320//1 4379//1
f 4379//1 4320//1 4322//1
f 4379//1 4322//1 4380//1
f 4322//1 4324//1 4380//1
f 4380//1 4324//1 4326//1
f 4380//1 4326//1 4381//1
f 4381//1 4326//1 4328//1
f 4381//1 4328//1 4382//1
f 4382//1 4328//1 4330//1
f 4382//1 4330//1 4383//1
f 4383//1 4330//1 4332//1
f 4383//1 4332//1 4384//1
f 4384//1 4332//1 4334//1
f 4384//1 4334//1 4385//1
f 4385//1 4334//1 4336//1
f 4385//1 4336//1 4386//1
f 4386//1 4336//1 4338//1
f 4386//1 4338//1 4387//1
f 4387//1 4338//1 4340//1
f 4387//1 4340//1 4388//1
f 4388//1 4340//1 4342//1
f 4388//1 4342//1 4389//1
f 4389//1 4342//1 4344//1
f 4389//1 4344//1 4390//1
f 4390//1 4344//1 4346//1
f 4390//1 4346//1 4391//1
f 4391//1 4346//1 4347//1
f 4347//1 4277//1 4391//1
f 4391//1 4277//1 4276//1
f 4391//1 4276//1 4392//1
f 4392//1 4276//1 4282//1
f 4392//1 4282//1 4393//1
f 4393//1 4282//1 4284//1
f 4393//1 4284//1 4394//1
f 4394//1 4284//1 4286//1
f 4394//1 4286//1 4395//1
f 4395//1 4286//1 4288//1
f 4395//1 4288//1 4396//1
f 4396//1 4288//1 4290//1
f 4396//1 4290//1 4397//1
f 4397//1 4290//1 4292//1
f 4397//1 4292//1 4398//1
f 4398//1 4292//1 4294//1
f 4398//1 4294//1 4399//1
f 4399//1 4294//1 4296//1
f 4399//1 4296//1 4400//1
f 4400//1 4296//1 4298//1
f 4400//1 4298//1 4401//1
f 4401//1 4298//1 4300//1
f 4401//1 4300//1 4370//1
f 4370//1 4300//1 4302//1
f 4370//1 4302//1 4304//1
f 4402//5892 4360//5892 4403//5892
f 4403//5892 4360//5892 4354//5892
f 4403//5893 4354//5893 4404//5893
f 4404//5893 4354//5893 4355//5893
f 4404//5894 4355//5894 4405//5894
f 4405//5894 4355//5894 4356//5894
f 4405//5895 4356//5895 4406//5895
f 4406//5895 4356//5895 4361//5895
f 4406//5896 4361//5896 4407//5896
f 4407//5896 4361//5896 4362//5896
f 4407//5897 4362//5897 4408//5897
f 4408//5897 4362//5897 4363//5897
f 4408//5898 4363//5898 4409//5898
f 4409//5898 4363//5898 4369//5898
f 4409//5899 4369//5899 4410//5899
f 4410//5899 4369//5899 4366//5899
f 4410//5900 4366//5900 4411//5900
f 4411//5900 4366//5900 4367//5900
f 4411//5901 4367//5901 4412//5901
f 4412//5901 4367//5901 4368//5901
f 4412//5902 4368//5902 4413//5902
f 4413//5902 4368//5902 4364//5902
f 4413//5903 4364//5903 4414//5903
f 4414//5903 4364//5903 4365//5903
f 4414//5904 4365//5904 4415//5904
f 4415//5904 4365//5904 4358//5904
f 4415//5905 4358//5905 4416//5905
f 4416//5905 4358//5905 4359//5905
f 4416//5906 4359//5906 4417//5906
f 4417//5906 4359//5906 4357//5906
f 4417//5907 4357//5907 4418//5907
f 4418//5907 4357//5907 4352//5907
f 4418//5908 4352//5908 4419//5908
f 4419//5908 4352//5908 4353//5908
f 4419//5909 4353//5909 4420//5909
f 4420//5909 4353//5909 4350//5909
f 4420//5910 4350//5910 4421//5910
f 4421//5910 4350//5910 4351//5910
f 4421//5911 4351//5911 4422//5911
f 4422//5911 4351//5911 4349//5911
f 4422//5912 4349//5912 4423//5912
f 4423//5912 4349//5912 4348//5912
f 4423//5913 4348//5913 4402//5913
f 4402//5913 4348//5913 4360//5913
f 4402//21 4403//21 4424//21
f 4421//21 4422//21 4424//21
f 4424//21 4422//21 4423//21
f 4424//21 4423//21 4402//21
f 4418//21 4419//21 4424//21
f 4424//21 4419//21 4420//21
f 4424//21 4420//21 4421//21
f 4415//21 4416//21 4424//21
f 4424//21 4416//21 4417//21
f 4424//21 4417//21 4418//21
f 4412//21 4413//21 4424//21
f 4424//21 4413//21 4414//21
f 4424//21 4414//21 4415//21
f 4409//21 4410//21 4424//21
f 4424//21 4410//21 4411//21
f 4424//21 4411//21 4412//21
f 4406//21 4407//21 4424//21
f 4424//21 4407//21 4408//21
f 4424//21 4408//21 4409//21
f 4403//21 4404//21 4424//21
f 4424//21 4404//21 4405//21
f 4424//21 4405//21 4406//21
f 4425//5914 4375//5914 4426//5914
f 4426//5914 4375//5914 4376//5914
f 4426//5915 4376//5915 4427//5915
f 4427//5915 4376//5915 4377//5915
f 4427//5916 4377//5916 4428//5916
f 4428//5916 4377//5916 4378//5916
f 4428//5917 4378//5917 4429//5917
f 4429//5917 4378//5917 4379//5917
f 4429//5918 4379//5918 4430//5918
f 4430//5918 4379//5918 4380//5918
f 4430//5919 4380//5919 4431//5919
f 4431//5919 4380//5919 4381//5919
f 4431//5920 4381//5920 4432//5920
f 4432//5920 4381//5920 4382//5920
f 4432//5921 4382//5921 4433//5921
f 4433//5921 4382//5921 4383//5921
f 4433//5922 4383//5922 4434//5922
f 4434//5922 4383//5922 4384//5922
f 4434//5923 4384//5923 4435//5923
f 4435//5923 4384//5923 4385//5923
f 4435//5924 4385//5924 4436//5924
f 4436//5924 4385//5924 4386//5924
f 4436//5925 4386//5925 4437//5925
f 4437//5925 4386//5925 4387//5925
f 4437//5926 4387//5926 4438//5926
f 4438//5926 4387//5926 4388//5926
f 4438//5927 4388//5927 4439//5927
f 4439//5927 4388//5927 4389//5927
f 4439//5928 4389//5928 4440//5928
f 4440//5928 4389//5928 4390//5928
f 4440//5929 4390//5929 4441//5929
f 4441//5929 4390//5929 4391//5929
f 4441//5930 4391//5930 4442//5930
f 4442//5930 4391//5930 4392//5930
f 4442//5931 4392//5931 4443//5931
f 4443//5931 4392//5931 4393//5931
f 4443//5932 4393//5932 4444//5932
f 4444//5932 4393//5932 4394//5932
f 4444//5933 4394//5933 4445//5933
f 4445//5933 4394//5933 4395//5933
f 4445//5934 4395//5934 4446//5934
f 4446//5934 4395//5934 4396//5934
f 4446//5935 4396//5935 4447//5935
f 4447//5935 4396//5935 4397//5935
f 4447//5936 4397//5936 4448//5936
f 4448//5936 4397//5936 4398//5936
f 4448//5937 4398//5937 4449//5937
f 4449//5937 4398//5937 4399//5937
f 4449//5938 4399//5938 4450//5938
f 4450//5938 4399//5938 4400//5938
f 4450//5939 4400//5939 4451//5939
f 4451//5939 4400//5939 4401//5939
f 4451//5940 4401//5940 4452//5940
f 4452//5940 4401//5940 4370//5940
f 4452//5941 4370//5941 4453//5941
f 4453//5941 4370//5941 4371//5941
f 4453//5942 4371//5942 4454//5942
f 4454//5942 4371//5942 4372//5942
f 4454//5943 4372//5943 4455//5943
f 4455//5943 4372//5943 4373//5943
f 4455//5944 4373//5944 4456//5944
f 4456//5944 4373//5944 4374//5944
f 4456//5945 4374//5945 4425//5945
f 4425//5945 4374//5945 4375//5945
f 4425//1 4426//1 4457//1
f 4425//1 4457//1 4456//1
f 4453//1 4454//1 4457//1
f 4457//1 4454//1 4455//1
f 4457//1 4455//1 4456//1
f 4450//1 4451//1 4457//1
f 4457//1 4451//1 4452//1
f 4457//1 4452//1 4453//1
f 4447//1 4448//1 4457//1
f 4457//1 4448//1 4449//1
f 4457//1 4449//1 4450//1
f 4444//1 4445//1 4457//1
f 4457//1 4445//1 4446//1
f 4457//1 4446//1 4447//1
f 4441//1 4442//1 4457//1
f 4457//1 4442//1 4443//1
f 4457//1 4443//1 4444//1
f 4438//1 4439//1 4457//1
f 4457//1 4439//1 4440//1
f 4457//1 4440//1 4441//1
f 4435//1 4436//1 4457//1
f 4457//1 4436//1 4437//1
f 4457//1 4437//1 4438//1
f 4432//1 4433//1 4457//1
f 4457//1 4433//1 4434//1
f 4457//1 4434//1 4435//1
f 4429//1 4430//1 4457//1
f 4457//1 4430//1 4431//1
f 4457//1 4431//1 4432//1
f 4426//1 4427//1 4457//1
f 4457//1 4427//1 4428//1
f 4457//1 4428//1 4429//1
# Vertices: 4457, normals: 5945, texture coordinates: 0, faces: 8954

