solid usdchopro
   facet normal 1.454947e-02 -7.665556e-01 -6.420131e-01
      outer loop
         vertex 1.571941e-01 -1.105571e-03 -4.120189e-03
         vertex 1.073630e-01 -2.112468e-03 -4.047252e-03
         vertex 1.571928e-01 -1.048167e-03 -4.188758e-03
      endloop
   endfacet
   facet normal 9.998702e-01 3.908059e-03 -1.563232e-02
      outer loop
         vertex 1.571941e-01 -1.105571e-03 -4.120189e-03
         vertex 1.571928e-01 -1.048167e-03 -4.188758e-03
         vertex 1.572042e-01 -1.421962e-03 -3.553082e-03
      endloop
   endfacet
   facet normal 1.452023e-02 -7.653740e-01 -6.434220e-01
      outer loop
         vertex 1.571928e-01 -1.048167e-03 -4.188758e-03
         vertex 1.073630e-01 -2.112468e-03 -4.047252e-03
         vertex 1.073623e-01 -2.083659e-03 -4.081537e-03
      endloop
   endfacet
   facet normal 1.452050e-02 -7.653740e-01 -6.434220e-01
      outer loop
         vertex 1.073623e-01 -2.083659e-03 -4.081537e-03
         vertex 1.073630e-01 -2.112468e-03 -4.047252e-03
         vertex 5.753183e-02 -3.119167e-03 -3.974318e-03
      endloop
   endfacet
   facet normal 9.998649e-01 1.266178e-02 -1.048480e-02
      outer loop
         vertex 1.572042e-01 -1.421962e-03 -3.553082e-03
         vertex 1.571928e-01 -1.048167e-03 -4.188758e-03
         vertex 1.571920e-01 -1.015559e-03 -4.226115e-03
      endloop
   endfacet
   facet normal 1.425143e-02 -7.538352e-01 -6.569089e-01
      outer loop
         vertex 1.074137e-01 -2.021068e-03 -4.152248e-03
         vertex 1.571928e-01 -1.048167e-03 -4.188758e-03
         vertex 1.073623e-01 -2.083659e-03 -4.081537e-03
      endloop
   endfacet
   facet normal 1.424749e-02 -7.536541e-01 -6.571168e-01
      outer loop
         vertex 5.763553e-02 -3.026470e-03 -4.078385e-03
         vertex 1.073623e-01 -2.083659e-03 -4.081537e-03
         vertex 5.753183e-02 -3.119167e-03 -3.974318e-03
      endloop
   endfacet
   facet normal 1.423723e-02 -7.531384e-01 -6.577080e-01
      outer loop
         vertex 1.571920e-01 -1.015559e-03 -4.226115e-03
         vertex 1.571928e-01 -1.048167e-03 -4.188758e-03
         vertex 1.074137e-01 -2.021068e-03 -4.152248e-03
      endloop
   endfacet
   facet normal 9.998772e-01 9.891266e-03 -1.215797e-02
      outer loop
         vertex 1.571913e-01 -9.853622e-04 -4.259145e-03
         vertex 1.572042e-01 -1.421962e-03 -3.553082e-03
         vertex 1.571920e-01 -1.015559e-03 -4.226115e-03
      endloop
   endfacet
   facet normal 9.998328e-01 1.370147e-04 -1.828583e-02
      outer loop
         vertex 1.572042e-01 -1.421962e-03 -3.553082e-03
         vertex 1.571909e-01 -9.685623e-04 -4.277270e-03
         vertex 1.571906e-01 -9.529683e-04 -4.293449e-03
      endloop
   endfacet
   facet normal 1.425093e-02 -7.538351e-01 -6.569091e-01
      outer loop
         vertex 5.763553e-02 -3.026470e-03 -4.078385e-03
         vertex 1.074137e-01 -2.021068e-03 -4.152248e-03
         vertex 1.073623e-01 -2.083659e-03 -4.081537e-03
      endloop
   endfacet
   facet normal 1.390265e-02 -7.378333e-01 -6.748398e-01
      outer loop
         vertex 1.571920e-01 -1.015559e-03 -4.226115e-03
         vertex 1.074137e-01 -2.021068e-03 -4.152248e-03
         vertex 1.571913e-01 -9.853622e-04 -4.259145e-03
      endloop
   endfacet
   facet normal 9.998650e-01 1.270607e-02 -1.041719e-02
      outer loop
         vertex 1.571913e-01 -9.853622e-04 -4.259145e-03
         vertex 1.571909e-01 -9.685623e-04 -4.277270e-03
         vertex 1.572042e-01 -1.421962e-03 -3.553082e-03
      endloop
   endfacet
   facet normal 1.350405e-02 -7.198024e-01 -6.940476e-01
      outer loop
         vertex 1.571909e-01 -9.685623e-04 -4.277270e-03
         vertex 1.074260e-01 -1.973766e-03 -4.203038e-03
         vertex 1.571906e-01 -9.529683e-04 -4.293449e-03
      endloop
   endfacet
   facet normal 1.389780e-02 -7.376807e-01 -6.750067e-01
      outer loop
         vertex 1.074134e-01 -2.005962e-03 -4.168763e-03
         vertex 1.074137e-01 -2.021068e-03 -4.152248e-03
         vertex 5.763553e-02 -3.026470e-03 -4.078385e-03
      endloop
   endfacet
   facet normal 1.350242e-02 -7.197296e-01 -6.941231e-01
      outer loop
         vertex 1.571906e-01 -9.529683e-04 -4.293449e-03
         vertex 1.074260e-01 -1.973766e-03 -4.203038e-03
         vertex 1.074258e-01 -1.965968e-03 -4.211128e-03
      endloop
   endfacet
   facet normal 1.389911e-02 -7.376807e-01 -6.750067e-01
      outer loop
         vertex 1.571913e-01 -9.853622e-04 -4.259145e-03
         vertex 1.074137e-01 -2.021068e-03 -4.152248e-03
         vertex 1.074134e-01 -2.005962e-03 -4.168763e-03
      endloop
   endfacet
   facet normal 1.379563e-02 -7.331916e-01 -6.798821e-01
      outer loop
         vertex 1.571909e-01 -9.685623e-04 -4.277270e-03
         vertex 1.571913e-01 -9.853622e-04 -4.259145e-03
         vertex 1.074260e-01 -1.973766e-03 -4.203038e-03
      endloop
   endfacet
   facet normal 1.376831e-02 -7.319179e-01 -6.812537e-01
      outer loop
         vertex 5.766094e-02 -2.979060e-03 -4.128807e-03
         vertex 1.074134e-01 -2.005962e-03 -4.168763e-03
         vertex 5.763553e-02 -3.026470e-03 -4.078385e-03
      endloop
   endfacet
   facet normal 1.350373e-02 -7.197296e-01 -6.941231e-01
      outer loop
         vertex 1.074258e-01 -1.965968e-03 -4.211128e-03
         vertex 1.074260e-01 -1.973766e-03 -4.203038e-03
         vertex 5.766094e-02 -2.979060e-03 -4.128807e-03
      endloop
   endfacet
   facet normal 1.375608e-02 -7.313152e-01 -6.819009e-01
      outer loop
         vertex 1.074260e-01 -1.973766e-03 -4.203038e-03
         vertex 1.571913e-01 -9.853622e-04 -4.259145e-03
         vertex 1.074134e-01 -2.005962e-03 -4.168763e-03
      endloop
   endfacet
   facet normal 1.375600e-02 -7.313152e-01 -6.819009e-01
      outer loop
         vertex 5.766094e-02 -2.979060e-03 -4.128807e-03
         vertex 1.074260e-01 -1.973766e-03 -4.203038e-03
         vertex 1.074134e-01 -2.005962e-03 -4.168763e-03
      endloop
   endfacet
   facet normal 1.927619e-02 -9.445889e-01 -3.276893e-01
      outer loop
         vertex 1.063435e-01 -2.477672e-03 -3.501780e-03
         vertex 1.572042e-01 -1.421962e-03 -3.553082e-03
         vertex 1.050563e-01 -2.622463e-03 -3.160128e-03
      endloop
   endfacet
   facet normal 1.927683e-02 -9.445896e-01 -3.276871e-01
      outer loop
         vertex 5.548554e-02 -3.593669e-03 -3.276632e-03
         vertex 1.063435e-01 -2.477672e-03 -3.501780e-03
         vertex 1.050563e-01 -2.622463e-03 -3.160128e-03
      endloop
   endfacet
   facet normal 1.927848e-02 -9.446857e-01 -3.274099e-01
      outer loop
         vertex 1.572015e-01 -1.361766e-03 -3.726926e-03
         vertex 1.572042e-01 -1.421962e-03 -3.553082e-03
         vertex 1.063435e-01 -2.477672e-03 -3.501780e-03
      endloop
   endfacet
   facet normal 1.695841e-02 -8.716482e-01 -4.898386e-01
      outer loop
         vertex 5.711563e-02 -3.293468e-03 -3.754393e-03
         vertex 1.063435e-01 -2.477672e-03 -3.501780e-03
         vertex 5.548554e-02 -3.593669e-03 -3.276632e-03
      endloop
   endfacet
   facet normal 1.695911e-02 -8.717237e-01 -4.897043e-01
      outer loop
         vertex 1.071570e-01 -2.280269e-03 -3.825005e-03
         vertex 1.572015e-01 -1.361766e-03 -3.726926e-03
         vertex 1.063435e-01 -2.477672e-03 -3.501780e-03
      endloop
   endfacet
   facet normal 9.998722e-01 1.082547e-02 -1.176409e-02
      outer loop
         vertex 1.572015e-01 -1.361766e-03 -3.726926e-03
         vertex 1.571985e-01 -1.267070e-03 -3.895619e-03
         vertex 1.572042e-01 -1.421962e-03 -3.553082e-03
      endloop
   endfacet
   facet normal 1.695897e-02 -8.717235e-01 -4.897045e-01
      outer loop
         vertex 5.711563e-02 -3.293468e-03 -3.754393e-03
         vertex 1.071570e-01 -2.280269e-03 -3.825005e-03
         vertex 1.063435e-01 -2.477672e-03 -3.501780e-03
      endloop
   endfacet
   facet normal 1.695948e-02 -8.717486e-01 -4.896599e-01
      outer loop
         vertex 1.571985e-01 -1.267070e-03 -3.895619e-03
         vertex 1.572015e-01 -1.361766e-03 -3.726926e-03
         vertex 1.071570e-01 -2.280269e-03 -3.825005e-03
      endloop
   endfacet
   facet normal 9.998770e-01 9.854474e-03 -1.220325e-02
      outer loop
         vertex 1.572042e-01 -1.421962e-03 -3.553082e-03
         vertex 1.571985e-01 -1.267070e-03 -3.895619e-03
         vertex 1.571957e-01 -1.165065e-03 -4.041561e-03
      endloop
   endfacet
   facet normal 1.522868e-02 -7.974484e-01 -6.031950e-01
      outer loop
         vertex 5.753183e-02 -3.119167e-03 -3.974318e-03
         vertex 1.071556e-01 -2.229259e-03 -3.897976e-03
         vertex 5.711563e-02 -3.293468e-03 -3.754393e-03
      endloop
   endfacet
   facet normal 9.998572e-01 1.334485e-02 -1.036728e-02
      outer loop
         vertex 1.571941e-01 -1.105571e-03 -4.120189e-03
         vertex 1.572042e-01 -1.421962e-03 -3.553082e-03
         vertex 1.571957e-01 -1.165065e-03 -4.041561e-03
      endloop
   endfacet
   facet normal 1.578103e-02 -8.193558e-01 -5.730681e-01
      outer loop
         vertex 1.071556e-01 -2.229259e-03 -3.897976e-03
         vertex 1.071570e-01 -2.280269e-03 -3.825005e-03
         vertex 5.711563e-02 -3.293468e-03 -3.754393e-03
      endloop
   endfacet
   facet normal 1.578187e-02 -8.193960e-01 -5.730106e-01
      outer loop
         vertex 1.571985e-01 -1.267070e-03 -3.895619e-03
         vertex 1.071570e-01 -2.280269e-03 -3.825005e-03
         vertex 1.571957e-01 -1.165065e-03 -4.041561e-03
      endloop
   endfacet
   facet normal 1.523207e-02 -7.976615e-01 -6.029130e-01
      outer loop
         vertex 5.753183e-02 -3.119167e-03 -3.974318e-03
         vertex 1.073630e-01 -2.112468e-03 -4.047252e-03
         vertex 1.071556e-01 -2.229259e-03 -3.897976e-03
      endloop
   endfacet
   facet normal 1.522509e-02 -7.972035e-01 -6.035187e-01
      outer loop
         vertex 1.571941e-01 -1.105571e-03 -4.120189e-03
         vertex 1.571957e-01 -1.165065e-03 -4.041561e-03
         vertex 1.073630e-01 -2.112468e-03 -4.047252e-03
      endloop
   endfacet
   facet normal 1.578073e-02 -8.193558e-01 -5.730681e-01
      outer loop
         vertex 1.571957e-01 -1.165065e-03 -4.041561e-03
         vertex 1.071570e-01 -2.280269e-03 -3.825005e-03
         vertex 1.071556e-01 -2.229259e-03 -3.897976e-03
      endloop
   endfacet
   facet normal 1.523375e-02 -7.976626e-01 -6.029115e-01
      outer loop
         vertex 1.073630e-01 -2.112468e-03 -4.047252e-03
         vertex 1.571957e-01 -1.165065e-03 -4.041561e-03
         vertex 1.071556e-01 -2.229259e-03 -3.897976e-03
      endloop
   endfacet
   facet normal 1.527520e-02 -7.974894e-01 -6.031395e-01
      outer loop
         vertex 5.759837e-03 -4.195064e-03 -3.862920e-03
         vertex 5.753183e-02 -3.119167e-03 -3.974318e-03
         vertex 5.711563e-02 -3.293468e-03 -3.754393e-03
      endloop
   endfacet
   facet normal 1.437198e-02 -7.589775e-01 -6.509582e-01
      outer loop
         vertex 5.753183e-02 -3.119167e-03 -3.974318e-03
         vertex 5.759837e-03 -4.195064e-03 -3.862920e-03
         vertex 5.758837e-03 -4.150463e-03 -3.914944e-03
      endloop
   endfacet
   facet normal 1.437074e-02 -7.589775e-01 -6.509582e-01
      outer loop
         vertex 5.758837e-03 -4.150463e-03 -3.914944e-03
         vertex 5.759837e-03 -4.195064e-03 -3.862920e-03
         vertex -4.601195e-02 -5.270870e-03 -3.751525e-03
      endloop
   endfacet
   facet normal 1.425909e-02 -7.536641e-01 -6.571051e-01
      outer loop
         vertex 5.828036e-03 -4.088664e-03 -3.984323e-03
         vertex 5.753183e-02 -3.119167e-03 -3.974318e-03
         vertex 5.758837e-03 -4.150463e-03 -3.914944e-03
      endloop
   endfacet
   facet normal 1.438832e-02 -7.596717e-01 -6.501476e-01
      outer loop
         vertex 5.758837e-03 -4.150463e-03 -3.914944e-03
         vertex -4.601195e-02 -5.270870e-03 -3.751525e-03
         vertex -4.601417e-02 -5.181865e-03 -3.855573e-03
      endloop
   endfacet
   facet normal 1.425911e-02 -7.536641e-01 -6.571051e-01
      outer loop
         vertex 5.828036e-03 -4.088664e-03 -3.984323e-03
         vertex 5.758837e-03 -4.150463e-03 -3.914944e-03
         vertex -4.597957e-02 -5.150859e-03 -3.890262e-03
      endloop
   endfacet
   facet normal -9.998572e-01 -1.553328e-02 6.655833e-03
      outer loop
         vertex -9.778395e-02 -6.346660e-03 -3.640127e-03
         vertex -9.778865e-02 -6.143260e-03 -3.871680e-03
         vertex -9.778707e-02 -6.213069e-03 -3.796200e-03
      endloop
   endfacet
   facet normal 1.384007e-02 -7.350633e-01 -6.778572e-01
      outer loop
         vertex 5.827540e-03 -4.065471e-03 -4.009483e-03
         vertex 5.828036e-03 -4.088664e-03 -3.984323e-03
         vertex -4.597957e-02 -5.150859e-03 -3.890262e-03
      endloop
   endfacet
   facet normal 1.438143e-02 -7.594834e-01 -6.503677e-01
      outer loop
         vertex -9.778707e-02 -6.213069e-03 -3.796200e-03
         vertex -4.601417e-02 -5.181865e-03 -3.855573e-03
         vertex -9.778395e-02 -6.346660e-03 -3.640127e-03
      endloop
   endfacet
   facet normal 1.423627e-02 -7.525152e-01 -6.584210e-01
      outer loop
         vertex 5.758837e-03 -4.150463e-03 -3.914944e-03
         vertex -4.601417e-02 -5.181865e-03 -3.855573e-03
         vertex -4.597957e-02 -5.150859e-03 -3.890262e-03
      endloop
   endfacet
   facet normal 1.381293e-02 -7.339323e-01 -6.790822e-01
      outer loop
         vertex -9.778865e-02 -6.143260e-03 -3.871680e-03
         vertex -4.598057e-02 -5.104457e-03 -3.940581e-03
         vertex -9.778707e-02 -6.213069e-03 -3.796200e-03
      endloop
   endfacet
   facet normal 1.383708e-02 -7.349360e-01 -6.779953e-01
      outer loop
         vertex 5.827540e-03 -4.065471e-03 -4.009483e-03
         vertex -4.597957e-02 -5.150859e-03 -3.890262e-03
         vertex -4.598057e-02 -5.104457e-03 -3.940581e-03
      endloop
   endfacet
   facet normal 1.423337e-02 -7.525138e-01 -6.584226e-01
      outer loop
         vertex -4.597957e-02 -5.150859e-03 -3.890262e-03
         vertex -4.601417e-02 -5.181865e-03 -3.855573e-03
         vertex -9.778707e-02 -6.213069e-03 -3.796200e-03
      endloop
   endfacet
   facet normal 1.383744e-02 -7.349360e-01 -6.779953e-01
      outer loop
         vertex -4.598057e-02 -5.104457e-03 -3.940581e-03
         vertex -4.597957e-02 -5.150859e-03 -3.890262e-03
         vertex -9.778707e-02 -6.213069e-03 -3.796200e-03
      endloop
   endfacet
   facet normal 9.998009e-01 -2.130548e-03 -1.983933e-02
      outer loop
         vertex 1.571902e-01 -9.356643e-04 -4.311191e-03
         vertex 1.571900e-01 -9.199635e-04 -4.327145e-03
         vertex 1.572042e-01 -1.421962e-03 -3.553082e-03
      endloop
   endfacet
   facet normal 9.998667e-01 1.257903e-02 -1.040491e-02
      outer loop
         vertex 1.571902e-01 -9.356643e-04 -4.311191e-03
         vertex 1.572042e-01 -1.421962e-03 -3.553082e-03
         vertex 1.571906e-01 -9.529683e-04 -4.293449e-03
      endloop
   endfacet
   facet normal 1.425900e-02 -7.536596e-01 -6.571103e-01
      outer loop
         vertex 5.828036e-03 -4.088664e-03 -3.984323e-03
         vertex 5.763553e-02 -3.026470e-03 -4.078385e-03
         vertex 5.753183e-02 -3.119167e-03 -3.974318e-03
      endloop
   endfacet
   facet normal 1.341318e-02 -7.156846e-01 -6.982948e-01
      outer loop
         vertex 1.571906e-01 -9.529683e-04 -4.293449e-03
         vertex 1.074258e-01 -1.965968e-03 -4.211128e-03
         vertex 1.571902e-01 -9.356643e-04 -4.311191e-03
      endloop
   endfacet
   facet normal 1.384006e-02 -7.350633e-01 -6.778572e-01
      outer loop
         vertex 5.763553e-02 -3.026470e-03 -4.078385e-03
         vertex 5.828036e-03 -4.088664e-03 -3.984323e-03
         vertex 5.827540e-03 -4.065471e-03 -4.009483e-03
      endloop
   endfacet
   facet normal 1.340880e-02 -7.154923e-01 -6.984920e-01
      outer loop
         vertex 1.571902e-01 -9.356643e-04 -4.311191e-03
         vertex 1.074258e-01 -1.965968e-03 -4.211128e-03
         vertex 1.074295e-01 -1.933162e-03 -4.244661e-03
      endloop
   endfacet
   facet normal 1.368417e-02 -7.278179e-01 -6.856339e-01
      outer loop
         vertex 5.827540e-03 -4.065471e-03 -4.009483e-03
         vertex -4.598057e-02 -5.104457e-03 -3.940581e-03
         vertex -4.597215e-02 -5.088466e-03 -3.957388e-03
      endloop
   endfacet
   facet normal 1.372700e-02 -7.298015e-01 -6.835212e-01
      outer loop
         vertex 5.844439e-03 -4.033671e-03 -4.043097e-03
         vertex 5.763553e-02 -3.026470e-03 -4.078385e-03
         vertex 5.827540e-03 -4.065471e-03 -4.009483e-03
      endloop
   endfacet
   facet normal 1.340876e-02 -7.154923e-01 -6.984920e-01
      outer loop
         vertex 1.074295e-01 -1.933162e-03 -4.244661e-03
         vertex 1.074258e-01 -1.965968e-03 -4.211128e-03
         vertex 5.766873e-02 -2.930660e-03 -4.178130e-03
      endloop
   endfacet
   facet normal 1.368160e-02 -7.278173e-01 -6.856346e-01
      outer loop
         vertex -4.597215e-02 -5.088466e-03 -3.957388e-03
         vertex -4.598057e-02 -5.104457e-03 -3.940581e-03
         vertex -9.778865e-02 -6.143260e-03 -3.871680e-03
      endloop
   endfacet
   facet normal 1.372547e-02 -7.298012e-01 -6.835217e-01
      outer loop
         vertex 5.844439e-03 -4.033671e-03 -4.043097e-03
         vertex 5.827540e-03 -4.065471e-03 -4.009483e-03
         vertex -4.597215e-02 -5.088466e-03 -3.957388e-03
      endloop
   endfacet
   facet normal 1.376971e-02 -7.319183e-01 -6.812533e-01
      outer loop
         vertex 5.844439e-03 -4.033671e-03 -4.043097e-03
         vertex 5.766094e-02 -2.979060e-03 -4.128807e-03
         vertex 5.763553e-02 -3.026470e-03 -4.078385e-03
      endloop
   endfacet
   facet normal 1.339373e-02 -7.147435e-01 -6.992584e-01
      outer loop
         vertex 5.766873e-02 -2.930660e-03 -4.178130e-03
         vertex 1.074258e-01 -1.965968e-03 -4.211128e-03
         vertex 5.766094e-02 -2.979060e-03 -4.128807e-03
      endloop
   endfacet
   facet normal 1.342783e-02 -7.163260e-01 -6.976366e-01
      outer loop
         vertex -4.597316e-02 -5.040661e-03 -4.006494e-03
         vertex -4.597215e-02 -5.088466e-03 -3.957388e-03
         vertex -9.778865e-02 -6.143260e-03 -3.871680e-03
      endloop
   endfacet
   facet normal 1.345989e-02 -7.177800e-01 -6.961399e-01
      outer loop
         vertex 5.843836e-03 -4.009868e-03 -4.067651e-03
         vertex 5.844439e-03 -4.033671e-03 -4.043097e-03
         vertex -4.597215e-02 -5.088466e-03 -3.957388e-03
      endloop
   endfacet
   facet normal 1.303908e-02 -6.984453e-01 -7.155446e-01
      outer loop
         vertex 5.766873e-02 -2.930660e-03 -4.178130e-03
         vertex 5.849040e-03 -3.977565e-03 -4.100532e-03
         vertex 5.848437e-03 -3.953059e-03 -4.124463e-03
      endloop
   endfacet
   facet normal 1.345734e-02 -7.177800e-01 -6.961399e-01
      outer loop
         vertex 5.766094e-02 -2.979060e-03 -4.128807e-03
         vertex 5.844439e-03 -4.033671e-03 -4.043097e-03
         vertex 5.843836e-03 -4.009868e-03 -4.067651e-03
      endloop
   endfacet
   facet normal 1.339273e-02 -7.147435e-01 -6.992585e-01
      outer loop
         vertex 5.849040e-03 -3.977565e-03 -4.100532e-03
         vertex 5.766873e-02 -2.930660e-03 -4.178130e-03
         vertex 5.766094e-02 -2.979060e-03 -4.128807e-03
      endloop
   endfacet
   facet normal 1.342644e-02 -7.163260e-01 -6.976366e-01
      outer loop
         vertex 5.843836e-03 -4.009868e-03 -4.067651e-03
         vertex -4.597215e-02 -5.088466e-03 -3.957388e-03
         vertex -4.597316e-02 -5.040661e-03 -4.006494e-03
      endloop
   endfacet
   facet normal 1.304037e-02 -6.984453e-01 -7.155446e-01
      outer loop
         vertex 5.848437e-03 -3.953059e-03 -4.124463e-03
         vertex 5.849040e-03 -3.977565e-03 -4.100532e-03
         vertex -4.597056e-02 -5.024562e-03 -4.022936e-03
      endloop
   endfacet
   facet normal 1.338467e-02 -7.143367e-01 -6.996742e-01
      outer loop
         vertex 5.849040e-03 -3.977565e-03 -4.100532e-03
         vertex 5.766094e-02 -2.979060e-03 -4.128807e-03
         vertex 5.843836e-03 -4.009868e-03 -4.067651e-03
      endloop
   endfacet
   facet normal 1.340963e-02 -7.155297e-01 -6.984536e-01
      outer loop
         vertex 5.843836e-03 -4.009868e-03 -4.067651e-03
         vertex -4.597316e-02 -5.040661e-03 -4.006494e-03
         vertex -4.597056e-02 -5.024562e-03 -4.022936e-03
      endloop
   endfacet
   facet normal 1.338522e-02 -7.143367e-01 -6.996741e-01
      outer loop
         vertex 5.849040e-03 -3.977565e-03 -4.100532e-03
         vertex 5.843836e-03 -4.009868e-03 -4.067651e-03
         vertex -4.597056e-02 -5.024562e-03 -4.022936e-03
      endloop
   endfacet
   facet normal 1.304263e-02 -6.986174e-01 -7.153766e-01
      outer loop
         vertex 1.571895e-01 -9.023701e-04 -4.344475e-03
         vertex 1.074242e-01 -1.891963e-03 -4.285378e-03
         vertex 1.571891e-01 -8.862721e-04 -4.360204e-03
      endloop
   endfacet
   facet normal 9.998711e-01 8.918708e-03 -1.335287e-02
      outer loop
         vertex 1.571887e-01 -8.681604e-04 -4.377117e-03
         vertex 1.571483e-01 3.664536e-03 -4.375690e-03
         vertex 1.571891e-01 -8.862721e-04 -4.360204e-03
      endloop
   endfacet
   facet normal 1.309589e-02 -7.010736e-01 -7.129686e-01
      outer loop
         vertex 1.571891e-01 -8.862721e-04 -4.360204e-03
         vertex 1.074242e-01 -1.891963e-03 -4.285378e-03
         vertex 1.074240e-01 -1.883968e-03 -4.293243e-03
      endloop
   endfacet
   facet normal 1.269578e-02 -6.823225e-01 -7.309410e-01
      outer loop
         vertex 1.571891e-01 -8.862721e-04 -4.360204e-03
         vertex 1.074240e-01 -1.883968e-03 -4.293243e-03
         vertex 1.571887e-01 -8.681604e-04 -4.377117e-03
      endloop
   endfacet
   facet normal 9.999142e-01 8.917910e-03 -9.595253e-03
      outer loop
         vertex 1.571887e-01 -8.681604e-04 -4.377117e-03
         vertex 1.571483e-01 3.646336e-03 -4.392605e-03
         vertex 1.571483e-01 3.664536e-03 -4.375690e-03
      endloop
   endfacet
   facet normal 1.309304e-02 -7.010737e-01 -7.129686e-01
      outer loop
         vertex 1.074240e-01 -1.883968e-03 -4.293243e-03
         vertex 1.074242e-01 -1.891963e-03 -4.285378e-03
         vertex 5.765883e-02 -2.881465e-03 -4.226283e-03
      endloop
   endfacet
   facet normal 1.266250e-02 -6.808085e-01 -7.323520e-01
      outer loop
         vertex 1.571887e-01 -8.681604e-04 -4.377117e-03
         vertex 1.074240e-01 -1.883968e-03 -4.293243e-03
         vertex 1.074100e-01 -1.849864e-03 -4.325190e-03
      endloop
   endfacet
   facet normal 4.979022e-04 6.756310e-01 -7.372398e-01
      outer loop
         vertex 1.571482e-01 3.613336e-03 -4.422848e-03
         vertex 1.073599e-01 3.731635e-03 -4.348059e-03
         vertex 1.571483e-01 3.646336e-03 -4.392605e-03
      endloop
   endfacet
   facet normal 9.999010e-01 8.913353e-03 -1.088893e-02
      outer loop
         vertex 1.571884e-01 -8.519703e-04 -4.392600e-03
         vertex 1.571483e-01 3.646336e-03 -4.392605e-03
         vertex 1.571887e-01 -8.681604e-04 -4.377117e-03
      endloop
   endfacet
   facet normal 4.254677e-04 6.561436e-01 -7.546360e-01
      outer loop
         vertex 1.571482e-01 3.613336e-03 -4.422848e-03
         vertex 1.571481e-01 3.575936e-03 -4.455367e-03
         vertex 1.073599e-01 3.731635e-03 -4.348059e-03
      endloop
   endfacet
   facet normal 1.266077e-02 -6.808089e-01 -7.323517e-01
      outer loop
         vertex 1.074100e-01 -1.849864e-03 -4.325190e-03
         vertex 1.074240e-01 -1.883968e-03 -4.293243e-03
         vertex 5.765883e-02 -2.881465e-03 -4.226283e-03
      endloop
   endfacet
   facet normal 1.287240e-02 -6.909461e-01 -7.227917e-01
      outer loop
         vertex 1.571887e-01 -8.681604e-04 -4.377117e-03
         vertex 1.074100e-01 -1.849864e-03 -4.325190e-03
         vertex 1.571884e-01 -8.519703e-04 -4.392600e-03
      endloop
   endfacet
   facet normal 9.998799e-01 8.913163e-03 -1.268190e-02
      outer loop
         vertex 1.571884e-01 -8.519703e-04 -4.392600e-03
         vertex 1.571482e-01 3.613336e-03 -4.422848e-03
         vertex 1.571483e-01 3.646336e-03 -4.392605e-03
      endloop
   endfacet
   facet normal 9.998699e-01 8.903516e-03 -1.344718e-02
      outer loop
         vertex 1.571876e-01 -8.145715e-04 -4.425108e-03
         vertex 1.571481e-01 3.575936e-03 -4.455367e-03
         vertex 1.571482e-01 3.613336e-03 -4.422848e-03
      endloop
   endfacet
   facet normal 1.269739e-02 -6.824304e-01 -7.308403e-01
      outer loop
         vertex 5.763134e-02 -2.831661e-03 -4.273265e-03
         vertex 1.074100e-01 -1.849864e-03 -4.325190e-03
         vertex 5.765883e-02 -2.881465e-03 -4.226283e-03
      endloop
   endfacet
   facet normal 9.999103e-01 8.927723e-03 -9.987382e-03
      outer loop
         vertex 1.571870e-01 -7.816573e-04 -4.455361e-03
         vertex 1.571481e-01 3.575936e-03 -4.455367e-03
         vertex 1.571876e-01 -8.145715e-04 -4.425108e-03
      endloop
   endfacet
   facet normal 1.286505e-02 -6.906016e-01 -7.231209e-01
      outer loop
         vertex 1.571884e-01 -8.519703e-04 -4.392600e-03
         vertex 1.074100e-01 -1.849864e-03 -4.325190e-03
         vertex 1.074098e-01 -1.841762e-03 -4.332931e-03
      endloop
   endfacet
   facet normal 9.998617e-01 8.903749e-03 -1.404737e-02
      outer loop
         vertex 1.571876e-01 -8.145715e-04 -4.425108e-03
         vertex 1.571482e-01 3.613336e-03 -4.422848e-03
         vertex 1.571884e-01 -8.519703e-04 -4.392600e-03
      endloop
   endfacet
   facet normal 1.286661e-02 -6.906016e-01 -7.231209e-01
      outer loop
         vertex 1.074098e-01 -1.841762e-03 -4.332931e-03
         vertex 1.074100e-01 -1.849864e-03 -4.325190e-03
         vertex 5.763134e-02 -2.831661e-03 -4.273265e-03
      endloop
   endfacet
   facet normal 1.215324e-02 -6.566699e-01 -7.540802e-01
      outer loop
         vertex 5.752344e-02 -2.729961e-03 -4.363567e-03
         vertex 1.073555e-01 -1.772365e-03 -4.394337e-03
         vertex 5.763134e-02 -2.831661e-03 -4.273265e-03
      endloop
   endfacet
   facet normal 1.254862e-02 -6.765358e-01 -7.363028e-01
      outer loop
         vertex 1.571876e-01 -8.145715e-04 -4.425108e-03
         vertex 1.073555e-01 -1.772365e-03 -4.394337e-03
         vertex 1.571870e-01 -7.816573e-04 -4.455361e-03
      endloop
   endfacet
   facet normal 1.213602e-02 -6.558468e-01 -7.547965e-01
      outer loop
         vertex 1.571884e-01 -8.519703e-04 -4.392600e-03
         vertex 1.074098e-01 -1.841762e-03 -4.332931e-03
         vertex 1.571876e-01 -8.145715e-04 -4.425108e-03
      endloop
   endfacet
   facet normal 1.216721e-02 -6.572661e-01 -7.535604e-01
      outer loop
         vertex 1.073555e-01 -1.772365e-03 -4.394337e-03
         vertex 1.074098e-01 -1.841762e-03 -4.332931e-03
         vertex 5.763134e-02 -2.831661e-03 -4.273265e-03
      endloop
   endfacet
   facet normal 1.216759e-02 -6.572659e-01 -7.535605e-01
      outer loop
         vertex 1.571876e-01 -8.145715e-04 -4.425108e-03
         vertex 1.074098e-01 -1.841762e-03 -4.332931e-03
         vertex 1.073555e-01 -1.772365e-03 -4.394337e-03
      endloop
   endfacet
   facet normal 1.765562e-02 -9.056246e-01 -4.237126e-01
      outer loop
         vertex 1.572042e-01 -1.421962e-03 -3.553082e-03
         vertex 1.050590e-01 -2.697063e-03 -3.000569e-03
         vertex 1.050563e-01 -2.622463e-03 -3.160128e-03
      endloop
   endfacet
   facet normal 1.765389e-02 -9.056246e-01 -4.237126e-01
      outer loop
         vertex 1.050563e-01 -2.622463e-03 -3.160128e-03
         vertex 1.050590e-01 -2.697063e-03 -3.000569e-03
         vertex 5.290814e-02 -3.822871e-03 -2.767172e-03
      endloop
   endfacet
   facet normal 1.927780e-02 -9.446651e-01 -3.274695e-01
      outer loop
         vertex 5.548554e-02 -3.593669e-03 -3.276632e-03
         vertex 1.050563e-01 -2.622463e-03 -3.160128e-03
         vertex 5.290814e-02 -3.822871e-03 -2.767172e-03
      endloop
   endfacet
   facet normal 1.898744e-02 -9.442164e-01 -3.287777e-01
      outer loop
         vertex 1.596034e-02 -4.557460e-03 -2.791302e-03
         vertex 5.290814e-02 -3.822871e-03 -2.767172e-03
         vertex 1.467174e-02 -4.672069e-03 -2.536575e-03
      endloop
   endfacet
   facet normal 1.898767e-02 -9.442292e-01 -3.287412e-01
      outer loop
         vertex 5.548554e-02 -3.593669e-03 -3.276632e-03
         vertex 5.290814e-02 -3.822871e-03 -2.767172e-03
         vertex 1.596034e-02 -4.557460e-03 -2.791302e-03
      endloop
   endfacet
   facet normal 1.898451e-02 -9.442120e-01 -3.287906e-01
      outer loop
         vertex -2.356476e-02 -5.521159e-03 -2.305973e-03
         vertex 1.596034e-02 -4.557460e-03 -2.791302e-03
         vertex 1.467174e-02 -4.672069e-03 -2.536575e-03
      endloop
   endfacet
   facet normal 1.963474e-02 -9.547162e-01 -2.968694e-01
      outer loop
         vertex 5.548554e-02 -3.593669e-03 -3.276632e-03
         vertex 1.596034e-02 -4.557460e-03 -2.791302e-03
         vertex 1.690364e-02 -4.440258e-03 -3.105828e-03
      endloop
   endfacet
   facet normal 1.962986e-02 -9.546736e-01 -2.970068e-01
      outer loop
         vertex -2.356476e-02 -5.521159e-03 -2.305973e-03
         vertex -2.167816e-02 -5.286663e-03 -2.935027e-03
         vertex 1.596034e-02 -4.557460e-03 -2.791302e-03
      endloop
   endfacet
   facet normal 1.695331e-02 -8.715001e-01 -4.901023e-01
      outer loop
         vertex 1.771864e-02 -4.290065e-03 -3.344709e-03
         vertex 5.548554e-02 -3.593669e-03 -3.276632e-03
         vertex 1.690364e-02 -4.440258e-03 -3.105828e-03
      endloop
   endfacet
   facet normal 1.963013e-02 -9.547124e-01 -2.968818e-01
      outer loop
         vertex 1.596034e-02 -4.557460e-03 -2.791302e-03
         vertex -2.167816e-02 -5.286663e-03 -2.935027e-03
         vertex 1.690364e-02 -4.440258e-03 -3.105828e-03
      endloop
   endfacet
   facet normal 1.695550e-02 -8.716441e-01 -4.898460e-01
      outer loop
         vertex 5.711563e-02 -3.293468e-03 -3.754393e-03
         vertex 5.548554e-02 -3.593669e-03 -3.276632e-03
         vertex 1.771864e-02 -4.290065e-03 -3.344709e-03
      endloop
   endfacet
   facet normal 1.963650e-02 -9.546790e-01 -2.969889e-01
      outer loop
         vertex -2.356476e-02 -5.521159e-03 -2.305973e-03
         vertex -5.972166e-02 -6.121562e-03 -2.766606e-03
         vertex -2.167816e-02 -5.286663e-03 -2.935027e-03
      endloop
   endfacet
   facet normal 1.694906e-02 -8.714941e-01 -4.901130e-01
      outer loop
         vertex -2.167816e-02 -5.286663e-03 -2.935027e-03
         vertex 1.771864e-02 -4.290065e-03 -3.344709e-03
         vertex 1.690364e-02 -4.440258e-03 -3.105828e-03
      endloop
   endfacet
   facet normal 1.739715e-02 -8.816193e-01 -4.716405e-01
      outer loop
         vertex 1.771864e-02 -4.290065e-03 -3.344709e-03
         vertex 5.484538e-03 -4.391567e-03 -3.606248e-03
         vertex 5.711563e-02 -3.293468e-03 -3.754393e-03
      endloop
   endfacet
   facet normal 1.744239e-02 -8.876300e-01 -4.602268e-01
      outer loop
         vertex -5.972166e-02 -6.121562e-03 -2.766606e-03
         vertex -5.972787e-02 -5.937160e-03 -3.122493e-03
         vertex -2.167816e-02 -5.286663e-03 -2.935027e-03
      endloop
   endfacet
   facet normal 1.739721e-02 -8.816175e-01 -4.716438e-01
      outer loop
         vertex 1.771864e-02 -4.290065e-03 -3.344709e-03
         vertex -2.167816e-02 -5.286663e-03 -2.935027e-03
         vertex 5.484538e-03 -4.391567e-03 -3.606248e-03
      endloop
   endfacet
   facet normal 1.739533e-02 -8.815520e-01 -4.717663e-01
      outer loop
         vertex -5.972787e-02 -5.937160e-03 -3.122493e-03
         vertex -4.614647e-02 -5.489559e-03 -3.458106e-03
         vertex -2.167816e-02 -5.286663e-03 -2.935027e-03
      endloop
   endfacet
   facet normal 1.739439e-02 -8.815819e-01 -4.717105e-01
      outer loop
         vertex -2.167816e-02 -5.286663e-03 -2.935027e-03
         vertex -4.614647e-02 -5.489559e-03 -3.458106e-03
         vertex 5.484538e-03 -4.391567e-03 -3.606248e-03
      endloop
   endfacet
   facet normal 1.527884e-02 -7.977362e-01 -6.028130e-01
      outer loop
         vertex 5.759837e-03 -4.195064e-03 -3.862920e-03
         vertex 5.711563e-02 -3.293468e-03 -3.754393e-03
         vertex 5.482439e-03 -4.311168e-03 -3.716304e-03
      endloop
   endfacet
   facet normal 1.438658e-02 -7.596717e-01 -6.501476e-01
      outer loop
         vertex -4.601417e-02 -5.181865e-03 -3.855573e-03
         vertex -4.601195e-02 -5.270870e-03 -3.751525e-03
         vertex -9.778395e-02 -6.346660e-03 -3.640127e-03
      endloop
   endfacet
   facet normal -9.998786e-01 -8.388311e-03 1.313196e-02
      outer loop
         vertex -9.778395e-02 -6.346660e-03 -3.640127e-03
         vertex -9.776516e-02 -6.956173e-03 -2.598184e-03
         vertex -9.779027e-02 -6.071361e-03 -3.945339e-03
      endloop
   endfacet
   facet normal 1.547574e-02 -8.072465e-01 -5.900115e-01
      outer loop
         vertex 5.711563e-02 -3.293468e-03 -3.754393e-03
         vertex 5.484538e-03 -4.391567e-03 -3.606248e-03
         vertex 5.482439e-03 -4.311168e-03 -3.716304e-03
      endloop
   endfacet
   facet normal 1.527975e-02 -7.977370e-01 -6.028119e-01
      outer loop
         vertex 5.759837e-03 -4.195064e-03 -3.862920e-03
         vertex 5.482439e-03 -4.311168e-03 -3.716304e-03
         vertex -4.601195e-02 -5.270870e-03 -3.751525e-03
      endloop
   endfacet
   facet normal 1.528607e-02 -7.980191e-01 -6.024383e-01
      outer loop
         vertex -4.601195e-02 -5.270870e-03 -3.751525e-03
         vertex -4.615065e-02 -5.328869e-03 -3.678217e-03
         vertex -9.778395e-02 -6.346660e-03 -3.640127e-03
      endloop
   endfacet
   facet normal -9.998782e-01 -8.798614e-03 1.289193e-02
      outer loop
         vertex -9.776516e-02 -6.956173e-03 -2.598184e-03
         vertex -9.778395e-02 -6.346660e-03 -3.640127e-03
         vertex -9.777758e-02 -6.587658e-03 -3.309961e-03
      endloop
   endfacet
   facet normal 1.547413e-02 -8.072465e-01 -5.900115e-01
      outer loop
         vertex 5.482439e-03 -4.311168e-03 -3.716304e-03
         vertex 5.484538e-03 -4.391567e-03 -3.606248e-03
         vertex -4.614647e-02 -5.489559e-03 -3.458106e-03
      endloop
   endfacet
   facet normal 1.528473e-02 -7.980179e-01 -6.024399e-01
      outer loop
         vertex 5.482439e-03 -4.311168e-03 -3.716304e-03
         vertex -4.615065e-02 -5.328869e-03 -3.678217e-03
         vertex -4.601195e-02 -5.270870e-03 -3.751525e-03
      endloop
   endfacet
   facet normal 1.744353e-02 -8.877777e-01 -4.599418e-01
      outer loop
         vertex -9.777758e-02 -6.587658e-03 -3.309961e-03
         vertex -5.972787e-02 -5.937160e-03 -3.122493e-03
         vertex -9.776516e-02 -6.956173e-03 -2.598184e-03
      endloop
   endfacet
   facet normal 1.548187e-02 -8.074754e-01 -5.896980e-01
      outer loop
         vertex -9.778395e-02 -6.346660e-03 -3.640127e-03
         vertex -4.615065e-02 -5.328869e-03 -3.678217e-03
         vertex -9.777758e-02 -6.587658e-03 -3.309961e-03
      endloop
   endfacet
   facet normal 1.547967e-02 -8.074333e-01 -5.897558e-01
      outer loop
         vertex 5.482439e-03 -4.311168e-03 -3.716304e-03
         vertex -4.614647e-02 -5.489559e-03 -3.458106e-03
         vertex -4.615065e-02 -5.328869e-03 -3.678217e-03
      endloop
   endfacet
   facet normal 1.739536e-02 -8.815523e-01 -4.717657e-01
      outer loop
         vertex -9.777758e-02 -6.587658e-03 -3.309961e-03
         vertex -4.614647e-02 -5.489559e-03 -3.458106e-03
         vertex -5.972787e-02 -5.937160e-03 -3.122493e-03
      endloop
   endfacet
   facet normal 1.548043e-02 -8.074333e-01 -5.897558e-01
      outer loop
         vertex -4.615065e-02 -5.328869e-03 -3.678217e-03
         vertex -4.614647e-02 -5.489559e-03 -3.458106e-03
         vertex -9.777758e-02 -6.587658e-03 -3.309961e-03
      endloop
   endfacet
   facet normal 9.998799e-01 8.925556e-03 -1.267063e-02
      outer loop
         vertex 1.571900e-01 -9.199635e-04 -4.327145e-03
         vertex 1.571485e-01 3.698336e-03 -4.342880e-03
         vertex 1.572042e-01 -1.421962e-03 -3.553082e-03
      endloop
   endfacet
   facet normal 1.334598e-02 -7.125582e-01 -7.014861e-01
      outer loop
         vertex 1.571902e-01 -9.356643e-04 -4.311191e-03
         vertex 1.074295e-01 -1.933162e-03 -4.244661e-03
         vertex 1.571900e-01 -9.199635e-04 -4.327145e-03
      endloop
   endfacet
   facet normal 9.998474e-01 8.917263e-03 -1.501923e-02
      outer loop
         vertex 1.571900e-01 -9.199635e-04 -4.327145e-03
         vertex 1.571895e-01 -9.023701e-04 -4.344475e-03
         vertex 1.571485e-01 3.698336e-03 -4.342880e-03
      endloop
   endfacet
   facet normal -9.998429e-01 -1.684688e-02 5.501656e-03
      outer loop
         vertex -9.779027e-02 -6.071361e-03 -3.945339e-03
         vertex -9.778865e-02 -6.143260e-03 -3.871680e-03
         vertex -9.778395e-02 -6.346660e-03 -3.640127e-03
      endloop
   endfacet
   facet normal 1.329467e-02 -7.102304e-01 -7.038438e-01
      outer loop
         vertex 1.571900e-01 -9.199635e-04 -4.327145e-03
         vertex 1.074295e-01 -1.933162e-03 -4.244661e-03
         vertex 1.074294e-01 -1.925258e-03 -4.252639e-03
      endloop
   endfacet
   facet normal 1.310606e-02 -7.015370e-01 -7.125125e-01
      outer loop
         vertex 1.571900e-01 -9.199635e-04 -4.327145e-03
         vertex 1.074294e-01 -1.925258e-03 -4.252639e-03
         vertex 1.571895e-01 -9.023701e-04 -4.344475e-03
      endloop
   endfacet
   facet normal 1.340551e-02 -7.153939e-01 -6.985927e-01
      outer loop
         vertex -9.779027e-02 -6.071361e-03 -3.945339e-03
         vertex -4.597316e-02 -5.040661e-03 -4.006494e-03
         vertex -9.778865e-02 -6.143260e-03 -3.871680e-03
      endloop
   endfacet
   facet normal -9.998274e-01 -1.826204e-02 3.404416e-03
      outer loop
         vertex -9.779027e-02 -6.071361e-03 -3.945339e-03
         vertex -9.779347e-02 -5.922359e-03 -4.086955e-03
         vertex -9.779186e-02 -5.997859e-03 -4.017130e-03
      endloop
   endfacet
   facet normal 1.329613e-02 -7.102304e-01 -7.038438e-01
      outer loop
         vertex 1.074294e-01 -1.925258e-03 -4.252639e-03
         vertex 1.074295e-01 -1.933162e-03 -4.244661e-03
         vertex 5.766873e-02 -2.930660e-03 -4.178130e-03
      endloop
   endfacet
   facet normal 1.307255e-02 -7.000387e-01 -7.139852e-01
      outer loop
         vertex 1.571895e-01 -9.023701e-04 -4.344475e-03
         vertex 1.074294e-01 -1.925258e-03 -4.252639e-03
         vertex 1.074242e-01 -1.891963e-03 -4.285378e-03
      endloop
   endfacet
   facet normal 1.261975e-02 -6.787767e-01 -7.342363e-01
      outer loop
         vertex -4.597496e-02 -4.959072e-03 -4.086847e-03
         vertex -9.779186e-02 -5.997859e-03 -4.017130e-03
         vertex -9.779347e-02 -5.922359e-03 -4.086955e-03
      endloop
   endfacet
   facet normal 1.340837e-02 -7.155296e-01 -6.984537e-01
      outer loop
         vertex -4.597056e-02 -5.024562e-03 -4.022936e-03
         vertex -4.597316e-02 -5.040661e-03 -4.006494e-03
         vertex -9.779027e-02 -6.071361e-03 -3.945339e-03
      endloop
   endfacet
   facet normal 1.304088e-02 -6.985286e-01 -7.154633e-01
      outer loop
         vertex -9.779186e-02 -5.997859e-03 -4.017130e-03
         vertex -4.597166e-02 -4.975459e-03 -4.070795e-03
         vertex -9.779027e-02 -6.071361e-03 -3.945339e-03
      endloop
   endfacet
   facet normal 1.307502e-02 -7.000385e-01 -7.139854e-01
      outer loop
         vertex 1.074242e-01 -1.891963e-03 -4.285378e-03
         vertex 1.074294e-01 -1.925258e-03 -4.252639e-03
         vertex 5.766873e-02 -2.930660e-03 -4.178130e-03
      endloop
   endfacet
   facet normal 1.303739e-02 -6.983605e-01 -7.156275e-01
      outer loop
         vertex -9.779186e-02 -5.997859e-03 -4.017130e-03
         vertex -4.597496e-02 -4.959072e-03 -4.086847e-03
         vertex -4.597166e-02 -4.975459e-03 -4.070795e-03
      endloop
   endfacet
   facet normal 1.302297e-02 -6.977668e-01 -7.162066e-01
      outer loop
         vertex -4.597166e-02 -4.975459e-03 -4.070795e-03
         vertex -4.597056e-02 -5.024562e-03 -4.022936e-03
         vertex -9.779027e-02 -6.071361e-03 -3.945339e-03
      endloop
   endfacet
   facet normal 1.303035e-02 -6.980951e-01 -7.158864e-01
      outer loop
         vertex 5.765883e-02 -2.881465e-03 -4.226283e-03
         vertex 1.074242e-01 -1.891963e-03 -4.285378e-03
         vertex 5.766873e-02 -2.930660e-03 -4.178130e-03
      endloop
   endfacet
   facet normal 1.303634e-02 -6.983606e-01 -7.156274e-01
      outer loop
         vertex -4.597166e-02 -4.975459e-03 -4.070795e-03
         vertex -4.597496e-02 -4.959072e-03 -4.086847e-03
         vertex 5.841936e-03 -3.920360e-03 -4.156565e-03
      endloop
   endfacet
   facet normal 1.302504e-02 -6.977668e-01 -7.162066e-01
      outer loop
         vertex 5.848437e-03 -3.953059e-03 -4.124463e-03
         vertex -4.597056e-02 -5.024562e-03 -4.022936e-03
         vertex -4.597166e-02 -4.975459e-03 -4.070795e-03
      endloop
   endfacet
   facet normal 1.269536e-02 -6.824310e-01 -7.308397e-01
      outer loop
         vertex 5.765883e-02 -2.881465e-03 -4.226283e-03
         vertex 5.841441e-03 -3.895168e-03 -4.179840e-03
         vertex 5.763134e-02 -2.831661e-03 -4.273265e-03
      endloop
   endfacet
   facet normal 1.303181e-02 -6.980950e-01 -7.158866e-01
      outer loop
         vertex 5.766873e-02 -2.930660e-03 -4.178130e-03
         vertex 5.848437e-03 -3.953059e-03 -4.124463e-03
         vertex 5.765883e-02 -2.881465e-03 -4.226283e-03
      endloop
   endfacet
   facet normal 1.305437e-02 -6.991806e-01 -7.148259e-01
      outer loop
         vertex -4.597166e-02 -4.975459e-03 -4.070795e-03
         vertex 5.841936e-03 -3.920360e-03 -4.156565e-03
         vertex 5.848437e-03 -3.953059e-03 -4.124463e-03
      endloop
   endfacet
   facet normal 1.261367e-02 -6.784253e-01 -7.345611e-01
      outer loop
         vertex 5.841936e-03 -3.920360e-03 -4.156565e-03
         vertex 5.841441e-03 -3.895168e-03 -4.179840e-03
         vertex 5.765883e-02 -2.881465e-03 -4.226283e-03
      endloop
   endfacet
   facet normal 1.305634e-02 -6.991804e-01 -7.148261e-01
      outer loop
         vertex 5.848437e-03 -3.953059e-03 -4.124463e-03
         vertex 5.841936e-03 -3.920360e-03 -4.156565e-03
         vertex 5.765883e-02 -2.881465e-03 -4.226283e-03
      endloop
   endfacet
   facet normal 1.201469e-02 -6.499647e-01 -7.598695e-01
      outer loop
         vertex -4.598515e-02 -4.892070e-03 -4.149058e-03
         vertex -9.779347e-02 -5.922359e-03 -4.086955e-03
         vertex -9.779646e-02 -5.766262e-03 -4.220522e-03
      endloop
   endfacet
   facet normal 1.202516e-02 -6.505111e-01 -7.594015e-01
      outer loop
         vertex -4.598515e-02 -4.892070e-03 -4.149058e-03
         vertex -4.598716e-02 -4.788158e-03 -4.238102e-03
         vertex 5.823138e-03 -3.861858e-03 -4.211162e-03
      endloop
   endfacet
   facet normal 1.269412e-02 -6.823825e-01 -7.308851e-01
      outer loop
         vertex -9.779347e-02 -5.922359e-03 -4.086955e-03
         vertex -4.598515e-02 -4.892070e-03 -4.149058e-03
         vertex -4.597596e-02 -4.908672e-03 -4.133399e-03
      endloop
   endfacet
   facet normal 1.261127e-02 -6.783205e-01 -7.346579e-01
      outer loop
         vertex -4.597496e-02 -4.959072e-03 -4.086847e-03
         vertex -9.779347e-02 -5.922359e-03 -4.086955e-03
         vertex -4.597596e-02 -4.908672e-03 -4.133399e-03
      endloop
   endfacet
   facet normal 1.266951e-02 -6.812674e-01 -7.319250e-01
      outer loop
         vertex 5.841441e-03 -3.895168e-03 -4.179840e-03
         vertex 5.823138e-03 -3.861858e-03 -4.211162e-03
         vertex 5.763134e-02 -2.831661e-03 -4.273265e-03
      endloop
   endfacet
   facet normal 1.269311e-02 -6.823828e-01 -7.308848e-01
      outer loop
         vertex -4.597596e-02 -4.908672e-03 -4.133399e-03
         vertex -4.598515e-02 -4.892070e-03 -4.149058e-03
         vertex 5.823138e-03 -3.861858e-03 -4.211162e-03
      endloop
   endfacet
   facet normal 1.260902e-02 -6.783205e-01 -7.346579e-01
      outer loop
         vertex -4.597496e-02 -4.959072e-03 -4.086847e-03
         vertex -4.597596e-02 -4.908672e-03 -4.133399e-03
         vertex 5.841936e-03 -3.920360e-03 -4.156565e-03
      endloop
   endfacet
   facet normal 1.266901e-02 -6.812676e-01 -7.319248e-01
      outer loop
         vertex -4.597596e-02 -4.908672e-03 -4.133399e-03
         vertex 5.823138e-03 -3.861858e-03 -4.211162e-03
         vertex 5.841441e-03 -3.895168e-03 -4.179840e-03
      endloop
   endfacet
   facet normal 1.261106e-02 -6.784254e-01 -7.345611e-01
      outer loop
         vertex -4.597596e-02 -4.908672e-03 -4.133399e-03
         vertex 5.841441e-03 -3.895168e-03 -4.179840e-03
         vertex 5.841936e-03 -3.920360e-03 -4.156565e-03
      endloop
   endfacet
   facet normal 9.999096e-01 9.396624e-03 -9.618770e-03
      outer loop
         vertex 1.571485e-01 3.698336e-03 -4.342880e-03
         vertex 1.571485e-01 3.714436e-03 -4.327151e-03
         vertex 1.572042e-01 -1.421962e-03 -3.553082e-03
      endloop
   endfacet
   facet normal 5.810370e-04 6.987983e-01 -7.153186e-01
      outer loop
         vertex 1.571485e-01 3.698336e-03 -4.342880e-03
         vertex 1.073780e-01 3.824036e-03 -4.260510e-03
         vertex 1.571485e-01 3.714436e-03 -4.327151e-03
      endloop
   endfacet
   facet normal 5.771116e-04 6.978502e-01 -7.162436e-01
      outer loop
         vertex 1.571485e-01 3.698336e-03 -4.342880e-03
         vertex 1.073734e-01 3.790436e-03 -4.293251e-03
         vertex 1.073780e-01 3.824036e-03 -4.260510e-03
      endloop
   endfacet
   facet normal 5.756723e-04 6.978503e-01 -7.162435e-01
      outer loop
         vertex 1.073780e-01 3.824036e-03 -4.260510e-03
         vertex 1.073734e-01 3.790436e-03 -4.293251e-03
         vertex 5.760733e-02 3.949636e-03 -4.178138e-03
      endloop
   endfacet
   facet normal 5.802103e-04 6.986821e-01 -7.154320e-01
      outer loop
         vertex 5.760733e-02 3.949636e-03 -4.178138e-03
         vertex 1.073734e-01 3.790436e-03 -4.293251e-03
         vertex 5.759833e-02 3.900336e-03 -4.226292e-03
      endloop
   endfacet
   facet normal 5.220989e-04 6.825207e-01 -7.308661e-01
      outer loop
         vertex 5.771136e-03 4.014635e-03 -4.156576e-03
         vertex 5.759833e-02 3.900336e-03 -4.226292e-03
         vertex 5.757174e-02 3.850046e-03 -4.273274e-03
      endloop
   endfacet
   facet normal 5.802427e-04 6.986821e-01 -7.154320e-01
      outer loop
         vertex 5.777239e-03 4.072135e-03 -4.100543e-03
         vertex 5.760733e-02 3.949636e-03 -4.178138e-03
         vertex 5.759833e-02 3.900336e-03 -4.226292e-03
      endloop
   endfacet
   facet normal 5.679454e-04 6.956774e-01 -7.183541e-01
      outer loop
         vertex 5.759833e-02 3.900336e-03 -4.226292e-03
         vertex 5.771136e-03 4.014635e-03 -4.156576e-03
         vertex 5.771235e-03 4.039346e-03 -4.132645e-03
      endloop
   endfacet
   facet normal 5.850262e-04 6.995231e-01 -7.146097e-01
      outer loop
         vertex 5.777239e-03 4.072135e-03 -4.100543e-03
         vertex 5.759833e-02 3.900336e-03 -4.226292e-03
         vertex 5.771235e-03 4.039346e-03 -4.132645e-03
      endloop
   endfacet
   facet normal 5.692959e-04 6.956774e-01 -7.183541e-01
      outer loop
         vertex 5.771235e-03 4.039346e-03 -4.132645e-03
         vertex 5.771136e-03 4.014635e-03 -4.156576e-03
         vertex -4.605604e-02 4.129035e-03 -4.086860e-03
      endloop
   endfacet
   facet normal 5.833363e-04 6.995233e-01 -7.146096e-01
      outer loop
         vertex 5.777239e-03 4.072135e-03 -4.100543e-03
         vertex 5.771235e-03 4.039346e-03 -4.132645e-03
         vertex -4.605287e-02 4.194625e-03 -4.022948e-03
      endloop
   endfacet
   facet normal 5.732932e-04 6.972220e-01 -7.168550e-01
      outer loop
         vertex 5.771235e-03 4.039346e-03 -4.132645e-03
         vertex -4.605604e-02 4.129035e-03 -4.086860e-03
         vertex -4.605586e-02 4.178246e-03 -4.038997e-03
      endloop
   endfacet
   facet normal 5.846054e-04 6.998168e-01 -7.143221e-01
      outer loop
         vertex -4.605287e-02 4.194625e-03 -4.022948e-03
         vertex -4.605586e-02 4.178246e-03 -4.038997e-03
         vertex -9.788295e-02 4.317126e-03 -3.945353e-03
      endloop
   endfacet
   facet normal 5.848241e-04 6.998168e-01 -7.143221e-01
      outer loop
         vertex 5.771235e-03 4.039346e-03 -4.132645e-03
         vertex -4.605586e-02 4.178246e-03 -4.038997e-03
         vertex -4.605287e-02 4.194625e-03 -4.022948e-03
      endloop
   endfacet
   facet normal 5.240407e-04 6.826987e-01 -7.306998e-01
      outer loop
         vertex 5.771136e-03 4.014635e-03 -4.156576e-03
         vertex 5.753436e-03 3.981126e-03 -4.187896e-03
         vertex -4.605604e-02 4.129035e-03 -4.086860e-03
      endloop
   endfacet
   facet normal 5.230406e-04 6.826990e-01 -7.306995e-01
      outer loop
         vertex 5.771136e-03 4.014635e-03 -4.156576e-03
         vertex 5.757174e-02 3.850046e-03 -4.273274e-03
         vertex 5.753436e-03 3.981126e-03 -4.187896e-03
      endloop
   endfacet
   facet normal 5.191582e-04 6.816542e-01 -7.316743e-01
      outer loop
         vertex 5.753436e-03 3.981126e-03 -4.187896e-03
         vertex -4.606486e-02 4.112235e-03 -4.102518e-03
         vertex -4.605604e-02 4.129035e-03 -4.086860e-03
      endloop
   endfacet
   facet normal 5.110121e-04 6.799688e-01 -7.332409e-01
      outer loop
         vertex -4.606486e-02 4.112235e-03 -4.102518e-03
         vertex -4.606495e-02 4.062036e-03 -4.149070e-03
         vertex -9.788335e-02 4.167945e-03 -4.086969e-03
      endloop
   endfacet
   facet normal 5.118599e-04 6.799473e-01 -7.332608e-01
      outer loop
         vertex 5.757174e-02 3.850046e-03 -4.273274e-03
         vertex 5.753336e-03 3.956025e-03 -4.211172e-03
         vertex 5.753436e-03 3.981126e-03 -4.187896e-03
      endloop
   endfacet
   facet normal 5.123127e-04 6.799688e-01 -7.332409e-01
      outer loop
         vertex 5.753436e-03 3.981126e-03 -4.187896e-03
         vertex -4.606495e-02 4.062036e-03 -4.149070e-03
         vertex -4.606486e-02 4.112235e-03 -4.102518e-03
      endloop
   endfacet
   facet normal 4.395028e-04 6.567730e-01 -7.540882e-01
      outer loop
         vertex 5.753336e-03 3.956025e-03 -4.211172e-03
         vertex 5.757174e-02 3.850046e-03 -4.273274e-03
         vertex 5.746564e-02 3.746436e-03 -4.363575e-03
      endloop
   endfacet
   facet normal 4.331721e-04 6.550074e-01 -7.556223e-01
      outer loop
         vertex -4.606495e-02 4.062036e-03 -4.149070e-03
         vertex -4.610036e-02 4.027335e-03 -4.179170e-03
         vertex -9.788335e-02 4.167945e-03 -4.086969e-03
      endloop
   endfacet
   facet normal 5.122643e-04 6.799473e-01 -7.332608e-01
      outer loop
         vertex 5.753436e-03 3.981126e-03 -4.187896e-03
         vertex 5.753336e-03 3.956025e-03 -4.211172e-03
         vertex -4.606495e-02 4.062036e-03 -4.149070e-03
      endloop
   endfacet
   facet normal 4.350098e-04 6.560940e-01 -7.546790e-01
      outer loop
         vertex 5.753336e-03 3.956025e-03 -4.211172e-03
         vertex 5.746564e-02 3.746436e-03 -4.363575e-03
         vertex 5.682635e-03 3.886826e-03 -4.271373e-03
      endloop
   endfacet
   facet normal 4.318953e-04 6.550081e-01 -7.556217e-01
      outer loop
         vertex 5.682635e-03 3.886826e-03 -4.271373e-03
         vertex -4.610036e-02 4.027335e-03 -4.179170e-03
         vertex -4.606495e-02 4.062036e-03 -4.149070e-03
      endloop
   endfacet
   facet normal 4.377912e-04 6.560924e-01 -7.546804e-01
      outer loop
         vertex 5.753336e-03 3.956025e-03 -4.211172e-03
         vertex 5.682635e-03 3.886826e-03 -4.271373e-03
         vertex -4.606495e-02 4.062036e-03 -4.149070e-03
      endloop
   endfacet
   facet normal 4.140856e-04 6.511695e-01 -7.589322e-01
      outer loop
         vertex 5.746564e-02 3.746436e-03 -4.363575e-03
         vertex 5.682436e-03 3.834936e-03 -4.315895e-03
         vertex 5.682635e-03 3.886826e-03 -4.271373e-03
      endloop
   endfacet
   facet normal 4.137355e-04 6.507334e-01 -7.593062e-01
      outer loop
         vertex 5.682635e-03 3.886826e-03 -4.271373e-03
         vertex -4.610057e-02 3.923436e-03 -4.268214e-03
         vertex -4.610036e-02 4.027335e-03 -4.179170e-03
      endloop
   endfacet
   facet normal 2.959473e-04 6.029665e-01 -7.977664e-01
      outer loop
         vertex 5.682436e-03 3.834936e-03 -4.315895e-03
         vertex 5.746564e-02 3.746436e-03 -4.363575e-03
         vertex 5.704483e-02 3.528035e-03 -4.528802e-03
      endloop
   endfacet
   facet normal 4.140666e-04 6.511695e-01 -7.589322e-01
      outer loop
         vertex 5.682635e-03 3.886826e-03 -4.271373e-03
         vertex 5.682436e-03 3.834936e-03 -4.315895e-03
         vertex -4.610057e-02 3.923436e-03 -4.268214e-03
      endloop
   endfacet
   facet normal 2.959167e-04 6.029632e-01 -7.977690e-01
      outer loop
         vertex 5.682436e-03 3.834936e-03 -4.315895e-03
         vertex 5.704483e-02 3.528035e-03 -4.528802e-03
         vertex 5.401934e-03 3.689336e-03 -4.426045e-03
      endloop
   endfacet
   facet normal 2.959692e-04 6.029705e-01 -7.977634e-01
      outer loop
         vertex 5.401934e-03 3.689336e-03 -4.426045e-03
         vertex -4.624086e-02 3.850636e-03 -4.323290e-03
         vertex -4.610057e-02 3.923436e-03 -4.268214e-03
      endloop
   endfacet
   facet normal 2.959188e-04 6.029632e-01 -7.977690e-01
      outer loop
         vertex 5.682436e-03 3.834936e-03 -4.315895e-03
         vertex 5.401934e-03 3.689336e-03 -4.426045e-03
         vertex -4.610057e-02 3.923436e-03 -4.268214e-03
      endloop
   endfacet
   facet normal 5.143005e-03 -2.973189e-01 -9.547644e-01
      outer loop
         vertex -9.782286e-02 -3.984767e-03 -5.042897e-03
         vertex -6.072306e-02 -3.403362e-03 -5.024105e-03
         vertex -5.977085e-02 -3.697368e-03 -4.927421e-03
      endloop
   endfacet
   facet normal 5.142204e-03 -2.973212e-01 -9.547637e-01
      outer loop
         vertex -5.977085e-02 -3.697368e-03 -4.927421e-03
         vertex -6.072306e-02 -3.403362e-03 -5.024105e-03
         vertex -2.362327e-02 -2.822063e-03 -5.005313e-03
      endloop
   endfacet
   facet normal 5.003180e-03 -2.762741e-01 -9.610659e-01
      outer loop
         vertex -9.782286e-02 -3.984767e-03 -5.042897e-03
         vertex -5.977085e-02 -3.697368e-03 -4.927421e-03
         vertex -9.781355e-02 -4.724361e-03 -4.830240e-03
      endloop
   endfacet
   facet normal 5.143333e-03 -2.973666e-01 -9.547495e-01
      outer loop
         vertex -2.171885e-02 -3.409969e-03 -4.811944e-03
         vertex -5.977085e-02 -3.697368e-03 -4.927421e-03
         vertex -2.362327e-02 -2.822063e-03 -5.005313e-03
      endloop
   endfacet
   facet normal 5.005326e-03 -2.763515e-01 -9.610436e-01
      outer loop
         vertex -5.977085e-02 -3.697368e-03 -4.927421e-03
         vertex -5.976617e-02 -4.067058e-03 -4.821090e-03
         vertex -9.781355e-02 -4.724361e-03 -4.830240e-03
      endloop
   endfacet
   facet normal 5.142850e-03 -2.973680e-01 -9.547491e-01
      outer loop
         vertex -2.362327e-02 -2.822063e-03 -5.005313e-03
         vertex 1.461854e-02 -2.222865e-03 -4.985947e-03
         vertex -2.171885e-02 -3.409969e-03 -4.811944e-03
      endloop
   endfacet
   facet normal 5.003710e-03 -2.763515e-01 -9.610436e-01
      outer loop
         vertex -2.171885e-02 -3.409969e-03 -4.811944e-03
         vertex -5.976617e-02 -4.067058e-03 -4.821090e-03
         vertex -5.977085e-02 -3.697368e-03 -4.927421e-03
      endloop
   endfacet
   facet normal 8.158130e-03 -4.598660e-01 -8.879509e-01
      outer loop
         vertex -5.976617e-02 -4.067058e-03 -4.821090e-03
         vertex -5.976066e-02 -4.422969e-03 -4.636715e-03
         vertex -9.781355e-02 -4.724361e-03 -4.830240e-03
      endloop
   endfacet
   facet normal 5.144322e-03 -2.974111e-01 -9.547357e-01
      outer loop
         vertex -2.171885e-02 -3.409969e-03 -4.811944e-03
         vertex 1.461854e-02 -2.222865e-03 -4.985947e-03
         vertex 1.557083e-02 -2.516765e-03 -4.889262e-03
      endloop
   endfacet
   facet normal 8.155493e-03 -4.598660e-01 -8.879509e-01
      outer loop
         vertex -2.171885e-02 -3.409969e-03 -4.811944e-03
         vertex -5.976066e-02 -4.422969e-03 -4.636715e-03
         vertex -5.976617e-02 -4.067058e-03 -4.821090e-03
      endloop
   endfacet
   facet normal 8.158207e-03 -4.598806e-01 -8.879433e-01
      outer loop
         vertex -9.781355e-02 -4.724361e-03 -4.830240e-03
         vertex -5.976066e-02 -4.422969e-03 -4.636715e-03
         vertex -9.780257e-02 -5.436169e-03 -4.461482e-03
      endloop
   endfacet
   facet normal 5.879881e-03 -3.272691e-01 -9.449129e-01
      outer loop
         vertex 1.557083e-02 -2.516765e-03 -4.889262e-03
         vertex 1.686684e-02 -2.743465e-03 -4.802681e-03
         vertex -2.171885e-02 -3.409969e-03 -4.811944e-03
      endloop
   endfacet
   facet normal 8.496724e-03 -4.716106e-01 -8.817660e-01
      outer loop
         vertex -5.976066e-02 -4.422969e-03 -4.636715e-03
         vertex -2.171885e-02 -3.409969e-03 -4.811944e-03
         vertex -4.616874e-02 -4.463771e-03 -4.483920e-03
      endloop
   endfacet
   facet normal 8.497281e-03 -4.715489e-01 -8.817990e-01
      outer loop
         vertex -5.976066e-02 -4.422969e-03 -4.636715e-03
         vertex -4.616874e-02 -4.463771e-03 -4.483920e-03
         vertex -9.780257e-02 -5.436169e-03 -4.461482e-03
      endloop
   endfacet
   facet normal 8.665263e-03 -4.895365e-01 -8.719397e-01
      outer loop
         vertex -2.171885e-02 -3.409969e-03 -4.811944e-03
         vertex 1.686684e-02 -2.743465e-03 -4.802681e-03
         vertex 1.768994e-02 -2.964565e-03 -4.670368e-03
      endloop
   endfacet
   facet normal 8.496886e-03 -4.716138e-01 -8.817642e-01
      outer loop
         vertex -2.171885e-02 -3.409969e-03 -4.811944e-03
         vertex 5.465037e-03 -3.491557e-03 -4.506356e-03
         vertex -4.616874e-02 -4.463771e-03 -4.483920e-03
      endloop
   endfacet
   facet normal 1.100702e-02 -6.028756e-01 -7.977593e-01
      outer loop
         vertex -9.780257e-02 -5.436169e-03 -4.461482e-03
         vertex -4.616874e-02 -4.463771e-03 -4.483920e-03
         vertex -4.602726e-02 -4.534068e-03 -4.428844e-03
      endloop
   endfacet
   facet normal 8.497429e-03 -4.715537e-01 -8.817964e-01
      outer loop
         vertex 1.768994e-02 -2.964565e-03 -4.670368e-03
         vertex 5.465037e-03 -3.491557e-03 -4.506356e-03
         vertex -2.171885e-02 -3.409969e-03 -4.811944e-03
      endloop
   endfacet
   facet normal 1.100497e-02 -6.028782e-01 -7.977574e-01
      outer loop
         vertex -4.602726e-02 -4.534068e-03 -4.428844e-03
         vertex -4.616874e-02 -4.463771e-03 -4.483920e-03
         vertex 5.465037e-03 -3.491557e-03 -4.506356e-03
      endloop
   endfacet
   facet normal 1.077823e-02 -5.893817e-01 -8.077828e-01
      outer loop
         vertex -4.602314e-02 -4.754161e-03 -4.268202e-03
         vertex -9.780257e-02 -5.436169e-03 -4.461482e-03
         vertex -4.602726e-02 -4.534068e-03 -4.428844e-03
      endloop
   endfacet
   facet normal 8.498680e-03 -4.715785e-01 -8.817831e-01
      outer loop
         vertex 5.709883e-02 -2.519069e-03 -4.528794e-03
         vertex 5.465037e-03 -3.491557e-03 -4.506356e-03
         vertex 1.768994e-02 -2.964565e-03 -4.670368e-03
      endloop
   endfacet
   facet normal 1.214394e-02 -6.566755e-01 -7.540755e-01
      outer loop
         vertex 5.763134e-02 -2.831661e-03 -4.273265e-03
         vertex 5.822039e-03 -3.809963e-03 -4.255684e-03
         vertex 5.752344e-02 -2.729961e-03 -4.363567e-03
      endloop
   endfacet
   facet normal 1.100993e-02 -6.031104e-01 -7.975818e-01
      outer loop
         vertex -4.602726e-02 -4.534068e-03 -4.428844e-03
         vertex 5.465037e-03 -3.491557e-03 -4.506356e-03
         vertex 5.748034e-03 -3.632060e-03 -4.396205e-03
      endloop
   endfacet
   facet normal 1.077771e-02 -5.893817e-01 -8.077828e-01
      outer loop
         vertex -4.602314e-02 -4.754161e-03 -4.268202e-03
         vertex -4.602726e-02 -4.534068e-03 -4.428844e-03
         vertex 5.750041e-03 -3.742061e-03 -4.315885e-03
      endloop
   endfacet
   facet normal 1.101252e-02 -6.031071e-01 -7.975842e-01
      outer loop
         vertex 5.748034e-03 -3.632060e-03 -4.396205e-03
         vertex 5.465037e-03 -3.491557e-03 -4.506356e-03
         vertex 5.709883e-02 -2.519069e-03 -4.528794e-03
      endloop
   endfacet
   facet normal 1.213133e-02 -6.561201e-01 -7.545590e-01
      outer loop
         vertex 5.822039e-03 -3.809963e-03 -4.255684e-03
         vertex 5.750041e-03 -3.742061e-03 -4.315885e-03
         vertex 5.752344e-02 -2.729961e-03 -4.363567e-03
      endloop
   endfacet
   facet normal 1.077990e-02 -5.895413e-01 -8.076663e-01
      outer loop
         vertex -4.602726e-02 -4.534068e-03 -4.428844e-03
         vertex 5.748034e-03 -3.632060e-03 -4.396205e-03
         vertex 5.750041e-03 -3.742061e-03 -4.315885e-03
      endloop
   endfacet
   facet normal 1.100679e-02 -6.028646e-01 -7.977676e-01
      outer loop
         vertex 5.752344e-02 -2.729961e-03 -4.363567e-03
         vertex 5.748034e-03 -3.632060e-03 -4.396205e-03
         vertex 5.709883e-02 -2.519069e-03 -4.528794e-03
      endloop
   endfacet
   facet normal 1.078090e-02 -5.895413e-01 -8.076663e-01
      outer loop
         vertex 5.750041e-03 -3.742061e-03 -4.315885e-03
         vertex 5.748034e-03 -3.632060e-03 -4.396205e-03
         vertex 5.752344e-02 -2.729961e-03 -4.363567e-03
      endloop
   endfacet
   facet normal 9.998249e-01 8.909102e-03 -1.645725e-02
      outer loop
         vertex 1.571891e-01 -8.862721e-04 -4.360204e-03
         vertex 1.571484e-01 3.680725e-03 -4.360210e-03
         vertex 1.571895e-01 -9.023701e-04 -4.344475e-03
      endloop
   endfacet
   facet normal 9.998591e-01 8.917090e-03 -1.421980e-02
      outer loop
         vertex 1.571895e-01 -9.023701e-04 -4.344475e-03
         vertex 1.571484e-01 3.680725e-03 -4.360210e-03
         vertex 1.571485e-01 3.698336e-03 -4.342880e-03
      endloop
   endfacet
   facet normal 9.998314e-01 8.909161e-03 -1.605410e-02
      outer loop
         vertex 1.571891e-01 -8.862721e-04 -4.360204e-03
         vertex 1.571483e-01 3.664536e-03 -4.375690e-03
         vertex 1.571484e-01 3.680725e-03 -4.360210e-03
      endloop
   endfacet
   facet normal 5.871591e-04 7.014047e-01 -7.127630e-01
      outer loop
         vertex 1.571484e-01 3.680725e-03 -4.360210e-03
         vertex 1.073734e-01 3.790436e-03 -4.293251e-03
         vertex 1.571485e-01 3.698336e-03 -4.342880e-03
      endloop
   endfacet
   facet normal 5.509283e-04 6.911022e-01 -7.227568e-01
      outer loop
         vertex 1.571483e-01 3.664536e-03 -4.375690e-03
         vertex 1.073734e-01 3.782336e-03 -4.300991e-03
         vertex 1.571484e-01 3.680725e-03 -4.360210e-03
      endloop
   endfacet
   facet normal 5.501257e-04 6.908497e-01 -7.229982e-01
      outer loop
         vertex 1.571484e-01 3.680725e-03 -4.360210e-03
         vertex 1.073734e-01 3.782336e-03 -4.300991e-03
         vertex 1.073734e-01 3.790436e-03 -4.293251e-03
      endloop
   endfacet
   facet normal 5.118964e-04 6.807802e-01 -7.324876e-01
      outer loop
         vertex 1.571483e-01 3.664536e-03 -4.375690e-03
         vertex 1.571483e-01 3.646336e-03 -4.392605e-03
         vertex 1.073734e-01 3.782336e-03 -4.300991e-03
      endloop
   endfacet
   facet normal 5.527387e-04 6.908497e-01 -7.229982e-01
      outer loop
         vertex 1.073734e-01 3.790436e-03 -4.293251e-03
         vertex 1.073734e-01 3.782336e-03 -4.300991e-03
         vertex 5.759833e-02 3.900336e-03 -4.226292e-03
      endloop
   endfacet
   facet normal 5.200665e-04 6.826173e-01 -7.307759e-01
      outer loop
         vertex 1.073734e-01 3.782336e-03 -4.300991e-03
         vertex 1.571483e-01 3.646336e-03 -4.392605e-03
         vertex 1.073599e-01 3.748145e-03 -4.332938e-03
      endloop
   endfacet
   facet normal 5.215489e-04 6.826170e-01 -7.307762e-01
      outer loop
         vertex 5.759833e-02 3.900336e-03 -4.226292e-03
         vertex 1.073734e-01 3.782336e-03 -4.300991e-03
         vertex 1.073599e-01 3.748145e-03 -4.332938e-03
      endloop
   endfacet
   facet normal 4.973541e-04 6.754146e-01 -7.374380e-01
      outer loop
         vertex 1.571483e-01 3.646336e-03 -4.392605e-03
         vertex 1.073599e-01 3.731635e-03 -4.348059e-03
         vertex 1.073599e-01 3.748145e-03 -4.332938e-03
      endloop
   endfacet
   facet normal 5.210632e-04 6.825210e-01 -7.308658e-01
      outer loop
         vertex 5.759833e-02 3.900336e-03 -4.226292e-03
         vertex 1.073599e-01 3.748145e-03 -4.332938e-03
         vertex 5.757174e-02 3.850046e-03 -4.273274e-03
      endloop
   endfacet
   facet normal 4.986430e-04 6.754146e-01 -7.374380e-01
      outer loop
         vertex 1.073599e-01 3.748145e-03 -4.332938e-03
         vertex 1.073599e-01 3.731635e-03 -4.348059e-03
         vertex 5.757174e-02 3.850046e-03 -4.273274e-03
      endloop
   endfacet
   facet normal 2.506203e-04 6.028213e-01 -7.978762e-01
      outer loop
         vertex 5.746564e-02 3.746436e-03 -4.363575e-03
         vertex 1.073068e-01 3.626946e-03 -4.438198e-03
         vertex 1.070964e-01 3.478336e-03 -4.550544e-03
      endloop
   endfacet
   facet normal 4.296351e-04 6.567787e-01 -7.540832e-01
      outer loop
         vertex 5.757174e-02 3.850046e-03 -4.273274e-03
         vertex 1.073068e-01 3.661136e-03 -4.409471e-03
         vertex 5.746564e-02 3.746436e-03 -4.363575e-03
      endloop
   endfacet
   facet normal 4.288535e-04 6.566523e-01 -7.541933e-01
      outer loop
         vertex 5.757174e-02 3.850046e-03 -4.273274e-03
         vertex 1.073599e-01 3.731635e-03 -4.348059e-03
         vertex 1.073068e-01 3.661136e-03 -4.409471e-03
      endloop
   endfacet
   facet normal 2.509109e-04 6.028210e-01 -7.978764e-01
      outer loop
         vertex 1.073068e-01 3.626946e-03 -4.438198e-03
         vertex 1.571479e-01 3.428726e-03 -4.572286e-03
         vertex 1.070964e-01 3.478336e-03 -4.550544e-03
      endloop
   endfacet
   facet normal 3.959102e-04 6.432843e-01 -7.656273e-01
      outer loop
         vertex 1.073068e-01 3.661136e-03 -4.409471e-03
         vertex 1.073068e-01 3.626946e-03 -4.438198e-03
         vertex 5.746564e-02 3.746436e-03 -4.363575e-03
      endloop
   endfacet
   facet normal 4.280147e-04 6.566527e-01 -7.541930e-01
      outer loop
         vertex 1.073599e-01 3.731635e-03 -4.348059e-03
         vertex 1.571481e-01 3.575936e-03 -4.455367e-03
         vertex 1.073068e-01 3.661136e-03 -4.409471e-03
      endloop
   endfacet
   facet normal 9.998857e-01 8.927501e-03 -1.219963e-02
      outer loop
         vertex 1.571870e-01 -7.816573e-04 -4.455361e-03
         vertex 1.571480e-01 3.507436e-03 -4.512821e-03
         vertex 1.571481e-01 3.575936e-03 -4.455367e-03
      endloop
   endfacet
   facet normal 2.507552e-04 6.027951e-01 -7.978960e-01
      outer loop
         vertex 1.571480e-01 3.507436e-03 -4.512821e-03
         vertex 1.571479e-01 3.428726e-03 -4.572286e-03
         vertex 1.073068e-01 3.626946e-03 -4.438198e-03
      endloop
   endfacet
   facet normal 3.946334e-04 6.432844e-01 -7.656273e-01
      outer loop
         vertex 1.571481e-01 3.575936e-03 -4.455367e-03
         vertex 1.073068e-01 3.626946e-03 -4.438198e-03
         vertex 1.073068e-01 3.661136e-03 -4.409471e-03
      endloop
   endfacet
   facet normal 3.937810e-04 6.426350e-01 -7.661724e-01
      outer loop
         vertex 1.571480e-01 3.507436e-03 -4.512821e-03
         vertex 1.073068e-01 3.626946e-03 -4.438198e-03
         vertex 1.571481e-01 3.575936e-03 -4.455367e-03
      endloop
   endfacet
   facet normal 1.248178e-02 -6.732905e-01 -7.392727e-01
      outer loop
         vertex 1.073551e-01 -1.755763e-03 -4.409464e-03
         vertex 1.073555e-01 -1.772365e-03 -4.394337e-03
         vertex 5.752344e-02 -2.729961e-03 -4.363567e-03
      endloop
   endfacet
   facet normal 1.104840e-02 -6.028117e-01 -7.978070e-01
      outer loop
         vertex 5.709883e-02 -2.519069e-03 -4.528794e-03
         vertex 1.071421e-01 -1.611171e-03 -4.521766e-03
         vertex 5.752344e-02 -2.729961e-03 -4.363567e-03
      endloop
   endfacet
   facet normal 1.248047e-02 -6.732905e-01 -7.392727e-01
      outer loop
         vertex 1.571870e-01 -7.816573e-04 -4.455361e-03
         vertex 1.073555e-01 -1.772365e-03 -4.394337e-03
         vertex 1.073551e-01 -1.755763e-03 -4.409464e-03
      endloop
   endfacet
   facet normal 1.176335e-02 -6.424643e-01 -7.662253e-01
      outer loop
         vertex 1.071415e-01 -1.576869e-03 -4.550537e-03
         vertex 1.071421e-01 -1.611171e-03 -4.521766e-03
         vertex 5.709883e-02 -2.519069e-03 -4.528794e-03
      endloop
   endfacet
   facet normal 1.105699e-02 -6.031562e-01 -7.975465e-01
      outer loop
         vertex 1.071421e-01 -1.611171e-03 -4.521766e-03
         vertex 1.073551e-01 -1.755763e-03 -4.409464e-03
         vertex 5.752344e-02 -2.729961e-03 -4.363567e-03
      endloop
   endfacet
   facet normal 8.838516e-03 -4.894010e-01 -8.720141e-01
      outer loop
         vertex 1.571841e-01 -6.343643e-04 -4.572281e-03
         vertex 1.071415e-01 -1.576869e-03 -4.550537e-03
         vertex 1.571815e-01 -4.666702e-04 -4.666422e-03
      endloop
   endfacet
   facet normal 1.105535e-02 -6.031329e-01 -7.975641e-01
      outer loop
         vertex 1.571870e-01 -7.816573e-04 -4.455361e-03
         vertex 1.073551e-01 -1.755763e-03 -4.409464e-03
         vertex 1.571855e-01 -7.031661e-04 -4.514738e-03
      endloop
   endfacet
   facet normal 1.176728e-02 -6.424643e-01 -7.662253e-01
      outer loop
         vertex 1.571841e-01 -6.343643e-04 -4.572281e-03
         vertex 1.071421e-01 -1.611171e-03 -4.521766e-03
         vertex 1.071415e-01 -1.576869e-03 -4.550537e-03
      endloop
   endfacet
   facet normal 1.105590e-02 -6.031572e-01 -7.975457e-01
      outer loop
         vertex 1.571855e-01 -7.031661e-04 -4.514738e-03
         vertex 1.073551e-01 -1.755763e-03 -4.409464e-03
         vertex 1.071421e-01 -1.611171e-03 -4.521766e-03
      endloop
   endfacet
   facet normal 9.998926e-01 8.936726e-03 -1.161963e-02
      outer loop
         vertex 1.571479e-01 3.282736e-03 -4.674261e-03
         vertex 1.571841e-01 -6.343643e-04 -4.572281e-03
         vertex 1.571815e-01 -4.666702e-04 -4.666422e-03
      endloop
   endfacet
   facet normal 9.998683e-01 8.909032e-03 -1.356641e-02
      outer loop
         vertex 1.571855e-01 -7.031661e-04 -4.514738e-03
         vertex 1.571480e-01 3.507436e-03 -4.512821e-03
         vertex 1.571870e-01 -7.816573e-04 -4.455361e-03
      endloop
   endfacet
   facet normal 1.174482e-02 -6.413612e-01 -7.671492e-01
      outer loop
         vertex 1.571855e-01 -7.031661e-04 -4.514738e-03
         vertex 1.071421e-01 -1.611171e-03 -4.521766e-03
         vertex 1.571841e-01 -6.343643e-04 -4.572281e-03
      endloop
   endfacet
   facet normal 9.998790e-01 8.907132e-03 -1.275155e-02
      outer loop
         vertex 1.571479e-01 3.282736e-03 -4.674261e-03
         vertex 1.571479e-01 3.428726e-03 -4.572286e-03
         vertex 1.571841e-01 -6.343643e-04 -4.572281e-03
      endloop
   endfacet
   facet normal 9.998651e-01 8.909109e-03 -1.379707e-02
      outer loop
         vertex 1.571855e-01 -7.031661e-04 -4.514738e-03
         vertex 1.571479e-01 3.428726e-03 -4.572286e-03
         vertex 1.571480e-01 3.507436e-03 -4.512821e-03
      endloop
   endfacet
   facet normal 9.998631e-01 8.906988e-03 -1.394800e-02
      outer loop
         vertex 1.571841e-01 -6.343643e-04 -4.572281e-03
         vertex 1.571479e-01 3.428726e-03 -4.572286e-03
         vertex 1.571855e-01 -7.031661e-04 -4.514738e-03
      endloop
   endfacet
   facet normal 2.053935e-02 -9.859835e-01 -1.655739e-01
      outer loop
         vertex 1.572121e-01 -1.600169e-03 -3.061709e-03
         vertex 1.291629e-01 -2.220058e-03 -2.849792e-03
         vertex 1.572113e-01 -1.590770e-03 -3.117777e-03
      endloop
   endfacet
   facet normal 2.054985e-02 -9.861154e-01 -1.647851e-01
      outer loop
         vertex 1.572113e-01 -1.590770e-03 -3.117777e-03
         vertex 1.291629e-01 -2.220058e-03 -2.849792e-03
         vertex 1.050598e-01 -2.706859e-03 -2.942477e-03
      endloop
   endfacet
   facet normal 2.054975e-02 -9.861515e-01 -1.645690e-01
      outer loop
         vertex 1.050598e-01 -2.706859e-03 -2.942477e-03
         vertex 1.291629e-01 -2.220058e-03 -2.849792e-03
         vertex 9.103543e-02 -3.021465e-03 -2.808482e-03
      endloop
   endfacet
   facet normal 2.054784e-02 -9.860821e-01 -1.649848e-01
      outer loop
         vertex 8.884044e-02 -3.111264e-03 -2.545149e-03
         vertex 9.103543e-02 -3.021465e-03 -2.808482e-03
         vertex 1.291629e-01 -2.220058e-03 -2.849792e-03
      endloop
   endfacet
   facet normal 2.151326e-02 -9.973109e-01 -7.005752e-02
      outer loop
         vertex 5.955584e-02 -3.791072e-03 -1.860377e-03
         vertex 8.884044e-02 -3.111264e-03 -2.545149e-03
         vertex 9.435933e-02 -3.005565e-03 -2.355085e-03
      endloop
   endfacet
   facet normal 2.151322e-02 -9.973110e-01 -7.005641e-02
      outer loop
         vertex 9.435933e-02 -3.005565e-03 -2.355085e-03
         vertex 8.884044e-02 -3.111264e-03 -2.545149e-03
         vertex 1.291629e-01 -2.220058e-03 -2.849792e-03
      endloop
   endfacet
   facet normal 2.052645e-02 -9.913081e-01 -1.299498e-01
      outer loop
         vertex 9.435933e-02 -3.005565e-03 -2.355085e-03
         vertex 9.722194e-02 -2.966258e-03 -2.202767e-03
         vertex 5.955584e-02 -3.791072e-03 -1.860377e-03
      endloop
   endfacet
   facet normal 2.052641e-02 -9.913082e-01 -1.299490e-01
      outer loop
         vertex 1.291629e-01 -2.220058e-03 -2.849792e-03
         vertex 9.722194e-02 -2.966258e-03 -2.202767e-03
         vertex 9.435933e-02 -3.005565e-03 -2.355085e-03
      endloop
   endfacet
   facet normal 9.999334e-01 5.250103e-03 -1.027586e-02
      outer loop
         vertex 1.571487e-01 3.764336e-03 -4.275332e-03
         vertex 1.571490e-01 3.812335e-03 -4.221808e-03
         vertex 1.571513e-01 4.053725e-03 -3.873725e-03
      endloop
   endfacet
   facet normal 9.996983e-01 1.638611e-02 -1.829871e-02
      outer loop
         vertex 1.571486e-01 3.731736e-03 -4.309409e-03
         vertex 1.571487e-01 3.764336e-03 -4.275332e-03
         vertex 1.571513e-01 4.053725e-03 -3.873725e-03
      endloop
   endfacet
   facet normal 9.998983e-01 -1.292877e-02 6.026840e-03
      outer loop
         vertex 1.571488e-01 3.779946e-03 -4.259151e-03
         vertex 1.571490e-01 3.812335e-03 -4.221808e-03
         vertex 1.571487e-01 3.764336e-03 -4.275332e-03
      endloop
   endfacet
   facet normal 9.999872e-01 -2.239161e-03 -4.535597e-03
      outer loop
         vertex 1.571485e-01 3.714436e-03 -4.327151e-03
         vertex 1.571486e-01 3.731736e-03 -4.309409e-03
         vertex 1.571513e-01 4.053725e-03 -3.873725e-03
      endloop
   endfacet
   facet normal 9.895963e-01 -1.052492e-01 9.809087e-02
      outer loop
         vertex 1.571487e-01 3.747446e-03 -4.293455e-03
         vertex 1.571487e-01 3.764336e-03 -4.275332e-03
         vertex 1.571486e-01 3.731736e-03 -4.309409e-03
      endloop
   endfacet
   facet normal 6.548287e-04 7.196820e-01 -6.943036e-01
      outer loop
         vertex 1.571487e-01 3.764336e-03 -4.275332e-03
         vertex 1.073605e-01 3.904636e-03 -4.176861e-03
         vertex 1.571488e-01 3.779946e-03 -4.259151e-03
      endloop
   endfacet
   facet normal 8.208314e-04 7.554341e-01 -6.552241e-01
      outer loop
         vertex 1.571488e-01 3.779946e-03 -4.259151e-03
         vertex 1.073606e-01 3.912436e-03 -4.168770e-03
         vertex 1.571490e-01 3.812335e-03 -4.221808e-03
      endloop
   endfacet
   facet normal 5.889186e-04 7.010410e-01 -7.131207e-01
      outer loop
         vertex 1.571485e-01 3.714436e-03 -4.327151e-03
         vertex 1.073780e-01 3.824036e-03 -4.260510e-03
         vertex 1.073780e-01 3.832035e-03 -4.252646e-03
      endloop
   endfacet
   facet normal 6.466674e-04 7.159788e-01 -6.981217e-01
      outer loop
         vertex 1.571485e-01 3.714436e-03 -4.327151e-03
         vertex 1.073780e-01 3.832035e-03 -4.252646e-03
         vertex 1.571486e-01 3.731736e-03 -4.309409e-03
      endloop
   endfacet
   facet normal 6.295306e-04 7.125430e-01 -7.016282e-01
      outer loop
         vertex 1.571486e-01 3.731736e-03 -4.309409e-03
         vertex 1.073737e-01 3.864625e-03 -4.219112e-03
         vertex 1.571487e-01 3.747446e-03 -4.293455e-03
      endloop
   endfacet
   facet normal 7.123516e-04 7.315462e-01 -6.817915e-01
      outer loop
         vertex 1.571487e-01 3.747446e-03 -4.293455e-03
         vertex 1.073737e-01 3.872635e-03 -4.211135e-03
         vertex 1.571487e-01 3.764336e-03 -4.275332e-03
      endloop
   endfacet
   facet normal 7.106602e-04 7.310709e-01 -6.823011e-01
      outer loop
         vertex 1.571487e-01 3.764336e-03 -4.275332e-03
         vertex 1.073737e-01 3.872635e-03 -4.211135e-03
         vertex 1.073605e-01 3.904636e-03 -4.176861e-03
      endloop
   endfacet
   facet normal 6.558398e-04 7.199217e-01 -6.940550e-01
      outer loop
         vertex 1.571488e-01 3.779946e-03 -4.259151e-03
         vertex 1.073605e-01 3.904636e-03 -4.176861e-03
         vertex 1.073606e-01 3.912436e-03 -4.168770e-03
      endloop
   endfacet
   facet normal 5.888925e-04 7.010410e-01 -7.131207e-01
      outer loop
         vertex 1.073780e-01 3.832035e-03 -4.252646e-03
         vertex 1.073780e-01 3.824036e-03 -4.260510e-03
         vertex 5.760733e-02 3.949636e-03 -4.178138e-03
      endloop
   endfacet
   facet normal 6.504605e-04 7.171690e-01 -6.968990e-01
      outer loop
         vertex 1.571486e-01 3.731736e-03 -4.309409e-03
         vertex 1.073780e-01 3.832035e-03 -4.252646e-03
         vertex 1.073737e-01 3.864625e-03 -4.219112e-03
      endloop
   endfacet
   facet normal 6.029617e-04 7.056532e-01 -7.085572e-01
      outer loop
         vertex 1.571487e-01 3.747446e-03 -4.293455e-03
         vertex 1.073737e-01 3.864625e-03 -4.219112e-03
         vertex 1.073737e-01 3.872635e-03 -4.211135e-03
      endloop
   endfacet
   facet normal 7.104701e-04 7.310709e-01 -6.823012e-01
      outer loop
         vertex 1.073605e-01 3.904636e-03 -4.176861e-03
         vertex 1.073737e-01 3.872635e-03 -4.211135e-03
         vertex 5.759874e-02 3.997835e-03 -4.128816e-03
      endloop
   endfacet
   facet normal 6.561858e-04 7.199217e-01 -6.940550e-01
      outer loop
         vertex 1.073606e-01 3.912436e-03 -4.168770e-03
         vertex 1.073605e-01 3.904636e-03 -4.176861e-03
         vertex 5.757254e-02 4.044946e-03 -4.078393e-03
      endloop
   endfacet
   facet normal 6.512850e-04 7.171691e-01 -6.968989e-01
      outer loop
         vertex 1.073737e-01 3.864625e-03 -4.219112e-03
         vertex 1.073780e-01 3.832035e-03 -4.252646e-03
         vertex 5.760733e-02 3.949636e-03 -4.178138e-03
      endloop
   endfacet
   facet normal 6.031136e-04 7.056532e-01 -7.085572e-01
      outer loop
         vertex 1.073737e-01 3.872635e-03 -4.211135e-03
         vertex 1.073737e-01 3.864625e-03 -4.219112e-03
         vertex 5.759874e-02 3.997835e-03 -4.128816e-03
      endloop
   endfacet
   facet normal 7.099229e-04 7.308826e-01 -6.825028e-01
      outer loop
         vertex 5.757254e-02 4.044946e-03 -4.078393e-03
         vertex 1.073605e-01 3.904636e-03 -4.176861e-03
         vertex 5.759874e-02 3.997835e-03 -4.128816e-03
      endloop
   endfacet
   facet normal 6.464006e-04 7.152560e-01 -6.988623e-01
      outer loop
         vertex 5.759874e-02 3.997835e-03 -4.128816e-03
         vertex 1.073737e-01 3.864625e-03 -4.219112e-03
         vertex 5.760733e-02 3.949636e-03 -4.178138e-03
      endloop
   endfacet
   facet normal 6.436485e-04 7.151089e-01 -6.990128e-01
      outer loop
         vertex 5.760733e-02 3.949636e-03 -4.178138e-03
         vertex 5.777239e-03 4.072135e-03 -4.100543e-03
         vertex 5.777339e-03 4.096135e-03 -4.075990e-03
      endloop
   endfacet
   facet normal 7.061329e-04 7.308816e-01 -6.825039e-01
      outer loop
         vertex 5.759874e-02 3.997835e-03 -4.128816e-03
         vertex 5.771738e-03 4.151435e-03 -4.017950e-03
         vertex 5.757254e-02 4.044946e-03 -4.078393e-03
      endloop
   endfacet
   facet normal 6.443601e-04 7.152558e-01 -6.988624e-01
      outer loop
         vertex 5.760733e-02 3.949636e-03 -4.178138e-03
         vertex 5.777339e-03 4.096135e-03 -4.075990e-03
         vertex 5.759874e-02 3.997835e-03 -4.128816e-03
      endloop
   endfacet
   facet normal 6.435196e-04 7.151089e-01 -6.990128e-01
      outer loop
         vertex 5.777339e-03 4.096135e-03 -4.075990e-03
         vertex 5.777239e-03 4.072135e-03 -4.100543e-03
         vertex -4.605287e-02 4.194625e-03 -4.022948e-03
      endloop
   endfacet
   facet normal 6.434027e-04 7.150408e-01 -6.990824e-01
      outer loop
         vertex -4.605266e-02 4.242636e-03 -3.973841e-03
         vertex -4.605287e-02 4.194625e-03 -4.022948e-03
         vertex -9.788295e-02 4.317126e-03 -3.945353e-03
      endloop
   endfacet
   facet normal 7.286156e-04 7.351486e-01 -6.779056e-01
      outer loop
         vertex 5.771639e-03 4.128236e-03 -4.043108e-03
         vertex 5.771738e-03 4.151435e-03 -4.017950e-03
         vertex 5.759874e-02 3.997835e-03 -4.128816e-03
      endloop
   endfacet
   facet normal 6.454115e-04 7.156133e-01 -6.984963e-01
      outer loop
         vertex 5.777339e-03 4.096135e-03 -4.075990e-03
         vertex 5.771639e-03 4.128236e-03 -4.043108e-03
         vertex 5.759874e-02 3.997835e-03 -4.128816e-03
      endloop
   endfacet
   facet normal 6.433190e-04 7.150408e-01 -6.990824e-01
      outer loop
         vertex 5.777339e-03 4.096135e-03 -4.075990e-03
         vertex -4.605287e-02 4.194625e-03 -4.022948e-03
         vertex -4.605266e-02 4.242636e-03 -3.973841e-03
      endloop
   endfacet
   facet normal 6.443187e-04 7.154989e-01 -6.986136e-01
      outer loop
         vertex -9.788268e-02 4.389046e-03 -3.871694e-03
         vertex -4.605266e-02 4.242636e-03 -3.973841e-03
         vertex -9.788295e-02 4.317126e-03 -3.945353e-03
      endloop
   endfacet
   facet normal 7.315653e-04 7.351486e-01 -6.779056e-01
      outer loop
         vertex -4.605525e-02 4.305246e-03 -3.907081e-03
         vertex 5.771738e-03 4.151435e-03 -4.017950e-03
         vertex 5.771639e-03 4.128236e-03 -4.043108e-03
      endloop
   endfacet
   facet normal 6.460927e-04 7.156134e-01 -6.984963e-01
      outer loop
         vertex -4.605266e-02 4.242636e-03 -3.973841e-03
         vertex 5.771639e-03 4.128236e-03 -4.043108e-03
         vertex 5.777339e-03 4.096135e-03 -4.075990e-03
      endloop
   endfacet
   facet normal 6.607914e-04 7.188931e-01 -6.951203e-01
      outer loop
         vertex -9.788268e-02 4.389046e-03 -3.871694e-03
         vertex -4.605546e-02 4.258536e-03 -3.957400e-03
         vertex -4.605266e-02 4.242636e-03 -3.973841e-03
      endloop
   endfacet
   facet normal 7.175155e-04 7.329015e-01 -6.803344e-01
      outer loop
         vertex -4.605546e-02 4.258536e-03 -3.957400e-03
         vertex -4.605525e-02 4.305246e-03 -3.907081e-03
         vertex 5.771639e-03 4.128236e-03 -4.043108e-03
      endloop
   endfacet
   facet normal 6.578440e-04 7.188929e-01 -6.951206e-01
      outer loop
         vertex -4.605266e-02 4.242636e-03 -3.973841e-03
         vertex -4.605546e-02 4.258536e-03 -3.957400e-03
         vertex 5.771639e-03 4.128236e-03 -4.043108e-03
      endloop
   endfacet
   facet normal 9.998768e-01 8.922826e-03 -1.291207e-02
      outer loop
         vertex 1.571601e-01 4.412835e-03 -2.931287e-03
         vertex 1.571648e-01 4.467446e-03 -2.530068e-03
         vertex 1.572156e-01 -1.634471e-03 -2.813101e-03
      endloop
   endfacet
   facet normal 9.998781e-01 8.924814e-03 -1.281092e-02
      outer loop
         vertex 1.571539e-01 4.216436e-03 -3.553089e-03
         vertex 1.571601e-01 4.412835e-03 -2.931287e-03
         vertex 1.572156e-01 -1.634471e-03 -2.813101e-03
      endloop
   endfacet
   facet normal 9.998802e-01 8.948185e-03 -1.262632e-02
      outer loop
         vertex 1.571539e-01 4.216436e-03 -3.553089e-03
         vertex 1.572156e-01 -1.634471e-03 -2.813101e-03
         vertex 1.571513e-01 4.053725e-03 -3.873725e-03
      endloop
   endfacet
   facet normal 9.998775e-01 8.902366e-03 -1.287188e-02
      outer loop
         vertex 1.572156e-01 -1.634471e-03 -2.813101e-03
         vertex 1.571485e-01 3.714436e-03 -4.327151e-03
         vertex 1.571513e-01 4.053725e-03 -3.873725e-03
      endloop
   endfacet
   facet normal 9.998778e-01 8.910190e-03 -1.284425e-02
      outer loop
         vertex 1.572042e-01 -1.421962e-03 -3.553082e-03
         vertex 1.571485e-01 3.714436e-03 -4.327151e-03
         vertex 1.572156e-01 -1.634471e-03 -2.813101e-03
      endloop
   endfacet
   facet normal 9.998880e-01 6.210275e-03 -1.361977e-02
      outer loop
         vertex 1.572139e-01 -1.618068e-03 -2.931427e-03
         vertex 1.572042e-01 -1.421962e-03 -3.553082e-03
         vertex 1.572156e-01 -1.634471e-03 -2.813101e-03
      endloop
   endfacet
   facet normal 9.998741e-01 9.776067e-03 -1.249470e-02
      outer loop
         vertex 1.572139e-01 -1.618068e-03 -2.931427e-03
         vertex 1.572121e-01 -1.600169e-03 -3.061709e-03
         vertex 1.572042e-01 -1.421962e-03 -3.553082e-03
      endloop
   endfacet
   facet normal 2.054987e-02 -9.861530e-01 -1.645599e-01
      outer loop
         vertex 5.290814e-02 -3.822871e-03 -2.767172e-03
         vertex 1.050598e-01 -2.706859e-03 -2.942477e-03
         vertex 9.103543e-02 -3.021465e-03 -2.808482e-03
      endloop
   endfacet
   facet normal 9.998728e-01 1.002977e-02 -1.240267e-02
      outer loop
         vertex 1.572042e-01 -1.421962e-03 -3.553082e-03
         vertex 1.572121e-01 -1.600169e-03 -3.061709e-03
         vertex 1.572113e-01 -1.590770e-03 -3.117777e-03
      endloop
   endfacet
   facet normal 2.053623e-02 -9.858238e-01 -1.665225e-01
      outer loop
         vertex 1.050590e-01 -2.697063e-03 -3.000569e-03
         vertex 1.050598e-01 -2.706859e-03 -2.942477e-03
         vertex 5.290814e-02 -3.822871e-03 -2.767172e-03
      endloop
   endfacet
   facet normal 1.764547e-02 -9.054092e-01 -4.241731e-01
      outer loop
         vertex 1.572096e-01 -1.571361e-03 -3.233961e-03
         vertex 1.050590e-01 -2.697063e-03 -3.000569e-03
         vertex 1.572042e-01 -1.421962e-03 -3.553082e-03
      endloop
   endfacet
   facet normal 9.998805e-01 8.160009e-03 -1.312787e-02
      outer loop
         vertex 1.572096e-01 -1.571361e-03 -3.233961e-03
         vertex 1.572042e-01 -1.421962e-03 -3.553082e-03
         vertex 1.572113e-01 -1.590770e-03 -3.117777e-03
      endloop
   endfacet
   facet normal 2.053435e-02 -9.858238e-01 -1.665225e-01
      outer loop
         vertex 1.572096e-01 -1.571361e-03 -3.233961e-03
         vertex 1.050598e-01 -2.706859e-03 -2.942477e-03
         vertex 1.050590e-01 -2.697063e-03 -3.000569e-03
      endloop
   endfacet
   facet normal 2.054817e-02 -9.860749e-01 -1.650273e-01
      outer loop
         vertex 1.572113e-01 -1.590770e-03 -3.117777e-03
         vertex 1.050598e-01 -2.706859e-03 -2.942477e-03
         vertex 1.572096e-01 -1.571361e-03 -3.233961e-03
      endloop
   endfacet
   facet normal 3.131558e-02 -7.004168e-01 7.130467e-01
      outer loop
         vertex 1.572490e-01 -9.194604e-04 3.070010e-04
         vertex 1.075030e-01 -1.916560e-03 1.512307e-03
         vertex 1.075029e-01 -1.924571e-03 1.504443e-03
      endloop
   endfacet
   facet normal 3.125640e-02 -7.154213e-01 6.979939e-01
      outer loop
         vertex 1.572490e-01 -9.194604e-04 3.070010e-04
         vertex 1.075029e-01 -1.924571e-03 1.504443e-03
         vertex 1.572490e-01 -9.367634e-04 2.892660e-04
      endloop
   endfacet
   facet normal 3.131800e-02 -7.004168e-01 7.130466e-01
      outer loop
         vertex 1.075029e-01 -1.924571e-03 1.504443e-03
         vertex 1.075030e-01 -1.916560e-03 1.512307e-03
         vertex 5.775664e-02 -2.929867e-03 2.701880e-03
      endloop
   endfacet
   facet normal 3.131349e-02 -7.009715e-01 7.125015e-01
      outer loop
         vertex 1.572491e-01 -9.034683e-04 3.227304e-04
         vertex 1.075030e-01 -1.916560e-03 1.512307e-03
         vertex 1.572490e-01 -9.194604e-04 3.070010e-04
      endloop
   endfacet
   facet normal 9.818081e-01 -1.359078e-01 1.325971e-01
      outer loop
         vertex 1.572491e-01 -9.034683e-04 3.227304e-04
         vertex 1.572490e-01 -9.194604e-04 3.070010e-04
         vertex 1.572490e-01 -9.367634e-04 2.892660e-04
      endloop
   endfacet
   facet normal 3.131916e-02 -7.000434e-01 7.134131e-01
      outer loop
         vertex 1.075030e-01 -1.916560e-03 1.512307e-03
         vertex 1.074986e-01 -1.883266e-03 1.545170e-03
         vertex 5.775664e-02 -2.929867e-03 2.701880e-03
      endloop
   endfacet
   facet normal 3.131639e-02 -7.000437e-01 7.134130e-01
      outer loop
         vertex 1.572491e-01 -9.034683e-04 3.227304e-04
         vertex 1.074986e-01 -1.883266e-03 1.545170e-03
         vertex 1.075030e-01 -1.916560e-03 1.512307e-03
      endloop
   endfacet
   facet normal 9.999367e-01 6.528950e-03 -9.167452e-03
      outer loop
         vertex 1.572491e-01 -9.034683e-04 3.227304e-04
         vertex 1.572490e-01 -9.367634e-04 2.892660e-04
         vertex 1.572486e-01 -1.452595e-04 8.090814e-04
      endloop
   endfacet
   facet normal 9.999107e-01 7.792044e-03 -1.086027e-02
      outer loop
         vertex 1.572496e-01 -7.124592e-04 4.926752e-04
         vertex 1.572495e-01 -7.810622e-04 4.352220e-04
         vertex 1.572486e-01 -1.452595e-04 8.090814e-04
      endloop
   endfacet
   facet normal 3.132243e-02 -6.981405e-01 7.152753e-01
      outer loop
         vertex 5.775664e-02 -2.929867e-03 2.701880e-03
         vertex 1.074986e-01 -1.883266e-03 1.545170e-03
         vertex 5.774803e-02 -2.880672e-03 2.750273e-03
      endloop
   endfacet
   facet normal 3.131922e-02 -6.993987e-01 7.140452e-01
      outer loop
         vertex 1.572492e-01 -8.857681e-04 3.400630e-04
         vertex 1.074986e-01 -1.883266e-03 1.545170e-03
         vertex 1.572491e-01 -9.034683e-04 3.227304e-04
      endloop
   endfacet
   facet normal 9.997272e-01 1.306747e-02 -1.936105e-02
      outer loop
         vertex 1.572491e-01 -9.034683e-04 3.227304e-04
         vertex 1.572486e-01 -1.452595e-04 8.090814e-04
         vertex 1.572492e-01 -8.857681e-04 3.400630e-04
      endloop
   endfacet
   facet normal 9.998374e-01 1.016462e-02 -1.489536e-02
      outer loop
         vertex 1.572486e-01 -1.452595e-04 8.090814e-04
         vertex 1.572495e-01 -7.810622e-04 4.352220e-04
         vertex 1.572494e-01 -8.184625e-04 4.026984e-04
      endloop
   endfacet
   facet normal 3.134817e-02 -6.904304e-01 7.227193e-01
      outer loop
         vertex 1.074986e-01 -1.883266e-03 1.545170e-03
         vertex 1.074987e-01 -1.875163e-03 1.552907e-03
         vertex 5.774803e-02 -2.880672e-03 2.750273e-03
      endloop
   endfacet
   facet normal 3.134952e-02 -6.904304e-01 7.227192e-01
      outer loop
         vertex 1.572492e-01 -8.857681e-04 3.400630e-04
         vertex 1.074987e-01 -1.875163e-03 1.552907e-03
         vertex 1.074986e-01 -1.883266e-03 1.545170e-03
      endloop
   endfacet
   facet normal 9.997128e-01 1.339124e-02 -1.987224e-02
      outer loop
         vertex 1.572486e-01 -1.452595e-04 8.090814e-04
         vertex 1.572493e-01 -8.694722e-04 3.555420e-04
         vertex 1.572492e-01 -8.857681e-04 3.400630e-04
      endloop
   endfacet
   facet normal 9.998603e-01 9.480775e-03 -1.376247e-02
      outer loop
         vertex 1.572493e-01 -8.513604e-04 3.724573e-04
         vertex 1.572486e-01 -1.452595e-04 8.090814e-04
         vertex 1.572494e-01 -8.184625e-04 4.026984e-04
      endloop
   endfacet
   facet normal 3.136976e-02 -6.818193e-01 7.308477e-01
      outer loop
         vertex 5.774803e-02 -2.880672e-03 2.750273e-03
         vertex 1.074987e-01 -1.875163e-03 1.552907e-03
         vertex 1.074854e-01 -1.841167e-03 1.585194e-03
      endloop
   endfacet
   facet normal 3.135611e-02 -6.884531e-01 7.246028e-01
      outer loop
         vertex 1.572493e-01 -8.694722e-04 3.555420e-04
         vertex 1.074987e-01 -1.875163e-03 1.552907e-03
         vertex 1.572492e-01 -8.857681e-04 3.400630e-04
      endloop
   endfacet
   facet normal 9.999911e-01 2.872849e-03 -3.076042e-03
      outer loop
         vertex 1.572493e-01 -8.513604e-04 3.724573e-04
         vertex 1.572493e-01 -8.694722e-04 3.555420e-04
         vertex 1.572486e-01 -1.452595e-04 8.090814e-04
      endloop
   endfacet
   facet normal 3.137204e-02 -6.818188e-01 7.308481e-01
      outer loop
         vertex 1.074987e-01 -1.875163e-03 1.552907e-03
         vertex 1.572493e-01 -8.513604e-04 3.724573e-04
         vertex 1.074854e-01 -1.841167e-03 1.585194e-03
      endloop
   endfacet
   facet normal 3.137141e-02 -6.822205e-01 7.304731e-01
      outer loop
         vertex 1.572493e-01 -8.694722e-04 3.555420e-04
         vertex 1.572493e-01 -8.513604e-04 3.724573e-04
         vertex 1.074987e-01 -1.875163e-03 1.552907e-03
      endloop
   endfacet
   facet normal 3.143392e-02 -6.417622e-01 7.662592e-01
      outer loop
         vertex 1.572496e-01 -7.124592e-04 4.926752e-04
         vertex 1.074328e-01 -1.720760e-03 1.691809e-03
         vertex 1.572495e-01 -7.810622e-04 4.352220e-04
      endloop
   endfacet
   facet normal 3.143636e-02 -6.406687e-01 7.671736e-01
      outer loop
         vertex 1.572495e-01 -7.810622e-04 4.352220e-04
         vertex 1.074328e-01 -1.720760e-03 1.691809e-03
         vertex 1.074327e-01 -1.755168e-03 1.663079e-03
      endloop
   endfacet
   facet normal 3.141110e-02 -6.559235e-01 7.541735e-01
      outer loop
         vertex 1.572494e-01 -8.184625e-04 4.026984e-04
         vertex 1.572495e-01 -7.810622e-04 4.352220e-04
         vertex 1.074855e-01 -1.824565e-03 1.600317e-03
      endloop
   endfacet
   facet normal 3.138435e-02 -6.764734e-01 7.357981e-01
      outer loop
         vertex 1.572494e-01 -8.184625e-04 4.026984e-04
         vertex 1.074855e-01 -1.824565e-03 1.600317e-03
         vertex 1.572493e-01 -8.513604e-04 3.724573e-04
      endloop
   endfacet
   facet normal 3.141182e-02 -6.571771e-01 7.530813e-01
      outer loop
         vertex 1.074855e-01 -1.824565e-03 1.600317e-03
         vertex 1.572495e-01 -7.810622e-04 4.352220e-04
         vertex 1.074327e-01 -1.755168e-03 1.663079e-03
      endloop
   endfacet
   facet normal 3.136927e-02 -6.823209e-01 7.303795e-01
      outer loop
         vertex 5.774803e-02 -2.880672e-03 2.750273e-03
         vertex 1.074854e-01 -1.841167e-03 1.585194e-03
         vertex 5.772174e-02 -2.830867e-03 2.797930e-03
      endloop
   endfacet
   facet normal 3.139423e-02 -6.732040e-01 7.387901e-01
      outer loop
         vertex 1.572493e-01 -8.513604e-04 3.724573e-04
         vertex 1.074855e-01 -1.824565e-03 1.600317e-03
         vertex 1.074854e-01 -1.841167e-03 1.585194e-03
      endloop
   endfacet
   facet normal 3.141277e-02 -6.571767e-01 7.530817e-01
      outer loop
         vertex 5.772174e-02 -2.830867e-03 2.797930e-03
         vertex 1.074855e-01 -1.824565e-03 1.600317e-03
         vertex 1.074327e-01 -1.755168e-03 1.663079e-03
      endloop
   endfacet
   facet normal 3.139293e-02 -6.732040e-01 7.387901e-01
      outer loop
         vertex 1.074854e-01 -1.841167e-03 1.585194e-03
         vertex 1.074855e-01 -1.824565e-03 1.600317e-03
         vertex 5.772174e-02 -2.830867e-03 2.797930e-03
      endloop
   endfacet
   facet normal 3.126686e-02 -7.133714e-01 7.000883e-01
      outer loop
         vertex 1.572490e-01 -9.367634e-04 2.892660e-04
         vertex 1.075029e-01 -1.924571e-03 1.504443e-03
         vertex 1.074983e-01 -1.957561e-03 1.471032e-03
      endloop
   endfacet
   facet normal 3.126788e-02 -7.133714e-01 7.000882e-01
      outer loop
         vertex 1.074983e-01 -1.957561e-03 1.471032e-03
         vertex 1.075029e-01 -1.924571e-03 1.504443e-03
         vertex 5.775664e-02 -2.929867e-03 2.701880e-03
      endloop
   endfacet
   facet normal 3.127001e-02 -7.125083e-01 7.009666e-01
      outer loop
         vertex 1.572490e-01 -9.367634e-04 2.892660e-04
         vertex 1.074983e-01 -1.957561e-03 1.471032e-03
         vertex 1.572489e-01 -9.524642e-04 2.733119e-04
      endloop
   endfacet
   facet normal 3.126118e-02 -7.145459e-01 6.988898e-01
      outer loop
         vertex 5.774764e-02 -2.978267e-03 2.652798e-03
         vertex 1.074983e-01 -1.957561e-03 1.471032e-03
         vertex 5.775664e-02 -2.929867e-03 2.701880e-03
      endloop
   endfacet
   facet normal 3.126000e-02 -7.148141e-01 6.986155e-01
      outer loop
         vertex 1.572489e-01 -9.524642e-04 2.733119e-04
         vertex 1.074983e-01 -1.957561e-03 1.471032e-03
         vertex 1.074983e-01 -1.965358e-03 1.463054e-03
      endloop
   endfacet
   facet normal 9.974100e-01 -5.484977e-02 4.652656e-02
      outer loop
         vertex 1.572489e-01 -9.524642e-04 2.733119e-04
         vertex 1.572488e-01 -9.694635e-04 2.551883e-04
         vertex 1.572490e-01 -9.367634e-04 2.892660e-04
      endloop
   endfacet
   facet normal 9.997654e-01 1.224350e-02 -1.786891e-02
      outer loop
         vertex 1.572490e-01 -9.367634e-04 2.892660e-04
         vertex 1.572488e-01 -9.694635e-04 2.551883e-04
         vertex 1.572486e-01 -1.452595e-04 8.090814e-04
      endloop
   endfacet
   facet normal 3.126017e-02 -7.148141e-01 6.986155e-01
      outer loop
         vertex 1.074983e-01 -1.965358e-03 1.463054e-03
         vertex 1.074983e-01 -1.957561e-03 1.471032e-03
         vertex 5.774764e-02 -2.978267e-03 2.652798e-03
      endloop
   endfacet
   facet normal 3.119411e-02 -7.290912e-01 6.837053e-01
      outer loop
         vertex 1.572489e-01 -9.524642e-04 2.733119e-04
         vertex 1.074983e-01 -1.965358e-03 1.463054e-03
         vertex 1.572488e-01 -9.694635e-04 2.551883e-04
      endloop
   endfacet
   facet normal 9.999310e-01 6.713100e-03 -9.639517e-03
      outer loop
         vertex 1.572486e-01 -1.452595e-04 8.090814e-04
         vertex 1.572488e-01 -9.694635e-04 2.551883e-04
         vertex 1.572486e-01 -1.017467e-03 2.016634e-04
      endloop
   endfacet
   facet normal 3.118371e-02 -7.311189e-01 6.815371e-01
      outer loop
         vertex 1.074848e-01 -1.997569e-03 1.429118e-03
         vertex 1.074983e-01 -1.965358e-03 1.463054e-03
         vertex 5.774764e-02 -2.978267e-03 2.652798e-03
      endloop
   endfacet
   facet normal 3.104784e-02 -7.537378e-01 6.564415e-01
      outer loop
         vertex 1.572486e-01 -1.017467e-03 2.016634e-04
         vertex 1.074848e-01 -2.005367e-03 1.421028e-03
         vertex 1.074316e-01 -2.067958e-03 1.351675e-03
      endloop
   endfacet
   facet normal 3.118206e-02 -7.311186e-01 6.815375e-01
      outer loop
         vertex 1.572488e-01 -9.694635e-04 2.551883e-04
         vertex 1.074983e-01 -1.965358e-03 1.463054e-03
         vertex 1.074848e-01 -1.997569e-03 1.429118e-03
      endloop
   endfacet
   facet normal 9.958427e-01 6.599162e-02 -6.278839e-02
      outer loop
         vertex 1.572488e-01 -9.694635e-04 2.551883e-04
         vertex 1.572488e-01 -9.848591e-04 2.390073e-04
         vertex 1.572486e-01 -1.017467e-03 2.016634e-04
      endloop
   endfacet
   facet normal 3.118312e-02 -7.312075e-01 6.814420e-01
      outer loop
         vertex 5.772093e-02 -3.025768e-03 2.603050e-03
         vertex 1.074848e-01 -1.997569e-03 1.429118e-03
         vertex 5.774764e-02 -2.978267e-03 2.652798e-03
      endloop
   endfacet
   facet normal 3.104747e-02 -7.537376e-01 6.564416e-01
      outer loop
         vertex 1.074316e-01 -2.067958e-03 1.351675e-03
         vertex 1.074848e-01 -2.005367e-03 1.421028e-03
         vertex 5.772093e-02 -3.025768e-03 2.603050e-03
      endloop
   endfacet
   facet normal 3.105416e-02 -7.529718e-01 6.573197e-01
      outer loop
         vertex 1.572488e-01 -9.848591e-04 2.390073e-04
         vertex 1.074848e-01 -2.005367e-03 1.421028e-03
         vertex 1.572486e-01 -1.017467e-03 2.016634e-04
      endloop
   endfacet
   facet normal 3.121275e-02 -7.241180e-01 6.889694e-01
      outer loop
         vertex 1.572488e-01 -9.694635e-04 2.551883e-04
         vertex 1.074848e-01 -1.997569e-03 1.429118e-03
         vertex 1.572488e-01 -9.848591e-04 2.390073e-04
      endloop
   endfacet
   facet normal 3.123204e-02 -7.196230e-01 6.936622e-01
      outer loop
         vertex 1.074848e-01 -2.005367e-03 1.421028e-03
         vertex 1.074848e-01 -1.997569e-03 1.429118e-03
         vertex 5.772093e-02 -3.025768e-03 2.603050e-03
      endloop
   endfacet
   facet normal 3.123350e-02 -7.196230e-01 6.936622e-01
      outer loop
         vertex 1.572488e-01 -9.848591e-04 2.390073e-04
         vertex 1.074848e-01 -1.997569e-03 1.429118e-03
         vertex 1.074848e-01 -2.005367e-03 1.421028e-03
      endloop
   endfacet
   facet normal 3.132305e-02 -6.981404e-01 7.152753e-01
      outer loop
         vertex 5.951838e-03 -3.976558e-03 3.948878e-03
         vertex 5.775664e-02 -2.929867e-03 2.701880e-03
         vertex 5.774803e-02 -2.880672e-03 2.750273e-03
      endloop
   endfacet
   facet normal 3.143376e-02 -6.406687e-01 7.671737e-01
      outer loop
         vertex 1.074327e-01 -1.755168e-03 1.663079e-03
         vertex 1.074328e-01 -1.720760e-03 1.691809e-03
         vertex 5.761614e-02 -2.729060e-03 2.890938e-03
      endloop
   endfacet
   facet normal 3.132151e-02 -6.991946e-01 7.142449e-01
      outer loop
         vertex 5.951838e-03 -3.976558e-03 3.948878e-03
         vertex 5.774803e-02 -2.880672e-03 2.750273e-03
         vertex 5.946139e-03 -3.943858e-03 3.981139e-03
      endloop
   endfacet
   facet normal 3.141105e-02 -6.561925e-01 7.539395e-01
      outer loop
         vertex 5.772174e-02 -2.830867e-03 2.797930e-03
         vertex 1.074327e-01 -1.755168e-03 1.663079e-03
         vertex 5.761614e-02 -2.729060e-03 2.890938e-03
      endloop
   endfacet
   facet normal 3.137466e-02 -6.823193e-01 7.303808e-01
      outer loop
         vertex 5.946238e-03 -3.919460e-03 4.005068e-03
         vertex 5.774803e-02 -2.880672e-03 2.750273e-03
         vertex 5.772174e-02 -2.830867e-03 2.797930e-03
      endloop
   endfacet
   facet normal 3.131945e-02 -6.999410e-01 7.135136e-01
      outer loop
         vertex 5.774803e-02 -2.880672e-03 2.750273e-03
         vertex 5.946238e-03 -3.919460e-03 4.005068e-03
         vertex 5.946139e-03 -3.943858e-03 3.981139e-03
      endloop
   endfacet
   facet normal 3.142422e-02 -6.561846e-01 7.539458e-01
      outer loop
         vertex 5.761614e-02 -2.729060e-03 2.890938e-03
         vertex 5.928835e-03 -3.860957e-03 4.060119e-03
         vertex 5.772174e-02 -2.830867e-03 2.797930e-03
      endloop
   endfacet
   facet normal 3.137612e-02 -6.801976e-01 7.323570e-01
      outer loop
         vertex 5.946238e-03 -3.919460e-03 4.005068e-03
         vertex 5.772174e-02 -2.830867e-03 2.797930e-03
         vertex 5.928736e-03 -3.886058e-03 4.036841e-03
      endloop
   endfacet
   facet normal 3.131688e-02 -6.999411e-01 7.135137e-01
      outer loop
         vertex 5.946139e-03 -3.943858e-03 3.981139e-03
         vertex 5.946238e-03 -3.919460e-03 4.005068e-03
         vertex -4.585545e-02 -4.958064e-03 5.259852e-03
      endloop
   endfacet
   facet normal 3.142397e-02 -6.560720e-01 7.540438e-01
      outer loop
         vertex 5.761614e-02 -2.729060e-03 2.890938e-03
         vertex 5.858340e-03 -3.793071e-03 4.122123e-03
         vertex 5.928835e-03 -3.860957e-03 4.060119e-03
      endloop
   endfacet
   facet normal 3.137701e-02 -6.797101e-01 7.328094e-01
      outer loop
         vertex 5.772174e-02 -2.830867e-03 2.797930e-03
         vertex 5.928835e-03 -3.860957e-03 4.060119e-03
         vertex 5.928736e-03 -3.886058e-03 4.036841e-03
      endloop
   endfacet
   facet normal 3.137746e-02 -6.801972e-01 7.323573e-01
      outer loop
         vertex 5.946238e-03 -3.919460e-03 4.005068e-03
         vertex 5.928736e-03 -3.886058e-03 4.036841e-03
         vertex -4.585545e-02 -4.958064e-03 5.259852e-03
      endloop
   endfacet
   facet normal 3.142448e-02 -6.560717e-01 7.540440e-01
      outer loop
         vertex 5.858340e-03 -3.793071e-03 4.122123e-03
         vertex -4.586406e-02 -4.891064e-03 5.322302e-03
         vertex 5.928835e-03 -3.860957e-03 4.060119e-03
      endloop
   endfacet
   facet normal 3.137060e-02 -6.823759e-01 7.303281e-01
      outer loop
         vertex -4.585545e-02 -4.958064e-03 5.259852e-03
         vertex -4.586427e-02 -4.941463e-03 5.275742e-03
         vertex -9.765727e-02 -5.996562e-03 6.514642e-03
      endloop
   endfacet
   facet normal -9.999943e-01 -3.356910e-04 3.349435e-03
      outer loop
         vertex -9.765706e-02 -5.921168e-03 6.584482e-03
         vertex -9.765667e-02 -5.764965e-03 6.718032e-03
         vertex -9.765727e-02 -5.996562e-03 6.514642e-03
      endloop
   endfacet
   facet normal 3.137714e-02 -6.797101e-01 7.328094e-01
      outer loop
         vertex 5.928736e-03 -3.886058e-03 4.036841e-03
         vertex 5.928835e-03 -3.860957e-03 4.060119e-03
         vertex -4.586406e-02 -4.891064e-03 5.322302e-03
      endloop
   endfacet
   facet normal 3.137464e-02 -6.823746e-01 7.303290e-01
      outer loop
         vertex 5.928736e-03 -3.886058e-03 4.036841e-03
         vertex -4.586427e-02 -4.941463e-03 5.275742e-03
         vertex -4.585545e-02 -4.958064e-03 5.259852e-03
      endloop
   endfacet
   facet normal 3.142491e-02 -6.564924e-01 7.536777e-01
      outer loop
         vertex -4.589924e-02 -4.857158e-03 5.353302e-03
         vertex -4.586406e-02 -4.891064e-03 5.322302e-03
         vertex 5.858340e-03 -3.793071e-03 4.122123e-03
      endloop
   endfacet
   facet normal 3.142361e-02 -6.495632e-01 7.596579e-01
      outer loop
         vertex -9.765706e-02 -5.921168e-03 6.584482e-03
         vertex -4.589924e-02 -4.857158e-03 5.353302e-03
         vertex -9.765667e-02 -5.764965e-03 6.718032e-03
      endloop
   endfacet
   facet normal 3.137642e-02 -6.792814e-01 7.332068e-01
      outer loop
         vertex -9.765727e-02 -5.996562e-03 6.514642e-03
         vertex -4.586427e-02 -4.941463e-03 5.275742e-03
         vertex -9.765706e-02 -5.921168e-03 6.584482e-03
      endloop
   endfacet
   facet normal 3.138215e-02 -6.783040e-01 7.341109e-01
      outer loop
         vertex 5.928736e-03 -3.886058e-03 4.036841e-03
         vertex -4.586406e-02 -4.891064e-03 5.322302e-03
         vertex -4.586427e-02 -4.941463e-03 5.275742e-03
      endloop
   endfacet
   facet normal 3.142381e-02 -6.564931e-01 7.536772e-01
      outer loop
         vertex -9.765706e-02 -5.921168e-03 6.584482e-03
         vertex -4.586406e-02 -4.891064e-03 5.322302e-03
         vertex -4.589924e-02 -4.857158e-03 5.353302e-03
      endloop
   endfacet
   facet normal 3.138078e-02 -6.783040e-01 7.341110e-01
      outer loop
         vertex -4.586427e-02 -4.941463e-03 5.275742e-03
         vertex -4.586406e-02 -4.891064e-03 5.322302e-03
         vertex -9.765706e-02 -5.921168e-03 6.584482e-03
      endloop
   endfacet
   facet normal 3.118016e-02 -7.312068e-01 6.814429e-01
      outer loop
         vertex 5.774764e-02 -2.978267e-03 2.652798e-03
         vertex 5.945734e-03 -4.056163e-03 3.866439e-03
         vertex 5.772093e-02 -3.025768e-03 2.603050e-03
      endloop
   endfacet
   facet normal 3.117645e-02 -7.320583e-01 6.805282e-01
      outer loop
         vertex 5.945833e-03 -4.032771e-03 3.891598e-03
         vertex 5.945734e-03 -4.056163e-03 3.866439e-03
         vertex 5.774764e-02 -2.978267e-03 2.652798e-03
      endloop
   endfacet
   facet normal 3.117155e-02 -7.334322e-01 6.790475e-01
      outer loop
         vertex -4.585597e-02 -5.087459e-03 5.130392e-03
         vertex -4.585624e-02 -5.134059e-03 5.080072e-03
         vertex 5.945833e-03 -4.032771e-03 3.891598e-03
      endloop
   endfacet
   facet normal 3.117566e-02 -7.319212e-01 6.806757e-01
      outer loop
         vertex 5.945734e-03 -4.056163e-03 3.866439e-03
         vertex 5.927935e-03 -4.087764e-03 3.833274e-03
         vertex 5.772093e-02 -3.025768e-03 2.603050e-03
      endloop
   endfacet
   facet normal 3.117631e-02 -7.320583e-01 6.805282e-01
      outer loop
         vertex -4.585624e-02 -5.134059e-03 5.080072e-03
         vertex 5.945734e-03 -4.056163e-03 3.866439e-03
         vertex 5.945833e-03 -4.032771e-03 3.891598e-03
      endloop
   endfacet
   facet normal 3.116748e-02 -7.339920e-01 6.784425e-01
      outer loop
         vertex -4.585597e-02 -5.087459e-03 5.130392e-03
         vertex -9.765776e-02 -6.142071e-03 6.369192e-03
         vertex -9.765816e-02 -6.211864e-03 6.293702e-03
      endloop
   endfacet
   facet normal 3.116892e-02 -7.334322e-01 6.790476e-01
      outer loop
         vertex -4.585597e-02 -5.087459e-03 5.130392e-03
         vertex -9.765816e-02 -6.211864e-03 6.293702e-03
         vertex -4.585624e-02 -5.134059e-03 5.080072e-03
      endloop
   endfacet
   facet normal 3.101129e-02 -7.589067e-01 6.504606e-01
      outer loop
         vertex 5.927935e-03 -4.087764e-03 3.833274e-03
         vertex 5.927638e-03 -4.132366e-03 3.781250e-03
         vertex 5.772093e-02 -3.025768e-03 2.603050e-03
      endloop
   endfacet
   facet normal 3.117691e-02 -7.319215e-01 6.806753e-01
      outer loop
         vertex -4.585624e-02 -5.134059e-03 5.080072e-03
         vertex 5.927935e-03 -4.087764e-03 3.833274e-03
         vertex 5.945734e-03 -4.056163e-03 3.866439e-03
      endloop
   endfacet
   facet normal -9.999920e-01 1.809321e-03 3.558054e-03
      outer loop
         vertex -9.765816e-02 -6.211864e-03 6.293702e-03
         vertex -9.765776e-02 -6.142071e-03 6.369192e-03
         vertex -9.765895e-02 -6.345562e-03 6.137632e-03
      endloop
   endfacet
   facet normal 3.117696e-02 -7.316149e-01 6.810048e-01
      outer loop
         vertex -9.765816e-02 -6.211864e-03 6.293702e-03
         vertex -4.586506e-02 -5.149867e-03 5.063493e-03
         vertex -4.585624e-02 -5.134059e-03 5.080072e-03
      endloop
   endfacet
   facet normal 3.100987e-02 -7.589067e-01 6.504606e-01
      outer loop
         vertex -4.586564e-02 -5.238872e-03 4.959442e-03
         vertex 5.927638e-03 -4.132366e-03 3.781250e-03
         vertex 5.927935e-03 -4.087764e-03 3.833274e-03
      endloop
   endfacet
   facet normal 3.117864e-02 -7.316153e-01 6.810043e-01
      outer loop
         vertex -4.585624e-02 -5.134059e-03 5.080072e-03
         vertex -4.586506e-02 -5.149867e-03 5.063493e-03
         vertex 5.927935e-03 -4.087764e-03 3.833274e-03
      endloop
   endfacet
   facet normal 3.103615e-02 -7.536019e-01 6.565980e-01
      outer loop
         vertex -4.586564e-02 -5.238872e-03 4.959442e-03
         vertex 5.856737e-03 -4.194163e-03 3.713674e-03
         vertex 5.927638e-03 -4.132366e-03 3.781250e-03
      endloop
   endfacet
   facet normal 3.100929e-02 -7.591537e-01 6.501723e-01
      outer loop
         vertex -4.586506e-02 -5.149867e-03 5.063493e-03
         vertex -9.765816e-02 -6.211864e-03 6.293702e-03
         vertex -9.765895e-02 -6.345562e-03 6.137632e-03
      endloop
   endfacet
   facet normal 3.100757e-02 -7.596300e-01 6.496158e-01
      outer loop
         vertex -4.586506e-02 -5.149867e-03 5.063493e-03
         vertex -4.586564e-02 -5.238872e-03 4.959442e-03
         vertex 5.927935e-03 -4.087764e-03 3.833274e-03
      endloop
   endfacet
   facet normal 3.057611e-02 -8.075205e-01 5.890464e-01
      outer loop
         vertex -4.590245e-02 -5.430461e-03 4.705546e-03
         vertex 5.856036e-03 -4.274470e-03 3.603618e-03
         vertex 5.856737e-03 -4.194163e-03 3.713674e-03
      endloop
   endfacet
   facet normal 3.104343e-02 -7.526169e-01 6.577265e-01
      outer loop
         vertex -4.586564e-02 -5.238872e-03 4.959442e-03
         vertex -4.590105e-02 -5.269862e-03 4.925652e-03
         vertex 5.856737e-03 -4.194163e-03 3.713674e-03
      endloop
   endfacet
   facet normal 3.100874e-02 -7.596300e-01 6.496158e-01
      outer loop
         vertex -4.586506e-02 -5.149867e-03 5.063493e-03
         vertex -9.765895e-02 -6.345562e-03 6.137632e-03
         vertex -4.586564e-02 -5.238872e-03 4.959442e-03
      endloop
   endfacet
   facet normal 3.057607e-02 -8.075391e-01 5.890209e-01
      outer loop
         vertex -4.590105e-02 -5.269862e-03 4.925652e-03
         vertex -4.590245e-02 -5.430461e-03 4.705546e-03
         vertex 5.856737e-03 -4.194163e-03 3.713674e-03
      endloop
   endfacet
   facet normal 3.064152e-02 -7.971690e-01 6.029782e-01
      outer loop
         vertex -4.590245e-02 -5.430461e-03 4.705546e-03
         vertex 5.574938e-03 -4.390758e-03 3.464164e-03
         vertex 5.856036e-03 -4.274470e-03 3.603618e-03
      endloop
   endfacet
   facet normal 3.104339e-02 -7.526169e-01 6.577265e-01
      outer loop
         vertex -9.765895e-02 -6.345562e-03 6.137632e-03
         vertex -4.590105e-02 -5.269862e-03 4.925652e-03
         vertex -4.586564e-02 -5.238872e-03 4.959442e-03
      endloop
   endfacet
   facet normal 3.057744e-02 -8.075391e-01 5.890209e-01
      outer loop
         vertex -4.590105e-02 -5.269862e-03 4.925652e-03
         vertex -9.766106e-02 -6.586559e-03 5.807463e-03
         vertex -4.590245e-02 -5.430461e-03 4.705546e-03
      endloop
   endfacet
   facet normal 3.063909e-02 -7.973768e-01 6.027035e-01
      outer loop
         vertex -4.590245e-02 -5.430461e-03 4.705546e-03
         vertex -4.604307e-02 -5.488567e-03 4.635821e-03
         vertex 5.574938e-03 -4.390758e-03 3.464164e-03
      endloop
   endfacet
   facet normal 3.057722e-02 -8.074333e-01 5.891659e-01
      outer loop
         vertex -4.590105e-02 -5.269862e-03 4.925652e-03
         vertex -9.765895e-02 -6.345562e-03 6.137632e-03
         vertex -9.766106e-02 -6.586559e-03 5.807463e-03
      endloop
   endfacet
   facet normal 3.064173e-02 -7.973792e-01 6.027002e-01
      outer loop
         vertex -9.766106e-02 -6.586559e-03 5.807463e-03
         vertex -4.604307e-02 -5.488567e-03 4.635821e-03
         vertex -4.590245e-02 -5.430461e-03 4.705546e-03
      endloop
   endfacet
   facet normal 2.944619e-02 -8.814318e-01 4.713925e-01
      outer loop
         vertex -2.159605e-02 -5.285960e-03 3.487548e-03
         vertex 5.574938e-03 -4.390758e-03 3.464164e-03
         vertex -4.604307e-02 -5.488567e-03 4.635821e-03
      endloop
   endfacet
   facet normal -9.998846e-01 -8.517095e-03 1.257964e-02
      outer loop
         vertex -9.765895e-02 -6.345562e-03 6.137632e-03
         vertex -9.767436e-02 -7.168071e-03 4.356069e-03
         vertex -9.766106e-02 -6.586559e-03 5.807463e-03
      endloop
   endfacet
   facet normal 2.945040e-02 -8.813744e-01 4.714996e-01
      outer loop
         vertex -5.962855e-02 -5.936260e-03 4.647512e-03
         vertex -4.604307e-02 -5.488567e-03 4.635821e-03
         vertex -9.766106e-02 -6.586559e-03 5.807463e-03
      endloop
   endfacet
   facet normal 2.945050e-02 -8.813775e-01 4.714937e-01
      outer loop
         vertex -5.962855e-02 -5.936260e-03 4.647512e-03
         vertex -2.159605e-02 -5.285960e-03 3.487548e-03
         vertex -4.604307e-02 -5.488567e-03 4.635821e-03
      endloop
   endfacet
   facet normal -9.998830e-01 -8.635112e-03 1.262691e-02
      outer loop
         vertex -9.767436e-02 -7.168071e-03 4.356069e-03
         vertex -9.766686e-02 -6.955272e-03 5.095712e-03
         vertex -9.766106e-02 -6.586559e-03 5.807463e-03
      endloop
   endfacet
   facet normal 2.919464e-02 -8.876477e-01 4.595968e-01
      outer loop
         vertex -9.766686e-02 -6.955272e-03 5.095712e-03
         vertex -5.962855e-02 -5.936260e-03 4.647512e-03
         vertex -9.766106e-02 -6.586559e-03 5.807463e-03
      endloop
   endfacet
   facet normal 2.919664e-02 -8.876050e-01 4.596792e-01
      outer loop
         vertex -2.159605e-02 -5.285960e-03 3.487548e-03
         vertex -5.962855e-02 -5.936260e-03 4.647512e-03
         vertex -5.963145e-02 -6.120662e-03 4.291631e-03
      endloop
   endfacet
   facet normal 2.691913e-02 -9.607411e-01 2.761374e-01
      outer loop
         vertex -9.767436e-02 -7.168071e-03 4.356069e-03
         vertex -5.963514e-02 -6.227061e-03 3.921809e-03
         vertex -9.766686e-02 -6.955272e-03 5.095712e-03
      endloop
   endfacet
   facet normal 2.692153e-02 -9.607404e-01 2.761395e-01
      outer loop
         vertex -2.159605e-02 -5.285960e-03 3.487548e-03
         vertex -5.963145e-02 -6.120662e-03 4.291631e-03
         vertex -5.963514e-02 -6.227061e-03 3.921809e-03
      endloop
   endfacet
   facet normal 2.919447e-02 -8.876050e-01 4.596793e-01
      outer loop
         vertex -5.963145e-02 -6.120662e-03 4.291631e-03
         vertex -5.962855e-02 -5.936260e-03 4.647512e-03
         vertex -9.766686e-02 -6.955272e-03 5.095712e-03
      endloop
   endfacet
   facet normal 2.691919e-02 -9.607405e-01 2.761396e-01
      outer loop
         vertex -5.963514e-02 -6.227061e-03 3.921809e-03
         vertex -5.963145e-02 -6.120662e-03 4.291631e-03
         vertex -9.766686e-02 -6.955272e-03 5.095712e-03
      endloop
   endfacet
   facet normal 3.103763e-02 -7.535879e-01 6.566140e-01
      outer loop
         vertex 5.772093e-02 -3.025768e-03 2.603050e-03
         vertex 5.927638e-03 -4.132366e-03 3.781250e-03
         vertex 5.761464e-02 -3.118465e-03 2.501687e-03
      endloop
   endfacet
   facet normal 3.103750e-02 -7.536026e-01 6.565972e-01
      outer loop
         vertex 5.927638e-03 -4.132366e-03 3.781250e-03
         vertex 5.856737e-03 -4.194163e-03 3.713674e-03
         vertex 5.761464e-02 -3.118465e-03 2.501687e-03
      endloop
   endfacet
   facet normal 3.057629e-02 -8.075205e-01 5.890464e-01
      outer loop
         vertex 5.856737e-03 -4.194163e-03 3.713674e-03
         vertex 5.856036e-03 -4.274470e-03 3.603618e-03
         vertex 5.761464e-02 -3.118465e-03 2.501687e-03
      endloop
   endfacet
   facet normal 3.064040e-02 -7.973928e-01 6.026823e-01
      outer loop
         vertex 5.761464e-02 -3.118465e-03 2.501687e-03
         vertex 5.856036e-03 -4.274470e-03 3.603618e-03
         vertex 5.719293e-02 -3.292766e-03 2.292514e-03
      endloop
   endfacet
   facet normal 3.064365e-02 -7.971709e-01 6.029755e-01
      outer loop
         vertex 5.856036e-03 -4.274470e-03 3.603618e-03
         vertex 5.574938e-03 -4.390758e-03 3.464164e-03
         vertex 5.719293e-02 -3.292766e-03 2.292514e-03
      endloop
   endfacet
   facet normal 2.947163e-02 -8.715449e-01 4.894292e-01
      outer loop
         vertex 5.719293e-02 -3.292766e-03 2.292514e-03
         vertex 1.779833e-02 -4.289364e-03 2.890034e-03
         vertex 5.555113e-02 -3.593059e-03 1.856634e-03
      endloop
   endfacet
   facet normal 2.944799e-02 -8.814921e-01 4.712796e-01
      outer loop
         vertex 5.719293e-02 -3.292766e-03 2.292514e-03
         vertex 5.574938e-03 -4.390758e-03 3.464164e-03
         vertex 1.779833e-02 -4.289364e-03 2.890034e-03
      endloop
   endfacet
   facet normal 2.947466e-02 -8.714446e-01 4.896075e-01
      outer loop
         vertex 1.779833e-02 -4.289364e-03 2.890034e-03
         vertex 1.697753e-02 -4.439571e-03 2.672094e-03
         vertex 5.555113e-02 -3.593059e-03 1.856634e-03
      endloop
   endfacet
   facet normal 2.944806e-02 -8.814913e-01 4.712812e-01
      outer loop
         vertex 1.779833e-02 -4.289364e-03 2.890034e-03
         vertex 5.574938e-03 -4.390758e-03 3.464164e-03
         vertex -2.159605e-02 -5.285960e-03 3.487548e-03
      endloop
   endfacet
   facet normal 2.947187e-02 -8.714404e-01 4.896151e-01
      outer loop
         vertex -2.159605e-02 -5.285960e-03 3.487548e-03
         vertex 1.697753e-02 -4.439571e-03 2.672094e-03
         vertex 1.779833e-02 -4.289364e-03 2.890034e-03
      endloop
   endfacet
   facet normal 2.763809e-02 -9.446656e-01 3.268684e-01
      outer loop
         vertex 1.568273e-02 -4.554164e-03 2.450396e-03
         vertex 1.697753e-02 -4.439571e-03 2.672094e-03
         vertex -2.159605e-02 -5.285960e-03 3.487548e-03
      endloop
   endfacet
   facet normal 2.701044e-02 -9.543467e-01 2.974775e-01
      outer loop
         vertex -2.159605e-02 -5.285960e-03 3.487548e-03
         vertex 1.473174e-02 -4.671565e-03 2.160107e-03
         vertex 1.568273e-02 -4.554164e-03 2.450396e-03
      endloop
   endfacet
   facet normal 2.700209e-02 -9.544301e-01 2.972105e-01
      outer loop
         vertex -2.349806e-02 -5.520565e-03 2.906965e-03
         vertex 1.473174e-02 -4.671565e-03 2.160107e-03
         vertex -2.159605e-02 -5.285960e-03 3.487548e-03
      endloop
   endfacet
   facet normal 2.700250e-02 -9.545208e-01 2.969192e-01
      outer loop
         vertex -9.767436e-02 -7.168071e-03 4.356069e-03
         vertex -6.058617e-02 -6.344264e-03 3.631518e-03
         vertex -5.963514e-02 -6.227061e-03 3.921809e-03
      endloop
   endfacet
   facet normal 2.700592e-02 -9.544335e-01 2.971994e-01
      outer loop
         vertex -2.159605e-02 -5.285960e-03 3.487548e-03
         vertex -5.963514e-02 -6.227061e-03 3.921809e-03
         vertex -2.349806e-02 -5.520565e-03 2.906965e-03
      endloop
   endfacet
   facet normal 2.258900e-02 -9.993594e-01 2.775909e-02
      outer loop
         vertex -1.871156e-02 -5.505260e-03 1.626214e-03
         vertex 1.136404e-02 -4.824260e-03 1.668938e-03
         vertex -2.591105e-02 -5.648158e-03 2.340302e-03
      endloop
   endfacet
   facet normal 2.469243e-02 -9.900565e-01 1.384859e-01
      outer loop
         vertex 1.136404e-02 -4.824260e-03 1.668938e-03
         vertex 1.473174e-02 -4.671565e-03 2.160107e-03
         vertex -2.349806e-02 -5.520565e-03 2.906965e-03
      endloop
   endfacet
   facet normal 2.412146e-02 -9.942570e-01 1.042652e-01
      outer loop
         vertex -6.224846e-02 -6.451366e-03 2.994781e-03
         vertex -6.058617e-02 -6.344264e-03 3.631518e-03
         vertex -9.767436e-02 -7.168071e-03 4.356069e-03
      endloop
   endfacet
   facet normal 2.699992e-02 -9.545185e-01 2.969267e-01
      outer loop
         vertex -5.963514e-02 -6.227061e-03 3.921809e-03
         vertex -6.058617e-02 -6.344264e-03 3.631518e-03
         vertex -2.349806e-02 -5.520565e-03 2.906965e-03
      endloop
   endfacet
   facet normal 2.259017e-02 -9.993590e-01 2.777098e-02
      outer loop
         vertex -1.871156e-02 -5.505260e-03 1.626214e-03
         vertex -2.591105e-02 -5.648158e-03 2.340302e-03
         vertex -6.224846e-02 -6.451366e-03 2.994781e-03
      endloop
   endfacet
   facet normal 2.411035e-02 -9.923859e-01 1.207850e-01
      outer loop
         vertex -2.349806e-02 -5.520565e-03 2.906965e-03
         vertex -2.591105e-02 -5.648158e-03 2.340302e-03
         vertex 1.136404e-02 -4.824260e-03 1.668938e-03
      endloop
   endfacet
   facet normal 2.411877e-02 -9.942563e-01 1.042721e-01
      outer loop
         vertex -2.349806e-02 -5.520565e-03 2.906965e-03
         vertex -6.058617e-02 -6.344264e-03 3.631518e-03
         vertex -6.224846e-02 -6.451366e-03 2.994781e-03
      endloop
   endfacet
   facet normal 2.411126e-02 -9.923863e-01 1.207812e-01
      outer loop
         vertex -2.591105e-02 -5.648158e-03 2.340302e-03
         vertex -2.349806e-02 -5.520565e-03 2.906965e-03
         vertex -6.224846e-02 -6.451366e-03 2.994781e-03
      endloop
   endfacet
   facet normal 2.187619e-02 -9.993679e-01 -2.802132e-02
      outer loop
         vertex 1.541184e-02 -4.742366e-03 -1.698532e-03
         vertex 1.131764e-02 -4.824672e-03 -1.959456e-03
         vertex 4.957254e-02 -3.979167e-03 -2.248480e-03
      endloop
   endfacet
   facet normal 2.127203e-02 -9.977661e-01 -6.332654e-02
      outer loop
         vertex 4.957254e-02 -3.979167e-03 -2.248480e-03
         vertex 2.040334e-02 -4.648265e-03 -1.504478e-03
         vertex 1.541184e-02 -4.742366e-03 -1.698532e-03
      endloop
   endfacet
   facet normal 2.151349e-02 -9.973116e-01 -7.004818e-02
      outer loop
         vertex 4.957254e-02 -3.979167e-03 -2.248480e-03
         vertex 8.884044e-02 -3.111264e-03 -2.545149e-03
         vertex 5.955584e-02 -3.791072e-03 -1.860377e-03
      endloop
   endfacet
   facet normal 2.126733e-02 -9.977551e-01 -6.350111e-02
      outer loop
         vertex 5.955584e-02 -3.791072e-03 -1.860377e-03
         vertex 2.040334e-02 -4.648265e-03 -1.504478e-03
         vertex 4.957254e-02 -3.979167e-03 -2.248480e-03
      endloop
   endfacet
   facet normal 2.171238e-02 -9.995847e-01 -1.894768e-02
      outer loop
         vertex 2.118453e-02 -4.635967e-03 -1.258084e-03
         vertex 2.040334e-02 -4.648265e-03 -1.504478e-03
         vertex 5.955584e-02 -3.791072e-03 -1.860377e-03
      endloop
   endfacet
   facet normal 2.171506e-02 -9.995845e-01 -1.895619e-02
      outer loop
         vertex -1.718667e-02 -5.480968e-03 -6.557910e-04
         vertex 2.040334e-02 -4.648265e-03 -1.504478e-03
         vertex 2.118453e-02 -4.635967e-03 -1.258084e-03
      endloop
   endfacet
   facet normal 2.127325e-02 -9.987277e-01 -4.572186e-02
      outer loop
         vertex 5.955584e-02 -3.791072e-03 -1.860377e-03
         vertex 2.220613e-02 -4.622966e-03 -1.066753e-03
         vertex 2.118453e-02 -4.635967e-03 -1.258084e-03
      endloop
   endfacet
   facet normal 2.166148e-02 -9.997069e-01 -1.081472e-02
      outer loop
         vertex -1.718667e-02 -5.480968e-03 -6.557910e-04
         vertex 2.220613e-02 -4.622966e-03 -1.066753e-03
         vertex -1.562286e-02 -5.451762e-03 -2.233616e-04
      endloop
   endfacet
   facet normal 2.127583e-02 -9.987270e-01 -4.573569e-02
      outer loop
         vertex 2.118453e-02 -4.635967e-03 -1.258084e-03
         vertex 2.220613e-02 -4.622966e-03 -1.066753e-03
         vertex -1.718667e-02 -5.480968e-03 -6.557910e-04
      endloop
   endfacet
   facet normal 2.054792e-02 -9.860822e-01 -1.649841e-01
      outer loop
         vertex 5.290814e-02 -3.822871e-03 -2.767172e-03
         vertex 9.103543e-02 -3.021465e-03 -2.808482e-03
         vertex 8.884044e-02 -3.111264e-03 -2.545149e-03
      endloop
   endfacet
   facet normal 2.054795e-02 -9.860806e-01 -1.649936e-01
      outer loop
         vertex 8.884044e-02 -3.111264e-03 -2.545149e-03
         vertex 4.957254e-02 -3.979167e-03 -2.248480e-03
         vertex 5.290814e-02 -3.822871e-03 -2.767172e-03
      endloop
   endfacet
   facet normal 2.054764e-02 -9.860803e-01 -1.649955e-01
      outer loop
         vertex 5.290814e-02 -3.822871e-03 -2.767172e-03
         vertex 4.957254e-02 -3.979167e-03 -2.248480e-03
         vertex 1.131764e-02 -4.824672e-03 -1.959456e-03
      endloop
   endfacet
   facet normal 2.115141e-02 -9.900843e-01 -1.388727e-01
      outer loop
         vertex 5.290814e-02 -3.822871e-03 -2.767172e-03
         vertex 1.131764e-02 -4.824672e-03 -1.959456e-03
         vertex 1.467174e-02 -4.672069e-03 -2.536575e-03
      endloop
   endfacet
   facet normal 2.114840e-02 -9.900820e-01 -1.388896e-01
      outer loop
         vertex 1.467174e-02 -4.672069e-03 -2.536575e-03
         vertex 1.131764e-02 -4.824672e-03 -1.959456e-03
         vertex -2.356476e-02 -5.521159e-03 -2.305973e-03
      endloop
   endfacet
   facet normal 2.101806e-02 -9.924219e-01 -1.210658e-01
      outer loop
         vertex 1.131764e-02 -4.824672e-03 -1.959456e-03
         vertex -2.596246e-02 -5.648570e-03 -1.677799e-03
         vertex -2.356476e-02 -5.521159e-03 -2.305973e-03
      endloop
   endfacet
   facet normal 2.102173e-02 -9.924235e-01 -1.210521e-01
      outer loop
         vertex -2.356476e-02 -5.521159e-03 -2.305973e-03
         vertex -2.596246e-02 -5.648570e-03 -1.677799e-03
         vertex -6.230468e-02 -6.451869e-03 -1.403233e-03
      endloop
   endfacet
   facet normal 2.131128e-02 -9.955567e-01 -9.172053e-02
      outer loop
         vertex -9.775377e-02 -7.168758e-03 -1.858552e-03
         vertex -6.230468e-02 -6.451869e-03 -1.403233e-03
         vertex -9.774397e-02 -7.235164e-03 -1.135488e-03
      endloop
   endfacet
   facet normal 2.145094e-02 -9.942877e-01 -1.045551e-01
      outer loop
         vertex -6.230468e-02 -6.451869e-03 -1.403233e-03
         vertex -6.065925e-02 -6.344967e-03 -2.082265e-03
         vertex -2.356476e-02 -5.521159e-03 -2.305973e-03
      endloop
   endfacet
   facet normal 1.963347e-02 -9.548033e-01 -2.965891e-01
      outer loop
         vertex -6.066487e-02 -6.238658e-03 -2.452079e-03
         vertex -5.972166e-02 -6.121562e-03 -2.766606e-03
         vertex -2.356476e-02 -5.521159e-03 -2.305973e-03
      endloop
   endfacet
   facet normal 1.743565e-02 -8.876302e-01 -4.602267e-01
      outer loop
         vertex -9.776516e-02 -6.956173e-03 -2.598184e-03
         vertex -5.972787e-02 -5.937160e-03 -3.122493e-03
         vertex -5.972166e-02 -6.121562e-03 -2.766606e-03
      endloop
   endfacet
   facet normal 2.145048e-02 -9.942876e-01 -1.045562e-01
      outer loop
         vertex -9.775377e-02 -7.168758e-03 -1.858552e-03
         vertex -6.065925e-02 -6.344967e-03 -2.082265e-03
         vertex -6.230468e-02 -6.451869e-03 -1.403233e-03
      endloop
   endfacet
   facet normal 1.967058e-02 -9.608131e-01 -2.764980e-01
      outer loop
         vertex -2.356476e-02 -5.521159e-03 -2.305973e-03
         vertex -6.065925e-02 -6.344967e-03 -2.082265e-03
         vertex -6.066487e-02 -6.238658e-03 -2.452079e-03
      endloop
   endfacet
   facet normal 1.963376e-02 -9.548036e-01 -2.965883e-01
      outer loop
         vertex -9.776516e-02 -6.956173e-03 -2.598184e-03
         vertex -5.972166e-02 -6.121562e-03 -2.766606e-03
         vertex -6.066487e-02 -6.238658e-03 -2.452079e-03
      endloop
   endfacet
   facet normal 1.967012e-02 -9.608132e-01 -2.764980e-01
      outer loop
         vertex -6.066487e-02 -6.238658e-03 -2.452079e-03
         vertex -6.065925e-02 -6.344967e-03 -2.082265e-03
         vertex -9.775377e-02 -7.168758e-03 -1.858552e-03
      endloop
   endfacet
   facet normal 1.967093e-02 -9.608231e-01 -2.764633e-01
      outer loop
         vertex -9.776516e-02 -6.956173e-03 -2.598184e-03
         vertex -6.066487e-02 -6.238658e-03 -2.452079e-03
         vertex -9.775377e-02 -7.168758e-03 -1.858552e-03
      endloop
   endfacet
   facet normal -9.998752e-01 -9.417476e-03 1.268340e-02
      outer loop
         vertex -9.775377e-02 -7.168758e-03 -1.858552e-03
         vertex -9.774397e-02 -7.235164e-03 -1.135488e-03
         vertex -9.776516e-02 -6.956173e-03 -2.598184e-03
      endloop
   endfacet
   facet normal -9.998785e-01 -8.929452e-03 1.277653e-02
      outer loop
         vertex -9.779027e-02 -6.071361e-03 -3.945339e-03
         vertex -9.776516e-02 -6.956173e-03 -2.598184e-03
         vertex -9.774397e-02 -7.235164e-03 -1.135488e-03
      endloop
   endfacet
   facet normal -9.998787e-01 -8.886414e-03 1.279436e-02
      outer loop
         vertex -9.779027e-02 -6.071361e-03 -3.945339e-03
         vertex -9.774397e-02 -7.235164e-03 -1.135488e-03
         vertex -9.782286e-02 -3.984767e-03 -5.042897e-03
      endloop
   endfacet
   facet normal -9.998693e-01 -8.325876e-03 1.385974e-02
      outer loop
         vertex -9.779347e-02 -5.922359e-03 -4.086955e-03
         vertex -9.779027e-02 -6.071361e-03 -3.945339e-03
         vertex -9.782286e-02 -3.984767e-03 -5.042897e-03
      endloop
   endfacet
   facet normal -9.998810e-01 -8.972283e-03 1.254990e-02
      outer loop
         vertex -9.781355e-02 -4.724361e-03 -4.830240e-03
         vertex -9.779347e-02 -5.922359e-03 -4.086955e-03
         vertex -9.782286e-02 -3.984767e-03 -5.042897e-03
      endloop
   endfacet
   facet normal -9.998939e-01 -1.048426e-02 1.011329e-02
      outer loop
         vertex -9.779347e-02 -5.922359e-03 -4.086955e-03
         vertex -9.781355e-02 -4.724361e-03 -4.830240e-03
         vertex -9.779646e-02 -5.766262e-03 -4.220522e-03
      endloop
   endfacet
   facet normal -9.998632e-01 -7.898618e-03 1.453085e-02
      outer loop
         vertex -9.779646e-02 -5.766262e-03 -4.220522e-03
         vertex -9.781355e-02 -4.724361e-03 -4.830240e-03
         vertex -9.780257e-02 -5.436169e-03 -4.461482e-03
      endloop
   endfacet
   facet normal 1.077877e-02 -5.894338e-01 -8.077447e-01
      outer loop
         vertex -4.602314e-02 -4.754161e-03 -4.268202e-03
         vertex -9.779646e-02 -5.766262e-03 -4.220522e-03
         vertex -9.780257e-02 -5.436169e-03 -4.461482e-03
      endloop
   endfacet
   facet normal 1.202327e-02 -6.505112e-01 -7.594015e-01
      outer loop
         vertex -4.598515e-02 -4.892070e-03 -4.149058e-03
         vertex -9.779646e-02 -5.766262e-03 -4.220522e-03
         vertex -4.598716e-02 -4.788158e-03 -4.238102e-03
      endloop
   endfacet
   facet normal 1.212132e-02 -6.556258e-01 -7.549887e-01
      outer loop
         vertex -9.779646e-02 -5.766262e-03 -4.220522e-03
         vertex -4.602314e-02 -4.754161e-03 -4.268202e-03
         vertex -4.598716e-02 -4.788158e-03 -4.238102e-03
      endloop
   endfacet
   facet normal 1.212132e-02 -6.556258e-01 -7.549887e-01
      outer loop
         vertex -4.598716e-02 -4.788158e-03 -4.238102e-03
         vertex -4.602314e-02 -4.754161e-03 -4.268202e-03
         vertex 5.750041e-03 -3.742061e-03 -4.315885e-03
      endloop
   endfacet
   facet normal 1.213195e-02 -6.561197e-01 -7.545593e-01
      outer loop
         vertex -4.598716e-02 -4.788158e-03 -4.238102e-03
         vertex 5.750041e-03 -3.742061e-03 -4.315885e-03
         vertex 5.822039e-03 -3.809963e-03 -4.255684e-03
      endloop
   endfacet
   facet normal 1.203394e-02 -6.509390e-01 -7.590347e-01
      outer loop
         vertex 5.823138e-03 -3.861858e-03 -4.211162e-03
         vertex 5.822039e-03 -3.809963e-03 -4.255684e-03
         vertex 5.763134e-02 -2.831661e-03 -4.273265e-03
      endloop
   endfacet
   facet normal 1.203262e-02 -6.509390e-01 -7.590347e-01
      outer loop
         vertex -4.598716e-02 -4.788158e-03 -4.238102e-03
         vertex 5.822039e-03 -3.809963e-03 -4.255684e-03
         vertex 5.823138e-03 -3.861858e-03 -4.211162e-03
      endloop
   endfacet
   facet normal 2.187383e-02 -9.993656e-01 -2.810749e-02
      outer loop
         vertex -2.596246e-02 -5.648570e-03 -1.677799e-03
         vertex 1.131764e-02 -4.824672e-03 -1.959456e-03
         vertex -1.874885e-02 -5.505565e-03 -1.148585e-03
      endloop
   endfacet
   facet normal 2.187701e-02 -9.993642e-01 -2.815129e-02
      outer loop
         vertex -6.230468e-02 -6.451869e-03 -1.403233e-03
         vertex -2.596246e-02 -5.648570e-03 -1.677799e-03
         vertex -1.874885e-02 -5.505565e-03 -1.148585e-03
      endloop
   endfacet
   facet normal 2.178574e-02 -9.996988e-01 -1.129627e-02
      outer loop
         vertex -5.824187e-02 -6.370266e-03 -7.895929e-04
         vertex -6.230468e-02 -6.451869e-03 -1.403233e-03
         vertex -1.874885e-02 -5.505565e-03 -1.148585e-03
      endloop
   endfacet
   facet normal 2.177249e-02 -9.997629e-01 -1.314795e-04
      outer loop
         vertex -9.773497e-02 -7.235057e-03 -4.305989e-04
         vertex -5.746086e-02 -6.357967e-03 -5.431939e-04
         vertex -9.772707e-02 -7.234966e-03 1.844400e-04
      endloop
   endfacet
   facet normal 2.178787e-02 -9.996986e-01 -1.131042e-02
      outer loop
         vertex -9.773497e-02 -7.235057e-03 -4.305989e-04
         vertex -6.230468e-02 -6.451869e-03 -1.403233e-03
         vertex -5.824187e-02 -6.370266e-03 -7.895929e-04
      endloop
   endfacet
   facet normal 2.171382e-02 -9.995849e-01 -1.893375e-02
      outer loop
         vertex -5.746086e-02 -6.357967e-03 -5.431939e-04
         vertex -5.824187e-02 -6.370266e-03 -7.895929e-04
         vertex -1.874885e-02 -5.505565e-03 -1.148585e-03
      endloop
   endfacet
   facet normal 2.171602e-02 -9.995847e-01 -1.894072e-02
      outer loop
         vertex -9.773497e-02 -7.235057e-03 -4.305989e-04
         vertex -5.824187e-02 -6.370266e-03 -7.895929e-04
         vertex -5.746086e-02 -6.357967e-03 -5.431939e-04
      endloop
   endfacet
   facet normal 8.186617e-04 7.547639e-01 -6.559960e-01
      outer loop
         vertex 1.571490e-01 3.812335e-03 -4.221808e-03
         vertex 1.073606e-01 3.912436e-03 -4.168770e-03
         vertex 1.073080e-01 3.973946e-03 -4.098065e-03
      endloop
   endfacet
   facet normal 8.180032e-04 7.547637e-01 -6.559963e-01
      outer loop
         vertex 1.073080e-01 3.973946e-03 -4.098065e-03
         vertex 1.073606e-01 3.912436e-03 -4.168770e-03
         vertex 5.757254e-02 4.044946e-03 -4.078393e-03
      endloop
   endfacet
   facet normal 8.171493e-04 7.543100e-01 -6.565179e-01
      outer loop
         vertex 5.746714e-02 4.135636e-03 -3.974326e-03
         vertex 1.073080e-01 3.973946e-03 -4.098065e-03
         vertex 5.757254e-02 4.044946e-03 -4.078393e-03
      endloop
   endfacet
   facet normal 8.056159e-04 7.543043e-01 -6.565245e-01
      outer loop
         vertex 5.757254e-02 4.044946e-03 -4.078393e-03
         vertex 5.754534e-03 4.227436e-03 -3.932310e-03
         vertex 5.746714e-02 4.135636e-03 -3.974326e-03
      endloop
   endfacet
   facet normal 8.066442e-04 7.546838e-01 -6.560882e-01
      outer loop
         vertex 5.754534e-03 4.227436e-03 -3.932310e-03
         vertex 5.684237e-03 4.287826e-03 -3.862931e-03
         vertex 5.746714e-02 4.135636e-03 -3.974326e-03
      endloop
   endfacet
   facet normal 8.438816e-04 7.599187e-01 -6.500176e-01
      outer loop
         vertex -4.606396e-02 4.320835e-03 -3.890274e-03
         vertex -9.788225e-02 4.458836e-03 -3.796214e-03
         vertex -9.788146e-02 4.592336e-03 -3.640141e-03
      endloop
   endfacet
   facet normal 8.438405e-04 7.599149e-01 -6.500221e-01
      outer loop
         vertex -4.606396e-02 4.320835e-03 -3.890274e-03
         vertex -9.788146e-02 4.592336e-03 -3.640141e-03
         vertex -4.606346e-02 4.409836e-03 -3.786226e-03
      endloop
   endfacet
   facet normal 8.068765e-04 7.546839e-01 -6.560880e-01
      outer loop
         vertex -4.606346e-02 4.409836e-03 -3.786226e-03
         vertex 5.684237e-03 4.287826e-03 -3.862931e-03
         vertex 5.754534e-03 4.227436e-03 -3.932310e-03
      endloop
   endfacet
   facet normal 1.104178e-03 8.074747e-01 -5.899011e-01
      outer loop
         vertex 5.684237e-03 4.287826e-03 -3.862931e-03
         vertex 5.684939e-03 4.368226e-03 -3.752876e-03
         vertex 5.746714e-02 4.135636e-03 -3.974326e-03
      endloop
   endfacet
   facet normal -9.998447e-01 -1.056928e-02 1.410009e-02
      outer loop
         vertex -9.788225e-02 4.458836e-03 -3.796214e-03
         vertex -9.787935e-02 4.833335e-03 -3.309975e-03
         vertex -9.788146e-02 4.592336e-03 -3.640141e-03
      endloop
   endfacet
   facet normal 8.013627e-04 7.536553e-01 -6.572694e-01
      outer loop
         vertex -9.788146e-02 4.592336e-03 -3.640141e-03
         vertex -4.609855e-02 4.440126e-03 -3.751537e-03
         vertex -4.606346e-02 4.409836e-03 -3.786226e-03
      endloop
   endfacet
   facet normal 8.027027e-04 7.536559e-01 -6.572687e-01
      outer loop
         vertex -4.606346e-02 4.409836e-03 -3.786226e-03
         vertex -4.609855e-02 4.440126e-03 -3.751537e-03
         vertex 5.684237e-03 4.287826e-03 -3.862931e-03
      endloop
   endfacet
   facet normal 1.104500e-03 8.074747e-01 -5.899011e-01
      outer loop
         vertex -4.609727e-02 4.600836e-03 -3.531426e-03
         vertex 5.684939e-03 4.368226e-03 -3.752876e-03
         vertex 5.684237e-03 4.287826e-03 -3.862931e-03
      endloop
   endfacet
   facet normal 1.105862e-03 8.077092e-01 -5.895801e-01
      outer loop
         vertex -4.609855e-02 4.440126e-03 -3.751537e-03
         vertex -9.788146e-02 4.592336e-03 -3.640141e-03
         vertex -9.787935e-02 4.833335e-03 -3.309975e-03
      endloop
   endfacet
   facet normal 1.106840e-03 8.076327e-01 -5.896848e-01
      outer loop
         vertex -4.609855e-02 4.440126e-03 -3.751537e-03
         vertex -4.609727e-02 4.600836e-03 -3.531426e-03
         vertex 5.684237e-03 4.287826e-03 -3.862931e-03
      endloop
   endfacet
   facet normal 1.003876e-03 7.976539e-01 -6.031146e-01
      outer loop
         vertex -4.609727e-02 4.600836e-03 -3.531426e-03
         vertex 5.405436e-03 4.479435e-03 -3.606260e-03
         vertex 5.684939e-03 4.368226e-03 -3.752876e-03
      endloop
   endfacet
   facet normal 1.104389e-03 8.076327e-01 -5.896848e-01
      outer loop
         vertex -4.609855e-02 4.440126e-03 -3.751537e-03
         vertex -9.787935e-02 4.833335e-03 -3.309975e-03
         vertex -4.609727e-02 4.600836e-03 -3.531426e-03
      endloop
   endfacet
   facet normal 1.003996e-03 7.976820e-01 -6.030774e-01
      outer loop
         vertex -4.609727e-02 4.600836e-03 -3.531426e-03
         vertex -4.623695e-02 4.656435e-03 -3.458118e-03
         vertex 5.405436e-03 4.479435e-03 -3.606260e-03
      endloop
   endfacet
   facet normal 1.002421e-03 7.976806e-01 -6.030794e-01
      outer loop
         vertex -9.787935e-02 4.833335e-03 -3.309975e-03
         vertex -4.623695e-02 4.656435e-03 -3.458118e-03
         vertex -4.609727e-02 4.600836e-03 -3.531426e-03
      endloop
   endfacet
   facet normal 1.667938e-03 8.816333e-01 -4.719321e-01
      outer loop
         vertex -2.176896e-02 4.890146e-03 -2.935039e-03
         vertex 5.405436e-03 4.479435e-03 -3.606260e-03
         vertex -4.623695e-02 4.656435e-03 -3.458118e-03
      endloop
   endfacet
   facet normal 1.666630e-03 8.816809e-01 -4.718432e-01
      outer loop
         vertex -5.982418e-02 4.861726e-03 -3.122507e-03
         vertex -4.623695e-02 4.656435e-03 -3.458118e-03
         vertex -9.787935e-02 4.833335e-03 -3.309975e-03
      endloop
   endfacet
   facet normal 1.666051e-03 8.816715e-01 -4.718608e-01
      outer loop
         vertex -5.982418e-02 4.861726e-03 -3.122507e-03
         vertex -2.176896e-02 4.890146e-03 -2.935039e-03
         vertex -4.623695e-02 4.656435e-03 -3.458118e-03
      endloop
   endfacet
   facet normal 1.603971e-03 8.878847e-01 -4.600633e-01
      outer loop
         vertex -9.787355e-02 5.202136e-03 -2.598200e-03
         vertex -5.982418e-02 4.861726e-03 -3.122507e-03
         vertex -9.787935e-02 4.833335e-03 -3.309975e-03
      endloop
   endfacet
   facet normal 1.603398e-03 8.878745e-01 -4.600829e-01
      outer loop
         vertex -2.176896e-02 4.890146e-03 -2.935039e-03
         vertex -5.982418e-02 4.861726e-03 -3.122507e-03
         vertex -5.982127e-02 5.046135e-03 -2.766621e-03
      endloop
   endfacet
   facet normal 2.716970e-03 9.610734e-01 -2.762798e-01
      outer loop
         vertex -2.176896e-02 4.890146e-03 -2.935039e-03
         vertex -5.982127e-02 5.046135e-03 -2.766621e-03
         vertex -5.981745e-02 5.152436e-03 -2.396805e-03
      endloop
   endfacet
   facet normal 1.603609e-03 8.878745e-01 -4.600829e-01
      outer loop
         vertex -5.982127e-02 5.046135e-03 -2.766621e-03
         vertex -5.982418e-02 4.861726e-03 -3.122507e-03
         vertex -9.787355e-02 5.202136e-03 -2.598200e-03
      endloop
   endfacet
   facet normal 2.717218e-03 9.610734e-01 -2.762798e-01
      outer loop
         vertex -5.981745e-02 5.152436e-03 -2.396805e-03
         vertex -5.982127e-02 5.046135e-03 -2.766621e-03
         vertex -9.787355e-02 5.202136e-03 -2.598200e-03
      endloop
   endfacet
   facet normal -9.999107e-01 -7.025426e-03 1.137102e-02
      outer loop
         vertex -9.787935e-02 4.833335e-03 -3.309975e-03
         vertex -9.788225e-02 4.458836e-03 -3.796214e-03
         vertex -9.788295e-02 4.317126e-03 -3.945353e-03
      endloop
   endfacet
   facet normal -9.982737e-01 -4.016533e-02 4.285242e-02
      outer loop
         vertex -9.788295e-02 4.317126e-03 -3.945353e-03
         vertex -9.788225e-02 4.458836e-03 -3.796214e-03
         vertex -9.788268e-02 4.389046e-03 -3.871694e-03
      endloop
   endfacet
   facet normal 7.262811e-04 7.342407e-01 -6.788889e-01
      outer loop
         vertex -4.605546e-02 4.258536e-03 -3.957400e-03
         vertex -9.788268e-02 4.389046e-03 -3.871694e-03
         vertex -9.788225e-02 4.458836e-03 -3.796214e-03
      endloop
   endfacet
   facet normal 8.442126e-04 7.599891e-01 -6.499353e-01
      outer loop
         vertex 5.754237e-03 4.182945e-03 -3.984334e-03
         vertex 5.754534e-03 4.227436e-03 -3.932310e-03
         vertex 5.757254e-02 4.044946e-03 -4.078393e-03
      endloop
   endfacet
   facet normal 7.024627e-04 7.297705e-01 -6.836918e-01
      outer loop
         vertex 5.771738e-03 4.151435e-03 -4.017950e-03
         vertex 5.754237e-03 4.182945e-03 -3.984334e-03
         vertex 5.757254e-02 4.044946e-03 -4.078393e-03
      endloop
   endfacet
   facet normal 7.166096e-04 7.329015e-01 -6.803344e-01
      outer loop
         vertex -4.605546e-02 4.258536e-03 -3.957400e-03
         vertex -9.788225e-02 4.458836e-03 -3.796214e-03
         vertex -4.605525e-02 4.305246e-03 -3.907081e-03
      endloop
   endfacet
   facet normal 8.428967e-04 7.599891e-01 -6.499353e-01
      outer loop
         vertex -4.606346e-02 4.409836e-03 -3.786226e-03
         vertex 5.754534e-03 4.227436e-03 -3.932310e-03
         vertex 5.754237e-03 4.182945e-03 -3.984334e-03
      endloop
   endfacet
   facet normal 7.032273e-04 7.297707e-01 -6.836916e-01
      outer loop
         vertex -4.605525e-02 4.305246e-03 -3.907081e-03
         vertex 5.754237e-03 4.182945e-03 -3.984334e-03
         vertex 5.771738e-03 4.151435e-03 -4.017950e-03
      endloop
   endfacet
   facet normal 7.189631e-04 7.333481e-01 -6.798529e-01
      outer loop
         vertex -9.788225e-02 4.458836e-03 -3.796214e-03
         vertex -4.606396e-02 4.320835e-03 -3.890274e-03
         vertex -4.605525e-02 4.305246e-03 -3.907081e-03
      endloop
   endfacet
   facet normal 8.422399e-04 7.599149e-01 -6.500220e-01
      outer loop
         vertex -4.606396e-02 4.320835e-03 -3.890274e-03
         vertex -4.606346e-02 4.409836e-03 -3.786226e-03
         vertex 5.754237e-03 4.182945e-03 -3.984334e-03
      endloop
   endfacet
   facet normal 7.173942e-04 7.333477e-01 -6.798534e-01
      outer loop
         vertex -4.605525e-02 4.305246e-03 -3.907081e-03
         vertex -4.606396e-02 4.320835e-03 -3.890274e-03
         vertex 5.754237e-03 4.182945e-03 -3.984334e-03
      endloop
   endfacet
   facet normal 6.121647e-05 2.967460e-01 -9.549564e-01
      outer loop
         vertex -2.366975e-02 2.391042e-03 -5.005320e-03
         vertex -2.177615e-02 3.012925e-03 -4.811952e-03
         vertex 1.586843e-02 2.723835e-03 -4.899372e-03
      endloop
   endfacet
   facet normal 6.151447e-05 2.967815e-01 -9.549454e-01
      outer loop
         vertex 1.586843e-02 2.723835e-03 -4.899372e-03
         vertex -2.177615e-02 3.012925e-03 -4.811952e-03
         vertex 1.681534e-02 3.034736e-03 -4.802688e-03
      endloop
   endfacet
   facet normal 2.340255e-04 5.890081e-01 -8.081271e-01
      outer loop
         vertex 5.401934e-03 3.689336e-03 -4.426045e-03
         vertex 5.401934e-03 3.579135e-03 -4.506365e-03
         vertex -4.624086e-02 3.630435e-03 -4.483930e-03
      endloop
   endfacet
   facet normal 8.558675e-05 4.717641e-01 -8.817248e-01
      outer loop
         vertex -2.177615e-02 3.012925e-03 -4.811952e-03
         vertex -4.624086e-02 3.630435e-03 -4.483930e-03
         vertex 5.401934e-03 3.579135e-03 -4.506365e-03
      endloop
   endfacet
   facet normal 6.159698e-05 2.967813e-01 -9.549455e-01
      outer loop
         vertex 5.540683e-02 3.056536e-03 -4.793424e-03
         vertex 1.586843e-02 2.723835e-03 -4.899372e-03
         vertex 1.681534e-02 3.034736e-03 -4.802688e-03
      endloop
   endfacet
   facet normal -6.732183e-05 4.895099e-01 -8.719977e-01
      outer loop
         vertex -2.177615e-02 3.012925e-03 -4.811952e-03
         vertex 1.763434e-02 3.270545e-03 -4.670376e-03
         vertex 1.681534e-02 3.034736e-03 -4.802688e-03
      endloop
   endfacet
   facet normal 2.317194e-04 5.890081e-01 -8.081271e-01
      outer loop
         vertex 5.704483e-02 3.528035e-03 -4.528802e-03
         vertex 5.401934e-03 3.579135e-03 -4.506365e-03
         vertex 5.401934e-03 3.689336e-03 -4.426045e-03
      endloop
   endfacet
   facet normal 8.271886e-05 4.718709e-01 -8.816676e-01
      outer loop
         vertex 1.763434e-02 3.270545e-03 -4.670376e-03
         vertex -2.177615e-02 3.012925e-03 -4.811952e-03
         vertex 5.401934e-03 3.579135e-03 -4.506365e-03
      endloop
   endfacet
   facet normal -6.718573e-05 4.895095e-01 -8.719979e-01
      outer loop
         vertex 1.763434e-02 3.270545e-03 -4.670376e-03
         vertex 5.540683e-02 3.056536e-03 -4.793424e-03
         vertex 1.681534e-02 3.034736e-03 -4.802688e-03
      endloop
   endfacet
   facet normal 8.390897e-05 4.719077e-01 -8.816480e-01
      outer loop
         vertex 1.763434e-02 3.270545e-03 -4.670376e-03
         vertex 5.401934e-03 3.579135e-03 -4.506365e-03
         vertex 5.704483e-02 3.528035e-03 -4.528802e-03
      endloop
   endfacet
   facet normal -6.651952e-05 4.895984e-01 -8.719480e-01
      outer loop
         vertex 5.704483e-02 3.528035e-03 -4.528802e-03
         vertex 5.540683e-02 3.056536e-03 -4.793424e-03
         vertex 1.763434e-02 3.270545e-03 -4.670376e-03
      endloop
   endfacet
   facet normal -6.780353e-05 4.896018e-01 -8.719461e-01
      outer loop
         vertex 5.704483e-02 3.528035e-03 -4.528802e-03
         vertex 1.062775e-01 3.085336e-03 -4.781208e-03
         vertex 5.540683e-02 3.056536e-03 -4.793424e-03
      endloop
   endfacet
   facet normal 4.158326e-05 3.273356e-01 -9.449081e-01
      outer loop
         vertex 5.540683e-02 3.056536e-03 -4.793424e-03
         vertex 1.062775e-01 3.085336e-03 -4.781208e-03
         vertex 1.049862e-01 2.748631e-03 -4.897906e-03
      endloop
   endfacet
   facet normal -6.639196e-05 4.897207e-01 -8.718794e-01
      outer loop
         vertex 5.704483e-02 3.528035e-03 -4.528802e-03
         vertex 1.070964e-01 3.405336e-03 -4.601532e-03
         vertex 1.062775e-01 3.085336e-03 -4.781208e-03
      endloop
   endfacet
   facet normal 4.177586e-05 3.273349e-01 -9.449084e-01
      outer loop
         vertex 1.062775e-01 3.085336e-03 -4.781208e-03
         vertex 1.571490e-01 2.940235e-03 -4.829225e-03
         vertex 1.049862e-01 2.748631e-03 -4.897906e-03
      endloop
   endfacet
   facet normal -6.791868e-05 4.897237e-01 -8.718777e-01
      outer loop
         vertex 1.070964e-01 3.405336e-03 -4.601532e-03
         vertex 1.571482e-01 3.114136e-03 -4.768994e-03
         vertex 1.062775e-01 3.085336e-03 -4.781208e-03
      endloop
   endfacet
   facet normal 4.158881e-05 3.272761e-01 -9.449288e-01
      outer loop
         vertex 1.571482e-01 3.114136e-03 -4.768994e-03
         vertex 1.571490e-01 2.940235e-03 -4.829225e-03
         vertex 1.062775e-01 3.085336e-03 -4.781208e-03
      endloop
   endfacet
   facet normal 9.998795e-01 8.938138e-03 -1.269594e-02
      outer loop
         vertex 1.571789e-01 -3.197595e-04 -4.768990e-03
         vertex 1.571490e-01 2.940235e-03 -4.829225e-03
         vertex 1.571482e-01 3.114136e-03 -4.768994e-03
      endloop
   endfacet
   facet normal 9.998573e-01 8.907234e-03 -1.435746e-02
      outer loop
         vertex 1.571765e-01 -1.458694e-04 -4.829220e-03
         vertex 1.571490e-01 2.940235e-03 -4.829225e-03
         vertex 1.571789e-01 -3.197595e-04 -4.768990e-03
      endloop
   endfacet
   facet normal 5.882866e-03 -3.273929e-01 -9.448700e-01
      outer loop
         vertex 1.571765e-01 -1.458694e-04 -4.829220e-03
         vertex 1.063157e-01 -1.198360e-03 -4.781202e-03
         vertex 1.050186e-01 -8.848683e-04 -4.897902e-03
      endloop
   endfacet
   facet normal 5.879179e-03 -3.272175e-01 -9.449308e-01
      outer loop
         vertex 1.571789e-01 -3.197595e-04 -4.768990e-03
         vertex 1.063157e-01 -1.198360e-03 -4.781202e-03
         vertex 1.571765e-01 -1.458694e-04 -4.829220e-03
      endloop
   endfacet
   facet normal 5.733817e-04 6.972220e-01 -7.168550e-01
      outer loop
         vertex -4.605586e-02 4.178246e-03 -4.038997e-03
         vertex -4.605604e-02 4.129035e-03 -4.086860e-03
         vertex -9.788316e-02 4.243336e-03 -4.017144e-03
      endloop
   endfacet
   facet normal 5.191137e-04 6.816542e-01 -7.316743e-01
      outer loop
         vertex -4.605604e-02 4.129035e-03 -4.086860e-03
         vertex -4.606486e-02 4.112235e-03 -4.102518e-03
         vertex -9.788316e-02 4.243336e-03 -4.017144e-03
      endloop
   endfacet
   facet normal 5.735658e-04 6.973325e-01 -7.167475e-01
      outer loop
         vertex -9.788295e-02 4.317126e-03 -3.945353e-03
         vertex -4.605586e-02 4.178246e-03 -4.038997e-03
         vertex -9.788316e-02 4.243336e-03 -4.017144e-03
      endloop
   endfacet
   facet normal 5.103832e-04 6.795040e-01 -7.336716e-01
      outer loop
         vertex -9.788316e-02 4.243336e-03 -4.017144e-03
         vertex -4.606486e-02 4.112235e-03 -4.102518e-03
         vertex -9.788335e-02 4.167945e-03 -4.086969e-03
      endloop
   endfacet
   facet normal -9.999953e-01 -5.298548e-05 3.064111e-03
      outer loop
         vertex -9.788316e-02 4.243336e-03 -4.017144e-03
         vertex -9.788378e-02 4.011826e-03 -4.220535e-03
         vertex -9.788295e-02 4.317126e-03 -3.945353e-03
      endloop
   endfacet
   facet normal -9.999773e-01 5.743440e-03 -3.533743e-03
      outer loop
         vertex -9.788378e-02 4.011826e-03 -4.220535e-03
         vertex -9.788316e-02 4.243336e-03 -4.017144e-03
         vertex -9.788335e-02 4.167945e-03 -4.086969e-03
      endloop
   endfacet
   facet normal 4.122671e-04 6.500871e-01 -7.598596e-01
      outer loop
         vertex -9.788335e-02 4.167945e-03 -4.086969e-03
         vertex -4.610036e-02 4.027335e-03 -4.179170e-03
         vertex -9.788378e-02 4.011826e-03 -4.220535e-03
      endloop
   endfacet
   facet normal 4.116315e-04 6.507334e-01 -7.593062e-01
      outer loop
         vertex -4.610036e-02 4.027335e-03 -4.179170e-03
         vertex -4.610057e-02 3.923436e-03 -4.268214e-03
         vertex -9.788378e-02 4.011826e-03 -4.220535e-03
      endloop
   endfacet
   facet normal 2.946980e-04 6.029721e-01 -7.977622e-01
      outer loop
         vertex -4.610057e-02 3.923436e-03 -4.268214e-03
         vertex -4.624086e-02 3.850636e-03 -4.323290e-03
         vertex -9.788378e-02 4.011826e-03 -4.220535e-03
      endloop
   endfacet
   facet normal 8.385183e-05 4.717106e-01 -8.817534e-01
      outer loop
         vertex -5.982997e-02 3.347236e-03 -4.636725e-03
         vertex -4.624086e-02 3.630435e-03 -4.483930e-03
         vertex -2.177615e-02 3.012925e-03 -4.811952e-03
      endloop
   endfacet
   facet normal 2.321390e-04 5.893688e-01 -8.078641e-01
      outer loop
         vertex -9.788378e-02 4.011826e-03 -4.220535e-03
         vertex -4.624086e-02 3.850636e-03 -4.323290e-03
         vertex -9.788387e-02 3.681536e-03 -4.461494e-03
      endloop
   endfacet
   facet normal 2.333400e-04 5.893582e-01 -8.078718e-01
      outer loop
         vertex 5.401934e-03 3.689336e-03 -4.426045e-03
         vertex -4.624086e-02 3.630435e-03 -4.483930e-03
         vertex -4.624086e-02 3.850636e-03 -4.323290e-03
      endloop
   endfacet
   facet normal 8.369174e-05 4.717166e-01 -8.817502e-01
      outer loop
         vertex -9.788387e-02 3.681536e-03 -4.461494e-03
         vertex -4.624086e-02 3.630435e-03 -4.483930e-03
         vertex -5.982997e-02 3.347236e-03 -4.636725e-03
      endloop
   endfacet
   facet normal 2.321942e-04 5.893582e-01 -8.078718e-01
      outer loop
         vertex -4.624086e-02 3.850636e-03 -4.323290e-03
         vertex -4.624086e-02 3.630435e-03 -4.483930e-03
         vertex -9.788387e-02 3.681536e-03 -4.461494e-03
      endloop
   endfacet
   facet normal 2.137490e-03 -1.042494e-01 -9.945489e-01
      outer loop
         vertex -6.238475e-02 -2.760265e-03 -5.095086e-03
         vertex -6.072306e-02 -3.403362e-03 -5.024105e-03
         vertex -9.782286e-02 -3.984767e-03 -5.042897e-03
      endloop
   endfacet
   facet normal 2.137216e-03 -1.042501e-01 -9.945488e-01
      outer loop
         vertex -2.362327e-02 -2.822063e-03 -5.005313e-03
         vertex -6.072306e-02 -3.403362e-03 -5.024105e-03
         vertex -6.238475e-02 -2.760265e-03 -5.095086e-03
      endloop
   endfacet
   facet normal 2.106345e-03 -1.208769e-01 -9.926653e-01
      outer loop
         vertex -2.603625e-02 -2.246059e-03 -5.080573e-03
         vertex -2.362327e-02 -2.822063e-03 -5.005313e-03
         vertex -6.238475e-02 -2.760265e-03 -5.095086e-03
      endloop
   endfacet
   facet normal 2.106640e-03 -1.208757e-01 -9.926654e-01
      outer loop
         vertex -2.362327e-02 -2.822063e-03 -5.005313e-03
         vertex -2.603625e-02 -2.246059e-03 -5.080573e-03
         vertex 1.125024e-02 -1.718562e-03 -5.065676e-03
      endloop
   endfacet
   facet normal 2.674808e-03 -1.387035e-01 -9.903303e-01
      outer loop
         vertex 1.125024e-02 -1.718562e-03 -5.065676e-03
         vertex 1.461854e-02 -2.222865e-03 -4.985947e-03
         vertex -2.362327e-02 -2.822063e-03 -5.005313e-03
      endloop
   endfacet
   facet normal 2.675163e-03 -1.387012e-01 -9.903307e-01
      outer loop
         vertex 5.286043e-02 -1.623561e-03 -4.966580e-03
         vertex 1.461854e-02 -2.222865e-03 -4.985947e-03
         vertex 1.125024e-02 -1.718562e-03 -5.065676e-03
      endloop
   endfacet
   facet normal 5.144342e-03 -2.974111e-01 -9.547357e-01
      outer loop
         vertex 1.557083e-02 -2.516765e-03 -4.889262e-03
         vertex 1.461854e-02 -2.222865e-03 -4.985947e-03
         vertex 5.286043e-02 -1.623561e-03 -4.966580e-03
      endloop
   endfacet
   facet normal 5.879901e-03 -3.272690e-01 -9.449129e-01
      outer loop
         vertex 5.286043e-02 -1.623561e-03 -4.966580e-03
         vertex 1.686684e-02 -2.743465e-03 -4.802681e-03
         vertex 1.557083e-02 -2.516765e-03 -4.889262e-03
      endloop
   endfacet
   facet normal 2.522604e-04 6.030201e-01 -7.977260e-01
      outer loop
         vertex 5.746564e-02 3.746436e-03 -4.363575e-03
         vertex 1.070964e-01 3.478336e-03 -4.550544e-03
         vertex 5.704483e-02 3.528035e-03 -4.528802e-03
      endloop
   endfacet
   facet normal 5.879821e-03 -3.272665e-01 -9.449138e-01
      outer loop
         vertex 5.545264e-02 -2.076961e-03 -4.793417e-03
         vertex 1.686684e-02 -2.743465e-03 -4.802681e-03
         vertex 5.286043e-02 -1.623561e-03 -4.966580e-03
      endloop
   endfacet
   facet normal 8.665241e-03 -4.895366e-01 -8.719397e-01
      outer loop
         vertex 1.768994e-02 -2.964565e-03 -4.670368e-03
         vertex 1.686684e-02 -2.743465e-03 -4.802681e-03
         vertex 5.545264e-02 -2.076961e-03 -4.793417e-03
      endloop
   endfacet
   facet normal 2.124749e-04 5.726190e-01 -8.198216e-01
      outer loop
         vertex 1.070964e-01 3.478336e-03 -4.550544e-03
         vertex 1.070964e-01 3.405336e-03 -4.601532e-03
         vertex 5.704483e-02 3.528035e-03 -4.528802e-03
      endloop
   endfacet
   facet normal 5.879175e-03 -3.272698e-01 -9.449126e-01
      outer loop
         vertex 5.286043e-02 -1.623561e-03 -4.966580e-03
         vertex 1.050186e-01 -8.848683e-04 -4.897902e-03
         vertex 5.545264e-02 -2.076961e-03 -4.793417e-03
      endloop
   endfacet
   facet normal 8.666951e-03 -4.896041e-01 -8.719018e-01
      outer loop
         vertex 5.709883e-02 -2.519069e-03 -4.528794e-03
         vertex 1.768994e-02 -2.964565e-03 -4.670368e-03
         vertex 5.545264e-02 -2.076961e-03 -4.793417e-03
      endloop
   endfacet
   facet normal 2.114422e-04 5.726190e-01 -8.198216e-01
      outer loop
         vertex 1.571479e-01 3.428726e-03 -4.572286e-03
         vertex 1.070964e-01 3.405336e-03 -4.601532e-03
         vertex 1.070964e-01 3.478336e-03 -4.550544e-03
      endloop
   endfacet
   facet normal 5.882280e-03 -3.273951e-01 -9.448692e-01
      outer loop
         vertex 1.050186e-01 -8.848683e-04 -4.897902e-03
         vertex 1.063157e-01 -1.198360e-03 -4.781202e-03
         vertex 5.545264e-02 -2.076961e-03 -4.793417e-03
      endloop
   endfacet
   facet normal 8.831996e-03 -4.891433e-01 -8.721587e-01
      outer loop
         vertex 5.545264e-02 -2.076961e-03 -4.793417e-03
         vertex 1.063170e-01 -1.271770e-03 -4.729919e-03
         vertex 5.709883e-02 -2.519069e-03 -4.528794e-03
      endloop
   endfacet
   facet normal 2.114201e-04 5.726442e-01 -8.198040e-01
      outer loop
         vertex 1.571479e-01 3.282736e-03 -4.674261e-03
         vertex 1.070964e-01 3.405336e-03 -4.601532e-03
         vertex 1.571479e-01 3.428726e-03 -4.572286e-03
      endloop
   endfacet
   facet normal 1.008677e-02 -5.725359e-01 -8.198176e-01
      outer loop
         vertex 1.063157e-01 -1.198360e-03 -4.781202e-03
         vertex 1.063170e-01 -1.271770e-03 -4.729919e-03
         vertex 5.545264e-02 -2.076961e-03 -4.793417e-03
      endloop
   endfacet
   facet normal 8.827509e-03 -4.889810e-01 -8.722498e-01
      outer loop
         vertex 1.063170e-01 -1.271770e-03 -4.729919e-03
         vertex 1.071415e-01 -1.576869e-03 -4.550537e-03
         vertex 5.709883e-02 -2.519069e-03 -4.528794e-03
      endloop
   endfacet
   facet normal -6.694782e-05 4.898498e-01 -8.718068e-01
      outer loop
         vertex 1.571479e-01 3.282736e-03 -4.674261e-03
         vertex 1.571482e-01 3.114136e-03 -4.768994e-03
         vertex 1.070964e-01 3.405336e-03 -4.601532e-03
      endloop
   endfacet
   facet normal 1.008672e-02 -5.725359e-01 -8.198176e-01
      outer loop
         vertex 1.571789e-01 -3.197595e-04 -4.768990e-03
         vertex 1.063170e-01 -1.271770e-03 -4.729919e-03
         vertex 1.063157e-01 -1.198360e-03 -4.781202e-03
      endloop
   endfacet
   facet normal 8.828598e-03 -4.889787e-01 -8.722510e-01
      outer loop
         vertex 1.571815e-01 -4.666702e-04 -4.666422e-03
         vertex 1.071415e-01 -1.576869e-03 -4.550537e-03
         vertex 1.063170e-01 -1.271770e-03 -4.729919e-03
      endloop
   endfacet
   facet normal 9.998806e-01 8.938148e-03 -1.260476e-02
      outer loop
         vertex 1.571479e-01 3.282736e-03 -4.674261e-03
         vertex 1.571789e-01 -3.197595e-04 -4.768990e-03
         vertex 1.571482e-01 3.114136e-03 -4.768994e-03
      endloop
   endfacet
   facet normal 1.008221e-02 -5.723019e-01 -8.199810e-01
      outer loop
         vertex 1.571815e-01 -4.666702e-04 -4.666422e-03
         vertex 1.063170e-01 -1.271770e-03 -4.729919e-03
         vertex 1.571789e-01 -3.197595e-04 -4.768990e-03
      endloop
   endfacet
   facet normal 9.998822e-01 8.934838e-03 -1.247836e-02
      outer loop
         vertex 1.571479e-01 3.282736e-03 -4.674261e-03
         vertex 1.571815e-01 -4.666702e-04 -4.666422e-03
         vertex 1.571789e-01 -3.197595e-04 -4.768990e-03
      endloop
   endfacet
   facet normal -2.347102e-04 3.285689e-01 -9.444800e-01
      outer loop
         vertex -2.366975e-02 2.391042e-03 -5.005320e-03
         vertex 1.586843e-02 2.723835e-03 -4.899372e-03
         vertex 1.457674e-02 2.474034e-03 -4.985953e-03
      endloop
   endfacet
   facet normal -2.356354e-04 3.285732e-01 -9.444785e-01
      outer loop
         vertex 1.586843e-02 2.723835e-03 -4.899372e-03
         vertex 5.282314e-02 2.557133e-03 -4.966585e-03
         vertex 1.457674e-02 2.474034e-03 -4.985953e-03
      endloop
   endfacet
   facet normal -2.350434e-04 3.286883e-01 -9.444384e-01
      outer loop
         vertex 5.540683e-02 3.056536e-03 -4.793424e-03
         vertex 5.282314e-02 2.557133e-03 -4.966585e-03
         vertex 1.586843e-02 2.723835e-03 -4.899372e-03
      endloop
   endfacet
   facet normal 4.209007e-05 3.274086e-01 -9.448828e-01
      outer loop
         vertex 5.540683e-02 3.056536e-03 -4.793424e-03
         vertex 1.049862e-01 2.748631e-03 -4.897906e-03
         vertex 5.282314e-02 2.557133e-03 -4.966585e-03
      endloop
   endfacet
   facet normal -3.639405e-04 4.239514e-01 -9.056849e-01
      outer loop
         vertex 1.049862e-01 2.748631e-03 -4.897906e-03
         vertex 1.049866e-01 2.589040e-03 -4.972611e-03
         vertex 5.282314e-02 2.557133e-03 -4.966585e-03
      endloop
   endfacet
   facet normal -3.647608e-04 4.239514e-01 -9.056849e-01
      outer loop
         vertex 1.571490e-01 2.940235e-03 -4.829225e-03
         vertex 1.049866e-01 2.589040e-03 -4.972611e-03
         vertex 1.049862e-01 2.748631e-03 -4.897906e-03
      endloop
   endfacet
   facet normal -2.148059e-04 1.649122e-01 -9.863082e-01
      outer loop
         vertex 1.049866e-01 2.589040e-03 -4.972611e-03
         vertex 1.049870e-01 2.530934e-03 -4.982327e-03
         vertex 5.282314e-02 2.557133e-03 -4.966585e-03
      endloop
   endfacet
   facet normal -3.646376e-04 4.239360e-01 -9.056921e-01
      outer loop
         vertex 1.571499e-01 2.621037e-03 -4.978635e-03
         vertex 1.049866e-01 2.589040e-03 -4.972611e-03
         vertex 1.571490e-01 2.940235e-03 -4.829225e-03
      endloop
   endfacet
   facet normal -2.150637e-04 1.649122e-01 -9.863082e-01
      outer loop
         vertex 1.571499e-01 2.621037e-03 -4.978635e-03
         vertex 1.049870e-01 2.530934e-03 -4.982327e-03
         vertex 1.049866e-01 2.589040e-03 -4.972611e-03
      endloop
   endfacet
   facet normal 9.998765e-01 8.907407e-03 -1.294668e-02
      outer loop
         vertex 1.571765e-01 -1.458694e-04 -4.829220e-03
         vertex 1.571499e-01 2.621037e-03 -4.978635e-03
         vertex 1.571490e-01 2.940235e-03 -4.829225e-03
      endloop
   endfacet
   facet normal 7.197533e-03 -4.238196e-01 -9.057180e-01
      outer loop
         vertex 1.050162e-01 -7.252613e-04 -4.972607e-03
         vertex 1.571765e-01 -1.458694e-04 -4.829220e-03
         vertex 1.050186e-01 -8.848683e-04 -4.897902e-03
      endloop
   endfacet
   facet normal -2.150754e-04 1.649189e-01 -9.863071e-01
      outer loop
         vertex 1.571507e-01 2.504840e-03 -4.998065e-03
         vertex 1.049870e-01 2.530934e-03 -4.982327e-03
         vertex 1.571499e-01 2.621037e-03 -4.978635e-03
      endloop
   endfacet
   facet normal 9.998841e-01 8.941204e-03 -1.232217e-02
      outer loop
         vertex 1.571718e-01 1.731309e-04 -4.978632e-03
         vertex 1.571499e-01 2.621037e-03 -4.978635e-03
         vertex 1.571765e-01 -1.458694e-04 -4.829220e-03
      endloop
   endfacet
   facet normal 7.194959e-03 -4.238197e-01 -9.057180e-01
      outer loop
         vertex 5.286043e-02 -1.623561e-03 -4.966580e-03
         vertex 1.050162e-01 -7.252613e-04 -4.972607e-03
         vertex 1.050186e-01 -8.848683e-04 -4.897902e-03
      endloop
   endfacet
   facet normal 7.199866e-03 -4.240573e-01 -9.056068e-01
      outer loop
         vertex 1.571718e-01 1.731309e-04 -4.978632e-03
         vertex 1.571765e-01 -1.458694e-04 -4.829220e-03
         vertex 1.050162e-01 -7.252613e-04 -4.972607e-03
      endloop
   endfacet
   facet normal 9.998873e-01 8.941233e-03 -1.206273e-02
      outer loop
         vertex 1.571718e-01 1.731309e-04 -4.978632e-03
         vertex 1.571507e-01 2.504840e-03 -4.998065e-03
         vertex 1.571499e-01 2.621037e-03 -4.978635e-03
      endloop
   endfacet
   facet normal 2.721619e-03 -1.646360e-01 -9.863506e-01
      outer loop
         vertex 5.286043e-02 -1.623561e-03 -4.966580e-03
         vertex 1.050156e-01 -6.670643e-04 -4.982322e-03
         vertex 1.050162e-01 -7.252613e-04 -4.972607e-03
      endloop
   endfacet
   facet normal 2.721947e-03 -1.646360e-01 -9.863506e-01
      outer loop
         vertex 1.050156e-01 -6.670643e-04 -4.982322e-03
         vertex 1.571718e-01 1.731309e-04 -4.978632e-03
         vertex 1.050162e-01 -7.252613e-04 -4.972607e-03
      endloop
   endfacet
   facet normal 9.998717e-01 8.930794e-03 -1.329845e-02
      outer loop
         vertex 1.571705e-01 2.893418e-04 -4.998061e-03
         vertex 1.571507e-01 2.504840e-03 -4.998065e-03
         vertex 1.571718e-01 1.731309e-04 -4.978632e-03
      endloop
   endfacet
   facet normal 2.724892e-03 -1.648140e-01 -9.863209e-01
      outer loop
         vertex 1.050156e-01 -6.670643e-04 -4.982322e-03
         vertex 5.286043e-02 -1.623561e-03 -4.966580e-03
         vertex 9.098804e-02 -8.374592e-04 -4.992603e-03
      endloop
   endfacet
   facet normal 2.725723e-03 -1.648706e-01 -9.863114e-01
      outer loop
         vertex 1.571705e-01 2.893418e-04 -4.998061e-03
         vertex 1.571718e-01 1.731309e-04 -4.978632e-03
         vertex 1.050156e-01 -6.670643e-04 -4.982322e-03
      endloop
   endfacet
   facet normal 2.725101e-03 -1.648314e-01 -9.863180e-01
      outer loop
         vertex 1.050156e-01 -6.670643e-04 -4.982322e-03
         vertex 9.098804e-02 -8.374592e-04 -4.992603e-03
         vertex 1.291158e-01 -5.137219e-05 -5.018629e-03
      endloop
   endfacet
   facet normal 2.722430e-03 -1.646245e-01 -9.863526e-01
      outer loop
         vertex 1.571702e-01 3.187298e-04 -5.002967e-03
         vertex 1.571705e-01 2.893418e-04 -4.998061e-03
         vertex 1.291158e-01 -5.137219e-05 -5.018629e-03
      endloop
   endfacet
   facet normal 2.724757e-03 -1.648181e-01 -9.863202e-01
      outer loop
         vertex 1.050156e-01 -6.670643e-04 -4.982322e-03
         vertex 1.291158e-01 -5.137219e-05 -5.018629e-03
         vertex 1.571705e-01 2.893418e-04 -4.998061e-03
      endloop
   endfacet
   facet normal 3.008152e-02 -8.196008e-01 5.721448e-01
      outer loop
         vertex 1.572463e-01 -1.258861e-03 -1.464159e-04
         vertex 1.063987e-01 -2.425960e-03 8.551100e-04
         vertex 1.572453e-01 -1.361369e-03 -2.932068e-04
      endloop
   endfacet
   facet normal 9.998836e-01 8.449028e-03 -1.270075e-02
      outer loop
         vertex 1.572453e-01 -1.361369e-03 -2.932068e-04
         vertex 1.572436e-01 -1.421673e-03 -4.670579e-04
         vertex 1.572463e-01 -1.258861e-03 -1.464159e-04
      endloop
   endfacet
   facet normal 2.964126e-02 -8.717993e-01 4.889656e-01
      outer loop
         vertex 5.555113e-02 -3.593059e-03 1.856634e-03
         vertex 1.063987e-01 -2.425960e-03 8.551100e-04
         vertex 5.719293e-02 -3.292766e-03 2.292514e-03
      endloop
   endfacet
   facet normal 3.007868e-02 -8.198493e-01 5.717888e-01
      outer loop
         vertex 1.572453e-01 -1.361369e-03 -2.932068e-04
         vertex 1.063987e-01 -2.425960e-03 8.551100e-04
         vertex 1.063982e-01 -2.477168e-03 7.817124e-04
      endloop
   endfacet
   facet normal 2.764647e-02 -9.445000e-01 3.273461e-01
      outer loop
         vertex 1.572453e-01 -1.361369e-03 -2.932068e-04
         vertex 1.063982e-01 -2.477168e-03 7.817124e-04
         vertex 1.572436e-01 -1.421673e-03 -4.670579e-04
      endloop
   endfacet
   facet normal 3.008019e-02 -8.198492e-01 5.717888e-01
      outer loop
         vertex 1.063982e-01 -2.477168e-03 7.817124e-04
         vertex 1.063987e-01 -2.425960e-03 8.551100e-04
         vertex 5.555113e-02 -3.593059e-03 1.856634e-03
      endloop
   endfacet
   facet normal 2.764713e-02 -9.444867e-01 3.273843e-01
      outer loop
         vertex 1.572436e-01 -1.421673e-03 -4.670579e-04
         vertex 1.063982e-01 -2.477168e-03 7.817124e-04
         vertex 1.051027e-01 -2.622066e-03 4.730924e-04
      endloop
   endfacet
   facet normal 2.847894e-02 -9.056091e-01 4.231560e-01
      outer loop
         vertex 1.051013e-01 -2.696666e-03 3.135322e-04
         vertex 1.572436e-01 -1.421673e-03 -4.670579e-04
         vertex 1.051027e-01 -2.622066e-03 4.730924e-04
      endloop
   endfacet
   facet normal 2.764863e-02 -9.444886e-01 3.273789e-01
      outer loop
         vertex 1.051027e-01 -2.622066e-03 4.730924e-04
         vertex 1.063982e-01 -2.477168e-03 7.817124e-04
         vertex 5.555113e-02 -3.593059e-03 1.856634e-03
      endloop
   endfacet
   facet normal 2.847730e-02 -9.056092e-01 4.231561e-01
      outer loop
         vertex 5.296164e-02 -3.822368e-03 1.413249e-03
         vertex 1.051013e-01 -2.696666e-03 3.135322e-04
         vertex 1.051027e-01 -2.622066e-03 4.730924e-04
      endloop
   endfacet
   facet normal 2.764238e-02 -9.445913e-01 3.270829e-01
      outer loop
         vertex 5.296164e-02 -3.822368e-03 1.413249e-03
         vertex 1.051027e-01 -2.622066e-03 4.730924e-04
         vertex 5.555113e-02 -3.593059e-03 1.856634e-03
      endloop
   endfacet
   facet normal 2.481577e-02 -9.855152e-01 1.677617e-01
      outer loop
         vertex 5.296164e-02 -3.822368e-03 1.413249e-03
         vertex 1.051007e-01 -2.706569e-03 2.554453e-04
         vertex 1.051013e-01 -2.696666e-03 3.135322e-04
      endloop
   endfacet
   facet normal 2.764396e-02 -9.445939e-01 3.270751e-01
      outer loop
         vertex 5.555113e-02 -3.593059e-03 1.856634e-03
         vertex 1.697753e-02 -4.439571e-03 2.672094e-03
         vertex 5.296164e-02 -3.822368e-03 1.413249e-03
      endloop
   endfacet
   facet normal 2.473504e-02 -9.862462e-01 1.634216e-01
      outer loop
         vertex 9.107744e-02 -3.021068e-03 4.799794e-04
         vertex 1.051007e-01 -2.706569e-03 2.554453e-04
         vertex 5.296164e-02 -3.822368e-03 1.413249e-03
      endloop
   endfacet
   facet normal 2.763797e-02 -9.446654e-01 3.268690e-01
      outer loop
         vertex 5.296164e-02 -3.822368e-03 1.413249e-03
         vertex 1.697753e-02 -4.439571e-03 2.672094e-03
         vertex 1.568273e-02 -4.554164e-03 2.450396e-03
      endloop
   endfacet
   facet normal 2.476341e-02 -9.860204e-01 1.647743e-01
      outer loop
         vertex 5.296164e-02 -3.822368e-03 1.413249e-03
         vertex 8.887643e-02 -3.110957e-03 2.728589e-04
         vertex 9.107744e-02 -3.021068e-03 4.799794e-04
      endloop
   endfacet
   facet normal 2.701032e-02 -9.543466e-01 2.974779e-01
      outer loop
         vertex 1.568273e-02 -4.554164e-03 2.450396e-03
         vertex 1.473174e-02 -4.671565e-03 2.160107e-03
         vertex 5.296164e-02 -3.822368e-03 1.413249e-03
      endloop
   endfacet
   facet normal 2.255858e-02 -9.988815e-01 4.155477e-02
      outer loop
         vertex -1.871156e-02 -5.505260e-03 1.626214e-03
         vertex 2.043724e-02 -4.647960e-03 9.812730e-04
         vertex 1.136404e-02 -4.824260e-03 1.668938e-03
      endloop
   endfacet
   facet normal 2.475972e-02 -9.860422e-01 1.646445e-01
      outer loop
         vertex 5.296164e-02 -3.822368e-03 1.413249e-03
         vertex 4.961383e-02 -3.978770e-03 9.800242e-04
         vertex 8.887643e-02 -3.110957e-03 2.728589e-04
      endloop
   endfacet
   facet normal 2.469699e-02 -9.900606e-01 1.384560e-01
      outer loop
         vertex 5.296164e-02 -3.822368e-03 1.413249e-03
         vertex 1.473174e-02 -4.671565e-03 2.160107e-03
         vertex 1.136404e-02 -4.824260e-03 1.668938e-03
      endloop
   endfacet
   facet normal 2.255508e-02 -9.988836e-01 4.150805e-02
      outer loop
         vertex 1.136404e-02 -4.824260e-03 1.668938e-03
         vertex 2.043724e-02 -4.647960e-03 9.812730e-04
         vertex 5.958614e-02 -3.790767e-03 3.363260e-04
      endloop
   endfacet
   facet normal 2.329764e-02 -9.972991e-01 6.965386e-02
      outer loop
         vertex 4.961383e-02 -3.978770e-03 9.800242e-04
         vertex 5.958614e-02 -3.790767e-03 3.363260e-04
         vertex 8.887643e-02 -3.110957e-03 2.728589e-04
      endloop
   endfacet
   facet normal 2.476115e-02 -9.860439e-01 1.646340e-01
      outer loop
         vertex 1.136404e-02 -4.824260e-03 1.668938e-03
         vertex 4.961383e-02 -3.978770e-03 9.800242e-04
         vertex 5.296164e-02 -3.822368e-03 1.413249e-03
      endloop
   endfacet
   facet normal 2.329983e-02 -9.972967e-01 6.968859e-02
      outer loop
         vertex 5.958614e-02 -3.790767e-03 3.363260e-04
         vertex 4.961383e-02 -3.978770e-03 9.800242e-04
         vertex 1.136404e-02 -4.824260e-03 1.668938e-03
      endloop
   endfacet
   facet normal 3.112334e-02 -7.379720e-01 6.741132e-01
      outer loop
         vertex 1.572486e-01 -1.017467e-03 2.016634e-04
         vertex 1.074316e-01 -2.067958e-03 1.351675e-03
         vertex 1.572484e-01 -1.047664e-03 1.686152e-04
      endloop
   endfacet
   facet normal 3.104886e-02 -7.535934e-01 6.566072e-01
      outer loop
         vertex 5.761464e-02 -3.118465e-03 2.501687e-03
         vertex 1.074316e-01 -2.067958e-03 1.351675e-03
         vertex 5.772093e-02 -3.025768e-03 2.603050e-03
      endloop
   endfacet
   facet normal 3.112419e-02 -7.378169e-01 6.742830e-01
      outer loop
         vertex 1.572484e-01 -1.047664e-03 1.686152e-04
         vertex 1.074316e-01 -2.067958e-03 1.351675e-03
         vertex 1.074315e-01 -2.083064e-03 1.335151e-03
      endloop
   endfacet
   facet normal 9.999718e-01 -7.495564e-03 5.366322e-04
      outer loop
         vertex 1.572480e-01 -1.106960e-03 9.009203e-05
         vertex 1.572486e-01 -1.017467e-03 2.016634e-04
         vertex 1.572484e-01 -1.047664e-03 1.686152e-04
      endloop
   endfacet
   facet normal 9.998857e-01 8.638608e-03 -1.240440e-02
      outer loop
         vertex 1.572480e-01 -1.106960e-03 9.009203e-05
         vertex 1.572486e-01 -1.452595e-04 8.090814e-04
         vertex 1.572486e-01 -1.017467e-03 2.016634e-04
      endloop
   endfacet
   facet normal 3.112422e-02 -7.378169e-01 6.742830e-01
      outer loop
         vertex 1.074315e-01 -2.083064e-03 1.335151e-03
         vertex 1.074316e-01 -2.067958e-03 1.351675e-03
         vertex 5.761464e-02 -3.118465e-03 2.501687e-03
      endloop
   endfacet
   facet normal 3.068234e-02 -7.977259e-01 6.022392e-01
      outer loop
         vertex 1.572484e-01 -1.047664e-03 1.686152e-04
         vertex 1.074315e-01 -2.083064e-03 1.335151e-03
         vertex 1.572480e-01 -1.106960e-03 9.009203e-05
      endloop
   endfacet
   facet normal 9.998736e-01 9.106793e-03 -1.303063e-02
      outer loop
         vertex 1.572480e-01 -1.106960e-03 9.009203e-05
         vertex 1.572463e-01 -1.258861e-03 -1.464159e-04
         vertex 1.572486e-01 -1.452595e-04 8.090814e-04
      endloop
   endfacet
   facet normal 3.068467e-02 -7.974997e-01 6.025385e-01
      outer loop
         vertex 1.072204e-01 -2.199870e-03 1.191301e-03
         vertex 1.074315e-01 -2.083064e-03 1.335151e-03
         vertex 5.761464e-02 -3.118465e-03 2.501687e-03
      endloop
   endfacet
   facet normal 2.964215e-02 -8.717270e-01 4.890944e-01
      outer loop
         vertex 1.572463e-01 -1.258861e-03 -1.464159e-04
         vertex 1.072202e-01 -2.228664e-03 1.156968e-03
         vertex 1.063987e-01 -2.425960e-03 8.551100e-04
      endloop
   endfacet
   facet normal 3.068538e-02 -7.975002e-01 6.025378e-01
      outer loop
         vertex 1.572480e-01 -1.106960e-03 9.009203e-05
         vertex 1.074315e-01 -2.083064e-03 1.335151e-03
         vertex 1.072204e-01 -2.199870e-03 1.191301e-03
      endloop
   endfacet
   facet normal 9.999112e-01 6.730944e-03 -1.150497e-02
      outer loop
         vertex 1.572480e-01 -1.106960e-03 9.009203e-05
         vertex 1.572476e-01 -1.164562e-03 2.142510e-05
         vertex 1.572463e-01 -1.258861e-03 -1.464159e-04
      endloop
   endfacet
   facet normal 3.068575e-02 -7.974341e-01 6.026253e-01
      outer loop
         vertex 5.719293e-02 -3.292766e-03 2.292514e-03
         vertex 1.072204e-01 -2.199870e-03 1.191301e-03
         vertex 5.761464e-02 -3.118465e-03 2.501687e-03
      endloop
   endfacet
   facet normal 2.964369e-02 -8.717287e-01 4.890913e-01
      outer loop
         vertex 1.063987e-01 -2.425960e-03 8.551100e-04
         vertex 1.072202e-01 -2.228664e-03 1.156968e-03
         vertex 5.719293e-02 -3.292766e-03 2.292514e-03
      endloop
   endfacet
   facet normal 2.964725e-02 -8.715381e-01 4.894307e-01
      outer loop
         vertex 1.572476e-01 -1.164562e-03 2.142510e-05
         vertex 1.072202e-01 -2.228664e-03 1.156968e-03
         vertex 1.572463e-01 -1.258861e-03 -1.464159e-04
      endloop
   endfacet
   facet normal 3.086867e-02 -7.658587e-01 6.422675e-01
      outer loop
         vertex 1.572480e-01 -1.106960e-03 9.009203e-05
         vertex 1.072204e-01 -2.199870e-03 1.191301e-03
         vertex 1.572476e-01 -1.164562e-03 2.142510e-05
      endloop
   endfacet
   facet normal 3.086825e-02 -7.659311e-01 6.421812e-01
      outer loop
         vertex 1.072202e-01 -2.228664e-03 1.156968e-03
         vertex 1.072204e-01 -2.199870e-03 1.191301e-03
         vertex 5.719293e-02 -3.292766e-03 2.292514e-03
      endloop
   endfacet
   facet normal 3.086815e-02 -7.659311e-01 6.421812e-01
      outer loop
         vertex 1.572476e-01 -1.164562e-03 2.142510e-05
         vertex 1.072204e-01 -2.199870e-03 1.191301e-03
         vertex 1.072202e-01 -2.228664e-03 1.156968e-03
      endloop
   endfacet
   facet normal 2.263385e-02 -9.986576e-01 4.658979e-02
      outer loop
         vertex 2.144654e-02 -4.635158e-03 7.653650e-04
         vertex 5.958614e-02 -3.790767e-03 3.363260e-04
         vertex 2.043724e-02 -4.647960e-03 9.812730e-04
      endloop
   endfacet
   facet normal 2.263398e-02 -9.986571e-01 4.660234e-02
      outer loop
         vertex 6.160494e-02 -3.765163e-03 -9.549061e-05
         vertex 5.958614e-02 -3.790767e-03 3.363260e-04
         vertex 2.144654e-02 -4.635158e-03 7.653650e-04
      endloop
   endfacet
   facet normal 2.204908e-02 -9.995880e-01 1.837667e-02
      outer loop
         vertex 6.160494e-02 -3.765163e-03 -9.549061e-05
         vertex 2.144654e-02 -4.635158e-03 7.653650e-04
         vertex 2.221554e-02 -4.623057e-03 5.008911e-04
      endloop
   endfacet
   facet normal 2.216313e-02 -9.994120e-01 2.616210e-02
      outer loop
         vertex 2.319404e-02 -4.606258e-03 3.136991e-04
         vertex 6.160494e-02 -3.765163e-03 -9.549061e-05
         vertex 2.221554e-02 -4.623057e-03 5.008911e-04
      endloop
   endfacet
   facet normal 2.216872e-02 -9.993972e-01 2.671737e-02
      outer loop
         vertex 6.356194e-02 -3.731761e-03 -4.698726e-04
         vertex 6.160494e-02 -3.765163e-03 -9.549061e-05
         vertex 2.319404e-02 -4.606258e-03 3.136991e-04
      endloop
   endfacet
   facet normal 2.186136e-02 -9.997057e-01 1.051460e-02
      outer loop
         vertex 2.319404e-02 -4.606258e-03 3.136991e-04
         vertex -1.566266e-02 -5.452571e-03 6.366872e-04
         vertex 2.394953e-02 -4.592159e-03 8.340821e-05
      endloop
   endfacet
   facet normal 2.186086e-02 -9.997057e-01 1.051298e-02
      outer loop
         vertex 6.356194e-02 -3.731761e-03 -4.698726e-04
         vertex 2.319404e-02 -4.606258e-03 3.136991e-04
         vertex 2.394953e-02 -4.592159e-03 8.340821e-05
      endloop
   endfacet
   facet normal 2.481379e-02 -9.855152e-01 1.677617e-01
      outer loop
         vertex 1.051007e-01 -2.706569e-03 2.554453e-04
         vertex 1.572409e-01 -1.571071e-03 -7.861816e-04
         vertex 1.051013e-01 -2.696666e-03 3.135322e-04
      endloop
   endfacet
   facet normal 2.848059e-02 -9.053916e-01 4.236213e-01
      outer loop
         vertex 1.572409e-01 -1.571071e-03 -7.861816e-04
         vertex 1.572436e-01 -1.421673e-03 -4.670579e-04
         vertex 1.051013e-01 -2.696666e-03 3.135322e-04
      endloop
   endfacet
   facet normal 2.475810e-02 -9.860921e-01 1.643451e-01
      outer loop
         vertex 1.572396e-01 -1.590465e-03 -9.023520e-04
         vertex 1.572409e-01 -1.571071e-03 -7.861816e-04
         vertex 1.051007e-01 -2.706569e-03 2.554453e-04
      endloop
   endfacet
   facet normal 9.998795e-01 8.988880e-03 -1.265877e-02
      outer loop
         vertex 1.572396e-01 -1.590465e-03 -9.023520e-04
         vertex 1.572436e-01 -1.421673e-03 -4.670579e-04
         vertex 1.572409e-01 -1.571071e-03 -7.861816e-04
      endloop
   endfacet
   facet normal 2.475634e-02 -9.861079e-01 1.642509e-01
      outer loop
         vertex 1.291935e-01 -2.219768e-03 -4.532920e-04
         vertex 1.572396e-01 -1.590465e-03 -9.023520e-04
         vertex 1.051007e-01 -2.706569e-03 2.554453e-04
      endloop
   endfacet
   facet normal 9.998949e-01 7.823902e-03 -1.220717e-02
      outer loop
         vertex 1.572390e-01 -1.599864e-03 -9.584190e-04
         vertex 1.572436e-01 -1.421673e-03 -4.670579e-04
         vertex 1.572396e-01 -1.590465e-03 -9.023520e-04
      endloop
   endfacet
   facet normal 9.998706e-01 9.651216e-03 -1.286961e-02
      outer loop
         vertex 1.572375e-01 -1.617870e-03 -1.088851e-03
         vertex 1.572436e-01 -1.421673e-03 -4.670579e-04
         vertex 1.572390e-01 -1.599864e-03 -9.584190e-04
      endloop
   endfacet
   facet normal 2.473530e-02 -9.862426e-01 1.634432e-01
      outer loop
         vertex 9.107744e-02 -3.021068e-03 4.799794e-04
         vertex 1.291935e-01 -2.219768e-03 -4.532920e-04
         vertex 1.051007e-01 -2.706569e-03 2.554453e-04
      endloop
   endfacet
   facet normal 2.476573e-02 -9.859798e-01 1.650168e-01
      outer loop
         vertex 1.572390e-01 -1.599864e-03 -9.584190e-04
         vertex 1.572396e-01 -1.590465e-03 -9.023520e-04
         vertex 1.291935e-01 -2.219768e-03 -4.532920e-04
      endloop
   endfacet
   facet normal 2.435110e-02 -9.903492e-01 1.364384e-01
      outer loop
         vertex 1.572375e-01 -1.617870e-03 -1.088851e-03
         vertex 1.572390e-01 -1.599864e-03 -9.584190e-04
         vertex 1.349108e-01 -2.141460e-03 -9.045698e-04
      endloop
   endfacet
   facet normal 2.476326e-02 -9.860201e-01 1.647759e-01
      outer loop
         vertex 9.107744e-02 -3.021068e-03 4.799794e-04
         vertex 8.887643e-02 -3.110957e-03 2.728589e-04
         vertex 1.291935e-01 -2.219768e-03 -4.532920e-04
      endloop
   endfacet
   facet normal 2.435090e-02 -9.903187e-01 1.366598e-01
      outer loop
         vertex 1.349108e-01 -2.141460e-03 -9.045698e-04
         vertex 1.572390e-01 -1.599864e-03 -9.584190e-04
         vertex 1.291935e-01 -2.219768e-03 -4.532920e-04
      endloop
   endfacet
   facet normal 2.435211e-02 -9.903165e-01 1.366756e-01
      outer loop
         vertex 1.349108e-01 -2.141460e-03 -9.045698e-04
         vertex 1.291935e-01 -2.219768e-03 -4.532920e-04
         vertex 8.887643e-02 -3.110957e-03 2.728589e-04
      endloop
   endfacet
   facet normal 2.330396e-02 -9.955510e-01 9.129719e-02
      outer loop
         vertex 5.958614e-02 -3.790767e-03 3.363260e-04
         vertex 9.724854e-02 -2.966060e-03 -2.841226e-04
         vertex 8.887643e-02 -3.110957e-03 2.728589e-04
      endloop
   endfacet
   facet normal 2.330041e-02 -9.955561e-01 9.124243e-02
      outer loop
         vertex 8.887643e-02 -3.110957e-03 2.728589e-04
         vertex 9.724854e-02 -2.966060e-03 -2.841226e-04
         vertex 1.349108e-01 -2.141460e-03 -9.045698e-04
      endloop
   endfacet
   facet normal 2.330929e-02 -9.955170e-01 9.166584e-02
      outer loop
         vertex 5.958614e-02 -3.790767e-03 3.363260e-04
         vertex 9.800424e-02 -2.963268e-03 -4.459669e-04
         vertex 9.724854e-02 -2.966060e-03 -2.841226e-04
      endloop
   endfacet
   facet normal 2.244197e-02 -9.987030e-01 4.570196e-02
      outer loop
         vertex 5.958614e-02 -3.790767e-03 3.363260e-04
         vertex 6.160494e-02 -3.765163e-03 -9.549061e-05
         vertex 9.800424e-02 -2.963268e-03 -4.459669e-04
      endloop
   endfacet
   facet normal 2.330633e-02 -9.955183e-01 9.165199e-02
      outer loop
         vertex 9.800424e-02 -2.963268e-03 -4.459669e-04
         vertex 1.349108e-01 -2.141460e-03 -9.045698e-04
         vertex 9.724854e-02 -2.966060e-03 -2.841226e-04
      endloop
   endfacet
   facet normal 2.244183e-02 -9.987038e-01 4.568521e-02
      outer loop
         vertex 9.800424e-02 -2.963268e-03 -4.459669e-04
         vertex 6.160494e-02 -3.765163e-03 -9.549061e-05
         vertex 9.901354e-02 -2.950465e-03 -6.618759e-04
      endloop
   endfacet
   facet normal 2.329624e-02 -9.956075e-01 9.068047e-02
      outer loop
         vertex 1.364225e-01 -2.135570e-03 -1.228264e-03
         vertex 1.349108e-01 -2.141460e-03 -9.045698e-04
         vertex 9.800424e-02 -2.963268e-03 -4.459669e-04
      endloop
   endfacet
   facet normal 2.251490e-02 -9.984512e-01 5.087505e-02
      outer loop
         vertex 6.160494e-02 -3.765163e-03 -9.549061e-05
         vertex 9.973734e-02 -2.941264e-03 -8.016216e-04
         vertex 9.901354e-02 -2.950465e-03 -6.618759e-04
      endloop
   endfacet
   facet normal 2.244721e-02 -9.987025e-01 4.571047e-02
      outer loop
         vertex 1.364225e-01 -2.135570e-03 -1.228264e-03
         vertex 9.800424e-02 -2.963268e-03 -4.459669e-04
         vertex 9.901354e-02 -2.950465e-03 -6.618759e-04
      endloop
   endfacet
   facet normal 2.252033e-02 -9.984496e-01 5.090325e-02
      outer loop
         vertex 9.973734e-02 -2.941264e-03 -8.016216e-04
         vertex 1.364225e-01 -2.135570e-03 -1.228264e-03
         vertex 9.901354e-02 -2.950465e-03 -6.618759e-04
      endloop
   endfacet
   facet normal 2.157169e-02 -9.996966e-01 -1.189246e-02
      outer loop
         vertex 9.657944e-02 -3.018062e-03 -1.234836e-03
         vertex 1.007648e-01 -2.923671e-03 -1.577598e-03
         vertex 1.379115e-01 -2.116969e-03 -2.009827e-03
      endloop
   endfacet
   facet normal 2.158093e-02 -9.996977e-01 -1.177991e-02
      outer loop
         vertex 6.361833e-02 -3.730663e-03 -1.145374e-03
         vertex 1.007648e-01 -2.923671e-03 -1.577598e-03
         vertex 9.657944e-02 -3.018062e-03 -1.234836e-03
      endloop
   endfacet
   facet normal 2.108260e-02 -9.984457e-01 -5.159138e-02
      outer loop
         vertex 1.379115e-01 -2.116969e-03 -2.009827e-03
         vertex 1.007648e-01 -2.923671e-03 -1.577598e-03
         vertex 1.364183e-01 -2.135661e-03 -2.258268e-03
      endloop
   endfacet
   facet normal 2.110399e-02 -9.984994e-01 -5.053253e-02
      outer loop
         vertex 1.000183e-01 -2.933162e-03 -1.701820e-03
         vertex 1.007648e-01 -2.923671e-03 -1.577598e-03
         vertex 6.361833e-02 -3.730663e-03 -1.145374e-03
      endloop
   endfacet
   facet normal 2.110400e-02 -9.984994e-01 -5.053260e-02
      outer loop
         vertex 1.364183e-01 -2.135661e-03 -2.258268e-03
         vertex 1.007648e-01 -2.923671e-03 -1.577598e-03
         vertex 1.000183e-01 -2.933162e-03 -1.701820e-03
      endloop
   endfacet
   facet normal 2.148194e-02 -9.994018e-01 -2.710227e-02
      outer loop
         vertex 6.361833e-02 -3.730663e-03 -1.145374e-03
         vertex 9.900864e-02 -2.950359e-03 -1.867989e-03
         vertex 1.000183e-01 -2.933162e-03 -1.701820e-03
      endloop
   endfacet
   facet normal 2.148195e-02 -9.994018e-01 -2.710234e-02
      outer loop
         vertex 1.000183e-01 -2.933162e-03 -1.701820e-03
         vertex 9.900864e-02 -2.950359e-03 -1.867989e-03
         vertex 1.364183e-01 -2.135661e-03 -2.258268e-03
      endloop
   endfacet
   facet normal 2.147697e-02 -9.993955e-01 -2.733865e-02
      outer loop
         vertex 6.159914e-02 -3.764964e-03 -1.477717e-03
         vertex 9.900864e-02 -2.950359e-03 -1.867989e-03
         vertex 6.361833e-02 -3.730663e-03 -1.145374e-03
      endloop
   endfacet
   facet normal 2.086877e-02 -9.904393e-01 -1.363619e-01
      outer loop
         vertex 1.572139e-01 -1.618068e-03 -2.931427e-03
         vertex 1.348881e-01 -2.141658e-03 -2.545156e-03
         vertex 1.572121e-01 -1.600169e-03 -3.061709e-03
      endloop
   endfacet
   facet normal 2.074760e-02 -9.957394e-01 -8.984784e-02
      outer loop
         vertex 1.364183e-01 -2.135661e-03 -2.258268e-03
         vertex 9.900864e-02 -2.950359e-03 -1.867989e-03
         vertex 1.348881e-01 -2.141658e-03 -2.545156e-03
      endloop
   endfacet
   facet normal 2.144776e-02 -9.986933e-01 -4.638688e-02
      outer loop
         vertex 5.955584e-02 -3.791072e-03 -1.860377e-03
         vertex 9.722194e-02 -2.966258e-03 -2.202767e-03
         vertex 6.159914e-02 -3.764964e-03 -1.477717e-03
      endloop
   endfacet
   facet normal 2.074598e-02 -9.957448e-01 -8.978789e-02
      outer loop
         vertex 9.824353e-02 -2.953365e-03 -2.011434e-03
         vertex 9.900864e-02 -2.950359e-03 -1.867989e-03
         vertex 6.159914e-02 -3.764964e-03 -1.477717e-03
      endloop
   endfacet
   facet normal 2.085170e-02 -9.903507e-01 -1.370065e-01
      outer loop
         vertex 1.572121e-01 -1.600169e-03 -3.061709e-03
         vertex 1.348881e-01 -2.141658e-03 -2.545156e-03
         vertex 1.291629e-01 -2.220058e-03 -2.849792e-03
      endloop
   endfacet
   facet normal 2.074856e-02 -9.957435e-01 -8.980167e-02
      outer loop
         vertex 1.348881e-01 -2.141658e-03 -2.545156e-03
         vertex 9.900864e-02 -2.950359e-03 -1.867989e-03
         vertex 9.824353e-02 -2.953365e-03 -2.011434e-03
      endloop
   endfacet
   facet normal 2.143170e-02 -9.986585e-01 -4.713784e-02
      outer loop
         vertex 6.159914e-02 -3.764964e-03 -1.477717e-03
         vertex 9.722194e-02 -2.966258e-03 -2.202767e-03
         vertex 9.824353e-02 -2.953365e-03 -2.011434e-03
      endloop
   endfacet
   facet normal 2.051483e-02 -9.912432e-01 -1.304457e-01
      outer loop
         vertex 1.348881e-01 -2.141658e-03 -2.545156e-03
         vertex 9.722194e-02 -2.966258e-03 -2.202767e-03
         vertex 1.291629e-01 -2.220058e-03 -2.849792e-03
      endloop
   endfacet
   facet normal 2.143430e-02 -9.986577e-01 -4.715177e-02
      outer loop
         vertex 9.824353e-02 -2.953365e-03 -2.011434e-03
         vertex 9.722194e-02 -2.966258e-03 -2.202767e-03
         vertex 1.348881e-01 -2.141658e-03 -2.545156e-03
      endloop
   endfacet
   facet normal 9.998208e-01 1.179194e-02 -1.481177e-02
      outer loop
         vertex 1.571513e-01 4.053725e-03 -3.873725e-03
         vertex 1.571490e-01 3.812335e-03 -4.221808e-03
         vertex 1.571496e-01 3.901936e-03 -4.110241e-03
      endloop
   endfacet
   facet normal 7.817566e-04 7.661737e-01 -6.426330e-01
      outer loop
         vertex 1.571496e-01 3.901936e-03 -4.110241e-03
         vertex 1.070987e-01 4.102236e-03 -3.932321e-03
         vertex 1.571500e-01 3.959536e-03 -4.041567e-03
      endloop
   endfacet
   facet normal 9.999213e-01 5.938074e-03 -1.105565e-02
      outer loop
         vertex 1.571500e-01 3.959536e-03 -4.041567e-03
         vertex 1.571513e-01 4.053725e-03 -3.873725e-03
         vertex 1.571496e-01 3.901936e-03 -4.110241e-03
      endloop
   endfacet
   facet normal 7.758272e-04 7.650856e-01 -6.439282e-01
      outer loop
         vertex 1.571500e-01 3.959536e-03 -4.041567e-03
         vertex 1.070987e-01 4.102236e-03 -3.932321e-03
         vertex 1.070989e-01 4.131136e-03 -3.897984e-03
      endloop
   endfacet
   facet normal 1.585908e-03 8.720613e-01 -4.893941e-01
      outer loop
         vertex 1.571500e-01 3.959536e-03 -4.041567e-03
         vertex 1.070989e-01 4.131136e-03 -3.897984e-03
         vertex 1.571513e-01 4.053725e-03 -3.873725e-03
      endloop
   endfacet
   facet normal 7.743311e-04 7.650856e-01 -6.439282e-01
      outer loop
         vertex 1.070989e-01 4.131136e-03 -3.897984e-03
         vertex 1.070987e-01 4.102236e-03 -3.932321e-03
         vertex 5.704784e-02 4.302635e-03 -3.754403e-03
      endloop
   endfacet
   facet normal 1.586016e-03 8.722194e-01 -4.891122e-01
      outer loop
         vertex 1.571513e-01 4.053725e-03 -3.873725e-03
         vertex 1.070989e-01 4.131136e-03 -3.897984e-03
         vertex 1.062820e-01 4.313636e-03 -3.575185e-03
      endloop
   endfacet
   facet normal 9.999018e-01 6.236273e-03 -1.254669e-02
      outer loop
         vertex 1.571622e-01 4.447525e-03 -2.747789e-03
         vertex 1.571648e-01 4.467446e-03 -2.530068e-03
         vertex 1.571601e-01 4.412835e-03 -2.931287e-03
      endloop
   endfacet
   facet normal 1.585539e-03 8.722189e-01 -4.891131e-01
      outer loop
         vertex 1.062820e-01 4.313636e-03 -3.575185e-03
         vertex 1.070989e-01 4.131136e-03 -3.897984e-03
         vertex 5.704784e-02 4.302635e-03 -3.754403e-03
      endloop
   endfacet
   facet normal 8.256882e-04 8.196344e-01 -5.728864e-01
      outer loop
         vertex 1.571513e-01 4.053725e-03 -3.873725e-03
         vertex 1.062820e-01 4.313636e-03 -3.575185e-03
         vertex 1.571522e-01 4.156325e-03 -3.726933e-03
      endloop
   endfacet
   facet normal 2.293218e-03 9.825883e-01 -1.857823e-01
      outer loop
         vertex 1.571622e-01 4.447525e-03 -2.747789e-03
         vertex 1.571601e-01 4.412835e-03 -2.931287e-03
         vertex 1.348302e-01 4.538025e-03 -2.544799e-03
      endloop
   endfacet
   facet normal 9.998563e-01 1.042074e-02 -1.337339e-02
      outer loop
         vertex 1.571539e-01 4.216436e-03 -3.553089e-03
         vertex 1.571513e-01 4.053725e-03 -3.873725e-03
         vertex 1.571522e-01 4.156325e-03 -3.726933e-03
      endloop
   endfacet
   facet normal 1.585612e-03 8.722080e-01 -4.891326e-01
      outer loop
         vertex 5.541274e-02 4.573535e-03 -3.276642e-03
         vertex 1.062820e-01 4.313636e-03 -3.575185e-03
         vertex 5.704784e-02 4.302635e-03 -3.754403e-03
      endloop
   endfacet
   facet normal 8.257256e-04 8.196395e-01 -5.728791e-01
      outer loop
         vertex 1.571522e-01 4.156325e-03 -3.726933e-03
         vertex 1.062820e-01 4.313636e-03 -3.575185e-03
         vertex 1.062824e-01 4.364935e-03 -3.501789e-03
      endloop
   endfacet
   facet normal 9.998733e-01 9.292552e-03 -1.292703e-02
      outer loop
         vertex 1.571539e-01 4.216436e-03 -3.553089e-03
         vertex 1.571586e-01 4.394936e-03 -3.061716e-03
         vertex 1.571601e-01 4.412835e-03 -2.931287e-03
      endloop
   endfacet
   facet normal 3.200395e-03 9.907040e-01 -1.359976e-01
      outer loop
         vertex 1.571601e-01 4.412835e-03 -2.931287e-03
         vertex 1.571586e-01 4.394936e-03 -3.061716e-03
         vertex 1.348302e-01 4.538025e-03 -2.544799e-03
      endloop
   endfacet
   facet normal 2.429251e-03 9.450875e-01 -3.268085e-01
      outer loop
         vertex 1.571522e-01 4.156325e-03 -3.726933e-03
         vertex 1.062824e-01 4.364935e-03 -3.501789e-03
         vertex 1.571539e-01 4.216436e-03 -3.553089e-03
      endloop
   endfacet
   facet normal 8.255380e-04 8.196395e-01 -5.728791e-01
      outer loop
         vertex 1.062824e-01 4.364935e-03 -3.501789e-03
         vertex 1.062820e-01 4.313636e-03 -3.575185e-03
         vertex 5.541274e-02 4.573535e-03 -3.276642e-03
      endloop
   endfacet
   facet normal 9.999181e-01 5.510531e-03 -1.155357e-02
      outer loop
         vertex 1.571539e-01 4.216436e-03 -3.553089e-03
         vertex 1.571580e-01 4.385536e-03 -3.117785e-03
         vertex 1.571586e-01 4.394936e-03 -3.061716e-03
      endloop
   endfacet
   facet normal 3.188531e-03 9.906361e-01 -1.364913e-01
      outer loop
         vertex 1.348302e-01 4.538025e-03 -2.544799e-03
         vertex 1.571586e-01 4.394936e-03 -3.061716e-03
         vertex 1.291028e-01 4.514436e-03 -2.849801e-03
      endloop
   endfacet
   facet normal 9.998904e-01 7.937564e-03 -1.249612e-02
      outer loop
         vertex 1.571539e-01 4.216436e-03 -3.553089e-03
         vertex 1.571567e-01 4.365935e-03 -3.233968e-03
         vertex 1.571580e-01 4.385536e-03 -3.117785e-03
      endloop
   endfacet
   facet normal 2.428031e-03 9.448783e-01 -3.274128e-01
      outer loop
         vertex 1.571539e-01 4.216436e-03 -3.553089e-03
         vertex 1.062824e-01 4.364935e-03 -3.501789e-03
         vertex 1.049929e-01 4.486635e-03 -3.160138e-03
      endloop
   endfacet
   facet normal 2.425473e-03 9.448753e-01 -3.274214e-01
      outer loop
         vertex 1.049929e-01 4.486635e-03 -3.160138e-03
         vertex 1.062824e-01 4.364935e-03 -3.501789e-03
         vertex 5.541274e-02 4.573535e-03 -3.276642e-03
      endloop
   endfacet
   facet normal 2.951557e-03 9.862259e-01 -1.653777e-01
      outer loop
         vertex 1.571586e-01 4.394936e-03 -3.061716e-03
         vertex 1.571580e-01 4.385536e-03 -3.117785e-03
         vertex 1.291028e-01 4.514436e-03 -2.849801e-03
      endloop
   endfacet
   facet normal 3.186622e-03 9.906410e-01 -1.364559e-01
      outer loop
         vertex 1.348302e-01 4.538025e-03 -2.544799e-03
         vertex 1.291028e-01 4.514436e-03 -2.849801e-03
         vertex 8.877094e-02 4.686136e-03 -2.545159e-03
      endloop
   endfacet
   facet normal 1.495764e-03 9.055492e-01 -4.242387e-01
      outer loop
         vertex 1.571567e-01 4.365935e-03 -3.233968e-03
         vertex 1.571539e-01 4.216436e-03 -3.553089e-03
         vertex 1.049943e-01 4.561436e-03 -3.000579e-03
      endloop
   endfacet
   facet normal 2.947432e-03 9.860571e-01 -1.663814e-01
      outer loop
         vertex 1.571580e-01 4.385536e-03 -3.117785e-03
         vertex 1.571567e-01 4.365935e-03 -3.233968e-03
         vertex 1.049949e-01 4.571036e-03 -2.942487e-03
      endloop
   endfacet
   facet normal 1.492489e-03 9.054371e-01 -4.244779e-01
      outer loop
         vertex 1.049943e-01 4.561436e-03 -3.000579e-03
         vertex 1.571539e-01 4.216436e-03 -3.553089e-03
         vertex 1.049929e-01 4.486635e-03 -3.160138e-03
      endloop
   endfacet
   facet normal 2.425857e-03 9.447988e-01 -3.276422e-01
      outer loop
         vertex 5.283164e-02 4.756835e-03 -2.767183e-03
         vertex 1.049929e-01 4.486635e-03 -3.160138e-03
         vertex 5.541274e-02 4.573535e-03 -3.276642e-03
      endloop
   endfacet
   facet normal 2.951311e-03 9.862219e-01 -1.654016e-01
      outer loop
         vertex 1.291028e-01 4.514436e-03 -2.849801e-03
         vertex 1.571580e-01 4.385536e-03 -3.117785e-03
         vertex 1.049949e-01 4.571036e-03 -2.942487e-03
      endloop
   endfacet
   facet normal 2.956614e-03 9.863725e-01 -1.645010e-01
      outer loop
         vertex 9.096713e-02 4.635636e-03 -2.808492e-03
         vertex 8.877094e-02 4.686136e-03 -2.545159e-03
         vertex 1.291028e-01 4.514436e-03 -2.849801e-03
      endloop
   endfacet
   facet normal 2.968133e-03 9.866106e-01 -1.630664e-01
      outer loop
         vertex 1.049949e-01 4.571036e-03 -2.942487e-03
         vertex 1.571567e-01 4.365935e-03 -3.233968e-03
         vertex 1.049943e-01 4.561436e-03 -3.000579e-03
      endloop
   endfacet
   facet normal 1.492452e-03 9.054371e-01 -4.244779e-01
      outer loop
         vertex 5.283164e-02 4.756835e-03 -2.767183e-03
         vertex 1.049943e-01 4.561436e-03 -3.000579e-03
         vertex 1.049929e-01 4.486635e-03 -3.160138e-03
      endloop
   endfacet
   facet normal 2.956628e-03 9.863725e-01 -1.645009e-01
      outer loop
         vertex 5.283164e-02 4.756835e-03 -2.767183e-03
         vertex 8.877094e-02 4.686136e-03 -2.545159e-03
         vertex 9.096713e-02 4.635636e-03 -2.808492e-03
      endloop
   endfacet
   facet normal 2.953932e-03 9.860942e-01 -1.661612e-01
      outer loop
         vertex 9.096713e-02 4.635636e-03 -2.808492e-03
         vertex 1.291028e-01 4.514436e-03 -2.849801e-03
         vertex 1.049949e-01 4.571036e-03 -2.942487e-03
      endloop
   endfacet
   facet normal 2.966182e-03 9.866106e-01 -1.630664e-01
      outer loop
         vertex 5.283164e-02 4.756835e-03 -2.767183e-03
         vertex 1.049949e-01 4.571036e-03 -2.942487e-03
         vertex 1.049943e-01 4.561436e-03 -3.000579e-03
      endloop
   endfacet
   facet normal 2.953947e-03 9.860944e-01 -1.661597e-01
      outer loop
         vertex 9.096713e-02 4.635636e-03 -2.808492e-03
         vertex 1.049949e-01 4.571036e-03 -2.942487e-03
         vertex 5.283164e-02 4.756835e-03 -2.767183e-03
      endloop
   endfacet
   facet normal 7.185416e-04 7.381551e-01 -6.746307e-01
      outer loop
         vertex 1.571490e-01 3.812335e-03 -4.221808e-03
         vertex 1.073080e-01 3.973946e-03 -4.098065e-03
         vertex 1.571491e-01 3.842535e-03 -4.188764e-03
      endloop
   endfacet
   facet normal 9.995814e-01 1.971444e-02 -2.117313e-02
      outer loop
         vertex 1.571490e-01 3.812335e-03 -4.221808e-03
         vertex 1.571491e-01 3.842535e-03 -4.188764e-03
         vertex 1.571496e-01 3.901936e-03 -4.110241e-03
      endloop
   endfacet
   facet normal 7.194812e-04 7.383581e-01 -6.744085e-01
      outer loop
         vertex 1.571491e-01 3.842535e-03 -4.188764e-03
         vertex 1.073080e-01 3.973946e-03 -4.098065e-03
         vertex 1.073081e-01 3.989036e-03 -4.081544e-03
      endloop
   endfacet
   facet normal 1.046324e-03 7.975123e-01 -6.033018e-01
      outer loop
         vertex 1.571491e-01 3.842535e-03 -4.188764e-03
         vertex 1.073081e-01 3.989036e-03 -4.081544e-03
         vertex 1.571496e-01 3.901936e-03 -4.110241e-03
      endloop
   endfacet
   facet normal 7.209825e-04 7.383581e-01 -6.744085e-01
      outer loop
         vertex 1.073081e-01 3.989036e-03 -4.081544e-03
         vertex 1.073080e-01 3.973946e-03 -4.098065e-03
         vertex 5.746714e-02 4.135636e-03 -3.974326e-03
      endloop
   endfacet
   facet normal 1.046056e-03 7.974055e-01 -6.034429e-01
      outer loop
         vertex 1.571496e-01 3.901936e-03 -4.110241e-03
         vertex 1.073081e-01 3.989036e-03 -4.081544e-03
         vertex 1.070987e-01 4.102236e-03 -3.932321e-03
      endloop
   endfacet
   facet normal 1.047328e-03 7.974064e-01 -6.034418e-01
      outer loop
         vertex 1.070987e-01 4.102236e-03 -3.932321e-03
         vertex 1.073081e-01 3.989036e-03 -4.081544e-03
         vertex 5.746714e-02 4.135636e-03 -3.974326e-03
      endloop
   endfacet
   facet normal 1.047344e-03 7.973701e-01 -6.034896e-01
      outer loop
         vertex 5.704784e-02 4.302635e-03 -3.754403e-03
         vertex 1.070987e-01 4.102236e-03 -3.932321e-03
         vertex 5.746714e-02 4.135636e-03 -3.974326e-03
      endloop
   endfacet
   facet normal 1.000242e-03 7.973270e-01 -6.035467e-01
      outer loop
         vertex 5.746714e-02 4.135636e-03 -3.974326e-03
         vertex 5.684939e-03 4.368226e-03 -3.752876e-03
         vertex 5.704784e-02 4.302635e-03 -3.754403e-03
      endloop
   endfacet
   facet normal 1.000668e-03 7.976510e-01 -6.031185e-01
      outer loop
         vertex 5.684939e-03 4.368226e-03 -3.752876e-03
         vertex 5.405436e-03 4.479435e-03 -3.606260e-03
         vertex 5.704784e-02 4.302635e-03 -3.754403e-03
      endloop
   endfacet
   facet normal 1.408704e-03 8.719505e-01 -4.895920e-01
      outer loop
         vertex 5.704784e-02 4.302635e-03 -3.754403e-03
         vertex 1.763944e-02 4.596336e-03 -3.344720e-03
         vertex 5.541274e-02 4.573535e-03 -3.276642e-03
      endloop
   endfacet
   facet normal 1.664537e-03 8.816363e-01 -4.719266e-01
      outer loop
         vertex 5.704784e-02 4.302635e-03 -3.754403e-03
         vertex 5.405436e-03 4.479435e-03 -3.606260e-03
         vertex 1.763944e-02 4.596336e-03 -3.344720e-03
      endloop
   endfacet
   facet normal 1.408907e-03 8.718726e-01 -4.897308e-01
      outer loop
         vertex 1.763944e-02 4.596336e-03 -3.344720e-03
         vertex 1.682184e-02 4.731836e-03 -3.105840e-03
         vertex 5.541274e-02 4.573535e-03 -3.276642e-03
      endloop
   endfacet
   facet normal 1.666138e-03 8.816039e-01 -4.719870e-01
      outer loop
         vertex 1.763944e-02 4.596336e-03 -3.344720e-03
         vertex 5.405436e-03 4.479435e-03 -3.606260e-03
         vertex -2.176896e-02 4.890146e-03 -2.935039e-03
      endloop
   endfacet
   facet normal 2.425439e-03 9.447981e-01 -3.276441e-01
      outer loop
         vertex 5.541274e-02 4.573535e-03 -3.276642e-03
         vertex 1.682184e-02 4.731836e-03 -3.105840e-03
         vertex 5.283164e-02 4.756835e-03 -2.767183e-03
      endloop
   endfacet
   facet normal 1.409133e-03 8.718729e-01 -4.897302e-01
      outer loop
         vertex -2.176896e-02 4.890146e-03 -2.935039e-03
         vertex 1.682184e-02 4.731836e-03 -3.105840e-03
         vertex 1.763944e-02 4.596336e-03 -3.344720e-03
      endloop
   endfacet
   facet normal 2.423627e-03 9.448632e-01 -3.274562e-01
      outer loop
         vertex 5.283164e-02 4.756835e-03 -2.767183e-03
         vertex 1.682184e-02 4.731836e-03 -3.105840e-03
         vertex 1.553134e-02 4.823426e-03 -2.851112e-03
      endloop
   endfacet
   facet normal 2.426863e-03 9.448683e-01 -3.274416e-01
      outer loop
         vertex 1.553134e-02 4.823426e-03 -2.851112e-03
         vertex 1.682184e-02 4.731836e-03 -3.105840e-03
         vertex -2.176896e-02 4.890146e-03 -2.935039e-03
      endloop
   endfacet
   facet normal 2.373634e-03 9.547527e-01 -2.973914e-01
      outer loop
         vertex 1.553134e-02 4.823426e-03 -2.851112e-03
         vertex 1.458614e-02 4.923746e-03 -2.536587e-03
         vertex 5.283164e-02 4.756835e-03 -2.767183e-03
      endloop
   endfacet
   facet normal 2.376914e-03 9.547555e-01 -2.973824e-01
      outer loop
         vertex -2.176896e-02 4.890146e-03 -2.935039e-03
         vertex 1.458614e-02 4.923746e-03 -2.536587e-03
         vertex 1.553134e-02 4.823426e-03 -2.851112e-03
      endloop
   endfacet
   facet normal 2.371261e-03 9.546859e-01 -2.976057e-01
      outer loop
         vertex -2.176896e-02 4.890146e-03 -2.935039e-03
         vertex -5.981745e-02 5.152436e-03 -2.396805e-03
         vertex -2.365936e-02 5.090936e-03 -2.305988e-03
      endloop
   endfacet
   facet normal 3.484087e-03 9.902943e-01 -1.389428e-01
      outer loop
         vertex 5.283164e-02 4.756835e-03 -2.767183e-03
         vertex 1.458614e-02 4.923746e-03 -2.536587e-03
         vertex 1.122994e-02 5.016526e-03 -1.959469e-03
      endloop
   endfacet
   facet normal 2.379181e-03 9.546927e-01 -2.975840e-01
      outer loop
         vertex -2.365936e-02 5.090936e-03 -2.305988e-03
         vertex 1.458614e-02 4.923746e-03 -2.536587e-03
         vertex -2.176896e-02 4.890146e-03 -2.935039e-03
      endloop
   endfacet
   facet normal 3.491617e-03 9.903003e-01 -1.389000e-01
      outer loop
         vertex 1.122994e-02 5.016526e-03 -1.959469e-03
         vertex 1.458614e-02 4.923746e-03 -2.536587e-03
         vertex -2.365936e-02 5.090936e-03 -2.305988e-03
      endloop
   endfacet
   facet normal 2.148856e-02 -9.996308e-01 -1.662566e-02
      outer loop
         vertex 1.572249e-01 -1.699870e-03 -2.125780e-03
         vertex 1.572264e-01 -1.701762e-03 -2.010071e-03
         vertex 1.379115e-01 -2.116969e-03 -2.009827e-03
      endloop
   endfacet
   facet normal 2.145125e-02 -9.995182e-01 -2.243371e-02
      outer loop
         vertex 1.572235e-01 -1.697459e-03 -2.234533e-03
         vertex 1.572249e-01 -1.699870e-03 -2.125780e-03
         vertex 1.379115e-01 -2.116969e-03 -2.009827e-03
      endloop
   endfacet
   facet normal 9.998799e-01 8.914953e-03 -1.268057e-02
      outer loop
         vertex 1.572249e-01 -1.699870e-03 -2.125780e-03
         vertex 1.572235e-01 -1.697459e-03 -2.234533e-03
         vertex 1.571677e-01 4.487336e-03 -2.285484e-03
      endloop
   endfacet
   facet normal 2.109326e-02 -9.984639e-01 -5.123310e-02
      outer loop
         vertex 1.572235e-01 -1.697459e-03 -2.234533e-03
         vertex 1.379115e-01 -2.116969e-03 -2.009827e-03
         vertex 1.572210e-01 -1.687572e-03 -2.428253e-03
      endloop
   endfacet
   facet normal 9.998808e-01 8.915593e-03 -1.260388e-02
      outer loop
         vertex 1.571648e-01 4.467446e-03 -2.530068e-03
         vertex 1.571677e-01 4.487336e-03 -2.285484e-03
         vertex 1.572235e-01 -1.697459e-03 -2.234533e-03
      endloop
   endfacet
   facet normal 2.108479e-02 -9.984450e-01 -5.160457e-02
      outer loop
         vertex 1.572210e-01 -1.687572e-03 -2.428253e-03
         vertex 1.379115e-01 -2.116969e-03 -2.009827e-03
         vertex 1.364183e-01 -2.135661e-03 -2.258268e-03
      endloop
   endfacet
   facet normal 9.993067e-01 3.553748e-02 -1.109998e-02
      outer loop
         vertex 1.572203e-01 -1.682567e-03 -2.475281e-03
         vertex 1.572235e-01 -1.697459e-03 -2.234533e-03
         vertex 1.572210e-01 -1.687572e-03 -2.428253e-03
      endloop
   endfacet
   facet normal 9.998790e-01 8.908341e-03 -1.275481e-02
      outer loop
         vertex 1.572203e-01 -1.682567e-03 -2.475281e-03
         vertex 1.571648e-01 4.467446e-03 -2.530068e-03
         vertex 1.572235e-01 -1.697459e-03 -2.234533e-03
      endloop
   endfacet
   facet normal 2.054678e-02 -9.941427e-01 -1.061044e-01
      outer loop
         vertex 1.572203e-01 -1.682567e-03 -2.475281e-03
         vertex 1.572210e-01 -1.687572e-03 -2.428253e-03
         vertex 1.364183e-01 -2.135661e-03 -2.258268e-03
      endloop
   endfacet
   facet normal 9.998806e-01 8.909517e-03 -1.262446e-02
      outer loop
         vertex 1.572156e-01 -1.634471e-03 -2.813101e-03
         vertex 1.571648e-01 4.467446e-03 -2.530068e-03
         vertex 1.572203e-01 -1.682567e-03 -2.475281e-03
      endloop
   endfacet
   facet normal 2.074927e-02 -9.957256e-01 -8.999969e-02
      outer loop
         vertex 1.572203e-01 -1.682567e-03 -2.475281e-03
         vertex 1.364183e-01 -2.135661e-03 -2.258268e-03
         vertex 1.572174e-01 -1.663067e-03 -2.691697e-03
      endloop
   endfacet
   facet normal 9.998700e-01 1.027045e-02 -1.243055e-02
      outer loop
         vertex 1.572174e-01 -1.663067e-03 -2.691697e-03
         vertex 1.572156e-01 -1.634471e-03 -2.813101e-03
         vertex 1.572203e-01 -1.682567e-03 -2.475281e-03
      endloop
   endfacet
   facet normal 2.075218e-02 -9.957371e-01 -8.987235e-02
      outer loop
         vertex 1.572174e-01 -1.663067e-03 -2.691697e-03
         vertex 1.364183e-01 -2.135661e-03 -2.258268e-03
         vertex 1.348881e-01 -2.141658e-03 -2.545156e-03
      endloop
   endfacet
   facet normal 2.084382e-02 -9.902717e-01 -1.375769e-01
      outer loop
         vertex 1.572139e-01 -1.618068e-03 -2.931427e-03
         vertex 1.572156e-01 -1.634471e-03 -2.813101e-03
         vertex 1.348881e-01 -2.141658e-03 -2.545156e-03
      endloop
   endfacet
   facet normal 9.998630e-01 1.115959e-02 -1.222102e-02
      outer loop
         vertex 1.572174e-01 -1.663067e-03 -2.691697e-03
         vertex 1.572166e-01 -1.652766e-03 -2.748125e-03
         vertex 1.572156e-01 -1.634471e-03 -2.813101e-03
      endloop
   endfacet
   facet normal 1.989967e-02 -9.835002e-01 -1.798092e-01
      outer loop
         vertex 1.572166e-01 -1.652766e-03 -2.748125e-03
         vertex 1.572174e-01 -1.663067e-03 -2.691697e-03
         vertex 1.348881e-01 -2.141658e-03 -2.545156e-03
      endloop
   endfacet
   facet normal 1.860494e-02 -9.623296e-01 -2.712482e-01
      outer loop
         vertex 1.572156e-01 -1.634471e-03 -2.813101e-03
         vertex 1.572166e-01 -1.652766e-03 -2.748125e-03
         vertex 1.348881e-01 -2.141658e-03 -2.545156e-03
      endloop
   endfacet
   facet normal 9.998059e-01 1.089212e-02 -1.641789e-02
      outer loop
         vertex 1.572496e-01 -7.124592e-04 4.926752e-04
         vertex 1.572486e-01 -1.452595e-04 8.090814e-04
         vertex 1.572497e-01 -6.337691e-04 5.521401e-04
      endloop
   endfacet
   facet normal 3.139154e-02 -6.026319e-01 7.974016e-01
      outer loop
         vertex 1.572496e-01 -7.124592e-04 4.926752e-04
         vertex 1.572497e-01 -6.337691e-04 5.521401e-04
         vertex 1.074328e-01 -1.720760e-03 1.691809e-03
      endloop
   endfacet
   facet normal 3.139290e-02 -6.029342e-01 7.971730e-01
      outer loop
         vertex 1.074328e-01 -1.720760e-03 1.691809e-03
         vertex 1.572497e-01 -6.337691e-04 5.521401e-04
         vertex 1.072227e-01 -1.576060e-03 1.809525e-03
      endloop
   endfacet
   facet normal 3.139212e-02 -6.029349e-01 7.971725e-01
      outer loop
         vertex 5.761614e-02 -2.729060e-03 2.890938e-03
         vertex 1.074328e-01 -1.720760e-03 1.691809e-03
         vertex 1.072227e-01 -1.576060e-03 1.809525e-03
      endloop
   endfacet
   facet normal 3.139198e-02 -6.029147e-01 7.971878e-01
      outer loop
         vertex 5.761614e-02 -2.729060e-03 2.890938e-03
         vertex 1.072227e-01 -1.576060e-03 1.809525e-03
         vertex 5.719583e-02 -2.518260e-03 3.066917e-03
      endloop
   endfacet
   facet normal 3.143733e-02 -6.028584e-01 7.972286e-01
      outer loop
         vertex 5.858439e-03 -3.741069e-03 4.166639e-03
         vertex 5.761614e-02 -2.729060e-03 2.890938e-03
         vertex 5.719583e-02 -2.518260e-03 3.066917e-03
      endloop
   endfacet
   facet normal 3.143582e-02 -6.026595e-01 7.973790e-01
      outer loop
         vertex 5.858439e-03 -3.741069e-03 4.166639e-03
         vertex 5.719583e-02 -2.518260e-03 3.066917e-03
         vertex 5.578334e-03 -3.600459e-03 4.283955e-03
      endloop
   endfacet
   facet normal 3.142380e-02 -6.500279e-01 7.592603e-01
      outer loop
         vertex 5.761614e-02 -2.729060e-03 2.890938e-03
         vertex 5.858439e-03 -3.741069e-03 4.166639e-03
         vertex 5.858340e-03 -3.793071e-03 4.122123e-03
      endloop
   endfacet
   facet normal 3.143696e-02 -6.026581e-01 7.973801e-01
      outer loop
         vertex 5.858439e-03 -3.741069e-03 4.166639e-03
         vertex 5.578334e-03 -3.600459e-03 4.283955e-03
         vertex -4.589906e-02 -4.753063e-03 5.442332e-03
      endloop
   endfacet
   facet normal 3.142360e-02 -6.500279e-01 7.592603e-01
      outer loop
         vertex 5.858340e-03 -3.793071e-03 4.122123e-03
         vertex 5.858439e-03 -3.741069e-03 4.166639e-03
         vertex -4.589906e-02 -4.753063e-03 5.442332e-03
      endloop
   endfacet
   facet normal 3.143717e-02 -6.026971e-01 7.973505e-01
      outer loop
         vertex 5.578334e-03 -3.600459e-03 4.283955e-03
         vertex -4.603918e-02 -4.682765e-03 5.500993e-03
         vertex -4.589906e-02 -4.753063e-03 5.442332e-03
      endloop
   endfacet
   facet normal 3.142473e-02 -6.496851e-01 7.595537e-01
      outer loop
         vertex 5.858340e-03 -3.793071e-03 4.122123e-03
         vertex -4.589906e-02 -4.753063e-03 5.442332e-03
         vertex -4.589924e-02 -4.857158e-03 5.353302e-03
      endloop
   endfacet
   facet normal 3.143596e-02 -6.026986e-01 7.973494e-01
      outer loop
         vertex -4.589906e-02 -4.753063e-03 5.442332e-03
         vertex -4.603918e-02 -4.682765e-03 5.500993e-03
         vertex -9.765667e-02 -5.764965e-03 6.718032e-03
      endloop
   endfacet
   facet normal 3.142300e-02 -6.496851e-01 7.595537e-01
      outer loop
         vertex -4.589924e-02 -4.857158e-03 5.353302e-03
         vertex -4.589906e-02 -4.753063e-03 5.442332e-03
         vertex -9.765667e-02 -5.764965e-03 6.718032e-03
      endloop
   endfacet
   facet normal 3.137674e-02 -5.725885e-01 8.192423e-01
      outer loop
         vertex 1.572497e-01 -4.878651e-04 6.541160e-04
         vertex 1.072227e-01 -1.503169e-03 1.860515e-03
         vertex 1.572497e-01 -6.337691e-04 5.521401e-04
      endloop
   endfacet
   facet normal 3.094853e-02 -4.893513e-01 8.715374e-01
      outer loop
         vertex 1.572497e-01 -4.878651e-04 6.541160e-04
         vertex 1.572494e-01 -3.191644e-04 7.488492e-04
         vertex 1.072227e-01 -1.503169e-03 1.860515e-03
      endloop
   endfacet
   facet normal 3.137644e-02 -5.729221e-01 8.190090e-01
      outer loop
         vertex 1.572497e-01 -6.337691e-04 5.521401e-04
         vertex 1.072227e-01 -1.503169e-03 1.860515e-03
         vertex 1.072227e-01 -1.576060e-03 1.809525e-03
      endloop
   endfacet
   facet normal 3.094687e-02 -4.892031e-01 8.716207e-01
      outer loop
         vertex 1.072227e-01 -1.503169e-03 1.860515e-03
         vertex 1.572494e-01 -3.191644e-04 7.488492e-04
         vertex 1.064032e-01 -1.197566e-03 2.061133e-03
      endloop
   endfacet
   facet normal 3.137557e-02 -5.729221e-01 8.190090e-01
      outer loop
         vertex 1.072227e-01 -1.576060e-03 1.809525e-03
         vertex 1.072227e-01 -1.503169e-03 1.860515e-03
         vertex 5.719583e-02 -2.518260e-03 3.066917e-03
      endloop
   endfacet
   facet normal 3.094558e-02 -4.892057e-01 8.716193e-01
      outer loop
         vertex 5.719583e-02 -2.518260e-03 3.066917e-03
         vertex 1.072227e-01 -1.503169e-03 1.860515e-03
         vertex 1.064032e-01 -1.197566e-03 2.061133e-03
      endloop
   endfacet
   facet normal 3.094729e-02 -4.893169e-01 8.715568e-01
      outer loop
         vertex 5.719583e-02 -2.518260e-03 3.066917e-03
         vertex 1.064032e-01 -1.197566e-03 2.061133e-03
         vertex 5.555704e-02 -2.075969e-03 3.373422e-03
      endloop
   endfacet
   facet normal 3.094684e-02 -4.893181e-01 8.715561e-01
      outer loop
         vertex 5.719583e-02 -2.518260e-03 3.066917e-03
         vertex 5.555704e-02 -2.075969e-03 3.373422e-03
         vertex 1.780344e-02 -2.963466e-03 4.215693e-03
      endloop
   endfacet
   facet normal 3.139026e-02 -5.894373e-01 8.072040e-01
      outer loop
         vertex 5.719583e-02 -2.518260e-03 3.066917e-03
         vertex 5.578334e-03 -3.490459e-03 4.364280e-03
         vertex 5.578334e-03 -3.600459e-03 4.283955e-03
      endloop
   endfacet
   facet normal 3.103090e-02 -4.713359e-01 8.814077e-01
      outer loop
         vertex 1.780344e-02 -2.963466e-03 4.215693e-03
         vertex 5.578334e-03 -3.490459e-03 4.364280e-03
         vertex 5.719583e-02 -2.518260e-03 3.066917e-03
      endloop
   endfacet
   facet normal 3.094753e-02 -4.893810e-01 8.715208e-01
      outer loop
         vertex 1.780344e-02 -2.963466e-03 4.215693e-03
         vertex 5.555704e-02 -2.075969e-03 3.373422e-03
         vertex 1.698403e-02 -2.742366e-03 4.368943e-03
      endloop
   endfacet
   facet normal 3.138926e-02 -5.894373e-01 8.072040e-01
      outer loop
         vertex 5.578334e-03 -3.600459e-03 4.283955e-03
         vertex 5.578334e-03 -3.490459e-03 4.364280e-03
         vertex -4.603904e-02 -4.462565e-03 5.661642e-03
      endloop
   endfacet
   facet normal 3.103294e-02 -4.713916e-01 8.813778e-01
      outer loop
         vertex 1.780344e-02 -2.963466e-03 4.215693e-03
         vertex -2.158887e-02 -3.408870e-03 5.364462e-03
         vertex 5.578334e-03 -3.490459e-03 4.364280e-03
      endloop
   endfacet
   facet normal 3.139020e-02 -5.891008e-01 8.074496e-01
      outer loop
         vertex 5.578334e-03 -3.600459e-03 4.283955e-03
         vertex -4.603904e-02 -4.462565e-03 5.661642e-03
         vertex -4.603918e-02 -4.682765e-03 5.500993e-03
      endloop
   endfacet
   facet normal 3.094891e-02 -4.893773e-01 8.715228e-01
      outer loop
         vertex -2.158887e-02 -3.408870e-03 5.364462e-03
         vertex 1.780344e-02 -2.963466e-03 4.215693e-03
         vertex 1.698403e-02 -2.742366e-03 4.368943e-03
      endloop
   endfacet
   facet normal 2.975958e-02 -2.966018e-01 9.545374e-01
      outer loop
         vertex 5.555704e-02 -2.075969e-03 3.373422e-03
         vertex 1.603464e-02 -2.448467e-03 4.489865e-03
         vertex 1.698403e-02 -2.742366e-03 4.368943e-03
      endloop
   endfacet
   facet normal 3.103090e-02 -4.714815e-01 8.813298e-01
      outer loop
         vertex -2.158887e-02 -3.408870e-03 5.364462e-03
         vertex -4.603904e-02 -4.462565e-03 5.661642e-03
         vertex 5.578334e-03 -3.490459e-03 4.364280e-03
      endloop
   endfacet
   facet normal 3.138988e-02 -5.891008e-01 8.074496e-01
      outer loop
         vertex -4.603918e-02 -4.682765e-03 5.500993e-03
         vertex -4.603904e-02 -4.462565e-03 5.661642e-03
         vertex -9.765657e-02 -5.434764e-03 6.958992e-03
      endloop
   endfacet
   facet normal 3.138934e-02 -5.891895e-01 8.073849e-01
      outer loop
         vertex -9.765667e-02 -5.764965e-03 6.718032e-03
         vertex -4.603918e-02 -4.682765e-03 5.500993e-03
         vertex -9.765657e-02 -5.434764e-03 6.958992e-03
      endloop
   endfacet
   facet normal 2.976041e-02 -2.965994e-01 9.545382e-01
      outer loop
         vertex 1.603464e-02 -2.448467e-03 4.489865e-03
         vertex -2.158887e-02 -3.408870e-03 5.364462e-03
         vertex 1.698403e-02 -2.742366e-03 4.368943e-03
      endloop
   endfacet
   facet normal 3.103072e-02 -4.714765e-01 8.813325e-01
      outer loop
         vertex -5.962266e-02 -4.421764e-03 6.161733e-03
         vertex -4.603904e-02 -4.462565e-03 5.661642e-03
         vertex -2.158887e-02 -3.408870e-03 5.364462e-03
      endloop
   endfacet
   facet normal 3.103129e-02 -4.714513e-01 8.813460e-01
      outer loop
         vertex -9.765657e-02 -5.434764e-03 6.958992e-03
         vertex -4.603904e-02 -4.462565e-03 5.661642e-03
         vertex -5.962266e-02 -4.421764e-03 6.161733e-03
      endloop
   endfacet
   facet normal -9.998818e-01 -8.870827e-03 1.255808e-02
      outer loop
         vertex -9.765667e-02 -5.764965e-03 6.718032e-03
         vertex -9.765657e-02 -5.434764e-03 6.958992e-03
         vertex -9.765825e-02 -4.722972e-03 7.327722e-03
      endloop
   endfacet
   facet normal 2.975891e-02 -2.965176e-01 9.545636e-01
      outer loop
         vertex -2.348765e-02 -2.820857e-03 5.606313e-03
         vertex -2.158887e-02 -3.408870e-03 5.364462e-03
         vertex 1.603464e-02 -2.448467e-03 4.489865e-03
      endloop
   endfacet
   facet normal -9.998878e-01 -8.668891e-03 1.221295e-02
      outer loop
         vertex -9.766207e-02 -3.983364e-03 7.540392e-03
         vertex -9.765667e-02 -5.764965e-03 6.718032e-03
         vertex -9.765825e-02 -4.722972e-03 7.327722e-03
      endloop
   endfacet
   facet normal 3.084533e-02 -4.595826e-01 8.875992e-01
      outer loop
         vertex -5.962346e-02 -4.065761e-03 6.346092e-03
         vertex -5.962266e-02 -4.421764e-03 6.161733e-03
         vertex -2.158887e-02 -3.408870e-03 5.364462e-03
      endloop
   endfacet
   facet normal 3.084811e-02 -4.597000e-01 8.875383e-01
      outer loop
         vertex -9.765657e-02 -5.434764e-03 6.958992e-03
         vertex -5.962266e-02 -4.421764e-03 6.161733e-03
         vertex -9.765825e-02 -4.722972e-03 7.327722e-03
      endloop
   endfacet
   facet normal 2.975738e-02 -2.965220e-01 9.545623e-01
      outer loop
         vertex -2.348765e-02 -2.820857e-03 5.606313e-03
         vertex -5.962346e-02 -4.065761e-03 6.346092e-03
         vertex -2.158887e-02 -3.408870e-03 5.364462e-03
      endloop
   endfacet
   facet normal 2.937625e-02 -2.760864e-01 9.606838e-01
      outer loop
         vertex -9.765825e-02 -4.722972e-03 7.327722e-03
         vertex -6.057286e-02 -3.771968e-03 6.467012e-03
         vertex -9.766207e-02 -3.983364e-03 7.540392e-03
      endloop
   endfacet
   facet normal 3.084904e-02 -4.595825e-01 8.875991e-01
      outer loop
         vertex -9.765825e-02 -4.722972e-03 7.327722e-03
         vertex -5.962266e-02 -4.421764e-03 6.161733e-03
         vertex -5.962346e-02 -4.065761e-03 6.346092e-03
      endloop
   endfacet
   facet normal 2.976193e-02 -2.966842e-01 9.545118e-01
      outer loop
         vertex -6.057286e-02 -3.771968e-03 6.467012e-03
         vertex -5.962346e-02 -4.065761e-03 6.346092e-03
         vertex -2.348765e-02 -2.820857e-03 5.606313e-03
      endloop
   endfacet
   facet normal 2.976124e-02 -2.966862e-01 9.545112e-01
      outer loop
         vertex -9.765825e-02 -4.722972e-03 7.327722e-03
         vertex -5.962346e-02 -4.065761e-03 6.346092e-03
         vertex -6.057286e-02 -3.771968e-03 6.467012e-03
      endloop
   endfacet
   facet normal 3.126127e-02 -7.145459e-01 6.988898e-01
      outer loop
         vertex 5.775664e-02 -2.929867e-03 2.701880e-03
         vertex 5.951739e-03 -4.000667e-03 3.924321e-03
         vertex 5.774764e-02 -2.978267e-03 2.652798e-03
      endloop
   endfacet
   facet normal 3.126550e-02 -7.133064e-01 7.001546e-01
      outer loop
         vertex 5.775664e-02 -2.929867e-03 2.701880e-03
         vertex 5.951838e-03 -3.976558e-03 3.948878e-03
         vertex 5.951739e-03 -4.000667e-03 3.924321e-03
      endloop
   endfacet
   facet normal 3.125180e-02 -7.162945e-01 6.970979e-01
      outer loop
         vertex 5.951739e-03 -4.000667e-03 3.924321e-03
         vertex 5.945833e-03 -4.032771e-03 3.891598e-03
         vertex 5.774764e-02 -2.978267e-03 2.652798e-03
      endloop
   endfacet
   facet normal 3.132249e-02 -6.991945e-01 7.142450e-01
      outer loop
         vertex 5.951838e-03 -3.976558e-03 3.948878e-03
         vertex 5.946139e-03 -3.943858e-03 3.981139e-03
         vertex -4.585276e-02 -5.023463e-03 5.195872e-03
      endloop
   endfacet
   facet normal 3.126850e-02 -7.133063e-01 7.001545e-01
      outer loop
         vertex 5.951739e-03 -4.000667e-03 3.924321e-03
         vertex 5.951838e-03 -3.976558e-03 3.948878e-03
         vertex -4.585276e-02 -5.023463e-03 5.195872e-03
      endloop
   endfacet
   facet normal 3.125366e-02 -7.162947e-01 6.970977e-01
      outer loop
         vertex -4.585295e-02 -5.071361e-03 5.146752e-03
         vertex 5.945833e-03 -4.032771e-03 3.891598e-03
         vertex 5.951739e-03 -4.000667e-03 3.924321e-03
      endloop
   endfacet
   facet normal 3.132703e-02 -6.977128e-01 7.156923e-01
      outer loop
         vertex 5.946139e-03 -3.943858e-03 3.981139e-03
         vertex -4.585545e-02 -4.958064e-03 5.259852e-03
         vertex -4.585566e-02 -5.007167e-03 5.211992e-03
      endloop
   endfacet
   facet normal 3.132056e-02 -7.000974e-01 7.133601e-01
      outer loop
         vertex 5.946139e-03 -3.943858e-03 3.981139e-03
         vertex -4.585566e-02 -5.007167e-03 5.211992e-03
         vertex -4.585276e-02 -5.023463e-03 5.195872e-03
      endloop
   endfacet
   facet normal 3.125590e-02 -7.156663e-01 6.977426e-01
      outer loop
         vertex 5.951739e-03 -4.000667e-03 3.924321e-03
         vertex -4.585276e-02 -5.023463e-03 5.195872e-03
         vertex -4.585295e-02 -5.071361e-03 5.146752e-03
      endloop
   endfacet
   facet normal 3.125832e-02 -7.153264e-01 6.980910e-01
      outer loop
         vertex -4.585295e-02 -5.071361e-03 5.146752e-03
         vertex -4.585597e-02 -5.087459e-03 5.130392e-03
         vertex 5.945833e-03 -4.032771e-03 3.891598e-03
      endloop
   endfacet
   facet normal 3.132355e-02 -6.977129e-01 7.156924e-01
      outer loop
         vertex -4.585566e-02 -5.007167e-03 5.211992e-03
         vertex -4.585545e-02 -4.958064e-03 5.259852e-03
         vertex -9.765727e-02 -5.996562e-03 6.514642e-03
      endloop
   endfacet
   facet normal 3.131668e-02 -7.000979e-01 7.133598e-01
      outer loop
         vertex -4.585276e-02 -5.023463e-03 5.195872e-03
         vertex -4.585566e-02 -5.007167e-03 5.211992e-03
         vertex -9.765746e-02 -6.070171e-03 6.442863e-03
      endloop
   endfacet
   facet normal 3.125532e-02 -7.156663e-01 6.977427e-01
      outer loop
         vertex -4.585295e-02 -5.071361e-03 5.146752e-03
         vertex -4.585276e-02 -5.023463e-03 5.195872e-03
         vertex -9.765746e-02 -6.070171e-03 6.442863e-03
      endloop
   endfacet
   facet normal 3.125735e-02 -7.153264e-01 6.980911e-01
      outer loop
         vertex -9.765776e-02 -6.142071e-03 6.369192e-03
         vertex -4.585597e-02 -5.087459e-03 5.130392e-03
         vertex -4.585295e-02 -5.071361e-03 5.146752e-03
      endloop
   endfacet
   facet normal 3.132280e-02 -6.978513e-01 7.155574e-01
      outer loop
         vertex -9.765746e-02 -6.070171e-03 6.442863e-03
         vertex -4.585566e-02 -5.007167e-03 5.211992e-03
         vertex -9.765727e-02 -5.996562e-03 6.514642e-03
      endloop
   endfacet
   facet normal 3.125719e-02 -7.153734e-01 6.980429e-01
      outer loop
         vertex -9.765776e-02 -6.142071e-03 6.369192e-03
         vertex -4.585295e-02 -5.071361e-03 5.146752e-03
         vertex -9.765746e-02 -6.070171e-03 6.442863e-03
      endloop
   endfacet
   facet normal -9.999943e-01 3.288421e-03 -7.773113e-04
      outer loop
         vertex -9.765727e-02 -5.996562e-03 6.514642e-03
         vertex -9.765667e-02 -5.764965e-03 6.718032e-03
         vertex -9.765746e-02 -6.070171e-03 6.442863e-03
      endloop
   endfacet
   facet normal -9.998460e-01 -1.030607e-02 1.420412e-02
      outer loop
         vertex -9.765746e-02 -6.070171e-03 6.442863e-03
         vertex -9.765895e-02 -6.345562e-03 6.137632e-03
         vertex -9.765776e-02 -6.142071e-03 6.369192e-03
      endloop
   endfacet
   facet normal -9.998786e-01 -8.906023e-03 1.278612e-02
      outer loop
         vertex -9.766765e-02 -3.260265e-03 7.606722e-03
         vertex -9.768306e-02 -7.234569e-03 3.632988e-03
         vertex -9.765895e-02 -6.345562e-03 6.137632e-03
      endloop
   endfacet
   facet normal -9.998566e-01 -9.839172e-03 1.378292e-02
      outer loop
         vertex -9.765895e-02 -6.345562e-03 6.137632e-03
         vertex -9.765746e-02 -6.070171e-03 6.442863e-03
         vertex -9.765667e-02 -5.764965e-03 6.718032e-03
      endloop
   endfacet
   facet normal -9.998774e-01 -8.960708e-03 1.284080e-02
      outer loop
         vertex -9.767397e-02 -2.555263e-03 7.606722e-03
         vertex -9.768306e-02 -7.234569e-03 3.632988e-03
         vertex -9.766765e-02 -3.260265e-03 7.606722e-03
      endloop
   endfacet
   facet normal -9.998765e-01 -8.963672e-03 1.290720e-02
      outer loop
         vertex -9.765667e-02 -5.764965e-03 6.718032e-03
         vertex -9.766765e-02 -3.260265e-03 7.606722e-03
         vertex -9.765895e-02 -6.345562e-03 6.137632e-03
      endloop
   endfacet
   facet normal 2.937525e-02 -2.759990e-01 9.607089e-01
      outer loop
         vertex -2.348765e-02 -2.820857e-03 5.606313e-03
         vertex -6.057487e-02 -3.402064e-03 6.573342e-03
         vertex -6.057286e-02 -3.771968e-03 6.467012e-03
      endloop
   endfacet
   facet normal 2.595519e-02 2.326054e-04 9.996631e-01
      outer loop
         vertex -6.223414e-02 -2.758861e-03 6.686612e-03
         vertex -9.767397e-02 -2.555263e-03 7.606722e-03
         vertex -9.766765e-02 -3.260265e-03 7.606722e-03
      endloop
   endfacet
   facet normal -9.998804e-01 -8.878502e-03 1.266711e-02
      outer loop
         vertex -9.766765e-02 -3.260265e-03 7.606722e-03
         vertex -9.765667e-02 -5.764965e-03 6.718032e-03
         vertex -9.766207e-02 -3.983364e-03 7.540392e-03
      endloop
   endfacet
   facet normal 2.937648e-02 -2.759990e-01 9.607089e-01
      outer loop
         vertex -6.057286e-02 -3.771968e-03 6.467012e-03
         vertex -6.057487e-02 -3.402064e-03 6.573342e-03
         vertex -9.766207e-02 -3.983364e-03 7.540392e-03
      endloop
   endfacet
   facet normal 2.755297e-02 -1.040021e-01 9.941954e-01
      outer loop
         vertex -2.348765e-02 -2.820857e-03 5.606313e-03
         vertex -6.223414e-02 -2.758861e-03 6.686612e-03
         vertex -6.057487e-02 -3.402064e-03 6.573342e-03
      endloop
   endfacet
   facet normal 2.713883e-02 -9.110569e-02 9.954714e-01
      outer loop
         vertex -9.766207e-02 -3.983364e-03 7.540392e-03
         vertex -6.223414e-02 -2.758861e-03 6.686612e-03
         vertex -9.766765e-02 -3.260265e-03 7.606722e-03
      endloop
   endfacet
   facet normal 2.755376e-02 -1.040001e-01 9.941955e-01
      outer loop
         vertex -6.057487e-02 -3.402064e-03 6.573342e-03
         vertex -6.223414e-02 -2.758861e-03 6.686612e-03
         vertex -9.766207e-02 -3.983364e-03 7.540392e-03
      endloop
   endfacet
   facet normal -9.998752e-01 -9.158667e-03 1.287576e-02
      outer loop
         vertex -9.765895e-02 -6.345562e-03 6.137632e-03
         vertex -9.768306e-02 -7.234569e-03 3.632988e-03
         vertex -9.767436e-02 -7.168071e-03 4.356069e-03
      endloop
   endfacet
   facet normal 2.364817e-02 -9.955453e-01 9.127021e-02
      outer loop
         vertex -9.767436e-02 -7.168071e-03 4.356069e-03
         vertex -9.768306e-02 -7.234569e-03 3.632988e-03
         vertex -6.224846e-02 -6.451366e-03 2.994781e-03
      endloop
   endfacet
   facet normal -9.998792e-01 -8.887302e-03 1.275437e-02
      outer loop
         vertex -9.767397e-02 -2.555263e-03 7.606722e-03
         vertex -9.769206e-02 -7.234660e-03 2.927345e-03
         vertex -9.768306e-02 -7.234569e-03 3.632988e-03
      endloop
   endfacet
   facet normal -9.998786e-01 -8.915369e-03 1.278243e-02
      outer loop
         vertex -9.769206e-02 -7.234660e-03 2.927345e-03
         vertex -9.767397e-02 -2.555263e-03 7.606722e-03
         vertex -9.769987e-02 -7.234768e-03 2.316490e-03
      endloop
   endfacet
   facet normal 2.207205e-02 -9.996952e-01 1.105609e-02
      outer loop
         vertex -6.224846e-02 -6.451366e-03 2.994781e-03
         vertex -5.820176e-02 -6.369960e-03 2.276781e-03
         vertex -1.871156e-02 -5.505260e-03 1.626214e-03
      endloop
   endfacet
   facet normal 2.209464e-02 -9.997559e-01 -1.525008e-04
      outer loop
         vertex -9.769206e-02 -7.234660e-03 2.927345e-03
         vertex -6.224846e-02 -6.451366e-03 2.994781e-03
         vertex -9.768306e-02 -7.234569e-03 3.632988e-03
      endloop
   endfacet
   facet normal 2.189090e-02 -9.997604e-01 -1.045294e-04
      outer loop
         vertex -9.769987e-02 -7.234768e-03 2.316490e-03
         vertex -5.820568e-02 -6.369960e-03 1.971353e-03
         vertex -9.769206e-02 -7.234660e-03 2.927345e-03
      endloop
   endfacet
   facet normal 2.188672e-02 -9.997604e-01 -2.802986e-04
      outer loop
         vertex -1.871156e-02 -5.505260e-03 1.626214e-03
         vertex -5.820176e-02 -6.369960e-03 2.276781e-03
         vertex -5.820568e-02 -6.369960e-03 1.971353e-03
      endloop
   endfacet
   facet normal 2.207197e-02 -9.996953e-01 1.105567e-02
      outer loop
         vertex -9.769206e-02 -7.234660e-03 2.927345e-03
         vertex -5.820176e-02 -6.369960e-03 2.276781e-03
         vertex -6.224846e-02 -6.451366e-03 2.994781e-03
      endloop
   endfacet
   facet normal 2.188665e-02 -9.997604e-01 -2.802978e-04
      outer loop
         vertex -5.820568e-02 -6.369960e-03 1.971353e-03
         vertex -5.820176e-02 -6.369960e-03 2.276781e-03
         vertex -9.769206e-02 -7.234660e-03 2.927345e-03
      endloop
   endfacet
   facet normal 2.263684e-02 -9.986569e-01 4.660381e-02
      outer loop
         vertex -1.871156e-02 -5.505260e-03 1.626214e-03
         vertex 2.144654e-02 -4.635158e-03 7.653650e-04
         vertex 2.043724e-02 -4.647960e-03 9.812730e-04
      endloop
   endfacet
   facet normal 2.204382e-02 -9.995951e-01 1.799183e-02
      outer loop
         vertex -1.871156e-02 -5.505260e-03 1.626214e-03
         vertex -1.717346e-02 -5.480861e-03 1.097267e-03
         vertex 2.144654e-02 -4.635158e-03 7.653650e-04
      endloop
   endfacet
   facet normal 2.204693e-02 -9.995881e-01 1.837039e-02
      outer loop
         vertex 2.144654e-02 -4.635158e-03 7.653650e-04
         vertex -1.717346e-02 -5.480861e-03 1.097267e-03
         vertex 2.221554e-02 -4.623057e-03 5.008911e-04
      endloop
   endfacet
   facet normal 2.216089e-02 -9.994124e-01 2.615038e-02
      outer loop
         vertex -1.717346e-02 -5.480861e-03 1.097267e-03
         vertex 2.319404e-02 -4.606258e-03 3.136991e-04
         vertex 2.221554e-02 -4.623057e-03 5.008911e-04
      endloop
   endfacet
   facet normal 2.186283e-02 -9.997057e-01 1.050870e-02
      outer loop
         vertex -9.770665e-02 -7.234768e-03 1.782634e-03
         vertex -5.668464e-02 -6.343669e-03 1.209659e-03
         vertex -5.744004e-02 -6.357769e-03 1.439947e-03
      endloop
   endfacet
   facet normal 2.185962e-02 -9.997080e-01 1.029966e-02
      outer loop
         vertex -1.717346e-02 -5.480861e-03 1.097267e-03
         vertex -1.566266e-02 -5.452571e-03 6.366872e-04
         vertex 2.319404e-02 -4.606258e-03 3.136991e-04
      endloop
   endfacet
   facet normal 2.186051e-02 -9.997059e-01 1.050106e-02
      outer loop
         vertex -5.668464e-02 -6.343669e-03 1.209659e-03
         vertex -1.717346e-02 -5.480861e-03 1.097267e-03
         vertex -5.744004e-02 -6.357769e-03 1.439947e-03
      endloop
   endfacet
   facet normal 2.185998e-02 -9.997080e-01 1.030085e-02
      outer loop
         vertex -1.566266e-02 -5.452571e-03 6.366872e-04
         vertex -1.717346e-02 -5.480861e-03 1.097267e-03
         vertex -5.668464e-02 -6.343669e-03 1.209659e-03
      endloop
   endfacet
   facet normal 2.180740e-02 -9.997258e-01 8.526601e-03
      outer loop
         vertex 5.772093e-02 -3.861461e-03 -7.381188e-04
         vertex 9.657944e-02 -3.018062e-03 -1.234836e-03
         vertex 6.356194e-02 -3.731761e-03 -4.698726e-04
      endloop
   endfacet
   facet normal 2.159075e-02 -9.997313e-01 -8.431568e-03
      outer loop
         vertex 5.772093e-02 -3.861461e-03 -7.381188e-04
         vertex 6.361833e-02 -3.730663e-03 -1.145374e-03
         vertex 9.657944e-02 -3.018062e-03 -1.234836e-03
      endloop
   endfacet
   facet normal 2.182753e-02 -9.997290e-01 8.089934e-03
      outer loop
         vertex 6.356194e-02 -3.731761e-03 -4.698726e-04
         vertex 2.394953e-02 -4.592159e-03 8.340821e-05
         vertex 5.772093e-02 -3.861461e-03 -7.381188e-04
      endloop
   endfacet
   facet normal 2.158771e-02 -9.997310e-01 -8.475480e-03
      outer loop
         vertex 6.361833e-02 -3.730663e-03 -1.145374e-03
         vertex 5.772093e-02 -3.861461e-03 -7.381188e-04
         vertex 1.886224e-02 -4.704768e-03 -2.413990e-04
      endloop
   endfacet
   facet normal 2.183460e-02 -9.997265e-01 8.383014e-03
      outer loop
         vertex 5.772093e-02 -3.861461e-03 -7.381188e-04
         vertex 2.394953e-02 -4.592159e-03 8.340821e-05
         vertex 2.102904e-02 -4.657069e-03 -5.071559e-05
      endloop
   endfacet
   facet normal 2.173618e-02 -9.997590e-01 3.091966e-03
      outer loop
         vertex 5.772093e-02 -3.861461e-03 -7.381188e-04
         vertex 2.102904e-02 -4.657069e-03 -5.071559e-05
         vertex 1.886224e-02 -4.704768e-03 -2.413990e-04
      endloop
   endfacet
   facet normal 2.183263e-02 -9.997261e-01 8.425824e-03
      outer loop
         vertex 2.102904e-02 -4.657069e-03 -5.071559e-05
         vertex 2.394953e-02 -4.592159e-03 8.340821e-05
         vertex -1.566266e-02 -5.452571e-03 6.366872e-04
      endloop
   endfacet
   facet normal 2.173390e-02 -9.997589e-01 3.117906e-03
      outer loop
         vertex 1.886224e-02 -4.704768e-03 -2.413990e-04
         vertex 2.102904e-02 -4.657069e-03 -5.071559e-05
         vertex -1.566266e-02 -5.452571e-03 6.366872e-04
      endloop
   endfacet
   facet normal 2.127862e-02 -9.987386e-01 -4.548058e-02
      outer loop
         vertex 6.159914e-02 -3.764964e-03 -1.477717e-03
         vertex 2.220613e-02 -4.622966e-03 -1.066753e-03
         vertex 5.955584e-02 -3.791072e-03 -1.860377e-03
      endloop
   endfacet
   facet normal 2.139363e-02 -9.994110e-01 -2.683070e-02
      outer loop
         vertex 6.361833e-02 -3.730663e-03 -1.145374e-03
         vertex 2.399774e-02 -4.591167e-03 -6.843688e-04
         vertex 6.159914e-02 -3.764964e-03 -1.477717e-03
      endloop
   endfacet
   facet normal 2.166129e-02 -9.997068e-01 -1.082100e-02
      outer loop
         vertex 2.298804e-02 -4.608364e-03 -8.505389e-04
         vertex 2.220613e-02 -4.622966e-03 -1.066753e-03
         vertex 6.159914e-02 -3.764964e-03 -1.477717e-03
      endloop
   endfacet
   facet normal 2.165052e-02 -9.997511e-01 -5.387150e-03
      outer loop
         vertex 1.886224e-02 -4.704768e-03 -2.413990e-04
         vertex 2.399774e-02 -4.591167e-03 -6.843688e-04
         vertex 6.361833e-02 -3.730663e-03 -1.145374e-03
      endloop
   endfacet
   facet normal 2.166134e-02 -9.997068e-01 -1.082117e-02
      outer loop
         vertex -1.562286e-02 -5.451762e-03 -2.233616e-04
         vertex 2.220613e-02 -4.622966e-03 -1.066753e-03
         vertex 2.298804e-02 -4.608364e-03 -8.505389e-04
      endloop
   endfacet
   facet normal 2.139873e-02 -9.994172e-01 -2.659555e-02
      outer loop
         vertex 6.159914e-02 -3.764964e-03 -1.477717e-03
         vertex 2.399774e-02 -4.591167e-03 -6.843688e-04
         vertex 2.298804e-02 -4.608364e-03 -8.505389e-04
      endloop
   endfacet
   facet normal 2.165316e-02 -9.997512e-01 -5.356634e-03
      outer loop
         vertex -1.562286e-02 -5.451762e-03 -2.233616e-04
         vertex 2.399774e-02 -4.591167e-03 -6.843688e-04
         vertex 1.886224e-02 -4.704768e-03 -2.413990e-04
      endloop
   endfacet
   facet normal 2.139877e-02 -9.994172e-01 -2.659582e-02
      outer loop
         vertex 2.298804e-02 -4.608364e-03 -8.505389e-04
         vertex 2.399774e-02 -4.591167e-03 -6.843688e-04
         vertex -1.562286e-02 -5.451762e-03 -2.233616e-04
      endloop
   endfacet
   facet normal 2.187620e-02 -9.993679e-01 -2.802145e-02
      outer loop
         vertex -1.874885e-02 -5.505565e-03 -1.148585e-03
         vertex 1.131764e-02 -4.824672e-03 -1.959456e-03
         vertex 1.541184e-02 -4.742366e-03 -1.698532e-03
      endloop
   endfacet
   facet normal 2.171487e-02 -9.997642e-01 -2.786915e-04
      outer loop
         vertex -5.667498e-02 -6.343258e-03 -1.945892e-05
         vertex -5.667146e-02 -6.343258e-03 2.542604e-04
         vertex -9.772005e-02 -7.234966e-03 7.318862e-04
      endloop
   endfacet
   facet normal 2.127204e-02 -9.977661e-01 -6.332674e-02
      outer loop
         vertex 1.541184e-02 -4.742366e-03 -1.698532e-03
         vertex 2.040334e-02 -4.648265e-03 -1.504478e-03
         vertex -1.874885e-02 -5.505565e-03 -1.148585e-03
      endloop
   endfacet
   facet normal 2.170969e-02 -9.997643e-01 -2.786249e-04
      outer loop
         vertex -1.562286e-02 -5.451762e-03 -2.233616e-04
         vertex -5.667146e-02 -6.343258e-03 2.542604e-04
         vertex -5.667498e-02 -6.343258e-03 -1.945892e-05
      endloop
   endfacet
   facet normal 2.171488e-02 -9.997642e-01 -2.783921e-04
      outer loop
         vertex -9.772707e-02 -7.234966e-03 1.844400e-04
         vertex -5.667498e-02 -6.343258e-03 -1.945892e-05
         vertex -9.772005e-02 -7.234966e-03 7.318862e-04
      endloop
   endfacet
   facet normal 2.171527e-02 -9.995846e-01 -1.894677e-02
      outer loop
         vertex -1.874885e-02 -5.505565e-03 -1.148585e-03
         vertex 2.040334e-02 -4.648265e-03 -1.504478e-03
         vertex -1.718667e-02 -5.480968e-03 -6.557910e-04
      endloop
   endfacet
   facet normal 2.165621e-02 -9.997072e-01 -1.079563e-02
      outer loop
         vertex -1.562286e-02 -5.451762e-03 -2.233616e-04
         vertex -5.667498e-02 -6.343258e-03 -1.945892e-05
         vertex -1.718667e-02 -5.480968e-03 -6.557910e-04
      endloop
   endfacet
   facet normal 2.166382e-02 -9.997119e-01 -1.033069e-02
      outer loop
         vertex -9.772707e-02 -7.234966e-03 1.844400e-04
         vertex -5.745687e-02 -6.357967e-03 -2.356741e-04
         vertex -5.667498e-02 -6.343258e-03 -1.945892e-05
      endloop
   endfacet
   facet normal 2.171369e-02 -9.995848e-01 -1.894175e-02
      outer loop
         vertex -1.718667e-02 -5.480968e-03 -6.557910e-04
         vertex -5.746086e-02 -6.357967e-03 -5.431939e-04
         vertex -1.874885e-02 -5.505565e-03 -1.148585e-03
      endloop
   endfacet
   facet normal 2.166381e-02 -9.997119e-01 -1.033065e-02
      outer loop
         vertex -5.667498e-02 -6.343258e-03 -1.945892e-05
         vertex -5.745687e-02 -6.357967e-03 -2.356741e-04
         vertex -1.718667e-02 -5.480968e-03 -6.557910e-04
      endloop
   endfacet
   facet normal 2.176975e-02 -9.997630e-01 -2.829698e-04
      outer loop
         vertex -5.746086e-02 -6.357967e-03 -5.431939e-04
         vertex -5.745687e-02 -6.357967e-03 -2.356741e-04
         vertex -9.772707e-02 -7.234966e-03 1.844400e-04
      endloop
   endfacet
   facet normal 2.176974e-02 -9.997630e-01 -2.829697e-04
      outer loop
         vertex -1.718667e-02 -5.480968e-03 -6.557910e-04
         vertex -5.745687e-02 -6.357967e-03 -2.356741e-04
         vertex -5.746086e-02 -6.357967e-03 -5.431939e-04
      endloop
   endfacet
   facet normal 2.209606e-02 -9.997558e-01 -1.302266e-04
      outer loop
         vertex -6.230468e-02 -6.451869e-03 -1.403233e-03
         vertex -9.773497e-02 -7.235057e-03 -4.305989e-04
         vertex -9.774397e-02 -7.235164e-03 -1.135488e-03
      endloop
   endfacet
   facet normal -9.998787e-01 -8.914528e-03 1.277098e-02
      outer loop
         vertex -9.782286e-02 -3.984767e-03 -5.042897e-03
         vertex -9.774397e-02 -7.235164e-03 -1.135488e-03
         vertex -9.783015e-02 -3.261669e-03 -5.109231e-03
      endloop
   endfacet
   facet normal -9.998787e-01 -8.917299e-03 1.276821e-02
      outer loop
         vertex -9.774397e-02 -7.235164e-03 -1.135488e-03
         vertex -9.773497e-02 -7.235057e-03 -4.305989e-04
         vertex -9.783015e-02 -3.261669e-03 -5.109231e-03
      endloop
   endfacet
   facet normal 1.689411e-03 -9.133573e-02 -9.958187e-01
      outer loop
         vertex -9.782286e-02 -3.984767e-03 -5.042897e-03
         vertex -9.783015e-02 -3.261669e-03 -5.109231e-03
         vertex -6.238475e-02 -2.760265e-03 -5.095086e-03
      endloop
   endfacet
   facet normal -9.998782e-01 -8.855251e-03 1.285270e-02
      outer loop
         vertex -9.773497e-02 -7.235057e-03 -4.305989e-04
         vertex -9.772707e-02 -7.234966e-03 1.844400e-04
         vertex -9.784196e-02 -1.945064e-03 -5.109233e-03
      endloop
   endfacet
   facet normal -9.998788e-01 -8.951787e-03 1.273892e-02
      outer loop
         vertex -9.783647e-02 -2.555965e-03 -5.109232e-03
         vertex -9.783015e-02 -3.261669e-03 -5.109231e-03
         vertex -9.773497e-02 -7.235057e-03 -4.305989e-04
      endloop
   endfacet
   facet normal 3.990305e-04 2.252769e-06 -9.999999e-01
      outer loop
         vertex -9.783647e-02 -2.555965e-03 -5.109232e-03
         vertex -6.238475e-02 -2.760265e-03 -5.095086e-03
         vertex -9.783015e-02 -3.261669e-03 -5.109231e-03
      endloop
   endfacet
   facet normal -9.998789e-01 -8.987386e-03 1.270332e-02
      outer loop
         vertex -9.783647e-02 -2.555965e-03 -5.109232e-03
         vertex -9.773497e-02 -7.235057e-03 -4.305989e-04
         vertex -9.784196e-02 -1.945064e-03 -5.109233e-03
      endloop
   endfacet
   facet normal 2.818193e-04 -1.826183e-02 -9.998332e-01
      outer loop
         vertex -9.784196e-02 -1.945064e-03 -5.109233e-03
         vertex -5.756715e-02 -1.490962e-03 -5.106175e-03
         vertex -5.833726e-02 -1.752467e-03 -5.101616e-03
      endloop
   endfacet
   facet normal 3.343189e-04 -1.122261e-02 -9.999370e-01
      outer loop
         vertex -9.783647e-02 -2.555965e-03 -5.109232e-03
         vertex -5.833456e-02 -2.057872e-03 -5.101615e-03
         vertex -6.238475e-02 -2.760265e-03 -5.095086e-03
      endloop
   endfacet
   facet normal 1.928188e-04 2.086431e-07 -1.000000e+00
      outer loop
         vertex -9.784196e-02 -1.945064e-03 -5.109233e-03
         vertex -5.833726e-02 -1.752467e-03 -5.101616e-03
         vertex -9.783647e-02 -2.555965e-03 -5.109232e-03
      endloop
   endfacet
   facet normal 2.818337e-04 -1.826187e-02 -9.998332e-01
      outer loop
         vertex -5.756715e-02 -1.490962e-03 -5.106175e-03
         vertex -1.883265e-02 -1.559764e-03 -5.094000e-03
         vertex -5.833726e-02 -1.752467e-03 -5.101616e-03
      endloop
   endfacet
   facet normal 3.342857e-04 -1.122242e-02 -9.999370e-01
      outer loop
         vertex -6.238475e-02 -2.760265e-03 -5.095086e-03
         vertex -5.833456e-02 -2.057872e-03 -5.101615e-03
         vertex -1.883265e-02 -1.559764e-03 -5.094000e-03
      endloop
   endfacet
   facet normal 1.928192e-04 1.851585e-07 -1.000000e+00
      outer loop
         vertex -5.833726e-02 -1.752467e-03 -5.101616e-03
         vertex -5.833456e-02 -2.057872e-03 -5.101615e-03
         vertex -9.783647e-02 -2.555965e-03 -5.109232e-03
      endloop
   endfacet
   facet normal 1.927839e-04 1.848455e-07 -1.000000e+00
      outer loop
         vertex -1.883265e-02 -1.559764e-03 -5.094000e-03
         vertex -5.833456e-02 -2.057872e-03 -5.101615e-03
         vertex -5.833726e-02 -1.752467e-03 -5.101616e-03
      endloop
   endfacet
   facet normal -9.937512e-05 2.656799e-02 -9.996470e-01
      outer loop
         vertex 6.352654e-02 8.938335e-04 -5.106435e-03
         vertex 9.892794e-02 1.479832e-03 -5.094380e-03
         vertex 9.993713e-02 1.309834e-03 -5.098998e-03
      endloop
   endfacet
   facet normal -3.797854e-04 5.109397e-02 -9.986938e-01
      outer loop
         vertex 9.993713e-02 1.309834e-03 -5.098998e-03
         vertex 1.006831e-01 1.182637e-03 -5.105789e-03
         vertex 6.352654e-02 8.938335e-04 -5.106435e-03
      endloop
   endfacet
   facet normal -9.929020e-05 2.656849e-02 -9.996470e-01
      outer loop
         vertex 9.993713e-02 1.309834e-03 -5.098998e-03
         vertex 9.892794e-02 1.479832e-03 -5.094380e-03
         vertex 1.363477e-01 1.725727e-03 -5.091561e-03
      endloop
   endfacet
   facet normal -7.183685e-05 1.147694e-02 -9.999341e-01
      outer loop
         vertex 6.352654e-02 8.938335e-04 -5.106435e-03
         vertex 1.006831e-01 1.182637e-03 -5.105789e-03
         vertex 9.649544e-02 8.560375e-04 -5.109237e-03
      endloop
   endfacet
   facet normal -3.796329e-04 5.109486e-02 -9.986937e-01
      outer loop
         vertex 1.363477e-01 1.725727e-03 -5.091561e-03
         vertex 1.006831e-01 1.182637e-03 -5.105789e-03
         vertex 9.993713e-02 1.309834e-03 -5.098998e-03
      endloop
   endfacet
   facet normal -7.189210e-05 1.147765e-02 -9.999341e-01
      outer loop
         vertex 9.649544e-02 8.560375e-04 -5.109237e-03
         vertex 1.006831e-01 1.182637e-03 -5.105789e-03
         vertex 1.378399e-01 1.471440e-03 -5.105146e-03
      endloop
   endfacet
   facet normal -1.478753e-04 1.658195e-02 -9.998625e-01
      outer loop
         vertex 1.378399e-01 1.471440e-03 -5.105146e-03
         vertex 1.353648e-01 1.202641e-03 -5.109238e-03
         vertex 9.649544e-02 8.560375e-04 -5.109237e-03
      endloop
   endfacet
   facet normal -3.800560e-04 5.112261e-02 -9.986923e-01
      outer loop
         vertex 1.378399e-01 1.471440e-03 -5.105146e-03
         vertex 1.006831e-01 1.182637e-03 -5.105789e-03
         vertex 1.363477e-01 1.725727e-03 -5.091561e-03
      endloop
   endfacet
   facet normal 1.879387e-04 -1.676452e-02 -9.998594e-01
      outer loop
         vertex 1.377965e-01 9.695324e-04 -5.104872e-03
         vertex 1.006318e-01 5.940288e-04 -5.105562e-03
         vertex 1.353648e-01 1.202641e-03 -5.109238e-03
      endloop
   endfacet
   facet normal -1.479300e-04 1.658245e-02 -9.998625e-01
      outer loop
         vertex 1.378399e-01 1.471440e-03 -5.105146e-03
         vertex 1.571592e-01 1.397038e-03 -5.109238e-03
         vertex 1.353648e-01 1.202641e-03 -5.109238e-03
      endloop
   endfacet
   facet normal -1.479061e-04 1.658865e-02 -9.998624e-01
      outer loop
         vertex 1.571585e-01 1.471241e-03 -5.108007e-03
         vertex 1.571592e-01 1.397038e-03 -5.109238e-03
         vertex 1.378399e-01 1.471440e-03 -5.105146e-03
      endloop
   endfacet
   facet normal -1.479060e-04 1.659668e-02 -9.998623e-01
      outer loop
         vertex 1.571582e-01 1.512730e-03 -5.107318e-03
         vertex 1.571585e-01 1.471241e-03 -5.108007e-03
         vertex 1.378399e-01 1.471440e-03 -5.105146e-03
      endloop
   endfacet
   facet normal -3.798292e-04 5.112393e-02 -9.986922e-01
      outer loop
         vertex 1.571556e-01 1.815235e-03 -5.094893e-03
         vertex 1.378399e-01 1.471440e-03 -5.105146e-03
         vertex 1.363477e-01 1.725727e-03 -5.091561e-03
      endloop
   endfacet
   facet normal 1.527815e-04 -1.713115e-02 -9.998532e-01
      outer loop
         vertex 1.571592e-01 1.397038e-03 -5.109238e-03
         vertex 1.377965e-01 9.695324e-04 -5.104872e-03
         vertex 1.353648e-01 1.202641e-03 -5.109238e-03
      endloop
   endfacet
   facet normal 9.998522e-01 9.195902e-03 1.452489e-02
      outer loop
         vertex 1.571585e-01 1.471241e-03 -5.108007e-03
         vertex 1.571599e-01 1.320439e-03 -5.107927e-03
         vertex 1.571592e-01 1.397038e-03 -5.109238e-03
      endloop
   endfacet
   facet normal 9.931711e-01 9.065014e-03 -1.163146e-01
      outer loop
         vertex 1.571582e-01 1.512730e-03 -5.107318e-03
         vertex 1.571599e-01 1.320439e-03 -5.107927e-03
         vertex 1.571585e-01 1.471241e-03 -5.108007e-03
      endloop
   endfacet
   facet normal -1.615512e-04 2.298743e-02 -9.997357e-01
      outer loop
         vertex 1.571572e-01 1.621739e-03 -5.104811e-03
         vertex 1.571582e-01 1.512730e-03 -5.107318e-03
         vertex 1.378399e-01 1.471440e-03 -5.105146e-03
      endloop
   endfacet
   facet normal -5.148569e-04 8.989672e-02 -9.959510e-01
      outer loop
         vertex 1.571541e-01 2.017628e-03 -5.075969e-03
         vertex 1.571553e-01 1.862339e-03 -5.089987e-03
         vertex 1.363477e-01 1.725727e-03 -5.091561e-03
      endloop
   endfacet
   facet normal -6.048791e-04 1.035928e-01 -9.946196e-01
      outer loop
         vertex 1.571553e-01 1.862339e-03 -5.089987e-03
         vertex 1.571556e-01 1.815235e-03 -5.094893e-03
         vertex 1.363477e-01 1.725727e-03 -5.091561e-03
      endloop
   endfacet
   facet normal -3.806318e-04 5.116896e-02 -9.986899e-01
      outer loop
         vertex 1.571562e-01 1.743931e-03 -5.098546e-03
         vertex 1.378399e-01 1.471440e-03 -5.105146e-03
         vertex 1.571556e-01 1.815235e-03 -5.094893e-03
      endloop
   endfacet
   facet normal -3.810883e-04 5.120128e-02 -9.986883e-01
      outer loop
         vertex 1.571562e-01 1.743931e-03 -5.098546e-03
         vertex 1.571572e-01 1.621739e-03 -5.104811e-03
         vertex 1.378399e-01 1.471440e-03 -5.105146e-03
      endloop
   endfacet
   facet normal 1.524279e-04 -1.711514e-02 -9.998535e-01
      outer loop
         vertex 1.571599e-01 1.320439e-03 -5.107927e-03
         vertex 1.377965e-01 9.695324e-04 -5.104872e-03
         vertex 1.571592e-01 1.397038e-03 -5.109238e-03
      endloop
   endfacet
   facet normal 9.987723e-01 8.900155e-03 -4.873109e-02
      outer loop
         vertex 1.571603e-01 1.277638e-03 -5.107192e-03
         vertex 1.571599e-01 1.320439e-03 -5.107927e-03
         vertex 1.571582e-01 1.512730e-03 -5.107318e-03
      endloop
   endfacet
   facet normal 9.999577e-01 9.172631e-03 -6.228987e-04
      outer loop
         vertex 1.571618e-01 1.121739e-03 -5.099917e-03
         vertex 1.571582e-01 1.512730e-03 -5.107318e-03
         vertex 1.571572e-01 1.621739e-03 -5.104811e-03
      endloop
   endfacet
   facet normal 9.998820e-01 8.901620e-03 -1.251811e-02
      outer loop
         vertex 1.571541e-01 2.017628e-03 -5.075969e-03
         vertex 1.571642e-01 8.771404e-04 -5.079995e-03
         vertex 1.571553e-01 1.862339e-03 -5.089987e-03
      endloop
   endfacet
   facet normal 9.994246e-01 1.001491e-02 -3.240720e-02
      outer loop
         vertex 1.571562e-01 1.743931e-03 -5.098546e-03
         vertex 1.571556e-01 1.815235e-03 -5.094893e-03
         vertex 1.571553e-01 1.862339e-03 -5.089987e-03
      endloop
   endfacet
   facet normal 9.998230e-01 9.015839e-03 -1.651495e-02
      outer loop
         vertex 1.571618e-01 1.121739e-03 -5.099917e-03
         vertex 1.571572e-01 1.621739e-03 -5.104811e-03
         vertex 1.571562e-01 1.743931e-03 -5.098546e-03
      endloop
   endfacet
   facet normal 1.531192e-04 -1.715328e-02 -9.998529e-01
      outer loop
         vertex 1.571599e-01 1.320439e-03 -5.107927e-03
         vertex 1.571603e-01 1.277638e-03 -5.107192e-03
         vertex 1.377965e-01 9.695324e-04 -5.104872e-03
      endloop
   endfacet
   facet normal 9.998695e-01 8.928824e-03 -1.346074e-02
      outer loop
         vertex 1.571618e-01 1.121739e-03 -5.099917e-03
         vertex 1.571603e-01 1.277638e-03 -5.107192e-03
         vertex 1.571582e-01 1.512730e-03 -5.107318e-03
      endloop
   endfacet
   facet normal 9.999188e-01 8.936734e-03 -9.088534e-03
      outer loop
         vertex 1.571553e-01 1.862339e-03 -5.089987e-03
         vertex 1.571642e-01 8.771404e-04 -5.079995e-03
         vertex 1.571630e-01 9.969381e-04 -5.093352e-03
      endloop
   endfacet
   facet normal 9.997862e-01 9.020120e-03 -1.860782e-02
      outer loop
         vertex 1.571618e-01 1.121739e-03 -5.099917e-03
         vertex 1.571562e-01 1.743931e-03 -5.098546e-03
         vertex 1.571553e-01 1.862339e-03 -5.089987e-03
      endloop
   endfacet
   facet normal 1.526473e-04 -1.712363e-02 -9.998534e-01
      outer loop
         vertex 1.571603e-01 1.277638e-03 -5.107192e-03
         vertex 1.571609e-01 1.207737e-03 -5.105995e-03
         vertex 1.377965e-01 9.695324e-04 -5.104872e-03
      endloop
   endfacet
   facet normal 9.993598e-01 7.924097e-03 -3.488697e-02
      outer loop
         vertex 1.571618e-01 1.121739e-03 -5.099917e-03
         vertex 1.571609e-01 1.207737e-03 -5.105995e-03
         vertex 1.571603e-01 1.277638e-03 -5.107192e-03
      endloop
   endfacet
   facet normal 9.998672e-01 8.953875e-03 -1.361445e-02
      outer loop
         vertex 1.571618e-01 1.121739e-03 -5.099917e-03
         vertex 1.571553e-01 1.862339e-03 -5.089987e-03
         vertex 1.571630e-01 9.969381e-04 -5.093352e-03
      endloop
   endfacet
   facet normal 3.694364e-04 -3.474491e-02 -9.993961e-01
      outer loop
         vertex 1.571609e-01 1.207737e-03 -5.105995e-03
         vertex 1.571613e-01 1.165135e-03 -5.104514e-03
         vertex 1.377965e-01 9.695324e-04 -5.104872e-03
      endloop
   endfacet
   facet normal 9.996120e-01 8.518081e-03 -2.651943e-02
      outer loop
         vertex 1.571618e-01 1.121739e-03 -5.099917e-03
         vertex 1.571613e-01 1.165135e-03 -5.104514e-03
         vertex 1.571609e-01 1.207737e-03 -5.105995e-03
      endloop
   endfacet
   facet normal 6.683523e-04 -5.252764e-02 -9.986192e-01
      outer loop
         vertex 1.571618e-01 1.121739e-03 -5.099917e-03
         vertex 1.571630e-01 9.969381e-04 -5.093352e-03
         vertex 1.377965e-01 9.695324e-04 -5.104872e-03
      endloop
   endfacet
   facet normal 1.082215e-03 -1.053197e-01 -9.944378e-01
      outer loop
         vertex 1.571613e-01 1.165135e-03 -5.104514e-03
         vertex 1.571618e-01 1.121739e-03 -5.099917e-03
         vertex 1.377965e-01 9.695324e-04 -5.104872e-03
      endloop
   endfacet
   facet normal -1.852298e-04 2.605601e-02 -9.996605e-01
      outer loop
         vertex 2.288584e-02 7.558325e-04 -5.102499e-03
         vertex 2.389504e-02 5.858348e-04 -5.107117e-03
         vertex -1.573636e-02 2.778367e-04 -5.107802e-03
      endloop
   endfacet
   facet normal 7.936299e-04 -2.788692e-02 -9.996108e-01
      outer loop
         vertex -1.883265e-02 -1.559764e-03 -5.094000e-03
         vertex -2.603625e-02 -2.246059e-03 -5.080573e-03
         vertex -6.238475e-02 -2.760265e-03 -5.095086e-03
      endloop
   endfacet
   facet normal -1.854444e-04 2.605474e-02 -9.996605e-01
      outer loop
         vertex 6.150834e-02 1.234029e-03 -5.097201e-03
         vertex 2.389504e-02 5.858348e-04 -5.107117e-03
         vertex 2.288584e-02 7.558325e-04 -5.102499e-03
      endloop
   endfacet
   facet normal 7.939372e-04 -2.789015e-02 -9.996107e-01
      outer loop
         vertex -1.883265e-02 -1.559764e-03 -5.094000e-03
         vertex 1.125024e-02 -1.718562e-03 -5.065676e-03
         vertex -2.603625e-02 -2.246059e-03 -5.080573e-03
      endloop
   endfacet
   facet normal -1.851207e-04 2.603596e-02 -9.996610e-01
      outer loop
         vertex 6.352654e-02 8.938335e-04 -5.106435e-03
         vertex 2.389504e-02 5.858348e-04 -5.107117e-03
         vertex 6.150834e-02 1.234029e-03 -5.097201e-03
      endloop
   endfacet
   facet normal 7.200099e-04 -4.180850e-02 -9.991254e-01
      outer loop
         vertex -1.883265e-02 -1.559764e-03 -5.094000e-03
         vertex 2.032774e-02 -1.065959e-03 -5.086442e-03
         vertex 1.125024e-02 -1.718562e-03 -5.065676e-03
      endloop
   endfacet
   facet normal -9.901758e-05 2.654640e-02 -9.996476e-01
      outer loop
         vertex 6.150834e-02 1.234029e-03 -5.097201e-03
         vertex 9.892794e-02 1.479832e-03 -5.094380e-03
         vertex 6.352654e-02 8.938335e-04 -5.106435e-03
      endloop
   endfacet
   facet normal -5.169002e-05 4.666720e-02 -9.989105e-01
      outer loop
         vertex 6.150834e-02 1.234029e-03 -5.097201e-03
         vertex 9.714253e-02 1.821431e-03 -5.071602e-03
         vertex 9.816344e-02 1.626332e-03 -5.080770e-03
      endloop
   endfacet
   facet normal 7.198563e-04 -4.180637e-02 -9.991255e-01
      outer loop
         vertex 1.125024e-02 -1.718562e-03 -5.065676e-03
         vertex 2.032774e-02 -1.065959e-03 -5.086442e-03
         vertex 5.948824e-02 -5.721704e-04 -5.078889e-03
      endloop
   endfacet
   facet normal 7.813378e-04 -4.667530e-02 -9.989098e-01
      outer loop
         vertex -1.883265e-02 -1.559764e-03 -5.094000e-03
         vertex 2.133794e-02 -8.539692e-04 -5.095558e-03
         vertex 2.032774e-02 -1.065959e-03 -5.086442e-03
      endloop
   endfacet
   facet normal -5.150410e-04 8.983704e-02 -9.959563e-01
      outer loop
         vertex 9.816344e-02 1.626332e-03 -5.080770e-03
         vertex 9.892794e-02 1.479832e-03 -5.094380e-03
         vertex 6.150834e-02 1.234029e-03 -5.097201e-03
      endloop
   endfacet
   facet normal -5.154772e-05 4.666794e-02 -9.989105e-01
      outer loop
         vertex 9.816344e-02 1.626332e-03 -5.080770e-03
         vertex 9.714253e-02 1.821431e-03 -5.071602e-03
         vertex 1.348188e-01 2.018437e-03 -5.064343e-03
      endloop
   endfacet
   facet normal 7.812007e-04 -4.667465e-02 -9.989098e-01
      outer loop
         vertex 2.133794e-02 -8.539692e-04 -5.095558e-03
         vertex 5.948824e-02 -5.721704e-04 -5.078889e-03
         vertex 2.032774e-02 -1.065959e-03 -5.086442e-03
      endloop
   endfacet
   facet normal -5.146746e-04 8.983894e-02 -9.959562e-01
      outer loop
         vertex 1.348188e-01 2.018437e-03 -5.064343e-03
         vertex 9.892794e-02 1.479832e-03 -5.094380e-03
         vertex 9.816344e-02 1.626332e-03 -5.080770e-03
      endloop
   endfacet
   facet normal 7.811664e-04 -4.667000e-02 -9.989101e-01
      outer loop
         vertex 6.150873e-02 -1.481582e-04 -5.097120e-03
         vertex 5.948824e-02 -5.721704e-04 -5.078889e-03
         vertex 2.133794e-02 -8.539692e-04 -5.095558e-03
      endloop
   endfacet
   facet normal 1.340276e-03 -9.109221e-02 -9.958416e-01
      outer loop
         vertex 5.948824e-02 -5.721704e-04 -5.078889e-03
         vertex 9.791794e-02 6.174170e-05 -5.085154e-03
         vertex 9.716173e-02 -9.727015e-05 -5.071626e-03
      endloop
   endfacet
   facet normal -5.158461e-04 8.991661e-02 -9.959492e-01
      outer loop
         vertex 1.363477e-01 1.725727e-03 -5.091561e-03
         vertex 9.892794e-02 1.479832e-03 -5.094380e-03
         vertex 1.348188e-01 2.018437e-03 -5.064343e-03
      endloop
   endfacet
   facet normal 5.921835e-04 -4.577125e-02 -9.989518e-01
      outer loop
         vertex 5.948824e-02 -5.721704e-04 -5.078889e-03
         vertex 6.150873e-02 -1.481582e-04 -5.097120e-03
         vertex 9.791794e-02 6.174170e-05 -5.085154e-03
      endloop
   endfacet
   facet normal 1.340853e-03 -9.109493e-02 -9.958413e-01
      outer loop
         vertex 9.791794e-02 6.174170e-05 -5.085154e-03
         vertex 1.348351e-01 3.778428e-04 -5.064362e-03
         vertex 9.716173e-02 -9.727015e-05 -5.071626e-03
      endloop
   endfacet
   facet normal -5.154720e-04 8.991855e-02 -9.959490e-01
      outer loop
         vertex 1.571536e-01 2.078831e-03 -5.070450e-03
         vertex 1.363477e-01 1.725727e-03 -5.091561e-03
         vertex 1.348188e-01 2.018437e-03 -5.064343e-03
      endloop
   endfacet
   facet normal -7.610088e-04 1.820015e-01 -9.832980e-01
      outer loop
         vertex 1.571532e-01 2.135136e-03 -5.060028e-03
         vertex 1.571536e-01 2.078831e-03 -5.070450e-03
         vertex 1.348188e-01 2.018437e-03 -5.064343e-03
      endloop
   endfacet
   facet normal 5.921967e-04 -4.577355e-02 -9.989517e-01
      outer loop
         vertex 9.791794e-02 6.174170e-05 -5.085154e-03
         vertex 6.150873e-02 -1.481582e-04 -5.097120e-03
         vertex 9.892813e-02 2.737316e-04 -5.094268e-03
      endloop
   endfacet
   facet normal 1.341547e-03 -9.117641e-02 -9.958339e-01
      outer loop
         vertex 1.363478e-01 6.956366e-04 -5.091420e-03
         vertex 1.348351e-01 3.778428e-04 -5.064362e-03
         vertex 9.791794e-02 6.174170e-05 -5.085154e-03
      endloop
   endfacet
   facet normal -5.137034e-04 8.981490e-02 -9.959583e-01
      outer loop
         vertex 1.571541e-01 2.017628e-03 -5.075969e-03
         vertex 1.363477e-01 1.725727e-03 -5.091561e-03
         vertex 1.571536e-01 2.078831e-03 -5.070450e-03
      endloop
   endfacet
   facet normal 9.999118e-01 8.960212e-03 -9.807035e-03
      outer loop
         vertex 1.571659e-01 7.114299e-04 -5.064834e-03
         vertex 1.571536e-01 2.078831e-03 -5.070450e-03
         vertex 1.571532e-01 2.135136e-03 -5.060028e-03
      endloop
   endfacet
   facet normal 5.921193e-04 -4.577318e-02 -9.989517e-01
      outer loop
         vertex 1.363478e-01 6.956366e-04 -5.091420e-03
         vertex 9.791794e-02 6.174170e-05 -5.085154e-03
         vertex 9.892813e-02 2.737316e-04 -5.094268e-03
      endloop
   endfacet
   facet normal 6.691688e-04 -5.260284e-02 -9.986153e-01
      outer loop
         vertex 6.150873e-02 -1.481582e-04 -5.097120e-03
         vertex 9.965254e-02 4.106339e-04 -5.100994e-03
         vertex 9.892813e-02 2.737316e-04 -5.094268e-03
      endloop
   endfacet
   facet normal 1.341095e-03 -9.117428e-02 -9.958340e-01
      outer loop
         vertex 1.363478e-01 6.956366e-04 -5.091420e-03
         vertex 1.571664e-01 6.593369e-04 -5.060060e-03
         vertex 1.348351e-01 3.778428e-04 -5.064362e-03
      endloop
   endfacet
   facet normal 9.999073e-01 8.958346e-03 -1.025152e-02
      outer loop
         vertex 1.571659e-01 7.114299e-04 -5.064834e-03
         vertex 1.571541e-01 2.017628e-03 -5.075969e-03
         vertex 1.571536e-01 2.078831e-03 -5.070450e-03
      endloop
   endfacet
   facet normal 6.690932e-04 -5.260244e-02 -9.986153e-01
      outer loop
         vertex 9.965254e-02 4.106339e-04 -5.100994e-03
         vertex 1.363478e-01 6.956366e-04 -5.091420e-03
         vertex 9.892813e-02 2.737316e-04 -5.094268e-03
      endloop
   endfacet
   facet normal 2.854857e-04 -2.641942e-02 -9.996509e-01
      outer loop
         vertex 1.377965e-01 9.695324e-04 -5.104872e-03
         vertex 9.965254e-02 4.106339e-04 -5.100994e-03
         vertex 1.006318e-01 5.940288e-04 -5.105562e-03
      endloop
   endfacet
   facet normal 1.340957e-03 -9.124795e-02 -9.958273e-01
      outer loop
         vertex 1.571659e-01 7.114299e-04 -5.064834e-03
         vertex 1.571664e-01 6.593369e-04 -5.060060e-03
         vertex 1.363478e-01 6.956366e-04 -5.091420e-03
      endloop
   endfacet
   facet normal 9.998386e-01 8.912118e-03 -1.560141e-02
      outer loop
         vertex 1.571659e-01 7.114299e-04 -5.064834e-03
         vertex 1.571642e-01 8.771404e-04 -5.079995e-03
         vertex 1.571541e-01 2.017628e-03 -5.075969e-03
      endloop
   endfacet
   facet normal 6.689359e-04 -5.258215e-02 -9.986164e-01
      outer loop
         vertex 1.377965e-01 9.695324e-04 -5.104872e-03
         vertex 1.363478e-01 6.956366e-04 -5.091420e-03
         vertex 9.965254e-02 4.106339e-04 -5.100994e-03
      endloop
   endfacet
   facet normal 1.340858e-03 -9.109377e-02 -9.958414e-01
      outer loop
         vertex 1.571642e-01 8.771404e-04 -5.079995e-03
         vertex 1.571659e-01 7.114299e-04 -5.064834e-03
         vertex 1.363478e-01 6.956366e-04 -5.091420e-03
      endloop
   endfacet
   facet normal 6.684728e-04 -5.257971e-02 -9.986165e-01
      outer loop
         vertex 1.377965e-01 9.695324e-04 -5.104872e-03
         vertex 1.571636e-01 9.303325e-04 -5.089844e-03
         vertex 1.363478e-01 6.956366e-04 -5.091420e-03
      endloop
   endfacet
   facet normal 2.126920e-03 -1.820361e-01 -9.832895e-01
      outer loop
         vertex 1.571636e-01 9.303325e-04 -5.089844e-03
         vertex 1.571642e-01 8.771404e-04 -5.079995e-03
         vertex 1.363478e-01 6.956366e-04 -5.091420e-03
      endloop
   endfacet
   facet normal 6.684438e-04 -5.259376e-02 -9.986158e-01
      outer loop
         vertex 1.571630e-01 9.969381e-04 -5.093352e-03
         vertex 1.571636e-01 9.303325e-04 -5.089844e-03
         vertex 1.377965e-01 9.695324e-04 -5.104872e-03
      endloop
   endfacet
   facet normal 9.998226e-01 8.050262e-03 -1.703061e-02
      outer loop
         vertex 1.571642e-01 8.771404e-04 -5.079995e-03
         vertex 1.571636e-01 9.303325e-04 -5.089844e-03
         vertex 1.571630e-01 9.969381e-04 -5.093352e-03
      endloop
   endfacet
   facet normal 3.319055e-03 9.926443e-01 -1.210221e-01
      outer loop
         vertex -2.365936e-02 5.090936e-03 -2.305988e-03
         vertex -2.605896e-02 5.175546e-03 -1.677814e-03
         vertex 1.122994e-02 5.016526e-03 -1.959469e-03
      endloop
   endfacet
   facet normal 3.309781e-03 9.926400e-01 -1.210570e-01
      outer loop
         vertex -2.605896e-02 5.175546e-03 -1.677814e-03
         vertex -2.365936e-02 5.090936e-03 -2.305988e-03
         vertex -6.240977e-02 5.330236e-03 -1.403248e-03
      endloop
   endfacet
   facet normal 3.714073e-03 9.945485e-01 -1.042085e-01
      outer loop
         vertex -2.365936e-02 5.090936e-03 -2.305988e-03
         vertex -6.076265e-02 5.252936e-03 -2.082279e-03
         vertex -6.240977e-02 5.330236e-03 -1.403248e-03
      endloop
   endfacet
   facet normal 3.554503e-03 9.958124e-01 -9.135130e-02
      outer loop
         vertex -9.786607e-02 5.415026e-03 -1.858569e-03
         vertex -9.785735e-02 5.481326e-03 -1.135505e-03
         vertex -6.240977e-02 5.330236e-03 -1.403248e-03
      endloop
   endfacet
   facet normal 2.371833e-03 9.545959e-01 -2.978942e-01
      outer loop
         vertex -5.981745e-02 5.152436e-03 -2.396805e-03
         vertex -6.076265e-02 5.252936e-03 -2.082279e-03
         vertex -2.365936e-02 5.090936e-03 -2.305988e-03
      endloop
   endfacet
   facet normal 3.716516e-03 9.945491e-01 -1.042027e-01
      outer loop
         vertex -6.240977e-02 5.330236e-03 -1.403248e-03
         vertex -6.076265e-02 5.252936e-03 -2.082279e-03
         vertex -9.786607e-02 5.415026e-03 -1.858569e-03
      endloop
   endfacet
   facet normal 2.374187e-03 9.545979e-01 -2.978878e-01
      outer loop
         vertex -9.786607e-02 5.415026e-03 -1.858569e-03
         vertex -6.076265e-02 5.252936e-03 -2.082279e-03
         vertex -5.981745e-02 5.152436e-03 -2.396805e-03
      endloop
   endfacet
   facet normal 2.718930e-03 9.609733e-01 -2.766278e-01
      outer loop
         vertex -9.786607e-02 5.415026e-03 -1.858569e-03
         vertex -5.981745e-02 5.152436e-03 -2.396805e-03
         vertex -9.787355e-02 5.202136e-03 -2.598200e-03
      endloop
   endfacet
   facet normal -9.998844e-01 -8.552215e-03 1.257411e-02
      outer loop
         vertex -9.787355e-02 5.202136e-03 -2.598200e-03
         vertex -9.787935e-02 4.833335e-03 -3.309975e-03
         vertex -9.786607e-02 5.415026e-03 -1.858569e-03
      endloop
   endfacet
   facet normal -9.998856e-01 -8.461883e-03 1.253792e-02
      outer loop
         vertex -9.786607e-02 5.415026e-03 -1.858569e-03
         vertex -9.787935e-02 4.833335e-03 -3.309975e-03
         vertex -9.788295e-02 4.317126e-03 -3.945353e-03
      endloop
   endfacet
   facet normal -9.998787e-01 -8.909158e-03 1.277319e-02
      outer loop
         vertex -9.788225e-02 2.969836e-03 -4.830250e-03
         vertex -9.786607e-02 5.415026e-03 -1.858569e-03
         vertex -9.788295e-02 4.317126e-03 -3.945353e-03
      endloop
   endfacet
   facet normal -9.998706e-01 -9.189976e-03 1.320075e-02
      outer loop
         vertex -9.788295e-02 4.317126e-03 -3.945353e-03
         vertex -9.788378e-02 4.011826e-03 -4.220535e-03
         vertex -9.788225e-02 2.969836e-03 -4.830250e-03
      endloop
   endfacet
   facet normal 6.193817e-05 2.967870e-01 -9.549437e-01
      outer loop
         vertex -6.077595e-02 2.680439e-03 -4.917785e-03
         vertex -5.982914e-02 2.991335e-03 -4.821100e-03
         vertex -2.366975e-02 2.391042e-03 -5.005320e-03
      endloop
   endfacet
   facet normal -9.998916e-01 -8.501905e-03 1.202480e-02
      outer loop
         vertex -9.788387e-02 3.681536e-03 -4.461494e-03
         vertex -9.788225e-02 2.969836e-03 -4.830250e-03
         vertex -9.788378e-02 4.011826e-03 -4.220535e-03
      endloop
   endfacet
   facet normal 6.119421e-05 2.967461e-01 -9.549564e-01
      outer loop
         vertex -2.366975e-02 2.391042e-03 -5.005320e-03
         vertex -5.982914e-02 2.991335e-03 -4.821100e-03
         vertex -2.177615e-02 3.012925e-03 -4.811952e-03
      endloop
   endfacet
   facet normal 6.193256e-05 2.967870e-01 -9.549437e-01
      outer loop
         vertex -9.788225e-02 2.969836e-03 -4.830250e-03
         vertex -5.982914e-02 2.991335e-03 -4.821100e-03
         vertex -6.077595e-02 2.680439e-03 -4.917785e-03
      endloop
   endfacet
   facet normal -4.711630e-05 4.600471e-01 -8.878945e-01
      outer loop
         vertex -9.788387e-02 3.681536e-03 -4.461494e-03
         vertex -5.982997e-02 3.347236e-03 -4.636725e-03
         vertex -9.788225e-02 2.969836e-03 -4.830250e-03
      endloop
   endfacet
   facet normal -4.753877e-05 4.599892e-01 -8.879245e-01
      outer loop
         vertex -5.982914e-02 2.991335e-03 -4.821100e-03
         vertex -5.982997e-02 3.347236e-03 -4.636725e-03
         vertex -2.177615e-02 3.012925e-03 -4.811952e-03
      endloop
   endfacet
   facet normal -4.638947e-05 4.599892e-01 -8.879245e-01
      outer loop
         vertex -9.788225e-02 2.969836e-03 -4.830250e-03
         vertex -5.982997e-02 3.347236e-03 -4.636725e-03
         vertex -5.982914e-02 2.991335e-03 -4.821100e-03
      endloop
   endfacet
   facet normal 2.003899e-04 1.387528e-01 -9.903270e-01
      outer loop
         vertex 1.457674e-02 2.474034e-03 -4.985953e-03
         vertex 1.121794e-02 1.909840e-03 -5.065680e-03
         vertex -2.366975e-02 2.391042e-03 -5.005320e-03
      endloop
   endfacet
   facet normal 2.000063e-04 1.387550e-01 -9.903267e-01
      outer loop
         vertex 5.282314e-02 2.557133e-03 -4.966585e-03
         vertex 1.121794e-02 1.909840e-03 -5.065680e-03
         vertex 1.457674e-02 2.474034e-03 -4.985953e-03
      endloop
   endfacet
   facet normal -2.156560e-04 1.648582e-01 -9.863173e-01
      outer loop
         vertex 5.282314e-02 2.557133e-03 -4.966585e-03
         vertex 4.948294e-02 2.051228e-03 -5.050415e-03
         vertex 1.121794e-02 1.909840e-03 -5.065680e-03
      endloop
   endfacet
   facet normal -2.147995e-04 1.648527e-01 -9.863182e-01
      outer loop
         vertex 8.876123e-02 2.196233e-03 -5.034733e-03
         vertex 4.948294e-02 2.051228e-03 -5.050415e-03
         vertex 5.282314e-02 2.557133e-03 -4.966585e-03
      endloop
   endfacet
   facet normal -2.147880e-04 1.648538e-01 -9.863180e-01
      outer loop
         vertex 5.282314e-02 2.557133e-03 -4.966585e-03
         vertex 9.095874e-02 2.451130e-03 -4.992608e-03
         vertex 8.876123e-02 2.196233e-03 -5.034733e-03
      endloop
   endfacet
   facet normal -2.148500e-04 1.648324e-01 -9.863216e-01
      outer loop
         vertex 9.095874e-02 2.451130e-03 -4.992608e-03
         vertex 5.282314e-02 2.557133e-03 -4.966585e-03
         vertex 1.049870e-01 2.530934e-03 -4.982327e-03
      endloop
   endfacet
   facet normal -2.153091e-04 1.648581e-01 -9.863173e-01
      outer loop
         vertex 8.876123e-02 2.196233e-03 -5.034733e-03
         vertex 9.095874e-02 2.451130e-03 -4.992608e-03
         vertex 1.290944e-01 2.345234e-03 -5.018632e-03
      endloop
   endfacet
   facet normal 2.725305e-03 -1.648526e-01 -9.863144e-01
      outer loop
         vertex 1.125024e-02 -1.718562e-03 -5.065676e-03
         vertex 4.951174e-02 -1.177364e-03 -5.050411e-03
         vertex 5.286043e-02 -1.623561e-03 -4.966580e-03
      endloop
   endfacet
   facet normal 1.384916e-03 -6.977281e-02 -9.975619e-01
      outer loop
         vertex 5.948824e-02 -5.721704e-04 -5.078889e-03
         vertex 4.951174e-02 -1.177364e-03 -5.050411e-03
         vertex 1.125024e-02 -1.718562e-03 -5.065676e-03
      endloop
   endfacet
   facet normal -2.152064e-04 1.648937e-01 -9.863113e-01
      outer loop
         vertex 9.095874e-02 2.451130e-03 -4.992608e-03
         vertex 1.049870e-01 2.530934e-03 -4.982327e-03
         vertex 1.290944e-01 2.345234e-03 -5.018632e-03
      endloop
   endfacet
   facet normal 2.725458e-03 -1.648515e-01 -9.863146e-01
      outer loop
         vertex 5.286043e-02 -1.623561e-03 -4.966580e-03
         vertex 4.951174e-02 -1.177364e-03 -5.050411e-03
         vertex 8.878644e-02 -6.218673e-04 -5.034729e-03
      endloop
   endfacet
   facet normal 1.385241e-03 -6.977815e-02 -9.975616e-01
      outer loop
         vertex 4.951174e-02 -1.177364e-03 -5.050411e-03
         vertex 5.948824e-02 -5.721704e-04 -5.078889e-03
         vertex 8.878644e-02 -6.218673e-04 -5.034729e-03
      endloop
   endfacet
   facet normal -2.150806e-04 1.649095e-01 -9.863087e-01
      outer loop
         vertex 1.049870e-01 2.530934e-03 -4.982327e-03
         vertex 1.571507e-01 2.504840e-03 -4.998065e-03
         vertex 1.290944e-01 2.345234e-03 -5.018632e-03
      endloop
   endfacet
   facet normal 2.726256e-03 -1.648798e-01 -9.863099e-01
      outer loop
         vertex 5.286043e-02 -1.623561e-03 -4.966580e-03
         vertex 8.878644e-02 -6.218673e-04 -5.034729e-03
         vertex 9.098804e-02 -8.374592e-04 -4.992603e-03
      endloop
   endfacet
   facet normal 1.345704e-03 -9.152339e-02 -9.958020e-01
      outer loop
         vertex 5.948824e-02 -5.721704e-04 -5.078889e-03
         vertex 9.716173e-02 -9.727015e-05 -5.071626e-03
         vertex 8.878644e-02 -6.218673e-04 -5.034729e-03
      endloop
   endfacet
   facet normal -2.193366e-04 1.656418e-01 -9.861860e-01
      outer loop
         vertex 1.290944e-01 2.345234e-03 -5.018632e-03
         vertex 1.571507e-01 2.504840e-03 -4.998065e-03
         vertex 1.571509e-01 2.475636e-03 -5.002970e-03
      endloop
   endfacet
   facet normal 2.726130e-03 -1.648810e-01 -9.863097e-01
      outer loop
         vertex 9.098804e-02 -8.374592e-04 -4.992603e-03
         vertex 8.878644e-02 -6.218673e-04 -5.034729e-03
         vertex 1.291158e-01 -5.137219e-05 -5.018629e-03
      endloop
   endfacet
   facet normal 1.346385e-03 -9.153420e-02 -9.958010e-01
      outer loop
         vertex 8.878644e-02 -6.218673e-04 -5.034729e-03
         vertex 9.716173e-02 -9.727015e-05 -5.071626e-03
         vertex 1.348351e-01 3.778428e-04 -5.064362e-03
      endloop
   endfacet
   facet normal 9.998665e-01 8.930746e-03 -1.368485e-02
      outer loop
         vertex 1.571705e-01 2.893418e-04 -4.998061e-03
         vertex 1.571509e-01 2.475636e-03 -5.002970e-03
         vertex 1.571507e-01 2.504840e-03 -4.998065e-03
      endloop
   endfacet
   facet normal -2.106534e-04 1.638103e-01 -9.864918e-01
      outer loop
         vertex 1.571509e-01 2.475636e-03 -5.002970e-03
         vertex 1.571511e-01 2.448735e-03 -5.007437e-03
         vertex 1.290944e-01 2.345234e-03 -5.018632e-03
      endloop
   endfacet
   facet normal 2.327250e-03 -1.365615e-01 -9.906289e-01
      outer loop
         vertex 1.348351e-01 3.778428e-04 -5.064362e-03
         vertex 1.291158e-01 -5.137219e-05 -5.018629e-03
         vertex 8.878644e-02 -6.218673e-04 -5.034729e-03
      endloop
   endfacet
   facet normal 9.999344e-01 8.946017e-03 -7.154554e-03
      outer loop
         vertex 1.571702e-01 3.187298e-04 -5.002967e-03
         vertex 1.571509e-01 2.475636e-03 -5.002970e-03
         vertex 1.571705e-01 2.893418e-04 -4.998061e-03
      endloop
   endfacet
   facet normal 9.686802e-01 -3.334786e-02 2.460622e-01
      outer loop
         vertex 1.571509e-01 2.475636e-03 -5.002970e-03
         vertex 1.571511e-01 2.443440e-03 -5.008155e-03
         vertex 1.571511e-01 2.448735e-03 -5.007437e-03
      endloop
   endfacet
   facet normal 2.326787e-03 -1.365554e-01 -9.906297e-01
      outer loop
         vertex 1.348351e-01 3.778428e-04 -5.064362e-03
         vertex 1.571699e-01 3.454326e-04 -5.007434e-03
         vertex 1.291158e-01 -5.137219e-05 -5.018629e-03
      endloop
   endfacet
   facet normal 9.998427e-01 8.945185e-03 -1.531750e-02
      outer loop
         vertex 1.571509e-01 2.475636e-03 -5.002970e-03
         vertex 1.571702e-01 3.187298e-04 -5.002967e-03
         vertex 1.571511e-01 2.443440e-03 -5.008155e-03
      endloop
   endfacet
   facet normal 2.726899e-03 -1.649656e-01 -9.862955e-01
      outer loop
         vertex 1.571699e-01 3.454326e-04 -5.007434e-03
         vertex 1.571702e-01 3.187298e-04 -5.002967e-03
         vertex 1.291158e-01 -5.137219e-05 -5.018629e-03
      endloop
   endfacet
   facet normal 2.326600e-03 -1.366588e-01 -9.906155e-01
      outer loop
         vertex 1.571698e-01 3.506359e-04 -5.008152e-03
         vertex 1.571699e-01 3.454326e-04 -5.007434e-03
         vertex 1.348351e-01 3.778428e-04 -5.064362e-03
      endloop
   endfacet
   facet normal 9.997037e-01 8.926048e-03 -2.264483e-02
      outer loop
         vertex 1.571702e-01 3.187298e-04 -5.002967e-03
         vertex 1.571698e-01 3.506359e-04 -5.008152e-03
         vertex 1.571511e-01 2.443440e-03 -5.008155e-03
      endloop
   endfacet
   facet normal 9.552508e-01 5.914547e-02 2.898236e-01
      outer loop
         vertex 1.571699e-01 3.454326e-04 -5.007434e-03
         vertex 1.571698e-01 3.506359e-04 -5.008152e-03
         vertex 1.571702e-01 3.187298e-04 -5.002967e-03
      endloop
   endfacet
   facet normal 5.618716e-06 1.063854e-02 -9.999434e-01
      outer loop
         vertex -1.573636e-02 2.778367e-04 -5.107802e-03
         vertex 2.210464e-02 9.751323e-04 -5.100171e-03
         vertex 2.288584e-02 7.558325e-04 -5.102499e-03
      endloop
   endfacet
   facet normal 5.473329e-06 1.063802e-02 -9.999434e-01
      outer loop
         vertex 2.288584e-02 7.558325e-04 -5.102499e-03
         vertex 2.210464e-02 9.751323e-04 -5.100171e-03
         vertex 6.150834e-02 1.234029e-03 -5.097201e-03
      endloop
   endfacet
   facet normal -2.251934e-04 4.573379e-02 -9.989536e-01
      outer loop
         vertex 6.150834e-02 1.234029e-03 -5.097201e-03
         vertex 2.210464e-02 9.751323e-04 -5.100171e-03
         vertex 5.946634e-02 1.624532e-03 -5.078862e-03
      endloop
   endfacet
   facet normal 1.406097e-04 6.979701e-02 -9.975612e-01
      outer loop
         vertex 4.948294e-02 2.051228e-03 -5.050415e-03
         vertex 8.876123e-02 2.196233e-03 -5.034733e-03
         vertex 5.946634e-02 1.624532e-03 -5.078862e-03
      endloop
   endfacet
   facet normal -5.126267e-05 4.664133e-02 -9.989117e-01
      outer loop
         vertex 5.946634e-02 1.624532e-03 -5.078862e-03
         vertex 9.714253e-02 1.821431e-03 -5.071602e-03
         vertex 6.150834e-02 1.234029e-03 -5.097201e-03
      endloop
   endfacet
   facet normal 1.400920e-04 6.982340e-02 -9.975594e-01
      outer loop
         vertex 5.946634e-02 1.624532e-03 -5.078862e-03
         vertex 8.876123e-02 2.196233e-03 -5.034733e-03
         vertex 9.428044e-02 1.984929e-03 -5.048748e-03
      endloop
   endfacet
   facet normal -4.885678e-04 1.300459e-01 -9.915079e-01
      outer loop
         vertex 9.428044e-02 1.984929e-03 -5.048748e-03
         vertex 9.714253e-02 1.821431e-03 -5.071602e-03
         vertex 5.946634e-02 1.624532e-03 -5.078862e-03
      endloop
   endfacet
   facet normal 1.402462e-04 6.982741e-02 -9.975591e-01
      outer loop
         vertex 9.428044e-02 1.984929e-03 -5.048748e-03
         vertex 8.876123e-02 2.196233e-03 -5.034733e-03
         vertex 1.290944e-01 2.345234e-03 -5.018632e-03
      endloop
   endfacet
   facet normal -4.882704e-04 1.300510e-01 -9.915072e-01
      outer loop
         vertex 1.290944e-01 2.345234e-03 -5.018632e-03
         vertex 9.714253e-02 1.821431e-03 -5.071602e-03
         vertex 9.428044e-02 1.984929e-03 -5.048748e-03
      endloop
   endfacet
   facet normal -4.893047e-04 1.301133e-01 -9.914990e-01
      outer loop
         vertex 1.348188e-01 2.018437e-03 -5.064343e-03
         vertex 9.714253e-02 1.821431e-03 -5.071602e-03
         vertex 1.290944e-01 2.345234e-03 -5.018632e-03
      endloop
   endfacet
   facet normal -1.088307e-04 1.366548e-01 -9.906187e-01
      outer loop
         vertex 1.571511e-01 2.448735e-03 -5.007437e-03
         vertex 1.348188e-01 2.018437e-03 -5.064343e-03
         vertex 1.290944e-01 2.345234e-03 -5.018632e-03
      endloop
   endfacet
   facet normal -6.260650e-05 1.342984e-01 -9.909409e-01
      outer loop
         vertex 1.571511e-01 2.443440e-03 -5.008155e-03
         vertex 1.348188e-01 2.018437e-03 -5.064343e-03
         vertex 1.571511e-01 2.448735e-03 -5.007437e-03
      endloop
   endfacet
   facet normal 9.999310e-01 8.928093e-03 -7.636703e-03
      outer loop
         vertex 1.571511e-01 2.443440e-03 -5.008155e-03
         vertex 1.571698e-01 3.506359e-04 -5.008152e-03
         vertex 1.571521e-01 2.318531e-03 -5.025411e-03
      endloop
   endfacet
   facet normal -1.121573e-04 1.368558e-01 -9.905910e-01
      outer loop
         vertex 1.571511e-01 2.443440e-03 -5.008155e-03
         vertex 1.571521e-01 2.318531e-03 -5.025411e-03
         vertex 1.348188e-01 2.018437e-03 -5.064343e-03
      endloop
   endfacet
   facet normal 2.326885e-03 -1.364767e-01 -9.906405e-01
      outer loop
         vertex 1.571685e-01 4.759406e-04 -5.025418e-03
         vertex 1.571698e-01 3.506359e-04 -5.008152e-03
         vertex 1.348351e-01 3.778428e-04 -5.064362e-03
      endloop
   endfacet
   facet normal 9.999056e-01 8.903061e-03 -1.046482e-02
      outer loop
         vertex 1.571521e-01 2.318531e-03 -5.025411e-03
         vertex 1.571698e-01 3.506359e-04 -5.008152e-03
         vertex 1.571685e-01 4.759406e-04 -5.025418e-03
      endloop
   endfacet
   facet normal -1.096106e-04 1.366697e-01 -9.906167e-01
      outer loop
         vertex 1.571521e-01 2.318531e-03 -5.025411e-03
         vertex 1.571529e-01 2.200230e-03 -5.041733e-03
         vertex 1.348188e-01 2.018437e-03 -5.064343e-03
      endloop
   endfacet
   facet normal -1.227737e-03 2.705646e-01 -9.627011e-01
      outer loop
         vertex 1.571529e-01 2.200230e-03 -5.041733e-03
         vertex 1.571532e-01 2.135136e-03 -5.060028e-03
         vertex 1.348188e-01 2.018437e-03 -5.064343e-03
      endloop
   endfacet
   facet normal 2.528603e-03 -1.855827e-01 -9.826254e-01
      outer loop
         vertex 1.571664e-01 6.593369e-04 -5.060060e-03
         vertex 1.571685e-01 4.759406e-04 -5.025418e-03
         vertex 1.348351e-01 3.778428e-04 -5.064362e-03
      endloop
   endfacet
   facet normal 9.998443e-01 8.902532e-03 -1.523416e-02
      outer loop
         vertex 1.571521e-01 2.318531e-03 -5.025411e-03
         vertex 1.571685e-01 4.759406e-04 -5.025418e-03
         vertex 1.571529e-01 2.200230e-03 -5.041733e-03
      endloop
   endfacet
   facet normal 9.998370e-01 8.979309e-03 -1.566149e-02
      outer loop
         vertex 1.571659e-01 7.114299e-04 -5.064834e-03
         vertex 1.571532e-01 2.135136e-03 -5.060028e-03
         vertex 1.571529e-01 2.200230e-03 -5.041733e-03
      endloop
   endfacet
   facet normal 9.998702e-01 8.919930e-03 -1.342021e-02
      outer loop
         vertex 1.571529e-01 2.200230e-03 -5.041733e-03
         vertex 1.571685e-01 4.759406e-04 -5.025418e-03
         vertex 1.571664e-01 6.593369e-04 -5.060060e-03
      endloop
   endfacet
   facet normal 9.999395e-01 8.838818e-03 -6.549689e-03
      outer loop
         vertex 1.571659e-01 7.114299e-04 -5.064834e-03
         vertex 1.571529e-01 2.200230e-03 -5.041733e-03
         vertex 1.571664e-01 6.593369e-04 -5.060060e-03
      endloop
   endfacet
   facet normal 9.998735e-01 9.112921e-03 -1.303777e-02
      outer loop
         vertex 1.572463e-01 -1.258861e-03 -1.464159e-04
         vertex 1.572436e-01 -1.421673e-03 -4.670579e-04
         vertex 1.572486e-01 -1.452595e-04 8.090814e-04
      endloop
   endfacet
   facet normal 9.998764e-01 8.981502e-03 -1.290633e-02
      outer loop
         vertex 1.572486e-01 -1.452595e-04 8.090814e-04
         vertex 1.572436e-01 -1.421673e-03 -4.670579e-04
         vertex 1.572447e-01 5.947307e-04 1.021582e-03
      endloop
   endfacet
   facet normal 9.998826e-01 8.742883e-03 -1.258312e-02
      outer loop
         vertex 1.572447e-01 5.947307e-04 1.021582e-03
         vertex 1.572436e-01 -1.421673e-03 -4.670579e-04
         vertex 1.572375e-01 -1.617870e-03 -1.088851e-03
      endloop
   endfacet
   facet normal 2.456804e-02 -9.823426e-01 1.854710e-01
      outer loop
         vertex 1.572354e-01 -1.652568e-03 -1.272350e-03
         vertex 1.572375e-01 -1.617870e-03 -1.088851e-03
         vertex 1.349108e-01 -2.141460e-03 -9.045698e-04
      endloop
   endfacet
   facet normal 9.998690e-01 9.346412e-03 -1.321582e-02
      outer loop
         vertex 1.572354e-01 -1.652568e-03 -1.272350e-03
         vertex 1.572447e-01 5.947307e-04 1.021582e-03
         vertex 1.572375e-01 -1.617870e-03 -1.088851e-03
      endloop
   endfacet
   facet normal 9.998571e-01 9.133024e-03 -1.422491e-02
      outer loop
         vertex 1.572423e-01 9.325298e-04 1.069834e-03
         vertex 1.572440e-01 7.161297e-04 1.050298e-03
         vertex 1.572447e-01 5.947307e-04 1.021582e-03
      endloop
   endfacet
   facet normal 2.329699e-02 -9.956072e-01 9.068396e-02
      outer loop
         vertex 1.364225e-01 -2.135570e-03 -1.228264e-03
         vertex 1.572354e-01 -1.652568e-03 -1.272350e-03
         vertex 1.349108e-01 -2.141460e-03 -9.045698e-04
      endloop
   endfacet
   facet normal 9.998800e-01 8.839343e-03 -1.271910e-02
      outer loop
         vertex 1.572354e-01 -1.652568e-03 -1.272350e-03
         vertex 1.572328e-01 -1.672557e-03 -1.490068e-03
         vertex 1.572447e-01 5.947307e-04 1.021582e-03
      endloop
   endfacet
   facet normal 9.998782e-01 8.929734e-03 -1.280069e-02
      outer loop
         vertex 1.572328e-01 -1.672557e-03 -1.490068e-03
         vertex 1.572423e-01 9.325298e-04 1.069834e-03
         vertex 1.572447e-01 5.947307e-04 1.021582e-03
      endloop
   endfacet
   facet normal 2.329699e-02 -9.955668e-01 9.112677e-02
      outer loop
         vertex 1.572328e-01 -1.672557e-03 -1.490068e-03
         vertex 1.572354e-01 -1.652568e-03 -1.272350e-03
         vertex 1.364225e-01 -2.135570e-03 -1.228264e-03
      endloop
   endfacet
   facet normal 9.998747e-01 9.089547e-03 -1.296331e-02
      outer loop
         vertex 1.572403e-01 1.173329e-03 1.084664e-03
         vertex 1.572423e-01 9.325298e-04 1.069834e-03
         vertex 1.572328e-01 -1.672557e-03 -1.490068e-03
      endloop
   endfacet
   facet normal 2.416454e-02 -9.829164e-01 1.824594e-01
      outer loop
         vertex 1.572322e-01 -1.682460e-03 -1.543337e-03
         vertex 1.572328e-01 -1.672557e-03 -1.490068e-03
         vertex 1.364225e-01 -2.135570e-03 -1.228264e-03
      endloop
   endfacet
   facet normal 9.998824e-01 8.753265e-03 -1.259164e-02
      outer loop
         vertex 1.572299e-01 -1.692470e-03 -1.734650e-03
         vertex 1.572403e-01 1.173329e-03 1.084664e-03
         vertex 1.572328e-01 -1.672557e-03 -1.490068e-03
      endloop
   endfacet
   facet normal 2.253726e-02 -9.983515e-01 5.278503e-02
      outer loop
         vertex 1.378700e-01 -2.117671e-03 -1.507764e-03
         vertex 1.572322e-01 -1.682460e-03 -1.543337e-03
         vertex 1.364225e-01 -2.135570e-03 -1.228264e-03
      endloop
   endfacet
   facet normal 9.999010e-01 6.612273e-03 -1.241755e-02
      outer loop
         vertex 1.572322e-01 -1.682460e-03 -1.543337e-03
         vertex 1.572299e-01 -1.692470e-03 -1.734650e-03
         vertex 1.572328e-01 -1.672557e-03 -1.490068e-03
      endloop
   endfacet
   facet normal 9.998847e-01 8.648645e-03 -1.248530e-02
      outer loop
         vertex 1.572394e-01 1.282032e-03 1.087169e-03
         vertex 1.572403e-01 1.173329e-03 1.084664e-03
         vertex 1.572299e-01 -1.692470e-03 -1.734650e-03
      endloop
   endfacet
   facet normal 2.253673e-02 -9.983946e-01 5.196519e-02
      outer loop
         vertex 1.572299e-01 -1.692470e-03 -1.734650e-03
         vertex 1.572322e-01 -1.682460e-03 -1.543337e-03
         vertex 1.378700e-01 -2.117671e-03 -1.507764e-03
      endloop
   endfacet
   facet normal 9.998685e-01 9.366217e-03 -1.324165e-02
      outer loop
         vertex 1.572394e-01 1.282032e-03 1.087169e-03
         vertex 1.572299e-01 -1.692470e-03 -1.734650e-03
         vertex 1.572279e-01 -1.699870e-03 -1.890658e-03
      endloop
   endfacet
   facet normal 2.308598e-02 -9.939795e-01 1.071060e-01
      outer loop
         vertex 1.572294e-01 -1.697170e-03 -1.778164e-03
         vertex 1.572299e-01 -1.692470e-03 -1.734650e-03
         vertex 1.378700e-01 -2.117671e-03 -1.507764e-03
      endloop
   endfacet
   facet normal 2.215456e-02 -9.992343e-01 3.224921e-02
      outer loop
         vertex 1.572288e-01 -1.698558e-03 -1.820762e-03
         vertex 1.572294e-01 -1.697170e-03 -1.778164e-03
         vertex 1.378700e-01 -2.117671e-03 -1.507764e-03
      endloop
   endfacet
   facet normal 9.998880e-01 7.170169e-03 -1.313773e-02
      outer loop
         vertex 1.572299e-01 -1.692470e-03 -1.734650e-03
         vertex 1.572288e-01 -1.698558e-03 -1.820762e-03
         vertex 1.572279e-01 -1.699870e-03 -1.890658e-03
      endloop
   endfacet
   facet normal 9.992494e-01 3.565630e-02 -1.514369e-02
      outer loop
         vertex 1.572294e-01 -1.697170e-03 -1.778164e-03
         vertex 1.572288e-01 -1.698558e-03 -1.820762e-03
         vertex 1.572299e-01 -1.692470e-03 -1.734650e-03
      endloop
   endfacet
   facet normal 2.254022e-02 -9.983507e-01 5.280037e-02
      outer loop
         vertex 1.378700e-01 -2.117671e-03 -1.507764e-03
         vertex 1.364225e-01 -2.135570e-03 -1.228264e-03
         vertex 9.973734e-02 -2.941264e-03 -8.016216e-04
      endloop
   endfacet
   facet normal 2.207966e-02 -9.994115e-01 2.625054e-02
      outer loop
         vertex 6.160494e-02 -3.765163e-03 -9.549061e-05
         vertex 6.356194e-02 -3.731761e-03 -4.698726e-04
         vertex 9.973734e-02 -2.941264e-03 -8.016216e-04
      endloop
   endfacet
   facet normal 2.208096e-02 -9.993975e-01 2.677902e-02
      outer loop
         vertex 1.378700e-01 -2.117671e-03 -1.507764e-03
         vertex 9.973734e-02 -2.941264e-03 -8.016216e-04
         vertex 1.007157e-01 -2.924663e-03 -9.888150e-04
      endloop
   endfacet
   facet normal 2.208435e-02 -9.993969e-01 2.679676e-02
      outer loop
         vertex 9.973734e-02 -2.941264e-03 -8.016216e-04
         vertex 6.356194e-02 -3.731761e-03 -4.698726e-04
         vertex 1.007157e-01 -2.924663e-03 -9.888150e-04
      endloop
   endfacet
   facet normal 2.191677e-02 -9.996172e-01 1.688250e-02
      outer loop
         vertex 1.572264e-01 -1.701762e-03 -2.010071e-03
         vertex 1.378700e-01 -2.117671e-03 -1.507764e-03
         vertex 1.354381e-01 -2.174770e-03 -1.731555e-03
      endloop
   endfacet
   facet normal 2.194355e-02 -9.996215e-01 1.659258e-02
      outer loop
         vertex 1.378700e-01 -2.117671e-03 -1.507764e-03
         vertex 1.007157e-01 -2.924663e-03 -9.888150e-04
         vertex 1.354381e-01 -2.174770e-03 -1.731555e-03
      endloop
   endfacet
   facet normal 2.195162e-02 -9.996153e-01 1.695453e-02
      outer loop
         vertex 9.950003e-02 -2.953258e-03 -1.100714e-03
         vertex 1.007157e-01 -2.924663e-03 -9.888150e-04
         vertex 6.356194e-02 -3.731761e-03 -4.698726e-04
      endloop
   endfacet
   facet normal 2.148855e-02 -9.996306e-01 -1.663963e-02
      outer loop
         vertex 1.379115e-01 -2.116969e-03 -2.009827e-03
         vertex 1.572264e-01 -1.701762e-03 -2.010071e-03
         vertex 1.354381e-01 -2.174770e-03 -1.731555e-03
      endloop
   endfacet
   facet normal 2.195124e-02 -9.996152e-01 1.695862e-02
      outer loop
         vertex 1.354381e-01 -2.174770e-03 -1.731555e-03
         vertex 1.007157e-01 -2.924663e-03 -9.888150e-04
         vertex 9.950003e-02 -2.953258e-03 -1.100714e-03
      endloop
   endfacet
   facet normal 2.180198e-02 -9.997279e-01 8.290537e-03
      outer loop
         vertex 6.356194e-02 -3.731761e-03 -4.698726e-04
         vertex 9.657944e-02 -3.018062e-03 -1.234836e-03
         vertex 9.950003e-02 -2.953258e-03 -1.100714e-03
      endloop
   endfacet
   facet normal 2.147976e-02 -9.996295e-01 -1.671759e-02
      outer loop
         vertex 1.379115e-01 -2.116969e-03 -2.009827e-03
         vertex 1.354381e-01 -2.174770e-03 -1.731555e-03
         vertex 9.657944e-02 -3.018062e-03 -1.234836e-03
      endloop
   endfacet
   facet normal 2.180165e-02 -9.997279e-01 8.297587e-03
      outer loop
         vertex 9.950003e-02 -2.953258e-03 -1.100714e-03
         vertex 9.657944e-02 -3.018062e-03 -1.234836e-03
         vertex 1.354381e-01 -2.174770e-03 -1.731555e-03
      endloop
   endfacet
   facet normal 9.999000e-01 6.742391e-03 -1.242738e-02
      outer loop
         vertex 1.571654e-01 4.477236e-03 -2.476799e-03
         vertex 1.571677e-01 4.487336e-03 -2.285484e-03
         vertex 1.571648e-01 4.467446e-03 -2.530068e-03
      endloop
   endfacet
   facet normal 1.994456e-03 9.835217e-01 -1.807789e-01
      outer loop
         vertex 1.571654e-01 4.477236e-03 -2.476799e-03
         vertex 1.571648e-01 4.467446e-03 -2.530068e-03
         vertex 1.363496e-01 4.559326e-03 -2.259845e-03
      endloop
   endfacet
   facet normal 3.212320e-03 9.958317e-01 -9.115280e-02
      outer loop
         vertex 1.571648e-01 4.467446e-03 -2.530068e-03
         vertex 1.571622e-01 4.447525e-03 -2.747789e-03
         vertex 1.363496e-01 4.559326e-03 -2.259845e-03
      endloop
   endfacet
   facet normal 3.203583e-03 9.957983e-01 -9.151781e-02
      outer loop
         vertex 1.363496e-01 4.559326e-03 -2.259845e-03
         vertex 1.571622e-01 4.447525e-03 -2.747789e-03
         vertex 1.348302e-01 4.538025e-03 -2.544799e-03
      endloop
   endfacet
   facet normal 3.205714e-03 9.957972e-01 -9.152909e-02
      outer loop
         vertex 1.363496e-01 4.559326e-03 -2.259845e-03
         vertex 1.348302e-01 4.538025e-03 -2.544799e-03
         vertex 9.791524e-02 4.701436e-03 -2.059875e-03
      endloop
   endfacet
   facet normal 3.209309e-03 9.958216e-01 -9.126359e-02
      outer loop
         vertex 9.791524e-02 4.701436e-03 -2.059875e-03
         vertex 1.348302e-01 4.538025e-03 -2.544799e-03
         vertex 9.715565e-02 4.690826e-03 -2.202353e-03
      endloop
   endfacet
   facet normal 3.202727e-03 9.957576e-01 -9.195922e-02
      outer loop
         vertex 8.877094e-02 4.686136e-03 -2.545159e-03
         vertex 9.715565e-02 4.690826e-03 -2.202353e-03
         vertex 1.348302e-01 4.538025e-03 -2.544799e-03
      endloop
   endfacet
   facet normal 3.204517e-03 9.958239e-01 -9.123822e-02
      outer loop
         vertex 5.948114e-02 4.843436e-03 -1.859910e-03
         vertex 9.791524e-02 4.701436e-03 -2.059875e-03
         vertex 9.715565e-02 4.690826e-03 -2.202353e-03
      endloop
   endfacet
   facet normal 3.198640e-03 9.957669e-01 -9.185938e-02
      outer loop
         vertex 5.948114e-02 4.843436e-03 -1.859910e-03
         vertex 9.715565e-02 4.690826e-03 -2.202353e-03
         vertex 8.877094e-02 4.686136e-03 -2.545159e-03
      endloop
   endfacet
   facet normal 3.670543e-03 9.991152e-01 -4.189748e-02
      outer loop
         vertex 1.122994e-02 5.016526e-03 -1.959469e-03
         vertex 2.031934e-02 5.002236e-03 -1.503941e-03
         vertex 5.948114e-02 4.843436e-03 -1.859910e-03
      endloop
   endfacet
   facet normal 3.728585e-03 9.975666e-01 -6.962090e-02
      outer loop
         vertex 4.949384e-02 4.853646e-03 -2.248490e-03
         vertex 5.948114e-02 4.843436e-03 -1.859910e-03
         vertex 8.877094e-02 4.686136e-03 -2.545159e-03
      endloop
   endfacet
   facet normal 3.721878e-03 9.975786e-01 -6.944819e-02
      outer loop
         vertex 5.948114e-02 4.843436e-03 -1.859910e-03
         vertex 4.949384e-02 4.853646e-03 -2.248490e-03
         vertex 1.122994e-02 5.016526e-03 -1.959469e-03
      endloop
   endfacet
   facet normal 2.959763e-03 9.862830e-01 -1.650369e-01
      outer loop
         vertex 5.283164e-02 4.756835e-03 -2.767183e-03
         vertex 4.949384e-02 4.853646e-03 -2.248490e-03
         vertex 8.877094e-02 4.686136e-03 -2.545159e-03
      endloop
   endfacet
   facet normal 2.951345e-03 9.862742e-01 -1.650894e-01
      outer loop
         vertex 1.122994e-02 5.016526e-03 -1.959469e-03
         vertex 4.949384e-02 4.853646e-03 -2.248490e-03
         vertex 5.283164e-02 4.756835e-03 -2.767183e-03
      endloop
   endfacet
   facet normal 9.998804e-01 8.922549e-03 -1.263497e-02
      outer loop
         vertex 1.571696e-01 4.494636e-03 -2.129483e-03
         vertex 1.571711e-01 4.496736e-03 -2.010078e-03
         vertex 1.572264e-01 -1.701762e-03 -2.010071e-03
      endloop
   endfacet
   facet normal 3.640574e-03 9.998379e-01 -1.763091e-02
      outer loop
         vertex 1.571696e-01 4.494636e-03 -2.129483e-03
         vertex 1.378038e-01 4.567126e-03 -2.017431e-03
         vertex 1.571711e-01 4.496736e-03 -2.010078e-03
      endloop
   endfacet
   facet normal 9.998775e-01 8.918196e-03 -1.285948e-02
      outer loop
         vertex 1.572249e-01 -1.699870e-03 -2.125780e-03
         vertex 1.571696e-01 4.494636e-03 -2.129483e-03
         vertex 1.572264e-01 -1.701762e-03 -2.010071e-03
      endloop
   endfacet
   facet normal 3.384471e-03 9.986016e-01 -5.275811e-02
      outer loop
         vertex 1.571677e-01 4.487336e-03 -2.285484e-03
         vertex 1.571654e-01 4.477236e-03 -2.476799e-03
         vertex 1.378038e-01 4.567126e-03 -2.017431e-03
      endloop
   endfacet
   facet normal 3.651380e-03 9.998688e-01 -1.578323e-02
      outer loop
         vertex 1.571696e-01 4.494636e-03 -2.129483e-03
         vertex 1.571688e-01 4.493535e-03 -2.199377e-03
         vertex 1.378038e-01 4.567126e-03 -2.017431e-03
      endloop
   endfacet
   facet normal 9.998815e-01 8.918418e-03 -1.254691e-02
      outer loop
         vertex 1.572249e-01 -1.699870e-03 -2.125780e-03
         vertex 1.571677e-01 4.487336e-03 -2.285484e-03
         vertex 1.571696e-01 4.494636e-03 -2.129483e-03
      endloop
   endfacet
   facet normal 2.642024e-03 9.944521e-01 -1.051567e-01
      outer loop
         vertex 1.571682e-01 4.491936e-03 -2.241968e-03
         vertex 1.571677e-01 4.487336e-03 -2.285484e-03
         vertex 1.378038e-01 4.567126e-03 -2.017431e-03
      endloop
   endfacet
   facet normal 3.444391e-03 9.992877e-01 -3.757862e-02
      outer loop
         vertex 1.571688e-01 4.493535e-03 -2.199377e-03
         vertex 1.571682e-01 4.491936e-03 -2.241968e-03
         vertex 1.378038e-01 4.567126e-03 -2.017431e-03
      endloop
   endfacet
   facet normal 9.997391e-01 -1.990846e-02 -1.119620e-02
      outer loop
         vertex 1.571677e-01 4.487336e-03 -2.285484e-03
         vertex 1.571688e-01 4.493535e-03 -2.199377e-03
         vertex 1.571696e-01 4.494636e-03 -2.129483e-03
      endloop
   endfacet
   facet normal 9.986369e-01 4.962229e-02 -1.618858e-02
      outer loop
         vertex 1.571682e-01 4.491936e-03 -2.241968e-03
         vertex 1.571688e-01 4.493535e-03 -2.199377e-03
         vertex 1.571677e-01 4.487336e-03 -2.285484e-03
      endloop
   endfacet
   facet normal 9.998733e-01 9.120565e-03 -1.304943e-02
      outer loop
         vertex 1.572486e-01 -1.452595e-04 8.090814e-04
         vertex 1.572497e-01 -4.878651e-04 6.541160e-04
         vertex 1.572497e-01 -6.337691e-04 5.521401e-04
      endloop
   endfacet
   facet normal 9.998828e-01 8.864049e-03 -1.248224e-02
      outer loop
         vertex 1.572494e-01 -3.191644e-04 7.488492e-04
         vertex 1.572497e-01 -4.878651e-04 6.541160e-04
         vertex 1.572486e-01 -1.452595e-04 8.090814e-04
      endloop
   endfacet
   facet normal 3.002692e-02 -3.270078e-01 9.445445e-01
      outer loop
         vertex 1.572494e-01 -3.191644e-04 7.488492e-04
         vertex 1.572486e-01 -1.452595e-04 8.090814e-04
         vertex 1.064032e-01 -1.197566e-03 2.061133e-03
      endloop
   endfacet
   facet normal 3.002906e-02 -3.271836e-01 9.444835e-01
      outer loop
         vertex 1.064032e-01 -1.197566e-03 2.061133e-03
         vertex 1.572486e-01 -1.452595e-04 8.090814e-04
         vertex 1.051094e-01 -8.840591e-04 2.210872e-03
      endloop
   endfacet
   facet normal 3.002851e-02 -3.271855e-01 9.444829e-01
      outer loop
         vertex 5.555704e-02 -2.075969e-03 3.373422e-03
         vertex 1.064032e-01 -1.197566e-03 2.061133e-03
         vertex 1.051094e-01 -8.840591e-04 2.210872e-03
      endloop
   endfacet
   facet normal 3.002767e-02 -3.271327e-01 9.445012e-01
      outer loop
         vertex 5.555704e-02 -2.075969e-03 3.373422e-03
         vertex 1.051094e-01 -8.840591e-04 2.210872e-03
         vertex 5.297014e-02 -1.622661e-03 3.612671e-03
      endloop
   endfacet
   facet normal 2.976358e-02 -3.284102e-01 9.440661e-01
      outer loop
         vertex 5.555704e-02 -2.075969e-03 3.373422e-03
         vertex 5.297014e-02 -1.622661e-03 3.612671e-03
         vertex 1.603464e-02 -2.448467e-03 4.489865e-03
      endloop
   endfacet
   facet normal 2.976290e-02 -3.283619e-01 9.440830e-01
      outer loop
         vertex 1.603464e-02 -2.448467e-03 4.489865e-03
         vertex 5.297014e-02 -1.622661e-03 3.612671e-03
         vertex 1.474124e-02 -2.221767e-03 4.609489e-03
      endloop
   endfacet
   facet normal 2.633986e-02 -2.769146e-02 9.992694e-01
      outer loop
         vertex -1.869806e-02 -1.559169e-03 5.572272e-03
         vertex 1.137604e-02 -1.717464e-03 4.775159e-03
         vertex 1.546324e-02 -1.367763e-03 4.677115e-03
      endloop
   endfacet
   facet normal 2.798368e-02 -1.384821e-01 9.899695e-01
      outer loop
         vertex 5.297014e-02 -1.622661e-03 3.612671e-03
         vertex 1.137604e-02 -1.717464e-03 4.775159e-03
         vertex 1.474124e-02 -2.221767e-03 4.609489e-03
      endloop
   endfacet
   facet normal 2.976289e-02 -3.283619e-01 9.440830e-01
      outer loop
         vertex -2.348765e-02 -2.820857e-03 5.606313e-03
         vertex 1.603464e-02 -2.448467e-03 4.489865e-03
         vertex 1.474124e-02 -2.221767e-03 4.609489e-03
      endloop
   endfacet
   facet normal 2.633990e-02 -2.768366e-02 9.992696e-01
      outer loop
         vertex -2.589796e-02 -2.244762e-03 5.743062e-03
         vertex 1.137604e-02 -1.717464e-03 4.775159e-03
         vertex -1.869806e-02 -1.559169e-03 5.572272e-03
      endloop
   endfacet
   facet normal 2.798375e-02 -1.384816e-01 9.899696e-01
      outer loop
         vertex 1.474124e-02 -2.221767e-03 4.609489e-03
         vertex 1.137604e-02 -1.717464e-03 4.775159e-03
         vertex -2.348765e-02 -2.820857e-03 5.606313e-03
      endloop
   endfacet
   facet normal 2.633996e-02 -2.768428e-02 9.992696e-01
      outer loop
         vertex -6.223414e-02 -2.758861e-03 6.686612e-03
         vertex -2.589796e-02 -2.244762e-03 5.743062e-03
         vertex -1.869806e-02 -1.559169e-03 5.572272e-03
      endloop
   endfacet
   facet normal 2.747393e-02 -1.206018e-01 9.923207e-01
      outer loop
         vertex 1.137604e-02 -1.717464e-03 4.775159e-03
         vertex -2.589796e-02 -2.244762e-03 5.743062e-03
         vertex -2.348765e-02 -2.820857e-03 5.606313e-03
      endloop
   endfacet
   facet normal 2.747414e-02 -1.206009e-01 9.923208e-01
      outer loop
         vertex -6.223414e-02 -2.758861e-03 6.686612e-03
         vertex -2.348765e-02 -2.820857e-03 5.606313e-03
         vertex -2.589796e-02 -2.244762e-03 5.743062e-03
      endloop
   endfacet
   facet normal 9.998363e-01 9.666979e-03 -1.529410e-02
      outer loop
         vertex 1.572456e-01 4.764298e-04 1.005256e-03
         vertex 1.572486e-01 -1.452595e-04 8.090814e-04
         vertex 1.572447e-01 5.947307e-04 1.021582e-03
      endloop
   endfacet
   facet normal 2.764461e-02 -1.364498e-01 9.902612e-01
      outer loop
         vertex 1.572456e-01 4.764298e-04 1.005256e-03
         vertex 1.572447e-01 5.947307e-04 1.021582e-03
         vertex 1.349188e-01 3.781327e-04 1.614997e-03
      endloop
   endfacet
   facet normal 9.999498e-01 3.553909e-03 9.363321e-03
      outer loop
         vertex 1.572447e-01 5.947307e-04 1.021582e-03
         vertex 1.572440e-01 7.161297e-04 1.050298e-03
         vertex 1.572443e-01 6.597337e-04 1.039876e-03
      endloop
   endfacet
   facet normal 2.820243e-02 -2.706457e-01 9.622658e-01
      outer loop
         vertex 1.572447e-01 5.947307e-04 1.021582e-03
         vertex 1.572443e-01 6.597337e-04 1.039876e-03
         vertex 1.349188e-01 3.781327e-04 1.614997e-03
      endloop
   endfacet
   facet normal 2.630879e-02 -4.634865e-02 9.985788e-01
      outer loop
         vertex 9.827474e-02 1.166428e-04 2.568294e-03
         vertex 9.725754e-02 -9.685816e-05 2.585184e-03
         vertex 1.349188e-01 3.781327e-04 1.614997e-03
      endloop
   endfacet
   facet normal 2.761227e-02 -1.815084e-01 9.830017e-01
      outer loop
         vertex 1.572443e-01 6.597337e-04 1.039876e-03
         vertex 1.572440e-01 7.161297e-04 1.050298e-03
         vertex 1.349188e-01 3.781327e-04 1.614997e-03
      endloop
   endfacet
   facet normal 2.654093e-02 -8.967609e-02 9.956173e-01
      outer loop
         vertex 1.349188e-01 3.781327e-04 1.614997e-03
         vertex 9.903644e-02 2.766307e-04 2.562399e-03
         vertex 9.827474e-02 1.166428e-04 2.568294e-03
      endloop
   endfacet
   facet normal 2.654091e-02 -8.966490e-02 9.956183e-01
      outer loop
         vertex 1.572440e-01 7.161297e-04 1.050298e-03
         vertex 1.364424e-01 6.981395e-04 1.603201e-03
         vertex 1.349188e-01 3.781327e-04 1.614997e-03
      endloop
   endfacet
   facet normal 2.605518e-02 -5.092932e-02 9.983623e-01
      outer loop
         vertex 6.364214e-02 2.312358e-04 3.479318e-03
         vertex 1.000423e-01 4.647406e-04 2.541261e-03
         vertex 1.007858e-01 6.051377e-04 2.529019e-03
      endloop
   endfacet
   facet normal 2.654092e-02 -8.966493e-02 9.956183e-01
      outer loop
         vertex 1.364424e-01 6.981395e-04 1.603201e-03
         vertex 9.903644e-02 2.766307e-04 2.562399e-03
         vertex 1.349188e-01 3.781327e-04 1.614997e-03
      endloop
   endfacet
   facet normal 2.605515e-02 -5.092918e-02 9.983623e-01
      outer loop
         vertex 1.007858e-01 6.051377e-04 2.529019e-03
         vertex 1.000423e-01 4.647406e-04 2.541261e-03
         vertex 1.364424e-01 6.981395e-04 1.603201e-03
      endloop
   endfacet
   facet normal 2.592191e-02 -2.631835e-02 9.993175e-01
      outer loop
         vertex 9.903644e-02 2.766307e-04 2.562399e-03
         vertex 1.000423e-01 4.647406e-04 2.541261e-03
         vertex 6.364214e-02 2.312358e-04 3.479318e-03
      endloop
   endfacet
   facet normal 2.592196e-02 -2.631860e-02 9.993175e-01
      outer loop
         vertex 1.364424e-01 6.981395e-04 1.603201e-03
         vertex 1.000423e-01 4.647406e-04 2.541261e-03
         vertex 9.903644e-02 2.766307e-04 2.562399e-03
      endloop
   endfacet
   facet normal 3.034268e-02 -4.234685e-01 9.054025e-01
      outer loop
         vertex 1.572486e-01 -1.452595e-04 8.090814e-04
         vertex 1.051090e-01 -7.243611e-04 2.285578e-03
         vertex 1.051094e-01 -8.840591e-04 2.210872e-03
      endloop
   endfacet
   facet normal 3.034201e-02 -4.237807e-01 9.052565e-01
      outer loop
         vertex 1.572476e-01 1.738328e-04 9.584931e-04
         vertex 1.051090e-01 -7.243611e-04 2.285578e-03
         vertex 1.572486e-01 -1.452595e-04 8.090814e-04
      endloop
   endfacet
   facet normal 2.793101e-02 -1.645732e-01 9.859693e-01
      outer loop
         vertex 1.572476e-01 1.738328e-04 9.584931e-04
         vertex 1.051086e-01 -6.662714e-04 2.295286e-03
         vertex 1.051090e-01 -7.243611e-04 2.285578e-03
      endloop
   endfacet
   facet normal 3.034117e-02 -4.234685e-01 9.054026e-01
      outer loop
         vertex 1.051094e-01 -8.840591e-04 2.210872e-03
         vertex 1.051090e-01 -7.243611e-04 2.285578e-03
         vertex 5.297014e-02 -1.622661e-03 3.612671e-03
      endloop
   endfacet
   facet normal 9.999262e-01 7.609391e-03 -9.469766e-03
      outer loop
         vertex 1.572476e-01 1.738328e-04 9.584931e-04
         vertex 1.572486e-01 -1.452595e-04 8.090814e-04
         vertex 1.572469e-01 2.900275e-04 9.779094e-04
      endloop
   endfacet
   facet normal 2.793119e-02 -1.645883e-01 9.859668e-01
      outer loop
         vertex 1.572469e-01 2.900275e-04 9.779094e-04
         vertex 1.051086e-01 -6.662714e-04 2.295286e-03
         vertex 1.572476e-01 1.738328e-04 9.584931e-04
      endloop
   endfacet
   facet normal 2.793133e-02 -1.645732e-01 9.859693e-01
      outer loop
         vertex 1.051090e-01 -7.243611e-04 2.285578e-03
         vertex 1.051086e-01 -6.662714e-04 2.295286e-03
         vertex 5.297014e-02 -1.622661e-03 3.612671e-03
      endloop
   endfacet
   facet normal 9.998905e-01 8.632924e-03 -1.201629e-02
      outer loop
         vertex 1.572456e-01 4.764298e-04 1.005256e-03
         vertex 1.572465e-01 3.461345e-04 9.872840e-04
         vertex 1.572486e-01 -1.452595e-04 8.090814e-04
      endloop
   endfacet
   facet normal 9.998678e-01 9.150532e-03 -1.344386e-02
      outer loop
         vertex 1.572486e-01 -1.452595e-04 8.090814e-04
         vertex 1.572465e-01 3.461345e-04 9.872840e-04
         vertex 1.572469e-01 2.900275e-04 9.779094e-04
      endloop
   endfacet
   facet normal 2.793122e-02 -1.645904e-01 9.859665e-01
      outer loop
         vertex 1.572469e-01 2.900275e-04 9.779094e-04
         vertex 1.292019e-01 -5.056347e-05 1.715534e-03
         vertex 1.051086e-01 -6.662714e-04 2.295286e-03
      endloop
   endfacet
   facet normal 2.793421e-02 -1.647776e-01 9.859351e-01
      outer loop
         vertex 5.297014e-02 -1.622661e-03 3.612671e-03
         vertex 1.051086e-01 -6.662714e-04 2.295286e-03
         vertex 9.108594e-02 -8.366653e-04 2.664109e-03
      endloop
   endfacet
   facet normal 2.764458e-02 -1.363983e-01 9.902683e-01
      outer loop
         vertex 1.572456e-01 4.764298e-04 1.005256e-03
         vertex 1.349188e-01 3.781327e-04 1.614997e-03
         vertex 1.572465e-01 3.461345e-04 9.872840e-04
      endloop
   endfacet
   facet normal 2.793089e-02 -1.645473e-01 9.859737e-01
      outer loop
         vertex 1.572465e-01 3.461345e-04 9.872840e-04
         vertex 1.292019e-01 -5.056347e-05 1.715534e-03
         vertex 1.572469e-01 2.900275e-04 9.779094e-04
      endloop
   endfacet
   facet normal 2.793363e-02 -1.647023e-01 9.859477e-01
      outer loop
         vertex 1.051086e-01 -6.662714e-04 2.295286e-03
         vertex 1.292019e-01 -5.056347e-05 1.715534e-03
         vertex 9.108594e-02 -8.366653e-04 2.664109e-03
      endloop
   endfacet
   facet normal 2.793117e-02 -1.645928e-01 9.859661e-01
      outer loop
         vertex 5.297014e-02 -1.622661e-03 3.612671e-03
         vertex 9.108594e-02 -8.366653e-04 2.664109e-03
         vertex 8.888604e-02 -6.209675e-04 2.762437e-03
      endloop
   endfacet
   facet normal 2.764446e-02 -1.364200e-01 9.902653e-01
      outer loop
         vertex 1.572465e-01 3.461345e-04 9.872840e-04
         vertex 1.349188e-01 3.781327e-04 1.614997e-03
         vertex 1.292019e-01 -5.056347e-05 1.715534e-03
      endloop
   endfacet
   facet normal 2.793174e-02 -1.645874e-01 9.859669e-01
      outer loop
         vertex 8.888604e-02 -6.209675e-04 2.762437e-03
         vertex 9.108594e-02 -8.366653e-04 2.664109e-03
         vertex 1.292019e-01 -5.056347e-05 1.715534e-03
      endloop
   endfacet
   facet normal 2.687964e-02 -6.959266e-02 9.972133e-01
      outer loop
         vertex 5.959633e-02 -5.718642e-04 3.555361e-03
         vertex 8.888604e-02 -6.209675e-04 2.762437e-03
         vertex 9.439914e-02 -3.112603e-04 2.635446e-03
      endloop
   endfacet
   facet normal 2.717132e-02 -1.299018e-01 9.911545e-01
      outer loop
         vertex 1.349188e-01 3.781327e-04 1.614997e-03
         vertex 9.725754e-02 -9.685816e-05 2.585184e-03
         vertex 1.292019e-01 -5.056347e-05 1.715534e-03
      endloop
   endfacet
   facet normal 2.717102e-02 -1.298860e-01 9.911566e-01
      outer loop
         vertex 5.959633e-02 -5.718642e-04 3.555361e-03
         vertex 9.439914e-02 -3.112603e-04 2.635446e-03
         vertex 9.725754e-02 -9.685816e-05 2.585184e-03
      endloop
   endfacet
   facet normal 2.687979e-02 -6.959553e-02 9.972131e-01
      outer loop
         vertex 9.439914e-02 -3.112603e-04 2.635446e-03
         vertex 8.888604e-02 -6.209675e-04 2.762437e-03
         vertex 1.292019e-01 -5.056347e-05 1.715534e-03
      endloop
   endfacet
   facet normal 2.717134e-02 -1.298904e-01 9.911560e-01
      outer loop
         vertex 9.725754e-02 -9.685816e-05 2.585184e-03
         vertex 9.439914e-02 -3.112603e-04 2.635446e-03
         vertex 1.292019e-01 -5.056347e-05 1.715534e-03
      endloop
   endfacet
   facet normal 2.649594e-02 -6.309604e-02 9.976557e-01
      outer loop
         vertex 1.546324e-02 -1.367763e-03 4.677115e-03
         vertex 2.044894e-02 -1.065471e-03 4.563821e-03
         vertex -1.869806e-02 -1.559169e-03 5.572272e-03
      endloop
   endfacet
   facet normal 2.598008e-02 -1.844012e-02 9.994924e-01
      outer loop
         vertex -1.869806e-02 -1.559169e-03 5.572272e-03
         vertex 2.044894e-02 -1.065471e-03 4.563821e-03
         vertex -1.714715e-02 -1.032665e-03 5.541672e-03
      endloop
   endfacet
   facet normal 2.597974e-02 -1.843912e-02 9.994924e-01
      outer loop
         vertex -1.714715e-02 -1.032665e-03 5.541672e-03
         vertex -5.741057e-02 -1.793971e-03 6.574192e-03
         vertex -1.869806e-02 -1.559169e-03 5.572272e-03
      endloop
   endfacet
   facet normal 2.588886e-02 -1.100302e-02 9.996043e-01
      outer loop
         vertex -5.818605e-02 -2.057262e-03 6.589493e-03
         vertex -6.223414e-02 -2.758861e-03 6.686612e-03
         vertex -1.869806e-02 -1.559169e-03 5.572272e-03
      endloop
   endfacet
   facet normal 2.563147e-02 2.231894e-04 9.996714e-01
      outer loop
         vertex -1.714715e-02 -1.032665e-03 5.541672e-03
         vertex -5.741325e-02 -1.486369e-03 6.574192e-03
         vertex -5.741057e-02 -1.793971e-03 6.574192e-03
      endloop
   endfacet
   facet normal 2.597972e-02 -1.843509e-02 9.994925e-01
      outer loop
         vertex -5.741057e-02 -1.793971e-03 6.574192e-03
         vertex -5.818605e-02 -2.057262e-03 6.589493e-03
         vertex -1.869806e-02 -1.559169e-03 5.572272e-03
      endloop
   endfacet
   facet normal 2.588911e-02 -1.100446e-02 9.996042e-01
      outer loop
         vertex -9.767397e-02 -2.555263e-03 7.606722e-03
         vertex -6.223414e-02 -2.758861e-03 6.686612e-03
         vertex -5.818605e-02 -2.057262e-03 6.589493e-03
      endloop
   endfacet
   facet normal 2.563165e-02 2.231909e-04 9.996714e-01
      outer loop
         vertex -5.741057e-02 -1.793971e-03 6.574192e-03
         vertex -5.741325e-02 -1.486369e-03 6.574192e-03
         vertex -9.767946e-02 -1.940257e-03 7.606722e-03
      endloop
   endfacet
   facet normal 2.597994e-02 -1.843575e-02 9.994925e-01
      outer loop
         vertex -9.767397e-02 -2.555263e-03 7.606722e-03
         vertex -5.818605e-02 -2.057262e-03 6.589493e-03
         vertex -5.741057e-02 -1.793971e-03 6.574192e-03
      endloop
   endfacet
   facet normal 2.563163e-02 2.288519e-04 9.996714e-01
      outer loop
         vertex -9.767397e-02 -2.555263e-03 7.606722e-03
         vertex -5.741057e-02 -1.793971e-03 6.574192e-03
         vertex -9.767946e-02 -1.940257e-03 7.606722e-03
      endloop
   endfacet
   facet normal -9.998783e-01 -8.927409e-03 1.279308e-02
      outer loop
         vertex -9.769987e-02 -7.234768e-03 2.316490e-03
         vertex -9.767397e-02 -2.555263e-03 7.606722e-03
         vertex -9.767946e-02 -1.940257e-03 7.606722e-03
      endloop
   endfacet
   facet normal -9.998804e-01 -8.832984e-03 1.269859e-02
      outer loop
         vertex -9.770665e-02 -7.234768e-03 1.782634e-03
         vertex -9.769987e-02 -7.234768e-03 2.316490e-03
         vertex -9.767946e-02 -1.940257e-03 7.606722e-03
      endloop
   endfacet
   facet normal 2.204292e-02 -9.995952e-01 1.798921e-02
      outer loop
         vertex -1.717346e-02 -5.480861e-03 1.097267e-03
         vertex -1.871156e-02 -5.505260e-03 1.626214e-03
         vertex -5.743666e-02 -6.357769e-03 1.706878e-03
      endloop
   endfacet
   facet normal 2.204296e-02 -9.995947e-01 1.801414e-02
      outer loop
         vertex -5.743666e-02 -6.357769e-03 1.706878e-03
         vertex -1.871156e-02 -5.505260e-03 1.626214e-03
         vertex -5.820568e-02 -6.369960e-03 1.971353e-03
      endloop
   endfacet
   facet normal 2.177229e-02 -9.997629e-01 -2.765104e-04
      outer loop
         vertex -9.770665e-02 -7.234768e-03 1.782634e-03
         vertex -5.744004e-02 -6.357769e-03 1.439947e-03
         vertex -9.769987e-02 -7.234768e-03 2.316490e-03
      endloop
   endfacet
   facet normal 2.177004e-02 -9.997630e-01 -2.755671e-04
      outer loop
         vertex -1.717346e-02 -5.480861e-03 1.097267e-03
         vertex -5.743666e-02 -6.357769e-03 1.706878e-03
         vertex -5.744004e-02 -6.357769e-03 1.439947e-03
      endloop
   endfacet
   facet normal 2.204568e-02 -9.995945e-01 1.802205e-02
      outer loop
         vertex -9.769987e-02 -7.234768e-03 2.316490e-03
         vertex -5.743666e-02 -6.357769e-03 1.706878e-03
         vertex -5.820568e-02 -6.369960e-03 1.971353e-03
      endloop
   endfacet
   facet normal 2.177231e-02 -9.997629e-01 -2.755959e-04
      outer loop
         vertex -5.744004e-02 -6.357769e-03 1.439947e-03
         vertex -5.743666e-02 -6.357769e-03 1.706878e-03
         vertex -9.769987e-02 -7.234768e-03 2.316490e-03
      endloop
   endfacet
   facet normal 2.574971e-02 -1.040110e-02 9.996143e-01
      outer loop
         vertex -5.663624e-02 -1.253261e-03 6.556602e-03
         vertex -5.741325e-02 -1.486369e-03 6.574192e-03
         vertex -1.714715e-02 -1.032665e-03 5.541672e-03
      endloop
   endfacet
   facet normal 2.574995e-02 -1.040190e-02 9.996143e-01
      outer loop
         vertex -9.767946e-02 -1.940257e-03 7.606722e-03
         vertex -5.741325e-02 -1.486369e-03 6.574192e-03
         vertex -5.663624e-02 -1.253261e-03 6.556602e-03
      endloop
   endfacet
   facet normal 2.557350e-02 2.296504e-04 9.996729e-01
      outer loop
         vertex -9.767946e-02 -1.940257e-03 7.606722e-03
         vertex -5.663624e-02 -1.253261e-03 6.556602e-03
         vertex -9.768438e-02 -1.392666e-03 7.606722e-03
      endloop
   endfacet
   facet normal -9.998774e-01 -8.978916e-03 1.283124e-02
      outer loop
         vertex -9.770665e-02 -7.234768e-03 1.782634e-03
         vertex -9.767946e-02 -1.940257e-03 7.606722e-03
         vertex -9.768438e-02 -1.392666e-03 7.606722e-03
      endloop
   endfacet
   facet normal -9.998793e-01 -8.889363e-03 1.274141e-02
      outer loop
         vertex -9.768438e-02 -1.392666e-03 7.606722e-03
         vertex -9.771346e-02 -7.234859e-03 1.248755e-03
         vertex -9.770665e-02 -7.234768e-03 1.782634e-03
      endloop
   endfacet
   facet normal 2.169785e-02 -9.997646e-01 -1.055462e-04
      outer loop
         vertex -5.885487e-02 -6.391460e-03 7.520359e-04
         vertex -9.770665e-02 -7.234768e-03 1.782634e-03
         vertex -9.771346e-02 -7.234859e-03 1.248755e-03
      endloop
   endfacet
   facet normal 2.169831e-02 -9.997646e-01 -6.964365e-05
      outer loop
         vertex -9.772005e-02 -7.234966e-03 7.318862e-04
         vertex -5.885487e-02 -6.391460e-03 7.520359e-04
         vertex -9.771346e-02 -7.234859e-03 1.248755e-03
      endloop
   endfacet
   facet normal 2.173584e-02 -9.997629e-01 1.328087e-03
      outer loop
         vertex -9.770665e-02 -7.234768e-03 1.782634e-03
         vertex -5.885487e-02 -6.391460e-03 7.520359e-04
         vertex -5.668464e-02 -6.343669e-03 1.209659e-03
      endloop
   endfacet
   facet normal 2.169909e-02 -9.997632e-01 -1.633450e-03
      outer loop
         vertex -9.772005e-02 -7.234966e-03 7.318862e-04
         vertex -5.667146e-02 -6.343258e-03 2.542604e-04
         vertex -5.885487e-02 -6.391460e-03 7.520359e-04
      endloop
   endfacet
   facet normal 2.173585e-02 -9.997629e-01 1.328064e-03
      outer loop
         vertex -5.668464e-02 -6.343669e-03 1.209659e-03
         vertex -5.885487e-02 -6.391460e-03 7.520359e-04
         vertex -1.566266e-02 -5.452571e-03 6.366872e-04
      endloop
   endfacet
   facet normal 2.169362e-02 -9.997633e-01 -1.657443e-03
      outer loop
         vertex -5.885487e-02 -6.391460e-03 7.520359e-04
         vertex -5.667146e-02 -6.343258e-03 2.542604e-04
         vertex -1.562286e-02 -5.451762e-03 -2.233616e-04
      endloop
   endfacet
   facet normal 2.174166e-02 -9.997573e-01 3.551015e-03
      outer loop
         vertex -5.885487e-02 -6.391460e-03 7.520359e-04
         vertex -1.999626e-02 -5.548168e-03 2.553190e-04
         vertex -1.566266e-02 -5.452571e-03 6.366872e-04
      endloop
   endfacet
   facet normal 2.165107e-02 -9.997593e-01 -3.539703e-03
      outer loop
         vertex -1.562286e-02 -5.451762e-03 -2.233616e-04
         vertex -1.999626e-02 -5.548168e-03 2.553190e-04
         vertex -5.885487e-02 -6.391460e-03 7.520359e-04
      endloop
   endfacet
   facet normal 2.174416e-02 -9.997574e-01 3.522687e-03
      outer loop
         vertex -1.999626e-02 -5.548168e-03 2.553190e-04
         vertex 1.886224e-02 -4.704768e-03 -2.413990e-04
         vertex -1.566266e-02 -5.452571e-03 6.366872e-04
      endloop
   endfacet
   facet normal 2.165430e-02 -9.997594e-01 -3.510173e-03
      outer loop
         vertex -1.562286e-02 -5.451762e-03 -2.233616e-04
         vertex 1.886224e-02 -4.704768e-03 -2.413990e-04
         vertex -1.999626e-02 -5.548168e-03 2.553190e-04
      endloop
   endfacet
   facet normal -9.998786e-01 -8.945545e-03 1.275743e-02
      outer loop
         vertex -9.785146e-02 -8.773615e-04 -5.109234e-03
         vertex -9.772005e-02 -7.234966e-03 7.318862e-04
         vertex -9.771346e-02 -7.234859e-03 1.248755e-03
      endloop
   endfacet
   facet normal -9.998784e-01 -8.881431e-03 1.281878e-02
      outer loop
         vertex -9.772005e-02 -7.234966e-03 7.318862e-04
         vertex -9.784666e-02 -1.411159e-03 -5.109234e-03
         vertex -9.772707e-02 -7.234966e-03 1.844400e-04
      endloop
   endfacet
   facet normal -9.998780e-01 -8.804433e-03 1.290348e-02
      outer loop
         vertex -9.784666e-02 -1.411159e-03 -5.109234e-03
         vertex -9.784196e-02 -1.945064e-03 -5.109233e-03
         vertex -9.772707e-02 -7.234966e-03 1.844400e-04
      endloop
   endfacet
   facet normal -9.998787e-01 -8.973692e-03 1.272680e-02
      outer loop
         vertex -9.772005e-02 -7.234966e-03 7.318862e-04
         vertex -9.785146e-02 -8.773615e-04 -5.109234e-03
         vertex -9.784666e-02 -1.411159e-03 -5.109234e-03
      endloop
   endfacet
   facet normal 7.594023e-05 -1.058954e-06 -1.000000e+00
      outer loop
         vertex -5.756956e-02 -1.224071e-03 -5.106175e-03
         vertex -5.756715e-02 -1.490962e-03 -5.106175e-03
         vertex -9.784196e-02 -1.945064e-03 -5.109233e-03
      endloop
   endfacet
   facet normal 7.594053e-05 -1.075663e-06 -1.000000e+00
      outer loop
         vertex -9.784666e-02 -1.411159e-03 -5.109234e-03
         vertex -5.756956e-02 -1.224071e-03 -5.106175e-03
         vertex -9.784196e-02 -1.945064e-03 -5.109233e-03
      endloop
   endfacet
   facet normal -2.815725e-08 -8.726080e-07 -1.000000e+00
      outer loop
         vertex -5.898207e-02 -5.306665e-04 -5.109236e-03
         vertex -9.784666e-02 -1.411159e-03 -5.109234e-03
         vertex -9.785146e-02 -8.773615e-04 -5.109234e-03
      endloop
   endfacet
   facet normal 7.588245e-05 -1.059476e-06 -1.000000e+00
      outer loop
         vertex -1.729236e-02 -1.036861e-03 -5.103119e-03
         vertex -5.756715e-02 -1.490962e-03 -5.106175e-03
         vertex -5.756956e-02 -1.224071e-03 -5.106175e-03
      endloop
   endfacet
   facet normal 1.247208e-04 -1.050361e-02 -9.999448e-01
      outer loop
         vertex -9.784666e-02 -1.411159e-03 -5.109234e-03
         vertex -5.681306e-02 -9.966694e-04 -5.108470e-03
         vertex -5.756956e-02 -1.224071e-03 -5.106175e-03
      endloop
   endfacet
   facet normal 3.364499e-05 -1.487191e-03 -9.999989e-01
      outer loop
         vertex -9.784666e-02 -1.411159e-03 -5.109234e-03
         vertex -5.898207e-02 -5.306665e-04 -5.109236e-03
         vertex -5.681306e-02 -9.966694e-04 -5.108470e-03
      endloop
   endfacet
   facet normal -3.027182e-05 3.392553e-03 -9.999942e-01
      outer loop
         vertex -1.573636e-02 2.778367e-04 -5.107802e-03
         vertex -2.011265e-02 -1.839711e-04 -5.109236e-03
         vertex -5.898207e-02 -5.306665e-04 -5.109236e-03
      endloop
   endfacet
   facet normal 3.115393e-05 -3.494136e-03 -9.999939e-01
      outer loop
         vertex -5.898207e-02 -5.306665e-04 -5.109236e-03
         vertex -2.011265e-02 -1.839711e-04 -5.109236e-03
         vertex -1.577946e-02 -5.820571e-04 -5.107710e-03
      endloop
   endfacet
   facet normal 2.818239e-04 -1.826739e-02 -9.998331e-01
      outer loop
         vertex -1.729236e-02 -1.036861e-03 -5.103119e-03
         vertex -1.883265e-02 -1.559764e-03 -5.094000e-03
         vertex -5.756715e-02 -1.490962e-03 -5.106175e-03
      endloop
   endfacet
   facet normal 1.246941e-04 -1.050352e-02 -9.999448e-01
      outer loop
         vertex -5.681306e-02 -9.966694e-04 -5.108470e-03
         vertex -1.729236e-02 -1.036861e-03 -5.103119e-03
         vertex -5.756956e-02 -1.224071e-03 -5.106175e-03
      endloop
   endfacet
   facet normal 3.354084e-05 -1.487676e-03 -9.999989e-01
      outer loop
         vertex -5.681306e-02 -9.966694e-04 -5.108470e-03
         vertex -5.898207e-02 -5.306665e-04 -5.109236e-03
         vertex -1.577946e-02 -5.820571e-04 -5.107710e-03
      endloop
   endfacet
   facet normal -3.022394e-05 3.392099e-03 -9.999942e-01
      outer loop
         vertex -1.573636e-02 2.778367e-04 -5.107802e-03
         vertex 1.875664e-02 1.626328e-04 -5.109235e-03
         vertex -2.011265e-02 -1.839711e-04 -5.109236e-03
      endloop
   endfacet
   facet normal 3.117928e-05 -3.493860e-03 -9.999939e-01
      outer loop
         vertex -2.011265e-02 -1.839711e-04 -5.109236e-03
         vertex 1.875664e-02 1.626328e-04 -5.109235e-03
         vertex -1.577946e-02 -5.820571e-04 -5.107710e-03
      endloop
   endfacet
   facet normal 2.821957e-04 -1.826849e-02 -9.998331e-01
      outer loop
         vertex -1.883265e-02 -1.559764e-03 -5.094000e-03
         vertex -1.729236e-02 -1.036861e-03 -5.103119e-03
         vertex 2.133794e-02 -8.539692e-04 -5.095558e-03
      endloop
   endfacet
   facet normal 1.246890e-04 -1.050858e-02 -9.999448e-01
      outer loop
         vertex -1.577946e-02 -5.820571e-04 -5.107710e-03
         vertex -1.729236e-02 -1.036861e-03 -5.103119e-03
         vertex -5.681306e-02 -9.966694e-04 -5.108470e-03
      endloop
   endfacet
   facet normal -2.387120e-05 5.294061e-03 -9.999860e-01
      outer loop
         vertex -1.573636e-02 2.778367e-04 -5.107802e-03
         vertex 2.389504e-02 5.858348e-04 -5.107117e-03
         vertex 1.875664e-02 1.626328e-04 -5.109235e-03
      endloop
   endfacet
   facet normal 3.124382e-05 -3.496853e-03 -9.999939e-01
      outer loop
         vertex -1.577946e-02 -5.820571e-04 -5.107710e-03
         vertex 1.875664e-02 1.626328e-04 -5.109235e-03
         vertex 2.092323e-02 -3.626646e-05 -5.108472e-03
      endloop
   endfacet
   facet normal 2.822049e-04 -1.827044e-02 -9.998330e-01
      outer loop
         vertex 2.133794e-02 -8.539692e-04 -5.095558e-03
         vertex -1.729236e-02 -1.036861e-03 -5.103119e-03
         vertex 2.210804e-02 -5.925714e-04 -5.100117e-03
      endloop
   endfacet
   facet normal 1.245812e-04 -1.050822e-02 -9.999448e-01
      outer loop
         vertex -1.729236e-02 -1.036861e-03 -5.103119e-03
         vertex -1.577946e-02 -5.820571e-04 -5.107710e-03
         vertex 2.308734e-02 -4.091603e-04 -5.104685e-03
      endloop
   endfacet
   facet normal -2.392309e-05 5.294691e-03 -9.999860e-01
      outer loop
         vertex 1.875664e-02 1.626328e-04 -5.109235e-03
         vertex 2.389504e-02 5.858348e-04 -5.107117e-03
         vertex 6.352654e-02 8.938335e-04 -5.106435e-03
      endloop
   endfacet
   facet normal 1.013389e-04 -8.210488e-03 -9.999663e-01
      outer loop
         vertex 2.092323e-02 -3.626646e-05 -5.108472e-03
         vertex 2.384384e-02 -1.817585e-04 -5.106981e-03
         vertex -1.577946e-02 -5.820571e-04 -5.107710e-03
      endloop
   endfacet
   facet normal 3.113050e-05 -3.498087e-03 -9.999939e-01
      outer loop
         vertex 2.092323e-02 -3.626646e-05 -5.108472e-03
         vertex 1.875664e-02 1.626328e-04 -5.109235e-03
         vertex 5.762613e-02 5.093425e-04 -5.109238e-03
      endloop
   endfacet
   facet normal 2.821397e-04 -1.827025e-02 -9.998330e-01
      outer loop
         vertex 6.150873e-02 -1.481582e-04 -5.097120e-03
         vertex 2.133794e-02 -8.539692e-04 -5.095558e-03
         vertex 2.210804e-02 -5.925714e-04 -5.100117e-03
      endloop
   endfacet
   facet normal 3.797545e-04 -2.692263e-02 -9.996374e-01
      outer loop
         vertex -1.729236e-02 -1.036861e-03 -5.103119e-03
         vertex 2.308734e-02 -4.091603e-04 -5.104685e-03
         vertex 2.210804e-02 -5.925714e-04 -5.100117e-03
      endloop
   endfacet
   facet normal 1.246045e-04 -1.051345e-02 -9.999447e-01
      outer loop
         vertex 2.308734e-02 -4.091603e-04 -5.104685e-03
         vertex -1.577946e-02 -5.820571e-04 -5.107710e-03
         vertex 2.384384e-02 -1.817585e-04 -5.106981e-03
      endloop
   endfacet
   facet normal -7.542803e-05 8.448149e-03 -9.999643e-01
      outer loop
         vertex 6.352654e-02 8.938335e-04 -5.106435e-03
         vertex 5.762613e-02 5.093425e-04 -5.109238e-03
         vertex 1.875664e-02 1.626328e-04 -5.109235e-03
      endloop
   endfacet
   facet normal 1.012192e-04 -8.212890e-03 -9.999663e-01
      outer loop
         vertex 5.762613e-02 5.093425e-04 -5.109238e-03
         vertex 2.384384e-02 -1.817585e-04 -5.106981e-03
         vertex 2.092323e-02 -3.626646e-05 -5.108472e-03
      endloop
   endfacet
   facet normal 3.797155e-04 -2.692242e-02 -9.996375e-01
      outer loop
         vertex 2.308734e-02 -4.091603e-04 -5.104685e-03
         vertex 6.150873e-02 -1.481582e-04 -5.097120e-03
         vertex 2.210804e-02 -5.925714e-04 -5.100117e-03
      endloop
   endfacet
   facet normal 1.244942e-04 -1.051309e-02 -9.999447e-01
      outer loop
         vertex 6.346744e-02 2.185405e-04 -5.106257e-03
         vertex 2.308734e-02 -4.091603e-04 -5.104685e-03
         vertex 2.384384e-02 -1.817585e-04 -5.106981e-03
      endloop
   endfacet
   facet normal -7.531368e-05 8.446394e-03 -9.999643e-01
      outer loop
         vertex 5.762613e-02 5.093425e-04 -5.109238e-03
         vertex 6.352654e-02 8.938335e-04 -5.106435e-03
         vertex 9.649544e-02 8.560375e-04 -5.109237e-03
      endloop
   endfacet
   facet normal 1.012933e-04 -8.216509e-03 -9.999662e-01
      outer loop
         vertex 6.346744e-02 2.185405e-04 -5.106257e-03
         vertex 2.384384e-02 -1.817585e-04 -5.106981e-03
         vertex 5.762613e-02 5.093425e-04 -5.109238e-03
      endloop
   endfacet
   facet normal 3.798158e-04 -2.693721e-02 -9.996371e-01
      outer loop
         vertex 6.346744e-02 2.185405e-04 -5.106257e-03
         vertex 6.150873e-02 -1.481582e-04 -5.097120e-03
         vertex 2.308734e-02 -4.091603e-04 -5.104685e-03
      endloop
   endfacet
   facet normal 7.756251e-05 -8.693146e-03 -9.999622e-01
      outer loop
         vertex 5.762613e-02 5.093425e-04 -5.109238e-03
         vertex 9.649544e-02 8.560375e-04 -5.109237e-03
         vertex 6.346744e-02 2.185405e-04 -5.106257e-03
      endloop
   endfacet
   facet normal 7.749012e-05 -8.691377e-03 -9.999622e-01
      outer loop
         vertex 9.941614e-02 7.106365e-04 -5.107747e-03
         vertex 9.649544e-02 8.560375e-04 -5.109237e-03
         vertex 1.353648e-01 1.202641e-03 -5.109238e-03
      endloop
   endfacet
   facet normal 2.857134e-04 -2.643489e-02 -9.996505e-01
      outer loop
         vertex 6.150873e-02 -1.481582e-04 -5.097120e-03
         vertex 6.346744e-02 2.185405e-04 -5.106257e-03
         vertex 9.965254e-02 4.106339e-04 -5.100994e-03
      endloop
   endfacet
   facet normal 7.751768e-05 -8.690824e-03 -9.999622e-01
      outer loop
         vertex 6.346744e-02 2.185405e-04 -5.106257e-03
         vertex 9.649544e-02 8.560375e-04 -5.109237e-03
         vertex 9.941614e-02 7.106365e-04 -5.107747e-03
      endloop
   endfacet
   facet normal 1.881535e-04 -1.677678e-02 -9.998592e-01
      outer loop
         vertex 1.353648e-01 1.202641e-03 -5.109238e-03
         vertex 1.006318e-01 5.940288e-04 -5.105562e-03
         vertex 9.941614e-02 7.106365e-04 -5.107747e-03
      endloop
   endfacet
   facet normal 2.856355e-04 -2.642022e-02 -9.996509e-01
      outer loop
         vertex 9.965254e-02 4.106339e-04 -5.100994e-03
         vertex 6.346744e-02 2.185405e-04 -5.106257e-03
         vertex 1.006318e-01 5.940288e-04 -5.105562e-03
      endloop
   endfacet
   facet normal 1.882024e-04 -1.677627e-02 -9.998593e-01
      outer loop
         vertex 9.941614e-02 7.106365e-04 -5.107747e-03
         vertex 1.006318e-01 5.940288e-04 -5.105562e-03
         vertex 6.346744e-02 2.185405e-04 -5.106257e-03
      endloop
   endfacet
   facet normal 3.455371e-03 9.989455e-01 -4.578213e-02
      outer loop
         vertex 1.363496e-01 4.559326e-03 -2.259845e-03
         vertex 9.791524e-02 4.701436e-03 -2.059875e-03
         vertex 9.892984e-02 4.706636e-03 -1.869836e-03
      endloop
   endfacet
   facet normal 3.455150e-03 9.989455e-01 -4.578096e-02
      outer loop
         vertex 9.791524e-02 4.701436e-03 -2.059875e-03
         vertex 6.151044e-02 4.853935e-03 -1.479830e-03
         vertex 9.892984e-02 4.706636e-03 -1.869836e-03
      endloop
   endfacet
   facet normal 3.451258e-03 9.989344e-01 -4.602232e-02
      outer loop
         vertex 5.948114e-02 4.843436e-03 -1.859910e-03
         vertex 6.151044e-02 4.853935e-03 -1.479830e-03
         vertex 9.791524e-02 4.701436e-03 -2.059875e-03
      endloop
   endfacet
   facet normal 3.937387e-03 9.999922e-01 -4.983963e-05
      outer loop
         vertex -5.756227e-02 5.322946e-03 2.817902e-05
         vertex -5.756565e-02 5.322946e-03 -2.387530e-04
         vertex -9.784056e-02 5.481546e-03 1.810173e-04
      endloop
   endfacet
   facet normal 3.625247e-03 9.988907e-01 -4.695006e-02
      outer loop
         vertex 6.151044e-02 4.853935e-03 -1.479830e-03
         vertex 5.948114e-02 4.843436e-03 -1.859910e-03
         vertex 2.133393e-02 5.007546e-03 -1.313902e-03
      endloop
   endfacet
   facet normal 3.620975e-03 9.988768e-01 -4.724430e-02
      outer loop
         vertex 2.133393e-02 5.007546e-03 -1.313902e-03
         vertex 5.948114e-02 4.843436e-03 -1.859910e-03
         vertex 2.031934e-02 5.002236e-03 -1.503941e-03
      endloop
   endfacet
   facet normal 3.935167e-03 9.999923e-01 -4.981153e-05
      outer loop
         vertex -1.729086e-02 5.164436e-03 -6.585256e-04
         vertex -5.756565e-02 5.322946e-03 -2.387530e-04
         vertex -5.756227e-02 5.322946e-03 2.817902e-05
      endloop
   endfacet
   facet normal 3.747011e-03 9.998249e-01 -1.833180e-02
      outer loop
         vertex 6.151044e-02 4.853935e-03 -1.479830e-03
         vertex 2.133393e-02 5.007546e-03 -1.313902e-03
         vertex 2.210964e-02 5.009126e-03 -1.069175e-03
      endloop
   endfacet
   facet normal 3.625641e-03 9.988756e-01 -4.726917e-02
      outer loop
         vertex -1.884216e-02 5.161226e-03 -1.147980e-03
         vertex 2.133393e-02 5.007546e-03 -1.313902e-03
         vertex 2.031934e-02 5.002236e-03 -1.503941e-03
      endloop
   endfacet
   facet normal 3.743034e-03 9.998233e-01 -1.842012e-02
      outer loop
         vertex -1.729086e-02 5.164436e-03 -6.585256e-04
         vertex -1.884216e-02 5.161226e-03 -1.147980e-03
         vertex -5.756565e-02 5.322946e-03 -2.387530e-04
      endloop
   endfacet
   facet normal 3.749970e-03 9.998248e-01 -1.834118e-02
      outer loop
         vertex 2.133393e-02 5.007546e-03 -1.313902e-03
         vertex -1.729086e-02 5.164436e-03 -6.585256e-04
         vertex 2.210964e-02 5.009126e-03 -1.069175e-03
      endloop
   endfacet
   facet normal 3.748338e-03 9.998230e-01 -1.843693e-02
      outer loop
         vertex -1.884216e-02 5.161226e-03 -1.147980e-03
         vertex -1.729086e-02 5.164436e-03 -6.585256e-04
         vertex 2.133393e-02 5.007546e-03 -1.313902e-03
      endloop
   endfacet
   facet normal -9.998783e-01 -8.927749e-03 1.279459e-02
      outer loop
         vertex -9.784056e-02 5.481546e-03 1.810173e-04
         vertex -9.784838e-02 5.481436e-03 -4.298417e-04
         vertex -9.786648e-02 8.021292e-04 -5.109237e-03
      endloop
   endfacet
   facet normal 3.674675e-03 9.991117e-01 -4.198004e-02
      outer loop
         vertex -1.884216e-02 5.161226e-03 -1.147980e-03
         vertex 2.031934e-02 5.002236e-03 -1.503941e-03
         vertex 1.122994e-02 5.016526e-03 -1.959469e-03
      endloop
   endfacet
   facet normal -9.998801e-01 -8.845163e-03 1.271201e-02
      outer loop
         vertex -9.786648e-02 8.021292e-04 -5.109237e-03
         vertex -9.784838e-02 5.481436e-03 -4.298417e-04
         vertex -9.785735e-02 5.481326e-03 -1.135505e-03
      endloop
   endfacet
   facet normal 4.054628e-03 9.999918e-01 -2.317798e-04
      outer loop
         vertex -9.784056e-02 5.481546e-03 1.810173e-04
         vertex -5.834135e-02 5.321236e-03 -4.834796e-04
         vertex -9.784838e-02 5.481436e-03 -4.298417e-04
      endloop
   endfacet
   facet normal 3.740818e-03 9.998155e-01 -1.884282e-02
      outer loop
         vertex -9.784056e-02 5.481546e-03 1.810173e-04
         vertex -5.756565e-02 5.322946e-03 -2.387530e-04
         vertex -5.834135e-02 5.321236e-03 -4.834796e-04
      endloop
   endfacet
   facet normal 4.050186e-03 9.995955e-01 -2.815065e-02
      outer loop
         vertex -1.884216e-02 5.161226e-03 -1.147980e-03
         vertex 1.122994e-02 5.016526e-03 -1.959469e-03
         vertex -2.605896e-02 5.175546e-03 -1.677814e-03
      endloop
   endfacet
   facet normal 4.260718e-03 9.999909e-01 -2.105558e-04
      outer loop
         vertex -9.784838e-02 5.481436e-03 -4.298417e-04
         vertex -6.240977e-02 5.330236e-03 -1.403248e-03
         vertex -9.785735e-02 5.481326e-03 -1.135505e-03
      endloop
   endfacet
   facet normal 4.054872e-03 9.999918e-01 -5.192936e-05
      outer loop
         vertex -5.834135e-02 5.321236e-03 -4.834796e-04
         vertex -5.834526e-02 5.321236e-03 -7.889110e-04
         vertex -9.784838e-02 5.481436e-03 -4.298417e-04
      endloop
   endfacet
   facet normal 3.733614e-03 9.998159e-01 -1.881999e-02
      outer loop
         vertex -5.756565e-02 5.322946e-03 -2.387530e-04
         vertex -1.884216e-02 5.161226e-03 -1.147980e-03
         vertex -5.834135e-02 5.321236e-03 -4.834796e-04
      endloop
   endfacet
   facet normal 4.041981e-03 9.995987e-01 -2.803881e-02
      outer loop
         vertex -1.884216e-02 5.161226e-03 -1.147980e-03
         vertex -2.605896e-02 5.175546e-03 -1.677814e-03
         vertex -6.240977e-02 5.330236e-03 -1.403248e-03
      endloop
   endfacet
   facet normal 3.950645e-03 9.999262e-01 -1.148926e-02
      outer loop
         vertex -9.784838e-02 5.481436e-03 -4.298417e-04
         vertex -5.834526e-02 5.321236e-03 -7.889110e-04
         vertex -6.240977e-02 5.330236e-03 -1.403248e-03
      endloop
   endfacet
   facet normal 4.050065e-03 9.999918e-01 -5.186779e-05
      outer loop
         vertex -1.884216e-02 5.161226e-03 -1.147980e-03
         vertex -5.834526e-02 5.321236e-03 -7.889110e-04
         vertex -5.834135e-02 5.321236e-03 -4.834796e-04
      endloop
   endfacet
   facet normal 3.946112e-03 9.999266e-01 -1.145926e-02
      outer loop
         vertex -6.240977e-02 5.330236e-03 -1.403248e-03
         vertex -5.834526e-02 5.321236e-03 -7.889110e-04
         vertex -1.884216e-02 5.161226e-03 -1.147980e-03
      endloop
   endfacet
   facet normal -9.998763e-01 -9.012661e-03 1.289109e-02
      outer loop
         vertex -9.787276e-02 1.506932e-03 -5.109238e-03
         vertex -9.785735e-02 5.481326e-03 -1.135505e-03
         vertex -9.786607e-02 5.415026e-03 -1.858569e-03
      endloop
   endfacet
   facet normal -9.998785e-01 -8.910390e-03 1.278881e-02
      outer loop
         vertex -9.787276e-02 1.506932e-03 -5.109238e-03
         vertex -9.786648e-02 8.021292e-04 -5.109237e-03
         vertex -9.785735e-02 5.481326e-03 -1.135505e-03
      endloop
   endfacet
   facet normal -9.998784e-01 -8.926353e-03 1.278733e-02
      outer loop
         vertex -9.788225e-02 2.969836e-03 -4.830250e-03
         vertex -9.787276e-02 1.506932e-03 -5.109238e-03
         vertex -9.786607e-02 5.415026e-03 -1.858569e-03
      endloop
   endfacet
   facet normal 3.990422e-04 2.234665e-06 -9.999999e-01
      outer loop
         vertex -6.242396e-02 1.637928e-03 -5.095092e-03
         vertex -9.786648e-02 8.021292e-04 -5.109237e-03
         vertex -9.787276e-02 1.506932e-03 -5.109238e-03
      endloop
   endfacet
   facet normal -9.998764e-01 -8.952109e-03 1.292246e-02
      outer loop
         vertex -9.788225e-02 2.969836e-03 -4.830250e-03
         vertex -9.787837e-02 2.230138e-03 -5.042905e-03
         vertex -9.787276e-02 1.506932e-03 -5.109238e-03
      endloop
   endfacet
   facet normal 5.985733e-05 9.133711e-02 -9.958200e-01
      outer loop
         vertex -9.787837e-02 2.230138e-03 -5.042905e-03
         vertex -6.242396e-02 1.637928e-03 -5.095092e-03
         vertex -9.787276e-02 1.506932e-03 -5.109238e-03
      endloop
   endfacet
   facet normal 2.778159e-04 1.042555e-01 -9.945505e-01
      outer loop
         vertex -2.366975e-02 2.391042e-03 -5.005320e-03
         vertex -6.242396e-02 1.637928e-03 -5.095092e-03
         vertex -6.077407e-02 2.310643e-03 -5.024112e-03
      endloop
   endfacet
   facet normal -1.123233e-04 2.762977e-01 -9.610721e-01
      outer loop
         vertex -9.788225e-02 2.969836e-03 -4.830250e-03
         vertex -6.077595e-02 2.680439e-03 -4.917785e-03
         vertex -9.787837e-02 2.230138e-03 -5.042905e-03
      endloop
   endfacet
   facet normal -1.120138e-04 2.763336e-01 -9.610618e-01
      outer loop
         vertex -2.366975e-02 2.391042e-03 -5.005320e-03
         vertex -6.077407e-02 2.310643e-03 -5.024112e-03
         vertex -6.077595e-02 2.680439e-03 -4.917785e-03
      endloop
   endfacet
   facet normal 2.775200e-04 1.042563e-01 -9.945504e-01
      outer loop
         vertex -6.077407e-02 2.310643e-03 -5.024112e-03
         vertex -6.242396e-02 1.637928e-03 -5.095092e-03
         vertex -9.787837e-02 2.230138e-03 -5.042905e-03
      endloop
   endfacet
   facet normal -1.127941e-04 2.763336e-01 -9.610618e-01
      outer loop
         vertex -6.077595e-02 2.680439e-03 -4.917785e-03
         vertex -6.077407e-02 2.310643e-03 -5.024112e-03
         vertex -9.787837e-02 2.230138e-03 -5.042905e-03
      endloop
   endfacet
   facet normal -1.987132e-08 -1.801578e-06 -1.000000e+00
      outer loop
         vertex -9.785607e-02 -3.603622e-04 -5.109235e-03
         vertex -5.898207e-02 -5.306665e-04 -5.109236e-03
         vertex -9.785146e-02 -8.773615e-04 -5.109234e-03
      endloop
   endfacet
   facet normal 1.747627e-05 -6.948833e-07 -1.000000e+00
      outer loop
         vertex -9.786095e-02 1.870316e-04 -5.109236e-03
         vertex -5.679866e-02 2.324418e-04 -5.108518e-03
         vertex -9.785607e-02 -3.603622e-04 -5.109235e-03
      endloop
   endfacet
   facet normal 6.288565e-06 1.438174e-03 -9.999990e-01
      outer loop
         vertex -9.785607e-02 -3.603622e-04 -5.109235e-03
         vertex -5.679615e-02 -4.127039e-05 -5.108518e-03
         vertex -5.898207e-02 -5.306665e-04 -5.109236e-03
      endloop
   endfacet
   facet normal 5.694031e-06 1.065253e-02 -9.999433e-01
      outer loop
         vertex -9.786095e-02 1.870316e-04 -5.109236e-03
         vertex -5.757986e-02 4.516338e-04 -5.106187e-03
         vertex -5.679866e-02 2.324418e-04 -5.108518e-03
      endloop
   endfacet
   facet normal 1.746392e-05 1.602019e-07 -1.000000e+00
      outer loop
         vertex -5.679866e-02 2.324418e-04 -5.108518e-03
         vertex -5.679615e-02 -4.127039e-05 -5.108518e-03
         vertex -9.785607e-02 -3.603622e-04 -5.109235e-03
      endloop
   endfacet
   facet normal 6.264533e-06 1.438282e-03 -9.999990e-01
      outer loop
         vertex -5.898207e-02 -5.306665e-04 -5.109236e-03
         vertex -5.679615e-02 -4.127039e-05 -5.108518e-03
         vertex -1.573636e-02 2.778367e-04 -5.107802e-03
      endloop
   endfacet
   facet normal -4.962927e-05 1.209191e-01 -9.926624e-01
      outer loop
         vertex -2.366975e-02 2.391042e-03 -5.005320e-03
         vertex 1.121794e-02 1.909840e-03 -5.065680e-03
         vertex -2.607206e-02 1.772237e-03 -5.080578e-03
      endloop
   endfacet
   facet normal 7.567911e-05 -8.255292e-07 -1.000000e+00
      outer loop
         vertex -5.758265e-02 7.592357e-04 -5.106188e-03
         vertex -5.757986e-02 4.516338e-04 -5.106187e-03
         vertex -9.786095e-02 1.870316e-04 -5.109236e-03
      endloop
   endfacet
   facet normal 5.568723e-06 1.065209e-02 -9.999433e-01
      outer loop
         vertex -5.679866e-02 2.324418e-04 -5.108518e-03
         vertex -5.757986e-02 4.516338e-04 -5.106187e-03
         vertex -1.729877e-02 7.163275e-04 -5.103143e-03
      endloop
   endfacet
   facet normal 1.744129e-05 1.599943e-07 -1.000000e+00
      outer loop
         vertex -1.573636e-02 2.778367e-04 -5.107802e-03
         vertex -5.679615e-02 -4.127039e-05 -5.108518e-03
         vertex -5.679866e-02 2.324418e-04 -5.108518e-03
      endloop
   endfacet
   facet normal 2.964458e-04 2.788590e-02 -9.996111e-01
      outer loop
         vertex -2.607206e-02 1.772237e-03 -5.080578e-03
         vertex 1.121794e-02 1.909840e-03 -5.065680e-03
         vertex -1.885917e-02 1.215138e-03 -5.093980e-03
      endloop
   endfacet
   facet normal 7.557508e-05 -8.264754e-07 -1.000000e+00
      outer loop
         vertex -1.729877e-02 7.163275e-04 -5.103143e-03
         vertex -5.757986e-02 4.516338e-04 -5.106187e-03
         vertex -5.758265e-02 7.592357e-04 -5.106188e-03
      endloop
   endfacet
   facet normal 5.673964e-06 1.064350e-02 -9.999434e-01
      outer loop
         vertex -1.573636e-02 2.778367e-04 -5.107802e-03
         vertex -5.679866e-02 2.324418e-04 -5.108518e-03
         vertex -1.729877e-02 7.163275e-04 -5.103143e-03
      endloop
   endfacet
   facet normal 2.957013e-04 2.791810e-02 -9.996102e-01
      outer loop
         vertex -1.885917e-02 1.215138e-03 -5.093980e-03
         vertex 1.121794e-02 1.909840e-03 -5.065680e-03
         vertex 1.531194e-02 1.633138e-03 -5.072197e-03
      endloop
   endfacet
   facet normal 9.544442e-05 1.866565e-02 -9.998258e-01
      outer loop
         vertex -1.729877e-02 7.163275e-04 -5.103143e-03
         vertex -5.758265e-02 7.592357e-04 -5.106188e-03
         vertex -1.885917e-02 1.215138e-03 -5.093980e-03
      endloop
   endfacet
   facet normal 5.536360e-06 1.064301e-02 -9.999434e-01
      outer loop
         vertex -1.729877e-02 7.163275e-04 -5.103143e-03
         vertex 2.210464e-02 9.751323e-04 -5.100171e-03
         vertex -1.573636e-02 2.778367e-04 -5.107802e-03
      endloop
   endfacet
   facet normal -1.385334e-04 6.333205e-02 -9.979925e-01
      outer loop
         vertex 1.531194e-02 1.633138e-03 -5.072197e-03
         vertex 2.030344e-02 1.419941e-03 -5.086420e-03
         vertex -1.885917e-02 1.215138e-03 -5.093980e-03
      endloop
   endfacet
   facet normal 2.956400e-04 2.791719e-02 -9.996102e-01
      outer loop
         vertex 1.531194e-02 1.633138e-03 -5.072197e-03
         vertex 1.121794e-02 1.909840e-03 -5.065680e-03
         vertex 4.948294e-02 2.051228e-03 -5.050415e-03
      endloop
   endfacet
   facet normal 9.540714e-05 1.866553e-02 -9.998258e-01
      outer loop
         vertex -1.885917e-02 1.215138e-03 -5.093980e-03
         vertex 2.030344e-02 1.419941e-03 -5.086420e-03
         vertex -1.729877e-02 7.163275e-04 -5.103143e-03
      endloop
   endfacet
   facet normal -2.249334e-04 4.572100e-02 -9.989542e-01
      outer loop
         vertex 2.108373e-02 1.170430e-03 -5.091002e-03
         vertex 2.210464e-02 9.751323e-04 -5.100171e-03
         vertex -1.729877e-02 7.163275e-04 -5.103143e-03
      endloop
   endfacet
   facet normal -1.386629e-04 6.332903e-02 -9.979927e-01
      outer loop
         vertex 4.948294e-02 2.051228e-03 -5.050415e-03
         vertex 2.030344e-02 1.419941e-03 -5.086420e-03
         vertex 1.531194e-02 1.633138e-03 -5.072197e-03
      endloop
   endfacet
   facet normal -2.249676e-04 4.572082e-02 -9.989542e-01
      outer loop
         vertex 5.946634e-02 1.624532e-03 -5.078862e-03
         vertex 2.210464e-02 9.751323e-04 -5.100171e-03
         vertex 2.108373e-02 1.170430e-03 -5.091002e-03
      endloop
   endfacet
   facet normal 9.548159e-05 1.866156e-02 -9.998259e-01
      outer loop
         vertex -1.729877e-02 7.163275e-04 -5.103143e-03
         vertex 2.030344e-02 1.419941e-03 -5.086420e-03
         vertex 2.108373e-02 1.170430e-03 -5.091002e-03
      endloop
   endfacet
   facet normal -1.381260e-04 6.330430e-02 -9.979943e-01
      outer loop
         vertex 5.946634e-02 1.624532e-03 -5.078862e-03
         vertex 2.030344e-02 1.419941e-03 -5.086420e-03
         vertex 4.948294e-02 2.051228e-03 -5.050415e-03
      endloop
   endfacet
   facet normal 9.544600e-05 1.866145e-02 -9.998259e-01
      outer loop
         vertex 2.108373e-02 1.170430e-03 -5.091002e-03
         vertex 2.030344e-02 1.419941e-03 -5.086420e-03
         vertex 5.946634e-02 1.624532e-03 -5.078862e-03
      endloop
   endfacet
   facet normal 2.654090e-02 -8.967325e-02 9.956175e-01
      outer loop
         vertex 1.572423e-01 9.325298e-04 1.069834e-03
         vertex 1.364424e-01 6.981395e-04 1.603201e-03
         vertex 1.572440e-01 7.161297e-04 1.050298e-03
      endloop
   endfacet
   facet normal 2.666165e-02 -1.034352e-01 9.942788e-01
      outer loop
         vertex 1.572423e-01 9.325298e-04 1.069834e-03
         vertex 1.572419e-01 9.795422e-04 1.074736e-03
         vertex 1.364424e-01 6.981395e-04 1.603201e-03
      endloop
   endfacet
   facet normal 2.605515e-02 -5.093841e-02 9.983619e-01
      outer loop
         vertex 1.572419e-01 9.795422e-04 1.074736e-03
         vertex 1.379298e-01 9.790385e-04 1.578715e-03
         vertex 1.364424e-01 6.981395e-04 1.603201e-03
      endloop
   endfacet
   facet normal 9.998791e-01 7.450431e-03 1.365180e-02
      outer loop
         vertex 1.572419e-01 9.795422e-04 1.074736e-03
         vertex 1.572423e-01 9.325298e-04 1.069834e-03
         vertex 1.572403e-01 1.173329e-03 1.084664e-03
      endloop
   endfacet
   facet normal 2.605515e-02 -5.093661e-02 9.983620e-01
      outer loop
         vertex 1.572403e-01 1.173329e-03 1.084664e-03
         vertex 1.379298e-01 9.790385e-04 1.578715e-03
         vertex 1.572419e-01 9.795422e-04 1.074736e-03
      endloop
   endfacet
   facet normal 2.579892e-02 -2.281300e-02 9.994068e-01
      outer loop
         vertex 1.572403e-01 1.173329e-03 1.084664e-03
         vertex 1.572394e-01 1.282032e-03 1.087169e-03
         vertex 1.379298e-01 9.790385e-04 1.578715e-03
      endloop
   endfacet
   facet normal 2.570034e-02 -1.632021e-02 9.995365e-01
      outer loop
         vertex 1.572394e-01 1.282032e-03 1.087169e-03
         vertex 1.572384e-01 1.397740e-03 1.089084e-03
         vertex 1.379298e-01 9.790385e-04 1.578715e-03
      endloop
   endfacet
   facet normal 2.193951e-02 -9.995886e-01 1.847439e-02
      outer loop
         vertex 1.572279e-01 -1.699870e-03 -1.890658e-03
         vertex 1.572288e-01 -1.698558e-03 -1.820762e-03
         vertex 1.378700e-01 -2.117671e-03 -1.507764e-03
      endloop
   endfacet
   facet normal 9.998801e-01 8.837824e-03 -1.271258e-02
      outer loop
         vertex 1.572394e-01 1.282032e-03 1.087169e-03
         vertex 1.572279e-01 -1.699870e-03 -1.890658e-03
         vertex 1.572384e-01 1.397740e-03 1.089084e-03
      endloop
   endfacet
   facet normal 2.188309e-02 -9.996393e-01 1.556622e-02
      outer loop
         vertex 1.572279e-01 -1.699870e-03 -1.890658e-03
         vertex 1.378700e-01 -2.117671e-03 -1.507764e-03
         vertex 1.572264e-01 -1.701762e-03 -2.010071e-03
      endloop
   endfacet
   facet normal 9.998787e-01 8.903525e-03 -1.278087e-02
      outer loop
         vertex 1.572279e-01 -1.699870e-03 -1.890658e-03
         vertex 1.571727e-01 4.494835e-03 -1.894366e-03
         vertex 1.572384e-01 1.397740e-03 1.089084e-03
      endloop
   endfacet
   facet normal 9.998807e-01 8.903640e-03 -1.261828e-02
      outer loop
         vertex 1.572279e-01 -1.699870e-03 -1.890658e-03
         vertex 1.572264e-01 -1.701762e-03 -2.010071e-03
         vertex 1.571727e-01 4.494835e-03 -1.894366e-03
      endloop
   endfacet
   facet normal 9.998673e-01 8.922431e-03 -1.363084e-02
      outer loop
         vertex 1.572264e-01 -1.701762e-03 -2.010071e-03
         vertex 1.571711e-01 4.496736e-03 -2.010078e-03
         vertex 1.571727e-01 4.494835e-03 -1.894366e-03
      endloop
   endfacet
   facet normal 4.068098e-03 9.998577e-01 1.636884e-02
      outer loop
         vertex 1.571727e-01 4.494835e-03 -1.894366e-03
         vertex 1.571711e-01 4.496736e-03 -2.010078e-03
         vertex 1.378582e-01 4.567235e-03 -1.516607e-03
      endloop
   endfacet
   facet normal 4.066248e-03 9.998589e-01 1.629629e-02
      outer loop
         vertex 1.378582e-01 4.567235e-03 -1.516607e-03
         vertex 1.571711e-01 4.496736e-03 -2.010078e-03
         vertex 1.353778e-01 4.580826e-03 -1.731564e-03
      endloop
   endfacet
   facet normal 3.391226e-03 9.986164e-01 -5.247629e-02
      outer loop
         vertex 1.378038e-01 4.567126e-03 -2.017431e-03
         vertex 1.571654e-01 4.477236e-03 -2.476799e-03
         vertex 1.363496e-01 4.559326e-03 -2.259845e-03
      endloop
   endfacet
   facet normal 3.640382e-03 9.998485e-01 -1.702393e-02
      outer loop
         vertex 1.571711e-01 4.496736e-03 -2.010078e-03
         vertex 1.378038e-01 4.567126e-03 -2.017431e-03
         vertex 1.353778e-01 4.580826e-03 -1.731564e-03
      endloop
   endfacet
   facet normal 4.069130e-03 9.998595e-01 1.626307e-02
      outer loop
         vertex 1.378582e-01 4.567235e-03 -1.516607e-03
         vertex 1.353778e-01 4.580826e-03 -1.731564e-03
         vertex 9.651034e-02 4.730926e-03 -1.234846e-03
      endloop
   endfacet
   facet normal 3.384471e-03 9.986186e-01 -5.243584e-02
      outer loop
         vertex 1.378038e-01 4.567126e-03 -2.017431e-03
         vertex 1.363496e-01 4.559326e-03 -2.259845e-03
         vertex 9.965694e-02 4.710526e-03 -1.748631e-03
      endloop
   endfacet
   facet normal 3.687002e-03 9.998549e-01 -1.662860e-02
      outer loop
         vertex 1.378038e-01 4.567126e-03 -2.017431e-03
         vertex 1.006400e-01 4.711336e-03 -1.586502e-03
         vertex 1.353778e-01 4.580826e-03 -1.731564e-03
      endloop
   endfacet
   facet normal 3.755376e-03 9.999584e-01 -8.317658e-03
      outer loop
         vertex 1.353778e-01 4.580826e-03 -1.731564e-03
         vertex 9.942723e-02 4.718235e-03 -1.443571e-03
         vertex 9.651034e-02 4.730926e-03 -1.234846e-03
      endloop
   endfacet
   facet normal 3.570072e-03 9.996387e-01 -2.664043e-02
      outer loop
         vertex 1.378038e-01 4.567126e-03 -2.017431e-03
         vertex 9.965694e-02 4.710526e-03 -1.748631e-03
         vertex 1.006400e-01 4.711336e-03 -1.586502e-03
      endloop
   endfacet
   facet normal 3.751966e-03 9.999580e-01 -8.365293e-03
      outer loop
         vertex 9.651034e-02 4.730926e-03 -1.234846e-03
         vertex 9.942723e-02 4.718235e-03 -1.443571e-03
         vertex 6.347653e-02 4.855536e-03 -1.155578e-03
      endloop
   endfacet
   facet normal 3.685454e-03 9.998488e-01 -1.699386e-02
      outer loop
         vertex 1.353778e-01 4.580826e-03 -1.731564e-03
         vertex 1.006400e-01 4.711336e-03 -1.586502e-03
         vertex 9.942723e-02 4.718235e-03 -1.443571e-03
      endloop
   endfacet
   facet normal 3.569870e-03 9.996387e-01 -2.663921e-02
      outer loop
         vertex 9.965694e-02 4.710526e-03 -1.748631e-03
         vertex 6.347653e-02 4.855536e-03 -1.155578e-03
         vertex 1.006400e-01 4.711336e-03 -1.586502e-03
      endloop
   endfacet
   facet normal 3.682205e-03 9.998483e-01 -1.702140e-02
      outer loop
         vertex 9.942723e-02 4.718235e-03 -1.443571e-03
         vertex 1.006400e-01 4.711336e-03 -1.586502e-03
         vertex 6.347653e-02 4.855536e-03 -1.155578e-03
      endloop
   endfacet
   facet normal 3.385533e-03 9.986225e-01 -5.236076e-02
      outer loop
         vertex 9.965694e-02 4.710526e-03 -1.748631e-03
         vertex 1.363496e-01 4.559326e-03 -2.259845e-03
         vertex 9.892984e-02 4.706636e-03 -1.869836e-03
      endloop
   endfacet
   facet normal 3.385315e-03 9.986226e-01 -5.235944e-02
      outer loop
         vertex 6.151044e-02 4.853935e-03 -1.479830e-03
         vertex 9.965694e-02 4.710526e-03 -1.748631e-03
         vertex 9.892984e-02 4.706636e-03 -1.869836e-03
      endloop
   endfacet
   facet normal 3.570759e-03 9.996402e-01 -2.658532e-02
      outer loop
         vertex 6.151044e-02 4.853935e-03 -1.479830e-03
         vertex 6.347653e-02 4.855536e-03 -1.155578e-03
         vertex 9.965694e-02 4.710526e-03 -1.748631e-03
      endloop
   endfacet
   facet normal 3.657257e-03 9.996258e-01 -2.710973e-02
      outer loop
         vertex 6.347653e-02 4.855536e-03 -1.155578e-03
         vertex 6.151044e-02 4.853935e-03 -1.479830e-03
         vertex 2.309264e-02 5.010026e-03 -9.070489e-04
      endloop
   endfacet
   facet normal 3.648834e-03 9.996104e-01 -2.767054e-02
      outer loop
         vertex 2.309264e-02 5.010026e-03 -9.070489e-04
         vertex 6.151044e-02 4.853935e-03 -1.479830e-03
         vertex 2.210964e-02 5.009126e-03 -1.069175e-03
      endloop
   endfacet
   facet normal 3.862809e-03 9.999914e-01 -1.486507e-03
      outer loop
         vertex -9.783376e-02 5.481546e-03 7.148784e-04
         vertex -5.895945e-02 5.331436e-03 7.520221e-04
         vertex -5.680107e-02 5.322336e-03 2.390912e-04
      endloop
   endfacet
   facet normal 3.651707e-03 9.996099e-01 -2.768796e-02
      outer loop
         vertex -1.729086e-02 5.164436e-03 -6.585256e-04
         vertex 2.309264e-02 5.010026e-03 -9.070489e-04
         vertex 2.210964e-02 5.009126e-03 -1.069175e-03
      endloop
   endfacet
   facet normal 3.756175e-03 9.999361e-01 -1.066426e-02
      outer loop
         vertex -9.783376e-02 5.481546e-03 7.148784e-04
         vertex -5.680107e-02 5.322336e-03 2.390912e-04
         vertex -5.756227e-02 5.322946e-03 2.817902e-05
      endloop
   endfacet
   facet normal 3.862554e-03 9.999914e-01 -1.487581e-03
      outer loop
         vertex -5.680107e-02 5.322336e-03 2.390912e-04
         vertex -5.895945e-02 5.331436e-03 7.520221e-04
         vertex -1.576846e-02 5.163136e-03 -2.366959e-04
      endloop
   endfacet
   facet normal 3.758830e-03 9.999380e-01 -1.048494e-02
      outer loop
         vertex -1.729086e-02 5.164436e-03 -6.585256e-04
         vertex -1.576846e-02 5.163136e-03 -2.366959e-04
         vertex 2.309264e-02 5.010026e-03 -9.070489e-04
      endloop
   endfacet
   facet normal 3.754079e-03 9.999362e-01 -1.065669e-02
      outer loop
         vertex -5.680107e-02 5.322336e-03 2.390912e-04
         vertex -1.729086e-02 5.164436e-03 -6.585256e-04
         vertex -5.756227e-02 5.322946e-03 2.817902e-05
      endloop
   endfacet
   facet normal 3.758052e-03 9.999380e-01 -1.048213e-02
      outer loop
         vertex -1.576846e-02 5.163136e-03 -2.366959e-04
         vertex -1.729086e-02 5.164436e-03 -6.585256e-04
         vertex -5.680107e-02 5.322336e-03 2.390912e-04
      endloop
   endfacet
   facet normal 6.159791e-03 9.915017e-01 1.299481e-01
      outer loop
         vertex 9.432013e-02 4.679236e-03 -5.821481e-05
         vertex 9.717813e-02 4.691026e-03 -2.836510e-04
         vertex 5.950684e-02 4.843736e-03 3.368672e-04
      endloop
   endfacet
   facet normal 5.504692e-03 9.975526e-01 6.970363e-02
      outer loop
         vertex 8.880693e-02 4.686526e-03 2.728494e-04
         vertex 9.432013e-02 4.679236e-03 -5.821481e-05
         vertex 5.950684e-02 4.843736e-03 3.368672e-04
      endloop
   endfacet
   facet normal 5.504366e-03 9.975651e-01 6.952372e-02
      outer loop
         vertex 4.953504e-02 4.853935e-03 9.800132e-04
         vertex 8.880693e-02 4.686526e-03 2.728494e-04
         vertex 5.950684e-02 4.843736e-03 3.368672e-04
      endloop
   endfacet
   facet normal 7.167340e-03 9.863457e-01 1.645320e-01
      outer loop
         vertex 5.288513e-02 4.757326e-03 1.413238e-03
         vertex 8.880693e-02 4.686526e-03 2.728494e-04
         vertex 4.953504e-02 4.853935e-03 9.800132e-04
      endloop
   endfacet
   facet normal 4.762284e-03 9.996017e-01 2.781782e-02
      outer loop
         vertex 4.953504e-02 4.853935e-03 9.800132e-04
         vertex 1.536324e-02 5.007735e-03 1.303441e-03
         vertex 1.127624e-02 5.017036e-03 1.668925e-03
      endloop
   endfacet
   facet normal 7.167512e-03 9.863459e-01 1.645307e-01
      outer loop
         vertex 5.288513e-02 4.757326e-03 1.413238e-03
         vertex 4.953504e-02 4.853935e-03 9.800132e-04
         vertex 1.127624e-02 5.017036e-03 1.668925e-03
      endloop
   endfacet
   facet normal 1.076873e-02 9.452838e-01 3.260714e-01
      outer loop
         vertex 1.571961e-01 4.156836e-03 -2.932150e-04
         vertex 1.571934e-01 4.216835e-03 -4.670650e-04
         vertex 1.063372e-01 4.365436e-03 7.817023e-04
      endloop
   endfacet
   facet normal 1.078963e-02 9.449769e-01 3.269591e-01
      outer loop
         vertex 1.063372e-01 4.365436e-03 7.817023e-04
         vertex 1.571934e-01 4.216835e-03 -4.670650e-04
         vertex 1.050393e-01 4.487036e-03 4.730833e-04
      endloop
   endfacet
   facet normal 1.392315e-02 8.719931e-01 4.893201e-01
      outer loop
         vertex 5.712514e-02 4.303246e-03 2.292505e-03
         vertex 5.547833e-02 4.574136e-03 1.856623e-03
         vertex 1.771913e-02 4.597146e-03 2.890022e-03
      endloop
   endfacet
   facet normal 1.078823e-02 9.449751e-01 3.269643e-01
      outer loop
         vertex 5.547833e-02 4.574136e-03 1.856623e-03
         vertex 1.063372e-01 4.365436e-03 7.817023e-04
         vertex 1.050393e-01 4.487036e-03 4.730833e-04
      endloop
   endfacet
   facet normal 1.392034e-02 8.719887e-01 4.893280e-01
      outer loop
         vertex 5.712514e-02 4.303246e-03 2.292505e-03
         vertex 1.063372e-01 4.365436e-03 7.817023e-04
         vertex 5.547833e-02 4.574136e-03 1.856623e-03
      endloop
   endfacet
   facet normal 1.079590e-02 9.448777e-01 3.272453e-01
      outer loop
         vertex 5.547833e-02 4.574136e-03 1.856623e-03
         vertex 1.050393e-01 4.487036e-03 4.730833e-04
         vertex 5.288513e-02 4.757326e-03 1.413238e-03
      endloop
   endfacet
   facet normal 6.162214e-03 9.915206e-01 1.298034e-01
      outer loop
         vertex 1.348495e-01 4.538136e-03 -9.041707e-04
         vertex 9.717813e-02 4.691026e-03 -2.836510e-04
         vertex 1.291335e-01 4.514636e-03 -4.533006e-04
      endloop
   endfacet
   facet normal 1.233387e-02 9.056534e-01 4.238393e-01
      outer loop
         vertex 1.050393e-01 4.487036e-03 4.730833e-04
         vertex 1.050366e-01 4.561746e-03 3.135231e-04
         vertex 5.288513e-02 4.757326e-03 1.413238e-03
      endloop
   endfacet
   facet normal 7.165464e-03 9.863615e-01 1.644376e-01
      outer loop
         vertex 1.571879e-01 4.366226e-03 -7.861907e-04
         vertex 1.050358e-01 4.571436e-03 2.554372e-04
         vertex 1.050366e-01 4.561746e-03 3.135231e-04
      endloop
   endfacet
   facet normal 6.163067e-03 9.914962e-01 1.299894e-01
      outer loop
         vertex 1.291335e-01 4.514636e-03 -4.533006e-04
         vertex 9.717813e-02 4.691026e-03 -2.836510e-04
         vertex 9.432013e-02 4.679236e-03 -5.821481e-05
      endloop
   endfacet
   facet normal 7.166557e-03 9.863615e-01 1.644376e-01
      outer loop
         vertex 1.050366e-01 4.561746e-03 3.135231e-04
         vertex 1.050358e-01 4.571436e-03 2.554372e-04
         vertex 5.288513e-02 4.757326e-03 1.413238e-03
      endloop
   endfacet
   facet normal 7.186508e-03 9.861791e-01 1.655271e-01
      outer loop
         vertex 1.571863e-01 4.385736e-03 -9.023606e-04
         vertex 1.050358e-01 4.571436e-03 2.554372e-04
         vertex 1.571879e-01 4.366226e-03 -7.861907e-04
      endloop
   endfacet
   facet normal 7.160614e-03 9.863814e-01 1.643179e-01
      outer loop
         vertex 9.100914e-02 4.636035e-03 4.799693e-04
         vertex 8.880693e-02 4.686526e-03 2.728494e-04
         vertex 5.288513e-02 4.757326e-03 1.413238e-03
      endloop
   endfacet
   facet normal 5.508179e-03 9.975485e-01 6.976178e-02
      outer loop
         vertex 1.291335e-01 4.514636e-03 -4.533006e-04
         vertex 9.432013e-02 4.679236e-03 -5.821481e-05
         vertex 8.880693e-02 4.686526e-03 2.728494e-04
      endloop
   endfacet
   facet normal 7.194910e-03 9.861416e-01 1.657500e-01
      outer loop
         vertex 5.288513e-02 4.757326e-03 1.413238e-03
         vertex 1.050358e-01 4.571436e-03 2.554372e-04
         vertex 9.100914e-02 4.636035e-03 4.799693e-04
      endloop
   endfacet
   facet normal 7.168132e-03 9.863216e-01 1.646766e-01
      outer loop
         vertex 1.571863e-01 4.385736e-03 -9.023606e-04
         vertex 1.291335e-01 4.514636e-03 -4.533006e-04
         vertex 1.050358e-01 4.571436e-03 2.554372e-04
      endloop
   endfacet
   facet normal 7.162833e-03 9.863852e-01 1.642952e-01
      outer loop
         vertex 1.291335e-01 4.514636e-03 -4.533006e-04
         vertex 8.880693e-02 4.686526e-03 2.728494e-04
         vertex 9.100914e-02 4.636035e-03 4.799693e-04
      endloop
   endfacet
   facet normal 7.190081e-03 9.861948e-01 1.654331e-01
      outer loop
         vertex 1.050358e-01 4.571436e-03 2.554372e-04
         vertex 1.291335e-01 4.514636e-03 -4.533006e-04
         vertex 9.100914e-02 4.636035e-03 4.799693e-04
      endloop
   endfacet
   facet normal 4.197481e-03 9.997264e-01 2.300928e-02
      outer loop
         vertex 1.571741e-01 4.492326e-03 -1.785612e-03
         vertex 1.571727e-01 4.494835e-03 -1.894366e-03
         vertex 1.378582e-01 4.567235e-03 -1.516607e-03
      endloop
   endfacet
   facet normal 9.993195e-01 3.516559e-02 -1.113596e-02
      outer loop
         vertex 1.571741e-01 4.492326e-03 -1.785612e-03
         vertex 1.571766e-01 4.482536e-03 -1.591879e-03
         vertex 1.571773e-01 4.477526e-03 -1.544850e-03
      endloop
   endfacet
   facet normal 4.575202e-03 9.987180e-01 5.041231e-02
      outer loop
         vertex 1.571741e-01 4.492326e-03 -1.785612e-03
         vertex 1.378582e-01 4.567235e-03 -1.516607e-03
         vertex 1.571766e-01 4.482536e-03 -1.591879e-03
      endloop
   endfacet
   facet normal 5.520332e-03 9.943680e-01 1.058390e-01
      outer loop
         vertex 1.571773e-01 4.477526e-03 -1.544850e-03
         vertex 1.571766e-01 4.482536e-03 -1.591879e-03
         vertex 1.363717e-01 4.559526e-03 -1.230070e-03
      endloop
   endfacet
   facet normal 5.283352e-03 9.959239e-01 9.004262e-02
      outer loop
         vertex 1.363717e-01 4.559526e-03 -1.230070e-03
         vertex 9.895574e-02 4.706836e-03 -6.639849e-04
         vertex 1.348495e-01 4.538136e-03 -9.041707e-04
      endloop
   endfacet
   facet normal 4.033292e-03 9.999318e-01 1.096186e-02
      outer loop
         vertex 9.651034e-02 4.730926e-03 -1.234846e-03
         vertex 1.007041e-01 4.711426e-03 -9.991719e-04
         vertex 1.378582e-01 4.567235e-03 -1.516607e-03
      endloop
   endfacet
   facet normal 4.575928e-03 9.987080e-01 5.060995e-02
      outer loop
         vertex 1.571766e-01 4.482536e-03 -1.591879e-03
         vertex 1.378582e-01 4.567235e-03 -1.516607e-03
         vertex 1.363717e-01 4.559526e-03 -1.230070e-03
      endloop
   endfacet
   facet normal 4.334351e-03 9.996434e-01 2.634947e-02
      outer loop
         vertex 1.363717e-01 4.559526e-03 -1.230070e-03
         vertex 9.996103e-02 4.707536e-03 -8.559038e-04
         vertex 9.895574e-02 4.706836e-03 -6.639849e-04
      endloop
   endfacet
   facet normal 4.581077e-03 9.987066e-01 5.063662e-02
      outer loop
         vertex 1.378582e-01 4.567235e-03 -1.516607e-03
         vertex 1.007041e-01 4.711426e-03 -9.991719e-04
         vertex 1.363717e-01 4.559526e-03 -1.230070e-03
      endloop
   endfacet
   facet normal 4.582640e-03 9.986939e-01 5.088647e-02
      outer loop
         vertex 1.363717e-01 4.559526e-03 -1.230070e-03
         vertex 1.007041e-01 4.711426e-03 -9.991719e-04
         vertex 9.996103e-02 4.707536e-03 -8.559038e-04
      endloop
   endfacet
   facet normal 9.998420e-01 8.601820e-03 -1.555277e-02
      outer loop
         vertex 1.572340e-01 1.864629e-03 1.069708e-03
         vertex 1.572358e-01 1.673238e-03 1.079767e-03
         vertex 1.572334e-01 1.917836e-03 1.059859e-03
      endloop
   endfacet
   facet normal 2.539963e-02 1.732152e-02 9.995273e-01
      outer loop
         vertex 1.572373e-01 1.517339e-03 1.087039e-03
         vertex 1.378774e-01 1.479939e-03 1.579654e-03
         vertex 1.572384e-01 1.397740e-03 1.089084e-03
      endloop
   endfacet
   facet normal 2.529124e-02 3.487376e-02 9.990717e-01
      outer loop
         vertex 1.572367e-01 1.587040e-03 1.085840e-03
         vertex 1.572363e-01 1.629734e-03 1.084360e-03
         vertex 1.378774e-01 1.479939e-03 1.579654e-03
      endloop
   endfacet
   facet normal 2.462071e-02 1.052329e-01 9.941428e-01
      outer loop
         vertex 1.572363e-01 1.629734e-03 1.084360e-03
         vertex 1.572358e-01 1.673238e-03 1.079767e-03
         vertex 1.378774e-01 1.479939e-03 1.579654e-03
      endloop
   endfacet
   facet normal 9.998791e-01 9.001966e-03 -1.267869e-02
      outer loop
         vertex 1.572384e-01 1.397740e-03 1.089084e-03
         vertex 1.571727e-01 4.494835e-03 -1.894366e-03
         vertex 1.572373e-01 1.517339e-03 1.087039e-03
      endloop
   endfacet
   facet normal 9.998784e-01 8.821185e-03 -1.286195e-02
      outer loop
         vertex 1.572334e-01 1.917836e-03 1.059859e-03
         vertex 1.572358e-01 1.673238e-03 1.079767e-03
         vertex 1.571773e-01 4.477526e-03 -1.544850e-03
      endloop
   endfacet
   facet normal 2.539941e-02 1.741552e-02 9.995257e-01
      outer loop
         vertex 1.572373e-01 1.517339e-03 1.087039e-03
         vertex 1.572367e-01 1.587040e-03 1.085840e-03
         vertex 1.378774e-01 1.479939e-03 1.579654e-03
      endloop
   endfacet
   facet normal 9.996126e-01 8.501191e-03 -2.650106e-02
      outer loop
         vertex 1.572363e-01 1.629734e-03 1.084360e-03
         vertex 1.572367e-01 1.587040e-03 1.085840e-03
         vertex 1.572358e-01 1.673238e-03 1.079767e-03
      endloop
   endfacet
   facet normal 9.998786e-01 8.870075e-03 -1.281040e-02
      outer loop
         vertex 1.572373e-01 1.517339e-03 1.087039e-03
         vertex 1.571727e-01 4.494835e-03 -1.894366e-03
         vertex 1.571741e-01 4.492326e-03 -1.785612e-03
      endloop
   endfacet
   facet normal 9.998788e-01 8.919616e-03 -1.275679e-02
      outer loop
         vertex 1.572358e-01 1.673238e-03 1.079767e-03
         vertex 1.571741e-01 4.492326e-03 -1.785612e-03
         vertex 1.571773e-01 4.477526e-03 -1.544850e-03
      endloop
   endfacet
   facet normal 9.993842e-01 7.958164e-03 -3.417504e-02
      outer loop
         vertex 1.572358e-01 1.673238e-03 1.079767e-03
         vertex 1.572367e-01 1.587040e-03 1.085840e-03
         vertex 1.572373e-01 1.517339e-03 1.087039e-03
      endloop
   endfacet
   facet normal 9.998790e-01 8.964031e-03 -1.271310e-02
      outer loop
         vertex 1.571741e-01 4.492326e-03 -1.785612e-03
         vertex 1.572358e-01 1.673238e-03 1.079767e-03
         vertex 1.572373e-01 1.517339e-03 1.087039e-03
      endloop
   endfacet
   facet normal 2.570043e-02 -1.630503e-02 9.995367e-01
      outer loop
         vertex 1.379298e-01 9.790385e-04 1.578715e-03
         vertex 1.354511e-01 1.203434e-03 1.646109e-03
         vertex 9.659444e-02 8.569377e-04 2.639554e-03
      endloop
   endfacet
   facet normal 2.547787e-02 8.937018e-03 9.996354e-01
      outer loop
         vertex 1.354511e-01 1.203434e-03 1.646109e-03
         vertex 9.951114e-02 1.054341e-03 2.563450e-03
         vertex 9.659444e-02 8.569377e-04 2.639554e-03
      endloop
   endfacet
   facet normal 2.570010e-02 -1.630871e-02 9.995367e-01
      outer loop
         vertex 1.379298e-01 9.790385e-04 1.578715e-03
         vertex 1.572384e-01 1.397740e-03 1.089084e-03
         vertex 1.354511e-01 1.203434e-03 1.646109e-03
      endloop
   endfacet
   facet normal 2.525233e-02 5.270531e-02 9.982908e-01
      outer loop
         vertex 1.572358e-01 1.673238e-03 1.079767e-03
         vertex 1.572340e-01 1.864629e-03 1.069708e-03
         vertex 1.378774e-01 1.479939e-03 1.579654e-03
      endloop
   endfacet
   facet normal 2.547770e-02 8.939446e-03 9.996354e-01
      outer loop
         vertex 9.659444e-02 8.569377e-04 2.639554e-03
         vertex 9.951114e-02 1.054341e-03 2.563450e-03
         vertex 6.357103e-02 9.052318e-04 3.480789e-03
      endloop
   endfacet
   facet normal 2.544185e-02 1.698264e-02 9.995320e-01
      outer loop
         vertex 1.007240e-01 1.192631e-03 2.530228e-03
         vertex 9.951114e-02 1.054341e-03 2.563450e-03
         vertex 1.354511e-01 1.203434e-03 1.646109e-03
      endloop
   endfacet
   facet normal 2.539972e-02 1.734439e-02 9.995269e-01
      outer loop
         vertex 1.572384e-01 1.397740e-03 1.089084e-03
         vertex 1.378774e-01 1.479939e-03 1.579654e-03
         vertex 1.354511e-01 1.203434e-03 1.646109e-03
      endloop
   endfacet
   facet normal 2.525194e-02 5.272376e-02 9.982898e-01
      outer loop
         vertex 1.378774e-01 1.479939e-03 1.579654e-03
         vertex 1.572340e-01 1.864629e-03 1.069708e-03
         vertex 1.364242e-01 1.727940e-03 1.603315e-03
      endloop
   endfacet
   facet normal 2.544169e-02 1.698407e-02 9.995320e-01
      outer loop
         vertex 6.357103e-02 9.052318e-04 3.480789e-03
         vertex 9.951114e-02 1.054341e-03 2.563450e-03
         vertex 1.007240e-01 1.192631e-03 2.530228e-03
      endloop
   endfacet
   facet normal 2.544185e-02 1.697592e-02 9.995322e-01
      outer loop
         vertex 1.378774e-01 1.479939e-03 1.579654e-03
         vertex 1.007240e-01 1.192631e-03 2.530228e-03
         vertex 1.354511e-01 1.203434e-03 1.646109e-03
      endloop
   endfacet
   facet normal 2.525257e-02 5.272748e-02 9.982896e-01
      outer loop
         vertex 1.378774e-01 1.479939e-03 1.579654e-03
         vertex 1.364242e-01 1.727940e-03 1.603315e-03
         vertex 9.974184e-02 1.358540e-03 2.550738e-03
      endloop
   endfacet
   facet normal 2.536195e-02 2.660472e-02 9.993243e-01
      outer loop
         vertex 9.974184e-02 1.358540e-03 2.550738e-03
         vertex 6.357103e-02 9.052318e-04 3.480789e-03
         vertex 1.007240e-01 1.192631e-03 2.530228e-03
      endloop
   endfacet
   facet normal 2.536207e-02 2.660544e-02 9.993242e-01
      outer loop
         vertex 1.378774e-01 1.479939e-03 1.579654e-03
         vertex 9.974184e-02 1.358540e-03 2.550738e-03
         vertex 1.007240e-01 1.192631e-03 2.530228e-03
      endloop
   endfacet
   facet normal 2.605516e-02 -5.093848e-02 9.983619e-01
      outer loop
         vertex 1.379298e-01 9.790385e-04 1.578715e-03
         vertex 1.007858e-01 6.051377e-04 2.529019e-03
         vertex 1.364424e-01 6.981395e-04 1.603201e-03
      endloop
   endfacet
   facet normal 2.568722e-02 -1.122170e-02 9.996070e-01
      outer loop
         vertex 9.659444e-02 8.569377e-04 2.639554e-03
         vertex 1.007858e-01 6.051377e-04 2.529019e-03
         vertex 1.379298e-01 9.790385e-04 1.578715e-03
      endloop
   endfacet
   facet normal 2.568730e-02 -1.122042e-02 9.996071e-01
      outer loop
         vertex 6.364214e-02 2.312358e-04 3.479318e-03
         vertex 1.007858e-01 6.051377e-04 2.529019e-03
         vertex 9.659444e-02 8.569377e-04 2.639554e-03
      endloop
   endfacet
   facet normal 2.563030e-02 -8.176854e-03 9.996380e-01
      outer loop
         vertex 5.773784e-02 5.103349e-04 3.632985e-03
         vertex 6.364214e-02 2.312358e-04 3.479318e-03
         vertex 9.659444e-02 8.569377e-04 2.639554e-03
      endloop
   endfacet
   facet normal 2.547768e-02 8.925116e-03 9.996355e-01
      outer loop
         vertex 5.773784e-02 5.103349e-04 3.632985e-03
         vertex 9.659444e-02 8.569377e-04 2.639554e-03
         vertex 6.357103e-02 9.052318e-04 3.480789e-03
      endloop
   endfacet
   facet normal 2.563031e-02 -8.176525e-03 9.996381e-01
      outer loop
         vertex 6.364214e-02 2.312358e-04 3.479318e-03
         vertex 5.773784e-02 5.103349e-04 3.632985e-03
         vertex 1.888104e-02 1.637305e-04 4.626423e-03
      endloop
   endfacet
   facet normal 2.551035e-02 8.443871e-03 9.996389e-01
      outer loop
         vertex 6.357103e-02 9.052318e-04 3.480789e-03
         vertex 2.395954e-02 5.988358e-04 4.494245e-03
         vertex 5.773784e-02 5.103349e-04 3.632985e-03
      endloop
   endfacet
   facet normal 2.552534e-02 3.675939e-03 9.996674e-01
      outer loop
         vertex 2.104304e-02 4.015397e-04 4.570344e-03
         vertex 1.888104e-02 1.637305e-04 4.626423e-03
         vertex 5.773784e-02 5.103349e-04 3.632985e-03
      endloop
   endfacet
   facet normal 2.549185e-02 1.076326e-02 9.996171e-01
      outer loop
         vertex 6.357103e-02 9.052318e-04 3.480789e-03
         vertex 2.319933e-02 8.127330e-04 4.511328e-03
         vertex 2.395954e-02 5.988358e-04 4.494245e-03
      endloop
   endfacet
   facet normal 2.552511e-02 3.678063e-03 9.996674e-01
      outer loop
         vertex -1.565165e-02 2.926377e-04 5.507692e-03
         vertex 1.888104e-02 1.637305e-04 4.626423e-03
         vertex 2.104304e-02 4.015397e-04 4.570344e-03
      endloop
   endfacet
   facet normal 2.551040e-02 8.466178e-03 9.996387e-01
      outer loop
         vertex 5.773784e-02 5.103349e-04 3.632985e-03
         vertex 2.395954e-02 5.988358e-04 4.494245e-03
         vertex 2.104304e-02 4.015397e-04 4.570344e-03
      endloop
   endfacet
   facet normal 2.549187e-02 1.076333e-02 9.996171e-01
      outer loop
         vertex 2.319933e-02 8.127330e-04 4.511328e-03
         vertex -1.565165e-02 2.926377e-04 5.507692e-03
         vertex 2.395954e-02 5.988358e-04 4.494245e-03
      endloop
   endfacet
   facet normal 2.551015e-02 8.469908e-03 9.996387e-01
      outer loop
         vertex 2.104304e-02 4.015397e-04 4.570344e-03
         vertex 2.395954e-02 5.988358e-04 4.494245e-03
         vertex -1.565165e-02 2.926377e-04 5.507692e-03
      endloop
   endfacet
   facet normal 2.793128e-02 -1.645995e-01 9.859649e-01
      outer loop
         vertex 5.297014e-02 -1.622661e-03 3.612671e-03
         vertex 4.962464e-02 -1.176372e-03 3.781950e-03
         vertex 1.137604e-02 -1.717464e-03 4.775159e-03
      endloop
   endfacet
   facet normal 2.633999e-02 -2.769298e-02 9.992694e-01
      outer loop
         vertex 1.546324e-02 -1.367763e-03 4.677115e-03
         vertex 1.137604e-02 -1.717464e-03 4.775159e-03
         vertex 4.962464e-02 -1.176372e-03 3.781950e-03
      endloop
   endfacet
   facet normal 2.793133e-02 -1.645992e-01 9.859650e-01
      outer loop
         vertex 8.888604e-02 -6.209675e-04 2.762437e-03
         vertex 4.962464e-02 -1.176372e-03 3.781950e-03
         vertex 5.297014e-02 -1.622661e-03 3.612671e-03
      endloop
   endfacet
   facet normal 2.654094e-02 -8.967617e-02 9.956173e-01
      outer loop
         vertex 9.827474e-02 1.166428e-04 2.568294e-03
         vertex 9.903644e-02 2.766307e-04 2.562399e-03
         vertex 6.163083e-02 -1.448623e-04 3.521585e-03
      endloop
   endfacet
   facet normal 2.630878e-02 -4.634863e-02 9.985788e-01
      outer loop
         vertex 6.163083e-02 -1.448623e-04 3.521585e-03
         vertex 9.725754e-02 -9.685816e-05 2.585184e-03
         vertex 9.827474e-02 1.166428e-04 2.568294e-03
      endloop
   endfacet
   facet normal 2.649606e-02 -6.309794e-02 9.976556e-01
      outer loop
         vertex 4.962464e-02 -1.176372e-03 3.781950e-03
         vertex 2.044894e-02 -1.065471e-03 4.563821e-03
         vertex 1.546324e-02 -1.367763e-03 4.677115e-03
      endloop
   endfacet
   facet normal 2.687959e-02 -6.960624e-02 9.972123e-01
      outer loop
         vertex 4.962464e-02 -1.176372e-03 3.781950e-03
         vertex 8.888604e-02 -6.209675e-04 2.762437e-03
         vertex 5.959633e-02 -5.718642e-04 3.555361e-03
      endloop
   endfacet
   facet normal 2.592192e-02 -2.631988e-02 9.993174e-01
      outer loop
         vertex 6.163083e-02 -1.448623e-04 3.521585e-03
         vertex 9.903644e-02 2.766307e-04 2.562399e-03
         vertex 6.364214e-02 2.312358e-04 3.479318e-03
      endloop
   endfacet
   facet normal 2.630879e-02 -4.636493e-02 9.985781e-01
      outer loop
         vertex 5.959633e-02 -5.718642e-04 3.555361e-03
         vertex 9.725754e-02 -9.685816e-05 2.585184e-03
         vertex 6.163083e-02 -1.448623e-04 3.521585e-03
      endloop
   endfacet
   facet normal 2.649598e-02 -6.311252e-02 9.976546e-01
      outer loop
         vertex 5.959633e-02 -5.718642e-04 3.555361e-03
         vertex 2.044894e-02 -1.065471e-03 4.563821e-03
         vertex 4.962464e-02 -1.176372e-03 3.781950e-03
      endloop
   endfacet
   facet normal 2.582685e-02 -2.580973e-02 9.993332e-01
      outer loop
         vertex 6.364214e-02 2.312358e-04 3.479318e-03
         vertex 2.402444e-02 -1.675674e-04 4.492902e-03
         vertex 6.163083e-02 -1.448623e-04 3.521585e-03
      endloop
   endfacet
   facet normal 2.582685e-02 -2.580383e-02 9.993333e-01
      outer loop
         vertex 6.163083e-02 -1.448623e-04 3.521585e-03
         vertex 2.402444e-02 -1.675674e-04 4.492902e-03
         vertex 2.301863e-02 -3.556634e-04 4.514039e-03
      endloop
   endfacet
   facet normal 2.611991e-02 -4.546134e-02 9.986246e-01
      outer loop
         vertex 6.163083e-02 -1.448623e-04 3.521585e-03
         vertex 2.224174e-02 -5.888635e-04 4.531629e-03
         vertex 5.959633e-02 -5.718642e-04 3.555361e-03
      endloop
   endfacet
   facet normal 2.598004e-02 -1.843965e-02 9.994924e-01
      outer loop
         vertex 2.122454e-02 -8.021652e-04 4.548519e-03
         vertex 2.044894e-02 -1.065471e-03 4.563821e-03
         vertex 5.959633e-02 -5.718642e-04 3.555361e-03
      endloop
   endfacet
   facet normal 2.562612e-02 -5.040633e-03 9.996589e-01
      outer loop
         vertex 1.888104e-02 1.637305e-04 4.626423e-03
         vertex 2.402444e-02 -1.675674e-04 4.492902e-03
         vertex 6.364214e-02 2.312358e-04 3.479318e-03
      endloop
   endfacet
   facet normal 2.574989e-02 -1.038324e-02 9.996145e-01
      outer loop
         vertex 2.301863e-02 -3.556634e-04 4.514039e-03
         vertex 2.224174e-02 -5.888635e-04 4.531629e-03
         vertex 6.163083e-02 -1.448623e-04 3.521585e-03
      endloop
   endfacet
   facet normal 2.582707e-02 -2.580499e-02 9.993333e-01
      outer loop
         vertex 2.301863e-02 -3.556634e-04 4.514039e-03
         vertex 2.402444e-02 -1.675674e-04 4.492902e-03
         vertex -1.559315e-02 -5.663711e-04 5.506493e-03
      endloop
   endfacet
   facet normal 2.611989e-02 -4.548940e-02 9.986233e-01
      outer loop
         vertex 5.959633e-02 -5.718642e-04 3.555361e-03
         vertex 2.224174e-02 -5.888635e-04 4.531629e-03
         vertex 2.122454e-02 -8.021652e-04 4.548519e-03
      endloop
   endfacet
   facet normal 2.598009e-02 -1.843979e-02 9.994924e-01
      outer loop
         vertex -1.714715e-02 -1.032665e-03 5.541672e-03
         vertex 2.044894e-02 -1.065471e-03 4.563821e-03
         vertex 2.122454e-02 -8.021652e-04 4.548519e-03
      endloop
   endfacet
   facet normal 2.562634e-02 -5.037124e-03 9.996589e-01
      outer loop
         vertex -1.559315e-02 -5.663711e-04 5.506493e-03
         vertex 2.402444e-02 -1.675674e-04 4.492902e-03
         vertex 1.888104e-02 1.637305e-04 4.626423e-03
      endloop
   endfacet
   facet normal 2.575014e-02 -1.038408e-02 9.996145e-01
      outer loop
         vertex -1.559315e-02 -5.663711e-04 5.506493e-03
         vertex 2.224174e-02 -5.888635e-04 4.531629e-03
         vertex 2.301863e-02 -3.556634e-04 4.514039e-03
      endloop
   endfacet
   facet normal 2.612008e-02 -4.549031e-02 9.986232e-01
      outer loop
         vertex 2.122454e-02 -8.021652e-04 4.548519e-03
         vertex 2.224174e-02 -5.888635e-04 4.531629e-03
         vertex -1.714715e-02 -1.032665e-03 5.541672e-03
      endloop
   endfacet
   facet normal 2.558582e-02 -3.113134e-03 9.996678e-01
      outer loop
         vertex -1.559315e-02 -5.663711e-04 5.506493e-03
         vertex 1.888104e-02 1.637305e-04 4.626423e-03
         vertex -1.997555e-02 -1.827651e-04 5.619852e-03
      endloop
   endfacet
   facet normal 2.575013e-02 -1.040013e-02 9.996143e-01
      outer loop
         vertex -1.714715e-02 -1.032665e-03 5.541672e-03
         vertex 2.224174e-02 -5.888635e-04 4.531629e-03
         vertex -1.559315e-02 -5.663711e-04 5.506493e-03
      endloop
   endfacet
   facet normal 2.558578e-02 -3.113609e-03 9.996678e-01
      outer loop
         vertex -1.559315e-02 -5.663711e-04 5.506493e-03
         vertex -1.997555e-02 -1.827651e-04 5.619852e-03
         vertex -5.883226e-02 -5.293695e-04 6.613282e-03
      endloop
   endfacet
   facet normal 2.574970e-02 -1.039869e-02 9.996143e-01
      outer loop
         vertex -1.559315e-02 -5.663711e-04 5.506493e-03
         vertex -5.663624e-02 -1.253261e-03 6.556602e-03
         vertex -1.714715e-02 -1.032665e-03 5.541672e-03
      endloop
   endfacet
   facet normal 2.558754e-02 -1.187922e-03 9.996719e-01
      outer loop
         vertex -5.883226e-02 -5.293695e-04 6.613282e-03
         vertex -5.663875e-02 -9.795643e-04 6.556602e-03
         vertex -1.559315e-02 -5.663711e-04 5.506493e-03
      endloop
   endfacet
   facet normal 2.557324e-02 2.346042e-04 9.996729e-01
      outer loop
         vertex -1.559315e-02 -5.663711e-04 5.506493e-03
         vertex -5.663875e-02 -9.795643e-04 6.556602e-03
         vertex -5.663624e-02 -1.253261e-03 6.556602e-03
      endloop
   endfacet
   facet normal 2.558776e-02 -1.186829e-03 9.996719e-01
      outer loop
         vertex -9.768438e-02 -1.392666e-03 7.606722e-03
         vertex -5.663875e-02 -9.795643e-04 6.556602e-03
         vertex -5.883226e-02 -5.293695e-04 6.613282e-03
      endloop
   endfacet
   facet normal 2.557348e-02 2.346064e-04 9.996729e-01
      outer loop
         vertex -5.663624e-02 -1.253261e-03 6.556602e-03
         vertex -5.663875e-02 -9.795643e-04 6.556602e-03
         vertex -9.768438e-02 -1.392666e-03 7.606722e-03
      endloop
   endfacet
   facet normal 2.555640e-02 2.262222e-04 9.996734e-01
      outer loop
         vertex -9.768438e-02 -1.392666e-03 7.606722e-03
         vertex -5.883226e-02 -5.293695e-04 6.613282e-03
         vertex -9.768895e-02 -8.758651e-04 7.606722e-03
      endloop
   endfacet
   facet normal 2.555636e-02 2.307434e-04 9.996734e-01
      outer loop
         vertex -5.883226e-02 -5.293695e-04 6.613282e-03
         vertex -9.769377e-02 -3.419601e-04 7.606722e-03
         vertex -9.768895e-02 -8.758651e-04 7.606722e-03
      endloop
   endfacet
   facet normal -9.998801e-01 -8.850821e-03 1.270600e-02
      outer loop
         vertex -9.771346e-02 -7.234859e-03 1.248755e-03
         vertex -9.768438e-02 -1.392666e-03 7.606722e-03
         vertex -9.768895e-02 -8.758651e-04 7.606722e-03
      endloop
   endfacet
   facet normal -9.998790e-01 -9.027715e-03 1.266819e-02
      outer loop
         vertex -9.768895e-02 -8.758651e-04 7.606722e-03
         vertex -9.769377e-02 -3.419601e-04 7.606722e-03
         vertex -9.782036e-02 5.481635e-03 1.765611e-03
      endloop
   endfacet
   facet normal -9.998785e-01 -8.923899e-03 1.277909e-02
      outer loop
         vertex -9.782695e-02 5.481635e-03 1.248740e-03
         vertex -9.771346e-02 -7.234859e-03 1.248755e-03
         vertex -9.768895e-02 -8.758651e-04 7.606722e-03
      endloop
   endfacet
   facet normal -9.998786e-01 -8.947459e-03 1.275553e-02
      outer loop
         vertex -9.782695e-02 5.481635e-03 1.248740e-03
         vertex -9.768895e-02 -8.758651e-04 7.606722e-03
         vertex -9.782036e-02 5.481635e-03 1.765611e-03
      endloop
   endfacet
   facet normal -9.998785e-01 -8.923899e-03 1.277907e-02
      outer loop
         vertex -9.771346e-02 -7.234859e-03 1.248755e-03
         vertex -9.782695e-02 5.481635e-03 1.248740e-03
         vertex -9.785146e-02 -8.773615e-04 -5.109234e-03
      endloop
   endfacet
   facet normal 3.863740e-03 9.999925e-01 -4.929003e-05
      outer loop
         vertex -9.782036e-02 5.481635e-03 1.765611e-03
         vertex -5.895945e-02 5.331436e-03 7.520221e-04
         vertex -9.782695e-02 5.481635e-03 1.248740e-03
      endloop
   endfacet
   facet normal -9.998786e-01 -8.919428e-03 1.277460e-02
      outer loop
         vertex -9.785146e-02 -8.773615e-04 -5.109234e-03
         vertex -9.782695e-02 5.481635e-03 1.248740e-03
         vertex -9.785607e-02 -3.603622e-04 -5.109235e-03
      endloop
   endfacet
   facet normal 3.861600e-03 9.999925e-01 -2.167287e-04
      outer loop
         vertex -5.895945e-02 5.331436e-03 7.520221e-04
         vertex -9.783376e-02 5.481546e-03 7.148784e-04
         vertex -9.782695e-02 5.481635e-03 1.248740e-03
      endloop
   endfacet
   facet normal -9.998790e-01 -8.898903e-03 1.275575e-02
      outer loop
         vertex -9.783376e-02 5.481546e-03 7.148784e-04
         vertex -9.785607e-02 -3.603622e-04 -5.109235e-03
         vertex -9.782695e-02 5.481635e-03 1.248740e-03
      endloop
   endfacet
   facet normal 3.937385e-03 9.999922e-01 -5.016958e-05
      outer loop
         vertex -9.783376e-02 5.481546e-03 7.148784e-04
         vertex -5.756227e-02 5.322946e-03 2.817902e-05
         vertex -9.784056e-02 5.481546e-03 1.810173e-04
      endloop
   endfacet
   facet normal -9.998787e-01 -8.914117e-03 1.277101e-02
      outer loop
         vertex -9.786095e-02 1.870316e-04 -5.109236e-03
         vertex -9.785607e-02 -3.603622e-04 -5.109235e-03
         vertex -9.783376e-02 5.481546e-03 7.148784e-04
      endloop
   endfacet
   facet normal -9.998794e-01 -8.880354e-03 1.274032e-02
      outer loop
         vertex -9.786095e-02 1.870316e-04 -5.109236e-03
         vertex -9.783376e-02 5.481546e-03 7.148784e-04
         vertex -9.784056e-02 5.481546e-03 1.810173e-04
      endloop
   endfacet
   facet normal -9.998771e-01 -8.986606e-03 1.284664e-02
      outer loop
         vertex -9.786648e-02 8.021292e-04 -5.109237e-03
         vertex -9.786095e-02 1.870316e-04 -5.109236e-03
         vertex -9.784056e-02 5.481546e-03 1.810173e-04
      endloop
   endfacet
   facet normal 7.567923e-05 -8.339210e-07 -1.000000e+00
      outer loop
         vertex -9.786648e-02 8.021292e-04 -5.109237e-03
         vertex -5.758265e-02 7.592357e-04 -5.106188e-03
         vertex -9.786095e-02 1.870316e-04 -5.109236e-03
      endloop
   endfacet
   facet normal 9.554462e-05 1.866833e-02 -9.998257e-01
      outer loop
         vertex -9.786648e-02 8.021292e-04 -5.109237e-03
         vertex -5.836274e-02 1.008534e-03 -5.101608e-03
         vertex -5.758265e-02 7.592357e-04 -5.106188e-03
      endloop
   endfacet
   facet normal -5.044260e-05 1.209222e-01 -9.926620e-01
      outer loop
         vertex -6.242396e-02 1.637928e-03 -5.095092e-03
         vertex -2.366975e-02 2.391042e-03 -5.005320e-03
         vertex -2.607206e-02 1.772237e-03 -5.080578e-03
      endloop
   endfacet
   facet normal 9.541758e-05 1.866793e-02 -9.998257e-01
      outer loop
         vertex -5.758265e-02 7.592357e-04 -5.106188e-03
         vertex -5.836274e-02 1.008534e-03 -5.101608e-03
         vertex -1.885917e-02 1.215138e-03 -5.093980e-03
      endloop
   endfacet
   facet normal 1.344836e-04 1.121992e-02 -9.999370e-01
      outer loop
         vertex -9.786648e-02 8.021292e-04 -5.109237e-03
         vertex -6.242396e-02 1.637928e-03 -5.095092e-03
         vertex -5.836274e-02 1.008534e-03 -5.101608e-03
      endloop
   endfacet
   facet normal 2.960887e-04 2.788128e-02 -9.996112e-01
      outer loop
         vertex -6.242396e-02 1.637928e-03 -5.095092e-03
         vertex -2.607206e-02 1.772237e-03 -5.080578e-03
         vertex -1.885917e-02 1.215138e-03 -5.093980e-03
      endloop
   endfacet
   facet normal 1.343952e-04 1.121935e-02 -9.999371e-01
      outer loop
         vertex -5.836274e-02 1.008534e-03 -5.101608e-03
         vertex -6.242396e-02 1.637928e-03 -5.095092e-03
         vertex -1.885917e-02 1.215138e-03 -5.093980e-03
      endloop
   endfacet
   facet normal 4.033710e-03 9.999319e-01 1.095443e-02
      outer loop
         vertex 6.355023e-02 4.855636e-03 -4.817397e-04
         vertex 1.007041e-01 4.711426e-03 -9.991719e-04
         vertex 9.651034e-02 4.730926e-03 -1.234846e-03
      endloop
   endfacet
   facet normal 4.585210e-03 9.986932e-01 5.089978e-02
      outer loop
         vertex 9.996103e-02 4.707536e-03 -8.559038e-04
         vertex 1.007041e-01 4.711426e-03 -9.991719e-04
         vertex 6.355023e-02 4.855636e-03 -4.817397e-04
      endloop
   endfacet
   facet normal 4.336929e-03 9.996430e-01 2.636297e-02
      outer loop
         vertex 9.895574e-02 4.706836e-03 -6.639849e-04
         vertex 9.996103e-02 4.707536e-03 -8.559038e-04
         vertex 6.355023e-02 4.855636e-03 -4.817397e-04
      endloop
   endfacet
   facet normal 4.338402e-03 9.996353e-01 2.665549e-02
      outer loop
         vertex 6.153993e-02 4.854125e-03 -9.789577e-05
         vertex 9.895574e-02 4.706836e-03 -6.639849e-04
         vertex 6.355023e-02 4.855636e-03 -4.817397e-04
      endloop
   endfacet
   facet normal 5.279630e-03 9.959774e-01 8.944890e-02
      outer loop
         vertex 1.348495e-01 4.538136e-03 -9.041707e-04
         vertex 9.895574e-02 4.706836e-03 -6.639849e-04
         vertex 9.819464e-02 4.696236e-03 -5.010320e-04
      endloop
   endfacet
   facet normal 5.273636e-03 9.959799e-01 8.942107e-02
      outer loop
         vertex 9.819464e-02 4.696236e-03 -5.010320e-04
         vertex 9.895574e-02 4.706836e-03 -6.639849e-04
         vertex 6.153993e-02 4.854125e-03 -9.789577e-05
      endloop
   endfacet
   facet normal 4.813292e-03 9.989123e-01 4.637919e-02
      outer loop
         vertex 5.950684e-02 4.843736e-03 3.368672e-04
         vertex 9.717813e-02 4.691026e-03 -2.836510e-04
         vertex 6.153993e-02 4.854125e-03 -9.789577e-05
      endloop
   endfacet
   facet normal 4.819662e-03 9.989077e-01 4.647772e-02
      outer loop
         vertex 9.819464e-02 4.696236e-03 -5.010320e-04
         vertex 9.717813e-02 4.691026e-03 -2.836510e-04
         vertex 1.348495e-01 4.538136e-03 -9.041707e-04
      endloop
   endfacet
   facet normal 4.813644e-03 9.989090e-01 4.644961e-02
      outer loop
         vertex 6.153993e-02 4.854125e-03 -9.789577e-05
         vertex 9.717813e-02 4.691026e-03 -2.836510e-04
         vertex 9.819464e-02 4.696236e-03 -5.010320e-04
      endloop
   endfacet
   facet normal 4.356675e-03 9.998229e-01 1.830603e-02
      outer loop
         vertex -1.725926e-02 5.164536e-03 1.094310e-03
         vertex -5.753236e-02 5.323236e-03 2.011208e-03
         vertex -1.880845e-02 5.161535e-03 1.626870e-03
      endloop
   endfacet
   facet normal 4.361552e-03 9.998227e-01 1.832022e-02
      outer loop
         vertex -1.880845e-02 5.161535e-03 1.626870e-03
         vertex 2.034904e-02 5.002536e-03 9.818700e-04
         vertex -1.725926e-02 5.164536e-03 1.094310e-03
      endloop
   endfacet
   facet normal 5.085336e-03 9.979993e-01 6.301989e-02
      outer loop
         vertex 5.950684e-02 4.843736e-03 3.368672e-04
         vertex 2.034904e-02 5.002536e-03 9.818700e-04
         vertex 4.953504e-02 4.853935e-03 9.800132e-04
      endloop
   endfacet
   facet normal 4.362647e-03 9.998157e-01 1.869632e-02
      outer loop
         vertex -1.725926e-02 5.164536e-03 1.094310e-03
         vertex 2.034904e-02 5.002536e-03 9.818700e-04
         vertex 2.112374e-02 5.004135e-03 7.155870e-04
      endloop
   endfacet
   facet normal 4.362608e-03 9.998157e-01 1.869621e-02
      outer loop
         vertex 2.112374e-02 5.004135e-03 7.155870e-04
         vertex 2.034904e-02 5.002536e-03 9.818700e-04
         vertex 5.950684e-02 4.843736e-03 3.368672e-04
      endloop
   endfacet
   facet normal 4.620826e-03 9.989546e-01 4.548016e-02
      outer loop
         vertex 6.153993e-02 4.854125e-03 -9.789577e-05
         vertex 2.214024e-02 5.009236e-03 4.982084e-04
         vertex 5.950684e-02 4.843736e-03 3.368672e-04
      endloop
   endfacet
   facet normal 4.619050e-03 9.989746e-01 4.503864e-02
      outer loop
         vertex 2.112374e-02 5.004135e-03 7.155870e-04
         vertex 2.214024e-02 5.009236e-03 4.982084e-04
         vertex -1.725926e-02 5.164536e-03 1.094310e-03
      endloop
   endfacet
   facet normal 4.619007e-03 9.989746e-01 4.503844e-02
      outer loop
         vertex 5.950684e-02 4.843736e-03 3.368672e-04
         vertex 2.214024e-02 5.009236e-03 4.982084e-04
         vertex 2.112374e-02 5.004135e-03 7.155870e-04
      endloop
   endfacet
   facet normal 3.876810e-03 9.999925e-01 -4.970218e-05
      outer loop
         vertex -5.675996e-02 5.322436e-03 1.467555e-03
         vertex -5.676347e-02 5.322436e-03 1.193833e-03
         vertex -9.782036e-02 5.481635e-03 1.765611e-03
      endloop
   endfacet
   facet normal 3.879275e-03 9.999925e-01 -4.973379e-05
      outer loop
         vertex -1.570676e-02 5.163136e-03 6.220530e-04
         vertex -5.676347e-02 5.322436e-03 1.193833e-03
         vertex -5.675996e-02 5.322436e-03 1.467555e-03
      endloop
   endfacet
   facet normal 3.891793e-03 9.999919e-01 1.026369e-03
      outer loop
         vertex -9.782036e-02 5.481635e-03 1.765611e-03
         vertex -5.676347e-02 5.322436e-03 1.193833e-03
         vertex -5.895945e-02 5.331436e-03 7.520221e-04
      endloop
   endfacet
   facet normal 3.894100e-03 9.999919e-01 1.014905e-03
      outer loop
         vertex -5.895945e-02 5.331436e-03 7.520221e-04
         vertex -5.676347e-02 5.322436e-03 1.193833e-03
         vertex -1.570676e-02 5.163136e-03 6.220530e-04
      endloop
   endfacet
   facet normal 3.750648e-03 9.999533e-01 -8.907195e-03
      outer loop
         vertex 5.764293e-02 4.881135e-03 -7.381298e-04
         vertex 9.651034e-02 4.730926e-03 -1.234846e-03
         vertex 6.347653e-02 4.855536e-03 -1.155578e-03
      endloop
   endfacet
   facet normal 3.945305e-03 9.999807e-01 4.800855e-03
      outer loop
         vertex -1.570676e-02 5.163136e-03 6.220530e-04
         vertex 2.392174e-02 5.009436e-03 7.015595e-05
         vertex 1.877544e-02 5.031236e-03 -2.414109e-04
      endloop
   endfacet
   facet normal 3.900025e-03 9.999879e-01 2.991900e-03
      outer loop
         vertex -1.570676e-02 5.163136e-03 6.220530e-04
         vertex -2.009196e-02 5.181336e-03 2.553061e-04
         vertex -5.895945e-02 5.331436e-03 7.520221e-04
      endloop
   endfacet
   facet normal 3.967292e-03 9.999598e-01 8.042962e-03
      outer loop
         vertex 5.764293e-02 4.881135e-03 -7.381298e-04
         vertex 6.355023e-02 4.855636e-03 -4.817397e-04
         vertex 9.651034e-02 4.730926e-03 -1.234846e-03
      endloop
   endfacet
   facet normal 3.947359e-03 9.999808e-01 4.766933e-03
      outer loop
         vertex 1.877544e-02 5.031236e-03 -2.414109e-04
         vertex 2.392174e-02 5.009436e-03 7.015595e-05
         vertex 6.355023e-02 4.855636e-03 -4.817397e-04
      endloop
   endfacet
   facet normal 3.761586e-03 9.999393e-01 -1.035212e-02
      outer loop
         vertex 6.347653e-02 4.855536e-03 -1.155578e-03
         vertex 2.309264e-02 5.010026e-03 -9.070489e-04
         vertex 2.385394e-02 5.009345e-03 -6.961357e-04
      endloop
   endfacet
   facet normal 3.783775e-03 9.999572e-01 -8.444501e-03
      outer loop
         vertex 6.347653e-02 4.855536e-03 -1.155578e-03
         vertex 2.385394e-02 5.009345e-03 -6.961357e-04
         vertex 5.764293e-02 4.881135e-03 -7.381298e-04
      endloop
   endfacet
   facet normal 3.900033e-03 9.999879e-01 2.991808e-03
      outer loop
         vertex -1.570676e-02 5.163136e-03 6.220530e-04
         vertex 1.877544e-02 5.031236e-03 -2.414109e-04
         vertex -2.009196e-02 5.181336e-03 2.553061e-04
      endloop
   endfacet
   facet normal 3.817799e-03 9.999868e-01 -3.441873e-03
      outer loop
         vertex -5.895945e-02 5.331436e-03 7.520221e-04
         vertex -2.009196e-02 5.181336e-03 2.553061e-04
         vertex -1.576846e-02 5.163136e-03 -2.366959e-04
      endloop
   endfacet
   facet normal 3.965127e-03 9.999594e-01 8.092799e-03
      outer loop
         vertex 6.355023e-02 4.855636e-03 -4.817397e-04
         vertex 5.764293e-02 4.881135e-03 -7.381298e-04
         vertex 1.877544e-02 5.031236e-03 -2.414109e-04
      endloop
   endfacet
   facet normal 3.761153e-03 9.999394e-01 -1.035056e-02
      outer loop
         vertex 2.309264e-02 5.010026e-03 -9.070489e-04
         vertex -1.576846e-02 5.163136e-03 -2.366959e-04
         vertex 2.385394e-02 5.009345e-03 -6.961357e-04
      endloop
   endfacet
   facet normal 3.783893e-03 9.999580e-01 -8.351428e-03
      outer loop
         vertex 5.764293e-02 4.881135e-03 -7.381298e-04
         vertex 2.385394e-02 5.009345e-03 -6.961357e-04
         vertex 2.093714e-02 5.022126e-03 -4.874126e-04
      endloop
   endfacet
   facet normal 3.817808e-03 9.999868e-01 -3.441789e-03
      outer loop
         vertex -2.009196e-02 5.181336e-03 2.553061e-04
         vertex 1.877544e-02 5.031236e-03 -2.414109e-04
         vertex -1.576846e-02 5.163136e-03 -2.366959e-04
      endloop
   endfacet
   facet normal 3.817213e-03 9.999866e-01 -3.489488e-03
      outer loop
         vertex 5.764293e-02 4.881135e-03 -7.381298e-04
         vertex 2.093714e-02 5.022126e-03 -4.874126e-04
         vertex 1.877544e-02 5.031236e-03 -2.414109e-04
      endloop
   endfacet
   facet normal 3.784506e-03 9.999580e-01 -8.342875e-03
      outer loop
         vertex 2.093714e-02 5.022126e-03 -4.874126e-04
         vertex 2.385394e-02 5.009345e-03 -6.961357e-04
         vertex -1.576846e-02 5.163136e-03 -2.366959e-04
      endloop
   endfacet
   facet normal 3.817802e-03 9.999866e-01 -3.484311e-03
      outer loop
         vertex 1.877544e-02 5.031236e-03 -2.414109e-04
         vertex 2.093714e-02 5.022126e-03 -4.874126e-04
         vertex -1.576846e-02 5.163136e-03 -2.366959e-04
      endloop
   endfacet
   facet normal 4.372303e-03 9.998079e-01 1.910423e-02
      outer loop
         vertex -9.780547e-02 5.481836e-03 2.928107e-03
         vertex -5.830696e-02 5.321535e-03 2.277487e-03
         vertex -5.753236e-02 5.323236e-03 2.011208e-03
      endloop
   endfacet
   facet normal 4.240956e-03 9.999294e-01 1.110033e-02
      outer loop
         vertex -9.780547e-02 5.481836e-03 2.928107e-03
         vertex -6.235356e-02 5.330735e-03 2.994766e-03
         vertex -5.830696e-02 5.321535e-03 2.277487e-03
      endloop
   endfacet
   facet normal 4.364306e-03 9.998084e-01 1.908097e-02
      outer loop
         vertex -5.753236e-02 5.323236e-03 2.011208e-03
         vertex -5.830696e-02 5.321535e-03 2.277487e-03
         vertex -1.880845e-02 5.161535e-03 1.626870e-03
      endloop
   endfacet
   facet normal 6.402246e-03 9.926443e-01 1.208978e-01
      outer loop
         vertex -2.359276e-02 5.091436e-03 2.906950e-03
         vertex -2.600755e-02 5.176026e-03 2.340290e-03
         vertex -6.235356e-02 5.330735e-03 2.994766e-03
      endloop
   endfacet
   facet normal 4.232562e-03 9.999300e-01 1.105297e-02
      outer loop
         vertex -5.830696e-02 5.321535e-03 2.277487e-03
         vertex -6.235356e-02 5.330735e-03 2.994766e-03
         vertex -1.880845e-02 5.161535e-03 1.626870e-03
      endloop
   endfacet
   facet normal 6.409427e-03 9.926479e-01 1.208677e-01
      outer loop
         vertex -2.600755e-02 5.176026e-03 2.340290e-03
         vertex -2.359276e-02 5.091436e-03 2.906950e-03
         vertex 1.127624e-02 5.017036e-03 1.668925e-03
      endloop
   endfacet
   facet normal 4.752937e-03 9.996061e-01 2.765847e-02
      outer loop
         vertex -6.235356e-02 5.330735e-03 2.994766e-03
         vertex -2.600755e-02 5.176026e-03 2.340290e-03
         vertex -1.880845e-02 5.161535e-03 1.626870e-03
      endloop
   endfacet
   facet normal 4.762399e-03 9.996034e-01 2.775400e-02
      outer loop
         vertex -2.600755e-02 5.176026e-03 2.340290e-03
         vertex 1.127624e-02 5.017036e-03 1.668925e-03
         vertex -1.880845e-02 5.161535e-03 1.626870e-03
      endloop
   endfacet
   facet normal 4.762301e-03 9.996017e-01 2.781801e-02
      outer loop
         vertex 1.127624e-02 5.017036e-03 1.668925e-03
         vertex 1.536324e-02 5.007735e-03 1.303441e-03
         vertex -1.880845e-02 5.161535e-03 1.626870e-03
      endloop
   endfacet
   facet normal 5.085416e-03 9.980188e-01 6.271100e-02
      outer loop
         vertex 4.953504e-02 4.853935e-03 9.800132e-04
         vertex 2.034904e-02 5.002536e-03 9.818700e-04
         vertex 1.536324e-02 5.007735e-03 1.303441e-03
      endloop
   endfacet
   facet normal 5.085435e-03 9.980188e-01 6.271130e-02
      outer loop
         vertex 1.536324e-02 5.007735e-03 1.303441e-03
         vertex 2.034904e-02 5.002536e-03 9.818700e-04
         vertex -1.880845e-02 5.161535e-03 1.626870e-03
      endloop
   endfacet
   facet normal 9.998752e-01 1.033424e-02 -1.194549e-02
      outer loop
         vertex 1.571961e-01 4.156836e-03 -2.932150e-04
         vertex 1.571991e-01 4.062036e-03 -1.245257e-04
         vertex 1.571934e-01 4.216835e-03 -4.670650e-04
      endloop
   endfacet
   facet normal 1.392817e-02 8.717906e-01 4.896806e-01
      outer loop
         vertex 1.571991e-01 4.062036e-03 -1.245257e-04
         vertex 1.571961e-01 4.156836e-03 -2.932150e-04
         vertex 1.071621e-01 4.182636e-03 1.083988e-03
      endloop
   endfacet
   facet normal 1.646426e-02 7.975935e-01 6.029707e-01
      outer loop
         vertex 5.781039e-03 4.288736e-03 3.713662e-03
         vertex 5.754995e-02 4.136345e-03 2.501677e-03
         vertex 5.712514e-02 4.303246e-03 2.292505e-03
      endloop
   endfacet
   facet normal 1.391864e-02 8.719872e-01 4.893308e-01
      outer loop
         vertex 1.071621e-01 4.182636e-03 1.083988e-03
         vertex 1.571961e-01 4.156836e-03 -2.932150e-04
         vertex 1.063372e-01 4.365436e-03 7.817023e-04
      endloop
   endfacet
   facet normal 1.641990e-02 7.975515e-01 6.030273e-01
      outer loop
         vertex 5.754995e-02 4.136345e-03 2.501677e-03
         vertex 1.071635e-01 4.131645e-03 1.156959e-03
         vertex 5.712514e-02 4.303246e-03 2.292505e-03
      endloop
   endfacet
   facet normal 1.392032e-02 8.719891e-01 4.893274e-01
      outer loop
         vertex 5.712514e-02 4.303246e-03 2.292505e-03
         vertex 1.071621e-01 4.182636e-03 1.083988e-03
         vertex 1.063372e-01 4.365436e-03 7.817023e-04
      endloop
   endfacet
   facet normal 1.580352e-02 8.197436e-01 5.725127e-01
      outer loop
         vertex 1.071635e-01 4.131645e-03 1.156959e-03
         vertex 1.071621e-01 4.182636e-03 1.083988e-03
         vertex 5.712514e-02 4.303246e-03 2.292505e-03
      endloop
   endfacet
   facet normal 1.372953e-02 8.815795e-01 4.718358e-01
      outer loop
         vertex 1.771913e-02 4.597146e-03 2.890022e-03
         vertex 5.495737e-03 4.480226e-03 3.464153e-03
         vertex 5.712514e-02 4.303246e-03 2.292505e-03
      endloop
   endfacet
   facet normal 1.391239e-02 8.722166e-01 4.889220e-01
      outer loop
         vertex 1.771913e-02 4.597146e-03 2.890022e-03
         vertex 5.547833e-02 4.574136e-03 1.856623e-03
         vertex 1.689574e-02 4.732446e-03 2.672081e-03
      endloop
   endfacet
   facet normal 1.372321e-02 8.816445e-01 4.717145e-01
      outer loop
         vertex 1.771913e-02 4.597146e-03 2.890022e-03
         vertex -2.168687e-02 4.890826e-03 3.487535e-03
         vertex 5.495737e-03 4.480226e-03 3.464153e-03
      endloop
   endfacet
   facet normal 1.017868e-02 9.550782e-01 2.961789e-01
      outer loop
         vertex 5.547833e-02 4.574136e-03 1.856623e-03
         vertex 1.594274e-02 4.832626e-03 2.381787e-03
         vertex 1.689574e-02 4.732446e-03 2.672081e-03
      endloop
   endfacet
   facet normal 1.391382e-02 8.722188e-01 4.889180e-01
      outer loop
         vertex -2.168687e-02 4.890826e-03 3.487535e-03
         vertex 1.771913e-02 4.597146e-03 2.890022e-03
         vertex 1.689574e-02 4.732446e-03 2.672081e-03
      endloop
   endfacet
   facet normal 1.018027e-02 9.550797e-01 2.961742e-01
      outer loop
         vertex 1.594274e-02 4.832626e-03 2.381787e-03
         vertex -2.168687e-02 4.890826e-03 3.487535e-03
         vertex 1.689574e-02 4.732446e-03 2.672081e-03
      endloop
   endfacet
   facet normal 1.336205e-02 8.879044e-01 4.598340e-01
      outer loop
         vertex -5.972487e-02 4.862536e-03 4.647497e-03
         vertex -5.973106e-02 5.046935e-03 4.291615e-03
         vertex -9.777526e-02 5.203036e-03 5.095702e-03
      endloop
   endfacet
   facet normal 1.336219e-02 8.879044e-01 4.598340e-01
      outer loop
         vertex -2.168687e-02 4.890826e-03 3.487535e-03
         vertex -5.973106e-02 5.046935e-03 4.291615e-03
         vertex -5.972487e-02 4.862536e-03 4.647497e-03
      endloop
   endfacet
   facet normal 1.018595e-02 9.549682e-01 2.965334e-01
      outer loop
         vertex -2.359276e-02 5.091436e-03 2.906950e-03
         vertex -5.973106e-02 5.046935e-03 4.291615e-03
         vertex -2.168687e-02 4.890826e-03 3.487535e-03
      endloop
   endfacet
   facet normal 1.019028e-02 9.549721e-01 2.965205e-01
      outer loop
         vertex -2.359276e-02 5.091436e-03 2.906950e-03
         vertex -2.168687e-02 4.890826e-03 3.487535e-03
         vertex 1.594274e-02 4.832626e-03 2.381787e-03
      endloop
   endfacet
   facet normal 7.035323e-03 9.903184e-01 1.386361e-01
      outer loop
         vertex -2.359276e-02 5.091436e-03 2.906950e-03
         vertex 1.464614e-02 4.924336e-03 2.160095e-03
         vertex 1.127624e-02 5.017036e-03 1.668925e-03
      endloop
   endfacet
   facet normal 1.055089e-02 9.442954e-01 3.289300e-01
      outer loop
         vertex -2.359276e-02 5.091436e-03 2.906950e-03
         vertex 1.594274e-02 4.832626e-03 2.381787e-03
         vertex 1.464614e-02 4.924336e-03 2.160095e-03
      endloop
   endfacet
   facet normal 1.053915e-02 9.444244e-01 3.285597e-01
      outer loop
         vertex 5.547833e-02 4.574136e-03 1.856623e-03
         vertex 5.288513e-02 4.757326e-03 1.413238e-03
         vertex 1.594274e-02 4.832626e-03 2.381787e-03
      endloop
   endfacet
   facet normal 7.033257e-03 9.903165e-01 1.386499e-01
      outer loop
         vertex 1.127624e-02 5.017036e-03 1.668925e-03
         vertex 1.464614e-02 4.924336e-03 2.160095e-03
         vertex 5.288513e-02 4.757326e-03 1.413238e-03
      endloop
   endfacet
   facet normal 1.054886e-02 9.442918e-01 3.289404e-01
      outer loop
         vertex 1.594274e-02 4.832626e-03 2.381787e-03
         vertex 5.288513e-02 4.757326e-03 1.413238e-03
         vertex 1.464614e-02 4.924336e-03 2.160095e-03
      endloop
   endfacet
   facet normal 9.998747e-01 1.043720e-02 -1.189895e-02
      outer loop
         vertex 1.571934e-01 4.216835e-03 -4.670650e-04
         vertex 1.571991e-01 4.062036e-03 -1.245257e-04
         vertex 1.572019e-01 3.960046e-03 2.141795e-05
      endloop
   endfacet
   facet normal 9.998815e-01 7.582182e-03 -1.339992e-02
      outer loop
         vertex 1.572034e-01 3.900536e-03 1.000470e-04
         vertex 1.571934e-01 4.216835e-03 -4.670650e-04
         vertex 1.572019e-01 3.960046e-03 2.141795e-05
      endloop
   endfacet
   facet normal 1.580402e-02 8.197216e-01 5.725442e-01
      outer loop
         vertex 1.571991e-01 4.062036e-03 -1.245257e-04
         vertex 1.071621e-01 4.182636e-03 1.083988e-03
         vertex 1.572019e-01 3.960046e-03 2.141795e-05
      endloop
   endfacet
   facet normal 1.642152e-02 7.975061e-01 6.030873e-01
      outer loop
         vertex 5.754995e-02 4.136345e-03 2.501677e-03
         vertex 1.073766e-01 4.018436e-03 1.300862e-03
         vertex 1.071635e-01 4.131645e-03 1.156959e-03
      endloop
   endfacet
   facet normal 1.642400e-02 7.974156e-01 6.032070e-01
      outer loop
         vertex 1.572034e-01 3.900536e-03 1.000470e-04
         vertex 1.572019e-01 3.960046e-03 2.141795e-05
         vertex 1.073766e-01 4.018436e-03 1.300862e-03
      endloop
   endfacet
   facet normal 1.580345e-02 8.197436e-01 5.725127e-01
      outer loop
         vertex 1.572019e-01 3.960046e-03 2.141795e-05
         vertex 1.071621e-01 4.182636e-03 1.083988e-03
         vertex 1.071635e-01 4.131645e-03 1.156959e-03
      endloop
   endfacet
   facet normal 1.642104e-02 7.975058e-01 6.030878e-01
      outer loop
         vertex 1.073766e-01 4.018436e-03 1.300862e-03
         vertex 1.572019e-01 3.960046e-03 2.141795e-05
         vertex 1.071635e-01 4.131645e-03 1.156959e-03
      endloop
   endfacet
   facet normal 1.840473e-02 7.197713e-01 6.939672e-01
      outer loop
         vertex 1.572070e-01 3.747926e-03 2.733062e-04
         vertex 1.074461e-01 3.881036e-03 1.454957e-03
         vertex 1.074462e-01 3.873236e-03 1.463045e-03
      endloop
   endfacet
   facet normal 1.830778e-02 7.241591e-01 6.893899e-01
      outer loop
         vertex 1.572067e-01 3.763336e-03 2.571271e-04
         vertex 1.074461e-01 3.881036e-03 1.454957e-03
         vertex 1.572070e-01 3.747926e-03 2.733062e-04
      endloop
   endfacet
   facet normal 1.840610e-02 7.197713e-01 6.939672e-01
      outer loop
         vertex 1.074462e-01 3.873236e-03 1.463045e-03
         vertex 1.074461e-01 3.881036e-03 1.454957e-03
         vertex 5.768544e-02 3.998636e-03 2.652788e-03
      endloop
   endfacet
   facet normal 1.822744e-02 7.276467e-01 6.857099e-01
      outer loop
         vertex 1.572067e-01 3.763336e-03 2.571271e-04
         vertex 1.572063e-01 3.780426e-03 2.390030e-04
         vertex 1.074461e-01 3.881036e-03 1.454957e-03
      endloop
   endfacet
   facet normal 1.816801e-02 7.301373e-01 6.830589e-01
      outer loop
         vertex 5.768544e-02 3.998636e-03 2.652788e-03
         vertex 1.074461e-01 3.881036e-03 1.454957e-03
         vertex 1.074320e-01 3.913136e-03 1.421020e-03
      endloop
   endfacet
   facet normal 1.816770e-02 7.301373e-01 6.830589e-01
      outer loop
         vertex 1.074461e-01 3.881036e-03 1.454957e-03
         vertex 1.572063e-01 3.780426e-03 2.390030e-04
         vertex 1.074320e-01 3.913136e-03 1.421020e-03
      endloop
   endfacet
   facet normal 1.814577e-02 7.310353e-01 6.820983e-01
      outer loop
         vertex 5.768544e-02 3.998636e-03 2.652788e-03
         vertex 1.074320e-01 3.913136e-03 1.421020e-03
         vertex 5.765793e-02 4.045736e-03 2.603041e-03
      endloop
   endfacet
   facet normal 1.793059e-02 7.404052e-01 6.719216e-01
      outer loop
         vertex 1.572063e-01 3.780426e-03 2.390030e-04
         vertex 1.074317e-01 3.928135e-03 1.404500e-03
         vertex 1.074320e-01 3.913136e-03 1.421020e-03
      endloop
   endfacet
   facet normal 1.792906e-02 7.404052e-01 6.719217e-01
      outer loop
         vertex 1.074320e-01 3.913136e-03 1.421020e-03
         vertex 1.074317e-01 3.928135e-03 1.404500e-03
         vertex 5.765793e-02 4.045736e-03 2.603041e-03
      endloop
   endfacet
   facet normal 1.729205e-02 7.662717e-01 6.422839e-01
      outer loop
         vertex 1.572034e-01 3.900536e-03 1.000470e-04
         vertex 1.073766e-01 4.018436e-03 1.300862e-03
         vertex 1.572048e-01 3.843036e-03 1.686090e-04
      endloop
   endfacet
   facet normal 1.727926e-02 7.668137e-01 6.416371e-01
      outer loop
         vertex 1.572048e-01 3.843036e-03 1.686090e-04
         vertex 1.073766e-01 4.018436e-03 1.300862e-03
         vertex 1.073773e-01 3.989736e-03 1.335142e-03
      endloop
   endfacet
   facet normal 1.806945e-02 7.344187e-01 6.784561e-01
      outer loop
         vertex -4.594857e-02 4.275335e-03 5.113792e-03
         vertex -4.594957e-02 4.321845e-03 5.063473e-03
         vertex -9.775338e-02 4.459936e-03 6.293693e-03
      endloop
   endfacet
   facet normal 1.727793e-02 7.668137e-01 6.416371e-01
      outer loop
         vertex 1.073773e-01 3.989736e-03 1.335142e-03
         vertex 1.073766e-01 4.018436e-03 1.300862e-03
         vertex 5.754995e-02 4.136345e-03 2.501677e-03
      endloop
   endfacet
   facet normal 1.758372e-02 7.543738e-01 6.562096e-01
      outer loop
         vertex 5.765793e-02 4.045736e-03 2.603041e-03
         vertex 1.074317e-01 3.928135e-03 1.404500e-03
         vertex 1.073773e-01 3.989736e-03 1.335142e-03
      endloop
   endfacet
   facet normal 1.807022e-02 7.344187e-01 6.784561e-01
      outer loop
         vertex 5.854738e-03 4.160436e-03 3.858423e-03
         vertex -4.594957e-02 4.321845e-03 5.063473e-03
         vertex -4.594857e-02 4.275335e-03 5.113792e-03
      endloop
   endfacet
   facet normal 1.757554e-02 7.546641e-01 6.558759e-01
      outer loop
         vertex 5.765793e-02 4.045736e-03 2.603041e-03
         vertex 1.073773e-01 3.989736e-03 1.335142e-03
         vertex 5.754995e-02 4.136345e-03 2.501677e-03
      endloop
   endfacet
   facet normal 1.815166e-02 7.310064e-01 6.821292e-01
      outer loop
         vertex 5.854738e-03 4.160436e-03 3.858423e-03
         vertex -4.594857e-02 4.275335e-03 5.113792e-03
         vertex -4.593934e-02 4.259635e-03 5.130372e-03
      endloop
   endfacet
   facet normal 1.811921e-02 7.321888e-01 6.808607e-01
      outer loop
         vertex 5.854738e-03 4.160436e-03 3.858423e-03
         vertex 5.854136e-03 4.183846e-03 3.833264e-03
         vertex -4.594957e-02 4.321845e-03 5.063473e-03
      endloop
   endfacet
   facet normal 1.758737e-02 7.546701e-01 6.558687e-01
      outer loop
         vertex 5.854136e-03 4.183846e-03 3.833264e-03
         vertex 5.765793e-02 4.045736e-03 2.603041e-03
         vertex 5.754995e-02 4.136345e-03 2.501677e-03
      endloop
   endfacet
   facet normal 1.812502e-02 7.320969e-01 6.809593e-01
      outer loop
         vertex 5.873034e-03 4.129136e-03 3.891587e-03
         vertex 5.854738e-03 4.160436e-03 3.858423e-03
         vertex -4.593934e-02 4.259635e-03 5.130372e-03
      endloop
   endfacet
   facet normal 1.814973e-02 7.310363e-01 6.820971e-01
      outer loop
         vertex 5.873034e-03 4.129136e-03 3.891587e-03
         vertex 5.768544e-02 3.998636e-03 2.652788e-03
         vertex 5.765793e-02 4.045736e-03 2.603041e-03
      endloop
   endfacet
   facet normal 1.812094e-02 7.321888e-01 6.808606e-01
      outer loop
         vertex 5.765793e-02 4.045736e-03 2.603041e-03
         vertex 5.854136e-03 4.183846e-03 3.833264e-03
         vertex 5.854738e-03 4.160436e-03 3.858423e-03
      endloop
   endfacet
   facet normal 1.812314e-02 7.320964e-01 6.809599e-01
      outer loop
         vertex 5.873034e-03 4.129136e-03 3.891587e-03
         vertex 5.765793e-02 4.045736e-03 2.603041e-03
         vertex 5.854738e-03 4.160436e-03 3.858423e-03
      endloop
   endfacet
   facet normal 1.233230e-02 9.056534e-01 4.238393e-01
      outer loop
         vertex 1.571934e-01 4.216835e-03 -4.670650e-04
         vertex 1.050366e-01 4.561746e-03 3.135231e-04
         vertex 1.050393e-01 4.487036e-03 4.730833e-04
      endloop
   endfacet
   facet normal 1.233138e-02 9.056898e-01 4.237615e-01
      outer loop
         vertex 1.571879e-01 4.366226e-03 -7.861907e-04
         vertex 1.050366e-01 4.561746e-03 3.135231e-04
         vertex 1.571934e-01 4.216835e-03 -4.670650e-04
      endloop
   endfacet
   facet normal 9.998583e-01 1.225772e-02 -1.153610e-02
      outer loop
         vertex 1.571879e-01 4.366226e-03 -7.861907e-04
         vertex 1.571934e-01 4.216835e-03 -4.670650e-04
         vertex 1.571863e-01 4.385736e-03 -9.023606e-04
      endloop
   endfacet
   facet normal 9.998780e-01 8.887424e-03 -1.284414e-02
      outer loop
         vertex 1.571934e-01 4.216835e-03 -4.670650e-04
         vertex 1.571855e-01 4.395235e-03 -9.584281e-04
         vertex 1.571863e-01 4.385736e-03 -9.023606e-04
      endloop
   endfacet
   facet normal 6.668833e-03 9.906615e-01 1.361814e-01
      outer loop
         vertex 1.571855e-01 4.395235e-03 -9.584281e-04
         vertex 1.348495e-01 4.538136e-03 -9.041707e-04
         vertex 1.291335e-01 4.514636e-03 -4.533006e-04
      endloop
   endfacet
   facet normal 7.202676e-03 9.859401e-01 1.669440e-01
      outer loop
         vertex 1.571855e-01 4.395235e-03 -9.584281e-04
         vertex 1.291335e-01 4.514636e-03 -4.533006e-04
         vertex 1.571863e-01 4.385736e-03 -9.023606e-04
      endloop
   endfacet
   facet normal 9.998793e-01 9.094901e-03 -1.259299e-02
      outer loop
         vertex 1.572334e-01 1.917836e-03 1.059859e-03
         vertex 1.571773e-01 4.477526e-03 -1.544850e-03
         vertex 1.571820e-01 4.429236e-03 -1.207035e-03
      endloop
   endfacet
   facet normal 9.998712e-01 1.014032e-02 -1.244343e-02
      outer loop
         vertex 1.571773e-01 4.477526e-03 -1.544850e-03
         vertex 1.571802e-01 4.458045e-03 -1.328438e-03
         vertex 1.571820e-01 4.429236e-03 -1.207035e-03
      endloop
   endfacet
   facet normal 5.280696e-03 9.959653e-01 8.958405e-02
      outer loop
         vertex 1.571773e-01 4.477526e-03 -1.544850e-03
         vertex 1.363717e-01 4.559526e-03 -1.230070e-03
         vertex 1.571802e-01 4.458045e-03 -1.328438e-03
      endloop
   endfacet
   facet normal 8.366743e-03 9.625918e-01 2.708265e-01
      outer loop
         vertex 1.571820e-01 4.429236e-03 -1.207035e-03
         vertex 1.571810e-01 4.447525e-03 -1.272011e-03
         vertex 1.348495e-01 4.538136e-03 -9.041707e-04
      endloop
   endfacet
   facet normal 9.998593e-01 1.162413e-02 -1.209114e-02
      outer loop
         vertex 1.571820e-01 4.429236e-03 -1.207035e-03
         vertex 1.571802e-01 4.458045e-03 -1.328438e-03
         vertex 1.571810e-01 4.447525e-03 -1.272011e-03
      endloop
   endfacet
   facet normal 5.282648e-03 9.959242e-01 9.003935e-02
      outer loop
         vertex 1.571802e-01 4.458045e-03 -1.328438e-03
         vertex 1.363717e-01 4.559526e-03 -1.230070e-03
         vertex 1.348495e-01 4.538136e-03 -9.041707e-04
      endloop
   endfacet
   facet normal 7.005956e-03 9.830558e-01 1.831725e-01
      outer loop
         vertex 1.571810e-01 4.447525e-03 -1.272011e-03
         vertex 1.571802e-01 4.458045e-03 -1.328438e-03
         vertex 1.348495e-01 4.538136e-03 -9.041707e-04
      endloop
   endfacet
   facet normal 2.400825e-02 1.822305e-01 9.829627e-01
      outer loop
         vertex 1.572340e-01 1.864629e-03 1.069708e-03
         vertex 1.572334e-01 1.917836e-03 1.059859e-03
         vertex 1.364242e-01 1.727940e-03 1.603315e-03
      endloop
   endfacet
   facet normal 2.516389e-02 9.144933e-02 9.954917e-01
      outer loop
         vertex 1.572334e-01 1.917836e-03 1.059859e-03
         vertex 1.572312e-01 2.135441e-03 1.039925e-03
         vertex 1.364242e-01 1.727940e-03 1.603315e-03
      endloop
   endfacet
   facet normal 2.536197e-02 2.660309e-02 9.993243e-01
      outer loop
         vertex 6.160654e-02 1.237141e-03 3.521810e-03
         vertex 6.357103e-02 9.052318e-04 3.480789e-03
         vertex 9.974184e-02 1.358540e-03 2.550738e-03
      endloop
   endfacet
   facet normal 2.516559e-02 9.137251e-02 9.954987e-01
      outer loop
         vertex 1.364242e-01 1.727940e-03 1.603315e-03
         vertex 1.572312e-01 2.135441e-03 1.039925e-03
         vertex 1.349059e-01 2.018834e-03 1.614997e-03
      endloop
   endfacet
   facet normal 2.525245e-02 5.272968e-02 9.982895e-01
      outer loop
         vertex 6.160654e-02 1.237141e-03 3.521810e-03
         vertex 9.974184e-02 1.358540e-03 2.550738e-03
         vertex 9.901523e-02 1.482533e-03 2.562569e-03
      endloop
   endfacet
   facet normal 2.530534e-02 4.596275e-02 9.986226e-01
      outer loop
         vertex 5.957904e-02 1.625141e-03 3.555329e-03
         vertex 6.160654e-02 1.237141e-03 3.521810e-03
         vertex 9.800155e-02 1.676533e-03 2.579328e-03
      endloop
   endfacet
   facet normal 2.525254e-02 5.273019e-02 9.982895e-01
      outer loop
         vertex 9.974184e-02 1.358540e-03 2.550738e-03
         vertex 1.364242e-01 1.727940e-03 1.603315e-03
         vertex 9.901523e-02 1.482533e-03 2.562569e-03
      endloop
   endfacet
   facet normal 2.516541e-02 9.137157e-02 9.954988e-01
      outer loop
         vertex 1.364242e-01 1.727940e-03 1.603315e-03
         vertex 1.349059e-01 2.018834e-03 1.614997e-03
         vertex 9.800155e-02 1.676533e-03 2.579328e-03
      endloop
   endfacet
   facet normal 2.530544e-02 4.595531e-02 9.986229e-01
      outer loop
         vertex 9.800155e-02 1.676533e-03 2.579328e-03
         vertex 6.160654e-02 1.237141e-03 3.521810e-03
         vertex 9.901523e-02 1.482533e-03 2.562569e-03
      endloop
   endfacet
   facet normal 2.530553e-02 4.595579e-02 9.986229e-01
      outer loop
         vertex 1.364242e-01 1.727940e-03 1.603315e-03
         vertex 9.800155e-02 1.676533e-03 2.579328e-03
         vertex 9.901523e-02 1.482533e-03 2.562569e-03
      endloop
   endfacet
   facet normal 2.549170e-02 1.075341e-02 9.996172e-01
      outer loop
         vertex -1.565165e-02 2.926377e-04 5.507692e-03
         vertex -1.717196e-02 7.202348e-04 5.541862e-03
         vertex -5.667266e-02 -2.476038e-05 6.557202e-03
      endloop
   endfacet
   facet normal 2.549199e-02 1.075445e-02 9.996172e-01
      outer loop
         vertex -1.717196e-02 7.202348e-04 5.541862e-03
         vertex -1.565165e-02 2.926377e-04 5.507692e-03
         vertex 2.319933e-02 8.127330e-04 4.511328e-03
      endloop
   endfacet
   facet normal 2.544653e-02 2.710554e-02 9.993086e-01
      outer loop
         vertex 6.357103e-02 9.052318e-04 3.480789e-03
         vertex 6.160654e-02 1.237141e-03 3.521810e-03
         vertex 2.319933e-02 8.127330e-04 4.511328e-03
      endloop
   endfacet
   facet normal 2.544662e-02 2.711583e-02 9.993084e-01
      outer loop
         vertex -1.717196e-02 7.202348e-04 5.541862e-03
         vertex 2.319933e-02 8.127330e-04 4.511328e-03
         vertex 2.221713e-02 9.786418e-04 4.531838e-03
      endloop
   endfacet
   facet normal 2.550809e-02 1.848611e-02 9.995037e-01
      outer loop
         vertex -1.872105e-02 1.215733e-03 5.572232e-03
         vertex -1.717196e-02 7.202348e-04 5.541862e-03
         vertex 2.144264e-02 1.226429e-03 4.547026e-03
      endloop
   endfacet
   facet normal 2.544643e-02 2.711468e-02 9.993084e-01
      outer loop
         vertex 2.319933e-02 8.127330e-04 4.511328e-03
         vertex 6.160654e-02 1.237141e-03 3.521810e-03
         vertex 2.221713e-02 9.786418e-04 4.531838e-03
      endloop
   endfacet
   facet normal 2.547697e-02 4.686362e-02 9.985763e-01
      outer loop
         vertex 6.160654e-02 1.237141e-03 3.521810e-03
         vertex 5.957904e-02 1.625141e-03 3.555329e-03
         vertex 2.144264e-02 1.226429e-03 4.547026e-03
      endloop
   endfacet
   facet normal 2.550841e-02 1.846252e-02 9.995041e-01
      outer loop
         vertex 2.144264e-02 1.226429e-03 4.547026e-03
         vertex -1.717196e-02 7.202348e-04 5.541862e-03
         vertex 2.221713e-02 9.786418e-04 4.531838e-03
      endloop
   endfacet
   facet normal 2.550823e-02 1.846196e-02 9.995041e-01
      outer loop
         vertex 6.160654e-02 1.237141e-03 3.521810e-03
         vertex 2.144264e-02 1.226429e-03 4.547026e-03
         vertex 2.221713e-02 9.786418e-04 4.531838e-03
      endloop
   endfacet
   facet normal 2.552515e-02 3.689924e-03 9.996674e-01
      outer loop
         vertex -1.997555e-02 -1.827651e-04 5.619852e-03
         vertex 1.888104e-02 1.637305e-04 4.626423e-03
         vertex -1.565165e-02 2.926377e-04 5.507692e-03
      endloop
   endfacet
   facet normal 2.552508e-02 3.690565e-03 9.996674e-01
      outer loop
         vertex -5.883226e-02 -5.293695e-04 6.613282e-03
         vertex -1.997555e-02 -1.827651e-04 5.619852e-03
         vertex -1.565165e-02 2.926377e-04 5.507692e-03
      endloop
   endfacet
   facet normal 2.556318e-02 1.694833e-03 9.996718e-01
      outer loop
         vertex -5.667266e-02 -2.476038e-05 6.557202e-03
         vertex -5.883226e-02 -5.293695e-04 6.613282e-03
         vertex -1.565165e-02 2.926377e-04 5.507692e-03
      endloop
   endfacet
   facet normal 2.556337e-02 1.694010e-03 9.996718e-01
      outer loop
         vertex -9.769377e-02 -3.419601e-04 7.606722e-03
         vertex -5.883226e-02 -5.293695e-04 6.613282e-03
         vertex -5.667266e-02 -2.476038e-05 6.557202e-03
      endloop
   endfacet
   facet normal 2.549176e-02 1.077466e-02 9.996170e-01
      outer loop
         vertex -9.769377e-02 -3.419601e-04 7.606722e-03
         vertex -5.667266e-02 -2.476038e-05 6.557202e-03
         vertex -5.743285e-02 1.891368e-04 6.574282e-03
      endloop
   endfacet
   facet normal 2.550780e-02 1.848521e-02 9.995037e-01
      outer loop
         vertex -1.717196e-02 7.202348e-04 5.541862e-03
         vertex -1.872105e-02 1.215733e-03 5.572232e-03
         vertex -5.743516e-02 4.561356e-04 6.574282e-03
      endloop
   endfacet
   facet normal 2.549132e-02 1.077310e-02 9.996170e-01
      outer loop
         vertex -5.667266e-02 -2.476038e-05 6.557202e-03
         vertex -1.717196e-02 7.202348e-04 5.541862e-03
         vertex -5.743285e-02 1.891368e-04 6.574282e-03
      endloop
   endfacet
   facet normal 2.550804e-02 1.847356e-02 9.995039e-01
      outer loop
         vertex -5.743516e-02 4.561356e-04 6.574282e-03
         vertex -1.872105e-02 1.215733e-03 5.572232e-03
         vertex -5.820977e-02 7.038306e-04 6.589473e-03
      endloop
   endfacet
   facet normal 2.563231e-02 2.257125e-04 9.996714e-01
      outer loop
         vertex -9.769377e-02 -3.419601e-04 7.606722e-03
         vertex -5.743285e-02 1.891368e-04 6.574282e-03
         vertex -9.769847e-02 1.919297e-04 7.606722e-03
      endloop
   endfacet
   facet normal 2.563189e-02 2.224446e-04 9.996714e-01
      outer loop
         vertex -1.717196e-02 7.202348e-04 5.541862e-03
         vertex -5.743516e-02 4.561356e-04 6.574282e-03
         vertex -5.743285e-02 1.891368e-04 6.574282e-03
      endloop
   endfacet
   facet normal 2.550824e-02 1.847421e-02 9.995039e-01
      outer loop
         vertex -9.769847e-02 1.919297e-04 7.606722e-03
         vertex -5.743516e-02 4.561356e-04 6.574282e-03
         vertex -5.820977e-02 7.038306e-04 6.589473e-03
      endloop
   endfacet
   facet normal 2.563231e-02 2.224482e-04 9.996714e-01
      outer loop
         vertex -5.743285e-02 1.891368e-04 6.574282e-03
         vertex -5.743516e-02 4.561356e-04 6.574282e-03
         vertex -9.769847e-02 1.919297e-04 7.606722e-03
      endloop
   endfacet
   facet normal 2.574897e-02 2.314446e-04 9.996684e-01
      outer loop
         vertex -9.769847e-02 1.919297e-04 7.606722e-03
         vertex -5.820977e-02 7.038306e-04 6.589473e-03
         vertex -9.770396e-02 8.028301e-04 7.606722e-03
      endloop
   endfacet
   facet normal -9.998789e-01 -8.987411e-03 1.270510e-02
      outer loop
         vertex -9.780547e-02 5.481836e-03 2.928107e-03
         vertex -9.769847e-02 1.919297e-04 7.606722e-03
         vertex -9.770396e-02 8.028301e-04 7.606722e-03
      endloop
   endfacet
   facet normal -9.998782e-01 -8.867451e-03 1.284072e-02
      outer loop
         vertex -9.769847e-02 1.919297e-04 7.606722e-03
         vertex -9.780547e-02 5.481836e-03 2.928107e-03
         vertex -9.781337e-02 5.481736e-03 2.313068e-03
      endloop
   endfacet
   facet normal -9.998780e-01 -8.804707e-03 1.290341e-02
      outer loop
         vertex -9.769847e-02 1.919297e-04 7.606722e-03
         vertex -9.781337e-02 5.481736e-03 2.313068e-03
         vertex -9.769377e-02 -3.419601e-04 7.606722e-03
      endloop
   endfacet
   facet normal 3.933226e-03 9.999922e-01 -2.132865e-04
      outer loop
         vertex -9.780547e-02 5.481836e-03 2.928107e-03
         vertex -5.753236e-02 5.323236e-03 2.011208e-03
         vertex -9.781337e-02 5.481736e-03 2.313068e-03
      endloop
   endfacet
   facet normal -9.998786e-01 -8.929863e-03 1.276574e-02
      outer loop
         vertex -9.782036e-02 5.481635e-03 1.765611e-03
         vertex -9.769377e-02 -3.419601e-04 7.606722e-03
         vertex -9.781337e-02 5.481736e-03 2.313068e-03
      endloop
   endfacet
   facet normal 3.934450e-03 9.999923e-01 -4.999721e-05
      outer loop
         vertex -5.753236e-02 5.323236e-03 2.011208e-03
         vertex -5.753627e-02 5.323236e-03 1.703688e-03
         vertex -9.781337e-02 5.481736e-03 2.313068e-03
      endloop
   endfacet
   facet normal 3.875478e-03 9.999925e-01 -2.331989e-04
      outer loop
         vertex -9.781337e-02 5.481736e-03 2.313068e-03
         vertex -5.675996e-02 5.322436e-03 1.467555e-03
         vertex -9.782036e-02 5.481635e-03 1.765611e-03
      endloop
   endfacet
   facet normal 3.939429e-03 9.999922e-01 -5.006048e-05
      outer loop
         vertex -1.725926e-02 5.164536e-03 1.094310e-03
         vertex -5.753627e-02 5.323236e-03 1.703688e-03
         vertex -5.753236e-02 5.323236e-03 2.011208e-03
      endloop
   endfacet
   facet normal 4.087041e-03 9.999412e-01 1.004880e-02
      outer loop
         vertex -9.781337e-02 5.481736e-03 2.313068e-03
         vertex -5.753627e-02 5.323236e-03 1.703688e-03
         vertex -5.675996e-02 5.322436e-03 1.467555e-03
      endloop
   endfacet
   facet normal 4.092280e-03 9.999410e-01 1.006603e-02
      outer loop
         vertex -5.675996e-02 5.322436e-03 1.467555e-03
         vertex -5.753627e-02 5.323236e-03 1.703688e-03
         vertex -1.725926e-02 5.164536e-03 1.094310e-03
      endloop
   endfacet
   facet normal 4.096388e-03 9.999365e-01 1.050270e-02
      outer loop
         vertex -1.570676e-02 5.163136e-03 6.220530e-04
         vertex -5.675996e-02 5.322436e-03 1.467555e-03
         vertex -1.725926e-02 5.164536e-03 1.094310e-03
      endloop
   endfacet
   facet normal 4.100529e-03 9.999363e-01 1.051632e-02
      outer loop
         vertex -1.725926e-02 5.164536e-03 1.094310e-03
         vertex 2.214024e-02 5.009236e-03 4.982084e-04
         vertex -1.570676e-02 5.163136e-03 6.220530e-04
      endloop
   endfacet
   facet normal 4.244024e-03 9.996487e-01 2.616126e-02
      outer loop
         vertex 6.355023e-02 4.855636e-03 -4.817397e-04
         vertex 2.392174e-02 5.009436e-03 7.015595e-05
         vertex 6.153993e-02 4.854125e-03 -9.789577e-05
      endloop
   endfacet
   facet normal 4.108921e-03 9.999267e-01 1.139266e-02
      outer loop
         vertex 2.291654e-02 5.008736e-03 2.620801e-04
         vertex 2.214024e-02 5.009236e-03 4.982084e-04
         vertex 6.153993e-02 4.854125e-03 -9.789577e-05
      endloop
   endfacet
   facet normal 4.103298e-03 9.999269e-01 1.137418e-02
      outer loop
         vertex -1.570676e-02 5.163136e-03 6.220530e-04
         vertex 2.214024e-02 5.009236e-03 4.982084e-04
         vertex 2.291654e-02 5.008736e-03 2.620801e-04
      endloop
   endfacet
   facet normal 4.242740e-03 9.996564e-01 2.586679e-02
      outer loop
         vertex 6.153993e-02 4.854125e-03 -9.789577e-05
         vertex 2.392174e-02 5.009436e-03 7.015595e-05
         vertex 2.291654e-02 5.008736e-03 2.620801e-04
      endloop
   endfacet
   facet normal 4.237013e-03 9.996572e-01 2.583680e-02
      outer loop
         vertex 2.291654e-02 5.008736e-03 2.620801e-04
         vertex 2.392174e-02 5.009436e-03 7.015595e-05
         vertex -1.570676e-02 5.163136e-03 6.220530e-04
      endloop
   endfacet
   facet normal 2.550916e-02 9.158614e-02 9.954704e-01
      outer loop
         vertex -9.771758e-02 2.231541e-03 7.540382e-03
         vertex -9.771025e-02 1.508442e-03 7.606722e-03
         vertex -6.227345e-02 1.639241e-03 6.686612e-03
      endloop
   endfacet
   facet normal 2.595521e-02 2.313083e-04 9.996631e-01
      outer loop
         vertex -9.770396e-02 8.028301e-04 7.606722e-03
         vertex -6.227345e-02 1.639241e-03 6.686612e-03
         vertex -9.771025e-02 1.508442e-03 7.606722e-03
      endloop
   endfacet
   facet normal -9.998786e-01 -8.910741e-03 1.278177e-02
      outer loop
         vertex -9.771025e-02 1.508442e-03 7.606722e-03
         vertex -9.780547e-02 5.481836e-03 2.928107e-03
         vertex -9.770396e-02 8.028301e-04 7.606722e-03
      endloop
   endfacet
   facet normal -9.998786e-01 -8.913857e-03 1.277912e-02
      outer loop
         vertex -9.780547e-02 5.481836e-03 2.928107e-03
         vertex -9.771025e-02 1.508442e-03 7.606722e-03
         vertex -9.779646e-02 5.481936e-03 3.632972e-03
      endloop
   endfacet
   facet normal 4.262459e-03 9.999909e-01 -1.965079e-04
      outer loop
         vertex -6.235356e-02 5.330735e-03 2.994766e-03
         vertex -9.780547e-02 5.481836e-03 2.928107e-03
         vertex -9.779646e-02 5.481936e-03 3.632972e-03
      endloop
   endfacet
   facet normal -9.998788e-01 -8.965946e-03 1.272704e-02
      outer loop
         vertex -9.778666e-02 5.415726e-03 4.356053e-03
         vertex -9.779646e-02 5.481936e-03 3.632972e-03
         vertex -9.771025e-02 1.508442e-03 7.606722e-03
      endloop
   endfacet
   facet normal 5.888698e-03 9.958239e-01 9.110432e-02
      outer loop
         vertex -9.778666e-02 5.415726e-03 4.356053e-03
         vertex -6.235356e-02 5.330735e-03 2.994766e-03
         vertex -9.779646e-02 5.481936e-03 3.632972e-03
      endloop
   endfacet
   facet normal 1.018554e-02 9.549717e-01 2.965220e-01
      outer loop
         vertex -9.777526e-02 5.203036e-03 5.095702e-03
         vertex -5.973106e-02 5.046935e-03 4.291615e-03
         vertex -6.068397e-02 5.147235e-03 4.001324e-03
      endloop
   endfacet
   facet normal 6.378451e-03 9.945641e-01 1.039308e-01
      outer loop
         vertex -6.068965e-02 5.253526e-03 3.631503e-03
         vertex -6.235356e-02 5.330735e-03 2.994766e-03
         vertex -9.778666e-02 5.415726e-03 4.356053e-03
      endloop
   endfacet
   facet normal 9.595310e-03 9.610501e-01 2.762075e-01
      outer loop
         vertex -9.777526e-02 5.203036e-03 5.095702e-03
         vertex -6.068397e-02 5.147235e-03 4.001324e-03
         vertex -9.778666e-02 5.415726e-03 4.356053e-03
      endloop
   endfacet
   facet normal 1.018552e-02 9.549717e-01 2.965221e-01
      outer loop
         vertex -6.068397e-02 5.147235e-03 4.001324e-03
         vertex -5.973106e-02 5.046935e-03 4.291615e-03
         vertex -2.359276e-02 5.091436e-03 2.906950e-03
      endloop
   endfacet
   facet normal 6.375669e-03 9.945633e-01 1.039380e-01
      outer loop
         vertex -2.359276e-02 5.091436e-03 2.906950e-03
         vertex -6.235356e-02 5.330735e-03 2.994766e-03
         vertex -6.068965e-02 5.253526e-03 3.631503e-03
      endloop
   endfacet
   facet normal 9.594351e-03 9.610870e-01 2.760793e-01
      outer loop
         vertex -6.068397e-02 5.147235e-03 4.001324e-03
         vertex -6.068965e-02 5.253526e-03 3.631503e-03
         vertex -9.778666e-02 5.415726e-03 4.356053e-03
      endloop
   endfacet
   facet normal 9.591555e-03 9.610870e-01 2.760794e-01
      outer loop
         vertex -2.359276e-02 5.091436e-03 2.906950e-03
         vertex -6.068965e-02 5.253526e-03 3.631503e-03
         vertex -6.068397e-02 5.147235e-03 4.001324e-03
      endloop
   endfacet
   facet normal 1.744692e-02 7.600171e-01 6.496688e-01
      outer loop
         vertex 5.754995e-02 4.136345e-03 2.501677e-03
         vertex 5.781039e-03 4.288736e-03 3.713662e-03
         vertex 5.782137e-03 4.244235e-03 3.765692e-03
      endloop
   endfacet
   facet normal 1.758512e-02 7.547487e-01 6.557783e-01
      outer loop
         vertex 5.854136e-03 4.183846e-03 3.833264e-03
         vertex 5.754995e-02 4.136345e-03 2.501677e-03
         vertex 5.782137e-03 4.244235e-03 3.765692e-03
      endloop
   endfacet
   facet normal 1.744707e-02 7.600171e-01 6.496688e-01
      outer loop
         vertex 5.782137e-03 4.244235e-03 3.765692e-03
         vertex 5.781039e-03 4.288736e-03 3.713662e-03
         vertex -4.598765e-02 4.441136e-03 4.925642e-03
      endloop
   endfacet
   facet normal 1.758368e-02 7.547480e-01 6.557792e-01
      outer loop
         vertex 5.854136e-03 4.183846e-03 3.833264e-03
         vertex 5.782137e-03 4.244235e-03 3.765692e-03
         vertex -4.594957e-02 4.321845e-03 5.063473e-03
      endloop
   endfacet
   facet normal 1.745578e-02 7.596276e-01 6.501240e-01
      outer loop
         vertex 5.782137e-03 4.244235e-03 3.765692e-03
         vertex -4.598765e-02 4.441136e-03 4.925642e-03
         vertex -4.598555e-02 4.352036e-03 5.029692e-03
      endloop
   endfacet
   facet normal 1.758552e-02 7.547317e-01 6.557979e-01
      outer loop
         vertex -4.594957e-02 4.321845e-03 5.063473e-03
         vertex -4.598555e-02 4.352036e-03 5.029692e-03
         vertex -9.775338e-02 4.459936e-03 6.293693e-03
      endloop
   endfacet
   facet normal 1.758415e-02 7.547310e-01 6.557987e-01
      outer loop
         vertex 5.782137e-03 4.244235e-03 3.765692e-03
         vertex -4.598555e-02 4.352036e-03 5.029692e-03
         vertex -4.594957e-02 4.321845e-03 5.063473e-03
      endloop
   endfacet
   facet normal 1.646656e-02 7.975310e-01 6.030531e-01
      outer loop
         vertex 5.781039e-03 4.288736e-03 3.713662e-03
         vertex 5.712514e-02 4.303246e-03 2.292505e-03
         vertex 5.497935e-03 4.400026e-03 3.574213e-03
      endloop
   endfacet
   facet normal 1.612876e-02 8.082357e-01 5.886382e-01
      outer loop
         vertex 5.712514e-02 4.303246e-03 2.292505e-03
         vertex 5.495737e-03 4.480226e-03 3.464153e-03
         vertex 5.497935e-03 4.400026e-03 3.574213e-03
      endloop
   endfacet
   facet normal 1.613234e-02 8.082357e-01 5.886381e-01
      outer loop
         vertex 5.497935e-03 4.400026e-03 3.574213e-03
         vertex 5.495737e-03 4.480226e-03 3.464153e-03
         vertex -4.613346e-02 4.657425e-03 4.635808e-03
      endloop
   endfacet
   facet normal 1.614454e-02 8.077098e-01 5.893591e-01
      outer loop
         vertex 5.497935e-03 4.400026e-03 3.574213e-03
         vertex -4.613346e-02 4.657425e-03 4.635808e-03
         vertex -4.612926e-02 4.496736e-03 4.855916e-03
      endloop
   endfacet
   facet normal 1.372518e-02 8.817903e-01 4.714420e-01
      outer loop
         vertex -2.168687e-02 4.890826e-03 3.487535e-03
         vertex -4.613346e-02 4.657425e-03 4.635808e-03
         vertex 5.495737e-03 4.480226e-03 3.464153e-03
      endloop
   endfacet
   facet normal 1.336070e-02 8.880024e-01 4.596446e-01
      outer loop
         vertex -9.776287e-02 4.834436e-03 5.807452e-03
         vertex -5.972487e-02 4.862536e-03 4.647497e-03
         vertex -9.777526e-02 5.203036e-03 5.095702e-03
      endloop
   endfacet
   facet normal 1.614375e-02 8.077099e-01 5.893591e-01
      outer loop
         vertex -4.612926e-02 4.496736e-03 4.855916e-03
         vertex -4.613346e-02 4.657425e-03 4.635808e-03
         vertex -9.776287e-02 4.834436e-03 5.807452e-03
      endloop
   endfacet
   facet normal 1.371422e-02 8.819030e-01 4.712315e-01
      outer loop
         vertex -5.972487e-02 4.862536e-03 4.647497e-03
         vertex -4.613346e-02 4.657425e-03 4.635808e-03
         vertex -2.168687e-02 4.890826e-03 3.487535e-03
      endloop
   endfacet
   facet normal 1.371504e-02 8.819636e-01 4.711179e-01
      outer loop
         vertex -9.776287e-02 4.834436e-03 5.807452e-03
         vertex -4.613346e-02 4.657425e-03 4.635808e-03
         vertex -5.972487e-02 4.862536e-03 4.647497e-03
      endloop
   endfacet
   facet normal 9.998318e-01 5.278496e-03 -1.756188e-02
      outer loop
         vertex 1.572161e-01 3.261436e-03 6.462754e-04
         vertex 1.572070e-01 3.747926e-03 2.733062e-04
         vertex 1.572074e-01 3.730736e-03 2.910450e-04
      endloop
   endfacet
   facet normal 1.843924e-02 7.182176e-01 6.955742e-01
      outer loop
         vertex 1.572070e-01 3.747926e-03 2.733062e-04
         vertex 1.074462e-01 3.873236e-03 1.463045e-03
         vertex 1.572074e-01 3.730736e-03 2.910450e-04
      endloop
   endfacet
   facet normal 1.846163e-02 7.171719e-01 6.966518e-01
      outer loop
         vertex 1.572074e-01 3.730736e-03 2.910450e-04
         vertex 1.074462e-01 3.873236e-03 1.463045e-03
         vertex 1.074514e-01 3.840646e-03 1.496457e-03
      endloop
   endfacet
   facet normal 1.845972e-02 7.171717e-01 6.966520e-01
      outer loop
         vertex 1.074514e-01 3.840646e-03 1.496457e-03
         vertex 1.074462e-01 3.873236e-03 1.463045e-03
         vertex 5.769524e-02 3.950425e-03 2.701872e-03
      endloop
   endfacet
   facet normal 1.807173e-02 7.343106e-01 6.785731e-01
      outer loop
         vertex -9.775176e-02 4.390146e-03 6.369172e-03
         vertex -4.594857e-02 4.275335e-03 5.113792e-03
         vertex -9.775338e-02 4.459936e-03 6.293693e-03
      endloop
   endfacet
   facet normal 1.850821e-02 7.151508e-01 6.987251e-01
      outer loop
         vertex 5.769524e-02 3.950425e-03 2.701872e-03
         vertex 1.074462e-01 3.873236e-03 1.463045e-03
         vertex 5.768544e-02 3.998636e-03 2.652788e-03
      endloop
   endfacet
   facet normal 1.815059e-02 7.310061e-01 6.821295e-01
      outer loop
         vertex -4.593934e-02 4.259635e-03 5.130372e-03
         vertex -4.594857e-02 4.275335e-03 5.113792e-03
         vertex -9.775176e-02 4.390146e-03 6.369172e-03
      endloop
   endfacet
   facet normal 1.848386e-02 7.161692e-01 6.976819e-01
      outer loop
         vertex -9.775017e-02 4.318336e-03 6.442843e-03
         vertex -4.593837e-02 4.211846e-03 5.179492e-03
         vertex -9.775176e-02 4.390146e-03 6.369172e-03
      endloop
   endfacet
   facet normal 1.857486e-02 7.121807e-01 7.017504e-01
      outer loop
         vertex -4.593495e-02 4.195636e-03 5.195852e-03
         vertex -4.593837e-02 4.211846e-03 5.179492e-03
         vertex -9.775017e-02 4.318336e-03 6.442843e-03
      endloop
   endfacet
   facet normal 1.850794e-02 7.151508e-01 6.987251e-01
      outer loop
         vertex 5.880038e-03 4.073035e-03 3.948869e-03
         vertex 5.769524e-02 3.950425e-03 2.701872e-03
         vertex 5.768544e-02 3.998636e-03 2.652788e-03
      endloop
   endfacet
   facet normal 1.849732e-02 7.156172e-01 6.982477e-01
      outer loop
         vertex 5.880038e-03 4.073035e-03 3.948869e-03
         vertex 5.873538e-03 4.105135e-03 3.916143e-03
         vertex -4.593495e-02 4.195636e-03 5.195852e-03
      endloop
   endfacet
   facet normal 1.847101e-02 7.168070e-01 6.970269e-01
      outer loop
         vertex -4.593837e-02 4.211846e-03 5.179492e-03
         vertex -4.593934e-02 4.259635e-03 5.130372e-03
         vertex -9.775176e-02 4.390146e-03 6.369172e-03
      endloop
   endfacet
   facet normal 1.857783e-02 7.121810e-01 7.017500e-01
      outer loop
         vertex 5.873538e-03 4.105135e-03 3.916143e-03
         vertex -4.593837e-02 4.211846e-03 5.179492e-03
         vertex -4.593495e-02 4.195636e-03 5.195852e-03
      endloop
   endfacet
   facet normal 1.849666e-02 7.156171e-01 6.982478e-01
      outer loop
         vertex 5.880038e-03 4.073035e-03 3.948869e-03
         vertex 5.768544e-02 3.998636e-03 2.652788e-03
         vertex 5.873538e-03 4.105135e-03 3.916143e-03
      endloop
   endfacet
   facet normal 1.847219e-02 7.168070e-01 6.970269e-01
      outer loop
         vertex 5.873538e-03 4.105135e-03 3.916143e-03
         vertex -4.593934e-02 4.259635e-03 5.130372e-03
         vertex -4.593837e-02 4.211846e-03 5.179492e-03
      endloop
   endfacet
   facet normal 1.850590e-02 7.152141e-01 6.986604e-01
      outer loop
         vertex 5.768544e-02 3.998636e-03 2.652788e-03
         vertex 5.873034e-03 4.129136e-03 3.891587e-03
         vertex 5.873538e-03 4.105135e-03 3.916143e-03
      endloop
   endfacet
   facet normal 1.850572e-02 7.152141e-01 6.986604e-01
      outer loop
         vertex 5.873538e-03 4.105135e-03 3.916143e-03
         vertex 5.873034e-03 4.129136e-03 3.891587e-03
         vertex -4.593934e-02 4.259635e-03 5.130372e-03
      endloop
   endfacet
   facet normal 9.998041e-01 1.974894e-02 1.313625e-03
      outer loop
         vertex 1.572067e-01 3.763336e-03 2.571271e-04
         vertex 1.572070e-01 3.747926e-03 2.733062e-04
         vertex 1.572161e-01 3.261436e-03 6.462754e-04
      endloop
   endfacet
   facet normal 9.997963e-01 3.290094e-03 -1.991380e-02
      outer loop
         vertex 1.572067e-01 3.763336e-03 2.571271e-04
         vertex 1.572161e-01 3.261436e-03 6.462754e-04
         vertex 1.572063e-01 3.780426e-03 2.390030e-04
      endloop
   endfacet
   facet normal 9.998775e-01 9.962337e-03 -1.207235e-02
      outer loop
         vertex 1.572034e-01 3.900536e-03 1.000470e-04
         vertex 1.572048e-01 3.843036e-03 1.686090e-04
         vertex 1.571934e-01 4.216835e-03 -4.670650e-04
      endloop
   endfacet
   facet normal 9.998796e-01 9.236557e-03 -1.246881e-02
      outer loop
         vertex 1.572211e-01 2.940826e-03 8.090780e-04
         vertex 1.571934e-01 4.216835e-03 -4.670650e-04
         vertex 1.572161e-01 3.261436e-03 6.462754e-04
      endloop
   endfacet
   facet normal 9.998722e-01 8.101527e-03 -1.378439e-02
      outer loop
         vertex 1.572161e-01 3.261436e-03 6.462754e-04
         vertex 1.572056e-01 3.810646e-03 2.059630e-04
         vertex 1.572063e-01 3.780426e-03 2.390030e-04
      endloop
   endfacet
   facet normal 9.998794e-01 9.124168e-03 -1.256526e-02
      outer loop
         vertex 1.571934e-01 4.216835e-03 -4.670650e-04
         vertex 1.572048e-01 3.843036e-03 1.686090e-04
         vertex 1.572161e-01 3.261436e-03 6.462754e-04
      endloop
   endfacet
   facet normal 1.798602e-02 7.379660e-01 6.745982e-01
      outer loop
         vertex 1.572056e-01 3.810646e-03 2.059630e-04
         vertex 1.074317e-01 3.928135e-03 1.404500e-03
         vertex 1.572063e-01 3.780426e-03 2.390030e-04
      endloop
   endfacet
   facet normal 9.998633e-01 7.232119e-03 -1.486861e-02
      outer loop
         vertex 1.572048e-01 3.843036e-03 1.686090e-04
         vertex 1.572056e-01 3.810646e-03 2.059630e-04
         vertex 1.572161e-01 3.261436e-03 6.462754e-04
      endloop
   endfacet
   facet normal 1.758380e-02 7.543738e-01 6.562095e-01
      outer loop
         vertex 1.074317e-01 3.928135e-03 1.404500e-03
         vertex 1.572048e-01 3.843036e-03 1.686090e-04
         vertex 1.073773e-01 3.989736e-03 1.335142e-03
      endloop
   endfacet
   facet normal 1.755122e-02 7.555861e-01 6.548142e-01
      outer loop
         vertex 1.572056e-01 3.810646e-03 2.059630e-04
         vertex 1.572048e-01 3.843036e-03 1.686090e-04
         vertex 1.074317e-01 3.928135e-03 1.404500e-03
      endloop
   endfacet
   facet normal 9.998782e-01 8.839144e-03 -1.286615e-02
      outer loop
         vertex 1.572211e-01 2.940826e-03 8.090780e-04
         vertex 1.571820e-01 4.429236e-03 -1.207035e-03
         vertex 1.571934e-01 4.216835e-03 -4.670650e-04
      endloop
   endfacet
   facet normal 6.670504e-03 9.907372e-01 1.356296e-01
      outer loop
         vertex 1.571837e-01 4.413025e-03 -1.088708e-03
         vertex 1.571820e-01 4.429236e-03 -1.207035e-03
         vertex 1.348495e-01 4.538136e-03 -9.041707e-04
      endloop
   endfacet
   facet normal 9.998858e-01 6.990233e-03 -1.339698e-02
      outer loop
         vertex 1.571837e-01 4.413025e-03 -1.088708e-03
         vertex 1.571934e-01 4.216835e-03 -4.670650e-04
         vertex 1.571820e-01 4.429236e-03 -1.207035e-03
      endloop
   endfacet
   facet normal 6.667316e-03 9.907953e-01 1.352043e-01
      outer loop
         vertex 1.571837e-01 4.413025e-03 -1.088708e-03
         vertex 1.348495e-01 4.538136e-03 -9.041707e-04
         vertex 1.571855e-01 4.395235e-03 -9.584281e-04
      endloop
   endfacet
   facet normal 9.998734e-01 9.857063e-03 -1.249202e-02
      outer loop
         vertex 1.571837e-01 4.413025e-03 -1.088708e-03
         vertex 1.571855e-01 4.395235e-03 -9.584281e-04
         vertex 1.571934e-01 4.216835e-03 -4.670650e-04
      endloop
   endfacet
   facet normal 9.998787e-01 8.966890e-03 -1.273479e-02
      outer loop
         vertex 1.572312e-01 2.135441e-03 1.039925e-03
         vertex 1.572334e-01 1.917836e-03 1.059859e-03
         vertex 1.571820e-01 4.429236e-03 -1.207035e-03
      endloop
   endfacet
   facet normal 9.998787e-01 8.955841e-03 -1.274607e-02
      outer loop
         vertex 1.572312e-01 2.135441e-03 1.039925e-03
         vertex 1.571820e-01 4.429236e-03 -1.207035e-03
         vertex 1.572291e-01 2.319035e-03 1.005273e-03
      endloop
   endfacet
   facet normal 2.433327e-02 1.856788e-01 9.823092e-01
      outer loop
         vertex 1.572312e-01 2.135441e-03 1.039925e-03
         vertex 1.572291e-01 2.319035e-03 1.005273e-03
         vertex 1.349059e-01 2.018834e-03 1.614997e-03
      endloop
   endfacet
   facet normal 2.563374e-02 7.005598e-02 9.972137e-01
      outer loop
         vertex 5.957904e-02 1.625141e-03 3.555329e-03
         vertex 4.959584e-02 2.052235e-03 3.781947e-03
         vertex 1.134364e-02 1.911031e-03 4.775154e-03
      endloop
   endfacet
   facet normal 2.520662e-02 1.368941e-01 9.902649e-01
      outer loop
         vertex 1.572291e-01 2.319035e-03 1.005273e-03
         vertex 1.572277e-01 2.449437e-03 9.872821e-04
         vertex 1.349059e-01 2.018834e-03 1.614997e-03
      endloop
   endfacet
   facet normal 2.563404e-02 7.006309e-02 9.972131e-01
      outer loop
         vertex 4.959584e-02 2.052235e-03 3.781947e-03
         vertex 5.957904e-02 1.625141e-03 3.555329e-03
         vertex 8.886094e-02 2.197132e-03 2.762431e-03
      endloop
   endfacet
   facet normal 2.520796e-02 1.368364e-01 9.902729e-01
      outer loop
         vertex 1.349059e-01 2.018834e-03 1.614997e-03
         vertex 1.572277e-01 2.449437e-03 9.872821e-04
         vertex 1.291806e-01 2.346028e-03 1.715528e-03
      endloop
   endfacet
   facet normal 2.516254e-02 9.177292e-02 9.954620e-01
      outer loop
         vertex 5.957904e-02 1.625141e-03 3.555329e-03
         vertex 9.724244e-02 1.821843e-03 2.585168e-03
         vertex 8.886094e-02 2.197132e-03 2.762431e-03
      endloop
   endfacet
   facet normal 2.520730e-02 1.368244e-01 9.902745e-01
      outer loop
         vertex 1.349059e-01 2.018834e-03 1.614997e-03
         vertex 1.291806e-01 2.346028e-03 1.715528e-03
         vertex 8.886094e-02 2.197132e-03 2.762431e-03
      endloop
   endfacet
   facet normal 2.516494e-02 9.145611e-02 9.954911e-01
      outer loop
         vertex 5.957904e-02 1.625141e-03 3.555329e-03
         vertex 9.800155e-02 1.676533e-03 2.579328e-03
         vertex 9.724244e-02 1.821843e-03 2.585168e-03
      endloop
   endfacet
   facet normal 2.516210e-02 9.176272e-02 9.954629e-01
      outer loop
         vertex 8.886094e-02 2.197132e-03 2.762431e-03
         vertex 9.724244e-02 1.821843e-03 2.585168e-03
         vertex 1.349059e-01 2.018834e-03 1.614997e-03
      endloop
   endfacet
   facet normal 2.516445e-02 9.145353e-02 9.954913e-01
      outer loop
         vertex 9.800155e-02 1.676533e-03 2.579328e-03
         vertex 1.349059e-01 2.018834e-03 1.614997e-03
         vertex 9.724244e-02 1.821843e-03 2.585168e-03
      endloop
   endfacet
   facet normal 2.531815e-02 1.211056e-01 9.923167e-01
      outer loop
         vertex 4.959584e-02 2.052235e-03 3.781947e-03
         vertex 1.303084e-02 2.222234e-03 4.694126e-03
         vertex 1.134364e-02 1.911031e-03 4.775154e-03
      endloop
   endfacet
   facet normal 2.547679e-02 4.687908e-02 9.985756e-01
      outer loop
         vertex 2.144264e-02 1.226429e-03 4.547026e-03
         vertex 5.957904e-02 1.625141e-03 3.555329e-03
         vertex 2.042883e-02 1.420430e-03 4.563784e-03
      endloop
   endfacet
   facet normal 2.531806e-02 1.211061e-01 9.923166e-01
      outer loop
         vertex 1.134364e-02 1.911031e-03 4.775154e-03
         vertex 1.303084e-02 2.222234e-03 4.694126e-03
         vertex -2.353416e-02 2.392231e-03 5.606302e-03
      endloop
   endfacet
   facet normal 2.550759e-02 4.204538e-02 9.987900e-01
      outer loop
         vertex 1.134364e-02 1.911031e-03 4.775154e-03
         vertex 2.042883e-02 1.420430e-03 4.563784e-03
         vertex 5.957904e-02 1.625141e-03 3.555329e-03
      endloop
   endfacet
   facet normal 2.547684e-02 4.687931e-02 9.985756e-01
      outer loop
         vertex -1.872105e-02 1.215733e-03 5.572232e-03
         vertex 2.144264e-02 1.226429e-03 4.547026e-03
         vertex 2.042883e-02 1.420430e-03 4.563784e-03
      endloop
   endfacet
   facet normal 2.531818e-02 1.211170e-01 9.923153e-01
      outer loop
         vertex -2.353416e-02 2.392231e-03 5.606302e-03
         vertex -2.593376e-02 1.773442e-03 5.743052e-03
         vertex 1.134364e-02 1.911031e-03 4.775154e-03
      endloop
   endfacet
   facet normal 2.550763e-02 4.204612e-02 9.987900e-01
      outer loop
         vertex -1.872105e-02 1.215733e-03 5.572232e-03
         vertex 2.042883e-02 1.420430e-03 4.563784e-03
         vertex 1.134364e-02 1.911031e-03 4.775154e-03
      endloop
   endfacet
   facet normal 2.531817e-02 1.211171e-01 9.923153e-01
      outer loop
         vertex -2.593376e-02 1.773442e-03 5.743052e-03
         vertex -2.353416e-02 2.392231e-03 5.606302e-03
         vertex -6.227345e-02 1.639241e-03 6.686612e-03
      endloop
   endfacet
   facet normal 2.584193e-02 2.814121e-02 9.992699e-01
      outer loop
         vertex -1.872105e-02 1.215733e-03 5.572232e-03
         vertex 1.134364e-02 1.911031e-03 4.775154e-03
         vertex -2.593376e-02 1.773442e-03 5.743052e-03
      endloop
   endfacet
   facet normal 2.584209e-02 2.814339e-02 9.992698e-01
      outer loop
         vertex -1.872105e-02 1.215733e-03 5.572232e-03
         vertex -2.593376e-02 1.773442e-03 5.743052e-03
         vertex -6.227345e-02 1.639241e-03 6.686612e-03
      endloop
   endfacet
   facet normal 2.568844e-02 1.146216e-02 9.996043e-01
      outer loop
         vertex -6.227345e-02 1.639241e-03 6.686612e-03
         vertex -5.821245e-02 1.009342e-03 6.589473e-03
         vertex -1.872105e-02 1.215733e-03 5.572232e-03
      endloop
   endfacet
   facet normal 2.574882e-02 2.263729e-04 9.996684e-01
      outer loop
         vertex -1.872105e-02 1.215733e-03 5.572232e-03
         vertex -5.821245e-02 1.009342e-03 6.589473e-03
         vertex -5.820977e-02 7.038306e-04 6.589473e-03
      endloop
   endfacet
   facet normal 2.568854e-02 1.146281e-02 9.996043e-01
      outer loop
         vertex -9.770396e-02 8.028301e-04 7.606722e-03
         vertex -5.821245e-02 1.009342e-03 6.589473e-03
         vertex -6.227345e-02 1.639241e-03 6.686612e-03
      endloop
   endfacet
   facet normal 2.574895e-02 2.263741e-04 9.996684e-01
      outer loop
         vertex -5.820977e-02 7.038306e-04 6.589473e-03
         vertex -5.821245e-02 1.009342e-03 6.589473e-03
         vertex -9.770396e-02 8.028301e-04 7.606722e-03
      endloop
   endfacet
   facet normal 2.569379e-02 1.044880e-01 9.941942e-01
      outer loop
         vertex -2.353416e-02 2.392231e-03 5.606302e-03
         vertex -6.062586e-02 2.311940e-03 6.573332e-03
         vertex -6.227345e-02 1.639241e-03 6.686612e-03
      endloop
   endfacet
   facet normal 2.423694e-02 2.976873e-01 9.543557e-01
      outer loop
         vertex -5.968175e-02 2.622731e-03 6.452412e-03
         vertex -6.062586e-02 2.311940e-03 6.573332e-03
         vertex -2.353416e-02 2.392231e-03 5.606302e-03
      endloop
   endfacet
   facet normal 2.569401e-02 1.044875e-01 9.941942e-01
      outer loop
         vertex -6.227345e-02 1.639241e-03 6.686612e-03
         vertex -6.062586e-02 2.311940e-03 6.573332e-03
         vertex -9.771758e-02 2.231541e-03 7.540382e-03
      endloop
   endfacet
   facet normal 2.423656e-02 2.976884e-01 9.543554e-01
      outer loop
         vertex -9.771758e-02 2.231541e-03 7.540382e-03
         vertex -6.062586e-02 2.311940e-03 6.573332e-03
         vertex -5.968175e-02 2.622731e-03 6.452412e-03
      endloop
   endfacet
   facet normal 2.463563e-02 2.765150e-01 9.606938e-01
      outer loop
         vertex -9.771758e-02 2.231541e-03 7.540382e-03
         vertex -5.968175e-02 2.622731e-03 6.452412e-03
         vertex -9.772685e-02 2.971246e-03 7.327712e-03
      endloop
   endfacet
   facet normal -9.998837e-01 -8.997302e-03 1.231739e-02
      outer loop
         vertex -9.771758e-02 2.231541e-03 7.540382e-03
         vertex -9.772685e-02 2.971246e-03 7.327712e-03
         vertex -9.771025e-02 1.508442e-03 7.606722e-03
      endloop
   endfacet
   facet normal -9.998784e-01 -8.905177e-03 1.280008e-02
      outer loop
         vertex -9.778666e-02 5.415726e-03 4.356053e-03
         vertex -9.771025e-02 1.508442e-03 7.606722e-03
         vertex -9.772685e-02 2.971246e-03 7.327712e-03
      endloop
   endfacet
   facet normal -9.998785e-01 -8.949478e-03 1.276364e-02
      outer loop
         vertex -9.772685e-02 2.971246e-03 7.327712e-03
         vertex -9.775338e-02 4.459936e-03 6.293693e-03
         vertex -9.778666e-02 5.415726e-03 4.356053e-03
      endloop
   endfacet
   facet normal -9.998795e-01 -8.546127e-03 1.296262e-02
      outer loop
         vertex -9.778666e-02 5.415726e-03 4.356053e-03
         vertex -9.775338e-02 4.459936e-03 6.293693e-03
         vertex -9.777526e-02 5.203036e-03 5.095702e-03
      endloop
   endfacet
   facet normal 1.646617e-02 7.975307e-01 6.030536e-01
      outer loop
         vertex 5.781039e-03 4.288736e-03 3.713662e-03
         vertex 5.497935e-03 4.400026e-03 3.574213e-03
         vertex -4.598765e-02 4.441136e-03 4.925642e-03
      endloop
   endfacet
   facet normal -9.998795e-01 -8.373507e-03 1.306969e-02
      outer loop
         vertex -9.776287e-02 4.834436e-03 5.807452e-03
         vertex -9.777526e-02 5.203036e-03 5.095702e-03
         vertex -9.775338e-02 4.459936e-03 6.293693e-03
      endloop
   endfacet
   facet normal 1.745429e-02 7.597372e-01 6.499960e-01
      outer loop
         vertex -9.775338e-02 4.459936e-03 6.293693e-03
         vertex -4.598555e-02 4.352036e-03 5.029692e-03
         vertex -9.775655e-02 4.593536e-03 6.137622e-03
      endloop
   endfacet
   facet normal 1.645795e-02 7.977731e-01 6.027331e-01
      outer loop
         vertex 5.497935e-03 4.400026e-03 3.574213e-03
         vertex -4.612926e-02 4.496736e-03 4.855916e-03
         vertex -4.598765e-02 4.441136e-03 4.925642e-03
      endloop
   endfacet
   facet normal 1.745652e-02 7.596276e-01 6.501239e-01
      outer loop
         vertex -4.598555e-02 4.352036e-03 5.029692e-03
         vertex -4.598765e-02 4.441136e-03 4.925642e-03
         vertex -9.775655e-02 4.593536e-03 6.137622e-03
      endloop
   endfacet
   facet normal -9.998804e-01 -9.498071e-03 1.220358e-02
      outer loop
         vertex -9.775655e-02 4.593536e-03 6.137622e-03
         vertex -9.776287e-02 4.834436e-03 5.807452e-03
         vertex -9.775338e-02 4.459936e-03 6.293693e-03
      endloop
   endfacet
   facet normal 1.645929e-02 7.977744e-01 6.027314e-01
      outer loop
         vertex -4.598765e-02 4.441136e-03 4.925642e-03
         vertex -4.612926e-02 4.496736e-03 4.855916e-03
         vertex -9.775655e-02 4.593536e-03 6.137622e-03
      endloop
   endfacet
   facet normal 1.614069e-02 8.078730e-01 5.891355e-01
      outer loop
         vertex -9.775655e-02 4.593536e-03 6.137622e-03
         vertex -4.612926e-02 4.496736e-03 4.855916e-03
         vertex -9.776287e-02 4.834436e-03 5.807452e-03
      endloop
   endfacet
   facet normal 1.861135e-02 7.105117e-01 7.034392e-01
      outer loop
         vertex 1.572074e-01 3.730736e-03 2.910450e-04
         vertex 1.074514e-01 3.840646e-03 1.496457e-03
         vertex 1.572077e-01 3.714936e-03 3.069962e-04
      endloop
   endfacet
   facet normal 1.872320e-02 7.052921e-01 7.086695e-01
      outer loop
         vertex 1.572077e-01 3.714936e-03 3.069962e-04
         vertex 1.074514e-01 3.840646e-03 1.496457e-03
         vertex 1.074516e-01 3.832626e-03 1.504434e-03
      endloop
   endfacet
   facet normal 9.956626e-01 7.512538e-02 5.488362e-02
      outer loop
         vertex 1.572081e-01 3.697135e-03 3.243331e-04
         vertex 1.572074e-01 3.730736e-03 2.910450e-04
         vertex 1.572077e-01 3.714936e-03 3.069962e-04
      endloop
   endfacet
   facet normal 9.998899e-01 1.122786e-02 -9.703509e-03
      outer loop
         vertex 1.572081e-01 3.697135e-03 3.243331e-04
         vertex 1.572161e-01 3.261436e-03 6.462754e-04
         vertex 1.572074e-01 3.730736e-03 2.910450e-04
      endloop
   endfacet
   facet normal 1.872465e-02 7.052921e-01 7.086695e-01
      outer loop
         vertex 1.074516e-01 3.832626e-03 1.504434e-03
         vertex 1.074514e-01 3.840646e-03 1.496457e-03
         vertex 5.769524e-02 3.950425e-03 2.701872e-03
      endloop
   endfacet
   facet normal 1.888284e-02 6.978049e-01 7.160390e-01
      outer loop
         vertex 1.572077e-01 3.714936e-03 3.069962e-04
         vertex 1.074516e-01 3.832626e-03 1.504434e-03
         vertex 1.572081e-01 3.697135e-03 3.243331e-04
      endloop
   endfacet
   facet normal 9.998895e-01 1.105031e-02 -9.943779e-03
      outer loop
         vertex 1.572081e-01 3.697135e-03 3.243331e-04
         vertex 1.572088e-01 3.663136e-03 3.569740e-04
         vertex 1.572161e-01 3.261436e-03 6.462754e-04
      endloop
   endfacet
   facet normal 1.883411e-02 7.001770e-01 7.137208e-01
      outer loop
         vertex 1.074478e-01 3.799226e-03 1.537300e-03
         vertex 1.074516e-01 3.832626e-03 1.504434e-03
         vertex 5.769524e-02 3.950425e-03 2.701872e-03
      endloop
   endfacet
   facet normal 1.918058e-02 6.835746e-01 7.296286e-01
      outer loop
         vertex 1.572088e-01 3.663136e-03 3.569740e-04
         vertex 1.074480e-01 3.791146e-03 1.545163e-03
         vertex 1.074354e-01 3.757036e-03 1.577451e-03
      endloop
   endfacet
   facet normal 1.883432e-02 7.001770e-01 7.137209e-01
      outer loop
         vertex 1.572081e-01 3.697135e-03 3.243331e-04
         vertex 1.074516e-01 3.832626e-03 1.504434e-03
         vertex 1.074478e-01 3.799226e-03 1.537300e-03
      endloop
   endfacet
   facet normal 9.688795e-01 -1.607528e-01 -1.882315e-01
      outer loop
         vertex 1.572081e-01 3.697135e-03 3.243331e-04
         vertex 1.572085e-01 3.681236e-03 3.400591e-04
         vertex 1.572088e-01 3.663136e-03 3.569740e-04
      endloop
   endfacet
   facet normal 1.885711e-02 6.990196e-01 7.148538e-01
      outer loop
         vertex 5.768753e-02 3.901145e-03 2.750264e-03
         vertex 1.074478e-01 3.799226e-03 1.537300e-03
         vertex 5.769524e-02 3.950425e-03 2.701872e-03
      endloop
   endfacet
   facet normal 1.918126e-02 6.835745e-01 7.296287e-01
      outer loop
         vertex 1.074354e-01 3.757036e-03 1.577451e-03
         vertex 1.074480e-01 3.791146e-03 1.545163e-03
         vertex 5.768753e-02 3.901145e-03 2.750264e-03
      endloop
   endfacet
   facet normal 1.919548e-02 6.828205e-01 7.303340e-01
      outer loop
         vertex 1.572085e-01 3.681236e-03 3.400591e-04
         vertex 1.074480e-01 3.791146e-03 1.545163e-03
         vertex 1.572088e-01 3.663136e-03 3.569740e-04
      endloop
   endfacet
   facet normal 1.876482e-02 7.033429e-01 7.106030e-01
      outer loop
         vertex 1.572081e-01 3.697135e-03 3.243331e-04
         vertex 1.074478e-01 3.799226e-03 1.537300e-03
         vertex 1.572085e-01 3.681236e-03 3.400591e-04
      endloop
   endfacet
   facet normal 1.888970e-02 6.975195e-01 7.163168e-01
      outer loop
         vertex 1.074480e-01 3.791146e-03 1.545163e-03
         vertex 1.074478e-01 3.799226e-03 1.537300e-03
         vertex 5.768753e-02 3.901145e-03 2.750264e-03
      endloop
   endfacet
   facet normal 1.888848e-02 6.975195e-01 7.163168e-01
      outer loop
         vertex 1.572085e-01 3.681236e-03 3.400591e-04
         vertex 1.074478e-01 3.799226e-03 1.537300e-03
         vertex 1.074480e-01 3.791146e-03 1.545163e-03
      endloop
   endfacet
   facet normal -9.998237e-01 -1.843242e-02 3.570885e-03
      outer loop
         vertex -9.774856e-02 4.244545e-03 6.514632e-03
         vertex -9.775017e-02 4.318336e-03 6.442843e-03
         vertex -9.775176e-02 4.390146e-03 6.369172e-03
      endloop
   endfacet
   facet normal 1.887907e-02 6.980717e-01 7.157790e-01
      outer loop
         vertex -4.593397e-02 4.146535e-03 5.243712e-03
         vertex -4.593495e-02 4.195636e-03 5.195852e-03
         vertex -9.775017e-02 4.318336e-03 6.442843e-03
      endloop
   endfacet
   facet normal 1.889222e-02 6.973831e-01 7.164495e-01
      outer loop
         vertex 5.880640e-03 4.048435e-03 3.972798e-03
         vertex 5.880038e-03 4.073035e-03 3.948869e-03
         vertex -4.593495e-02 4.195636e-03 5.195852e-03
      endloop
   endfacet
   facet normal -9.998753e-01 -8.630923e-03 1.322218e-02
      outer loop
         vertex -9.775338e-02 4.459936e-03 6.293693e-03
         vertex -9.772685e-02 2.971246e-03 7.327712e-03
         vertex -9.773787e-02 3.682946e-03 6.958982e-03
      endloop
   endfacet
   facet normal -9.998693e-01 -7.922419e-03 1.409202e-02
      outer loop
         vertex -9.775176e-02 4.390146e-03 6.369172e-03
         vertex -9.775338e-02 4.459936e-03 6.293693e-03
         vertex -9.774856e-02 4.244545e-03 6.514632e-03
      endloop
   endfacet
   facet normal 1.889245e-02 6.973831e-01 7.164495e-01
      outer loop
         vertex 5.769524e-02 3.950425e-03 2.701872e-03
         vertex 5.880038e-03 4.073035e-03 3.948869e-03
         vertex 5.880640e-03 4.048435e-03 3.972798e-03
      endloop
   endfacet
   facet normal 1.889178e-02 6.974102e-01 7.164232e-01
      outer loop
         vertex -9.774856e-02 4.244545e-03 6.514632e-03
         vertex -4.593397e-02 4.146535e-03 5.243712e-03
         vertex -9.775017e-02 4.318336e-03 6.442843e-03
      endloop
   endfacet
   facet normal 1.887835e-02 6.980717e-01 7.157790e-01
      outer loop
         vertex 5.880640e-03 4.048435e-03 3.972798e-03
         vertex -4.593495e-02 4.195636e-03 5.195852e-03
         vertex -4.593397e-02 4.146535e-03 5.243712e-03
      endloop
   endfacet
   facet normal 2.090606e-02 5.896146e-01 8.074141e-01
      outer loop
         vertex -4.597645e-02 3.924536e-03 5.442323e-03
         vertex -9.774397e-02 4.013146e-03 6.718012e-03
         vertex -9.773787e-02 3.682946e-03 6.958982e-03
      endloop
   endfacet
   facet normal -9.998823e-01 -9.967268e-03 1.166163e-02
      outer loop
         vertex -9.773787e-02 3.682946e-03 6.958982e-03
         vertex -9.774397e-02 4.013146e-03 6.718012e-03
         vertex -9.775338e-02 4.459936e-03 6.293693e-03
      endloop
   endfacet
   facet normal -9.996735e-01 3.580404e-03 2.530166e-02
      outer loop
         vertex -9.775338e-02 4.459936e-03 6.293693e-03
         vertex -9.774706e-02 4.169135e-03 6.584472e-03
         vertex -9.774856e-02 4.244545e-03 6.514632e-03
      endloop
   endfacet
   facet normal 1.885641e-02 6.990197e-01 7.148538e-01
      outer loop
         vertex 5.769524e-02 3.950425e-03 2.701872e-03
         vertex 5.880640e-03 4.048435e-03 3.972798e-03
         vertex 5.768753e-02 3.901145e-03 2.750264e-03
      endloop
   endfacet
   facet normal 1.884410e-02 6.995734e-01 7.143123e-01
      outer loop
         vertex -9.774856e-02 4.244545e-03 6.514632e-03
         vertex -4.593656e-02 4.130136e-03 5.259842e-03
         vertex -4.593397e-02 4.146535e-03 5.243712e-03
      endloop
   endfacet
   facet normal 1.884773e-02 6.994597e-01 7.144235e-01
      outer loop
         vertex -4.593397e-02 4.146535e-03 5.243712e-03
         vertex 5.875437e-03 4.015625e-03 4.005058e-03
         vertex 5.880640e-03 4.048435e-03 3.972798e-03
      endloop
   endfacet
   facet normal 1.966503e-02 6.585687e-01 7.522636e-01
      outer loop
         vertex -9.774397e-02 4.013146e-03 6.718012e-03
         vertex -4.597645e-02 3.924536e-03 5.442323e-03
         vertex -4.594186e-02 3.958926e-03 5.411312e-03
      endloop
   endfacet
   facet normal -9.998747e-01 -8.153253e-03 1.357154e-02
      outer loop
         vertex -9.774706e-02 4.169135e-03 6.584472e-03
         vertex -9.775338e-02 4.459936e-03 6.293693e-03
         vertex -9.774397e-02 4.013146e-03 6.718012e-03
      endloop
   endfacet
   facet normal 1.926112e-02 6.795725e-01 7.333555e-01
      outer loop
         vertex -4.593656e-02 4.130136e-03 5.259842e-03
         vertex -9.774856e-02 4.244545e-03 6.514632e-03
         vertex -9.774706e-02 4.169135e-03 6.584472e-03
      endloop
   endfacet
   facet normal 1.884750e-02 6.994597e-01 7.144235e-01
      outer loop
         vertex 5.880640e-03 4.048435e-03 3.972798e-03
         vertex 5.875437e-03 4.015625e-03 4.005058e-03
         vertex 5.768753e-02 3.901145e-03 2.750264e-03
      endloop
   endfacet
   facet normal 1.884536e-02 6.995732e-01 7.143123e-01
      outer loop
         vertex -4.593397e-02 4.146535e-03 5.243712e-03
         vertex -4.593656e-02 4.130136e-03 5.259842e-03
         vertex 5.875437e-03 4.015625e-03 4.005058e-03
      endloop
   endfacet
   facet normal 1.985012e-02 6.496536e-01 7.599712e-01
      outer loop
         vertex -4.594395e-02 4.063126e-03 5.322292e-03
         vertex -9.774397e-02 4.013146e-03 6.718012e-03
         vertex -4.594186e-02 3.958926e-03 5.411312e-03
      endloop
   endfacet
   facet normal 1.983165e-02 6.504229e-01 7.593133e-01
      outer loop
         vertex -4.594395e-02 4.063126e-03 5.322292e-03
         vertex -9.774706e-02 4.169135e-03 6.584472e-03
         vertex -9.774397e-02 4.013146e-03 6.718012e-03
      endloop
   endfacet
   facet normal 1.926554e-02 6.793796e-01 7.335340e-01
      outer loop
         vertex -4.593656e-02 4.130136e-03 5.259842e-03
         vertex -9.774706e-02 4.169135e-03 6.584472e-03
         vertex -4.593556e-02 4.079835e-03 5.306402e-03
      endloop
   endfacet
   facet normal 1.918744e-02 6.832522e-01 7.299303e-01
      outer loop
         vertex 5.766214e-02 3.850946e-03 2.797921e-03
         vertex 1.074354e-01 3.757036e-03 1.577451e-03
         vertex 5.768753e-02 3.901145e-03 2.750264e-03
      endloop
   endfacet
   facet normal 1.925065e-02 6.801363e-01 7.328328e-01
      outer loop
         vertex 5.875437e-03 4.015625e-03 4.005058e-03
         vertex 5.876040e-03 3.990525e-03 4.028338e-03
         vertex 5.768753e-02 3.901145e-03 2.750264e-03
      endloop
   endfacet
   facet normal 1.926624e-02 6.793796e-01 7.335340e-01
      outer loop
         vertex -4.593656e-02 4.130136e-03 5.259842e-03
         vertex -4.593556e-02 4.079835e-03 5.306402e-03
         vertex 5.875437e-03 4.015625e-03 4.005058e-03
      endloop
   endfacet
   facet normal 1.984723e-02 6.496536e-01 7.599712e-01
      outer loop
         vertex -4.594395e-02 4.063126e-03 5.322292e-03
         vertex -4.594186e-02 3.958926e-03 5.411312e-03
         vertex 5.859034e-03 3.957035e-03 4.060108e-03
      endloop
   endfacet
   facet normal 1.916917e-02 6.839145e-01 7.293103e-01
      outer loop
         vertex -9.774706e-02 4.169135e-03 6.584472e-03
         vertex -4.594395e-02 4.063126e-03 5.322292e-03
         vertex -4.593556e-02 4.079835e-03 5.306402e-03
      endloop
   endfacet
   facet normal 1.918441e-02 6.832531e-01 7.299296e-01
      outer loop
         vertex 5.768753e-02 3.901145e-03 2.750264e-03
         vertex 5.876040e-03 3.990525e-03 4.028338e-03
         vertex 5.766214e-02 3.850946e-03 2.797921e-03
      endloop
   endfacet
   facet normal 1.924957e-02 6.801363e-01 7.328329e-01
      outer loop
         vertex -4.593556e-02 4.079835e-03 5.306402e-03
         vertex 5.876040e-03 3.990525e-03 4.028338e-03
         vertex 5.875437e-03 4.015625e-03 4.005058e-03
      endloop
   endfacet
   facet normal 1.917034e-02 6.839142e-01 7.293106e-01
      outer loop
         vertex -4.593556e-02 4.079835e-03 5.306402e-03
         vertex -4.594395e-02 4.063126e-03 5.322292e-03
         vertex 5.859034e-03 3.957035e-03 4.060108e-03
      endloop
   endfacet
   facet normal 1.918999e-02 6.829673e-01 7.301969e-01
      outer loop
         vertex 5.876040e-03 3.990525e-03 4.028338e-03
         vertex 5.859034e-03 3.957035e-03 4.060108e-03
         vertex 5.766214e-02 3.850946e-03 2.797921e-03
      endloop
   endfacet
   facet normal 1.918942e-02 6.829674e-01 7.301967e-01
      outer loop
         vertex -4.593556e-02 4.079835e-03 5.306402e-03
         vertex 5.859034e-03 3.957035e-03 4.060108e-03
         vertex 5.876040e-03 3.990525e-03 4.028338e-03
      endloop
   endfacet
   facet normal 9.998895e-01 9.966043e-03 -1.103253e-02
      outer loop
         vertex 1.572211e-01 2.940826e-03 8.090780e-04
         vertex 1.572161e-01 3.261436e-03 6.462754e-04
         vertex 1.572187e-01 3.114846e-03 7.488440e-04
      endloop
   endfacet
   facet normal 2.419100e-02 3.272954e-01 9.446124e-01
      outer loop
         vertex 1.572187e-01 3.114846e-03 7.488440e-04
         vertex 1.063650e-01 3.086135e-03 2.061127e-03
         vertex 1.572211e-01 2.940826e-03 8.090780e-04
      endloop
   endfacet
   facet normal 2.418968e-02 3.275278e-01 9.445318e-01
      outer loop
         vertex 1.572211e-01 2.940826e-03 8.090780e-04
         vertex 1.063650e-01 3.086135e-03 2.061127e-03
         vertex 1.050770e-01 2.749440e-03 2.210866e-03
      endloop
   endfacet
   facet normal 9.998781e-01 8.798409e-03 -1.289623e-02
      outer loop
         vertex 1.572211e-01 2.940826e-03 8.090780e-04
         vertex 1.572291e-01 2.319035e-03 1.005273e-03
         vertex 1.571820e-01 4.429236e-03 -1.207035e-03
      endloop
   endfacet
   facet normal 2.278141e-02 4.240956e-01 9.053308e-01
      outer loop
         vertex 1.050794e-01 2.589833e-03 2.285572e-03
         vertex 1.572211e-01 2.940826e-03 8.090780e-04
         vertex 1.050770e-01 2.749440e-03 2.210866e-03
      endloop
   endfacet
   facet normal 2.536237e-02 1.627461e-01 9.863420e-01
      outer loop
         vertex 5.293283e-02 2.558141e-03 3.612667e-03
         vertex 1.469934e-02 2.475132e-03 4.609483e-03
         vertex 4.959584e-02 2.052235e-03 3.781947e-03
      endloop
   endfacet
   facet normal 2.277888e-02 4.242220e-01 9.052717e-01
      outer loop
         vertex 1.572258e-01 2.621739e-03 9.584883e-04
         vertex 1.572211e-01 2.940826e-03 8.090780e-04
         vertex 1.050794e-01 2.589833e-03 2.285572e-03
      endloop
   endfacet
   facet normal 9.998869e-01 9.087304e-03 -1.198100e-02
      outer loop
         vertex 1.572211e-01 2.940826e-03 8.090780e-04
         vertex 1.572277e-01 2.449437e-03 9.872821e-04
         vertex 1.572291e-01 2.319035e-03 1.005273e-03
      endloop
   endfacet
   facet normal 2.278229e-02 4.240956e-01 9.053308e-01
      outer loop
         vertex 5.293283e-02 2.558141e-03 3.612667e-03
         vertex 1.050794e-01 2.589833e-03 2.285572e-03
         vertex 1.050770e-01 2.749440e-03 2.210866e-03
      endloop
   endfacet
   facet normal 2.499141e-02 1.650671e-01 9.859657e-01
      outer loop
         vertex 5.293283e-02 2.558141e-03 3.612667e-03
         vertex 4.959584e-02 2.052235e-03 3.781947e-03
         vertex 8.886094e-02 2.197132e-03 2.762431e-03
      endloop
   endfacet
   facet normal 2.498985e-02 1.653131e-01 9.859245e-01
      outer loop
         vertex 1.050800e-01 2.531834e-03 2.295282e-03
         vertex 1.572258e-01 2.621739e-03 9.584883e-04
         vertex 1.050794e-01 2.589833e-03 2.285572e-03
      endloop
   endfacet
   facet normal 9.998882e-01 9.182135e-03 -1.180266e-02
      outer loop
         vertex 1.572211e-01 2.940826e-03 8.090780e-04
         vertex 1.572258e-01 2.621739e-03 9.584883e-04
         vertex 1.572271e-01 2.505528e-03 9.779070e-04
      endloop
   endfacet
   facet normal 9.998775e-01 8.718059e-03 -1.299883e-02
      outer loop
         vertex 1.572211e-01 2.940826e-03 8.090780e-04
         vertex 1.572271e-01 2.505528e-03 9.779070e-04
         vertex 1.572277e-01 2.449437e-03 9.872821e-04
      endloop
   endfacet
   facet normal 2.499061e-02 1.653131e-01 9.859245e-01
      outer loop
         vertex 5.293283e-02 2.558141e-03 3.612667e-03
         vertex 1.050800e-01 2.531834e-03 2.295282e-03
         vertex 1.050794e-01 2.589833e-03 2.285572e-03
      endloop
   endfacet
   facet normal 2.499144e-02 1.650718e-01 9.859649e-01
      outer loop
         vertex 5.293283e-02 2.558141e-03 3.612667e-03
         vertex 8.886094e-02 2.197132e-03 2.762431e-03
         vertex 9.105653e-02 2.452031e-03 2.664103e-03
      endloop
   endfacet
   facet normal 2.499153e-02 1.650331e-01 9.859714e-01
      outer loop
         vertex 1.572271e-01 2.505528e-03 9.779070e-04
         vertex 1.572258e-01 2.621739e-03 9.584883e-04
         vertex 1.050800e-01 2.531834e-03 2.295282e-03
      endloop
   endfacet
   facet normal 2.499203e-02 1.650677e-01 9.859655e-01
      outer loop
         vertex 1.572277e-01 2.449437e-03 9.872821e-04
         vertex 1.572271e-01 2.505528e-03 9.779070e-04
         vertex 1.291806e-01 2.346028e-03 1.715528e-03
      endloop
   endfacet
   facet normal 2.499139e-02 1.651038e-01 9.859595e-01
      outer loop
         vertex 9.105653e-02 2.452031e-03 2.664103e-03
         vertex 1.050800e-01 2.531834e-03 2.295282e-03
         vertex 5.293283e-02 2.558141e-03 3.612667e-03
      endloop
   endfacet
   facet normal 2.499106e-02 1.650748e-01 9.859644e-01
      outer loop
         vertex 9.105653e-02 2.452031e-03 2.664103e-03
         vertex 8.886094e-02 2.197132e-03 2.762431e-03
         vertex 1.291806e-01 2.346028e-03 1.715528e-03
      endloop
   endfacet
   facet normal 2.499103e-02 1.651663e-01 9.859491e-01
      outer loop
         vertex 1.291806e-01 2.346028e-03 1.715528e-03
         vertex 1.572271e-01 2.505528e-03 9.779070e-04
         vertex 1.050800e-01 2.531834e-03 2.295282e-03
      endloop
   endfacet
   facet normal 2.499096e-02 1.651465e-01 9.859524e-01
      outer loop
         vertex 9.105653e-02 2.452031e-03 2.664103e-03
         vertex 1.291806e-01 2.346028e-03 1.715528e-03
         vertex 1.050800e-01 2.531834e-03 2.295282e-03
      endloop
   endfacet
   facet normal 1.971236e-02 6.567789e-01 7.538255e-01
      outer loop
         vertex 1.572099e-01 3.609536e-03 4.049600e-04
         vertex 1.074356e-01 3.748826e-03 1.585188e-03
         vertex 1.073841e-01 3.678336e-03 1.647950e-03
      endloop
   endfacet
   facet normal 1.972467e-02 6.560886e-01 7.544261e-01
      outer loop
         vertex 1.572092e-01 3.646936e-03 3.724531e-04
         vertex 1.074356e-01 3.748826e-03 1.585188e-03
         vertex 1.572099e-01 3.609536e-03 4.049600e-04
      endloop
   endfacet
   facet normal 1.931035e-02 6.760022e-01 7.366465e-01
      outer loop
         vertex 1.572099e-01 3.609536e-03 4.049600e-04
         vertex 1.073841e-01 3.678336e-03 1.647950e-03
         vertex 1.572106e-01 3.576546e-03 4.352153e-04
      endloop
   endfacet
   facet normal 9.965985e-01 -4.263503e-02 -7.052446e-02
      outer loop
         vertex 1.572092e-01 3.646936e-03 3.724531e-04
         vertex 1.572099e-01 3.609536e-03 4.049600e-04
         vertex 1.572088e-01 3.663136e-03 3.569740e-04
      endloop
   endfacet
   facet normal 2.080985e-02 5.734574e-01 8.189711e-01
      outer loop
         vertex 1.572187e-01 3.114846e-03 7.488440e-04
         vertex 1.063636e-01 3.159426e-03 2.009843e-03
         vertex 1.063650e-01 3.086135e-03 2.061127e-03
      endloop
   endfacet
   facet normal 1.931611e-02 6.757179e-01 7.369072e-01
      outer loop
         vertex 1.572106e-01 3.576546e-03 4.352153e-04
         vertex 1.073841e-01 3.678336e-03 1.647950e-03
         vertex 1.073844e-01 3.661836e-03 1.663072e-03
      endloop
   endfacet
   facet normal 9.998669e-01 8.398475e-03 -1.398761e-02
      outer loop
         vertex 1.572099e-01 3.609536e-03 4.049600e-04
         vertex 1.572106e-01 3.576546e-03 4.352153e-04
         vertex 1.572121e-01 3.498036e-03 4.945930e-04
      endloop
   endfacet
   facet normal 9.998730e-01 8.509692e-03 -1.347106e-02
      outer loop
         vertex 1.572088e-01 3.663136e-03 3.569740e-04
         vertex 1.572099e-01 3.609536e-03 4.049600e-04
         vertex 1.572161e-01 3.261436e-03 6.462754e-04
      endloop
   endfacet
   facet normal 2.081102e-02 5.734574e-01 8.189710e-01
      outer loop
         vertex 1.063650e-01 3.086135e-03 2.061127e-03
         vertex 1.063636e-01 3.159426e-03 2.009843e-03
         vertex 5.551123e-02 3.057526e-03 3.373415e-03
      endloop
   endfacet
   facet normal 2.081049e-02 5.734184e-01 8.189983e-01
      outer loop
         vertex 1.572161e-01 3.261436e-03 6.462754e-04
         vertex 1.063636e-01 3.159426e-03 2.009843e-03
         vertex 1.572187e-01 3.114846e-03 7.488440e-04
      endloop
   endfacet
   facet normal 2.067850e-02 6.033339e-01 7.972205e-01
      outer loop
         vertex 1.572106e-01 3.576546e-03 4.352153e-04
         vertex 1.073844e-01 3.661836e-03 1.663072e-03
         vertex 1.572121e-01 3.498036e-03 4.945930e-04
      endloop
   endfacet
   facet normal 9.998466e-01 6.603982e-03 -1.621939e-02
      outer loop
         vertex 1.572161e-01 3.261436e-03 6.462754e-04
         vertex 1.572099e-01 3.609536e-03 4.049600e-04
         vertex 1.572121e-01 3.498036e-03 4.945930e-04
      endloop
   endfacet
   facet normal 2.239598e-02 4.893582e-01 8.717953e-01
      outer loop
         vertex 5.551123e-02 3.057526e-03 3.373415e-03
         vertex 1.063636e-01 3.159426e-03 2.009843e-03
         vertex 5.714194e-02 3.528936e-03 3.066910e-03
      endloop
   endfacet
   facet normal 2.239463e-02 4.893695e-01 8.717890e-01
      outer loop
         vertex 1.572161e-01 3.261436e-03 6.462754e-04
         vertex 1.071777e-01 3.479036e-03 1.809521e-03
         vertex 1.063636e-01 3.159426e-03 2.009843e-03
      endloop
   endfacet
   facet normal 2.068268e-02 6.030441e-01 7.974397e-01
      outer loop
         vertex 1.572121e-01 3.498036e-03 4.945930e-04
         vertex 1.073844e-01 3.661836e-03 1.663072e-03
         vertex 1.071770e-01 3.513335e-03 1.780751e-03
      endloop
   endfacet
   facet normal 9.998868e-01 9.545776e-03 -1.163173e-02
      outer loop
         vertex 1.572134e-01 3.429236e-03 5.521344e-04
         vertex 1.572161e-01 3.261436e-03 6.462754e-04
         vertex 1.572121e-01 3.498036e-03 4.945930e-04
      endloop
   endfacet
   facet normal 2.239594e-02 4.893670e-01 8.717903e-01
      outer loop
         vertex 1.063636e-01 3.159426e-03 2.009843e-03
         vertex 1.071777e-01 3.479036e-03 1.809521e-03
         vertex 5.714194e-02 3.528936e-03 3.066910e-03
      endloop
   endfacet
   facet normal 2.239403e-02 4.894385e-01 8.717502e-01
      outer loop
         vertex 1.572134e-01 3.429236e-03 5.521344e-04
         vertex 1.071777e-01 3.479036e-03 1.809521e-03
         vertex 1.572161e-01 3.261436e-03 6.462754e-04
      endloop
   endfacet
   facet normal 1.990529e-02 6.416518e-01 7.667378e-01
      outer loop
         vertex 1.572121e-01 3.498036e-03 4.945930e-04
         vertex 1.071770e-01 3.513335e-03 1.780751e-03
         vertex 1.572134e-01 3.429236e-03 5.521344e-04
      endloop
   endfacet
   facet normal 1.988572e-02 6.427560e-01 7.658128e-01
      outer loop
         vertex 1.071777e-01 3.479036e-03 1.809521e-03
         vertex 1.071770e-01 3.513335e-03 1.780751e-03
         vertex 5.714194e-02 3.528936e-03 3.066910e-03
      endloop
   endfacet
   facet normal 1.988444e-02 6.427560e-01 7.658129e-01
      outer loop
         vertex 1.572134e-01 3.429236e-03 5.521344e-04
         vertex 1.071770e-01 3.513335e-03 1.780751e-03
         vertex 1.071777e-01 3.479036e-03 1.809521e-03
      endloop
   endfacet
   facet normal 2.536272e-02 1.627890e-01 9.863349e-01
      outer loop
         vertex 4.959584e-02 2.052235e-03 3.781947e-03
         vertex 1.469934e-02 2.475132e-03 4.609483e-03
         vertex 1.303084e-02 2.222234e-03 4.694126e-03
      endloop
   endfacet
   facet normal 2.536263e-02 1.627895e-01 9.863348e-01
      outer loop
         vertex 1.303084e-02 2.222234e-03 4.694126e-03
         vertex 1.469934e-02 2.475132e-03 4.609483e-03
         vertex -2.353416e-02 2.392231e-03 5.606302e-03
      endloop
   endfacet
   facet normal 1.985953e-02 6.489971e-01 7.605317e-01
      outer loop
         vertex 5.859034e-03 3.957035e-03 4.060108e-03
         vertex 5.860140e-03 3.904836e-03 4.104624e-03
         vertex 5.766214e-02 3.850946e-03 2.797921e-03
      endloop
   endfacet
   facet normal 1.986182e-02 6.489971e-01 7.605316e-01
      outer loop
         vertex -4.594186e-02 3.958926e-03 5.411312e-03
         vertex 5.860140e-03 3.904836e-03 4.104624e-03
         vertex 5.859034e-03 3.957035e-03 4.060108e-03
      endloop
   endfacet
   facet normal 2.423778e-02 2.975511e-01 9.543982e-01
      outer loop
         vertex -2.353416e-02 2.392231e-03 5.606302e-03
         vertex 1.469934e-02 2.475132e-03 4.609483e-03
         vertex -2.164605e-02 3.014136e-03 5.364462e-03
      endloop
   endfacet
   facet normal 1.970303e-02 6.565608e-01 7.540157e-01
      outer loop
         vertex 5.766214e-02 3.850946e-03 2.797921e-03
         vertex 5.860140e-03 3.904836e-03 4.104624e-03
         vertex 5.755834e-02 3.747246e-03 2.890930e-03
      endloop
   endfacet
   facet normal 1.969063e-02 6.572643e-01 7.534029e-01
      outer loop
         vertex -4.594186e-02 3.958926e-03 5.411312e-03
         vertex 5.790934e-03 3.835836e-03 4.166628e-03
         vertex 5.860140e-03 3.904836e-03 4.104624e-03
      endloop
   endfacet
   facet normal 2.463551e-02 2.764694e-01 9.607069e-01
      outer loop
         vertex -5.968175e-02 2.622731e-03 6.452412e-03
         vertex -5.968644e-02 2.992636e-03 6.346082e-03
         vertex -9.772685e-02 2.971246e-03 7.327712e-03
      endloop
   endfacet
   facet normal 2.423706e-02 2.975531e-01 9.543976e-01
      outer loop
         vertex -2.164605e-02 3.014136e-03 5.364462e-03
         vertex -5.968175e-02 2.622731e-03 6.452412e-03
         vertex -2.353416e-02 2.392231e-03 5.606302e-03
      endloop
   endfacet
   facet normal 1.969079e-02 6.572642e-01 7.534030e-01
      outer loop
         vertex 5.860140e-03 3.904836e-03 4.104624e-03
         vertex 5.790934e-03 3.835836e-03 4.166628e-03
         vertex 5.755834e-02 3.747246e-03 2.890930e-03
      endloop
   endfacet
   facet normal 1.966634e-02 6.585680e-01 7.522642e-01
      outer loop
         vertex -4.594186e-02 3.958926e-03 5.411312e-03
         vertex -4.597645e-02 3.924536e-03 5.442323e-03
         vertex 5.790934e-03 3.835836e-03 4.166628e-03
      endloop
   endfacet
   facet normal 2.264472e-02 4.601328e-01 8.875613e-01
      outer loop
         vertex -5.968644e-02 2.992636e-03 6.346082e-03
         vertex -5.969197e-02 3.348525e-03 6.161722e-03
         vertex -9.772685e-02 2.971246e-03 7.327712e-03
      endloop
   endfacet
   facet normal 2.463449e-02 2.764694e-01 9.607069e-01
      outer loop
         vertex -2.164605e-02 3.014136e-03 5.364462e-03
         vertex -5.968644e-02 2.992636e-03 6.346082e-03
         vertex -5.968175e-02 2.622731e-03 6.452412e-03
      endloop
   endfacet
   facet normal 2.090835e-02 5.894710e-01 8.075189e-01
      outer loop
         vertex 5.790934e-03 3.835836e-03 4.166628e-03
         vertex 5.792941e-03 3.725725e-03 4.246954e-03
         vertex 5.755834e-02 3.747246e-03 2.890930e-03
      endloop
   endfacet
   facet normal 2.264348e-02 4.601809e-01 8.875364e-01
      outer loop
         vertex -9.772685e-02 2.971246e-03 7.327712e-03
         vertex -5.969197e-02 3.348525e-03 6.161722e-03
         vertex -9.773787e-02 3.682946e-03 6.958982e-03
      endloop
   endfacet
   facet normal 2.090914e-02 5.894974e-01 8.074996e-01
      outer loop
         vertex -4.597645e-02 3.924536e-03 5.442323e-03
         vertex -4.597245e-02 3.704336e-03 5.602972e-03
         vertex 5.790934e-03 3.835836e-03 4.166628e-03
      endloop
   endfacet
   facet normal 2.264319e-02 4.601328e-01 8.875613e-01
      outer loop
         vertex -2.164605e-02 3.014136e-03 5.364462e-03
         vertex -5.969197e-02 3.348525e-03 6.161722e-03
         vertex -5.968644e-02 2.992636e-03 6.346082e-03
      endloop
   endfacet
   facet normal 2.090975e-02 5.894710e-01 8.075189e-01
      outer loop
         vertex -4.597245e-02 3.704336e-03 5.602972e-03
         vertex 5.792941e-03 3.725725e-03 4.246954e-03
         vertex 5.790934e-03 3.835836e-03 4.166628e-03
      endloop
   endfacet
   facet normal 2.261711e-02 4.718978e-01 8.813631e-01
      outer loop
         vertex -5.969197e-02 3.348525e-03 6.161722e-03
         vertex -4.611125e-02 3.631646e-03 5.661632e-03
         vertex -9.773787e-02 3.682946e-03 6.958982e-03
      endloop
   endfacet
   facet normal 2.090911e-02 5.894974e-01 8.074996e-01
      outer loop
         vertex -4.597645e-02 3.924536e-03 5.442323e-03
         vertex -9.773787e-02 3.682946e-03 6.958982e-03
         vertex -4.597245e-02 3.704336e-03 5.602972e-03
      endloop
   endfacet
   facet normal 2.261668e-02 4.719083e-01 8.813575e-01
      outer loop
         vertex -5.969197e-02 3.348525e-03 6.161722e-03
         vertex -2.164605e-02 3.014136e-03 5.364462e-03
         vertex -4.611125e-02 3.631646e-03 5.661632e-03
      endloop
   endfacet
   facet normal 2.063236e-02 6.034289e-01 7.971499e-01
      outer loop
         vertex -4.597245e-02 3.704336e-03 5.602972e-03
         vertex 5.515337e-03 3.580236e-03 4.364272e-03
         vertex 5.792941e-03 3.725725e-03 4.246954e-03
      endloop
   endfacet
   facet normal 2.062614e-02 6.037301e-01 7.969219e-01
      outer loop
         vertex -9.773787e-02 3.682946e-03 6.958982e-03
         vertex -4.611125e-02 3.631646e-03 5.661632e-03
         vertex -4.597245e-02 3.704336e-03 5.602972e-03
      endloop
   endfacet
   facet normal 2.261757e-02 4.719559e-01 8.813320e-01
      outer loop
         vertex -2.164605e-02 3.014136e-03 5.364462e-03
         vertex 5.515337e-03 3.580236e-03 4.364272e-03
         vertex -4.611125e-02 3.631646e-03 5.661632e-03
      endloop
   endfacet
   facet normal 2.062763e-02 6.037283e-01 7.969232e-01
      outer loop
         vertex -4.597245e-02 3.704336e-03 5.602972e-03
         vertex -4.611125e-02 3.631646e-03 5.661632e-03
         vertex 5.515337e-03 3.580236e-03 4.364272e-03
      endloop
   endfacet
   facet normal 1.902330e-02 6.909561e-01 7.226464e-01
      outer loop
         vertex 1.572088e-01 3.663136e-03 3.569740e-04
         vertex 1.074354e-01 3.757036e-03 1.577451e-03
         vertex 1.572092e-01 3.646936e-03 3.724531e-04
      endloop
   endfacet
   facet normal 1.912714e-02 6.859550e-01 7.273926e-01
      outer loop
         vertex 1.572092e-01 3.646936e-03 3.724531e-04
         vertex 1.074354e-01 3.757036e-03 1.577451e-03
         vertex 1.074356e-01 3.748826e-03 1.585188e-03
      endloop
   endfacet
   facet normal 1.913031e-02 6.859550e-01 7.273925e-01
      outer loop
         vertex 1.074356e-01 3.748826e-03 1.585188e-03
         vertex 1.074354e-01 3.757036e-03 1.577451e-03
         vertex 5.766214e-02 3.850946e-03 2.797921e-03
      endloop
   endfacet
   facet normal 1.971451e-02 6.567780e-01 7.538262e-01
      outer loop
         vertex 1.073841e-01 3.678336e-03 1.647950e-03
         vertex 1.074356e-01 3.748826e-03 1.585188e-03
         vertex 5.766214e-02 3.850946e-03 2.797921e-03
      endloop
   endfacet
   facet normal 1.971827e-02 6.565521e-01 7.540229e-01
      outer loop
         vertex 5.755834e-02 3.747246e-03 2.890930e-03
         vertex 1.073841e-01 3.678336e-03 1.647950e-03
         vertex 5.766214e-02 3.850946e-03 2.797921e-03
      endloop
   endfacet
   facet normal 2.418947e-02 3.275285e-01 9.445316e-01
      outer loop
         vertex 1.050770e-01 2.749440e-03 2.210866e-03
         vertex 1.063650e-01 3.086135e-03 2.061127e-03
         vertex 5.551123e-02 3.057526e-03 3.373415e-03
      endloop
   endfacet
   facet normal 1.931780e-02 6.757179e-01 7.369071e-01
      outer loop
         vertex 1.073844e-01 3.661836e-03 1.663072e-03
         vertex 1.073841e-01 3.678336e-03 1.647950e-03
         vertex 5.755834e-02 3.747246e-03 2.890930e-03
      endloop
   endfacet
   facet normal 2.423622e-02 2.976133e-01 9.543788e-01
      outer loop
         vertex 1.564334e-02 2.786025e-03 4.488561e-03
         vertex 1.469934e-02 2.475132e-03 4.609483e-03
         vertex 5.293283e-02 2.558141e-03 3.612667e-03
      endloop
   endfacet
   facet normal 2.418931e-02 3.276120e-01 9.445026e-01
      outer loop
         vertex 5.293283e-02 2.558141e-03 3.612667e-03
         vertex 1.050770e-01 2.749440e-03 2.210866e-03
         vertex 5.551123e-02 3.057526e-03 3.373415e-03
      endloop
   endfacet
   facet normal 2.068495e-02 6.030421e-01 7.974411e-01
      outer loop
         vertex 1.071770e-01 3.513335e-03 1.780751e-03
         vertex 1.073844e-01 3.661836e-03 1.663072e-03
         vertex 5.755834e-02 3.747246e-03 2.890930e-03
      endloop
   endfacet
   facet normal 2.418783e-02 3.274831e-01 9.445474e-01
      outer loop
         vertex 5.293283e-02 2.558141e-03 3.612667e-03
         vertex 1.693254e-02 3.035836e-03 4.368936e-03
         vertex 1.564334e-02 2.786025e-03 4.488561e-03
      endloop
   endfacet
   facet normal 2.423825e-02 2.976078e-01 9.543805e-01
      outer loop
         vertex -2.164605e-02 3.014136e-03 5.364462e-03
         vertex 1.469934e-02 2.475132e-03 4.609483e-03
         vertex 1.564334e-02 2.786025e-03 4.488561e-03
      endloop
   endfacet
   facet normal 2.418862e-02 3.276151e-01 9.445016e-01
      outer loop
         vertex 5.551123e-02 3.057526e-03 3.373415e-03
         vertex 1.693254e-02 3.035836e-03 4.368936e-03
         vertex 5.293283e-02 2.558141e-03 3.612667e-03
      endloop
   endfacet
   facet normal 2.068249e-02 6.032442e-01 7.972883e-01
      outer loop
         vertex 5.714194e-02 3.528936e-03 3.066910e-03
         vertex 1.071770e-01 3.513335e-03 1.780751e-03
         vertex 5.755834e-02 3.747246e-03 2.890930e-03
      endloop
   endfacet
   facet normal 2.419006e-02 3.274732e-01 9.445508e-01
      outer loop
         vertex 1.564334e-02 2.786025e-03 4.488561e-03
         vertex 1.693254e-02 3.035836e-03 4.368936e-03
         vertex -2.164605e-02 3.014136e-03 5.364462e-03
      endloop
   endfacet
   facet normal 2.221453e-02 4.898292e-01 8.715353e-01
      outer loop
         vertex 1.774784e-02 3.271535e-03 4.215685e-03
         vertex 1.693254e-02 3.035836e-03 4.368936e-03
         vertex 5.551123e-02 3.057526e-03 3.373415e-03
      endloop
   endfacet
   facet normal 2.063347e-02 6.033029e-01 7.972452e-01
      outer loop
         vertex 5.755834e-02 3.747246e-03 2.890930e-03
         vertex 5.792941e-03 3.725725e-03 4.246954e-03
         vertex 5.714194e-02 3.528936e-03 3.066910e-03
      endloop
   endfacet
   facet normal 2.221456e-02 4.898292e-01 8.715354e-01
      outer loop
         vertex -2.164605e-02 3.014136e-03 5.364462e-03
         vertex 1.693254e-02 3.035836e-03 4.368936e-03
         vertex 1.774784e-02 3.271535e-03 4.215685e-03
      endloop
   endfacet
   facet normal 2.221459e-02 4.898200e-01 8.715405e-01
      outer loop
         vertex 5.714194e-02 3.528936e-03 3.066910e-03
         vertex 1.774784e-02 3.271535e-03 4.215685e-03
         vertex 5.551123e-02 3.057526e-03 3.373415e-03
      endloop
   endfacet
   facet normal 2.063176e-02 6.034296e-01 7.971493e-01
      outer loop
         vertex 5.792941e-03 3.725725e-03 4.246954e-03
         vertex 5.515337e-03 3.580236e-03 4.364272e-03
         vertex 5.714194e-02 3.528936e-03 3.066910e-03
      endloop
   endfacet
   facet normal 2.261637e-02 4.719856e-01 8.813161e-01
      outer loop
         vertex 1.774784e-02 3.271535e-03 4.215685e-03
         vertex 5.515337e-03 3.580236e-03 4.364272e-03
         vertex -2.164605e-02 3.014136e-03 5.364462e-03
      endloop
   endfacet
   facet normal 2.261629e-02 4.719812e-01 8.813185e-01
      outer loop
         vertex 5.714194e-02 3.528936e-03 3.066910e-03
         vertex 5.515337e-03 3.580236e-03 4.364272e-03
         vertex 1.774784e-02 3.271535e-03 4.215685e-03
      endloop
   endfacet
endsolid usdchopro